experiment_id,model_id,method,batch,feature_index,feature_name,importance,importance_std,rank,status
EXP-XAI-0001,MODEL-C2,INTRINSIC_IMPURITY,ALL,0,S1:dR,0.03633364492396007,,2,EXECUTED
EXP-XAI-0001,MODEL-C2,INTRINSIC_IMPURITY,ALL,1,S1:dR_norm,0.035016587696426744,,3,EXECUTED
EXP-XAI-0001,MODEL-C2,INTRINSIC_IMPURITY,ALL,2,S1:EMAi_0.001,0.011296492357123857,,25,EXECUTED
EXP-XAI-0001,MODEL-C2,INTRINSIC_IMPURITY,ALL,3,S1:EMAi_0.01,0.004077470749611743,,71,EXECUTED
EXP-XAI-0001,MODEL-C2,INTRINSIC_IMPURITY,ALL,4,S1:EMAi_0.1,0.004743738966550597,,58,EXECUTED
EXP-XAI-0001,MODEL-C2,INTRINSIC_IMPURITY,ALL,5,S1:EMAd_0.001,0.024102681538235915,,9,EXECUTED
EXP-XAI-0001,MODEL-C2,INTRINSIC_IMPURITY,ALL,6,S1:EMAd_0.01,0.027266272058128767,,7,EXECUTED
EXP-XAI-0001,MODEL-C2,INTRINSIC_IMPURITY,ALL,7,S1:EMAd_0.1,0.019971603403426803,,13,EXECUTED
EXP-XAI-0001,MODEL-C2,INTRINSIC_IMPURITY,ALL,8,S2:dR,0.03971542422682927,,1,EXECUTED
EXP-XAI-0001,MODEL-C2,INTRINSIC_IMPURITY,ALL,9,S2:dR_norm,0.019017898714606137,,17,EXECUTED
EXP-XAI-0001,MODEL-C2,INTRINSIC_IMPURITY,ALL,10,S2:EMAi_0.001,0.008210352214661619,,41,EXECUTED
EXP-XAI-0001,MODEL-C2,INTRINSIC_IMPURITY,ALL,11,S2:EMAi_0.01,0.004032973843200188,,72,EXECUTED
EXP-XAI-0001,MODEL-C2,INTRINSIC_IMPURITY,ALL,12,S2:EMAi_0.1,0.0034356051295386424,,88,EXECUTED
EXP-XAI-0001,MODEL-C2,INTRINSIC_IMPURITY,ALL,13,S2:EMAd_0.001,0.030382261459755956,,5,EXECUTED
EXP-XAI-0001,MODEL-C2,INTRINSIC_IMPURITY,ALL,14,S2:EMAd_0.01,0.02044349784704042,,12,EXECUTED
EXP-XAI-0001,MODEL-C2,INTRINSIC_IMPURITY,ALL,15,S2:EMAd_0.1,0.01167500143564407,,24,EXECUTED
EXP-XAI-0001,MODEL-C2,INTRINSIC_IMPURITY,ALL,16,S3:dR,0.010989265629114708,,27,EXECUTED
EXP-XAI-0001,MODEL-C2,INTRINSIC_IMPURITY,ALL,17,S3:dR_norm,0.009015479461807373,,34,EXECUTED
EXP-XAI-0001,MODEL-C2,INTRINSIC_IMPURITY,ALL,18,S3:EMAi_0.001,0.007732120741428631,,42,EXECUTED
EXP-XAI-0001,MODEL-C2,INTRINSIC_IMPURITY,ALL,19,S3:EMAi_0.01,0.008317766945843557,,40,EXECUTED
EXP-XAI-0001,MODEL-C2,INTRINSIC_IMPURITY,ALL,20,S3:EMAi_0.1,0.004244748210309691,,65,EXECUTED
EXP-XAI-0001,MODEL-C2,INTRINSIC_IMPURITY,ALL,21,S3:EMAd_0.001,0.009527891630902187,,32,EXECUTED
EXP-XAI-0001,MODEL-C2,INTRINSIC_IMPURITY,ALL,22,S3:EMAd_0.01,0.0026229539345756026,,99,EXECUTED
EXP-XAI-0001,MODEL-C2,INTRINSIC_IMPURITY,ALL,23,S3:EMAd_0.1,0.000996267019672287,,122,EXECUTED
EXP-XAI-0001,MODEL-C2,INTRINSIC_IMPURITY,ALL,24,S4:dR,0.01121377783552451,,26,EXECUTED
EXP-XAI-0001,MODEL-C2,INTRINSIC_IMPURITY,ALL,25,S4:dR_norm,0.003935976170557407,,75,EXECUTED
EXP-XAI-0001,MODEL-C2,INTRINSIC_IMPURITY,ALL,26,S4:EMAi_0.001,0.002960076967235666,,94,EXECUTED
EXP-XAI-0001,MODEL-C2,INTRINSIC_IMPURITY,ALL,27,S4:EMAi_0.01,0.006729479909962286,,45,EXECUTED
EXP-XAI-0001,MODEL-C2,INTRINSIC_IMPURITY,ALL,28,S4:EMAi_0.1,0.0037633992446987723,,81,EXECUTED
EXP-XAI-0001,MODEL-C2,INTRINSIC_IMPURITY,ALL,29,S4:EMAd_0.001,0.008337628672125497,,39,EXECUTED
EXP-XAI-0001,MODEL-C2,INTRINSIC_IMPURITY,ALL,30,S4:EMAd_0.01,0.0022022349307462166,,104,EXECUTED
EXP-XAI-0001,MODEL-C2,INTRINSIC_IMPURITY,ALL,31,S4:EMAd_0.1,0.0008413091211286625,,126,EXECUTED
EXP-XAI-0001,MODEL-C2,INTRINSIC_IMPURITY,ALL,32,S5:dR,0.01250629272973086,,23,EXECUTED
EXP-XAI-0001,MODEL-C2,INTRINSIC_IMPURITY,ALL,33,S5:dR_norm,0.005927897308496085,,49,EXECUTED
EXP-XAI-0001,MODEL-C2,INTRINSIC_IMPURITY,ALL,34,S5:EMAi_0.001,0.0020183003515779853,,106,EXECUTED
EXP-XAI-0001,MODEL-C2,INTRINSIC_IMPURITY,ALL,35,S5:EMAi_0.01,0.0037883418613160504,,79,EXECUTED
EXP-XAI-0001,MODEL-C2,INTRINSIC_IMPURITY,ALL,36,S5:EMAi_0.1,0.00477529524881312,,57,EXECUTED
EXP-XAI-0001,MODEL-C2,INTRINSIC_IMPURITY,ALL,37,S5:EMAd_0.001,0.005585275132044927,,50,EXECUTED
EXP-XAI-0001,MODEL-C2,INTRINSIC_IMPURITY,ALL,38,S5:EMAd_0.01,0.003443542091554014,,87,EXECUTED
EXP-XAI-0001,MODEL-C2,INTRINSIC_IMPURITY,ALL,39,S5:EMAd_0.1,0.0028248536720057206,,95,EXECUTED
EXP-XAI-0001,MODEL-C2,INTRINSIC_IMPURITY,ALL,40,S6:dR,0.009695870389561575,,31,EXECUTED
EXP-XAI-0001,MODEL-C2,INTRINSIC_IMPURITY,ALL,41,S6:dR_norm,0.004238196907759532,,67,EXECUTED
EXP-XAI-0001,MODEL-C2,INTRINSIC_IMPURITY,ALL,42,S6:EMAi_0.001,0.0013707758336080286,,118,EXECUTED
EXP-XAI-0001,MODEL-C2,INTRINSIC_IMPURITY,ALL,43,S6:EMAi_0.01,0.003181843071654118,,91,EXECUTED
EXP-XAI-0001,MODEL-C2,INTRINSIC_IMPURITY,ALL,44,S6:EMAi_0.1,0.004281601785820703,,64,EXECUTED
EXP-XAI-0001,MODEL-C2,INTRINSIC_IMPURITY,ALL,45,S6:EMAd_0.001,0.007590728072044119,,43,EXECUTED
EXP-XAI-0001,MODEL-C2,INTRINSIC_IMPURITY,ALL,46,S6:EMAd_0.01,0.0017141437474409269,,114,EXECUTED
EXP-XAI-0001,MODEL-C2,INTRINSIC_IMPURITY,ALL,47,S6:EMAd_0.1,0.0020559335868453577,,105,EXECUTED
EXP-XAI-0001,MODEL-C2,INTRINSIC_IMPURITY,ALL,48,S7:dR,0.0069972961236039796,,44,EXECUTED
EXP-XAI-0001,MODEL-C2,INTRINSIC_IMPURITY,ALL,49,S7:dR_norm,0.01961143590312972,,15,EXECUTED
EXP-XAI-0001,MODEL-C2,INTRINSIC_IMPURITY,ALL,50,S7:EMAi_0.001,0.0017888273749193941,,111,EXECUTED
EXP-XAI-0001,MODEL-C2,INTRINSIC_IMPURITY,ALL,51,S7:EMAi_0.01,0.0031361872481956276,,92,EXECUTED
EXP-XAI-0001,MODEL-C2,INTRINSIC_IMPURITY,ALL,52,S7:EMAi_0.1,0.002753345436283733,,97,EXECUTED
EXP-XAI-0001,MODEL-C2,INTRINSIC_IMPURITY,ALL,53,S7:EMAd_0.001,0.00639143202743892,,47,EXECUTED
EXP-XAI-0001,MODEL-C2,INTRINSIC_IMPURITY,ALL,54,S7:EMAd_0.01,0.006218316421263899,,48,EXECUTED
EXP-XAI-0001,MODEL-C2,INTRINSIC_IMPURITY,ALL,55,S7:EMAd_0.1,0.0014409830708536132,,115,EXECUTED
EXP-XAI-0001,MODEL-C2,INTRINSIC_IMPURITY,ALL,56,S8:dR,0.01052526918677803,,29,EXECUTED
EXP-XAI-0001,MODEL-C2,INTRINSIC_IMPURITY,ALL,57,S8:dR_norm,0.0194074647939436,,16,EXECUTED
EXP-XAI-0001,MODEL-C2,INTRINSIC_IMPURITY,ALL,58,S8:EMAi_0.001,0.0034480536774685057,,86,EXECUTED
EXP-XAI-0001,MODEL-C2,INTRINSIC_IMPURITY,ALL,59,S8:EMAi_0.01,0.002779862841535568,,96,EXECUTED
EXP-XAI-0001,MODEL-C2,INTRINSIC_IMPURITY,ALL,60,S8:EMAi_0.1,0.004380513680411331,,63,EXECUTED
EXP-XAI-0001,MODEL-C2,INTRINSIC_IMPURITY,ALL,61,S8:EMAd_0.001,0.009266898150878354,,33,EXECUTED
EXP-XAI-0001,MODEL-C2,INTRINSIC_IMPURITY,ALL,62,S8:EMAd_0.01,0.005020865410729765,,55,EXECUTED
EXP-XAI-0001,MODEL-C2,INTRINSIC_IMPURITY,ALL,63,S8:EMAd_0.1,0.0008566293035097447,,125,EXECUTED
EXP-XAI-0001,MODEL-C2,INTRINSIC_IMPURITY,ALL,64,S9:dR,0.02204118240562756,,10,EXECUTED
EXP-XAI-0001,MODEL-C2,INTRINSIC_IMPURITY,ALL,65,S9:dR_norm,0.019839596043376182,,14,EXECUTED
EXP-XAI-0001,MODEL-C2,INTRINSIC_IMPURITY,ALL,66,S9:EMAi_0.001,0.004580086644361543,,62,EXECUTED
EXP-XAI-0001,MODEL-C2,INTRINSIC_IMPURITY,ALL,67,S9:EMAi_0.01,0.00508529604807031,,53,EXECUTED
EXP-XAI-0001,MODEL-C2,INTRINSIC_IMPURITY,ALL,68,S9:EMAi_0.1,0.0036372975269086845,,82,EXECUTED
EXP-XAI-0001,MODEL-C2,INTRINSIC_IMPURITY,ALL,69,S9:EMAd_0.001,0.017478162353771337,,18,EXECUTED
EXP-XAI-0001,MODEL-C2,INTRINSIC_IMPURITY,ALL,70,S9:EMAd_0.01,0.014316360584203887,,20,EXECUTED
EXP-XAI-0001,MODEL-C2,INTRINSIC_IMPURITY,ALL,71,S9:EMAd_0.1,0.008703911616748869,,37,EXECUTED
EXP-XAI-0001,MODEL-C2,INTRINSIC_IMPURITY,ALL,72,S10:dR,0.0316282319550713,,4,EXECUTED
EXP-XAI-0001,MODEL-C2,INTRINSIC_IMPURITY,ALL,73,S10:dR_norm,0.029640864609219834,,6,EXECUTED
EXP-XAI-0001,MODEL-C2,INTRINSIC_IMPURITY,ALL,74,S10:EMAi_0.001,0.004583934377622341,,61,EXECUTED
EXP-XAI-0001,MODEL-C2,INTRINSIC_IMPURITY,ALL,75,S10:EMAi_0.01,0.0042383050983313625,,66,EXECUTED
EXP-XAI-0001,MODEL-C2,INTRINSIC_IMPURITY,ALL,76,S10:EMAi_0.1,0.0032461555863840053,,90,EXECUTED
EXP-XAI-0001,MODEL-C2,INTRINSIC_IMPURITY,ALL,77,S10:EMAd_0.001,0.01484981605673552,,19,EXECUTED
EXP-XAI-0001,MODEL-C2,INTRINSIC_IMPURITY,ALL,78,S10:EMAd_0.01,0.026117040237999812,,8,EXECUTED
EXP-XAI-0001,MODEL-C2,INTRINSIC_IMPURITY,ALL,79,S10:EMAd_0.1,0.012859705787945049,,22,EXECUTED
EXP-XAI-0001,MODEL-C2,INTRINSIC_IMPURITY,ALL,80,S11:dR,0.009811519781422081,,30,EXECUTED
EXP-XAI-0001,MODEL-C2,INTRINSIC_IMPURITY,ALL,81,S11:dR_norm,0.005062793011648497,,54,EXECUTED
EXP-XAI-0001,MODEL-C2,INTRINSIC_IMPURITY,ALL,82,S11:EMAi_0.001,0.0038782518204300343,,77,EXECUTED
EXP-XAI-0001,MODEL-C2,INTRINSIC_IMPURITY,ALL,83,S11:EMAi_0.01,0.008461366665393323,,38,EXECUTED
EXP-XAI-0001,MODEL-C2,INTRINSIC_IMPURITY,ALL,84,S11:EMAi_0.1,0.005271053602292859,,51,EXECUTED
EXP-XAI-0001,MODEL-C2,INTRINSIC_IMPURITY,ALL,85,S11:EMAd_0.001,0.010921544276172292,,28,EXECUTED
EXP-XAI-0001,MODEL-C2,INTRINSIC_IMPURITY,ALL,86,S11:EMAd_0.01,0.0042138470726683,,68,EXECUTED
EXP-XAI-0001,MODEL-C2,INTRINSIC_IMPURITY,ALL,87,S11:EMAd_0.1,0.0011363438790709642,,121,EXECUTED
EXP-XAI-0001,MODEL-C2,INTRINSIC_IMPURITY,ALL,88,S12:dR,0.009010975467610352,,35,EXECUTED
EXP-XAI-0001,MODEL-C2,INTRINSIC_IMPURITY,ALL,89,S12:dR_norm,0.0009491969020574017,,124,EXECUTED
EXP-XAI-0001,MODEL-C2,INTRINSIC_IMPURITY,ALL,90,S12:EMAi_0.001,0.0036236470834144674,,83,EXECUTED
EXP-XAI-0001,MODEL-C2,INTRINSIC_IMPURITY,ALL,91,S12:EMAi_0.01,0.0017580288150958751,,113,EXECUTED
EXP-XAI-0001,MODEL-C2,INTRINSIC_IMPURITY,ALL,92,S12:EMAi_0.1,0.0014352030692053857,,117,EXECUTED
EXP-XAI-0001,MODEL-C2,INTRINSIC_IMPURITY,ALL,93,S12:EMAd_0.001,0.002491050497257419,,101,EXECUTED
EXP-XAI-0001,MODEL-C2,INTRINSIC_IMPURITY,ALL,94,S12:EMAd_0.01,0.0009673738868801781,,123,EXECUTED
EXP-XAI-0001,MODEL-C2,INTRINSIC_IMPURITY,ALL,95,S12:EMAd_0.1,0.0006360683253625374,,128,EXECUTED
EXP-XAI-0001,MODEL-C2,INTRINSIC_IMPURITY,ALL,96,S13:dR,0.006700193613244643,,46,EXECUTED
EXP-XAI-0001,MODEL-C2,INTRINSIC_IMPURITY,ALL,97,S13:dR_norm,0.0041128606035142025,,69,EXECUTED
EXP-XAI-0001,MODEL-C2,INTRINSIC_IMPURITY,ALL,98,S13:EMAi_0.001,0.002355262620869156,,102,EXECUTED
EXP-XAI-0001,MODEL-C2,INTRINSIC_IMPURITY,ALL,99,S13:EMAi_0.01,0.004877005723945869,,56,EXECUTED
EXP-XAI-0001,MODEL-C2,INTRINSIC_IMPURITY,ALL,100,S13:EMAi_0.1,0.004660148059117953,,59,EXECUTED
EXP-XAI-0001,MODEL-C2,INTRINSIC_IMPURITY,ALL,101,S13:EMAd_0.001,0.0038943689828972853,,76,EXECUTED
EXP-XAI-0001,MODEL-C2,INTRINSIC_IMPURITY,ALL,102,S13:EMAd_0.01,0.001903151266798807,,107,EXECUTED
EXP-XAI-0001,MODEL-C2,INTRINSIC_IMPURITY,ALL,103,S13:EMAd_0.1,0.0035973414571497564,,84,EXECUTED
EXP-XAI-0001,MODEL-C2,INTRINSIC_IMPURITY,ALL,104,S14:dR,0.0026900306992606294,,98,EXECUTED
EXP-XAI-0001,MODEL-C2,INTRINSIC_IMPURITY,ALL,105,S14:dR_norm,0.002207015843979495,,103,EXECUTED
EXP-XAI-0001,MODEL-C2,INTRINSIC_IMPURITY,ALL,106,S14:EMAi_0.001,0.0031232454835902162,,93,EXECUTED
EXP-XAI-0001,MODEL-C2,INTRINSIC_IMPURITY,ALL,107,S14:EMAi_0.01,0.0038497320222899397,,78,EXECUTED
EXP-XAI-0001,MODEL-C2,INTRINSIC_IMPURITY,ALL,108,S14:EMAi_0.1,0.004004109838609442,,73,EXECUTED
EXP-XAI-0001,MODEL-C2,INTRINSIC_IMPURITY,ALL,109,S14:EMAd_0.001,0.0013261127424504884,,119,EXECUTED
EXP-XAI-0001,MODEL-C2,INTRINSIC_IMPURITY,ALL,110,S14:EMAd_0.01,0.0018911941827052356,,108,EXECUTED
EXP-XAI-0001,MODEL-C2,INTRINSIC_IMPURITY,ALL,111,S14:EMAd_0.1,0.001435689698551885,,116,EXECUTED
EXP-XAI-0001,MODEL-C2,INTRINSIC_IMPURITY,ALL,112,S15:dR,0.009004502744407495,,36,EXECUTED
EXP-XAI-0001,MODEL-C2,INTRINSIC_IMPURITY,ALL,113,S15:dR_norm,0.021312518437144812,,11,EXECUTED
EXP-XAI-0001,MODEL-C2,INTRINSIC_IMPURITY,ALL,114,S15:EMAi_0.001,0.0018820886533570274,,109,EXECUTED
EXP-XAI-0001,MODEL-C2,INTRINSIC_IMPURITY,ALL,115,S15:EMAi_0.01,0.004630501674366658,,60,EXECUTED
EXP-XAI-0001,MODEL-C2,INTRINSIC_IMPURITY,ALL,116,S15:EMAi_0.1,0.0039573446062902235,,74,EXECUTED
EXP-XAI-0001,MODEL-C2,INTRINSIC_IMPURITY,ALL,117,S15:EMAd_0.001,0.005228552394811866,,52,EXECUTED
EXP-XAI-0001,MODEL-C2,INTRINSIC_IMPURITY,ALL,118,S15:EMAd_0.01,0.001826199865016246,,110,EXECUTED
EXP-XAI-0001,MODEL-C2,INTRINSIC_IMPURITY,ALL,119,S15:EMAd_0.1,0.0017709219616562017,,112,EXECUTED
EXP-XAI-0001,MODEL-C2,INTRINSIC_IMPURITY,ALL,120,S16:dR,0.003783449988989388,,80,EXECUTED
EXP-XAI-0001,MODEL-C2,INTRINSIC_IMPURITY,ALL,121,S16:dR_norm,0.013924568329443372,,21,EXECUTED
EXP-XAI-0001,MODEL-C2,INTRINSIC_IMPURITY,ALL,122,S16:EMAi_0.001,0.0012127707269038242,,120,EXECUTED
EXP-XAI-0001,MODEL-C2,INTRINSIC_IMPURITY,ALL,123,S16:EMAi_0.01,0.002543884774161822,,100,EXECUTED
EXP-XAI-0001,MODEL-C2,INTRINSIC_IMPURITY,ALL,124,S16:EMAi_0.1,0.004095052831804372,,70,EXECUTED
EXP-XAI-0001,MODEL-C2,INTRINSIC_IMPURITY,ALL,125,S16:EMAd_0.001,0.0034557751372605748,,85,EXECUTED
EXP-XAI-0001,MODEL-C2,INTRINSIC_IMPURITY,ALL,126,S16:EMAd_0.01,0.0033993606400309732,,89,EXECUTED
EXP-XAI-0001,MODEL-C2,INTRINSIC_IMPURITY,ALL,127,S16:EMAd_0.1,0.0006966778754297924,,127,EXECUTED
EXP-XAI-0001,MODEL-C2,PERMUTATION_IMPORTANCE_MACRO_F1,2,0,S1:dR,0.007285860007321632,0.006561686219285732,8,EXECUTED
EXP-XAI-0001,MODEL-C2,PERMUTATION_IMPORTANCE_MACRO_F1,2,1,S1:dR_norm,-0.008599420362840005,0.010336559224338395,121,EXECUTED
EXP-XAI-0001,MODEL-C2,PERMUTATION_IMPORTANCE_MACRO_F1,2,2,S1:EMAi_0.001,0.0026613434634454427,0.00022689095387538115,21,EXECUTED
EXP-XAI-0001,MODEL-C2,PERMUTATION_IMPORTANCE_MACRO_F1,2,3,S1:EMAi_0.01,-0.0005013746901369798,0.0004068456951464298,85,EXECUTED
EXP-XAI-0001,MODEL-C2,PERMUTATION_IMPORTANCE_MACRO_F1,2,4,S1:EMAi_0.1,0.0020373188002532627,0.0001880410615366675,28,EXECUTED
EXP-XAI-0001,MODEL-C2,PERMUTATION_IMPORTANCE_MACRO_F1,2,5,S1:EMAd_0.001,0.010769034433772395,0.007016299396044885,5,EXECUTED
EXP-XAI-0001,MODEL-C2,PERMUTATION_IMPORTANCE_MACRO_F1,2,6,S1:EMAd_0.01,0.004537956468819182,0.00664471807332992,13,EXECUTED
EXP-XAI-0001,MODEL-C2,PERMUTATION_IMPORTANCE_MACRO_F1,2,7,S1:EMAd_0.1,0.014340487999871842,0.0012197673192526222,1,EXECUTED
EXP-XAI-0001,MODEL-C2,PERMUTATION_IMPORTANCE_MACRO_F1,2,8,S2:dR,-0.00015011312781465502,0.009322229447191308,77,EXECUTED
EXP-XAI-0001,MODEL-C2,PERMUTATION_IMPORTANCE_MACRO_F1,2,9,S2:dR_norm,-0.002860971553738989,0.006047872652021553,116,EXECUTED
EXP-XAI-0001,MODEL-C2,PERMUTATION_IMPORTANCE_MACRO_F1,2,10,S2:EMAi_0.001,-0.0022355335445895406,0.0009308061980165779,110,EXECUTED
EXP-XAI-0001,MODEL-C2,PERMUTATION_IMPORTANCE_MACRO_F1,2,11,S2:EMAi_0.01,0.0047831684531354,0.0006082248045372095,11,EXECUTED
EXP-XAI-0001,MODEL-C2,PERMUTATION_IMPORTANCE_MACRO_F1,2,12,S2:EMAi_0.1,0.0006704650948297752,0.00040383046158850466,41,EXECUTED
EXP-XAI-0001,MODEL-C2,PERMUTATION_IMPORTANCE_MACRO_F1,2,13,S2:EMAd_0.001,0.011207615999981324,0.005713094775103102,3,EXECUTED
EXP-XAI-0001,MODEL-C2,PERMUTATION_IMPORTANCE_MACRO_F1,2,14,S2:EMAd_0.01,-0.0012093606092641984,0.00628522077150758,96,EXECUTED
EXP-XAI-0001,MODEL-C2,PERMUTATION_IMPORTANCE_MACRO_F1,2,15,S2:EMAd_0.1,0.010831574635167106,0.0006220528132000672,4,EXECUTED
EXP-XAI-0001,MODEL-C2,PERMUTATION_IMPORTANCE_MACRO_F1,2,16,S3:dR,-0.010668831304740767,0.004856289523366355,123,EXECUTED
EXP-XAI-0001,MODEL-C2,PERMUTATION_IMPORTANCE_MACRO_F1,2,17,S3:dR_norm,-0.001956435972032122,0.001025059817176663,107,EXECUTED
EXP-XAI-0001,MODEL-C2,PERMUTATION_IMPORTANCE_MACRO_F1,2,18,S3:EMAi_0.001,-0.0013583290134089765,0.0003689716284594398,99,EXECUTED
EXP-XAI-0001,MODEL-C2,PERMUTATION_IMPORTANCE_MACRO_F1,2,19,S3:EMAi_0.01,-0.011078400348161299,0.004931129378111309,125,EXECUTED
EXP-XAI-0001,MODEL-C2,PERMUTATION_IMPORTANCE_MACRO_F1,2,20,S3:EMAi_0.1,-0.0019150694266166113,0.0012481578334368833,106,EXECUTED
EXP-XAI-0001,MODEL-C2,PERMUTATION_IMPORTANCE_MACRO_F1,2,21,S3:EMAd_0.001,0.0007417437156011841,0.00035040598405532635,39,EXECUTED
EXP-XAI-0001,MODEL-C2,PERMUTATION_IMPORTANCE_MACRO_F1,2,22,S3:EMAd_0.01,-0.01257665275585318,0.0002865923868604367,127,EXECUTED
EXP-XAI-0001,MODEL-C2,PERMUTATION_IMPORTANCE_MACRO_F1,2,23,S3:EMAd_0.1,0.0024109205234284837,0.0006255156415597562,25,EXECUTED
EXP-XAI-0001,MODEL-C2,PERMUTATION_IMPORTANCE_MACRO_F1,2,24,S4:dR,0.0014068103684080624,0.00026473919612633756,32,EXECUTED
EXP-XAI-0001,MODEL-C2,PERMUTATION_IMPORTANCE_MACRO_F1,2,25,S4:dR_norm,0.00017538945127808513,0.00018631163458329608,54,EXECUTED
EXP-XAI-0001,MODEL-C2,PERMUTATION_IMPORTANCE_MACRO_F1,2,26,S4:EMAi_0.001,-0.010926219439188678,0.0047800446367128185,124,EXECUTED
EXP-XAI-0001,MODEL-C2,PERMUTATION_IMPORTANCE_MACRO_F1,2,27,S4:EMAi_0.01,-0.001683154245957752,0.0005276225311459176,100,EXECUTED
EXP-XAI-0001,MODEL-C2,PERMUTATION_IMPORTANCE_MACRO_F1,2,28,S4:EMAi_0.1,-0.0025784168718747226,0.0008728095399721586,115,EXECUTED
EXP-XAI-0001,MODEL-C2,PERMUTATION_IMPORTANCE_MACRO_F1,2,29,S4:EMAd_0.001,0.000493911274243497,0.00022161788176521403,44,EXECUTED
EXP-XAI-0001,MODEL-C2,PERMUTATION_IMPORTANCE_MACRO_F1,2,30,S4:EMAd_0.01,0.0007412707988541101,0.0003504024525245813,40,EXECUTED
EXP-XAI-0001,MODEL-C2,PERMUTATION_IMPORTANCE_MACRO_F1,2,31,S4:EMAd_0.1,0.0,0.0,59,EXECUTED
EXP-XAI-0001,MODEL-C2,PERMUTATION_IMPORTANCE_MACRO_F1,2,32,S5:dR,0.004156467771476135,0.0004517025060789298,16,EXECUTED
EXP-XAI-0001,MODEL-C2,PERMUTATION_IMPORTANCE_MACRO_F1,2,33,S5:dR_norm,0.00025487334314631125,0.0001806545230414587,48,EXECUTED
EXP-XAI-0001,MODEL-C2,PERMUTATION_IMPORTANCE_MACRO_F1,2,34,S5:EMAi_0.001,-0.00019624042320853796,0.00028591881885115216,80,EXECUTED
EXP-XAI-0001,MODEL-C2,PERMUTATION_IMPORTANCE_MACRO_F1,2,35,S5:EMAi_0.01,-0.001849118882637324,0.00040666914779613744,105,EXECUTED
EXP-XAI-0001,MODEL-C2,PERMUTATION_IMPORTANCE_MACRO_F1,2,36,S5:EMAi_0.1,-0.0023104963063821813,0.00045196186156191303,112,EXECUTED
EXP-XAI-0001,MODEL-C2,PERMUTATION_IMPORTANCE_MACRO_F1,2,37,S5:EMAd_0.001,-4.914663156192489e-05,9.829326312384978e-05,73,EXECUTED
EXP-XAI-0001,MODEL-C2,PERMUTATION_IMPORTANCE_MACRO_F1,2,38,S5:EMAd_0.01,-0.00019647102300077713,0.0001837046916442856,81,EXECUTED
EXP-XAI-0001,MODEL-C2,PERMUTATION_IMPORTANCE_MACRO_F1,2,39,S5:EMAd_0.1,-0.0009114057427754618,0.0004146834107835607,91,EXECUTED
EXP-XAI-0001,MODEL-C2,PERMUTATION_IMPORTANCE_MACRO_F1,2,40,S6:dR,0.0017054505316012936,0.0004436989558823983,31,EXECUTED
EXP-XAI-0001,MODEL-C2,PERMUTATION_IMPORTANCE_MACRO_F1,2,41,S6:dR_norm,-0.0007348954975824551,0.0003454845565636276,89,EXECUTED
EXP-XAI-0001,MODEL-C2,PERMUTATION_IMPORTANCE_MACRO_F1,2,42,S6:EMAi_0.001,-0.0017531419414206662,0.0008301480672591271,103,EXECUTED
EXP-XAI-0001,MODEL-C2,PERMUTATION_IMPORTANCE_MACRO_F1,2,43,S6:EMAi_0.01,0.0044326617694855795,0.0012650543478479783,14,EXECUTED
EXP-XAI-0001,MODEL-C2,PERMUTATION_IMPORTANCE_MACRO_F1,2,44,S6:EMAi_0.1,0.002316494475297004,0.00048183384011832824,27,EXECUTED
EXP-XAI-0001,MODEL-C2,PERMUTATION_IMPORTANCE_MACRO_F1,2,45,S6:EMAd_0.001,-0.0013180076213719304,0.0006633914527674603,98,EXECUTED
EXP-XAI-0001,MODEL-C2,PERMUTATION_IMPORTANCE_MACRO_F1,2,46,S6:EMAd_0.01,0.0,0.0,60,EXECUTED
EXP-XAI-0001,MODEL-C2,PERMUTATION_IMPORTANCE_MACRO_F1,2,47,S6:EMAd_0.1,0.00031519889262698886,0.0002963487565925264,46,EXECUTED
EXP-XAI-0001,MODEL-C2,PERMUTATION_IMPORTANCE_MACRO_F1,2,48,S7:dR,0.005113256143407141,0.0010219957148958527,10,EXECUTED
EXP-XAI-0001,MODEL-C2,PERMUTATION_IMPORTANCE_MACRO_F1,2,49,S7:dR_norm,0.0001928800812494913,0.0005818513455638972,53,EXECUTED
EXP-XAI-0001,MODEL-C2,PERMUTATION_IMPORTANCE_MACRO_F1,2,50,S7:EMAi_0.001,-0.00017754450821778623,0.0001550343858156515,79,EXECUTED
EXP-XAI-0001,MODEL-C2,PERMUTATION_IMPORTANCE_MACRO_F1,2,51,S7:EMAi_0.01,-0.0009412833826675903,0.0004097068879153014,92,EXECUTED
EXP-XAI-0001,MODEL-C2,PERMUTATION_IMPORTANCE_MACRO_F1,2,52,S7:EMAi_0.1,-0.0018054271665116418,0.0008212212970110207,104,EXECUTED
EXP-XAI-0001,MODEL-C2,PERMUTATION_IMPORTANCE_MACRO_F1,2,53,S7:EMAd_0.001,0.0006616727432589009,0.0004038411928356352,42,EXECUTED
EXP-XAI-0001,MODEL-C2,PERMUTATION_IMPORTANCE_MACRO_F1,2,54,S7:EMAd_0.01,-0.0006635294298740435,0.00012038416990327903,88,EXECUTED
EXP-XAI-0001,MODEL-C2,PERMUTATION_IMPORTANCE_MACRO_F1,2,55,S7:EMAd_0.1,0.0023904600339150982,0.0005872058299381244,26,EXECUTED
EXP-XAI-0001,MODEL-C2,PERMUTATION_IMPORTANCE_MACRO_F1,2,56,S8:dR,0.00021749270997715176,0.0002482830294556557,50,EXECUTED
EXP-XAI-0001,MODEL-C2,PERMUTATION_IMPORTANCE_MACRO_F1,2,57,S8:dR_norm,0.0019989649204660287,0.0009834337160283587,29,EXECUTED
EXP-XAI-0001,MODEL-C2,PERMUTATION_IMPORTANCE_MACRO_F1,2,58,S8:EMAi_0.001,0.0005438734040878578,0.0004532581640282441,43,EXECUTED
EXP-XAI-0001,MODEL-C2,PERMUTATION_IMPORTANCE_MACRO_F1,2,59,S8:EMAi_0.01,0.00024782492214789895,0.0005623484910509553,49,EXECUTED
EXP-XAI-0001,MODEL-C2,PERMUTATION_IMPORTANCE_MACRO_F1,2,60,S8:EMAi_0.1,-0.01233655944225669,0.005089892517938298,126,EXECUTED
EXP-XAI-0001,MODEL-C2,PERMUTATION_IMPORTANCE_MACRO_F1,2,61,S8:EMAd_0.001,-2.7634565994372196e-05,0.00022862990168493388,69,EXECUTED
EXP-XAI-0001,MODEL-C2,PERMUTATION_IMPORTANCE_MACRO_F1,2,62,S8:EMAd_0.01,-5.217119157574501e-05,0.00037926870833593596,74,EXECUTED
EXP-XAI-0001,MODEL-C2,PERMUTATION_IMPORTANCE_MACRO_F1,2,63,S8:EMAd_0.1,8.109763780517198e-07,0.0004114689388406507,58,EXECUTED
EXP-XAI-0001,MODEL-C2,PERMUTATION_IMPORTANCE_MACRO_F1,2,64,S9:dR,-0.007310855960547058,0.01640729971104854,119,EXECUTED
EXP-XAI-0001,MODEL-C2,PERMUTATION_IMPORTANCE_MACRO_F1,2,65,S9:dR_norm,0.0008427175570894452,0.00598659734540472,37,EXECUTED
EXP-XAI-0001,MODEL-C2,PERMUTATION_IMPORTANCE_MACRO_F1,2,66,S9:EMAi_0.001,-0.0012086313425390793,0.00015945284372303434,95,EXECUTED
EXP-XAI-0001,MODEL-C2,PERMUTATION_IMPORTANCE_MACRO_F1,2,67,S9:EMAi_0.01,-0.0017073981352545564,0.00037405623453017664,101,EXECUTED
EXP-XAI-0001,MODEL-C2,PERMUTATION_IMPORTANCE_MACRO_F1,2,68,S9:EMAi_0.1,-0.002208566909260856,0.0004070463498428365,109,EXECUTED
EXP-XAI-0001,MODEL-C2,PERMUTATION_IMPORTANCE_MACRO_F1,2,69,S9:EMAd_0.001,0.0003149407648883384,0.0009265974973041531,47,EXECUTED
EXP-XAI-0001,MODEL-C2,PERMUTATION_IMPORTANCE_MACRO_F1,2,70,S9:EMAd_0.01,0.004057225312492729,0.0008180120031049848,17,EXECUTED
EXP-XAI-0001,MODEL-C2,PERMUTATION_IMPORTANCE_MACRO_F1,2,71,S9:EMAd_0.1,0.011354330736853834,0.0009151549566645497,2,EXECUTED
EXP-XAI-0001,MODEL-C2,PERMUTATION_IMPORTANCE_MACRO_F1,2,72,S10:dR,-0.008761598214749977,0.006449202468904742,122,EXECUTED
EXP-XAI-0001,MODEL-C2,PERMUTATION_IMPORTANCE_MACRO_F1,2,73,S10:dR_norm,0.00020502479038622123,0.006464221689054784,51,EXECUTED
EXP-XAI-0001,MODEL-C2,PERMUTATION_IMPORTANCE_MACRO_F1,2,74,S10:EMAi_0.001,-0.0006175598078087319,0.0005392624032024621,87,EXECUTED
EXP-XAI-0001,MODEL-C2,PERMUTATION_IMPORTANCE_MACRO_F1,2,75,S10:EMAi_0.01,0.00042251766281080626,0.0002723755170985585,45,EXECUTED
EXP-XAI-0001,MODEL-C2,PERMUTATION_IMPORTANCE_MACRO_F1,2,76,S10:EMAi_0.1,-0.0017124267113459491,0.0004221260187393612,102,EXECUTED
EXP-XAI-0001,MODEL-C2,PERMUTATION_IMPORTANCE_MACRO_F1,2,77,S10:EMAd_0.001,-0.0023522874816982895,0.0006605205159877181,113,EXECUTED
EXP-XAI-0001,MODEL-C2,PERMUTATION_IMPORTANCE_MACRO_F1,2,78,S10:EMAd_0.01,-0.007457027645606895,0.006204262190553861,120,EXECUTED
EXP-XAI-0001,MODEL-C2,PERMUTATION_IMPORTANCE_MACRO_F1,2,79,S10:EMAd_0.1,0.008664534163808524,0.0006949491831592795,7,EXECUTED
EXP-XAI-0001,MODEL-C2,PERMUTATION_IMPORTANCE_MACRO_F1,2,80,S11:dR,0.0011279349342846023,0.00028028056197470765,34,EXECUTED
EXP-XAI-0001,MODEL-C2,PERMUTATION_IMPORTANCE_MACRO_F1,2,81,S11:dR_norm,0.002823976539770068,0.00032996370825029826,19,EXECUTED
EXP-XAI-0001,MODEL-C2,PERMUTATION_IMPORTANCE_MACRO_F1,2,82,S11:EMAi_0.001,-0.00044151197473207837,0.0002858396949684013,84,EXECUTED
EXP-XAI-0001,MODEL-C2,PERMUTATION_IMPORTANCE_MACRO_F1,2,83,S11:EMAi_0.01,-0.004708796626149048,0.0004736381605110534,118,EXECUTED
EXP-XAI-0001,MODEL-C2,PERMUTATION_IMPORTANCE_MACRO_F1,2,84,S11:EMAi_0.1,-0.002478142547812445,0.0005556408272661401,114,EXECUTED
EXP-XAI-0001,MODEL-C2,PERMUTATION_IMPORTANCE_MACRO_F1,2,85,S11:EMAd_0.001,-0.0011249657666916768,0.00036472412876551103,93,EXECUTED
EXP-XAI-0001,MODEL-C2,PERMUTATION_IMPORTANCE_MACRO_F1,2,86,S11:EMAd_0.01,0.0,0.0,61,EXECUTED
EXP-XAI-0001,MODEL-C2,PERMUTATION_IMPORTANCE_MACRO_F1,2,87,S11:EMAd_0.1,0.0001971664961319064,0.00018451014273445198,52,EXECUTED
EXP-XAI-0001,MODEL-C2,PERMUTATION_IMPORTANCE_MACRO_F1,2,88,S12:dR,0.0010077852622709215,0.0004822566554633243,36,EXECUTED
EXP-XAI-0001,MODEL-C2,PERMUTATION_IMPORTANCE_MACRO_F1,2,89,S12:dR_norm,0.0,0.0,62,EXECUTED
EXP-XAI-0001,MODEL-C2,PERMUTATION_IMPORTANCE_MACRO_F1,2,90,S12:EMAi_0.001,-0.0001265416213728443,0.0006212236559069412,75,EXECUTED
EXP-XAI-0001,MODEL-C2,PERMUTATION_IMPORTANCE_MACRO_F1,2,91,S12:EMAi_0.01,-0.0011544989265365624,0.0005114218182403194,94,EXECUTED
EXP-XAI-0001,MODEL-C2,PERMUTATION_IMPORTANCE_MACRO_F1,2,92,S12:EMAi_0.1,-0.0012481217820385026,0.0009725113244366657,97,EXECUTED
EXP-XAI-0001,MODEL-C2,PERMUTATION_IMPORTANCE_MACRO_F1,2,93,S12:EMAd_0.001,0.0029344286837847287,0.0006018330079804006,18,EXECUTED
EXP-XAI-0001,MODEL-C2,PERMUTATION_IMPORTANCE_MACRO_F1,2,94,S12:EMAd_0.01,-0.0005693339600525427,0.0003807750039661384,86,EXECUTED
EXP-XAI-0001,MODEL-C2,PERMUTATION_IMPORTANCE_MACRO_F1,2,95,S12:EMAd_0.1,-3.0104613532011547e-05,6.02092270640231e-05,70,EXECUTED
EXP-XAI-0001,MODEL-C2,PERMUTATION_IMPORTANCE_MACRO_F1,2,96,S13:dR,0.004660357305404927,0.0006085916815723957,12,EXECUTED
EXP-XAI-0001,MODEL-C2,PERMUTATION_IMPORTANCE_MACRO_F1,2,97,S13:dR_norm,0.002430179509063035,0.0003702775790008454,24,EXECUTED
EXP-XAI-0001,MODEL-C2,PERMUTATION_IMPORTANCE_MACRO_F1,2,98,S13:EMAi_0.001,0.002797463133472933,0.00044842319697301086,20,EXECUTED
EXP-XAI-0001,MODEL-C2,PERMUTATION_IMPORTANCE_MACRO_F1,2,99,S13:EMAi_0.01,0.0025789713079822584,0.0013462097988882833,22,EXECUTED
EXP-XAI-0001,MODEL-C2,PERMUTATION_IMPORTANCE_MACRO_F1,2,100,S13:EMAi_0.1,-0.0022991128013634564,0.0006982254503493471,111,EXECUTED
EXP-XAI-0001,MODEL-C2,PERMUTATION_IMPORTANCE_MACRO_F1,2,101,S13:EMAd_0.001,-0.00015838698694095043,0.00017936221062181114,78,EXECUTED
EXP-XAI-0001,MODEL-C2,PERMUTATION_IMPORTANCE_MACRO_F1,2,102,S13:EMAd_0.01,0.0,0.0,63,EXECUTED
EXP-XAI-0001,MODEL-C2,PERMUTATION_IMPORTANCE_MACRO_F1,2,103,S13:EMAd_0.1,-0.0003435648146473902,0.0002499888246547922,83,EXECUTED
EXP-XAI-0001,MODEL-C2,PERMUTATION_IMPORTANCE_MACRO_F1,2,104,S14:dR,0.001228220561413762,0.0005474869232350987,33,EXECUTED
EXP-XAI-0001,MODEL-C2,PERMUTATION_IMPORTANCE_MACRO_F1,2,105,S14:dR_norm,0.00436288397298239,0.0005467651030971355,15,EXECUTED
EXP-XAI-0001,MODEL-C2,PERMUTATION_IMPORTANCE_MACRO_F1,2,106,S14:EMAi_0.001,-0.00024515563965663565,0.0003471122881957573,82,EXECUTED
EXP-XAI-0001,MODEL-C2,PERMUTATION_IMPORTANCE_MACRO_F1,2,107,S14:EMAi_0.01,0.0007438440346913655,0.0008183757574055551,38,EXECUTED
EXP-XAI-0001,MODEL-C2,PERMUTATION_IMPORTANCE_MACRO_F1,2,108,S14:EMAi_0.1,-0.004358715110464773,0.0008750385580066874,117,EXECUTED
EXP-XAI-0001,MODEL-C2,PERMUTATION_IMPORTANCE_MACRO_F1,2,109,S14:EMAd_0.001,0.0,0.0,64,EXECUTED
EXP-XAI-0001,MODEL-C2,PERMUTATION_IMPORTANCE_MACRO_F1,2,110,S14:EMAd_0.01,-3.0104613532011547e-05,6.02092270640231e-05,71,EXECUTED
EXP-XAI-0001,MODEL-C2,PERMUTATION_IMPORTANCE_MACRO_F1,2,111,S14:EMAd_0.1,-0.00012839787665586133,0.00016430076531891171,76,EXECUTED
EXP-XAI-0001,MODEL-C2,PERMUTATION_IMPORTANCE_MACRO_F1,2,112,S15:dR,0.00989941049637606,0.0010031376936033413,6,EXECUTED
EXP-XAI-0001,MODEL-C2,PERMUTATION_IMPORTANCE_MACRO_F1,2,113,S15:dR_norm,0.00245716186412972,0.0010505473275203162,23,EXECUTED
EXP-XAI-0001,MODEL-C2,PERMUTATION_IMPORTANCE_MACRO_F1,2,114,S15:EMAi_0.001,0.0,0.0,65,EXECUTED
EXP-XAI-0001,MODEL-C2,PERMUTATION_IMPORTANCE_MACRO_F1,2,115,S15:EMAi_0.01,-0.013578718674282397,0.005348428843037927,128,EXECUTED
EXP-XAI-0001,MODEL-C2,PERMUTATION_IMPORTANCE_MACRO_F1,2,116,S15:EMAi_0.1,-0.0008811860326981335,0.0003965102286972812,90,EXECUTED
EXP-XAI-0001,MODEL-C2,PERMUTATION_IMPORTANCE_MACRO_F1,2,117,S15:EMAd_0.001,0.001008610052884973,0.00028453352117905305,35,EXECUTED
EXP-XAI-0001,MODEL-C2,PERMUTATION_IMPORTANCE_MACRO_F1,2,118,S15:EMAd_0.01,0.0,0.0,66,EXECUTED
EXP-XAI-0001,MODEL-C2,PERMUTATION_IMPORTANCE_MACRO_F1,2,119,S15:EMAd_0.1,-3.0104613532011547e-05,6.02092270640231e-05,72,EXECUTED
EXP-XAI-0001,MODEL-C2,PERMUTATION_IMPORTANCE_MACRO_F1,2,120,S16:dR,4.926254342882963e-05,9.852508685765926e-05,57,EXECUTED
EXP-XAI-0001,MODEL-C2,PERMUTATION_IMPORTANCE_MACRO_F1,2,121,S16:dR_norm,0.005547102759889078,0.0009073904021590879,9,EXECUTED
EXP-XAI-0001,MODEL-C2,PERMUTATION_IMPORTANCE_MACRO_F1,2,122,S16:EMAi_0.001,0.0001516353200140319,0.0006896712785363953,55,EXECUTED
EXP-XAI-0001,MODEL-C2,PERMUTATION_IMPORTANCE_MACRO_F1,2,123,S16:EMAi_0.01,5.276412244352713e-05,0.0003943408106224231,56,EXECUTED
EXP-XAI-0001,MODEL-C2,PERMUTATION_IMPORTANCE_MACRO_F1,2,124,S16:EMAi_0.1,-0.002179771129150088,0.0007170872729792908,108,EXECUTED
EXP-XAI-0001,MODEL-C2,PERMUTATION_IMPORTANCE_MACRO_F1,2,125,S16:EMAd_0.001,0.0,0.0,67,EXECUTED
EXP-XAI-0001,MODEL-C2,PERMUTATION_IMPORTANCE_MACRO_F1,2,126,S16:EMAd_0.01,0.0,0.0,68,EXECUTED
EXP-XAI-0001,MODEL-C2,PERMUTATION_IMPORTANCE_MACRO_F1,2,127,S16:EMAd_0.1,0.001936936779442866,0.0001875941801316901,30,EXECUTED
EXP-XAI-0001,MODEL-C2,PERMUTATION_IMPORTANCE_MACRO_F1,3,0,S1:dR,0.08139047033073828,0.006758245889739452,4,EXECUTED
EXP-XAI-0001,MODEL-C2,PERMUTATION_IMPORTANCE_MACRO_F1,3,1,S1:dR_norm,0.004187400825843057,0.001889343710504505,46,EXECUTED
EXP-XAI-0001,MODEL-C2,PERMUTATION_IMPORTANCE_MACRO_F1,3,2,S1:EMAi_0.001,0.045158319652204584,0.05074817712530585,12,EXECUTED
EXP-XAI-0001,MODEL-C2,PERMUTATION_IMPORTANCE_MACRO_F1,3,3,S1:EMAi_0.01,0.042916602014554404,0.05049797122349165,14,EXECUTED
EXP-XAI-0001,MODEL-C2,PERMUTATION_IMPORTANCE_MACRO_F1,3,4,S1:EMAi_0.1,0.04124795859996322,0.05111732601089116,19,EXECUTED
EXP-XAI-0001,MODEL-C2,PERMUTATION_IMPORTANCE_MACRO_F1,3,5,S1:EMAd_0.001,0.02770101510152607,0.002462645991040939,23,EXECUTED
EXP-XAI-0001,MODEL-C2,PERMUTATION_IMPORTANCE_MACRO_F1,3,6,S1:EMAd_0.01,0.019288790640527263,0.0016426976249510827,28,EXECUTED
EXP-XAI-0001,MODEL-C2,PERMUTATION_IMPORTANCE_MACRO_F1,3,7,S1:EMAd_0.1,0.04496970142783282,0.04049607929543705,13,EXECUTED
EXP-XAI-0001,MODEL-C2,PERMUTATION_IMPORTANCE_MACRO_F1,3,8,S2:dR,0.041829417833398705,0.0048834147632840046,16,EXECUTED
EXP-XAI-0001,MODEL-C2,PERMUTATION_IMPORTANCE_MACRO_F1,3,9,S2:dR_norm,0.002309594195138165,0.0013137358363599556,57,EXECUTED
EXP-XAI-0001,MODEL-C2,PERMUTATION_IMPORTANCE_MACRO_F1,3,10,S2:EMAi_0.001,-0.0017970443269444303,0.0011169706100384708,121,EXECUTED
EXP-XAI-0001,MODEL-C2,PERMUTATION_IMPORTANCE_MACRO_F1,3,11,S2:EMAi_0.01,-0.004398848173284975,0.0004757782846783695,126,EXECUTED
EXP-XAI-0001,MODEL-C2,PERMUTATION_IMPORTANCE_MACRO_F1,3,12,S2:EMAi_0.1,0.04013916608130956,0.05206149236899301,20,EXECUTED
EXP-XAI-0001,MODEL-C2,PERMUTATION_IMPORTANCE_MACRO_F1,3,13,S2:EMAd_0.001,0.02869209413901961,0.002261082741374911,22,EXECUTED
EXP-XAI-0001,MODEL-C2,PERMUTATION_IMPORTANCE_MACRO_F1,3,14,S2:EMAd_0.01,0.00833346377124724,0.0011401742812104658,33,EXECUTED
EXP-XAI-0001,MODEL-C2,PERMUTATION_IMPORTANCE_MACRO_F1,3,15,S2:EMAd_0.1,0.005800296278349016,0.0014560382869926503,40,EXECUTED
EXP-XAI-0001,MODEL-C2,PERMUTATION_IMPORTANCE_MACRO_F1,3,16,S3:dR,0.0027963635336244906,0.0005441898199117204,52,EXECUTED
EXP-XAI-0001,MODEL-C2,PERMUTATION_IMPORTANCE_MACRO_F1,3,17,S3:dR_norm,-0.008291235558169375,0.0018729242356008938,128,EXECUTED
EXP-XAI-0001,MODEL-C2,PERMUTATION_IMPORTANCE_MACRO_F1,3,18,S3:EMAi_0.001,-0.00015284217746305284,0.0004879496815958501,100,EXECUTED
EXP-XAI-0001,MODEL-C2,PERMUTATION_IMPORTANCE_MACRO_F1,3,19,S3:EMAi_0.01,-0.00020971423411166867,0.00032376387195567094,102,EXECUTED
EXP-XAI-0001,MODEL-C2,PERMUTATION_IMPORTANCE_MACRO_F1,3,20,S3:EMAi_0.1,0.0005056728025291113,0.00025700436173947135,81,EXECUTED
EXP-XAI-0001,MODEL-C2,PERMUTATION_IMPORTANCE_MACRO_F1,3,21,S3:EMAd_0.001,0.0009571825004768053,0.0002796662475232483,73,EXECUTED
EXP-XAI-0001,MODEL-C2,PERMUTATION_IMPORTANCE_MACRO_F1,3,22,S3:EMAd_0.01,6.556307998402122e-05,0.0003841343364117924,96,EXECUTED
EXP-XAI-0001,MODEL-C2,PERMUTATION_IMPORTANCE_MACRO_F1,3,23,S3:EMAd_0.1,0.00044264697121567667,0.000545867057183486,82,EXECUTED
EXP-XAI-0001,MODEL-C2,PERMUTATION_IMPORTANCE_MACRO_F1,3,24,S4:dR,0.006572923681154963,0.0004201319681838658,39,EXECUTED
EXP-XAI-0001,MODEL-C2,PERMUTATION_IMPORTANCE_MACRO_F1,3,25,S4:dR_norm,-0.0059127588816376255,0.0006869910577916844,127,EXECUTED
EXP-XAI-0001,MODEL-C2,PERMUTATION_IMPORTANCE_MACRO_F1,3,26,S4:EMAi_0.001,-0.0010333642679980048,0.0012059747474062385,117,EXECUTED
EXP-XAI-0001,MODEL-C2,PERMUTATION_IMPORTANCE_MACRO_F1,3,27,S4:EMAi_0.01,0.0017754795234066645,0.0005943262503368364,63,EXECUTED
EXP-XAI-0001,MODEL-C2,PERMUTATION_IMPORTANCE_MACRO_F1,3,28,S4:EMAi_0.1,0.0007094820211547504,0.0002565793619930694,79,EXECUTED
EXP-XAI-0001,MODEL-C2,PERMUTATION_IMPORTANCE_MACRO_F1,3,29,S4:EMAd_0.001,-0.0008457032874100489,0.0002952795087327259,112,EXECUTED
EXP-XAI-0001,MODEL-C2,PERMUTATION_IMPORTANCE_MACRO_F1,3,30,S4:EMAd_0.01,0.0001425744516590166,0.00023444098629959108,93,EXECUTED
EXP-XAI-0001,MODEL-C2,PERMUTATION_IMPORTANCE_MACRO_F1,3,31,S4:EMAd_0.1,-0.00024143560326108648,0.0002956970168653501,103,EXECUTED
EXP-XAI-0001,MODEL-C2,PERMUTATION_IMPORTANCE_MACRO_F1,3,32,S5:dR,0.00833668281346014,0.000893087417327931,32,EXECUTED
EXP-XAI-0001,MODEL-C2,PERMUTATION_IMPORTANCE_MACRO_F1,3,33,S5:dR_norm,0.0077246152573031465,0.001302378410915581,35,EXECUTED
EXP-XAI-0001,MODEL-C2,PERMUTATION_IMPORTANCE_MACRO_F1,3,34,S5:EMAi_0.001,0.0,0.0,97,EXECUTED
EXP-XAI-0001,MODEL-C2,PERMUTATION_IMPORTANCE_MACRO_F1,3,35,S5:EMAi_0.01,0.0008348571383193892,0.000461217944801576,76,EXECUTED
EXP-XAI-0001,MODEL-C2,PERMUTATION_IMPORTANCE_MACRO_F1,3,36,S5:EMAi_0.1,0.0011563993154930063,0.00035520911173443745,70,EXECUTED
EXP-XAI-0001,MODEL-C2,PERMUTATION_IMPORTANCE_MACRO_F1,3,37,S5:EMAd_0.001,0.00034233414531943397,0.0014841078656222706,83,EXECUTED
EXP-XAI-0001,MODEL-C2,PERMUTATION_IMPORTANCE_MACRO_F1,3,38,S5:EMAd_0.01,-0.00029817830896969875,0.0009792146276108706,105,EXECUTED
EXP-XAI-0001,MODEL-C2,PERMUTATION_IMPORTANCE_MACRO_F1,3,39,S5:EMAd_0.1,-0.0010412733971865817,0.0008131275171119115,118,EXECUTED
EXP-XAI-0001,MODEL-C2,PERMUTATION_IMPORTANCE_MACRO_F1,3,40,S6:dR,0.002327131349163336,0.0009754278300943245,56,EXECUTED
EXP-XAI-0001,MODEL-C2,PERMUTATION_IMPORTANCE_MACRO_F1,3,41,S6:dR_norm,0.004805982527501839,0.001348869737121549,42,EXECUTED
EXP-XAI-0001,MODEL-C2,PERMUTATION_IMPORTANCE_MACRO_F1,3,42,S6:EMAi_0.001,-0.00028707135027925543,0.0003515891639779765,104,EXECUTED
EXP-XAI-0001,MODEL-C2,PERMUTATION_IMPORTANCE_MACRO_F1,3,43,S6:EMAi_0.01,0.0044524776850179745,0.0013020361629659174,44,EXECUTED
EXP-XAI-0001,MODEL-C2,PERMUTATION_IMPORTANCE_MACRO_F1,3,44,S6:EMAi_0.1,0.0032718998355213192,0.0011869750004481112,49,EXECUTED
EXP-XAI-0001,MODEL-C2,PERMUTATION_IMPORTANCE_MACRO_F1,3,45,S6:EMAd_0.001,8.678568194073755e-05,0.0010491481635930447,95,EXECUTED
EXP-XAI-0001,MODEL-C2,PERMUTATION_IMPORTANCE_MACRO_F1,3,46,S6:EMAd_0.01,0.0022958843131215987,0.0002431892629791932,58,EXECUTED
EXP-XAI-0001,MODEL-C2,PERMUTATION_IMPORTANCE_MACRO_F1,3,47,S6:EMAd_0.1,0.0008071503946097236,0.0006274706488961894,78,EXECUTED
EXP-XAI-0001,MODEL-C2,PERMUTATION_IMPORTANCE_MACRO_F1,3,48,S7:dR,0.0010121275599680678,0.0005787564211943646,72,EXECUTED
EXP-XAI-0001,MODEL-C2,PERMUTATION_IMPORTANCE_MACRO_F1,3,49,S7:dR_norm,-0.0007532929893313334,0.0012748827368100697,110,EXECUTED
EXP-XAI-0001,MODEL-C2,PERMUTATION_IMPORTANCE_MACRO_F1,3,50,S7:EMAi_0.001,0.0014590497362576115,0.00029900119422963375,66,EXECUTED
EXP-XAI-0001,MODEL-C2,PERMUTATION_IMPORTANCE_MACRO_F1,3,51,S7:EMAi_0.01,0.0024483952522566634,0.0006563564758567721,55,EXECUTED
EXP-XAI-0001,MODEL-C2,PERMUTATION_IMPORTANCE_MACRO_F1,3,52,S7:EMAi_0.1,0.0012252219981405243,0.0006413581130642862,68,EXECUTED
EXP-XAI-0001,MODEL-C2,PERMUTATION_IMPORTANCE_MACRO_F1,3,53,S7:EMAd_0.001,0.0022677780073849575,0.0007511773618743972,59,EXECUTED
EXP-XAI-0001,MODEL-C2,PERMUTATION_IMPORTANCE_MACRO_F1,3,54,S7:EMAd_0.01,0.003992878335740402,0.001170390365249342,47,EXECUTED
EXP-XAI-0001,MODEL-C2,PERMUTATION_IMPORTANCE_MACRO_F1,3,55,S7:EMAd_0.1,0.0002396920765414423,0.0002960967710661248,88,EXECUTED
EXP-XAI-0001,MODEL-C2,PERMUTATION_IMPORTANCE_MACRO_F1,3,56,S8:dR,0.0001514719696139588,0.0005283395444236945,89,EXECUTED
EXP-XAI-0001,MODEL-C2,PERMUTATION_IMPORTANCE_MACRO_F1,3,57,S8:dR_norm,0.001961352089790669,0.0016026149666237824,61,EXECUTED
EXP-XAI-0001,MODEL-C2,PERMUTATION_IMPORTANCE_MACRO_F1,3,58,S8:EMAi_0.001,0.0012149162834758087,0.0,69,EXECUTED
EXP-XAI-0001,MODEL-C2,PERMUTATION_IMPORTANCE_MACRO_F1,3,59,S8:EMAi_0.01,0.001511562886968676,0.0006576058182663012,65,EXECUTED
EXP-XAI-0001,MODEL-C2,PERMUTATION_IMPORTANCE_MACRO_F1,3,60,S8:EMAi_0.1,0.001438316867894196,0.0006961261172212049,67,EXECUTED
EXP-XAI-0001,MODEL-C2,PERMUTATION_IMPORTANCE_MACRO_F1,3,61,S8:EMAd_0.001,0.004286976855059144,0.000690444478621739,45,EXECUTED
EXP-XAI-0001,MODEL-C2,PERMUTATION_IMPORTANCE_MACRO_F1,3,62,S8:EMAd_0.01,0.006810095989071829,0.0007802550958054418,38,EXECUTED
EXP-XAI-0001,MODEL-C2,PERMUTATION_IMPORTANCE_MACRO_F1,3,63,S8:EMAd_0.1,9.739835619648751e-05,0.0004885171737399273,94,EXECUTED
EXP-XAI-0001,MODEL-C2,PERMUTATION_IMPORTANCE_MACRO_F1,3,64,S9:dR,0.011301141598780573,0.0014149404904422245,29,EXECUTED
EXP-XAI-0001,MODEL-C2,PERMUTATION_IMPORTANCE_MACRO_F1,3,65,S9:dR_norm,0.007910209910927057,0.0015125171677610688,34,EXECUTED
EXP-XAI-0001,MODEL-C2,PERMUTATION_IMPORTANCE_MACRO_F1,3,66,S9:EMAi_0.001,0.04146154890936369,0.05086380881812499,18,EXECUTED
EXP-XAI-0001,MODEL-C2,PERMUTATION_IMPORTANCE_MACRO_F1,3,67,S9:EMAi_0.01,0.08354851599557003,0.04272267206252337,3,EXECUTED
EXP-XAI-0001,MODEL-C2,PERMUTATION_IMPORTANCE_MACRO_F1,3,68,S9:EMAi_0.1,0.04191293873096351,0.05029020503832907,15,EXECUTED
EXP-XAI-0001,MODEL-C2,PERMUTATION_IMPORTANCE_MACRO_F1,3,69,S9:EMAd_0.001,0.048994558814189196,0.049839463986969576,10,EXECUTED
EXP-XAI-0001,MODEL-C2,PERMUTATION_IMPORTANCE_MACRO_F1,3,70,S9:EMAd_0.01,0.06693859514795404,0.050315505823349364,6,EXECUTED
EXP-XAI-0001,MODEL-C2,PERMUTATION_IMPORTANCE_MACRO_F1,3,71,S9:EMAd_0.1,0.05009390167759442,0.049888931189730326,8,EXECUTED
EXP-XAI-0001,MODEL-C2,PERMUTATION_IMPORTANCE_MACRO_F1,3,72,S10:dR,0.007033507107985781,0.0015807034274963052,37,EXECUTED
EXP-XAI-0001,MODEL-C2,PERMUTATION_IMPORTANCE_MACRO_F1,3,73,S10:dR_norm,0.02901065599801591,0.0014792113486871027,21,EXECUTED
EXP-XAI-0001,MODEL-C2,PERMUTATION_IMPORTANCE_MACRO_F1,3,74,S10:EMAi_0.001,0.08472990445835397,0.04176809381619456,2,EXECUTED
EXP-XAI-0001,MODEL-C2,PERMUTATION_IMPORTANCE_MACRO_F1,3,75,S10:EMAi_0.01,0.022603800443091248,0.04133843594782257,25,EXECUTED
EXP-XAI-0001,MODEL-C2,PERMUTATION_IMPORTANCE_MACRO_F1,3,76,S10:EMAi_0.1,0.08087677862205586,0.04165079271009141,5,EXECUTED
EXP-XAI-0001,MODEL-C2,PERMUTATION_IMPORTANCE_MACRO_F1,3,77,S10:EMAd_0.001,0.05007498215930799,0.05056063337573694,9,EXECUTED
EXP-XAI-0001,MODEL-C2,PERMUTATION_IMPORTANCE_MACRO_F1,3,78,S10:EMAd_0.01,0.047483089762778576,0.05019721155425139,11,EXECUTED
EXP-XAI-0001,MODEL-C2,PERMUTATION_IMPORTANCE_MACRO_F1,3,79,S10:EMAd_0.1,0.0020985900171953454,0.00095523059416843,60,EXECUTED
EXP-XAI-0001,MODEL-C2,PERMUTATION_IMPORTANCE_MACRO_F1,3,80,S11:dR,-0.0008492688172988094,0.0013874191354453465,114,EXECUTED
EXP-XAI-0001,MODEL-C2,PERMUTATION_IMPORTANCE_MACRO_F1,3,81,S11:dR_norm,-0.0019156560975104985,0.0010059267952705203,122,EXECUTED
EXP-XAI-0001,MODEL-C2,PERMUTATION_IMPORTANCE_MACRO_F1,3,82,S11:EMAi_0.001,-0.00033786337061192384,0.0005598300352048961,106,EXECUTED
EXP-XAI-0001,MODEL-C2,PERMUTATION_IMPORTANCE_MACRO_F1,3,83,S11:EMAi_0.01,-0.002034147074718029,0.0007782179974500856,123,EXECUTED
EXP-XAI-0001,MODEL-C2,PERMUTATION_IMPORTANCE_MACRO_F1,3,84,S11:EMAi_0.1,0.00028854351104987683,0.000353392185331659,84,EXECUTED
EXP-XAI-0001,MODEL-C2,PERMUTATION_IMPORTANCE_MACRO_F1,3,85,S11:EMAd_0.001,-0.00042908730841837437,0.0007997439967014908,108,EXECUTED
EXP-XAI-0001,MODEL-C2,PERMUTATION_IMPORTANCE_MACRO_F1,3,86,S11:EMAd_0.01,0.002738575901735385,0.0004911973627999849,53,EXECUTED
EXP-XAI-0001,MODEL-C2,PERMUTATION_IMPORTANCE_MACRO_F1,3,87,S11:EMAd_0.1,0.000818021053435869,0.0002570043617394713,77,EXECUTED
EXP-XAI-0001,MODEL-C2,PERMUTATION_IMPORTANCE_MACRO_F1,3,88,S12:dR,-0.0008284898985201572,0.0009733465255834867,111,EXECUTED
EXP-XAI-0001,MODEL-C2,PERMUTATION_IMPORTANCE_MACRO_F1,3,89,S12:dR_norm,0.06014769725116942,0.05156445981494414,7,EXECUTED
EXP-XAI-0001,MODEL-C2,PERMUTATION_IMPORTANCE_MACRO_F1,3,90,S12:EMAi_0.001,-0.0006522188344678214,0.0005761904746859097,109,EXECUTED
EXP-XAI-0001,MODEL-C2,PERMUTATION_IMPORTANCE_MACRO_F1,3,91,S12:EMAi_0.01,-0.0008597531279355586,0.0005355002385917946,115,EXECUTED
EXP-XAI-0001,MODEL-C2,PERMUTATION_IMPORTANCE_MACRO_F1,3,92,S12:EMAi_0.1,0.00028854351104987683,0.000353392185331659,85,EXECUTED
EXP-XAI-0001,MODEL-C2,PERMUTATION_IMPORTANCE_MACRO_F1,3,93,S12:EMAd_0.001,-0.0004043335222950306,0.0006576445187113922,107,EXECUTED
EXP-XAI-0001,MODEL-C2,PERMUTATION_IMPORTANCE_MACRO_F1,3,94,S12:EMAd_0.01,0.00014427175552493842,0.00028854351104987683,90,EXECUTED
EXP-XAI-0001,MODEL-C2,PERMUTATION_IMPORTANCE_MACRO_F1,3,95,S12:EMAd_0.1,0.0,0.0,98,EXECUTED
EXP-XAI-0001,MODEL-C2,PERMUTATION_IMPORTANCE_MACRO_F1,3,96,S13:dR,0.010780943966831491,0.0006951622068972987,30,EXECUTED
EXP-XAI-0001,MODEL-C2,PERMUTATION_IMPORTANCE_MACRO_F1,3,97,S13:dR_norm,-0.0023024316627160203,0.000380589857586352,124,EXECUTED
EXP-XAI-0001,MODEL-C2,PERMUTATION_IMPORTANCE_MACRO_F1,3,98,S13:EMAi_0.001,0.020750611181169765,0.04150122236233953,26,EXECUTED
EXP-XAI-0001,MODEL-C2,PERMUTATION_IMPORTANCE_MACRO_F1,3,99,S13:EMAi_0.01,0.007392757895159141,0.0015930143112013913,36,EXECUTED
EXP-XAI-0001,MODEL-C2,PERMUTATION_IMPORTANCE_MACRO_F1,3,100,S13:EMAi_0.1,0.00355266447114162,0.0011968980188915344,48,EXECUTED
EXP-XAI-0001,MODEL-C2,PERMUTATION_IMPORTANCE_MACRO_F1,3,101,S13:EMAd_0.001,0.0005992332768883779,0.0,80,EXECUTED
EXP-XAI-0001,MODEL-C2,PERMUTATION_IMPORTANCE_MACRO_F1,3,102,S13:EMAd_0.01,0.020407132677506202,0.04142182359925651,27,EXECUTED
EXP-XAI-0001,MODEL-C2,PERMUTATION_IMPORTANCE_MACRO_F1,3,103,S13:EMAd_0.1,-0.0012086575749048034,0.00038227196132607473,119,EXECUTED
EXP-XAI-0001,MODEL-C2,PERMUTATION_IMPORTANCE_MACRO_F1,3,104,S14:dR,0.00027193898528201645,0.0005483585773781572,87,EXECUTED
EXP-XAI-0001,MODEL-C2,PERMUTATION_IMPORTANCE_MACRO_F1,3,105,S14:dR_norm,0.0015475302531774205,0.00043012788328106806,64,EXECUTED
EXP-XAI-0001,MODEL-C2,PERMUTATION_IMPORTANCE_MACRO_F1,3,106,S14:EMAi_0.001,0.10294754831157424,0.00024615622380427294,1,EXECUTED
EXP-XAI-0001,MODEL-C2,PERMUTATION_IMPORTANCE_MACRO_F1,3,107,S14:EMAi_0.01,0.005201841628824711,0.00043585408464367375,41,EXECUTED
EXP-XAI-0001,MODEL-C2,PERMUTATION_IMPORTANCE_MACRO_F1,3,108,S14:EMAi_0.1,0.008875366456523048,0.0019128557113880565,31,EXECUTED
EXP-XAI-0001,MODEL-C2,PERMUTATION_IMPORTANCE_MACRO_F1,3,109,S14:EMAd_0.001,-0.0013269410297851892,0.0004511413033778229,120,EXECUTED
EXP-XAI-0001,MODEL-C2,PERMUTATION_IMPORTANCE_MACRO_F1,3,110,S14:EMAd_0.01,0.0009294624671001728,0.00033553873328581914,75,EXECUTED
EXP-XAI-0001,MODEL-C2,PERMUTATION_IMPORTANCE_MACRO_F1,3,111,S14:EMAd_0.1,0.0,0.0,99,EXECUTED
EXP-XAI-0001,MODEL-C2,PERMUTATION_IMPORTANCE_MACRO_F1,3,112,S15:dR,-0.0032588111127606068,0.0007744281325726266,125,EXECUTED
EXP-XAI-0001,MODEL-C2,PERMUTATION_IMPORTANCE_MACRO_F1,3,113,S15:dR_norm,0.04154222173646251,0.05015796845587783,17,EXECUTED
EXP-XAI-0001,MODEL-C2,PERMUTATION_IMPORTANCE_MACRO_F1,3,114,S15:EMAi_0.001,0.0025535290894116657,0.0004541333502579284,54,EXECUTED
EXP-XAI-0001,MODEL-C2,PERMUTATION_IMPORTANCE_MACRO_F1,3,115,S15:EMAi_0.01,0.00028854351104987683,0.000353392185331659,86,EXECUTED
EXP-XAI-0001,MODEL-C2,PERMUTATION_IMPORTANCE_MACRO_F1,3,116,S15:EMAi_0.1,-0.0009804709295661018,0.0003707784256873451,116,EXECUTED
EXP-XAI-0001,MODEL-C2,PERMUTATION_IMPORTANCE_MACRO_F1,3,117,S15:EMAd_0.001,0.025695028682972555,0.04128407919771255,24,EXECUTED
EXP-XAI-0001,MODEL-C2,PERMUTATION_IMPORTANCE_MACRO_F1,3,118,S15:EMAd_0.01,0.002870279630710626,0.0009827955986529671,51,EXECUTED
EXP-XAI-0001,MODEL-C2,PERMUTATION_IMPORTANCE_MACRO_F1,3,119,S15:EMAd_0.1,0.0009498045632976293,0.00047970481550799014,74,EXECUTED
EXP-XAI-0001,MODEL-C2,PERMUTATION_IMPORTANCE_MACRO_F1,3,120,S16:dR,-0.000846129032883991,0.0002957969633051493,113,EXECUTED
EXP-XAI-0001,MODEL-C2,PERMUTATION_IMPORTANCE_MACRO_F1,3,121,S16:dR_norm,0.004593171297714971,0.000735935914148215,43,EXECUTED
EXP-XAI-0001,MODEL-C2,PERMUTATION_IMPORTANCE_MACRO_F1,3,122,S16:EMAi_0.001,0.00014427175552493842,0.00028854351104987683,91,EXECUTED
EXP-XAI-0001,MODEL-C2,PERMUTATION_IMPORTANCE_MACRO_F1,3,123,S16:EMAi_0.01,0.0010932339321894301,0.00024336470257275698,71,EXECUTED
EXP-XAI-0001,MODEL-C2,PERMUTATION_IMPORTANCE_MACRO_F1,3,124,S16:EMAi_0.1,0.00014427175552493842,0.00028854351104987683,92,EXECUTED
EXP-XAI-0001,MODEL-C2,PERMUTATION_IMPORTANCE_MACRO_F1,3,125,S16:EMAd_0.001,0.001844059814257859,0.0010110139402489747,62,EXECUTED
EXP-XAI-0001,MODEL-C2,PERMUTATION_IMPORTANCE_MACRO_F1,3,126,S16:EMAd_0.01,0.0032015099460332543,0.0007680430942841883,50,EXECUTED
EXP-XAI-0001,MODEL-C2,PERMUTATION_IMPORTANCE_MACRO_F1,3,127,S16:EMAd_0.1,-0.00017179655712171727,0.000353392185331659,101,EXECUTED
EXP-XAI-0001,MODEL-C2,PERMUTATION_IMPORTANCE_MACRO_F1,4,0,S1:dR,0.02510552834625549,0.01070195602202805,8,EXECUTED
EXP-XAI-0001,MODEL-C2,PERMUTATION_IMPORTANCE_MACRO_F1,4,1,S1:dR_norm,-0.034943714401350176,0.009133997975940722,128,EXECUTED
EXP-XAI-0001,MODEL-C2,PERMUTATION_IMPORTANCE_MACRO_F1,4,2,S1:EMAi_0.001,0.007774084761264377,0.009812053987046182,35,EXECUTED
EXP-XAI-0001,MODEL-C2,PERMUTATION_IMPORTANCE_MACRO_F1,4,3,S1:EMAi_0.01,0.004834698878052856,0.0019093022085191348,48,EXECUTED
EXP-XAI-0001,MODEL-C2,PERMUTATION_IMPORTANCE_MACRO_F1,4,4,S1:EMAi_0.1,0.0056467553236155595,0.007390035752456645,43,EXECUTED
EXP-XAI-0001,MODEL-C2,PERMUTATION_IMPORTANCE_MACRO_F1,4,5,S1:EMAd_0.001,0.0863046134154499,0.022157985441672152,3,EXECUTED
EXP-XAI-0001,MODEL-C2,PERMUTATION_IMPORTANCE_MACRO_F1,4,6,S1:EMAd_0.01,0.02706758354974681,0.006361110605456397,7,EXECUTED
EXP-XAI-0001,MODEL-C2,PERMUTATION_IMPORTANCE_MACRO_F1,4,7,S1:EMAd_0.1,0.011000216247858075,0.004604019757203881,28,EXECUTED
EXP-XAI-0001,MODEL-C2,PERMUTATION_IMPORTANCE_MACRO_F1,4,8,S2:dR,0.11630700420449828,0.013406964438738591,2,EXECUTED
EXP-XAI-0001,MODEL-C2,PERMUTATION_IMPORTANCE_MACRO_F1,4,9,S2:dR_norm,0.04256978531507939,0.018447536603538296,5,EXECUTED
EXP-XAI-0001,MODEL-C2,PERMUTATION_IMPORTANCE_MACRO_F1,4,10,S2:EMAi_0.001,-0.01084359764342826,0.0015743643329850343,126,EXECUTED
EXP-XAI-0001,MODEL-C2,PERMUTATION_IMPORTANCE_MACRO_F1,4,11,S2:EMAi_0.01,0.018599157300362833,0.004141833527782252,13,EXECUTED
EXP-XAI-0001,MODEL-C2,PERMUTATION_IMPORTANCE_MACRO_F1,4,12,S2:EMAi_0.1,0.0025095004216547645,0.002707174154899292,62,EXECUTED
EXP-XAI-0001,MODEL-C2,PERMUTATION_IMPORTANCE_MACRO_F1,4,13,S2:EMAd_0.001,0.12868825156751917,0.015957411857318665,1,EXECUTED
EXP-XAI-0001,MODEL-C2,PERMUTATION_IMPORTANCE_MACRO_F1,4,14,S2:EMAd_0.01,0.007230075409022363,0.004270208739059701,36,EXECUTED
EXP-XAI-0001,MODEL-C2,PERMUTATION_IMPORTANCE_MACRO_F1,4,15,S2:EMAd_0.1,0.018523005087711864,0.005680886249127462,14,EXECUTED
EXP-XAI-0001,MODEL-C2,PERMUTATION_IMPORTANCE_MACRO_F1,4,16,S3:dR,0.017306290769443344,0.009322300591381784,16,EXECUTED
EXP-XAI-0001,MODEL-C2,PERMUTATION_IMPORTANCE_MACRO_F1,4,17,S3:dR_norm,-0.004573510215693566,0.0020758431077960338,123,EXECUTED
EXP-XAI-0001,MODEL-C2,PERMUTATION_IMPORTANCE_MACRO_F1,4,18,S3:EMAi_0.001,0.005019972436427667,0.004994803931683091,46,EXECUTED
EXP-XAI-0001,MODEL-C2,PERMUTATION_IMPORTANCE_MACRO_F1,4,19,S3:EMAi_0.01,0.005173286367093355,0.008419801496427168,45,EXECUTED
EXP-XAI-0001,MODEL-C2,PERMUTATION_IMPORTANCE_MACRO_F1,4,20,S3:EMAi_0.1,-0.000335630806113274,0.0004110621084682572,102,EXECUTED
EXP-XAI-0001,MODEL-C2,PERMUTATION_IMPORTANCE_MACRO_F1,4,21,S3:EMAd_0.001,0.011929608819082182,0.006872263678190647,26,EXECUTED
EXP-XAI-0001,MODEL-C2,PERMUTATION_IMPORTANCE_MACRO_F1,4,22,S3:EMAd_0.01,-0.00229199993111866,0.0018714101072449694,119,EXECUTED
EXP-XAI-0001,MODEL-C2,PERMUTATION_IMPORTANCE_MACRO_F1,4,23,S3:EMAd_0.1,0.0,0.0,76,EXECUTED
EXP-XAI-0001,MODEL-C2,PERMUTATION_IMPORTANCE_MACRO_F1,4,24,S4:dR,0.02357017840482708,0.009032458519076962,9,EXECUTED
EXP-XAI-0001,MODEL-C2,PERMUTATION_IMPORTANCE_MACRO_F1,4,25,S4:dR_norm,0.0029991499146856614,0.0036731934765457854,56,EXECUTED
EXP-XAI-0001,MODEL-C2,PERMUTATION_IMPORTANCE_MACRO_F1,4,26,S4:EMAi_0.001,0.008948450102246408,0.007263152761138464,33,EXECUTED
EXP-XAI-0001,MODEL-C2,PERMUTATION_IMPORTANCE_MACRO_F1,4,27,S4:EMAi_0.01,-0.0007639999770395533,0.0015279999540791067,110,EXECUTED
EXP-XAI-0001,MODEL-C2,PERMUTATION_IMPORTANCE_MACRO_F1,4,28,S4:EMAi_0.1,-0.000503446209169911,0.0004110621084682571,107,EXECUTED
EXP-XAI-0001,MODEL-C2,PERMUTATION_IMPORTANCE_MACRO_F1,4,29,S4:EMAd_0.001,0.004253320243755687,0.004940661127541482,50,EXECUTED
EXP-XAI-0001,MODEL-C2,PERMUTATION_IMPORTANCE_MACRO_F1,4,30,S4:EMAd_0.01,0.0,0.0,77,EXECUTED
EXP-XAI-0001,MODEL-C2,PERMUTATION_IMPORTANCE_MACRO_F1,4,31,S4:EMAd_0.1,0.0,0.0,78,EXECUTED
EXP-XAI-0001,MODEL-C2,PERMUTATION_IMPORTANCE_MACRO_F1,4,32,S5:dR,0.013376599145252821,0.007995784135200011,23,EXECUTED
EXP-XAI-0001,MODEL-C2,PERMUTATION_IMPORTANCE_MACRO_F1,4,33,S5:dR_norm,0.014457734989788218,0.0016358543417366975,21,EXECUTED
EXP-XAI-0001,MODEL-C2,PERMUTATION_IMPORTANCE_MACRO_F1,4,34,S5:EMAi_0.001,-0.00237026227671302,0.00187531129608658,121,EXECUTED
EXP-XAI-0001,MODEL-C2,PERMUTATION_IMPORTANCE_MACRO_F1,4,35,S5:EMAi_0.01,-0.0015389737954916382,0.0030779475909832764,116,EXECUTED
EXP-XAI-0001,MODEL-C2,PERMUTATION_IMPORTANCE_MACRO_F1,4,36,S5:EMAi_0.1,-0.0007639999770395533,0.0015279999540791067,111,EXECUTED
EXP-XAI-0001,MODEL-C2,PERMUTATION_IMPORTANCE_MACRO_F1,4,37,S5:EMAd_0.001,0.013570016358915526,0.004582769684260963,22,EXECUTED
EXP-XAI-0001,MODEL-C2,PERMUTATION_IMPORTANCE_MACRO_F1,4,38,S5:EMAd_0.01,0.0,0.0,79,EXECUTED
EXP-XAI-0001,MODEL-C2,PERMUTATION_IMPORTANCE_MACRO_F1,4,39,S5:EMAd_0.1,-0.0016974080108111077,0.0020960769682821442,117,EXECUTED
EXP-XAI-0001,MODEL-C2,PERMUTATION_IMPORTANCE_MACRO_F1,4,40,S6:dR,0.010824483127892349,0.008234125080922952,29,EXECUTED
EXP-XAI-0001,MODEL-C2,PERMUTATION_IMPORTANCE_MACRO_F1,4,41,S6:dR_norm,0.004929113389437223,0.0015450593696877087,47,EXECUTED
EXP-XAI-0001,MODEL-C2,PERMUTATION_IMPORTANCE_MACRO_F1,4,42,S6:EMAi_0.001,0.0,0.0,80,EXECUTED
EXP-XAI-0001,MODEL-C2,PERMUTATION_IMPORTANCE_MACRO_F1,4,43,S6:EMAi_0.01,0.0,0.0,81,EXECUTED
EXP-XAI-0001,MODEL-C2,PERMUTATION_IMPORTANCE_MACRO_F1,4,44,S6:EMAi_0.1,0.002801624095847499,0.006031547658880117,57,EXECUTED
EXP-XAI-0001,MODEL-C2,PERMUTATION_IMPORTANCE_MACRO_F1,4,45,S6:EMAd_0.001,0.012506660614826725,0.0022201093202887374,25,EXECUTED
EXP-XAI-0001,MODEL-C2,PERMUTATION_IMPORTANCE_MACRO_F1,4,46,S6:EMAd_0.01,0.0014995749573428307,0.0029991499146856614,70,EXECUTED
EXP-XAI-0001,MODEL-C2,PERMUTATION_IMPORTANCE_MACRO_F1,4,47,S6:EMAd_0.1,-0.0023029737725311916,0.003075222486856087,120,EXECUTED
EXP-XAI-0001,MODEL-C2,PERMUTATION_IMPORTANCE_MACRO_F1,4,48,S7:dR,0.002465993289734225,0.0061991259001404325,63,EXECUTED
EXP-XAI-0001,MODEL-C2,PERMUTATION_IMPORTANCE_MACRO_F1,4,49,S7:dR_norm,0.0040664804595961,0.004518123193864066,51,EXECUTED
EXP-XAI-0001,MODEL-C2,PERMUTATION_IMPORTANCE_MACRO_F1,4,50,S7:EMAi_0.001,-0.0009334080337715545,0.001866816067543109,114,EXECUTED
EXP-XAI-0001,MODEL-C2,PERMUTATION_IMPORTANCE_MACRO_F1,4,51,S7:EMAi_0.01,-0.0015279999540791067,0.0018714101072449694,115,EXECUTED
EXP-XAI-0001,MODEL-C2,PERMUTATION_IMPORTANCE_MACRO_F1,4,52,S7:EMAi_0.1,0.0,0.0,82,EXECUTED
EXP-XAI-0001,MODEL-C2,PERMUTATION_IMPORTANCE_MACRO_F1,4,53,S7:EMAd_0.001,0.003762086194981351,0.0023710604995192523,52,EXECUTED
EXP-XAI-0001,MODEL-C2,PERMUTATION_IMPORTANCE_MACRO_F1,4,54,S7:EMAd_0.01,0.0,0.0,83,EXECUTED
EXP-XAI-0001,MODEL-C2,PERMUTATION_IMPORTANCE_MACRO_F1,4,55,S7:EMAd_0.1,0.0,0.0,84,EXECUTED
EXP-XAI-0001,MODEL-C2,PERMUTATION_IMPORTANCE_MACRO_F1,4,56,S8:dR,0.0020832736164131394,0.0033751568926354563,64,EXECUTED
EXP-XAI-0001,MODEL-C2,PERMUTATION_IMPORTANCE_MACRO_F1,4,57,S8:dR_norm,-0.013288189636594661,0.010447146365432288,127,EXECUTED
EXP-XAI-0001,MODEL-C2,PERMUTATION_IMPORTANCE_MACRO_F1,4,58,S8:EMAi_0.001,-0.000335630806113274,0.0004110621084682572,103,EXECUTED
EXP-XAI-0001,MODEL-C2,PERMUTATION_IMPORTANCE_MACRO_F1,4,59,S8:EMAi_0.01,0.002801624095847499,0.006031547658880117,58,EXECUTED
EXP-XAI-0001,MODEL-C2,PERMUTATION_IMPORTANCE_MACRO_F1,4,60,S8:EMAi_0.1,0.002801624095847499,0.006031547658880117,59,EXECUTED
EXP-XAI-0001,MODEL-C2,PERMUTATION_IMPORTANCE_MACRO_F1,4,61,S8:EMAd_0.001,0.004449029716771235,0.0018007365123076323,49,EXECUTED
EXP-XAI-0001,MODEL-C2,PERMUTATION_IMPORTANCE_MACRO_F1,4,62,S8:EMAd_0.01,0.0015083408250923468,0.00184733268984241,67,EXECUTED
EXP-XAI-0001,MODEL-C2,PERMUTATION_IMPORTANCE_MACRO_F1,4,63,S8:EMAd_0.1,0.0,0.0,85,EXECUTED
EXP-XAI-0001,MODEL-C2,PERMUTATION_IMPORTANCE_MACRO_F1,4,64,S9:dR,-0.0009318153800961903,0.001480206056437309,113,EXECUTED
EXP-XAI-0001,MODEL-C2,PERMUTATION_IMPORTANCE_MACRO_F1,4,65,S9:dR_norm,0.039344106234452114,0.014395067953685706,6,EXECUTED
EXP-XAI-0001,MODEL-C2,PERMUTATION_IMPORTANCE_MACRO_F1,4,66,S9:EMAi_0.001,0.0015083408250923468,0.00184733268984241,68,EXECUTED
EXP-XAI-0001,MODEL-C2,PERMUTATION_IMPORTANCE_MACRO_F1,4,67,S9:EMAi_0.01,0.006215786559560987,0.004678267311831015,39,EXECUTED
EXP-XAI-0001,MODEL-C2,PERMUTATION_IMPORTANCE_MACRO_F1,4,68,S9:EMAi_0.1,0.001008205259928352,0.0016068272155982562,71,EXECUTED
EXP-XAI-0001,MODEL-C2,PERMUTATION_IMPORTANCE_MACRO_F1,4,69,S9:EMAd_0.001,0.020087439281625485,0.0047593331618654,11,EXECUTED
EXP-XAI-0001,MODEL-C2,PERMUTATION_IMPORTANCE_MACRO_F1,4,70,S9:EMAd_0.01,0.016966111969319363,0.0036916512079095813,17,EXECUTED
EXP-XAI-0001,MODEL-C2,PERMUTATION_IMPORTANCE_MACRO_F1,4,71,S9:EMAd_0.1,0.010338398491696332,0.006275144368847129,30,EXECUTED
EXP-XAI-0001,MODEL-C2,PERMUTATION_IMPORTANCE_MACRO_F1,4,72,S10:dR,0.003716960277495529,0.008304775745560562,53,EXECUTED
EXP-XAI-0001,MODEL-C2,PERMUTATION_IMPORTANCE_MACRO_F1,4,73,S10:dR_norm,0.01576803528423759,0.017094469277372775,19,EXECUTED
EXP-XAI-0001,MODEL-C2,PERMUTATION_IMPORTANCE_MACRO_F1,4,74,S10:EMAi_0.001,0.00896117408888648,0.007495883193667066,32,EXECUTED
EXP-XAI-0001,MODEL-C2,PERMUTATION_IMPORTANCE_MACRO_F1,4,75,S10:EMAi_0.01,0.005327670351044289,0.004041882379457845,44,EXECUTED
EXP-XAI-0001,MODEL-C2,PERMUTATION_IMPORTANCE_MACRO_F1,4,76,S10:EMAi_0.1,0.0015083408250923468,0.00184733268984241,69,EXECUTED
EXP-XAI-0001,MODEL-C2,PERMUTATION_IMPORTANCE_MACRO_F1,4,77,S10:EMAd_0.001,0.003545475894715211,0.0014971643080723405,54,EXECUTED
EXP-XAI-0001,MODEL-C2,PERMUTATION_IMPORTANCE_MACRO_F1,4,78,S10:EMAd_0.01,-0.0081553923505284,0.00751695883710008,124,EXECUTED
EXP-XAI-0001,MODEL-C2,PERMUTATION_IMPORTANCE_MACRO_F1,4,79,S10:EMAd_0.1,-0.008594913837373786,0.007613016548045032,125,EXECUTED
EXP-XAI-0001,MODEL-C2,PERMUTATION_IMPORTANCE_MACRO_F1,4,80,S11:dR,0.010109745066741027,0.007422220539225022,31,EXECUTED
EXP-XAI-0001,MODEL-C2,PERMUTATION_IMPORTANCE_MACRO_F1,4,81,S11:dR_norm,0.008219956608881241,0.003632678650121782,34,EXECUTED
EXP-XAI-0001,MODEL-C2,PERMUTATION_IMPORTANCE_MACRO_F1,4,82,S11:EMAi_0.001,0.01490242384437288,0.007498604785019901,20,EXECUTED
EXP-XAI-0001,MODEL-C2,PERMUTATION_IMPORTANCE_MACRO_F1,4,83,S11:EMAi_0.01,-0.000167815403056637,0.000335630806113274,100,EXECUTED
EXP-XAI-0001,MODEL-C2,PERMUTATION_IMPORTANCE_MACRO_F1,4,84,S11:EMAi_0.1,-8.325128073405352e-05,0.001511651469098263,99,EXECUTED
EXP-XAI-0001,MODEL-C2,PERMUTATION_IMPORTANCE_MACRO_F1,4,85,S11:EMAd_0.001,0.017530643262335843,0.003637643488297882,15,EXECUTED
EXP-XAI-0001,MODEL-C2,PERMUTATION_IMPORTANCE_MACRO_F1,4,86,S11:EMAd_0.01,0.0030166816501846936,0.0015083408250923468,55,EXECUTED
EXP-XAI-0001,MODEL-C2,PERMUTATION_IMPORTANCE_MACRO_F1,4,87,S11:EMAd_0.1,0.0,0.0,86,EXECUTED
EXP-XAI-0001,MODEL-C2,PERMUTATION_IMPORTANCE_MACRO_F1,4,88,S12:dR,0.022658127400981186,0.009207437824748083,10,EXECUTED
EXP-XAI-0001,MODEL-C2,PERMUTATION_IMPORTANCE_MACRO_F1,4,89,S12:dR_norm,0.011544486420806032,0.0032620384645595767,27,EXECUTED
EXP-XAI-0001,MODEL-C2,PERMUTATION_IMPORTANCE_MACRO_F1,4,90,S12:EMAi_0.001,0.016356286228100002,0.01108103479207369,18,EXECUTED
EXP-XAI-0001,MODEL-C2,PERMUTATION_IMPORTANCE_MACRO_F1,4,91,S12:EMAi_0.01,-0.000503446209169911,0.0004110621084682571,108,EXECUTED
EXP-XAI-0001,MODEL-C2,PERMUTATION_IMPORTANCE_MACRO_F1,4,92,S12:EMAi_0.1,0.0017768776917958195,0.0075526883460360385,65,EXECUTED
EXP-XAI-0001,MODEL-C2,PERMUTATION_IMPORTANCE_MACRO_F1,4,93,S12:EMAd_0.001,0.018702956159988647,0.0015083408250923913,12,EXECUTED
EXP-XAI-0001,MODEL-C2,PERMUTATION_IMPORTANCE_MACRO_F1,4,94,S12:EMAd_0.01,0.0,0.0,87,EXECUTED
EXP-XAI-0001,MODEL-C2,PERMUTATION_IMPORTANCE_MACRO_F1,4,95,S12:EMAd_0.1,0.0,0.0,88,EXECUTED
EXP-XAI-0001,MODEL-C2,PERMUTATION_IMPORTANCE_MACRO_F1,4,96,S13:dR,0.0071984045302806,0.010016504485340623,37,EXECUTED
EXP-XAI-0001,MODEL-C2,PERMUTATION_IMPORTANCE_MACRO_F1,4,97,S13:dR_norm,-9.829564493379905e-06,0.00240046834181257,98,EXECUTED
EXP-XAI-0001,MODEL-C2,PERMUTATION_IMPORTANCE_MACRO_F1,4,98,S13:EMAi_0.001,0.000508031511053475,0.007699855067946884,74,EXECUTED
EXP-XAI-0001,MODEL-C2,PERMUTATION_IMPORTANCE_MACRO_F1,4,99,S13:EMAi_0.01,0.0,0.0,89,EXECUTED
EXP-XAI-0001,MODEL-C2,PERMUTATION_IMPORTANCE_MACRO_F1,4,100,S13:EMAi_0.1,0.0,0.0,90,EXECUTED
EXP-XAI-0001,MODEL-C2,PERMUTATION_IMPORTANCE_MACRO_F1,4,101,S13:EMAd_0.001,0.006007065697120839,0.001825860786703376,40,EXECUTED
EXP-XAI-0001,MODEL-C2,PERMUTATION_IMPORTANCE_MACRO_F1,4,102,S13:EMAd_0.01,-0.0007639999770395533,0.0015279999540791067,112,EXECUTED
EXP-XAI-0001,MODEL-C2,PERMUTATION_IMPORTANCE_MACRO_F1,4,103,S13:EMAd_0.1,-0.0022024468736563827,0.0020355228907690116,118,EXECUTED
EXP-XAI-0001,MODEL-C2,PERMUTATION_IMPORTANCE_MACRO_F1,4,104,S14:dR,0.0016404665864990786,0.007597538238434726,66,EXECUTED
EXP-XAI-0001,MODEL-C2,PERMUTATION_IMPORTANCE_MACRO_F1,4,105,S14:dR_norm,0.012682618996326056,0.005800283063511109,24,EXECUTED
EXP-XAI-0001,MODEL-C2,PERMUTATION_IMPORTANCE_MACRO_F1,4,106,S14:EMAi_0.001,-0.000671261612226548,0.00033563080611327396,109,EXECUTED
EXP-XAI-0001,MODEL-C2,PERMUTATION_IMPORTANCE_MACRO_F1,4,107,S14:EMAi_0.01,0.0007541704125461734,0.0015083408250923468,73,EXECUTED
EXP-XAI-0001,MODEL-C2,PERMUTATION_IMPORTANCE_MACRO_F1,4,108,S14:EMAi_0.1,0.0,0.0,91,EXECUTED
EXP-XAI-0001,MODEL-C2,PERMUTATION_IMPORTANCE_MACRO_F1,4,109,S14:EMAd_0.001,0.0067446960010409725,0.0027765974496050984,38,EXECUTED
EXP-XAI-0001,MODEL-C2,PERMUTATION_IMPORTANCE_MACRO_F1,4,110,S14:EMAd_0.01,0.0,0.0,92,EXECUTED
EXP-XAI-0001,MODEL-C2,PERMUTATION_IMPORTANCE_MACRO_F1,4,111,S14:EMAd_0.1,0.0,0.0,93,EXECUTED
EXP-XAI-0001,MODEL-C2,PERMUTATION_IMPORTANCE_MACRO_F1,4,112,S15:dR,0.07291194265063003,0.022262689327210313,4,EXECUTED
EXP-XAI-0001,MODEL-C2,PERMUTATION_IMPORTANCE_MACRO_F1,4,113,S15:dR_norm,-0.004004019257296565,0.003205693947773278,122,EXECUTED
EXP-XAI-0001,MODEL-C2,PERMUTATION_IMPORTANCE_MACRO_F1,4,114,S15:EMAi_0.001,-0.000335630806113274,0.0004110621084682572,104,EXECUTED
EXP-XAI-0001,MODEL-C2,PERMUTATION_IMPORTANCE_MACRO_F1,4,115,S15:EMAi_0.01,0.0059388789978082725,0.007626940578275922,41,EXECUTED
EXP-XAI-0001,MODEL-C2,PERMUTATION_IMPORTANCE_MACRO_F1,4,116,S15:EMAi_0.1,0.0,0.0,94,EXECUTED
EXP-XAI-0001,MODEL-C2,PERMUTATION_IMPORTANCE_MACRO_F1,4,117,S15:EMAd_0.001,0.0,0.0,95,EXECUTED
EXP-XAI-0001,MODEL-C2,PERMUTATION_IMPORTANCE_MACRO_F1,4,118,S15:EMAd_0.01,0.0,0.0,96,EXECUTED
EXP-XAI-0001,MODEL-C2,PERMUTATION_IMPORTANCE_MACRO_F1,4,119,S15:EMAd_0.1,0.0,0.0,97,EXECUTED
EXP-XAI-0001,MODEL-C2,PERMUTATION_IMPORTANCE_MACRO_F1,4,120,S16:dR,-0.000335630806113274,0.0004110621084682572,105,EXECUTED
EXP-XAI-0001,MODEL-C2,PERMUTATION_IMPORTANCE_MACRO_F1,4,121,S16:dR_norm,0.0007729650425018387,0.006904482220580757,72,EXECUTED
EXP-XAI-0001,MODEL-C2,PERMUTATION_IMPORTANCE_MACRO_F1,4,122,S16:EMAi_0.001,-0.000335630806113274,0.0004110621084682572,106,EXECUTED
EXP-XAI-0001,MODEL-C2,PERMUTATION_IMPORTANCE_MACRO_F1,4,123,S16:EMAi_0.01,0.002801624095847499,0.006031547658880117,60,EXECUTED
EXP-XAI-0001,MODEL-C2,PERMUTATION_IMPORTANCE_MACRO_F1,4,124,S16:EMAi_0.1,0.002801624095847499,0.006031547658880117,61,EXECUTED
EXP-XAI-0001,MODEL-C2,PERMUTATION_IMPORTANCE_MACRO_F1,4,125,S16:EMAd_0.001,9.481163271072291e-05,0.0025685165921391713,75,EXECUTED
EXP-XAI-0001,MODEL-C2,PERMUTATION_IMPORTANCE_MACRO_F1,4,126,S16:EMAd_0.01,-0.000167815403056637,0.000335630806113274,101,EXECUTED
EXP-XAI-0001,MODEL-C2,PERMUTATION_IMPORTANCE_MACRO_F1,4,127,S16:EMAd_0.1,0.005771063594751635,0.0077637710790573735,42,EXECUTED
EXP-XAI-0001,MODEL-C2,PERMUTATION_IMPORTANCE_MACRO_F1,5,0,S1:dR,0.03770547144840562,0.010744471924079629,3,EXECUTED
EXP-XAI-0001,MODEL-C2,PERMUTATION_IMPORTANCE_MACRO_F1,5,1,S1:dR_norm,0.0013723089409867217,0.0027446178819734435,35,EXECUTED
EXP-XAI-0001,MODEL-C2,PERMUTATION_IMPORTANCE_MACRO_F1,5,2,S1:EMAi_0.001,0.0,0.0,41,EXECUTED
EXP-XAI-0001,MODEL-C2,PERMUTATION_IMPORTANCE_MACRO_F1,5,3,S1:EMAi_0.01,0.0,0.0,42,EXECUTED
EXP-XAI-0001,MODEL-C2,PERMUTATION_IMPORTANCE_MACRO_F1,5,4,S1:EMAi_0.1,0.0,0.0,43,EXECUTED
EXP-XAI-0001,MODEL-C2,PERMUTATION_IMPORTANCE_MACRO_F1,5,5,S1:EMAd_0.001,0.037858686222687433,0.01089628821186841,1,EXECUTED
EXP-XAI-0001,MODEL-C2,PERMUTATION_IMPORTANCE_MACRO_F1,5,6,S1:EMAd_0.01,0.020451107211884246,0.006550605860175434,5,EXECUTED
EXP-XAI-0001,MODEL-C2,PERMUTATION_IMPORTANCE_MACRO_F1,5,7,S1:EMAd_0.1,0.016090622853228022,0.005568934610092355,7,EXECUTED
EXP-XAI-0001,MODEL-C2,PERMUTATION_IMPORTANCE_MACRO_F1,5,8,S2:dR,0.01934162564026818,0.005456031047608145,6,EXECUTED
EXP-XAI-0001,MODEL-C2,PERMUTATION_IMPORTANCE_MACRO_F1,5,9,S2:dR_norm,-0.005000000000000027,0.002500000000000013,127,EXECUTED
EXP-XAI-0001,MODEL-C2,PERMUTATION_IMPORTANCE_MACRO_F1,5,10,S2:EMAi_0.001,0.0012829828733443072,0.0025659657466886145,36,EXECUTED
EXP-XAI-0001,MODEL-C2,PERMUTATION_IMPORTANCE_MACRO_F1,5,11,S2:EMAi_0.01,0.0,0.0,44,EXECUTED
EXP-XAI-0001,MODEL-C2,PERMUTATION_IMPORTANCE_MACRO_F1,5,12,S2:EMAi_0.1,0.0,0.0,45,EXECUTED
EXP-XAI-0001,MODEL-C2,PERMUTATION_IMPORTANCE_MACRO_F1,5,13,S2:EMAd_0.001,0.006414914366721536,0.0,12,EXECUTED
EXP-XAI-0001,MODEL-C2,PERMUTATION_IMPORTANCE_MACRO_F1,5,14,S2:EMAd_0.01,0.0025659657466886145,0.00314265338842337,30,EXECUTED
EXP-XAI-0001,MODEL-C2,PERMUTATION_IMPORTANCE_MACRO_F1,5,15,S2:EMAd_0.1,0.0012829828733443072,0.0025659657466886145,37,EXECUTED
EXP-XAI-0001,MODEL-C2,PERMUTATION_IMPORTANCE_MACRO_F1,5,16,S3:dR,0.0,0.0,46,EXECUTED
EXP-XAI-0001,MODEL-C2,PERMUTATION_IMPORTANCE_MACRO_F1,5,17,S3:dR_norm,0.007765557887482654,0.0027012870415222376,11,EXECUTED
EXP-XAI-0001,MODEL-C2,PERMUTATION_IMPORTANCE_MACRO_F1,5,18,S3:EMAi_0.001,0.0,0.0,47,EXECUTED
EXP-XAI-0001,MODEL-C2,PERMUTATION_IMPORTANCE_MACRO_F1,5,19,S3:EMAi_0.01,0.0025659657466886145,0.0031426533884233694,31,EXECUTED
EXP-XAI-0001,MODEL-C2,PERMUTATION_IMPORTANCE_MACRO_F1,5,20,S3:EMAi_0.1,0.0,0.0,48,EXECUTED
EXP-XAI-0001,MODEL-C2,PERMUTATION_IMPORTANCE_MACRO_F1,5,21,S3:EMAd_0.001,0.0,0.0,49,EXECUTED
EXP-XAI-0001,MODEL-C2,PERMUTATION_IMPORTANCE_MACRO_F1,5,22,S3:EMAd_0.01,0.0038489486200329213,0.0031426533884233694,27,EXECUTED
EXP-XAI-0001,MODEL-C2,PERMUTATION_IMPORTANCE_MACRO_F1,5,23,S3:EMAd_0.1,0.0,0.0,50,EXECUTED
EXP-XAI-0001,MODEL-C2,PERMUTATION_IMPORTANCE_MACRO_F1,5,24,S4:dR,0.0,0.0,51,EXECUTED
EXP-XAI-0001,MODEL-C2,PERMUTATION_IMPORTANCE_MACRO_F1,5,25,S4:dR_norm,0.0025659657466886145,0.0031426533884233694,32,EXECUTED
EXP-XAI-0001,MODEL-C2,PERMUTATION_IMPORTANCE_MACRO_F1,5,26,S4:EMAi_0.001,0.0025659657466886145,0.0031426533884233694,33,EXECUTED
EXP-XAI-0001,MODEL-C2,PERMUTATION_IMPORTANCE_MACRO_F1,5,27,S4:EMAi_0.01,0.0,0.0,52,EXECUTED
EXP-XAI-0001,MODEL-C2,PERMUTATION_IMPORTANCE_MACRO_F1,5,28,S4:EMAi_0.1,0.0,0.0,53,EXECUTED
EXP-XAI-0001,MODEL-C2,PERMUTATION_IMPORTANCE_MACRO_F1,5,29,S4:EMAd_0.001,0.0,0.0,54,EXECUTED
EXP-XAI-0001,MODEL-C2,PERMUTATION_IMPORTANCE_MACRO_F1,5,30,S4:EMAd_0.01,0.006414914366721536,0.0,13,EXECUTED
EXP-XAI-0001,MODEL-C2,PERMUTATION_IMPORTANCE_MACRO_F1,5,31,S4:EMAd_0.1,0.0,0.0,55,EXECUTED
EXP-XAI-0001,MODEL-C2,PERMUTATION_IMPORTANCE_MACRO_F1,5,32,S5:dR,0.0,0.0,56,EXECUTED
EXP-XAI-0001,MODEL-C2,PERMUTATION_IMPORTANCE_MACRO_F1,5,33,S5:dR_norm,0.0,0.0,57,EXECUTED
EXP-XAI-0001,MODEL-C2,PERMUTATION_IMPORTANCE_MACRO_F1,5,34,S5:EMAi_0.001,0.0,0.0,58,EXECUTED
EXP-XAI-0001,MODEL-C2,PERMUTATION_IMPORTANCE_MACRO_F1,5,35,S5:EMAi_0.01,0.0,0.0,59,EXECUTED
EXP-XAI-0001,MODEL-C2,PERMUTATION_IMPORTANCE_MACRO_F1,5,36,S5:EMAi_0.1,0.0,0.0,60,EXECUTED
EXP-XAI-0001,MODEL-C2,PERMUTATION_IMPORTANCE_MACRO_F1,5,37,S5:EMAd_0.001,0.0,0.0,61,EXECUTED
EXP-XAI-0001,MODEL-C2,PERMUTATION_IMPORTANCE_MACRO_F1,5,38,S5:EMAd_0.01,0.0,0.0,62,EXECUTED
EXP-XAI-0001,MODEL-C2,PERMUTATION_IMPORTANCE_MACRO_F1,5,39,S5:EMAd_0.1,0.0,0.0,63,EXECUTED
EXP-XAI-0001,MODEL-C2,PERMUTATION_IMPORTANCE_MACRO_F1,5,40,S6:dR,0.0,0.0,64,EXECUTED
EXP-XAI-0001,MODEL-C2,PERMUTATION_IMPORTANCE_MACRO_F1,5,41,S6:dR_norm,0.0,0.0,65,EXECUTED
EXP-XAI-0001,MODEL-C2,PERMUTATION_IMPORTANCE_MACRO_F1,5,42,S6:EMAi_0.001,0.0,0.0,66,EXECUTED
EXP-XAI-0001,MODEL-C2,PERMUTATION_IMPORTANCE_MACRO_F1,5,43,S6:EMAi_0.01,0.0,0.0,67,EXECUTED
EXP-XAI-0001,MODEL-C2,PERMUTATION_IMPORTANCE_MACRO_F1,5,44,S6:EMAi_0.1,0.0,0.0,68,EXECUTED
EXP-XAI-0001,MODEL-C2,PERMUTATION_IMPORTANCE_MACRO_F1,5,45,S6:EMAd_0.001,0.0,0.0,69,EXECUTED
EXP-XAI-0001,MODEL-C2,PERMUTATION_IMPORTANCE_MACRO_F1,5,46,S6:EMAd_0.01,0.0,0.0,70,EXECUTED
EXP-XAI-0001,MODEL-C2,PERMUTATION_IMPORTANCE_MACRO_F1,5,47,S6:EMAd_0.1,0.0,0.0,71,EXECUTED
EXP-XAI-0001,MODEL-C2,PERMUTATION_IMPORTANCE_MACRO_F1,5,48,S7:dR,0.0,0.0,72,EXECUTED
EXP-XAI-0001,MODEL-C2,PERMUTATION_IMPORTANCE_MACRO_F1,5,49,S7:dR_norm,0.013241866584253349,0.004388623720215339,9,EXECUTED
EXP-XAI-0001,MODEL-C2,PERMUTATION_IMPORTANCE_MACRO_F1,5,50,S7:EMAi_0.001,0.0,0.0,73,EXECUTED
EXP-XAI-0001,MODEL-C2,PERMUTATION_IMPORTANCE_MACRO_F1,5,51,S7:EMAi_0.01,0.0,0.0,74,EXECUTED
EXP-XAI-0001,MODEL-C2,PERMUTATION_IMPORTANCE_MACRO_F1,5,52,S7:EMAi_0.1,0.0,0.0,75,EXECUTED
EXP-XAI-0001,MODEL-C2,PERMUTATION_IMPORTANCE_MACRO_F1,5,53,S7:EMAd_0.001,0.0,0.0,76,EXECUTED
EXP-XAI-0001,MODEL-C2,PERMUTATION_IMPORTANCE_MACRO_F1,5,54,S7:EMAd_0.01,0.006414914366721536,0.0,14,EXECUTED
EXP-XAI-0001,MODEL-C2,PERMUTATION_IMPORTANCE_MACRO_F1,5,55,S7:EMAd_0.1,0.0,0.0,77,EXECUTED
EXP-XAI-0001,MODEL-C2,PERMUTATION_IMPORTANCE_MACRO_F1,5,56,S8:dR,0.0,0.0,78,EXECUTED
EXP-XAI-0001,MODEL-C2,PERMUTATION_IMPORTANCE_MACRO_F1,5,57,S8:dR_norm,0.01054057954273111,0.00553207035311566,10,EXECUTED
EXP-XAI-0001,MODEL-C2,PERMUTATION_IMPORTANCE_MACRO_F1,5,58,S8:EMAi_0.001,0.0,0.0,79,EXECUTED
EXP-XAI-0001,MODEL-C2,PERMUTATION_IMPORTANCE_MACRO_F1,5,59,S8:EMAi_0.01,0.0,0.0,80,EXECUTED
EXP-XAI-0001,MODEL-C2,PERMUTATION_IMPORTANCE_MACRO_F1,5,60,S8:EMAi_0.1,0.0,0.0,81,EXECUTED
EXP-XAI-0001,MODEL-C2,PERMUTATION_IMPORTANCE_MACRO_F1,5,61,S8:EMAd_0.001,0.006414914366721536,0.0,15,EXECUTED
EXP-XAI-0001,MODEL-C2,PERMUTATION_IMPORTANCE_MACRO_F1,5,62,S8:EMAd_0.01,0.006414914366721536,0.0,16,EXECUTED
EXP-XAI-0001,MODEL-C2,PERMUTATION_IMPORTANCE_MACRO_F1,5,63,S8:EMAd_0.1,0.0,0.0,82,EXECUTED
EXP-XAI-0001,MODEL-C2,PERMUTATION_IMPORTANCE_MACRO_F1,5,64,S9:dR,0.03660868622268744,0.011409437564986849,4,EXECUTED
EXP-XAI-0001,MODEL-C2,PERMUTATION_IMPORTANCE_MACRO_F1,5,65,S9:dR_norm,-0.0024340342533114125,0.0031163048556018045,126,EXECUTED
EXP-XAI-0001,MODEL-C2,PERMUTATION_IMPORTANCE_MACRO_F1,5,66,S9:EMAi_0.001,0.0,0.0,83,EXECUTED
EXP-XAI-0001,MODEL-C2,PERMUTATION_IMPORTANCE_MACRO_F1,5,67,S9:EMAi_0.01,0.005131931493377229,0.0025659657466886145,24,EXECUTED
EXP-XAI-0001,MODEL-C2,PERMUTATION_IMPORTANCE_MACRO_F1,5,68,S9:EMAi_0.1,0.005131931493377229,0.0025659657466886145,25,EXECUTED
EXP-XAI-0001,MODEL-C2,PERMUTATION_IMPORTANCE_MACRO_F1,5,69,S9:EMAd_0.001,0.0,0.0,84,EXECUTED
EXP-XAI-0001,MODEL-C2,PERMUTATION_IMPORTANCE_MACRO_F1,5,70,S9:EMAd_0.01,0.0,0.0,85,EXECUTED
EXP-XAI-0001,MODEL-C2,PERMUTATION_IMPORTANCE_MACRO_F1,5,71,S9:EMAd_0.1,0.0038489486200329213,0.00314265338842337,28,EXECUTED
EXP-XAI-0001,MODEL-C2,PERMUTATION_IMPORTANCE_MACRO_F1,5,72,S10:dR,0.037858686222687433,0.01089628821186841,2,EXECUTED
EXP-XAI-0001,MODEL-C2,PERMUTATION_IMPORTANCE_MACRO_F1,5,73,S10:dR_norm,-0.01105944055944057,0.004474504773477303,128,EXECUTED
EXP-XAI-0001,MODEL-C2,PERMUTATION_IMPORTANCE_MACRO_F1,5,74,S10:EMAi_0.001,0.0,0.0,86,EXECUTED
EXP-XAI-0001,MODEL-C2,PERMUTATION_IMPORTANCE_MACRO_F1,5,75,S10:EMAi_0.01,0.005131931493377229,0.0025659657466886145,26,EXECUTED
EXP-XAI-0001,MODEL-C2,PERMUTATION_IMPORTANCE_MACRO_F1,5,76,S10:EMAi_0.1,0.006414914366721536,0.0,17,EXECUTED
EXP-XAI-0001,MODEL-C2,PERMUTATION_IMPORTANCE_MACRO_F1,5,77,S10:EMAd_0.001,0.0012829828733443072,0.0025659657466886145,38,EXECUTED
EXP-XAI-0001,MODEL-C2,PERMUTATION_IMPORTANCE_MACRO_F1,5,78,S10:EMAd_0.01,0.0012829828733443072,0.0025659657466886145,39,EXECUTED
EXP-XAI-0001,MODEL-C2,PERMUTATION_IMPORTANCE_MACRO_F1,5,79,S10:EMAd_0.1,0.0012829828733443072,0.0025659657466886145,40,EXECUTED
EXP-XAI-0001,MODEL-C2,PERMUTATION_IMPORTANCE_MACRO_F1,5,80,S11:dR,0.0,0.0,87,EXECUTED
EXP-XAI-0001,MODEL-C2,PERMUTATION_IMPORTANCE_MACRO_F1,5,81,S11:dR_norm,0.0,0.0,88,EXECUTED
EXP-XAI-0001,MODEL-C2,PERMUTATION_IMPORTANCE_MACRO_F1,5,82,S11:EMAi_0.001,0.0,0.0,89,EXECUTED
EXP-XAI-0001,MODEL-C2,PERMUTATION_IMPORTANCE_MACRO_F1,5,83,S11:EMAi_0.01,0.0,0.0,90,EXECUTED
EXP-XAI-0001,MODEL-C2,PERMUTATION_IMPORTANCE_MACRO_F1,5,84,S11:EMAi_0.1,0.0,0.0,91,EXECUTED
EXP-XAI-0001,MODEL-C2,PERMUTATION_IMPORTANCE_MACRO_F1,5,85,S11:EMAd_0.001,0.0,0.0,92,EXECUTED
EXP-XAI-0001,MODEL-C2,PERMUTATION_IMPORTANCE_MACRO_F1,5,86,S11:EMAd_0.01,0.006414914366721536,0.0,18,EXECUTED
EXP-XAI-0001,MODEL-C2,PERMUTATION_IMPORTANCE_MACRO_F1,5,87,S11:EMAd_0.1,0.0,0.0,93,EXECUTED
EXP-XAI-0001,MODEL-C2,PERMUTATION_IMPORTANCE_MACRO_F1,5,88,S12:dR,0.0,0.0,94,EXECUTED
EXP-XAI-0001,MODEL-C2,PERMUTATION_IMPORTANCE_MACRO_F1,5,89,S12:dR_norm,0.0,0.0,95,EXECUTED
EXP-XAI-0001,MODEL-C2,PERMUTATION_IMPORTANCE_MACRO_F1,5,90,S12:EMAi_0.001,0.0,0.0,96,EXECUTED
EXP-XAI-0001,MODEL-C2,PERMUTATION_IMPORTANCE_MACRO_F1,5,91,S12:EMAi_0.01,0.0,0.0,97,EXECUTED
EXP-XAI-0001,MODEL-C2,PERMUTATION_IMPORTANCE_MACRO_F1,5,92,S12:EMAi_0.1,0.0,0.0,98,EXECUTED
EXP-XAI-0001,MODEL-C2,PERMUTATION_IMPORTANCE_MACRO_F1,5,93,S12:EMAd_0.001,0.0,0.0,99,EXECUTED
EXP-XAI-0001,MODEL-C2,PERMUTATION_IMPORTANCE_MACRO_F1,5,94,S12:EMAd_0.01,0.006414914366721536,0.0,19,EXECUTED
EXP-XAI-0001,MODEL-C2,PERMUTATION_IMPORTANCE_MACRO_F1,5,95,S12:EMAd_0.1,0.0,0.0,100,EXECUTED
EXP-XAI-0001,MODEL-C2,PERMUTATION_IMPORTANCE_MACRO_F1,5,96,S13:dR,0.0,0.0,101,EXECUTED
EXP-XAI-0001,MODEL-C2,PERMUTATION_IMPORTANCE_MACRO_F1,5,97,S13:dR_norm,0.0025659657466886145,0.0031426533884233694,34,EXECUTED
EXP-XAI-0001,MODEL-C2,PERMUTATION_IMPORTANCE_MACRO_F1,5,98,S13:EMAi_0.001,0.0,0.0,102,EXECUTED
EXP-XAI-0001,MODEL-C2,PERMUTATION_IMPORTANCE_MACRO_F1,5,99,S13:EMAi_0.01,0.0,0.0,103,EXECUTED
EXP-XAI-0001,MODEL-C2,PERMUTATION_IMPORTANCE_MACRO_F1,5,100,S13:EMAi_0.1,0.0,0.0,104,EXECUTED
EXP-XAI-0001,MODEL-C2,PERMUTATION_IMPORTANCE_MACRO_F1,5,101,S13:EMAd_0.001,0.0,0.0,105,EXECUTED
EXP-XAI-0001,MODEL-C2,PERMUTATION_IMPORTANCE_MACRO_F1,5,102,S13:EMAd_0.01,0.0,0.0,106,EXECUTED
EXP-XAI-0001,MODEL-C2,PERMUTATION_IMPORTANCE_MACRO_F1,5,103,S13:EMAd_0.1,0.0,0.0,107,EXECUTED
EXP-XAI-0001,MODEL-C2,PERMUTATION_IMPORTANCE_MACRO_F1,5,104,S14:dR,0.0,0.0,108,EXECUTED
EXP-XAI-0001,MODEL-C2,PERMUTATION_IMPORTANCE_MACRO_F1,5,105,S14:dR_norm,0.0,0.0,109,EXECUTED
EXP-XAI-0001,MODEL-C2,PERMUTATION_IMPORTANCE_MACRO_F1,5,106,S14:EMAi_0.001,0.0,0.0,110,EXECUTED
EXP-XAI-0001,MODEL-C2,PERMUTATION_IMPORTANCE_MACRO_F1,5,107,S14:EMAi_0.01,0.0,0.0,111,EXECUTED
EXP-XAI-0001,MODEL-C2,PERMUTATION_IMPORTANCE_MACRO_F1,5,108,S14:EMAi_0.1,0.006414914366721536,0.0,20,EXECUTED
EXP-XAI-0001,MODEL-C2,PERMUTATION_IMPORTANCE_MACRO_F1,5,109,S14:EMAd_0.001,0.0,0.0,112,EXECUTED
EXP-XAI-0001,MODEL-C2,PERMUTATION_IMPORTANCE_MACRO_F1,5,110,S14:EMAd_0.01,0.0,0.0,113,EXECUTED
EXP-XAI-0001,MODEL-C2,PERMUTATION_IMPORTANCE_MACRO_F1,5,111,S14:EMAd_0.1,0.0,0.0,114,EXECUTED
EXP-XAI-0001,MODEL-C2,PERMUTATION_IMPORTANCE_MACRO_F1,5,112,S15:dR,0.0,0.0,115,EXECUTED
EXP-XAI-0001,MODEL-C2,PERMUTATION_IMPORTANCE_MACRO_F1,5,113,S15:dR_norm,0.0038489486200329213,0.0031426533884233694,29,EXECUTED
EXP-XAI-0001,MODEL-C2,PERMUTATION_IMPORTANCE_MACRO_F1,5,114,S15:EMAi_0.001,0.0,0.0,116,EXECUTED
EXP-XAI-0001,MODEL-C2,PERMUTATION_IMPORTANCE_MACRO_F1,5,115,S15:EMAi_0.01,0.0,0.0,117,EXECUTED
EXP-XAI-0001,MODEL-C2,PERMUTATION_IMPORTANCE_MACRO_F1,5,116,S15:EMAi_0.1,0.0,0.0,118,EXECUTED
EXP-XAI-0001,MODEL-C2,PERMUTATION_IMPORTANCE_MACRO_F1,5,117,S15:EMAd_0.001,0.006414914366721536,0.0,21,EXECUTED
EXP-XAI-0001,MODEL-C2,PERMUTATION_IMPORTANCE_MACRO_F1,5,118,S15:EMAd_0.01,0.0,0.0,119,EXECUTED
EXP-XAI-0001,MODEL-C2,PERMUTATION_IMPORTANCE_MACRO_F1,5,119,S15:EMAd_0.1,0.0,0.0,120,EXECUTED
EXP-XAI-0001,MODEL-C2,PERMUTATION_IMPORTANCE_MACRO_F1,5,120,S16:dR,0.0,0.0,121,EXECUTED
EXP-XAI-0001,MODEL-C2,PERMUTATION_IMPORTANCE_MACRO_F1,5,121,S16:dR_norm,0.013315601197979565,0.006205575132793957,8,EXECUTED
EXP-XAI-0001,MODEL-C2,PERMUTATION_IMPORTANCE_MACRO_F1,5,122,S16:EMAi_0.001,0.0,0.0,122,EXECUTED
EXP-XAI-0001,MODEL-C2,PERMUTATION_IMPORTANCE_MACRO_F1,5,123,S16:EMAi_0.01,0.0,0.0,123,EXECUTED
EXP-XAI-0001,MODEL-C2,PERMUTATION_IMPORTANCE_MACRO_F1,5,124,S16:EMAi_0.1,0.0,0.0,124,EXECUTED
EXP-XAI-0001,MODEL-C2,PERMUTATION_IMPORTANCE_MACRO_F1,5,125,S16:EMAd_0.001,0.006414914366721536,0.0,22,EXECUTED
EXP-XAI-0001,MODEL-C2,PERMUTATION_IMPORTANCE_MACRO_F1,5,126,S16:EMAd_0.01,0.006414914366721536,0.0,23,EXECUTED
EXP-XAI-0001,MODEL-C2,PERMUTATION_IMPORTANCE_MACRO_F1,5,127,S16:EMAd_0.1,0.0,0.0,125,EXECUTED
EXP-XAI-0001,MODEL-C2,PERMUTATION_IMPORTANCE_MACRO_F1,6,0,S1:dR,0.006016622315836851,0.00108172765248513,1,EXECUTED
EXP-XAI-0001,MODEL-C2,PERMUTATION_IMPORTANCE_MACRO_F1,6,1,S1:dR_norm,-0.003364404735561399,0.0003838834671165244,123,EXECUTED
EXP-XAI-0001,MODEL-C2,PERMUTATION_IMPORTANCE_MACRO_F1,6,2,S1:EMAi_0.001,-0.0018374656460143468,0.0009785539885239466,114,EXECUTED
EXP-XAI-0001,MODEL-C2,PERMUTATION_IMPORTANCE_MACRO_F1,6,3,S1:EMAi_0.01,0.00016173703158274267,0.0006111863417475826,39,EXECUTED
EXP-XAI-0001,MODEL-C2,PERMUTATION_IMPORTANCE_MACRO_F1,6,4,S1:EMAi_0.1,-1.41377422562039e-05,0.0005376516827798971,72,EXECUTED
EXP-XAI-0001,MODEL-C2,PERMUTATION_IMPORTANCE_MACRO_F1,6,5,S1:EMAd_0.001,0.0010399490053199846,0.0008042393325509873,8,EXECUTED
EXP-XAI-0001,MODEL-C2,PERMUTATION_IMPORTANCE_MACRO_F1,6,6,S1:EMAd_0.01,0.000359638038872212,0.0006240782167999418,33,EXECUTED
EXP-XAI-0001,MODEL-C2,PERMUTATION_IMPORTANCE_MACRO_F1,6,7,S1:EMAd_0.1,-0.0014553205299178695,0.0010751997458303853,107,EXECUTED
EXP-XAI-0001,MODEL-C2,PERMUTATION_IMPORTANCE_MACRO_F1,6,8,S2:dR,0.0025459214451672317,0.0010345455875473667,3,EXECUTED
EXP-XAI-0001,MODEL-C2,PERMUTATION_IMPORTANCE_MACRO_F1,6,9,S2:dR_norm,-0.0026961566795533853,0.0006192283162315918,119,EXECUTED
EXP-XAI-0001,MODEL-C2,PERMUTATION_IMPORTANCE_MACRO_F1,6,10,S2:EMAi_0.001,-0.0009788713057782617,0.000526235351431754,98,EXECUTED
EXP-XAI-0001,MODEL-C2,PERMUTATION_IMPORTANCE_MACRO_F1,6,11,S2:EMAi_0.01,-0.00016398962168485688,0.00032797924336971376,77,EXECUTED
EXP-XAI-0001,MODEL-C2,PERMUTATION_IMPORTANCE_MACRO_F1,6,12,S2:EMAi_0.1,0.0001233588198980562,0.00035384735074134684,40,EXECUTED
EXP-XAI-0001,MODEL-C2,PERMUTATION_IMPORTANCE_MACRO_F1,6,13,S2:EMAd_0.001,0.0004932565141288925,0.0003537850538649232,27,EXECUTED
EXP-XAI-0001,MODEL-C2,PERMUTATION_IMPORTANCE_MACRO_F1,6,14,S2:EMAd_0.01,-0.0009155441537541664,0.0012094848115571386,96,EXECUTED
EXP-XAI-0001,MODEL-C2,PERMUTATION_IMPORTANCE_MACRO_F1,6,15,S2:EMAd_0.1,-0.0015332166714122186,0.0008330564801070466,109,EXECUTED
EXP-XAI-0001,MODEL-C2,PERMUTATION_IMPORTANCE_MACRO_F1,6,16,S3:dR,0.0008071686753085783,1.42959157208411e-05,18,EXECUTED
EXP-XAI-0001,MODEL-C2,PERMUTATION_IMPORTANCE_MACRO_F1,6,17,S3:dR_norm,-0.003328013052649437,0.000917477873193769,122,EXECUTED
EXP-XAI-0001,MODEL-C2,PERMUTATION_IMPORTANCE_MACRO_F1,6,18,S3:EMAi_0.001,-0.0011874805174576953,0.0006857421942513055,104,EXECUTED
EXP-XAI-0001,MODEL-C2,PERMUTATION_IMPORTANCE_MACRO_F1,6,19,S3:EMAi_0.01,0.00032460035821654245,0.0006534252328926554,34,EXECUTED
EXP-XAI-0001,MODEL-C2,PERMUTATION_IMPORTANCE_MACRO_F1,6,20,S3:EMAi_0.1,0.0,0.0,44,EXECUTED
EXP-XAI-0001,MODEL-C2,PERMUTATION_IMPORTANCE_MACRO_F1,6,21,S3:EMAd_0.001,0.0008132064564690067,0.0005132655169465194,16,EXECUTED
EXP-XAI-0001,MODEL-C2,PERMUTATION_IMPORTANCE_MACRO_F1,6,22,S3:EMAd_0.01,0.000611889211311678,0.00031539188772956135,25,EXECUTED
EXP-XAI-0001,MODEL-C2,PERMUTATION_IMPORTANCE_MACRO_F1,6,23,S3:EMAd_0.1,0.0,0.0,45,EXECUTED
EXP-XAI-0001,MODEL-C2,PERMUTATION_IMPORTANCE_MACRO_F1,6,24,S4:dR,-0.0013165044968315275,0.0006625592233975404,106,EXECUTED
EXP-XAI-0001,MODEL-C2,PERMUTATION_IMPORTANCE_MACRO_F1,6,25,S4:dR_norm,-0.0011908005467573535,0.0006432272517773399,105,EXECUTED
EXP-XAI-0001,MODEL-C2,PERMUTATION_IMPORTANCE_MACRO_F1,6,26,S4:EMAi_0.001,-0.0025103874182393683,0.0005439866512671451,118,EXECUTED
EXP-XAI-0001,MODEL-C2,PERMUTATION_IMPORTANCE_MACRO_F1,6,27,S4:EMAi_0.01,-0.004397022911243875,0.0009927691847988528,126,EXECUTED
EXP-XAI-0001,MODEL-C2,PERMUTATION_IMPORTANCE_MACRO_F1,6,28,S4:EMAi_0.1,-0.0004919688650545706,0.00040169089623995075,87,EXECUTED
EXP-XAI-0001,MODEL-C2,PERMUTATION_IMPORTANCE_MACRO_F1,6,29,S4:EMAd_0.001,0.0010982588378130932,0.0004345621103032557,6,EXECUTED
EXP-XAI-0001,MODEL-C2,PERMUTATION_IMPORTANCE_MACRO_F1,6,30,S4:EMAd_0.01,0.0008143166331689988,0.0,12,EXECUTED
EXP-XAI-0001,MODEL-C2,PERMUTATION_IMPORTANCE_MACRO_F1,6,31,S4:EMAd_0.1,0.0,0.0,46,EXECUTED
EXP-XAI-0001,MODEL-C2,PERMUTATION_IMPORTANCE_MACRO_F1,6,32,S5:dR,0.00016286332663379978,0.00032572665326759955,36,EXECUTED
EXP-XAI-0001,MODEL-C2,PERMUTATION_IMPORTANCE_MACRO_F1,6,33,S5:dR_norm,0.0007981352456821411,0.0007418460530100576,19,EXECUTED
EXP-XAI-0001,MODEL-C2,PERMUTATION_IMPORTANCE_MACRO_F1,6,34,S5:EMAi_0.001,0.0,0.0,47,EXECUTED
EXP-XAI-0001,MODEL-C2,PERMUTATION_IMPORTANCE_MACRO_F1,6,35,S5:EMAi_0.01,0.0,0.0,48,EXECUTED
EXP-XAI-0001,MODEL-C2,PERMUTATION_IMPORTANCE_MACRO_F1,6,36,S5:EMAi_0.1,-0.00032797924336971376,0.00040169089623995075,80,EXECUTED
EXP-XAI-0001,MODEL-C2,PERMUTATION_IMPORTANCE_MACRO_F1,6,37,S5:EMAd_0.001,-0.001725596218494696,0.0009506445798923868,111,EXECUTED
EXP-XAI-0001,MODEL-C2,PERMUTATION_IMPORTANCE_MACRO_F1,6,38,S5:EMAd_0.01,-0.0006559584867394275,0.00032797924336971376,88,EXECUTED
EXP-XAI-0001,MODEL-C2,PERMUTATION_IMPORTANCE_MACRO_F1,6,39,S5:EMAd_0.1,-0.00032797924336971376,0.00040169089623995075,81,EXECUTED
EXP-XAI-0001,MODEL-C2,PERMUTATION_IMPORTANCE_MACRO_F1,6,40,S6:dR,0.0,0.0,49,EXECUTED
EXP-XAI-0001,MODEL-C2,PERMUTATION_IMPORTANCE_MACRO_F1,6,41,S6:dR_norm,0.0008120962797690146,0.0007258653572034866,17,EXECUTED
EXP-XAI-0001,MODEL-C2,PERMUTATION_IMPORTANCE_MACRO_F1,6,42,S6:EMAi_0.001,0.0,0.0,50,EXECUTED
EXP-XAI-0001,MODEL-C2,PERMUTATION_IMPORTANCE_MACRO_F1,6,43,S6:EMAi_0.01,0.0,0.0,51,EXECUTED
EXP-XAI-0001,MODEL-C2,PERMUTATION_IMPORTANCE_MACRO_F1,6,44,S6:EMAi_0.1,-0.00011851352020723072,9.676588404291285e-05,76,EXECUTED
EXP-XAI-0001,MODEL-C2,PERMUTATION_IMPORTANCE_MACRO_F1,6,45,S6:EMAd_0.001,-0.00017700106889000365,0.00035400213778000736,79,EXECUTED
EXP-XAI-0001,MODEL-C2,PERMUTATION_IMPORTANCE_MACRO_F1,6,46,S6:EMAd_0.01,-0.0003540021377800073,0.0004335623027077227,85,EXECUTED
EXP-XAI-0001,MODEL-C2,PERMUTATION_IMPORTANCE_MACRO_F1,6,47,S6:EMAd_0.1,-0.0006559584867394275,0.00032797924336971376,89,EXECUTED
EXP-XAI-0001,MODEL-C2,PERMUTATION_IMPORTANCE_MACRO_F1,6,48,S7:dR,0.0,0.0,52,EXECUTED
EXP-XAI-0001,MODEL-C2,PERMUTATION_IMPORTANCE_MACRO_F1,6,49,S7:dR_norm,-0.005351767448688016,0.0008727307395463688,127,EXECUTED
EXP-XAI-0001,MODEL-C2,PERMUTATION_IMPORTANCE_MACRO_F1,6,50,S7:EMAi_0.001,-0.00032797924336971376,0.00040169089623995075,82,EXECUTED
EXP-XAI-0001,MODEL-C2,PERMUTATION_IMPORTANCE_MACRO_F1,6,51,S7:EMAi_0.01,-0.0006949928283548678,0.0003484087031922005,92,EXECUTED
EXP-XAI-0001,MODEL-C2,PERMUTATION_IMPORTANCE_MACRO_F1,6,52,S7:EMAi_0.1,0.0,0.0,53,EXECUTED
EXP-XAI-0001,MODEL-C2,PERMUTATION_IMPORTANCE_MACRO_F1,6,53,S7:EMAd_0.001,0.0009760697831028064,0.00032350629986761527,9,EXECUTED
EXP-XAI-0001,MODEL-C2,PERMUTATION_IMPORTANCE_MACRO_F1,6,54,S7:EMAd_0.01,0.001137822933036614,0.0003962126816257313,4,EXECUTED
EXP-XAI-0001,MODEL-C2,PERMUTATION_IMPORTANCE_MACRO_F1,6,55,S7:EMAd_0.1,0.0,0.0,54,EXECUTED
EXP-XAI-0001,MODEL-C2,PERMUTATION_IMPORTANCE_MACRO_F1,6,56,S8:dR,0.0008143166331689988,0.0,13,EXECUTED
EXP-XAI-0001,MODEL-C2,PERMUTATION_IMPORTANCE_MACRO_F1,6,57,S8:dR_norm,-0.003572206318795912,0.0016447620997457812,125,EXECUTED
EXP-XAI-0001,MODEL-C2,PERMUTATION_IMPORTANCE_MACRO_F1,6,58,S8:EMAi_0.001,0.0,0.0,55,EXECUTED
EXP-XAI-0001,MODEL-C2,PERMUTATION_IMPORTANCE_MACRO_F1,6,59,S8:EMAi_0.01,0.0,0.0,56,EXECUTED
EXP-XAI-0001,MODEL-C2,PERMUTATION_IMPORTANCE_MACRO_F1,6,60,S8:EMAi_0.1,0.0,0.0,57,EXECUTED
EXP-XAI-0001,MODEL-C2,PERMUTATION_IMPORTANCE_MACRO_F1,6,61,S8:EMAd_0.001,0.0009760697831028064,0.00032350629986761527,10,EXECUTED
EXP-XAI-0001,MODEL-C2,PERMUTATION_IMPORTANCE_MACRO_F1,6,62,S8:EMAd_0.01,0.001137822933036614,0.0003962126816257313,5,EXECUTED
EXP-XAI-0001,MODEL-C2,PERMUTATION_IMPORTANCE_MACRO_F1,6,63,S8:EMAd_0.1,0.0008143166331689988,0.0,14,EXECUTED
EXP-XAI-0001,MODEL-C2,PERMUTATION_IMPORTANCE_MACRO_F1,6,64,S9:dR,-0.00037137340652779736,0.0009020494092397992,86,EXECUTED
EXP-XAI-0001,MODEL-C2,PERMUTATION_IMPORTANCE_MACRO_F1,6,65,S9:dR_norm,-0.0030581263439158346,0.00031388112969207404,121,EXECUTED
EXP-XAI-0001,MODEL-C2,PERMUTATION_IMPORTANCE_MACRO_F1,6,66,S9:EMAi_0.001,0.0,0.0,58,EXECUTED
EXP-XAI-0001,MODEL-C2,PERMUTATION_IMPORTANCE_MACRO_F1,6,67,S9:EMAi_0.01,0.000734018512773349,0.0004567044418482506,22,EXECUTED
EXP-XAI-0001,MODEL-C2,PERMUTATION_IMPORTANCE_MACRO_F1,6,68,S9:EMAi_0.1,0.0001233588198980562,0.00035384735074134684,41,EXECUTED
EXP-XAI-0001,MODEL-C2,PERMUTATION_IMPORTANCE_MACRO_F1,6,69,S9:EMAd_0.001,0.000572325116088157,0.00029952562124234015,26,EXECUTED
EXP-XAI-0001,MODEL-C2,PERMUTATION_IMPORTANCE_MACRO_F1,6,70,S9:EMAd_0.01,0.00040958096642991216,0.0004956979321079517,32,EXECUTED
EXP-XAI-0001,MODEL-C2,PERMUTATION_IMPORTANCE_MACRO_F1,6,71,S9:EMAd_0.1,-0.0010651727276216327,0.0005457233992282974,100,EXECUTED
EXP-XAI-0001,MODEL-C2,PERMUTATION_IMPORTANCE_MACRO_F1,6,72,S10:dR,0.0010479409584133292,0.0004498458204491592,7,EXECUTED
EXP-XAI-0001,MODEL-C2,PERMUTATION_IMPORTANCE_MACRO_F1,6,73,S10:dR_norm,-0.002325294059450078,0.0010153706334667082,117,EXECUTED
EXP-XAI-0001,MODEL-C2,PERMUTATION_IMPORTANCE_MACRO_F1,6,74,S10:EMAi_0.001,0.0004885899799013993,0.0003989320480650389,28,EXECUTED
EXP-XAI-0001,MODEL-C2,PERMUTATION_IMPORTANCE_MACRO_F1,6,75,S10:EMAi_0.01,-0.0018130608852387708,0.0006203490592257022,113,EXECUTED
EXP-XAI-0001,MODEL-C2,PERMUTATION_IMPORTANCE_MACRO_F1,6,76,S10:EMAi_0.1,-7.900901347148714e-05,9.676588404291285e-05,75,EXECUTED
EXP-XAI-0001,MODEL-C2,PERMUTATION_IMPORTANCE_MACRO_F1,6,77,S10:EMAd_0.001,0.00010690549566121366,0.0004648074615373523,42,EXECUTED
EXP-XAI-0001,MODEL-C2,PERMUTATION_IMPORTANCE_MACRO_F1,6,78,S10:EMAd_0.01,0.004152258719755308,0.0016050104309980686,2,EXECUTED
EXP-XAI-0001,MODEL-C2,PERMUTATION_IMPORTANCE_MACRO_F1,6,79,S10:EMAd_0.1,8.27278539556886e-05,0.0006393123762766574,43,EXECUTED
EXP-XAI-0001,MODEL-C2,PERMUTATION_IMPORTANCE_MACRO_F1,6,80,S11:dR,-0.00032797924336971376,0.00040169089623995075,83,EXECUTED
EXP-XAI-0001,MODEL-C2,PERMUTATION_IMPORTANCE_MACRO_F1,6,81,S11:dR_norm,-4.063080178680067e-05,0.0005227212107052716,74,EXECUTED
EXP-XAI-0001,MODEL-C2,PERMUTATION_IMPORTANCE_MACRO_F1,6,82,S11:EMAi_0.001,-0.0028646996739397413,0.0006803918482063188,120,EXECUTED
EXP-XAI-0001,MODEL-C2,PERMUTATION_IMPORTANCE_MACRO_F1,6,83,S11:EMAi_0.01,-0.000657101190926035,0.0006154268980986617,91,EXECUTED
EXP-XAI-0001,MODEL-C2,PERMUTATION_IMPORTANCE_MACRO_F1,6,84,S11:EMAi_0.1,0.0004885899799013993,0.0003989320480650389,29,EXECUTED
EXP-XAI-0001,MODEL-C2,PERMUTATION_IMPORTANCE_MACRO_F1,6,85,S11:EMAd_0.001,-0.0008485819927446126,0.0010586018074440755,94,EXECUTED
EXP-XAI-0001,MODEL-C2,PERMUTATION_IMPORTANCE_MACRO_F1,6,86,S11:EMAd_0.01,0.00016286332663379978,0.00032572665326759955,37,EXECUTED
EXP-XAI-0001,MODEL-C2,PERMUTATION_IMPORTANCE_MACRO_F1,6,87,S11:EMAd_0.1,0.0,0.0,59,EXECUTED
EXP-XAI-0001,MODEL-C2,PERMUTATION_IMPORTANCE_MACRO_F1,6,88,S12:dR,-0.002170078816015908,0.0010049729135755854,116,EXECUTED
EXP-XAI-0001,MODEL-C2,PERMUTATION_IMPORTANCE_MACRO_F1,6,89,S12:dR_norm,-0.0009590459479807967,0.0005148626192661818,97,EXECUTED
EXP-XAI-0001,MODEL-C2,PERMUTATION_IMPORTANCE_MACRO_F1,6,90,S12:EMAi_0.001,-0.001848516968912406,0.0009859986556762213,115,EXECUTED
EXP-XAI-0001,MODEL-C2,PERMUTATION_IMPORTANCE_MACRO_F1,6,91,S12:EMAi_0.01,-0.0006559584867394275,0.00032797924336971376,90,EXECUTED
EXP-XAI-0001,MODEL-C2,PERMUTATION_IMPORTANCE_MACRO_F1,6,92,S12:EMAi_0.1,-0.0015769077262696607,0.0008211175758801525,110,EXECUTED
EXP-XAI-0001,MODEL-C2,PERMUTATION_IMPORTANCE_MACRO_F1,6,93,S12:EMAd_0.001,-3.950450673574357e-05,7.900901347148715e-05,73,EXECUTED
EXP-XAI-0001,MODEL-C2,PERMUTATION_IMPORTANCE_MACRO_F1,6,94,S12:EMAd_0.01,0.0007351884427219569,9.691184543251162e-05,21,EXECUTED
EXP-XAI-0001,MODEL-C2,PERMUTATION_IMPORTANCE_MACRO_F1,6,95,S12:EMAd_0.1,0.0,0.0,60,EXECUTED
EXP-XAI-0001,MODEL-C2,PERMUTATION_IMPORTANCE_MACRO_F1,6,96,S13:dR,-0.0011622544445351712,0.00041967004541488667,103,EXECUTED
EXP-XAI-0001,MODEL-C2,PERMUTATION_IMPORTANCE_MACRO_F1,6,97,S13:dR_norm,0.0004885899799013993,0.0003989320480650389,30,EXECUTED
EXP-XAI-0001,MODEL-C2,PERMUTATION_IMPORTANCE_MACRO_F1,6,98,S13:EMAi_0.001,0.0,0.0,61,EXECUTED
EXP-XAI-0001,MODEL-C2,PERMUTATION_IMPORTANCE_MACRO_F1,6,99,S13:EMAi_0.01,0.0008143166331689988,0.0,15,EXECUTED
EXP-XAI-0001,MODEL-C2,PERMUTATION_IMPORTANCE_MACRO_F1,6,100,S13:EMAi_0.1,0.0,0.0,62,EXECUTED
EXP-XAI-0001,MODEL-C2,PERMUTATION_IMPORTANCE_MACRO_F1,6,101,S13:EMAd_0.001,-0.00016398962168485688,0.00032797924336971376,78,EXECUTED
EXP-XAI-0001,MODEL-C2,PERMUTATION_IMPORTANCE_MACRO_F1,6,102,S13:EMAd_0.01,-0.0011502127601672129,0.0004044899384240811,101,EXECUTED
EXP-XAI-0001,MODEL-C2,PERMUTATION_IMPORTANCE_MACRO_F1,6,103,S13:EMAd_0.1,-0.0014816368227029918,0.0006197293296367255,108,EXECUTED
EXP-XAI-0001,MODEL-C2,PERMUTATION_IMPORTANCE_MACRO_F1,6,104,S14:dR,0.0,0.0,63,EXECUTED
EXP-XAI-0001,MODEL-C2,PERMUTATION_IMPORTANCE_MACRO_F1,6,105,S14:dR_norm,-2.2525901021142047e-06,0.0007308662789207983,71,EXECUTED
EXP-XAI-0001,MODEL-C2,PERMUTATION_IMPORTANCE_MACRO_F1,6,106,S14:EMAi_0.001,-0.0010233179544234194,0.0006386364174356581,99,EXECUTED
EXP-XAI-0001,MODEL-C2,PERMUTATION_IMPORTANCE_MACRO_F1,6,107,S14:EMAi_0.01,0.0006514533065351991,0.00032572665326759955,23,EXECUTED
EXP-XAI-0001,MODEL-C2,PERMUTATION_IMPORTANCE_MACRO_F1,6,108,S14:EMAi_0.1,0.0,0.0,64,EXECUTED
EXP-XAI-0001,MODEL-C2,PERMUTATION_IMPORTANCE_MACRO_F1,6,109,S14:EMAd_0.001,-0.0011502127601672129,0.0004044899384240811,102,EXECUTED
EXP-XAI-0001,MODEL-C2,PERMUTATION_IMPORTANCE_MACRO_F1,6,110,S14:EMAd_0.01,0.0,0.0,65,EXECUTED
EXP-XAI-0001,MODEL-C2,PERMUTATION_IMPORTANCE_MACRO_F1,6,111,S14:EMAd_0.1,-0.0008199481084242843,0.0,93,EXECUTED
EXP-XAI-0001,MODEL-C2,PERMUTATION_IMPORTANCE_MACRO_F1,6,112,S15:dR,0.0007747525379454778,7.9128190447042e-05,20,EXECUTED
EXP-XAI-0001,MODEL-C2,PERMUTATION_IMPORTANCE_MACRO_F1,6,113,S15:dR_norm,-0.005357542437310325,0.0008818421859771811,128,EXECUTED
EXP-XAI-0001,MODEL-C2,PERMUTATION_IMPORTANCE_MACRO_F1,6,114,S15:EMAi_0.001,0.0,0.0,66,EXECUTED
EXP-XAI-0001,MODEL-C2,PERMUTATION_IMPORTANCE_MACRO_F1,6,115,S15:EMAi_0.01,0.00028384355100697923,0.0004331294578594817,35,EXECUTED
EXP-XAI-0001,MODEL-C2,PERMUTATION_IMPORTANCE_MACRO_F1,6,116,S15:EMAi_0.1,0.0,0.0,67,EXECUTED
EXP-XAI-0001,MODEL-C2,PERMUTATION_IMPORTANCE_MACRO_F1,6,117,S15:EMAd_0.001,0.0009609985723159409,0.0006296502970574659,11,EXECUTED
EXP-XAI-0001,MODEL-C2,PERMUTATION_IMPORTANCE_MACRO_F1,6,118,S15:EMAd_0.01,0.0,0.0,68,EXECUTED
EXP-XAI-0001,MODEL-C2,PERMUTATION_IMPORTANCE_MACRO_F1,6,119,S15:EMAd_0.1,0.0006503431298352069,0.0006075999748142396,24,EXECUTED
EXP-XAI-0001,MODEL-C2,PERMUTATION_IMPORTANCE_MACRO_F1,6,120,S16:dR,-0.00032797924336971376,0.00040169089623995075,84,EXECUTED
EXP-XAI-0001,MODEL-C2,PERMUTATION_IMPORTANCE_MACRO_F1,6,121,S16:dR_norm,-0.0033777338997410646,0.0009393340201342478,124,EXECUTED
EXP-XAI-0001,MODEL-C2,PERMUTATION_IMPORTANCE_MACRO_F1,6,122,S16:EMAi_0.001,0.0,0.0,69,EXECUTED
EXP-XAI-0001,MODEL-C2,PERMUTATION_IMPORTANCE_MACRO_F1,6,123,S16:EMAi_0.01,-0.0008593283327385625,0.0007629730964925525,95,EXECUTED
EXP-XAI-0001,MODEL-C2,PERMUTATION_IMPORTANCE_MACRO_F1,6,124,S16:EMAi_0.1,-0.0017401122824717951,0.0007599231666621263,112,EXECUTED
EXP-XAI-0001,MODEL-C2,PERMUTATION_IMPORTANCE_MACRO_F1,6,125,S16:EMAd_0.001,0.00016286332663379978,0.00032572665326759955,38,EXECUTED
EXP-XAI-0001,MODEL-C2,PERMUTATION_IMPORTANCE_MACRO_F1,6,126,S16:EMAd_0.01,0.0004885899799013993,0.0003989320480650389,31,EXECUTED
EXP-XAI-0001,MODEL-C2,PERMUTATION_IMPORTANCE_MACRO_F1,6,127,S16:EMAd_0.1,0.0,0.0,70,EXECUTED
EXP-XAI-0001,MODEL-C2,PERMUTATION_IMPORTANCE_MACRO_F1,7,0,S1:dR,-0.004065402188634526,0.0008236684439343585,126,EXECUTED
EXP-XAI-0001,MODEL-C2,PERMUTATION_IMPORTANCE_MACRO_F1,7,1,S1:dR_norm,0.023192787441682995,0.001319269843445943,1,EXECUTED
EXP-XAI-0001,MODEL-C2,PERMUTATION_IMPORTANCE_MACRO_F1,7,2,S1:EMAi_0.001,-0.002015537211571705,0.0007778281448100842,120,EXECUTED
EXP-XAI-0001,MODEL-C2,PERMUTATION_IMPORTANCE_MACRO_F1,7,3,S1:EMAi_0.01,-0.0013395861261696006,0.0004880416522648804,118,EXECUTED
EXP-XAI-0001,MODEL-C2,PERMUTATION_IMPORTANCE_MACRO_F1,7,4,S1:EMAi_0.1,-0.0011303851574188007,0.00015520716900129574,113,EXECUTED
EXP-XAI-0001,MODEL-C2,PERMUTATION_IMPORTANCE_MACRO_F1,7,5,S1:EMAd_0.001,-0.0011416472805911072,0.0011646752283580074,114,EXECUTED
EXP-XAI-0001,MODEL-C2,PERMUTATION_IMPORTANCE_MACRO_F1,7,6,S1:EMAd_0.01,-0.0016202362080387721,0.0008426349261916311,119,EXECUTED
EXP-XAI-0001,MODEL-C2,PERMUTATION_IMPORTANCE_MACRO_F1,7,7,S1:EMAd_0.1,-0.0005739826016085359,0.001038640498327689,106,EXECUTED
EXP-XAI-0001,MODEL-C2,PERMUTATION_IMPORTANCE_MACRO_F1,7,8,S2:dR,0.0164420064750041,0.0007911844670953387,2,EXECUTED
EXP-XAI-0001,MODEL-C2,PERMUTATION_IMPORTANCE_MACRO_F1,7,9,S2:dR_norm,-0.0008532810507419497,0.0007335995316515277,109,EXECUTED
EXP-XAI-0001,MODEL-C2,PERMUTATION_IMPORTANCE_MACRO_F1,7,10,S2:EMAi_0.001,0.0015747116872354416,0.0007365797197609797,43,EXECUTED
EXP-XAI-0001,MODEL-C2,PERMUTATION_IMPORTANCE_MACRO_F1,7,11,S2:EMAi_0.01,0.0008588257166311508,0.00036310659789219265,59,EXECUTED
EXP-XAI-0001,MODEL-C2,PERMUTATION_IMPORTANCE_MACRO_F1,7,12,S2:EMAi_0.1,0.001211045488699436,0.00039194053885687223,48,EXECUTED
EXP-XAI-0001,MODEL-C2,PERMUTATION_IMPORTANCE_MACRO_F1,7,13,S2:EMAd_0.001,0.00414724524822373,0.0008489989257485923,15,EXECUTED
EXP-XAI-0001,MODEL-C2,PERMUTATION_IMPORTANCE_MACRO_F1,7,14,S2:EMAd_0.01,0.0019285171698533942,0.00044739193833854917,37,EXECUTED
EXP-XAI-0001,MODEL-C2,PERMUTATION_IMPORTANCE_MACRO_F1,7,15,S2:EMAd_0.1,0.0011550637243463945,0.0007651369651522539,50,EXECUTED
EXP-XAI-0001,MODEL-C2,PERMUTATION_IMPORTANCE_MACRO_F1,7,16,S3:dR,-0.0025910196858072053,0.0006472714400499217,124,EXECUTED
EXP-XAI-0001,MODEL-C2,PERMUTATION_IMPORTANCE_MACRO_F1,7,17,S3:dR_norm,0.00474863517466938,0.0005236332096762766,11,EXECUTED
EXP-XAI-0001,MODEL-C2,PERMUTATION_IMPORTANCE_MACRO_F1,7,18,S3:EMAi_0.001,0.003960547518090896,0.0007454774401140096,17,EXECUTED
EXP-XAI-0001,MODEL-C2,PERMUTATION_IMPORTANCE_MACRO_F1,7,19,S3:EMAi_0.01,0.0024098643533955522,0.00041196197120621617,28,EXECUTED
EXP-XAI-0001,MODEL-C2,PERMUTATION_IMPORTANCE_MACRO_F1,7,20,S3:EMAi_0.1,9.662565290275981e-05,6.105942667135372e-05,87,EXECUTED
EXP-XAI-0001,MODEL-C2,PERMUTATION_IMPORTANCE_MACRO_F1,7,21,S3:EMAd_0.001,0.0011636736283958781,0.0008683957091635141,49,EXECUTED
EXP-XAI-0001,MODEL-C2,PERMUTATION_IMPORTANCE_MACRO_F1,7,22,S3:EMAd_0.01,0.002990119940072522,0.0008536751641624058,22,EXECUTED
EXP-XAI-0001,MODEL-C2,PERMUTATION_IMPORTANCE_MACRO_F1,7,23,S3:EMAd_0.1,0.0002308354074223251,0.0001478001448902434,80,EXECUTED
EXP-XAI-0001,MODEL-C2,PERMUTATION_IMPORTANCE_MACRO_F1,7,24,S4:dR,0.00045071587968333884,0.0010176411598142943,71,EXECUTED
EXP-XAI-0001,MODEL-C2,PERMUTATION_IMPORTANCE_MACRO_F1,7,25,S4:dR_norm,-0.0021429546515580713,0.0004244319277240921,122,EXECUTED
EXP-XAI-0001,MODEL-C2,PERMUTATION_IMPORTANCE_MACRO_F1,7,26,S4:EMAi_0.001,0.0023040773094654466,0.0005667109965015,29,EXECUTED
EXP-XAI-0001,MODEL-C2,PERMUTATION_IMPORTANCE_MACRO_F1,7,27,S4:EMAi_0.01,0.0038793934710552704,0.00039534820397748487,18,EXECUTED
EXP-XAI-0001,MODEL-C2,PERMUTATION_IMPORTANCE_MACRO_F1,7,28,S4:EMAi_0.1,-0.00011312389185331728,8.911240544818835e-05,101,EXECUTED
EXP-XAI-0001,MODEL-C2,PERMUTATION_IMPORTANCE_MACRO_F1,7,29,S4:EMAd_0.001,0.004437260017225319,0.000560197422845646,13,EXECUTED
EXP-XAI-0001,MODEL-C2,PERMUTATION_IMPORTANCE_MACRO_F1,7,30,S4:EMAd_0.01,0.0021582454227747406,0.0008343819551072853,31,EXECUTED
EXP-XAI-0001,MODEL-C2,PERMUTATION_IMPORTANCE_MACRO_F1,7,31,S4:EMAd_0.1,5.4946324172744365e-05,0.00010989264834548873,90,EXECUTED
EXP-XAI-0001,MODEL-C2,PERMUTATION_IMPORTANCE_MACRO_F1,7,32,S5:dR,0.0009701215566479294,0.0010035649964089738,55,EXECUTED
EXP-XAI-0001,MODEL-C2,PERMUTATION_IMPORTANCE_MACRO_F1,7,33,S5:dR_norm,0.0007668894972383989,0.0009339448982093966,60,EXECUTED
EXP-XAI-0001,MODEL-C2,PERMUTATION_IMPORTANCE_MACRO_F1,7,34,S5:EMAi_0.001,0.00039231402170650795,0.0002582613006489617,75,EXECUTED
EXP-XAI-0001,MODEL-C2,PERMUTATION_IMPORTANCE_MACRO_F1,7,35,S5:EMAi_0.01,7.106416197788512e-06,0.00011241524417693074,95,EXECUTED
EXP-XAI-0001,MODEL-C2,PERMUTATION_IMPORTANCE_MACRO_F1,7,36,S5:EMAi_0.1,0.00017105826063175124,0.0001852371581506403,84,EXECUTED
EXP-XAI-0001,MODEL-C2,PERMUTATION_IMPORTANCE_MACRO_F1,7,37,S5:EMAd_0.001,0.003434692543240703,0.0004317907918068754,21,EXECUTED
EXP-XAI-0001,MODEL-C2,PERMUTATION_IMPORTANCE_MACRO_F1,7,38,S5:EMAd_0.01,5.313700192974835e-05,0.00020085071036241248,91,EXECUTED
EXP-XAI-0001,MODEL-C2,PERMUTATION_IMPORTANCE_MACRO_F1,7,39,S5:EMAd_0.1,0.000360505505706965,0.00027217837321532034,76,EXECUTED
EXP-XAI-0001,MODEL-C2,PERMUTATION_IMPORTANCE_MACRO_F1,7,40,S6:dR,-0.0012234723189080143,0.0008782244236266596,117,EXECUTED
EXP-XAI-0001,MODEL-C2,PERMUTATION_IMPORTANCE_MACRO_F1,7,41,S6:dR_norm,0.0005406257774070111,0.0010342530718751937,68,EXECUTED
EXP-XAI-0001,MODEL-C2,PERMUTATION_IMPORTANCE_MACRO_F1,7,42,S6:EMAi_0.001,0.0001870267220922095,0.00019523121536392396,82,EXECUTED
EXP-XAI-0001,MODEL-C2,PERMUTATION_IMPORTANCE_MACRO_F1,7,43,S6:EMAi_0.01,0.00017213918607460464,0.0001810318230824888,83,EXECUTED
EXP-XAI-0001,MODEL-C2,PERMUTATION_IMPORTANCE_MACRO_F1,7,44,S6:EMAi_0.1,2.5440106761775995e-05,0.00012267280847496164,93,EXECUTED
EXP-XAI-0001,MODEL-C2,PERMUTATION_IMPORTANCE_MACRO_F1,7,45,S6:EMAd_0.001,0.0020766018073350547,0.0009162436160569685,33,EXECUTED
EXP-XAI-0001,MODEL-C2,PERMUTATION_IMPORTANCE_MACRO_F1,7,46,S6:EMAd_0.01,-0.0004130892497594685,0.0005615435310574904,105,EXECUTED
EXP-XAI-0001,MODEL-C2,PERMUTATION_IMPORTANCE_MACRO_F1,7,47,S6:EMAd_0.1,9.628680999953509e-05,0.0001068600517043544,88,EXECUTED
EXP-XAI-0001,MODEL-C2,PERMUTATION_IMPORTANCE_MACRO_F1,7,48,S7:dR,-0.000596467502485254,0.0003087665922729052,107,EXECUTED
EXP-XAI-0001,MODEL-C2,PERMUTATION_IMPORTANCE_MACRO_F1,7,49,S7:dR_norm,0.002721757055255325,0.0012888654804507748,23,EXECUTED
EXP-XAI-0001,MODEL-C2,PERMUTATION_IMPORTANCE_MACRO_F1,7,50,S7:EMAi_0.001,0.001449470206683978,0.00013079554905943858,46,EXECUTED
EXP-XAI-0001,MODEL-C2,PERMUTATION_IMPORTANCE_MACRO_F1,7,51,S7:EMAi_0.01,0.0004426356326824643,0.00028730801414280683,72,EXECUTED
EXP-XAI-0001,MODEL-C2,PERMUTATION_IMPORTANCE_MACRO_F1,7,52,S7:EMAi_0.1,1.9336101365596824e-05,3.867220273119365e-05,94,EXECUTED
EXP-XAI-0001,MODEL-C2,PERMUTATION_IMPORTANCE_MACRO_F1,7,53,S7:EMAd_0.001,0.006885609654237124,0.00047145721986084383,8,EXECUTED
EXP-XAI-0001,MODEL-C2,PERMUTATION_IMPORTANCE_MACRO_F1,7,54,S7:EMAd_0.01,0.005965196499032333,0.0010255573565778424,9,EXECUTED
EXP-XAI-0001,MODEL-C2,PERMUTATION_IMPORTANCE_MACRO_F1,7,55,S7:EMAd_0.1,0.0014718396973327885,4.7987587235277285e-05,44,EXECUTED
EXP-XAI-0001,MODEL-C2,PERMUTATION_IMPORTANCE_MACRO_F1,7,56,S8:dR,-0.00018638065365470525,0.000207783090494273,103,EXECUTED
EXP-XAI-0001,MODEL-C2,PERMUTATION_IMPORTANCE_MACRO_F1,7,57,S8:dR_norm,0.002653317395630539,0.0012950014333153643,24,EXECUTED
EXP-XAI-0001,MODEL-C2,PERMUTATION_IMPORTANCE_MACRO_F1,7,58,S8:EMAi_0.001,-0.00034742695627701934,0.0002854932131734485,104,EXECUTED
EXP-XAI-0001,MODEL-C2,PERMUTATION_IMPORTANCE_MACRO_F1,7,59,S8:EMAi_0.01,0.00043367103007015963,0.0003101177926535811,74,EXECUTED
EXP-XAI-0001,MODEL-C2,PERMUTATION_IMPORTANCE_MACRO_F1,7,60,S8:EMAi_0.1,0.00011290274606801098,0.0001361715312056972,86,EXECUTED
EXP-XAI-0001,MODEL-C2,PERMUTATION_IMPORTANCE_MACRO_F1,7,61,S8:EMAd_0.001,0.0069704851765117985,0.0005120304716789496,7,EXECUTED
EXP-XAI-0001,MODEL-C2,PERMUTATION_IMPORTANCE_MACRO_F1,7,62,S8:EMAd_0.01,0.007306422979050731,0.0010553711702461475,6,EXECUTED
EXP-XAI-0001,MODEL-C2,PERMUTATION_IMPORTANCE_MACRO_F1,7,63,S8:EMAd_0.1,0.0,0.0,97,EXECUTED
EXP-XAI-0001,MODEL-C2,PERMUTATION_IMPORTANCE_MACRO_F1,7,64,S9:dR,0.01334011865696767,0.0005149373435762746,5,EXECUTED
EXP-XAI-0001,MODEL-C2,PERMUTATION_IMPORTANCE_MACRO_F1,7,65,S9:dR_norm,0.0036877970266572246,0.0004452219445095245,20,EXECUTED
EXP-XAI-0001,MODEL-C2,PERMUTATION_IMPORTANCE_MACRO_F1,7,66,S9:EMAi_0.001,0.0005421421762106359,0.00015345783144833376,67,EXECUTED
EXP-XAI-0001,MODEL-C2,PERMUTATION_IMPORTANCE_MACRO_F1,7,67,S9:EMAi_0.01,0.0007310797137035641,0.0006295739125957299,62,EXECUTED
EXP-XAI-0001,MODEL-C2,PERMUTATION_IMPORTANCE_MACRO_F1,7,68,S9:EMAi_0.1,0.0020749962622408137,0.0003795595550543912,34,EXECUTED
EXP-XAI-0001,MODEL-C2,PERMUTATION_IMPORTANCE_MACRO_F1,7,69,S9:EMAd_0.001,0.0017091363571731023,0.0007184581560292292,40,EXECUTED
EXP-XAI-0001,MODEL-C2,PERMUTATION_IMPORTANCE_MACRO_F1,7,70,S9:EMAd_0.01,0.0011524252932320178,0.0007953045018674681,51,EXECUTED
EXP-XAI-0001,MODEL-C2,PERMUTATION_IMPORTANCE_MACRO_F1,7,71,S9:EMAd_0.1,0.0017020779150757948,0.0004163676165506872,41,EXECUTED
EXP-XAI-0001,MODEL-C2,PERMUTATION_IMPORTANCE_MACRO_F1,7,72,S10:dR,0.016052815283840793,0.0010345018960155627,3,EXECUTED
EXP-XAI-0001,MODEL-C2,PERMUTATION_IMPORTANCE_MACRO_F1,7,73,S10:dR_norm,0.014069366403127104,0.000882713061157469,4,EXECUTED
EXP-XAI-0001,MODEL-C2,PERMUTATION_IMPORTANCE_MACRO_F1,7,74,S10:EMAi_0.001,0.0006602582786396138,0.00027013917255469023,64,EXECUTED
EXP-XAI-0001,MODEL-C2,PERMUTATION_IMPORTANCE_MACRO_F1,7,75,S10:EMAi_0.01,0.0015863710408475008,0.0002570327210529319,42,EXECUTED
EXP-XAI-0001,MODEL-C2,PERMUTATION_IMPORTANCE_MACRO_F1,7,76,S10:EMAi_0.1,0.002484532290706165,0.0003878379362476565,27,EXECUTED
EXP-XAI-0001,MODEL-C2,PERMUTATION_IMPORTANCE_MACRO_F1,7,77,S10:EMAd_0.001,0.0018207721590436043,0.0009580775609987633,39,EXECUTED
EXP-XAI-0001,MODEL-C2,PERMUTATION_IMPORTANCE_MACRO_F1,7,78,S10:EMAd_0.01,0.004010781867770774,0.000873808798925949,16,EXECUTED
EXP-XAI-0001,MODEL-C2,PERMUTATION_IMPORTANCE_MACRO_F1,7,79,S10:EMAd_0.1,0.003828912698492226,0.0008212427350430567,19,EXECUTED
EXP-XAI-0001,MODEL-C2,PERMUTATION_IMPORTANCE_MACRO_F1,7,80,S11:dR,-0.0021182516795179907,0.0005717768224525783,121,EXECUTED
EXP-XAI-0001,MODEL-C2,PERMUTATION_IMPORTANCE_MACRO_F1,7,81,S11:dR_norm,0.004471121803870148,0.0006172662071365656,12,EXECUTED
EXP-XAI-0001,MODEL-C2,PERMUTATION_IMPORTANCE_MACRO_F1,7,82,S11:EMAi_0.001,0.002175556563221104,0.00020866756483480398,30,EXECUTED
EXP-XAI-0001,MODEL-C2,PERMUTATION_IMPORTANCE_MACRO_F1,7,83,S11:EMAi_0.01,0.001469751925509366,0.000445404469196988,45,EXECUTED
EXP-XAI-0001,MODEL-C2,PERMUTATION_IMPORTANCE_MACRO_F1,7,84,S11:EMAi_0.1,0.0012699917536055482,0.00038706851368452256,47,EXECUTED
EXP-XAI-0001,MODEL-C2,PERMUTATION_IMPORTANCE_MACRO_F1,7,85,S11:EMAd_0.001,0.0025103983501194027,0.0005808488078852043,26,EXECUTED
EXP-XAI-0001,MODEL-C2,PERMUTATION_IMPORTANCE_MACRO_F1,7,86,S11:EMAd_0.01,0.002132181591555704,0.0013376829910656367,32,EXECUTED
EXP-XAI-0001,MODEL-C2,PERMUTATION_IMPORTANCE_MACRO_F1,7,87,S11:EMAd_0.1,0.0001648350510431773,0.00021977843414242842,85,EXECUTED
EXP-XAI-0001,MODEL-C2,PERMUTATION_IMPORTANCE_MACRO_F1,7,88,S12:dR,-0.005414016132753918,0.0009207469882831706,128,EXECUTED
EXP-XAI-0001,MODEL-C2,PERMUTATION_IMPORTANCE_MACRO_F1,7,89,S12:dR_norm,-0.0001692398864385214,0.0003460106960076186,102,EXECUTED
EXP-XAI-0001,MODEL-C2,PERMUTATION_IMPORTANCE_MACRO_F1,7,90,S12:EMAi_0.001,0.0053928325652860655,0.0005826165572159567,10,EXECUTED
EXP-XAI-0001,MODEL-C2,PERMUTATION_IMPORTANCE_MACRO_F1,7,91,S12:EMAi_0.01,0.0007379749737855268,0.0002886399268425976,61,EXECUTED
EXP-XAI-0001,MODEL-C2,PERMUTATION_IMPORTANCE_MACRO_F1,7,92,S12:EMAi_0.1,0.00019336970483730954,0.00022218198962881418,81,EXECUTED
EXP-XAI-0001,MODEL-C2,PERMUTATION_IMPORTANCE_MACRO_F1,7,93,S12:EMAd_0.001,0.0011334816670149795,0.00022568543261903076,52,EXECUTED
EXP-XAI-0001,MODEL-C2,PERMUTATION_IMPORTANCE_MACRO_F1,7,94,S12:EMAd_0.01,0.0006106604080739264,0.00013040512704688722,65,EXECUTED
EXP-XAI-0001,MODEL-C2,PERMUTATION_IMPORTANCE_MACRO_F1,7,95,S12:EMAd_0.1,-0.0009515816854842485,0.00048773972778044425,111,EXECUTED
EXP-XAI-0001,MODEL-C2,PERMUTATION_IMPORTANCE_MACRO_F1,7,96,S13:dR,0.0005478559118462289,0.0007280247188333254,66,EXECUTED
EXP-XAI-0001,MODEL-C2,PERMUTATION_IMPORTANCE_MACRO_F1,7,97,S13:dR_norm,-0.0009106067911903715,0.0008660226094128627,110,EXECUTED
EXP-XAI-0001,MODEL-C2,PERMUTATION_IMPORTANCE_MACRO_F1,7,98,S13:EMAi_0.001,0.001086330347970743,0.00034821522979085667,53,EXECUTED
EXP-XAI-0001,MODEL-C2,PERMUTATION_IMPORTANCE_MACRO_F1,7,99,S13:EMAi_0.01,0.0,0.0,98,EXECUTED
EXP-XAI-0001,MODEL-C2,PERMUTATION_IMPORTANCE_MACRO_F1,7,100,S13:EMAi_0.1,0.0,0.0,99,EXECUTED
EXP-XAI-0001,MODEL-C2,PERMUTATION_IMPORTANCE_MACRO_F1,7,101,S13:EMAd_0.001,-0.0006358809557272749,0.0005806244914279509,108,EXECUTED
EXP-XAI-0001,MODEL-C2,PERMUTATION_IMPORTANCE_MACRO_F1,7,102,S13:EMAd_0.01,-0.0009828979730621245,0.0008762544185801,112,EXECUTED
EXP-XAI-0001,MODEL-C2,PERMUTATION_IMPORTANCE_MACRO_F1,7,103,S13:EMAd_0.1,0.0005102906424083065,0.00019151874652874502,69,EXECUTED
EXP-XAI-0001,MODEL-C2,PERMUTATION_IMPORTANCE_MACRO_F1,7,104,S14:dR,-0.0011854217740097206,0.0004028641739650472,116,EXECUTED
EXP-XAI-0001,MODEL-C2,PERMUTATION_IMPORTANCE_MACRO_F1,7,105,S14:dR_norm,9.742160700709767e-07,0.0007057795815496118,96,EXECUTED
EXP-XAI-0001,MODEL-C2,PERMUTATION_IMPORTANCE_MACRO_F1,7,106,S14:EMAi_0.001,0.0008739392085019282,0.0002002156394943248,57,EXECUTED
EXP-XAI-0001,MODEL-C2,PERMUTATION_IMPORTANCE_MACRO_F1,7,107,S14:EMAi_0.01,3.867220273119365e-05,4.736358196044523e-05,92,EXECUTED
EXP-XAI-0001,MODEL-C2,PERMUTATION_IMPORTANCE_MACRO_F1,7,108,S14:EMAi_0.1,0.00047697529587017453,0.00023137916719652503,70,EXECUTED
EXP-XAI-0001,MODEL-C2,PERMUTATION_IMPORTANCE_MACRO_F1,7,109,S14:EMAd_0.001,0.000324165182901337,0.0004046072790277762,78,EXECUTED
EXP-XAI-0001,MODEL-C2,PERMUTATION_IMPORTANCE_MACRO_F1,7,110,S14:EMAd_0.01,-0.0011639366237568116,0.0002773068119970933,115,EXECUTED
EXP-XAI-0001,MODEL-C2,PERMUTATION_IMPORTANCE_MACRO_F1,7,111,S14:EMAd_0.1,0.0,0.0,100,EXECUTED
EXP-XAI-0001,MODEL-C2,PERMUTATION_IMPORTANCE_MACRO_F1,7,112,S15:dR,-0.00467135350062603,0.00094010101842101,127,EXECUTED
EXP-XAI-0001,MODEL-C2,PERMUTATION_IMPORTANCE_MACRO_F1,7,113,S15:dR_norm,-0.0023241701786023694,0.0021086128638111165,123,EXECUTED
EXP-XAI-0001,MODEL-C2,PERMUTATION_IMPORTANCE_MACRO_F1,7,114,S15:EMAi_0.001,0.0009197703845491789,0.0002478863412613386,56,EXECUTED
EXP-XAI-0001,MODEL-C2,PERMUTATION_IMPORTANCE_MACRO_F1,7,115,S15:EMAi_0.01,0.0008589470319331327,0.00032375681147012115,58,EXECUTED
EXP-XAI-0001,MODEL-C2,PERMUTATION_IMPORTANCE_MACRO_F1,7,116,S15:EMAi_0.1,0.0004361736999505594,0.0002841260876155079,73,EXECUTED
EXP-XAI-0001,MODEL-C2,PERMUTATION_IMPORTANCE_MACRO_F1,7,117,S15:EMAd_0.001,0.0020316509481238753,0.0006257640401119173,36,EXECUTED
EXP-XAI-0001,MODEL-C2,PERMUTATION_IMPORTANCE_MACRO_F1,7,118,S15:EMAd_0.01,0.0025385168084884335,0.0005158434486430363,25,EXECUTED
EXP-XAI-0001,MODEL-C2,PERMUTATION_IMPORTANCE_MACRO_F1,7,119,S15:EMAd_0.1,0.0020709299189935805,0.00023241945670024038,35,EXECUTED
EXP-XAI-0001,MODEL-C2,PERMUTATION_IMPORTANCE_MACRO_F1,7,120,S16:dR,-0.0026569788318423935,0.0006436372884085365,125,EXECUTED
EXP-XAI-0001,MODEL-C2,PERMUTATION_IMPORTANCE_MACRO_F1,7,121,S16:dR_norm,0.0042808697989421,0.0013034450079805267,14,EXECUTED
EXP-XAI-0001,MODEL-C2,PERMUTATION_IMPORTANCE_MACRO_F1,7,122,S16:EMAi_0.001,7.899347690198955e-05,0.0,89,EXECUTED
EXP-XAI-0001,MODEL-C2,PERMUTATION_IMPORTANCE_MACRO_F1,7,123,S16:EMAi_0.01,0.0003293422544039859,0.00020250119301280483,77,EXECUTED
EXP-XAI-0001,MODEL-C2,PERMUTATION_IMPORTANCE_MACRO_F1,7,124,S16:EMAi_0.1,0.0006626223872855163,0.0003534038013893144,63,EXECUTED
EXP-XAI-0001,MODEL-C2,PERMUTATION_IMPORTANCE_MACRO_F1,7,125,S16:EMAd_0.001,0.001019052447313895,0.0009816685536810231,54,EXECUTED
EXP-XAI-0001,MODEL-C2,PERMUTATION_IMPORTANCE_MACRO_F1,7,126,S16:EMAd_0.01,0.0018637670814759977,0.0003397843843647223,38,EXECUTED
EXP-XAI-0001,MODEL-C2,PERMUTATION_IMPORTANCE_MACRO_F1,7,127,S16:EMAd_0.1,0.0002662170476972592,0.0001954242775454383,79,EXECUTED
EXP-XAI-0001,MODEL-C2,PERMUTATION_IMPORTANCE_MACRO_F1,8,0,S1:dR,0.0036780175978919027,0.0045046331899061196,36,EXECUTED
EXP-XAI-0001,MODEL-C2,PERMUTATION_IMPORTANCE_MACRO_F1,8,1,S1:dR_norm,0.006124975114792386,0.0023375679064288027,27,EXECUTED
EXP-XAI-0001,MODEL-C2,PERMUTATION_IMPORTANCE_MACRO_F1,8,2,S1:EMAi_0.001,0.0,0.0,75,EXECUTED
EXP-XAI-0001,MODEL-C2,PERMUTATION_IMPORTANCE_MACRO_F1,8,3,S1:EMAi_0.01,-0.0017496991181201794,0.003499398236240359,107,EXECUTED
EXP-XAI-0001,MODEL-C2,PERMUTATION_IMPORTANCE_MACRO_F1,8,4,S1:EMAi_0.1,0.00032258195239341924,0.0002633870611982173,59,EXECUTED
EXP-XAI-0001,MODEL-C2,PERMUTATION_IMPORTANCE_MACRO_F1,8,5,S1:EMAd_0.001,0.0,0.0,76,EXECUTED
EXP-XAI-0001,MODEL-C2,PERMUTATION_IMPORTANCE_MACRO_F1,8,6,S1:EMAd_0.01,0.0,0.0,77,EXECUTED
EXP-XAI-0001,MODEL-C2,PERMUTATION_IMPORTANCE_MACRO_F1,8,7,S1:EMAd_0.1,0.005789750399084709,0.007457208341088049,29,EXECUTED
EXP-XAI-0001,MODEL-C2,PERMUTATION_IMPORTANCE_MACRO_F1,8,8,S2:dR,0.002173022882460046,0.005344425503548089,42,EXECUTED
EXP-XAI-0001,MODEL-C2,PERMUTATION_IMPORTANCE_MACRO_F1,8,9,S2:dR_norm,0.0003587392177868354,0.0003577947390710601,58,EXECUTED
EXP-XAI-0001,MODEL-C2,PERMUTATION_IMPORTANCE_MACRO_F1,8,10,S2:EMAi_0.001,-0.009445139870962405,0.006410871827779609,119,EXECUTED
EXP-XAI-0001,MODEL-C2,PERMUTATION_IMPORTANCE_MACRO_F1,8,11,S2:EMAi_0.01,0.005624553714302327,0.004376243431750898,30,EXECUTED
EXP-XAI-0001,MODEL-C2,PERMUTATION_IMPORTANCE_MACRO_F1,8,12,S2:EMAi_0.1,-0.005401844543255674,0.0037445324285312626,113,EXECUTED
EXP-XAI-0001,MODEL-C2,PERMUTATION_IMPORTANCE_MACRO_F1,8,13,S2:EMAd_0.001,0.01975208225404713,0.0019455478513845294,8,EXECUTED
EXP-XAI-0001,MODEL-C2,PERMUTATION_IMPORTANCE_MACRO_F1,8,14,S2:EMAd_0.01,0.009355266256988033,0.005550784212502186,22,EXECUTED
EXP-XAI-0001,MODEL-C2,PERMUTATION_IMPORTANCE_MACRO_F1,8,15,S2:EMAd_0.1,0.014163110057463147,0.0034055594967926316,17,EXECUTED
EXP-XAI-0001,MODEL-C2,PERMUTATION_IMPORTANCE_MACRO_F1,8,16,S3:dR,0.005387829663918852,0.008519534012719892,33,EXECUTED
EXP-XAI-0001,MODEL-C2,PERMUTATION_IMPORTANCE_MACRO_F1,8,17,S3:dR_norm,-0.026981424703933415,0.015361182944133965,128,EXECUTED
EXP-XAI-0001,MODEL-C2,PERMUTATION_IMPORTANCE_MACRO_F1,8,18,S3:EMAi_0.001,-0.004817072587546994,0.004384480169718929,111,EXECUTED
EXP-XAI-0001,MODEL-C2,PERMUTATION_IMPORTANCE_MACRO_F1,8,19,S3:EMAi_0.01,0.0,0.0,78,EXECUTED
EXP-XAI-0001,MODEL-C2,PERMUTATION_IMPORTANCE_MACRO_F1,8,20,S3:EMAi_0.1,-0.0016421718006557062,0.003559257986840711,106,EXECUTED
EXP-XAI-0001,MODEL-C2,PERMUTATION_IMPORTANCE_MACRO_F1,8,21,S3:EMAd_0.001,0.005417730737521592,0.003829228259100418,32,EXECUTED
EXP-XAI-0001,MODEL-C2,PERMUTATION_IMPORTANCE_MACRO_F1,8,22,S3:EMAd_0.01,-0.0002350975477910633,0.00029476488954511475,103,EXECUTED
EXP-XAI-0001,MODEL-C2,PERMUTATION_IMPORTANCE_MACRO_F1,8,23,S3:EMAd_0.1,0.00032258195239341924,0.0002633870611982173,60,EXECUTED
EXP-XAI-0001,MODEL-C2,PERMUTATION_IMPORTANCE_MACRO_F1,8,24,S4:dR,0.012141124907182416,0.007378309233041902,19,EXECUTED
EXP-XAI-0001,MODEL-C2,PERMUTATION_IMPORTANCE_MACRO_F1,8,25,S4:dR_norm,0.003518919986714081,0.004873515079384737,37,EXECUTED
EXP-XAI-0001,MODEL-C2,PERMUTATION_IMPORTANCE_MACRO_F1,8,26,S4:EMAi_0.001,0.0,0.0,79,EXECUTED
EXP-XAI-0001,MODEL-C2,PERMUTATION_IMPORTANCE_MACRO_F1,8,27,S4:EMAi_0.01,-0.011289089541520626,0.004036750382679955,121,EXECUTED
EXP-XAI-0001,MODEL-C2,PERMUTATION_IMPORTANCE_MACRO_F1,8,28,S4:EMAi_0.1,0.0,0.0,80,EXECUTED
EXP-XAI-0001,MODEL-C2,PERMUTATION_IMPORTANCE_MACRO_F1,8,29,S4:EMAd_0.001,0.0007273016462900017,0.005847291455708271,51,EXECUTED
EXP-XAI-0001,MODEL-C2,PERMUTATION_IMPORTANCE_MACRO_F1,8,30,S4:EMAd_0.01,0.0002239084321318696,0.00037242517373753354,63,EXECUTED
EXP-XAI-0001,MODEL-C2,PERMUTATION_IMPORTANCE_MACRO_F1,8,31,S4:EMAd_0.1,0.0,0.0,81,EXECUTED
EXP-XAI-0001,MODEL-C2,PERMUTATION_IMPORTANCE_MACRO_F1,8,32,S5:dR,0.039481563340063454,0.0069597840504025755,1,EXECUTED
EXP-XAI-0001,MODEL-C2,PERMUTATION_IMPORTANCE_MACRO_F1,8,33,S5:dR_norm,0.02065378667106902,0.005834290825721992,7,EXECUTED
EXP-XAI-0001,MODEL-C2,PERMUTATION_IMPORTANCE_MACRO_F1,8,34,S5:EMAi_0.001,0.00010752731746447309,0.00021505463492894618,69,EXECUTED
EXP-XAI-0001,MODEL-C2,PERMUTATION_IMPORTANCE_MACRO_F1,8,35,S5:EMAi_0.01,0.00021505463492894618,0.0002633870611982173,64,EXECUTED
EXP-XAI-0001,MODEL-C2,PERMUTATION_IMPORTANCE_MACRO_F1,8,36,S5:EMAi_0.1,0.0017150733384040495,0.001207992807494955,45,EXECUTED
EXP-XAI-0001,MODEL-C2,PERMUTATION_IMPORTANCE_MACRO_F1,8,37,S5:EMAd_0.001,0.0006426585803538609,0.00021004398606299103,52,EXECUTED
EXP-XAI-0001,MODEL-C2,PERMUTATION_IMPORTANCE_MACRO_F1,8,38,S5:EMAd_0.01,0.0,0.0,82,EXECUTED
EXP-XAI-0001,MODEL-C2,PERMUTATION_IMPORTANCE_MACRO_F1,8,39,S5:EMAd_0.1,0.0,0.0,83,EXECUTED
EXP-XAI-0001,MODEL-C2,PERMUTATION_IMPORTANCE_MACRO_F1,8,40,S6:dR,0.018524730014830182,0.003848945113503113,11,EXECUTED
EXP-XAI-0001,MODEL-C2,PERMUTATION_IMPORTANCE_MACRO_F1,8,41,S6:dR_norm,0.017762975522969904,0.007606358542491946,12,EXECUTED
EXP-XAI-0001,MODEL-C2,PERMUTATION_IMPORTANCE_MACRO_F1,8,42,S6:EMAi_0.001,0.0,0.0,84,EXECUTED
EXP-XAI-0001,MODEL-C2,PERMUTATION_IMPORTANCE_MACRO_F1,8,43,S6:EMAi_0.01,0.0,0.0,85,EXECUTED
EXP-XAI-0001,MODEL-C2,PERMUTATION_IMPORTANCE_MACRO_F1,8,44,S6:EMAi_0.1,0.00010752731746447309,0.00021505463492894618,70,EXECUTED
EXP-XAI-0001,MODEL-C2,PERMUTATION_IMPORTANCE_MACRO_F1,8,45,S6:EMAd_0.001,0.0020540634338748975,0.003578576737004849,43,EXECUTED
EXP-XAI-0001,MODEL-C2,PERMUTATION_IMPORTANCE_MACRO_F1,8,46,S6:EMAd_0.01,0.00010752731746447309,0.00021505463492894618,71,EXECUTED
EXP-XAI-0001,MODEL-C2,PERMUTATION_IMPORTANCE_MACRO_F1,8,47,S6:EMAd_0.1,0.0021874261948784447,0.000260331336533528,41,EXECUTED
EXP-XAI-0001,MODEL-C2,PERMUTATION_IMPORTANCE_MACRO_F1,8,48,S7:dR,-0.00142711716572676,0.0036666065339844237,104,EXECUTED
EXP-XAI-0001,MODEL-C2,PERMUTATION_IMPORTANCE_MACRO_F1,8,49,S7:dR_norm,-0.02344468982869182,0.012674334764316961,126,EXECUTED
EXP-XAI-0001,MODEL-C2,PERMUTATION_IMPORTANCE_MACRO_F1,8,50,S7:EMAi_0.001,-0.0017496991181201794,0.003499398236240359,108,EXECUTED
EXP-XAI-0001,MODEL-C2,PERMUTATION_IMPORTANCE_MACRO_F1,8,51,S7:EMAi_0.01,0.0005351312628893879,0.00033608397530461174,54,EXECUTED
EXP-XAI-0001,MODEL-C2,PERMUTATION_IMPORTANCE_MACRO_F1,8,52,S7:EMAi_0.1,0.00032258195239341924,0.0002633870611982173,61,EXECUTED
EXP-XAI-0001,MODEL-C2,PERMUTATION_IMPORTANCE_MACRO_F1,8,53,S7:EMAd_0.001,0.0001932861144722464,0.007069503042872711,68,EXECUTED
EXP-XAI-0001,MODEL-C2,PERMUTATION_IMPORTANCE_MACRO_F1,8,54,S7:EMAd_0.01,-0.011152662741725505,0.012390671090373586,120,EXECUTED
EXP-XAI-0001,MODEL-C2,PERMUTATION_IMPORTANCE_MACRO_F1,8,55,S7:EMAd_0.1,0.0,0.0,86,EXECUTED
EXP-XAI-0001,MODEL-C2,PERMUTATION_IMPORTANCE_MACRO_F1,8,56,S8:dR,0.006823869870084343,0.00611124207081839,26,EXECUTED
EXP-XAI-0001,MODEL-C2,PERMUTATION_IMPORTANCE_MACRO_F1,8,57,S8:dR_norm,-0.02467925436056042,0.017525742148864685,127,EXECUTED
EXP-XAI-0001,MODEL-C2,PERMUTATION_IMPORTANCE_MACRO_F1,8,58,S8:EMAi_0.001,0.0007899466194761894,0.0009674830708765863,49,EXECUTED
EXP-XAI-0001,MODEL-C2,PERMUTATION_IMPORTANCE_MACRO_F1,8,59,S8:EMAi_0.01,0.00032007662796044165,0.00042573186303183745,62,EXECUTED
EXP-XAI-0001,MODEL-C2,PERMUTATION_IMPORTANCE_MACRO_F1,8,60,S8:EMAi_0.1,0.0,0.0,87,EXECUTED
EXP-XAI-0001,MODEL-C2,PERMUTATION_IMPORTANCE_MACRO_F1,8,61,S8:EMAd_0.001,0.004524203573626711,0.004607943071352552,35,EXECUTED
EXP-XAI-0001,MODEL-C2,PERMUTATION_IMPORTANCE_MACRO_F1,8,62,S8:EMAd_0.01,-0.011641296605507756,0.004221352717872757,122,EXECUTED
EXP-XAI-0001,MODEL-C2,PERMUTATION_IMPORTANCE_MACRO_F1,8,63,S8:EMAd_0.1,0.0,0.0,88,EXECUTED
EXP-XAI-0001,MODEL-C2,PERMUTATION_IMPORTANCE_MACRO_F1,8,64,S9:dR,-0.006010598495842612,0.008571942403233515,115,EXECUTED
EXP-XAI-0001,MODEL-C2,PERMUTATION_IMPORTANCE_MACRO_F1,8,65,S9:dR_norm,0.017190805889575035,0.004317965540018189,13,EXECUTED
EXP-XAI-0001,MODEL-C2,PERMUTATION_IMPORTANCE_MACRO_F1,8,66,S9:EMAi_0.001,0.0,0.0,89,EXECUTED
EXP-XAI-0001,MODEL-C2,PERMUTATION_IMPORTANCE_MACRO_F1,8,67,S9:EMAi_0.01,-0.0056070102168253476,0.0033569123699742323,114,EXECUTED
EXP-XAI-0001,MODEL-C2,PERMUTATION_IMPORTANCE_MACRO_F1,8,68,S9:EMAi_0.1,0.0005351312628893879,0.00033608397530461174,55,EXECUTED
EXP-XAI-0001,MODEL-C2,PERMUTATION_IMPORTANCE_MACRO_F1,8,69,S9:EMAd_0.001,0.015299494687690929,0.0039223301329812605,15,EXECUTED
EXP-XAI-0001,MODEL-C2,PERMUTATION_IMPORTANCE_MACRO_F1,8,70,S9:EMAd_0.01,0.004890924007377706,0.004813951385212401,34,EXECUTED
EXP-XAI-0001,MODEL-C2,PERMUTATION_IMPORTANCE_MACRO_F1,8,71,S9:EMAd_0.1,0.01399315789053629,0.004846714133958892,18,EXECUTED
EXP-XAI-0001,MODEL-C2,PERMUTATION_IMPORTANCE_MACRO_F1,8,72,S10:dR,0.009109091067383756,0.0076493764823049246,23,EXECUTED
EXP-XAI-0001,MODEL-C2,PERMUTATION_IMPORTANCE_MACRO_F1,8,73,S10:dR_norm,0.019527993564900748,0.003483139919509953,9,EXECUTED
EXP-XAI-0001,MODEL-C2,PERMUTATION_IMPORTANCE_MACRO_F1,8,74,S10:EMAi_0.001,0.002374484095811663,0.0036736950169785954,38,EXECUTED
EXP-XAI-0001,MODEL-C2,PERMUTATION_IMPORTANCE_MACRO_F1,8,75,S10:EMAi_0.01,0.00010752731746447309,0.00021505463492894615,72,EXECUTED
EXP-XAI-0001,MODEL-C2,PERMUTATION_IMPORTANCE_MACRO_F1,8,76,S10:EMAi_0.1,-0.004978933919432327,0.0035601763939470915,112,EXECUTED
EXP-XAI-0001,MODEL-C2,PERMUTATION_IMPORTANCE_MACRO_F1,8,77,S10:EMAd_0.001,0.020843546286455565,0.007286059562067452,6,EXECUTED
EXP-XAI-0001,MODEL-C2,PERMUTATION_IMPORTANCE_MACRO_F1,8,78,S10:EMAd_0.01,0.022216303053245012,0.010789511313733373,4,EXECUTED
EXP-XAI-0001,MODEL-C2,PERMUTATION_IMPORTANCE_MACRO_F1,8,79,S10:EMAd_0.1,0.006898257153586373,0.003805882299074247,25,EXECUTED
EXP-XAI-0001,MODEL-C2,PERMUTATION_IMPORTANCE_MACRO_F1,8,80,S11:dR,0.00979006432680452,0.009503660151579621,20,EXECUTED
EXP-XAI-0001,MODEL-C2,PERMUTATION_IMPORTANCE_MACRO_F1,8,81,S11:dR_norm,0.00544669453153494,0.0009902603795170935,31,EXECUTED
EXP-XAI-0001,MODEL-C2,PERMUTATION_IMPORTANCE_MACRO_F1,8,82,S11:EMAi_0.001,0.0011849199292142843,0.0009674830708765863,48,EXECUTED
EXP-XAI-0001,MODEL-C2,PERMUTATION_IMPORTANCE_MACRO_F1,8,83,S11:EMAi_0.01,0.0,0.0,90,EXECUTED
EXP-XAI-0001,MODEL-C2,PERMUTATION_IMPORTANCE_MACRO_F1,8,84,S11:EMAi_0.1,0.00021505463492894618,0.0002633870611982173,65,EXECUTED
EXP-XAI-0001,MODEL-C2,PERMUTATION_IMPORTANCE_MACRO_F1,8,85,S11:EMAd_0.001,0.001687420556416852,0.0005748919845472433,46,EXECUTED
EXP-XAI-0001,MODEL-C2,PERMUTATION_IMPORTANCE_MACRO_F1,8,86,S11:EMAd_0.01,0.0017937003795108375,0.0006608947083311036,44,EXECUTED
EXP-XAI-0001,MODEL-C2,PERMUTATION_IMPORTANCE_MACRO_F1,8,87,S11:EMAd_0.1,0.0,0.0,91,EXECUTED
EXP-XAI-0001,MODEL-C2,PERMUTATION_IMPORTANCE_MACRO_F1,8,88,S12:dR,-0.014701677491131776,0.016059773750531588,123,EXECUTED
EXP-XAI-0001,MODEL-C2,PERMUTATION_IMPORTANCE_MACRO_F1,8,89,S12:dR_norm,0.009549309745022582,0.007087607954444893,21,EXECUTED
EXP-XAI-0001,MODEL-C2,PERMUTATION_IMPORTANCE_MACRO_F1,8,90,S12:EMAi_0.001,0.005835285768317966,0.004552246925761173,28,EXECUTED
EXP-XAI-0001,MODEL-C2,PERMUTATION_IMPORTANCE_MACRO_F1,8,91,S12:EMAi_0.01,0.00010752731746447309,0.00021505463492894618,73,EXECUTED
EXP-XAI-0001,MODEL-C2,PERMUTATION_IMPORTANCE_MACRO_F1,8,92,S12:EMAi_0.1,0.00010752731746447309,0.00021505463492894618,74,EXECUTED
EXP-XAI-0001,MODEL-C2,PERMUTATION_IMPORTANCE_MACRO_F1,8,93,S12:EMAd_0.001,0.002369473446945708,0.003706795785736803,39,EXECUTED
EXP-XAI-0001,MODEL-C2,PERMUTATION_IMPORTANCE_MACRO_F1,8,94,S12:EMAd_0.01,0.00043010926985789235,0.00021505463492894615,57,EXECUTED
EXP-XAI-0001,MODEL-C2,PERMUTATION_IMPORTANCE_MACRO_F1,8,95,S12:EMAd_0.1,0.002351696640045775,0.006912069127477487,40,EXECUTED
EXP-XAI-0001,MODEL-C2,PERMUTATION_IMPORTANCE_MACRO_F1,8,96,S13:dR,0.029252579092078974,0.010861280332707725,3,EXECUTED
EXP-XAI-0001,MODEL-C2,PERMUTATION_IMPORTANCE_MACRO_F1,8,97,S13:dR_norm,0.029285083230517185,0.005123292266486586,2,EXECUTED
EXP-XAI-0001,MODEL-C2,PERMUTATION_IMPORTANCE_MACRO_F1,8,98,S13:EMAi_0.001,0.0,0.0,92,EXECUTED
EXP-XAI-0001,MODEL-C2,PERMUTATION_IMPORTANCE_MACRO_F1,8,99,S13:EMAi_0.01,0.0,0.0,93,EXECUTED
EXP-XAI-0001,MODEL-C2,PERMUTATION_IMPORTANCE_MACRO_F1,8,100,S13:EMAi_0.1,0.0,0.0,94,EXECUTED
EXP-XAI-0001,MODEL-C2,PERMUTATION_IMPORTANCE_MACRO_F1,8,101,S13:EMAd_0.001,0.021849356090712348,0.00757489884506814,5,EXECUTED
EXP-XAI-0001,MODEL-C2,PERMUTATION_IMPORTANCE_MACRO_F1,8,102,S13:EMAd_0.01,0.015308311628745052,0.007657637137765816,14,EXECUTED
EXP-XAI-0001,MODEL-C2,PERMUTATION_IMPORTANCE_MACRO_F1,8,103,S13:EMAd_0.1,0.0,0.0,95,EXECUTED
EXP-XAI-0001,MODEL-C2,PERMUTATION_IMPORTANCE_MACRO_F1,8,104,S14:dR,0.018763746196934487,0.008146670081595787,10,EXECUTED
EXP-XAI-0001,MODEL-C2,PERMUTATION_IMPORTANCE_MACRO_F1,8,105,S14:dR_norm,0.015254722675244265,0.004459859982367649,16,EXECUTED
EXP-XAI-0001,MODEL-C2,PERMUTATION_IMPORTANCE_MACRO_F1,8,106,S14:EMAi_0.001,0.0007899466194761894,0.0009674830708765863,50,EXECUTED
EXP-XAI-0001,MODEL-C2,PERMUTATION_IMPORTANCE_MACRO_F1,8,107,S14:EMAi_0.01,0.0,0.0,96,EXECUTED
EXP-XAI-0001,MODEL-C2,PERMUTATION_IMPORTANCE_MACRO_F1,8,108,S14:EMAi_0.1,0.0,0.0,97,EXECUTED
EXP-XAI-0001,MODEL-C2,PERMUTATION_IMPORTANCE_MACRO_F1,8,109,S14:EMAd_0.001,0.00021505463492894618,0.0002633870611982173,66,EXECUTED
EXP-XAI-0001,MODEL-C2,PERMUTATION_IMPORTANCE_MACRO_F1,8,110,S14:EMAd_0.01,0.007672133276807264,0.0038414892623761343,24,EXECUTED
EXP-XAI-0001,MODEL-C2,PERMUTATION_IMPORTANCE_MACRO_F1,8,111,S14:EMAd_0.1,0.0,0.0,98,EXECUTED
EXP-XAI-0001,MODEL-C2,PERMUTATION_IMPORTANCE_MACRO_F1,8,112,S15:dR,0.0005604596145396601,0.007709388690956919,53,EXECUTED
EXP-XAI-0001,MODEL-C2,PERMUTATION_IMPORTANCE_MACRO_F1,8,113,S15:dR_norm,-0.007464796813328562,0.007212256478157892,117,EXECUTED
EXP-XAI-0001,MODEL-C2,PERMUTATION_IMPORTANCE_MACRO_F1,8,114,S15:EMAi_0.001,-0.0017496991181201794,0.003499398236240359,109,EXECUTED
EXP-XAI-0001,MODEL-C2,PERMUTATION_IMPORTANCE_MACRO_F1,8,115,S15:EMAi_0.01,0.0005326259384564102,0.0004752813099755478,56,EXECUTED
EXP-XAI-0001,MODEL-C2,PERMUTATION_IMPORTANCE_MACRO_F1,8,116,S15:EMAi_0.1,0.0,0.0,99,EXECUTED
EXP-XAI-0001,MODEL-C2,PERMUTATION_IMPORTANCE_MACRO_F1,8,117,S15:EMAd_0.001,-0.01678623730425835,0.005409359323170311,124,EXECUTED
EXP-XAI-0001,MODEL-C2,PERMUTATION_IMPORTANCE_MACRO_F1,8,118,S15:EMAd_0.01,-0.006695026195026215,0.006209544080900076,116,EXECUTED
EXP-XAI-0001,MODEL-C2,PERMUTATION_IMPORTANCE_MACRO_F1,8,119,S15:EMAd_0.1,-0.001534644483191233,0.003614930506935705,105,EXECUTED
EXP-XAI-0001,MODEL-C2,PERMUTATION_IMPORTANCE_MACRO_F1,8,120,S16:dR,-0.00016821156258754467,0.0033862350437946632,102,EXECUTED
EXP-XAI-0001,MODEL-C2,PERMUTATION_IMPORTANCE_MACRO_F1,8,121,S16:dR_norm,-0.017420650353712534,0.009986917537984363,125,EXECUTED
EXP-XAI-0001,MODEL-C2,PERMUTATION_IMPORTANCE_MACRO_F1,8,122,S16:EMAi_0.001,0.0,0.0,100,EXECUTED
EXP-XAI-0001,MODEL-C2,PERMUTATION_IMPORTANCE_MACRO_F1,8,123,S16:EMAi_0.01,0.001397479575402255,0.0011574184399345845,47,EXECUTED
EXP-XAI-0001,MODEL-C2,PERMUTATION_IMPORTANCE_MACRO_F1,8,124,S16:EMAi_0.1,0.00021505463492894618,0.0002633870611982173,67,EXECUTED
EXP-XAI-0001,MODEL-C2,PERMUTATION_IMPORTANCE_MACRO_F1,8,125,S16:EMAd_0.001,-0.0035827036496714703,0.004422856606410745,110,EXECUTED
EXP-XAI-0001,MODEL-C2,PERMUTATION_IMPORTANCE_MACRO_F1,8,126,S16:EMAd_0.01,-0.008584428009900096,0.007641899523215624,118,EXECUTED
EXP-XAI-0001,MODEL-C2,PERMUTATION_IMPORTANCE_MACRO_F1,8,127,S16:EMAd_0.1,0.0,0.0,101,EXECUTED
EXP-XAI-0001,MODEL-C2,PERMUTATION_IMPORTANCE_MACRO_F1,9,0,S1:dR,0.0024741023448254683,0.0025570331109773955,58,EXECUTED
EXP-XAI-0001,MODEL-C2,PERMUTATION_IMPORTANCE_MACRO_F1,9,1,S1:dR_norm,0.01713162206985681,0.0035892085174628395,20,EXECUTED
EXP-XAI-0001,MODEL-C2,PERMUTATION_IMPORTANCE_MACRO_F1,9,2,S1:EMAi_0.001,0.004224628517629725,0.001754053248984731,53,EXECUTED
EXP-XAI-0001,MODEL-C2,PERMUTATION_IMPORTANCE_MACRO_F1,9,3,S1:EMAi_0.01,0.011913573136580358,0.0026904460817295996,36,EXECUTED
EXP-XAI-0001,MODEL-C2,PERMUTATION_IMPORTANCE_MACRO_F1,9,4,S1:EMAi_0.1,0.0,0.0,82,EXECUTED
EXP-XAI-0001,MODEL-C2,PERMUTATION_IMPORTANCE_MACRO_F1,9,5,S1:EMAd_0.001,0.015736078034084822,0.005019115621703834,26,EXECUTED
EXP-XAI-0001,MODEL-C2,PERMUTATION_IMPORTANCE_MACRO_F1,9,6,S1:EMAd_0.01,0.016973084915826674,0.003704564815092814,21,EXECUTED
EXP-XAI-0001,MODEL-C2,PERMUTATION_IMPORTANCE_MACRO_F1,9,7,S1:EMAd_0.1,0.022922212351874128,0.004315031637614652,12,EXECUTED
EXP-XAI-0001,MODEL-C2,PERMUTATION_IMPORTANCE_MACRO_F1,9,8,S2:dR,0.013587313301998648,0.0039341998163245,29,EXECUTED
EXP-XAI-0001,MODEL-C2,PERMUTATION_IMPORTANCE_MACRO_F1,9,9,S2:dR_norm,0.004758726046349448,0.0011411507039144778,52,EXECUTED
EXP-XAI-0001,MODEL-C2,PERMUTATION_IMPORTANCE_MACRO_F1,9,10,S2:EMAi_0.001,0.00593173837601908,0.002401175079089937,48,EXECUTED
EXP-XAI-0001,MODEL-C2,PERMUTATION_IMPORTANCE_MACRO_F1,9,11,S2:EMAi_0.01,0.012898298032901956,0.002390465963473321,31,EXECUTED
EXP-XAI-0001,MODEL-C2,PERMUTATION_IMPORTANCE_MACRO_F1,9,12,S2:EMAi_0.1,0.0005035025648104541,0.00048652281395486827,75,EXECUTED
EXP-XAI-0001,MODEL-C2,PERMUTATION_IMPORTANCE_MACRO_F1,9,13,S2:EMAd_0.001,0.018125705881310704,0.006323624751213457,17,EXECUTED
EXP-XAI-0001,MODEL-C2,PERMUTATION_IMPORTANCE_MACRO_F1,9,14,S2:EMAd_0.01,0.01865911159343847,0.002649754504995515,16,EXECUTED
EXP-XAI-0001,MODEL-C2,PERMUTATION_IMPORTANCE_MACRO_F1,9,15,S2:EMAd_0.1,0.012395466072111293,0.0027866959839067916,34,EXECUTED
EXP-XAI-0001,MODEL-C2,PERMUTATION_IMPORTANCE_MACRO_F1,9,16,S3:dR,0.01664699816453976,0.004415031677032818,23,EXECUTED
EXP-XAI-0001,MODEL-C2,PERMUTATION_IMPORTANCE_MACRO_F1,9,17,S3:dR_norm,0.019202010622632604,0.002282318329445874,15,EXECUTED
EXP-XAI-0001,MODEL-C2,PERMUTATION_IMPORTANCE_MACRO_F1,9,18,S3:EMAi_0.001,-0.0002955638881560141,0.00014778194407800705,119,EXECUTED
EXP-XAI-0001,MODEL-C2,PERMUTATION_IMPORTANCE_MACRO_F1,9,19,S3:EMAi_0.01,0.0006470713689059937,0.0004723778997245102,73,EXECUTED
EXP-XAI-0001,MODEL-C2,PERMUTATION_IMPORTANCE_MACRO_F1,9,20,S3:EMAi_0.1,-0.0003694548601950176,0.0,120,EXECUTED
EXP-XAI-0001,MODEL-C2,PERMUTATION_IMPORTANCE_MACRO_F1,9,21,S3:EMAd_0.001,0.002070956320854056,0.0025081607325571774,61,EXECUTED
EXP-XAI-0001,MODEL-C2,PERMUTATION_IMPORTANCE_MACRO_F1,9,22,S3:EMAd_0.01,0.006076972730557473,0.002765289175022473,46,EXECUTED
EXP-XAI-0001,MODEL-C2,PERMUTATION_IMPORTANCE_MACRO_F1,9,23,S3:EMAd_0.1,0.0,0.0,83,EXECUTED
EXP-XAI-0001,MODEL-C2,PERMUTATION_IMPORTANCE_MACRO_F1,9,24,S4:dR,0.03167358951644274,0.004715030858979625,9,EXECUTED
EXP-XAI-0001,MODEL-C2,PERMUTATION_IMPORTANCE_MACRO_F1,9,25,S4:dR_norm,0.002674538796904502,0.0013275004594280103,56,EXECUTED
EXP-XAI-0001,MODEL-C2,PERMUTATION_IMPORTANCE_MACRO_F1,9,26,S4:EMAi_0.001,-7.389097203900353e-05,0.00014778194407800705,110,EXECUTED
EXP-XAI-0001,MODEL-C2,PERMUTATION_IMPORTANCE_MACRO_F1,9,27,S4:EMAi_0.01,-0.001205951542324335,0.0005077334376021064,127,EXECUTED
EXP-XAI-0001,MODEL-C2,PERMUTATION_IMPORTANCE_MACRO_F1,9,28,S4:EMAi_0.1,0.007027461766049048,0.001129712357545043,43,EXECUTED
EXP-XAI-0001,MODEL-C2,PERMUTATION_IMPORTANCE_MACRO_F1,9,29,S4:EMAd_0.001,0.005739709898871426,0.0035341841269445817,49,EXECUTED
EXP-XAI-0001,MODEL-C2,PERMUTATION_IMPORTANCE_MACRO_F1,9,30,S4:EMAd_0.01,0.0021152398039074203,0.002136130976916579,60,EXECUTED
EXP-XAI-0001,MODEL-C2,PERMUTATION_IMPORTANCE_MACRO_F1,9,31,S4:EMAd_0.1,0.0,0.0,84,EXECUTED
EXP-XAI-0001,MODEL-C2,PERMUTATION_IMPORTANCE_MACRO_F1,9,32,S5:dR,0.04295867421449834,0.0055876422722697635,4,EXECUTED
EXP-XAI-0001,MODEL-C2,PERMUTATION_IMPORTANCE_MACRO_F1,9,33,S5:dR_norm,0.013012178436571908,0.0032884540165155104,30,EXECUTED
EXP-XAI-0001,MODEL-C2,PERMUTATION_IMPORTANCE_MACRO_F1,9,34,S5:EMAi_0.001,0.0,0.0,85,EXECUTED
EXP-XAI-0001,MODEL-C2,PERMUTATION_IMPORTANCE_MACRO_F1,9,35,S5:EMAi_0.01,0.0,0.0,86,EXECUTED
EXP-XAI-0001,MODEL-C2,PERMUTATION_IMPORTANCE_MACRO_F1,9,36,S5:EMAi_0.1,0.0,0.0,87,EXECUTED
EXP-XAI-0001,MODEL-C2,PERMUTATION_IMPORTANCE_MACRO_F1,9,37,S5:EMAd_0.001,0.006958750570916594,0.0020745858815281494,44,EXECUTED
EXP-XAI-0001,MODEL-C2,PERMUTATION_IMPORTANCE_MACRO_F1,9,38,S5:EMAd_0.01,0.002538898309173654,0.001133358425737735,57,EXECUTED
EXP-XAI-0001,MODEL-C2,PERMUTATION_IMPORTANCE_MACRO_F1,9,39,S5:EMAd_0.1,0.0,0.0,88,EXECUTED
EXP-XAI-0001,MODEL-C2,PERMUTATION_IMPORTANCE_MACRO_F1,9,40,S6:dR,0.04580877903493148,0.007919644278784017,3,EXECUTED
EXP-XAI-0001,MODEL-C2,PERMUTATION_IMPORTANCE_MACRO_F1,9,41,S6:dR_norm,0.035975551686757604,0.008585705260254909,7,EXECUTED
EXP-XAI-0001,MODEL-C2,PERMUTATION_IMPORTANCE_MACRO_F1,9,42,S6:EMAi_0.001,0.00021637281641246898,0.0003715866652507453,77,EXECUTED
EXP-XAI-0001,MODEL-C2,PERMUTATION_IMPORTANCE_MACRO_F1,9,43,S6:EMAi_0.01,-0.0004454868632837172,0.0002787664962446504,121,EXECUTED
EXP-XAI-0001,MODEL-C2,PERMUTATION_IMPORTANCE_MACRO_F1,9,44,S6:EMAi_0.1,-7.495271005394377e-05,0.00027477506325523124,112,EXECUTED
EXP-XAI-0001,MODEL-C2,PERMUTATION_IMPORTANCE_MACRO_F1,9,45,S6:EMAd_0.001,0.011268274321621984,0.004262432545319286,37,EXECUTED
EXP-XAI-0001,MODEL-C2,PERMUTATION_IMPORTANCE_MACRO_F1,9,46,S6:EMAd_0.01,0.005163708562132463,0.0021488597048072455,50,EXECUTED
EXP-XAI-0001,MODEL-C2,PERMUTATION_IMPORTANCE_MACRO_F1,9,47,S6:EMAd_0.1,0.0,0.0,89,EXECUTED
EXP-XAI-0001,MODEL-C2,PERMUTATION_IMPORTANCE_MACRO_F1,9,48,S7:dR,-0.0008213827521486694,0.0002827911793528992,124,EXECUTED
EXP-XAI-0001,MODEL-C2,PERMUTATION_IMPORTANCE_MACRO_F1,9,49,S7:dR_norm,0.0020470743298254936,0.002943741632291181,62,EXECUTED
EXP-XAI-0001,MODEL-C2,PERMUTATION_IMPORTANCE_MACRO_F1,9,50,S7:EMAi_0.001,0.0003620398748307552,0.0003233490413852087,76,EXECUTED
EXP-XAI-0001,MODEL-C2,PERMUTATION_IMPORTANCE_MACRO_F1,9,51,S7:EMAi_0.01,0.00097424263303445,0.0014517501273241587,70,EXECUTED
EXP-XAI-0001,MODEL-C2,PERMUTATION_IMPORTANCE_MACRO_F1,9,52,S7:EMAi_0.1,0.0,0.0,90,EXECUTED
EXP-XAI-0001,MODEL-C2,PERMUTATION_IMPORTANCE_MACRO_F1,9,53,S7:EMAd_0.001,0.0007916766893093397,0.0003458955762292877,72,EXECUTED
EXP-XAI-0001,MODEL-C2,PERMUTATION_IMPORTANCE_MACRO_F1,9,54,S7:EMAd_0.01,0.001376578119963201,0.0014544410499937087,69,EXECUTED
EXP-XAI-0001,MODEL-C2,PERMUTATION_IMPORTANCE_MACRO_F1,9,55,S7:EMAd_0.1,0.0017061027774010085,0.001420441038506403,66,EXECUTED
EXP-XAI-0001,MODEL-C2,PERMUTATION_IMPORTANCE_MACRO_F1,9,56,S8:dR,0.01577737758379886,0.003538306399642734,25,EXECUTED
EXP-XAI-0001,MODEL-C2,PERMUTATION_IMPORTANCE_MACRO_F1,9,57,S8:dR_norm,0.002966777223057182,0.0029321248710200217,55,EXECUTED
EXP-XAI-0001,MODEL-C2,PERMUTATION_IMPORTANCE_MACRO_F1,9,58,S8:EMAi_0.001,0.0017490329440209783,0.002042864332246148,65,EXECUTED
EXP-XAI-0001,MODEL-C2,PERMUTATION_IMPORTANCE_MACRO_F1,9,59,S8:EMAi_0.01,-0.00014778194407800705,0.00018099517809381775,114,EXECUTED
EXP-XAI-0001,MODEL-C2,PERMUTATION_IMPORTANCE_MACRO_F1,9,60,S8:EMAi_0.1,0.0,0.0,91,EXECUTED
EXP-XAI-0001,MODEL-C2,PERMUTATION_IMPORTANCE_MACRO_F1,9,61,S8:EMAd_0.001,0.0008659398863118728,0.0013046475968043346,71,EXECUTED
EXP-XAI-0001,MODEL-C2,PERMUTATION_IMPORTANCE_MACRO_F1,9,62,S8:EMAd_0.01,0.0019400571672144374,0.002755717857397264,63,EXECUTED
EXP-XAI-0001,MODEL-C2,PERMUTATION_IMPORTANCE_MACRO_F1,9,63,S8:EMAd_0.1,0.0,0.0,92,EXECUTED
EXP-XAI-0001,MODEL-C2,PERMUTATION_IMPORTANCE_MACRO_F1,9,64,S9:dR,0.003163958680322565,0.0048839800531250204,54,EXECUTED
EXP-XAI-0001,MODEL-C2,PERMUTATION_IMPORTANCE_MACRO_F1,9,65,S9:dR_norm,0.016957976441555268,0.0022880059561940723,22,EXECUTED
EXP-XAI-0001,MODEL-C2,PERMUTATION_IMPORTANCE_MACRO_F1,9,66,S9:EMAi_0.001,0.009312404261254115,0.0014184344622146356,39,EXECUTED
EXP-XAI-0001,MODEL-C2,PERMUTATION_IMPORTANCE_MACRO_F1,9,67,S9:EMAi_0.01,0.001581103615701196,0.0010872273232537355,67,EXECUTED
EXP-XAI-0001,MODEL-C2,PERMUTATION_IMPORTANCE_MACRO_F1,9,68,S9:EMAi_0.1,-0.00014991419761779535,0.00037700248326597735,116,EXECUTED
EXP-XAI-0001,MODEL-C2,PERMUTATION_IMPORTANCE_MACRO_F1,9,69,S9:EMAd_0.001,0.01779178994570476,0.004501087257020815,18,EXECUTED
EXP-XAI-0001,MODEL-C2,PERMUTATION_IMPORTANCE_MACRO_F1,9,70,S9:EMAd_0.01,0.012775136308269375,0.0042497793524070146,32,EXECUTED
EXP-XAI-0001,MODEL-C2,PERMUTATION_IMPORTANCE_MACRO_F1,9,71,S9:EMAd_0.1,0.008465766157474297,0.0020576298997814586,41,EXECUTED
EXP-XAI-0001,MODEL-C2,PERMUTATION_IMPORTANCE_MACRO_F1,9,72,S10:dR,0.001404558456902305,0.0021886364849919566,68,EXECUTED
EXP-XAI-0001,MODEL-C2,PERMUTATION_IMPORTANCE_MACRO_F1,9,73,S10:dR_norm,0.02928708795730558,0.006185826287311416,10,EXECUTED
EXP-XAI-0001,MODEL-C2,PERMUTATION_IMPORTANCE_MACRO_F1,9,74,S10:EMAi_0.001,0.006405614450009256,0.0028091799450245545,45,EXECUTED
EXP-XAI-0001,MODEL-C2,PERMUTATION_IMPORTANCE_MACRO_F1,9,75,S10:EMAi_0.01,0.01388213468420274,0.0021459996356234723,28,EXECUTED
EXP-XAI-0001,MODEL-C2,PERMUTATION_IMPORTANCE_MACRO_F1,9,76,S10:EMAi_0.1,-0.0015112132314261007,0.0002456450348183809,128,EXECUTED
EXP-XAI-0001,MODEL-C2,PERMUTATION_IMPORTANCE_MACRO_F1,9,77,S10:EMAd_0.001,0.01254772957496859,0.0035702908424568133,33,EXECUTED
EXP-XAI-0001,MODEL-C2,PERMUTATION_IMPORTANCE_MACRO_F1,9,78,S10:EMAd_0.01,0.03296140947225675,0.005272228136514502,8,EXECUTED
EXP-XAI-0001,MODEL-C2,PERMUTATION_IMPORTANCE_MACRO_F1,9,79,S10:EMAd_0.1,0.012203484870627512,0.002361139860566929,35,EXECUTED
EXP-XAI-0001,MODEL-C2,PERMUTATION_IMPORTANCE_MACRO_F1,9,80,S11:dR,0.01493299094925763,0.0031958285044593592,27,EXECUTED
EXP-XAI-0001,MODEL-C2,PERMUTATION_IMPORTANCE_MACRO_F1,9,81,S11:dR_norm,0.00243586824855746,0.0004158752017054206,59,EXECUTED
EXP-XAI-0001,MODEL-C2,PERMUTATION_IMPORTANCE_MACRO_F1,9,82,S11:EMAi_0.001,0.0,0.0,93,EXECUTED
EXP-XAI-0001,MODEL-C2,PERMUTATION_IMPORTANCE_MACRO_F1,9,83,S11:EMAi_0.01,0.0,0.0,94,EXECUTED
EXP-XAI-0001,MODEL-C2,PERMUTATION_IMPORTANCE_MACRO_F1,9,84,S11:EMAi_0.1,-7.389097203900353e-05,0.00014778194407800705,111,EXECUTED
EXP-XAI-0001,MODEL-C2,PERMUTATION_IMPORTANCE_MACRO_F1,9,85,S11:EMAd_0.001,0.0005066536014894484,0.0002850148627382643,74,EXECUTED
EXP-XAI-0001,MODEL-C2,PERMUTATION_IMPORTANCE_MACRO_F1,9,86,S11:EMAd_0.01,0.00014565846804812655,0.00017839446171669863,78,EXECUTED
EXP-XAI-0001,MODEL-C2,PERMUTATION_IMPORTANCE_MACRO_F1,9,87,S11:EMAd_0.1,0.0,0.0,95,EXECUTED
EXP-XAI-0001,MODEL-C2,PERMUTATION_IMPORTANCE_MACRO_F1,9,88,S12:dR,0.07493700528537231,0.011103388147096748,2,EXECUTED
EXP-XAI-0001,MODEL-C2,PERMUTATION_IMPORTANCE_MACRO_F1,9,89,S12:dR_norm,0.004821502328875404,0.002320935647316115,51,EXECUTED
EXP-XAI-0001,MODEL-C2,PERMUTATION_IMPORTANCE_MACRO_F1,9,90,S12:EMAi_0.001,-0.00014778194407800705,0.00018099517809381775,115,EXECUTED
EXP-XAI-0001,MODEL-C2,PERMUTATION_IMPORTANCE_MACRO_F1,9,91,S12:EMAi_0.01,0.0,0.0,96,EXECUTED
EXP-XAI-0001,MODEL-C2,PERMUTATION_IMPORTANCE_MACRO_F1,9,92,S12:EMAi_0.1,0.0,0.0,97,EXECUTED
EXP-XAI-0001,MODEL-C2,PERMUTATION_IMPORTANCE_MACRO_F1,9,93,S12:EMAd_0.001,0.007480265247466122,0.0027756581119138916,42,EXECUTED
EXP-XAI-0001,MODEL-C2,PERMUTATION_IMPORTANCE_MACRO_F1,9,94,S12:EMAd_0.01,0.0,0.0,98,EXECUTED
EXP-XAI-0001,MODEL-C2,PERMUTATION_IMPORTANCE_MACRO_F1,9,95,S12:EMAd_0.1,0.0,0.0,99,EXECUTED
EXP-XAI-0001,MODEL-C2,PERMUTATION_IMPORTANCE_MACRO_F1,9,96,S13:dR,0.07563993932287212,0.008087835170572572,1,EXECUTED
EXP-XAI-0001,MODEL-C2,PERMUTATION_IMPORTANCE_MACRO_F1,9,97,S13:dR_norm,0.02098258870412565,0.004017302392141715,13,EXECUTED
EXP-XAI-0001,MODEL-C2,PERMUTATION_IMPORTANCE_MACRO_F1,9,98,S13:EMAi_0.001,-7.495271005394377e-05,0.00027477506325523124,113,EXECUTED
EXP-XAI-0001,MODEL-C2,PERMUTATION_IMPORTANCE_MACRO_F1,9,99,S13:EMAi_0.01,0.0,0.0,100,EXECUTED
EXP-XAI-0001,MODEL-C2,PERMUTATION_IMPORTANCE_MACRO_F1,9,100,S13:EMAi_0.1,0.0,0.0,101,EXECUTED
EXP-XAI-0001,MODEL-C2,PERMUTATION_IMPORTANCE_MACRO_F1,9,101,S13:EMAd_0.001,0.026670157470856028,0.0033136980130104585,11,EXECUTED
EXP-XAI-0001,MODEL-C2,PERMUTATION_IMPORTANCE_MACRO_F1,9,102,S13:EMAd_0.01,0.020965337447538247,0.0030831826590920187,14,EXECUTED
EXP-XAI-0001,MODEL-C2,PERMUTATION_IMPORTANCE_MACRO_F1,9,103,S13:EMAd_0.1,0.0,0.0,102,EXECUTED
EXP-XAI-0001,MODEL-C2,PERMUTATION_IMPORTANCE_MACRO_F1,9,104,S14:dR,0.01713946372511562,0.003117803753954437,19,EXECUTED
EXP-XAI-0001,MODEL-C2,PERMUTATION_IMPORTANCE_MACRO_F1,9,105,S14:dR_norm,0.010539482864185434,0.0018627803815091202,38,EXECUTED
EXP-XAI-0001,MODEL-C2,PERMUTATION_IMPORTANCE_MACRO_F1,9,106,S14:EMAi_0.001,0.0,0.0,103,EXECUTED
EXP-XAI-0001,MODEL-C2,PERMUTATION_IMPORTANCE_MACRO_F1,9,107,S14:EMAi_0.01,0.0,0.0,104,EXECUTED
EXP-XAI-0001,MODEL-C2,PERMUTATION_IMPORTANCE_MACRO_F1,9,108,S14:EMAi_0.1,0.0,0.0,105,EXECUTED
EXP-XAI-0001,MODEL-C2,PERMUTATION_IMPORTANCE_MACRO_F1,9,109,S14:EMAd_0.001,0.0018608590668112823,0.002218518345900263,64,EXECUTED
EXP-XAI-0001,MODEL-C2,PERMUTATION_IMPORTANCE_MACRO_F1,9,110,S14:EMAd_0.01,0.016162310582248884,0.00279489407384486,24,EXECUTED
EXP-XAI-0001,MODEL-C2,PERMUTATION_IMPORTANCE_MACRO_F1,9,111,S14:EMAd_0.1,0.0,0.0,106,EXECUTED
EXP-XAI-0001,MODEL-C2,PERMUTATION_IMPORTANCE_MACRO_F1,9,112,S15:dR,0.03942073039392509,0.006002138200607379,5,EXECUTED
EXP-XAI-0001,MODEL-C2,PERMUTATION_IMPORTANCE_MACRO_F1,9,113,S15:dR_norm,-0.00022167291611701055,0.00018099517809381773,118,EXECUTED
EXP-XAI-0001,MODEL-C2,PERMUTATION_IMPORTANCE_MACRO_F1,9,114,S15:EMAi_0.001,-0.0011255557967551622,0.00024218763161528453,126,EXECUTED
EXP-XAI-0001,MODEL-C2,PERMUTATION_IMPORTANCE_MACRO_F1,9,115,S15:EMAi_0.01,7.282923402406327e-05,0.00014565846804812655,79,EXECUTED
EXP-XAI-0001,MODEL-C2,PERMUTATION_IMPORTANCE_MACRO_F1,9,116,S15:EMAi_0.1,0.0,0.0,107,EXECUTED
EXP-XAI-0001,MODEL-C2,PERMUTATION_IMPORTANCE_MACRO_F1,9,117,S15:EMAd_0.001,-0.0009866046889431602,0.0009053185381189931,125,EXECUTED
EXP-XAI-0001,MODEL-C2,PERMUTATION_IMPORTANCE_MACRO_F1,9,118,S15:EMAd_0.01,0.008601359075160363,0.0022256275989260502,40,EXECUTED
EXP-XAI-0001,MODEL-C2,PERMUTATION_IMPORTANCE_MACRO_F1,9,119,S15:EMAd_0.1,0.005949004570764216,0.0038386644541980207,47,EXECUTED
EXP-XAI-0001,MODEL-C2,PERMUTATION_IMPORTANCE_MACRO_F1,9,120,S16:dR,0.03818474137618797,0.005062010049251722,6,EXECUTED
EXP-XAI-0001,MODEL-C2,PERMUTATION_IMPORTANCE_MACRO_F1,9,121,S16:dR_norm,-0.0001725511906556232,0.0010949014009320305,117,EXECUTED
EXP-XAI-0001,MODEL-C2,PERMUTATION_IMPORTANCE_MACRO_F1,9,122,S16:EMAi_0.001,0.0,0.0,108,EXECUTED
EXP-XAI-0001,MODEL-C2,PERMUTATION_IMPORTANCE_MACRO_F1,9,123,S16:EMAi_0.01,-0.0005300930999230125,0.0007662430636621485,122,EXECUTED
EXP-XAI-0001,MODEL-C2,PERMUTATION_IMPORTANCE_MACRO_F1,9,124,S16:EMAi_0.1,7.282923402406327e-05,0.00014565846804812655,80,EXECUTED
EXP-XAI-0001,MODEL-C2,PERMUTATION_IMPORTANCE_MACRO_F1,9,125,S16:EMAd_0.001,-0.0005943393228865723,0.00018361739489142318,123,EXECUTED
EXP-XAI-0001,MODEL-C2,PERMUTATION_IMPORTANCE_MACRO_F1,9,126,S16:EMAd_0.01,4.5672396751750274e-05,0.0011644364360324233,81,EXECUTED
EXP-XAI-0001,MODEL-C2,PERMUTATION_IMPORTANCE_MACRO_F1,9,127,S16:EMAd_0.1,0.0,0.0,109,EXECUTED
EXP-XAI-0001,MODEL-C2,PERMUTATION_IMPORTANCE_MACRO_F1,10,0,S1:dR,-0.006167439159567722,0.000837997270025172,120,EXECUTED
EXP-XAI-0001,MODEL-C2,PERMUTATION_IMPORTANCE_MACRO_F1,10,1,S1:dR_norm,-0.002870138771748354,0.0021027006614679957,105,EXECUTED
EXP-XAI-0001,MODEL-C2,PERMUTATION_IMPORTANCE_MACRO_F1,10,2,S1:EMAi_0.001,-0.0016371664070156,0.0011214329877094135,94,EXECUTED
EXP-XAI-0001,MODEL-C2,PERMUTATION_IMPORTANCE_MACRO_F1,10,3,S1:EMAi_0.01,0.0016618743825944637,0.0005115667834845812,48,EXECUTED
EXP-XAI-0001,MODEL-C2,PERMUTATION_IMPORTANCE_MACRO_F1,10,4,S1:EMAi_0.1,0.001788123664507557,0.0002749933224522114,46,EXECUTED
EXP-XAI-0001,MODEL-C2,PERMUTATION_IMPORTANCE_MACRO_F1,10,5,S1:EMAd_0.001,0.0031342576383358244,0.001205774063993659,24,EXECUTED
EXP-XAI-0001,MODEL-C2,PERMUTATION_IMPORTANCE_MACRO_F1,10,6,S1:EMAd_0.01,-0.0020810612063192234,0.0007078941004329892,100,EXECUTED
EXP-XAI-0001,MODEL-C2,PERMUTATION_IMPORTANCE_MACRO_F1,10,7,S1:EMAd_0.1,0.004516220819498662,0.0010533489678895207,8,EXECUTED
EXP-XAI-0001,MODEL-C2,PERMUTATION_IMPORTANCE_MACRO_F1,10,8,S2:dR,0.0036514343797709238,0.001736747160561131,19,EXECUTED
EXP-XAI-0001,MODEL-C2,PERMUTATION_IMPORTANCE_MACRO_F1,10,9,S2:dR_norm,-0.025358495770854906,0.0008972810046677195,127,EXECUTED
EXP-XAI-0001,MODEL-C2,PERMUTATION_IMPORTANCE_MACRO_F1,10,10,S2:EMAi_0.001,0.0002330021295955942,0.0006290228900401903,67,EXECUTED
EXP-XAI-0001,MODEL-C2,PERMUTATION_IMPORTANCE_MACRO_F1,10,11,S2:EMAi_0.01,0.0015551820009625738,0.0005820339429610891,50,EXECUTED
EXP-XAI-0001,MODEL-C2,PERMUTATION_IMPORTANCE_MACRO_F1,10,12,S2:EMAi_0.1,0.0004665643067699454,0.00036149368844940177,64,EXECUTED
EXP-XAI-0001,MODEL-C2,PERMUTATION_IMPORTANCE_MACRO_F1,10,13,S2:EMAd_0.001,0.0008301689859757322,0.0006399809601552072,59,EXECUTED
EXP-XAI-0001,MODEL-C2,PERMUTATION_IMPORTANCE_MACRO_F1,10,14,S2:EMAd_0.01,0.0037058315458648903,0.0006213777226130995,18,EXECUTED
EXP-XAI-0001,MODEL-C2,PERMUTATION_IMPORTANCE_MACRO_F1,10,15,S2:EMAd_0.1,0.009605678956842357,0.0006772410656563436,2,EXECUTED
EXP-XAI-0001,MODEL-C2,PERMUTATION_IMPORTANCE_MACRO_F1,10,16,S3:dR,0.0003297631190503858,0.0009136287975932919,66,EXECUTED
EXP-XAI-0001,MODEL-C2,PERMUTATION_IMPORTANCE_MACRO_F1,10,17,S3:dR_norm,0.009821376513862218,0.001406309579797289,1,EXECUTED
EXP-XAI-0001,MODEL-C2,PERMUTATION_IMPORTANCE_MACRO_F1,10,18,S3:EMAi_0.001,0.002519409670905748,0.0002889932965608779,35,EXECUTED
EXP-XAI-0001,MODEL-C2,PERMUTATION_IMPORTANCE_MACRO_F1,10,19,S3:EMAi_0.01,0.0023815772065056582,0.0015166377929491824,38,EXECUTED
EXP-XAI-0001,MODEL-C2,PERMUTATION_IMPORTANCE_MACRO_F1,10,20,S3:EMAi_0.1,0.0016535698719057467,0.0006816823719521385,49,EXECUTED
EXP-XAI-0001,MODEL-C2,PERMUTATION_IMPORTANCE_MACRO_F1,10,21,S3:EMAd_0.001,0.003953089046411518,0.0005249202394895974,15,EXECUTED
EXP-XAI-0001,MODEL-C2,PERMUTATION_IMPORTANCE_MACRO_F1,10,22,S3:EMAd_0.01,-0.00031288269335888463,0.0003915904084863109,77,EXECUTED
EXP-XAI-0001,MODEL-C2,PERMUTATION_IMPORTANCE_MACRO_F1,10,23,S3:EMAd_0.1,0.0019471973282685461,0.00044542386386317226,42,EXECUTED
EXP-XAI-0001,MODEL-C2,PERMUTATION_IMPORTANCE_MACRO_F1,10,24,S4:dR,-0.0008628821937294529,0.0003040523292905434,83,EXECUTED
EXP-XAI-0001,MODEL-C2,PERMUTATION_IMPORTANCE_MACRO_F1,10,25,S4:dR_norm,0.002740988488010565,0.000507642752648975,32,EXECUTED
EXP-XAI-0001,MODEL-C2,PERMUTATION_IMPORTANCE_MACRO_F1,10,26,S4:EMAi_0.001,0.003996562215913391,0.000641910834003079,13,EXECUTED
EXP-XAI-0001,MODEL-C2,PERMUTATION_IMPORTANCE_MACRO_F1,10,27,S4:EMAi_0.01,-0.002073738067396802,0.0007967555432909319,99,EXECUTED
EXP-XAI-0001,MODEL-C2,PERMUTATION_IMPORTANCE_MACRO_F1,10,28,S4:EMAi_0.1,-0.00018503243549781168,0.0005739625163816251,76,EXECUTED
EXP-XAI-0001,MODEL-C2,PERMUTATION_IMPORTANCE_MACRO_F1,10,29,S4:EMAd_0.001,-0.0011244995762296982,0.0008223804247383324,87,EXECUTED
EXP-XAI-0001,MODEL-C2,PERMUTATION_IMPORTANCE_MACRO_F1,10,30,S4:EMAd_0.01,0.0008583150611019997,0.00036181069779162473,57,EXECUTED
EXP-XAI-0001,MODEL-C2,PERMUTATION_IMPORTANCE_MACRO_F1,10,31,S4:EMAd_0.1,0.0011886423792558665,0.00017368387679147268,53,EXECUTED
EXP-XAI-0001,MODEL-C2,PERMUTATION_IMPORTANCE_MACRO_F1,10,32,S5:dR,0.0010402794441169538,0.001919048579558415,55,EXECUTED
EXP-XAI-0001,MODEL-C2,PERMUTATION_IMPORTANCE_MACRO_F1,10,33,S5:dR_norm,-0.0038203085161129468,0.0004951174970034638,108,EXECUTED
EXP-XAI-0001,MODEL-C2,PERMUTATION_IMPORTANCE_MACRO_F1,10,34,S5:EMAi_0.001,0.0003495300572592397,0.0002446009695358505,65,EXECUTED
EXP-XAI-0001,MODEL-C2,PERMUTATION_IMPORTANCE_MACRO_F1,10,35,S5:EMAi_0.01,-0.0007432933168535106,0.0007928396338708726,80,EXECUTED
EXP-XAI-0001,MODEL-C2,PERMUTATION_IMPORTANCE_MACRO_F1,10,36,S5:EMAi_0.1,-0.0008210882652432416,0.0006690976334506829,81,EXECUTED
EXP-XAI-0001,MODEL-C2,PERMUTATION_IMPORTANCE_MACRO_F1,10,37,S5:EMAd_0.001,-0.005415372817398123,0.0010829956013854035,118,EXECUTED
EXP-XAI-0001,MODEL-C2,PERMUTATION_IMPORTANCE_MACRO_F1,10,38,S5:EMAd_0.01,-0.004559577517458735,0.0005706118857028014,115,EXECUTED
EXP-XAI-0001,MODEL-C2,PERMUTATION_IMPORTANCE_MACRO_F1,10,39,S5:EMAd_0.1,0.0005391114792178353,0.0003417682776940214,62,EXECUTED
EXP-XAI-0001,MODEL-C2,PERMUTATION_IMPORTANCE_MACRO_F1,10,40,S6:dR,-0.003820928334563234,0.0006382405971509194,109,EXECUTED
EXP-XAI-0001,MODEL-C2,PERMUTATION_IMPORTANCE_MACRO_F1,10,41,S6:dR_norm,-0.006062707554159752,0.0007211147791672999,119,EXECUTED
EXP-XAI-0001,MODEL-C2,PERMUTATION_IMPORTANCE_MACRO_F1,10,42,S6:EMAi_0.001,-0.0038739623569997495,0.0006086549710309022,110,EXECUTED
EXP-XAI-0001,MODEL-C2,PERMUTATION_IMPORTANCE_MACRO_F1,10,43,S6:EMAi_0.01,-0.007105066934789517,0.0009382165404799139,122,EXECUTED
EXP-XAI-0001,MODEL-C2,PERMUTATION_IMPORTANCE_MACRO_F1,10,44,S6:EMAi_0.1,6.071347964451412e-05,0.0005413183016129376,71,EXECUTED
EXP-XAI-0001,MODEL-C2,PERMUTATION_IMPORTANCE_MACRO_F1,10,45,S6:EMAd_0.001,-0.007094072877405921,0.0009518437405895162,121,EXECUTED
EXP-XAI-0001,MODEL-C2,PERMUTATION_IMPORTANCE_MACRO_F1,10,46,S6:EMAd_0.01,-0.0011172343598506828,0.0005017055766216913,86,EXECUTED
EXP-XAI-0001,MODEL-C2,PERMUTATION_IMPORTANCE_MACRO_F1,10,47,S6:EMAd_0.1,1.3688447078907817e-05,7.899251354410361e-05,72,EXECUTED
EXP-XAI-0001,MODEL-C2,PERMUTATION_IMPORTANCE_MACRO_F1,10,48,S7:dR,-0.001965115521219696,0.0009692008933045701,97,EXECUTED
EXP-XAI-0001,MODEL-C2,PERMUTATION_IMPORTANCE_MACRO_F1,10,49,S7:dR_norm,0.0006889926432797177,0.0014123715927209272,61,EXECUTED
EXP-XAI-0001,MODEL-C2,PERMUTATION_IMPORTANCE_MACRO_F1,10,50,S7:EMAi_0.001,0.0034866627452494357,0.00017013931445902667,20,EXECUTED
EXP-XAI-0001,MODEL-C2,PERMUTATION_IMPORTANCE_MACRO_F1,10,51,S7:EMAi_0.01,0.0017906166458464766,0.0009833567312906113,45,EXECUTED
EXP-XAI-0001,MODEL-C2,PERMUTATION_IMPORTANCE_MACRO_F1,10,52,S7:EMAi_0.1,0.0026272085013071766,0.0005885219198654887,33,EXECUTED
EXP-XAI-0001,MODEL-C2,PERMUTATION_IMPORTANCE_MACRO_F1,10,53,S7:EMAd_0.001,0.00294464506028278,0.0005898463958010103,26,EXECUTED
EXP-XAI-0001,MODEL-C2,PERMUTATION_IMPORTANCE_MACRO_F1,10,54,S7:EMAd_0.01,0.00824480351229181,0.0004738236396006143,4,EXECUTED
EXP-XAI-0001,MODEL-C2,PERMUTATION_IMPORTANCE_MACRO_F1,10,55,S7:EMAd_0.1,-0.0001245183654167925,0.0007418274704230902,74,EXECUTED
EXP-XAI-0001,MODEL-C2,PERMUTATION_IMPORTANCE_MACRO_F1,10,56,S8:dR,-0.003957603298718993,0.0010397830466693427,112,EXECUTED
EXP-XAI-0001,MODEL-C2,PERMUTATION_IMPORTANCE_MACRO_F1,10,57,S8:dR_norm,-0.0014872037690301875,0.0014681443600124161,92,EXECUTED
EXP-XAI-0001,MODEL-C2,PERMUTATION_IMPORTANCE_MACRO_F1,10,58,S8:EMAi_0.001,-0.0017368557532044583,0.0006413244223256609,95,EXECUTED
EXP-XAI-0001,MODEL-C2,PERMUTATION_IMPORTANCE_MACRO_F1,10,59,S8:EMAi_0.01,0.0025054183323047876,0.000624665060566882,36,EXECUTED
EXP-XAI-0001,MODEL-C2,PERMUTATION_IMPORTANCE_MACRO_F1,10,60,S8:EMAi_0.1,0.00011925322541707084,0.0004645510193324526,70,EXECUTED
EXP-XAI-0001,MODEL-C2,PERMUTATION_IMPORTANCE_MACRO_F1,10,61,S8:EMAd_0.001,0.006481577911053393,0.0007791109092699544,5,EXECUTED
EXP-XAI-0001,MODEL-C2,PERMUTATION_IMPORTANCE_MACRO_F1,10,62,S8:EMAd_0.01,0.004497063912466371,0.00029870808714932146,9,EXECUTED
EXP-XAI-0001,MODEL-C2,PERMUTATION_IMPORTANCE_MACRO_F1,10,63,S8:EMAd_0.1,0.000140604639080677,0.00031478659754718703,69,EXECUTED
EXP-XAI-0001,MODEL-C2,PERMUTATION_IMPORTANCE_MACRO_F1,10,64,S9:dR,-0.0008510126384931538,0.0014711590403031943,82,EXECUTED
EXP-XAI-0001,MODEL-C2,PERMUTATION_IMPORTANCE_MACRO_F1,10,65,S9:dR_norm,-0.02287412868614902,0.0010861961149440027,126,EXECUTED
EXP-XAI-0001,MODEL-C2,PERMUTATION_IMPORTANCE_MACRO_F1,10,66,S9:EMAi_0.001,0.004283127259107122,0.0004376671807557355,10,EXECUTED
EXP-XAI-0001,MODEL-C2,PERMUTATION_IMPORTANCE_MACRO_F1,10,67,S9:EMAi_0.01,-0.0003241355837213966,0.0007214798056552175,78,EXECUTED
EXP-XAI-0001,MODEL-C2,PERMUTATION_IMPORTANCE_MACRO_F1,10,68,S9:EMAi_0.1,-0.0018579600258322726,0.000780061932302383,96,EXECUTED
EXP-XAI-0001,MODEL-C2,PERMUTATION_IMPORTANCE_MACRO_F1,10,69,S9:EMAd_0.001,-0.0039672987037811195,0.0012182791006095637,113,EXECUTED
EXP-XAI-0001,MODEL-C2,PERMUTATION_IMPORTANCE_MACRO_F1,10,70,S9:EMAd_0.01,-0.001300765829764705,0.0009750999799469792,89,EXECUTED
EXP-XAI-0001,MODEL-C2,PERMUTATION_IMPORTANCE_MACRO_F1,10,71,S9:EMAd_0.1,0.008499163561606205,0.0011956922518429338,3,EXECUTED
EXP-XAI-0001,MODEL-C2,PERMUTATION_IMPORTANCE_MACRO_F1,10,72,S10:dR,0.0018801764193538517,0.001261839504376185,44,EXECUTED
EXP-XAI-0001,MODEL-C2,PERMUTATION_IMPORTANCE_MACRO_F1,10,73,S10:dR_norm,-0.04016370587656021,0.0015165656109649545,128,EXECUTED
EXP-XAI-0001,MODEL-C2,PERMUTATION_IMPORTANCE_MACRO_F1,10,74,S10:EMAi_0.001,-0.0014998062551605628,0.0003576832449572962,93,EXECUTED
EXP-XAI-0001,MODEL-C2,PERMUTATION_IMPORTANCE_MACRO_F1,10,75,S10:EMAi_0.01,-0.004718656984336056,0.0003536319832391322,116,EXECUTED
EXP-XAI-0001,MODEL-C2,PERMUTATION_IMPORTANCE_MACRO_F1,10,76,S10:EMAi_0.1,-0.0032018839387968124,0.0004300952889947087,107,EXECUTED
EXP-XAI-0001,MODEL-C2,PERMUTATION_IMPORTANCE_MACRO_F1,10,77,S10:EMAd_0.001,-0.008328933153838336,0.0015874857955924923,123,EXECUTED
EXP-XAI-0001,MODEL-C2,PERMUTATION_IMPORTANCE_MACRO_F1,10,78,S10:EMAd_0.01,-0.00511735008909312,0.003465119425128294,117,EXECUTED
EXP-XAI-0001,MODEL-C2,PERMUTATION_IMPORTANCE_MACRO_F1,10,79,S10:EMAd_0.1,0.005016828590979949,0.0012982958532641467,6,EXECUTED
EXP-XAI-0001,MODEL-C2,PERMUTATION_IMPORTANCE_MACRO_F1,10,80,S11:dR,0.0022847269206755947,0.0005783653320470677,40,EXECUTED
EXP-XAI-0001,MODEL-C2,PERMUTATION_IMPORTANCE_MACRO_F1,10,81,S11:dR_norm,0.004048921680552775,0.0007379301144356025,11,EXECUTED
EXP-XAI-0001,MODEL-C2,PERMUTATION_IMPORTANCE_MACRO_F1,10,82,S11:EMAi_0.001,0.0023928195592018532,0.0006353332942328297,37,EXECUTED
EXP-XAI-0001,MODEL-C2,PERMUTATION_IMPORTANCE_MACRO_F1,10,83,S11:EMAi_0.01,0.001358580050463809,0.00040370184197394414,52,EXECUTED
EXP-XAI-0001,MODEL-C2,PERMUTATION_IMPORTANCE_MACRO_F1,10,84,S11:EMAi_0.1,0.0037641803157750344,0.0005103938086463831,17,EXECUTED
EXP-XAI-0001,MODEL-C2,PERMUTATION_IMPORTANCE_MACRO_F1,10,85,S11:EMAd_0.001,0.0027708351102124105,0.00046116886623428187,29,EXECUTED
EXP-XAI-0001,MODEL-C2,PERMUTATION_IMPORTANCE_MACRO_F1,10,86,S11:EMAd_0.01,0.003480644905119379,0.0008846918842297755,21,EXECUTED
EXP-XAI-0001,MODEL-C2,PERMUTATION_IMPORTANCE_MACRO_F1,10,87,S11:EMAd_0.1,0.0019211771183625826,0.00036304444018342414,43,EXECUTED
EXP-XAI-0001,MODEL-C2,PERMUTATION_IMPORTANCE_MACRO_F1,10,88,S12:dR,-0.0038843500787174357,0.0010356010591472471,111,EXECUTED
EXP-XAI-0001,MODEL-C2,PERMUTATION_IMPORTANCE_MACRO_F1,10,89,S12:dR_norm,-0.0010620221468591318,0.0005192479299447116,85,EXECUTED
EXP-XAI-0001,MODEL-C2,PERMUTATION_IMPORTANCE_MACRO_F1,10,90,S12:EMAi_0.001,0.0020900826812889407,0.0005627510194020245,41,EXECUTED
EXP-XAI-0001,MODEL-C2,PERMUTATION_IMPORTANCE_MACRO_F1,10,91,S12:EMAi_0.01,-0.002284003294887982,0.0006265773198471711,102,EXECUTED
EXP-XAI-0001,MODEL-C2,PERMUTATION_IMPORTANCE_MACRO_F1,10,92,S12:EMAi_0.1,0.0027492425114421294,0.0008280069632735259,31,EXECUTED
EXP-XAI-0001,MODEL-C2,PERMUTATION_IMPORTANCE_MACRO_F1,10,93,S12:EMAd_0.001,0.00476037844827808,0.0006198794021196378,7,EXECUTED
EXP-XAI-0001,MODEL-C2,PERMUTATION_IMPORTANCE_MACRO_F1,10,94,S12:EMAd_0.01,-0.0013033758323825473,0.00025304207732182996,90,EXECUTED
EXP-XAI-0001,MODEL-C2,PERMUTATION_IMPORTANCE_MACRO_F1,10,95,S12:EMAd_0.1,-0.0024560530219112863,0.0005290446107756347,104,EXECUTED
EXP-XAI-0001,MODEL-C2,PERMUTATION_IMPORTANCE_MACRO_F1,10,96,S13:dR,0.0025669695159610817,0.001619857266859094,34,EXECUTED
EXP-XAI-0001,MODEL-C2,PERMUTATION_IMPORTANCE_MACRO_F1,10,97,S13:dR_norm,-0.001031287755042931,0.0010037898153797782,84,EXECUTED
EXP-XAI-0001,MODEL-C2,PERMUTATION_IMPORTANCE_MACRO_F1,10,98,S13:EMAi_0.001,0.003464209215861558,0.0006682058880151758,22,EXECUTED
EXP-XAI-0001,MODEL-C2,PERMUTATION_IMPORTANCE_MACRO_F1,10,99,S13:EMAi_0.01,-0.01573979420762308,0.0014057141713563108,125,EXECUTED
EXP-XAI-0001,MODEL-C2,PERMUTATION_IMPORTANCE_MACRO_F1,10,100,S13:EMAi_0.1,-0.0001342487849715579,0.00036853482889600983,75,EXECUTED
EXP-XAI-0001,MODEL-C2,PERMUTATION_IMPORTANCE_MACRO_F1,10,101,S13:EMAd_0.001,-0.011417135542101076,0.0010232275715751046,124,EXECUTED
EXP-XAI-0001,MODEL-C2,PERMUTATION_IMPORTANCE_MACRO_F1,10,102,S13:EMAd_0.01,-0.0024219160537549576,0.0005105816418384119,103,EXECUTED
EXP-XAI-0001,MODEL-C2,PERMUTATION_IMPORTANCE_MACRO_F1,10,103,S13:EMAd_0.1,0.0005257154233535788,0.0005112689299466443,63,EXECUTED
EXP-XAI-0001,MODEL-C2,PERMUTATION_IMPORTANCE_MACRO_F1,10,104,S14:dR,-0.004191676394055055,0.00047496358612410245,114,EXECUTED
EXP-XAI-0001,MODEL-C2,PERMUTATION_IMPORTANCE_MACRO_F1,10,105,S14:dR_norm,-0.0022527840957491828,0.00042977921711067626,101,EXECUTED
EXP-XAI-0001,MODEL-C2,PERMUTATION_IMPORTANCE_MACRO_F1,10,106,S14:EMAi_0.001,-0.0005942307631525811,0.0003761211715795334,79,EXECUTED
EXP-XAI-0001,MODEL-C2,PERMUTATION_IMPORTANCE_MACRO_F1,10,107,S14:EMAi_0.01,-0.0014419943240629007,0.001012715717402835,91,EXECUTED
EXP-XAI-0001,MODEL-C2,PERMUTATION_IMPORTANCE_MACRO_F1,10,108,S14:EMAi_0.1,0.0010375058567283712,0.0010396756619011544,56,EXECUTED
EXP-XAI-0001,MODEL-C2,PERMUTATION_IMPORTANCE_MACRO_F1,10,109,S14:EMAd_0.001,-0.0012575618893789554,0.0003743639566208279,88,EXECUTED
EXP-XAI-0001,MODEL-C2,PERMUTATION_IMPORTANCE_MACRO_F1,10,110,S14:EMAd_0.01,-0.0030796000418899182,0.00041242846407104646,106,EXECUTED
EXP-XAI-0001,MODEL-C2,PERMUTATION_IMPORTANCE_MACRO_F1,10,111,S14:EMAd_0.1,0.001507574677208834,0.0003596001923918178,51,EXECUTED
EXP-XAI-0001,MODEL-C2,PERMUTATION_IMPORTANCE_MACRO_F1,10,112,S15:dR,0.0030215184556098397,0.0011348243318892528,25,EXECUTED
EXP-XAI-0001,MODEL-C2,PERMUTATION_IMPORTANCE_MACRO_F1,10,113,S15:dR_norm,0.00021688892405636874,0.0012002123121672493,68,EXECUTED
EXP-XAI-0001,MODEL-C2,PERMUTATION_IMPORTANCE_MACRO_F1,10,114,S15:EMAi_0.001,0.0008334277668211043,0.000639493080922805,58,EXECUTED
EXP-XAI-0001,MODEL-C2,PERMUTATION_IMPORTANCE_MACRO_F1,10,115,S15:EMAi_0.01,0.000767596378971136,0.0004290075617536672,60,EXECUTED
EXP-XAI-0001,MODEL-C2,PERMUTATION_IMPORTANCE_MACRO_F1,10,116,S15:EMAi_0.1,-0.000109670474646828,0.00016507659531651739,73,EXECUTED
EXP-XAI-0001,MODEL-C2,PERMUTATION_IMPORTANCE_MACRO_F1,10,117,S15:EMAd_0.001,0.0031963989474424357,0.0007897834213354584,23,EXECUTED
EXP-XAI-0001,MODEL-C2,PERMUTATION_IMPORTANCE_MACRO_F1,10,118,S15:EMAd_0.01,0.002760891179548264,0.000610039750872622,30,EXECUTED
EXP-XAI-0001,MODEL-C2,PERMUTATION_IMPORTANCE_MACRO_F1,10,119,S15:EMAd_0.1,0.003997688368840224,0.00043510108660384136,12,EXECUTED
EXP-XAI-0001,MODEL-C2,PERMUTATION_IMPORTANCE_MACRO_F1,10,120,S16:dR,-0.00206350668323525,0.000515973730397859,98,EXECUTED
EXP-XAI-0001,MODEL-C2,PERMUTATION_IMPORTANCE_MACRO_F1,10,121,S16:dR_norm,0.002929371917722279,0.0014015707098546757,27,EXECUTED
EXP-XAI-0001,MODEL-C2,PERMUTATION_IMPORTANCE_MACRO_F1,10,122,S16:EMAi_0.001,0.001737190531777233,0.00045844658183302034,47,EXECUTED
EXP-XAI-0001,MODEL-C2,PERMUTATION_IMPORTANCE_MACRO_F1,10,123,S16:EMAi_0.01,0.0011456592889723892,0.00037053481537539096,54,EXECUTED
EXP-XAI-0001,MODEL-C2,PERMUTATION_IMPORTANCE_MACRO_F1,10,124,S16:EMAi_0.1,0.0023714724167094746,0.0006005215358746815,39,EXECUTED
EXP-XAI-0001,MODEL-C2,PERMUTATION_IMPORTANCE_MACRO_F1,10,125,S16:EMAd_0.001,0.003896623524046838,0.0004899461339648073,16,EXECUTED
EXP-XAI-0001,MODEL-C2,PERMUTATION_IMPORTANCE_MACRO_F1,10,126,S16:EMAd_0.01,0.003995629599537853,0.0007825008710716814,14,EXECUTED
EXP-XAI-0001,MODEL-C2,PERMUTATION_IMPORTANCE_MACRO_F1,10,127,S16:EMAd_0.1,0.002887539732371813,0.0003662914826499483,28,EXECUTED
