experiment_id,model_id,method,batch,feature_index,feature_name,importance,importance_std,rank,status
EXP-XAI-0001,MODEL-C1,INTRINSIC_COEFFICIENT,ALL,0,S1:dR,0.24516415698167104,,23,EXECUTED
EXP-XAI-0001,MODEL-C1,INTRINSIC_COEFFICIENT,ALL,1,S1:dR_norm,0.41480788315803413,,4,EXECUTED
EXP-XAI-0001,MODEL-C1,INTRINSIC_COEFFICIENT,ALL,2,S1:EMAi_0.001,0.14035192450297607,,82,EXECUTED
EXP-XAI-0001,MODEL-C1,INTRINSIC_COEFFICIENT,ALL,3,S1:EMAi_0.01,0.12647947695779083,,91,EXECUTED
EXP-XAI-0001,MODEL-C1,INTRINSIC_COEFFICIENT,ALL,4,S1:EMAi_0.1,0.14684692818685788,,71,EXECUTED
EXP-XAI-0001,MODEL-C1,INTRINSIC_COEFFICIENT,ALL,5,S1:EMAd_0.001,0.26871973267519306,,15,EXECUTED
EXP-XAI-0001,MODEL-C1,INTRINSIC_COEFFICIENT,ALL,6,S1:EMAd_0.01,0.2615884126526223,,19,EXECUTED
EXP-XAI-0001,MODEL-C1,INTRINSIC_COEFFICIENT,ALL,7,S1:EMAd_0.1,0.14563720365931704,,74,EXECUTED
EXP-XAI-0001,MODEL-C1,INTRINSIC_COEFFICIENT,ALL,8,S2:dR,0.26659580321883897,,18,EXECUTED
EXP-XAI-0001,MODEL-C1,INTRINSIC_COEFFICIENT,ALL,9,S2:dR_norm,0.4702704173980215,,3,EXECUTED
EXP-XAI-0001,MODEL-C1,INTRINSIC_COEFFICIENT,ALL,10,S2:EMAi_0.001,0.17992252401683417,,50,EXECUTED
EXP-XAI-0001,MODEL-C1,INTRINSIC_COEFFICIENT,ALL,11,S2:EMAi_0.01,0.18988376039390684,,41,EXECUTED
EXP-XAI-0001,MODEL-C1,INTRINSIC_COEFFICIENT,ALL,12,S2:EMAi_0.1,0.14418317697714048,,76,EXECUTED
EXP-XAI-0001,MODEL-C1,INTRINSIC_COEFFICIENT,ALL,13,S2:EMAd_0.001,0.29433796728281186,,9,EXECUTED
EXP-XAI-0001,MODEL-C1,INTRINSIC_COEFFICIENT,ALL,14,S2:EMAd_0.01,0.2913637702750315,,11,EXECUTED
EXP-XAI-0001,MODEL-C1,INTRINSIC_COEFFICIENT,ALL,15,S2:EMAd_0.1,0.14647772795722466,,73,EXECUTED
EXP-XAI-0001,MODEL-C1,INTRINSIC_COEFFICIENT,ALL,16,S3:dR,0.24922279778524392,,20,EXECUTED
EXP-XAI-0001,MODEL-C1,INTRINSIC_COEFFICIENT,ALL,17,S3:dR_norm,0.17934256790962555,,51,EXECUTED
EXP-XAI-0001,MODEL-C1,INTRINSIC_COEFFICIENT,ALL,18,S3:EMAi_0.001,0.17231142226529803,,56,EXECUTED
EXP-XAI-0001,MODEL-C1,INTRINSIC_COEFFICIENT,ALL,19,S3:EMAi_0.01,0.13130761322238096,,89,EXECUTED
EXP-XAI-0001,MODEL-C1,INTRINSIC_COEFFICIENT,ALL,20,S3:EMAi_0.1,0.09742656472141387,,108,EXECUTED
EXP-XAI-0001,MODEL-C1,INTRINSIC_COEFFICIENT,ALL,21,S3:EMAd_0.001,0.16086144986319617,,65,EXECUTED
EXP-XAI-0001,MODEL-C1,INTRINSIC_COEFFICIENT,ALL,22,S3:EMAd_0.01,0.13381476702152026,,87,EXECUTED
EXP-XAI-0001,MODEL-C1,INTRINSIC_COEFFICIENT,ALL,23,S3:EMAd_0.1,0.0799934509708324,,122,EXECUTED
EXP-XAI-0001,MODEL-C1,INTRINSIC_COEFFICIENT,ALL,24,S4:dR,0.3022434665731928,,8,EXECUTED
EXP-XAI-0001,MODEL-C1,INTRINSIC_COEFFICIENT,ALL,25,S4:dR_norm,0.20803579377865355,,35,EXECUTED
EXP-XAI-0001,MODEL-C1,INTRINSIC_COEFFICIENT,ALL,26,S4:EMAi_0.001,0.19226707659902142,,40,EXECUTED
EXP-XAI-0001,MODEL-C1,INTRINSIC_COEFFICIENT,ALL,27,S4:EMAi_0.01,0.1352973196265422,,85,EXECUTED
EXP-XAI-0001,MODEL-C1,INTRINSIC_COEFFICIENT,ALL,28,S4:EMAi_0.1,0.08780273098153735,,114,EXECUTED
EXP-XAI-0001,MODEL-C1,INTRINSIC_COEFFICIENT,ALL,29,S4:EMAd_0.001,0.1327744772450046,,88,EXECUTED
EXP-XAI-0001,MODEL-C1,INTRINSIC_COEFFICIENT,ALL,30,S4:EMAd_0.01,0.12630767956955813,,92,EXECUTED
EXP-XAI-0001,MODEL-C1,INTRINSIC_COEFFICIENT,ALL,31,S4:EMAd_0.1,0.11205321719994842,,103,EXECUTED
EXP-XAI-0001,MODEL-C1,INTRINSIC_COEFFICIENT,ALL,32,S5:dR,0.22797206151966834,,32,EXECUTED
EXP-XAI-0001,MODEL-C1,INTRINSIC_COEFFICIENT,ALL,33,S5:dR_norm,0.2360432622442791,,26,EXECUTED
EXP-XAI-0001,MODEL-C1,INTRINSIC_COEFFICIENT,ALL,34,S5:EMAi_0.001,0.09233318981400762,,110,EXECUTED
EXP-XAI-0001,MODEL-C1,INTRINSIC_COEFFICIENT,ALL,35,S5:EMAi_0.01,0.16945909480588173,,59,EXECUTED
EXP-XAI-0001,MODEL-C1,INTRINSIC_COEFFICIENT,ALL,36,S5:EMAi_0.1,0.15951477251687862,,67,EXECUTED
EXP-XAI-0001,MODEL-C1,INTRINSIC_COEFFICIENT,ALL,37,S5:EMAd_0.001,0.1302097080850874,,90,EXECUTED
EXP-XAI-0001,MODEL-C1,INTRINSIC_COEFFICIENT,ALL,38,S5:EMAd_0.01,0.0846012085968838,,117,EXECUTED
EXP-XAI-0001,MODEL-C1,INTRINSIC_COEFFICIENT,ALL,39,S5:EMAd_0.1,0.24473059689288337,,24,EXECUTED
EXP-XAI-0001,MODEL-C1,INTRINSIC_COEFFICIENT,ALL,40,S6:dR,0.23002926433275575,,29,EXECUTED
EXP-XAI-0001,MODEL-C1,INTRINSIC_COEFFICIENT,ALL,41,S6:dR_norm,0.23471001733126928,,27,EXECUTED
EXP-XAI-0001,MODEL-C1,INTRINSIC_COEFFICIENT,ALL,42,S6:EMAi_0.001,0.0829694547875561,,120,EXECUTED
EXP-XAI-0001,MODEL-C1,INTRINSIC_COEFFICIENT,ALL,43,S6:EMAi_0.01,0.154917430761395,,68,EXECUTED
EXP-XAI-0001,MODEL-C1,INTRINSIC_COEFFICIENT,ALL,44,S6:EMAi_0.1,0.14042496276576924,,81,EXECUTED
EXP-XAI-0001,MODEL-C1,INTRINSIC_COEFFICIENT,ALL,45,S6:EMAd_0.001,0.1211510658497842,,96,EXECUTED
EXP-XAI-0001,MODEL-C1,INTRINSIC_COEFFICIENT,ALL,46,S6:EMAd_0.01,0.08717662380381959,,115,EXECUTED
EXP-XAI-0001,MODEL-C1,INTRINSIC_COEFFICIENT,ALL,47,S6:EMAd_0.1,0.14111188188351145,,80,EXECUTED
EXP-XAI-0001,MODEL-C1,INTRINSIC_COEFFICIENT,ALL,48,S7:dR,0.16432013460809605,,61,EXECUTED
EXP-XAI-0001,MODEL-C1,INTRINSIC_COEFFICIENT,ALL,49,S7:dR_norm,0.21816682685210062,,33,EXECUTED
EXP-XAI-0001,MODEL-C1,INTRINSIC_COEFFICIENT,ALL,50,S7:EMAi_0.001,0.1245148947046983,,94,EXECUTED
EXP-XAI-0001,MODEL-C1,INTRINSIC_COEFFICIENT,ALL,51,S7:EMAi_0.01,0.13828502233922427,,83,EXECUTED
EXP-XAI-0001,MODEL-C1,INTRINSIC_COEFFICIENT,ALL,52,S7:EMAi_0.1,0.08793431279969584,,112,EXECUTED
EXP-XAI-0001,MODEL-C1,INTRINSIC_COEFFICIENT,ALL,53,S7:EMAd_0.001,0.20381710725242766,,36,EXECUTED
EXP-XAI-0001,MODEL-C1,INTRINSIC_COEFFICIENT,ALL,54,S7:EMAd_0.01,0.17775329988001135,,53,EXECUTED
EXP-XAI-0001,MODEL-C1,INTRINSIC_COEFFICIENT,ALL,55,S7:EMAd_0.1,0.08785965556062829,,113,EXECUTED
EXP-XAI-0001,MODEL-C1,INTRINSIC_COEFFICIENT,ALL,56,S8:dR,0.17453669760459653,,54,EXECUTED
EXP-XAI-0001,MODEL-C1,INTRINSIC_COEFFICIENT,ALL,57,S8:dR_norm,0.20162328961369044,,37,EXECUTED
EXP-XAI-0001,MODEL-C1,INTRINSIC_COEFFICIENT,ALL,58,S8:EMAi_0.001,0.11678768326059717,,98,EXECUTED
EXP-XAI-0001,MODEL-C1,INTRINSIC_COEFFICIENT,ALL,59,S8:EMAi_0.01,0.1138341716777282,,101,EXECUTED
EXP-XAI-0001,MODEL-C1,INTRINSIC_COEFFICIENT,ALL,60,S8:EMAi_0.1,0.08481868098714428,,116,EXECUTED
EXP-XAI-0001,MODEL-C1,INTRINSIC_COEFFICIENT,ALL,61,S8:EMAd_0.001,0.19354826943673312,,39,EXECUTED
EXP-XAI-0001,MODEL-C1,INTRINSIC_COEFFICIENT,ALL,62,S8:EMAd_0.01,0.1671314274052799,,60,EXECUTED
EXP-XAI-0001,MODEL-C1,INTRINSIC_COEFFICIENT,ALL,63,S8:EMAd_0.1,0.04389849270576949,,127,EXECUTED
EXP-XAI-0001,MODEL-C1,INTRINSIC_COEFFICIENT,ALL,64,S9:dR,0.32058679248684013,,6,EXECUTED
EXP-XAI-0001,MODEL-C1,INTRINSIC_COEFFICIENT,ALL,65,S9:dR_norm,0.49087808980094527,,1,EXECUTED
EXP-XAI-0001,MODEL-C1,INTRINSIC_COEFFICIENT,ALL,66,S9:EMAi_0.001,0.18448545879884573,,47,EXECUTED
EXP-XAI-0001,MODEL-C1,INTRINSIC_COEFFICIENT,ALL,67,S9:EMAi_0.01,0.1872665955501067,,45,EXECUTED
EXP-XAI-0001,MODEL-C1,INTRINSIC_COEFFICIENT,ALL,68,S9:EMAi_0.1,0.18272416875723207,,48,EXECUTED
EXP-XAI-0001,MODEL-C1,INTRINSIC_COEFFICIENT,ALL,69,S9:EMAd_0.001,0.2297759608163046,,31,EXECUTED
EXP-XAI-0001,MODEL-C1,INTRINSIC_COEFFICIENT,ALL,70,S9:EMAd_0.01,0.23203029417432353,,28,EXECUTED
EXP-XAI-0001,MODEL-C1,INTRINSIC_COEFFICIENT,ALL,71,S9:EMAd_0.1,0.17016395209645288,,58,EXECUTED
EXP-XAI-0001,MODEL-C1,INTRINSIC_COEFFICIENT,ALL,72,S10:dR,0.2675474779573943,,16,EXECUTED
EXP-XAI-0001,MODEL-C1,INTRINSIC_COEFFICIENT,ALL,73,S10:dR_norm,0.4841492133511514,,2,EXECUTED
EXP-XAI-0001,MODEL-C1,INTRINSIC_COEFFICIENT,ALL,74,S10:EMAi_0.001,0.17121292593885842,,57,EXECUTED
EXP-XAI-0001,MODEL-C1,INTRINSIC_COEFFICIENT,ALL,75,S10:EMAi_0.01,0.16240890658903565,,63,EXECUTED
EXP-XAI-0001,MODEL-C1,INTRINSIC_COEFFICIENT,ALL,76,S10:EMAi_0.1,0.16340205053145865,,62,EXECUTED
EXP-XAI-0001,MODEL-C1,INTRINSIC_COEFFICIENT,ALL,77,S10:EMAd_0.001,0.29297838379550467,,10,EXECUTED
EXP-XAI-0001,MODEL-C1,INTRINSIC_COEFFICIENT,ALL,78,S10:EMAd_0.01,0.2910836762868762,,12,EXECUTED
EXP-XAI-0001,MODEL-C1,INTRINSIC_COEFFICIENT,ALL,79,S10:EMAd_0.1,0.14371800220568093,,77,EXECUTED
EXP-XAI-0001,MODEL-C1,INTRINSIC_COEFFICIENT,ALL,80,S11:dR,0.2762101863612086,,13,EXECUTED
EXP-XAI-0001,MODEL-C1,INTRINSIC_COEFFICIENT,ALL,81,S11:dR_norm,0.20061267557926846,,38,EXECUTED
EXP-XAI-0001,MODEL-C1,INTRINSIC_COEFFICIENT,ALL,82,S11:EMAi_0.001,0.17780286824023592,,52,EXECUTED
EXP-XAI-0001,MODEL-C1,INTRINSIC_COEFFICIENT,ALL,83,S11:EMAi_0.01,0.12408943988938538,,95,EXECUTED
EXP-XAI-0001,MODEL-C1,INTRINSIC_COEFFICIENT,ALL,84,S11:EMAi_0.1,0.08221681967553024,,121,EXECUTED
EXP-XAI-0001,MODEL-C1,INTRINSIC_COEFFICIENT,ALL,85,S11:EMAd_0.001,0.1411992857026252,,79,EXECUTED
EXP-XAI-0001,MODEL-C1,INTRINSIC_COEFFICIENT,ALL,86,S11:EMAd_0.01,0.11884758304074709,,97,EXECUTED
EXP-XAI-0001,MODEL-C1,INTRINSIC_COEFFICIENT,ALL,87,S11:EMAd_0.1,0.17260841205024324,,55,EXECUTED
EXP-XAI-0001,MODEL-C1,INTRINSIC_COEFFICIENT,ALL,88,S12:dR,0.30517697233461344,,7,EXECUTED
EXP-XAI-0001,MODEL-C1,INTRINSIC_COEFFICIENT,ALL,89,S12:dR_norm,0.16041127601112767,,66,EXECUTED
EXP-XAI-0001,MODEL-C1,INTRINSIC_COEFFICIENT,ALL,90,S12:EMAi_0.001,0.14425366138998835,,75,EXECUTED
EXP-XAI-0001,MODEL-C1,INTRINSIC_COEFFICIENT,ALL,91,S12:EMAi_0.01,0.10009527969860461,,106,EXECUTED
EXP-XAI-0001,MODEL-C1,INTRINSIC_COEFFICIENT,ALL,92,S12:EMAi_0.1,0.0713240888138852,,124,EXECUTED
EXP-XAI-0001,MODEL-C1,INTRINSIC_COEFFICIENT,ALL,93,S12:EMAd_0.001,0.08363086299064477,,119,EXECUTED
EXP-XAI-0001,MODEL-C1,INTRINSIC_COEFFICIENT,ALL,94,S12:EMAd_0.01,0.07710592567453312,,123,EXECUTED
EXP-XAI-0001,MODEL-C1,INTRINSIC_COEFFICIENT,ALL,95,S12:EMAd_0.1,0.06655463286200601,,125,EXECUTED
EXP-XAI-0001,MODEL-C1,INTRINSIC_COEFFICIENT,ALL,96,S13:dR,0.24776592562876606,,21,EXECUTED
EXP-XAI-0001,MODEL-C1,INTRINSIC_COEFFICIENT,ALL,97,S13:dR_norm,0.24552747392111454,,22,EXECUTED
EXP-XAI-0001,MODEL-C1,INTRINSIC_COEFFICIENT,ALL,98,S13:EMAi_0.001,0.11473693288934911,,99,EXECUTED
EXP-XAI-0001,MODEL-C1,INTRINSIC_COEFFICIENT,ALL,99,S13:EMAi_0.01,0.22995527132156632,,30,EXECUTED
EXP-XAI-0001,MODEL-C1,INTRINSIC_COEFFICIENT,ALL,100,S13:EMAi_0.1,0.18840878791084725,,43,EXECUTED
EXP-XAI-0001,MODEL-C1,INTRINSIC_COEFFICIENT,ALL,101,S13:EMAd_0.001,0.10888162022706961,,104,EXECUTED
EXP-XAI-0001,MODEL-C1,INTRINSIC_COEFFICIENT,ALL,102,S13:EMAd_0.01,0.0957070572348413,,109,EXECUTED
EXP-XAI-0001,MODEL-C1,INTRINSIC_COEFFICIENT,ALL,103,S13:EMAd_0.1,0.3497493935697049,,5,EXECUTED
EXP-XAI-0001,MODEL-C1,INTRINSIC_COEFFICIENT,ALL,104,S14:dR,0.26740503675787913,,17,EXECUTED
EXP-XAI-0001,MODEL-C1,INTRINSIC_COEFFICIENT,ALL,105,S14:dR_norm,0.20874447361411888,,34,EXECUTED
EXP-XAI-0001,MODEL-C1,INTRINSIC_COEFFICIENT,ALL,106,S14:EMAi_0.001,0.15199157496165536,,70,EXECUTED
EXP-XAI-0001,MODEL-C1,INTRINSIC_COEFFICIENT,ALL,107,S14:EMAi_0.01,0.2389926995723306,,25,EXECUTED
EXP-XAI-0001,MODEL-C1,INTRINSIC_COEFFICIENT,ALL,108,S14:EMAi_0.1,0.1259247152470732,,93,EXECUTED
EXP-XAI-0001,MODEL-C1,INTRINSIC_COEFFICIENT,ALL,109,S14:EMAd_0.001,0.14331954419309778,,78,EXECUTED
EXP-XAI-0001,MODEL-C1,INTRINSIC_COEFFICIENT,ALL,110,S14:EMAd_0.01,0.11432393148107729,,100,EXECUTED
EXP-XAI-0001,MODEL-C1,INTRINSIC_COEFFICIENT,ALL,111,S14:EMAd_0.1,0.2740600738718701,,14,EXECUTED
EXP-XAI-0001,MODEL-C1,INTRINSIC_COEFFICIENT,ALL,112,S15:dR,0.18704893045352255,,46,EXECUTED
EXP-XAI-0001,MODEL-C1,INTRINSIC_COEFFICIENT,ALL,113,S15:dR_norm,0.18229558341330174,,49,EXECUTED
EXP-XAI-0001,MODEL-C1,INTRINSIC_COEFFICIENT,ALL,114,S15:EMAi_0.001,0.14658956959426583,,72,EXECUTED
EXP-XAI-0001,MODEL-C1,INTRINSIC_COEFFICIENT,ALL,115,S15:EMAi_0.01,0.10006091804730975,,107,EXECUTED
EXP-XAI-0001,MODEL-C1,INTRINSIC_COEFFICIENT,ALL,116,S15:EMAi_0.1,0.08897769561254487,,111,EXECUTED
EXP-XAI-0001,MODEL-C1,INTRINSIC_COEFFICIENT,ALL,117,S15:EMAd_0.001,0.1612427162965461,,64,EXECUTED
EXP-XAI-0001,MODEL-C1,INTRINSIC_COEFFICIENT,ALL,118,S15:EMAd_0.01,0.13419804221100232,,86,EXECUTED
EXP-XAI-0001,MODEL-C1,INTRINSIC_COEFFICIENT,ALL,119,S15:EMAd_0.1,0.05773461664416512,,126,EXECUTED
EXP-XAI-0001,MODEL-C1,INTRINSIC_COEFFICIENT,ALL,120,S16:dR,0.18875612303907421,,42,EXECUTED
EXP-XAI-0001,MODEL-C1,INTRINSIC_COEFFICIENT,ALL,121,S16:dR_norm,0.1877153814522041,,44,EXECUTED
EXP-XAI-0001,MODEL-C1,INTRINSIC_COEFFICIENT,ALL,122,S16:EMAi_0.001,0.10793159975446387,,105,EXECUTED
EXP-XAI-0001,MODEL-C1,INTRINSIC_COEFFICIENT,ALL,123,S16:EMAi_0.01,0.11218688300241818,,102,EXECUTED
EXP-XAI-0001,MODEL-C1,INTRINSIC_COEFFICIENT,ALL,124,S16:EMAi_0.1,0.08400561493562592,,118,EXECUTED
EXP-XAI-0001,MODEL-C1,INTRINSIC_COEFFICIENT,ALL,125,S16:EMAd_0.001,0.15232031509401647,,69,EXECUTED
EXP-XAI-0001,MODEL-C1,INTRINSIC_COEFFICIENT,ALL,126,S16:EMAd_0.01,0.13824832086988,,84,EXECUTED
EXP-XAI-0001,MODEL-C1,INTRINSIC_COEFFICIENT,ALL,127,S16:EMAd_0.1,0.035942057357402635,,128,EXECUTED
EXP-XAI-0001,MODEL-C1,PERMUTATION_IMPORTANCE_MACRO_F1,2,0,S1:dR,0.05333002119856467,0.00823642199571679,15,EXECUTED
EXP-XAI-0001,MODEL-C1,PERMUTATION_IMPORTANCE_MACRO_F1,2,1,S1:dR_norm,0.054918080236289656,0.00421705540851317,13,EXECUTED
EXP-XAI-0001,MODEL-C1,PERMUTATION_IMPORTANCE_MACRO_F1,2,2,S1:EMAi_0.001,0.01463563228579432,0.00460353887144405,69,EXECUTED
EXP-XAI-0001,MODEL-C1,PERMUTATION_IMPORTANCE_MACRO_F1,2,3,S1:EMAi_0.01,0.01533945985795504,0.0030626342955588698,64,EXECUTED
EXP-XAI-0001,MODEL-C1,PERMUTATION_IMPORTANCE_MACRO_F1,2,4,S1:EMAi_0.1,0.02117438630688102,0.0034684019030557746,53,EXECUTED
EXP-XAI-0001,MODEL-C1,PERMUTATION_IMPORTANCE_MACRO_F1,2,5,S1:EMAd_0.001,0.03432916689999401,0.010388424344154329,30,EXECUTED
EXP-XAI-0001,MODEL-C1,PERMUTATION_IMPORTANCE_MACRO_F1,2,6,S1:EMAd_0.01,0.030062839910487527,0.011683650000290915,38,EXECUTED
EXP-XAI-0001,MODEL-C1,PERMUTATION_IMPORTANCE_MACRO_F1,2,7,S1:EMAd_0.1,-0.006147998598968041,0.0033679905910134643,118,EXECUTED
EXP-XAI-0001,MODEL-C1,PERMUTATION_IMPORTANCE_MACRO_F1,2,8,S2:dR,0.07294656841602878,0.009646073534682116,4,EXECUTED
EXP-XAI-0001,MODEL-C1,PERMUTATION_IMPORTANCE_MACRO_F1,2,9,S2:dR_norm,0.08704129916105911,0.006697928252096126,2,EXECUTED
EXP-XAI-0001,MODEL-C1,PERMUTATION_IMPORTANCE_MACRO_F1,2,10,S2:EMAi_0.001,0.01540829514087918,0.002674792003822643,63,EXECUTED
EXP-XAI-0001,MODEL-C1,PERMUTATION_IMPORTANCE_MACRO_F1,2,11,S2:EMAi_0.01,0.015656611727707846,0.004790605338263444,62,EXECUTED
EXP-XAI-0001,MODEL-C1,PERMUTATION_IMPORTANCE_MACRO_F1,2,12,S2:EMAi_0.1,0.015769763707748807,0.0019580259097976413,61,EXECUTED
EXP-XAI-0001,MODEL-C1,PERMUTATION_IMPORTANCE_MACRO_F1,2,13,S2:EMAd_0.001,0.04515337719271213,0.009492719703118227,21,EXECUTED
EXP-XAI-0001,MODEL-C1,PERMUTATION_IMPORTANCE_MACRO_F1,2,14,S2:EMAd_0.01,0.03665076429839571,0.010034949652094657,28,EXECUTED
EXP-XAI-0001,MODEL-C1,PERMUTATION_IMPORTANCE_MACRO_F1,2,15,S2:EMAd_0.1,0.021269892344778184,0.005613021145016915,52,EXECUTED
EXP-XAI-0001,MODEL-C1,PERMUTATION_IMPORTANCE_MACRO_F1,2,16,S3:dR,0.010677469506387927,0.0036806604451612773,83,EXECUTED
EXP-XAI-0001,MODEL-C1,PERMUTATION_IMPORTANCE_MACRO_F1,2,17,S3:dR_norm,-0.004496056261395531,0.0063033693471932365,114,EXECUTED
EXP-XAI-0001,MODEL-C1,PERMUTATION_IMPORTANCE_MACRO_F1,2,18,S3:EMAi_0.001,0.01397722940581858,0.00339380487317297,71,EXECUTED
EXP-XAI-0001,MODEL-C1,PERMUTATION_IMPORTANCE_MACRO_F1,2,19,S3:EMAi_0.01,0.0055082251540140795,0.007402582420367781,91,EXECUTED
EXP-XAI-0001,MODEL-C1,PERMUTATION_IMPORTANCE_MACRO_F1,2,20,S3:EMAi_0.1,0.0009354951082149565,0.003242462826557977,106,EXECUTED
EXP-XAI-0001,MODEL-C1,PERMUTATION_IMPORTANCE_MACRO_F1,2,21,S3:EMAd_0.001,0.030537773510563658,0.006255419708889085,37,EXECUTED
EXP-XAI-0001,MODEL-C1,PERMUTATION_IMPORTANCE_MACRO_F1,2,22,S3:EMAd_0.01,0.02656226066027432,0.005309826853855645,44,EXECUTED
EXP-XAI-0001,MODEL-C1,PERMUTATION_IMPORTANCE_MACRO_F1,2,23,S3:EMAd_0.1,-0.0066854896555893495,0.0025438183882562863,119,EXECUTED
EXP-XAI-0001,MODEL-C1,PERMUTATION_IMPORTANCE_MACRO_F1,2,24,S4:dR,0.025892450888326635,0.007129107730221395,48,EXECUTED
EXP-XAI-0001,MODEL-C1,PERMUTATION_IMPORTANCE_MACRO_F1,2,25,S4:dR_norm,-0.0055884147611294345,0.005967107088149055,117,EXECUTED
EXP-XAI-0001,MODEL-C1,PERMUTATION_IMPORTANCE_MACRO_F1,2,26,S4:EMAi_0.001,0.025241880575423804,0.0025518601263737274,50,EXECUTED
EXP-XAI-0001,MODEL-C1,PERMUTATION_IMPORTANCE_MACRO_F1,2,27,S4:EMAi_0.01,0.012112391500569308,0.004813066958257531,78,EXECUTED
EXP-XAI-0001,MODEL-C1,PERMUTATION_IMPORTANCE_MACRO_F1,2,28,S4:EMAi_0.1,0.011288361103000199,0.005828544311344645,82,EXECUTED
EXP-XAI-0001,MODEL-C1,PERMUTATION_IMPORTANCE_MACRO_F1,2,29,S4:EMAd_0.001,0.014680370847544432,0.0044551039512536455,67,EXECUTED
EXP-XAI-0001,MODEL-C1,PERMUTATION_IMPORTANCE_MACRO_F1,2,30,S4:EMAd_0.01,0.006448207724436527,0.0018747860968420166,87,EXECUTED
EXP-XAI-0001,MODEL-C1,PERMUTATION_IMPORTANCE_MACRO_F1,2,31,S4:EMAd_0.1,0.003421210613232106,0.004864690358336616,98,EXECUTED
EXP-XAI-0001,MODEL-C1,PERMUTATION_IMPORTANCE_MACRO_F1,2,32,S5:dR,0.014121072905136468,0.00894205320131772,70,EXECUTED
EXP-XAI-0001,MODEL-C1,PERMUTATION_IMPORTANCE_MACRO_F1,2,33,S5:dR_norm,0.008437261392916229,0.0010010760598595145,85,EXECUTED
EXP-XAI-0001,MODEL-C1,PERMUTATION_IMPORTANCE_MACRO_F1,2,34,S5:EMAi_0.001,0.003369005478783449,0.003558788863053878,99,EXECUTED
EXP-XAI-0001,MODEL-C1,PERMUTATION_IMPORTANCE_MACRO_F1,2,35,S5:EMAi_0.01,0.03314751559321043,0.004936261954252594,31,EXECUTED
EXP-XAI-0001,MODEL-C1,PERMUTATION_IMPORTANCE_MACRO_F1,2,36,S5:EMAi_0.1,0.017692671419850713,0.007733291089347784,57,EXECUTED
EXP-XAI-0001,MODEL-C1,PERMUTATION_IMPORTANCE_MACRO_F1,2,37,S5:EMAd_0.001,0.003426176852355978,0.004861426465729501,97,EXECUTED
EXP-XAI-0001,MODEL-C1,PERMUTATION_IMPORTANCE_MACRO_F1,2,38,S5:EMAd_0.01,0.0036450797455687355,0.004752194259833863,96,EXECUTED
EXP-XAI-0001,MODEL-C1,PERMUTATION_IMPORTANCE_MACRO_F1,2,39,S5:EMAd_0.1,0.039060741107733075,0.006511054678821515,25,EXECUTED
EXP-XAI-0001,MODEL-C1,PERMUTATION_IMPORTANCE_MACRO_F1,2,40,S6:dR,0.010065950450613736,0.00804715932893603,84,EXECUTED
EXP-XAI-0001,MODEL-C1,PERMUTATION_IMPORTANCE_MACRO_F1,2,41,S6:dR_norm,0.014998743824938465,0.0019997228335861946,65,EXECUTED
EXP-XAI-0001,MODEL-C1,PERMUTATION_IMPORTANCE_MACRO_F1,2,42,S6:EMAi_0.001,0.008006339158416798,0.002582937505709529,86,EXECUTED
EXP-XAI-0001,MODEL-C1,PERMUTATION_IMPORTANCE_MACRO_F1,2,43,S6:EMAi_0.01,0.03143184056660979,0.005140223347326038,35,EXECUTED
EXP-XAI-0001,MODEL-C1,PERMUTATION_IMPORTANCE_MACRO_F1,2,44,S6:EMAi_0.1,0.025970435453600716,0.005346688062454632,47,EXECUTED
EXP-XAI-0001,MODEL-C1,PERMUTATION_IMPORTANCE_MACRO_F1,2,45,S6:EMAd_0.001,0.004161342142347535,0.0038618188399941124,93,EXECUTED
EXP-XAI-0001,MODEL-C1,PERMUTATION_IMPORTANCE_MACRO_F1,2,46,S6:EMAd_0.01,0.003791612098383368,0.004116319013697879,95,EXECUTED
EXP-XAI-0001,MODEL-C1,PERMUTATION_IMPORTANCE_MACRO_F1,2,47,S6:EMAd_0.1,0.01194091782319744,0.005616785856643708,80,EXECUTED
EXP-XAI-0001,MODEL-C1,PERMUTATION_IMPORTANCE_MACRO_F1,2,48,S7:dR,-0.008347318772576573,0.0032457019570826563,122,EXECUTED
EXP-XAI-0001,MODEL-C1,PERMUTATION_IMPORTANCE_MACRO_F1,2,49,S7:dR_norm,0.05578671185051183,0.0052136143413456,11,EXECUTED
EXP-XAI-0001,MODEL-C1,PERMUTATION_IMPORTANCE_MACRO_F1,2,50,S7:EMAi_0.001,0.014703862451463313,0.003985052091924173,66,EXECUTED
EXP-XAI-0001,MODEL-C1,PERMUTATION_IMPORTANCE_MACRO_F1,2,51,S7:EMAi_0.01,0.02954813290971834,0.008731832230101683,40,EXECUTED
EXP-XAI-0001,MODEL-C1,PERMUTATION_IMPORTANCE_MACRO_F1,2,52,S7:EMAi_0.1,0.02535767099605819,0.009458622245584863,49,EXECUTED
EXP-XAI-0001,MODEL-C1,PERMUTATION_IMPORTANCE_MACRO_F1,2,53,S7:EMAd_0.001,0.0610527675245008,0.012825682446434963,5,EXECUTED
EXP-XAI-0001,MODEL-C1,PERMUTATION_IMPORTANCE_MACRO_F1,2,54,S7:EMAd_0.01,0.056337397478243845,0.01355909003997423,9,EXECUTED
EXP-XAI-0001,MODEL-C1,PERMUTATION_IMPORTANCE_MACRO_F1,2,55,S7:EMAd_0.1,0.0362620331472641,0.010207271535694605,29,EXECUTED
EXP-XAI-0001,MODEL-C1,PERMUTATION_IMPORTANCE_MACRO_F1,2,56,S8:dR,-0.013060367830271669,0.008065348817317231,126,EXECUTED
EXP-XAI-0001,MODEL-C1,PERMUTATION_IMPORTANCE_MACRO_F1,2,57,S8:dR_norm,0.04413276216670596,0.0018711144786865575,23,EXECUTED
EXP-XAI-0001,MODEL-C1,PERMUTATION_IMPORTANCE_MACRO_F1,2,58,S8:EMAi_0.001,-0.002749199571694505,0.00309263500419619,111,EXECUTED
EXP-XAI-0001,MODEL-C1,PERMUTATION_IMPORTANCE_MACRO_F1,2,59,S8:EMAi_0.01,0.023270004213267657,0.007858536558728955,51,EXECUTED
EXP-XAI-0001,MODEL-C1,PERMUTATION_IMPORTANCE_MACRO_F1,2,60,S8:EMAi_0.1,0.01708495276095092,0.004042764571475607,58,EXECUTED
EXP-XAI-0001,MODEL-C1,PERMUTATION_IMPORTANCE_MACRO_F1,2,61,S8:EMAd_0.001,0.05621771988911184,0.01274291145206185,10,EXECUTED
EXP-XAI-0001,MODEL-C1,PERMUTATION_IMPORTANCE_MACRO_F1,2,62,S8:EMAd_0.01,0.05422850677220927,0.014354228483993056,14,EXECUTED
EXP-XAI-0001,MODEL-C1,PERMUTATION_IMPORTANCE_MACRO_F1,2,63,S8:EMAd_0.1,0.005879718990586036,0.00405795296428241,89,EXECUTED
EXP-XAI-0001,MODEL-C1,PERMUTATION_IMPORTANCE_MACRO_F1,2,64,S9:dR,0.03239417256887043,0.006592389165558062,34,EXECUTED
EXP-XAI-0001,MODEL-C1,PERMUTATION_IMPORTANCE_MACRO_F1,2,65,S9:dR_norm,0.09798744657785854,0.012330715479542157,1,EXECUTED
EXP-XAI-0001,MODEL-C1,PERMUTATION_IMPORTANCE_MACRO_F1,2,66,S9:EMAi_0.001,0.013272231171717785,0.005986698245561992,74,EXECUTED
EXP-XAI-0001,MODEL-C1,PERMUTATION_IMPORTANCE_MACRO_F1,2,67,S9:EMAi_0.01,0.013665753941352676,0.007964451625325757,72,EXECUTED
EXP-XAI-0001,MODEL-C1,PERMUTATION_IMPORTANCE_MACRO_F1,2,68,S9:EMAi_0.1,0.02956733075557285,0.005828806080321003,39,EXECUTED
EXP-XAI-0001,MODEL-C1,PERMUTATION_IMPORTANCE_MACRO_F1,2,69,S9:EMAd_0.001,0.020226138186994414,0.006700233063079963,55,EXECUTED
EXP-XAI-0001,MODEL-C1,PERMUTATION_IMPORTANCE_MACRO_F1,2,70,S9:EMAd_0.01,0.01354720809568195,0.005976410581601153,73,EXECUTED
EXP-XAI-0001,MODEL-C1,PERMUTATION_IMPORTANCE_MACRO_F1,2,71,S9:EMAd_0.1,0.005266594894371912,0.006940689285030825,92,EXECUTED
EXP-XAI-0001,MODEL-C1,PERMUTATION_IMPORTANCE_MACRO_F1,2,72,S10:dR,0.03254649003274499,0.005336055374193115,32,EXECUTED
EXP-XAI-0001,MODEL-C1,PERMUTATION_IMPORTANCE_MACRO_F1,2,73,S10:dR_norm,0.08520459089972339,0.004888682296170571,3,EXECUTED
EXP-XAI-0001,MODEL-C1,PERMUTATION_IMPORTANCE_MACRO_F1,2,74,S10:EMAi_0.001,0.012601767474463932,0.003286223105635993,76,EXECUTED
EXP-XAI-0001,MODEL-C1,PERMUTATION_IMPORTANCE_MACRO_F1,2,75,S10:EMAi_0.01,0.012967885022927205,0.003724823689671697,75,EXECUTED
EXP-XAI-0001,MODEL-C1,PERMUTATION_IMPORTANCE_MACRO_F1,2,76,S10:EMAi_0.1,0.011973374838717122,0.0032398318952183403,79,EXECUTED
EXP-XAI-0001,MODEL-C1,PERMUTATION_IMPORTANCE_MACRO_F1,2,77,S10:EMAd_0.001,0.03794756304912916,0.008773885368217478,26,EXECUTED
EXP-XAI-0001,MODEL-C1,PERMUTATION_IMPORTANCE_MACRO_F1,2,78,S10:EMAd_0.01,0.03246367634407503,0.009503941869012213,33,EXECUTED
EXP-XAI-0001,MODEL-C1,PERMUTATION_IMPORTANCE_MACRO_F1,2,79,S10:EMAd_0.1,-0.005050457010447795,0.002014507426711515,116,EXECUTED
EXP-XAI-0001,MODEL-C1,PERMUTATION_IMPORTANCE_MACRO_F1,2,80,S11:dR,-0.012724141180212723,0.006749552932616196,125,EXECUTED
EXP-XAI-0001,MODEL-C1,PERMUTATION_IMPORTANCE_MACRO_F1,2,81,S11:dR_norm,-0.012462033201258693,0.0063688419213336405,124,EXECUTED
EXP-XAI-0001,MODEL-C1,PERMUTATION_IMPORTANCE_MACRO_F1,2,82,S11:EMAi_0.001,-7.302409149019251e-05,0.005645684793719231,107,EXECUTED
EXP-XAI-0001,MODEL-C1,PERMUTATION_IMPORTANCE_MACRO_F1,2,83,S11:EMAi_0.01,-0.001457545599274712,0.00725098106473195,109,EXECUTED
EXP-XAI-0001,MODEL-C1,PERMUTATION_IMPORTANCE_MACRO_F1,2,84,S11:EMAi_0.1,-0.006866070367566634,0.0029036135778344138,120,EXECUTED
EXP-XAI-0001,MODEL-C1,PERMUTATION_IMPORTANCE_MACRO_F1,2,85,S11:EMAd_0.001,0.029514087074567107,0.00734317973357598,41,EXECUTED
EXP-XAI-0001,MODEL-C1,PERMUTATION_IMPORTANCE_MACRO_F1,2,86,S11:EMAd_0.01,0.019455950387606037,0.00592266680432169,56,EXECUTED
EXP-XAI-0001,MODEL-C1,PERMUTATION_IMPORTANCE_MACRO_F1,2,87,S11:EMAd_0.1,-0.011460854225363337,0.0062615108671463795,123,EXECUTED
EXP-XAI-0001,MODEL-C1,PERMUTATION_IMPORTANCE_MACRO_F1,2,88,S12:dR,0.004004009344639759,0.004379538393830579,94,EXECUTED
EXP-XAI-0001,MODEL-C1,PERMUTATION_IMPORTANCE_MACRO_F1,2,89,S12:dR_norm,-0.004019474214618924,0.0044916067536889,113,EXECUTED
EXP-XAI-0001,MODEL-C1,PERMUTATION_IMPORTANCE_MACRO_F1,2,90,S12:EMAi_0.001,0.016129535119571048,0.004896515019741826,60,EXECUTED
EXP-XAI-0001,MODEL-C1,PERMUTATION_IMPORTANCE_MACRO_F1,2,91,S12:EMAi_0.01,0.0020313454861896397,0.004361535258640385,102,EXECUTED
EXP-XAI-0001,MODEL-C1,PERMUTATION_IMPORTANCE_MACRO_F1,2,92,S12:EMAi_0.1,-0.0027581716130052223,0.003921480455857436,112,EXECUTED
EXP-XAI-0001,MODEL-C1,PERMUTATION_IMPORTANCE_MACRO_F1,2,93,S12:EMAd_0.001,-0.0015708772707795139,0.002777813505994485,110,EXECUTED
EXP-XAI-0001,MODEL-C1,PERMUTATION_IMPORTANCE_MACRO_F1,2,94,S12:EMAd_0.01,0.0019700366848975914,0.0011756583855536574,103,EXECUTED
EXP-XAI-0001,MODEL-C1,PERMUTATION_IMPORTANCE_MACRO_F1,2,95,S12:EMAd_0.1,-0.0005984950175977888,0.002702060702269652,108,EXECUTED
EXP-XAI-0001,MODEL-C1,PERMUTATION_IMPORTANCE_MACRO_F1,2,96,S13:dR,0.012425889260952738,0.00641009595489538,77,EXECUTED
EXP-XAI-0001,MODEL-C1,PERMUTATION_IMPORTANCE_MACRO_F1,2,97,S13:dR_norm,0.026099111296153034,0.003450486077806055,46,EXECUTED
EXP-XAI-0001,MODEL-C1,PERMUTATION_IMPORTANCE_MACRO_F1,2,98,S13:EMAi_0.001,0.01631205680532395,0.0013806182286579256,59,EXECUTED
EXP-XAI-0001,MODEL-C1,PERMUTATION_IMPORTANCE_MACRO_F1,2,99,S13:EMAi_0.01,0.044565936459484215,0.005785997887617205,22,EXECUTED
EXP-XAI-0001,MODEL-C1,PERMUTATION_IMPORTANCE_MACRO_F1,2,100,S13:EMAi_0.1,0.051668165779481544,0.004303053518940534,17,EXECUTED
EXP-XAI-0001,MODEL-C1,PERMUTATION_IMPORTANCE_MACRO_F1,2,101,S13:EMAd_0.001,0.01146276419752328,0.00573601239117281,81,EXECUTED
EXP-XAI-0001,MODEL-C1,PERMUTATION_IMPORTANCE_MACRO_F1,2,102,S13:EMAd_0.01,0.0033004389962026258,0.003382151968874485,100,EXECUTED
EXP-XAI-0001,MODEL-C1,PERMUTATION_IMPORTANCE_MACRO_F1,2,103,S13:EMAd_0.1,0.04879757085719043,0.006512128186855472,20,EXECUTED
EXP-XAI-0001,MODEL-C1,PERMUTATION_IMPORTANCE_MACRO_F1,2,104,S14:dR,0.005978785818538057,0.005661673770289521,88,EXECUTED
EXP-XAI-0001,MODEL-C1,PERMUTATION_IMPORTANCE_MACRO_F1,2,105,S14:dR_norm,0.02091868525461964,0.007504557282979271,54,EXECUTED
EXP-XAI-0001,MODEL-C1,PERMUTATION_IMPORTANCE_MACRO_F1,2,106,S14:EMAi_0.001,0.0015782877384408645,0.004077281909579073,104,EXECUTED
EXP-XAI-0001,MODEL-C1,PERMUTATION_IMPORTANCE_MACRO_F1,2,107,S14:EMAi_0.01,0.04887405475073765,0.010615795254047721,19,EXECUTED
EXP-XAI-0001,MODEL-C1,PERMUTATION_IMPORTANCE_MACRO_F1,2,108,S14:EMAi_0.1,0.030965194692235954,0.005970325447955038,36,EXECUTED
EXP-XAI-0001,MODEL-C1,PERMUTATION_IMPORTANCE_MACRO_F1,2,109,S14:EMAd_0.001,0.0026617763201357337,0.004114262388749643,101,EXECUTED
EXP-XAI-0001,MODEL-C1,PERMUTATION_IMPORTANCE_MACRO_F1,2,110,S14:EMAd_0.01,0.0011464313565600292,0.0054834964057834555,105,EXECUTED
EXP-XAI-0001,MODEL-C1,PERMUTATION_IMPORTANCE_MACRO_F1,2,111,S14:EMAd_0.1,0.05087687167064683,0.006464280316494768,18,EXECUTED
EXP-XAI-0001,MODEL-C1,PERMUTATION_IMPORTANCE_MACRO_F1,2,112,S15:dR,-0.020258246430299144,0.007366739365428836,128,EXECUTED
EXP-XAI-0001,MODEL-C1,PERMUTATION_IMPORTANCE_MACRO_F1,2,113,S15:dR_norm,0.04354568189448962,0.0017274774532368906,24,EXECUTED
EXP-XAI-0001,MODEL-C1,PERMUTATION_IMPORTANCE_MACRO_F1,2,114,S15:EMAi_0.001,-0.007315541940107551,0.003058023271446903,121,EXECUTED
EXP-XAI-0001,MODEL-C1,PERMUTATION_IMPORTANCE_MACRO_F1,2,115,S15:EMAi_0.01,0.027546411205044374,0.007951289912381039,42,EXECUTED
EXP-XAI-0001,MODEL-C1,PERMUTATION_IMPORTANCE_MACRO_F1,2,116,S15:EMAi_0.1,0.026442522552469816,0.007158111036706424,45,EXECUTED
EXP-XAI-0001,MODEL-C1,PERMUTATION_IMPORTANCE_MACRO_F1,2,117,S15:EMAd_0.001,0.059984962868532984,0.011314642910650008,7,EXECUTED
EXP-XAI-0001,MODEL-C1,PERMUTATION_IMPORTANCE_MACRO_F1,2,118,S15:EMAd_0.01,0.051729678037154246,0.009750419153789795,16,EXECUTED
EXP-XAI-0001,MODEL-C1,PERMUTATION_IMPORTANCE_MACRO_F1,2,119,S15:EMAd_0.1,0.014675408885323616,0.005657794603982731,68,EXECUTED
EXP-XAI-0001,MODEL-C1,PERMUTATION_IMPORTANCE_MACRO_F1,2,120,S16:dR,-0.01925257469335584,0.00539213035564441,127,EXECUTED
EXP-XAI-0001,MODEL-C1,PERMUTATION_IMPORTANCE_MACRO_F1,2,121,S16:dR_norm,0.05509276498300306,0.005202770447884708,12,EXECUTED
EXP-XAI-0001,MODEL-C1,PERMUTATION_IMPORTANCE_MACRO_F1,2,122,S16:EMAi_0.001,-0.004665068092263769,0.002058937667047602,115,EXECUTED
EXP-XAI-0001,MODEL-C1,PERMUTATION_IMPORTANCE_MACRO_F1,2,123,S16:EMAi_0.01,0.03725171423914564,0.008309802559520045,27,EXECUTED
EXP-XAI-0001,MODEL-C1,PERMUTATION_IMPORTANCE_MACRO_F1,2,124,S16:EMAi_0.1,0.027536702760567366,0.006123108219156628,43,EXECUTED
EXP-XAI-0001,MODEL-C1,PERMUTATION_IMPORTANCE_MACRO_F1,2,125,S16:EMAd_0.001,0.06082164809830992,0.011837828093762331,6,EXECUTED
EXP-XAI-0001,MODEL-C1,PERMUTATION_IMPORTANCE_MACRO_F1,2,126,S16:EMAd_0.01,0.05698842380661524,0.011646427556252517,8,EXECUTED
EXP-XAI-0001,MODEL-C1,PERMUTATION_IMPORTANCE_MACRO_F1,2,127,S16:EMAd_0.1,0.005523165875112035,0.0029911767571189234,90,EXECUTED
EXP-XAI-0001,MODEL-C1,PERMUTATION_IMPORTANCE_MACRO_F1,3,0,S1:dR,0.005204297145159098,0.0013021522784379452,23,EXECUTED
EXP-XAI-0001,MODEL-C1,PERMUTATION_IMPORTANCE_MACRO_F1,3,1,S1:dR_norm,0.011438383688412945,0.0024059699658933948,9,EXECUTED
EXP-XAI-0001,MODEL-C1,PERMUTATION_IMPORTANCE_MACRO_F1,3,2,S1:EMAi_0.001,0.0008182556876218716,0.0007372130409585419,54,EXECUTED
EXP-XAI-0001,MODEL-C1,PERMUTATION_IMPORTANCE_MACRO_F1,3,3,S1:EMAi_0.01,-6.709240886451084e-05,3.3546204432255426e-05,65,EXECUTED
EXP-XAI-0001,MODEL-C1,PERMUTATION_IMPORTANCE_MACRO_F1,3,4,S1:EMAi_0.1,-6.709240886451084e-05,3.3546204432255426e-05,66,EXECUTED
EXP-XAI-0001,MODEL-C1,PERMUTATION_IMPORTANCE_MACRO_F1,3,5,S1:EMAd_0.001,0.0021339155064802663,0.0008719693313407653,36,EXECUTED
EXP-XAI-0001,MODEL-C1,PERMUTATION_IMPORTANCE_MACRO_F1,3,6,S1:EMAd_0.01,0.0011803887015446879,0.0005901943507723439,48,EXECUTED
EXP-XAI-0001,MODEL-C1,PERMUTATION_IMPORTANCE_MACRO_F1,3,7,S1:EMAd_0.1,-0.004450510486947256,0.003143040086105452,81,EXECUTED
EXP-XAI-0001,MODEL-C1,PERMUTATION_IMPORTANCE_MACRO_F1,3,8,S2:dR,0.007726344672054008,0.001393537592481314,17,EXECUTED
EXP-XAI-0001,MODEL-C1,PERMUTATION_IMPORTANCE_MACRO_F1,3,9,S2:dR_norm,0.0005814628093760654,0.0027504710368303656,61,EXECUTED
EXP-XAI-0001,MODEL-C1,PERMUTATION_IMPORTANCE_MACRO_F1,3,10,S2:EMAi_0.001,-0.002394857683898066,0.0017625721757720005,74,EXECUTED
EXP-XAI-0001,MODEL-C1,PERMUTATION_IMPORTANCE_MACRO_F1,3,11,S2:EMAi_0.01,-0.008653944972986249,0.0023495836668040826,84,EXECUTED
EXP-XAI-0001,MODEL-C1,PERMUTATION_IMPORTANCE_MACRO_F1,3,12,S2:EMAi_0.1,-0.004973513357760062,0.0026507565161000826,82,EXECUTED
EXP-XAI-0001,MODEL-C1,PERMUTATION_IMPORTANCE_MACRO_F1,3,13,S2:EMAd_0.001,0.0034738044656200005,0.0012162857464568637,26,EXECUTED
EXP-XAI-0001,MODEL-C1,PERMUTATION_IMPORTANCE_MACRO_F1,3,14,S2:EMAd_0.01,0.0027621473218317205,0.0008338876685708945,28,EXECUTED
EXP-XAI-0001,MODEL-C1,PERMUTATION_IMPORTANCE_MACRO_F1,3,15,S2:EMAd_0.1,-0.01154912116279062,0.003062134075231173,90,EXECUTED
EXP-XAI-0001,MODEL-C1,PERMUTATION_IMPORTANCE_MACRO_F1,3,16,S3:dR,-0.09586355529140216,0.007479520493164597,123,EXECUTED
EXP-XAI-0001,MODEL-C1,PERMUTATION_IMPORTANCE_MACRO_F1,3,17,S3:dR_norm,-0.016628512334855794,0.003809846452783915,94,EXECUTED
EXP-XAI-0001,MODEL-C1,PERMUTATION_IMPORTANCE_MACRO_F1,3,18,S3:EMAi_0.001,-0.0614030963189975,0.005542027750667694,110,EXECUTED
EXP-XAI-0001,MODEL-C1,PERMUTATION_IMPORTANCE_MACRO_F1,3,19,S3:EMAi_0.01,-0.01103169309238966,0.0032262959992370795,87,EXECUTED
EXP-XAI-0001,MODEL-C1,PERMUTATION_IMPORTANCE_MACRO_F1,3,20,S3:EMAi_0.1,-0.016613911568610185,0.0038277748953001677,93,EXECUTED
EXP-XAI-0001,MODEL-C1,PERMUTATION_IMPORTANCE_MACRO_F1,3,21,S3:EMAd_0.001,0.0006005651636488918,0.0007300453800858868,60,EXECUTED
EXP-XAI-0001,MODEL-C1,PERMUTATION_IMPORTANCE_MACRO_F1,3,22,S3:EMAd_0.01,0.0008933156984486601,0.001394758361840306,52,EXECUTED
EXP-XAI-0001,MODEL-C1,PERMUTATION_IMPORTANCE_MACRO_F1,3,23,S3:EMAd_0.1,-0.008567357844096245,0.002934940517714597,83,EXECUTED
EXP-XAI-0001,MODEL-C1,PERMUTATION_IMPORTANCE_MACRO_F1,3,24,S4:dR,-0.09270654111042007,0.005047570352139476,122,EXECUTED
EXP-XAI-0001,MODEL-C1,PERMUTATION_IMPORTANCE_MACRO_F1,3,25,S4:dR_norm,-0.08144738065304533,0.003505082032598891,120,EXECUTED
EXP-XAI-0001,MODEL-C1,PERMUTATION_IMPORTANCE_MACRO_F1,3,26,S4:EMAi_0.001,-0.07883512430942839,0.008567065356310345,116,EXECUTED
EXP-XAI-0001,MODEL-C1,PERMUTATION_IMPORTANCE_MACRO_F1,3,27,S4:EMAi_0.01,-0.06311318379730546,0.006786235455726383,111,EXECUTED
EXP-XAI-0001,MODEL-C1,PERMUTATION_IMPORTANCE_MACRO_F1,3,28,S4:EMAi_0.1,-0.051726851771185633,0.005837552236657015,106,EXECUTED
EXP-XAI-0001,MODEL-C1,PERMUTATION_IMPORTANCE_MACRO_F1,3,29,S4:EMAd_0.001,0.0006038394105379208,0.0015153419761786632,58,EXECUTED
EXP-XAI-0001,MODEL-C1,PERMUTATION_IMPORTANCE_MACRO_F1,3,30,S4:EMAd_0.01,0.0007287585262736763,0.0008149604555894887,55,EXECUTED
EXP-XAI-0001,MODEL-C1,PERMUTATION_IMPORTANCE_MACRO_F1,3,31,S4:EMAd_0.1,-0.0539695173493314,0.005164617876952379,107,EXECUTED
EXP-XAI-0001,MODEL-C1,PERMUTATION_IMPORTANCE_MACRO_F1,3,32,S5:dR,-0.04746635309946919,0.003626430754118027,105,EXECUTED
EXP-XAI-0001,MODEL-C1,PERMUTATION_IMPORTANCE_MACRO_F1,3,33,S5:dR_norm,0.0025488024209575967,0.0004176798143390999,34,EXECUTED
EXP-XAI-0001,MODEL-C1,PERMUTATION_IMPORTANCE_MACRO_F1,3,34,S5:EMAi_0.001,-0.0004340505417805174,0.001496711332173828,72,EXECUTED
EXP-XAI-0001,MODEL-C1,PERMUTATION_IMPORTANCE_MACRO_F1,3,35,S5:EMAi_0.01,0.027373427711421115,0.0030113550546190973,4,EXECUTED
EXP-XAI-0001,MODEL-C1,PERMUTATION_IMPORTANCE_MACRO_F1,3,36,S5:EMAi_0.1,-0.09839703103179094,0.004262736090065413,124,EXECUTED
EXP-XAI-0001,MODEL-C1,PERMUTATION_IMPORTANCE_MACRO_F1,3,37,S5:EMAd_0.001,-0.03322474458326626,0.001727549124058347,103,EXECUTED
EXP-XAI-0001,MODEL-C1,PERMUTATION_IMPORTANCE_MACRO_F1,3,38,S5:EMAd_0.01,-0.02261798468627445,0.0005762651127349175,100,EXECUTED
EXP-XAI-0001,MODEL-C1,PERMUTATION_IMPORTANCE_MACRO_F1,3,39,S5:EMAd_0.1,-0.06365417370414111,0.003592094857691495,112,EXECUTED
EXP-XAI-0001,MODEL-C1,PERMUTATION_IMPORTANCE_MACRO_F1,3,40,S6:dR,-0.02403683651805606,0.0027212459546270603,101,EXECUTED
EXP-XAI-0001,MODEL-C1,PERMUTATION_IMPORTANCE_MACRO_F1,3,41,S6:dR_norm,0.0027266732978976304,0.0009722476421042772,29,EXECUTED
EXP-XAI-0001,MODEL-C1,PERMUTATION_IMPORTANCE_MACRO_F1,3,42,S6:EMAi_0.001,0.0039820924610659445,0.0011358532391177048,24,EXECUTED
EXP-XAI-0001,MODEL-C1,PERMUTATION_IMPORTANCE_MACRO_F1,3,43,S6:EMAi_0.01,0.02230227816760454,0.0033465237125127863,5,EXECUTED
EXP-XAI-0001,MODEL-C1,PERMUTATION_IMPORTANCE_MACRO_F1,3,44,S6:EMAi_0.1,0.010812244977819107,0.0019668026043420843,10,EXECUTED
EXP-XAI-0001,MODEL-C1,PERMUTATION_IMPORTANCE_MACRO_F1,3,45,S6:EMAd_0.001,-0.020668596827270947,0.0024838983421165135,98,EXECUTED
EXP-XAI-0001,MODEL-C1,PERMUTATION_IMPORTANCE_MACRO_F1,3,46,S6:EMAd_0.01,-0.017942561158440017,0.0016785331946170025,96,EXECUTED
EXP-XAI-0001,MODEL-C1,PERMUTATION_IMPORTANCE_MACRO_F1,3,47,S6:EMAd_0.1,-0.008906408226206886,0.0018335833789634255,85,EXECUTED
EXP-XAI-0001,MODEL-C1,PERMUTATION_IMPORTANCE_MACRO_F1,3,48,S7:dR,-0.002767184809875878,0.0008687960786416437,78,EXECUTED
EXP-XAI-0001,MODEL-C1,PERMUTATION_IMPORTANCE_MACRO_F1,3,49,S7:dR_norm,0.0023279973593693937,0.0018715298287304745,35,EXECUTED
EXP-XAI-0001,MODEL-C1,PERMUTATION_IMPORTANCE_MACRO_F1,3,50,S7:EMAi_0.001,0.0018495333882007747,0.0011971772317647435,38,EXECUTED
EXP-XAI-0001,MODEL-C1,PERMUTATION_IMPORTANCE_MACRO_F1,3,51,S7:EMAi_0.01,0.012832690033439365,0.001694964546629827,8,EXECUTED
EXP-XAI-0001,MODEL-C1,PERMUTATION_IMPORTANCE_MACRO_F1,3,52,S7:EMAi_0.1,0.007702994072827563,0.0012092532424974494,18,EXECUTED
EXP-XAI-0001,MODEL-C1,PERMUTATION_IMPORTANCE_MACRO_F1,3,53,S7:EMAd_0.001,-0.00010048505955553288,0.0029616563744991617,70,EXECUTED
EXP-XAI-0001,MODEL-C1,PERMUTATION_IMPORTANCE_MACRO_F1,3,54,S7:EMAd_0.01,0.0001392918576036628,0.0018311498549734612,63,EXECUTED
EXP-XAI-0001,MODEL-C1,PERMUTATION_IMPORTANCE_MACRO_F1,3,55,S7:EMAd_0.1,0.0006031127173813045,0.000728011706389756,59,EXECUTED
EXP-XAI-0001,MODEL-C1,PERMUTATION_IMPORTANCE_MACRO_F1,3,56,S8:dR,-0.05671117881456855,0.004132307873626511,108,EXECUTED
EXP-XAI-0001,MODEL-C1,PERMUTATION_IMPORTANCE_MACRO_F1,3,57,S8:dR_norm,0.0016114718536734962,0.001985955812633551,44,EXECUTED
EXP-XAI-0001,MODEL-C1,PERMUTATION_IMPORTANCE_MACRO_F1,3,58,S8:EMAi_0.001,-0.0024867753752382594,0.001017930359872502,75,EXECUTED
EXP-XAI-0001,MODEL-C1,PERMUTATION_IMPORTANCE_MACRO_F1,3,59,S8:EMAi_0.01,0.013767008799040071,0.0013319162209452417,7,EXECUTED
EXP-XAI-0001,MODEL-C1,PERMUTATION_IMPORTANCE_MACRO_F1,3,60,S8:EMAi_0.1,0.0068811815182374895,0.0010503883794991122,21,EXECUTED
EXP-XAI-0001,MODEL-C1,PERMUTATION_IMPORTANCE_MACRO_F1,3,61,S8:EMAd_0.001,-0.00010991955194271652,0.0022477417865868245,71,EXECUTED
EXP-XAI-0001,MODEL-C1,PERMUTATION_IMPORTANCE_MACRO_F1,3,62,S8:EMAd_0.01,0.0010057526648670878,0.0011474485825437065,50,EXECUTED
EXP-XAI-0001,MODEL-C1,PERMUTATION_IMPORTANCE_MACRO_F1,3,63,S8:EMAd_0.1,0.0008877157561677062,0.0011846334295020052,53,EXECUTED
EXP-XAI-0001,MODEL-C1,PERMUTATION_IMPORTANCE_MACRO_F1,3,64,S9:dR,0.003893919668829693,0.0009040150264658687,25,EXECUTED
EXP-XAI-0001,MODEL-C1,PERMUTATION_IMPORTANCE_MACRO_F1,3,65,S9:dR_norm,0.0017005628685068275,0.0013202597415200475,42,EXECUTED
EXP-XAI-0001,MODEL-C1,PERMUTATION_IMPORTANCE_MACRO_F1,3,66,S9:EMAi_0.001,-0.0029779070305059885,0.001293756708772513,79,EXECUTED
EXP-XAI-0001,MODEL-C1,PERMUTATION_IMPORTANCE_MACRO_F1,3,67,S9:EMAi_0.01,-0.004415825486454072,0.001578029191348704,80,EXECUTED
EXP-XAI-0001,MODEL-C1,PERMUTATION_IMPORTANCE_MACRO_F1,3,68,S9:EMAi_0.1,-0.002687562689158318,0.0014308710260877405,77,EXECUTED
EXP-XAI-0001,MODEL-C1,PERMUTATION_IMPORTANCE_MACRO_F1,3,69,S9:EMAd_0.001,0.0014668721318408795,0.0005560275430001063,47,EXECUTED
EXP-XAI-0001,MODEL-C1,PERMUTATION_IMPORTANCE_MACRO_F1,3,70,S9:EMAd_0.01,0.0009368558239217339,0.0006210987383906835,51,EXECUTED
EXP-XAI-0001,MODEL-C1,PERMUTATION_IMPORTANCE_MACRO_F1,3,71,S9:EMAd_0.1,-0.010170451290045924,0.004583151889312129,86,EXECUTED
EXP-XAI-0001,MODEL-C1,PERMUTATION_IMPORTANCE_MACRO_F1,3,72,S10:dR,0.0026438706573367887,0.0010294770937909281,31,EXECUTED
EXP-XAI-0001,MODEL-C1,PERMUTATION_IMPORTANCE_MACRO_F1,3,73,S10:dR_norm,0.0016988337579457724,0.000949300831574957,43,EXECUTED
EXP-XAI-0001,MODEL-C1,PERMUTATION_IMPORTANCE_MACRO_F1,3,74,S10:EMAi_0.001,-6.709240886451084e-05,3.3546204432255426e-05,67,EXECUTED
EXP-XAI-0001,MODEL-C1,PERMUTATION_IMPORTANCE_MACRO_F1,3,75,S10:EMAi_0.01,-6.709240886451084e-05,3.3546204432255426e-05,68,EXECUTED
EXP-XAI-0001,MODEL-C1,PERMUTATION_IMPORTANCE_MACRO_F1,3,76,S10:EMAi_0.1,-6.709240886451084e-05,3.3546204432255426e-05,69,EXECUTED
EXP-XAI-0001,MODEL-C1,PERMUTATION_IMPORTANCE_MACRO_F1,3,77,S10:EMAd_0.001,0.0017754315123354124,0.001109339531924541,40,EXECUTED
EXP-XAI-0001,MODEL-C1,PERMUTATION_IMPORTANCE_MACRO_F1,3,78,S10:EMAd_0.01,0.0017754315123354124,0.001109339531924541,41,EXECUTED
EXP-XAI-0001,MODEL-C1,PERMUTATION_IMPORTANCE_MACRO_F1,3,79,S10:EMAd_0.1,-0.0026806016343083106,0.0021451832983052435,76,EXECUTED
EXP-XAI-0001,MODEL-C1,PERMUTATION_IMPORTANCE_MACRO_F1,3,80,S11:dR,-0.12076405506637125,0.001712295777761058,128,EXECUTED
EXP-XAI-0001,MODEL-C1,PERMUTATION_IMPORTANCE_MACRO_F1,3,81,S11:dR_norm,-0.068550715620081,0.005953742113298478,114,EXECUTED
EXP-XAI-0001,MODEL-C1,PERMUTATION_IMPORTANCE_MACRO_F1,3,82,S11:EMAi_0.001,-0.08034862165490655,0.006540624782023732,118,EXECUTED
EXP-XAI-0001,MODEL-C1,PERMUTATION_IMPORTANCE_MACRO_F1,3,83,S11:EMAi_0.01,-0.01619431386362914,0.0034185751427205004,92,EXECUTED
EXP-XAI-0001,MODEL-C1,PERMUTATION_IMPORTANCE_MACRO_F1,3,84,S11:EMAi_0.1,-0.011282830169141233,0.00349538259822798,89,EXECUTED
EXP-XAI-0001,MODEL-C1,PERMUTATION_IMPORTANCE_MACRO_F1,3,85,S11:EMAd_0.001,0.001790541277863933,0.0014564952525326902,39,EXECUTED
EXP-XAI-0001,MODEL-C1,PERMUTATION_IMPORTANCE_MACRO_F1,3,86,S11:EMAd_0.01,0.0026557413559918698,0.0007616146248318809,30,EXECUTED
EXP-XAI-0001,MODEL-C1,PERMUTATION_IMPORTANCE_MACRO_F1,3,87,S11:EMAd_0.1,-0.07459471077718502,0.005911807000313265,115,EXECUTED
EXP-XAI-0001,MODEL-C1,PERMUTATION_IMPORTANCE_MACRO_F1,3,88,S12:dR,-0.11147832532997219,0.003890075601454078,125,EXECUTED
EXP-XAI-0001,MODEL-C1,PERMUTATION_IMPORTANCE_MACRO_F1,3,89,S12:dR_norm,-0.08096785122334942,0.002955407686875577,119,EXECUTED
EXP-XAI-0001,MODEL-C1,PERMUTATION_IMPORTANCE_MACRO_F1,3,90,S12:EMAi_0.001,-0.08965446362179894,0.005079908569931341,121,EXECUTED
EXP-XAI-0001,MODEL-C1,PERMUTATION_IMPORTANCE_MACRO_F1,3,91,S12:EMAi_0.01,-0.06466735856537652,0.0056628138695256946,113,EXECUTED
EXP-XAI-0001,MODEL-C1,PERMUTATION_IMPORTANCE_MACRO_F1,3,92,S12:EMAi_0.1,-0.032827421169015145,0.0060568820264275125,102,EXECUTED
EXP-XAI-0001,MODEL-C1,PERMUTATION_IMPORTANCE_MACRO_F1,3,93,S12:EMAd_0.001,-0.0020442137089966006,0.0007111954860062562,73,EXECUTED
EXP-XAI-0001,MODEL-C1,PERMUTATION_IMPORTANCE_MACRO_F1,3,94,S12:EMAd_0.01,0.0001330235565829896,0.0002660471131659792,64,EXECUTED
EXP-XAI-0001,MODEL-C1,PERMUTATION_IMPORTANCE_MACRO_F1,3,95,S12:EMAd_0.1,-0.012531002210829511,0.0027139407548650205,91,EXECUTED
EXP-XAI-0001,MODEL-C1,PERMUTATION_IMPORTANCE_MACRO_F1,3,96,S13:dR,-0.011045464342020184,0.002500777622023497,88,EXECUTED
EXP-XAI-0001,MODEL-C1,PERMUTATION_IMPORTANCE_MACRO_F1,3,97,S13:dR_norm,0.007275616552899,0.0015784776024961966,20,EXECUTED
EXP-XAI-0001,MODEL-C1,PERMUTATION_IMPORTANCE_MACRO_F1,3,98,S13:EMAi_0.001,0.009129363816801994,0.0012190692053709441,13,EXECUTED
EXP-XAI-0001,MODEL-C1,PERMUTATION_IMPORTANCE_MACRO_F1,3,99,S13:EMAi_0.01,0.04471644230594131,0.0024044488920462446,1,EXECUTED
EXP-XAI-0001,MODEL-C1,PERMUTATION_IMPORTANCE_MACRO_F1,3,100,S13:EMAi_0.1,0.0424835167510038,0.001971755703248597,2,EXECUTED
EXP-XAI-0001,MODEL-C1,PERMUTATION_IMPORTANCE_MACRO_F1,3,101,S13:EMAd_0.001,-0.01851398722560511,0.001227693349119092,97,EXECUTED
EXP-XAI-0001,MODEL-C1,PERMUTATION_IMPORTANCE_MACRO_F1,3,102,S13:EMAd_0.01,-0.017286107396761164,0.0026843771039240993,95,EXECUTED
EXP-XAI-0001,MODEL-C1,PERMUTATION_IMPORTANCE_MACRO_F1,3,103,S13:EMAd_0.1,-0.04474625875038398,0.0041662425348427505,104,EXECUTED
EXP-XAI-0001,MODEL-C1,PERMUTATION_IMPORTANCE_MACRO_F1,3,104,S14:dR,0.008056408945083226,0.0013504187538393862,15,EXECUTED
EXP-XAI-0001,MODEL-C1,PERMUTATION_IMPORTANCE_MACRO_F1,3,105,S14:dR_norm,0.007647478983042211,0.003095105528439777,19,EXECUTED
EXP-XAI-0001,MODEL-C1,PERMUTATION_IMPORTANCE_MACRO_F1,3,106,S14:EMAi_0.001,0.006002174736736787,0.004237816878135399,22,EXECUTED
EXP-XAI-0001,MODEL-C1,PERMUTATION_IMPORTANCE_MACRO_F1,3,107,S14:EMAi_0.01,0.03956317289115267,0.003527577791639748,3,EXECUTED
EXP-XAI-0001,MODEL-C1,PERMUTATION_IMPORTANCE_MACRO_F1,3,108,S14:EMAi_0.1,0.0148434138438015,0.0026305530930584185,6,EXECUTED
EXP-XAI-0001,MODEL-C1,PERMUTATION_IMPORTANCE_MACRO_F1,3,109,S14:EMAd_0.001,0.003425384608640225,0.0012623768901190609,27,EXECUTED
EXP-XAI-0001,MODEL-C1,PERMUTATION_IMPORTANCE_MACRO_F1,3,110,S14:EMAd_0.01,0.0015509692426742717,0.0012333627905224843,45,EXECUTED
EXP-XAI-0001,MODEL-C1,PERMUTATION_IMPORTANCE_MACRO_F1,3,111,S14:EMAd_0.1,-0.07942233778492083,0.004162042935399577,117,EXECUTED
EXP-XAI-0001,MODEL-C1,PERMUTATION_IMPORTANCE_MACRO_F1,3,112,S15:dR,-0.11524156400507408,0.005227727538046992,126,EXECUTED
EXP-XAI-0001,MODEL-C1,PERMUTATION_IMPORTANCE_MACRO_F1,3,113,S15:dR_norm,0.002629818996298272,0.001352521914312808,32,EXECUTED
EXP-XAI-0001,MODEL-C1,PERMUTATION_IMPORTANCE_MACRO_F1,3,114,S15:EMAi_0.001,-0.056978172294729214,0.0053458703251019896,109,EXECUTED
EXP-XAI-0001,MODEL-C1,PERMUTATION_IMPORTANCE_MACRO_F1,3,115,S15:EMAi_0.01,0.008434967672007876,0.0007218448895139152,14,EXECUTED
EXP-XAI-0001,MODEL-C1,PERMUTATION_IMPORTANCE_MACRO_F1,3,116,S15:EMAi_0.1,0.009246312979060468,0.000664942653093751,12,EXECUTED
EXP-XAI-0001,MODEL-C1,PERMUTATION_IMPORTANCE_MACRO_F1,3,117,S15:EMAd_0.001,0.0006688940182964176,0.0007670946119427156,57,EXECUTED
EXP-XAI-0001,MODEL-C1,PERMUTATION_IMPORTANCE_MACRO_F1,3,118,S15:EMAd_0.01,0.0014799168743080294,0.0009531769288692852,46,EXECUTED
EXP-XAI-0001,MODEL-C1,PERMUTATION_IMPORTANCE_MACRO_F1,3,119,S15:EMAd_0.1,0.0019084550689184021,0.0009105310730742617,37,EXECUTED
EXP-XAI-0001,MODEL-C1,PERMUTATION_IMPORTANCE_MACRO_F1,3,120,S16:dR,-0.11836301666101456,0.00525291438607173,127,EXECUTED
EXP-XAI-0001,MODEL-C1,PERMUTATION_IMPORTANCE_MACRO_F1,3,121,S16:dR_norm,0.002563454816334065,0.0011292037878073591,33,EXECUTED
EXP-XAI-0001,MODEL-C1,PERMUTATION_IMPORTANCE_MACRO_F1,3,122,S16:EMAi_0.001,-0.02216722683968707,0.0021912518541820627,99,EXECUTED
EXP-XAI-0001,MODEL-C1,PERMUTATION_IMPORTANCE_MACRO_F1,3,123,S16:EMAi_0.01,0.01052108578593135,0.0006178723794505348,11,EXECUTED
EXP-XAI-0001,MODEL-C1,PERMUTATION_IMPORTANCE_MACRO_F1,3,124,S16:EMAi_0.1,0.00801683209111308,0.0011933506048436523,16,EXECUTED
EXP-XAI-0001,MODEL-C1,PERMUTATION_IMPORTANCE_MACRO_F1,3,125,S16:EMAd_0.001,0.00067159353286389,0.0007647561146497441,56,EXECUTED
EXP-XAI-0001,MODEL-C1,PERMUTATION_IMPORTANCE_MACRO_F1,3,126,S16:EMAd_0.01,0.0010063108250941033,0.000857022234421231,49,EXECUTED
EXP-XAI-0001,MODEL-C1,PERMUTATION_IMPORTANCE_MACRO_F1,3,127,S16:EMAd_0.1,0.0003204047733977977,0.00033314810741181443,62,EXECUTED
EXP-XAI-0001,MODEL-C1,PERMUTATION_IMPORTANCE_MACRO_F1,4,0,S1:dR,0.0,0.0,21,EXECUTED
EXP-XAI-0001,MODEL-C1,PERMUTATION_IMPORTANCE_MACRO_F1,4,1,S1:dR_norm,-0.007893489452711733,0.011730660581489898,84,EXECUTED
EXP-XAI-0001,MODEL-C1,PERMUTATION_IMPORTANCE_MACRO_F1,4,2,S1:EMAi_0.001,0.0,0.0,22,EXECUTED
EXP-XAI-0001,MODEL-C1,PERMUTATION_IMPORTANCE_MACRO_F1,4,3,S1:EMAi_0.01,-0.0006629288761944796,0.0008119187412165786,58,EXECUTED
EXP-XAI-0001,MODEL-C1,PERMUTATION_IMPORTANCE_MACRO_F1,4,4,S1:EMAi_0.1,-0.0006629288761944796,0.0008119187412165786,59,EXECUTED
EXP-XAI-0001,MODEL-C1,PERMUTATION_IMPORTANCE_MACRO_F1,4,5,S1:EMAd_0.001,0.0,0.0,23,EXECUTED
EXP-XAI-0001,MODEL-C1,PERMUTATION_IMPORTANCE_MACRO_F1,4,6,S1:EMAd_0.01,0.0,0.0,24,EXECUTED
EXP-XAI-0001,MODEL-C1,PERMUTATION_IMPORTANCE_MACRO_F1,4,7,S1:EMAd_0.1,-0.008026904031473991,0.009724268075261881,86,EXECUTED
EXP-XAI-0001,MODEL-C1,PERMUTATION_IMPORTANCE_MACRO_F1,4,8,S2:dR,0.0,0.0,25,EXECUTED
EXP-XAI-0001,MODEL-C1,PERMUTATION_IMPORTANCE_MACRO_F1,4,9,S2:dR_norm,-0.012903117326519964,0.010665327885231364,87,EXECUTED
EXP-XAI-0001,MODEL-C1,PERMUTATION_IMPORTANCE_MACRO_F1,4,10,S2:EMAi_0.001,-0.0013258577523889592,0.0006629288761944796,67,EXECUTED
EXP-XAI-0001,MODEL-C1,PERMUTATION_IMPORTANCE_MACRO_F1,4,11,S2:EMAi_0.01,-0.005719193687077762,0.007937464171338657,83,EXECUTED
EXP-XAI-0001,MODEL-C1,PERMUTATION_IMPORTANCE_MACRO_F1,4,12,S2:EMAi_0.1,-0.0007139359410598845,0.0008233356581471001,62,EXECUTED
EXP-XAI-0001,MODEL-C1,PERMUTATION_IMPORTANCE_MACRO_F1,4,13,S2:EMAd_0.001,0.0,0.0,26,EXECUTED
EXP-XAI-0001,MODEL-C1,PERMUTATION_IMPORTANCE_MACRO_F1,4,14,S2:EMAd_0.01,0.0,0.0,27,EXECUTED
EXP-XAI-0001,MODEL-C1,PERMUTATION_IMPORTANCE_MACRO_F1,4,15,S2:EMAd_0.1,-0.029348516678705715,0.02504527345984374,99,EXECUTED
EXP-XAI-0001,MODEL-C1,PERMUTATION_IMPORTANCE_MACRO_F1,4,16,S3:dR,-0.07279171644404246,0.016217480542216594,118,EXECUTED
EXP-XAI-0001,MODEL-C1,PERMUTATION_IMPORTANCE_MACRO_F1,4,17,S3:dR_norm,-0.018926789332280248,0.011781587272630557,92,EXECUTED
EXP-XAI-0001,MODEL-C1,PERMUTATION_IMPORTANCE_MACRO_F1,4,18,S3:EMAi_0.001,-0.03311817227096534,0.02000601544485191,102,EXECUTED
EXP-XAI-0001,MODEL-C1,PERMUTATION_IMPORTANCE_MACRO_F1,4,19,S3:EMAi_0.01,-0.003364954240008322,0.006762604065738815,82,EXECUTED
EXP-XAI-0001,MODEL-C1,PERMUTATION_IMPORTANCE_MACRO_F1,4,20,S3:EMAi_0.1,-0.015853523891308275,0.007926761945654138,89,EXECUTED
EXP-XAI-0001,MODEL-C1,PERMUTATION_IMPORTANCE_MACRO_F1,4,21,S3:EMAd_0.001,-0.00010460171374164773,5.2300856870823865e-05,46,EXECUTED
EXP-XAI-0001,MODEL-C1,PERMUTATION_IMPORTANCE_MACRO_F1,4,22,S3:EMAd_0.01,0.008773877875993213,0.007822478122943836,9,EXECUTED
EXP-XAI-0001,MODEL-C1,PERMUTATION_IMPORTANCE_MACRO_F1,4,23,S3:EMAd_0.1,-0.05118551328125317,0.018341413515551103,109,EXECUTED
EXP-XAI-0001,MODEL-C1,PERMUTATION_IMPORTANCE_MACRO_F1,4,24,S4:dR,-0.07781772534603246,0.01278650206883482,119,EXECUTED
EXP-XAI-0001,MODEL-C1,PERMUTATION_IMPORTANCE_MACRO_F1,4,25,S4:dR_norm,-0.0709167517890274,0.011413937963048118,116,EXECUTED
EXP-XAI-0001,MODEL-C1,PERMUTATION_IMPORTANCE_MACRO_F1,4,26,S4:EMAi_0.001,-0.07882847241491307,0.014222031663943003,120,EXECUTED
EXP-XAI-0001,MODEL-C1,PERMUTATION_IMPORTANCE_MACRO_F1,4,27,S4:EMAi_0.01,-0.06279254862988105,0.02097962805419342,113,EXECUTED
EXP-XAI-0001,MODEL-C1,PERMUTATION_IMPORTANCE_MACRO_F1,4,28,S4:EMAi_0.1,-0.04525176836547765,0.0199002448484069,106,EXECUTED
EXP-XAI-0001,MODEL-C1,PERMUTATION_IMPORTANCE_MACRO_F1,4,29,S4:EMAd_0.001,-0.00013075214217705966,0.0,48,EXECUTED
EXP-XAI-0001,MODEL-C1,PERMUTATION_IMPORTANCE_MACRO_F1,4,30,S4:EMAd_0.01,0.008499999145099395,0.00796084131452601,10,EXECUTED
EXP-XAI-0001,MODEL-C1,PERMUTATION_IMPORTANCE_MACRO_F1,4,31,S4:EMAd_0.1,-0.05768429023799291,0.014258101770478478,112,EXECUTED
EXP-XAI-0001,MODEL-C1,PERMUTATION_IMPORTANCE_MACRO_F1,4,32,S5:dR,-0.032028345211865816,0.009680904796212121,101,EXECUTED
EXP-XAI-0001,MODEL-C1,PERMUTATION_IMPORTANCE_MACRO_F1,4,33,S5:dR_norm,-0.0005665921447381317,0.0009960203739736205,56,EXECUTED
EXP-XAI-0001,MODEL-C1,PERMUTATION_IMPORTANCE_MACRO_F1,4,34,S5:EMAi_0.001,0.0,0.0,28,EXECUTED
EXP-XAI-0001,MODEL-C1,PERMUTATION_IMPORTANCE_MACRO_F1,4,35,S5:EMAi_0.01,-0.0006154175211237845,0.0010359452882968902,57,EXECUTED
EXP-XAI-0001,MODEL-C1,PERMUTATION_IMPORTANCE_MACRO_F1,4,36,S5:EMAi_0.1,-0.10939431420955055,0.010622761232117622,128,EXECUTED
EXP-XAI-0001,MODEL-C1,PERMUTATION_IMPORTANCE_MACRO_F1,4,37,S5:EMAd_0.001,-0.017850238197468716,0.0016057766091578294,91,EXECUTED
EXP-XAI-0001,MODEL-C1,PERMUTATION_IMPORTANCE_MACRO_F1,4,38,S5:EMAd_0.01,-0.03377478431221095,0.006978939724037804,103,EXECUTED
EXP-XAI-0001,MODEL-C1,PERMUTATION_IMPORTANCE_MACRO_F1,4,39,S5:EMAd_0.1,-0.07051512135575662,0.02059629866082121,115,EXECUTED
EXP-XAI-0001,MODEL-C1,PERMUTATION_IMPORTANCE_MACRO_F1,4,40,S6:dR,-0.014529904137918982,0.008743927000468664,88,EXECUTED
EXP-XAI-0001,MODEL-C1,PERMUTATION_IMPORTANCE_MACRO_F1,4,41,S6:dR_norm,-0.00110198478904856,0.0011826961423959956,66,EXECUTED
EXP-XAI-0001,MODEL-C1,PERMUTATION_IMPORTANCE_MACRO_F1,4,42,S6:EMAi_0.001,0.0,0.0,29,EXECUTED
EXP-XAI-0001,MODEL-C1,PERMUTATION_IMPORTANCE_MACRO_F1,4,43,S6:EMAi_0.01,-0.0007106624493510516,0.0010745686379278693,61,EXECUTED
EXP-XAI-0001,MODEL-C1,PERMUTATION_IMPORTANCE_MACRO_F1,4,44,S6:EMAi_0.1,-0.0009207315307856123,0.0010724266678643673,63,EXECUTED
EXP-XAI-0001,MODEL-C1,PERMUTATION_IMPORTANCE_MACRO_F1,4,45,S6:EMAd_0.001,-0.015853523891308275,0.007926761945654138,90,EXECUTED
EXP-XAI-0001,MODEL-C1,PERMUTATION_IMPORTANCE_MACRO_F1,4,46,S6:EMAd_0.01,-0.022832463615346077,0.013827955317985977,97,EXECUTED
EXP-XAI-0001,MODEL-C1,PERMUTATION_IMPORTANCE_MACRO_F1,4,47,S6:EMAd_0.1,-0.03975582657216572,0.02309522853958619,104,EXECUTED
EXP-XAI-0001,MODEL-C1,PERMUTATION_IMPORTANCE_MACRO_F1,4,48,S7:dR,0.0,0.0,30,EXECUTED
EXP-XAI-0001,MODEL-C1,PERMUTATION_IMPORTANCE_MACRO_F1,4,49,S7:dR_norm,-2.6150428435411933e-05,5.2300856870823865e-05,39,EXECUTED
EXP-XAI-0001,MODEL-C1,PERMUTATION_IMPORTANCE_MACRO_F1,4,50,S7:EMAi_0.001,0.00034987525802734345,0.0017717217420641928,19,EXECUTED
EXP-XAI-0001,MODEL-C1,PERMUTATION_IMPORTANCE_MACRO_F1,4,51,S7:EMAi_0.01,0.0018139817608435304,0.0018968882698386883,15,EXECUTED
EXP-XAI-0001,MODEL-C1,PERMUTATION_IMPORTANCE_MACRO_F1,4,52,S7:EMAi_0.1,-0.00038376529496806364,0.0006394575952064574,51,EXECUTED
EXP-XAI-0001,MODEL-C1,PERMUTATION_IMPORTANCE_MACRO_F1,4,53,S7:EMAd_0.001,0.0,0.0,31,EXECUTED
EXP-XAI-0001,MODEL-C1,PERMUTATION_IMPORTANCE_MACRO_F1,4,54,S7:EMAd_0.01,0.013631562961549182,0.009475638713044177,2,EXECUTED
EXP-XAI-0001,MODEL-C1,PERMUTATION_IMPORTANCE_MACRO_F1,4,55,S7:EMAd_0.1,0.013767791237326072,0.010207488226815904,1,EXECUTED
EXP-XAI-0001,MODEL-C1,PERMUTATION_IMPORTANCE_MACRO_F1,4,56,S8:dR,-0.03087628970969152,0.016256758853123263,100,EXECUTED
EXP-XAI-0001,MODEL-C1,PERMUTATION_IMPORTANCE_MACRO_F1,4,57,S8:dR_norm,-2.6150428435411933e-05,5.2300856870823865e-05,40,EXECUTED
EXP-XAI-0001,MODEL-C1,PERMUTATION_IMPORTANCE_MACRO_F1,4,58,S8:EMAi_0.001,0.0003237248295919315,0.0017776479085367639,20,EXECUTED
EXP-XAI-0001,MODEL-C1,PERMUTATION_IMPORTANCE_MACRO_F1,4,59,S8:EMAi_0.01,-0.00038376529496806364,0.0006394575952064574,52,EXECUTED
EXP-XAI-0001,MODEL-C1,PERMUTATION_IMPORTANCE_MACRO_F1,4,60,S8:EMAi_0.1,-0.00038376529496806364,0.0006394575952064574,53,EXECUTED
EXP-XAI-0001,MODEL-C1,PERMUTATION_IMPORTANCE_MACRO_F1,4,61,S8:EMAd_0.001,0.0,0.0,32,EXECUTED
EXP-XAI-0001,MODEL-C1,PERMUTATION_IMPORTANCE_MACRO_F1,4,62,S8:EMAd_0.01,0.009622917918139556,0.007847689588033013,7,EXECUTED
EXP-XAI-0001,MODEL-C1,PERMUTATION_IMPORTANCE_MACRO_F1,4,63,S8:EMAd_0.1,0.010928983770654955,0.008318131363559935,4,EXECUTED
EXP-XAI-0001,MODEL-C1,PERMUTATION_IMPORTANCE_MACRO_F1,4,64,S9:dR,-0.0013258577523889592,0.0006629288761944796,68,EXECUTED
EXP-XAI-0001,MODEL-C1,PERMUTATION_IMPORTANCE_MACRO_F1,4,65,S9:dR_norm,-0.003181528290946167,0.0013727101615084109,80,EXECUTED
EXP-XAI-0001,MODEL-C1,PERMUTATION_IMPORTANCE_MACRO_F1,4,66,S9:EMAi_0.001,-0.001657322190486199,0.0,74,EXECUTED
EXP-XAI-0001,MODEL-C1,PERMUTATION_IMPORTANCE_MACRO_F1,4,67,S9:EMAi_0.01,-0.001657322190486199,0.0,75,EXECUTED
EXP-XAI-0001,MODEL-C1,PERMUTATION_IMPORTANCE_MACRO_F1,4,68,S9:EMAi_0.1,-0.001657322190486199,0.0,76,EXECUTED
EXP-XAI-0001,MODEL-C1,PERMUTATION_IMPORTANCE_MACRO_F1,4,69,S9:EMAd_0.001,0.0,0.0,33,EXECUTED
EXP-XAI-0001,MODEL-C1,PERMUTATION_IMPORTANCE_MACRO_F1,4,70,S9:EMAd_0.01,0.0,0.0,34,EXECUTED
EXP-XAI-0001,MODEL-C1,PERMUTATION_IMPORTANCE_MACRO_F1,4,71,S9:EMAd_0.1,-0.02025318288534069,0.01163088011599276,95,EXECUTED
EXP-XAI-0001,MODEL-C1,PERMUTATION_IMPORTANCE_MACRO_F1,4,72,S10:dR,0.0,0.0,35,EXECUTED
EXP-XAI-0001,MODEL-C1,PERMUTATION_IMPORTANCE_MACRO_F1,4,73,S10:dR_norm,-0.003318578857069143,0.0010867010967062528,81,EXECUTED
EXP-XAI-0001,MODEL-C1,PERMUTATION_IMPORTANCE_MACRO_F1,4,74,S10:EMAi_0.001,-0.0013258577523889592,0.0006629288761944796,69,EXECUTED
EXP-XAI-0001,MODEL-C1,PERMUTATION_IMPORTANCE_MACRO_F1,4,75,S10:EMAi_0.01,-0.0013258577523889592,0.0006629288761944796,70,EXECUTED
EXP-XAI-0001,MODEL-C1,PERMUTATION_IMPORTANCE_MACRO_F1,4,76,S10:EMAi_0.1,-0.0006629288761944796,0.0008119187412165786,60,EXECUTED
EXP-XAI-0001,MODEL-C1,PERMUTATION_IMPORTANCE_MACRO_F1,4,77,S10:EMAd_0.001,0.0,0.0,36,EXECUTED
EXP-XAI-0001,MODEL-C1,PERMUTATION_IMPORTANCE_MACRO_F1,4,78,S10:EMAd_0.01,0.0,0.0,37,EXECUTED
EXP-XAI-0001,MODEL-C1,PERMUTATION_IMPORTANCE_MACRO_F1,4,79,S10:EMAd_0.1,-0.007926761945654138,0.009708261039681918,85,EXECUTED
EXP-XAI-0001,MODEL-C1,PERMUTATION_IMPORTANCE_MACRO_F1,4,80,S11:dR,-0.08464724694077855,0.014621203957845318,125,EXECUTED
EXP-XAI-0001,MODEL-C1,PERMUTATION_IMPORTANCE_MACRO_F1,4,81,S11:dR_norm,-0.05301605965763341,0.0220675751911809,110,EXECUTED
EXP-XAI-0001,MODEL-C1,PERMUTATION_IMPORTANCE_MACRO_F1,4,82,S11:EMAi_0.001,-0.07886069579532913,0.014259453162110778,121,EXECUTED
EXP-XAI-0001,MODEL-C1,PERMUTATION_IMPORTANCE_MACRO_F1,4,83,S11:EMAi_0.01,-0.01904819938577803,0.0022005646876073967,93,EXECUTED
EXP-XAI-0001,MODEL-C1,PERMUTATION_IMPORTANCE_MACRO_F1,4,84,S11:EMAi_0.1,-2.6150428435411933e-05,5.2300856870823865e-05,41,EXECUTED
EXP-XAI-0001,MODEL-C1,PERMUTATION_IMPORTANCE_MACRO_F1,4,85,S11:EMAd_0.001,-0.0002294229011682858,0.00013376464075201427,50,EXECUTED
EXP-XAI-0001,MODEL-C1,PERMUTATION_IMPORTANCE_MACRO_F1,4,86,S11:EMAd_0.01,0.00880360319367604,0.007810989571482127,8,EXECUTED
EXP-XAI-0001,MODEL-C1,PERMUTATION_IMPORTANCE_MACRO_F1,4,87,S11:EMAd_0.1,-0.08301298975777482,0.008906214285274933,123,EXECUTED
EXP-XAI-0001,MODEL-C1,PERMUTATION_IMPORTANCE_MACRO_F1,4,88,S12:dR,-0.08027918169978734,0.016120942217676466,122,EXECUTED
EXP-XAI-0001,MODEL-C1,PERMUTATION_IMPORTANCE_MACRO_F1,4,89,S12:dR_norm,-0.07201960787894815,0.009922479247962766,117,EXECUTED
EXP-XAI-0001,MODEL-C1,PERMUTATION_IMPORTANCE_MACRO_F1,4,90,S12:EMAi_0.001,-0.09573780173009576,0.01687814900466449,127,EXECUTED
EXP-XAI-0001,MODEL-C1,PERMUTATION_IMPORTANCE_MACRO_F1,4,91,S12:EMAi_0.01,-0.0675685529478701,0.023828005737493774,114,EXECUTED
EXP-XAI-0001,MODEL-C1,PERMUTATION_IMPORTANCE_MACRO_F1,4,92,S12:EMAi_0.1,-0.026795844588173145,0.00854742063476633,98,EXECUTED
EXP-XAI-0001,MODEL-C1,PERMUTATION_IMPORTANCE_MACRO_F1,4,93,S12:EMAd_0.001,-0.00013075214217705966,0.0,49,EXECUTED
EXP-XAI-0001,MODEL-C1,PERMUTATION_IMPORTANCE_MACRO_F1,4,94,S12:EMAd_0.01,0.00122899840416294,0.0016960690389369558,17,EXECUTED
EXP-XAI-0001,MODEL-C1,PERMUTATION_IMPORTANCE_MACRO_F1,4,95,S12:EMAd_0.1,-0.04581947522133898,0.017434236032110313,107,EXECUTED
EXP-XAI-0001,MODEL-C1,PERMUTATION_IMPORTANCE_MACRO_F1,4,96,S13:dR,-0.002187013214136002,0.004906757734478368,78,EXECUTED
EXP-XAI-0001,MODEL-C1,PERMUTATION_IMPORTANCE_MACRO_F1,4,97,S13:dR_norm,-0.0016389510248661088,0.0011698905378980707,73,EXECUTED
EXP-XAI-0001,MODEL-C1,PERMUTATION_IMPORTANCE_MACRO_F1,4,98,S13:EMAi_0.001,-0.0005369662358175487,0.0010739324716350974,55,EXECUTED
EXP-XAI-0001,MODEL-C1,PERMUTATION_IMPORTANCE_MACRO_F1,4,99,S13:EMAi_0.01,-0.0015275940239540375,0.0013093391456605369,71,EXECUTED
EXP-XAI-0001,MODEL-C1,PERMUTATION_IMPORTANCE_MACRO_F1,4,100,S13:EMAi_0.1,0.0030211050273260876,0.0025070168492984427,12,EXECUTED
EXP-XAI-0001,MODEL-C1,PERMUTATION_IMPORTANCE_MACRO_F1,4,101,S13:EMAd_0.001,-0.0024485064452305027,0.007128692992094332,79,EXECUTED
EXP-XAI-0001,MODEL-C1,PERMUTATION_IMPORTANCE_MACRO_F1,4,102,S13:EMAd_0.01,-0.020901037227826113,0.011000670123953924,96,EXECUTED
EXP-XAI-0001,MODEL-C1,PERMUTATION_IMPORTANCE_MACRO_F1,4,103,S13:EMAd_0.1,-0.04280094171631833,0.020011006587310767,105,EXECUTED
EXP-XAI-0001,MODEL-C1,PERMUTATION_IMPORTANCE_MACRO_F1,4,104,S14:dR,0.0006931016956978842,0.0028971588589465284,18,EXECUTED
EXP-XAI-0001,MODEL-C1,PERMUTATION_IMPORTANCE_MACRO_F1,4,105,S14:dR_norm,-0.00039816909783103594,0.002037525112228335,54,EXECUTED
EXP-XAI-0001,MODEL-C1,PERMUTATION_IMPORTANCE_MACRO_F1,4,106,S14:EMAi_0.001,-0.0010739324716350974,0.0013152932868559786,65,EXECUTED
EXP-XAI-0001,MODEL-C1,PERMUTATION_IMPORTANCE_MACRO_F1,4,107,S14:EMAi_0.01,-0.0016018296593382831,0.0013817355578448355,72,EXECUTED
EXP-XAI-0001,MODEL-C1,PERMUTATION_IMPORTANCE_MACRO_F1,4,108,S14:EMAi_0.1,0.0017790794217483641,0.0024858237020853385,16,EXECUTED
EXP-XAI-0001,MODEL-C1,PERMUTATION_IMPORTANCE_MACRO_F1,4,109,S14:EMAd_0.001,-0.001018484431750033,0.0012473835843780298,64,EXECUTED
EXP-XAI-0001,MODEL-C1,PERMUTATION_IMPORTANCE_MACRO_F1,4,110,S14:EMAd_0.01,-0.0018821458331742314,0.0016400565403801855,77,EXECUTED
EXP-XAI-0001,MODEL-C1,PERMUTATION_IMPORTANCE_MACRO_F1,4,111,S14:EMAd_0.1,-0.05736762118671825,0.017268590252913423,111,EXECUTED
EXP-XAI-0001,MODEL-C1,PERMUTATION_IMPORTANCE_MACRO_F1,4,112,S15:dR,-0.08957134782234069,0.012540858216805935,126,EXECUTED
EXP-XAI-0001,MODEL-C1,PERMUTATION_IMPORTANCE_MACRO_F1,4,113,S15:dR_norm,-2.6150428435411933e-05,5.2300856870823865e-05,42,EXECUTED
EXP-XAI-0001,MODEL-C1,PERMUTATION_IMPORTANCE_MACRO_F1,4,114,S15:EMAi_0.001,-0.04988278030681326,0.019576840308041125,108,EXECUTED
EXP-XAI-0001,MODEL-C1,PERMUTATION_IMPORTANCE_MACRO_F1,4,115,S15:EMAi_0.01,-5.2300856870823865e-05,6.405520622192709e-05,44,EXECUTED
EXP-XAI-0001,MODEL-C1,PERMUTATION_IMPORTANCE_MACRO_F1,4,116,S15:EMAi_0.1,-5.2300856870823865e-05,6.405520622192709e-05,45,EXECUTED
EXP-XAI-0001,MODEL-C1,PERMUTATION_IMPORTANCE_MACRO_F1,4,117,S15:EMAd_0.001,-0.00010460171374164773,5.2300856870823865e-05,47,EXECUTED
EXP-XAI-0001,MODEL-C1,PERMUTATION_IMPORTANCE_MACRO_F1,4,118,S15:EMAd_0.01,0.00973259577010333,0.0076489861002390115,6,EXECUTED
EXP-XAI-0001,MODEL-C1,PERMUTATION_IMPORTANCE_MACRO_F1,4,119,S15:EMAd_0.1,0.013573857338273942,0.008109890559313014,3,EXECUTED
EXP-XAI-0001,MODEL-C1,PERMUTATION_IMPORTANCE_MACRO_F1,4,120,S16:dR,-0.08360393807075782,0.013908977900810545,124,EXECUTED
EXP-XAI-0001,MODEL-C1,PERMUTATION_IMPORTANCE_MACRO_F1,4,121,S16:dR_norm,0.0,0.0,38,EXECUTED
EXP-XAI-0001,MODEL-C1,PERMUTATION_IMPORTANCE_MACRO_F1,4,122,S16:EMAi_0.001,-0.019151934542892723,0.0021926301639337746,94,EXECUTED
EXP-XAI-0001,MODEL-C1,PERMUTATION_IMPORTANCE_MACRO_F1,4,123,S16:EMAi_0.01,0.00214544619894077,0.00131773752157234,14,EXECUTED
EXP-XAI-0001,MODEL-C1,PERMUTATION_IMPORTANCE_MACRO_F1,4,124,S16:EMAi_0.1,0.0021744640108887327,0.0013189088373449932,13,EXECUTED
EXP-XAI-0001,MODEL-C1,PERMUTATION_IMPORTANCE_MACRO_F1,4,125,S16:EMAd_0.001,-2.6150428435411933e-05,5.2300856870823865e-05,43,EXECUTED
EXP-XAI-0001,MODEL-C1,PERMUTATION_IMPORTANCE_MACRO_F1,4,126,S16:EMAd_0.01,0.010399982071827768,0.007415336705193737,5,EXECUTED
EXP-XAI-0001,MODEL-C1,PERMUTATION_IMPORTANCE_MACRO_F1,4,127,S16:EMAd_0.1,0.004841425093514362,0.001773477917612609,11,EXECUTED
EXP-XAI-0001,MODEL-C1,PERMUTATION_IMPORTANCE_MACRO_F1,5,0,S1:dR,0.007685290278151219,0.006904103517715822,52,EXECUTED
EXP-XAI-0001,MODEL-C1,PERMUTATION_IMPORTANCE_MACRO_F1,5,1,S1:dR_norm,0.03364565310969013,0.01027514784909179,2,EXECUTED
EXP-XAI-0001,MODEL-C1,PERMUTATION_IMPORTANCE_MACRO_F1,5,2,S1:EMAi_0.001,-0.00283162509681848,0.023470819822598202,82,EXECUTED
EXP-XAI-0001,MODEL-C1,PERMUTATION_IMPORTANCE_MACRO_F1,5,3,S1:EMAi_0.01,-0.04023700983553656,0.0077660449030525856,115,EXECUTED
EXP-XAI-0001,MODEL-C1,PERMUTATION_IMPORTANCE_MACRO_F1,5,4,S1:EMAi_0.1,-0.04729941336202846,0.0014366669310350198,118,EXECUTED
EXP-XAI-0001,MODEL-C1,PERMUTATION_IMPORTANCE_MACRO_F1,5,5,S1:EMAd_0.001,0.008020073387043835,0.007267785730842186,48,EXECUTED
EXP-XAI-0001,MODEL-C1,PERMUTATION_IMPORTANCE_MACRO_F1,5,6,S1:EMAd_0.01,0.007685290278151219,0.006904103517715822,53,EXECUTED
EXP-XAI-0001,MODEL-C1,PERMUTATION_IMPORTANCE_MACRO_F1,5,7,S1:EMAd_0.1,0.008349149773036918,0.00783119679601415,47,EXECUTED
EXP-XAI-0001,MODEL-C1,PERMUTATION_IMPORTANCE_MACRO_F1,5,8,S2:dR,0.008020073387043835,0.007267785730842186,49,EXECUTED
EXP-XAI-0001,MODEL-C1,PERMUTATION_IMPORTANCE_MACRO_F1,5,9,S2:dR_norm,0.018495463514780368,0.0261736034026909,9,EXECUTED
EXP-XAI-0001,MODEL-C1,PERMUTATION_IMPORTANCE_MACRO_F1,5,10,S2:EMAi_0.001,0.008828004408114886,0.0072080354156407,44,EXECUTED
EXP-XAI-0001,MODEL-C1,PERMUTATION_IMPORTANCE_MACRO_F1,5,11,S2:EMAi_0.01,-0.03960196285902619,0.009645691807797062,114,EXECUTED
EXP-XAI-0001,MODEL-C1,PERMUTATION_IMPORTANCE_MACRO_F1,5,12,S2:EMAi_0.1,-0.038453467271506205,0.009397436155216977,113,EXECUTED
EXP-XAI-0001,MODEL-C1,PERMUTATION_IMPORTANCE_MACRO_F1,5,13,S2:EMAd_0.001,0.00868925518343835,0.007475446473790738,46,EXECUTED
EXP-XAI-0001,MODEL-C1,PERMUTATION_IMPORTANCE_MACRO_F1,5,14,S2:EMAd_0.01,0.009013371541033266,0.007303250680167031,43,EXECUTED
EXP-XAI-0001,MODEL-C1,PERMUTATION_IMPORTANCE_MACRO_F1,5,15,S2:EMAd_0.1,-0.023946731711170753,0.0315795678138347,100,EXECUTED
EXP-XAI-0001,MODEL-C1,PERMUTATION_IMPORTANCE_MACRO_F1,5,16,S3:dR,-0.034322939916036396,0.009607401543082593,110,EXECUTED
EXP-XAI-0001,MODEL-C1,PERMUTATION_IMPORTANCE_MACRO_F1,5,17,S3:dR_norm,-0.000525030833135931,0.005691535213309061,68,EXECUTED
EXP-XAI-0001,MODEL-C1,PERMUTATION_IMPORTANCE_MACRO_F1,5,18,S3:EMAi_0.001,-0.003595580649608893,0.008789988184213296,84,EXECUTED
EXP-XAI-0001,MODEL-C1,PERMUTATION_IMPORTANCE_MACRO_F1,5,19,S3:EMAi_0.01,0.002210797422267763,0.006155265721410773,58,EXECUTED
EXP-XAI-0001,MODEL-C1,PERMUTATION_IMPORTANCE_MACRO_F1,5,20,S3:EMAi_0.1,0.0007691826535935143,0.0051359887461147995,63,EXECUTED
EXP-XAI-0001,MODEL-C1,PERMUTATION_IMPORTANCE_MACRO_F1,5,21,S3:EMAd_0.001,0.014941811680806633,0.001574442140853475,33,EXECUTED
EXP-XAI-0001,MODEL-C1,PERMUTATION_IMPORTANCE_MACRO_F1,5,22,S3:EMAd_0.01,0.015276327963909075,0.0010834562861263767,32,EXECUTED
EXP-XAI-0001,MODEL-C1,PERMUTATION_IMPORTANCE_MACRO_F1,5,23,S3:EMAd_0.1,-0.002394273175389844,0.0,77,EXECUTED
EXP-XAI-0001,MODEL-C1,PERMUTATION_IMPORTANCE_MACRO_F1,5,24,S4:dR,-0.030458495696680722,0.013111235862085685,107,EXECUTED
EXP-XAI-0001,MODEL-C1,PERMUTATION_IMPORTANCE_MACRO_F1,5,25,S4:dR_norm,-0.014200777867259911,0.009714651161667837,93,EXECUTED
EXP-XAI-0001,MODEL-C1,PERMUTATION_IMPORTANCE_MACRO_F1,5,26,S4:EMAi_0.001,-0.019869069475384304,0.006632303096987622,98,EXECUTED
EXP-XAI-0001,MODEL-C1,PERMUTATION_IMPORTANCE_MACRO_F1,5,27,S4:EMAi_0.01,-0.017960655000502868,0.009186540394025847,95,EXECUTED
EXP-XAI-0001,MODEL-C1,PERMUTATION_IMPORTANCE_MACRO_F1,5,28,S4:EMAi_0.1,-0.006600606142415444,0.010294918885556175,88,EXECUTED
EXP-XAI-0001,MODEL-C1,PERMUTATION_IMPORTANCE_MACRO_F1,5,29,S4:EMAd_0.001,0.015754819810887933,0.0009291345806101333,28,EXECUTED
EXP-XAI-0001,MODEL-C1,PERMUTATION_IMPORTANCE_MACRO_F1,5,30,S4:EMAd_0.01,0.01560104896833584,0.0015222141531864612,31,EXECUTED
EXP-XAI-0001,MODEL-C1,PERMUTATION_IMPORTANCE_MACRO_F1,5,31,S4:EMAd_0.1,-0.0588166749063181,0.009147696803976708,121,EXECUTED
EXP-XAI-0001,MODEL-C1,PERMUTATION_IMPORTANCE_MACRO_F1,5,32,S5:dR,-0.0014340758550850097,0.006139956489834328,73,EXECUTED
EXP-XAI-0001,MODEL-C1,PERMUTATION_IMPORTANCE_MACRO_F1,5,33,S5:dR_norm,0.00295322392660774,0.0018508934998848125,57,EXECUTED
EXP-XAI-0001,MODEL-C1,PERMUTATION_IMPORTANCE_MACRO_F1,5,34,S5:EMAi_0.001,0.0,0.0,65,EXECUTED
EXP-XAI-0001,MODEL-C1,PERMUTATION_IMPORTANCE_MACRO_F1,5,35,S5:EMAi_0.01,0.025615753329225555,0.008092254903045165,5,EXECUTED
EXP-XAI-0001,MODEL-C1,PERMUTATION_IMPORTANCE_MACRO_F1,5,36,S5:EMAi_0.1,-0.0418584484958737,0.013941431946923682,116,EXECUTED
EXP-XAI-0001,MODEL-C1,PERMUTATION_IMPORTANCE_MACRO_F1,5,37,S5:EMAd_0.001,-0.003917130680282255,0.005863472411699484,85,EXECUTED
EXP-XAI-0001,MODEL-C1,PERMUTATION_IMPORTANCE_MACRO_F1,5,38,S5:EMAd_0.01,-0.0026923409772316885,0.005384681954463376,79,EXECUTED
EXP-XAI-0001,MODEL-C1,PERMUTATION_IMPORTANCE_MACRO_F1,5,39,S5:EMAd_0.1,-0.051171899743223934,0.03457320314904019,119,EXECUTED
EXP-XAI-0001,MODEL-C1,PERMUTATION_IMPORTANCE_MACRO_F1,5,40,S6:dR,0.0015842610554740177,0.005131785671639552,59,EXECUTED
EXP-XAI-0001,MODEL-C1,PERMUTATION_IMPORTANCE_MACRO_F1,5,41,S6:dR_norm,0.013235726005855496,0.005505246111304374,39,EXECUTED
EXP-XAI-0001,MODEL-C1,PERMUTATION_IMPORTANCE_MACRO_F1,5,42,S6:EMAi_0.001,0.0093167684235824,0.0066544506789248965,42,EXECUTED
EXP-XAI-0001,MODEL-C1,PERMUTATION_IMPORTANCE_MACRO_F1,5,43,S6:EMAi_0.01,0.025789276728885334,0.009160170427083718,4,EXECUTED
EXP-XAI-0001,MODEL-C1,PERMUTATION_IMPORTANCE_MACRO_F1,5,44,S6:EMAi_0.1,0.01784436602894624,0.0023552316944515737,14,EXECUTED
EXP-XAI-0001,MODEL-C1,PERMUTATION_IMPORTANCE_MACRO_F1,5,45,S6:EMAd_0.001,-0.0012254193169398575,0.005015190446371389,72,EXECUTED
EXP-XAI-0001,MODEL-C1,PERMUTATION_IMPORTANCE_MACRO_F1,5,46,S6:EMAd_0.01,-0.0026923409772316885,0.005384681954463376,80,EXECUTED
EXP-XAI-0001,MODEL-C1,PERMUTATION_IMPORTANCE_MACRO_F1,5,47,S6:EMAd_0.1,-0.027421670546900756,0.023424638839476274,102,EXECUTED
EXP-XAI-0001,MODEL-C1,PERMUTATION_IMPORTANCE_MACRO_F1,5,48,S7:dR,0.0014662920464025397,0.0011972224425291923,62,EXECUTED
EXP-XAI-0001,MODEL-C1,PERMUTATION_IMPORTANCE_MACRO_F1,5,49,S7:dR_norm,0.02059343621767514,0.00672211002344714,7,EXECUTED
EXP-XAI-0001,MODEL-C1,PERMUTATION_IMPORTANCE_MACRO_F1,5,50,S7:EMAi_0.001,0.015754819810887933,0.0009291345806101333,29,EXECUTED
EXP-XAI-0001,MODEL-C1,PERMUTATION_IMPORTANCE_MACRO_F1,5,51,S7:EMAi_0.01,0.016509934041264024,0.006079102228968895,23,EXECUTED
EXP-XAI-0001,MODEL-C1,PERMUTATION_IMPORTANCE_MACRO_F1,5,52,S7:EMAi_0.1,0.017322056053205036,0.006828384145890638,17,EXECUTED
EXP-XAI-0001,MODEL-C1,PERMUTATION_IMPORTANCE_MACRO_F1,5,53,S7:EMAd_0.001,0.018031624706744697,0.006419724259839151,10,EXECUTED
EXP-XAI-0001,MODEL-C1,PERMUTATION_IMPORTANCE_MACRO_F1,5,54,S7:EMAd_0.01,0.0161187143004508,0.00624286961507235,25,EXECUTED
EXP-XAI-0001,MODEL-C1,PERMUTATION_IMPORTANCE_MACRO_F1,5,55,S7:EMAd_0.1,0.012887445875812203,0.0009283642360164204,40,EXECUTED
EXP-XAI-0001,MODEL-C1,PERMUTATION_IMPORTANCE_MACRO_F1,5,56,S8:dR,-0.009301812634745632,0.0059739017881167795,89,EXECUTED
EXP-XAI-0001,MODEL-C1,PERMUTATION_IMPORTANCE_MACRO_F1,5,57,S8:dR_norm,0.01736339628057889,0.0021923577555716996,16,EXECUTED
EXP-XAI-0001,MODEL-C1,PERMUTATION_IMPORTANCE_MACRO_F1,5,58,S8:EMAi_0.001,0.0015252915461883786,0.0015627669705934716,61,EXECUTED
EXP-XAI-0001,MODEL-C1,PERMUTATION_IMPORTANCE_MACRO_F1,5,59,S8:EMAi_0.01,0.016509934041264024,0.006079102228968895,24,EXECUTED
EXP-XAI-0001,MODEL-C1,PERMUTATION_IMPORTANCE_MACRO_F1,5,60,S8:EMAi_0.1,0.013756890637814111,0.0011714072841439468,37,EXECUTED
EXP-XAI-0001,MODEL-C1,PERMUTATION_IMPORTANCE_MACRO_F1,5,61,S8:EMAd_0.001,0.018031624706744697,0.006419724259839151,11,EXECUTED
EXP-XAI-0001,MODEL-C1,PERMUTATION_IMPORTANCE_MACRO_F1,5,62,S8:EMAd_0.01,0.0161187143004508,0.00624286961507235,26,EXECUTED
EXP-XAI-0001,MODEL-C1,PERMUTATION_IMPORTANCE_MACRO_F1,5,63,S8:EMAd_0.1,-0.033111918284626396,0.00114774005085283,109,EXECUTED
EXP-XAI-0001,MODEL-C1,PERMUTATION_IMPORTANCE_MACRO_F1,5,64,S9:dR,-0.00283162509681848,0.023470819822598202,83,EXECUTED
EXP-XAI-0001,MODEL-C1,PERMUTATION_IMPORTANCE_MACRO_F1,5,65,S9:dR_norm,-0.0017707041598140848,0.015327357484297111,74,EXECUTED
EXP-XAI-0001,MODEL-C1,PERMUTATION_IMPORTANCE_MACRO_F1,5,66,S9:EMAi_0.001,-0.000277951364507556,0.016626673542349788,67,EXECUTED
EXP-XAI-0001,MODEL-C1,PERMUTATION_IMPORTANCE_MACRO_F1,5,67,S9:EMAi_0.01,-0.037878841709412636,0.008649642498768827,111,EXECUTED
EXP-XAI-0001,MODEL-C1,PERMUTATION_IMPORTANCE_MACRO_F1,5,68,S9:EMAi_0.1,-0.037878841709412636,0.008649642498768827,112,EXECUTED
EXP-XAI-0001,MODEL-C1,PERMUTATION_IMPORTANCE_MACRO_F1,5,69,S9:EMAd_0.001,0.007351009026129019,0.007106365603664427,54,EXECUTED
EXP-XAI-0001,MODEL-C1,PERMUTATION_IMPORTANCE_MACRO_F1,5,70,S9:EMAd_0.01,0.007351009026129019,0.007106365603664427,55,EXECUTED
EXP-XAI-0001,MODEL-C1,PERMUTATION_IMPORTANCE_MACRO_F1,5,71,S9:EMAd_0.1,-0.043133920158939285,0.010057181919058038,117,EXECUTED
EXP-XAI-0001,MODEL-C1,PERMUTATION_IMPORTANCE_MACRO_F1,5,72,S10:dR,0.007351009026129019,0.007106365603664427,56,EXECUTED
EXP-XAI-0001,MODEL-C1,PERMUTATION_IMPORTANCE_MACRO_F1,5,73,S10:dR_norm,-0.019842044646246636,0.021750397879576028,97,EXECUTED
EXP-XAI-0001,MODEL-C1,PERMUTATION_IMPORTANCE_MACRO_F1,5,74,S10:EMAi_0.001,0.0,0.0,66,EXECUTED
EXP-XAI-0001,MODEL-C1,PERMUTATION_IMPORTANCE_MACRO_F1,5,75,S10:EMAi_0.01,-0.009694489399830097,0.019388978799660193,90,EXECUTED
EXP-XAI-0001,MODEL-C1,PERMUTATION_IMPORTANCE_MACRO_F1,5,76,S10:EMAi_0.1,-0.01841145076872517,0.02456091672664418,96,EXECUTED
EXP-XAI-0001,MODEL-C1,PERMUTATION_IMPORTANCE_MACRO_F1,5,77,S10:EMAd_0.001,0.008020073387043835,0.007267785730842186,50,EXECUTED
EXP-XAI-0001,MODEL-C1,PERMUTATION_IMPORTANCE_MACRO_F1,5,78,S10:EMAd_0.01,0.008020073387043835,0.007267785730842186,51,EXECUTED
EXP-XAI-0001,MODEL-C1,PERMUTATION_IMPORTANCE_MACRO_F1,5,79,S10:EMAd_0.1,0.008828004408114886,0.0072080354156407,45,EXECUTED
EXP-XAI-0001,MODEL-C1,PERMUTATION_IMPORTANCE_MACRO_F1,5,80,S11:dR,-0.10909814480514124,0.012601792836094567,126,EXECUTED
EXP-XAI-0001,MODEL-C1,PERMUTATION_IMPORTANCE_MACRO_F1,5,81,S11:dR_norm,-0.0020253203609258198,0.005664162663307117,76,EXECUTED
EXP-XAI-0001,MODEL-C1,PERMUTATION_IMPORTANCE_MACRO_F1,5,82,S11:EMAi_0.001,-0.028471697672516894,0.009890187893309138,105,EXECUTED
EXP-XAI-0001,MODEL-C1,PERMUTATION_IMPORTANCE_MACRO_F1,5,83,S11:EMAi_0.01,0.0015723955049991357,0.00574546533466476,60,EXECUTED
EXP-XAI-0001,MODEL-C1,PERMUTATION_IMPORTANCE_MACRO_F1,5,84,S11:EMAi_0.1,-0.0011908548604536052,0.00502621930865259,71,EXECUTED
EXP-XAI-0001,MODEL-C1,PERMUTATION_IMPORTANCE_MACRO_F1,5,85,S11:EMAd_0.001,0.014760706312911615,0.0008744582098988179,34,EXECUTED
EXP-XAI-0001,MODEL-C1,PERMUTATION_IMPORTANCE_MACRO_F1,5,86,S11:EMAd_0.01,0.013947698182830315,0.0008739619183422913,36,EXECUTED
EXP-XAI-0001,MODEL-C1,PERMUTATION_IMPORTANCE_MACRO_F1,5,87,S11:EMAd_0.1,-0.028193500279122853,0.010394854032686139,103,EXECUTED
EXP-XAI-0001,MODEL-C1,PERMUTATION_IMPORTANCE_MACRO_F1,5,88,S12:dR,-0.15605612655465495,0.017283699962683315,128,EXECUTED
EXP-XAI-0001,MODEL-C1,PERMUTATION_IMPORTANCE_MACRO_F1,5,89,S12:dR_norm,-0.06614667933249764,0.013361130010023176,124,EXECUTED
EXP-XAI-0001,MODEL-C1,PERMUTATION_IMPORTANCE_MACRO_F1,5,90,S12:EMAi_0.001,-0.028247495700521742,0.003590721322570903,104,EXECUTED
EXP-XAI-0001,MODEL-C1,PERMUTATION_IMPORTANCE_MACRO_F1,5,91,S12:EMAi_0.01,-0.011453346648644197,0.009808625902372104,92,EXECUTED
EXP-XAI-0001,MODEL-C1,PERMUTATION_IMPORTANCE_MACRO_F1,5,92,S12:EMAi_0.1,-0.0010361165829705643,0.005279953621319805,70,EXECUTED
EXP-XAI-0001,MODEL-C1,PERMUTATION_IMPORTANCE_MACRO_F1,5,93,S12:EMAd_0.001,-0.009984169057957636,0.01928838736886754,91,EXECUTED
EXP-XAI-0001,MODEL-C1,PERMUTATION_IMPORTANCE_MACRO_F1,5,94,S12:EMAd_0.01,-0.03173520917975411,0.0010487543020107424,108,EXECUTED
EXP-XAI-0001,MODEL-C1,PERMUTATION_IMPORTANCE_MACRO_F1,5,95,S12:EMAd_0.1,-0.0019175484475211946,0.006464425378138269,75,EXECUTED
EXP-XAI-0001,MODEL-C1,PERMUTATION_IMPORTANCE_MACRO_F1,5,96,S13:dR,-0.02307489377168529,0.018414636393598683,99,EXECUTED
EXP-XAI-0001,MODEL-C1,PERMUTATION_IMPORTANCE_MACRO_F1,5,97,S13:dR_norm,-0.029571111363394974,0.007659336127420125,106,EXECUTED
EXP-XAI-0001,MODEL-C1,PERMUTATION_IMPORTANCE_MACRO_F1,5,98,S13:EMAi_0.001,-0.017682903646993476,0.017469762984064035,94,EXECUTED
EXP-XAI-0001,MODEL-C1,PERMUTATION_IMPORTANCE_MACRO_F1,5,99,S13:EMAi_0.01,-0.002607613264736919,0.010474415878500867,78,EXECUTED
EXP-XAI-0001,MODEL-C1,PERMUTATION_IMPORTANCE_MACRO_F1,5,100,S13:EMAi_0.1,-0.004582869699918102,0.007406525235957131,86,EXECUTED
EXP-XAI-0001,MODEL-C1,PERMUTATION_IMPORTANCE_MACRO_F1,5,101,S13:EMAd_0.001,8.638996601736948e-05,0.005588183368970763,64,EXECUTED
EXP-XAI-0001,MODEL-C1,PERMUTATION_IMPORTANCE_MACRO_F1,5,102,S13:EMAd_0.01,-0.000891265821936521,0.005139817675897341,69,EXECUTED
EXP-XAI-0001,MODEL-C1,PERMUTATION_IMPORTANCE_MACRO_F1,5,103,S13:EMAd_0.1,-0.06213966477062648,0.010074753358492837,123,EXECUTED
EXP-XAI-0001,MODEL-C1,PERMUTATION_IMPORTANCE_MACRO_F1,5,104,S14:dR,0.03142346319768076,0.004965674406011904,3,EXECUTED
EXP-XAI-0001,MODEL-C1,PERMUTATION_IMPORTANCE_MACRO_F1,5,105,S14:dR_norm,0.016781985627383943,0.004764383205195668,21,EXECUTED
EXP-XAI-0001,MODEL-C1,PERMUTATION_IMPORTANCE_MACRO_F1,5,106,S14:EMAi_0.001,0.020443674322804722,0.009801417609934433,8,EXECUTED
EXP-XAI-0001,MODEL-C1,PERMUTATION_IMPORTANCE_MACRO_F1,5,107,S14:EMAi_0.01,0.03657606696278869,0.008350830516438368,1,EXECUTED
EXP-XAI-0001,MODEL-C1,PERMUTATION_IMPORTANCE_MACRO_F1,5,108,S14:EMAi_0.1,0.025183071733759572,0.007650150566319845,6,EXECUTED
EXP-XAI-0001,MODEL-C1,PERMUTATION_IMPORTANCE_MACRO_F1,5,109,S14:EMAd_0.001,0.015708048858812367,0.005498563247047012,30,EXECUTED
EXP-XAI-0001,MODEL-C1,PERMUTATION_IMPORTANCE_MACRO_F1,5,110,S14:EMAd_0.01,0.01715406429577848,0.0,18,EXECUTED
EXP-XAI-0001,MODEL-C1,PERMUTATION_IMPORTANCE_MACRO_F1,5,111,S14:EMAd_0.1,-0.08564552989625006,0.014793962318050857,125,EXECUTED
EXP-XAI-0001,MODEL-C1,PERMUTATION_IMPORTANCE_MACRO_F1,5,112,S15:dR,-0.05980000612895849,0.010656149484321647,122,EXECUTED
EXP-XAI-0001,MODEL-C1,PERMUTATION_IMPORTANCE_MACRO_F1,5,113,S15:dR_norm,0.016892548945396,0.0022000172508824588,20,EXECUTED
EXP-XAI-0001,MODEL-C1,PERMUTATION_IMPORTANCE_MACRO_F1,5,114,S15:EMAi_0.001,-0.005142337718392809,0.006383038479647118,87,EXECUTED
EXP-XAI-0001,MODEL-C1,PERMUTATION_IMPORTANCE_MACRO_F1,5,115,S15:EMAi_0.01,0.014713340680191478,0.0,35,EXECUTED
EXP-XAI-0001,MODEL-C1,PERMUTATION_IMPORTANCE_MACRO_F1,5,116,S15:EMAi_0.1,0.013613181899727872,0.0010862335723451433,38,EXECUTED
EXP-XAI-0001,MODEL-C1,PERMUTATION_IMPORTANCE_MACRO_F1,5,117,S15:EMAd_0.001,0.016596320029289367,0.007189722803249894,22,EXECUTED
EXP-XAI-0001,MODEL-C1,PERMUTATION_IMPORTANCE_MACRO_F1,5,118,S15:EMAd_0.01,0.016987539770102596,0.007021430003079018,19,EXECUTED
EXP-XAI-0001,MODEL-C1,PERMUTATION_IMPORTANCE_MACRO_F1,5,119,S15:EMAd_0.1,0.012800440595436747,0.0009564500423773657,41,EXECUTED
EXP-XAI-0001,MODEL-C1,PERMUTATION_IMPORTANCE_MACRO_F1,5,120,S16:dR,-0.11702784768508918,0.009203241566503824,127,EXECUTED
EXP-XAI-0001,MODEL-C1,PERMUTATION_IMPORTANCE_MACRO_F1,5,121,S16:dR_norm,-0.026469356360297326,0.007846868671095585,101,EXECUTED
EXP-XAI-0001,MODEL-C1,PERMUTATION_IMPORTANCE_MACRO_F1,5,122,S16:EMAi_0.001,-0.0027515613797411908,0.0065442222309920585,81,EXECUTED
EXP-XAI-0001,MODEL-C1,PERMUTATION_IMPORTANCE_MACRO_F1,5,123,S16:EMAi_0.01,0.01794398981247996,0.006461298264576965,12,EXECUTED
EXP-XAI-0001,MODEL-C1,PERMUTATION_IMPORTANCE_MACRO_F1,5,124,S16:EMAi_0.1,0.01794398981247996,0.006461298264576965,13,EXECUTED
EXP-XAI-0001,MODEL-C1,PERMUTATION_IMPORTANCE_MACRO_F1,5,125,S16:EMAd_0.001,0.017552770071666734,0.006699878673425207,15,EXECUTED
EXP-XAI-0001,MODEL-C1,PERMUTATION_IMPORTANCE_MACRO_F1,5,126,S16:EMAd_0.01,0.0161187143004508,0.00624286961507235,27,EXECUTED
EXP-XAI-0001,MODEL-C1,PERMUTATION_IMPORTANCE_MACRO_F1,5,127,S16:EMAd_0.1,-0.05134557480961832,0.0,120,EXECUTED
EXP-XAI-0001,MODEL-C1,PERMUTATION_IMPORTANCE_MACRO_F1,6,0,S1:dR,0.00019770417280994267,0.00020028218433911982,67,EXECUTED
EXP-XAI-0001,MODEL-C1,PERMUTATION_IMPORTANCE_MACRO_F1,6,1,S1:dR_norm,0.011727523891902436,0.0008614239552888409,10,EXECUTED
EXP-XAI-0001,MODEL-C1,PERMUTATION_IMPORTANCE_MACRO_F1,6,2,S1:EMAi_0.001,0.000185071496369571,8.412638489760436e-05,68,EXECUTED
EXP-XAI-0001,MODEL-C1,PERMUTATION_IMPORTANCE_MACRO_F1,6,3,S1:EMAi_0.01,0.0001033592540107986,4.897410107146229e-05,72,EXECUTED
EXP-XAI-0001,MODEL-C1,PERMUTATION_IMPORTANCE_MACRO_F1,6,4,S1:EMAi_0.1,6.25168908441498e-05,5.589653733881644e-05,75,EXECUTED
EXP-XAI-0001,MODEL-C1,PERMUTATION_IMPORTANCE_MACRO_F1,6,5,S1:EMAd_0.001,0.0002669678072356463,0.0001942832520382774,66,EXECUTED
EXP-XAI-0001,MODEL-C1,PERMUTATION_IMPORTANCE_MACRO_F1,6,6,S1:EMAd_0.01,0.00042340681474759554,0.00021486673580394197,56,EXECUTED
EXP-XAI-0001,MODEL-C1,PERMUTATION_IMPORTANCE_MACRO_F1,6,7,S1:EMAd_0.1,-0.00014491290836473046,9.727662118741801e-05,85,EXECUTED
EXP-XAI-0001,MODEL-C1,PERMUTATION_IMPORTANCE_MACRO_F1,6,8,S2:dR,0.0002817083366115691,0.00010540017043045958,64,EXECUTED
EXP-XAI-0001,MODEL-C1,PERMUTATION_IMPORTANCE_MACRO_F1,6,9,S2:dR_norm,0.012867783297918083,0.0013735644368943203,9,EXECUTED
EXP-XAI-0001,MODEL-C1,PERMUTATION_IMPORTANCE_MACRO_F1,6,10,S2:EMAi_0.001,-0.0001042565885990332,7.595305102869082e-05,82,EXECUTED
EXP-XAI-0001,MODEL-C1,PERMUTATION_IMPORTANCE_MACRO_F1,6,11,S2:EMAi_0.01,-0.00040089547678495707,0.00010410675789532187,93,EXECUTED
EXP-XAI-0001,MODEL-C1,PERMUTATION_IMPORTANCE_MACRO_F1,6,12,S2:EMAi_0.1,-0.0002555536647873724,0.00013352959026448794,88,EXECUTED
EXP-XAI-0001,MODEL-C1,PERMUTATION_IMPORTANCE_MACRO_F1,6,13,S2:EMAd_0.001,0.0006745793149491141,7.787770960244037e-05,49,EXECUTED
EXP-XAI-0001,MODEL-C1,PERMUTATION_IMPORTANCE_MACRO_F1,6,14,S2:EMAd_0.01,0.0004341798837339761,0.00011565276659334006,55,EXECUTED
EXP-XAI-0001,MODEL-C1,PERMUTATION_IMPORTANCE_MACRO_F1,6,15,S2:EMAd_0.1,-0.00011086486493457892,0.00015223616755106608,83,EXECUTED
EXP-XAI-0001,MODEL-C1,PERMUTATION_IMPORTANCE_MACRO_F1,6,16,S3:dR,-0.0021493403293876443,0.00042833018549772714,121,EXECUTED
EXP-XAI-0001,MODEL-C1,PERMUTATION_IMPORTANCE_MACRO_F1,6,17,S3:dR_norm,-0.0010048104091997466,0.00021341477984396942,109,EXECUTED
EXP-XAI-0001,MODEL-C1,PERMUTATION_IMPORTANCE_MACRO_F1,6,18,S3:EMAi_0.001,-0.0021099725532013392,0.00048438953659787095,120,EXECUTED
EXP-XAI-0001,MODEL-C1,PERMUTATION_IMPORTANCE_MACRO_F1,6,19,S3:EMAi_0.01,-0.0006384114504034977,0.0002687343996124192,102,EXECUTED
EXP-XAI-0001,MODEL-C1,PERMUTATION_IMPORTANCE_MACRO_F1,6,20,S3:EMAi_0.1,-0.0007908409002111872,0.00024241543116725002,104,EXECUTED
EXP-XAI-0001,MODEL-C1,PERMUTATION_IMPORTANCE_MACRO_F1,6,21,S3:EMAd_0.001,0.0015329451539032924,0.000585817003792604,43,EXECUTED
EXP-XAI-0001,MODEL-C1,PERMUTATION_IMPORTANCE_MACRO_F1,6,22,S3:EMAd_0.01,0.0007679816371249371,0.0005105791182661092,48,EXECUTED
EXP-XAI-0001,MODEL-C1,PERMUTATION_IMPORTANCE_MACRO_F1,6,23,S3:EMAd_0.1,-0.0009276473073933867,0.00022177154813123734,107,EXECUTED
EXP-XAI-0001,MODEL-C1,PERMUTATION_IMPORTANCE_MACRO_F1,6,24,S4:dR,0.0004015628673300797,0.0008206391438735474,57,EXECUTED
EXP-XAI-0001,MODEL-C1,PERMUTATION_IMPORTANCE_MACRO_F1,6,25,S4:dR_norm,-0.0018497872330102583,0.00037178480982801666,115,EXECUTED
EXP-XAI-0001,MODEL-C1,PERMUTATION_IMPORTANCE_MACRO_F1,6,26,S4:EMAi_0.001,-0.0032702575193393145,0.00047660813035450595,127,EXECUTED
EXP-XAI-0001,MODEL-C1,PERMUTATION_IMPORTANCE_MACRO_F1,6,27,S4:EMAi_0.01,-0.0018254475961971771,0.0006362836502906491,114,EXECUTED
EXP-XAI-0001,MODEL-C1,PERMUTATION_IMPORTANCE_MACRO_F1,6,28,S4:EMAi_0.1,-0.0015988346947424458,0.0005233092242260005,112,EXECUTED
EXP-XAI-0001,MODEL-C1,PERMUTATION_IMPORTANCE_MACRO_F1,6,29,S4:EMAd_0.001,0.00014678907603450365,0.0005775244592203046,69,EXECUTED
EXP-XAI-0001,MODEL-C1,PERMUTATION_IMPORTANCE_MACRO_F1,6,30,S4:EMAd_0.01,-0.0005273584768772432,0.00011385111743528402,96,EXECUTED
EXP-XAI-0001,MODEL-C1,PERMUTATION_IMPORTANCE_MACRO_F1,6,31,S4:EMAd_0.1,-0.0027420262471846537,0.0001254981527845871,124,EXECUTED
EXP-XAI-0001,MODEL-C1,PERMUTATION_IMPORTANCE_MACRO_F1,6,32,S5:dR,0.004981952990099769,0.0005406105059305007,28,EXECUTED
EXP-XAI-0001,MODEL-C1,PERMUTATION_IMPORTANCE_MACRO_F1,6,33,S5:dR_norm,0.007528925399908975,0.0004457169390874256,20,EXECUTED
EXP-XAI-0001,MODEL-C1,PERMUTATION_IMPORTANCE_MACRO_F1,6,34,S5:EMAi_0.001,-0.00032211204092368886,0.00012351973530749162,90,EXECUTED
EXP-XAI-0001,MODEL-C1,PERMUTATION_IMPORTANCE_MACRO_F1,6,35,S5:EMAi_0.01,0.012926438236593568,0.000898516784313203,8,EXECUTED
EXP-XAI-0001,MODEL-C1,PERMUTATION_IMPORTANCE_MACRO_F1,6,36,S5:EMAi_0.1,-0.00187458606451526,0.0006290921632020363,117,EXECUTED
EXP-XAI-0001,MODEL-C1,PERMUTATION_IMPORTANCE_MACRO_F1,6,37,S5:EMAd_0.001,-0.0003315991157884335,0.0001692682670474328,92,EXECUTED
EXP-XAI-0001,MODEL-C1,PERMUTATION_IMPORTANCE_MACRO_F1,6,38,S5:EMAd_0.01,-0.0005531128279200881,9.90292201190249e-05,98,EXECUTED
EXP-XAI-0001,MODEL-C1,PERMUTATION_IMPORTANCE_MACRO_F1,6,39,S5:EMAd_0.1,0.0001129205754119289,0.00046736711541494247,71,EXECUTED
EXP-XAI-0001,MODEL-C1,PERMUTATION_IMPORTANCE_MACRO_F1,6,40,S6:dR,0.004928394150830034,0.0006168080838915639,29,EXECUTED
EXP-XAI-0001,MODEL-C1,PERMUTATION_IMPORTANCE_MACRO_F1,6,41,S6:dR_norm,0.0076995812072258975,0.0003896262778993955,19,EXECUTED
EXP-XAI-0001,MODEL-C1,PERMUTATION_IMPORTANCE_MACRO_F1,6,42,S6:EMAi_0.001,0.00035016542773073646,0.00011987701227962159,61,EXECUTED
EXP-XAI-0001,MODEL-C1,PERMUTATION_IMPORTANCE_MACRO_F1,6,43,S6:EMAi_0.01,0.014147142143180863,0.0009223796412273657,5,EXECUTED
EXP-XAI-0001,MODEL-C1,PERMUTATION_IMPORTANCE_MACRO_F1,6,44,S6:EMAi_0.1,0.00490200446125878,0.0007497230453004579,30,EXECUTED
EXP-XAI-0001,MODEL-C1,PERMUTATION_IMPORTANCE_MACRO_F1,6,45,S6:EMAd_0.001,-0.0005369347738593156,5.157627875132179e-05,97,EXECUTED
EXP-XAI-0001,MODEL-C1,PERMUTATION_IMPORTANCE_MACRO_F1,6,46,S6:EMAd_0.01,-0.0005819881380700054,0.00010705605322943398,100,EXECUTED
EXP-XAI-0001,MODEL-C1,PERMUTATION_IMPORTANCE_MACRO_F1,6,47,S6:EMAd_0.1,0.00012786218977272611,9.494768237698453e-05,70,EXECUTED
EXP-XAI-0001,MODEL-C1,PERMUTATION_IMPORTANCE_MACRO_F1,6,48,S7:dR,0.000485220476144671,0.0002528858819364048,53,EXECUTED
EXP-XAI-0001,MODEL-C1,PERMUTATION_IMPORTANCE_MACRO_F1,6,49,S7:dR_norm,0.0026385445490674786,0.00037038111052970635,39,EXECUTED
EXP-XAI-0001,MODEL-C1,PERMUTATION_IMPORTANCE_MACRO_F1,6,50,S7:EMAi_0.001,0.0004845645906989382,0.000538946204951378,54,EXECUTED
EXP-XAI-0001,MODEL-C1,PERMUTATION_IMPORTANCE_MACRO_F1,6,51,S7:EMAi_0.01,0.010184822298124868,0.000993805780806614,14,EXECUTED
EXP-XAI-0001,MODEL-C1,PERMUTATION_IMPORTANCE_MACRO_F1,6,52,S7:EMAi_0.1,0.010101902816282366,0.0012401193575275768,15,EXECUTED
EXP-XAI-0001,MODEL-C1,PERMUTATION_IMPORTANCE_MACRO_F1,6,53,S7:EMAd_0.001,0.006172854815510387,0.0006860376125203743,23,EXECUTED
EXP-XAI-0001,MODEL-C1,PERMUTATION_IMPORTANCE_MACRO_F1,6,54,S7:EMAd_0.01,0.0052537669005788155,0.0007566215355715254,26,EXECUTED
EXP-XAI-0001,MODEL-C1,PERMUTATION_IMPORTANCE_MACRO_F1,6,55,S7:EMAd_0.1,0.0019205903764995924,0.00038623484975513074,41,EXECUTED
EXP-XAI-0001,MODEL-C1,PERMUTATION_IMPORTANCE_MACRO_F1,6,56,S8:dR,7.311982705303644e-05,0.0004322542670837698,73,EXECUTED
EXP-XAI-0001,MODEL-C1,PERMUTATION_IMPORTANCE_MACRO_F1,6,57,S8:dR_norm,0.0011972645792873715,0.00015029151556867091,46,EXECUTED
EXP-XAI-0001,MODEL-C1,PERMUTATION_IMPORTANCE_MACRO_F1,6,58,S8:EMAi_0.001,-0.0008824824845850288,0.0001859457771051881,106,EXECUTED
EXP-XAI-0001,MODEL-C1,PERMUTATION_IMPORTANCE_MACRO_F1,6,59,S8:EMAi_0.01,0.01029351455748408,0.0009570721715482116,12,EXECUTED
EXP-XAI-0001,MODEL-C1,PERMUTATION_IMPORTANCE_MACRO_F1,6,60,S8:EMAi_0.1,0.007789986888851458,0.0010549080633459006,18,EXECUTED
EXP-XAI-0001,MODEL-C1,PERMUTATION_IMPORTANCE_MACRO_F1,6,61,S8:EMAd_0.001,0.00591192326804531,0.0006435543763653333,24,EXECUTED
EXP-XAI-0001,MODEL-C1,PERMUTATION_IMPORTANCE_MACRO_F1,6,62,S8:EMAd_0.01,0.005008463174232319,0.0007148818163543194,27,EXECUTED
EXP-XAI-0001,MODEL-C1,PERMUTATION_IMPORTANCE_MACRO_F1,6,63,S8:EMAd_0.1,-5.981996422543822e-07,0.00011265049111698069,79,EXECUTED
EXP-XAI-0001,MODEL-C1,PERMUTATION_IMPORTANCE_MACRO_F1,6,64,S9:dR,0.0002915721144193972,0.00015709536510765494,63,EXECUTED
EXP-XAI-0001,MODEL-C1,PERMUTATION_IMPORTANCE_MACRO_F1,6,65,S9:dR_norm,0.0020538883626347536,0.0007400929695665309,40,EXECUTED
EXP-XAI-0001,MODEL-C1,PERMUTATION_IMPORTANCE_MACRO_F1,6,66,S9:EMAi_0.001,-0.00014217180470951774,5.204813061465701e-05,84,EXECUTED
EXP-XAI-0001,MODEL-C1,PERMUTATION_IMPORTANCE_MACRO_F1,6,67,S9:EMAi_0.01,-0.00026526237815483464,7.084120027340948e-05,89,EXECUTED
EXP-XAI-0001,MODEL-C1,PERMUTATION_IMPORTANCE_MACRO_F1,6,68,S9:EMAi_0.1,-6.631413771809313e-05,6.432956503503783e-05,81,EXECUTED
EXP-XAI-0001,MODEL-C1,PERMUTATION_IMPORTANCE_MACRO_F1,6,69,S9:EMAd_0.001,0.00035939833073041493,0.00013974455156184017,60,EXECUTED
EXP-XAI-0001,MODEL-C1,PERMUTATION_IMPORTANCE_MACRO_F1,6,70,S9:EMAd_0.01,0.00037828646670431954,0.0001502091517675902,58,EXECUTED
EXP-XAI-0001,MODEL-C1,PERMUTATION_IMPORTANCE_MACRO_F1,6,71,S9:EMAd_0.1,-0.0001828841004830717,8.307230842607176e-05,87,EXECUTED
EXP-XAI-0001,MODEL-C1,PERMUTATION_IMPORTANCE_MACRO_F1,6,72,S10:dR,0.0003215977396287817,0.0001267302209162698,62,EXECUTED
EXP-XAI-0001,MODEL-C1,PERMUTATION_IMPORTANCE_MACRO_F1,6,73,S10:dR_norm,0.0035097614321550953,0.00042003835768720203,35,EXECUTED
EXP-XAI-0001,MODEL-C1,PERMUTATION_IMPORTANCE_MACRO_F1,6,74,S10:EMAi_0.001,0.0,0.0,77,EXECUTED
EXP-XAI-0001,MODEL-C1,PERMUTATION_IMPORTANCE_MACRO_F1,6,75,S10:EMAi_0.01,0.0,0.0,78,EXECUTED
EXP-XAI-0001,MODEL-C1,PERMUTATION_IMPORTANCE_MACRO_F1,6,76,S10:EMAi_0.1,3.8636325425794873e-05,7.727265085158975e-05,76,EXECUTED
EXP-XAI-0001,MODEL-C1,PERMUTATION_IMPORTANCE_MACRO_F1,6,77,S10:EMAd_0.001,0.0005170478535641287,0.00012181503072548986,52,EXECUTED
EXP-XAI-0001,MODEL-C1,PERMUTATION_IMPORTANCE_MACRO_F1,6,78,S10:EMAd_0.01,0.00036241451572603943,0.00011902349988191932,59,EXECUTED
EXP-XAI-0001,MODEL-C1,PERMUTATION_IMPORTANCE_MACRO_F1,6,79,S10:EMAd_0.1,-4.7390601384444954e-05,7.344888107306178e-05,80,EXECUTED
EXP-XAI-0001,MODEL-C1,PERMUTATION_IMPORTANCE_MACRO_F1,6,80,S11:dR,-0.005467961585515596,0.0014444295076373006,128,EXECUTED
EXP-XAI-0001,MODEL-C1,PERMUTATION_IMPORTANCE_MACRO_F1,6,81,S11:dR_norm,-0.0018612897374568117,0.00029268298244867753,116,EXECUTED
EXP-XAI-0001,MODEL-C1,PERMUTATION_IMPORTANCE_MACRO_F1,6,82,S11:EMAi_0.001,-0.002651971745844389,0.0006157503011019123,122,EXECUTED
EXP-XAI-0001,MODEL-C1,PERMUTATION_IMPORTANCE_MACRO_F1,6,83,S11:EMAi_0.01,-0.0007281264391009346,0.0002652507582038688,103,EXECUTED
EXP-XAI-0001,MODEL-C1,PERMUTATION_IMPORTANCE_MACRO_F1,6,84,S11:EMAi_0.1,-0.0005603452752690697,0.00014837529701111797,99,EXECUTED
EXP-XAI-0001,MODEL-C1,PERMUTATION_IMPORTANCE_MACRO_F1,6,85,S11:EMAd_0.001,0.00026877464048060686,0.0005503377514170617,65,EXECUTED
EXP-XAI-0001,MODEL-C1,PERMUTATION_IMPORTANCE_MACRO_F1,6,86,S11:EMAd_0.01,-0.000327629375273103,0.00016891732133603497,91,EXECUTED
EXP-XAI-0001,MODEL-C1,PERMUTATION_IMPORTANCE_MACRO_F1,6,87,S11:EMAd_0.1,-0.0030156744931651935,0.00024297453210553755,125,EXECUTED
EXP-XAI-0001,MODEL-C1,PERMUTATION_IMPORTANCE_MACRO_F1,6,88,S12:dR,-0.002704605765017504,0.00213495729621831,123,EXECUTED
EXP-XAI-0001,MODEL-C1,PERMUTATION_IMPORTANCE_MACRO_F1,6,89,S12:dR_norm,-0.0013765586839223853,0.0003286944448515333,111,EXECUTED
EXP-XAI-0001,MODEL-C1,PERMUTATION_IMPORTANCE_MACRO_F1,6,90,S12:EMAi_0.001,-0.0031938596176388336,0.0004914174520025453,126,EXECUTED
EXP-XAI-0001,MODEL-C1,PERMUTATION_IMPORTANCE_MACRO_F1,6,91,S12:EMAi_0.01,-0.0018774558764444115,0.0006685549773914882,118,EXECUTED
EXP-XAI-0001,MODEL-C1,PERMUTATION_IMPORTANCE_MACRO_F1,6,92,S12:EMAi_0.1,-0.0009775439273399134,0.00020151308180808527,108,EXECUTED
EXP-XAI-0001,MODEL-C1,PERMUTATION_IMPORTANCE_MACRO_F1,6,93,S12:EMAd_0.001,-0.0008127424155665031,0.00019026939176377178,105,EXECUTED
EXP-XAI-0001,MODEL-C1,PERMUTATION_IMPORTANCE_MACRO_F1,6,94,S12:EMAd_0.01,-0.0004469921166394775,0.000196734705058184,94,EXECUTED
EXP-XAI-0001,MODEL-C1,PERMUTATION_IMPORTANCE_MACRO_F1,6,95,S12:EMAd_0.1,0.0014417471671875682,0.000559863535582573,44,EXECUTED
EXP-XAI-0001,MODEL-C1,PERMUTATION_IMPORTANCE_MACRO_F1,6,96,S13:dR,0.00962817038447722,0.00042200379639896116,16,EXECUTED
EXP-XAI-0001,MODEL-C1,PERMUTATION_IMPORTANCE_MACRO_F1,6,97,S13:dR_norm,0.01027707896082362,0.00038858788083101644,13,EXECUTED
EXP-XAI-0001,MODEL-C1,PERMUTATION_IMPORTANCE_MACRO_F1,6,98,S13:EMAi_0.001,0.009369001743611327,0.0009819926791244814,17,EXECUTED
EXP-XAI-0001,MODEL-C1,PERMUTATION_IMPORTANCE_MACRO_F1,6,99,S13:EMAi_0.01,0.019377892868791047,0.001676997602861799,1,EXECUTED
EXP-XAI-0001,MODEL-C1,PERMUTATION_IMPORTANCE_MACRO_F1,6,100,S13:EMAi_0.1,0.0178279139152826,0.0016818664085563781,3,EXECUTED
EXP-XAI-0001,MODEL-C1,PERMUTATION_IMPORTANCE_MACRO_F1,6,101,S13:EMAd_0.001,0.0030689140527876413,0.0006305433512669616,38,EXECUTED
EXP-XAI-0001,MODEL-C1,PERMUTATION_IMPORTANCE_MACRO_F1,6,102,S13:EMAd_0.01,0.0008467276705336757,0.0002165559539115392,47,EXECUTED
EXP-XAI-0001,MODEL-C1,PERMUTATION_IMPORTANCE_MACRO_F1,6,103,S13:EMAd_0.1,-0.0005008218813516207,0.0004900135741393476,95,EXECUTED
EXP-XAI-0001,MODEL-C1,PERMUTATION_IMPORTANCE_MACRO_F1,6,104,S14:dR,0.011227320751641862,0.0004485813122854081,11,EXECUTED
EXP-XAI-0001,MODEL-C1,PERMUTATION_IMPORTANCE_MACRO_F1,6,105,S14:dR_norm,0.013200360780077237,0.0008482713551263565,7,EXECUTED
EXP-XAI-0001,MODEL-C1,PERMUTATION_IMPORTANCE_MACRO_F1,6,106,S14:EMAi_0.001,0.01657195751593758,0.0010345708866033908,4,EXECUTED
EXP-XAI-0001,MODEL-C1,PERMUTATION_IMPORTANCE_MACRO_F1,6,107,S14:EMAi_0.01,0.018430330678144962,0.0023070054447417196,2,EXECUTED
EXP-XAI-0001,MODEL-C1,PERMUTATION_IMPORTANCE_MACRO_F1,6,108,S14:EMAi_0.1,0.013751098832191045,0.0008388589067384257,6,EXECUTED
EXP-XAI-0001,MODEL-C1,PERMUTATION_IMPORTANCE_MACRO_F1,6,109,S14:EMAd_0.001,0.00586551106163335,0.0008432822157016636,25,EXECUTED
EXP-XAI-0001,MODEL-C1,PERMUTATION_IMPORTANCE_MACRO_F1,6,110,S14:EMAd_0.01,0.003920742679908223,0.0004759801304814495,34,EXECUTED
EXP-XAI-0001,MODEL-C1,PERMUTATION_IMPORTANCE_MACRO_F1,6,111,S14:EMAd_0.1,-0.0012527930530157384,0.0002917693620149983,110,EXECUTED
EXP-XAI-0001,MODEL-C1,PERMUTATION_IMPORTANCE_MACRO_F1,6,112,S15:dR,-0.0006197591567889904,0.0004975470551012747,101,EXECUTED
EXP-XAI-0001,MODEL-C1,PERMUTATION_IMPORTANCE_MACRO_F1,6,113,S15:dR_norm,0.0005872601127996757,0.0001532441182787509,50,EXECUTED
EXP-XAI-0001,MODEL-C1,PERMUTATION_IMPORTANCE_MACRO_F1,6,114,S15:EMAi_0.001,-0.0019796936658352136,0.0002586949581117718,119,EXECUTED
EXP-XAI-0001,MODEL-C1,PERMUTATION_IMPORTANCE_MACRO_F1,6,115,S15:EMAi_0.01,0.004107186435233878,0.0006052080194834663,33,EXECUTED
EXP-XAI-0001,MODEL-C1,PERMUTATION_IMPORTANCE_MACRO_F1,6,116,S15:EMAi_0.1,0.006356755848474565,0.0010373979999156553,22,EXECUTED
EXP-XAI-0001,MODEL-C1,PERMUTATION_IMPORTANCE_MACRO_F1,6,117,S15:EMAd_0.001,0.0032369023247738327,0.0007672795569709496,37,EXECUTED
EXP-XAI-0001,MODEL-C1,PERMUTATION_IMPORTANCE_MACRO_F1,6,118,S15:EMAd_0.01,0.001605570409844903,0.0005685893092785125,42,EXECUTED
EXP-XAI-0001,MODEL-C1,PERMUTATION_IMPORTANCE_MACRO_F1,6,119,S15:EMAd_0.1,6.595837596112819e-05,9.448546786228245e-05,74,EXECUTED
EXP-XAI-0001,MODEL-C1,PERMUTATION_IMPORTANCE_MACRO_F1,6,120,S16:dR,0.0005583542495489035,0.0005379299919108147,51,EXECUTED
EXP-XAI-0001,MODEL-C1,PERMUTATION_IMPORTANCE_MACRO_F1,6,121,S16:dR_norm,0.001359921725977098,0.00014159090750427315,45,EXECUTED
EXP-XAI-0001,MODEL-C1,PERMUTATION_IMPORTANCE_MACRO_F1,6,122,S16:EMAi_0.001,-0.0016334586543572838,0.00021902414935059825,113,EXECUTED
EXP-XAI-0001,MODEL-C1,PERMUTATION_IMPORTANCE_MACRO_F1,6,123,S16:EMAi_0.01,0.006653335795265974,0.0005471575680323103,21,EXECUTED
EXP-XAI-0001,MODEL-C1,PERMUTATION_IMPORTANCE_MACRO_F1,6,124,S16:EMAi_0.1,0.004639815845823209,0.0007890560615481392,31,EXECUTED
EXP-XAI-0001,MODEL-C1,PERMUTATION_IMPORTANCE_MACRO_F1,6,125,S16:EMAd_0.001,0.0042992597480659474,0.0006315712438075902,32,EXECUTED
EXP-XAI-0001,MODEL-C1,PERMUTATION_IMPORTANCE_MACRO_F1,6,126,S16:EMAd_0.01,0.00346859965319683,0.0007297799009813512,36,EXECUTED
EXP-XAI-0001,MODEL-C1,PERMUTATION_IMPORTANCE_MACRO_F1,6,127,S16:EMAd_0.1,-0.00014971439247769003,8.284791043147182e-05,86,EXECUTED
EXP-XAI-0001,MODEL-C1,PERMUTATION_IMPORTANCE_MACRO_F1,7,0,S1:dR,0.0022115002252347414,0.0006315792567528395,67,EXECUTED
EXP-XAI-0001,MODEL-C1,PERMUTATION_IMPORTANCE_MACRO_F1,7,1,S1:dR_norm,0.02670647186749523,0.0023681643076144325,16,EXECUTED
EXP-XAI-0001,MODEL-C1,PERMUTATION_IMPORTANCE_MACRO_F1,7,2,S1:EMAi_0.001,0.00045396819795950893,0.0005478270056261353,71,EXECUTED
EXP-XAI-0001,MODEL-C1,PERMUTATION_IMPORTANCE_MACRO_F1,7,3,S1:EMAi_0.01,3.6192267114099064e-05,0.0001303586325281233,76,EXECUTED
EXP-XAI-0001,MODEL-C1,PERMUTATION_IMPORTANCE_MACRO_F1,7,4,S1:EMAi_0.1,-1.4992436344241079e-05,1.8361909522274124e-05,80,EXECUTED
EXP-XAI-0001,MODEL-C1,PERMUTATION_IMPORTANCE_MACRO_F1,7,5,S1:EMAd_0.001,0.0026000275741745573,0.0006579423499044246,64,EXECUTED
EXP-XAI-0001,MODEL-C1,PERMUTATION_IMPORTANCE_MACRO_F1,7,6,S1:EMAd_0.01,0.0025887136449098793,0.000478142680151281,65,EXECUTED
EXP-XAI-0001,MODEL-C1,PERMUTATION_IMPORTANCE_MACRO_F1,7,7,S1:EMAd_0.1,-0.001396156892038891,0.00029226169241034134,88,EXECUTED
EXP-XAI-0001,MODEL-C1,PERMUTATION_IMPORTANCE_MACRO_F1,7,8,S2:dR,0.006121566902502718,0.001310825912355574,46,EXECUTED
EXP-XAI-0001,MODEL-C1,PERMUTATION_IMPORTANCE_MACRO_F1,7,9,S2:dR_norm,0.0394531835469456,0.0025738607305095746,1,EXECUTED
EXP-XAI-0001,MODEL-C1,PERMUTATION_IMPORTANCE_MACRO_F1,7,10,S2:EMAi_0.001,-0.001214026798457557,0.0004879566821879587,86,EXECUTED
EXP-XAI-0001,MODEL-C1,PERMUTATION_IMPORTANCE_MACRO_F1,7,11,S2:EMAi_0.01,-0.005670549290667948,0.0011014526244874363,108,EXECUTED
EXP-XAI-0001,MODEL-C1,PERMUTATION_IMPORTANCE_MACRO_F1,7,12,S2:EMAi_0.1,-0.005459481692691714,0.0008528139227729102,107,EXECUTED
EXP-XAI-0001,MODEL-C1,PERMUTATION_IMPORTANCE_MACRO_F1,7,13,S2:EMAd_0.001,0.007494297115091464,0.0012652934879541777,45,EXECUTED
EXP-XAI-0001,MODEL-C1,PERMUTATION_IMPORTANCE_MACRO_F1,7,14,S2:EMAd_0.01,0.0051137261942753144,0.001455348230431215,54,EXECUTED
EXP-XAI-0001,MODEL-C1,PERMUTATION_IMPORTANCE_MACRO_F1,7,15,S2:EMAd_0.1,-0.006645830680174625,0.0012752220790662899,112,EXECUTED
EXP-XAI-0001,MODEL-C1,PERMUTATION_IMPORTANCE_MACRO_F1,7,16,S3:dR,0.004263585459107544,0.001853117810043851,57,EXECUTED
EXP-XAI-0001,MODEL-C1,PERMUTATION_IMPORTANCE_MACRO_F1,7,17,S3:dR_norm,-0.003981298364098029,0.0009847033687070844,101,EXECUTED
EXP-XAI-0001,MODEL-C1,PERMUTATION_IMPORTANCE_MACRO_F1,7,18,S3:EMAi_0.001,-0.006574986931391291,0.002443857176668846,111,EXECUTED
EXP-XAI-0001,MODEL-C1,PERMUTATION_IMPORTANCE_MACRO_F1,7,19,S3:EMAi_0.01,-0.004459985581066983,0.0009347610154287072,105,EXECUTED
EXP-XAI-0001,MODEL-C1,PERMUTATION_IMPORTANCE_MACRO_F1,7,20,S3:EMAi_0.1,-0.004049020156621108,0.0011380515605565937,102,EXECUTED
EXP-XAI-0001,MODEL-C1,PERMUTATION_IMPORTANCE_MACRO_F1,7,21,S3:EMAd_0.001,0.013303177385432663,0.0009336995350237934,31,EXECUTED
EXP-XAI-0001,MODEL-C1,PERMUTATION_IMPORTANCE_MACRO_F1,7,22,S3:EMAd_0.01,0.00928580496937873,0.0016223987720698672,38,EXECUTED
EXP-XAI-0001,MODEL-C1,PERMUTATION_IMPORTANCE_MACRO_F1,7,23,S3:EMAd_0.1,-0.002665078558253919,0.0010802939557787007,96,EXECUTED
EXP-XAI-0001,MODEL-C1,PERMUTATION_IMPORTANCE_MACRO_F1,7,24,S4:dR,0.024126700186877136,0.0019463100298464783,18,EXECUTED
EXP-XAI-0001,MODEL-C1,PERMUTATION_IMPORTANCE_MACRO_F1,7,25,S4:dR_norm,-0.009189238025372115,0.0017246849460288156,118,EXECUTED
EXP-XAI-0001,MODEL-C1,PERMUTATION_IMPORTANCE_MACRO_F1,7,26,S4:EMAi_0.001,0.00013300491568534188,0.0016544856153764519,73,EXECUTED
EXP-XAI-0001,MODEL-C1,PERMUTATION_IMPORTANCE_MACRO_F1,7,27,S4:EMAi_0.01,-0.007651624248218536,0.0021301076688968316,115,EXECUTED
EXP-XAI-0001,MODEL-C1,PERMUTATION_IMPORTANCE_MACRO_F1,7,28,S4:EMAi_0.1,-0.0026560767304959487,0.002272340634128903,95,EXECUTED
EXP-XAI-0001,MODEL-C1,PERMUTATION_IMPORTANCE_MACRO_F1,7,29,S4:EMAd_0.001,0.005762599181582473,0.001238156523392162,50,EXECUTED
EXP-XAI-0001,MODEL-C1,PERMUTATION_IMPORTANCE_MACRO_F1,7,30,S4:EMAd_0.01,0.0020315348529385104,0.0011235450728295756,68,EXECUTED
EXP-XAI-0001,MODEL-C1,PERMUTATION_IMPORTANCE_MACRO_F1,7,31,S4:EMAd_0.1,-0.0001487136454033533,0.0023639079531827725,81,EXECUTED
EXP-XAI-0001,MODEL-C1,PERMUTATION_IMPORTANCE_MACRO_F1,7,32,S5:dR,0.0018730708624697724,0.002224465928690796,69,EXECUTED
EXP-XAI-0001,MODEL-C1,PERMUTATION_IMPORTANCE_MACRO_F1,7,33,S5:dR_norm,0.0052611464978569835,0.00015603003722689326,53,EXECUTED
EXP-XAI-0001,MODEL-C1,PERMUTATION_IMPORTANCE_MACRO_F1,7,34,S5:EMAi_0.001,-0.0008802396965704063,0.00037219403183799677,85,EXECUTED
EXP-XAI-0001,MODEL-C1,PERMUTATION_IMPORTANCE_MACRO_F1,7,35,S5:EMAi_0.01,0.022986967238054812,0.0026295451950714525,19,EXECUTED
EXP-XAI-0001,MODEL-C1,PERMUTATION_IMPORTANCE_MACRO_F1,7,36,S5:EMAi_0.1,-0.010179071717807187,0.0014958646989484804,119,EXECUTED
EXP-XAI-0001,MODEL-C1,PERMUTATION_IMPORTANCE_MACRO_F1,7,37,S5:EMAd_0.001,-0.005105995852855838,0.002107001523564073,106,EXECUTED
EXP-XAI-0001,MODEL-C1,PERMUTATION_IMPORTANCE_MACRO_F1,7,38,S5:EMAd_0.01,-0.005705002136119764,0.001491728938841507,109,EXECUTED
EXP-XAI-0001,MODEL-C1,PERMUTATION_IMPORTANCE_MACRO_F1,7,39,S5:EMAd_0.1,-0.0022561101430696564,0.0019214085424885936,92,EXECUTED
EXP-XAI-0001,MODEL-C1,PERMUTATION_IMPORTANCE_MACRO_F1,7,40,S6:dR,0.003598585372430041,0.002353261151595101,61,EXECUTED
EXP-XAI-0001,MODEL-C1,PERMUTATION_IMPORTANCE_MACRO_F1,7,41,S6:dR_norm,0.005946716581246658,0.0010385384769278365,48,EXECUTED
EXP-XAI-0001,MODEL-C1,PERMUTATION_IMPORTANCE_MACRO_F1,7,42,S6:EMAi_0.001,9.651712102786148e-05,0.0006963276887055891,74,EXECUTED
EXP-XAI-0001,MODEL-C1,PERMUTATION_IMPORTANCE_MACRO_F1,7,43,S6:EMAi_0.01,0.022233169897917883,0.0028900498466780523,20,EXECUTED
EXP-XAI-0001,MODEL-C1,PERMUTATION_IMPORTANCE_MACRO_F1,7,44,S6:EMAi_0.1,0.009222105439829143,0.0013268159821961628,39,EXECUTED
EXP-XAI-0001,MODEL-C1,PERMUTATION_IMPORTANCE_MACRO_F1,7,45,S6:EMAd_0.001,-0.0033845419540019517,0.0014253149472294386,99,EXECUTED
EXP-XAI-0001,MODEL-C1,PERMUTATION_IMPORTANCE_MACRO_F1,7,46,S6:EMAd_0.01,-0.0030473056226421047,0.001257215899160701,97,EXECUTED
EXP-XAI-0001,MODEL-C1,PERMUTATION_IMPORTANCE_MACRO_F1,7,47,S6:EMAd_0.1,-0.001735827232309206,0.0007618595182633369,90,EXECUTED
EXP-XAI-0001,MODEL-C1,PERMUTATION_IMPORTANCE_MACRO_F1,7,48,S7:dR,-0.0004389157214001127,0.0004837906124949082,82,EXECUTED
EXP-XAI-0001,MODEL-C1,PERMUTATION_IMPORTANCE_MACRO_F1,7,49,S7:dR_norm,0.0176254171120387,0.0025511926082659054,28,EXECUTED
EXP-XAI-0001,MODEL-C1,PERMUTATION_IMPORTANCE_MACRO_F1,7,50,S7:EMAi_0.001,0.008776553340532423,0.0013597909939497541,40,EXECUTED
EXP-XAI-0001,MODEL-C1,PERMUTATION_IMPORTANCE_MACRO_F1,7,51,S7:EMAi_0.01,0.031223937864135753,0.0012981239647966649,7,EXECUTED
EXP-XAI-0001,MODEL-C1,PERMUTATION_IMPORTANCE_MACRO_F1,7,52,S7:EMAi_0.1,0.025059926304954072,0.001982173788150307,17,EXECUTED
EXP-XAI-0001,MODEL-C1,PERMUTATION_IMPORTANCE_MACRO_F1,7,53,S7:EMAd_0.001,0.03321339136620758,0.003095016853409234,5,EXECUTED
EXP-XAI-0001,MODEL-C1,PERMUTATION_IMPORTANCE_MACRO_F1,7,54,S7:EMAd_0.01,0.029919872369001455,0.0034047690140076607,9,EXECUTED
EXP-XAI-0001,MODEL-C1,PERMUTATION_IMPORTANCE_MACRO_F1,7,55,S7:EMAd_0.1,0.020156801247694235,0.0023552684358319983,23,EXECUTED
EXP-XAI-0001,MODEL-C1,PERMUTATION_IMPORTANCE_MACRO_F1,7,56,S8:dR,-0.008074732659694262,0.002417181388538076,117,EXECUTED
EXP-XAI-0001,MODEL-C1,PERMUTATION_IMPORTANCE_MACRO_F1,7,57,S8:dR_norm,0.011791747192740653,0.0022603370858313094,34,EXECUTED
EXP-XAI-0001,MODEL-C1,PERMUTATION_IMPORTANCE_MACRO_F1,7,58,S8:EMAi_0.001,-0.0014547368528431749,0.0008490657737878479,89,EXECUTED
EXP-XAI-0001,MODEL-C1,PERMUTATION_IMPORTANCE_MACRO_F1,7,59,S8:EMAi_0.01,0.027944152893954376,0.0015502597954314004,12,EXECUTED
EXP-XAI-0001,MODEL-C1,PERMUTATION_IMPORTANCE_MACRO_F1,7,60,S8:EMAi_0.1,0.019234843395179023,0.00228890653483816,26,EXECUTED
EXP-XAI-0001,MODEL-C1,PERMUTATION_IMPORTANCE_MACRO_F1,7,61,S8:EMAd_0.001,0.031012448935275994,0.0029983346051445973,8,EXECUTED
EXP-XAI-0001,MODEL-C1,PERMUTATION_IMPORTANCE_MACRO_F1,7,62,S8:EMAd_0.01,0.028062049858213055,0.003116193179113249,11,EXECUTED
EXP-XAI-0001,MODEL-C1,PERMUTATION_IMPORTANCE_MACRO_F1,7,63,S8:EMAd_0.1,0.00441951169380519,0.0009116741235735144,56,EXECUTED
EXP-XAI-0001,MODEL-C1,PERMUTATION_IMPORTANCE_MACRO_F1,7,64,S9:dR,0.002252316677676014,0.0009680950688226671,66,EXECUTED
EXP-XAI-0001,MODEL-C1,PERMUTATION_IMPORTANCE_MACRO_F1,7,65,S9:dR_norm,0.008490217926100396,0.0020795766158974915,43,EXECUTED
EXP-XAI-0001,MODEL-C1,PERMUTATION_IMPORTANCE_MACRO_F1,7,66,S9:EMAi_0.001,-0.0023530749448084755,0.0002935201677525167,93,EXECUTED
EXP-XAI-0001,MODEL-C1,PERMUTATION_IMPORTANCE_MACRO_F1,7,67,S9:EMAi_0.01,-0.0032342666173515665,0.0007608948131879198,98,EXECUTED
EXP-XAI-0001,MODEL-C1,PERMUTATION_IMPORTANCE_MACRO_F1,7,68,S9:EMAi_0.1,-0.0019707818229511287,0.0006553705171726517,91,EXECUTED
EXP-XAI-0001,MODEL-C1,PERMUTATION_IMPORTANCE_MACRO_F1,7,69,S9:EMAd_0.001,0.003987288259533028,0.001204147190315654,58,EXECUTED
EXP-XAI-0001,MODEL-C1,PERMUTATION_IMPORTANCE_MACRO_F1,7,70,S9:EMAd_0.01,0.002688011481358732,0.0008504705761734794,63,EXECUTED
EXP-XAI-0001,MODEL-C1,PERMUTATION_IMPORTANCE_MACRO_F1,7,71,S9:EMAd_0.1,-0.006982561967393231,0.00045029293130929556,113,EXECUTED
EXP-XAI-0001,MODEL-C1,PERMUTATION_IMPORTANCE_MACRO_F1,7,72,S10:dR,0.003563599981718013,0.0012644370938737993,62,EXECUTED
EXP-XAI-0001,MODEL-C1,PERMUTATION_IMPORTANCE_MACRO_F1,7,73,S10:dR_norm,0.015032118249661408,0.0020874176648202525,30,EXECUTED
EXP-XAI-0001,MODEL-C1,PERMUTATION_IMPORTANCE_MACRO_F1,7,74,S10:EMAi_0.001,1.4953770024983549e-05,1.8314553146067874e-05,77,EXECUTED
EXP-XAI-0001,MODEL-C1,PERMUTATION_IMPORTANCE_MACRO_F1,7,75,S10:EMAi_0.01,7.476885012491774e-06,1.4953770024983547e-05,79,EXECUTED
EXP-XAI-0001,MODEL-C1,PERMUTATION_IMPORTANCE_MACRO_F1,7,76,S10:EMAi_0.1,1.4953770024983549e-05,1.8314553146067874e-05,78,EXECUTED
EXP-XAI-0001,MODEL-C1,PERMUTATION_IMPORTANCE_MACRO_F1,7,77,S10:EMAd_0.001,0.005940528702607662,0.001183491358059306,49,EXECUTED
EXP-XAI-0001,MODEL-C1,PERMUTATION_IMPORTANCE_MACRO_F1,7,78,S10:EMAd_0.01,0.004887027644917974,0.0011185849004417812,55,EXECUTED
EXP-XAI-0001,MODEL-C1,PERMUTATION_IMPORTANCE_MACRO_F1,7,79,S10:EMAd_0.1,-0.0013356441153946409,0.0005106474241703738,87,EXECUTED
EXP-XAI-0001,MODEL-C1,PERMUTATION_IMPORTANCE_MACRO_F1,7,80,S11:dR,-0.00421866012152301,0.0010067011717518374,103,EXECUTED
EXP-XAI-0001,MODEL-C1,PERMUTATION_IMPORTANCE_MACRO_F1,7,81,S11:dR_norm,-0.010557985931471735,0.0017332072694309104,122,EXECUTED
EXP-XAI-0001,MODEL-C1,PERMUTATION_IMPORTANCE_MACRO_F1,7,82,S11:EMAi_0.001,-0.012443424861502938,0.0019622659511562587,124,EXECUTED
EXP-XAI-0001,MODEL-C1,PERMUTATION_IMPORTANCE_MACRO_F1,7,83,S11:EMAi_0.01,-0.006163334894039529,0.0007690245697625985,110,EXECUTED
EXP-XAI-0001,MODEL-C1,PERMUTATION_IMPORTANCE_MACRO_F1,7,84,S11:EMAi_0.1,-0.004398074254102579,0.000599773057877663,104,EXECUTED
EXP-XAI-0001,MODEL-C1,PERMUTATION_IMPORTANCE_MACRO_F1,7,85,S11:EMAd_0.001,0.011780723323277653,0.0013179777524682922,35,EXECUTED
EXP-XAI-0001,MODEL-C1,PERMUTATION_IMPORTANCE_MACRO_F1,7,86,S11:EMAd_0.01,0.008133501554573253,0.001666629525049367,44,EXECUTED
EXP-XAI-0001,MODEL-C1,PERMUTATION_IMPORTANCE_MACRO_F1,7,87,S11:EMAd_0.1,-0.013104383575305235,0.0018637897619410747,127,EXECUTED
EXP-XAI-0001,MODEL-C1,PERMUTATION_IMPORTANCE_MACRO_F1,7,88,S12:dR,0.008584763814701735,0.0008832310533889325,42,EXECUTED
EXP-XAI-0001,MODEL-C1,PERMUTATION_IMPORTANCE_MACRO_F1,7,89,S12:dR_norm,-0.011325651100517076,0.0018910986800713223,123,EXECUTED
EXP-XAI-0001,MODEL-C1,PERMUTATION_IMPORTANCE_MACRO_F1,7,90,S12:EMAi_0.001,-0.010392663299016313,0.0006663919732156902,121,EXECUTED
EXP-XAI-0001,MODEL-C1,PERMUTATION_IMPORTANCE_MACRO_F1,7,91,S12:EMAi_0.01,-0.010275677268179384,0.001962575549551652,120,EXECUTED
EXP-XAI-0001,MODEL-C1,PERMUTATION_IMPORTANCE_MACRO_F1,7,92,S12:EMAi_0.1,-0.007564024722571871,0.000813529300768397,114,EXECUTED
EXP-XAI-0001,MODEL-C1,PERMUTATION_IMPORTANCE_MACRO_F1,7,93,S12:EMAd_0.001,-0.0004950061175537313,0.0003591286156143073,83,EXECUTED
EXP-XAI-0001,MODEL-C1,PERMUTATION_IMPORTANCE_MACRO_F1,7,94,S12:EMAd_0.01,0.0003499231685046622,0.0002745675866460192,72,EXECUTED
EXP-XAI-0001,MODEL-C1,PERMUTATION_IMPORTANCE_MACRO_F1,7,95,S12:EMAd_0.1,-0.0034686796082945004,0.0016871459406533759,100,EXECUTED
EXP-XAI-0001,MODEL-C1,PERMUTATION_IMPORTANCE_MACRO_F1,7,96,S13:dR,0.0038585896722229452,0.0021337731175829562,59,EXECUTED
EXP-XAI-0001,MODEL-C1,PERMUTATION_IMPORTANCE_MACRO_F1,7,97,S13:dR_norm,0.010397948356652188,0.000972996489914294,37,EXECUTED
EXP-XAI-0001,MODEL-C1,PERMUTATION_IMPORTANCE_MACRO_F1,7,98,S13:EMAi_0.001,0.013073364289752597,0.0019434396642764365,32,EXECUTED
EXP-XAI-0001,MODEL-C1,PERMUTATION_IMPORTANCE_MACRO_F1,7,99,S13:EMAi_0.01,0.03775768771873724,0.0028183780398084186,2,EXECUTED
EXP-XAI-0001,MODEL-C1,PERMUTATION_IMPORTANCE_MACRO_F1,7,100,S13:EMAi_0.1,0.036461800500079765,0.0038719287898701603,3,EXECUTED
EXP-XAI-0001,MODEL-C1,PERMUTATION_IMPORTANCE_MACRO_F1,7,101,S13:EMAd_0.001,0.0005078589160470437,0.001994662304067033,70,EXECUTED
EXP-XAI-0001,MODEL-C1,PERMUTATION_IMPORTANCE_MACRO_F1,7,102,S13:EMAd_0.01,-0.0005522737302195768,0.001347244153218104,84,EXECUTED
EXP-XAI-0001,MODEL-C1,PERMUTATION_IMPORTANCE_MACRO_F1,7,103,S13:EMAd_0.1,-0.0024913612008780504,0.001937868971678416,94,EXECUTED
EXP-XAI-0001,MODEL-C1,PERMUTATION_IMPORTANCE_MACRO_F1,7,104,S14:dR,0.005979254613299978,0.0008194777018145537,47,EXECUTED
EXP-XAI-0001,MODEL-C1,PERMUTATION_IMPORTANCE_MACRO_F1,7,105,S14:dR_norm,0.012241400762201583,0.0014870829410429307,33,EXECUTED
EXP-XAI-0001,MODEL-C1,PERMUTATION_IMPORTANCE_MACRO_F1,7,106,S14:EMAi_0.001,0.018591815130950595,0.002674671271563857,27,EXECUTED
EXP-XAI-0001,MODEL-C1,PERMUTATION_IMPORTANCE_MACRO_F1,7,107,S14:EMAi_0.01,0.03509581553887191,0.002138120105738705,4,EXECUTED
EXP-XAI-0001,MODEL-C1,PERMUTATION_IMPORTANCE_MACRO_F1,7,108,S14:EMAi_0.1,0.02691144158474278,0.0029721181105258204,15,EXECUTED
EXP-XAI-0001,MODEL-C1,PERMUTATION_IMPORTANCE_MACRO_F1,7,109,S14:EMAd_0.001,0.005387329560528664,0.00041439587470915766,52,EXECUTED
EXP-XAI-0001,MODEL-C1,PERMUTATION_IMPORTANCE_MACRO_F1,7,110,S14:EMAd_0.01,0.005432255290485977,0.0008483923061974388,51,EXECUTED
EXP-XAI-0001,MODEL-C1,PERMUTATION_IMPORTANCE_MACRO_F1,7,111,S14:EMAd_0.1,0.0037798729952634113,0.002571472988574428,60,EXECUTED
EXP-XAI-0001,MODEL-C1,PERMUTATION_IMPORTANCE_MACRO_F1,7,112,S15:dR,-0.013612202194751377,0.0013235843050189802,128,EXECUTED
EXP-XAI-0001,MODEL-C1,PERMUTATION_IMPORTANCE_MACRO_F1,7,113,S15:dR_norm,0.01113470723886143,0.00156132206280366,36,EXECUTED
EXP-XAI-0001,MODEL-C1,PERMUTATION_IMPORTANCE_MACRO_F1,7,114,S15:EMAi_0.001,-0.012447669035304842,0.0021045503025543697,125,EXECUTED
EXP-XAI-0001,MODEL-C1,PERMUTATION_IMPORTANCE_MACRO_F1,7,115,S15:EMAi_0.01,0.02010858481540535,0.0013766575112394619,24,EXECUTED
EXP-XAI-0001,MODEL-C1,PERMUTATION_IMPORTANCE_MACRO_F1,7,116,S15:EMAi_0.1,0.019759862271748297,0.0015868045376430813,25,EXECUTED
EXP-XAI-0001,MODEL-C1,PERMUTATION_IMPORTANCE_MACRO_F1,7,117,S15:EMAd_0.001,0.027857818493541697,0.002464190857709251,13,EXECUTED
EXP-XAI-0001,MODEL-C1,PERMUTATION_IMPORTANCE_MACRO_F1,7,118,S15:EMAd_0.01,0.020546647576182554,0.0020385457647648774,22,EXECUTED
EXP-XAI-0001,MODEL-C1,PERMUTATION_IMPORTANCE_MACRO_F1,7,119,S15:EMAd_0.1,0.008745559908539268,0.0016763209673218195,41,EXECUTED
EXP-XAI-0001,MODEL-C1,PERMUTATION_IMPORTANCE_MACRO_F1,7,120,S16:dR,-0.012999884100663162,0.0015581093724654762,126,EXECUTED
EXP-XAI-0001,MODEL-C1,PERMUTATION_IMPORTANCE_MACRO_F1,7,121,S16:dR_norm,0.015087570225905067,0.0008835263979468092,29,EXECUTED
EXP-XAI-0001,MODEL-C1,PERMUTATION_IMPORTANCE_MACRO_F1,7,122,S16:EMAi_0.001,-0.007815882651893835,0.0010334756614809421,116,EXECUTED
EXP-XAI-0001,MODEL-C1,PERMUTATION_IMPORTANCE_MACRO_F1,7,123,S16:EMAi_0.01,0.02728702045484478,0.0015660679869038282,14,EXECUTED
EXP-XAI-0001,MODEL-C1,PERMUTATION_IMPORTANCE_MACRO_F1,7,124,S16:EMAi_0.1,0.022132926570181934,0.0018316105837783737,21,EXECUTED
EXP-XAI-0001,MODEL-C1,PERMUTATION_IMPORTANCE_MACRO_F1,7,125,S16:EMAd_0.001,0.03249188098723791,0.0025704693154829537,6,EXECUTED
EXP-XAI-0001,MODEL-C1,PERMUTATION_IMPORTANCE_MACRO_F1,7,126,S16:EMAd_0.01,0.028089476967367688,0.0019515064674971454,10,EXECUTED
EXP-XAI-0001,MODEL-C1,PERMUTATION_IMPORTANCE_MACRO_F1,7,127,S16:EMAd_0.1,8.582073735218243e-05,7.673954143741594e-05,75,EXECUTED
EXP-XAI-0001,MODEL-C1,PERMUTATION_IMPORTANCE_MACRO_F1,8,0,S1:dR,0.0,0.0,100,EXECUTED
EXP-XAI-0001,MODEL-C1,PERMUTATION_IMPORTANCE_MACRO_F1,8,1,S1:dR_norm,0.007138808372564897,0.003840491487987042,19,EXECUTED
EXP-XAI-0001,MODEL-C1,PERMUTATION_IMPORTANCE_MACRO_F1,8,2,S1:EMAi_0.001,0.0,0.0,101,EXECUTED
EXP-XAI-0001,MODEL-C1,PERMUTATION_IMPORTANCE_MACRO_F1,8,3,S1:EMAi_0.01,0.0,0.0,102,EXECUTED
EXP-XAI-0001,MODEL-C1,PERMUTATION_IMPORTANCE_MACRO_F1,8,4,S1:EMAi_0.1,0.0,0.0,103,EXECUTED
EXP-XAI-0001,MODEL-C1,PERMUTATION_IMPORTANCE_MACRO_F1,8,5,S1:EMAd_0.001,0.0,0.0,104,EXECUTED
EXP-XAI-0001,MODEL-C1,PERMUTATION_IMPORTANCE_MACRO_F1,8,6,S1:EMAd_0.01,0.0,0.0,105,EXECUTED
EXP-XAI-0001,MODEL-C1,PERMUTATION_IMPORTANCE_MACRO_F1,8,7,S1:EMAd_0.1,0.0,0.0,106,EXECUTED
EXP-XAI-0001,MODEL-C1,PERMUTATION_IMPORTANCE_MACRO_F1,8,8,S2:dR,0.001209983589578012,0.0009200601211790858,61,EXECUTED
EXP-XAI-0001,MODEL-C1,PERMUTATION_IMPORTANCE_MACRO_F1,8,9,S2:dR_norm,0.02786069650245121,0.006136514369837671,3,EXECUTED
EXP-XAI-0001,MODEL-C1,PERMUTATION_IMPORTANCE_MACRO_F1,8,10,S2:EMAi_0.001,0.00011249502974344238,0.0002249900594868848,92,EXECUTED
EXP-XAI-0001,MODEL-C1,PERMUTATION_IMPORTANCE_MACRO_F1,8,11,S2:EMAi_0.01,0.0005363881870836473,0.0009174177553513588,75,EXECUTED
EXP-XAI-0001,MODEL-C1,PERMUTATION_IMPORTANCE_MACRO_F1,8,12,S2:EMAi_0.1,0.00042082683714055323,0.0010094773530012631,81,EXECUTED
EXP-XAI-0001,MODEL-C1,PERMUTATION_IMPORTANCE_MACRO_F1,8,13,S2:EMAd_0.001,0.0015360458846649383,0.0002130685348281647,54,EXECUTED
EXP-XAI-0001,MODEL-C1,PERMUTATION_IMPORTANCE_MACRO_F1,8,14,S2:EMAd_0.01,0.0010004220817503295,0.00021897346651655877,66,EXECUTED
EXP-XAI-0001,MODEL-C1,PERMUTATION_IMPORTANCE_MACRO_F1,8,15,S2:EMAd_0.1,0.0004177166764846918,0.0010700995588269358,83,EXECUTED
EXP-XAI-0001,MODEL-C1,PERMUTATION_IMPORTANCE_MACRO_F1,8,16,S3:dR,0.013719950399479163,0.0023335784721074484,10,EXECUTED
EXP-XAI-0001,MODEL-C1,PERMUTATION_IMPORTANCE_MACRO_F1,8,17,S3:dR_norm,0.0014039687447693794,0.0022595080842149405,58,EXECUTED
EXP-XAI-0001,MODEL-C1,PERMUTATION_IMPORTANCE_MACRO_F1,8,18,S3:EMAi_0.001,0.0030343944568081427,0.00228871249536444,32,EXECUTED
EXP-XAI-0001,MODEL-C1,PERMUTATION_IMPORTANCE_MACRO_F1,8,19,S3:EMAi_0.01,-0.0004997832735745167,0.001582166210677496,121,EXECUTED
EXP-XAI-0001,MODEL-C1,PERMUTATION_IMPORTANCE_MACRO_F1,8,20,S3:EMAi_0.1,0.00010942870954379069,0.0004258506812260746,96,EXECUTED
EXP-XAI-0001,MODEL-C1,PERMUTATION_IMPORTANCE_MACRO_F1,8,21,S3:EMAd_0.001,0.0014098033856874913,0.003691493639788171,57,EXECUTED
EXP-XAI-0001,MODEL-C1,PERMUTATION_IMPORTANCE_MACRO_F1,8,22,S3:EMAd_0.01,0.0004913516751231639,0.0017857460290437784,77,EXECUTED
EXP-XAI-0001,MODEL-C1,PERMUTATION_IMPORTANCE_MACRO_F1,8,23,S3:EMAd_0.1,0.000976382392696129,0.001069588497120544,68,EXECUTED
EXP-XAI-0001,MODEL-C1,PERMUTATION_IMPORTANCE_MACRO_F1,8,24,S4:dR,0.030715805273012285,0.005352665222262466,2,EXECUTED
EXP-XAI-0001,MODEL-C1,PERMUTATION_IMPORTANCE_MACRO_F1,8,25,S4:dR_norm,0.002308828023345877,0.0008084775434214594,43,EXECUTED
EXP-XAI-0001,MODEL-C1,PERMUTATION_IMPORTANCE_MACRO_F1,8,26,S4:EMAi_0.001,0.004476901189056337,0.0021639432495264683,29,EXECUTED
EXP-XAI-0001,MODEL-C1,PERMUTATION_IMPORTANCE_MACRO_F1,8,27,S4:EMAi_0.01,0.000215730797851299,0.0018619832711405707,90,EXECUTED
EXP-XAI-0001,MODEL-C1,PERMUTATION_IMPORTANCE_MACRO_F1,8,28,S4:EMAi_0.1,-0.0003308726695653963,0.0006684423219902669,117,EXECUTED
EXP-XAI-0001,MODEL-C1,PERMUTATION_IMPORTANCE_MACRO_F1,8,29,S4:EMAd_0.001,0.0016405231285344767,0.002941316090667576,51,EXECUTED
EXP-XAI-0001,MODEL-C1,PERMUTATION_IMPORTANCE_MACRO_F1,8,30,S4:EMAd_0.01,0.001092024530600022,0.002815200628974425,63,EXECUTED
EXP-XAI-0001,MODEL-C1,PERMUTATION_IMPORTANCE_MACRO_F1,8,31,S4:EMAd_0.1,0.004538116818302384,0.0017212892374433501,28,EXECUTED
EXP-XAI-0001,MODEL-C1,PERMUTATION_IMPORTANCE_MACRO_F1,8,32,S5:dR,0.01671897557728199,0.0053048397389173305,8,EXECUTED
EXP-XAI-0001,MODEL-C1,PERMUTATION_IMPORTANCE_MACRO_F1,8,33,S5:dR_norm,0.0052209670675627765,0.0018570313967286598,24,EXECUTED
EXP-XAI-0001,MODEL-C1,PERMUTATION_IMPORTANCE_MACRO_F1,8,34,S5:EMAi_0.001,0.0010758564073697463,0.0016090220687389083,64,EXECUTED
EXP-XAI-0001,MODEL-C1,PERMUTATION_IMPORTANCE_MACRO_F1,8,35,S5:EMAi_0.01,0.007358660953241269,0.005750733922433471,18,EXECUTED
EXP-XAI-0001,MODEL-C1,PERMUTATION_IMPORTANCE_MACRO_F1,8,36,S5:EMAi_0.1,0.008866492033945083,0.002391656089102355,14,EXECUTED
EXP-XAI-0001,MODEL-C1,PERMUTATION_IMPORTANCE_MACRO_F1,8,37,S5:EMAd_0.001,0.005244087780467121,0.002668962906893159,23,EXECUTED
EXP-XAI-0001,MODEL-C1,PERMUTATION_IMPORTANCE_MACRO_F1,8,38,S5:EMAd_0.01,0.0022393512772224677,0.0019731711057662657,44,EXECUTED
EXP-XAI-0001,MODEL-C1,PERMUTATION_IMPORTANCE_MACRO_F1,8,39,S5:EMAd_0.1,0.009288813446937726,0.009130949802295925,12,EXECUTED
EXP-XAI-0001,MODEL-C1,PERMUTATION_IMPORTANCE_MACRO_F1,8,40,S6:dR,0.008979800109793778,0.004762616245800361,13,EXECUTED
EXP-XAI-0001,MODEL-C1,PERMUTATION_IMPORTANCE_MACRO_F1,8,41,S6:dR_norm,0.005218027181578688,0.001885144344711556,25,EXECUTED
EXP-XAI-0001,MODEL-C1,PERMUTATION_IMPORTANCE_MACRO_F1,8,42,S6:EMAi_0.001,0.0007409414562916771,0.0014818829125833543,72,EXECUTED
EXP-XAI-0001,MODEL-C1,PERMUTATION_IMPORTANCE_MACRO_F1,8,43,S6:EMAi_0.01,0.0086886350949112,0.005894353365644698,15,EXECUTED
EXP-XAI-0001,MODEL-C1,PERMUTATION_IMPORTANCE_MACRO_F1,8,44,S6:EMAi_0.1,0.002226963472670762,0.0034317845407913477,45,EXECUTED
EXP-XAI-0001,MODEL-C1,PERMUTATION_IMPORTANCE_MACRO_F1,8,45,S6:EMAd_0.001,0.002765811104403837,0.0021741539966710307,37,EXECUTED
EXP-XAI-0001,MODEL-C1,PERMUTATION_IMPORTANCE_MACRO_F1,8,46,S6:EMAd_0.01,0.0004354034780571614,0.0007314677060578862,80,EXECUTED
EXP-XAI-0001,MODEL-C1,PERMUTATION_IMPORTANCE_MACRO_F1,8,47,S6:EMAd_0.1,0.002484192270813057,0.0022922679644441476,41,EXECUTED
EXP-XAI-0001,MODEL-C1,PERMUTATION_IMPORTANCE_MACRO_F1,8,48,S7:dR,0.0022228243688750316,0.0018149284971892936,46,EXECUTED
EXP-XAI-0001,MODEL-C1,PERMUTATION_IMPORTANCE_MACRO_F1,8,49,S7:dR_norm,0.0005351235015703893,0.0014004889588254757,76,EXECUTED
EXP-XAI-0001,MODEL-C1,PERMUTATION_IMPORTANCE_MACRO_F1,8,50,S7:EMAi_0.001,-0.00014894766992973318,0.0028887858429702136,116,EXECUTED
EXP-XAI-0001,MODEL-C1,PERMUTATION_IMPORTANCE_MACRO_F1,8,51,S7:EMAi_0.01,0.000475020122563119,0.002231105009885888,79,EXECUTED
EXP-XAI-0001,MODEL-C1,PERMUTATION_IMPORTANCE_MACRO_F1,8,52,S7:EMAi_0.1,0.0016194872938790294,0.0027498537701530754,52,EXECUTED
EXP-XAI-0001,MODEL-C1,PERMUTATION_IMPORTANCE_MACRO_F1,8,53,S7:EMAd_0.001,-0.001443337050984661,0.0029425260706069443,128,EXECUTED
EXP-XAI-0001,MODEL-C1,PERMUTATION_IMPORTANCE_MACRO_F1,8,54,S7:EMAd_0.01,-0.0005933798008604275,0.0021504818114881316,122,EXECUTED
EXP-XAI-0001,MODEL-C1,PERMUTATION_IMPORTANCE_MACRO_F1,8,55,S7:EMAd_0.1,-4.547675692354591e-05,0.003771918176477944,114,EXECUTED
EXP-XAI-0001,MODEL-C1,PERMUTATION_IMPORTANCE_MACRO_F1,8,56,S8:dR,0.005713711038498004,0.0010387220281099837,22,EXECUTED
EXP-XAI-0001,MODEL-C1,PERMUTATION_IMPORTANCE_MACRO_F1,8,57,S8:dR_norm,0.0020271887561026268,0.0019448250615184215,48,EXECUTED
EXP-XAI-0001,MODEL-C1,PERMUTATION_IMPORTANCE_MACRO_F1,8,58,S8:EMAi_0.001,-0.00048098075873816983,0.002657388717065727,118,EXECUTED
EXP-XAI-0001,MODEL-C1,PERMUTATION_IMPORTANCE_MACRO_F1,8,59,S8:EMAi_0.01,0.00015997850851637852,0.0011463362816688653,91,EXECUTED
EXP-XAI-0001,MODEL-C1,PERMUTATION_IMPORTANCE_MACRO_F1,8,60,S8:EMAi_0.1,0.0011004457668710166,0.0007732700315457953,62,EXECUTED
EXP-XAI-0001,MODEL-C1,PERMUTATION_IMPORTANCE_MACRO_F1,8,61,S8:EMAd_0.001,2.6550901293220797e-05,0.003345934049196239,99,EXECUTED
EXP-XAI-0001,MODEL-C1,PERMUTATION_IMPORTANCE_MACRO_F1,8,62,S8:EMAd_0.01,-0.0007068646930425305,0.00236589136492433,124,EXECUTED
EXP-XAI-0001,MODEL-C1,PERMUTATION_IMPORTANCE_MACRO_F1,8,63,S8:EMAd_0.1,0.0008909353484920501,0.0002681866300869932,69,EXECUTED
EXP-XAI-0001,MODEL-C1,PERMUTATION_IMPORTANCE_MACRO_F1,8,64,S9:dR,0.0005624751487172119,0.0,73,EXECUTED
EXP-XAI-0001,MODEL-C1,PERMUTATION_IMPORTANCE_MACRO_F1,8,65,S9:dR_norm,0.001591880746126062,0.0030901280875208544,53,EXECUTED
EXP-XAI-0001,MODEL-C1,PERMUTATION_IMPORTANCE_MACRO_F1,8,66,S9:EMAi_0.001,0.00011249502974344238,0.0002249900594868848,93,EXECUTED
EXP-XAI-0001,MODEL-C1,PERMUTATION_IMPORTANCE_MACRO_F1,8,67,S9:EMAi_0.01,0.00011249502974344238,0.0002249900594868848,94,EXECUTED
EXP-XAI-0001,MODEL-C1,PERMUTATION_IMPORTANCE_MACRO_F1,8,68,S9:EMAi_0.1,0.00011249502974344238,0.0002249900594868848,95,EXECUTED
EXP-XAI-0001,MODEL-C1,PERMUTATION_IMPORTANCE_MACRO_F1,8,69,S9:EMAd_0.001,0.0007814486152337707,0.0002681866300869933,70,EXECUTED
EXP-XAI-0001,MODEL-C1,PERMUTATION_IMPORTANCE_MACRO_F1,8,70,S9:EMAd_0.01,0.0005624751487172119,0.0,74,EXECUTED
EXP-XAI-0001,MODEL-C1,PERMUTATION_IMPORTANCE_MACRO_F1,8,71,S9:EMAd_0.1,0.00042082683714055323,0.0010094773530012631,82,EXECUTED
EXP-XAI-0001,MODEL-C1,PERMUTATION_IMPORTANCE_MACRO_F1,8,72,S10:dR,0.0007814486152337707,0.0002681866300869933,71,EXECUTED
EXP-XAI-0001,MODEL-C1,PERMUTATION_IMPORTANCE_MACRO_F1,8,73,S10:dR_norm,0.0015227241042447327,0.0022710207300248937,55,EXECUTED
EXP-XAI-0001,MODEL-C1,PERMUTATION_IMPORTANCE_MACRO_F1,8,74,S10:EMAi_0.001,0.0,0.0,107,EXECUTED
EXP-XAI-0001,MODEL-C1,PERMUTATION_IMPORTANCE_MACRO_F1,8,75,S10:EMAi_0.01,0.0,0.0,108,EXECUTED
EXP-XAI-0001,MODEL-C1,PERMUTATION_IMPORTANCE_MACRO_F1,8,76,S10:EMAi_0.1,0.0,0.0,109,EXECUTED
EXP-XAI-0001,MODEL-C1,PERMUTATION_IMPORTANCE_MACRO_F1,8,77,S10:EMAd_0.001,0.0012164430824226913,0.0002130685348281647,60,EXECUTED
EXP-XAI-0001,MODEL-C1,PERMUTATION_IMPORTANCE_MACRO_F1,8,78,S10:EMAd_0.01,0.0009974696159061325,0.000404942742579943,67,EXECUTED
EXP-XAI-0001,MODEL-C1,PERMUTATION_IMPORTANCE_MACRO_F1,8,79,S10:EMAd_0.1,0.0,0.0,110,EXECUTED
EXP-XAI-0001,MODEL-C1,PERMUTATION_IMPORTANCE_MACRO_F1,8,80,S11:dR,0.00651066012041307,0.002281643873093312,21,EXECUTED
EXP-XAI-0001,MODEL-C1,PERMUTATION_IMPORTANCE_MACRO_F1,8,81,S11:dR_norm,0.0018724718521933692,0.0006549983517380786,50,EXECUTED
EXP-XAI-0001,MODEL-C1,PERMUTATION_IMPORTANCE_MACRO_F1,8,82,S11:EMAi_0.001,0.0030343944568081427,0.00228871249536444,33,EXECUTED
EXP-XAI-0001,MODEL-C1,PERMUTATION_IMPORTANCE_MACRO_F1,8,83,S11:EMAi_0.01,-0.0007278396532610532,0.0014922396413826226,126,EXECUTED
EXP-XAI-0001,MODEL-C1,PERMUTATION_IMPORTANCE_MACRO_F1,8,84,S11:EMAi_0.1,0.00022499005948688476,0.00027555542147065067,87,EXECUTED
EXP-XAI-0001,MODEL-C1,PERMUTATION_IMPORTANCE_MACRO_F1,8,85,S11:EMAd_0.001,0.0004913516751231639,0.0017857460290437784,78,EXECUTED
EXP-XAI-0001,MODEL-C1,PERMUTATION_IMPORTANCE_MACRO_F1,8,86,S11:EMAd_0.01,0.00027828314029499924,0.0016632513494272195,85,EXECUTED
EXP-XAI-0001,MODEL-C1,PERMUTATION_IMPORTANCE_MACRO_F1,8,87,S11:EMAd_0.1,0.003198507360194047,0.001996041783504167,31,EXECUTED
EXP-XAI-0001,MODEL-C1,PERMUTATION_IMPORTANCE_MACRO_F1,8,88,S12:dR,0.018394670717556117,0.005954697528662949,7,EXECUTED
EXP-XAI-0001,MODEL-C1,PERMUTATION_IMPORTANCE_MACRO_F1,8,89,S12:dR_norm,0.001980392378524931,0.000822319461184526,49,EXECUTED
EXP-XAI-0001,MODEL-C1,PERMUTATION_IMPORTANCE_MACRO_F1,8,90,S12:EMAi_0.001,0.0035055612030496786,0.0011362562504991795,30,EXECUTED
EXP-XAI-0001,MODEL-C1,PERMUTATION_IMPORTANCE_MACRO_F1,8,91,S12:EMAi_0.01,0.00010775186800396908,0.0016878058343059086,97,EXECUTED
EXP-XAI-0001,MODEL-C1,PERMUTATION_IMPORTANCE_MACRO_F1,8,92,S12:EMAi_0.1,0.0002158491226024184,0.0006781476572067557,88,EXECUTED
EXP-XAI-0001,MODEL-C1,PERMUTATION_IMPORTANCE_MACRO_F1,8,93,S12:EMAd_0.001,0.0,0.0,111,EXECUTED
EXP-XAI-0001,MODEL-C1,PERMUTATION_IMPORTANCE_MACRO_F1,8,94,S12:EMAd_0.01,0.0,0.0,112,EXECUTED
EXP-XAI-0001,MODEL-C1,PERMUTATION_IMPORTANCE_MACRO_F1,8,95,S12:EMAd_0.1,0.004591889007067629,0.0017013269312879118,27,EXECUTED
EXP-XAI-0001,MODEL-C1,PERMUTATION_IMPORTANCE_MACRO_F1,8,96,S13:dR,0.03312607901177793,0.004925291000685696,1,EXECUTED
EXP-XAI-0001,MODEL-C1,PERMUTATION_IMPORTANCE_MACRO_F1,8,97,S13:dR_norm,0.007061813593361499,0.0013352966140688703,20,EXECUTED
EXP-XAI-0001,MODEL-C1,PERMUTATION_IMPORTANCE_MACRO_F1,8,98,S13:EMAi_0.001,0.0021688840964204092,0.004594902180213317,47,EXECUTED
EXP-XAI-0001,MODEL-C1,PERMUTATION_IMPORTANCE_MACRO_F1,8,99,S13:EMAi_0.01,0.019607962607694863,0.010491629373333021,5,EXECUTED
EXP-XAI-0001,MODEL-C1,PERMUTATION_IMPORTANCE_MACRO_F1,8,100,S13:EMAi_0.1,0.014424652236063628,0.009372264178945227,9,EXECUTED
EXP-XAI-0001,MODEL-C1,PERMUTATION_IMPORTANCE_MACRO_F1,8,101,S13:EMAd_0.001,0.00502099467622269,0.0032208223164550457,26,EXECUTED
EXP-XAI-0001,MODEL-C1,PERMUTATION_IMPORTANCE_MACRO_F1,8,102,S13:EMAd_0.01,0.0027379119084927073,0.0013920498892865795,38,EXECUTED
EXP-XAI-0001,MODEL-C1,PERMUTATION_IMPORTANCE_MACRO_F1,8,103,S13:EMAd_0.1,0.0024326681200725897,0.0021863984681697373,42,EXECUTED
EXP-XAI-0001,MODEL-C1,PERMUTATION_IMPORTANCE_MACRO_F1,8,104,S14:dR,0.026134552564675284,0.007181401051242698,4,EXECUTED
EXP-XAI-0001,MODEL-C1,PERMUTATION_IMPORTANCE_MACRO_F1,8,105,S14:dR_norm,0.010162491251025507,0.002207955080701013,11,EXECUTED
EXP-XAI-0001,MODEL-C1,PERMUTATION_IMPORTANCE_MACRO_F1,8,106,S14:EMAi_0.001,0.00295426624330678,0.0033804151878664306,35,EXECUTED
EXP-XAI-0001,MODEL-C1,PERMUTATION_IMPORTANCE_MACRO_F1,8,107,S14:EMAi_0.01,0.01948454792473172,0.010360396343002119,6,EXECUTED
EXP-XAI-0001,MODEL-C1,PERMUTATION_IMPORTANCE_MACRO_F1,8,108,S14:EMAi_0.1,0.002928561322877621,0.0031330607034743144,36,EXECUTED
EXP-XAI-0001,MODEL-C1,PERMUTATION_IMPORTANCE_MACRO_F1,8,109,S14:EMAd_0.001,0.0029637658251667085,0.0014818829125833543,34,EXECUTED
EXP-XAI-0001,MODEL-C1,PERMUTATION_IMPORTANCE_MACRO_F1,8,110,S14:EMAd_0.01,0.0025525990436485848,0.002084188391618453,40,EXECUTED
EXP-XAI-0001,MODEL-C1,PERMUTATION_IMPORTANCE_MACRO_F1,8,111,S14:EMAd_0.1,0.002613094507450009,0.002122930510981448,39,EXECUTED
EXP-XAI-0001,MODEL-C1,PERMUTATION_IMPORTANCE_MACRO_F1,8,112,S15:dR,0.00837224771968138,0.001070682258857525,16,EXECUTED
EXP-XAI-0001,MODEL-C1,PERMUTATION_IMPORTANCE_MACRO_F1,8,113,S15:dR_norm,0.0002158491226024184,0.0006781476572067557,89,EXECUTED
EXP-XAI-0001,MODEL-C1,PERMUTATION_IMPORTANCE_MACRO_F1,8,114,S15:EMAi_0.001,0.0010468371888849083,0.003485960868443053,65,EXECUTED
EXP-XAI-0001,MODEL-C1,PERMUTATION_IMPORTANCE_MACRO_F1,8,115,S15:EMAi_0.01,-6.389595540640114e-05,0.0008787809987595656,115,EXECUTED
EXP-XAI-0001,MODEL-C1,PERMUTATION_IMPORTANCE_MACRO_F1,8,116,S15:EMAi_0.1,0.0015134554780276588,0.002229139159382366,56,EXECUTED
EXP-XAI-0001,MODEL-C1,PERMUTATION_IMPORTANCE_MACRO_F1,8,117,S15:EMAd_0.001,-0.0004829255038720226,0.001943353443183892,119,EXECUTED
EXP-XAI-0001,MODEL-C1,PERMUTATION_IMPORTANCE_MACRO_F1,8,118,S15:EMAd_0.01,-0.0008133989604566128,0.002267652394073593,127,EXECUTED
EXP-XAI-0001,MODEL-C1,PERMUTATION_IMPORTANCE_MACRO_F1,8,119,S15:EMAd_0.1,0.00027828314029499924,0.0016632513494272195,86,EXECUTED
EXP-XAI-0001,MODEL-C1,PERMUTATION_IMPORTANCE_MACRO_F1,8,120,S16:dR,0.008260225809386134,0.0016677900934146301,17,EXECUTED
EXP-XAI-0001,MODEL-C1,PERMUTATION_IMPORTANCE_MACRO_F1,8,121,S16:dR_norm,0.0013234437437470658,0.0008936874610175974,59,EXECUTED
EXP-XAI-0001,MODEL-C1,PERMUTATION_IMPORTANCE_MACRO_F1,8,122,S16:EMAi_0.001,-0.0007116715300307774,0.002760707603379862,125,EXECUTED
EXP-XAI-0001,MODEL-C1,PERMUTATION_IMPORTANCE_MACRO_F1,8,123,S16:EMAi_0.01,6.579383866524013e-05,0.0016531144069869745,98,EXECUTED
EXP-XAI-0001,MODEL-C1,PERMUTATION_IMPORTANCE_MACRO_F1,8,124,S16:EMAi_0.1,0.0003843660172335284,0.0006046151915140213,84,EXECUTED
EXP-XAI-0001,MODEL-C1,PERMUTATION_IMPORTANCE_MACRO_F1,8,125,S16:EMAd_0.001,-0.0004883585453773987,0.0021649624665620744,120,EXECUTED
EXP-XAI-0001,MODEL-C1,PERMUTATION_IMPORTANCE_MACRO_F1,8,126,S16:EMAd_0.01,-0.0005933798008604275,0.0021504818114881316,123,EXECUTED
EXP-XAI-0001,MODEL-C1,PERMUTATION_IMPORTANCE_MACRO_F1,8,127,S16:EMAd_0.1,0.0,0.0,113,EXECUTED
EXP-XAI-0001,MODEL-C1,PERMUTATION_IMPORTANCE_MACRO_F1,9,0,S1:dR,0.0,0.0,5,EXECUTED
EXP-XAI-0001,MODEL-C1,PERMUTATION_IMPORTANCE_MACRO_F1,9,1,S1:dR_norm,-0.0004367642573668562,0.00020434016896734864,71,EXECUTED
EXP-XAI-0001,MODEL-C1,PERMUTATION_IMPORTANCE_MACRO_F1,9,2,S1:EMAi_0.001,0.0,0.0,6,EXECUTED
EXP-XAI-0001,MODEL-C1,PERMUTATION_IMPORTANCE_MACRO_F1,9,3,S1:EMAi_0.01,0.0,0.0,7,EXECUTED
EXP-XAI-0001,MODEL-C1,PERMUTATION_IMPORTANCE_MACRO_F1,9,4,S1:EMAi_0.1,0.0,0.0,8,EXECUTED
EXP-XAI-0001,MODEL-C1,PERMUTATION_IMPORTANCE_MACRO_F1,9,5,S1:EMAd_0.001,-2.3127291716185107e-05,4.625458343237022e-05,33,EXECUTED
EXP-XAI-0001,MODEL-C1,PERMUTATION_IMPORTANCE_MACRO_F1,9,6,S1:EMAd_0.01,-2.3127291716185107e-05,4.625458343237022e-05,34,EXECUTED
EXP-XAI-0001,MODEL-C1,PERMUTATION_IMPORTANCE_MACRO_F1,9,7,S1:EMAd_0.1,0.0,0.0,9,EXECUTED
EXP-XAI-0001,MODEL-C1,PERMUTATION_IMPORTANCE_MACRO_F1,9,8,S2:dR,0.0,0.0,10,EXECUTED
EXP-XAI-0001,MODEL-C1,PERMUTATION_IMPORTANCE_MACRO_F1,9,9,S2:dR_norm,-0.0003703780265127077,0.0015715154957869119,70,EXECUTED
EXP-XAI-0001,MODEL-C1,PERMUTATION_IMPORTANCE_MACRO_F1,9,10,S2:EMAi_0.001,0.0,0.0,11,EXECUTED
EXP-XAI-0001,MODEL-C1,PERMUTATION_IMPORTANCE_MACRO_F1,9,11,S2:EMAi_0.01,-0.000163253311077205,5.831849588662804e-05,62,EXECUTED
EXP-XAI-0001,MODEL-C1,PERMUTATION_IMPORTANCE_MACRO_F1,9,12,S2:EMAi_0.1,-6.938187514855531e-05,5.665006383714978e-05,50,EXECUTED
EXP-XAI-0001,MODEL-C1,PERMUTATION_IMPORTANCE_MACRO_F1,9,13,S2:EMAd_0.001,-2.3127291716185107e-05,4.625458343237022e-05,35,EXECUTED
EXP-XAI-0001,MODEL-C1,PERMUTATION_IMPORTANCE_MACRO_F1,9,14,S2:EMAd_0.01,-2.3807212674881172e-05,8.544796729898896e-05,41,EXECUTED
EXP-XAI-0001,MODEL-C1,PERMUTATION_IMPORTANCE_MACRO_F1,9,15,S2:EMAd_0.1,-0.0002836603025012763,5.9990101396380306e-05,66,EXECUTED
EXP-XAI-0001,MODEL-C1,PERMUTATION_IMPORTANCE_MACRO_F1,9,16,S3:dR,-0.0010592176139609332,0.0023422556768644934,76,EXECUTED
EXP-XAI-0001,MODEL-C1,PERMUTATION_IMPORTANCE_MACRO_F1,9,17,S3:dR_norm,-4.6254583432370214e-05,5.665006383714978e-05,42,EXECUTED
EXP-XAI-0001,MODEL-C1,PERMUTATION_IMPORTANCE_MACRO_F1,9,18,S3:EMAi_0.001,-0.0037908913717769445,0.003095548156969835,92,EXECUTED
EXP-XAI-0001,MODEL-C1,PERMUTATION_IMPORTANCE_MACRO_F1,9,19,S3:EMAi_0.01,-0.007451985971316177,0.0046105480302313815,102,EXECUTED
EXP-XAI-0001,MODEL-C1,PERMUTATION_IMPORTANCE_MACRO_F1,9,20,S3:EMAi_0.1,-0.00127932248089771,0.00255864496179542,79,EXECUTED
EXP-XAI-0001,MODEL-C1,PERMUTATION_IMPORTANCE_MACRO_F1,9,21,S3:EMAd_0.001,-0.017224214423090002,0.0023786313934029838,115,EXECUTED
EXP-XAI-0001,MODEL-C1,PERMUTATION_IMPORTANCE_MACRO_F1,9,22,S3:EMAd_0.01,-0.012466202809521126,0.005292861449519413,110,EXECUTED
EXP-XAI-0001,MODEL-C1,PERMUTATION_IMPORTANCE_MACRO_F1,9,23,S3:EMAd_0.1,-4.6254583432370214e-05,5.665006383714978e-05,43,EXECUTED
EXP-XAI-0001,MODEL-C1,PERMUTATION_IMPORTANCE_MACRO_F1,9,24,S4:dR,-0.0067881889673465255,0.002561798759364683,101,EXECUTED
EXP-XAI-0001,MODEL-C1,PERMUTATION_IMPORTANCE_MACRO_F1,9,25,S4:dR_norm,-0.00011631759311288014,7.421657475552575e-05,57,EXECUTED
EXP-XAI-0001,MODEL-C1,PERMUTATION_IMPORTANCE_MACRO_F1,9,26,S4:EMAi_0.001,4.4894741514978076e-05,5.4984604422920453e-05,2,EXECUTED
EXP-XAI-0001,MODEL-C1,PERMUTATION_IMPORTANCE_MACRO_F1,9,27,S4:EMAi_0.01,-0.00127932248089771,0.00255864496179542,80,EXECUTED
EXP-XAI-0001,MODEL-C1,PERMUTATION_IMPORTANCE_MACRO_F1,9,28,S4:EMAi_0.1,-2.3127291716185107e-05,4.625458343237022e-05,36,EXECUTED
EXP-XAI-0001,MODEL-C1,PERMUTATION_IMPORTANCE_MACRO_F1,9,29,S4:EMAd_0.001,-0.011192674511101624,0.00441173653936461,106,EXECUTED
EXP-XAI-0001,MODEL-C1,PERMUTATION_IMPORTANCE_MACRO_F1,9,30,S4:EMAd_0.01,-0.009906536657345139,0.004771740114882671,104,EXECUTED
EXP-XAI-0001,MODEL-C1,PERMUTATION_IMPORTANCE_MACRO_F1,9,31,S4:EMAd_0.1,-0.0075005802621117505,0.004662910157204799,103,EXECUTED
EXP-XAI-0001,MODEL-C1,PERMUTATION_IMPORTANCE_MACRO_F1,9,32,S5:dR,-0.0012795916581144983,0.0025010969981220437,83,EXECUTED
EXP-XAI-0001,MODEL-C1,PERMUTATION_IMPORTANCE_MACRO_F1,9,33,S5:dR_norm,0.0,0.0,12,EXECUTED
EXP-XAI-0001,MODEL-C1,PERMUTATION_IMPORTANCE_MACRO_F1,9,34,S5:EMAi_0.001,0.0,0.0,13,EXECUTED
EXP-XAI-0001,MODEL-C1,PERMUTATION_IMPORTANCE_MACRO_F1,9,35,S5:EMAi_0.01,-0.0019386443387112706,0.0003246991036197117,88,EXECUTED
EXP-XAI-0001,MODEL-C1,PERMUTATION_IMPORTANCE_MACRO_F1,9,36,S5:EMAi_0.1,0.000904036072469161,6.233196357443191e-05,1,EXECUTED
EXP-XAI-0001,MODEL-C1,PERMUTATION_IMPORTANCE_MACRO_F1,9,37,S5:EMAd_0.001,0.0,0.0,14,EXECUTED
EXP-XAI-0001,MODEL-C1,PERMUTATION_IMPORTANCE_MACRO_F1,9,38,S5:EMAd_0.01,0.0,0.0,15,EXECUTED
EXP-XAI-0001,MODEL-C1,PERMUTATION_IMPORTANCE_MACRO_F1,9,39,S5:EMAd_0.1,-0.0009339909310133121,0.0026735055604315892,75,EXECUTED
EXP-XAI-0001,MODEL-C1,PERMUTATION_IMPORTANCE_MACRO_F1,9,40,S6:dR,-0.00013944488482906526,4.761685249627945e-05,60,EXECUTED
EXP-XAI-0001,MODEL-C1,PERMUTATION_IMPORTANCE_MACRO_F1,9,41,S6:dR_norm,-0.00013944488482906526,4.7616852496279447e-05,61,EXECUTED
EXP-XAI-0001,MODEL-C1,PERMUTATION_IMPORTANCE_MACRO_F1,9,42,S6:EMAi_0.001,-4.6254583432370214e-05,5.665006383714978e-05,44,EXECUTED
EXP-XAI-0001,MODEL-C1,PERMUTATION_IMPORTANCE_MACRO_F1,9,43,S6:EMAi_0.01,-0.0014646970434412266,0.00022975468980104664,87,EXECUTED
EXP-XAI-0001,MODEL-C1,PERMUTATION_IMPORTANCE_MACRO_F1,9,44,S6:EMAi_0.1,-0.00035918291735267396,0.00013415490294984216,69,EXECUTED
EXP-XAI-0001,MODEL-C1,PERMUTATION_IMPORTANCE_MACRO_F1,9,45,S6:EMAd_0.001,0.0,0.0,16,EXECUTED
EXP-XAI-0001,MODEL-C1,PERMUTATION_IMPORTANCE_MACRO_F1,9,46,S6:EMAd_0.01,0.0,0.0,17,EXECUTED
EXP-XAI-0001,MODEL-C1,PERMUTATION_IMPORTANCE_MACRO_F1,9,47,S6:EMAd_0.1,-0.00127932248089771,0.00255864496179542,81,EXECUTED
EXP-XAI-0001,MODEL-C1,PERMUTATION_IMPORTANCE_MACRO_F1,9,48,S7:dR,0.0,0.0,18,EXECUTED
EXP-XAI-0001,MODEL-C1,PERMUTATION_IMPORTANCE_MACRO_F1,9,49,S7:dR_norm,-0.013781559468679067,0.0044510442882318224,111,EXECUTED
EXP-XAI-0001,MODEL-C1,PERMUTATION_IMPORTANCE_MACRO_F1,9,50,S7:EMAi_0.001,-0.01833746839033168,0.003580382526944426,120,EXECUTED
EXP-XAI-0001,MODEL-C1,PERMUTATION_IMPORTANCE_MACRO_F1,9,51,S7:EMAi_0.01,-0.017643491892432233,0.006892106405833965,119,EXECUTED
EXP-XAI-0001,MODEL-C1,PERMUTATION_IMPORTANCE_MACRO_F1,9,52,S7:EMAi_0.1,-0.0003367408937607175,0.00019523215680125166,68,EXECUTED
EXP-XAI-0001,MODEL-C1,PERMUTATION_IMPORTANCE_MACRO_F1,9,53,S7:EMAd_0.001,-0.02437743648378552,0.003598652951634344,126,EXECUTED
EXP-XAI-0001,MODEL-C1,PERMUTATION_IMPORTANCE_MACRO_F1,9,54,S7:EMAd_0.01,-0.02096624753050212,0.002845450791580002,124,EXECUTED
EXP-XAI-0001,MODEL-C1,PERMUTATION_IMPORTANCE_MACRO_F1,9,55,S7:EMAd_0.1,-0.03188537109957288,0.008004912931317937,128,EXECUTED
EXP-XAI-0001,MODEL-C1,PERMUTATION_IMPORTANCE_MACRO_F1,9,56,S8:dR,-0.00011631759311288014,7.421657475552575e-05,58,EXECUTED
EXP-XAI-0001,MODEL-C1,PERMUTATION_IMPORTANCE_MACRO_F1,9,57,S8:dR_norm,-0.012441286807945262,0.005318891989524404,109,EXECUTED
EXP-XAI-0001,MODEL-C1,PERMUTATION_IMPORTANCE_MACRO_F1,9,58,S8:EMAi_0.001,-0.01215491682247602,0.008456205423209398,107,EXECUTED
EXP-XAI-0001,MODEL-C1,PERMUTATION_IMPORTANCE_MACRO_F1,9,59,S8:EMAi_0.01,-0.005438769563200646,0.0024834852133993764,97,EXECUTED
EXP-XAI-0001,MODEL-C1,PERMUTATION_IMPORTANCE_MACRO_F1,9,60,S8:EMAi_0.1,-0.00023672458453695145,0.00013041718618471285,65,EXECUTED
EXP-XAI-0001,MODEL-C1,PERMUTATION_IMPORTANCE_MACRO_F1,9,61,S8:EMAd_0.001,-0.02323757144806493,0.00434794363764544,125,EXECUTED
EXP-XAI-0001,MODEL-C1,PERMUTATION_IMPORTANCE_MACRO_F1,9,62,S8:EMAd_0.01,-0.01748598982020791,0.0025147455303218655,118,EXECUTED
EXP-XAI-0001,MODEL-C1,PERMUTATION_IMPORTANCE_MACRO_F1,9,63,S8:EMAd_0.1,-0.0013251663205881726,0.002477282818765577,84,EXECUTED
EXP-XAI-0001,MODEL-C1,PERMUTATION_IMPORTANCE_MACRO_F1,9,64,S9:dR,0.0,0.0,19,EXECUTED
EXP-XAI-0001,MODEL-C1,PERMUTATION_IMPORTANCE_MACRO_F1,9,65,S9:dR_norm,-6.938187514855531e-05,5.665006383714978e-05,51,EXECUTED
EXP-XAI-0001,MODEL-C1,PERMUTATION_IMPORTANCE_MACRO_F1,9,66,S9:EMAi_0.001,0.0,0.0,20,EXECUTED
EXP-XAI-0001,MODEL-C1,PERMUTATION_IMPORTANCE_MACRO_F1,9,67,S9:EMAi_0.01,0.0,0.0,21,EXECUTED
EXP-XAI-0001,MODEL-C1,PERMUTATION_IMPORTANCE_MACRO_F1,9,68,S9:EMAi_0.1,0.0,0.0,22,EXECUTED
EXP-XAI-0001,MODEL-C1,PERMUTATION_IMPORTANCE_MACRO_F1,9,69,S9:EMAd_0.001,-2.3127291716185107e-05,4.625458343237022e-05,37,EXECUTED
EXP-XAI-0001,MODEL-C1,PERMUTATION_IMPORTANCE_MACRO_F1,9,70,S9:EMAd_0.01,0.0,0.0,23,EXECUTED
EXP-XAI-0001,MODEL-C1,PERMUTATION_IMPORTANCE_MACRO_F1,9,71,S9:EMAd_0.1,-0.00021291615828881172,0.0001391884726640766,64,EXECUTED
EXP-XAI-0001,MODEL-C1,PERMUTATION_IMPORTANCE_MACRO_F1,9,72,S10:dR,-2.3127291716185107e-05,4.625458343237022e-05,38,EXECUTED
EXP-XAI-0001,MODEL-C1,PERMUTATION_IMPORTANCE_MACRO_F1,9,73,S10:dR_norm,-9.250916686474043e-05,4.625458343237022e-05,54,EXECUTED
EXP-XAI-0001,MODEL-C1,PERMUTATION_IMPORTANCE_MACRO_F1,9,74,S10:EMAi_0.001,0.0,0.0,24,EXECUTED
EXP-XAI-0001,MODEL-C1,PERMUTATION_IMPORTANCE_MACRO_F1,9,75,S10:EMAi_0.01,0.0,0.0,25,EXECUTED
EXP-XAI-0001,MODEL-C1,PERMUTATION_IMPORTANCE_MACRO_F1,9,76,S10:EMAi_0.1,0.0,0.0,26,EXECUTED
EXP-XAI-0001,MODEL-C1,PERMUTATION_IMPORTANCE_MACRO_F1,9,77,S10:EMAd_0.001,-4.6254583432370214e-05,5.665006383714978e-05,45,EXECUTED
EXP-XAI-0001,MODEL-C1,PERMUTATION_IMPORTANCE_MACRO_F1,9,78,S10:EMAd_0.01,-4.6254583432370214e-05,5.665006383714978e-05,46,EXECUTED
EXP-XAI-0001,MODEL-C1,PERMUTATION_IMPORTANCE_MACRO_F1,9,79,S10:EMAd_0.1,0.0,0.0,27,EXECUTED
EXP-XAI-0001,MODEL-C1,PERMUTATION_IMPORTANCE_MACRO_F1,9,80,S11:dR,-0.0008262509303073817,0.002508824336965295,73,EXECUTED
EXP-XAI-0001,MODEL-C1,PERMUTATION_IMPORTANCE_MACRO_F1,9,81,S11:dR_norm,-4.6254583432370214e-05,5.665006383714978e-05,47,EXECUTED
EXP-XAI-0001,MODEL-C1,PERMUTATION_IMPORTANCE_MACRO_F1,9,82,S11:EMAi_0.001,-0.0012557844454396173,0.0025115688908792346,77,EXECUTED
EXP-XAI-0001,MODEL-C1,PERMUTATION_IMPORTANCE_MACRO_F1,9,83,S11:EMAi_0.01,-0.005023137781758469,0.0025115688908792346,94,EXECUTED
EXP-XAI-0001,MODEL-C1,PERMUTATION_IMPORTANCE_MACRO_F1,9,84,S11:EMAi_0.1,0.0,0.0,28,EXECUTED
EXP-XAI-0001,MODEL-C1,PERMUTATION_IMPORTANCE_MACRO_F1,9,85,S11:EMAd_0.001,-0.01599801674092799,0.0028302739858689172,113,EXECUTED
EXP-XAI-0001,MODEL-C1,PERMUTATION_IMPORTANCE_MACRO_F1,9,86,S11:EMAd_0.01,-0.012359337513267593,0.0037416112237007807,108,EXECUTED
EXP-XAI-0001,MODEL-C1,PERMUTATION_IMPORTANCE_MACRO_F1,9,87,S11:EMAd_0.1,-4.6254583432370214e-05,5.665006383714978e-05,48,EXECUTED
EXP-XAI-0001,MODEL-C1,PERMUTATION_IMPORTANCE_MACRO_F1,9,88,S12:dR,-0.0019829798314921765,0.003071387412388819,89,EXECUTED
EXP-XAI-0001,MODEL-C1,PERMUTATION_IMPORTANCE_MACRO_F1,9,89,S12:dR_norm,-4.6254583432370214e-05,5.665006383714978e-05,49,EXECUTED
EXP-XAI-0001,MODEL-C1,PERMUTATION_IMPORTANCE_MACRO_F1,9,90,S12:EMAi_0.001,2.2447370757489038e-05,4.4894741514978076e-05,3,EXECUTED
EXP-XAI-0001,MODEL-C1,PERMUTATION_IMPORTANCE_MACRO_F1,9,91,S12:EMAi_0.01,-0.00127932248089771,0.00255864496179542,82,EXECUTED
EXP-XAI-0001,MODEL-C1,PERMUTATION_IMPORTANCE_MACRO_F1,9,92,S12:EMAi_0.1,-2.3127291716185107e-05,4.625458343237022e-05,39,EXECUTED
EXP-XAI-0001,MODEL-C1,PERMUTATION_IMPORTANCE_MACRO_F1,9,93,S12:EMAd_0.001,-0.0025115688908792346,0.003076031118251004,90,EXECUTED
EXP-XAI-0001,MODEL-C1,PERMUTATION_IMPORTANCE_MACRO_F1,9,94,S12:EMAd_0.01,-0.0012557844454396173,0.0025115688908792346,78,EXECUTED
EXP-XAI-0001,MODEL-C1,PERMUTATION_IMPORTANCE_MACRO_F1,9,95,S12:EMAd_0.1,-2.3127291716185107e-05,4.625458343237022e-05,40,EXECUTED
EXP-XAI-0001,MODEL-C1,PERMUTATION_IMPORTANCE_MACRO_F1,9,96,S13:dR,-9.319030139669504e-05,8.76304287960615e-05,56,EXECUTED
EXP-XAI-0001,MODEL-C1,PERMUTATION_IMPORTANCE_MACRO_F1,9,97,S13:dR_norm,-0.0005347260572388102,6.334363900161958e-05,72,EXECUTED
EXP-XAI-0001,MODEL-C1,PERMUTATION_IMPORTANCE_MACRO_F1,9,98,S13:EMAi_0.001,-0.00030883358893278866,9.659856517593157e-05,67,EXECUTED
EXP-XAI-0001,MODEL-C1,PERMUTATION_IMPORTANCE_MACRO_F1,9,99,S13:EMAi_0.01,-0.004005096766294158,0.0013493085935713618,93,EXECUTED
EXP-XAI-0001,MODEL-C1,PERMUTATION_IMPORTANCE_MACRO_F1,9,100,S13:EMAi_0.1,-0.0035046863760796743,0.0009910892959660326,91,EXECUTED
EXP-XAI-0001,MODEL-C1,PERMUTATION_IMPORTANCE_MACRO_F1,9,101,S13:EMAd_0.001,0.0,0.0,29,EXECUTED
EXP-XAI-0001,MODEL-C1,PERMUTATION_IMPORTANCE_MACRO_F1,9,102,S13:EMAd_0.01,0.0,0.0,30,EXECUTED
EXP-XAI-0001,MODEL-C1,PERMUTATION_IMPORTANCE_MACRO_F1,9,103,S13:EMAd_0.1,-0.00011699872764483476,0.00010495366619791728,59,EXECUTED
EXP-XAI-0001,MODEL-C1,PERMUTATION_IMPORTANCE_MACRO_F1,9,104,S14:dR,-6.938187514855531e-05,5.665006383714978e-05,52,EXECUTED
EXP-XAI-0001,MODEL-C1,PERMUTATION_IMPORTANCE_MACRO_F1,9,105,S14:dR_norm,-0.0008560525275991604,0.00016272208554712875,74,EXECUTED
EXP-XAI-0001,MODEL-C1,PERMUTATION_IMPORTANCE_MACRO_F1,9,106,S14:EMAi_0.001,-0.0014626138001329503,0.00016818910917500477,86,EXECUTED
EXP-XAI-0001,MODEL-C1,PERMUTATION_IMPORTANCE_MACRO_F1,9,107,S14:EMAi_0.01,-0.005531482756479139,0.0012167460751310623,98,EXECUTED
EXP-XAI-0001,MODEL-C1,PERMUTATION_IMPORTANCE_MACRO_F1,9,108,S14:EMAi_0.1,-0.02456098921727145,0.004255633676373956,127,EXECUTED
EXP-XAI-0001,MODEL-C1,PERMUTATION_IMPORTANCE_MACRO_F1,9,109,S14:EMAd_0.001,0.0,0.0,31,EXECUTED
EXP-XAI-0001,MODEL-C1,PERMUTATION_IMPORTANCE_MACRO_F1,9,110,S14:EMAd_0.01,-9.250916686474043e-05,4.625458343237022e-05,55,EXECUTED
EXP-XAI-0001,MODEL-C1,PERMUTATION_IMPORTANCE_MACRO_F1,9,111,S14:EMAd_0.1,-0.001397003638634231,0.002502512413175899,85,EXECUTED
EXP-XAI-0001,MODEL-C1,PERMUTATION_IMPORTANCE_MACRO_F1,9,112,S15:dR,2.176744979879297e-05,8.508455076643696e-05,4,EXECUTED
EXP-XAI-0001,MODEL-C1,PERMUTATION_IMPORTANCE_MACRO_F1,9,113,S15:dR_norm,-0.006325998298114271,5.765617641986492e-05,99,EXECUTED
EXP-XAI-0001,MODEL-C1,PERMUTATION_IMPORTANCE_MACRO_F1,9,114,S15:EMAi_0.001,-0.014649078029059237,0.005979809916835465,112,EXECUTED
EXP-XAI-0001,MODEL-C1,PERMUTATION_IMPORTANCE_MACRO_F1,9,115,S15:EMAi_0.01,-0.005213624576746484,0.002429864227850368,96,EXECUTED
EXP-XAI-0001,MODEL-C1,PERMUTATION_IMPORTANCE_MACRO_F1,9,116,S15:EMAi_0.1,-0.0001639344456091596,9.404403205863082e-05,63,EXECUTED
EXP-XAI-0001,MODEL-C1,PERMUTATION_IMPORTANCE_MACRO_F1,9,117,S15:EMAd_0.001,-0.01957721550970749,0.004356049460810379,122,EXECUTED
EXP-XAI-0001,MODEL-C1,PERMUTATION_IMPORTANCE_MACRO_F1,9,118,S15:EMAd_0.01,-0.017248856047520827,0.0023293889189370176,116,EXECUTED
EXP-XAI-0001,MODEL-C1,PERMUTATION_IMPORTANCE_MACRO_F1,9,119,S15:EMAd_0.1,-0.005069803108932747,0.0024775026632758933,95,EXECUTED
EXP-XAI-0001,MODEL-C1,PERMUTATION_IMPORTANCE_MACRO_F1,9,120,S16:dR,-7.142406517116062e-05,0.0001394548005352025,53,EXECUTED
EXP-XAI-0001,MODEL-C1,PERMUTATION_IMPORTANCE_MACRO_F1,9,121,S16:dR_norm,-0.006421520483340043,8.953964570682439e-05,100,EXECUTED
EXP-XAI-0001,MODEL-C1,PERMUTATION_IMPORTANCE_MACRO_F1,9,122,S16:EMAi_0.001,-0.01938960530650788,0.002264406943894552,121,EXECUTED
EXP-XAI-0001,MODEL-C1,PERMUTATION_IMPORTANCE_MACRO_F1,9,123,S16:EMAi_0.01,-0.016193036854671484,0.00704516184687114,114,EXECUTED
EXP-XAI-0001,MODEL-C1,PERMUTATION_IMPORTANCE_MACRO_F1,9,124,S16:EMAi_0.1,-0.010126791910473765,0.004824591914516799,105,EXECUTED
EXP-XAI-0001,MODEL-C1,PERMUTATION_IMPORTANCE_MACRO_F1,9,125,S16:EMAd_0.001,-0.019654492743889522,0.004336961373994646,123,EXECUTED
EXP-XAI-0001,MODEL-C1,PERMUTATION_IMPORTANCE_MACRO_F1,9,126,S16:EMAd_0.01,-0.017248856047520827,0.0023293889189370176,117,EXECUTED
EXP-XAI-0001,MODEL-C1,PERMUTATION_IMPORTANCE_MACRO_F1,9,127,S16:EMAd_0.1,0.0,0.0,32,EXECUTED
EXP-XAI-0001,MODEL-C1,PERMUTATION_IMPORTANCE_MACRO_F1,10,0,S1:dR,0.0055778539711624055,0.0008920828606951015,40,EXECUTED
EXP-XAI-0001,MODEL-C1,PERMUTATION_IMPORTANCE_MACRO_F1,10,1,S1:dR_norm,0.01654753747773151,0.0007284318400669085,4,EXECUTED
EXP-XAI-0001,MODEL-C1,PERMUTATION_IMPORTANCE_MACRO_F1,10,2,S1:EMAi_0.001,0.0011375247111015453,0.0007003211399625711,86,EXECUTED
EXP-XAI-0001,MODEL-C1,PERMUTATION_IMPORTANCE_MACRO_F1,10,3,S1:EMAi_0.01,-0.0002874365546012725,0.0008639281190970695,98,EXECUTED
EXP-XAI-0001,MODEL-C1,PERMUTATION_IMPORTANCE_MACRO_F1,10,4,S1:EMAi_0.1,-0.0009890960242889602,0.0014680141808733186,104,EXECUTED
EXP-XAI-0001,MODEL-C1,PERMUTATION_IMPORTANCE_MACRO_F1,10,5,S1:EMAd_0.001,0.00523598444828024,0.0010293772964254542,44,EXECUTED
EXP-XAI-0001,MODEL-C1,PERMUTATION_IMPORTANCE_MACRO_F1,10,6,S1:EMAd_0.01,0.005526794291454151,0.0008273205060226113,42,EXECUTED
EXP-XAI-0001,MODEL-C1,PERMUTATION_IMPORTANCE_MACRO_F1,10,7,S1:EMAd_0.1,7.862967583106561e-05,0.0013467155596450597,94,EXECUTED
EXP-XAI-0001,MODEL-C1,PERMUTATION_IMPORTANCE_MACRO_F1,10,8,S2:dR,0.006797393369951566,0.00044827533225418086,32,EXECUTED
EXP-XAI-0001,MODEL-C1,PERMUTATION_IMPORTANCE_MACRO_F1,10,9,S2:dR_norm,0.00032709714600031025,0.0024870759488530465,92,EXECUTED
EXP-XAI-0001,MODEL-C1,PERMUTATION_IMPORTANCE_MACRO_F1,10,10,S2:EMAi_0.001,-0.0016924372244928264,0.0005234099498940396,109,EXECUTED
EXP-XAI-0001,MODEL-C1,PERMUTATION_IMPORTANCE_MACRO_F1,10,11,S2:EMAi_0.01,-0.005879103289167809,0.001444985101142333,120,EXECUTED
EXP-XAI-0001,MODEL-C1,PERMUTATION_IMPORTANCE_MACRO_F1,10,12,S2:EMAi_0.1,-0.005076572728505235,0.0014516113217124176,119,EXECUTED
EXP-XAI-0001,MODEL-C1,PERMUTATION_IMPORTANCE_MACRO_F1,10,13,S2:EMAd_0.001,0.006727922674226128,0.0007386864781569899,33,EXECUTED
EXP-XAI-0001,MODEL-C1,PERMUTATION_IMPORTANCE_MACRO_F1,10,14,S2:EMAd_0.01,0.0071121004175577875,0.0006534830062459593,29,EXECUTED
EXP-XAI-0001,MODEL-C1,PERMUTATION_IMPORTANCE_MACRO_F1,10,15,S2:EMAd_0.1,-0.021263852752697387,0.0031805443009565197,127,EXECUTED
EXP-XAI-0001,MODEL-C1,PERMUTATION_IMPORTANCE_MACRO_F1,10,16,S3:dR,0.014427666134245476,0.001137794862995647,5,EXECUTED
EXP-XAI-0001,MODEL-C1,PERMUTATION_IMPORTANCE_MACRO_F1,10,17,S3:dR_norm,0.0023066844114631446,0.000776946619709085,71,EXECUTED
EXP-XAI-0001,MODEL-C1,PERMUTATION_IMPORTANCE_MACRO_F1,10,18,S3:EMAi_0.001,0.002038521286281447,0.002021162568857816,75,EXECUTED
EXP-XAI-0001,MODEL-C1,PERMUTATION_IMPORTANCE_MACRO_F1,10,19,S3:EMAi_0.01,0.0019577102502508327,0.0008687937072876772,76,EXECUTED
EXP-XAI-0001,MODEL-C1,PERMUTATION_IMPORTANCE_MACRO_F1,10,20,S3:EMAi_0.1,0.0020493257996382352,0.0010735827447594891,74,EXECUTED
EXP-XAI-0001,MODEL-C1,PERMUTATION_IMPORTANCE_MACRO_F1,10,21,S3:EMAd_0.001,0.002705020393839164,0.0016663290870175648,67,EXECUTED
EXP-XAI-0001,MODEL-C1,PERMUTATION_IMPORTANCE_MACRO_F1,10,22,S3:EMAd_0.01,0.001199960560971336,0.0017312843384260212,85,EXECUTED
EXP-XAI-0001,MODEL-C1,PERMUTATION_IMPORTANCE_MACRO_F1,10,23,S3:EMAd_0.1,-3.424085769387908e-06,0.0009618200200971451,95,EXECUTED
EXP-XAI-0001,MODEL-C1,PERMUTATION_IMPORTANCE_MACRO_F1,10,24,S4:dR,0.026671383519508218,0.0013304318735139868,1,EXECUTED
EXP-XAI-0001,MODEL-C1,PERMUTATION_IMPORTANCE_MACRO_F1,10,25,S4:dR_norm,0.012676497288263177,0.0015942477279734801,8,EXECUTED
EXP-XAI-0001,MODEL-C1,PERMUTATION_IMPORTANCE_MACRO_F1,10,26,S4:EMAi_0.001,0.00858407401764435,0.001111873216376817,18,EXECUTED
EXP-XAI-0001,MODEL-C1,PERMUTATION_IMPORTANCE_MACRO_F1,10,27,S4:EMAi_0.01,0.004700746412317746,0.0007556458466588546,48,EXECUTED
EXP-XAI-0001,MODEL-C1,PERMUTATION_IMPORTANCE_MACRO_F1,10,28,S4:EMAi_0.1,0.004234239172060439,0.000830497553384877,52,EXECUTED
EXP-XAI-0001,MODEL-C1,PERMUTATION_IMPORTANCE_MACRO_F1,10,29,S4:EMAd_0.001,0.00029445827721803487,0.0008902213090441159,93,EXECUTED
EXP-XAI-0001,MODEL-C1,PERMUTATION_IMPORTANCE_MACRO_F1,10,30,S4:EMAd_0.01,-0.0015444991677827868,0.0009492358466761932,108,EXECUTED
EXP-XAI-0001,MODEL-C1,PERMUTATION_IMPORTANCE_MACRO_F1,10,31,S4:EMAd_0.1,-0.001730559892468908,0.002256602373265915,111,EXECUTED
EXP-XAI-0001,MODEL-C1,PERMUTATION_IMPORTANCE_MACRO_F1,10,32,S5:dR,0.016570857883901346,0.0020987134247028856,3,EXECUTED
EXP-XAI-0001,MODEL-C1,PERMUTATION_IMPORTANCE_MACRO_F1,10,33,S5:dR_norm,0.005401258762504346,0.0011885363445221459,43,EXECUTED
EXP-XAI-0001,MODEL-C1,PERMUTATION_IMPORTANCE_MACRO_F1,10,34,S5:EMAi_0.001,0.0027013033921175376,0.0013210985359970355,68,EXECUTED
EXP-XAI-0001,MODEL-C1,PERMUTATION_IMPORTANCE_MACRO_F1,10,35,S5:EMAi_0.01,0.006119303863129133,0.0012251274280169779,34,EXECUTED
EXP-XAI-0001,MODEL-C1,PERMUTATION_IMPORTANCE_MACRO_F1,10,36,S5:EMAi_0.1,-0.00016997597668395593,0.0006893058306175234,96,EXECUTED
EXP-XAI-0001,MODEL-C1,PERMUTATION_IMPORTANCE_MACRO_F1,10,37,S5:EMAd_0.001,0.01052304095914446,0.0010089827297119639,12,EXECUTED
EXP-XAI-0001,MODEL-C1,PERMUTATION_IMPORTANCE_MACRO_F1,10,38,S5:EMAd_0.01,0.007518215107397241,0.0010815415703460964,28,EXECUTED
EXP-XAI-0001,MODEL-C1,PERMUTATION_IMPORTANCE_MACRO_F1,10,39,S5:EMAd_0.1,0.0019510451659387363,0.0027335824105918618,77,EXECUTED
EXP-XAI-0001,MODEL-C1,PERMUTATION_IMPORTANCE_MACRO_F1,10,40,S6:dR,0.012056969773704018,0.0017975578012984447,9,EXECUTED
EXP-XAI-0001,MODEL-C1,PERMUTATION_IMPORTANCE_MACRO_F1,10,41,S6:dR_norm,0.0014248017248915778,0.0014566909315361337,83,EXECUTED
EXP-XAI-0001,MODEL-C1,PERMUTATION_IMPORTANCE_MACRO_F1,10,42,S6:EMAi_0.001,0.0007797175000981204,0.0012197270640354875,91,EXECUTED
EXP-XAI-0001,MODEL-C1,PERMUTATION_IMPORTANCE_MACRO_F1,10,43,S6:EMAi_0.01,0.005593031741457355,0.0013343504624274251,39,EXECUTED
EXP-XAI-0001,MODEL-C1,PERMUTATION_IMPORTANCE_MACRO_F1,10,44,S6:EMAi_0.1,0.003565277541276379,0.0013723596891580337,58,EXECUTED
EXP-XAI-0001,MODEL-C1,PERMUTATION_IMPORTANCE_MACRO_F1,10,45,S6:EMAd_0.001,0.00776715723646394,0.00019101915480310014,25,EXECUTED
EXP-XAI-0001,MODEL-C1,PERMUTATION_IMPORTANCE_MACRO_F1,10,46,S6:EMAd_0.01,0.006032188904882996,0.00041390125738982,36,EXECUTED
EXP-XAI-0001,MODEL-C1,PERMUTATION_IMPORTANCE_MACRO_F1,10,47,S6:EMAd_0.1,0.00316240622138404,0.0009666489182986952,64,EXECUTED
EXP-XAI-0001,MODEL-C1,PERMUTATION_IMPORTANCE_MACRO_F1,10,48,S7:dR,0.0032925196623654895,0.0007244887824870496,62,EXECUTED
EXP-XAI-0001,MODEL-C1,PERMUTATION_IMPORTANCE_MACRO_F1,10,49,S7:dR_norm,0.003332867508598969,0.001605174184011682,61,EXECUTED
EXP-XAI-0001,MODEL-C1,PERMUTATION_IMPORTANCE_MACRO_F1,10,50,S7:EMAi_0.001,-0.0017422139768113465,0.001731041382993153,112,EXECUTED
EXP-XAI-0001,MODEL-C1,PERMUTATION_IMPORTANCE_MACRO_F1,10,51,S7:EMAi_0.01,0.004972282114551208,0.0013335370852547138,45,EXECUTED
EXP-XAI-0001,MODEL-C1,PERMUTATION_IMPORTANCE_MACRO_F1,10,52,S7:EMAi_0.1,0.0039398806425889,0.000512071804539837,55,EXECUTED
EXP-XAI-0001,MODEL-C1,PERMUTATION_IMPORTANCE_MACRO_F1,10,53,S7:EMAd_0.001,0.011450070866260886,0.0011917401049674496,11,EXECUTED
EXP-XAI-0001,MODEL-C1,PERMUTATION_IMPORTANCE_MACRO_F1,10,54,S7:EMAd_0.01,0.0097890035169657,0.001724334182363107,15,EXECUTED
EXP-XAI-0001,MODEL-C1,PERMUTATION_IMPORTANCE_MACRO_F1,10,55,S7:EMAd_0.1,0.00852304489155552,0.0009684990346293615,19,EXECUTED
EXP-XAI-0001,MODEL-C1,PERMUTATION_IMPORTANCE_MACRO_F1,10,56,S8:dR,0.0060397331208003726,0.0017883163590852007,35,EXECUTED
EXP-XAI-0001,MODEL-C1,PERMUTATION_IMPORTANCE_MACRO_F1,10,57,S8:dR_norm,-0.00023224363187670515,0.001538490917022312,97,EXECUTED
EXP-XAI-0001,MODEL-C1,PERMUTATION_IMPORTANCE_MACRO_F1,10,58,S8:EMAi_0.001,-0.0005764473075841936,0.0011314175307896438,101,EXECUTED
EXP-XAI-0001,MODEL-C1,PERMUTATION_IMPORTANCE_MACRO_F1,10,59,S8:EMAi_0.01,0.0042418184343220085,0.0011604017269991882,51,EXECUTED
EXP-XAI-0001,MODEL-C1,PERMUTATION_IMPORTANCE_MACRO_F1,10,60,S8:EMAi_0.1,0.0027944692789466097,0.0008201131336914488,66,EXECUTED
EXP-XAI-0001,MODEL-C1,PERMUTATION_IMPORTANCE_MACRO_F1,10,61,S8:EMAd_0.001,0.010165366610962923,0.0013265132634091468,13,EXECUTED
EXP-XAI-0001,MODEL-C1,PERMUTATION_IMPORTANCE_MACRO_F1,10,62,S8:EMAd_0.01,0.008653064536948562,0.001440410623472663,17,EXECUTED
EXP-XAI-0001,MODEL-C1,PERMUTATION_IMPORTANCE_MACRO_F1,10,63,S8:EMAd_0.1,0.0017267374842532268,0.0010908107890214343,79,EXECUTED
EXP-XAI-0001,MODEL-C1,PERMUTATION_IMPORTANCE_MACRO_F1,10,64,S9:dR,0.004079313545539076,0.0006544664151263763,54,EXECUTED
EXP-XAI-0001,MODEL-C1,PERMUTATION_IMPORTANCE_MACRO_F1,10,65,S9:dR_norm,-0.018694809019080726,0.0024376163105904194,125,EXECUTED
EXP-XAI-0001,MODEL-C1,PERMUTATION_IMPORTANCE_MACRO_F1,10,66,S9:EMAi_0.001,-0.004445162479778708,0.001152091510032846,117,EXECUTED
EXP-XAI-0001,MODEL-C1,PERMUTATION_IMPORTANCE_MACRO_F1,10,67,S9:EMAi_0.01,-0.00644730270772228,0.0016137594944991554,121,EXECUTED
EXP-XAI-0001,MODEL-C1,PERMUTATION_IMPORTANCE_MACRO_F1,10,68,S9:EMAi_0.1,-0.008623861175159408,0.0022178359624604807,122,EXECUTED
EXP-XAI-0001,MODEL-C1,PERMUTATION_IMPORTANCE_MACRO_F1,10,69,S9:EMAd_0.001,0.004561982600664394,0.0006111043140645218,49,EXECUTED
EXP-XAI-0001,MODEL-C1,PERMUTATION_IMPORTANCE_MACRO_F1,10,70,S9:EMAd_0.01,0.005621158205248567,0.0009409271093215269,38,EXECUTED
EXP-XAI-0001,MODEL-C1,PERMUTATION_IMPORTANCE_MACRO_F1,10,71,S9:EMAd_0.1,-0.02569984230938769,0.003334315986960272,128,EXECUTED
EXP-XAI-0001,MODEL-C1,PERMUTATION_IMPORTANCE_MACRO_F1,10,72,S10:dR,0.005692847507324761,0.0006275525531467336,37,EXECUTED
EXP-XAI-0001,MODEL-C1,PERMUTATION_IMPORTANCE_MACRO_F1,10,73,S10:dR_norm,-0.013818781878113917,0.002918188995692821,124,EXECUTED
EXP-XAI-0001,MODEL-C1,PERMUTATION_IMPORTANCE_MACRO_F1,10,74,S10:EMAi_0.001,-0.00032935253278986164,0.0012944436747209017,99,EXECUTED
EXP-XAI-0001,MODEL-C1,PERMUTATION_IMPORTANCE_MACRO_F1,10,75,S10:EMAi_0.01,-0.0012472909312908342,0.0010949745216623588,106,EXECUTED
EXP-XAI-0001,MODEL-C1,PERMUTATION_IMPORTANCE_MACRO_F1,10,76,S10:EMAi_0.1,-0.0007167498968556618,0.0013187402766966535,103,EXECUTED
EXP-XAI-0001,MODEL-C1,PERMUTATION_IMPORTANCE_MACRO_F1,10,77,S10:EMAd_0.001,0.006934338775537241,0.001181711900982755,31,EXECUTED
EXP-XAI-0001,MODEL-C1,PERMUTATION_IMPORTANCE_MACRO_F1,10,78,S10:EMAd_0.01,0.007641361527593182,0.001098722005950819,27,EXECUTED
EXP-XAI-0001,MODEL-C1,PERMUTATION_IMPORTANCE_MACRO_F1,10,79,S10:EMAd_0.1,-0.0017208078009245508,0.0005897268773948621,110,EXECUTED
EXP-XAI-0001,MODEL-C1,PERMUTATION_IMPORTANCE_MACRO_F1,10,80,S11:dR,0.011488092423819162,0.0013569848146527015,10,EXECUTED
EXP-XAI-0001,MODEL-C1,PERMUTATION_IMPORTANCE_MACRO_F1,10,81,S11:dR_norm,0.0022061937552719678,0.0006465282553307989,72,EXECUTED
EXP-XAI-0001,MODEL-C1,PERMUTATION_IMPORTANCE_MACRO_F1,10,82,S11:EMAi_0.001,0.0008019291479578917,0.0014893213387783622,90,EXECUTED
EXP-XAI-0001,MODEL-C1,PERMUTATION_IMPORTANCE_MACRO_F1,10,83,S11:EMAi_0.01,0.0016569033686111955,0.0006883757217787155,81,EXECUTED
EXP-XAI-0001,MODEL-C1,PERMUTATION_IMPORTANCE_MACRO_F1,10,84,S11:EMAi_0.1,0.001634852080703475,0.0006048441697551384,82,EXECUTED
EXP-XAI-0001,MODEL-C1,PERMUTATION_IMPORTANCE_MACRO_F1,10,85,S11:EMAd_0.001,0.002553985984061413,0.0008908753884028307,69,EXECUTED
EXP-XAI-0001,MODEL-C1,PERMUTATION_IMPORTANCE_MACRO_F1,10,86,S11:EMAd_0.01,0.0011039611196409726,0.0012468294903066326,87,EXECUTED
EXP-XAI-0001,MODEL-C1,PERMUTATION_IMPORTANCE_MACRO_F1,10,87,S11:EMAd_0.1,-0.0104318200962629,0.00378861327363578,123,EXECUTED
EXP-XAI-0001,MODEL-C1,PERMUTATION_IMPORTANCE_MACRO_F1,10,88,S12:dR,0.01794191924337807,0.0016450135166633409,2,EXECUTED
EXP-XAI-0001,MODEL-C1,PERMUTATION_IMPORTANCE_MACRO_F1,10,89,S12:dR_norm,0.004714821260548297,0.0013938952308409028,47,EXECUTED
EXP-XAI-0001,MODEL-C1,PERMUTATION_IMPORTANCE_MACRO_F1,10,90,S12:EMAi_0.001,0.0021899686213621705,0.0016550448571056565,73,EXECUTED
EXP-XAI-0001,MODEL-C1,PERMUTATION_IMPORTANCE_MACRO_F1,10,91,S12:EMAi_0.01,0.0023737139625285564,0.0004890522382526856,70,EXECUTED
EXP-XAI-0001,MODEL-C1,PERMUTATION_IMPORTANCE_MACRO_F1,10,92,S12:EMAi_0.1,0.0008296425588329992,0.0007481413442402214,89,EXECUTED
EXP-XAI-0001,MODEL-C1,PERMUTATION_IMPORTANCE_MACRO_F1,10,93,S12:EMAd_0.001,-0.001486518724595931,0.0010386528463245948,107,EXECUTED
EXP-XAI-0001,MODEL-C1,PERMUTATION_IMPORTANCE_MACRO_F1,10,94,S12:EMAd_0.01,-0.0018303762461862939,0.0007593883423527427,113,EXECUTED
EXP-XAI-0001,MODEL-C1,PERMUTATION_IMPORTANCE_MACRO_F1,10,95,S12:EMAd_0.1,0.0013003654755586846,0.0009512710224626368,84,EXECUTED
EXP-XAI-0001,MODEL-C1,PERMUTATION_IMPORTANCE_MACRO_F1,10,96,S13:dR,0.014083753065008864,0.002321872579789331,6,EXECUTED
EXP-XAI-0001,MODEL-C1,PERMUTATION_IMPORTANCE_MACRO_F1,10,97,S13:dR_norm,-0.0010205493207607551,0.0015194268486820254,105,EXECUTED
EXP-XAI-0001,MODEL-C1,PERMUTATION_IMPORTANCE_MACRO_F1,10,98,S13:EMAi_0.001,-0.0004598746210207061,0.0007142521926467917,100,EXECUTED
EXP-XAI-0001,MODEL-C1,PERMUTATION_IMPORTANCE_MACRO_F1,10,99,S13:EMAi_0.01,0.012804400681697114,0.0019184473142703118,7,EXECUTED
EXP-XAI-0001,MODEL-C1,PERMUTATION_IMPORTANCE_MACRO_F1,10,100,S13:EMAi_0.1,0.009409990967098481,0.001996787589838334,16,EXECUTED
EXP-XAI-0001,MODEL-C1,PERMUTATION_IMPORTANCE_MACRO_F1,10,101,S13:EMAd_0.001,0.008170148171199765,0.0007731175472884409,23,EXECUTED
EXP-XAI-0001,MODEL-C1,PERMUTATION_IMPORTANCE_MACRO_F1,10,102,S13:EMAd_0.01,0.006997206010533686,0.0003100553635805342,30,EXECUTED
EXP-XAI-0001,MODEL-C1,PERMUTATION_IMPORTANCE_MACRO_F1,10,103,S13:EMAd_0.1,-0.020515982765684792,0.0015727576503783082,126,EXECUTED
EXP-XAI-0001,MODEL-C1,PERMUTATION_IMPORTANCE_MACRO_F1,10,104,S14:dR,0.007961152330042654,0.0014741740569042905,24,EXECUTED
EXP-XAI-0001,MODEL-C1,PERMUTATION_IMPORTANCE_MACRO_F1,10,105,S14:dR_norm,-0.0048846768707461515,0.002033266941526771,118,EXECUTED
EXP-XAI-0001,MODEL-C1,PERMUTATION_IMPORTANCE_MACRO_F1,10,106,S14:EMAi_0.001,-0.0006335432512947214,0.0014621134163972215,102,EXECUTED
EXP-XAI-0001,MODEL-C1,PERMUTATION_IMPORTANCE_MACRO_F1,10,107,S14:EMAi_0.01,0.008405534212845456,0.0024024062776048724,20,EXECUTED
EXP-XAI-0001,MODEL-C1,PERMUTATION_IMPORTANCE_MACRO_F1,10,108,S14:EMAi_0.1,0.0032525898814739773,0.0018125794625042343,63,EXECUTED
EXP-XAI-0001,MODEL-C1,PERMUTATION_IMPORTANCE_MACRO_F1,10,109,S14:EMAd_0.001,0.0038996409099358643,0.0008100257492359022,56,EXECUTED
EXP-XAI-0001,MODEL-C1,PERMUTATION_IMPORTANCE_MACRO_F1,10,110,S14:EMAd_0.01,0.0018938733225250415,0.0007258669734670068,78,EXECUTED
EXP-XAI-0001,MODEL-C1,PERMUTATION_IMPORTANCE_MACRO_F1,10,111,S14:EMAd_0.1,0.008288838567976775,0.001796471130215035,22,EXECUTED
EXP-XAI-0001,MODEL-C1,PERMUTATION_IMPORTANCE_MACRO_F1,10,112,S15:dR,0.003122290703781172,0.0021229943654382834,65,EXECUTED
EXP-XAI-0001,MODEL-C1,PERMUTATION_IMPORTANCE_MACRO_F1,10,113,S15:dR_norm,0.0009857044664343339,0.0021122551786258354,88,EXECUTED
EXP-XAI-0001,MODEL-C1,PERMUTATION_IMPORTANCE_MACRO_F1,10,114,S15:EMAi_0.001,-0.0023517692058919403,0.0012549885849243694,114,EXECUTED
EXP-XAI-0001,MODEL-C1,PERMUTATION_IMPORTANCE_MACRO_F1,10,115,S15:EMAi_0.01,0.0037796154532625525,0.000998430980250519,57,EXECUTED
EXP-XAI-0001,MODEL-C1,PERMUTATION_IMPORTANCE_MACRO_F1,10,116,S15:EMAi_0.1,0.004324144137786146,0.0005940800822049304,50,EXECUTED
EXP-XAI-0001,MODEL-C1,PERMUTATION_IMPORTANCE_MACRO_F1,10,117,S15:EMAd_0.001,0.007645939136931868,0.0017019366031463938,26,EXECUTED
EXP-XAI-0001,MODEL-C1,PERMUTATION_IMPORTANCE_MACRO_F1,10,118,S15:EMAd_0.01,0.004895499457715835,0.002241653316272134,46,EXECUTED
EXP-XAI-0001,MODEL-C1,PERMUTATION_IMPORTANCE_MACRO_F1,10,119,S15:EMAd_0.1,0.0034361284729382603,0.0016659126736006302,59,EXECUTED
EXP-XAI-0001,MODEL-C1,PERMUTATION_IMPORTANCE_MACRO_F1,10,120,S16:dR,0.0033832917341276468,0.0011996583883234293,60,EXECUTED
EXP-XAI-0001,MODEL-C1,PERMUTATION_IMPORTANCE_MACRO_F1,10,121,S16:dR_norm,0.0016743055054374012,0.0023232546289760404,80,EXECUTED
EXP-XAI-0001,MODEL-C1,PERMUTATION_IMPORTANCE_MACRO_F1,10,122,S16:EMAi_0.001,-0.002826213257110599,0.001073626403985662,115,EXECUTED
EXP-XAI-0001,MODEL-C1,PERMUTATION_IMPORTANCE_MACRO_F1,10,123,S16:EMAi_0.01,0.005577388020280782,0.0008745510369397013,41,EXECUTED
EXP-XAI-0001,MODEL-C1,PERMUTATION_IMPORTANCE_MACRO_F1,10,124,S16:EMAi_0.1,0.004208130285474054,0.0007077036933274141,53,EXECUTED
EXP-XAI-0001,MODEL-C1,PERMUTATION_IMPORTANCE_MACRO_F1,10,125,S16:EMAd_0.001,0.009835814322056413,0.0016034060494155742,14,EXECUTED
EXP-XAI-0001,MODEL-C1,PERMUTATION_IMPORTANCE_MACRO_F1,10,126,S16:EMAd_0.01,0.008308663896317004,0.001549343080795748,21,EXECUTED
EXP-XAI-0001,MODEL-C1,PERMUTATION_IMPORTANCE_MACRO_F1,10,127,S16:EMAd_0.1,-0.0034256377797557747,0.0005077448990017981,116,EXECUTED
