experiment_id,sample_id,sensor_id,reference_contribution,fused_contribution,absolute_error,evidence_type,reference_rank,fused_rank,rank_agreement
EXP-EMBED-C1-FUSED-XAI-EQUIV-001,B2:0,1,0.29248646487721597,0.29248645821999997,6.6572160006828085e-09,DERIVED_SENSOR_GROUP_VIEW,16.0,16.0,True
EXP-EMBED-C1-FUSED-XAI-EQUIV-001,B2:0,2,0.7506399489710702,0.7506399522,3.2289297902110548e-09,DERIVED_SENSOR_GROUP_VIEW,10.0,10.0,True
EXP-EMBED-C1-FUSED-XAI-EQUIV-001,B2:0,3,0.7475372795978557,0.7475372677,1.1897855700659932e-08,DERIVED_SENSOR_GROUP_VIEW,11.0,11.0,True
EXP-EMBED-C1-FUSED-XAI-EQUIV-001,B2:0,4,1.5699768541611476,1.5699768638,9.638852382920504e-09,DERIVED_SENSOR_GROUP_VIEW,3.0,3.0,True
EXP-EMBED-C1-FUSED-XAI-EQUIV-001,B2:0,5,-0.29970825026733805,-0.29970820659999997,4.366733807881218e-08,DERIVED_SENSOR_GROUP_VIEW,15.0,15.0,True
EXP-EMBED-C1-FUSED-XAI-EQUIV-001,B2:0,6,-1.0135304905741849,-1.0135304522,3.837418494079259e-08,DERIVED_SENSOR_GROUP_VIEW,8.0,8.0,True
EXP-EMBED-C1-FUSED-XAI-EQUIV-001,B2:0,7,-1.3158521695102223,-1.3158521725,2.9897777586995744e-09,DERIVED_SENSOR_GROUP_VIEW,4.0,4.0,True
EXP-EMBED-C1-FUSED-XAI-EQUIV-001,B2:0,8,-0.943621556621142,-0.94362157555,1.892885803655986e-08,DERIVED_SENSOR_GROUP_VIEW,9.0,9.0,True
EXP-EMBED-C1-FUSED-XAI-EQUIV-001,B2:0,9,1.1589440064336798,1.1589440035,2.9336797435774997e-09,DERIVED_SENSOR_GROUP_VIEW,5.0,5.0,True
EXP-EMBED-C1-FUSED-XAI-EQUIV-001,B2:0,10,0.5728322017891972,0.57283220432,2.53080278955764e-09,DERIVED_SENSOR_GROUP_VIEW,13.0,13.0,True
EXP-EMBED-C1-FUSED-XAI-EQUIV-001,B2:0,11,1.1129663777021455,1.1129664082900002,3.058785469356451e-08,DERIVED_SENSOR_GROUP_VIEW,7.0,7.0,True
EXP-EMBED-C1-FUSED-XAI-EQUIV-001,B2:0,12,1.1292648093971038,1.129264733,7.639710375428876e-08,DERIVED_SENSOR_GROUP_VIEW,6.0,6.0,True
EXP-EMBED-C1-FUSED-XAI-EQUIV-001,B2:0,13,-1.5894282558952852,-1.5894282378,1.8095285270192107e-08,DERIVED_SENSOR_GROUP_VIEW,2.0,2.0,True
EXP-EMBED-C1-FUSED-XAI-EQUIV-001,B2:0,14,-2.260475874422456,-2.260475948,7.357754405745709e-08,DERIVED_SENSOR_GROUP_VIEW,1.0,1.0,True
EXP-EMBED-C1-FUSED-XAI-EQUIV-001,B2:0,15,-0.2997314926485693,-0.2997314805,1.2148569317194102e-08,DERIVED_SENSOR_GROUP_VIEW,14.0,14.0,True
EXP-EMBED-C1-FUSED-XAI-EQUIV-001,B2:0,16,-0.6240696772313047,-0.62406963345,4.3781304692736e-08,DERIVED_SENSOR_GROUP_VIEW,12.0,12.0,True
EXP-EMBED-C1-FUSED-XAI-EQUIV-001,B2:1,1,0.28282346283612947,0.28282345364000006,9.196129413524545e-09,DERIVED_SENSOR_GROUP_VIEW,14.0,14.0,True
EXP-EMBED-C1-FUSED-XAI-EQUIV-001,B2:1,2,0.6629986491367117,0.6629986508900001,1.753288403349984e-09,DERIVED_SENSOR_GROUP_VIEW,9.0,9.0,True
EXP-EMBED-C1-FUSED-XAI-EQUIV-001,B2:1,3,0.5917016860617157,0.59170170327,1.72082843530319e-08,DERIVED_SENSOR_GROUP_VIEW,10.0,10.0,True
EXP-EMBED-C1-FUSED-XAI-EQUIV-001,B2:1,4,1.276550570663356,1.2765506206000001,4.99366441530924e-08,DERIVED_SENSOR_GROUP_VIEW,1.0,1.0,True
EXP-EMBED-C1-FUSED-XAI-EQUIV-001,B2:1,5,-0.141147415288751,-0.1411473679,4.7388751006627317e-08,DERIVED_SENSOR_GROUP_VIEW,16.0,16.0,True
EXP-EMBED-C1-FUSED-XAI-EQUIV-001,B2:1,6,-0.5339797384181718,-0.5339796927999999,4.5618171906625093e-08,DERIVED_SENSOR_GROUP_VIEW,11.0,11.0,True
EXP-EMBED-C1-FUSED-XAI-EQUIV-001,B2:1,7,-1.031299708668752,-1.0312997404000002,3.1731248073540996e-08,DERIVED_SENSOR_GROUP_VIEW,2.0,2.0,True
EXP-EMBED-C1-FUSED-XAI-EQUIV-001,B2:1,8,-0.7594278022403868,-0.75942782631,2.406961330247981e-08,DERIVED_SENSOR_GROUP_VIEW,7.0,7.0,True
EXP-EMBED-C1-FUSED-XAI-EQUIV-001,B2:1,9,0.7950543231932249,0.79505430416,1.9033224885056654e-08,DERIVED_SENSOR_GROUP_VIEW,6.0,6.0,True
EXP-EMBED-C1-FUSED-XAI-EQUIV-001,B2:1,10,0.3516322074120095,0.3516322057522,1.6598095120556877e-09,DERIVED_SENSOR_GROUP_VIEW,13.0,13.0,True
EXP-EMBED-C1-FUSED-XAI-EQUIV-001,B2:1,11,0.9231654306231765,0.9231654371600001,6.5368236379370614e-09,DERIVED_SENSOR_GROUP_VIEW,4.0,4.0,True
EXP-EMBED-C1-FUSED-XAI-EQUIV-001,B2:1,12,0.9008482072726895,0.9008482065,7.726895789872401e-10,DERIVED_SENSOR_GROUP_VIEW,5.0,5.0,True
EXP-EMBED-C1-FUSED-XAI-EQUIV-001,B2:1,13,-0.7522436815203541,-0.7522436704,1.1120354193039361e-08,DERIVED_SENSOR_GROUP_VIEW,8.0,8.0,True
EXP-EMBED-C1-FUSED-XAI-EQUIV-001,B2:1,14,-0.9617438754358129,-0.96174392,4.456418711829002e-08,DERIVED_SENSOR_GROUP_VIEW,3.0,3.0,True
EXP-EMBED-C1-FUSED-XAI-EQUIV-001,B2:1,15,-0.2312760946633308,-0.2312760728,2.1863330784688273e-08,DERIVED_SENSOR_GROUP_VIEW,15.0,15.0,True
EXP-EMBED-C1-FUSED-XAI-EQUIV-001,B2:1,16,-0.45878363503118397,-0.45878362224,1.2791183945370932e-08,DERIVED_SENSOR_GROUP_VIEW,12.0,12.0,True
EXP-EMBED-C1-FUSED-XAI-EQUIV-001,B2:70,1,1.4044311280453108,1.4044311570999999,2.905468909908393e-08,DERIVED_SENSOR_GROUP_VIEW,11.0,11.0,True
EXP-EMBED-C1-FUSED-XAI-EQUIV-001,B2:70,2,1.5478627211573948,1.5478627154,5.757394783145742e-09,DERIVED_SENSOR_GROUP_VIEW,8.0,8.0,True
EXP-EMBED-C1-FUSED-XAI-EQUIV-001,B2:70,3,2.344251194118095,2.3442511398,5.43180949108546e-08,DERIVED_SENSOR_GROUP_VIEW,1.0,1.0,True
EXP-EMBED-C1-FUSED-XAI-EQUIV-001,B2:70,4,2.113431842167658,2.11343183247,9.69765823199964e-09,DERIVED_SENSOR_GROUP_VIEW,2.0,2.0,True
EXP-EMBED-C1-FUSED-XAI-EQUIV-001,B2:70,5,-0.04204184556758986,-0.04204198213999999,1.365724101309862e-07,DERIVED_SENSOR_GROUP_VIEW,16.0,16.0,True
EXP-EMBED-C1-FUSED-XAI-EQUIV-001,B2:70,6,-0.2933507583232956,-0.29335079271000003,3.438670442834635e-08,DERIVED_SENSOR_GROUP_VIEW,14.0,14.0,True
EXP-EMBED-C1-FUSED-XAI-EQUIV-001,B2:70,7,1.6302563255114877,1.6302562896,3.5911487783479856e-08,DERIVED_SENSOR_GROUP_VIEW,5.0,5.0,True
EXP-EMBED-C1-FUSED-XAI-EQUIV-001,B2:70,8,1.617085533084283,1.6170855641000002,3.1015717105731255e-08,DERIVED_SENSOR_GROUP_VIEW,7.0,7.0,True
EXP-EMBED-C1-FUSED-XAI-EQUIV-001,B2:70,9,1.6197688408880921,1.6197688809,4.0011907787018686e-08,DERIVED_SENSOR_GROUP_VIEW,6.0,6.0,True
EXP-EMBED-C1-FUSED-XAI-EQUIV-001,B2:70,10,1.7710420380913652,1.7710420259,1.2191365250657782e-08,DERIVED_SENSOR_GROUP_VIEW,4.0,4.0,True
EXP-EMBED-C1-FUSED-XAI-EQUIV-001,B2:70,11,1.8954592373316963,1.8954591906,4.6731696290436275e-08,DERIVED_SENSOR_GROUP_VIEW,3.0,3.0,True
EXP-EMBED-C1-FUSED-XAI-EQUIV-001,B2:70,12,1.0207252178979762,1.0207252027,1.5197976210856723e-08,DERIVED_SENSOR_GROUP_VIEW,12.0,12.0,True
EXP-EMBED-C1-FUSED-XAI-EQUIV-001,B2:70,13,-0.4020482145887,-0.40204825762999996,4.304129996857142e-08,DERIVED_SENSOR_GROUP_VIEW,13.0,13.0,True
EXP-EMBED-C1-FUSED-XAI-EQUIV-001,B2:70,14,-0.12763483661246328,-0.1276348357,9.124632716073222e-10,DERIVED_SENSOR_GROUP_VIEW,15.0,15.0,True
EXP-EMBED-C1-FUSED-XAI-EQUIV-001,B2:70,15,1.4750548107534502,1.475054648687,1.620664502599567e-07,DERIVED_SENSOR_GROUP_VIEW,9.0,9.0,True
EXP-EMBED-C1-FUSED-XAI-EQUIV-001,B2:70,16,1.4236896681684015,1.4236896665,1.6684014170209593e-09,DERIVED_SENSOR_GROUP_VIEW,10.0,10.0,True
EXP-EMBED-C1-FUSED-XAI-EQUIV-001,B2:71,1,1.3577558586500178,1.357755881,2.234998230932206e-08,DERIVED_SENSOR_GROUP_VIEW,11.0,11.0,True
EXP-EMBED-C1-FUSED-XAI-EQUIV-001,B2:71,2,1.4860037860234925,1.4860038232,3.717650742807166e-08,DERIVED_SENSOR_GROUP_VIEW,10.0,10.0,True
EXP-EMBED-C1-FUSED-XAI-EQUIV-001,B2:71,3,3.0706166386780387,3.0706167855,1.468219612554833e-07,DERIVED_SENSOR_GROUP_VIEW,1.0,1.0,True
EXP-EMBED-C1-FUSED-XAI-EQUIV-001,B2:71,4,2.7599617568927943,2.75996176008,3.187205610544197e-09,DERIVED_SENSOR_GROUP_VIEW,2.0,2.0,True
EXP-EMBED-C1-FUSED-XAI-EQUIV-001,B2:71,5,-0.30738339166025286,-0.3073835296,1.3793974712461576e-07,DERIVED_SENSOR_GROUP_VIEW,16.0,16.0,True
EXP-EMBED-C1-FUSED-XAI-EQUIV-001,B2:71,6,-0.5521000577296207,-0.5521001025600001,4.4830379408722365e-08,DERIVED_SENSOR_GROUP_VIEW,14.0,14.0,True
EXP-EMBED-C1-FUSED-XAI-EQUIV-001,B2:71,7,2.0929970547043952,2.0929971421999998,8.749560453935601e-08,DERIVED_SENSOR_GROUP_VIEW,4.0,4.0,True
EXP-EMBED-C1-FUSED-XAI-EQUIV-001,B2:71,8,2.0319044054100033,2.0319044021,3.310003382495097e-09,DERIVED_SENSOR_GROUP_VIEW,5.0,5.0,True
EXP-EMBED-C1-FUSED-XAI-EQUIV-001,B2:71,9,1.584515491351266,1.5845155334999999,4.2148733836455676e-08,DERIVED_SENSOR_GROUP_VIEW,9.0,9.0,True
EXP-EMBED-C1-FUSED-XAI-EQUIV-001,B2:71,10,1.7537515313786578,1.7537514708000002,6.057865764574899e-08,DERIVED_SENSOR_GROUP_VIEW,8.0,8.0,True
EXP-EMBED-C1-FUSED-XAI-EQUIV-001,B2:71,11,2.447024188441808,2.4470240685,1.1994180759700157e-07,DERIVED_SENSOR_GROUP_VIEW,3.0,3.0,True
EXP-EMBED-C1-FUSED-XAI-EQUIV-001,B2:71,12,1.3177573869609212,1.3177573635000002,2.3460920983708888e-08,DERIVED_SENSOR_GROUP_VIEW,12.0,12.0,True
EXP-EMBED-C1-FUSED-XAI-EQUIV-001,B2:71,13,-0.7202350388582583,-0.7202350181000001,2.075825822345223e-08,DERIVED_SENSOR_GROUP_VIEW,13.0,13.0,True
EXP-EMBED-C1-FUSED-XAI-EQUIV-001,B2:71,14,-0.43574389508504396,-0.43574399232600003,9.72409560651144e-08,DERIVED_SENSOR_GROUP_VIEW,15.0,15.0,True
EXP-EMBED-C1-FUSED-XAI-EQUIV-001,B2:71,15,1.874548014206044,1.87454794304,7.116604394674653e-08,DERIVED_SENSOR_GROUP_VIEW,6.0,6.0,True
EXP-EMBED-C1-FUSED-XAI-EQUIV-001,B2:71,16,1.805685645095339,1.805685689,4.390466101789059e-08,DERIVED_SENSOR_GROUP_VIEW,7.0,7.0,True
EXP-EMBED-C1-FUSED-XAI-EQUIV-001,B2:121,1,0.32144710565634216,0.32144708772999997,1.7926342188445687e-08,DERIVED_SENSOR_GROUP_VIEW,14.0,14.0,True
EXP-EMBED-C1-FUSED-XAI-EQUIV-001,B2:121,2,0.8491510579988383,0.8491510903999999,3.2401161642603427e-08,DERIVED_SENSOR_GROUP_VIEW,9.0,9.0,True
EXP-EMBED-C1-FUSED-XAI-EQUIV-001,B2:121,3,0.6138437865108073,0.61384378547,1.0408073292111908e-09,DERIVED_SENSOR_GROUP_VIEW,12.0,12.0,True
EXP-EMBED-C1-FUSED-XAI-EQUIV-001,B2:121,4,1.370617706649883,1.370617702,4.64988292314672e-09,DERIVED_SENSOR_GROUP_VIEW,4.0,4.0,True
EXP-EMBED-C1-FUSED-XAI-EQUIV-001,B2:121,5,-0.24896197281010646,-0.2489619609,1.1910106456625158e-08,DERIVED_SENSOR_GROUP_VIEW,15.0,15.0,True
EXP-EMBED-C1-FUSED-XAI-EQUIV-001,B2:121,6,-0.9713530271946236,-0.9713530033,2.3894623613074373e-08,DERIVED_SENSOR_GROUP_VIEW,7.0,7.0,True
EXP-EMBED-C1-FUSED-XAI-EQUIV-001,B2:121,7,-1.1218612872143152,-1.1218613083,2.1085684753785472e-08,DERIVED_SENSOR_GROUP_VIEW,5.0,5.0,True
EXP-EMBED-C1-FUSED-XAI-EQUIV-001,B2:121,8,-0.8006959979070865,-0.80069599906,1.152913542412648e-09,DERIVED_SENSOR_GROUP_VIEW,10.0,10.0,True
EXP-EMBED-C1-FUSED-XAI-EQUIV-001,B2:121,9,1.3939991077002096,1.3939990770000001,3.070020948570118e-08,DERIVED_SENSOR_GROUP_VIEW,3.0,3.0,True
EXP-EMBED-C1-FUSED-XAI-EQUIV-001,B2:121,10,0.7388844125231706,0.7388843979899999,1.453317066690829e-08,DERIVED_SENSOR_GROUP_VIEW,11.0,11.0,True
EXP-EMBED-C1-FUSED-XAI-EQUIV-001,B2:121,11,1.0029394038826283,1.00293938926,1.4622628219385092e-08,DERIVED_SENSOR_GROUP_VIEW,6.0,6.0,True
EXP-EMBED-C1-FUSED-XAI-EQUIV-001,B2:121,12,0.9578499007948299,0.9578499131,1.2305170105086916e-08,DERIVED_SENSOR_GROUP_VIEW,8.0,8.0,True
EXP-EMBED-C1-FUSED-XAI-EQUIV-001,B2:121,13,-1.5957392051194172,-1.5957391861999999,1.891941736609226e-08,DERIVED_SENSOR_GROUP_VIEW,2.0,2.0,True
EXP-EMBED-C1-FUSED-XAI-EQUIV-001,B2:121,14,-2.365827699837368,-2.365827738,3.816263216549487e-08,DERIVED_SENSOR_GROUP_VIEW,1.0,1.0,True
EXP-EMBED-C1-FUSED-XAI-EQUIV-001,B2:121,15,-0.22136710406279259,-0.22136708720000003,1.6862792551197714e-08,DERIVED_SENSOR_GROUP_VIEW,16.0,16.0,True
EXP-EMBED-C1-FUSED-XAI-EQUIV-001,B2:121,16,-0.5062577185316577,-0.50625769914,1.9391657724021627e-08,DERIVED_SENSOR_GROUP_VIEW,13.0,13.0,True
EXP-EMBED-C1-FUSED-XAI-EQUIV-001,B2:122,1,0.3171142563539252,0.31711426053999997,4.186074764600534e-09,DERIVED_SENSOR_GROUP_VIEW,14.0,14.0,True
EXP-EMBED-C1-FUSED-XAI-EQUIV-001,B2:122,2,0.8290712013470487,0.8290711937999999,7.547048763711928e-09,DERIVED_SENSOR_GROUP_VIEW,5.0,5.0,True
EXP-EMBED-C1-FUSED-XAI-EQUIV-001,B2:122,3,0.4292595780027093,0.42925956639,1.1612709294173129e-08,DERIVED_SENSOR_GROUP_VIEW,12.0,12.0,True
EXP-EMBED-C1-FUSED-XAI-EQUIV-001,B2:122,4,0.9877849272714956,0.9877849607,3.342850440901657e-08,DERIVED_SENSOR_GROUP_VIEW,4.0,4.0,True
EXP-EMBED-C1-FUSED-XAI-EQUIV-001,B2:122,5,-0.16461885752072658,-0.16461885920000002,1.6792734425230549e-09,DERIVED_SENSOR_GROUP_VIEW,15.0,15.0,True
EXP-EMBED-C1-FUSED-XAI-EQUIV-001,B2:122,6,-0.6912503677144243,-0.6912503155999999,5.211442433150637e-08,DERIVED_SENSOR_GROUP_VIEW,10.0,10.0,True
EXP-EMBED-C1-FUSED-XAI-EQUIV-001,B2:122,7,-0.8160839138779107,-0.8160839463,3.242208934661761e-08,DERIVED_SENSOR_GROUP_VIEW,6.0,6.0,True
EXP-EMBED-C1-FUSED-XAI-EQUIV-001,B2:122,8,-0.5720181724530661,-0.57201818363,1.117693393393182e-08,DERIVED_SENSOR_GROUP_VIEW,11.0,11.0,True
EXP-EMBED-C1-FUSED-XAI-EQUIV-001,B2:122,9,1.339295466563307,1.339295468,1.4366929868003808e-09,DERIVED_SENSOR_GROUP_VIEW,2.0,2.0,True
EXP-EMBED-C1-FUSED-XAI-EQUIV-001,B2:122,10,0.7009076402890674,0.7009076424399999,2.150932543187878e-09,DERIVED_SENSOR_GROUP_VIEW,9.0,9.0,True
EXP-EMBED-C1-FUSED-XAI-EQUIV-001,B2:122,11,0.7364639666131401,0.73646397323,6.616859948849196e-09,DERIVED_SENSOR_GROUP_VIEW,7.0,7.0,True
EXP-EMBED-C1-FUSED-XAI-EQUIV-001,B2:122,12,0.7237648983398386,0.72376490833,9.990161364825667e-09,DERIVED_SENSOR_GROUP_VIEW,8.0,8.0,True
EXP-EMBED-C1-FUSED-XAI-EQUIV-001,B2:122,13,-1.0596884488234284,-1.0596884996,5.07765716140085e-08,DERIVED_SENSOR_GROUP_VIEW,3.0,3.0,True
EXP-EMBED-C1-FUSED-XAI-EQUIV-001,B2:122,14,-1.6008936706928063,-1.6008937805999999,1.0990719356840373e-07,DERIVED_SENSOR_GROUP_VIEW,1.0,1.0,True
EXP-EMBED-C1-FUSED-XAI-EQUIV-001,B2:122,15,-0.1374711702827799,-0.1374711615,8.78277989224685e-09,DERIVED_SENSOR_GROUP_VIEW,16.0,16.0,True
EXP-EMBED-C1-FUSED-XAI-EQUIV-001,B2:122,16,-0.3422146888690431,-0.34221466021,2.8659043083134605e-08,DERIVED_SENSOR_GROUP_VIEW,13.0,13.0,True
EXP-EMBED-C1-FUSED-XAI-EQUIV-001,B2:135,1,0.3200583153264507,0.32005829235,2.2976450686496008e-08,DERIVED_SENSOR_GROUP_VIEW,14.0,14.0,True
EXP-EMBED-C1-FUSED-XAI-EQUIV-001,B2:135,2,0.850012711292891,0.8500127198,8.507109017230619e-09,DERIVED_SENSOR_GROUP_VIEW,9.0,9.0,True
EXP-EMBED-C1-FUSED-XAI-EQUIV-001,B2:135,3,0.6134185811051401,0.61341858486,3.754859867477478e-09,DERIVED_SENSOR_GROUP_VIEW,12.0,12.0,True
EXP-EMBED-C1-FUSED-XAI-EQUIV-001,B2:135,4,1.3695266530476737,1.3695266078,4.524767382996231e-08,DERIVED_SENSOR_GROUP_VIEW,4.0,4.0,True
EXP-EMBED-C1-FUSED-XAI-EQUIV-001,B2:135,5,-0.2536375501524227,-0.25363749150000003,5.8652422640914637e-08,DERIVED_SENSOR_GROUP_VIEW,15.0,15.0,True
EXP-EMBED-C1-FUSED-XAI-EQUIV-001,B2:135,6,-1.0057318559108086,-1.0057317982,5.771080857641664e-08,DERIVED_SENSOR_GROUP_VIEW,6.0,6.0,True
EXP-EMBED-C1-FUSED-XAI-EQUIV-001,B2:135,7,-1.1333245681152682,-1.1333245972000001,2.9084731956174892e-08,DERIVED_SENSOR_GROUP_VIEW,5.0,5.0,True
EXP-EMBED-C1-FUSED-XAI-EQUIV-001,B2:135,8,-0.8122521433458635,-0.8122521552299999,1.1884136452700034e-08,DERIVED_SENSOR_GROUP_VIEW,10.0,10.0,True
EXP-EMBED-C1-FUSED-XAI-EQUIV-001,B2:135,9,1.44292090624283,1.442920946,3.975717000059831e-08,DERIVED_SENSOR_GROUP_VIEW,3.0,3.0,True
EXP-EMBED-C1-FUSED-XAI-EQUIV-001,B2:135,10,0.7618830569145151,0.76188305489,2.0245151111097925e-09,DERIVED_SENSOR_GROUP_VIEW,11.0,11.0,True
EXP-EMBED-C1-FUSED-XAI-EQUIV-001,B2:135,11,0.9854303835996658,0.9854304040199999,2.042033409033195e-08,DERIVED_SENSOR_GROUP_VIEW,7.0,7.0,True
EXP-EMBED-C1-FUSED-XAI-EQUIV-001,B2:135,12,0.9561767283152036,0.9561767458,1.748479638852274e-08,DERIVED_SENSOR_GROUP_VIEW,8.0,8.0,True
EXP-EMBED-C1-FUSED-XAI-EQUIV-001,B2:135,13,-1.6478794584820475,-1.6478794291999999,2.9282047675494027e-08,DERIVED_SENSOR_GROUP_VIEW,2.0,2.0,True
EXP-EMBED-C1-FUSED-XAI-EQUIV-001,B2:135,14,-2.3759874113656947,-2.375987455,4.3634305502138204e-08,DERIVED_SENSOR_GROUP_VIEW,1.0,1.0,True
EXP-EMBED-C1-FUSED-XAI-EQUIV-001,B2:135,15,-0.2359635545323061,-0.2359635511,3.4323061059993165e-09,DERIVED_SENSOR_GROUP_VIEW,16.0,16.0,True
EXP-EMBED-C1-FUSED-XAI-EQUIV-001,B2:135,16,-0.5166412101621013,-0.51664119909,1.1072101346876195e-08,DERIVED_SENSOR_GROUP_VIEW,13.0,13.0,True
EXP-EMBED-C1-FUSED-XAI-EQUIV-001,B2:149,1,0.31981305479793065,0.31981303719,1.7607930669072402e-08,DERIVED_SENSOR_GROUP_VIEW,14.0,14.0,True
EXP-EMBED-C1-FUSED-XAI-EQUIV-001,B2:149,2,0.8511357254424642,0.8511357446000001,1.9157535890990118e-08,DERIVED_SENSOR_GROUP_VIEW,9.0,9.0,True
EXP-EMBED-C1-FUSED-XAI-EQUIV-001,B2:149,3,0.5972525790602553,0.5972525977900001,1.8729744755141553e-08,DERIVED_SENSOR_GROUP_VIEW,12.0,12.0,True
EXP-EMBED-C1-FUSED-XAI-EQUIV-001,B2:149,4,1.330347618871968,1.3303476145,4.371968120864267e-09,DERIVED_SENSOR_GROUP_VIEW,4.0,4.0,True
EXP-EMBED-C1-FUSED-XAI-EQUIV-001,B2:149,5,-0.24530321820302892,-0.2453031925,2.570302892745957e-08,DERIVED_SENSOR_GROUP_VIEW,15.0,15.0,True
EXP-EMBED-C1-FUSED-XAI-EQUIV-001,B2:149,6,-0.9703789632755675,-0.9703789463,1.6975567507238054e-08,DERIVED_SENSOR_GROUP_VIEW,7.0,7.0,True
EXP-EMBED-C1-FUSED-XAI-EQUIV-001,B2:149,7,-1.09475720859955,-1.0947572524,4.380044993368415e-08,DERIVED_SENSOR_GROUP_VIEW,5.0,5.0,True
EXP-EMBED-C1-FUSED-XAI-EQUIV-001,B2:149,8,-0.7799476355795316,-0.77994764164,6.060468349389225e-09,DERIVED_SENSOR_GROUP_VIEW,10.0,10.0,True
EXP-EMBED-C1-FUSED-XAI-EQUIV-001,B2:149,9,1.4475471401438247,1.447547132,8.143824725692639e-09,DERIVED_SENSOR_GROUP_VIEW,3.0,3.0,True
EXP-EMBED-C1-FUSED-XAI-EQUIV-001,B2:149,10,0.7654377990259772,0.76543781168,1.2654022829572398e-08,DERIVED_SENSOR_GROUP_VIEW,11.0,11.0,True
EXP-EMBED-C1-FUSED-XAI-EQUIV-001,B2:149,11,0.9738524187470607,0.9738524317899999,1.3042939173146806e-08,DERIVED_SENSOR_GROUP_VIEW,6.0,6.0,True
EXP-EMBED-C1-FUSED-XAI-EQUIV-001,B2:149,12,0.9261021296925604,0.9261021534,2.370743956703336e-08,DERIVED_SENSOR_GROUP_VIEW,8.0,8.0,True
EXP-EMBED-C1-FUSED-XAI-EQUIV-001,B2:149,13,-1.59457937732773,-1.5945793689999999,8.327730061097327e-09,DERIVED_SENSOR_GROUP_VIEW,2.0,2.0,True
EXP-EMBED-C1-FUSED-XAI-EQUIV-001,B2:149,14,-2.4319689202268124,-2.431969002,8.177318777669029e-08,DERIVED_SENSOR_GROUP_VIEW,1.0,1.0,True
EXP-EMBED-C1-FUSED-XAI-EQUIV-001,B2:149,15,-0.2254265589974063,-0.22542655260000005,6.397406243641157e-09,DERIVED_SENSOR_GROUP_VIEW,16.0,16.0,True
EXP-EMBED-C1-FUSED-XAI-EQUIV-001,B2:149,16,-0.5015097074542054,-0.5015097015900001,5.864205343542039e-09,DERIVED_SENSOR_GROUP_VIEW,13.0,13.0,True
EXP-EMBED-C1-FUSED-XAI-EQUIV-001,B2:165,1,0.3182167433081508,0.31821673986,3.448150820428708e-09,DERIVED_SENSOR_GROUP_VIEW,14.0,14.0,True
EXP-EMBED-C1-FUSED-XAI-EQUIV-001,B2:165,2,0.847939543311914,0.8479395719999999,2.8688085906836136e-08,DERIVED_SENSOR_GROUP_VIEW,10.0,10.0,True
EXP-EMBED-C1-FUSED-XAI-EQUIV-001,B2:165,3,0.6659560912577938,0.6659560922100001,9.522063137978876e-10,DERIVED_SENSOR_GROUP_VIEW,12.0,12.0,True
EXP-EMBED-C1-FUSED-XAI-EQUIV-001,B2:165,4,1.4805647519135823,1.480564767,1.5086417670673313e-08,DERIVED_SENSOR_GROUP_VIEW,3.0,3.0,True
EXP-EMBED-C1-FUSED-XAI-EQUIV-001,B2:165,5,-0.2523222747538325,-0.2523222058999999,6.885383263544043e-08,DERIVED_SENSOR_GROUP_VIEW,16.0,16.0,True
EXP-EMBED-C1-FUSED-XAI-EQUIV-001,B2:165,6,-1.1160193843282897,-1.1160193733,1.102828983690074e-08,DERIVED_SENSOR_GROUP_VIEW,6.0,6.0,True
EXP-EMBED-C1-FUSED-XAI-EQUIV-001,B2:165,7,-1.2404560050361804,-1.2404560405,3.546381965868761e-08,DERIVED_SENSOR_GROUP_VIEW,5.0,5.0,True
EXP-EMBED-C1-FUSED-XAI-EQUIV-001,B2:165,8,-0.9018661147028003,-0.90186613499,2.028719969793258e-08,DERIVED_SENSOR_GROUP_VIEW,9.0,9.0,True
EXP-EMBED-C1-FUSED-XAI-EQUIV-001,B2:165,9,1.439103839180026,1.439103858,1.881997402364277e-08,DERIVED_SENSOR_GROUP_VIEW,4.0,4.0,True
EXP-EMBED-C1-FUSED-XAI-EQUIV-001,B2:165,10,0.7640370279788287,0.7640370273999999,5.788287626984356e-10,DERIVED_SENSOR_GROUP_VIEW,11.0,11.0,True
EXP-EMBED-C1-FUSED-XAI-EQUIV-001,B2:165,11,1.0744710433412967,1.07447107761,3.426870320843989e-08,DERIVED_SENSOR_GROUP_VIEW,7.0,7.0,True
EXP-EMBED-C1-FUSED-XAI-EQUIV-001,B2:165,12,1.0372735650634364,1.0372735496,1.5463436309204326e-08,DERIVED_SENSOR_GROUP_VIEW,8.0,8.0,True
EXP-EMBED-C1-FUSED-XAI-EQUIV-001,B2:165,13,-1.8932428768523972,-1.8932428359,4.095239725110389e-08,DERIVED_SENSOR_GROUP_VIEW,2.0,2.0,True
EXP-EMBED-C1-FUSED-XAI-EQUIV-001,B2:165,14,-2.564935404569278,-2.564935506,1.0143072204371606e-07,DERIVED_SENSOR_GROUP_VIEW,1.0,1.0,True
EXP-EMBED-C1-FUSED-XAI-EQUIV-001,B2:165,15,-0.2628935502284311,-0.26289353289999995,1.73284311344446e-08,DERIVED_SENSOR_GROUP_VIEW,15.0,15.0,True
EXP-EMBED-C1-FUSED-XAI-EQUIV-001,B2:165,16,-0.5588655386826116,-0.55886554029,1.607388444568869e-09,DERIVED_SENSOR_GROUP_VIEW,13.0,13.0,True
EXP-EMBED-C1-FUSED-XAI-EQUIV-001,B2:211,1,-0.56110508177801,-0.561105062452,1.9326010014530937e-08,DERIVED_SENSOR_GROUP_VIEW,7.0,7.0,True
EXP-EMBED-C1-FUSED-XAI-EQUIV-001,B2:211,2,-0.5032663725163462,-0.5032663588,1.3716346169978522e-08,DERIVED_SENSOR_GROUP_VIEW,8.0,8.0,True
EXP-EMBED-C1-FUSED-XAI-EQUIV-001,B2:211,3,0.11704777219611644,0.11704780769999999,3.5503883555332294e-08,DERIVED_SENSOR_GROUP_VIEW,14.0,14.0,True
EXP-EMBED-C1-FUSED-XAI-EQUIV-001,B2:211,4,0.0870723251092558,0.08707232115000003,3.959255770458192e-09,DERIVED_SENSOR_GROUP_VIEW,16.0,16.0,True
EXP-EMBED-C1-FUSED-XAI-EQUIV-001,B2:211,5,0.9067649426256867,0.9067649628000001,2.0174313331011717e-08,DERIVED_SENSOR_GROUP_VIEW,2.0,2.0,True
EXP-EMBED-C1-FUSED-XAI-EQUIV-001,B2:211,6,0.7814253470765478,0.7814253710000001,2.3923452330265604e-08,DERIVED_SENSOR_GROUP_VIEW,3.0,3.0,True
EXP-EMBED-C1-FUSED-XAI-EQUIV-001,B2:211,7,0.19292277266005217,0.19292279580000002,2.3139947846750886e-08,DERIVED_SENSOR_GROUP_VIEW,12.0,12.0,True
EXP-EMBED-C1-FUSED-XAI-EQUIV-001,B2:211,8,0.2488904740684825,0.2488904154,5.8668482488810625e-08,DERIVED_SENSOR_GROUP_VIEW,11.0,11.0,True
EXP-EMBED-C1-FUSED-XAI-EQUIV-001,B2:211,9,-0.5993054802121749,-0.5993054832299999,3.0178249899037723e-09,DERIVED_SENSOR_GROUP_VIEW,6.0,6.0,True
EXP-EMBED-C1-FUSED-XAI-EQUIV-001,B2:211,10,-0.6632319093196828,-0.6632319293,1.998031717853621e-08,DERIVED_SENSOR_GROUP_VIEW,5.0,5.0,True
EXP-EMBED-C1-FUSED-XAI-EQUIV-001,B2:211,11,0.1790240347021525,0.17902400702,2.7682152514696412e-08,DERIVED_SENSOR_GROUP_VIEW,13.0,13.0,True
EXP-EMBED-C1-FUSED-XAI-EQUIV-001,B2:211,12,0.262646159670016,0.26264616644,6.769984017829245e-09,DERIVED_SENSOR_GROUP_VIEW,10.0,10.0,True
EXP-EMBED-C1-FUSED-XAI-EQUIV-001,B2:211,13,1.226560160078868,1.2265601749,1.4821131877340576e-08,DERIVED_SENSOR_GROUP_VIEW,1.0,1.0,True
EXP-EMBED-C1-FUSED-XAI-EQUIV-001,B2:211,14,0.7439204780741244,0.7439205779999999,9.992587546303611e-08,DERIVED_SENSOR_GROUP_VIEW,4.0,4.0,True
EXP-EMBED-C1-FUSED-XAI-EQUIV-001,B2:211,15,0.11576313764351678,0.11576314090000002,3.256483235847263e-09,DERIVED_SENSOR_GROUP_VIEW,15.0,15.0,True
EXP-EMBED-C1-FUSED-XAI-EQUIV-001,B2:211,16,0.3782352477312336,0.37823522449999997,2.323123365899349e-08,DERIVED_SENSOR_GROUP_VIEW,9.0,9.0,True
EXP-EMBED-C1-FUSED-XAI-EQUIV-001,B2:212,1,-0.2555408083817563,-0.25554082310400006,1.4722243757425701e-08,DERIVED_SENSOR_GROUP_VIEW,9.0,9.0,True
EXP-EMBED-C1-FUSED-XAI-EQUIV-001,B2:212,2,-0.1467776652619285,-0.14677771490999997,4.964807145957373e-08,DERIVED_SENSOR_GROUP_VIEW,13.0,13.0,True
EXP-EMBED-C1-FUSED-XAI-EQUIV-001,B2:212,3,0.12322199213380902,0.12322201559999997,2.3466190948728816e-08,DERIVED_SENSOR_GROUP_VIEW,14.0,14.0,True
EXP-EMBED-C1-FUSED-XAI-EQUIV-001,B2:212,4,0.08897875832995691,0.08897875757000001,7.599569029625997e-10,DERIVED_SENSOR_GROUP_VIEW,16.0,16.0,True
EXP-EMBED-C1-FUSED-XAI-EQUIV-001,B2:212,5,0.8598637672398511,0.8598637642,3.0398511485785207e-09,DERIVED_SENSOR_GROUP_VIEW,2.0,2.0,True
EXP-EMBED-C1-FUSED-XAI-EQUIV-001,B2:212,6,0.7317607320247298,0.7317607181000001,1.3924729702630145e-08,DERIVED_SENSOR_GROUP_VIEW,3.0,3.0,True
EXP-EMBED-C1-FUSED-XAI-EQUIV-001,B2:212,7,0.195722394030028,0.1957224062,1.2169972002373797e-08,DERIVED_SENSOR_GROUP_VIEW,11.0,11.0,True
EXP-EMBED-C1-FUSED-XAI-EQUIV-001,B2:212,8,0.24674628707142765,0.2467462625,2.457142764256126e-08,DERIVED_SENSOR_GROUP_VIEW,10.0,10.0,True
EXP-EMBED-C1-FUSED-XAI-EQUIV-001,B2:212,9,-0.27094945557146594,-0.2709494848,2.9228534037528675e-08,DERIVED_SENSOR_GROUP_VIEW,7.0,7.0,True
EXP-EMBED-C1-FUSED-XAI-EQUIV-001,B2:212,10,-0.37639783982045605,-0.37639786681,2.6989543933098048e-08,DERIVED_SENSOR_GROUP_VIEW,5.0,5.0,True
EXP-EMBED-C1-FUSED-XAI-EQUIV-001,B2:212,11,0.1791043119349897,0.17910427813000002,3.380498969640655e-08,DERIVED_SENSOR_GROUP_VIEW,12.0,12.0,True
EXP-EMBED-C1-FUSED-XAI-EQUIV-001,B2:212,12,0.2678560506171807,0.26785604845,2.1671807126644183e-09,DERIVED_SENSOR_GROUP_VIEW,8.0,8.0,True
EXP-EMBED-C1-FUSED-XAI-EQUIV-001,B2:212,13,1.1474506309313313,1.1474506219,9.031331238418261e-09,DERIVED_SENSOR_GROUP_VIEW,1.0,1.0,True
EXP-EMBED-C1-FUSED-XAI-EQUIV-001,B2:212,14,0.6784591385740975,0.678459199,6.042590250388002e-08,DERIVED_SENSOR_GROUP_VIEW,4.0,4.0,True
EXP-EMBED-C1-FUSED-XAI-EQUIV-001,B2:212,15,0.12159994066401669,0.1215999425,1.8359833098280376e-09,DERIVED_SENSOR_GROUP_VIEW,15.0,15.0,True
EXP-EMBED-C1-FUSED-XAI-EQUIV-001,B2:212,16,0.37446508822432023,0.3744650922,3.975679785384045e-09,DERIVED_SENSOR_GROUP_VIEW,6.0,6.0,True
EXP-EMBED-C1-FUSED-XAI-EQUIV-001,B2:322,1,1.6853991611795902,1.6853992499000001,8.872040990759444e-08,DERIVED_SENSOR_GROUP_VIEW,8.0,8.0,True
EXP-EMBED-C1-FUSED-XAI-EQUIV-001,B2:322,2,2.0382308676368472,2.0382307988,6.883684733338669e-08,DERIVED_SENSOR_GROUP_VIEW,3.0,3.0,True
EXP-EMBED-C1-FUSED-XAI-EQUIV-001,B2:322,3,-1.7875613975991413,-1.7875614171,1.9500858705612245e-08,DERIVED_SENSOR_GROUP_VIEW,6.0,6.0,True
EXP-EMBED-C1-FUSED-XAI-EQUIV-001,B2:322,4,-1.5501513609506845,-1.55015135991,1.0406844275223648e-09,DERIVED_SENSOR_GROUP_VIEW,10.0,10.0,True
EXP-EMBED-C1-FUSED-XAI-EQUIV-001,B2:322,5,1.5020534481761574,1.50205345666,8.483842517392759e-09,DERIVED_SENSOR_GROUP_VIEW,11.0,11.0,True
EXP-EMBED-C1-FUSED-XAI-EQUIV-001,B2:322,6,1.6059394665332314,1.60593948068,1.4146768645417751e-08,DERIVED_SENSOR_GROUP_VIEW,9.0,9.0,True
EXP-EMBED-C1-FUSED-XAI-EQUIV-001,B2:322,7,-1.4635959368321436,-1.4635959778999998,4.106785622681741e-08,DERIVED_SENSOR_GROUP_VIEW,12.0,12.0,True
EXP-EMBED-C1-FUSED-XAI-EQUIV-001,B2:322,8,-1.336993877169303,-1.3369939101000001,3.293069705812002e-08,DERIVED_SENSOR_GROUP_VIEW,14.0,14.0,True
EXP-EMBED-C1-FUSED-XAI-EQUIV-001,B2:322,9,1.932543644164518,1.9325436426000002,1.5645178486067834e-09,DERIVED_SENSOR_GROUP_VIEW,4.0,4.0,True
EXP-EMBED-C1-FUSED-XAI-EQUIV-001,B2:322,10,2.084898314923066,2.0848981886,1.2632306622961664e-07,DERIVED_SENSOR_GROUP_VIEW,1.0,1.0,True
EXP-EMBED-C1-FUSED-XAI-EQUIV-001,B2:322,11,-1.7591885556477451,-1.7591885411,1.454774523068636e-08,DERIVED_SENSOR_GROUP_VIEW,7.0,7.0,True
EXP-EMBED-C1-FUSED-XAI-EQUIV-001,B2:322,12,-0.8211978059076261,-0.8211977965999999,9.307626225307786e-09,DERIVED_SENSOR_GROUP_VIEW,16.0,16.0,True
EXP-EMBED-C1-FUSED-XAI-EQUIV-001,B2:322,13,2.0549006809901926,2.0549007095,2.8509807403764853e-08,DERIVED_SENSOR_GROUP_VIEW,2.0,2.0,True
EXP-EMBED-C1-FUSED-XAI-EQUIV-001,B2:322,14,1.893712791601056,1.8937127067999997,8.480105639918634e-08,DERIVED_SENSOR_GROUP_VIEW,5.0,5.0,True
EXP-EMBED-C1-FUSED-XAI-EQUIV-001,B2:322,15,-1.412078844632577,-1.4120788817499998,3.711742291301334e-08,DERIVED_SENSOR_GROUP_VIEW,13.0,13.0,True
EXP-EMBED-C1-FUSED-XAI-EQUIV-001,B2:322,16,-1.2382279601067918,-1.2382279330000001,2.7106791700148847e-08,DERIVED_SENSOR_GROUP_VIEW,15.0,15.0,True
EXP-EMBED-C1-FUSED-XAI-EQUIV-001,B2:473,1,0.1267967159556751,0.12679672387,7.914324889890523e-09,DERIVED_SENSOR_GROUP_VIEW,15.0,15.0,True
EXP-EMBED-C1-FUSED-XAI-EQUIV-001,B2:473,2,0.17313657013098432,0.17313651150000003,5.8630984289820276e-08,DERIVED_SENSOR_GROUP_VIEW,12.0,12.0,True
EXP-EMBED-C1-FUSED-XAI-EQUIV-001,B2:473,3,1.7531502301202355,1.7531502177,1.2420235506738209e-08,DERIVED_SENSOR_GROUP_VIEW,2.0,2.0,True
EXP-EMBED-C1-FUSED-XAI-EQUIV-001,B2:473,4,1.462463708425359,1.4624636724000002,3.602535891822356e-08,DERIVED_SENSOR_GROUP_VIEW,4.0,4.0,True
EXP-EMBED-C1-FUSED-XAI-EQUIV-001,B2:473,5,0.11232673378473157,0.11232671610999997,1.7674731594974347e-08,DERIVED_SENSOR_GROUP_VIEW,16.0,16.0,True
EXP-EMBED-C1-FUSED-XAI-EQUIV-001,B2:473,6,0.34986715821925163,0.34986717038570003,1.2166448404293817e-08,DERIVED_SENSOR_GROUP_VIEW,11.0,11.0,True
EXP-EMBED-C1-FUSED-XAI-EQUIV-001,B2:473,7,1.1495317781661942,1.1495318253,4.713380574727921e-08,DERIVED_SENSOR_GROUP_VIEW,7.0,7.0,True
EXP-EMBED-C1-FUSED-XAI-EQUIV-001,B2:473,8,1.2191135241509203,1.2191134779500001,4.6200920200689666e-08,DERIVED_SENSOR_GROUP_VIEW,5.0,5.0,True
EXP-EMBED-C1-FUSED-XAI-EQUIV-001,B2:473,9,1.6545861190591995,1.654586066173,5.288619941978823e-08,DERIVED_SENSOR_GROUP_VIEW,3.0,3.0,True
EXP-EMBED-C1-FUSED-XAI-EQUIV-001,B2:473,10,0.4376404629424681,0.43764061709,1.5414753190556851e-07,DERIVED_SENSOR_GROUP_VIEW,9.0,9.0,True
EXP-EMBED-C1-FUSED-XAI-EQUIV-001,B2:473,11,1.7976796293669062,1.7976796396,1.0233093927780601e-08,DERIVED_SENSOR_GROUP_VIEW,1.0,1.0,True
EXP-EMBED-C1-FUSED-XAI-EQUIV-001,B2:473,12,0.1728841191117988,0.17288411043000002,8.681798779885952e-09,DERIVED_SENSOR_GROUP_VIEW,13.0,13.0,True
EXP-EMBED-C1-FUSED-XAI-EQUIV-001,B2:473,13,-0.6031819980386537,-0.6031820217999999,2.376134622394943e-08,DERIVED_SENSOR_GROUP_VIEW,8.0,8.0,True
EXP-EMBED-C1-FUSED-XAI-EQUIV-001,B2:473,14,0.1721712083120466,0.17217122462,1.6307953404348652e-08,DERIVED_SENSOR_GROUP_VIEW,14.0,14.0,True
EXP-EMBED-C1-FUSED-XAI-EQUIV-001,B2:473,15,1.1679759880312994,1.1679759946,6.568700472442401e-09,DERIVED_SENSOR_GROUP_VIEW,6.0,6.0,True
EXP-EMBED-C1-FUSED-XAI-EQUIV-001,B2:473,16,0.3765510229627869,0.3765510063,1.6662786928023365e-08,DERIVED_SENSOR_GROUP_VIEW,10.0,10.0,True
EXP-EMBED-C1-FUSED-XAI-EQUIV-001,B2:474,1,0.531542456869903,0.5315424980600001,4.119009711089916e-08,DERIVED_SENSOR_GROUP_VIEW,11.0,11.0,True
EXP-EMBED-C1-FUSED-XAI-EQUIV-001,B2:474,2,0.9901916768356324,0.990191715891,3.905536760662187e-08,DERIVED_SENSOR_GROUP_VIEW,7.0,7.0,True
EXP-EMBED-C1-FUSED-XAI-EQUIV-001,B2:474,3,1.5927890619601814,1.592789099,3.703981854563665e-08,DERIVED_SENSOR_GROUP_VIEW,3.0,3.0,True
EXP-EMBED-C1-FUSED-XAI-EQUIV-001,B2:474,4,1.2985532522237517,1.2985532800000001,2.7776248412436644e-08,DERIVED_SENSOR_GROUP_VIEW,4.0,4.0,True
EXP-EMBED-C1-FUSED-XAI-EQUIV-001,B2:474,5,0.1225385875078995,0.12253853302999998,5.447789952484072e-08,DERIVED_SENSOR_GROUP_VIEW,16.0,16.0,True
EXP-EMBED-C1-FUSED-XAI-EQUIV-001,B2:474,6,0.2817350303684587,0.28173503006,3.084587030244279e-10,DERIVED_SENSOR_GROUP_VIEW,13.0,13.0,True
EXP-EMBED-C1-FUSED-XAI-EQUIV-001,B2:474,7,0.9809603634530657,0.9809604243,6.084693426888776e-08,DERIVED_SENSOR_GROUP_VIEW,8.0,8.0,True
EXP-EMBED-C1-FUSED-XAI-EQUIV-001,B2:474,8,1.0220367994301431,1.02203680406,4.629856942273136e-09,DERIVED_SENSOR_GROUP_VIEW,6.0,6.0,True
EXP-EMBED-C1-FUSED-XAI-EQUIV-001,B2:474,9,2.299344497188659,2.299344382533,1.1465565918911125e-07,DERIVED_SENSOR_GROUP_VIEW,1.0,1.0,True
EXP-EMBED-C1-FUSED-XAI-EQUIV-001,B2:474,10,1.1787834934660089,1.178783502614,9.147991031355218e-09,DERIVED_SENSOR_GROUP_VIEW,5.0,5.0,True
EXP-EMBED-C1-FUSED-XAI-EQUIV-001,B2:474,11,1.5953155611243512,1.59531553,3.11243513184678e-08,DERIVED_SENSOR_GROUP_VIEW,2.0,2.0,True
EXP-EMBED-C1-FUSED-XAI-EQUIV-001,B2:474,12,0.2166242037990298,0.2166241956,8.199029788436007e-09,DERIVED_SENSOR_GROUP_VIEW,14.0,14.0,True
EXP-EMBED-C1-FUSED-XAI-EQUIV-001,B2:474,13,-0.6291284818729623,-0.62912851927,3.73970376887911e-08,DERIVED_SENSOR_GROUP_VIEW,10.0,10.0,True
EXP-EMBED-C1-FUSED-XAI-EQUIV-001,B2:474,14,0.1388139848760985,0.13881400056999998,1.5693901483926354e-08,DERIVED_SENSOR_GROUP_VIEW,15.0,15.0,True
EXP-EMBED-C1-FUSED-XAI-EQUIV-001,B2:474,15,0.9745104500790884,0.9745104763,2.6220911553131998e-08,DERIVED_SENSOR_GROUP_VIEW,9.0,9.0,True
EXP-EMBED-C1-FUSED-XAI-EQUIV-001,B2:474,16,0.4276932413657277,0.42769321943999994,2.1925727788918437e-08,DERIVED_SENSOR_GROUP_VIEW,12.0,12.0,True
EXP-EMBED-C1-FUSED-XAI-EQUIV-001,B2:495,1,0.3321271463873532,0.33212714254,3.8473532137928146e-09,DERIVED_SENSOR_GROUP_VIEW,15.0,15.0,True
EXP-EMBED-C1-FUSED-XAI-EQUIV-001,B2:495,2,0.8328433009924061,0.8328433,9.92406157251935e-10,DERIVED_SENSOR_GROUP_VIEW,13.0,13.0,True
EXP-EMBED-C1-FUSED-XAI-EQUIV-001,B2:495,3,-0.9679606370804967,-0.96796065547,1.838950325350197e-08,DERIVED_SENSOR_GROUP_VIEW,12.0,12.0,True
EXP-EMBED-C1-FUSED-XAI-EQUIV-001,B2:495,4,-2.0826626567737856,-2.0826627551,9.832621428174093e-08,DERIVED_SENSOR_GROUP_VIEW,5.0,5.0,True
EXP-EMBED-C1-FUSED-XAI-EQUIV-001,B2:495,5,-0.08038788402270969,-0.08038796411000027,8.008729057706887e-08,DERIVED_SENSOR_GROUP_VIEW,16.0,16.0,True
EXP-EMBED-C1-FUSED-XAI-EQUIV-001,B2:495,6,2.1610458257191167,2.1610458377499997,1.2030882956537425e-08,DERIVED_SENSOR_GROUP_VIEW,4.0,4.0,True
EXP-EMBED-C1-FUSED-XAI-EQUIV-001,B2:495,7,2.572859085679142,2.5728590650000003,2.0679141510271393e-08,DERIVED_SENSOR_GROUP_VIEW,3.0,3.0,True
EXP-EMBED-C1-FUSED-XAI-EQUIV-001,B2:495,8,1.968178190393219,1.9681782208,3.040678109300643e-08,DERIVED_SENSOR_GROUP_VIEW,6.0,6.0,True
EXP-EMBED-C1-FUSED-XAI-EQUIV-001,B2:495,9,1.3563713197173692,1.356371319,7.173692750939153e-10,DERIVED_SENSOR_GROUP_VIEW,8.0,8.0,True
EXP-EMBED-C1-FUSED-XAI-EQUIV-001,B2:495,10,0.7133674483043806,0.71336745084,2.535619381127674e-09,DERIVED_SENSOR_GROUP_VIEW,14.0,14.0,True
EXP-EMBED-C1-FUSED-XAI-EQUIV-001,B2:495,11,-1.138002840207547,-1.1380027953,4.490754701436117e-08,DERIVED_SENSOR_GROUP_VIEW,10.0,10.0,True
EXP-EMBED-C1-FUSED-XAI-EQUIV-001,B2:495,12,-1.2235789049877555,-1.2235789277999998,2.2812244315773e-08,DERIVED_SENSOR_GROUP_VIEW,9.0,9.0,True
EXP-EMBED-C1-FUSED-XAI-EQUIV-001,B2:495,13,4.94918175736716,4.94918178474,2.7372839994654896e-08,DERIVED_SENSOR_GROUP_VIEW,2.0,2.0,True
EXP-EMBED-C1-FUSED-XAI-EQUIV-001,B2:495,14,5.658445337011542,5.658445627199999,2.901884572636959e-07,DERIVED_SENSOR_GROUP_VIEW,1.0,1.0,True
EXP-EMBED-C1-FUSED-XAI-EQUIV-001,B2:495,15,0.9869229744839445,0.98692289003,8.445394450440347e-08,DERIVED_SENSOR_GROUP_VIEW,11.0,11.0,True
EXP-EMBED-C1-FUSED-XAI-EQUIV-001,B2:495,16,1.3820943759466713,1.38209434928,2.6666671315567214e-08,DERIVED_SENSOR_GROUP_VIEW,7.0,7.0,True
EXP-EMBED-C1-FUSED-XAI-EQUIV-001,B2:534,1,0.9385029919011921,0.9385029905,1.4011921622980594e-09,DERIVED_SENSOR_GROUP_VIEW,6.0,6.0,True
EXP-EMBED-C1-FUSED-XAI-EQUIV-001,B2:534,2,0.9833057585155687,0.9833058080999999,4.958443122760059e-08,DERIVED_SENSOR_GROUP_VIEW,5.0,5.0,True
EXP-EMBED-C1-FUSED-XAI-EQUIV-001,B2:534,3,0.5038197677253966,0.5038197288590001,3.8866396545600423e-08,DERIVED_SENSOR_GROUP_VIEW,8.0,8.0,True
EXP-EMBED-C1-FUSED-XAI-EQUIV-001,B2:534,4,1.177675551185652,1.1776756388999998,8.771434778509501e-08,DERIVED_SENSOR_GROUP_VIEW,2.0,2.0,True
EXP-EMBED-C1-FUSED-XAI-EQUIV-001,B2:534,5,1.1871163465839905,1.1871164379999999,9.141600942896844e-08,DERIVED_SENSOR_GROUP_VIEW,1.0,1.0,True
EXP-EMBED-C1-FUSED-XAI-EQUIV-001,B2:534,6,0.4918655603341472,0.49186553380000003,2.653414715725333e-08,DERIVED_SENSOR_GROUP_VIEW,9.0,9.0,True
EXP-EMBED-C1-FUSED-XAI-EQUIV-001,B2:534,7,0.3525087669328806,0.35250878840899996,2.1476119382857206e-08,DERIVED_SENSOR_GROUP_VIEW,12.0,12.0,True
EXP-EMBED-C1-FUSED-XAI-EQUIV-001,B2:534,8,0.45412583145263624,0.45412585004999995,1.8597363704575542e-08,DERIVED_SENSOR_GROUP_VIEW,10.0,10.0,True
EXP-EMBED-C1-FUSED-XAI-EQUIV-001,B2:534,9,1.10026574830048,1.1002657676,1.9299519982141078e-08,DERIVED_SENSOR_GROUP_VIEW,4.0,4.0,True
EXP-EMBED-C1-FUSED-XAI-EQUIV-001,B2:534,10,1.1669292997616967,1.166929278,2.1761696666899866e-08,DERIVED_SENSOR_GROUP_VIEW,3.0,3.0,True
EXP-EMBED-C1-FUSED-XAI-EQUIV-001,B2:534,11,-0.10720256000963868,-0.10720254893,1.1079638678745951e-08,DERIVED_SENSOR_GROUP_VIEW,16.0,16.0,True
EXP-EMBED-C1-FUSED-XAI-EQUIV-001,B2:534,12,0.3132657193364677,0.31326583445600004,1.1511953235121553e-07,DERIVED_SENSOR_GROUP_VIEW,14.0,14.0,True
EXP-EMBED-C1-FUSED-XAI-EQUIV-001,B2:534,13,0.5819682343459527,0.5819681321999999,1.0214595280721994e-07,DERIVED_SENSOR_GROUP_VIEW,7.0,7.0,True
EXP-EMBED-C1-FUSED-XAI-EQUIV-001,B2:534,14,0.3937916287675569,0.39379177749999994,1.487324430282655e-07,DERIVED_SENSOR_GROUP_VIEW,11.0,11.0,True
EXP-EMBED-C1-FUSED-XAI-EQUIV-001,B2:534,15,0.32174184004483153,0.32174180516530004,3.4879531485287885e-08,DERIVED_SENSOR_GROUP_VIEW,13.0,13.0,True
EXP-EMBED-C1-FUSED-XAI-EQUIV-001,B2:534,16,0.2916783025497425,0.29167825398799996,4.8561742516106676e-08,DERIVED_SENSOR_GROUP_VIEW,15.0,15.0,True
EXP-EMBED-C1-FUSED-XAI-EQUIV-001,B2:535,1,0.9422363996947152,0.9422364002,5.052848139897037e-10,DERIVED_SENSOR_GROUP_VIEW,6.0,6.0,True
EXP-EMBED-C1-FUSED-XAI-EQUIV-001,B2:535,2,0.9905215217214495,0.9905215840999999,6.237855043611518e-08,DERIVED_SENSOR_GROUP_VIEW,5.0,5.0,True
EXP-EMBED-C1-FUSED-XAI-EQUIV-001,B2:535,3,0.4898011774748926,0.48980123707,5.959510740449758e-08,DERIVED_SENSOR_GROUP_VIEW,10.0,10.0,True
EXP-EMBED-C1-FUSED-XAI-EQUIV-001,B2:535,4,1.1492459208011838,1.1492459885,6.769881610857453e-08,DERIVED_SENSOR_GROUP_VIEW,3.0,3.0,True
EXP-EMBED-C1-FUSED-XAI-EQUIV-001,B2:535,5,1.207964434706546,1.207964473,3.829345418537855e-08,DERIVED_SENSOR_GROUP_VIEW,1.0,1.0,True
EXP-EMBED-C1-FUSED-XAI-EQUIV-001,B2:535,6,0.5472459014928872,0.5472458862,1.5292887178830483e-08,DERIVED_SENSOR_GROUP_VIEW,8.0,8.0,True
EXP-EMBED-C1-FUSED-XAI-EQUIV-001,B2:535,7,0.34228273575267304,0.342282731059,4.693673061328951e-09,DERIVED_SENSOR_GROUP_VIEW,12.0,12.0,True
EXP-EMBED-C1-FUSED-XAI-EQUIV-001,B2:535,8,0.4464837288387493,0.4464837718,4.29612506680499e-08,DERIVED_SENSOR_GROUP_VIEW,11.0,11.0,True
EXP-EMBED-C1-FUSED-XAI-EQUIV-001,B2:535,9,1.1092554604802376,1.109255467,6.519762507650739e-09,DERIVED_SENSOR_GROUP_VIEW,4.0,4.0,True
EXP-EMBED-C1-FUSED-XAI-EQUIV-001,B2:535,10,1.1708889257658603,1.1708889014000001,2.4365860218367175e-08,DERIVED_SENSOR_GROUP_VIEW,2.0,2.0,True
EXP-EMBED-C1-FUSED-XAI-EQUIV-001,B2:535,11,-0.11094160222165528,-0.11094158193,2.029165527273058e-08,DERIVED_SENSOR_GROUP_VIEW,16.0,16.0,True
EXP-EMBED-C1-FUSED-XAI-EQUIV-001,B2:535,12,0.3063214046297752,0.30632144331800004,3.868822484598411e-08,DERIVED_SENSOR_GROUP_VIEW,14.0,14.0,True
EXP-EMBED-C1-FUSED-XAI-EQUIV-001,B2:535,13,0.5684335634389791,0.5684334482,1.152389791370112e-07,DERIVED_SENSOR_GROUP_VIEW,7.0,7.0,True
EXP-EMBED-C1-FUSED-XAI-EQUIV-001,B2:535,14,0.5100918508945799,0.5100919757600001,1.2486542022571712e-07,DERIVED_SENSOR_GROUP_VIEW,9.0,9.0,True
EXP-EMBED-C1-FUSED-XAI-EQUIV-001,B2:535,15,0.31343287806256104,0.3134328518057,2.625686101875857e-08,DERIVED_SENSOR_GROUP_VIEW,13.0,13.0,True
EXP-EMBED-C1-FUSED-XAI-EQUIV-001,B2:535,16,0.28414392710584724,0.28414391421199997,1.2893847267658742e-08,DERIVED_SENSOR_GROUP_VIEW,15.0,15.0,True
EXP-EMBED-C1-FUSED-XAI-EQUIV-001,B2:540,1,0.3115463097043618,0.3115463005,9.204361828274443e-09,DERIVED_SENSOR_GROUP_VIEW,8.0,8.0,True
EXP-EMBED-C1-FUSED-XAI-EQUIV-001,B2:540,2,0.7598676210684261,0.7598676182999999,2.768426154986514e-09,DERIVED_SENSOR_GROUP_VIEW,6.0,6.0,True
EXP-EMBED-C1-FUSED-XAI-EQUIV-001,B2:540,3,-0.28811821109860497,-0.2881182128502,1.7515950356816745e-09,DERIVED_SENSOR_GROUP_VIEW,10.0,10.0,True
EXP-EMBED-C1-FUSED-XAI-EQUIV-001,B2:540,4,-0.906780160861123,-0.90678019478,3.3918877040406414e-08,DERIVED_SENSOR_GROUP_VIEW,4.0,4.0,True
EXP-EMBED-C1-FUSED-XAI-EQUIV-001,B2:540,5,-0.04056442608170957,-0.04056438619999991,3.988170965696369e-08,DERIVED_SENSOR_GROUP_VIEW,16.0,16.0,True
EXP-EMBED-C1-FUSED-XAI-EQUIV-001,B2:540,6,0.7696753087714204,0.76967529357,1.5201420455746018e-08,DERIVED_SENSOR_GROUP_VIEW,5.0,5.0,True
EXP-EMBED-C1-FUSED-XAI-EQUIV-001,B2:540,7,0.2090885703848543,0.209088591301,2.0916145704319433e-08,DERIVED_SENSOR_GROUP_VIEW,14.0,14.0,True
EXP-EMBED-C1-FUSED-XAI-EQUIV-001,B2:540,8,0.30947761871256496,0.30947762307000004,4.357435079427319e-09,DERIVED_SENSOR_GROUP_VIEW,9.0,9.0,True
EXP-EMBED-C1-FUSED-XAI-EQUIV-001,B2:540,9,1.1601169689393682,1.1601169470000001,2.1939368100021284e-08,DERIVED_SENSOR_GROUP_VIEW,3.0,3.0,True
EXP-EMBED-C1-FUSED-XAI-EQUIV-001,B2:540,10,0.6000411603098681,0.60004116571,5.400131897204119e-09,DERIVED_SENSOR_GROUP_VIEW,7.0,7.0,True
EXP-EMBED-C1-FUSED-XAI-EQUIV-001,B2:540,11,0.2801782997124843,0.28017831496,1.5247515694483127e-08,DERIVED_SENSOR_GROUP_VIEW,11.0,11.0,True
EXP-EMBED-C1-FUSED-XAI-EQUIV-001,B2:540,12,-0.2507294141957772,-0.250729440073,2.5877222809000955e-08,DERIVED_SENSOR_GROUP_VIEW,12.0,12.0,True
EXP-EMBED-C1-FUSED-XAI-EQUIV-001,B2:540,13,2.345944779040348,2.3459447271,5.1940348022583294e-08,DERIVED_SENSOR_GROUP_VIEW,2.0,2.0,True
EXP-EMBED-C1-FUSED-XAI-EQUIV-001,B2:540,14,3.3756385116733965,3.3756385873,7.562660364612839e-08,DERIVED_SENSOR_GROUP_VIEW,1.0,1.0,True
EXP-EMBED-C1-FUSED-XAI-EQUIV-001,B2:540,15,-0.08568363495036921,-0.08568362749,7.460369211287343e-09,DERIVED_SENSOR_GROUP_VIEW,15.0,15.0,True
EXP-EMBED-C1-FUSED-XAI-EQUIV-001,B2:540,16,-0.2122356382037806,-0.212235635117,3.0867806088963334e-09,DERIVED_SENSOR_GROUP_VIEW,13.0,13.0,True
EXP-EMBED-C1-FUSED-XAI-EQUIV-001,B2:778,1,2.106448151390752,2.10644811569,3.570075168823905e-08,DERIVED_SENSOR_GROUP_VIEW,2.0,2.0,True
EXP-EMBED-C1-FUSED-XAI-EQUIV-001,B2:778,2,2.4950281807990082,2.4950281551,2.569900825477589e-08,DERIVED_SENSOR_GROUP_VIEW,1.0,1.0,True
EXP-EMBED-C1-FUSED-XAI-EQUIV-001,B2:778,3,0.07522104848050071,0.07522105608,7.599499293742262e-09,DERIVED_SENSOR_GROUP_VIEW,16.0,16.0,True
EXP-EMBED-C1-FUSED-XAI-EQUIV-001,B2:778,4,0.1402012981293629,0.14020130219000002,4.06063710434168e-09,DERIVED_SENSOR_GROUP_VIEW,13.0,13.0,True
EXP-EMBED-C1-FUSED-XAI-EQUIV-001,B2:778,5,-1.0820135941039548,-1.0820135339999999,6.010395492417331e-08,DERIVED_SENSOR_GROUP_VIEW,3.0,3.0,True
EXP-EMBED-C1-FUSED-XAI-EQUIV-001,B2:778,6,-0.48663101437362444,-0.48663100079,1.3583624447477405e-08,DERIVED_SENSOR_GROUP_VIEW,7.0,7.0,True
EXP-EMBED-C1-FUSED-XAI-EQUIV-001,B2:778,7,0.2569820554263029,0.25698209591,4.0483697061333146e-08,DERIVED_SENSOR_GROUP_VIEW,10.0,10.0,True
EXP-EMBED-C1-FUSED-XAI-EQUIV-001,B2:778,8,0.2005607954957739,0.20056079961000006,4.11422615420598e-09,DERIVED_SENSOR_GROUP_VIEW,12.0,12.0,True
EXP-EMBED-C1-FUSED-XAI-EQUIV-001,B2:778,9,1.0317312255478177,1.0317311766400001,4.890781757360685e-08,DERIVED_SENSOR_GROUP_VIEW,5.0,5.0,True
EXP-EMBED-C1-FUSED-XAI-EQUIV-001,B2:778,10,0.7562525294469089,0.75625248814,4.130690889336819e-08,DERIVED_SENSOR_GROUP_VIEW,6.0,6.0,True
EXP-EMBED-C1-FUSED-XAI-EQUIV-001,B2:778,11,0.07610419373212432,0.07610421198,1.8247875682719794e-08,DERIVED_SENSOR_GROUP_VIEW,15.0,15.0,True
EXP-EMBED-C1-FUSED-XAI-EQUIV-001,B2:778,12,0.10040522757194789,0.10040523046000001,2.8880521169005746e-09,DERIVED_SENSOR_GROUP_VIEW,14.0,14.0,True
EXP-EMBED-C1-FUSED-XAI-EQUIV-001,B2:778,13,-1.075286807939167,-1.0752868098000001,1.8608330432101639e-09,DERIVED_SENSOR_GROUP_VIEW,4.0,4.0,True
EXP-EMBED-C1-FUSED-XAI-EQUIV-001,B2:778,14,-0.3137635355623214,-0.3137633799999999,1.5556232146884952e-07,DERIVED_SENSOR_GROUP_VIEW,9.0,9.0,True
EXP-EMBED-C1-FUSED-XAI-EQUIV-001,B2:778,15,0.4334446205842656,0.433444591,2.9584265592852432e-08,DERIVED_SENSOR_GROUP_VIEW,8.0,8.0,True
EXP-EMBED-C1-FUSED-XAI-EQUIV-001,B2:778,16,0.24299489200585841,0.24299491469999993,2.2694141510459787e-08,DERIVED_SENSOR_GROUP_VIEW,11.0,11.0,True
EXP-EMBED-C1-FUSED-XAI-EQUIV-001,B6:0,1,0.9117901450132401,0.9117902180999999,7.308675986639201e-08,DERIVED_SENSOR_GROUP_VIEW,13.0,13.0,True
EXP-EMBED-C1-FUSED-XAI-EQUIV-001,B6:0,2,0.8538386340079094,0.8538386316000001,2.4079093163820176e-09,DERIVED_SENSOR_GROUP_VIEW,14.0,14.0,True
EXP-EMBED-C1-FUSED-XAI-EQUIV-001,B6:0,3,7.119087699182013,7.119087904,2.0481798657101535e-07,DERIVED_SENSOR_GROUP_VIEW,2.0,2.0,True
EXP-EMBED-C1-FUSED-XAI-EQUIV-001,B6:0,4,7.132765416742432,7.1327654547,3.7957568643776085e-08,DERIVED_SENSOR_GROUP_VIEW,1.0,1.0,True
EXP-EMBED-C1-FUSED-XAI-EQUIV-001,B6:0,5,0.3991813177022533,0.39918128756000004,3.0142253248932604e-08,DERIVED_SENSOR_GROUP_VIEW,15.0,15.0,True
EXP-EMBED-C1-FUSED-XAI-EQUIV-001,B6:0,6,-0.21393787644910436,-0.21393788122,4.770895623007476e-09,DERIVED_SENSOR_GROUP_VIEW,16.0,16.0,True
EXP-EMBED-C1-FUSED-XAI-EQUIV-001,B6:0,7,4.702526000317233,4.7025257442,2.561172331994044e-07,DERIVED_SENSOR_GROUP_VIEW,4.0,4.0,True
EXP-EMBED-C1-FUSED-XAI-EQUIV-001,B6:0,8,4.528715144920955,4.5287153042,1.5927904506440882e-07,DERIVED_SENSOR_GROUP_VIEW,5.0,5.0,True
EXP-EMBED-C1-FUSED-XAI-EQUIV-001,B6:0,9,1.489501994016616,1.4895019976000001,3.5833840339449807e-09,DERIVED_SENSOR_GROUP_VIEW,12.0,12.0,True
EXP-EMBED-C1-FUSED-XAI-EQUIV-001,B6:0,10,1.7361635535200408,1.7361635028000002,5.0720040611906825e-08,DERIVED_SENSOR_GROUP_VIEW,11.0,11.0,True
EXP-EMBED-C1-FUSED-XAI-EQUIV-001,B6:0,11,6.585042835954031,6.58504271,1.259540312048557e-07,DERIVED_SENSOR_GROUP_VIEW,3.0,3.0,True
EXP-EMBED-C1-FUSED-XAI-EQUIV-001,B6:0,12,3.4520685834042446,3.4520685589999998,2.440424484717596e-08,DERIVED_SENSOR_GROUP_VIEW,8.0,8.0,True
EXP-EMBED-C1-FUSED-XAI-EQUIV-001,B6:0,13,-3.348192730452719,-3.348192686,4.4452718839238514e-08,DERIVED_SENSOR_GROUP_VIEW,9.0,9.0,True
EXP-EMBED-C1-FUSED-XAI-EQUIV-001,B6:0,14,-2.392872782121376,-2.392872886,1.0387862392491343e-07,DERIVED_SENSOR_GROUP_VIEW,10.0,10.0,True
EXP-EMBED-C1-FUSED-XAI-EQUIV-001,B6:0,15,4.154683902911362,4.15468393074,2.7828638060611866e-08,DERIVED_SENSOR_GROUP_VIEW,7.0,7.0,True
EXP-EMBED-C1-FUSED-XAI-EQUIV-001,B6:0,16,4.325324564027385,4.325324552,1.2027385309920646e-08,DERIVED_SENSOR_GROUP_VIEW,6.0,6.0,True
EXP-EMBED-C1-FUSED-XAI-EQUIV-001,B6:1,1,1.000198655299553,1.0001986541,1.1995529014541262e-09,DERIVED_SENSOR_GROUP_VIEW,14.0,14.0,True
EXP-EMBED-C1-FUSED-XAI-EQUIV-001,B6:1,2,1.0028519782513512,1.0028520828,1.0454864884934523e-07,DERIVED_SENSOR_GROUP_VIEW,13.0,13.0,True
EXP-EMBED-C1-FUSED-XAI-EQUIV-001,B6:1,3,5.888843381714548,5.888843509999999,1.2828545159493387e-07,DERIVED_SENSOR_GROUP_VIEW,3.0,3.0,True
EXP-EMBED-C1-FUSED-XAI-EQUIV-001,B6:1,4,5.927665237902856,5.9276653044,6.64971437913664e-08,DERIVED_SENSOR_GROUP_VIEW,2.0,2.0,True
EXP-EMBED-C1-FUSED-XAI-EQUIV-001,B6:1,5,0.15925289939233295,0.1592528024,9.699233294302445e-08,DERIVED_SENSOR_GROUP_VIEW,16.0,16.0,True
EXP-EMBED-C1-FUSED-XAI-EQUIV-001,B6:1,6,-0.5355448109750673,-0.53554481577,4.794932673135577e-09,DERIVED_SENSOR_GROUP_VIEW,15.0,15.0,True
EXP-EMBED-C1-FUSED-XAI-EQUIV-001,B6:1,7,3.903922040780044,3.9039220462,5.419956039531826e-09,DERIVED_SENSOR_GROUP_VIEW,4.0,4.0,True
EXP-EMBED-C1-FUSED-XAI-EQUIV-001,B6:1,8,3.655084474040933,3.6550847016,2.275590667011329e-07,DERIVED_SENSOR_GROUP_VIEW,5.0,5.0,True
EXP-EMBED-C1-FUSED-XAI-EQUIV-001,B6:1,9,1.453073461575082,1.4530735078,4.622491811545615e-08,DERIVED_SENSOR_GROUP_VIEW,12.0,12.0,True
EXP-EMBED-C1-FUSED-XAI-EQUIV-001,B6:1,10,1.6815751668720114,1.6815751046,6.22720113252484e-08,DERIVED_SENSOR_GROUP_VIEW,11.0,11.0,True
EXP-EMBED-C1-FUSED-XAI-EQUIV-001,B6:1,11,5.928539763816572,5.928539648999999,1.1481657313794358e-07,DERIVED_SENSOR_GROUP_VIEW,1.0,1.0,True
EXP-EMBED-C1-FUSED-XAI-EQUIV-001,B6:1,12,2.71855902457654,2.7185588719,1.5267653985517882e-07,DERIVED_SENSOR_GROUP_VIEW,9.0,9.0,True
EXP-EMBED-C1-FUSED-XAI-EQUIV-001,B6:1,13,-3.0745049126608786,-3.0745049234999997,1.0839121156180909e-08,DERIVED_SENSOR_GROUP_VIEW,8.0,8.0,True
EXP-EMBED-C1-FUSED-XAI-EQUIV-001,B6:1,14,-2.1171092950666184,-2.1171093436,4.8533381757920324e-08,DERIVED_SENSOR_GROUP_VIEW,10.0,10.0,True
EXP-EMBED-C1-FUSED-XAI-EQUIV-001,B6:1,15,3.5403978689457465,3.5403979217700003,5.282425385999545e-08,DERIVED_SENSOR_GROUP_VIEW,7.0,7.0,True
EXP-EMBED-C1-FUSED-XAI-EQUIV-001,B6:1,16,3.629704894105725,3.6297049646,7.049427530603225e-08,DERIVED_SENSOR_GROUP_VIEW,6.0,6.0,True
EXP-EMBED-C1-FUSED-XAI-EQUIV-001,B6:23,1,0.45698312487513526,0.45698309061000003,3.42651352291945e-08,DERIVED_SENSOR_GROUP_VIEW,14.0,14.0,True
EXP-EMBED-C1-FUSED-XAI-EQUIV-001,B6:23,2,0.5970251927902571,0.5970251773999999,1.5390257179781486e-08,DERIVED_SENSOR_GROUP_VIEW,13.0,13.0,True
EXP-EMBED-C1-FUSED-XAI-EQUIV-001,B6:23,3,-0.6375743993437312,-0.63757441019,1.0846268883035748e-08,DERIVED_SENSOR_GROUP_VIEW,12.0,12.0,True
EXP-EMBED-C1-FUSED-XAI-EQUIV-001,B6:23,4,-1.6013141637042918,-1.6013141669000002,3.1957083646005913e-09,DERIVED_SENSOR_GROUP_VIEW,5.0,5.0,True
EXP-EMBED-C1-FUSED-XAI-EQUIV-001,B6:23,5,-0.34722530840773247,-0.3472253339626,2.5554867555399596e-08,DERIVED_SENSOR_GROUP_VIEW,16.0,16.0,True
EXP-EMBED-C1-FUSED-XAI-EQUIV-001,B6:23,6,1.2388556511292217,1.2388556612400001,1.0110778436711598e-08,DERIVED_SENSOR_GROUP_VIEW,7.0,7.0,True
EXP-EMBED-C1-FUSED-XAI-EQUIV-001,B6:23,7,2.5609997641005986,2.5609997513000002,1.2800598359063997e-08,DERIVED_SENSOR_GROUP_VIEW,3.0,3.0,True
EXP-EMBED-C1-FUSED-XAI-EQUIV-001,B6:23,8,2.032275687428748,2.0322758247,1.3727125214302305e-07,DERIVED_SENSOR_GROUP_VIEW,4.0,4.0,True
EXP-EMBED-C1-FUSED-XAI-EQUIV-001,B6:23,9,-0.6587495683261224,-0.6587494682,1.0012612239318486e-07,DERIVED_SENSOR_GROUP_VIEW,11.0,11.0,True
EXP-EMBED-C1-FUSED-XAI-EQUIV-001,B6:23,10,-0.3897128649840238,-0.389712842115,2.286902378578759e-08,DERIVED_SENSOR_GROUP_VIEW,15.0,15.0,True
EXP-EMBED-C1-FUSED-XAI-EQUIV-001,B6:23,11,-1.0055947132055547,-1.00559466664,4.6565554745470195e-08,DERIVED_SENSOR_GROUP_VIEW,9.0,9.0,True
EXP-EMBED-C1-FUSED-XAI-EQUIV-001,B6:23,12,-1.1367268166536837,-1.1367268449,2.8246316396973725e-08,DERIVED_SENSOR_GROUP_VIEW,8.0,8.0,True
EXP-EMBED-C1-FUSED-XAI-EQUIV-001,B6:23,13,6.805343452464511,6.8053436336,1.81135488830364e-07,DERIVED_SENSOR_GROUP_VIEW,1.0,1.0,True
EXP-EMBED-C1-FUSED-XAI-EQUIV-001,B6:23,14,6.686644425318441,6.6866444347,9.381558641052834e-09,DERIVED_SENSOR_GROUP_VIEW,2.0,2.0,True
EXP-EMBED-C1-FUSED-XAI-EQUIV-001,B6:23,15,0.9511885880017728,0.9511885733000001,1.4701772688141546e-08,DERIVED_SENSOR_GROUP_VIEW,10.0,10.0,True
EXP-EMBED-C1-FUSED-XAI-EQUIV-001,B6:23,16,1.3957242157981145,1.39572422576,9.961885538700699e-09,DERIVED_SENSOR_GROUP_VIEW,6.0,6.0,True
EXP-EMBED-C1-FUSED-XAI-EQUIV-001,B6:24,1,0.1991956810528449,0.1991956774,3.6528449154360487e-09,DERIVED_SENSOR_GROUP_VIEW,14.0,14.0,True
EXP-EMBED-C1-FUSED-XAI-EQUIV-001,B6:24,2,0.2926597048003676,0.29265970681,2.0096323494200874e-09,DERIVED_SENSOR_GROUP_VIEW,13.0,13.0,True
EXP-EMBED-C1-FUSED-XAI-EQUIV-001,B6:24,3,-0.46741024871368647,-0.46741023356,1.515368647231341e-08,DERIVED_SENSOR_GROUP_VIEW,11.0,11.0,True
EXP-EMBED-C1-FUSED-XAI-EQUIV-001,B6:24,4,-1.3023168348943062,-1.302316877,4.210569382046003e-08,DERIVED_SENSOR_GROUP_VIEW,5.0,5.0,True
EXP-EMBED-C1-FUSED-XAI-EQUIV-001,B6:24,5,-0.3794812708780445,-0.3794812516659999,1.9212044621852442e-08,DERIVED_SENSOR_GROUP_VIEW,12.0,12.0,True
EXP-EMBED-C1-FUSED-XAI-EQUIV-001,B6:24,6,0.9040609314828443,0.9040610566,1.251171557470343e-07,DERIVED_SENSOR_GROUP_VIEW,8.0,8.0,True
EXP-EMBED-C1-FUSED-XAI-EQUIV-001,B6:24,7,2.258083804227907,2.2580839254000002,1.2117209324813416e-07,DERIVED_SENSOR_GROUP_VIEW,3.0,3.0,True
EXP-EMBED-C1-FUSED-XAI-EQUIV-001,B6:24,8,1.7666199035432375,1.7666198836000002,1.9943237283825965e-08,DERIVED_SENSOR_GROUP_VIEW,4.0,4.0,True
EXP-EMBED-C1-FUSED-XAI-EQUIV-001,B6:24,9,0.028902451801388493,0.028902473000000012,2.1198611518946642e-08,DERIVED_SENSOR_GROUP_VIEW,16.0,16.0,True
EXP-EMBED-C1-FUSED-XAI-EQUIV-001,B6:24,10,0.08229209184848721,0.08229208393699998,7.91148722922852e-09,DERIVED_SENSOR_GROUP_VIEW,15.0,15.0,True
EXP-EMBED-C1-FUSED-XAI-EQUIV-001,B6:24,11,-0.7877037823888227,-0.7877037840700001,1.6811774194991358e-09,DERIVED_SENSOR_GROUP_VIEW,10.0,10.0,True
EXP-EMBED-C1-FUSED-XAI-EQUIV-001,B6:24,12,-0.9232605745350768,-0.9232606005999999,2.6064923108748417e-08,DERIVED_SENSOR_GROUP_VIEW,7.0,7.0,True
EXP-EMBED-C1-FUSED-XAI-EQUIV-001,B6:24,13,5.844098351404999,5.8440984679,1.1649500120114453e-07,DERIVED_SENSOR_GROUP_VIEW,1.0,1.0,True
EXP-EMBED-C1-FUSED-XAI-EQUIV-001,B6:24,14,5.502309577974221,5.5023095684,9.574220527497346e-09,DERIVED_SENSOR_GROUP_VIEW,2.0,2.0,True
EXP-EMBED-C1-FUSED-XAI-EQUIV-001,B6:24,15,0.8220048264712968,0.822004812,1.4471296827522906e-08,DERIVED_SENSOR_GROUP_VIEW,9.0,9.0,True
EXP-EMBED-C1-FUSED-XAI-EQUIV-001,B6:24,16,1.1765868794592613,1.17658694734,6.788073858565724e-08,DERIVED_SENSOR_GROUP_VIEW,6.0,6.0,True
EXP-EMBED-C1-FUSED-XAI-EQUIV-001,B6:387,1,0.3048539130813329,0.30485391135999995,1.7213329650545006e-09,DERIVED_SENSOR_GROUP_VIEW,10.0,10.0,True
EXP-EMBED-C1-FUSED-XAI-EQUIV-001,B6:387,2,0.5485994813139832,0.5485994927,1.1386016796066656e-08,DERIVED_SENSOR_GROUP_VIEW,5.0,5.0,True
EXP-EMBED-C1-FUSED-XAI-EQUIV-001,B6:387,3,-0.3010615319011021,-0.30106154617489,1.4273787929397486e-08,DERIVED_SENSOR_GROUP_VIEW,11.0,11.0,True
EXP-EMBED-C1-FUSED-XAI-EQUIV-001,B6:387,4,-0.7683133410374883,-0.76831335295,1.1912511754808008e-08,DERIVED_SENSOR_GROUP_VIEW,4.0,4.0,True
EXP-EMBED-C1-FUSED-XAI-EQUIV-001,B6:387,5,-0.3239083729974186,-0.32390830161999995,7.13774186422711e-08,DERIVED_SENSOR_GROUP_VIEW,8.0,8.0,True
EXP-EMBED-C1-FUSED-XAI-EQUIV-001,B6:387,6,-0.09386303485559729,-0.09386306711999999,3.226440270509556e-08,DERIVED_SENSOR_GROUP_VIEW,14.0,14.0,True
EXP-EMBED-C1-FUSED-XAI-EQUIV-001,B6:387,7,0.3394047923456846,0.33940479538,3.034315410044286e-09,DERIVED_SENSOR_GROUP_VIEW,7.0,7.0,True
EXP-EMBED-C1-FUSED-XAI-EQUIV-001,B6:387,8,0.31419514700665757,0.31419516311,1.610334243729028e-08,DERIVED_SENSOR_GROUP_VIEW,9.0,9.0,True
EXP-EMBED-C1-FUSED-XAI-EQUIV-001,B6:387,9,0.8400487327624104,0.8400487520000001,1.923758963240374e-08,DERIVED_SENSOR_GROUP_VIEW,3.0,3.0,True
EXP-EMBED-C1-FUSED-XAI-EQUIV-001,B6:387,10,0.4169450526965578,0.41694503652000003,1.6176557759983723e-08,DERIVED_SENSOR_GROUP_VIEW,6.0,6.0,True
EXP-EMBED-C1-FUSED-XAI-EQUIV-001,B6:387,11,0.14126734553856213,0.14126734287429998,2.664262144236318e-09,DERIVED_SENSOR_GROUP_VIEW,12.0,12.0,True
EXP-EMBED-C1-FUSED-XAI-EQUIV-001,B6:387,12,-0.08178434947003738,-0.08178440968,6.020996262678935e-08,DERIVED_SENSOR_GROUP_VIEW,15.0,15.0,True
EXP-EMBED-C1-FUSED-XAI-EQUIV-001,B6:387,13,1.6391566765920444,1.6391567182200002,4.1627955749135026e-08,DERIVED_SENSOR_GROUP_VIEW,1.0,1.0,True
EXP-EMBED-C1-FUSED-XAI-EQUIV-001,B6:387,14,1.6259782348636829,1.6259780889600002,1.4590368269118414e-07,DERIVED_SENSOR_GROUP_VIEW,2.0,2.0,True
EXP-EMBED-C1-FUSED-XAI-EQUIV-001,B6:387,15,-0.053393476609998804,-0.053393470750000005,5.859998798707355e-09,DERIVED_SENSOR_GROUP_VIEW,16.0,16.0,True
EXP-EMBED-C1-FUSED-XAI-EQUIV-001,B6:387,16,-0.130254985653209,-0.1302549818,3.853209001869473e-09,DERIVED_SENSOR_GROUP_VIEW,13.0,13.0,True
EXP-EMBED-C1-FUSED-XAI-EQUIV-001,B6:388,1,0.2426056059274812,0.24260559912000002,6.807481189863296e-09,DERIVED_SENSOR_GROUP_VIEW,11.0,11.0,True
EXP-EMBED-C1-FUSED-XAI-EQUIV-001,B6:388,2,0.4726298000853759,0.47262980420000006,4.1146241414047324e-09,DERIVED_SENSOR_GROUP_VIEW,7.0,7.0,True
EXP-EMBED-C1-FUSED-XAI-EQUIV-001,B6:388,3,-0.10151551100504799,-0.101515546841,3.583595201139822e-08,DERIVED_SENSOR_GROUP_VIEW,14.0,14.0,True
EXP-EMBED-C1-FUSED-XAI-EQUIV-001,B6:388,4,-0.5356948502452339,-0.53569481558,3.4665233905606385e-08,DERIVED_SENSOR_GROUP_VIEW,5.0,5.0,True
EXP-EMBED-C1-FUSED-XAI-EQUIV-001,B6:388,5,-0.49241858234588015,-0.49241854564,3.670588016868592e-08,DERIVED_SENSOR_GROUP_VIEW,6.0,6.0,True
EXP-EMBED-C1-FUSED-XAI-EQUIV-001,B6:388,6,-0.15613812454700432,-0.15613809601999995,2.8527004369838238e-08,DERIVED_SENSOR_GROUP_VIEW,12.0,12.0,True
EXP-EMBED-C1-FUSED-XAI-EQUIV-001,B6:388,7,0.335598287663333,0.33559827452,1.3143332977527677e-08,DERIVED_SENSOR_GROUP_VIEW,8.0,8.0,True
EXP-EMBED-C1-FUSED-XAI-EQUIV-001,B6:388,8,0.32631674313950554,0.32631675427999995,1.1140494415862179e-08,DERIVED_SENSOR_GROUP_VIEW,9.0,9.0,True
EXP-EMBED-C1-FUSED-XAI-EQUIV-001,B6:388,9,1.023986435563003,1.0239864369,1.336996957590486e-09,DERIVED_SENSOR_GROUP_VIEW,3.0,3.0,True
EXP-EMBED-C1-FUSED-XAI-EQUIV-001,B6:388,10,0.5376658014942366,0.53766579753,3.964236605646931e-09,DERIVED_SENSOR_GROUP_VIEW,4.0,4.0,True
EXP-EMBED-C1-FUSED-XAI-EQUIV-001,B6:388,11,0.2858743686327634,0.28587440306,3.442723661706282e-08,DERIVED_SENSOR_GROUP_VIEW,10.0,10.0,True
EXP-EMBED-C1-FUSED-XAI-EQUIV-001,B6:388,12,0.09304043088966715,0.09304042451759999,6.3720671655831396e-09,DERIVED_SENSOR_GROUP_VIEW,15.0,15.0,True
EXP-EMBED-C1-FUSED-XAI-EQUIV-001,B6:388,13,1.4304549149873222,1.43045491743,2.442677837777296e-09,DERIVED_SENSOR_GROUP_VIEW,1.0,1.0,True
EXP-EMBED-C1-FUSED-XAI-EQUIV-001,B6:388,14,1.3962387076234761,1.39623855442,1.5320347612757246e-07,DERIVED_SENSOR_GROUP_VIEW,2.0,2.0,True
EXP-EMBED-C1-FUSED-XAI-EQUIV-001,B6:388,15,-0.0004356535996676049,-0.0004356415049999972,1.2094667607709386e-08,DERIVED_SENSOR_GROUP_VIEW,16.0,16.0,True
EXP-EMBED-C1-FUSED-XAI-EQUIV-001,B6:388,16,-0.11291794405098571,-0.112917942265,1.7859857065483098e-09,DERIVED_SENSOR_GROUP_VIEW,13.0,13.0,True
EXP-EMBED-C1-FUSED-XAI-EQUIV-001,B6:389,1,0.2632379682367133,0.26323795139999995,1.6836713356838118e-08,DERIVED_SENSOR_GROUP_VIEW,9.0,9.0,True
EXP-EMBED-C1-FUSED-XAI-EQUIV-001,B6:389,2,0.561969468453458,0.5619694633,5.153457993678501e-09,DERIVED_SENSOR_GROUP_VIEW,5.0,5.0,True
EXP-EMBED-C1-FUSED-XAI-EQUIV-001,B6:389,3,-0.09556801779669391,-0.09556799950530001,1.829139389952772e-08,DERIVED_SENSOR_GROUP_VIEW,15.0,15.0,True
EXP-EMBED-C1-FUSED-XAI-EQUIV-001,B6:389,4,-0.4294445610188149,-0.42944454367999996,1.7338814939371616e-08,DERIVED_SENSOR_GROUP_VIEW,7.0,7.0,True
EXP-EMBED-C1-FUSED-XAI-EQUIV-001,B6:389,5,-0.44555441502494864,-0.44555435342,6.160494864237975e-08,DERIVED_SENSOR_GROUP_VIEW,6.0,6.0,True
EXP-EMBED-C1-FUSED-XAI-EQUIV-001,B6:389,6,-0.10767655721124189,-0.10767653658999998,2.0621241908491683e-08,DERIVED_SENSOR_GROUP_VIEW,14.0,14.0,True
EXP-EMBED-C1-FUSED-XAI-EQUIV-001,B6:389,7,0.22688224639138999,0.22688221202000003,3.437138995643352e-08,DERIVED_SENSOR_GROUP_VIEW,10.0,10.0,True
EXP-EMBED-C1-FUSED-XAI-EQUIV-001,B6:389,8,0.192162889365332,0.19216291089,2.1524668020189708e-08,DERIVED_SENSOR_GROUP_VIEW,11.0,11.0,True
EXP-EMBED-C1-FUSED-XAI-EQUIV-001,B6:389,9,1.0881820914830849,1.088182077,1.4483084953553771e-08,DERIVED_SENSOR_GROUP_VIEW,3.0,3.0,True
EXP-EMBED-C1-FUSED-XAI-EQUIV-001,B6:389,10,0.5665264269499594,0.56652642275,4.1999593802799495e-09,DERIVED_SENSOR_GROUP_VIEW,4.0,4.0,True
EXP-EMBED-C1-FUSED-XAI-EQUIV-001,B6:389,11,0.33774386738866186,0.337743920546,5.3157338142373334e-08,DERIVED_SENSOR_GROUP_VIEW,8.0,8.0,True
EXP-EMBED-C1-FUSED-XAI-EQUIV-001,B6:389,12,0.1568149699620233,0.15681491446999998,5.549202330978886e-08,DERIVED_SENSOR_GROUP_VIEW,13.0,13.0,True
EXP-EMBED-C1-FUSED-XAI-EQUIV-001,B6:389,13,1.3997017581767444,1.39970165078,1.0739674438653424e-07,DERIVED_SENSOR_GROUP_VIEW,1.0,1.0,True
EXP-EMBED-C1-FUSED-XAI-EQUIV-001,B6:389,14,1.3116913298201676,1.31169125282,7.700016757539174e-08,DERIVED_SENSOR_GROUP_VIEW,2.0,2.0,True
EXP-EMBED-C1-FUSED-XAI-EQUIV-001,B6:389,15,-0.0487853140002847,-0.048785300199,1.3801284698411465e-08,DERIVED_SENSOR_GROUP_VIEW,16.0,16.0,True
EXP-EMBED-C1-FUSED-XAI-EQUIV-001,B6:389,16,-0.1861931201686406,-0.186193090489,2.9679640578539335e-08,DERIVED_SENSOR_GROUP_VIEW,12.0,12.0,True
EXP-EMBED-C1-FUSED-XAI-EQUIV-001,B6:390,1,0.2692933774839848,0.26929336136,1.6123984813987136e-08,DERIVED_SENSOR_GROUP_VIEW,9.0,9.0,True
EXP-EMBED-C1-FUSED-XAI-EQUIV-001,B6:390,2,0.5780351523552529,0.5780351564,4.044747092812884e-09,DERIVED_SENSOR_GROUP_VIEW,4.0,4.0,True
EXP-EMBED-C1-FUSED-XAI-EQUIV-001,B6:390,3,-0.08311869244681516,-0.0831187082112,1.5764384839189738e-08,DERIVED_SENSOR_GROUP_VIEW,15.0,15.0,True
EXP-EMBED-C1-FUSED-XAI-EQUIV-001,B6:390,4,-0.48801306362351926,-0.488012997665,6.595851925750296e-08,DERIVED_SENSOR_GROUP_VIEW,7.0,7.0,True
EXP-EMBED-C1-FUSED-XAI-EQUIV-001,B6:390,5,-0.54022603452924,-0.54022603918,4.650759999336174e-09,DERIVED_SENSOR_GROUP_VIEW,6.0,6.0,True
EXP-EMBED-C1-FUSED-XAI-EQUIV-001,B6:390,6,-0.11754551479384959,-0.11754553975999998,2.4966150397043307e-08,DERIVED_SENSOR_GROUP_VIEW,14.0,14.0,True
EXP-EMBED-C1-FUSED-XAI-EQUIV-001,B6:390,7,0.126500697481931,0.12650071059999995,1.3118068964423912e-08,DERIVED_SENSOR_GROUP_VIEW,13.0,13.0,True
EXP-EMBED-C1-FUSED-XAI-EQUIV-001,B6:390,8,0.17930956990298796,0.17930958964,1.9737012024734213e-08,DERIVED_SENSOR_GROUP_VIEW,12.0,12.0,True
EXP-EMBED-C1-FUSED-XAI-EQUIV-001,B6:390,9,1.121305298526749,1.1213052719999999,2.652674924163989e-08,DERIVED_SENSOR_GROUP_VIEW,3.0,3.0,True
EXP-EMBED-C1-FUSED-XAI-EQUIV-001,B6:390,10,0.5743595347045491,0.57435952,1.4704549133881528e-08,DERIVED_SENSOR_GROUP_VIEW,5.0,5.0,True
EXP-EMBED-C1-FUSED-XAI-EQUIV-001,B6:390,11,0.39834132262783317,0.39834133711,1.4482166854623557e-08,DERIVED_SENSOR_GROUP_VIEW,8.0,8.0,True
EXP-EMBED-C1-FUSED-XAI-EQUIV-001,B6:390,12,0.1920673386025789,0.19206731206,2.65425789125473e-08,DERIVED_SENSOR_GROUP_VIEW,11.0,11.0,True
EXP-EMBED-C1-FUSED-XAI-EQUIV-001,B6:390,13,1.1533347635338371,1.15333480202,3.84861629232347e-08,DERIVED_SENSOR_GROUP_VIEW,2.0,2.0,True
EXP-EMBED-C1-FUSED-XAI-EQUIV-001,B6:390,14,1.23881191512195,1.23881193343,1.8308049964943507e-08,DERIVED_SENSOR_GROUP_VIEW,1.0,1.0,True
EXP-EMBED-C1-FUSED-XAI-EQUIV-001,B6:390,15,-0.0718072271535378,-0.07180722061200001,6.541537783677498e-09,DERIVED_SENSOR_GROUP_VIEW,16.0,16.0,True
EXP-EMBED-C1-FUSED-XAI-EQUIV-001,B6:390,16,-0.2296351362243475,-0.22963511700999997,1.9214347529716846e-08,DERIVED_SENSOR_GROUP_VIEW,10.0,10.0,True
EXP-EMBED-C1-FUSED-XAI-EQUIV-001,B6:391,1,0.2830093856894304,0.2830093755,1.0189430410534328e-08,DERIVED_SENSOR_GROUP_VIEW,9.0,9.0,True
EXP-EMBED-C1-FUSED-XAI-EQUIV-001,B6:391,2,0.6116095690000112,0.6116095822000001,1.3199988879719626e-08,DERIVED_SENSOR_GROUP_VIEW,4.0,4.0,True
EXP-EMBED-C1-FUSED-XAI-EQUIV-001,B6:391,3,-0.07151771039810684,-0.0715177217697,1.1371593167108784e-08,DERIVED_SENSOR_GROUP_VIEW,15.0,15.0,True
EXP-EMBED-C1-FUSED-XAI-EQUIV-001,B6:391,4,-0.47306262778455754,-0.473062675963,4.817844245774694e-08,DERIVED_SENSOR_GROUP_VIEW,7.0,7.0,True
EXP-EMBED-C1-FUSED-XAI-EQUIV-001,B6:391,5,-0.5215504971570979,-0.52155041888,7.827709791463633e-08,DERIVED_SENSOR_GROUP_VIEW,6.0,6.0,True
EXP-EMBED-C1-FUSED-XAI-EQUIV-001,B6:391,6,-0.10472713168013417,-0.10472709176999997,3.991013419746281e-08,DERIVED_SENSOR_GROUP_VIEW,12.0,12.0,True
EXP-EMBED-C1-FUSED-XAI-EQUIV-001,B6:391,7,0.013295800519415785,0.013295793800000011,6.7194157737926474e-09,DERIVED_SENSOR_GROUP_VIEW,16.0,16.0,True
EXP-EMBED-C1-FUSED-XAI-EQUIV-001,B6:391,8,0.10048912776814009,0.10048914257000001,1.4801859918311955e-08,DERIVED_SENSOR_GROUP_VIEW,13.0,13.0,True
EXP-EMBED-C1-FUSED-XAI-EQUIV-001,B6:391,9,1.1391114560613969,1.13911146,3.9386032213428734e-09,DERIVED_SENSOR_GROUP_VIEW,2.0,2.0,True
EXP-EMBED-C1-FUSED-XAI-EQUIV-001,B6:391,10,0.5869197272183573,0.5869197203500001,6.868357216305299e-09,DERIVED_SENSOR_GROUP_VIEW,5.0,5.0,True
EXP-EMBED-C1-FUSED-XAI-EQUIV-001,B6:391,11,0.40473451320660114,0.40473453816999994,2.49633987925435e-08,DERIVED_SENSOR_GROUP_VIEW,8.0,8.0,True
EXP-EMBED-C1-FUSED-XAI-EQUIV-001,B6:391,12,0.2231238178536615,0.22312382393000002,6.0763385156814564e-09,DERIVED_SENSOR_GROUP_VIEW,11.0,11.0,True
EXP-EMBED-C1-FUSED-XAI-EQUIV-001,B6:391,13,1.0569493892135138,1.0569494424299999,5.321648610667751e-08,DERIVED_SENSOR_GROUP_VIEW,3.0,3.0,True
EXP-EMBED-C1-FUSED-XAI-EQUIV-001,B6:391,14,1.16811480116758,1.16811479359,7.57757989688912e-09,DERIVED_SENSOR_GROUP_VIEW,1.0,1.0,True
EXP-EMBED-C1-FUSED-XAI-EQUIV-001,B6:391,15,-0.0944075773347566,-0.09440755340000001,2.3934756593346762e-08,DERIVED_SENSOR_GROUP_VIEW,14.0,14.0,True
EXP-EMBED-C1-FUSED-XAI-EQUIV-001,B6:391,16,-0.25125381145361236,-0.251253790459,2.0994612381919353e-08,DERIVED_SENSOR_GROUP_VIEW,10.0,10.0,True
EXP-EMBED-C1-FUSED-XAI-EQUIV-001,B6:488,1,0.7196854056409064,0.7196854055999999,4.090650040922128e-11,DERIVED_SENSOR_GROUP_VIEW,8.0,8.0,True
EXP-EMBED-C1-FUSED-XAI-EQUIV-001,B6:488,2,0.7708429479452636,0.77084300937,6.142473640835533e-08,DERIVED_SENSOR_GROUP_VIEW,6.0,6.0,True
EXP-EMBED-C1-FUSED-XAI-EQUIV-001,B6:488,3,-0.03887599081873894,-0.03887599865000002,7.831261084056962e-09,DERIVED_SENSOR_GROUP_VIEW,16.0,16.0,True
EXP-EMBED-C1-FUSED-XAI-EQUIV-001,B6:488,4,-0.7461224048039896,-0.7461223962000001,8.603989520850064e-09,DERIVED_SENSOR_GROUP_VIEW,7.0,7.0,True
EXP-EMBED-C1-FUSED-XAI-EQUIV-001,B6:488,5,-0.8973145052586436,-0.8973144884,1.685864359224354e-08,DERIVED_SENSOR_GROUP_VIEW,5.0,5.0,True
EXP-EMBED-C1-FUSED-XAI-EQUIV-001,B6:488,6,-1.15527935827336,-1.1552794015,4.3226640045190834e-08,DERIVED_SENSOR_GROUP_VIEW,1.0,1.0,True
EXP-EMBED-C1-FUSED-XAI-EQUIV-001,B6:488,7,0.6120928617325752,0.6120928566945,5.038075179264467e-09,DERIVED_SENSOR_GROUP_VIEW,10.0,10.0,True
EXP-EMBED-C1-FUSED-XAI-EQUIV-001,B6:488,8,0.5295530091786557,0.52955301288,3.701344342132984e-09,DERIVED_SENSOR_GROUP_VIEW,11.0,11.0,True
EXP-EMBED-C1-FUSED-XAI-EQUIV-001,B6:488,9,0.9486012214959734,0.9486012267999999,5.304026551300467e-09,DERIVED_SENSOR_GROUP_VIEW,4.0,4.0,True
EXP-EMBED-C1-FUSED-XAI-EQUIV-001,B6:488,10,1.1110066022491911,1.1110065574,4.4849191027651614e-08,DERIVED_SENSOR_GROUP_VIEW,2.0,2.0,True
EXP-EMBED-C1-FUSED-XAI-EQUIV-001,B6:488,11,-0.4065231064491506,-0.4065231536,4.715084944706405e-08,DERIVED_SENSOR_GROUP_VIEW,13.0,13.0,True
EXP-EMBED-C1-FUSED-XAI-EQUIV-001,B6:488,12,-0.9682998574670103,-0.96829994402,8.655298966431246e-08,DERIVED_SENSOR_GROUP_VIEW,3.0,3.0,True
EXP-EMBED-C1-FUSED-XAI-EQUIV-001,B6:488,13,-0.6324513464089209,-0.6324513801799999,3.37710790443424e-08,DERIVED_SENSOR_GROUP_VIEW,9.0,9.0,True
EXP-EMBED-C1-FUSED-XAI-EQUIV-001,B6:488,14,-0.32948519003998267,-0.32948515375000004,3.628998263005556e-08,DERIVED_SENSOR_GROUP_VIEW,14.0,14.0,True
EXP-EMBED-C1-FUSED-XAI-EQUIV-001,B6:488,15,0.31946472401425585,0.3194646795,4.451425583695823e-08,DERIVED_SENSOR_GROUP_VIEW,15.0,15.0,True
EXP-EMBED-C1-FUSED-XAI-EQUIV-001,B6:488,16,0.44015415755123,0.44015412765600004,2.989522995822114e-08,DERIVED_SENSOR_GROUP_VIEW,12.0,12.0,True
EXP-EMBED-C1-FUSED-XAI-EQUIV-001,B6:1461,1,0.8081437009927599,0.8081437207000001,1.9707240173083562e-08,DERIVED_SENSOR_GROUP_VIEW,10.0,10.0,True
EXP-EMBED-C1-FUSED-XAI-EQUIV-001,B6:1461,2,0.8872562398567506,0.8872562776160999,3.775934931393721e-08,DERIVED_SENSOR_GROUP_VIEW,6.0,6.0,True
EXP-EMBED-C1-FUSED-XAI-EQUIV-001,B6:1461,3,-0.14778823942496855,-0.14778829446999997,5.504503142184092e-08,DERIVED_SENSOR_GROUP_VIEW,16.0,16.0,True
EXP-EMBED-C1-FUSED-XAI-EQUIV-001,B6:1461,4,-1.0481519183369528,-1.048151951,3.2663047155878644e-08,DERIVED_SENSOR_GROUP_VIEW,4.0,4.0,True
EXP-EMBED-C1-FUSED-XAI-EQUIV-001,B6:1461,5,-0.839668249116931,-0.8396682439,5.2169309983085554e-09,DERIVED_SENSOR_GROUP_VIEW,9.0,9.0,True
EXP-EMBED-C1-FUSED-XAI-EQUIV-001,B6:1461,6,-1.2959693785679853,-1.2959694110000002,3.243201485148006e-08,DERIVED_SENSOR_GROUP_VIEW,2.0,2.0,True
EXP-EMBED-C1-FUSED-XAI-EQUIV-001,B6:1461,7,0.8657209989577328,0.865720962122,3.683573279733565e-08,DERIVED_SENSOR_GROUP_VIEW,7.0,7.0,True
EXP-EMBED-C1-FUSED-XAI-EQUIV-001,B6:1461,8,0.5686881244710935,0.5686881288000001,4.328906566541946e-09,DERIVED_SENSOR_GROUP_VIEW,12.0,12.0,True
EXP-EMBED-C1-FUSED-XAI-EQUIV-001,B6:1461,9,1.0460128309498513,1.0460128457,1.4750148658038142e-08,DERIVED_SENSOR_GROUP_VIEW,5.0,5.0,True
EXP-EMBED-C1-FUSED-XAI-EQUIV-001,B6:1461,10,1.1867874852864333,1.1867875073,2.2013566747247637e-08,DERIVED_SENSOR_GROUP_VIEW,3.0,3.0,True
EXP-EMBED-C1-FUSED-XAI-EQUIV-001,B6:1461,11,-0.5956348080745254,-0.59563481866,1.0585474607971435e-08,DERIVED_SENSOR_GROUP_VIEW,11.0,11.0,True
EXP-EMBED-C1-FUSED-XAI-EQUIV-001,B6:1461,12,-1.3896867685388288,-1.38968677866,1.0121171234445114e-08,DERIVED_SENSOR_GROUP_VIEW,1.0,1.0,True
EXP-EMBED-C1-FUSED-XAI-EQUIV-001,B6:1461,13,-0.8602765416654462,-0.8602765661,2.4434553824725924e-08,DERIVED_SENSOR_GROUP_VIEW,8.0,8.0,True
EXP-EMBED-C1-FUSED-XAI-EQUIV-001,B6:1461,14,-0.43293073347152156,-0.43293070942,2.4051521552159727e-08,DERIVED_SENSOR_GROUP_VIEW,13.0,13.0,True
EXP-EMBED-C1-FUSED-XAI-EQUIV-001,B6:1461,15,0.28577112551605033,0.2857711028969999,2.2619050410455088e-08,DERIVED_SENSOR_GROUP_VIEW,15.0,15.0,True
EXP-EMBED-C1-FUSED-XAI-EQUIV-001,B6:1461,16,0.4113496328701909,0.4113495615999999,7.127019097108445e-08,DERIVED_SENSOR_GROUP_VIEW,14.0,14.0,True
EXP-EMBED-C1-FUSED-XAI-EQUIV-001,B6:1463,1,0.7985672592143324,0.7985672697,1.048566766748138e-08,DERIVED_SENSOR_GROUP_VIEW,9.0,9.0,True
EXP-EMBED-C1-FUSED-XAI-EQUIV-001,B6:1463,2,0.8685134104447859,0.86851345199,4.1545214046756485e-08,DERIVED_SENSOR_GROUP_VIEW,6.0,6.0,True
EXP-EMBED-C1-FUSED-XAI-EQUIV-001,B6:1463,3,-0.1298939004392291,-0.12989390271200002,2.272770915912048e-09,DERIVED_SENSOR_GROUP_VIEW,16.0,16.0,True
EXP-EMBED-C1-FUSED-XAI-EQUIV-001,B6:1463,4,-1.0172369260629612,-1.0172369013470002,2.471596105557694e-08,DERIVED_SENSOR_GROUP_VIEW,5.0,5.0,True
EXP-EMBED-C1-FUSED-XAI-EQUIV-001,B6:1463,5,-0.8189621567268353,-0.818962105,5.17268352595579e-08,DERIVED_SENSOR_GROUP_VIEW,8.0,8.0,True
EXP-EMBED-C1-FUSED-XAI-EQUIV-001,B6:1463,6,-1.22129937178233,-1.2212993748,3.017670113791837e-09,DERIVED_SENSOR_GROUP_VIEW,2.0,2.0,True
EXP-EMBED-C1-FUSED-XAI-EQUIV-001,B6:1463,7,0.7964879947759361,0.796487989508,5.267936087349767e-09,DERIVED_SENSOR_GROUP_VIEW,10.0,10.0,True
EXP-EMBED-C1-FUSED-XAI-EQUIV-001,B6:1463,8,0.5637938763260035,0.5637938518900001,2.4436003442929177e-08,DERIVED_SENSOR_GROUP_VIEW,12.0,12.0,True
EXP-EMBED-C1-FUSED-XAI-EQUIV-001,B6:1463,9,1.0313691803061449,1.0313691944999999,1.4193854980248943e-08,DERIVED_SENSOR_GROUP_VIEW,4.0,4.0,True
EXP-EMBED-C1-FUSED-XAI-EQUIV-001,B6:1463,10,1.1807309228203962,1.1807309166,6.220396198131084e-09,DERIVED_SENSOR_GROUP_VIEW,3.0,3.0,True
EXP-EMBED-C1-FUSED-XAI-EQUIV-001,B6:1463,11,-0.6058077046635035,-0.6058077150999999,1.0436496333809941e-08,DERIVED_SENSOR_GROUP_VIEW,11.0,11.0,True
EXP-EMBED-C1-FUSED-XAI-EQUIV-001,B6:1463,12,-1.3655425548156506,-1.36554252247,3.234565060239447e-08,DERIVED_SENSOR_GROUP_VIEW,1.0,1.0,True
EXP-EMBED-C1-FUSED-XAI-EQUIV-001,B6:1463,13,-0.8571393272203156,-0.8571393413699999,1.4149684313125022e-08,DERIVED_SENSOR_GROUP_VIEW,7.0,7.0,True
EXP-EMBED-C1-FUSED-XAI-EQUIV-001,B6:1463,14,-0.4045176903765666,-0.4045176216200001,6.875656649585338e-08,DERIVED_SENSOR_GROUP_VIEW,14.0,14.0,True
EXP-EMBED-C1-FUSED-XAI-EQUIV-001,B6:1463,15,0.2895682006571834,0.289568167341,3.3316183423171e-08,DERIVED_SENSOR_GROUP_VIEW,15.0,15.0,True
EXP-EMBED-C1-FUSED-XAI-EQUIV-001,B6:1463,16,0.4141073541771603,0.41410730087,5.3307160352566996e-08,DERIVED_SENSOR_GROUP_VIEW,13.0,13.0,True
EXP-EMBED-C1-FUSED-XAI-EQUIV-001,B6:1464,1,0.79168530313635,0.7916853082,5.0636500548151275e-09,DERIVED_SENSOR_GROUP_VIEW,10.0,10.0,True
EXP-EMBED-C1-FUSED-XAI-EQUIV-001,B6:1464,2,0.8724439466065357,0.8724439505799999,3.973464224316103e-09,DERIVED_SENSOR_GROUP_VIEW,7.0,7.0,True
EXP-EMBED-C1-FUSED-XAI-EQUIV-001,B6:1464,3,-0.13833244052471177,-0.13833245669,1.616528821912766e-08,DERIVED_SENSOR_GROUP_VIEW,16.0,16.0,True
EXP-EMBED-C1-FUSED-XAI-EQUIV-001,B6:1464,4,-1.014104749881161,-1.0141047612999998,1.141883876343286e-08,DERIVED_SENSOR_GROUP_VIEW,5.0,5.0,True
EXP-EMBED-C1-FUSED-XAI-EQUIV-001,B6:1464,5,-0.932289787720328,-0.9322897717,1.6020327953114588e-08,DERIVED_SENSOR_GROUP_VIEW,6.0,6.0,True
EXP-EMBED-C1-FUSED-XAI-EQUIV-001,B6:1464,6,-1.2459514891214676,-1.2459514954,6.2785323606817656e-09,DERIVED_SENSOR_GROUP_VIEW,2.0,2.0,True
EXP-EMBED-C1-FUSED-XAI-EQUIV-001,B6:1464,7,0.8479148954503606,0.847914892578,2.872360571615218e-09,DERIVED_SENSOR_GROUP_VIEW,8.0,8.0,True
EXP-EMBED-C1-FUSED-XAI-EQUIV-001,B6:1464,8,0.5677606003500906,0.56776057517,2.5180090568177604e-08,DERIVED_SENSOR_GROUP_VIEW,12.0,12.0,True
EXP-EMBED-C1-FUSED-XAI-EQUIV-001,B6:1464,9,1.0296380189985102,1.0296380642,4.520148988440553e-08,DERIVED_SENSOR_GROUP_VIEW,4.0,4.0,True
EXP-EMBED-C1-FUSED-XAI-EQUIV-001,B6:1464,10,1.1728546666571908,1.1728546731,6.442809175055686e-09,DERIVED_SENSOR_GROUP_VIEW,3.0,3.0,True
EXP-EMBED-C1-FUSED-XAI-EQUIV-001,B6:1464,11,-0.5930344494610432,-0.5930344240000001,2.5461043162700037e-08,DERIVED_SENSOR_GROUP_VIEW,11.0,11.0,True
EXP-EMBED-C1-FUSED-XAI-EQUIV-001,B6:1464,12,-1.3436914564403022,-1.3436914838299998,2.7389697621060805e-08,DERIVED_SENSOR_GROUP_VIEW,1.0,1.0,True
EXP-EMBED-C1-FUSED-XAI-EQUIV-001,B6:1464,13,-0.8224589166468991,-0.822458966422,4.9775100929849714e-08,DERIVED_SENSOR_GROUP_VIEW,9.0,9.0,True
EXP-EMBED-C1-FUSED-XAI-EQUIV-001,B6:1464,14,-0.43321159401419984,-0.4332116160629999,2.2048800063512175e-08,DERIVED_SENSOR_GROUP_VIEW,13.0,13.0,True
EXP-EMBED-C1-FUSED-XAI-EQUIV-001,B6:1464,15,0.29900936162337516,0.299009341524,2.009937516422866e-08,DERIVED_SENSOR_GROUP_VIEW,15.0,15.0,True
EXP-EMBED-C1-FUSED-XAI-EQUIV-001,B6:1464,16,0.42179573404055803,0.42179570276,3.1280558032698025e-08,DERIVED_SENSOR_GROUP_VIEW,14.0,14.0,True
EXP-EMBED-C1-FUSED-XAI-EQUIV-001,B6:1539,1,0.14852866029386452,0.14852863973000002,2.0563864500111606e-08,DERIVED_SENSOR_GROUP_VIEW,16.0,16.0,True
EXP-EMBED-C1-FUSED-XAI-EQUIV-001,B6:1539,2,0.3057940404092792,0.30579403809999994,2.3092792678092167e-09,DERIVED_SENSOR_GROUP_VIEW,14.0,14.0,True
EXP-EMBED-C1-FUSED-XAI-EQUIV-001,B6:1539,3,0.5664458159908546,0.56644583387003,1.787917536244521e-08,DERIVED_SENSOR_GROUP_VIEW,11.0,11.0,True
EXP-EMBED-C1-FUSED-XAI-EQUIV-001,B6:1539,4,1.07780586559578,1.07780588962,2.4024219946738867e-08,DERIVED_SENSOR_GROUP_VIEW,3.0,3.0,True
EXP-EMBED-C1-FUSED-XAI-EQUIV-001,B6:1539,5,-1.0107594467309529,-1.0107593244,1.223309529230221e-07,DERIVED_SENSOR_GROUP_VIEW,4.0,4.0,True
EXP-EMBED-C1-FUSED-XAI-EQUIV-001,B6:1539,6,-0.9147828673153763,-0.9147828283000001,3.9015376152029546e-08,DERIVED_SENSOR_GROUP_VIEW,7.0,7.0,True
EXP-EMBED-C1-FUSED-XAI-EQUIV-001,B6:1539,7,-0.8097699893430541,-0.80976999432,4.976945855439396e-09,DERIVED_SENSOR_GROUP_VIEW,9.0,9.0,True
EXP-EMBED-C1-FUSED-XAI-EQUIV-001,B6:1539,8,-0.6025187109426902,-0.6025187643500001,5.340730990788245e-08,DERIVED_SENSOR_GROUP_VIEW,10.0,10.0,True
EXP-EMBED-C1-FUSED-XAI-EQUIV-001,B6:1539,9,0.9308314636489954,0.9308314703999999,6.751004533178673e-09,DERIVED_SENSOR_GROUP_VIEW,5.0,5.0,True
EXP-EMBED-C1-FUSED-XAI-EQUIV-001,B6:1539,10,0.5645790355980077,0.56457904827,1.2671992344337468e-08,DERIVED_SENSOR_GROUP_VIEW,12.0,12.0,True
EXP-EMBED-C1-FUSED-XAI-EQUIV-001,B6:1539,11,0.861047162338979,0.8610471746599999,1.2321020870231791e-08,DERIVED_SENSOR_GROUP_VIEW,8.0,8.0,True
EXP-EMBED-C1-FUSED-XAI-EQUIV-001,B6:1539,12,0.9223344405663563,0.9223344359400001,4.626356187031888e-09,DERIVED_SENSOR_GROUP_VIEW,6.0,6.0,True
EXP-EMBED-C1-FUSED-XAI-EQUIV-001,B6:1539,13,-1.390747771606355,-1.3907477196,5.200635500024475e-08,DERIVED_SENSOR_GROUP_VIEW,2.0,2.0,True
EXP-EMBED-C1-FUSED-XAI-EQUIV-001,B6:1539,14,-2.440688037066526,-2.4406881227,8.563347408951927e-08,DERIVED_SENSOR_GROUP_VIEW,1.0,1.0,True
EXP-EMBED-C1-FUSED-XAI-EQUIV-001,B6:1539,15,-0.24087664019541793,-0.24087664698,6.784582062824285e-09,DERIVED_SENSOR_GROUP_VIEW,15.0,15.0,True
EXP-EMBED-C1-FUSED-XAI-EQUIV-001,B6:1539,16,-0.5329816506238787,-0.532981658986,8.362121328708838e-09,DERIVED_SENSOR_GROUP_VIEW,13.0,13.0,True
EXP-EMBED-C1-FUSED-XAI-EQUIV-001,B6:1562,1,0.13570982507905383,0.13570981299,1.2089053813557626e-08,DERIVED_SENSOR_GROUP_VIEW,16.0,16.0,True
EXP-EMBED-C1-FUSED-XAI-EQUIV-001,B6:1562,2,0.3400897578640377,0.34008978151999997,2.3655962244628626e-08,DERIVED_SENSOR_GROUP_VIEW,14.0,14.0,True
EXP-EMBED-C1-FUSED-XAI-EQUIV-001,B6:1562,3,0.5631205504368149,0.563120559323,8.886185121070866e-09,DERIVED_SENSOR_GROUP_VIEW,12.0,12.0,True
EXP-EMBED-C1-FUSED-XAI-EQUIV-001,B6:1562,4,1.0551760882993964,1.05517616348,7.518060374245294e-08,DERIVED_SENSOR_GROUP_VIEW,3.0,3.0,True
EXP-EMBED-C1-FUSED-XAI-EQUIV-001,B6:1562,5,-1.0491464300135835,-1.049146372,5.80135834926665e-08,DERIVED_SENSOR_GROUP_VIEW,4.0,4.0,True
EXP-EMBED-C1-FUSED-XAI-EQUIV-001,B6:1562,6,-0.9200326295660395,-0.9200326378000001,8.233960624437486e-09,DERIVED_SENSOR_GROUP_VIEW,6.0,6.0,True
EXP-EMBED-C1-FUSED-XAI-EQUIV-001,B6:1562,7,-0.8123514453479315,-0.8123514625999999,1.7252068440498647e-08,DERIVED_SENSOR_GROUP_VIEW,8.0,8.0,True
EXP-EMBED-C1-FUSED-XAI-EQUIV-001,B6:1562,8,-0.5923509058129729,-0.5923509204299999,1.4617027033203556e-08,DERIVED_SENSOR_GROUP_VIEW,10.0,10.0,True
EXP-EMBED-C1-FUSED-XAI-EQUIV-001,B6:1562,9,0.9230706083417906,0.9230706168,8.458209466155608e-09,DERIVED_SENSOR_GROUP_VIEW,5.0,5.0,True
EXP-EMBED-C1-FUSED-XAI-EQUIV-001,B6:1562,10,0.5640113711091679,0.56401136665,4.459167923798191e-09,DERIVED_SENSOR_GROUP_VIEW,11.0,11.0,True
EXP-EMBED-C1-FUSED-XAI-EQUIV-001,B6:1562,11,0.7902725681548435,0.7902725705800001,2.4251566310695694e-09,DERIVED_SENSOR_GROUP_VIEW,9.0,9.0,True
EXP-EMBED-C1-FUSED-XAI-EQUIV-001,B6:1562,12,0.9186709302878691,0.91867093222,1.9321308997177766e-09,DERIVED_SENSOR_GROUP_VIEW,7.0,7.0,True
EXP-EMBED-C1-FUSED-XAI-EQUIV-001,B6:1562,13,-1.3780092302973275,-1.3780092065,2.3797327441954508e-08,DERIVED_SENSOR_GROUP_VIEW,2.0,2.0,True
EXP-EMBED-C1-FUSED-XAI-EQUIV-001,B6:1562,14,-2.3669592976962814,-2.3669593731,7.540371838032911e-08,DERIVED_SENSOR_GROUP_VIEW,1.0,1.0,True
EXP-EMBED-C1-FUSED-XAI-EQUIV-001,B6:1562,15,-0.2367309068716504,-0.2367309068,7.16504078290825e-11,DERIVED_SENSOR_GROUP_VIEW,15.0,15.0,True
EXP-EMBED-C1-FUSED-XAI-EQUIV-001,B6:1562,16,-0.5170817580682152,-0.517081734615,2.3453215258761873e-08,DERIVED_SENSOR_GROUP_VIEW,13.0,13.0,True
EXP-EMBED-C1-FUSED-XAI-EQUIV-001,B10:0,1,0.31911819965206156,0.31911817666,2.2992061587956414e-08,DERIVED_SENSOR_GROUP_VIEW,15.0,15.0,True
EXP-EMBED-C1-FUSED-XAI-EQUIV-001,B10:0,2,0.7630472464337208,0.7630472545,8.06627920013625e-09,DERIVED_SENSOR_GROUP_VIEW,9.0,9.0,True
EXP-EMBED-C1-FUSED-XAI-EQUIV-001,B10:0,3,0.7512161285549382,0.75121614872,2.0165061731525213e-08,DERIVED_SENSOR_GROUP_VIEW,10.0,10.0,True
EXP-EMBED-C1-FUSED-XAI-EQUIV-001,B10:0,4,1.5610972826787886,1.5610972753299999,7.348788688688046e-09,DERIVED_SENSOR_GROUP_VIEW,2.0,2.0,True
EXP-EMBED-C1-FUSED-XAI-EQUIV-001,B10:0,5,-0.7875160430978501,-0.7875160173,2.579785007839064e-08,DERIVED_SENSOR_GROUP_VIEW,8.0,8.0,True
EXP-EMBED-C1-FUSED-XAI-EQUIV-001,B10:0,6,-0.7002382538039108,-0.7002381894599999,6.43439108660715e-08,DERIVED_SENSOR_GROUP_VIEW,12.0,12.0,True
EXP-EMBED-C1-FUSED-XAI-EQUIV-001,B10:0,7,-1.1540284062566712,-1.1540284042000002,2.0566710556835233e-09,DERIVED_SENSOR_GROUP_VIEW,4.0,4.0,True
EXP-EMBED-C1-FUSED-XAI-EQUIV-001,B10:0,8,-0.8028168479300091,-0.80281686602,1.8089990949654577e-08,DERIVED_SENSOR_GROUP_VIEW,7.0,7.0,True
EXP-EMBED-C1-FUSED-XAI-EQUIV-001,B10:0,9,1.0303469082178869,1.0303469299999999,2.1782113002188908e-08,DERIVED_SENSOR_GROUP_VIEW,6.0,6.0,True
EXP-EMBED-C1-FUSED-XAI-EQUIV-001,B10:0,10,0.5366821753830715,0.53668216375,1.163307150608972e-08,DERIVED_SENSOR_GROUP_VIEW,13.0,13.0,True
EXP-EMBED-C1-FUSED-XAI-EQUIV-001,B10:0,11,1.1435195433838077,1.14351959054,4.715619228434775e-08,DERIVED_SENSOR_GROUP_VIEW,5.0,5.0,True
EXP-EMBED-C1-FUSED-XAI-EQUIV-001,B10:0,12,1.179527725395734,1.17952772924,3.844266016628239e-09,DERIVED_SENSOR_GROUP_VIEW,3.0,3.0,True
EXP-EMBED-C1-FUSED-XAI-EQUIV-001,B10:0,13,-0.7197704520576722,-0.7197704535000001,1.4423279237618658e-09,DERIVED_SENSOR_GROUP_VIEW,11.0,11.0,True
EXP-EMBED-C1-FUSED-XAI-EQUIV-001,B10:0,14,-1.932855278731477,-1.9328553824999999,1.0376852288551675e-07,DERIVED_SENSOR_GROUP_VIEW,1.0,1.0,True
EXP-EMBED-C1-FUSED-XAI-EQUIV-001,B10:0,15,-0.1825596835332518,-0.1825596758,7.73325181668838e-09,DERIVED_SENSOR_GROUP_VIEW,16.0,16.0,True
EXP-EMBED-C1-FUSED-XAI-EQUIV-001,B10:0,16,-0.49459732641301035,-0.49459729518,3.123301034468895e-08,DERIVED_SENSOR_GROUP_VIEW,14.0,14.0,True
EXP-EMBED-C1-FUSED-XAI-EQUIV-001,B10:1,1,0.3081374876920016,0.30813747159,1.610200162094344e-08,DERIVED_SENSOR_GROUP_VIEW,15.0,15.0,True
EXP-EMBED-C1-FUSED-XAI-EQUIV-001,B10:1,2,0.8296142659407975,0.8296142743,8.359202552377099e-09,DERIVED_SENSOR_GROUP_VIEW,11.0,11.0,True
EXP-EMBED-C1-FUSED-XAI-EQUIV-001,B10:1,3,0.7710452873384757,0.77104531841,3.107152435344318e-08,DERIVED_SENSOR_GROUP_VIEW,12.0,12.0,True
EXP-EMBED-C1-FUSED-XAI-EQUIV-001,B10:1,4,1.6183431932508578,1.6183432332,3.994914221649992e-08,DERIVED_SENSOR_GROUP_VIEW,3.0,3.0,True
EXP-EMBED-C1-FUSED-XAI-EQUIV-001,B10:1,5,-0.8600183363523974,-0.8600182716,6.475239744396788e-08,DERIVED_SENSOR_GROUP_VIEW,10.0,10.0,True
EXP-EMBED-C1-FUSED-XAI-EQUIV-001,B10:1,6,-1.164956172824555,-1.1649561632499998,9.574555148716968e-09,DERIVED_SENSOR_GROUP_VIEW,7.0,7.0,True
EXP-EMBED-C1-FUSED-XAI-EQUIV-001,B10:1,7,-1.3313081967253366,-1.3313082339,3.7174663347627757e-08,DERIVED_SENSOR_GROUP_VIEW,5.0,5.0,True
EXP-EMBED-C1-FUSED-XAI-EQUIV-001,B10:1,8,-0.9357782901390033,-0.93577832473,3.459099673364108e-08,DERIVED_SENSOR_GROUP_VIEW,9.0,9.0,True
EXP-EMBED-C1-FUSED-XAI-EQUIV-001,B10:1,9,1.4203294337013412,1.420329436,2.298658818844501e-09,DERIVED_SENSOR_GROUP_VIEW,4.0,4.0,True
EXP-EMBED-C1-FUSED-XAI-EQUIV-001,B10:1,10,0.7595080107655479,0.75950798441,2.635554785523908e-08,DERIVED_SENSOR_GROUP_VIEW,13.0,13.0,True
EXP-EMBED-C1-FUSED-XAI-EQUIV-001,B10:1,11,1.153036381075203,1.15303639989,1.8814797053678944e-08,DERIVED_SENSOR_GROUP_VIEW,8.0,8.0,True
EXP-EMBED-C1-FUSED-XAI-EQUIV-001,B10:1,12,1.2380776443103418,1.2380776384199998,5.89034199194316e-09,DERIVED_SENSOR_GROUP_VIEW,6.0,6.0,True
EXP-EMBED-C1-FUSED-XAI-EQUIV-001,B10:1,13,-1.6928024978522471,-1.6928024177999998,8.0052247275475e-08,DERIVED_SENSOR_GROUP_VIEW,2.0,2.0,True
EXP-EMBED-C1-FUSED-XAI-EQUIV-001,B10:1,14,-3.1078403434203796,-3.107840405,6.157962051389632e-08,DERIVED_SENSOR_GROUP_VIEW,1.0,1.0,True
EXP-EMBED-C1-FUSED-XAI-EQUIV-001,B10:1,15,-0.21894162144199783,-0.2189416367,1.5258002167284346e-08,DERIVED_SENSOR_GROUP_VIEW,16.0,16.0,True
EXP-EMBED-C1-FUSED-XAI-EQUIV-001,B10:1,16,-0.6178396202220282,-0.61783958947,3.075202825719714e-08,DERIVED_SENSOR_GROUP_VIEW,14.0,14.0,True
EXP-EMBED-C1-FUSED-XAI-EQUIV-001,B10:2,1,0.31424132587498055,0.3142413032,2.267498055985584e-08,DERIVED_SENSOR_GROUP_VIEW,7.0,7.0,True
EXP-EMBED-C1-FUSED-XAI-EQUIV-001,B10:2,2,0.48234889623236754,0.482348892,4.232367567524875e-09,DERIVED_SENSOR_GROUP_VIEW,3.0,3.0,True
EXP-EMBED-C1-FUSED-XAI-EQUIV-001,B10:2,3,0.09072234121664999,0.0907223313732,9.843449985669217e-09,DERIVED_SENSOR_GROUP_VIEW,14.0,14.0,True
EXP-EMBED-C1-FUSED-XAI-EQUIV-001,B10:2,4,-0.01997023938102399,-0.01997020361999996,3.5761024030911415e-08,DERIVED_SENSOR_GROUP_VIEW,16.0,16.0,True
EXP-EMBED-C1-FUSED-XAI-EQUIV-001,B10:2,5,-0.34042187745004193,-0.3404218178251999,5.962484200816576e-08,DERIVED_SENSOR_GROUP_VIEW,6.0,6.0,True
EXP-EMBED-C1-FUSED-XAI-EQUIV-001,B10:2,6,0.43562862342617054,0.43562868714,6.371382949010851e-08,DERIVED_SENSOR_GROUP_VIEW,4.0,4.0,True
EXP-EMBED-C1-FUSED-XAI-EQUIV-001,B10:2,7,0.38219354234393266,0.38219354418,1.8360673537110017e-09,DERIVED_SENSOR_GROUP_VIEW,5.0,5.0,True
EXP-EMBED-C1-FUSED-XAI-EQUIV-001,B10:2,8,0.28401111650894273,0.28401113184000004,1.533105731255091e-08,DERIVED_SENSOR_GROUP_VIEW,9.0,9.0,True
EXP-EMBED-C1-FUSED-XAI-EQUIV-001,B10:2,9,-0.29963859099218376,-0.29963854102000004,4.997218372437828e-08,DERIVED_SENSOR_GROUP_VIEW,8.0,8.0,True
EXP-EMBED-C1-FUSED-XAI-EQUIV-001,B10:2,10,-0.2109313008783609,-0.210931303324,2.4456391078953033e-09,DERIVED_SENSOR_GROUP_VIEW,11.0,11.0,True
EXP-EMBED-C1-FUSED-XAI-EQUIV-001,B10:2,11,0.07560289854988761,0.07560293187000001,3.332011240531063e-08,DERIVED_SENSOR_GROUP_VIEW,15.0,15.0,True
EXP-EMBED-C1-FUSED-XAI-EQUIV-001,B10:2,12,0.23359855559580658,0.23359850351,5.208580658444539e-08,DERIVED_SENSOR_GROUP_VIEW,10.0,10.0,True
EXP-EMBED-C1-FUSED-XAI-EQUIV-001,B10:2,13,1.6025302111132946,1.60253010886,1.0225329472035583e-07,DERIVED_SENSOR_GROUP_VIEW,1.0,1.0,True
EXP-EMBED-C1-FUSED-XAI-EQUIV-001,B10:2,14,0.7722919422878927,0.7722919983,5.601210728567452e-08,DERIVED_SENSOR_GROUP_VIEW,2.0,2.0,True
EXP-EMBED-C1-FUSED-XAI-EQUIV-001,B10:2,15,0.18914226635230522,0.18914226038,5.972305205936834e-09,DERIVED_SENSOR_GROUP_VIEW,12.0,12.0,True
EXP-EMBED-C1-FUSED-XAI-EQUIV-001,B10:2,16,0.1806807566417248,0.18068076484,8.198275197601745e-09,DERIVED_SENSOR_GROUP_VIEW,13.0,13.0,True
EXP-EMBED-C1-FUSED-XAI-EQUIV-001,B10:3,1,1.6134608356464155,1.6134608536,1.795358439693473e-08,DERIVED_SENSOR_GROUP_VIEW,4.0,4.0,True
EXP-EMBED-C1-FUSED-XAI-EQUIV-001,B10:3,2,1.8753639622376976,1.8753639902,2.796230247348319e-08,DERIVED_SENSOR_GROUP_VIEW,2.0,2.0,True
EXP-EMBED-C1-FUSED-XAI-EQUIV-001,B10:3,3,-1.019089941763013,-1.01908994881,7.046986993941573e-09,DERIVED_SENSOR_GROUP_VIEW,11.0,11.0,True
EXP-EMBED-C1-FUSED-XAI-EQUIV-001,B10:3,4,-0.7743016266994235,-0.77430166143,3.473057652580991e-08,DERIVED_SENSOR_GROUP_VIEW,15.0,15.0,True
EXP-EMBED-C1-FUSED-XAI-EQUIV-001,B10:3,5,1.2258247149864094,1.22582468224,3.274640936190565e-08,DERIVED_SENSOR_GROUP_VIEW,8.0,8.0,True
EXP-EMBED-C1-FUSED-XAI-EQUIV-001,B10:3,6,1.270695543180051,1.27069547509,6.809005115293587e-08,DERIVED_SENSOR_GROUP_VIEW,7.0,7.0,True
EXP-EMBED-C1-FUSED-XAI-EQUIV-001,B10:3,7,-1.031480505608071,-1.031480547871,4.226292915632257e-08,DERIVED_SENSOR_GROUP_VIEW,10.0,10.0,True
EXP-EMBED-C1-FUSED-XAI-EQUIV-001,B10:3,8,-0.9474226508567412,-0.94742267682,2.5963258876160467e-08,DERIVED_SENSOR_GROUP_VIEW,13.0,13.0,True
EXP-EMBED-C1-FUSED-XAI-EQUIV-001,B10:3,9,1.842138014303051,1.8421381041,8.979694898769708e-08,DERIVED_SENSOR_GROUP_VIEW,3.0,3.0,True
EXP-EMBED-C1-FUSED-XAI-EQUIV-001,B10:3,10,2.006719461961883,2.0067194472,1.476188282723001e-08,DERIVED_SENSOR_GROUP_VIEW,1.0,1.0,True
EXP-EMBED-C1-FUSED-XAI-EQUIV-001,B10:3,11,-0.9816152767246775,-0.98161526414,1.2584677522298193e-08,DERIVED_SENSOR_GROUP_VIEW,12.0,12.0,True
EXP-EMBED-C1-FUSED-XAI-EQUIV-001,B10:3,12,-0.495431909745988,-0.49543192000999997,1.0264011973681875e-08,DERIVED_SENSOR_GROUP_VIEW,16.0,16.0,True
EXP-EMBED-C1-FUSED-XAI-EQUIV-001,B10:3,13,1.3053177499519653,1.3053177678,1.78480348278498e-08,DERIVED_SENSOR_GROUP_VIEW,6.0,6.0,True
EXP-EMBED-C1-FUSED-XAI-EQUIV-001,B10:3,14,1.4810344735086054,1.4810343046,1.6890860532470242e-07,DERIVED_SENSOR_GROUP_VIEW,5.0,5.0,True
EXP-EMBED-C1-FUSED-XAI-EQUIV-001,B10:3,15,-1.086166073523138,-1.08616609255,1.9026862085880225e-08,DERIVED_SENSOR_GROUP_VIEW,9.0,9.0,True
EXP-EMBED-C1-FUSED-XAI-EQUIV-001,B10:3,16,-0.9232059068927492,-0.92320586621,4.0682749169462795e-08,DERIVED_SENSOR_GROUP_VIEW,14.0,14.0,True
EXP-EMBED-C1-FUSED-XAI-EQUIV-001,B10:4,1,0.3243692394767635,0.32436923229000003,7.186763462119217e-09,DERIVED_SENSOR_GROUP_VIEW,9.0,9.0,True
EXP-EMBED-C1-FUSED-XAI-EQUIV-001,B10:4,2,0.5812862815048316,0.5812862818,2.951683342189426e-10,DERIVED_SENSOR_GROUP_VIEW,3.0,3.0,True
EXP-EMBED-C1-FUSED-XAI-EQUIV-001,B10:4,3,0.345145926959617,0.345145949934,2.2974383007134946e-08,DERIVED_SENSOR_GROUP_VIEW,7.0,7.0,True
EXP-EMBED-C1-FUSED-XAI-EQUIV-001,B10:4,4,0.659471616890986,0.65947162129,4.399014041922555e-09,DERIVED_SENSOR_GROUP_VIEW,2.0,2.0,True
EXP-EMBED-C1-FUSED-XAI-EQUIV-001,B10:4,5,-0.40249295720719114,-0.40249287631999997,8.088719116727816e-08,DERIVED_SENSOR_GROUP_VIEW,6.0,6.0,True
EXP-EMBED-C1-FUSED-XAI-EQUIV-001,B10:4,6,0.025791636174491706,0.025791697439999983,6.126550827767474e-08,DERIVED_SENSOR_GROUP_VIEW,15.0,15.0,True
EXP-EMBED-C1-FUSED-XAI-EQUIV-001,B10:4,7,-0.2585585128555709,-0.25855850347,9.385570931552678e-09,DERIVED_SENSOR_GROUP_VIEW,10.0,10.0,True
EXP-EMBED-C1-FUSED-XAI-EQUIV-001,B10:4,8,-0.1760571118115381,-0.17605710815999998,3.6515381274249137e-09,DERIVED_SENSOR_GROUP_VIEW,11.0,11.0,True
EXP-EMBED-C1-FUSED-XAI-EQUIV-001,B10:4,9,0.09236745614876034,0.09236745119999999,4.948760345957481e-09,DERIVED_SENSOR_GROUP_VIEW,13.0,13.0,True
EXP-EMBED-C1-FUSED-XAI-EQUIV-001,B10:4,10,0.0272171964849598,0.027217175225000015,2.1259959785691063e-08,DERIVED_SENSOR_GROUP_VIEW,14.0,14.0,True
EXP-EMBED-C1-FUSED-XAI-EQUIV-001,B10:4,11,0.44689088374892505,0.44689092031,3.656107494531824e-08,DERIVED_SENSOR_GROUP_VIEW,5.0,5.0,True
EXP-EMBED-C1-FUSED-XAI-EQUIV-001,B10:4,12,0.5617694632321985,0.5617694328,3.0432198427909896e-08,DERIVED_SENSOR_GROUP_VIEW,4.0,4.0,True
EXP-EMBED-C1-FUSED-XAI-EQUIV-001,B10:4,13,0.7592203134796199,0.7592203517,3.822038008305384e-08,DERIVED_SENSOR_GROUP_VIEW,1.0,1.0,True
EXP-EMBED-C1-FUSED-XAI-EQUIV-001,B10:4,14,-0.33062315300353606,-0.33062319050000005,3.7496463989317164e-08,DERIVED_SENSOR_GROUP_VIEW,8.0,8.0,True
EXP-EMBED-C1-FUSED-XAI-EQUIV-001,B10:4,15,0.001229074827573104,0.001229090730000007,1.5902426903080524e-08,DERIVED_SENSOR_GROUP_VIEW,16.0,16.0,True
EXP-EMBED-C1-FUSED-XAI-EQUIV-001,B10:4,16,-0.1152807787799508,-0.115280781538,2.7580492056866746e-09,DERIVED_SENSOR_GROUP_VIEW,12.0,12.0,True
EXP-EMBED-C1-FUSED-XAI-EQUIV-001,B10:9,1,1.0455724159755997,1.0455724037,1.2275599647892932e-08,DERIVED_SENSOR_GROUP_VIEW,5.0,5.0,True
EXP-EMBED-C1-FUSED-XAI-EQUIV-001,B10:9,2,1.3315940212569708,1.3315940234,2.1430293095647812e-09,DERIVED_SENSOR_GROUP_VIEW,2.0,2.0,True
EXP-EMBED-C1-FUSED-XAI-EQUIV-001,B10:9,3,0.323490282292083,0.32349028139,9.020829638828332e-10,DERIVED_SENSOR_GROUP_VIEW,10.0,10.0,True
EXP-EMBED-C1-FUSED-XAI-EQUIV-001,B10:9,4,0.8141056459632203,0.8141056277529999,1.8210220442682612e-08,DERIVED_SENSOR_GROUP_VIEW,6.0,6.0,True
EXP-EMBED-C1-FUSED-XAI-EQUIV-001,B10:9,5,1.8610169897135846,1.8610169561000003,3.361358436038131e-08,DERIVED_SENSOR_GROUP_VIEW,1.0,1.0,True
EXP-EMBED-C1-FUSED-XAI-EQUIV-001,B10:9,6,0.35942211525023127,0.35942211258,2.670231258328215e-09,DERIVED_SENSOR_GROUP_VIEW,9.0,9.0,True
EXP-EMBED-C1-FUSED-XAI-EQUIV-001,B10:9,7,0.1977346628839015,0.197734658866,4.017901511499389e-09,DERIVED_SENSOR_GROUP_VIEW,14.0,14.0,True
EXP-EMBED-C1-FUSED-XAI-EQUIV-001,B10:9,8,0.3031548087574445,0.30315480043,8.327444511735393e-09,DERIVED_SENSOR_GROUP_VIEW,11.0,11.0,True
EXP-EMBED-C1-FUSED-XAI-EQUIV-001,B10:9,9,1.259169440930194,1.2591694854,4.4469806059765915e-08,DERIVED_SENSOR_GROUP_VIEW,4.0,4.0,True
EXP-EMBED-C1-FUSED-XAI-EQUIV-001,B10:9,10,1.2633399602964825,1.2633399413,1.8996482609168197e-08,DERIVED_SENSOR_GROUP_VIEW,3.0,3.0,True
EXP-EMBED-C1-FUSED-XAI-EQUIV-001,B10:9,11,-0.1813364363327449,-0.18133646622,2.9887255087457376e-08,DERIVED_SENSOR_GROUP_VIEW,15.0,15.0,True
EXP-EMBED-C1-FUSED-XAI-EQUIV-001,B10:9,12,0.0654441007561381,0.06544415550000002,5.474386191584024e-08,DERIVED_SENSOR_GROUP_VIEW,16.0,16.0,True
EXP-EMBED-C1-FUSED-XAI-EQUIV-001,B10:9,13,0.6919130066944553,0.6919130423700001,3.567554474059875e-08,DERIVED_SENSOR_GROUP_VIEW,8.0,8.0,True
EXP-EMBED-C1-FUSED-XAI-EQUIV-001,B10:9,14,0.7039726941232126,0.7039727569,6.277678743504822e-08,DERIVED_SENSOR_GROUP_VIEW,7.0,7.0,True
EXP-EMBED-C1-FUSED-XAI-EQUIV-001,B10:9,15,0.21933197576182775,0.2193319805912,4.829372235448659e-09,DERIVED_SENSOR_GROUP_VIEW,13.0,13.0,True
EXP-EMBED-C1-FUSED-XAI-EQUIV-001,B10:9,16,0.2449797483654474,0.244979742625,5.740447395208292e-09,DERIVED_SENSOR_GROUP_VIEW,12.0,12.0,True
EXP-EMBED-C1-FUSED-XAI-EQUIV-001,B10:11,1,1.144879353405921,1.1448793332,2.0205920936433586e-08,DERIVED_SENSOR_GROUP_VIEW,4.0,4.0,True
EXP-EMBED-C1-FUSED-XAI-EQUIV-001,B10:11,2,1.4507921307825968,1.4507921037,2.7082596831817796e-08,DERIVED_SENSOR_GROUP_VIEW,1.0,1.0,True
EXP-EMBED-C1-FUSED-XAI-EQUIV-001,B10:11,3,0.24513369353487768,0.24513369665,3.115122326757813e-09,DERIVED_SENSOR_GROUP_VIEW,14.0,14.0,True
EXP-EMBED-C1-FUSED-XAI-EQUIV-001,B10:11,4,0.2713114066868209,0.2713114418,3.5113179086554425e-08,DERIVED_SENSOR_GROUP_VIEW,12.0,12.0,True
EXP-EMBED-C1-FUSED-XAI-EQUIV-001,B10:11,5,0.632854440001744,0.63285449914,5.913825606995715e-08,DERIVED_SENSOR_GROUP_VIEW,5.0,5.0,True
EXP-EMBED-C1-FUSED-XAI-EQUIV-001,B10:11,6,-0.37081682917581676,-0.37081683194199994,2.766183171409864e-09,DERIVED_SENSOR_GROUP_VIEW,10.0,10.0,True
EXP-EMBED-C1-FUSED-XAI-EQUIV-001,B10:11,7,0.5466910999422493,0.546691092376,7.566249293766703e-09,DERIVED_SENSOR_GROUP_VIEW,6.0,6.0,True
EXP-EMBED-C1-FUSED-XAI-EQUIV-001,B10:11,8,0.4922642177018841,0.49226421641,1.2918840996967162e-09,DERIVED_SENSOR_GROUP_VIEW,7.0,7.0,True
EXP-EMBED-C1-FUSED-XAI-EQUIV-001,B10:11,9,1.348086632335389,1.3480867111,7.876461083355935e-08,DERIVED_SENSOR_GROUP_VIEW,3.0,3.0,True
EXP-EMBED-C1-FUSED-XAI-EQUIV-001,B10:11,10,1.361589994576467,1.3615899899,4.676466991426764e-09,DERIVED_SENSOR_GROUP_VIEW,2.0,2.0,True
EXP-EMBED-C1-FUSED-XAI-EQUIV-001,B10:11,11,-0.3926248081430989,-0.3926248425800001,3.443690116400333e-08,DERIVED_SENSOR_GROUP_VIEW,9.0,9.0,True
EXP-EMBED-C1-FUSED-XAI-EQUIV-001,B10:11,12,-0.4836265161975002,-0.48362650424,1.1957500212211869e-08,DERIVED_SENSOR_GROUP_VIEW,8.0,8.0,True
EXP-EMBED-C1-FUSED-XAI-EQUIV-001,B10:11,13,-0.04920415129371031,-0.04920418646000005,3.5166289741317414e-08,DERIVED_SENSOR_GROUP_VIEW,16.0,16.0,True
EXP-EMBED-C1-FUSED-XAI-EQUIV-001,B10:11,14,0.13217385386659355,0.13217391833999995,6.447340639148536e-08,DERIVED_SENSOR_GROUP_VIEW,15.0,15.0,True
EXP-EMBED-C1-FUSED-XAI-EQUIV-001,B10:11,15,0.26093626710924317,0.2609362642314,2.8778431859777243e-09,DERIVED_SENSOR_GROUP_VIEW,13.0,13.0,True
EXP-EMBED-C1-FUSED-XAI-EQUIV-001,B10:11,16,0.3017079923515791,0.30170795950478996,3.284678912196526e-08,DERIVED_SENSOR_GROUP_VIEW,11.0,11.0,True
EXP-EMBED-C1-FUSED-XAI-EQUIV-001,B10:123,1,-3.2828353805758024,-3.2828353960000003,1.5424197918889604e-08,DERIVED_SENSOR_GROUP_VIEW,12.0,12.0,True
EXP-EMBED-C1-FUSED-XAI-EQUIV-001,B10:123,2,-4.9894562856553755,-4.989456118,1.6765537580454293e-07,DERIVED_SENSOR_GROUP_VIEW,4.0,4.0,True
EXP-EMBED-C1-FUSED-XAI-EQUIV-001,B10:123,3,4.392869589085805,4.392869443,1.4608580478636668e-07,DERIVED_SENSOR_GROUP_VIEW,10.0,10.0,True
EXP-EMBED-C1-FUSED-XAI-EQUIV-001,B10:123,4,4.848260106287472,4.8482601731,6.681252795459613e-08,DERIVED_SENSOR_GROUP_VIEW,5.0,5.0,True
EXP-EMBED-C1-FUSED-XAI-EQUIV-001,B10:123,5,-2.6623020277146603,-2.6623022197,1.919853396259441e-07,DERIVED_SENSOR_GROUP_VIEW,14.0,14.0,True
EXP-EMBED-C1-FUSED-XAI-EQUIV-001,B10:123,6,-1.8969449745485818,-1.8969449003399999,7.420858194606694e-08,DERIVED_SENSOR_GROUP_VIEW,15.0,15.0,True
EXP-EMBED-C1-FUSED-XAI-EQUIV-001,B10:123,7,5.424144014803661,5.4241438942,1.206036603917937e-07,DERIVED_SENSOR_GROUP_VIEW,3.0,3.0,True
EXP-EMBED-C1-FUSED-XAI-EQUIV-001,B10:123,8,4.47950618608685,4.4795062002999995,1.4213149768238509e-08,DERIVED_SENSOR_GROUP_VIEW,7.0,7.0,True
EXP-EMBED-C1-FUSED-XAI-EQUIV-001,B10:123,9,-4.465175215559629,-4.4651752160000004,4.403712949851979e-10,DERIVED_SENSOR_GROUP_VIEW,8.0,8.0,True
EXP-EMBED-C1-FUSED-XAI-EQUIV-001,B10:123,10,-3.661872504620698,-3.6618725690000002,6.437930233360589e-08,DERIVED_SENSOR_GROUP_VIEW,11.0,11.0,True
EXP-EMBED-C1-FUSED-XAI-EQUIV-001,B10:123,11,6.140226269061456,6.14022632,5.093854404947251e-08,DERIVED_SENSOR_GROUP_VIEW,1.0,1.0,True
EXP-EMBED-C1-FUSED-XAI-EQUIV-001,B10:123,12,1.6197181678207904,1.6197183119999998,1.441792094603045e-07,DERIVED_SENSOR_GROUP_VIEW,16.0,16.0,True
EXP-EMBED-C1-FUSED-XAI-EQUIV-001,B10:123,13,-4.46013407185945,-4.460134028,4.38594502938372e-08,DERIVED_SENSOR_GROUP_VIEW,9.0,9.0,True
EXP-EMBED-C1-FUSED-XAI-EQUIV-001,B10:123,14,-3.2614958621316577,-3.26149587,7.86834242205714e-09,DERIVED_SENSOR_GROUP_VIEW,13.0,13.0,True
EXP-EMBED-C1-FUSED-XAI-EQUIV-001,B10:123,15,5.517689802233595,5.51768945715,3.450835945884023e-07,DERIVED_SENSOR_GROUP_VIEW,2.0,2.0,True
EXP-EMBED-C1-FUSED-XAI-EQUIV-001,B10:123,16,4.836970098958132,4.836970127,2.8041867494721373e-08,DERIVED_SENSOR_GROUP_VIEW,6.0,6.0,True
EXP-EMBED-C1-FUSED-XAI-EQUIV-001,B10:125,1,-3.4815325037286606,-3.481532529,2.5271339243460034e-08,DERIVED_SENSOR_GROUP_VIEW,13.0,13.0,True
EXP-EMBED-C1-FUSED-XAI-EQUIV-001,B10:125,2,-5.2461921527563415,-5.246192135,1.7756341286201405e-08,DERIVED_SENSOR_GROUP_VIEW,9.0,9.0,True
EXP-EMBED-C1-FUSED-XAI-EQUIV-001,B10:125,3,7.791245419529925,7.791245573,1.5347007487065412e-07,DERIVED_SENSOR_GROUP_VIEW,4.0,4.0,True
EXP-EMBED-C1-FUSED-XAI-EQUIV-001,B10:125,4,8.319863879561058,8.3198637151,1.6446105810530298e-07,DERIVED_SENSOR_GROUP_VIEW,2.0,2.0,True
EXP-EMBED-C1-FUSED-XAI-EQUIV-001,B10:125,5,-2.7256129033066268,-2.725612933,2.9693373093664377e-08,DERIVED_SENSOR_GROUP_VIEW,15.0,15.0,True
EXP-EMBED-C1-FUSED-XAI-EQUIV-001,B10:125,6,-2.586844073813607,-2.58684406677,7.043607030965404e-09,DERIVED_SENSOR_GROUP_VIEW,16.0,16.0,True
EXP-EMBED-C1-FUSED-XAI-EQUIV-001,B10:125,7,7.800504223637647,7.8005043703000005,1.4666235337301714e-07,DERIVED_SENSOR_GROUP_VIEW,3.0,3.0,True
EXP-EMBED-C1-FUSED-XAI-EQUIV-001,B10:125,8,6.635440263106558,6.635440513100001,2.4999344283571645e-07,DERIVED_SENSOR_GROUP_VIEW,7.0,7.0,True
EXP-EMBED-C1-FUSED-XAI-EQUIV-001,B10:125,9,-4.431002381631743,-4.431002299,8.263174322564737e-08,DERIVED_SENSOR_GROUP_VIEW,10.0,10.0,True
EXP-EMBED-C1-FUSED-XAI-EQUIV-001,B10:125,10,-3.520511176500127,-3.5205111659999995,1.0500127434198703e-08,DERIVED_SENSOR_GROUP_VIEW,12.0,12.0,True
EXP-EMBED-C1-FUSED-XAI-EQUIV-001,B10:125,11,10.002942369374507,10.002942355,1.437450691810227e-08,DERIVED_SENSOR_GROUP_VIEW,1.0,1.0,True
EXP-EMBED-C1-FUSED-XAI-EQUIV-001,B10:125,12,3.2802423997596044,3.2802423779999996,2.1759604784676867e-08,DERIVED_SENSOR_GROUP_VIEW,14.0,14.0,True
EXP-EMBED-C1-FUSED-XAI-EQUIV-001,B10:125,13,-5.60243687765882,-5.602436811,6.665882068546125e-08,DERIVED_SENSOR_GROUP_VIEW,8.0,8.0,True
EXP-EMBED-C1-FUSED-XAI-EQUIV-001,B10:125,14,-3.9528086031927865,-3.9528088410000004,2.378072139208598e-07,DERIVED_SENSOR_GROUP_VIEW,11.0,11.0,True
EXP-EMBED-C1-FUSED-XAI-EQUIV-001,B10:125,15,7.4813875626394495,7.48138742639,1.3624944905643588e-07,DERIVED_SENSOR_GROUP_VIEW,5.0,5.0,True
EXP-EMBED-C1-FUSED-XAI-EQUIV-001,B10:125,16,7.07197719430503,7.071977521999999,3.276949689379194e-07,DERIVED_SENSOR_GROUP_VIEW,6.0,6.0,True
EXP-EMBED-C1-FUSED-XAI-EQUIV-001,B10:840,1,0.2996061576723365,0.29960613309,2.45823364997122e-08,DERIVED_SENSOR_GROUP_VIEW,14.0,14.0,True
EXP-EMBED-C1-FUSED-XAI-EQUIV-001,B10:840,2,0.7522344104900083,0.7522344227,1.2209991684386523e-08,DERIVED_SENSOR_GROUP_VIEW,9.0,9.0,True
EXP-EMBED-C1-FUSED-XAI-EQUIV-001,B10:840,3,0.7590223594787924,0.75902235524,4.238792428168381e-09,DERIVED_SENSOR_GROUP_VIEW,8.0,8.0,True
EXP-EMBED-C1-FUSED-XAI-EQUIV-001,B10:840,4,1.5866320156284903,1.58663205625,4.062150971151368e-08,DERIVED_SENSOR_GROUP_VIEW,1.0,1.0,True
EXP-EMBED-C1-FUSED-XAI-EQUIV-001,B10:840,5,-0.8038759578189301,-0.80387592118,3.6638930112076196e-08,DERIVED_SENSOR_GROUP_VIEW,7.0,7.0,True
EXP-EMBED-C1-FUSED-XAI-EQUIV-001,B10:840,6,-0.3036144879131777,-0.303614409,7.891317771457906e-08,DERIVED_SENSOR_GROUP_VIEW,13.0,13.0,True
EXP-EMBED-C1-FUSED-XAI-EQUIV-001,B10:840,7,-0.9760753226623333,-0.97607534646,2.3797666726110833e-08,DERIVED_SENSOR_GROUP_VIEW,6.0,6.0,True
EXP-EMBED-C1-FUSED-XAI-EQUIV-001,B10:840,8,-0.6222125549593304,-0.62221255613,1.1706696723123855e-09,DERIVED_SENSOR_GROUP_VIEW,11.0,11.0,True
EXP-EMBED-C1-FUSED-XAI-EQUIV-001,B10:840,9,1.2701270702975271,1.270127095,2.470247295605077e-08,DERIVED_SENSOR_GROUP_VIEW,2.0,2.0,True
EXP-EMBED-C1-FUSED-XAI-EQUIV-001,B10:840,10,0.66722277861489,0.66722275765,2.0964889935193298e-08,DERIVED_SENSOR_GROUP_VIEW,10.0,10.0,True
EXP-EMBED-C1-FUSED-XAI-EQUIV-001,B10:840,11,1.2337364553480858,1.23373644692,8.428085784828454e-09,DERIVED_SENSOR_GROUP_VIEW,4.0,4.0,True
EXP-EMBED-C1-FUSED-XAI-EQUIV-001,B10:840,12,1.145430586217074,1.1454305312900002,5.4927073778188173e-08,DERIVED_SENSOR_GROUP_VIEW,5.0,5.0,True
EXP-EMBED-C1-FUSED-XAI-EQUIV-001,B10:840,13,0.2841951802930197,0.28419514094999987,3.9343019841986404e-08,DERIVED_SENSOR_GROUP_VIEW,15.0,15.0,True
EXP-EMBED-C1-FUSED-XAI-EQUIV-001,B10:840,14,-1.2672398978965873,-1.2672400557999999,1.5790341256760598e-07,DERIVED_SENSOR_GROUP_VIEW,3.0,3.0,True
EXP-EMBED-C1-FUSED-XAI-EQUIV-001,B10:840,15,-0.022901339384462427,-0.02290133551000001,3.874462417563507e-09,DERIVED_SENSOR_GROUP_VIEW,16.0,16.0,True
EXP-EMBED-C1-FUSED-XAI-EQUIV-001,B10:840,16,-0.3282140477715323,-0.32821402075999995,2.701153234418996e-08,DERIVED_SENSOR_GROUP_VIEW,12.0,12.0,True
EXP-EMBED-C1-FUSED-XAI-EQUIV-001,B10:842,1,0.36978525367163445,0.36978525767,3.9983655275577235e-09,DERIVED_SENSOR_GROUP_VIEW,11.0,11.0,True
EXP-EMBED-C1-FUSED-XAI-EQUIV-001,B10:842,2,0.42121222978508854,0.42121224583,1.604491145501541e-08,DERIVED_SENSOR_GROUP_VIEW,10.0,10.0,True
EXP-EMBED-C1-FUSED-XAI-EQUIV-001,B10:842,3,-0.038921806831034036,-0.038921807111799996,2.8076595909309887e-10,DERIVED_SENSOR_GROUP_VIEW,16.0,16.0,True
EXP-EMBED-C1-FUSED-XAI-EQUIV-001,B10:842,4,-0.2254386516854445,-0.225438657937,6.251555495495609e-09,DERIVED_SENSOR_GROUP_VIEW,12.0,12.0,True
EXP-EMBED-C1-FUSED-XAI-EQUIV-001,B10:842,5,-0.2217264809586852,-0.2217265341000001,5.314131490408158e-08,DERIVED_SENSOR_GROUP_VIEW,13.0,13.0,True
EXP-EMBED-C1-FUSED-XAI-EQUIV-001,B10:842,6,1.3112391799181182,1.31123922067,4.0751881869027784e-08,DERIVED_SENSOR_GROUP_VIEW,3.0,3.0,True
EXP-EMBED-C1-FUSED-XAI-EQUIV-001,B10:842,7,0.9130446569751716,0.9130446869,2.992482839303534e-08,DERIVED_SENSOR_GROUP_VIEW,5.0,5.0,True
EXP-EMBED-C1-FUSED-XAI-EQUIV-001,B10:842,8,0.7080524683139211,0.70805251588,4.756607885347819e-08,DERIVED_SENSOR_GROUP_VIEW,6.0,6.0,True
EXP-EMBED-C1-FUSED-XAI-EQUIV-001,B10:842,9,-0.9362937749202536,-0.9362937284200001,4.650025342556319e-08,DERIVED_SENSOR_GROUP_VIEW,4.0,4.0,True
EXP-EMBED-C1-FUSED-XAI-EQUIV-001,B10:842,10,-0.5895045370393163,-0.589504497371,3.96683162984246e-08,DERIVED_SENSOR_GROUP_VIEW,8.0,8.0,True
EXP-EMBED-C1-FUSED-XAI-EQUIV-001,B10:842,11,-0.1919662497982504,-0.19196622791229997,2.1885950413080835e-08,DERIVED_SENSOR_GROUP_VIEW,14.0,14.0,True
EXP-EMBED-C1-FUSED-XAI-EQUIV-001,B10:842,12,-0.17845711619514532,-0.17845713850999997,2.231485465853389e-08,DERIVED_SENSOR_GROUP_VIEW,15.0,15.0,True
EXP-EMBED-C1-FUSED-XAI-EQUIV-001,B10:842,13,4.201370366854513,4.201370262299999,1.0455451349145051e-07,DERIVED_SENSOR_GROUP_VIEW,1.0,1.0,True
EXP-EMBED-C1-FUSED-XAI-EQUIV-001,B10:842,14,2.883692829615197,2.8836927112,1.1841519675925838e-07,DERIVED_SENSOR_GROUP_VIEW,2.0,2.0,True
EXP-EMBED-C1-FUSED-XAI-EQUIV-001,B10:842,15,0.45074745091836876,0.4507474681,1.7181631228879723e-08,DERIVED_SENSOR_GROUP_VIEW,9.0,9.0,True
EXP-EMBED-C1-FUSED-XAI-EQUIV-001,B10:842,16,0.6927541725360931,0.69275420277,3.023390693357442e-08,DERIVED_SENSOR_GROUP_VIEW,7.0,7.0,True
EXP-EMBED-C1-FUSED-XAI-EQUIV-001,B10:1514,1,-0.2634774619911926,-0.2634774781000001,1.6108807510128997e-08,DERIVED_SENSOR_GROUP_VIEW,16.0,16.0,True
EXP-EMBED-C1-FUSED-XAI-EQUIV-001,B10:1514,2,-0.31467325031854676,-0.3146732703,1.998145321424616e-08,DERIVED_SENSOR_GROUP_VIEW,15.0,15.0,True
EXP-EMBED-C1-FUSED-XAI-EQUIV-001,B10:1514,3,2.0190522414192724,2.0190523049999998,6.3580727349688e-08,DERIVED_SENSOR_GROUP_VIEW,2.0,2.0,True
EXP-EMBED-C1-FUSED-XAI-EQUIV-001,B10:1514,4,1.7687933075024733,1.7687933122,4.697526589936274e-09,DERIVED_SENSOR_GROUP_VIEW,3.0,3.0,True
EXP-EMBED-C1-FUSED-XAI-EQUIV-001,B10:1514,5,1.025939049354616,1.0259390361,1.3254616071378678e-08,DERIVED_SENSOR_GROUP_VIEW,8.0,8.0,True
EXP-EMBED-C1-FUSED-XAI-EQUIV-001,B10:1514,6,0.6144743445328633,0.614474370131,2.5598136721427522e-08,DERIVED_SENSOR_GROUP_VIEW,13.0,13.0,True
EXP-EMBED-C1-FUSED-XAI-EQUIV-001,B10:1514,7,1.4649667917392155,1.4649668002,8.460784517438924e-09,DERIVED_SENSOR_GROUP_VIEW,7.0,7.0,True
EXP-EMBED-C1-FUSED-XAI-EQUIV-001,B10:1514,8,1.5959144059002646,1.5959143666700002,3.9230264370360146e-08,DERIVED_SENSOR_GROUP_VIEW,4.0,4.0,True
EXP-EMBED-C1-FUSED-XAI-EQUIV-001,B10:1514,9,-1.583118789414533,-1.58311890498,1.1556546697377712e-07,DERIVED_SENSOR_GROUP_VIEW,5.0,5.0,True
EXP-EMBED-C1-FUSED-XAI-EQUIV-001,B10:1514,10,-0.9948222077940008,-0.99482216213,4.5664000802858595e-08,DERIVED_SENSOR_GROUP_VIEW,9.0,9.0,True
EXP-EMBED-C1-FUSED-XAI-EQUIV-001,B10:1514,11,2.0991858400832775,2.0991857856,5.448327744517201e-08,DERIVED_SENSOR_GROUP_VIEW,1.0,1.0,True
EXP-EMBED-C1-FUSED-XAI-EQUIV-001,B10:1514,12,0.3280529027883696,0.32805290402,1.231630353260016e-09,DERIVED_SENSOR_GROUP_VIEW,14.0,14.0,True
EXP-EMBED-C1-FUSED-XAI-EQUIV-001,B10:1514,13,0.718167907887122,0.7181679045,3.387122027298517e-09,DERIVED_SENSOR_GROUP_VIEW,11.0,11.0,True
EXP-EMBED-C1-FUSED-XAI-EQUIV-001,B10:1514,14,0.6366524647900662,0.63665245682,7.97006616259921e-09,DERIVED_SENSOR_GROUP_VIEW,12.0,12.0,True
EXP-EMBED-C1-FUSED-XAI-EQUIV-001,B10:1514,15,1.5721822589944585,1.5721822606,1.6055414775451027e-09,DERIVED_SENSOR_GROUP_VIEW,6.0,6.0,True
EXP-EMBED-C1-FUSED-XAI-EQUIV-001,B10:1514,16,0.8039900342704355,0.8039900404,6.129564522616704e-09,DERIVED_SENSOR_GROUP_VIEW,10.0,10.0,True
EXP-EMBED-C1-FUSED-XAI-EQUIV-001,B10:1516,1,-0.04047359930063915,-0.04047360489999999,5.5993608361060154e-09,DERIVED_SENSOR_GROUP_VIEW,16.0,16.0,True
EXP-EMBED-C1-FUSED-XAI-EQUIV-001,B10:1516,2,0.2679411751820389,0.2679411303599999,4.482203902478332e-08,DERIVED_SENSOR_GROUP_VIEW,15.0,15.0,True
EXP-EMBED-C1-FUSED-XAI-EQUIV-001,B10:1516,3,1.884373070647177,1.8843730462,2.4447177171538215e-08,DERIVED_SENSOR_GROUP_VIEW,2.0,2.0,True
EXP-EMBED-C1-FUSED-XAI-EQUIV-001,B10:1516,4,1.6506469140205546,1.6506469336,1.9579445398321127e-08,DERIVED_SENSOR_GROUP_VIEW,3.0,3.0,True
EXP-EMBED-C1-FUSED-XAI-EQUIV-001,B10:1516,5,0.8294569204578861,0.82945688973,3.072788612445976e-08,DERIVED_SENSOR_GROUP_VIEW,9.0,9.0,True
EXP-EMBED-C1-FUSED-XAI-EQUIV-001,B10:1516,6,0.6015625423725743,0.6015625700269,2.765432560725145e-08,DERIVED_SENSOR_GROUP_VIEW,12.0,12.0,True
EXP-EMBED-C1-FUSED-XAI-EQUIV-001,B10:1516,7,1.3039932445612838,1.30399326,1.5438716083338022e-08,DERIVED_SENSOR_GROUP_VIEW,6.0,6.0,True
EXP-EMBED-C1-FUSED-XAI-EQUIV-001,B10:1516,8,1.4045053780780976,1.40450537967,1.5919023876875826e-09,DERIVED_SENSOR_GROUP_VIEW,4.0,4.0,True
EXP-EMBED-C1-FUSED-XAI-EQUIV-001,B10:1516,9,-0.9283318961196424,-0.9283319527,5.658035762134972e-08,DERIVED_SENSOR_GROUP_VIEW,7.0,7.0,True
EXP-EMBED-C1-FUSED-XAI-EQUIV-001,B10:1516,10,-0.6432768327442162,-0.64327680813,2.4614216220797402e-08,DERIVED_SENSOR_GROUP_VIEW,11.0,11.0,True
EXP-EMBED-C1-FUSED-XAI-EQUIV-001,B10:1516,11,1.9441653859623758,1.944165356,2.9962375691638954e-08,DERIVED_SENSOR_GROUP_VIEW,1.0,1.0,True
EXP-EMBED-C1-FUSED-XAI-EQUIV-001,B10:1516,12,0.2848874388189696,0.28488743485,3.968969597423211e-09,DERIVED_SENSOR_GROUP_VIEW,14.0,14.0,True
EXP-EMBED-C1-FUSED-XAI-EQUIV-001,B10:1516,13,0.8795913525432292,0.8795913331999999,1.9343229240575965e-08,DERIVED_SENSOR_GROUP_VIEW,8.0,8.0,True
EXP-EMBED-C1-FUSED-XAI-EQUIV-001,B10:1516,14,0.5659512190779258,0.5659512167299999,2.347925853740662e-09,DERIVED_SENSOR_GROUP_VIEW,13.0,13.0,True
EXP-EMBED-C1-FUSED-XAI-EQUIV-001,B10:1516,15,1.3948685819879663,1.3948686462,6.421203369022521e-08,DERIVED_SENSOR_GROUP_VIEW,5.0,5.0,True
EXP-EMBED-C1-FUSED-XAI-EQUIV-001,B10:1516,16,0.7237398245576296,0.7237398053999999,1.91576297048357e-08,DERIVED_SENSOR_GROUP_VIEW,10.0,10.0,True
EXP-EMBED-C1-FUSED-XAI-EQUIV-001,B10:1655,1,1.2748745376233552,1.27487452328,1.4343355170254313e-08,DERIVED_SENSOR_GROUP_VIEW,7.0,7.0,True
EXP-EMBED-C1-FUSED-XAI-EQUIV-001,B10:1655,2,3.479481706134224,3.4794817919000005,8.576577670282859e-08,DERIVED_SENSOR_GROUP_VIEW,1.0,1.0,True
EXP-EMBED-C1-FUSED-XAI-EQUIV-001,B10:1655,3,-0.1338709903057308,-0.1338709936,3.2942691907678068e-09,DERIVED_SENSOR_GROUP_VIEW,13.0,13.0,True
EXP-EMBED-C1-FUSED-XAI-EQUIV-001,B10:1655,4,0.0998203584721748,0.09982036405999997,5.58782517479095e-09,DERIVED_SENSOR_GROUP_VIEW,15.0,15.0,True
EXP-EMBED-C1-FUSED-XAI-EQUIV-001,B10:1655,5,-1.3486751837266326,-1.348675167,1.672663274554509e-08,DERIVED_SENSOR_GROUP_VIEW,5.0,5.0,True
EXP-EMBED-C1-FUSED-XAI-EQUIV-001,B10:1655,6,-0.2852615699727524,-0.28526151180000003,5.8172752392948723e-08,DERIVED_SENSOR_GROUP_VIEW,11.0,11.0,True
EXP-EMBED-C1-FUSED-XAI-EQUIV-001,B10:1655,7,-0.06569559775204069,-0.06569556069999997,3.705204071335899e-08,DERIVED_SENSOR_GROUP_VIEW,16.0,16.0,True
EXP-EMBED-C1-FUSED-XAI-EQUIV-001,B10:1655,8,-0.1862109443946823,-0.18621093544,8.954682301220984e-09,DERIVED_SENSOR_GROUP_VIEW,12.0,12.0,True
EXP-EMBED-C1-FUSED-XAI-EQUIV-001,B10:1655,9,2.6497167069027565,2.64971679153,8.46272434351647e-08,DERIVED_SENSOR_GROUP_VIEW,2.0,2.0,True
EXP-EMBED-C1-FUSED-XAI-EQUIV-001,B10:1655,10,1.6627142265473105,1.6627143356199998,1.0907268932491831e-07,DERIVED_SENSOR_GROUP_VIEW,4.0,4.0,True
EXP-EMBED-C1-FUSED-XAI-EQUIV-001,B10:1655,11,-0.3909509642415665,-0.39095095875999997,5.481566534015769e-09,DERIVED_SENSOR_GROUP_VIEW,10.0,10.0,True
EXP-EMBED-C1-FUSED-XAI-EQUIV-001,B10:1655,12,-0.4500997493199357,-0.4500997653599999,1.6040064221289896e-08,DERIVED_SENSOR_GROUP_VIEW,9.0,9.0,True
EXP-EMBED-C1-FUSED-XAI-EQUIV-001,B10:1655,13,-1.691221913948354,-1.6912219628000003,4.885164628376515e-08,DERIVED_SENSOR_GROUP_VIEW,3.0,3.0,True
EXP-EMBED-C1-FUSED-XAI-EQUIV-001,B10:1655,14,1.276642654837556,1.2766426805999997,2.5762443733867713e-08,DERIVED_SENSOR_GROUP_VIEW,6.0,6.0,True
EXP-EMBED-C1-FUSED-XAI-EQUIV-001,B10:1655,15,0.1332968216608535,0.1332968512,2.9539146517709725e-08,DERIVED_SENSOR_GROUP_VIEW,14.0,14.0,True
EXP-EMBED-C1-FUSED-XAI-EQUIV-001,B10:1655,16,-0.5748014776920797,-0.5748014837,6.0079202723883895e-09,DERIVED_SENSOR_GROUP_VIEW,8.0,8.0,True
EXP-EMBED-C1-FUSED-XAI-EQUIV-001,B10:1663,1,0.10916297037228256,0.10916294630299997,2.406928259479635e-08,DERIVED_SENSOR_GROUP_VIEW,9.0,9.0,True
EXP-EMBED-C1-FUSED-XAI-EQUIV-001,B10:1663,2,1.042985632467661,1.042985619307,1.316066100542912e-08,DERIVED_SENSOR_GROUP_VIEW,3.0,3.0,True
EXP-EMBED-C1-FUSED-XAI-EQUIV-001,B10:1663,3,0.011509624933103396,0.011509640100000003,1.5166896606688685e-08,DERIVED_SENSOR_GROUP_VIEW,15.0,15.0,True
EXP-EMBED-C1-FUSED-XAI-EQUIV-001,B10:1663,4,0.1178059976880281,0.11780600348,5.791971902091575e-09,DERIVED_SENSOR_GROUP_VIEW,8.0,8.0,True
EXP-EMBED-C1-FUSED-XAI-EQUIV-001,B10:1663,5,-0.5217344919007789,-0.52173449181,9.07789399207104e-11,DERIVED_SENSOR_GROUP_VIEW,5.0,5.0,True
EXP-EMBED-C1-FUSED-XAI-EQUIV-001,B10:1663,6,0.0999192430943299,0.09991924529999999,2.205670091015577e-09,DERIVED_SENSOR_GROUP_VIEW,11.0,11.0,True
EXP-EMBED-C1-FUSED-XAI-EQUIV-001,B10:1663,7,0.1042310012565114,0.104231012233,1.097648860692857e-08,DERIVED_SENSOR_GROUP_VIEW,10.0,10.0,True
EXP-EMBED-C1-FUSED-XAI-EQUIV-001,B10:1663,8,0.08462026387788102,0.08462024669229999,1.718558102770107e-08,DERIVED_SENSOR_GROUP_VIEW,12.0,12.0,True
EXP-EMBED-C1-FUSED-XAI-EQUIV-001,B10:1663,9,1.0728841492577044,1.07288416665,1.7392295603713137e-08,DERIVED_SENSOR_GROUP_VIEW,2.0,2.0,True
EXP-EMBED-C1-FUSED-XAI-EQUIV-001,B10:1663,10,0.39523548194849956,0.39523552331,4.136150044686815e-08,DERIVED_SENSOR_GROUP_VIEW,6.0,6.0,True
EXP-EMBED-C1-FUSED-XAI-EQUIV-001,B10:1663,11,-0.03378816557944632,-0.03378817748000001,1.1900553688326543e-08,DERIVED_SENSOR_GROUP_VIEW,14.0,14.0,True
EXP-EMBED-C1-FUSED-XAI-EQUIV-001,B10:1663,12,-0.043192052563097105,-0.043192062594000005,1.0030902899971217e-08,DERIVED_SENSOR_GROUP_VIEW,13.0,13.0,True
EXP-EMBED-C1-FUSED-XAI-EQUIV-001,B10:1663,13,-0.7146962153607214,-0.7146963061039999,9.074327855795872e-08,DERIVED_SENSOR_GROUP_VIEW,4.0,4.0,True
EXP-EMBED-C1-FUSED-XAI-EQUIV-001,B10:1663,14,1.2273223399341686,1.2273224821400002,1.4220583155477584e-07,DERIVED_SENSOR_GROUP_VIEW,1.0,1.0,True
EXP-EMBED-C1-FUSED-XAI-EQUIV-001,B10:1663,15,0.1558100181688355,0.155810018071,9.783548970965228e-11,DERIVED_SENSOR_GROUP_VIEW,7.0,7.0,True
EXP-EMBED-C1-FUSED-XAI-EQUIV-001,B10:1663,16,-0.00018350131954239512,-0.00018349042999998844,1.0889542406689046e-08,DERIVED_SENSOR_GROUP_VIEW,16.0,16.0,True
EXP-EMBED-C1-FUSED-XAI-EQUIV-001,B10:2287,1,1.2369391230239437,1.2369391324,9.376056375742792e-09,DERIVED_SENSOR_GROUP_VIEW,4.0,4.0,True
EXP-EMBED-C1-FUSED-XAI-EQUIV-001,B10:2287,2,1.4086068611080211,1.4086068571,4.008021026180586e-09,DERIVED_SENSOR_GROUP_VIEW,3.0,3.0,True
EXP-EMBED-C1-FUSED-XAI-EQUIV-001,B10:2287,3,-0.04682422934490921,-0.04682423889999998,9.55509077416039e-09,DERIVED_SENSOR_GROUP_VIEW,16.0,16.0,True
EXP-EMBED-C1-FUSED-XAI-EQUIV-001,B10:2287,4,-0.4931093659160163,-0.4931094087,4.278398368917635e-08,DERIVED_SENSOR_GROUP_VIEW,9.0,9.0,True
EXP-EMBED-C1-FUSED-XAI-EQUIV-001,B10:2287,5,-0.2891101956252249,-0.2891101360699999,5.9555224973806276e-08,DERIVED_SENSOR_GROUP_VIEW,13.0,13.0,True
EXP-EMBED-C1-FUSED-XAI-EQUIV-001,B10:2287,6,-0.7606875036267629,-0.7606874474,5.6226762801259156e-08,DERIVED_SENSOR_GROUP_VIEW,7.0,7.0,True
EXP-EMBED-C1-FUSED-XAI-EQUIV-001,B10:2287,7,0.8446522537026998,0.844652274566,2.08633001985703e-08,DERIVED_SENSOR_GROUP_VIEW,6.0,6.0,True
EXP-EMBED-C1-FUSED-XAI-EQUIV-001,B10:2287,8,0.48305550233889166,0.48305548563,1.6708891659167335e-08,DERIVED_SENSOR_GROUP_VIEW,10.0,10.0,True
EXP-EMBED-C1-FUSED-XAI-EQUIV-001,B10:2287,9,1.4565336145488317,1.4565336628,4.825116839413113e-08,DERIVED_SENSOR_GROUP_VIEW,1.0,1.0,True
EXP-EMBED-C1-FUSED-XAI-EQUIV-001,B10:2287,10,1.4400807222427596,1.4400807015,2.0742759732073068e-08,DERIVED_SENSOR_GROUP_VIEW,2.0,2.0,True
EXP-EMBED-C1-FUSED-XAI-EQUIV-001,B10:2287,11,-0.5254285793256955,-0.5254285817,2.3743044197388485e-09,DERIVED_SENSOR_GROUP_VIEW,8.0,8.0,True
EXP-EMBED-C1-FUSED-XAI-EQUIV-001,B10:2287,12,-1.0293882150019928,-1.02938822658,1.1578007219625874e-08,DERIVED_SENSOR_GROUP_VIEW,5.0,5.0,True
EXP-EMBED-C1-FUSED-XAI-EQUIV-001,B10:2287,13,-0.42884986970603384,-0.42884989997,3.026396616645499e-08,DERIVED_SENSOR_GROUP_VIEW,11.0,11.0,True
EXP-EMBED-C1-FUSED-XAI-EQUIV-001,B10:2287,14,-0.21222968155259528,-0.21222962963799996,5.1914595317059664e-08,DERIVED_SENSOR_GROUP_VIEW,15.0,15.0,True
EXP-EMBED-C1-FUSED-XAI-EQUIV-001,B10:2287,15,0.25810718702187935,0.2581071605326,2.6489279325581094e-08,DERIVED_SENSOR_GROUP_VIEW,14.0,14.0,True
EXP-EMBED-C1-FUSED-XAI-EQUIV-001,B10:2287,16,0.34601427762733455,0.34601423609999993,4.152733462658986e-08,DERIVED_SENSOR_GROUP_VIEW,12.0,12.0,True
EXP-EMBED-C1-FUSED-XAI-EQUIV-001,B10:2363,1,1.2017782123454523,1.2017782029,9.445452420209222e-09,DERIVED_SENSOR_GROUP_VIEW,5.0,5.0,True
EXP-EMBED-C1-FUSED-XAI-EQUIV-001,B10:2363,2,1.3075861148251307,1.3075861403,2.5474869325137206e-08,DERIVED_SENSOR_GROUP_VIEW,4.0,4.0,True
EXP-EMBED-C1-FUSED-XAI-EQUIV-001,B10:2363,3,0.3169862222366855,0.316986245,2.276331451112057e-08,DERIVED_SENSOR_GROUP_VIEW,11.0,11.0,True
EXP-EMBED-C1-FUSED-XAI-EQUIV-001,B10:2363,4,1.0920078288844683,1.09200794846,1.1957553169850144e-07,DERIVED_SENSOR_GROUP_VIEW,6.0,6.0,True
EXP-EMBED-C1-FUSED-XAI-EQUIV-001,B10:2363,5,2.3650386704154034,2.365038619,5.141540349029583e-08,DERIVED_SENSOR_GROUP_VIEW,1.0,1.0,True
EXP-EMBED-C1-FUSED-XAI-EQUIV-001,B10:2363,6,0.7657172617879057,0.7657173352,7.341209429245765e-08,DERIVED_SENSOR_GROUP_VIEW,7.0,7.0,True
EXP-EMBED-C1-FUSED-XAI-EQUIV-001,B10:2363,7,-0.022788793564610513,-0.02278880769000001,1.4125389496966179e-08,DERIVED_SENSOR_GROUP_VIEW,16.0,16.0,True
EXP-EMBED-C1-FUSED-XAI-EQUIV-001,B10:2363,8,0.1308374810351741,0.1308374777252,3.3099741003628225e-09,DERIVED_SENSOR_GROUP_VIEW,13.0,13.0,True
EXP-EMBED-C1-FUSED-XAI-EQUIV-001,B10:2363,9,1.4498683445095641,1.4498684264000001,8.18904359878303e-08,DERIVED_SENSOR_GROUP_VIEW,2.0,2.0,True
EXP-EMBED-C1-FUSED-XAI-EQUIV-001,B10:2363,10,1.430454189679343,1.4304542014,1.1720656889480097e-08,DERIVED_SENSOR_GROUP_VIEW,3.0,3.0,True
EXP-EMBED-C1-FUSED-XAI-EQUIV-001,B10:2363,11,0.048899175800314304,0.04889915097,2.4830314304669088e-08,DERIVED_SENSOR_GROUP_VIEW,15.0,15.0,True
EXP-EMBED-C1-FUSED-XAI-EQUIV-001,B10:2363,12,0.43797179926415764,0.437971834981,3.571684237257955e-08,DERIVED_SENSOR_GROUP_VIEW,10.0,10.0,True
EXP-EMBED-C1-FUSED-XAI-EQUIV-001,B10:2363,13,0.6995376671942306,0.6995375993,6.7894230570964e-08,DERIVED_SENSOR_GROUP_VIEW,8.0,8.0,True
EXP-EMBED-C1-FUSED-XAI-EQUIV-001,B10:2363,14,0.5706614501616495,0.570661514,6.383835049472708e-08,DERIVED_SENSOR_GROUP_VIEW,9.0,9.0,True
EXP-EMBED-C1-FUSED-XAI-EQUIV-001,B10:2363,15,0.20135819443278494,0.201358182499,1.193378493247188e-08,DERIVED_SENSOR_GROUP_VIEW,12.0,12.0,True
EXP-EMBED-C1-FUSED-XAI-EQUIV-001,B10:2363,16,0.1041948271330075,0.10419482688899999,2.440075086429516e-10,DERIVED_SENSOR_GROUP_VIEW,14.0,14.0,True
EXP-EMBED-C1-FUSED-XAI-EQUIV-001,B10:2847,1,1.14450474303412,1.1445047212000001,2.183411984546524e-08,DERIVED_SENSOR_GROUP_VIEW,9.0,9.0,True
EXP-EMBED-C1-FUSED-XAI-EQUIV-001,B10:2847,2,1.1252934050847394,1.1252934197,1.4615260557349075e-08,DERIVED_SENSOR_GROUP_VIEW,10.0,10.0,True
EXP-EMBED-C1-FUSED-XAI-EQUIV-001,B10:2847,3,0.5160731319612079,0.5160731753,4.333879211060321e-08,DERIVED_SENSOR_GROUP_VIEW,12.0,12.0,True
EXP-EMBED-C1-FUSED-XAI-EQUIV-001,B10:2847,4,2.1889947842489765,2.1889949055,1.2125102344384686e-07,DERIVED_SENSOR_GROUP_VIEW,4.0,4.0,True
EXP-EMBED-C1-FUSED-XAI-EQUIV-001,B10:2847,5,4.7181153641371,4.7181154450000005,8.086290037567778e-08,DERIVED_SENSOR_GROUP_VIEW,1.0,1.0,True
EXP-EMBED-C1-FUSED-XAI-EQUIV-001,B10:2847,6,2.282270975068323,2.282270917,5.806832303889564e-08,DERIVED_SENSOR_GROUP_VIEW,2.0,2.0,True
EXP-EMBED-C1-FUSED-XAI-EQUIV-001,B10:2847,7,-1.0647227759431939,-1.0647227991200001,2.317680625196772e-08,DERIVED_SENSOR_GROUP_VIEW,11.0,11.0,True
EXP-EMBED-C1-FUSED-XAI-EQUIV-001,B10:2847,8,-0.377682898486487,-0.3776828807,1.7786487005455598e-08,DERIVED_SENSOR_GROUP_VIEW,14.0,14.0,True
EXP-EMBED-C1-FUSED-XAI-EQUIV-001,B10:2847,9,1.4131243582165118,1.4131244006,4.2383488274566616e-08,DERIVED_SENSOR_GROUP_VIEW,8.0,8.0,True
EXP-EMBED-C1-FUSED-XAI-EQUIV-001,B10:2847,10,1.4244632513084998,1.4244632417,9.608499773605672e-09,DERIVED_SENSOR_GROUP_VIEW,7.0,7.0,True
EXP-EMBED-C1-FUSED-XAI-EQUIV-001,B10:2847,11,0.4323029796896448,0.4323029609,1.878964484003376e-08,DERIVED_SENSOR_GROUP_VIEW,13.0,13.0,True
EXP-EMBED-C1-FUSED-XAI-EQUIV-001,B10:2847,12,1.580851821623403,1.58085173077,9.085340302306122e-08,DERIVED_SENSOR_GROUP_VIEW,6.0,6.0,True
EXP-EMBED-C1-FUSED-XAI-EQUIV-001,B10:2847,13,2.191197321537902,2.1911973389000003,1.7362098425621753e-08,DERIVED_SENSOR_GROUP_VIEW,3.0,3.0,True
EXP-EMBED-C1-FUSED-XAI-EQUIV-001,B10:2847,14,2.0815074638952207,2.081507624,1.601047792121335e-07,DERIVED_SENSOR_GROUP_VIEW,5.0,5.0,True
EXP-EMBED-C1-FUSED-XAI-EQUIV-001,B10:2847,15,0.0002619394718880036,0.000261887623000015,5.184888798859255e-08,DERIVED_SENSOR_GROUP_VIEW,16.0,16.0,True
EXP-EMBED-C1-FUSED-XAI-EQUIV-001,B10:2847,16,-0.2697595261372985,-0.26975958001,5.387270152201751e-08,DERIVED_SENSOR_GROUP_VIEW,15.0,15.0,True
EXP-EMBED-C1-FUSED-XAI-EQUIV-001,B10:2927,1,0.31737914241909293,0.3173791272,1.521909293034085e-08,DERIVED_SENSOR_GROUP_VIEW,15.0,15.0,True
EXP-EMBED-C1-FUSED-XAI-EQUIV-001,B10:2927,2,0.7166781644226996,0.716678197633,3.321030039860062e-08,DERIVED_SENSOR_GROUP_VIEW,11.0,11.0,True
EXP-EMBED-C1-FUSED-XAI-EQUIV-001,B10:2927,3,-0.9622651487498723,-0.96226511513,3.361987233052588e-08,DERIVED_SENSOR_GROUP_VIEW,9.0,9.0,True
EXP-EMBED-C1-FUSED-XAI-EQUIV-001,B10:2927,4,-2.4913891669454276,-2.4913892823,1.15354572560733e-07,DERIVED_SENSOR_GROUP_VIEW,3.0,3.0,True
EXP-EMBED-C1-FUSED-XAI-EQUIV-001,B10:2927,5,0.17926253279236803,0.17926242319999997,1.0959236806939998e-07,DERIVED_SENSOR_GROUP_VIEW,16.0,16.0,True
EXP-EMBED-C1-FUSED-XAI-EQUIV-001,B10:2927,6,2.2401414649875826,2.2401414511,1.388758263942691e-08,DERIVED_SENSOR_GROUP_VIEW,4.0,4.0,True
EXP-EMBED-C1-FUSED-XAI-EQUIV-001,B10:2927,7,1.9477328192053411,1.9477329325000001,1.1329465898768376e-07,DERIVED_SENSOR_GROUP_VIEW,5.0,5.0,True
EXP-EMBED-C1-FUSED-XAI-EQUIV-001,B10:2927,8,1.6268690848083978,1.6268691183,3.34916021582643e-08,DERIVED_SENSOR_GROUP_VIEW,6.0,6.0,True
EXP-EMBED-C1-FUSED-XAI-EQUIV-001,B10:2927,9,1.3042314844275054,1.3042314730000002,1.1427505164363083e-08,DERIVED_SENSOR_GROUP_VIEW,7.0,7.0,True
EXP-EMBED-C1-FUSED-XAI-EQUIV-001,B10:2927,10,0.6629189088082555,0.66291889734,1.1468255567415042e-08,DERIVED_SENSOR_GROUP_VIEW,12.0,12.0,True
EXP-EMBED-C1-FUSED-XAI-EQUIV-001,B10:2927,11,-0.8018293537015929,-0.80182932067,3.3031592905352625e-08,DERIVED_SENSOR_GROUP_VIEW,10.0,10.0,True
EXP-EMBED-C1-FUSED-XAI-EQUIV-001,B10:2927,12,-1.1607590237783385,-1.1607591340999999,1.1032166136182298e-07,DERIVED_SENSOR_GROUP_VIEW,8.0,8.0,True
EXP-EMBED-C1-FUSED-XAI-EQUIV-001,B10:2927,13,6.1521489386233394,6.152148659,2.796233395940817e-07,DERIVED_SENSOR_GROUP_VIEW,2.0,2.0,True
EXP-EMBED-C1-FUSED-XAI-EQUIV-001,B10:2927,14,7.181233322862646,7.18123353,2.071373543799382e-07,DERIVED_SENSOR_GROUP_VIEW,1.0,1.0,True
EXP-EMBED-C1-FUSED-XAI-EQUIV-001,B10:2927,15,0.5073785100747596,0.5073785354699999,2.5395240244030504e-08,DERIVED_SENSOR_GROUP_VIEW,14.0,14.0,True
EXP-EMBED-C1-FUSED-XAI-EQUIV-001,B10:2927,16,0.6509220157079846,0.65092205741,4.1702015396438696e-08,DERIVED_SENSOR_GROUP_VIEW,13.0,13.0,True
EXP-EMBED-C1-FUSED-XAI-EQUIV-001,B10:2981,1,0.3220732752925038,0.32207325381,2.1482503775871464e-08,DERIVED_SENSOR_GROUP_VIEW,15.0,15.0,True
EXP-EMBED-C1-FUSED-XAI-EQUIV-001,B10:2981,2,0.7528381065761844,0.7528381149000001,8.323815636757104e-09,DERIVED_SENSOR_GROUP_VIEW,10.0,10.0,True
EXP-EMBED-C1-FUSED-XAI-EQUIV-001,B10:2981,3,-0.7744487643252085,-0.774448813481,4.91557915482943e-08,DERIVED_SENSOR_GROUP_VIEW,9.0,9.0,True
EXP-EMBED-C1-FUSED-XAI-EQUIV-001,B10:2981,4,-2.1199779772991354,-2.1199780125,3.520086444552817e-08,DERIVED_SENSOR_GROUP_VIEW,3.0,3.0,True
EXP-EMBED-C1-FUSED-XAI-EQUIV-001,B10:2981,5,0.09562892046747051,0.09562886849999996,5.196747054903028e-08,DERIVED_SENSOR_GROUP_VIEW,16.0,16.0,True
EXP-EMBED-C1-FUSED-XAI-EQUIV-001,B10:2981,6,2.0480311555505595,2.0480310907,6.485055958904695e-08,DERIVED_SENSOR_GROUP_VIEW,4.0,4.0,True
EXP-EMBED-C1-FUSED-XAI-EQUIV-001,B10:2981,7,1.6076408073331976,1.6076408466499998,3.931680225832679e-08,DERIVED_SENSOR_GROUP_VIEW,5.0,5.0,True
EXP-EMBED-C1-FUSED-XAI-EQUIV-001,B10:2981,8,1.4321047945440994,1.4321048636,6.905590055339417e-08,DERIVED_SENSOR_GROUP_VIEW,6.0,6.0,True
EXP-EMBED-C1-FUSED-XAI-EQUIV-001,B10:2981,9,1.3484979701419755,1.3484980009999998,3.085802435798257e-08,DERIVED_SENSOR_GROUP_VIEW,7.0,7.0,True
EXP-EMBED-C1-FUSED-XAI-EQUIV-001,B10:2981,10,0.6960911802766105,0.6960911709500001,9.326610483917364e-09,DERIVED_SENSOR_GROUP_VIEW,11.0,11.0,True
EXP-EMBED-C1-FUSED-XAI-EQUIV-001,B10:2981,11,-0.43819074033992644,-0.4381907461099,5.7699735545035935e-09,DERIVED_SENSOR_GROUP_VIEW,13.0,13.0,True
EXP-EMBED-C1-FUSED-XAI-EQUIV-001,B10:2981,12,-0.9010421139696879,-0.90104218334,6.937031205023203e-08,DERIVED_SENSOR_GROUP_VIEW,8.0,8.0,True
EXP-EMBED-C1-FUSED-XAI-EQUIV-001,B10:2981,13,5.297303549153644,5.297303315,2.3415364402978867e-07,DERIVED_SENSOR_GROUP_VIEW,2.0,2.0,True
EXP-EMBED-C1-FUSED-XAI-EQUIV-001,B10:2981,14,6.814290248074396,6.814290639000001,3.9092560477627103e-07,DERIVED_SENSOR_GROUP_VIEW,1.0,1.0,True
EXP-EMBED-C1-FUSED-XAI-EQUIV-001,B10:2981,15,0.4197555542706122,0.41975557584,2.1569387831377185e-08,DERIVED_SENSOR_GROUP_VIEW,14.0,14.0,True
EXP-EMBED-C1-FUSED-XAI-EQUIV-001,B10:2981,16,0.4667176120337621,0.46671764624,3.4206237897738134e-08,DERIVED_SENSOR_GROUP_VIEW,12.0,12.0,True
