experiment_id,sample_id,batch,feature,raw_source_float64,raw_input_float32,raw_cast_absolute_error,raw_cast_relative_error
EXP-EMBED-C1-FUSED-EQUIV-001,GOLD-MODEL-C1-B2-R00000,2,0,21749.5635,21749.564,0.0009531249997962732,4.3822718547720426e-08
EXP-EMBED-C1-FUSED-EQUIV-001,GOLD-MODEL-C1-B2-R00000,2,1,2.627488,2.627488,1.0212707524104303e-07,3.886871233704703e-08
EXP-EMBED-C1-FUSED-EQUIV-001,GOLD-MODEL-C1-B2-R00000,2,2,3.507524,3.507524,1.3519287023200377e-08,3.854367646009087e-09
EXP-EMBED-C1-FUSED-EQUIV-001,GOLD-MODEL-C1-B2-R00000,2,3,4.110899,4.110899,2.8442382671300948e-08,6.918774377891782e-09
EXP-EMBED-C1-FUSED-EQUIV-001,GOLD-MODEL-C1-B2-R00000,2,4,5.015697,5.015697,2.4108883778239942e-09,4.806686643599073e-10
EXP-EMBED-C1-FUSED-EQUIV-001,GOLD-MODEL-C1-B2-R00000,2,5,-3.474738,-3.474738,1.173858641401182e-07,3.378265185464867e-08
EXP-EMBED-C1-FUSED-EQUIV-001,GOLD-MODEL-C1-B2-R00000,2,6,-4.569693,-4.569693,8.853149413567962e-08,1.937361965796819e-08
EXP-EMBED-C1-FUSED-EQUIV-001,GOLD-MODEL-C1-B2-R00000,2,7,-13.448491,-13.448491,9.64965813921026e-08,7.175272035509604e-09
EXP-EMBED-C1-FUSED-EQUIV-001,GOLD-MODEL-C1-B2-R00000,2,8,21138.044,21138.045,0.0009218749983119778,4.361212410722476e-08
EXP-EMBED-C1-FUSED-EQUIV-001,GOLD-MODEL-C1-B2-R00000,2,9,2.713281,2.713281,8.378601057401625e-08,3.0879960672711836e-08
EXP-EMBED-C1-FUSED-EQUIV-001,GOLD-MODEL-C1-B2-R00000,2,10,3.612213,3.612213,1.0365295421976839e-07,2.8695139024129637e-08
EXP-EMBED-C1-FUSED-EQUIV-001,GOLD-MODEL-C1-B2-R00000,2,11,4.28157,4.28157,4.226684602315345e-08,9.871810112447873e-09
EXP-EMBED-C1-FUSED-EQUIV-001,GOLD-MODEL-C1-B2-R00000,2,12,5.026986,5.026986,1.2213134770178158e-07,2.4295143790291354e-08
EXP-EMBED-C1-FUSED-EQUIV-001,GOLD-MODEL-C1-B2-R00000,2,13,-3.252127,-3.252127,6.785583517299187e-08,2.0865063133448316e-08
EXP-EMBED-C1-FUSED-EQUIV-001,GOLD-MODEL-C1-B2-R00000,2,14,-3.99553,-3.99553,1.0993957522131836e-07,2.7515642535863418e-08
EXP-EMBED-C1-FUSED-EQUIV-001,GOLD-MODEL-C1-B2-R00000,2,15,-11.599578,-11.599578,9.625244068445227e-08,8.29792606976325e-09
EXP-EMBED-C1-FUSED-EQUIV-001,GOLD-MODEL-C1-B2-R00000,2,16,2601.8249,2601.825,5.117187492942321e-05,1.96676859113091e-08
EXP-EMBED-C1-FUSED-EQUIV-001,GOLD-MODEL-C1-B2-R00000,2,17,2.085748,2.085748,4.277038589961535e-08,2.0506017936785912e-08
EXP-EMBED-C1-FUSED-EQUIV-001,GOLD-MODEL-C1-B2-R00000,2,18,0.723314,0.723314,1.2744903576944466e-08,1.7620153317846007e-08
EXP-EMBED-C1-FUSED-EQUIV-001,GOLD-MODEL-C1-B2-R00000,2,19,1.161237,1.161237,1.4190673081060368e-09,1.222030738002696e-09
EXP-EMBED-C1-FUSED-EQUIV-001,GOLD-MODEL-C1-B2-R00000,2,20,1.587376,1.587376,1.5029906208496868e-09,9.468397032900126e-10
EXP-EMBED-C1-FUSED-EQUIV-001,GOLD-MODEL-C1-B2-R00000,2,21,-0.516412,-0.516412,1.9729614275654228e-08,3.820518166823046e-08
EXP-EMBED-C1-FUSED-EQUIV-001,GOLD-MODEL-C1-B2-R00000,2,22,-0.82478,-0.82478,1.2664794879491126e-08,1.5355361283604266e-08
EXP-EMBED-C1-FUSED-EQUIV-001,GOLD-MODEL-C1-B2-R00000,2,23,-1.112882,-1.112882,1.808929450675123e-08,1.6254458699800365e-08
EXP-EMBED-C1-FUSED-EQUIV-001,GOLD-MODEL-C1-B2-R00000,2,24,2602.6865,2602.6865,2.3437500203726813e-05,9.005118443472472e-09
EXP-EMBED-C1-FUSED-EQUIV-001,GOLD-MODEL-C1-B2-R00000,2,25,2.074977,2.074977,7.891845710261691e-08,3.8033412949934824e-08
EXP-EMBED-C1-FUSED-EQUIV-001,GOLD-MODEL-C1-B2-R00000,2,26,0.723795,0.723795,3.2615661282875408e-09,4.506201518782999e-09
EXP-EMBED-C1-FUSED-EQUIV-001,GOLD-MODEL-C1-B2-R00000,2,27,1.216273,1.216273,4.982757562110862e-08,4.096742723147568e-08
EXP-EMBED-C1-FUSED-EQUIV-001,GOLD-MODEL-C1-B2-R00000,2,28,2.594866,2.594866,3.736877429716401e-08,1.4401042018032534e-08
EXP-EMBED-C1-FUSED-EQUIV-001,GOLD-MODEL-C1-B2-R00000,2,29,-0.520201,-0.520201,2.7393341039960717e-08,5.265914721417436e-08
EXP-EMBED-C1-FUSED-EQUIV-001,GOLD-MODEL-C1-B2-R00000,2,30,-0.855015,-0.855015,2.0160675018310314e-08,2.357932319118415e-08
EXP-EMBED-C1-FUSED-EQUIV-001,GOLD-MODEL-C1-B2-R00000,2,31,-2.791243,-2.791243,7.632446274996596e-08,2.7344255856607955e-08
EXP-EMBED-C1-FUSED-EQUIV-001,GOLD-MODEL-C1-B2-R00000,2,32,1218.5497,1218.5497,1.7382812529831426e-05,1.4265164998876472e-08
EXP-EMBED-C1-FUSED-EQUIV-001,GOLD-MODEL-C1-B2-R00000,2,33,2.092544,2.092544,7.882690411520343e-08,3.767036875458936e-08
EXP-EMBED-C1-FUSED-EQUIV-001,GOLD-MODEL-C1-B2-R00000,2,34,0.395898,0.395898,1.4307022067061581e-08,3.6138151915547895e-08
EXP-EMBED-C1-FUSED-EQUIV-001,GOLD-MODEL-C1-B2-R00000,2,35,0.863491,0.863491,1.2550354089313487e-09,1.45344353204764e-09
EXP-EMBED-C1-FUSED-EQUIV-001,GOLD-MODEL-C1-B2-R00000,2,36,1.145358,1.145358,3.357696543027089e-08,2.931569468259783e-08
EXP-EMBED-C1-FUSED-EQUIV-001,GOLD-MODEL-C1-B2-R00000,2,37,-0.252613,-0.252613,8.022308373156761e-09,3.175730612896708e-08
EXP-EMBED-C1-FUSED-EQUIV-001,GOLD-MODEL-C1-B2-R00000,2,38,-0.408573,-0.408573,1.6231536670296975e-09,3.972738450728995e-09
EXP-EMBED-C1-FUSED-EQUIV-001,GOLD-MODEL-C1-B2-R00000,2,39,-1.150768,-1.150768,4.161071776032088e-08,3.6159084854915045e-08
EXP-EMBED-C1-FUSED-EQUIV-001,GOLD-MODEL-C1-B2-R00000,2,40,1407.7876,1407.7876,2.3437501113221515e-06,1.6648463953810584e-09
EXP-EMBED-C1-FUSED-EQUIV-001,GOLD-MODEL-C1-B2-R00000,2,41,2.104463,2.104463,1.0043334963683037e-07,4.772397976910517e-08
EXP-EMBED-C1-FUSED-EQUIV-001,GOLD-MODEL-C1-B2-R00000,2,42,0.44639,0.44639,2.9659271150173083e-09,6.644250800907969e-09
EXP-EMBED-C1-FUSED-EQUIV-001,GOLD-MODEL-C1-B2-R00000,2,43,0.912604,0.912604,2.5657653779376233e-08,2.8114772430732533e-08
EXP-EMBED-C1-FUSED-EQUIV-001,GOLD-MODEL-C1-B2-R00000,2,44,1.218736,1.218736,5.2513122517083843e-08,4.3088185232145305e-08
EXP-EMBED-C1-FUSED-EQUIV-001,GOLD-MODEL-C1-B2-R00000,2,45,-0.292121,-0.292121,6.8626404003957475e-09,2.3492458263513227e-08
EXP-EMBED-C1-FUSED-EQUIV-001,GOLD-MODEL-C1-B2-R00000,2,46,-0.48432,-0.48432,1.4715194729397751e-08,3.038320682482192e-08
EXP-EMBED-C1-FUSED-EQUIV-001,GOLD-MODEL-C1-B2-R00000,2,47,-1.309839,-1.309839,1.0238647485394381e-08,7.816722120347906e-09
EXP-EMBED-C1-FUSED-EQUIV-001,GOLD-MODEL-C1-B2-R00000,2,48,3321.709,3321.709,1.5624999832652975e-05,4.703903873774908e-09
EXP-EMBED-C1-FUSED-EQUIV-001,GOLD-MODEL-C1-B2-R00000,2,49,2.41484,2.41484,1.7013549680200413e-08,7.04541488471303e-09
EXP-EMBED-C1-FUSED-EQUIV-001,GOLD-MODEL-C1-B2-R00000,2,50,1.03039,1.03039,2.4185180746982837e-08,2.3471870599465094e-08
EXP-EMBED-C1-FUSED-EQUIV-001,GOLD-MODEL-C1-B2-R00000,2,51,1.959228,1.959228,3.878784182731465e-08,1.9797513013959914e-08
EXP-EMBED-C1-FUSED-EQUIV-001,GOLD-MODEL-C1-B2-R00000,2,52,2.460395,2.460395,9.77325438356047e-08,3.9722298182041786e-08
EXP-EMBED-C1-FUSED-EQUIV-001,GOLD-MODEL-C1-B2-R00000,2,53,-0.70982,-0.70982,2.748489380532959e-08,3.872093461064719e-08
EXP-EMBED-C1-FUSED-EQUIV-001,GOLD-MODEL-C1-B2-R00000,2,54,-1.184975,-1.184975,2.8038025012833145e-08,2.3661279784664782e-08
EXP-EMBED-C1-FUSED-EQUIV-001,GOLD-MODEL-C1-B2-R00000,2,55,-1.387163,-1.387163,4.30221558378463e-08,3.10144920516524e-08
EXP-EMBED-C1-FUSED-EQUIV-001,GOLD-MODEL-C1-B2-R00000,2,56,3501.0945,3501.0945,1.757812515279511e-05,5.020751411535767e-09
EXP-EMBED-C1-FUSED-EQUIV-001,GOLD-MODEL-C1-B2-R00000,2,57,2.406442,2.406442,7.304382343420457e-08,3.03534527049497e-08
EXP-EMBED-C1-FUSED-EQUIV-001,GOLD-MODEL-C1-B2-R00000,2,58,1.068712,1.068712,3.921508895388115e-09,3.669378556045141e-09
EXP-EMBED-C1-FUSED-EQUIV-001,GOLD-MODEL-C1-B2-R00000,2,59,1.984295,1.984295,1.0566711505788362e-08,5.3251716633808796e-09
EXP-EMBED-C1-FUSED-EQUIV-001,GOLD-MODEL-C1-B2-R00000,2,60,2.354542,2.354542,1.6983032313788726e-08,7.212881449466065e-09
EXP-EMBED-C1-FUSED-EQUIV-001,GOLD-MODEL-C1-B2-R00000,2,61,-0.744714,-0.744714,2.168273927072306e-08,2.911552524958986e-08
EXP-EMBED-C1-FUSED-EQUIV-001,GOLD-MODEL-C1-B2-R00000,2,62,-1.227309,-1.227309,1.1428832991100535e-08,9.312107212690964e-09
EXP-EMBED-C1-FUSED-EQUIV-001,GOLD-MODEL-C1-B2-R00000,2,63,-3.471172,-3.471172,9.434509262717938e-08,2.7179607529439445e-08
EXP-EMBED-C1-FUSED-EQUIV-001,GOLD-MODEL-C1-B2-R00000,2,64,20407.4551,20407.455,2.1874999220017344e-05,1.0719121572398974e-09
EXP-EMBED-C1-FUSED-EQUIV-001,GOLD-MODEL-C1-B2-R00000,2,65,2.849163,2.849163,5.541992198487833e-08,1.945129920081032e-08
EXP-EMBED-C1-FUSED-EQUIV-001,GOLD-MODEL-C1-B2-R00000,2,66,3.246597,3.246597,5.162048344331538e-08,1.5899874066080693e-08
EXP-EMBED-C1-FUSED-EQUIV-001,GOLD-MODEL-C1-B2-R00000,2,67,3.794115,3.794115,6.65283201861655e-08,1.7534608251506742e-08
EXP-EMBED-C1-FUSED-EQUIV-001,GOLD-MODEL-C1-B2-R00000,2,68,4.485362,4.485362,5.2917480175551646e-08,1.1797817026931525e-08
EXP-EMBED-C1-FUSED-EQUIV-001,GOLD-MODEL-C1-B2-R00000,2,69,-2.902923,-2.902923,1.0714721687676843e-07,3.6910113315705734e-08
EXP-EMBED-C1-FUSED-EQUIV-001,GOLD-MODEL-C1-B2-R00000,2,70,-3.666017,-3.666017,5.55114745282026e-08,1.5142175971416007e-08
EXP-EMBED-C1-FUSED-EQUIV-001,GOLD-MODEL-C1-B2-R00000,2,71,-9.839388,-9.839388,1.0632324176640395e-07,1.0805879569583388e-08
EXP-EMBED-C1-FUSED-EQUIV-001,GOLD-MODEL-C1-B2-R00000,2,72,24773.999,24773.998,0.0009531249997962732,3.8472795603014e-08
EXP-EMBED-C1-FUSED-EQUIV-001,GOLD-MODEL-C1-B2-R00000,2,73,2.947995,2.947995,5.256652846341581e-08,1.7831281417850372e-08
EXP-EMBED-C1-FUSED-EQUIV-001,GOLD-MODEL-C1-B2-R00000,2,74,3.898243,3.898243,4.9560546777627223e-08,1.2713560128916341e-08
EXP-EMBED-C1-FUSED-EQUIV-001,GOLD-MODEL-C1-B2-R00000,2,75,4.526107,4.526107,1.6558837856450737e-07,3.65851665823427e-08
EXP-EMBED-C1-FUSED-EQUIV-001,GOLD-MODEL-C1-B2-R00000,2,76,5.47442,5.47442,7.06481930734526e-08,1.290514667735625e-08
EXP-EMBED-C1-FUSED-EQUIV-001,GOLD-MODEL-C1-B2-R00000,2,77,-3.691419,-3.691419,1.1381530740095513e-07,3.083240006104838e-08
EXP-EMBED-C1-FUSED-EQUIV-001,GOLD-MODEL-C1-B2-R00000,2,78,-4.553467,-4.553467,2.031250003753371e-07,4.4608866249681195e-08
EXP-EMBED-C1-FUSED-EQUIV-001,GOLD-MODEL-C1-B2-R00000,2,79,-12.050995,-12.050995,1.2695312534560799e-07,1.0534659199975436e-08
EXP-EMBED-C1-FUSED-EQUIV-001,GOLD-MODEL-C1-B2-R00000,2,80,3173.884,3173.884,3.3203124985448085e-05,1.046135428561601e-08
EXP-EMBED-C1-FUSED-EQUIV-001,GOLD-MODEL-C1-B2-R00000,2,81,2.201685,2.201685,4.821777332963961e-08,2.190039598291291e-08
EXP-EMBED-C1-FUSED-EQUIV-001,GOLD-MODEL-C1-B2-R00000,2,82,0.871304,0.871304,2.441787716467303e-08,2.8024520907367614e-08
EXP-EMBED-C1-FUSED-EQUIV-001,GOLD-MODEL-C1-B2-R00000,2,83,1.315971,1.315971,1.6883850095794628e-08,1.2829956052066974e-08
EXP-EMBED-C1-FUSED-EQUIV-001,GOLD-MODEL-C1-B2-R00000,2,84,1.62918,1.62918,4.5471191478796413e-08,2.791047734369217e-08
EXP-EMBED-C1-FUSED-EQUIV-001,GOLD-MODEL-C1-B2-R00000,2,85,-0.604284,-0.604284,1.1524200482782021e-08,1.9070835042433723e-08
EXP-EMBED-C1-FUSED-EQUIV-001,GOLD-MODEL-C1-B2-R00000,2,86,-0.911772,-0.911772,1.2710571262175563e-08,1.3940515021491735e-08
EXP-EMBED-C1-FUSED-EQUIV-001,GOLD-MODEL-C1-B2-R00000,2,87,-2.622255,-2.622255,8.689880370837955e-08,3.313896005856774e-08
EXP-EMBED-C1-FUSED-EQUIV-001,GOLD-MODEL-C1-B2-R00000,2,88,2369.0144,2369.0144,4.296874976716936e-06,1.813781704626589e-09
EXP-EMBED-C1-FUSED-EQUIV-001,GOLD-MODEL-C1-B2-R00000,2,89,2.202927,2.202927,1.1257934584563145e-07,5.110443779827087e-08
EXP-EMBED-C1-FUSED-EQUIV-001,GOLD-MODEL-C1-B2-R00000,2,90,0.675708,0.675708,4.10842893039387e-09,6.080183940983192e-09
EXP-EMBED-C1-FUSED-EQUIV-001,GOLD-MODEL-C1-B2-R00000,2,91,1.110452,1.110452,5.593109131396545e-08,5.036786039735662e-08
EXP-EMBED-C1-FUSED-EQUIV-001,GOLD-MODEL-C1-B2-R00000,2,92,1.405526,1.405526,4.1984558052377e-08,2.987106467783378e-08
EXP-EMBED-C1-FUSED-EQUIV-001,GOLD-MODEL-C1-B2-R00000,2,93,-0.477064,-0.477064,1.3481140148652315e-08,2.825855681554742e-08
EXP-EMBED-C1-FUSED-EQUIV-001,GOLD-MODEL-C1-B2-R00000,2,94,-0.760527,-0.760527,1.4732360886782203e-08,1.937125294273866e-08
EXP-EMBED-C1-FUSED-EQUIV-001,GOLD-MODEL-C1-B2-R00000,2,95,-0.986015,-0.986015,2.1800994898235615e-08,2.2110206130977334e-08
EXP-EMBED-C1-FUSED-EQUIV-001,GOLD-MODEL-C1-B2-R00000,2,96,1636.1588,1636.1588,1.3476562571668182e-05,8.236708179956728e-09
EXP-EMBED-C1-FUSED-EQUIV-001,GOLD-MODEL-C1-B2-R00000,2,97,2.16398,2.16398,7.17163084473782e-09,3.314092942050213e-09
EXP-EMBED-C1-FUSED-EQUIV-001,GOLD-MODEL-C1-B2-R00000,2,98,0.535716,0.535716,2.7809142766344053e-09,5.1910233717761e-09
EXP-EMBED-C1-FUSED-EQUIV-001,GOLD-MODEL-C1-B2-R00000,2,99,1.052986,1.052986,2.581024172165769e-08,2.4511476621396383e-08
EXP-EMBED-C1-FUSED-EQUIV-001,GOLD-MODEL-C1-B2-R00000,2,100,1.820696,1.820696,3.7155152288192994e-09,2.040711480016048e-09
EXP-EMBED-C1-FUSED-EQUIV-001,GOLD-MODEL-C1-B2-R00000,2,101,-0.332063,-0.332063,1.052665710155054e-08,3.170078298862126e-08
EXP-EMBED-C1-FUSED-EQUIV-001,GOLD-MODEL-C1-B2-R00000,2,102,-0.530287,-0.530287,2.7359008836214116e-08,5.159283338308146e-08
EXP-EMBED-C1-FUSED-EQUIV-001,GOLD-MODEL-C1-B2-R00000,2,103,-1.500841,-1.500841,2.1537780670044526e-08,1.4350474613929474e-08
EXP-EMBED-C1-FUSED-EQUIV-001,GOLD-MODEL-C1-B2-R00000,2,104,1657.308,1657.308,1.6601562492724042e-05,1.0017185998452938e-08
EXP-EMBED-C1-FUSED-EQUIV-001,GOLD-MODEL-C1-B2-R00000,2,105,2.161844,2.161844,1.5121460084088767e-08,6.99470455966701e-09
EXP-EMBED-C1-FUSED-EQUIV-001,GOLD-MODEL-C1-B2-R00000,2,106,0.553001,0.553001,1.3423919642541193e-08,2.4274675167931332e-08
EXP-EMBED-C1-FUSED-EQUIV-001,GOLD-MODEL-C1-B2-R00000,2,107,1.157846,1.157846,2.603149407143235e-08,2.2482691196784677e-08
EXP-EMBED-C1-FUSED-EQUIV-001,GOLD-MODEL-C1-B2-R00000,2,108,1.508133,1.508133,5.377960210495303e-08,3.565972106236852e-08
EXP-EMBED-C1-FUSED-EQUIV-001,GOLD-MODEL-C1-B2-R00000,2,109,-0.334765,-0.334765,1.276969907593184e-08,3.814526332182827e-08
EXP-EMBED-C1-FUSED-EQUIV-001,GOLD-MODEL-C1-B2-R00000,2,110,-0.53505,-0.53505,2.5081634547063913e-08,4.6877178856301116e-08
EXP-EMBED-C1-FUSED-EQUIV-001,GOLD-MODEL-C1-B2-R00000,2,111,-1.521051,-1.521051,4.923248297927785e-08,3.236741107252673e-08
EXP-EMBED-C1-FUSED-EQUIV-001,GOLD-MODEL-C1-B2-R00000,2,112,3955.4094,3955.4094,2.382812499490683e-05,6.024186774422599e-09
EXP-EMBED-C1-FUSED-EQUIV-001,GOLD-MODEL-C1-B2-R00000,2,113,2.519815,2.519815,3.189086905663885e-08,1.2656035882252804e-08
EXP-EMBED-C1-FUSED-EQUIV-001,GOLD-MODEL-C1-B2-R00000,2,114,1.205705,1.205705,4.665374753187734e-08,3.8694164436472724e-08
EXP-EMBED-C1-FUSED-EQUIV-001,GOLD-MODEL-C1-B2-R00000,2,115,2.145977,2.145977,2.0263672073639327e-08,9.442632457682132e-09
EXP-EMBED-C1-FUSED-EQUIV-001,GOLD-MODEL-C1-B2-R00000,2,116,2.597082,2.597082,1.0035705555466734e-07,3.864223599973637e-08
EXP-EMBED-C1-FUSED-EQUIV-001,GOLD-MODEL-C1-B2-R00000,2,117,-0.838715,-0.838715,1.6841888439422803e-08,2.00805857048256e-08
EXP-EMBED-C1-FUSED-EQUIV-001,GOLD-MODEL-C1-B2-R00000,2,118,-1.352179,-1.352179,5.044555662081507e-08,3.7306862938128065e-08
EXP-EMBED-C1-FUSED-EQUIV-001,GOLD-MODEL-C1-B2-R00000,2,119,-3.798715,-3.798715,1.1459350579556826e-07,3.0166386737506833e-08
EXP-EMBED-C1-FUSED-EQUIV-001,GOLD-MODEL-C1-B2-R00000,2,120,3573.0447,3573.0447,2.2265624920692062e-05,6.231555099406415e-09
EXP-EMBED-C1-FUSED-EQUIV-001,GOLD-MODEL-C1-B2-R00000,2,121,2.582159,2.582159,4.235839856647772e-08,1.640425650259249e-08
EXP-EMBED-C1-FUSED-EQUIV-001,GOLD-MODEL-C1-B2-R00000,2,122,1.120364,1.120364,4.927062979831476e-08,4.397734111263372e-08
EXP-EMBED-C1-FUSED-EQUIV-001,GOLD-MODEL-C1-B2-R00000,2,123,2.113358,2.113358,2.0782470855351676e-08,9.833861965342207e-09
EXP-EMBED-C1-FUSED-EQUIV-001,GOLD-MODEL-C1-B2-R00000,2,124,2.388007,2.388007,7.441711424860387e-08,3.1162854316844075e-08
EXP-EMBED-C1-FUSED-EQUIV-001,GOLD-MODEL-C1-B2-R00000,2,125,-0.760981,-0.760981,2.3311614971710526e-08,3.063363601944138e-08
EXP-EMBED-C1-FUSED-EQUIV-001,GOLD-MODEL-C1-B2-R00000,2,126,-1.218104,-1.218104,4.859924240818714e-09,3.9897449157204255e-09
EXP-EMBED-C1-FUSED-EQUIV-001,GOLD-MODEL-C1-B2-R00000,2,127,-1.605704,-1.605704,5.007171632875895e-08,3.118365298259141e-08
EXP-EMBED-C1-FUSED-EQUIV-001,GOLD-MODEL-C1-B2-R00121,2,0,5058.3721,5058.372,2.9687499591091182e-05,5.868982946329943e-09
EXP-EMBED-C1-FUSED-EQUIV-001,GOLD-MODEL-C1-B2-R00121,2,1,1.4073,1.4073,4.577636714131472e-09,3.252779587956706e-09
EXP-EMBED-C1-FUSED-EQUIV-001,GOLD-MODEL-C1-B2-R00121,2,2,0.338678,0.338678,2.3574829310923917e-09,6.960838705473611e-09
EXP-EMBED-C1-FUSED-EQUIV-001,GOLD-MODEL-C1-B2-R00121,2,3,0.455066,0.455066,4.545211818030026e-09,9.988027710332184e-09
EXP-EMBED-C1-FUSED-EQUIV-001,GOLD-MODEL-C1-B2-R00121,2,4,0.933165,0.933165,1.3790130592994387e-08,1.477780520378967e-08
EXP-EMBED-C1-FUSED-EQUIV-001,GOLD-MODEL-C1-B2-R00121,2,5,-0.448449,-0.448449,1.4184951768747567e-08,3.163113702728196e-08
EXP-EMBED-C1-FUSED-EQUIV-001,GOLD-MODEL-C1-B2-R00121,2,6,-0.567313,-0.567313,1.546096806137598e-08,2.7252976859997887e-08
EXP-EMBED-C1-FUSED-EQUIV-001,GOLD-MODEL-C1-B2-R00121,2,7,-1.160397,-1.160397,5.27648926773594e-08,4.547141424646858e-08
EXP-EMBED-C1-FUSED-EQUIV-001,GOLD-MODEL-C1-B2-R00121,2,8,5592.9893,5592.9893,4.2187500184809323e-05,7.542925244789816e-09
EXP-EMBED-C1-FUSED-EQUIV-001,GOLD-MODEL-C1-B2-R00121,2,9,1.465432,1.465432,4.78439330375835e-08,3.2648347407169694e-08
EXP-EMBED-C1-FUSED-EQUIV-001,GOLD-MODEL-C1-B2-R00121,2,10,0.384116,0.384116,6.023406995403491e-09,1.5681218682386286e-08
EXP-EMBED-C1-FUSED-EQUIV-001,GOLD-MODEL-C1-B2-R00121,2,11,0.441394,0.441394,1.2454986486609698e-09,2.821738964872585e-09
EXP-EMBED-C1-FUSED-EQUIV-001,GOLD-MODEL-C1-B2-R00121,2,12,0.854364,0.854364,2.209091187754808e-08,2.5856557483166518e-08
EXP-EMBED-C1-FUSED-EQUIV-001,GOLD-MODEL-C1-B2-R00121,2,13,-0.476446,-0.476446,2.7217865183892798e-09,5.712686261169744e-09
EXP-EMBED-C1-FUSED-EQUIV-001,GOLD-MODEL-C1-B2-R00121,2,14,-0.57656,-0.57656,2.044677738233247e-08,3.546339909520687e-08
EXP-EMBED-C1-FUSED-EQUIV-001,GOLD-MODEL-C1-B2-R00121,2,15,-1.113359,-1.113359,2.554321287817629e-08,2.294247666581605e-08
EXP-EMBED-C1-FUSED-EQUIV-001,GOLD-MODEL-C1-B2-R00121,2,16,4109.7481,4109.748,5.3124999794817995e-05,1.2926582968629633e-08
EXP-EMBED-C1-FUSED-EQUIV-001,GOLD-MODEL-C1-B2-R00121,2,17,3.690646,3.690646,6.684875497597886e-08,1.8113022754276313e-08
EXP-EMBED-C1-FUSED-EQUIV-001,GOLD-MODEL-C1-B2-R00121,2,18,1.272944,1.272944,2.6458740309820428e-08,2.0785470774692702e-08
EXP-EMBED-C1-FUSED-EQUIV-001,GOLD-MODEL-C1-B2-R00121,2,19,2.171328,2.171328,6.777954109082884e-08,3.1215708124626425e-08
EXP-EMBED-C1-FUSED-EQUIV-001,GOLD-MODEL-C1-B2-R00121,2,20,2.402907,2.402907,1.0531616201348015e-07,4.382864672393903e-08
EXP-EMBED-C1-FUSED-EQUIV-001,GOLD-MODEL-C1-B2-R00121,2,21,-0.650887,-0.650887,1.248168945977568e-08,1.9176430716507904e-08
EXP-EMBED-C1-FUSED-EQUIV-001,GOLD-MODEL-C1-B2-R00121,2,22,-0.849261,-0.849261,1.414871220184466e-08,1.6660028191385993e-08
EXP-EMBED-C1-FUSED-EQUIV-001,GOLD-MODEL-C1-B2-R00121,2,23,-1.093432,-1.093432,5.0384521443902486e-08,4.607924538874158e-08
EXP-EMBED-C1-FUSED-EQUIV-001,GOLD-MODEL-C1-B2-R00121,2,24,4085.6077,4085.6077,3.398437502255547e-05,8.31807102345031e-09
EXP-EMBED-C1-FUSED-EQUIV-001,GOLD-MODEL-C1-B2-R00121,2,25,3.693896,3.693896,5.522155754889013e-08,1.4949407765917106e-08
EXP-EMBED-C1-FUSED-EQUIV-001,GOLD-MODEL-C1-B2-R00121,2,26,1.279871,1.279871,1.3061523418400611e-08,1.0205343677918018e-08
EXP-EMBED-C1-FUSED-EQUIV-001,GOLD-MODEL-C1-B2-R00121,2,27,2.241649,2.241649,8.757019021032875e-08,3.9065076740528405e-08
EXP-EMBED-C1-FUSED-EQUIV-001,GOLD-MODEL-C1-B2-R00121,2,28,2.788042,2.788042,6.848144540327894e-08,2.456255874311755e-08
EXP-EMBED-C1-FUSED-EQUIV-001,GOLD-MODEL-C1-B2-R00121,2,29,-0.650418,-0.650418,1.6468048147366687e-08,2.5319176510131462e-08
EXP-EMBED-C1-FUSED-EQUIV-001,GOLD-MODEL-C1-B2-R00121,2,30,-0.896793,-0.896793,7.850647021356849e-09,8.754135036019292e-09
EXP-EMBED-C1-FUSED-EQUIV-001,GOLD-MODEL-C1-B2-R00121,2,31,-1.485859,-1.485859,3.6445617634939254e-08,2.4528315025139836e-08
EXP-EMBED-C1-FUSED-EQUIV-001,GOLD-MODEL-C1-B2-R00121,2,32,908.3879,908.3879,2.158203119506652e-05,2.375860708301654e-08
EXP-EMBED-C1-FUSED-EQUIV-001,GOLD-MODEL-C1-B2-R00121,2,33,1.933787,1.933787,1.1741638106244068e-08,6.071836301642357e-09
EXP-EMBED-C1-FUSED-EQUIV-001,GOLD-MODEL-C1-B2-R00121,2,34,0.397522,0.397522,2.4585724012204935e-09,6.1847455014326086e-09
EXP-EMBED-C1-FUSED-EQUIV-001,GOLD-MODEL-C1-B2-R00121,2,35,1.036435,1.036435,8.04901123530044e-09,7.766055020624006e-09
EXP-EMBED-C1-FUSED-EQUIV-001,GOLD-MODEL-C1-B2-R00121,2,36,1.317156,1.317156,4.277801513019597e-08,3.247756160257097e-08
EXP-EMBED-C1-FUSED-EQUIV-001,GOLD-MODEL-C1-B2-R00121,2,37,-0.161572,-0.161572,5.5761337214299544e-09,3.451175773915007e-08
EXP-EMBED-C1-FUSED-EQUIV-001,GOLD-MODEL-C1-B2-R00121,2,38,-0.237846,-0.237846,1.9826889019469718e-09,8.33601953342487e-09
EXP-EMBED-C1-FUSED-EQUIV-001,GOLD-MODEL-C1-B2-R00121,2,39,-0.450489,-0.450489,1.4387130764514922e-08,3.193669715468063e-08
EXP-EMBED-C1-FUSED-EQUIV-001,GOLD-MODEL-C1-B2-R00121,2,40,1004.897,1004.897,2.734375004820322e-05,2.7210500228583842e-08
EXP-EMBED-C1-FUSED-EQUIV-001,GOLD-MODEL-C1-B2-R00121,2,41,1.909338,1.909338,2.563476542150056e-09,1.3425996560850179e-09
EXP-EMBED-C1-FUSED-EQUIV-001,GOLD-MODEL-C1-B2-R00121,2,42,0.447058,0.447058,7.780075084173887e-09,1.740283158823662e-08
EXP-EMBED-C1-FUSED-EQUIV-001,GOLD-MODEL-C1-B2-R00121,2,43,1.183887,1.183887,4.852295010238095e-09,4.098613305356081e-09
EXP-EMBED-C1-FUSED-EQUIV-001,GOLD-MODEL-C1-B2-R00121,2,44,1.414015,1.414015,5.4702758767177784e-08,3.8686123391320304e-08
EXP-EMBED-C1-FUSED-EQUIV-001,GOLD-MODEL-C1-B2-R00121,2,45,-0.181508,-0.181508,4.665374753187734e-09,2.570341116197487e-08
EXP-EMBED-C1-FUSED-EQUIV-001,GOLD-MODEL-C1-B2-R00121,2,46,-0.272761,-0.272761,1.2718200659289636e-08,4.6627636133060216e-08
EXP-EMBED-C1-FUSED-EQUIV-001,GOLD-MODEL-C1-B2-R00121,2,47,-0.527138,-0.527138,5.233764643897132e-09,9.928642298405981e-09
EXP-EMBED-C1-FUSED-EQUIV-001,GOLD-MODEL-C1-B2-R00121,2,48,4510.6944,4510.6943,6.406250031432137e-05,1.4202358801855732e-08
EXP-EMBED-C1-FUSED-EQUIV-001,GOLD-MODEL-C1-B2-R00121,2,49,4.163605,4.163605,2.1316528364678788e-07,5.119728784233565e-08
EXP-EMBED-C1-FUSED-EQUIV-001,GOLD-MODEL-C1-B2-R00121,2,50,1.783734,1.783734,3.603363030180162e-08,2.020123533094151e-08
EXP-EMBED-C1-FUSED-EQUIV-001,GOLD-MODEL-C1-B2-R00121,2,51,3.854822,3.854822,7.960510250981656e-08,2.065078556411076e-08
EXP-EMBED-C1-FUSED-EQUIV-001,GOLD-MODEL-C1-B2-R00121,2,52,4.228262,4.228262,5.236816402742761e-08,1.238526941505224e-08
EXP-EMBED-C1-FUSED-EQUIV-001,GOLD-MODEL-C1-B2-R00121,2,53,-0.804862,-0.804862,2.2399902377401304e-08,2.7830736669641883e-08
EXP-EMBED-C1-FUSED-EQUIV-001,GOLD-MODEL-C1-B2-R00121,2,54,-1.127521,-1.127521,3.805541992640826e-08,3.375140678214265e-08
EXP-EMBED-C1-FUSED-EQUIV-001,GOLD-MODEL-C1-B2-R00121,2,55,-1.388626,-1.388626,2.0576476966738255e-08,1.4817868142133488e-08
EXP-EMBED-C1-FUSED-EQUIV-001,GOLD-MODEL-C1-B2-R00121,2,56,4778.9631,4778.963,0.00020937499994033715,4.381180510482225e-08
EXP-EMBED-C1-FUSED-EQUIV-001,GOLD-MODEL-C1-B2-R00121,2,57,4.10983,4.10983,9.735107386887876e-08,2.3687372438489857e-08
EXP-EMBED-C1-FUSED-EQUIV-001,GOLD-MODEL-C1-B2-R00121,2,58,1.946826,1.946826,1.885986322669453e-08,9.687492989457984e-09
EXP-EMBED-C1-FUSED-EQUIV-001,GOLD-MODEL-C1-B2-R00121,2,59,4.279321,4.279321,1.936950679848337e-07,4.526303775408148e-08
EXP-EMBED-C1-FUSED-EQUIV-001,GOLD-MODEL-C1-B2-R00121,2,60,4.716882,4.716882,2.2885131834016192e-07,4.851749913187608e-08
EXP-EMBED-C1-FUSED-EQUIV-001,GOLD-MODEL-C1-B2-R00121,2,61,-0.862236,-0.862236,2.2949218747569944e-08,2.661593664329713e-08
EXP-EMBED-C1-FUSED-EQUIV-001,GOLD-MODEL-C1-B2-R00121,2,62,-1.211616,-1.211616,3.927612302057071e-08,3.241631261106713e-08
EXP-EMBED-C1-FUSED-EQUIV-001,GOLD-MODEL-C1-B2-R00121,2,63,-1.548628,-1.548628,2.7397155655251026e-08,1.7691243897986493e-08
EXP-EMBED-C1-FUSED-EQUIV-001,GOLD-MODEL-C1-B2-R00121,2,64,4905.5762,4905.576,2.8125000426371116e-05,5.733271542366647e-09
EXP-EMBED-C1-FUSED-EQUIV-001,GOLD-MODEL-C1-B2-R00121,2,65,1.707751,1.707751,3.56903075982018e-08,2.0899011388780798e-08
EXP-EMBED-C1-FUSED-EQUIV-001,GOLD-MODEL-C1-B2-R00121,2,66,0.356694,0.356694,1.288032530633032e-08,3.6110294275570435e-08
EXP-EMBED-C1-FUSED-EQUIV-001,GOLD-MODEL-C1-B2-R00121,2,67,0.440856,0.440856,9.721755955816036e-09,2.205199873839992e-08
EXP-EMBED-C1-FUSED-EQUIV-001,GOLD-MODEL-C1-B2-R00121,2,68,1.119121,1.119121,4.453277591132121e-08,3.9792637178036344e-08
EXP-EMBED-C1-FUSED-EQUIV-001,GOLD-MODEL-C1-B2-R00121,2,69,-0.455802,-0.455802,6.39152525350184e-09,1.4022591505745565e-08
EXP-EMBED-C1-FUSED-EQUIV-001,GOLD-MODEL-C1-B2-R00121,2,70,-0.571986,-0.571986,1.9611358648141675e-08,3.428643122059224e-08
EXP-EMBED-C1-FUSED-EQUIV-001,GOLD-MODEL-C1-B2-R00121,2,71,-1.85076,-1.85076,1.6937255820081987e-08,9.151513875425224e-09
EXP-EMBED-C1-FUSED-EQUIV-001,GOLD-MODEL-C1-B2-R00121,2,72,4796.7642,4796.764,3.984374961873982e-05,8.306380709466567e-09
EXP-EMBED-C1-FUSED-EQUIV-001,GOLD-MODEL-C1-B2-R00121,2,73,1.589054,1.589054,1.1543273892300476e-08,7.264242682942478e-09
EXP-EMBED-C1-FUSED-EQUIV-001,GOLD-MODEL-C1-B2-R00121,2,74,0.32999,0.32999,4.673004205812958e-10,1.4161047928158303e-09
EXP-EMBED-C1-FUSED-EQUIV-001,GOLD-MODEL-C1-B2-R00121,2,75,0.402841,0.402841,1.7490386916563239e-09,4.341759383122184e-09
EXP-EMBED-C1-FUSED-EQUIV-001,GOLD-MODEL-C1-B2-R00121,2,76,1.10658,1.10658,1.8997192485770142e-08,1.7167482229725952e-08
EXP-EMBED-C1-FUSED-EQUIV-001,GOLD-MODEL-C1-B2-R00121,2,77,-0.432623,-0.432623,1.047134379206227e-09,2.420431597964572e-09
EXP-EMBED-C1-FUSED-EQUIV-001,GOLD-MODEL-C1-B2-R00121,2,78,-0.602005,-0.602005,4.8828124876720835e-09,8.110916832371962e-09
EXP-EMBED-C1-FUSED-EQUIV-001,GOLD-MODEL-C1-B2-R00121,2,79,-1.301657,-1.301657,3.855896002491477e-08,2.9622980573925977e-08
EXP-EMBED-C1-FUSED-EQUIV-001,GOLD-MODEL-C1-B2-R00121,2,80,4637.9743,4637.974,0.00017890624985739123,3.8574221909205324e-08
EXP-EMBED-C1-FUSED-EQUIV-001,GOLD-MODEL-C1-B2-R00121,2,81,3.656969,3.656969,7.043457017630317e-08,1.9260368402440153e-08
EXP-EMBED-C1-FUSED-EQUIV-001,GOLD-MODEL-C1-B2-R00121,2,82,1.454512,1.454512,8.392331274365006e-11,5.7698604579164736e-11
EXP-EMBED-C1-FUSED-EQUIV-001,GOLD-MODEL-C1-B2-R00121,2,83,2.428718,2.428718,9.005737311440498e-08,3.7080209853266205e-08
EXP-EMBED-C1-FUSED-EQUIV-001,GOLD-MODEL-C1-B2-R00121,2,84,2.724611,2.724611,4.393005381686521e-08,1.6123422322256355e-08
EXP-EMBED-C1-FUSED-EQUIV-001,GOLD-MODEL-C1-B2-R00121,2,85,-0.731069,-0.731069,2.8377532990120358e-08,3.881649063237582e-08
EXP-EMBED-C1-FUSED-EQUIV-001,GOLD-MODEL-C1-B2-R00121,2,86,-0.973575,-0.973575,4.0054320971094626e-09,4.114148470440863e-09
EXP-EMBED-C1-FUSED-EQUIV-001,GOLD-MODEL-C1-B2-R00121,2,87,-1.360845,-1.360845,3.025054939875815e-08,2.2229239478969428e-08
EXP-EMBED-C1-FUSED-EQUIV-001,GOLD-MODEL-C1-B2-R00121,2,88,3451.3069,3451.307,1.5234375041472958e-05,4.414088773581091e-09
EXP-EMBED-C1-FUSED-EQUIV-001,GOLD-MODEL-C1-B2-R00121,2,89,3.678515,3.678515,4.257202146362715e-08,1.1573154238497642e-08
EXP-EMBED-C1-FUSED-EQUIV-001,GOLD-MODEL-C1-B2-R00121,2,90,1.139306,1.139306,5.078887932441489e-08,4.457878684428494e-08
EXP-EMBED-C1-FUSED-EQUIV-001,GOLD-MODEL-C1-B2-R00121,2,91,2.103294,2.103294,1.0427856445005546e-07,4.9578691542911e-08
EXP-EMBED-C1-FUSED-EQUIV-001,GOLD-MODEL-C1-B2-R00121,2,92,2.631981,2.631981,1.0400390637599344e-07,3.951544725284622e-08
EXP-EMBED-C1-FUSED-EQUIV-001,GOLD-MODEL-C1-B2-R00121,2,93,-0.569822,-0.569822,1.3378143259856756e-08,2.3477758422554333e-08
EXP-EMBED-C1-FUSED-EQUIV-001,GOLD-MODEL-C1-B2-R00121,2,94,-0.760657,-0.760657,1.2462615939234922e-08,1.6384015317330836e-08
EXP-EMBED-C1-FUSED-EQUIV-001,GOLD-MODEL-C1-B2-R00121,2,95,-1.145024,-1.145024,5.800628666285945e-08,5.0659450511831585e-08
EXP-EMBED-C1-FUSED-EQUIV-001,GOLD-MODEL-C1-B2-R00121,2,96,1076.3258,1076.3258,5.66406242796802e-06,5.262405145326833e-09
EXP-EMBED-C1-FUSED-EQUIV-001,GOLD-MODEL-C1-B2-R00121,2,97,1.910213,1.910213,6.378173766918849e-09,3.3389856350673192e-09
EXP-EMBED-C1-FUSED-EQUIV-001,GOLD-MODEL-C1-B2-R00121,2,98,0.463017,0.463017,1.3153076183769485e-08,2.8407328853518304e-08
EXP-EMBED-C1-FUSED-EQUIV-001,GOLD-MODEL-C1-B2-R00121,2,99,1.345643,1.345643,4.351806648372758e-08,3.233997909083433e-08
EXP-EMBED-C1-FUSED-EQUIV-001,GOLD-MODEL-C1-B2-R00121,2,100,1.798514,1.798514,8.522033745350654e-09,4.738374983653536e-09
EXP-EMBED-C1-FUSED-EQUIV-001,GOLD-MODEL-C1-B2-R00121,2,101,-0.185765,-0.185765,1.8024444714548338e-09,9.702820614512065e-09
EXP-EMBED-C1-FUSED-EQUIV-001,GOLD-MODEL-C1-B2-R00121,2,102,-0.300375,-0.300375,1.4543533322086688e-08,4.8417922004450065e-08
EXP-EMBED-C1-FUSED-EQUIV-001,GOLD-MODEL-C1-B2-R00121,2,103,-0.66323,-0.66323,1.926422132925154e-09,2.9046064456148758e-09
EXP-EMBED-C1-FUSED-EQUIV-001,GOLD-MODEL-C1-B2-R00121,2,104,1148.5906,1148.5906,2.382812499490683e-05,2.0745533695737043e-08
EXP-EMBED-C1-FUSED-EQUIV-001,GOLD-MODEL-C1-B2-R00121,2,105,1.935125,1.935125,6.6757201988565384e-09,3.4497617460662946e-09
EXP-EMBED-C1-FUSED-EQUIV-001,GOLD-MODEL-C1-B2-R00121,2,106,0.477912,0.477912,8.762359615666071e-09,1.8334671687812967e-08
EXP-EMBED-C1-FUSED-EQUIV-001,GOLD-MODEL-C1-B2-R00121,2,107,1.389685,1.389685,3.4751892030726594e-08,2.500702823353968e-08
EXP-EMBED-C1-FUSED-EQUIV-001,GOLD-MODEL-C1-B2-R00121,2,108,1.771391,1.771391,3.412628180043953e-08,1.9265245109882308e-08
EXP-EMBED-C1-FUSED-EQUIV-001,GOLD-MODEL-C1-B2-R00121,2,109,-0.194917,-0.194917,6.620407111412874e-09,3.396526270880874e-08
EXP-EMBED-C1-FUSED-EQUIV-001,GOLD-MODEL-C1-B2-R00121,2,110,-0.313881,-0.313881,9.817123391986371e-09,3.127657740349486e-08
EXP-EMBED-C1-FUSED-EQUIV-001,GOLD-MODEL-C1-B2-R00121,2,111,-1.430962,-1.430962,3.3485412664902015e-08,2.3400630250769772e-08
EXP-EMBED-C1-FUSED-EQUIV-001,GOLD-MODEL-C1-B2-R00121,2,112,5188.9441,5188.9443,0.0002359375002924935,4.5469269998976e-08
EXP-EMBED-C1-FUSED-EQUIV-001,GOLD-MODEL-C1-B2-R00121,2,113,4.218605,4.218605,4.150390608970156e-08,9.838301071017921e-09
EXP-EMBED-C1-FUSED-EQUIV-001,GOLD-MODEL-C1-B2-R00121,2,114,2.06196,2.06196,1.8081665054126006e-08,8.769163831561237e-09
EXP-EMBED-C1-FUSED-EQUIV-001,GOLD-MODEL-C1-B2-R00121,2,115,4.665915,4.665915,1.2359619105950514e-08,2.6489164731784686e-09
EXP-EMBED-C1-FUSED-EQUIV-001,GOLD-MODEL-C1-B2-R00121,2,116,5.483417,5.483417,3.414916971422599e-08,6.2277170811969964e-09
EXP-EMBED-C1-FUSED-EQUIV-001,GOLD-MODEL-C1-B2-R00121,2,117,-0.926531,-0.926531,1.6826629645194657e-08,1.816089223695123e-08
EXP-EMBED-C1-FUSED-EQUIV-001,GOLD-MODEL-C1-B2-R00121,2,118,-1.324933,-1.324933,5.20629883649093e-08,3.9294808390242605e-08
EXP-EMBED-C1-FUSED-EQUIV-001,GOLD-MODEL-C1-B2-R00121,2,119,-1.994712,-1.994712,4.875183146069162e-09,2.4440536508875276e-09
EXP-EMBED-C1-FUSED-EQUIV-001,GOLD-MODEL-C1-B2-R00121,2,120,4513.4586,4513.4585,0.00010390624993306119,2.3021425284162614e-08
EXP-EMBED-C1-FUSED-EQUIV-001,GOLD-MODEL-C1-B2-R00121,2,121,4.189286,4.189286,2.319946288409369e-07,5.537808324400313e-08
EXP-EMBED-C1-FUSED-EQUIV-001,GOLD-MODEL-C1-B2-R00121,2,122,1.786611,1.786611,3.90396117655456e-08,2.1851209785199802e-08
EXP-EMBED-C1-FUSED-EQUIV-001,GOLD-MODEL-C1-B2-R00121,2,123,4.068794,4.068794,2.2634887653083524e-07,5.563045868894696e-08
EXP-EMBED-C1-FUSED-EQUIV-001,GOLD-MODEL-C1-B2-R00121,2,124,4.598068,4.598068,2.3730468790006398e-07,5.1609651684156044e-08
EXP-EMBED-C1-FUSED-EQUIV-001,GOLD-MODEL-C1-B2-R00121,2,125,-0.80461,-0.80461,1.39617919447943e-08,1.7352247604173823e-08
EXP-EMBED-C1-FUSED-EQUIV-001,GOLD-MODEL-C1-B2-R00121,2,126,-1.144059,-1.144059,5.720520013241526e-08,5.00019667975299e-08
EXP-EMBED-C1-FUSED-EQUIV-001,GOLD-MODEL-C1-B2-R00121,2,127,-1.805669,-1.805669,4.9919128386477496e-08,2.764578025456354e-08
EXP-EMBED-C1-FUSED-EQUIV-001,GOLD-MODEL-C1-B2-R00218,2,0,-259.7735,-259.7735,1.4648437627329258e-06,5.638926844858794e-09
EXP-EMBED-C1-FUSED-EQUIV-001,GOLD-MODEL-C1-B2-R00218,2,1,0.976898,0.976898,1.4545440629731843e-08,1.4889415916228554e-08
EXP-EMBED-C1-FUSED-EQUIV-001,GOLD-MODEL-C1-B2-R00218,2,2,11.140198,11.140198,2.460937498227622e-07,2.209060824796491e-08
EXP-EMBED-C1-FUSED-EQUIV-001,GOLD-MODEL-C1-B2-R00218,2,3,86.821795,86.82179,2.3974609320021045e-06,2.7613584031545358e-08
EXP-EMBED-C1-FUSED-EQUIV-001,GOLD-MODEL-C1-B2-R00218,2,4,493.970327,493.97034,9.91406250250293e-06,2.0070157984414578e-08
EXP-EMBED-C1-FUSED-EQUIV-001,GOLD-MODEL-C1-B2-R00218,2,5,-0.040806,-0.040806,8.103847523588392e-10,1.9859450873862647e-08
EXP-EMBED-C1-FUSED-EQUIV-001,GOLD-MODEL-C1-B2-R00218,2,6,-0.143199,-0.143199,3.2176971365149853e-09,2.2470108984804262e-08
EXP-EMBED-C1-FUSED-EQUIV-001,GOLD-MODEL-C1-B2-R00218,2,7,-0.497861,-0.497861,2.0847320536532266e-09,4.187377709146181e-09
EXP-EMBED-C1-FUSED-EQUIV-001,GOLD-MODEL-C1-B2-R00218,2,8,356.7539,356.7539,6.250000012641976e-06,1.7519079714733255e-08
EXP-EMBED-C1-FUSED-EQUIV-001,GOLD-MODEL-C1-B2-R00218,2,9,1.032322,1.032322,4.914093021390897e-08,4.760232777554772e-08
EXP-EMBED-C1-FUSED-EQUIV-001,GOLD-MODEL-C1-B2-R00218,2,10,2.522969,2.522969,7.492065634551182e-09,2.9695432779995243e-09
EXP-EMBED-C1-FUSED-EQUIV-001,GOLD-MODEL-C1-B2-R00218,2,11,3.12837,3.12837,4.661560071284043e-08,1.4900923072667374e-08
EXP-EMBED-C1-FUSED-EQUIV-001,GOLD-MODEL-C1-B2-R00218,2,12,3.760122,3.760122,6.077575687157832e-08,1.6163240679844516e-08
EXP-EMBED-C1-FUSED-EQUIV-001,GOLD-MODEL-C1-B2-R00218,2,13,-0.063545,-0.063545,3.5333633380263407e-09,5.5604112644997096e-08
EXP-EMBED-C1-FUSED-EQUIV-001,GOLD-MODEL-C1-B2-R00218,2,14,-0.190324,-0.190324,6.436347954608124e-09,3.381784722162273e-08
EXP-EMBED-C1-FUSED-EQUIV-001,GOLD-MODEL-C1-B2-R00218,2,15,-0.565157,-0.565157,3.7498474325659e-09,6.635054387658474e-09
EXP-EMBED-C1-FUSED-EQUIV-001,GOLD-MODEL-C1-B2-R00218,2,16,-486.4375,-486.4375,0.0,0.0
EXP-EMBED-C1-FUSED-EQUIV-001,GOLD-MODEL-C1-B2-R00218,2,17,0.954251,0.954251,8.655548056069051e-09,9.070515049047946e-09
EXP-EMBED-C1-FUSED-EQUIV-001,GOLD-MODEL-C1-B2-R00218,2,18,38.161593,38.161594,1.3908691371966597e-06,3.6446831168621805e-08
EXP-EMBED-C1-FUSED-EQUIV-001,GOLD-MODEL-C1-B2-R00218,2,19,314.520391,314.5204,5.257812517811544e-06,1.6716920963676228e-08
EXP-EMBED-C1-FUSED-EQUIV-001,GOLD-MODEL-C1-B2-R00218,2,20,3069.64214,3069.642,5.015624992665835e-05,1.6339445329173892e-08
EXP-EMBED-C1-FUSED-EQUIV-001,GOLD-MODEL-C1-B2-R00218,2,21,-3.16302,-3.16302,1.0444641107554276e-07,3.302110358946284e-08
EXP-EMBED-C1-FUSED-EQUIV-001,GOLD-MODEL-C1-B2-R00218,2,22,-31.651618,-31.651617,9.498291007048465e-07,3.000886402410286e-08
EXP-EMBED-C1-FUSED-EQUIV-001,GOLD-MODEL-C1-B2-R00218,2,23,-2.089466,-2.089466,9.497070330155566e-08,4.545214102625057e-08
EXP-EMBED-C1-FUSED-EQUIV-001,GOLD-MODEL-C1-B2-R00218,2,24,717.7803,717.7803,2.6562500011095835e-05,3.7006448924686054e-08
EXP-EMBED-C1-FUSED-EQUIV-001,GOLD-MODEL-C1-B2-R00218,2,25,1.082317,1.082317,5.332946750868928e-09,4.92734268321474e-09
EXP-EMBED-C1-FUSED-EQUIV-001,GOLD-MODEL-C1-B2-R00218,2,26,38.584139,38.58414,1.7775878902170916e-06,4.6070430396725754e-08
EXP-EMBED-C1-FUSED-EQUIV-001,GOLD-MODEL-C1-B2-R00218,2,27,315.181196,315.18118,1.3138671874912689e-05,4.1686090546190736e-08
EXP-EMBED-C1-FUSED-EQUIV-001,GOLD-MODEL-C1-B2-R00218,2,28,1650.954484,1650.9545,1.622656259314681e-05,9.828594761638994e-09
EXP-EMBED-C1-FUSED-EQUIV-001,GOLD-MODEL-C1-B2-R00218,2,29,-11.500971,-11.500971,1.5954589827060772e-07,1.3872385059540428e-08
EXP-EMBED-C1-FUSED-EQUIV-001,GOLD-MODEL-C1-B2-R00218,2,30,-110.45307,-110.45307,1.594238284496896e-06,1.4433625833097225e-08
EXP-EMBED-C1-FUSED-EQUIV-001,GOLD-MODEL-C1-B2-R00218,2,31,-240.7589,-240.7589,4.1259765737322596e-06,1.713737923595871e-08
EXP-EMBED-C1-FUSED-EQUIV-001,GOLD-MODEL-C1-B2-R00218,2,32,1565.7112,1565.7112,1.8359374962528818e-05,1.172590127893881e-08
EXP-EMBED-C1-FUSED-EQUIV-001,GOLD-MODEL-C1-B2-R00218,2,33,2.321114,2.321114,6.326293933156535e-08,2.725542103126574e-08
EXP-EMBED-C1-FUSED-EQUIV-001,GOLD-MODEL-C1-B2-R00218,2,34,2.213231,2.213231,8.673095708289225e-08,3.918748521184289e-08
EXP-EMBED-C1-FUSED-EQUIV-001,GOLD-MODEL-C1-B2-R00218,2,35,5.732519,5.732519,1.4978027351730816e-07,2.612817742380063e-08
EXP-EMBED-C1-FUSED-EQUIV-001,GOLD-MODEL-C1-B2-R00218,2,36,7.1315,7.1315,2.32696533153387e-07,3.2629395380128585e-08
EXP-EMBED-C1-FUSED-EQUIV-001,GOLD-MODEL-C1-B2-R00218,2,37,-0.294029,-0.294029,2.5787353363782017e-09,8.770343525224388e-09
EXP-EMBED-C1-FUSED-EQUIV-001,GOLD-MODEL-C1-B2-R00218,2,38,-0.417365,-0.417365,1.4553070082357067e-08,3.4868927874539236e-08
EXP-EMBED-C1-FUSED-EQUIV-001,GOLD-MODEL-C1-B2-R00218,2,39,-0.634009,-0.634009,3.6392211466562685e-09,5.740014962967826e-09
EXP-EMBED-C1-FUSED-EQUIV-001,GOLD-MODEL-C1-B2-R00218,2,40,1715.6909,1715.6909,1.7968749943975126e-05,1.0473186017350284e-08
EXP-EMBED-C1-FUSED-EQUIV-001,GOLD-MODEL-C1-B2-R00218,2,41,2.303551,2.303551,4.1366577274715155e-08,1.795774318637406e-08
EXP-EMBED-C1-FUSED-EQUIV-001,GOLD-MODEL-C1-B2-R00218,2,42,2.555754,2.555754,5.369567857016477e-08,2.1009721033465965e-08
EXP-EMBED-C1-FUSED-EQUIV-001,GOLD-MODEL-C1-B2-R00218,2,43,6.685531,6.685531,1.3937377918438187e-07,2.0847076946375968e-08
EXP-EMBED-C1-FUSED-EQUIV-001,GOLD-MODEL-C1-B2-R00218,2,44,8.330167,8.330167,1.8328857365190743e-07,2.2002989093965036e-08
EXP-EMBED-C1-FUSED-EQUIV-001,GOLD-MODEL-C1-B2-R00218,2,45,-0.334731,-0.334731,1.2582778929903782e-08,3.759071890534125e-08
EXP-EMBED-C1-FUSED-EQUIV-001,GOLD-MODEL-C1-B2-R00218,2,46,-0.475325,-0.475325,1.163482665766935e-08,2.4477624062839848e-08
EXP-EMBED-C1-FUSED-EQUIV-001,GOLD-MODEL-C1-B2-R00218,2,47,-0.787303,-0.787303,2.9113769506317055e-08,3.697911668864091e-08
EXP-EMBED-C1-FUSED-EQUIV-001,GOLD-MODEL-C1-B2-R00218,2,48,4638.2558,4638.256,5.9375000091677066e-05,1.2801148244492481e-08
EXP-EMBED-C1-FUSED-EQUIV-001,GOLD-MODEL-C1-B2-R00218,2,49,3.591218,3.591218,5.31005861503786e-09,1.4786233013528725e-09
EXP-EMBED-C1-FUSED-EQUIV-001,GOLD-MODEL-C1-B2-R00218,2,50,14.602278,14.602278,2.4426269540356316e-07,1.6727711621677327e-08
EXP-EMBED-C1-FUSED-EQUIV-001,GOLD-MODEL-C1-B2-R00218,2,51,34.636236,34.636234,1.7165527310680773e-06,4.955944782995697e-08
EXP-EMBED-C1-FUSED-EQUIV-001,GOLD-MODEL-C1-B2-R00218,2,52,38.816355,38.816357,1.6589355453788812e-06,4.2738055785477054e-08
EXP-EMBED-C1-FUSED-EQUIV-001,GOLD-MODEL-C1-B2-R00218,2,53,-0.732751,-0.732751,1.1848449665841088e-08,1.616981712183414e-08
EXP-EMBED-C1-FUSED-EQUIV-001,GOLD-MODEL-C1-B2-R00218,2,54,-0.972703,-0.972703,1.995849607805411e-08,2.0518592086231986e-08
EXP-EMBED-C1-FUSED-EQUIV-001,GOLD-MODEL-C1-B2-R00218,2,55,-1.387309,-1.387309,4.480743398538323e-08,3.2298092195309934e-08
EXP-EMBED-C1-FUSED-EQUIV-001,GOLD-MODEL-C1-B2-R00218,2,56,4991.1106,4991.111,0.00023984375002328306,4.805418457833474e-08
EXP-EMBED-C1-FUSED-EQUIV-001,GOLD-MODEL-C1-B2-R00218,2,57,3.63001,3.63001,1.1039733882611813e-07,3.041240625400981e-08
EXP-EMBED-C1-FUSED-EQUIV-001,GOLD-MODEL-C1-B2-R00218,2,58,15.848479,15.848479,2.7093505927666683e-07,1.7095335096615066e-08
EXP-EMBED-C1-FUSED-EQUIV-001,GOLD-MODEL-C1-B2-R00218,2,59,38.08873,38.08873,1.416015606992005e-07,3.717676086842499e-09
EXP-EMBED-C1-FUSED-EQUIV-001,GOLD-MODEL-C1-B2-R00218,2,60,42.943439,42.94344,4.836425802068334e-07,1.1262316001446307e-08
EXP-EMBED-C1-FUSED-EQUIV-001,GOLD-MODEL-C1-B2-R00218,2,61,-0.805142,-0.805142,1.4583587670813358e-08,1.811306287687558e-08
EXP-EMBED-C1-FUSED-EQUIV-001,GOLD-MODEL-C1-B2-R00218,2,62,-1.082019,-1.082019,2.8556823794545494e-08,2.6392164827554315e-08
EXP-EMBED-C1-FUSED-EQUIV-001,GOLD-MODEL-C1-B2-R00218,2,63,-1.400277,-1.400277,1.8547058111550996e-08,1.3245277978250728e-08
EXP-EMBED-C1-FUSED-EQUIV-001,GOLD-MODEL-C1-B2-R00218,2,64,537.4375,537.4375,0.0,0.0
EXP-EMBED-C1-FUSED-EQUIV-001,GOLD-MODEL-C1-B2-R00218,2,65,1.092642,1.092642,5.034637440282097e-08,4.607764885737595e-08
EXP-EMBED-C1-FUSED-EQUIV-001,GOLD-MODEL-C1-B2-R00218,2,66,2.185334,2.185334,3.279113780507714e-08,1.5005092038597826e-08
EXP-EMBED-C1-FUSED-EQUIV-001,GOLD-MODEL-C1-B2-R00218,2,67,2.706523,2.706523,5.8410644321327254e-08,2.15814328277747e-08
EXP-EMBED-C1-FUSED-EQUIV-001,GOLD-MODEL-C1-B2-R00218,2,68,3.063997,3.063997,3.025817862933877e-08,9.875394339269514e-09
EXP-EMBED-C1-FUSED-EQUIV-001,GOLD-MODEL-C1-B2-R00218,2,69,-0.057332,-0.057332,1.6264915456143392e-09,2.836969834672328e-08
EXP-EMBED-C1-FUSED-EQUIV-001,GOLD-MODEL-C1-B2-R00218,2,70,-0.161494,-0.161494,1.7461776746774405e-09,1.0812647371898897e-08
EXP-EMBED-C1-FUSED-EQUIV-001,GOLD-MODEL-C1-B2-R00218,2,71,-0.517589,-0.517589,2.6954650844679406e-08,5.207732553180112e-08
EXP-EMBED-C1-FUSED-EQUIV-001,GOLD-MODEL-C1-B2-R00218,2,72,407.0522,407.0522,1.494140627755769e-05,3.670636414090794e-08
EXP-EMBED-C1-FUSED-EQUIV-001,GOLD-MODEL-C1-B2-R00218,2,73,1.063936,1.063936,4.898071281900229e-09,4.60372736884571e-09
EXP-EMBED-C1-FUSED-EQUIV-001,GOLD-MODEL-C1-B2-R00218,2,74,1.610186,1.610186,1.9203185930294353e-08,1.1926066883139187e-08
EXP-EMBED-C1-FUSED-EQUIV-001,GOLD-MODEL-C1-B2-R00218,2,75,2.015843,2.015843,8.541870100131632e-08,4.2373687336422695e-08
EXP-EMBED-C1-FUSED-EQUIV-001,GOLD-MODEL-C1-B2-R00218,2,76,2.336544,2.336544,3.686523442070211e-08,1.577767609799007e-08
EXP-EMBED-C1-FUSED-EQUIV-001,GOLD-MODEL-C1-B2-R00218,2,77,-0.054309,-0.054309,6.70194628960008e-10,1.2340397152589957e-08
EXP-EMBED-C1-FUSED-EQUIV-001,GOLD-MODEL-C1-B2-R00218,2,78,-0.168306,-0.168306,6.919860850995718e-09,4.111476032343302e-08
EXP-EMBED-C1-FUSED-EQUIV-001,GOLD-MODEL-C1-B2-R00218,2,79,-0.706283,-0.706283,2.6710510248051378e-08,3.781842441068435e-08
EXP-EMBED-C1-FUSED-EQUIV-001,GOLD-MODEL-C1-B2-R00218,2,80,5502.3342,5502.334,0.00021562500023719622,3.918791414690809e-08
EXP-EMBED-C1-FUSED-EQUIV-001,GOLD-MODEL-C1-B2-R00218,2,81,3.620498,3.620498,5.802917479869052e-08,1.602795383361364e-08
EXP-EMBED-C1-FUSED-EQUIV-001,GOLD-MODEL-C1-B2-R00218,2,82,14.326649,14.326649,2.878417966201141e-07,2.0091355390930155e-08
EXP-EMBED-C1-FUSED-EQUIV-001,GOLD-MODEL-C1-B2-R00218,2,83,29.040029,29.04003,5.257568354011255e-07,1.8104556142183106e-08
EXP-EMBED-C1-FUSED-EQUIV-001,GOLD-MODEL-C1-B2-R00218,2,84,31.471552,31.471552,1.0485839752050197e-07,3.3318470446103824e-09
EXP-EMBED-C1-FUSED-EQUIV-001,GOLD-MODEL-C1-B2-R00218,2,85,-0.792778,-0.792778,1.513671876729461e-08,1.9093262889856443e-08
EXP-EMBED-C1-FUSED-EQUIV-001,GOLD-MODEL-C1-B2-R00218,2,86,-1.016876,-1.016876,1.771545399265051e-08,1.7421449609048213e-08
EXP-EMBED-C1-FUSED-EQUIV-001,GOLD-MODEL-C1-B2-R00218,2,87,-1.580055,-1.580055,1.602172838843785e-09,1.0139981449024147e-09
EXP-EMBED-C1-FUSED-EQUIV-001,GOLD-MODEL-C1-B2-R00218,2,88,4157.099,4157.099,0.00012109374983992893,2.9129388027547318e-08
EXP-EMBED-C1-FUSED-EQUIV-001,GOLD-MODEL-C1-B2-R00218,2,89,3.539082,3.539082,5.03234862669899e-08,1.421936148046016e-08
EXP-EMBED-C1-FUSED-EQUIV-001,GOLD-MODEL-C1-B2-R00218,2,90,10.917268,10.917268,2.006225585660104e-07,1.8376626695067887e-08
EXP-EMBED-C1-FUSED-EQUIV-001,GOLD-MODEL-C1-B2-R00218,2,91,20.380549,20.380548,5.228271469093215e-07,2.56532415740774e-08
EXP-EMBED-C1-FUSED-EQUIV-001,GOLD-MODEL-C1-B2-R00218,2,92,21.945623,21.945623,3.978271472249162e-07,1.8127858444707454e-08
EXP-EMBED-C1-FUSED-EQUIV-001,GOLD-MODEL-C1-B2-R00218,2,93,-0.617925,-0.617925,1.1730194038328534e-08,1.8983200288592522e-08
EXP-EMBED-C1-FUSED-EQUIV-001,GOLD-MODEL-C1-B2-R00218,2,94,-0.796817,-0.796817,4.68063354741588e-09,5.874163763343252e-09
EXP-EMBED-C1-FUSED-EQUIV-001,GOLD-MODEL-C1-B2-R00218,2,95,-1.282821,-1.282821,5.92269897570219e-08,4.6169332866410746e-08
EXP-EMBED-C1-FUSED-EQUIV-001,GOLD-MODEL-C1-B2-R00218,2,96,1925.117,1925.117,5.664062496180122e-05,2.94219130379095e-08
EXP-EMBED-C1-FUSED-EQUIV-001,GOLD-MODEL-C1-B2-R00218,2,97,2.393638,2.393638,1.0441589370913107e-07,4.362225771362715e-08
EXP-EMBED-C1-FUSED-EQUIV-001,GOLD-MODEL-C1-B2-R00218,2,98,2.556562,2.556562,5.313110351679029e-08,2.0782247219817196e-08
EXP-EMBED-C1-FUSED-EQUIV-001,GOLD-MODEL-C1-B2-R00218,2,99,7.136938,7.136938,9.509277365538082e-08,1.3324029668659141e-08
EXP-EMBED-C1-FUSED-EQUIV-001,GOLD-MODEL-C1-B2-R00218,2,100,9.259987,9.259987,1.2255859438425887e-07,1.3235287952808017e-08
EXP-EMBED-C1-FUSED-EQUIV-001,GOLD-MODEL-C1-B2-R00218,2,101,-0.367745,-0.367745,1.2044906627650676e-08,3.275342051598438e-08
EXP-EMBED-C1-FUSED-EQUIV-001,GOLD-MODEL-C1-B2-R00218,2,102,-0.544674,-0.544674,2.071762084110418e-08,3.803673544377771e-08
EXP-EMBED-C1-FUSED-EQUIV-001,GOLD-MODEL-C1-B2-R00218,2,103,-1.018197,-1.018197,5.9577941913246946e-08,5.851317762009409e-08
EXP-EMBED-C1-FUSED-EQUIV-001,GOLD-MODEL-C1-B2-R00218,2,104,1997.0853,1997.0853,2.7148437538926373e-05,1.3594030029126133e-08
EXP-EMBED-C1-FUSED-EQUIV-001,GOLD-MODEL-C1-B2-R00218,2,105,2.360379,2.360379,1.9363403325201034e-08,8.203514488648236e-09
EXP-EMBED-C1-FUSED-EQUIV-001,GOLD-MODEL-C1-B2-R00218,2,106,2.656989,2.656989,9.75952150206183e-08,3.673150886985919e-08
EXP-EMBED-C1-FUSED-EQUIV-001,GOLD-MODEL-C1-B2-R00218,2,107,7.060699,7.060699,1.3946532817499246e-08,1.97523401259553e-09
EXP-EMBED-C1-FUSED-EQUIV-001,GOLD-MODEL-C1-B2-R00218,2,108,9.080563,9.080563,4.0844726534317033e-07,4.498039002021905e-08
EXP-EMBED-C1-FUSED-EQUIV-001,GOLD-MODEL-C1-B2-R00218,2,109,-0.373806,-0.373806,2.441406521391798e-10,6.531212771843678e-10
EXP-EMBED-C1-FUSED-EQUIV-001,GOLD-MODEL-C1-B2-R00218,2,110,-0.545177,-0.545177,1.7120361350819735e-08,3.140330819315513e-08
EXP-EMBED-C1-FUSED-EQUIV-001,GOLD-MODEL-C1-B2-R00218,2,111,-1.00485,-1.00485,2.994537351419524e-08,2.9800839442897188e-08
EXP-EMBED-C1-FUSED-EQUIV-001,GOLD-MODEL-C1-B2-R00218,2,112,5811.0092,5811.0093,7.734374958090484e-05,1.3309865277946013e-08
EXP-EMBED-C1-FUSED-EQUIV-001,GOLD-MODEL-C1-B2-R00218,2,113,3.931575,3.931575,5.989074702839048e-08,1.523327089738603e-08
EXP-EMBED-C1-FUSED-EQUIV-001,GOLD-MODEL-C1-B2-R00218,2,114,17.349274,17.349274,3.183593761946213e-07,1.8350011429563064e-08
EXP-EMBED-C1-FUSED-EQUIV-001,GOLD-MODEL-C1-B2-R00218,2,115,45.150204,45.150204,2.9516601784962404e-07,6.537423792141095e-09
EXP-EMBED-C1-FUSED-EQUIV-001,GOLD-MODEL-C1-B2-R00218,2,116,52.253491,52.25349,5.520019499272166e-07,1.0563924808913087e-08
EXP-EMBED-C1-FUSED-EQUIV-001,GOLD-MODEL-C1-B2-R00218,2,117,-0.954533,-0.954533,1.908111568749149e-08,1.9990001065957376e-08
EXP-EMBED-C1-FUSED-EQUIV-001,GOLD-MODEL-C1-B2-R00218,2,118,-1.326995,-1.326995,1.5144348219919834e-08,1.1412513400517587e-08
EXP-EMBED-C1-FUSED-EQUIV-001,GOLD-MODEL-C1-B2-R00218,2,119,-1.873343,-1.873343,9.124755839806653e-09,4.87084097242558e-09
EXP-EMBED-C1-FUSED-EQUIV-001,GOLD-MODEL-C1-B2-R00218,2,120,4848.1088,4848.109,8.671875002619345e-05,1.7887129518667865e-08
EXP-EMBED-C1-FUSED-EQUIV-001,GOLD-MODEL-C1-B2-R00218,2,121,3.747612,3.747612,4.88281415300662e-10,1.3029134694324334e-10
EXP-EMBED-C1-FUSED-EQUIV-001,GOLD-MODEL-C1-B2-R00218,2,122,14.291344,14.291344,3.110351567414682e-07,2.1763884260393438e-08
EXP-EMBED-C1-FUSED-EQUIV-001,GOLD-MODEL-C1-B2-R00218,2,123,36.049671,36.04967,1.7309570665702267e-07,4.801589081271302e-09
EXP-EMBED-C1-FUSED-EQUIV-001,GOLD-MODEL-C1-B2-R00218,2,124,41.523333,41.523335,1.5031738271886752e-06,3.6200702558936566e-08
EXP-EMBED-C1-FUSED-EQUIV-001,GOLD-MODEL-C1-B2-R00218,2,125,-0.778954,-0.778954,2.9083251917860764e-08,3.733628932884453e-08
EXP-EMBED-C1-FUSED-EQUIV-001,GOLD-MODEL-C1-B2-R00218,2,126,-1.071689,-1.071689,9.666442979394674e-09,9.019821029603434e-09
EXP-EMBED-C1-FUSED-EQUIV-001,GOLD-MODEL-C1-B2-R00218,2,127,-1.555157,-1.555157,5.381774892398994e-08,3.460599085750824e-08
EXP-EMBED-C1-FUSED-EQUIV-001,GOLD-MODEL-C1-B2-R00231,2,0,81.1367,81.1367,3.491210932793365e-06,4.302875188161911e-08
EXP-EMBED-C1-FUSED-EQUIV-001,GOLD-MODEL-C1-B2-R00231,2,1,1.006845,1.006845,2.5939941306063474e-09,2.5763589535691665e-09
EXP-EMBED-C1-FUSED-EQUIV-001,GOLD-MODEL-C1-B2-R00231,2,2,0.047755,0.047755,7.498264301131208e-10,1.5701527172298623e-08
EXP-EMBED-C1-FUSED-EQUIV-001,GOLD-MODEL-C1-B2-R00231,2,3,0.093225,0.093225,2.288818357065736e-09,2.455155116187435e-08
EXP-EMBED-C1-FUSED-EQUIV-001,GOLD-MODEL-C1-B2-R00231,2,4,0.489323,0.489323,9.820938118298983e-09,2.0070460857754454e-08
EXP-EMBED-C1-FUSED-EQUIV-001,GOLD-MODEL-C1-B2-R00231,2,5,-0.048725,-0.048725,1.5139579798151281e-09,3.107148239743721e-08
EXP-EMBED-C1-FUSED-EQUIV-001,GOLD-MODEL-C1-B2-R00231,2,6,-0.109067,-0.109067,4.4870376858519023e-10,4.114019534645587e-09
EXP-EMBED-C1-FUSED-EQUIV-001,GOLD-MODEL-C1-B2-R00231,2,7,-0.547751,-0.547751,9.464263928116168e-09,1.727840556770534e-08
EXP-EMBED-C1-FUSED-EQUIV-001,GOLD-MODEL-C1-B2-R00231,2,8,41.8135,41.8135,5.493164039194198e-07,1.3137297856420052e-08
EXP-EMBED-C1-FUSED-EQUIV-001,GOLD-MODEL-C1-B2-R00231,2,9,1.002957,1.002957,1.357269296953234e-08,1.3532676844104323e-08
EXP-EMBED-C1-FUSED-EQUIV-001,GOLD-MODEL-C1-B2-R00231,2,10,0.036118,0.036118,7.4577331810044e-10,2.0648245143707847e-08
EXP-EMBED-C1-FUSED-EQUIV-001,GOLD-MODEL-C1-B2-R00231,2,11,0.094306,0.094306,4.229545602640883e-10,4.4849167631337166e-09
EXP-EMBED-C1-FUSED-EQUIV-001,GOLD-MODEL-C1-B2-R00231,2,12,0.652786,0.652786,1.6464233421054075e-08,2.5221486706292835e-08
EXP-EMBED-C1-FUSED-EQUIV-001,GOLD-MODEL-C1-B2-R00231,2,13,-0.034495,-0.034495,2.038478830179713e-10,5.909490738309068e-09
EXP-EMBED-C1-FUSED-EQUIV-001,GOLD-MODEL-C1-B2-R00231,2,14,-0.108693,-0.108693,3.6544799825177776e-09,3.3622036216847244e-08
EXP-EMBED-C1-FUSED-EQUIV-001,GOLD-MODEL-C1-B2-R00231,2,15,-0.724221,-0.724221,8.865356448950479e-09,1.2241230852116244e-08
EXP-EMBED-C1-FUSED-EQUIV-001,GOLD-MODEL-C1-B2-R00231,2,16,-41.9985,-41.9985,8.239746094318434e-07,1.9619143765416467e-08
EXP-EMBED-C1-FUSED-EQUIV-001,GOLD-MODEL-C1-B2-R00231,2,17,0.992819,0.992819,1.1211395256616186e-08,1.1292486602911695e-08
EXP-EMBED-C1-FUSED-EQUIV-001,GOLD-MODEL-C1-B2-R00231,2,18,0.011234,0.011234,3.25202942699776e-10,2.8948098869483357e-08
EXP-EMBED-C1-FUSED-EQUIV-001,GOLD-MODEL-C1-B2-R00231,2,19,0.05286,0.05286,7.605552646006153e-10,1.4388105648895485e-08
EXP-EMBED-C1-FUSED-EQUIV-001,GOLD-MODEL-C1-B2-R00231,2,20,0.399245,0.399245,6.074905412045695e-09,1.5215983699346754e-08
EXP-EMBED-C1-FUSED-EQUIV-001,GOLD-MODEL-C1-B2-R00231,2,21,-0.012638,-0.012638,1.5991926186065264e-10,1.2653842527350264e-08
EXP-EMBED-C1-FUSED-EQUIV-001,GOLD-MODEL-C1-B2-R00231,2,22,-0.063758,-0.063758,7.314682054504473e-10,1.1472571370658542e-08
EXP-EMBED-C1-FUSED-EQUIV-001,GOLD-MODEL-C1-B2-R00231,2,23,-0.397298,-0.397298,8.203506485227052e-09,2.0648245108777423e-08
EXP-EMBED-C1-FUSED-EQUIV-001,GOLD-MODEL-C1-B2-R00231,2,24,0.0,0.0,0.0,0.0
EXP-EMBED-C1-FUSED-EQUIV-001,GOLD-MODEL-C1-B2-R00231,2,25,1.0,1.0,0.0,0.0
EXP-EMBED-C1-FUSED-EQUIV-001,GOLD-MODEL-C1-B2-R00231,2,26,0.0001,1e-04,2.526212488436659e-12,2.526212488436659e-08
EXP-EMBED-C1-FUSED-EQUIV-001,GOLD-MODEL-C1-B2-R00231,2,27,0.0001,1e-04,2.526212488436659e-12,2.526212488436659e-08
EXP-EMBED-C1-FUSED-EQUIV-001,GOLD-MODEL-C1-B2-R00231,2,28,0.0001,1e-04,2.526212488436659e-12,2.526212488436659e-08
EXP-EMBED-C1-FUSED-EQUIV-001,GOLD-MODEL-C1-B2-R00231,2,29,0.0,0.0,0.0,0.0
EXP-EMBED-C1-FUSED-EQUIV-001,GOLD-MODEL-C1-B2-R00231,2,30,0.0,0.0,0.0,0.0
EXP-EMBED-C1-FUSED-EQUIV-001,GOLD-MODEL-C1-B2-R00231,2,31,0.0,0.0,0.0,0.0
EXP-EMBED-C1-FUSED-EQUIV-001,GOLD-MODEL-C1-B2-R00231,2,32,-16.6831,-16.6831,2.532958980339117e-07,1.518278365734856e-08
EXP-EMBED-C1-FUSED-EQUIV-001,GOLD-MODEL-C1-B2-R00231,2,33,0.99512,0.99512,1.1081695561188099e-08,1.1136039433624184e-08
EXP-EMBED-C1-FUSED-EQUIV-001,GOLD-MODEL-C1-B2-R00231,2,34,0.008227,0.008227,1.2993812623096623e-11,1.5794107965353863e-09
EXP-EMBED-C1-FUSED-EQUIV-001,GOLD-MODEL-C1-B2-R00231,2,35,0.041566,0.041566,6.113052355982695e-10,1.4706857421889755e-08
EXP-EMBED-C1-FUSED-EQUIV-001,GOLD-MODEL-C1-B2-R00231,2,36,0.407016,0.407016,9.092330943705207e-09,2.2339001276866774e-08
EXP-EMBED-C1-FUSED-EQUIV-001,GOLD-MODEL-C1-B2-R00231,2,37,-0.008003,-0.008003,1.6999244720206086e-10,2.124109049132336e-08
EXP-EMBED-C1-FUSED-EQUIV-001,GOLD-MODEL-C1-B2-R00231,2,38,-0.047401,-0.047401,1.857280718109422e-10,3.918231088182574e-09
EXP-EMBED-C1-FUSED-EQUIV-001,GOLD-MODEL-C1-B2-R00231,2,39,-0.380236,-0.380236,1.773834412688302e-10,4.665088031349746e-10
EXP-EMBED-C1-FUSED-EQUIV-001,GOLD-MODEL-C1-B2-R00231,2,40,-9.1038,-9.1038,1.8005371060780817e-07,1.977786315690241e-08
EXP-EMBED-C1-FUSED-EQUIV-001,GOLD-MODEL-C1-B2-R00231,2,41,0.996989,0.996989,1.1764526353097438e-08,1.1800056322685042e-08
EXP-EMBED-C1-FUSED-EQUIV-001,GOLD-MODEL-C1-B2-R00231,2,42,0.009286,0.009286,3.9333105002203883e-10,4.2357425158522375e-08
EXP-EMBED-C1-FUSED-EQUIV-001,GOLD-MODEL-C1-B2-R00231,2,43,0.04685,0.04685,4.2319298065862654e-10,9.032934485776447e-09
EXP-EMBED-C1-FUSED-EQUIV-001,GOLD-MODEL-C1-B2-R00231,2,44,0.293763,0.293763,1.1693954471425627e-08,3.9807445020052314e-08
EXP-EMBED-C1-FUSED-EQUIV-001,GOLD-MODEL-C1-B2-R00231,2,45,-0.009052,-0.009052,8.523464919973911e-12,9.416112372927433e-10
EXP-EMBED-C1-FUSED-EQUIV-001,GOLD-MODEL-C1-B2-R00231,2,46,-0.046119,-0.046119,7.627010342736718e-10,1.6537675020570084e-08
EXP-EMBED-C1-FUSED-EQUIV-001,GOLD-MODEL-C1-B2-R00231,2,47,-0.366334,-0.366334,8.710861199023867e-09,2.377846773442778e-08
EXP-EMBED-C1-FUSED-EQUIV-001,GOLD-MODEL-C1-B2-R00231,2,48,-34.4317,-34.4317,1.6601562506934897e-06,4.8215924589651096e-08
EXP-EMBED-C1-FUSED-EQUIV-001,GOLD-MODEL-C1-B2-R00231,2,49,0.994056,0.994056,1.3595581105363408e-08,1.3676876459035916e-08
EXP-EMBED-C1-FUSED-EQUIV-001,GOLD-MODEL-C1-B2-R00231,2,50,0.017609,0.017609,2.0599365269102776e-10,1.1698202776479515e-08
EXP-EMBED-C1-FUSED-EQUIV-001,GOLD-MODEL-C1-B2-R00231,2,51,0.06975,0.06975,3.5166740353087533e-09,5.041826573919359e-08
EXP-EMBED-C1-FUSED-EQUIV-001,GOLD-MODEL-C1-B2-R00231,2,52,0.444972,0.444972,8.466720602395839e-09,1.9027535670549696e-08
EXP-EMBED-C1-FUSED-EQUIV-001,GOLD-MODEL-C1-B2-R00231,2,53,-0.015233,-0.015233,1.9091367722823271e-10,1.2532900756793324e-08
EXP-EMBED-C1-FUSED-EQUIV-001,GOLD-MODEL-C1-B2-R00231,2,54,-0.068339,-0.068339,2.3379325836403453e-09,3.4210810571421085e-08
EXP-EMBED-C1-FUSED-EQUIV-001,GOLD-MODEL-C1-B2-R00231,2,55,-0.3391,-0.3391,3.2424926632579343e-09,9.562054447826406e-09
EXP-EMBED-C1-FUSED-EQUIV-001,GOLD-MODEL-C1-B2-R00231,2,56,-46.6435,-46.6435,1.2817382781804554e-06,2.7479461836707264e-08
EXP-EMBED-C1-FUSED-EQUIV-001,GOLD-MODEL-C1-B2-R00231,2,57,0.992699,0.992699,2.7061462404276426e-08,2.726049125089924e-08
EXP-EMBED-C1-FUSED-EQUIV-001,GOLD-MODEL-C1-B2-R00231,2,58,0.014989,0.014989,1.8620491086529523e-10,1.2422770756240924e-08
EXP-EMBED-C1-FUSED-EQUIV-001,GOLD-MODEL-C1-B2-R00231,2,59,0.061901,0.061901,6.029605842394758e-10,9.740724450969707e-09
EXP-EMBED-C1-FUSED-EQUIV-001,GOLD-MODEL-C1-B2-R00231,2,60,0.455536,0.455536,7.88116455430199e-09,1.7300859985384227e-08
EXP-EMBED-C1-FUSED-EQUIV-001,GOLD-MODEL-C1-B2-R00231,2,61,-0.018332,-0.018332,8.218288410910546e-10,4.483028808046337e-08
EXP-EMBED-C1-FUSED-EQUIV-001,GOLD-MODEL-C1-B2-R00231,2,62,-0.077878,-0.077878,1.647949221528222e-09,2.1160651551506485e-08
EXP-EMBED-C1-FUSED-EQUIV-001,GOLD-MODEL-C1-B2-R00231,2,63,-0.379826,-0.379826,9.273529055775498e-09,2.4415203424134992e-08
EXP-EMBED-C1-FUSED-EQUIV-001,GOLD-MODEL-C1-B2-R00231,2,64,71.5567,71.5567,1.6601562435880624e-06,2.3200570227359034e-08
EXP-EMBED-C1-FUSED-EQUIV-001,GOLD-MODEL-C1-B2-R00231,2,65,1.009388,1.009388,3.002929682693889e-08,2.9750003791345738e-08
EXP-EMBED-C1-FUSED-EQUIV-001,GOLD-MODEL-C1-B2-R00231,2,66,0.049757,0.049757,5.888938642284458e-11,1.1835397315522355e-09
EXP-EMBED-C1-FUSED-EQUIV-001,GOLD-MODEL-C1-B2-R00231,2,67,0.136994,0.136994,4.249572749248642e-09,3.1020137737774223e-08
EXP-EMBED-C1-FUSED-EQUIV-001,GOLD-MODEL-C1-B2-R00231,2,68,0.732108,0.732108,3.0593871880313372e-09,4.178874138831071e-09
EXP-EMBED-C1-FUSED-EQUIV-001,GOLD-MODEL-C1-B2-R00231,2,69,-0.049332,-0.049332,3.151893607222789e-10,6.389146207781539e-09
EXP-EMBED-C1-FUSED-EQUIV-001,GOLD-MODEL-C1-B2-R00231,2,70,-0.22014,-0.22014,4.782676699122135e-09,2.1725614150641112e-08
EXP-EMBED-C1-FUSED-EQUIV-001,GOLD-MODEL-C1-B2-R00231,2,71,-1.844457,-1.844457,3.029632567042029e-08,1.6425606924108443e-08
EXP-EMBED-C1-FUSED-EQUIV-001,GOLD-MODEL-C1-B2-R00231,2,72,74.2241,74.2241,1.7944336008213213e-06,2.4175888974353628e-08
EXP-EMBED-C1-FUSED-EQUIV-001,GOLD-MODEL-C1-B2-R00231,2,73,1.012249,1.012249,7.0800780793689455e-09,6.994403629313485e-09
EXP-EMBED-C1-FUSED-EQUIV-001,GOLD-MODEL-C1-B2-R00231,2,74,0.062567,0.062567,3.071308138369311e-09,4.9088307548217284e-08
EXP-EMBED-C1-FUSED-EQUIV-001,GOLD-MODEL-C1-B2-R00231,2,75,0.171111,0.171111,2.564430223728209e-09,1.4986939610710058e-08
EXP-EMBED-C1-FUSED-EQUIV-001,GOLD-MODEL-C1-B2-R00231,2,76,0.778527,0.778527,2.140808108563874e-08,2.7498187070761505e-08
EXP-EMBED-C1-FUSED-EQUIV-001,GOLD-MODEL-C1-B2-R00231,2,77,-0.063386,-0.063386,6.928443929687944e-10,1.0930558687546058e-08
EXP-EMBED-C1-FUSED-EQUIV-001,GOLD-MODEL-C1-B2-R00231,2,78,-0.238945,-0.238945,7.324218759263701e-09,3.065232065648455e-08
EXP-EMBED-C1-FUSED-EQUIV-001,GOLD-MODEL-C1-B2-R00231,2,79,-0.753749,-0.753749,1.294708251720067e-08,1.7176915017068903e-08
EXP-EMBED-C1-FUSED-EQUIV-001,GOLD-MODEL-C1-B2-R00231,2,80,-38.5786,-38.5786,1.8371582015674903e-06,4.7621173437281036e-08
EXP-EMBED-C1-FUSED-EQUIV-001,GOLD-MODEL-C1-B2-R00231,2,81,0.993914,0.993914,8.140564000669315e-09,8.190410841047932e-09
EXP-EMBED-C1-FUSED-EQUIV-001,GOLD-MODEL-C1-B2-R00231,2,82,0.018983,0.018983,8.894205094645002e-10,4.6853527338381723e-08
EXP-EMBED-C1-FUSED-EQUIV-001,GOLD-MODEL-C1-B2-R00231,2,83,0.117129,0.117129,1.958847042904388e-09,1.6723843308697145e-08
EXP-EMBED-C1-FUSED-EQUIV-001,GOLD-MODEL-C1-B2-R00231,2,84,0.640354,0.640354,2.2319793679947963e-08,3.485539823277119e-08
EXP-EMBED-C1-FUSED-EQUIV-001,GOLD-MODEL-C1-B2-R00231,2,85,-0.027838,-0.027838,8.349418656461438e-10,2.999288259379782e-08
EXP-EMBED-C1-FUSED-EQUIV-001,GOLD-MODEL-C1-B2-R00231,2,86,-0.230767,-0.230767,3.258705139064233e-09,1.4121192107468716e-08
EXP-EMBED-C1-FUSED-EQUIV-001,GOLD-MODEL-C1-B2-R00231,2,87,-1.875488,-1.875488,4.2831420854483326e-08,2.2837480620768208e-08
EXP-EMBED-C1-FUSED-EQUIV-001,GOLD-MODEL-C1-B2-R00231,2,88,-28.3047,-28.3047,8.51440429272543e-07,3.0081238425863654e-08
EXP-EMBED-C1-FUSED-EQUIV-001,GOLD-MODEL-C1-B2-R00231,2,89,0.994165,0.994165,3.2997131693690562e-09,3.319080001175918e-09
EXP-EMBED-C1-FUSED-EQUIV-001,GOLD-MODEL-C1-B2-R00231,2,90,0.017192,0.017192,5.23209572889094e-10,3.043331624529397e-08
EXP-EMBED-C1-FUSED-EQUIV-001,GOLD-MODEL-C1-B2-R00231,2,91,0.128906,0.128906,3.31974028822124e-09,2.575318672692691e-08
EXP-EMBED-C1-FUSED-EQUIV-001,GOLD-MODEL-C1-B2-R00231,2,92,1.090476,1.090476,3.607177734288314e-08,3.307892823215104e-08
EXP-EMBED-C1-FUSED-EQUIV-001,GOLD-MODEL-C1-B2-R00231,2,93,-0.015766,-0.015766,3.7515163545109864e-10,2.379497878035638e-08
EXP-EMBED-C1-FUSED-EQUIV-001,GOLD-MODEL-C1-B2-R00231,2,94,-0.118901,-0.118901,5.73158270844587e-10,4.8204663614653115e-09
EXP-EMBED-C1-FUSED-EQUIV-001,GOLD-MODEL-C1-B2-R00231,2,95,-0.895966,-0.895966,6.5956116124255004e-09,7.361453015433064e-09
EXP-EMBED-C1-FUSED-EQUIV-001,GOLD-MODEL-C1-B2-R00231,2,96,-7.3755,-7.3755,2.0217895535523667e-07,2.7412237184629744e-08
EXP-EMBED-C1-FUSED-EQUIV-001,GOLD-MODEL-C1-B2-R00231,2,97,0.99803,0.99803,6.885528591737966e-09,6.8991198578579466e-09
EXP-EMBED-C1-FUSED-EQUIV-001,GOLD-MODEL-C1-B2-R00231,2,98,0.021048,0.021048,8.237361834306789e-11,3.9136078650260305e-09
EXP-EMBED-C1-FUSED-EQUIV-001,GOLD-MODEL-C1-B2-R00231,2,99,0.139092,0.139092,1.6613006526000618e-09,1.1943897942369524e-08
EXP-EMBED-C1-FUSED-EQUIV-001,GOLD-MODEL-C1-B2-R00231,2,100,0.83676,0.83676,1.5506744333038114e-08,1.8531890067687407e-08
EXP-EMBED-C1-FUSED-EQUIV-001,GOLD-MODEL-C1-B2-R00231,2,101,-0.01822,-0.01822,3.0994415367580075e-11,1.7011204921833192e-09
EXP-EMBED-C1-FUSED-EQUIV-001,GOLD-MODEL-C1-B2-R00231,2,102,-0.185991,-0.185991,4.109382639727599e-09,2.2094524142176767e-08
EXP-EMBED-C1-FUSED-EQUIV-001,GOLD-MODEL-C1-B2-R00231,2,103,-1.768125,-1.768125,5.7220459037665705e-08,3.23622249771174e-08
EXP-EMBED-C1-FUSED-EQUIV-001,GOLD-MODEL-C1-B2-R00231,2,104,-5.271,-5.271,9.155273428262944e-08,1.7369139495850777e-08
EXP-EMBED-C1-FUSED-EQUIV-001,GOLD-MODEL-C1-B2-R00231,2,105,0.998615,0.998615,2.647399899302627e-08,2.6510716335150453e-08
EXP-EMBED-C1-FUSED-EQUIV-001,GOLD-MODEL-C1-B2-R00231,2,106,0.015739,0.015739,5.289316172552017e-10,3.3606430983874556e-08
EXP-EMBED-C1-FUSED-EQUIV-001,GOLD-MODEL-C1-B2-R00231,2,107,0.159682,0.159682,5.643844613878457e-09,3.534427558446448e-08
EXP-EMBED-C1-FUSED-EQUIV-001,GOLD-MODEL-C1-B2-R00231,2,108,0.914927,0.914927,5.767822219837626e-09,6.304133794103383e-09
EXP-EMBED-C1-FUSED-EQUIV-001,GOLD-MODEL-C1-B2-R00231,2,109,-0.015162,-0.015162,4.3261051164977804e-10,2.8532549244807944e-08
EXP-EMBED-C1-FUSED-EQUIV-001,GOLD-MODEL-C1-B2-R00231,2,110,-0.157723,-0.157723,5.314826967417474e-09,3.369722213892377e-08
EXP-EMBED-C1-FUSED-EQUIV-001,GOLD-MODEL-C1-B2-R00231,2,111,-0.838665,-0.838665,8.544921881181722e-09,1.0188718834316111e-08
EXP-EMBED-C1-FUSED-EQUIV-001,GOLD-MODEL-C1-B2-R00231,2,112,-50.8432,-50.8432,6.835937469418241e-07,1.3445136162590553e-08
EXP-EMBED-C1-FUSED-EQUIV-001,GOLD-MODEL-C1-B2-R00231,2,113,0.992931,0.992931,8.338928214612906e-09,8.398295767392605e-09
EXP-EMBED-C1-FUSED-EQUIV-001,GOLD-MODEL-C1-B2-R00231,2,114,0.020915,0.020915,2.3186206773995188e-10,1.1085922435570254e-08
EXP-EMBED-C1-FUSED-EQUIV-001,GOLD-MODEL-C1-B2-R00231,2,115,0.172798,0.172798,7.174491889472279e-09,4.151953083642333e-08
EXP-EMBED-C1-FUSED-EQUIV-001,GOLD-MODEL-C1-B2-R00231,2,116,1.187425,1.187425,1.7356872605844842e-08,1.4617236967256748e-08
EXP-EMBED-C1-FUSED-EQUIV-001,GOLD-MODEL-C1-B2-R00231,2,117,-0.026685,-0.026685,5.340576175738576e-10,2.001340144552586e-08
EXP-EMBED-C1-FUSED-EQUIV-001,GOLD-MODEL-C1-B2-R00231,2,118,-0.218919,-0.218919,5.930900576212039e-09,2.7091758030193996e-08
EXP-EMBED-C1-FUSED-EQUIV-001,GOLD-MODEL-C1-B2-R00231,2,119,-2.012054,-2.012054,3.347778321227679e-08,1.6638610699452794e-08
EXP-EMBED-C1-FUSED-EQUIV-001,GOLD-MODEL-C1-B2-R00231,2,120,-16.5527,-16.5527,4.2724607851596375e-08,2.581126212134357e-09
EXP-EMBED-C1-FUSED-EQUIV-001,GOLD-MODEL-C1-B2-R00231,2,121,0.99722,0.99722,2.0236968989451043e-08,2.029338459863525e-08
EXP-EMBED-C1-FUSED-EQUIV-001,GOLD-MODEL-C1-B2-R00231,2,122,0.024811,0.024811,3.681182858539245e-10,1.4836898385954797e-08
EXP-EMBED-C1-FUSED-EQUIV-001,GOLD-MODEL-C1-B2-R00231,2,123,0.14059,0.14059,2.8276443408969953e-09,2.0112698918109364e-08
EXP-EMBED-C1-FUSED-EQUIV-001,GOLD-MODEL-C1-B2-R00231,2,124,1.097677,1.097677,7.58361817787545e-09,6.9087884485831906e-09
EXP-EMBED-C1-FUSED-EQUIV-001,GOLD-MODEL-C1-B2-R00231,2,125,-0.022117,-0.022117,7.319450254228421e-11,3.3094227310342366e-09
EXP-EMBED-C1-FUSED-EQUIV-001,GOLD-MODEL-C1-B2-R00231,2,126,-0.185381,-0.185381,4.7264099023447415e-09,2.5495654367733164e-08
EXP-EMBED-C1-FUSED-EQUIV-001,GOLD-MODEL-C1-B2-R00231,2,127,-1.573974,-1.573974,1.332855226188201e-08,8.468089219950272e-09
EXP-EMBED-C1-FUSED-EQUIV-001,GOLD-MODEL-C1-B2-R00469,2,0,103282.7646,103282.766,0.001025000005029142,9.924211546803831e-09
EXP-EMBED-C1-FUSED-EQUIV-001,GOLD-MODEL-C1-B2-R00469,2,1,8.404553,8.404553,4.133911133408219e-07,4.918656748798204e-08
EXP-EMBED-C1-FUSED-EQUIV-001,GOLD-MODEL-C1-B2-R00469,2,2,23.421769,23.421768,8.115234386707471e-07,3.4648255589522165e-08
EXP-EMBED-C1-FUSED-EQUIV-001,GOLD-MODEL-C1-B2-R00469,2,3,30.451974,30.451975,8.68774414186646e-07,2.8529329960239886e-08
EXP-EMBED-C1-FUSED-EQUIV-001,GOLD-MODEL-C1-B2-R00469,2,4,31.952299,31.9523,1.1804199218090616e-07,3.6943192156816684e-09
EXP-EMBED-C1-FUSED-EQUIV-001,GOLD-MODEL-C1-B2-R00469,2,5,-17.915737,-17.915737,1.5209960935180789e-07,8.489721039765648e-09
EXP-EMBED-C1-FUSED-EQUIV-001,GOLD-MODEL-C1-B2-R00469,2,6,-22.139413,-22.139414,8.336181629431394e-07,3.765312851533775e-08
EXP-EMBED-C1-FUSED-EQUIV-001,GOLD-MODEL-C1-B2-R00469,2,7,-31.89979,-31.89979,1.8981933536110773e-07,5.950488556855946e-09
EXP-EMBED-C1-FUSED-EQUIV-001,GOLD-MODEL-C1-B2-R00469,2,8,92858.9833,92858.984,0.0010749999928520992,1.1576693548098531e-08
EXP-EMBED-C1-FUSED-EQUIV-001,GOLD-MODEL-C1-B2-R00469,2,9,7.116644,7.116644,9.436035153242983e-08,1.3259108019514512e-08
EXP-EMBED-C1-FUSED-EQUIV-001,GOLD-MODEL-C1-B2-R00469,2,10,22.082733,22.082733,1.5429687394430402e-07,6.987218200949313e-09
EXP-EMBED-C1-FUSED-EQUIV-001,GOLD-MODEL-C1-B2-R00469,2,11,29.973965,29.973965,3.088378903726152e-07,1.0303538099567916e-08
EXP-EMBED-C1-FUSED-EQUIV-001,GOLD-MODEL-C1-B2-R00469,2,12,31.529764,31.529764,1.7541503893880872e-07,5.563474529616166e-09
EXP-EMBED-C1-FUSED-EQUIV-001,GOLD-MODEL-C1-B2-R00469,2,13,-16.365768,-16.365768,4.3261718829512574e-07,2.643427355777778e-08
EXP-EMBED-C1-FUSED-EQUIV-001,GOLD-MODEL-C1-B2-R00469,2,14,-20.510683,-20.510683,5.969238259240228e-08,2.910306916273938e-09
EXP-EMBED-C1-FUSED-EQUIV-001,GOLD-MODEL-C1-B2-R00469,2,15,-33.673734,-33.673733,1.2424316437886773e-06,3.689616493937611e-08
EXP-EMBED-C1-FUSED-EQUIV-001,GOLD-MODEL-C1-B2-R00469,2,16,8282.3652,8282.365,3.4374999813735485e-05,4.150384459470042e-09
EXP-EMBED-C1-FUSED-EQUIV-001,GOLD-MODEL-C1-B2-R00469,2,17,6.060764,6.060764,1.640930173962829e-07,2.7074642305208206e-08
EXP-EMBED-C1-FUSED-EQUIV-001,GOLD-MODEL-C1-B2-R00469,2,18,1.837699,1.837699,5.567169192310928e-08,3.029423856850838e-08
EXP-EMBED-C1-FUSED-EQUIV-001,GOLD-MODEL-C1-B2-R00469,2,19,2.93399,2.93399,1.678466698962211e-09,5.720764893412081e-10
EXP-EMBED-C1-FUSED-EQUIV-001,GOLD-MODEL-C1-B2-R00469,2,20,3.188118,3.188118,1.9042968535387672e-08,5.973106558599046e-09
EXP-EMBED-C1-FUSED-EQUIV-001,GOLD-MODEL-C1-B2-R00469,2,21,-1.538447,-1.538447,2.243804941848282e-08,1.4584869949034853e-08
EXP-EMBED-C1-FUSED-EQUIV-001,GOLD-MODEL-C1-B2-R00469,2,22,-2.04853,-2.04853,1.0177612308481798e-07,4.9682515308449466e-08
EXP-EMBED-C1-FUSED-EQUIV-001,GOLD-MODEL-C1-B2-R00469,2,23,-3.530112,-3.530112,2.8121948325576795e-08,7.966304844032369e-09
EXP-EMBED-C1-FUSED-EQUIV-001,GOLD-MODEL-C1-B2-R00469,2,24,7892.8905,7892.8906,0.0001249999995707185,1.583703708682117e-08
EXP-EMBED-C1-FUSED-EQUIV-001,GOLD-MODEL-C1-B2-R00469,2,25,5.798856,5.798856,2.1844482400723564e-07,3.7670330838916444e-08
EXP-EMBED-C1-FUSED-EQUIV-001,GOLD-MODEL-C1-B2-R00469,2,26,1.783773,1.783773,5.4595947318603066e-08,3.0607003984589445e-08
EXP-EMBED-C1-FUSED-EQUIV-001,GOLD-MODEL-C1-B2-R00469,2,27,2.928139,2.928139,2.867126447370083e-08,9.791633687369634e-09
EXP-EMBED-C1-FUSED-EQUIV-001,GOLD-MODEL-C1-B2-R00469,2,28,3.207658,3.207658,5.244445810959064e-08,1.6349766125188732e-08
EXP-EMBED-C1-FUSED-EQUIV-001,GOLD-MODEL-C1-B2-R00469,2,29,-1.483297,-1.483297,9.605407802482091e-09,6.475714440521413e-09
EXP-EMBED-C1-FUSED-EQUIV-001,GOLD-MODEL-C1-B2-R00469,2,30,-2.03099,-2.03099,1.1466979987773129e-07,5.646005144177534e-08
EXP-EMBED-C1-FUSED-EQUIV-001,GOLD-MODEL-C1-B2-R00469,2,31,-4.14141,-4.14141,1.2603759724783004e-07,3.0433499037243366e-08
EXP-EMBED-C1-FUSED-EQUIV-001,GOLD-MODEL-C1-B2-R00469,2,32,2997.9503,2997.9502,0.00010468749997016857,3.49196916206945e-08
EXP-EMBED-C1-FUSED-EQUIV-001,GOLD-MODEL-C1-B2-R00469,2,33,3.187297,3.187297,1.0578918452353037e-07,3.3190877575428444e-08
EXP-EMBED-C1-FUSED-EQUIV-001,GOLD-MODEL-C1-B2-R00469,2,34,1.015897,1.015897,3.5598754832832924e-08,3.5041696976005366e-08
EXP-EMBED-C1-FUSED-EQUIV-001,GOLD-MODEL-C1-B2-R00469,2,35,2.266139,2.266139,3.045654306532697e-08,1.3439838891315568e-08
EXP-EMBED-C1-FUSED-EQUIV-001,GOLD-MODEL-C1-B2-R00469,2,36,2.678862,2.678862,9.487915031414218e-08,3.5417707337721085e-08
EXP-EMBED-C1-FUSED-EQUIV-001,GOLD-MODEL-C1-B2-R00469,2,37,-0.651805,-0.651805,1.6384124723600735e-08,2.5136543480950186e-08
EXP-EMBED-C1-FUSED-EQUIV-001,GOLD-MODEL-C1-B2-R00469,2,38,-1.085045,-1.085045,1.995086673645119e-08,1.8387133009645856e-08
EXP-EMBED-C1-FUSED-EQUIV-001,GOLD-MODEL-C1-B2-R00469,2,39,-3.392726,-3.392726,5.548095716179091e-08,1.635291419401122e-08
EXP-EMBED-C1-FUSED-EQUIV-001,GOLD-MODEL-C1-B2-R00469,2,40,2702.0582,2702.058,9.453124994251993e-05,3.498490518913321e-08
EXP-EMBED-C1-FUSED-EQUIV-001,GOLD-MODEL-C1-B2-R00469,2,41,3.175139,3.175139,4.96520997650407e-08,1.5637772004640018e-08
EXP-EMBED-C1-FUSED-EQUIV-001,GOLD-MODEL-C1-B2-R00469,2,42,0.892241,0.892241,1.1291504398158736e-09,1.2655218038802002e-09
EXP-EMBED-C1-FUSED-EQUIV-001,GOLD-MODEL-C1-B2-R00469,2,43,1.899351,1.899351,7.858276251937468e-10,4.1373481004498213e-10
EXP-EMBED-C1-FUSED-EQUIV-001,GOLD-MODEL-C1-B2-R00469,2,44,2.23798,2.23798,1.1108398423331778e-07,4.963582526801749e-08
EXP-EMBED-C1-FUSED-EQUIV-001,GOLD-MODEL-C1-B2-R00469,2,45,-0.567691,-0.567691,2.8118133599264183e-08,4.953070173609267e-08
EXP-EMBED-C1-FUSED-EQUIV-001,GOLD-MODEL-C1-B2-R00469,2,46,-0.838638,-0.838638,7.640838628475422e-09,9.111009313285853e-09
EXP-EMBED-C1-FUSED-EQUIV-001,GOLD-MODEL-C1-B2-R00469,2,47,-2.489743,-2.489743,5.691528137674595e-09,2.2859902157269227e-09
EXP-EMBED-C1-FUSED-EQUIV-001,GOLD-MODEL-C1-B2-R00469,2,48,9640.4718,9640.472,0.0001203124993480742,1.2479938932871958e-08
EXP-EMBED-C1-FUSED-EQUIV-001,GOLD-MODEL-C1-B2-R00469,2,49,7.003493,7.003493,1.6781616185568282e-07,2.396178047949542e-08
EXP-EMBED-C1-FUSED-EQUIV-001,GOLD-MODEL-C1-B2-R00469,2,50,2.383757,2.383757,1.1441040026483051e-07,4.799583190099935e-08
EXP-EMBED-C1-FUSED-EQUIV-001,GOLD-MODEL-C1-B2-R00469,2,51,4.074795,4.074795,2.3071289056986188e-07,5.6619508605920514e-08
EXP-EMBED-C1-FUSED-EQUIV-001,GOLD-MODEL-C1-B2-R00469,2,52,4.419433,4.419433,1.169128420741572e-07,2.645426281474506e-08
EXP-EMBED-C1-FUSED-EQUIV-001,GOLD-MODEL-C1-B2-R00469,2,53,-2.013165,-2.013165,2.8991697931246563e-09,1.4401054027487347e-09
EXP-EMBED-C1-FUSED-EQUIV-001,GOLD-MODEL-C1-B2-R00469,2,54,-2.890044,-2.890044,2.6077270565139088e-08,9.02313963563845e-09
EXP-EMBED-C1-FUSED-EQUIV-001,GOLD-MODEL-C1-B2-R00469,2,55,-6.767635,-6.767635,1.31378174117458e-07,1.941271568538463e-08
EXP-EMBED-C1-FUSED-EQUIV-001,GOLD-MODEL-C1-B2-R00469,2,56,9950.5577,9950.558,8.281249938590918e-05,8.32239778740333e-09
EXP-EMBED-C1-FUSED-EQUIV-001,GOLD-MODEL-C1-B2-R00469,2,57,6.87959,6.87959,3.448486296520059e-08,5.012633451295875e-09
EXP-EMBED-C1-FUSED-EQUIV-001,GOLD-MODEL-C1-B2-R00469,2,58,2.556911,2.556911,8.331298761987682e-09,3.258345230626988e-09
EXP-EMBED-C1-FUSED-EQUIV-001,GOLD-MODEL-C1-B2-R00469,2,59,4.505004,4.505004,7.086181597060204e-08,1.5729578923925937e-08
EXP-EMBED-C1-FUSED-EQUIV-001,GOLD-MODEL-C1-B2-R00469,2,60,4.964098,4.964098,2.3315429587000835e-08,4.696810898374858e-09
EXP-EMBED-C1-FUSED-EQUIV-001,GOLD-MODEL-C1-B2-R00469,2,61,-2.152782,-2.152782,3.6651611523552674e-08,1.7025231316293368e-08
EXP-EMBED-C1-FUSED-EQUIV-001,GOLD-MODEL-C1-B2-R00469,2,62,-3.311559,-3.311559,3.813171378652669e-08,1.1514731818616757e-08
EXP-EMBED-C1-FUSED-EQUIV-001,GOLD-MODEL-C1-B2-R00469,2,63,-8.687263,-8.687263,4.6490478489147335e-07,5.351567978216768e-08
EXP-EMBED-C1-FUSED-EQUIV-001,GOLD-MODEL-C1-B2-R00469,2,64,91700.2022,91700.2,0.0009250000002793968,1.0087218763836016e-08
EXP-EMBED-C1-FUSED-EQUIV-001,GOLD-MODEL-C1-B2-R00469,2,65,9.485523,9.485523,2.2387695253200945e-07,2.3601961908901537e-08
EXP-EMBED-C1-FUSED-EQUIV-001,GOLD-MODEL-C1-B2-R00469,2,66,20.498433,20.498432,8.405761704466386e-07,4.100685015516252e-08
EXP-EMBED-C1-FUSED-EQUIV-001,GOLD-MODEL-C1-B2-R00469,2,67,25.708162,25.708162,3.077392563000103e-07,1.197048845032213e-08
EXP-EMBED-C1-FUSED-EQUIV-001,GOLD-MODEL-C1-B2-R00469,2,68,27.122255,27.122255,3.2531738369812047e-07,1.1994481421184207e-08
EXP-EMBED-C1-FUSED-EQUIV-001,GOLD-MODEL-C1-B2-R00469,2,69,-14.525558,-14.525558,4.71679687308324e-07,3.24723970885197e-08
EXP-EMBED-C1-FUSED-EQUIV-001,GOLD-MODEL-C1-B2-R00469,2,70,-17.563135,-17.563135,1.4709472750951136e-07,8.37519768022687e-09
EXP-EMBED-C1-FUSED-EQUIV-001,GOLD-MODEL-C1-B2-R00469,2,71,-22.233258,-22.233257,7.062988274242343e-07,3.176767109095007e-08
EXP-EMBED-C1-FUSED-EQUIV-001,GOLD-MODEL-C1-B2-R00469,2,72,94193.3916,94193.39,0.0009750000026542693,1.035104465496568e-08
EXP-EMBED-C1-FUSED-EQUIV-001,GOLD-MODEL-C1-B2-R00469,2,73,9.569104,9.569104,1.9464111389311256e-07,2.0340578793282272e-08
EXP-EMBED-C1-FUSED-EQUIV-001,GOLD-MODEL-C1-B2-R00469,2,74,20.139112,20.139112,4.7253417889692173e-07,2.3463506181251772e-08
EXP-EMBED-C1-FUSED-EQUIV-001,GOLD-MODEL-C1-B2-R00469,2,75,24.825941,24.825941,8.58154294292035e-08,3.456683854569843e-09
EXP-EMBED-C1-FUSED-EQUIV-001,GOLD-MODEL-C1-B2-R00469,2,76,26.242058,26.242058,1.9970703135641088e-07,7.610189389735015e-09
EXP-EMBED-C1-FUSED-EQUIV-001,GOLD-MODEL-C1-B2-R00469,2,77,-13.984783,-13.984783,1.7260742168900833e-07,1.2342516983567663e-08
EXP-EMBED-C1-FUSED-EQUIV-001,GOLD-MODEL-C1-B2-R00469,2,78,-16.711126,-16.711126,3.275146482906166e-07,1.9598598460128695e-08
EXP-EMBED-C1-FUSED-EQUIV-001,GOLD-MODEL-C1-B2-R00469,2,79,-21.452969,-21.452969,4.025878901359192e-07,1.8766068702934275e-08
EXP-EMBED-C1-FUSED-EQUIV-001,GOLD-MODEL-C1-B2-R00469,2,80,9776.6086,9776.608,0.0002015624995692633,2.0616811802127715e-08
EXP-EMBED-C1-FUSED-EQUIV-001,GOLD-MODEL-C1-B2-R00469,2,81,6.174903,6.174903,8.404540974282781e-08,1.3610806476284376e-08
EXP-EMBED-C1-FUSED-EQUIV-001,GOLD-MODEL-C1-B2-R00469,2,82,2.253986,2.253986,1.1819457990114302e-07,5.243802752152987e-08
EXP-EMBED-C1-FUSED-EQUIV-001,GOLD-MODEL-C1-B2-R00469,2,83,3.57169,3.57169,8.255004901869256e-08,2.31123219032706e-08
EXP-EMBED-C1-FUSED-EQUIV-001,GOLD-MODEL-C1-B2-R00469,2,84,3.889782,3.889782,4.809570297581445e-08,1.2364626854619218e-08
EXP-EMBED-C1-FUSED-EQUIV-001,GOLD-MODEL-C1-B2-R00469,2,85,-1.808873,-1.808873,5.736541752732194e-08,3.171334722079546e-08
EXP-EMBED-C1-FUSED-EQUIV-001,GOLD-MODEL-C1-B2-R00469,2,86,-2.459752,-2.459752,8.282470709275458e-08,3.3671974692064316e-08
EXP-EMBED-C1-FUSED-EQUIV-001,GOLD-MODEL-C1-B2-R00469,2,87,-4.648809,-4.648809,4.385375973470218e-08,9.433332222232013e-09
EXP-EMBED-C1-FUSED-EQUIV-001,GOLD-MODEL-C1-B2-R00469,2,88,7368.8347,7368.8345,0.00022734375033905962,3.0852062720182826e-08
EXP-EMBED-C1-FUSED-EQUIV-001,GOLD-MODEL-C1-B2-R00469,2,89,6.041562,6.041562,8.038330090442969e-08,1.3305052717232678e-08
EXP-EMBED-C1-FUSED-EQUIV-001,GOLD-MODEL-C1-B2-R00469,2,90,1.636202,1.636202,2.2270202570950914e-08,1.3610912693512729e-08
EXP-EMBED-C1-FUSED-EQUIV-001,GOLD-MODEL-C1-B2-R00469,2,91,2.525556,2.525556,8.749389657225493e-08,3.464341973500288e-08
EXP-EMBED-C1-FUSED-EQUIV-001,GOLD-MODEL-C1-B2-R00469,2,92,2.815552,2.815552,3.768920731062053e-09,1.3386081063542968e-09
EXP-EMBED-C1-FUSED-EQUIV-001,GOLD-MODEL-C1-B2-R00469,2,93,-1.373388,-1.373388,5.198669428274627e-08,3.785288227561787e-08
EXP-EMBED-C1-FUSED-EQUIV-001,GOLD-MODEL-C1-B2-R00469,2,94,-1.833857,-1.833857,5.947875969525285e-08,3.2433695590906407e-08
EXP-EMBED-C1-FUSED-EQUIV-001,GOLD-MODEL-C1-B2-R00469,2,95,-2.899329,-2.899329,5.2932739080802094e-08,1.8256892915844353e-08
EXP-EMBED-C1-FUSED-EQUIV-001,GOLD-MODEL-C1-B2-R00469,2,96,3335.8329,3335.833,0.00010781250011859811,3.231951460116546e-08
EXP-EMBED-C1-FUSED-EQUIV-001,GOLD-MODEL-C1-B2-R00469,2,97,3.226416,3.226416,1.1099243168999351e-07,3.440115338195493e-08
EXP-EMBED-C1-FUSED-EQUIV-001,GOLD-MODEL-C1-B2-R00469,2,98,1.112265,1.112265,9.19342046934446e-09,8.265494706157669e-09
EXP-EMBED-C1-FUSED-EQUIV-001,GOLD-MODEL-C1-B2-R00469,2,99,2.476429,2.476429,1.4404296866388222e-08,5.816559597060211e-09
EXP-EMBED-C1-FUSED-EQUIV-001,GOLD-MODEL-C1-B2-R00469,2,100,3.006982,3.006982,8.80889894361303e-08,2.9294817673045703e-08
EXP-EMBED-C1-FUSED-EQUIV-001,GOLD-MODEL-C1-B2-R00469,2,101,-0.701916,-0.701916,2.061462400781977e-08,2.936907551305252e-08
EXP-EMBED-C1-FUSED-EQUIV-001,GOLD-MODEL-C1-B2-R00469,2,102,-1.291278,-1.291278,4.646301343669279e-09,3.598219239907502e-09
EXP-EMBED-C1-FUSED-EQUIV-001,GOLD-MODEL-C1-B2-R00469,2,103,-3.809543,-3.809543,1.0563659680329351e-07,2.7729466973674666e-08
EXP-EMBED-C1-FUSED-EQUIV-001,GOLD-MODEL-C1-B2-R00469,2,104,3602.487,3602.487,6.0546874919964466e-05,1.680696555461948e-08
EXP-EMBED-C1-FUSED-EQUIV-001,GOLD-MODEL-C1-B2-R00469,2,105,3.243407,3.243407,1.1032104563213352e-08,3.4013938316139025e-09
EXP-EMBED-C1-FUSED-EQUIV-001,GOLD-MODEL-C1-B2-R00469,2,106,1.149767,1.149767,4.1206359879808474e-08,3.583887855522769e-08
EXP-EMBED-C1-FUSED-EQUIV-001,GOLD-MODEL-C1-B2-R00469,2,107,2.363351,2.363351,1.0664367655621732e-07,4.5123926389358716e-08
EXP-EMBED-C1-FUSED-EQUIV-001,GOLD-MODEL-C1-B2-R00469,2,108,2.902327,2.902327,6.069946278941529e-08,2.0914067501496315e-08
EXP-EMBED-C1-FUSED-EQUIV-001,GOLD-MODEL-C1-B2-R00469,2,109,-0.716558,-0.716558,2.041625979387618e-08,2.849212456476123e-08
EXP-EMBED-C1-FUSED-EQUIV-001,GOLD-MODEL-C1-B2-R00469,2,110,-1.074357,-1.074357,3.2775878899826694e-08,3.050743737866155e-08
EXP-EMBED-C1-FUSED-EQUIV-001,GOLD-MODEL-C1-B2-R00469,2,111,-3.32431,-3.32431,6.43157958002405e-08,1.934711137055223e-08
EXP-EMBED-C1-FUSED-EQUIV-001,GOLD-MODEL-C1-B2-R00469,2,112,11771.8186,11771.818,0.0002406250005151378,2.044076694446666e-08
EXP-EMBED-C1-FUSED-EQUIV-001,GOLD-MODEL-C1-B2-R00469,2,113,7.329414,7.329414,1.0916137682670524e-07,1.4893602247970334e-08
EXP-EMBED-C1-FUSED-EQUIV-001,GOLD-MODEL-C1-B2-R00469,2,114,2.895085,2.895085,9.63592530212054e-08,3.3283738826737526e-08
EXP-EMBED-C1-FUSED-EQUIV-001,GOLD-MODEL-C1-B2-R00469,2,115,4.861911,4.861911,1.799926758749848e-07,3.702097300320487e-08
EXP-EMBED-C1-FUSED-EQUIV-001,GOLD-MODEL-C1-B2-R00469,2,116,5.525954,5.525954,2.303161616978855e-07,4.167898641535661e-08
EXP-EMBED-C1-FUSED-EQUIV-001,GOLD-MODEL-C1-B2-R00469,2,117,-2.52044,-2.52044,1.0162353536458113e-07,4.031975978979112e-08
EXP-EMBED-C1-FUSED-EQUIV-001,GOLD-MODEL-C1-B2-R00469,2,118,-3.878532,-3.878532,6.716918932170302e-08,1.7318199081947245e-08
EXP-EMBED-C1-FUSED-EQUIV-001,GOLD-MODEL-C1-B2-R00469,2,119,-11.573841,-11.573841,9.497070330155566e-08,8.20563400702979e-09
EXP-EMBED-C1-FUSED-EQUIV-001,GOLD-MODEL-C1-B2-R00469,2,120,10682.8884,10682.889,0.00027187500018044375,2.5449577867016165e-08
EXP-EMBED-C1-FUSED-EQUIV-001,GOLD-MODEL-C1-B2-R00469,2,121,7.161105,7.161105,1.5594482416503297e-07,2.1776642594269037e-08
EXP-EMBED-C1-FUSED-EQUIV-001,GOLD-MODEL-C1-B2-R00469,2,122,2.711374,2.711374,4.441833478807666e-08,1.6382223473440647e-08
EXP-EMBED-C1-FUSED-EQUIV-001,GOLD-MODEL-C1-B2-R00469,2,123,4.575612,4.575612,6.817626996280524e-08,1.4899923761631283e-08
EXP-EMBED-C1-FUSED-EQUIV-001,GOLD-MODEL-C1-B2-R00469,2,124,5.156232,5.156232,1.1981201186728185e-07,2.3236350084185866e-08
EXP-EMBED-C1-FUSED-EQUIV-001,GOLD-MODEL-C1-B2-R00469,2,125,-2.206748,-2.206748,8.728027189874865e-09,3.955153551685496e-09
EXP-EMBED-C1-FUSED-EQUIV-001,GOLD-MODEL-C1-B2-R00469,2,126,-3.208394,-3.208394,5.059814434105192e-08,1.5770551977422948e-08
EXP-EMBED-C1-FUSED-EQUIV-001,GOLD-MODEL-C1-B2-R00469,2,127,-9.009683,-9.009683,3.4466552811807105e-07,3.825501164891939e-08
EXP-EMBED-C1-FUSED-EQUIV-001,GOLD-MODEL-C1-B2-R00473,2,0,104813.6016,104813.6,3.749999450519681e-05,3.5777794038895816e-10
EXP-EMBED-C1-FUSED-EQUIV-001,GOLD-MODEL-C1-B2-R00473,2,1,5.465599,5.465599,6.005859365387778e-08,1.09884742100322e-08
EXP-EMBED-C1-FUSED-EQUIV-001,GOLD-MODEL-C1-B2-R00473,2,2,28.499214,28.499214,1.7236328275771484e-07,6.048001280235829e-09
EXP-EMBED-C1-FUSED-EQUIV-001,GOLD-MODEL-C1-B2-R00473,2,3,46.229159,46.22916,1.308837887847858e-06,2.8311955401305438e-08
EXP-EMBED-C1-FUSED-EQUIV-001,GOLD-MODEL-C1-B2-R00473,2,4,39.624422,39.62442,1.8339843776971065e-06,4.628419255420575e-08
EXP-EMBED-C1-FUSED-EQUIV-001,GOLD-MODEL-C1-B2-R00473,2,5,-16.55358,-16.55358,6.695556642455358e-07,4.044778617347642e-08
EXP-EMBED-C1-FUSED-EQUIV-001,GOLD-MODEL-C1-B2-R00473,2,6,-22.137918,-22.137918,4.7229003996562824e-07,2.1333986329049926e-08
EXP-EMBED-C1-FUSED-EQUIV-001,GOLD-MODEL-C1-B2-R00473,2,7,-38.120494,-38.120495,8.425292961078412e-07,2.2101741286664366e-08
EXP-EMBED-C1-FUSED-EQUIV-001,GOLD-MODEL-C1-B2-R00473,2,8,99006.3652,99006.37,0.0019874999998137355,2.0074466887041474e-08
EXP-EMBED-C1-FUSED-EQUIV-001,GOLD-MODEL-C1-B2-R00473,2,9,4.839004,4.839004,3.9764404213826765e-08,8.21747702912144e-09
EXP-EMBED-C1-FUSED-EQUIV-001,GOLD-MODEL-C1-B2-R00473,2,10,28.054327,28.054327,1.1108397757197963e-08,3.959602294932244e-10
EXP-EMBED-C1-FUSED-EQUIV-001,GOLD-MODEL-C1-B2-R00473,2,11,49.937108,49.937107,9.138183614254558e-07,1.8299384926845497e-08
EXP-EMBED-C1-FUSED-EQUIV-001,GOLD-MODEL-C1-B2-R00473,2,12,42.390295,42.390293,1.8786621112099056e-06,4.431821272321661e-08
EXP-EMBED-C1-FUSED-EQUIV-001,GOLD-MODEL-C1-B2-R00473,2,13,-15.687318,-15.687318,1.5179443302315576e-07,9.676251416791307e-09
EXP-EMBED-C1-FUSED-EQUIV-001,GOLD-MODEL-C1-B2-R00473,2,14,-20.755155,-20.755156,5.633544937211354e-07,2.7142870950428243e-08
EXP-EMBED-C1-FUSED-EQUIV-001,GOLD-MODEL-C1-B2-R00473,2,15,-56.16938,-56.16938,1.8798828449462235e-07,3.346810744477193e-09
EXP-EMBED-C1-FUSED-EQUIV-001,GOLD-MODEL-C1-B2-R00473,2,16,4430.1482,4430.1484,0.00023750000036670826,5.360994477943385e-08
EXP-EMBED-C1-FUSED-EQUIV-001,GOLD-MODEL-C1-B2-R00473,2,17,2.606133,2.606133,1.5838622857700102e-08,6.077442270866492e-09
EXP-EMBED-C1-FUSED-EQUIV-001,GOLD-MODEL-C1-B2-R00473,2,18,1.156114,1.156114,1.7799377527438764e-08,1.5395867126804765e-08
EXP-EMBED-C1-FUSED-EQUIV-001,GOLD-MODEL-C1-B2-R00473,2,19,1.835574,1.835574,3.087615962904522e-08,1.682098331587025e-08
EXP-EMBED-C1-FUSED-EQUIV-001,GOLD-MODEL-C1-B2-R00473,2,20,4.209402,4.209402,8.435058607147994e-08,2.00386150031477e-08
EXP-EMBED-C1-FUSED-EQUIV-001,GOLD-MODEL-C1-B2-R00473,2,21,-0.88946,-0.88946,2.7217864961848193e-08,3.060043730111325e-08
EXP-EMBED-C1-FUSED-EQUIV-001,GOLD-MODEL-C1-B2-R00473,2,22,-1.174572,-1.174572,9.033203074437779e-09,7.690633758030823e-09
EXP-EMBED-C1-FUSED-EQUIV-001,GOLD-MODEL-C1-B2-R00473,2,23,-1.431105,-1.431105,1.766204826836315e-08,1.2341546055924023e-08
EXP-EMBED-C1-FUSED-EQUIV-001,GOLD-MODEL-C1-B2-R00473,2,24,4512.6802,4512.68,2.4218749786086846e-05,5.3668216476068585e-09
EXP-EMBED-C1-FUSED-EQUIV-001,GOLD-MODEL-C1-B2-R00473,2,25,2.6337,2.6337,1.0604858413643115e-07,4.026600756974262e-08
EXP-EMBED-C1-FUSED-EQUIV-001,GOLD-MODEL-C1-B2-R00473,2,26,1.170611,1.170611,2.390289299825099e-08,2.0419159736454715e-08
EXP-EMBED-C1-FUSED-EQUIV-001,GOLD-MODEL-C1-B2-R00473,2,27,1.773427,1.773427,9.582519444606419e-09,5.403390973863834e-09
EXP-EMBED-C1-FUSED-EQUIV-001,GOLD-MODEL-C1-B2-R00473,2,28,4.909989,4.909989,1.1984252967778275e-07,2.4407901866538343e-08
EXP-EMBED-C1-FUSED-EQUIV-001,GOLD-MODEL-C1-B2-R00473,2,29,-0.899368,-0.899368,1.1890411322212913e-08,1.3220852111941845e-08
EXP-EMBED-C1-FUSED-EQUIV-001,GOLD-MODEL-C1-B2-R00473,2,30,-1.206395,-1.206395,3.0021667374313665e-08,2.4885437501244337e-08
EXP-EMBED-C1-FUSED-EQUIV-001,GOLD-MODEL-C1-B2-R00473,2,31,-1.506656,-1.506656,5.0682067875840175e-08,3.3638778776203843e-08
EXP-EMBED-C1-FUSED-EQUIV-001,GOLD-MODEL-C1-B2-R00473,2,32,2557.9207,2557.9207,4.5703125124418875e-05,1.7867295543766808e-08
EXP-EMBED-C1-FUSED-EQUIV-001,GOLD-MODEL-C1-B2-R00473,2,33,2.622748,2.622748,1.0189819343864315e-07,3.8851690455447164e-08
EXP-EMBED-C1-FUSED-EQUIV-001,GOLD-MODEL-C1-B2-R00473,2,34,0.86237,0.86237,1.4190673858216485e-08,1.6455435437476355e-08
EXP-EMBED-C1-FUSED-EQUIV-001,GOLD-MODEL-C1-B2-R00473,2,35,1.868879,1.868879,3.939056392177065e-08,2.1077107678865592e-08
EXP-EMBED-C1-FUSED-EQUIV-001,GOLD-MODEL-C1-B2-R00473,2,36,5.015764,5.015764,2.3645019542328782e-07,4.7141411642032565e-08
EXP-EMBED-C1-FUSED-EQUIV-001,GOLD-MODEL-C1-B2-R00473,2,37,-0.57119,-0.57119,4.1961667474055275e-10,7.34635891280577e-10
EXP-EMBED-C1-FUSED-EQUIV-001,GOLD-MODEL-C1-B2-R00473,2,38,-0.782344,-0.782344,1.6349792519854134e-08,2.089846988007083e-08
EXP-EMBED-C1-FUSED-EQUIV-001,GOLD-MODEL-C1-B2-R00473,2,39,-1.012024,-1.012024,4.4990539516120975e-08,4.4456000565323525e-08
EXP-EMBED-C1-FUSED-EQUIV-001,GOLD-MODEL-C1-B2-R00473,2,40,2284.847,2284.847,7.617187520736479e-05,3.3337845031796344e-08
EXP-EMBED-C1-FUSED-EQUIV-001,GOLD-MODEL-C1-B2-R00473,2,41,2.609444,2.609444,9.70306395231546e-08,3.7184411515692464e-08
EXP-EMBED-C1-FUSED-EQUIV-001,GOLD-MODEL-C1-B2-R00473,2,42,0.758483,0.758483,7.350921649162956e-09,9.691610292073725e-09
EXP-EMBED-C1-FUSED-EQUIV-001,GOLD-MODEL-C1-B2-R00473,2,43,1.624396,1.624396,3.3470153759651566e-08,2.060467629792955e-08
EXP-EMBED-C1-FUSED-EQUIV-001,GOLD-MODEL-C1-B2-R00473,2,44,1.614583,1.614583,1.544189442981292e-08,9.564014008454764e-09
EXP-EMBED-C1-FUSED-EQUIV-001,GOLD-MODEL-C1-B2-R00473,2,45,-0.493189,-0.493189,7.0438385124660385e-09,1.4282229555943135e-08
EXP-EMBED-C1-FUSED-EQUIV-001,GOLD-MODEL-C1-B2-R00473,2,46,-0.656372,-0.656372,1.0707855269131983e-08,1.6313699044340686e-08
EXP-EMBED-C1-FUSED-EQUIV-001,GOLD-MODEL-C1-B2-R00473,2,47,-0.89512,-0.89512,2.4681091281841816e-08,2.7572941373046984e-08
EXP-EMBED-C1-FUSED-EQUIV-001,GOLD-MODEL-C1-B2-R00473,2,48,6987.6931,6987.693,0.0002289062504132744,3.2758486547337686e-08
EXP-EMBED-C1-FUSED-EQUIV-001,GOLD-MODEL-C1-B2-R00473,2,49,3.439563,3.439563,3.5964965672263816e-08,1.0456260191269593e-08
EXP-EMBED-C1-FUSED-EQUIV-001,GOLD-MODEL-C1-B2-R00473,2,50,2.050252,2.050252,3.9245605432114417e-08,1.914184472548468e-08
EXP-EMBED-C1-FUSED-EQUIV-001,GOLD-MODEL-C1-B2-R00473,2,51,3.612946,3.612946,3.347778321227679e-08,9.266062435551705e-09
EXP-EMBED-C1-FUSED-EQUIV-001,GOLD-MODEL-C1-B2-R00473,2,52,3.198277,3.198277,3.3874512084253183e-09,1.0591487880584822e-09
EXP-EMBED-C1-FUSED-EQUIV-001,GOLD-MODEL-C1-B2-R00473,2,53,-1.45859,-1.45859,3.0670165962476403e-08,2.1027270146152382e-08
EXP-EMBED-C1-FUSED-EQUIV-001,GOLD-MODEL-C1-B2-R00473,2,54,-2.049722,-2.049722,4.374694828612746e-08,2.1342869074990394e-08
EXP-EMBED-C1-FUSED-EQUIV-001,GOLD-MODEL-C1-B2-R00473,2,55,-2.364272,-2.364272,1.1761474594251808e-07,4.9746706784379324e-08
EXP-EMBED-C1-FUSED-EQUIV-001,GOLD-MODEL-C1-B2-R00473,2,56,7121.0991,7121.099,2.109374963765731e-05,2.9621480253880064e-09
EXP-EMBED-C1-FUSED-EQUIV-001,GOLD-MODEL-C1-B2-R00473,2,57,3.417058,3.417058,8.972167897525196e-09,2.6256996215824243e-09
EXP-EMBED-C1-FUSED-EQUIV-001,GOLD-MODEL-C1-B2-R00473,2,58,2.091339,2.091339,1.1132812494096811e-07,5.323294068583243e-08
EXP-EMBED-C1-FUSED-EQUIV-001,GOLD-MODEL-C1-B2-R00473,2,59,3.927443,3.927443,2.749633809528973e-08,7.001078843229483e-09
EXP-EMBED-C1-FUSED-EQUIV-001,GOLD-MODEL-C1-B2-R00473,2,60,3.408794,3.408794,7.37609862078159e-08,2.1638440518205532e-08
EXP-EMBED-C1-FUSED-EQUIV-001,GOLD-MODEL-C1-B2-R00473,2,61,-1.547179,-1.547179,1.631164558979492e-08,1.0542830267082813e-08
EXP-EMBED-C1-FUSED-EQUIV-001,GOLD-MODEL-C1-B2-R00473,2,62,-2.256091,-2.256091,1.1785888665016842e-07,5.224030708431903e-08
EXP-EMBED-C1-FUSED-EQUIV-001,GOLD-MODEL-C1-B2-R00473,2,63,-2.608321,-2.608321,4.8538208119452975e-08,1.860898567294937e-08
EXP-EMBED-C1-FUSED-EQUIV-001,GOLD-MODEL-C1-B2-R00473,2,64,122218.4766,122218.48,3.749999450519681e-05,3.0682753989748887e-10
EXP-EMBED-C1-FUSED-EQUIV-001,GOLD-MODEL-C1-B2-R00473,2,65,5.392683,5.392683,2.917480479425194e-08,5.410072276499832e-09
EXP-EMBED-C1-FUSED-EQUIV-001,GOLD-MODEL-C1-B2-R00473,2,66,32.582243,32.582245,1.8730468767103048e-06,5.7486738304367346e-08
EXP-EMBED-C1-FUSED-EQUIV-001,GOLD-MODEL-C1-B2-R00473,2,67,48.206637,48.20664,1.3361816399992676e-06,2.7717794128623152e-08
EXP-EMBED-C1-FUSED-EQUIV-001,GOLD-MODEL-C1-B2-R00473,2,68,150.508807,150.5088,2.678710927739303e-06,1.779770221512222e-08
EXP-EMBED-C1-FUSED-EQUIV-001,GOLD-MODEL-C1-B2-R00473,2,69,-18.835376,-18.835377,7.395019530065383e-07,3.9261332134093756e-08
EXP-EMBED-C1-FUSED-EQUIV-001,GOLD-MODEL-C1-B2-R00473,2,70,-25.882183,-25.882183,7.495117060329903e-08,2.895859696351696e-09
EXP-EMBED-C1-FUSED-EQUIV-001,GOLD-MODEL-C1-B2-R00473,2,71,-42.22937,-42.22937,1.1718749703959475e-07,2.7750235686583707e-09
EXP-EMBED-C1-FUSED-EQUIV-001,GOLD-MODEL-C1-B2-R00473,2,72,92260.3633,92260.37,0.0038875000027474016,4.213618788933819e-08
EXP-EMBED-C1-FUSED-EQUIV-001,GOLD-MODEL-C1-B2-R00473,2,73,4.454552,4.454552,1.7361450233011055e-07,3.897462692771587e-08
EXP-EMBED-C1-FUSED-EQUIV-001,GOLD-MODEL-C1-B2-R00473,2,74,22.550212,22.550213,8.601074235059514e-07,3.814187749126046e-08
EXP-EMBED-C1-FUSED-EQUIV-001,GOLD-MODEL-C1-B2-R00473,2,75,33.675955,33.675957,1.7260742168900833e-06,5.125539028930533e-08
EXP-EMBED-C1-FUSED-EQUIV-001,GOLD-MODEL-C1-B2-R00473,2,76,101.710838,101.71084,3.178710983320343e-07,3.1252431361546183e-09
EXP-EMBED-C1-FUSED-EQUIV-001,GOLD-MODEL-C1-B2-R00473,2,77,-13.428126,-13.428126,3.35144042296065e-07,2.4958362938809553e-08
EXP-EMBED-C1-FUSED-EQUIV-001,GOLD-MODEL-C1-B2-R00473,2,78,-18.356609,-18.35661,3.444824230314225e-07,1.87661252157968e-08
EXP-EMBED-C1-FUSED-EQUIV-001,GOLD-MODEL-C1-B2-R00473,2,79,-30.80053,-30.80053,5.200195296595211e-07,1.6883460435892536e-08
EXP-EMBED-C1-FUSED-EQUIV-001,GOLD-MODEL-C1-B2-R00473,2,80,5259.6836,5259.6836,6.250000296859071e-06,1.1882844619891338e-09
EXP-EMBED-C1-FUSED-EQUIV-001,GOLD-MODEL-C1-B2-R00473,2,81,2.623812,2.623812,3.977966311907721e-08,1.5161018822643244e-08
EXP-EMBED-C1-FUSED-EQUIV-001,GOLD-MODEL-C1-B2-R00473,2,82,1.394323,1.394323,8.628845193925372e-09,6.188555445133855e-09
EXP-EMBED-C1-FUSED-EQUIV-001,GOLD-MODEL-C1-B2-R00473,2,83,2.219382,2.219382,4.765319827626513e-08,2.147138179739456e-08
EXP-EMBED-C1-FUSED-EQUIV-001,GOLD-MODEL-C1-B2-R00473,2,84,4.838325,4.838325,2.3651122837975436e-08,4.888287338691683e-09
EXP-EMBED-C1-FUSED-EQUIV-001,GOLD-MODEL-C1-B2-R00473,2,85,-1.047473,-1.047473,4.62036133797028e-08,4.410959841418614e-08
EXP-EMBED-C1-FUSED-EQUIV-001,GOLD-MODEL-C1-B2-R00473,2,86,-1.394957,-1.394957,5.362701416267157e-08,3.844348905569962e-08
EXP-EMBED-C1-FUSED-EQUIV-001,GOLD-MODEL-C1-B2-R00473,2,87,-1.827997,-1.827997,3.0776977633095726e-08,1.6836448655602677e-08
EXP-EMBED-C1-FUSED-EQUIV-001,GOLD-MODEL-C1-B2-R00473,2,88,6915.3594,6915.3594,2.500000027794158e-05,3.615141141896628e-09
EXP-EMBED-C1-FUSED-EQUIV-001,GOLD-MODEL-C1-B2-R00473,2,89,3.472832,3.472832,3.550720206746405e-08,1.022427864851051e-08
EXP-EMBED-C1-FUSED-EQUIV-001,GOLD-MODEL-C1-B2-R00473,2,90,1.696297,1.696297,4.952239995859031e-08,2.9194415811965896e-08
EXP-EMBED-C1-FUSED-EQUIV-001,GOLD-MODEL-C1-B2-R00473,2,91,2.58879,2.58879,6.011962883079036e-08,2.3223061287624862e-08
EXP-EMBED-C1-FUSED-EQUIV-001,GOLD-MODEL-C1-B2-R00473,2,92,6.868192,6.868192,1.958923343536867e-07,2.85216741689351e-08
EXP-EMBED-C1-FUSED-EQUIV-001,GOLD-MODEL-C1-B2-R00473,2,93,-1.35643,-1.35643,5.371093747541522e-08,3.959727923697885e-08
EXP-EMBED-C1-FUSED-EQUIV-001,GOLD-MODEL-C1-B2-R00473,2,94,-1.935279,-1.935279,1.1726379423038225e-08,6.05927074237783e-09
EXP-EMBED-C1-FUSED-EQUIV-001,GOLD-MODEL-C1-B2-R00473,2,95,-2.390203,-2.390203,8.85009843187845e-10,3.702655561840752e-10
EXP-EMBED-C1-FUSED-EQUIV-001,GOLD-MODEL-C1-B2-R00473,2,96,3078.0461,3078.0461,4.257812497598934e-05,1.3832841871987993e-08
EXP-EMBED-C1-FUSED-EQUIV-001,GOLD-MODEL-C1-B2-R00473,2,97,2.716983,2.716983,7.991027839437947e-08,2.9411401688703785e-08
EXP-EMBED-C1-FUSED-EQUIV-001,GOLD-MODEL-C1-B2-R00473,2,98,1.080278,1.080278,3.897857658863302e-08,3.608198684841589e-08
EXP-EMBED-C1-FUSED-EQUIV-001,GOLD-MODEL-C1-B2-R00473,2,99,2.205154,2.205154,5.7891845539614906e-08,2.6252971692505336e-08
EXP-EMBED-C1-FUSED-EQUIV-001,GOLD-MODEL-C1-B2-R00473,2,100,5.69291,5.69291,1.943969722972838e-07,3.4147206314043925e-08
EXP-EMBED-C1-FUSED-EQUIV-001,GOLD-MODEL-C1-B2-R00473,2,101,-0.667771,-0.667771,1.8211364749554093e-08,2.7271871269573092e-08
EXP-EMBED-C1-FUSED-EQUIV-001,GOLD-MODEL-C1-B2-R00473,2,102,-0.960994,-0.960994,5.2032470554408405e-09,5.414442811756203e-09
EXP-EMBED-C1-FUSED-EQUIV-001,GOLD-MODEL-C1-B2-R00473,2,103,-1.31828,-1.31828,1.8386840716644315e-08,1.394759892939612e-08
EXP-EMBED-C1-FUSED-EQUIV-001,GOLD-MODEL-C1-B2-R00473,2,104,3046.6394,3046.6394,4.296874976716936e-06,1.410365459304746e-09
EXP-EMBED-C1-FUSED-EQUIV-001,GOLD-MODEL-C1-B2-R00473,2,105,2.621708,2.621708,8.374023430235411e-08,3.194109881892038e-08
EXP-EMBED-C1-FUSED-EQUIV-001,GOLD-MODEL-C1-B2-R00473,2,106,1.044078,1.044078,7.560730042044383e-09,7.241537549919051e-09
EXP-EMBED-C1-FUSED-EQUIV-001,GOLD-MODEL-C1-B2-R00473,2,107,2.193261,2.193261,9.18731690724428e-08,4.188884454355537e-08
EXP-EMBED-C1-FUSED-EQUIV-001,GOLD-MODEL-C1-B2-R00473,2,108,2.403085,2.403085,6.637573157775023e-09,2.762105026570023e-09
EXP-EMBED-C1-FUSED-EQUIV-001,GOLD-MODEL-C1-B2-R00473,2,109,-0.653576,-0.653576,1.642608637997256e-08,2.513263397060565e-08
EXP-EMBED-C1-FUSED-EQUIV-001,GOLD-MODEL-C1-B2-R00473,2,110,-0.885256,-0.885256,7.587432904188063e-09,8.570891249749295e-09
EXP-EMBED-C1-FUSED-EQUIV-001,GOLD-MODEL-C1-B2-R00473,2,111,-1.357113,-1.357113,3.730773912025143e-09,2.7490517827366938e-09
EXP-EMBED-C1-FUSED-EQUIV-001,GOLD-MODEL-C1-B2-R00473,2,112,8472.7488,8472.749,0.00022343750060827006,2.637131182365162e-08
EXP-EMBED-C1-FUSED-EQUIV-001,GOLD-MODEL-C1-B2-R00473,2,113,3.380639,3.380639,7.623291020664169e-08,2.2549852322783265e-08
EXP-EMBED-C1-FUSED-EQUIV-001,GOLD-MODEL-C1-B2-R00473,2,114,2.459294,2.459294,8.073425306065474e-08,3.282822349042235e-08
EXP-EMBED-C1-FUSED-EQUIV-001,GOLD-MODEL-C1-B2-R00473,2,115,4.682763,4.682763,9.96704105915569e-08,2.1284530221059e-08
EXP-EMBED-C1-FUSED-EQUIV-001,GOLD-MODEL-C1-B2-R00473,2,116,4.043371,4.043371,2.0056152383318704e-07,4.960255287807798e-08
EXP-EMBED-C1-FUSED-EQUIV-001,GOLD-MODEL-C1-B2-R00473,2,117,-1.787555,-1.787555,2.0675659184732353e-08,1.1566446450448995e-08
EXP-EMBED-C1-FUSED-EQUIV-001,GOLD-MODEL-C1-B2-R00473,2,118,-2.645936,-2.645936,1.2268066562626245e-08,4.636569653470925e-09
EXP-EMBED-C1-FUSED-EQUIV-001,GOLD-MODEL-C1-B2-R00473,2,119,-3.19435,-3.19435,4.1961669694501325e-09,1.3136215409864707e-09
EXP-EMBED-C1-FUSED-EQUIV-001,GOLD-MODEL-C1-B2-R00473,2,120,8990.9273,8990.928,0.00043437500062282197,4.831259180828011e-08
EXP-EMBED-C1-FUSED-EQUIV-001,GOLD-MODEL-C1-B2-R00473,2,121,3.681195,3.681195,2.067565896268775e-08,5.616561731363795e-09
EXP-EMBED-C1-FUSED-EQUIV-001,GOLD-MODEL-C1-B2-R00473,2,122,2.526696,2.526696,3.3279418776288594e-08,1.3171121011901944e-08
EXP-EMBED-C1-FUSED-EQUIV-001,GOLD-MODEL-C1-B2-R00473,2,123,4.712727,4.712727,6.985473621767824e-08,1.482257220027348e-08
EXP-EMBED-C1-FUSED-EQUIV-001,GOLD-MODEL-C1-B2-R00473,2,124,13.962699,13.962699,6.353759829380579e-08,4.550524099517277e-09
EXP-EMBED-C1-FUSED-EQUIV-001,GOLD-MODEL-C1-B2-R00473,2,125,-1.840753,-1.840753,4.074859627500871e-08,2.2136916943777197e-08
EXP-EMBED-C1-FUSED-EQUIV-001,GOLD-MODEL-C1-B2-R00473,2,126,-2.64806,-2.64806,8.338928214612906e-08,3.149070721438678e-08
EXP-EMBED-C1-FUSED-EQUIV-001,GOLD-MODEL-C1-B2-R00473,2,127,-3.243286,-3.243286,1.0560607899279262e-07,3.256144508772665e-08
EXP-EMBED-C1-FUSED-EQUIV-001,GOLD-MODEL-C1-B2-R00495,2,0,6601.2229,6601.2227,0.00024374999975407263,3.6924976394006124e-08
EXP-EMBED-C1-FUSED-EQUIV-001,GOLD-MODEL-C1-B2-R00495,2,1,2.727042,2.727042,4.023742672387698e-08,1.4754971402668891e-08
EXP-EMBED-C1-FUSED-EQUIV-001,GOLD-MODEL-C1-B2-R00495,2,2,1.382321,1.382321,9.918221799409821e-11,7.175049644337185e-11
EXP-EMBED-C1-FUSED-EQUIV-001,GOLD-MODEL-C1-B2-R00495,2,3,2.21362,2.21362,5.256652846341581e-08,2.3746861910994572e-08
EXP-EMBED-C1-FUSED-EQUIV-001,GOLD-MODEL-C1-B2-R00495,2,4,5.568334,5.568334,1.0263061511750493e-07,1.843111694045381e-08
EXP-EMBED-C1-FUSED-EQUIV-001,GOLD-MODEL-C1-B2-R00495,2,5,-0.981018,-0.981018,6.801605278994316e-09,6.933211499681266e-09
EXP-EMBED-C1-FUSED-EQUIV-001,GOLD-MODEL-C1-B2-R00495,2,6,-1.224667,-1.224667,4.691314692273352e-08,3.830685967918913e-08
EXP-EMBED-C1-FUSED-EQUIV-001,GOLD-MODEL-C1-B2-R00495,2,7,-1.719056,-1.719056,1.0246276938019605e-08,5.9604090489312775e-09
EXP-EMBED-C1-FUSED-EQUIV-001,GOLD-MODEL-C1-B2-R00495,2,8,7472.8989,7472.899,2.5781249860301614e-05,3.449966365837174e-09
EXP-EMBED-C1-FUSED-EQUIV-001,GOLD-MODEL-C1-B2-R00495,2,9,2.897039,2.897039,6.338500968539051e-08,2.1879239349346183e-08
EXP-EMBED-C1-FUSED-EQUIV-001,GOLD-MODEL-C1-B2-R00495,2,10,1.582792,1.582792,4.368591310921488e-08,2.7600539495533765e-08
EXP-EMBED-C1-FUSED-EQUIV-001,GOLD-MODEL-C1-B2-R00495,2,11,2.571398,2.571398,1.9790649563589113e-08,7.696455221474511e-09
EXP-EMBED-C1-FUSED-EQUIV-001,GOLD-MODEL-C1-B2-R00495,2,12,6.616645,6.616645,1.406860352659578e-07,2.1262442713181347e-08
EXP-EMBED-C1-FUSED-EQUIV-001,GOLD-MODEL-C1-B2-R00495,2,13,-1.104477,-1.104477,4.792022711974653e-08,4.338725670135868e-08
EXP-EMBED-C1-FUSED-EQUIV-001,GOLD-MODEL-C1-B2-R00495,2,14,-1.371088,-1.371088,2.795410147804489e-08,2.0388262079490804e-08
EXP-EMBED-C1-FUSED-EQUIV-001,GOLD-MODEL-C1-B2-R00495,2,15,-1.911554,-1.911554,2.108001706524476e-08,1.1027685885538552e-08
EXP-EMBED-C1-FUSED-EQUIV-001,GOLD-MODEL-C1-B2-R00495,2,16,26131.9963,26131.996,0.0002062499988824129,7.892623147295215e-09
EXP-EMBED-C1-FUSED-EQUIV-001,GOLD-MODEL-C1-B2-R00495,2,17,13.742097,13.742097,9.906005793425265e-08,7.208511039781822e-09
EXP-EMBED-C1-FUSED-EQUIV-001,GOLD-MODEL-C1-B2-R00495,2,18,10.814798,10.814798,3.551025393733198e-07,3.283487489764671e-08
EXP-EMBED-C1-FUSED-EQUIV-001,GOLD-MODEL-C1-B2-R00495,2,19,23.839079,23.839079,9.680175949711156e-08,4.060633361595537e-09
EXP-EMBED-C1-FUSED-EQUIV-001,GOLD-MODEL-C1-B2-R00495,2,20,27.04003,27.04003,4.742431656268309e-07,1.7538559151999123e-08
EXP-EMBED-C1-FUSED-EQUIV-001,GOLD-MODEL-C1-B2-R00495,2,21,-6.145264,-6.145264,1.4871215814338257e-07,2.419947428513772e-08
EXP-EMBED-C1-FUSED-EQUIV-001,GOLD-MODEL-C1-B2-R00495,2,22,-8.823575,-8.823575,1.9836425835251248e-08,2.2481166460591367e-09
EXP-EMBED-C1-FUSED-EQUIV-001,GOLD-MODEL-C1-B2-R00495,2,23,-9.944528,-9.944528,3.7396240237796974e-07,3.760484181632047e-08
EXP-EMBED-C1-FUSED-EQUIV-001,GOLD-MODEL-C1-B2-R00495,2,24,25629.5754,25629.576,0.0007718749984633178,3.011657377918628e-08
EXP-EMBED-C1-FUSED-EQUIV-001,GOLD-MODEL-C1-B2-R00495,2,25,13.146815,13.146815,2.999877928289152e-07,2.2818286621429995e-08
EXP-EMBED-C1-FUSED-EQUIV-001,GOLD-MODEL-C1-B2-R00495,2,26,10.418704,10.418704,3.289794925365186e-08,3.1575855551373626e-09
EXP-EMBED-C1-FUSED-EQUIV-001,GOLD-MODEL-C1-B2-R00495,2,27,22.431416,22.431416,4.4213867056441813e-07,1.971068926564503e-08
EXP-EMBED-C1-FUSED-EQUIV-001,GOLD-MODEL-C1-B2-R00495,2,28,25.561021,25.561022,8.048095700985414e-07,3.14858146745602e-08
EXP-EMBED-C1-FUSED-EQUIV-001,GOLD-MODEL-C1-B2-R00495,2,29,-5.951375,-5.951375,7.629394893626795e-09,1.281954992523038e-09
EXP-EMBED-C1-FUSED-EQUIV-001,GOLD-MODEL-C1-B2-R00495,2,30,-8.485463,-8.485463,1.4239502021951012e-07,1.6781054872257427e-08
EXP-EMBED-C1-FUSED-EQUIV-001,GOLD-MODEL-C1-B2-R00495,2,31,-10.052602,-10.052602,1.8572998072841074e-07,1.8475811608617424e-08
EXP-EMBED-C1-FUSED-EQUIV-001,GOLD-MODEL-C1-B2-R00495,2,32,6052.4283,6052.428,7.734374958090484e-05,1.2778961723661368e-08
EXP-EMBED-C1-FUSED-EQUIV-001,GOLD-MODEL-C1-B2-R00495,2,33,4.110768,4.110768,1.586608888715091e-07,3.859641042051244e-08
EXP-EMBED-C1-FUSED-EQUIV-001,GOLD-MODEL-C1-B2-R00495,2,34,2.60723,2.60723,5.195617669428998e-08,1.9927730462709457e-08
EXP-EMBED-C1-FUSED-EQUIV-001,GOLD-MODEL-C1-B2-R00495,2,35,8.332247,8.332247,2.1960449281266392e-07,2.6355974902407947e-08
EXP-EMBED-C1-FUSED-EQUIV-001,GOLD-MODEL-C1-B2-R00495,2,36,11.68397,11.68397,4.513549800577721e-07,3.863027550205727e-08
EXP-EMBED-C1-FUSED-EQUIV-001,GOLD-MODEL-C1-B2-R00495,2,37,-1.419386,-1.419386,2.9243469201745143e-08,2.0602900973903604e-08
EXP-EMBED-C1-FUSED-EQUIV-001,GOLD-MODEL-C1-B2-R00495,2,38,-2.158971,-2.158971,7.124328593732798e-08,3.299872297373516e-08
EXP-EMBED-C1-FUSED-EQUIV-001,GOLD-MODEL-C1-B2-R00495,2,39,-2.586808,-2.586808,3.3767700191589256e-08,1.3053810020530808e-08
EXP-EMBED-C1-FUSED-EQUIV-001,GOLD-MODEL-C1-B2-R00495,2,40,5651.179,5651.179,0.0001992187499126885,3.525259948635294e-08
EXP-EMBED-C1-FUSED-EQUIV-001,GOLD-MODEL-C1-B2-R00495,2,41,4.106326,4.106326,1.0321044907612986e-07,2.5134499568745846e-08
EXP-EMBED-C1-FUSED-EQUIV-001,GOLD-MODEL-C1-B2-R00495,2,42,2.427507,2.427507,7.632446274996596e-08,3.1441500580622825e-08
EXP-EMBED-C1-FUSED-EQUIV-001,GOLD-MODEL-C1-B2-R00495,2,43,7.994584,7.994584,8.355712921570557e-08,1.0451716964348061e-08
EXP-EMBED-C1-FUSED-EQUIV-001,GOLD-MODEL-C1-B2-R00495,2,44,11.100201,11.100201,3.46923828331569e-07,3.1253833001003224e-08
EXP-EMBED-C1-FUSED-EQUIV-001,GOLD-MODEL-C1-B2-R00495,2,45,-1.330598,-1.330598,3.28826899043122e-09,2.471271556421414e-09
EXP-EMBED-C1-FUSED-EQUIV-001,GOLD-MODEL-C1-B2-R00495,2,46,-2.046471,-2.046471,1.1892700202409401e-07,5.8113211486551246e-08
EXP-EMBED-C1-FUSED-EQUIV-001,GOLD-MODEL-C1-B2-R00495,2,47,-2.506413,-2.506413,1.7059325951862547e-08,6.806270934543728e-09
EXP-EMBED-C1-FUSED-EQUIV-001,GOLD-MODEL-C1-B2-R00495,2,48,26588.9738,26588.975,0.0008093750002444722,3.044024964380055e-08
EXP-EMBED-C1-FUSED-EQUIV-001,GOLD-MODEL-C1-B2-R00495,2,49,14.316328,14.316328,4.8706054300851065e-08,3.4021331657706545e-09
EXP-EMBED-C1-FUSED-EQUIV-001,GOLD-MODEL-C1-B2-R00495,2,50,12.502615,12.502615,2.5024414540553153e-08,2.0015344422389357e-09
EXP-EMBED-C1-FUSED-EQUIV-001,GOLD-MODEL-C1-B2-R00495,2,51,33.840328,33.84033,2.165527348552132e-07,6.399250469889453e-09
EXP-EMBED-C1-FUSED-EQUIV-001,GOLD-MODEL-C1-B2-R00495,2,52,40.886121,40.88612,1.1574707059480716e-06,2.830962384394625e-08
EXP-EMBED-C1-FUSED-EQUIV-001,GOLD-MODEL-C1-B2-R00495,2,53,-6.696005,-6.696005,1.324462894913836e-07,1.9779897041800834e-08
EXP-EMBED-C1-FUSED-EQUIV-001,GOLD-MODEL-C1-B2-R00495,2,54,-10.685484,-10.685484,6.750488346085604e-08,6.317438074012935e-09
EXP-EMBED-C1-FUSED-EQUIV-001,GOLD-MODEL-C1-B2-R00495,2,55,-12.416233,-12.416233,6.2744140549853e-08,5.053395868928442e-09
EXP-EMBED-C1-FUSED-EQUIV-001,GOLD-MODEL-C1-B2-R00495,2,56,28242.6277,28242.627,0.0007468750009138603,2.64449543734863e-08
EXP-EMBED-C1-FUSED-EQUIV-001,GOLD-MODEL-C1-B2-R00495,2,57,14.044298,14.044298,1.7199707080806093e-07,1.2246754576701586e-08
EXP-EMBED-C1-FUSED-EQUIV-001,GOLD-MODEL-C1-B2-R00495,2,58,13.108819,13.108819,7.873534713098707e-09,6.006288372048395e-10
EXP-EMBED-C1-FUSED-EQUIV-001,GOLD-MODEL-C1-B2-R00495,2,59,34.928071,34.92807,9.316406277548595e-07,2.6673119960013234e-08
EXP-EMBED-C1-FUSED-EQUIV-001,GOLD-MODEL-C1-B2-R00495,2,60,42.284835,42.284836,8.154296864404387e-07,1.9284211146630668e-08
EXP-EMBED-C1-FUSED-EQUIV-001,GOLD-MODEL-C1-B2-R00495,2,61,-7.11687,-7.11687,7.354736286657726e-08,1.0334228792513741e-08
EXP-EMBED-C1-FUSED-EQUIV-001,GOLD-MODEL-C1-B2-R00495,2,62,-11.318042,-11.318042,1.9854736343916102e-07,1.754255404240071e-08
EXP-EMBED-C1-FUSED-EQUIV-001,GOLD-MODEL-C1-B2-R00495,2,63,-12.592877,-12.592877,3.8800048862697167e-07,3.081110763068453e-08
EXP-EMBED-C1-FUSED-EQUIV-001,GOLD-MODEL-C1-B2-R00495,2,64,3687.0213,3687.0212,5.976562488285708e-05,1.620973138475145e-08
EXP-EMBED-C1-FUSED-EQUIV-001,GOLD-MODEL-C1-B2-R00495,2,65,2.124184,2.124184,1.0679626472054338e-07,5.027637187764496e-08
EXP-EMBED-C1-FUSED-EQUIV-001,GOLD-MODEL-C1-B2-R00495,2,66,0.664356,0.664356,6.729125923143897e-09,1.0128795289188172e-08
EXP-EMBED-C1-FUSED-EQUIV-001,GOLD-MODEL-C1-B2-R00495,2,67,1.021959,1.021959,5.281829840164676e-08,5.1683382994471164e-08
EXP-EMBED-C1-FUSED-EQUIV-001,GOLD-MODEL-C1-B2-R00495,2,68,2.712737,2.712737,8.34350584177912e-08,3.075678122051315e-08
EXP-EMBED-C1-FUSED-EQUIV-001,GOLD-MODEL-C1-B2-R00495,2,69,-0.494843,-0.494843,6.134033225801971e-09,1.2395917949333367e-08
EXP-EMBED-C1-FUSED-EQUIV-001,GOLD-MODEL-C1-B2-R00495,2,70,-0.63127,-0.63127,8.602142331781693e-09,1.3626724431355352e-08
EXP-EMBED-C1-FUSED-EQUIV-001,GOLD-MODEL-C1-B2-R00495,2,71,-1.084205,-1.084205,3.139495841075757e-08,2.8956662633687878e-08
EXP-EMBED-C1-FUSED-EQUIV-001,GOLD-MODEL-C1-B2-R00495,2,72,3820.3569,3820.357,3.35937497766281e-05,8.793353777137444e-09
EXP-EMBED-C1-FUSED-EQUIV-001,GOLD-MODEL-C1-B2-R00495,2,73,1.925175,1.925175,4.84466553540841e-08,2.516480598079868e-08
EXP-EMBED-C1-FUSED-EQUIV-001,GOLD-MODEL-C1-B2-R00495,2,74,0.682203,0.682203,5.176544193297161e-09,7.587982159704898e-09
EXP-EMBED-C1-FUSED-EQUIV-001,GOLD-MODEL-C1-B2-R00495,2,75,1.030935,1.030935,4.905700690116532e-08,4.7584965978616813e-08
EXP-EMBED-C1-FUSED-EQUIV-001,GOLD-MODEL-C1-B2-R00495,2,76,2.547291,2.547291,4.042053225461473e-08,1.58680465854175e-08
EXP-EMBED-C1-FUSED-EQUIV-001,GOLD-MODEL-C1-B2-R00495,2,77,-0.499969,-0.499969,5.58471680012218e-09,1.117012614806554e-08
EXP-EMBED-C1-FUSED-EQUIV-001,GOLD-MODEL-C1-B2-R00495,2,78,-0.636412,-0.636412,2.449798586212637e-08,3.8493909389085016e-08
EXP-EMBED-C1-FUSED-EQUIV-001,GOLD-MODEL-C1-B2-R00495,2,79,-1.177995,-1.177995,3.3493041895482634e-08,2.843224453031009e-08
EXP-EMBED-C1-FUSED-EQUIV-001,GOLD-MODEL-C1-B2-R00495,2,80,27880.6836,27880.684,6.250000296859071e-06,2.2416955001989517e-10
EXP-EMBED-C1-FUSED-EQUIV-001,GOLD-MODEL-C1-B2-R00495,2,81,13.65679,13.65679,2.2033691493561491e-07,1.6133872962505458e-08
EXP-EMBED-C1-FUSED-EQUIV-001,GOLD-MODEL-C1-B2-R00495,2,82,11.453192,11.453192,2.4279785115766117e-07,2.11991426632559e-08
EXP-EMBED-C1-FUSED-EQUIV-001,GOLD-MODEL-C1-B2-R00495,2,83,23.855168,23.855167,6.110839834150283e-07,2.5616419193318125e-08
EXP-EMBED-C1-FUSED-EQUIV-001,GOLD-MODEL-C1-B2-R00495,2,84,26.483176,26.483175,7.222900393344389e-07,2.727354299704986e-08
EXP-EMBED-C1-FUSED-EQUIV-001,GOLD-MODEL-C1-B2-R00495,2,85,-6.379329,-6.379329,2.0455932592255976e-07,3.2065962724694045e-08
EXP-EMBED-C1-FUSED-EQUIV-001,GOLD-MODEL-C1-B2-R00495,2,86,-8.925479,-8.925479,6.47583000557006e-08,7.255442543274216e-09
EXP-EMBED-C1-FUSED-EQUIV-001,GOLD-MODEL-C1-B2-R00495,2,87,-10.587793,-10.587793,3.5021972699667003e-07,3.3077689278272634e-08
EXP-EMBED-C1-FUSED-EQUIV-001,GOLD-MODEL-C1-B2-R00495,2,88,20086.7602,20086.76,0.00043437500062282197,2.1624940821607557e-08
EXP-EMBED-C1-FUSED-EQUIV-001,GOLD-MODEL-C1-B2-R00495,2,89,13.556773,13.556773,1.8572998072841074e-07,1.3700161589222653e-08
EXP-EMBED-C1-FUSED-EQUIV-001,GOLD-MODEL-C1-B2-R00495,2,90,8.064609,8.064609,4.2608642658592544e-07,5.283410845906173e-08
EXP-EMBED-C1-FUSED-EQUIV-001,GOLD-MODEL-C1-B2-R00495,2,91,17.979177,17.979177,4.7497558597342504e-07,2.6418093885689263e-08
EXP-EMBED-C1-FUSED-EQUIV-001,GOLD-MODEL-C1-B2-R00495,2,92,20.81429,20.81429,9.069824216112465e-07,4.357498726169601e-08
EXP-EMBED-C1-FUSED-EQUIV-001,GOLD-MODEL-C1-B2-R00495,2,93,-4.712313,-4.712313,1.7520141604165929e-07,3.717949466464967e-08
EXP-EMBED-C1-FUSED-EQUIV-001,GOLD-MODEL-C1-B2-R00495,2,94,-6.719916,-6.719916,1.3314819291565527e-07,1.9813966858463005e-08
EXP-EMBED-C1-FUSED-EQUIV-001,GOLD-MODEL-C1-B2-R00495,2,95,-8.024713,-8.024713,4.3743896505077373e-07,5.451147786229535e-08
EXP-EMBED-C1-FUSED-EQUIV-001,GOLD-MODEL-C1-B2-R00495,2,96,6761.2497,6761.2495,0.00018828125030267984,2.784710795441852e-08
EXP-EMBED-C1-FUSED-EQUIV-001,GOLD-MODEL-C1-B2-R00495,2,97,4.317445,4.317445,1.9866943379298618e-07,4.601551005119606e-08
EXP-EMBED-C1-FUSED-EQUIV-001,GOLD-MODEL-C1-B2-R00495,2,98,2.870413,2.870413,6.495666493577801e-08,2.2629727825151992e-08
EXP-EMBED-C1-FUSED-EQUIV-001,GOLD-MODEL-C1-B2-R00495,2,99,9.538398,9.538398,2.1099853597661422e-07,2.2120961609760276e-08
EXP-EMBED-C1-FUSED-EQUIV-001,GOLD-MODEL-C1-B2-R00495,2,100,13.493204,13.493204,1.1682128864265451e-07,8.657787182544228e-09
EXP-EMBED-C1-FUSED-EQUIV-001,GOLD-MODEL-C1-B2-R00495,2,101,-1.558413,-1.558413,2.871704096740757e-08,1.842710563079721e-08
EXP-EMBED-C1-FUSED-EQUIV-001,GOLD-MODEL-C1-B2-R00495,2,102,-2.409396,-2.409396,6.684875497597886e-08,2.774502612936141e-08
EXP-EMBED-C1-FUSED-EQUIV-001,GOLD-MODEL-C1-B2-R00495,2,103,-2.857076,-2.857076,7.035827653822935e-08,2.4625973036149314e-08
EXP-EMBED-C1-FUSED-EQUIV-001,GOLD-MODEL-C1-B2-R00495,2,104,7289.2751,7289.275,0.00019765624983847374,2.7116036523093188e-08
EXP-EMBED-C1-FUSED-EQUIV-001,GOLD-MODEL-C1-B2-R00495,2,105,4.680377,4.680377,6.530761709200306e-09,1.3953495005210704e-09
EXP-EMBED-C1-FUSED-EQUIV-001,GOLD-MODEL-C1-B2-R00495,2,106,3.127089,3.127089,2.3590088105152063e-08,7.543785324035249e-09
EXP-EMBED-C1-FUSED-EQUIV-001,GOLD-MODEL-C1-B2-R00495,2,107,10.585652,10.585652,3.513793949139199e-07,3.319393032322619e-08
EXP-EMBED-C1-FUSED-EQUIV-001,GOLD-MODEL-C1-B2-R00495,2,108,14.325731,14.325731,2.7746582098586714e-07,1.93683534184655e-08
EXP-EMBED-C1-FUSED-EQUIV-001,GOLD-MODEL-C1-B2-R00495,2,109,-1.668942,-1.668942,2.5360107347438543e-08,1.51953197579296e-08
EXP-EMBED-C1-FUSED-EQUIV-001,GOLD-MODEL-C1-B2-R00495,2,110,-2.64188,-2.64188,3.540039061888933e-08,1.3399696662562014e-08
EXP-EMBED-C1-FUSED-EQUIV-001,GOLD-MODEL-C1-B2-R00495,2,111,-3.084697,-3.084697,8.132934770088696e-09,2.63654250971447e-09
EXP-EMBED-C1-FUSED-EQUIV-001,GOLD-MODEL-C1-B2-R00495,2,112,27949.2464,27949.246,0.00030624999999417923,1.0957361626543863e-08
EXP-EMBED-C1-FUSED-EQUIV-001,GOLD-MODEL-C1-B2-R00495,2,113,14.893139,14.893139,1.1450195280815478e-07,7.68823501937065e-09
EXP-EMBED-C1-FUSED-EQUIV-001,GOLD-MODEL-C1-B2-R00495,2,114,12.825513,12.825513,1.1395263754820917e-07,8.884840516571085e-09
EXP-EMBED-C1-FUSED-EQUIV-001,GOLD-MODEL-C1-B2-R00495,2,115,36.458786,36.458786,1.0742184031187207e-08,2.946391037591654e-10
EXP-EMBED-C1-FUSED-EQUIV-001,GOLD-MODEL-C1-B2-R00495,2,116,44.728623,44.728622,5.634765614104253e-07,1.2597672890811447e-08
EXP-EMBED-C1-FUSED-EQUIV-001,GOLD-MODEL-C1-B2-R00495,2,117,-6.949739,-6.949739,2.066040050152651e-08,2.9728311381947595e-09
EXP-EMBED-C1-FUSED-EQUIV-001,GOLD-MODEL-C1-B2-R00495,2,118,-11.119735,-11.119735,2.359008792751638e-07,2.1214613412564577e-08
EXP-EMBED-C1-FUSED-EQUIV-001,GOLD-MODEL-C1-B2-R00495,2,119,-12.6864,-12.6864,4.1351318280646865e-07,3.2594998014130774e-08
EXP-EMBED-C1-FUSED-EQUIV-001,GOLD-MODEL-C1-B2-R00495,2,120,24889.6321,24889.633,0.0007125000011001248,2.8626377370203266e-08
EXP-EMBED-C1-FUSED-EQUIV-001,GOLD-MODEL-C1-B2-R00495,2,121,14.829669,14.829669,1.2817391592534477e-09,8.643073282710812e-11
EXP-EMBED-C1-FUSED-EQUIV-001,GOLD-MODEL-C1-B2-R00495,2,122,11.563809,11.563809,3.948364266648241e-07,3.41441497922375e-08
EXP-EMBED-C1-FUSED-EQUIV-001,GOLD-MODEL-C1-B2-R00495,2,123,32.809948,32.809948,3.247070168299615e-08,9.896602604489392e-10
EXP-EMBED-C1-FUSED-EQUIV-001,GOLD-MODEL-C1-B2-R00495,2,124,40.365248,40.36525,1.6337890613726813e-06,4.04751399365286e-08
EXP-EMBED-C1-FUSED-EQUIV-001,GOLD-MODEL-C1-B2-R00495,2,125,-6.246419,-6.246419,4.705810585647896e-08,7.533613396168101e-09
EXP-EMBED-C1-FUSED-EQUIV-001,GOLD-MODEL-C1-B2-R00495,2,126,-10.160686,-10.160686,4.6075439463777457e-07,4.534678019159086e-08
EXP-EMBED-C1-FUSED-EQUIV-001,GOLD-MODEL-C1-B2-R00495,2,127,-11.360638,-11.360638,3.352050779170668e-07,2.9505832147549e-08
EXP-EMBED-C1-FUSED-EQUIV-001,GOLD-MODEL-C1-B2-R00540,2,0,18004.0039,18004.004,6.250000296859071e-06,3.4714502016182473e-10
EXP-EMBED-C1-FUSED-EQUIV-001,GOLD-MODEL-C1-B2-R00540,2,1,3.55939,3.55939,6.805419916489086e-08,1.911962419540732e-08
EXP-EMBED-C1-FUSED-EQUIV-001,GOLD-MODEL-C1-B2-R00540,2,2,4.80757,4.80757,1.9378662230451482e-08,4.030864289121423e-09
EXP-EMBED-C1-FUSED-EQUIV-001,GOLD-MODEL-C1-B2-R00540,2,3,6.464098,6.464098,2.3315429587000835e-08,3.6069115268674508e-09
EXP-EMBED-C1-FUSED-EQUIV-001,GOLD-MODEL-C1-B2-R00540,2,4,7.526985,7.526985,1.6845703143530955e-07,2.23804127994555e-08
EXP-EMBED-C1-FUSED-EQUIV-001,GOLD-MODEL-C1-B2-R00540,2,5,-2.999281,-2.999281,7.043457017630317e-08,2.348381834723161e-08
EXP-EMBED-C1-FUSED-EQUIV-001,GOLD-MODEL-C1-B2-R00540,2,6,-4.142756,-4.142756,1.4739990561452032e-08,3.558015620869786e-09
EXP-EMBED-C1-FUSED-EQUIV-001,GOLD-MODEL-C1-B2-R00540,2,7,-6.593693,-6.593693,2.2045898440126166e-07,3.343482694770012e-08
EXP-EMBED-C1-FUSED-EQUIV-001,GOLD-MODEL-C1-B2-R00540,2,8,17806.601,17806.602,0.0005625000012514647,3.158940896420742e-08
EXP-EMBED-C1-FUSED-EQUIV-001,GOLD-MODEL-C1-B2-R00540,2,9,4.029565,4.029565,1.4251708968515686e-07,3.5367859728074086e-08
EXP-EMBED-C1-FUSED-EQUIV-001,GOLD-MODEL-C1-B2-R00540,2,10,5.202733,5.202733,3.9855956757151034e-08,7.660580844173827e-09
EXP-EMBED-C1-FUSED-EQUIV-001,GOLD-MODEL-C1-B2-R00540,2,11,7.496752,7.496752,2.1472167954783572e-07,2.864196115168752e-08
EXP-EMBED-C1-FUSED-EQUIV-001,GOLD-MODEL-C1-B2-R00540,2,12,8.290323,8.290323,2.574462882876105e-07,3.105383086854523e-08
EXP-EMBED-C1-FUSED-EQUIV-001,GOLD-MODEL-C1-B2-R00540,2,13,-3.059076,-3.059076,7.078552233252822e-08,2.3139510862929923e-08
EXP-EMBED-C1-FUSED-EQUIV-001,GOLD-MODEL-C1-B2-R00540,2,14,-4.239302,-4.239302,1.5835571254285696e-07,3.735419475726357e-08
EXP-EMBED-C1-FUSED-EQUIV-001,GOLD-MODEL-C1-B2-R00540,2,15,-6.600942,-6.600942,1.348571778692076e-07,2.0429989821029725e-08
EXP-EMBED-C1-FUSED-EQUIV-001,GOLD-MODEL-C1-B2-R00540,2,16,21704.045,21704.045,7.812499825377017e-05,3.5995593565056735e-09
EXP-EMBED-C1-FUSED-EQUIV-001,GOLD-MODEL-C1-B2-R00540,2,17,4.156124,4.156124,1.1499023422345545e-07,2.7667662038826427e-08
EXP-EMBED-C1-FUSED-EQUIV-001,GOLD-MODEL-C1-B2-R00540,2,18,7.827033,7.827033,4.290771471460175e-08,5.481989754559838e-09
EXP-EMBED-C1-FUSED-EQUIV-001,GOLD-MODEL-C1-B2-R00540,2,19,11.777678,11.777678,4.639892576818738e-07,3.939564807951736e-08
EXP-EMBED-C1-FUSED-EQUIV-001,GOLD-MODEL-C1-B2-R00540,2,20,13.245293,13.245293,3.3642578145531843e-07,2.5399648120680942e-08
EXP-EMBED-C1-FUSED-EQUIV-001,GOLD-MODEL-C1-B2-R00540,2,21,-3.552043,-3.552043,3.887939437063892e-08,1.094564293580875e-08
EXP-EMBED-C1-FUSED-EQUIV-001,GOLD-MODEL-C1-B2-R00540,2,22,-5.051156,-5.051156,4.400634789902824e-08,8.712133994481311e-09
EXP-EMBED-C1-FUSED-EQUIV-001,GOLD-MODEL-C1-B2-R00540,2,23,-7.949425,-7.949425,2.2048950221176256e-07,2.7736534681660947e-08
EXP-EMBED-C1-FUSED-EQUIV-001,GOLD-MODEL-C1-B2-R00540,2,24,24076.7105,24076.71,0.0004374999989522621,1.8171086907917178e-08
EXP-EMBED-C1-FUSED-EQUIV-001,GOLD-MODEL-C1-B2-R00540,2,25,4.447126,4.447126,8.828735342802929e-08,1.9852676408995224e-08
EXP-EMBED-C1-FUSED-EQUIV-001,GOLD-MODEL-C1-B2-R00540,2,26,8.694913,8.694913,8.953857388860342e-08,1.0297811362644275e-08
EXP-EMBED-C1-FUSED-EQUIV-001,GOLD-MODEL-C1-B2-R00540,2,27,13.089134,13.089134,2.1630859414756287e-07,1.6525814018525814e-08
EXP-EMBED-C1-FUSED-EQUIV-001,GOLD-MODEL-C1-B2-R00540,2,28,14.566184,14.566184,4.3884277545203076e-08,3.012750459914764e-09
EXP-EMBED-C1-FUSED-EQUIV-001,GOLD-MODEL-C1-B2-R00540,2,29,-3.802885,-3.802885,5.5541992338703494e-08,1.4605225332531354e-08
EXP-EMBED-C1-FUSED-EQUIV-001,GOLD-MODEL-C1-B2-R00540,2,30,-5.358677,-5.358677,8.959960950960522e-08,1.672047214445006e-08
EXP-EMBED-C1-FUSED-EQUIV-001,GOLD-MODEL-C1-B2-R00540,2,31,-8.920122,-8.920122,1.466064460942107e-07,1.643547544464198e-08
EXP-EMBED-C1-FUSED-EQUIV-001,GOLD-MODEL-C1-B2-R00540,2,32,6741.4627,6741.463,0.00019062499995925464,2.8276504438607163e-08
EXP-EMBED-C1-FUSED-EQUIV-001,GOLD-MODEL-C1-B2-R00540,2,33,3.431466,3.431466,1.0260009775109324e-07,2.989978561672861e-08
EXP-EMBED-C1-FUSED-EQUIV-001,GOLD-MODEL-C1-B2-R00540,2,34,2.470254,2.470254,5.560302751561608e-08,2.2509032478286068e-08
EXP-EMBED-C1-FUSED-EQUIV-001,GOLD-MODEL-C1-B2-R00540,2,35,4.502247,4.502247,1.4331054654093123e-07,3.183089389385594e-08
EXP-EMBED-C1-FUSED-EQUIV-001,GOLD-MODEL-C1-B2-R00540,2,36,5.15901,5.15901,6.652832063025471e-08,1.2895559541511783e-08
EXP-EMBED-C1-FUSED-EQUIV-001,GOLD-MODEL-C1-B2-R00540,2,37,-1.460008,-1.460008,2.5169372586120176e-08,1.723920183048324e-08
EXP-EMBED-C1-FUSED-EQUIV-001,GOLD-MODEL-C1-B2-R00540,2,38,-2.229985,-2.229985,1.2969971763254762e-09,5.816169957759698e-10
EXP-EMBED-C1-FUSED-EQUIV-001,GOLD-MODEL-C1-B2-R00540,2,39,-3.288735,-3.288735,8.712768551077943e-08,2.649276561072249e-08
EXP-EMBED-C1-FUSED-EQUIV-001,GOLD-MODEL-C1-B2-R00540,2,40,7087.9048,7087.905,1.4843750250292942e-05,2.0942366847665535e-09
EXP-EMBED-C1-FUSED-EQUIV-001,GOLD-MODEL-C1-B2-R00540,2,41,3.571421,3.571421,9.202575679267966e-08,2.5767266528555346e-08
EXP-EMBED-C1-FUSED-EQUIV-001,GOLD-MODEL-C1-B2-R00540,2,42,2.528765,2.528765,3.684997551545166e-08,1.4572321079836071e-08
EXP-EMBED-C1-FUSED-EQUIV-001,GOLD-MODEL-C1-B2-R00540,2,43,4.476049,4.476049,5.361938448800174e-08,1.197917728067806e-08
EXP-EMBED-C1-FUSED-EQUIV-001,GOLD-MODEL-C1-B2-R00540,2,44,5.281846,5.281846,4.644775408735313e-08,8.793848606595712e-09
EXP-EMBED-C1-FUSED-EQUIV-001,GOLD-MODEL-C1-B2-R00540,2,45,-1.537792,-1.537792,3.2608032274339394e-08,2.1204449154592685e-08
EXP-EMBED-C1-FUSED-EQUIV-001,GOLD-MODEL-C1-B2-R00540,2,46,-2.297141,-2.297141,7.513427746630441e-08,3.270773429506696e-08
EXP-EMBED-C1-FUSED-EQUIV-001,GOLD-MODEL-C1-B2-R00540,2,47,-3.109,-3.109,3.2424926743601645e-08,1.0429374957736135e-08
EXP-EMBED-C1-FUSED-EQUIV-001,GOLD-MODEL-C1-B2-R00540,2,48,19996.8482,19996.848,0.0005437500003608875,2.7191785171469545e-08
EXP-EMBED-C1-FUSED-EQUIV-001,GOLD-MODEL-C1-B2-R00540,2,49,3.905715,3.905715,1.1291503732024921e-08,2.8910209096221616e-09
EXP-EMBED-C1-FUSED-EQUIV-001,GOLD-MODEL-C1-B2-R00540,2,50,8.292317,8.292317,3.9044189392711814e-07,4.708477665857662e-08
EXP-EMBED-C1-FUSED-EQUIV-001,GOLD-MODEL-C1-B2-R00540,2,51,13.805423,13.805423,2.1710205011515882e-07,1.572585281270692e-08
EXP-EMBED-C1-FUSED-EQUIV-001,GOLD-MODEL-C1-B2-R00540,2,52,14.759254,14.759254,4.5556640593247266e-07,3.086649270569316e-08
EXP-EMBED-C1-FUSED-EQUIV-001,GOLD-MODEL-C1-B2-R00540,2,53,-3.56728,-3.56728,5.4092407442141166e-08,1.5163487991450395e-08
EXP-EMBED-C1-FUSED-EQUIV-001,GOLD-MODEL-C1-B2-R00540,2,54,-5.404722,-5.404722,2.1374511760541282e-07,3.9547846791271195e-08
EXP-EMBED-C1-FUSED-EQUIV-001,GOLD-MODEL-C1-B2-R00540,2,55,-7.951509,-7.951509,1.1291501067489662e-09,1.4200450590560438e-10
EXP-EMBED-C1-FUSED-EQUIV-001,GOLD-MODEL-C1-B2-R00540,2,56,22903.7768,22903.777,0.0005437500003608875,2.3740626059580162e-08
EXP-EMBED-C1-FUSED-EQUIV-001,GOLD-MODEL-C1-B2-R00540,2,57,4.218148,4.218148,2.3150634742563625e-07,5.4883410308418825e-08
EXP-EMBED-C1-FUSED-EQUIV-001,GOLD-MODEL-C1-B2-R00540,2,58,9.457301,9.457301,1.3983154367736006e-07,1.4785565530520819e-08
EXP-EMBED-C1-FUSED-EQUIV-001,GOLD-MODEL-C1-B2-R00540,2,59,15.829334,15.829334,2.590332037755161e-07,1.636412522317844e-08
EXP-EMBED-C1-FUSED-EQUIV-001,GOLD-MODEL-C1-B2-R00540,2,60,16.939146,16.939146,4.1870116262998636e-08,2.471796173372532e-09
EXP-EMBED-C1-FUSED-EQUIV-001,GOLD-MODEL-C1-B2-R00540,2,61,-4.044923,-4.044923,1.713256834179333e-07,4.235573419269868e-08
EXP-EMBED-C1-FUSED-EQUIV-001,GOLD-MODEL-C1-B2-R00540,2,62,-6.283593,-6.283593,1.7779541039431024e-07,2.8295182452827587e-08
EXP-EMBED-C1-FUSED-EQUIV-001,GOLD-MODEL-C1-B2-R00540,2,63,-9.257453,-9.257453,3.5217285088151584e-08,3.804208899375626e-09
EXP-EMBED-C1-FUSED-EQUIV-001,GOLD-MODEL-C1-B2-R00540,2,64,11440.5767,11440.577,0.0004484375003812602,3.9197106242140764e-08
EXP-EMBED-C1-FUSED-EQUIV-001,GOLD-MODEL-C1-B2-R00540,2,65,3.492494,3.492494,1.0629272439999227e-07,3.043461904300831e-08
EXP-EMBED-C1-FUSED-EQUIV-001,GOLD-MODEL-C1-B2-R00540,2,66,3.132589,3.132589,1.0179138199006843e-07,3.249433040531919e-08
EXP-EMBED-C1-FUSED-EQUIV-001,GOLD-MODEL-C1-B2-R00540,2,67,4.324031,4.324031,1.2384033176715548e-07,2.8640019409471274e-08
EXP-EMBED-C1-FUSED-EQUIV-001,GOLD-MODEL-C1-B2-R00540,2,68,5.280625,5.280625,1.3351440397713077e-07,2.528382605792511e-08
EXP-EMBED-C1-FUSED-EQUIV-001,GOLD-MODEL-C1-B2-R00540,2,69,-1.791282,-1.791282,5.776214595520912e-08,3.2246260474458583e-08
EXP-EMBED-C1-FUSED-EQUIV-001,GOLD-MODEL-C1-B2-R00540,2,70,-2.459987,-2.459987,7.487487785340363e-08,3.0437103063310346e-08
EXP-EMBED-C1-FUSED-EQUIV-001,GOLD-MODEL-C1-B2-R00540,2,71,-4.617252,-4.617252,1.2698364226793046e-07,2.7501995184133434e-08
EXP-EMBED-C1-FUSED-EQUIV-001,GOLD-MODEL-C1-B2-R00540,2,72,12192.75,12192.75,0.0,0.0
EXP-EMBED-C1-FUSED-EQUIV-001,GOLD-MODEL-C1-B2-R00540,2,73,3.123381,3.123381,1.0057067889590598e-07,3.219929905954668e-08
EXP-EMBED-C1-FUSED-EQUIV-001,GOLD-MODEL-C1-B2-R00540,2,74,2.957647,2.957647,8.518981919891644e-08,2.8803240954352035e-08
EXP-EMBED-C1-FUSED-EQUIV-001,GOLD-MODEL-C1-B2-R00540,2,75,3.902418,3.902418,1.0182189935648012e-07,2.6092002280760317e-08
EXP-EMBED-C1-FUSED-EQUIV-001,GOLD-MODEL-C1-B2-R00540,2,76,4.808184,4.808184,1.468811037241835e-07,3.0548145354708453e-08
EXP-EMBED-C1-FUSED-EQUIV-001,GOLD-MODEL-C1-B2-R00540,2,77,-1.751494,-1.751494,5.0025939835052213e-08,2.856186765986764e-08
EXP-EMBED-C1-FUSED-EQUIV-001,GOLD-MODEL-C1-B2-R00540,2,78,-2.387004,-2.387004,1.013793946569308e-07,4.247139705544305e-08
EXP-EMBED-C1-FUSED-EQUIV-001,GOLD-MODEL-C1-B2-R00540,2,79,-5.447383,-5.447383,7.305908233945502e-08,1.3411776322585544e-08
EXP-EMBED-C1-FUSED-EQUIV-001,GOLD-MODEL-C1-B2-R00540,2,80,14851.6152,14851.615,3.4374999813735485e-05,2.3145630526257836e-09
EXP-EMBED-C1-FUSED-EQUIV-001,GOLD-MODEL-C1-B2-R00540,2,81,3.096153,3.096153,2.0858764493425497e-08,6.736994099912212e-09
EXP-EMBED-C1-FUSED-EQUIV-001,GOLD-MODEL-C1-B2-R00540,2,82,5.44163,5.44163,1.1337280270140582e-07,2.083434608773581e-08
EXP-EMBED-C1-FUSED-EQUIV-001,GOLD-MODEL-C1-B2-R00540,2,83,8.176652,8.176652,4.534912179110506e-08,5.546172417647841e-09
EXP-EMBED-C1-FUSED-EQUIV-001,GOLD-MODEL-C1-B2-R00540,2,84,9.537867,9.537867,4.075927737545726e-07,4.2734164122289876e-08
EXP-EMBED-C1-FUSED-EQUIV-001,GOLD-MODEL-C1-B2-R00540,2,85,-2.96511,-2.96511,6.355285631087781e-08,2.143355771316336e-08
EXP-EMBED-C1-FUSED-EQUIV-001,GOLD-MODEL-C1-B2-R00540,2,86,-4.229448,-4.229448,1.5835571254285696e-07,3.74412246096552e-08
EXP-EMBED-C1-FUSED-EQUIV-001,GOLD-MODEL-C1-B2-R00540,2,87,-6.970099,-6.970099,2.7679443626027478e-08,3.971169365890998e-09
EXP-EMBED-C1-FUSED-EQUIV-001,GOLD-MODEL-C1-B2-R00540,2,88,16550.7558,16550.756,5.937500100117177e-05,3.58744952307083e-09
EXP-EMBED-C1-FUSED-EQUIV-001,GOLD-MODEL-C1-B2-R00540,2,89,3.725378,3.725378,3.649902335922661e-08,9.797401326583936e-09
EXP-EMBED-C1-FUSED-EQUIV-001,GOLD-MODEL-C1-B2-R00540,2,90,5.794695,5.794695,9.948730461672994e-08,1.716868698296113e-08
EXP-EMBED-C1-FUSED-EQUIV-001,GOLD-MODEL-C1-B2-R00540,2,91,8.591924,8.591924,2.8631591852956717e-07,3.332384207886e-08
EXP-EMBED-C1-FUSED-EQUIV-001,GOLD-MODEL-C1-B2-R00540,2,92,9.822857,9.822857,9.692382896275831e-08,9.86717295820944e-09
EXP-EMBED-C1-FUSED-EQUIV-001,GOLD-MODEL-C1-B2-R00540,2,93,-2.821875,-2.821875,9.536743172944284e-08,3.379576761176269e-08
EXP-EMBED-C1-FUSED-EQUIV-001,GOLD-MODEL-C1-B2-R00540,2,94,-4.016985,-4.016985,6.042480471535328e-08,1.5042327694864003e-08
EXP-EMBED-C1-FUSED-EQUIV-001,GOLD-MODEL-C1-B2-R00540,2,95,-6.827046,-6.827046,8.248901384177998e-08,1.208268024586036e-08
EXP-EMBED-C1-FUSED-EQUIV-001,GOLD-MODEL-C1-B2-R00540,2,96,8897.6594,8897.659,0.00022031250045984052,2.476072532736424e-08
EXP-EMBED-C1-FUSED-EQUIV-001,GOLD-MODEL-C1-B2-R00540,2,97,4.042562,4.042562,7.904052523599603e-09,1.9552087323829794e-09
EXP-EMBED-C1-FUSED-EQUIV-001,GOLD-MODEL-C1-B2-R00540,2,98,3.138398,3.138398,6.794738771631614e-08,2.1650341262107657e-08
EXP-EMBED-C1-FUSED-EQUIV-001,GOLD-MODEL-C1-B2-R00540,2,99,5.456738,5.456738,4.852294566148885e-09,8.892298963499595e-10
EXP-EMBED-C1-FUSED-EQUIV-001,GOLD-MODEL-C1-B2-R00540,2,100,6.358739,6.358739,1.0076904288780497e-07,1.5847331190634647e-08
EXP-EMBED-C1-FUSED-EQUIV-001,GOLD-MODEL-C1-B2-R00540,2,101,-1.948325,-1.948325,3.7956237708414164e-08,1.9481471370748805e-08
EXP-EMBED-C1-FUSED-EQUIV-001,GOLD-MODEL-C1-B2-R00540,2,102,-2.989565,-2.989565,1.0437011699337972e-07,3.491147273713056e-08
EXP-EMBED-C1-FUSED-EQUIV-001,GOLD-MODEL-C1-B2-R00540,2,103,-4.361159,-4.361159,1.5219116189513215e-07,3.489695328584263e-08
EXP-EMBED-C1-FUSED-EQUIV-001,GOLD-MODEL-C1-B2-R00540,2,104,10441.0095,10441.01,0.0002656249998835847,2.5440547667692925e-08
EXP-EMBED-C1-FUSED-EQUIV-001,GOLD-MODEL-C1-B2-R00540,2,105,4.400544,4.400544,1.665649413951087e-07,3.785098874028045e-08
EXP-EMBED-C1-FUSED-EQUIV-001,GOLD-MODEL-C1-B2-R00540,2,106,3.502657,3.502657,6.335449231897883e-08,1.8087552483437238e-08
EXP-EMBED-C1-FUSED-EQUIV-001,GOLD-MODEL-C1-B2-R00540,2,107,5.873367,5.873367,1.6726684570755879e-07,2.8478868374402414e-08
EXP-EMBED-C1-FUSED-EQUIV-001,GOLD-MODEL-C1-B2-R00540,2,108,6.880135,6.880135,5.935668934142768e-08,8.62725649154089e-09
EXP-EMBED-C1-FUSED-EQUIV-001,GOLD-MODEL-C1-B2-R00540,2,109,-2.22904,-2.22904,9.254455557439201e-08,4.151767378530309e-08
EXP-EMBED-C1-FUSED-EQUIV-001,GOLD-MODEL-C1-B2-R00540,2,110,-3.23512,-3.23512,5.8059692165102206e-08,1.794668889101554e-08
EXP-EMBED-C1-FUSED-EQUIV-001,GOLD-MODEL-C1-B2-R00540,2,111,-4.852203,-4.852203,1.0769653346898167e-07,2.2195389077699688e-08
EXP-EMBED-C1-FUSED-EQUIV-001,GOLD-MODEL-C1-B2-R00540,2,112,16057.6895,16057.689,4.6875000407453626e-05,2.919162212437451e-09
EXP-EMBED-C1-FUSED-EQUIV-001,GOLD-MODEL-C1-B2-R00540,2,113,3.190685,3.190685,3.379821755800094e-08,1.0592777901297351e-08
EXP-EMBED-C1-FUSED-EQUIV-001,GOLD-MODEL-C1-B2-R00540,2,114,6.547942,6.547942,1.6156005866463374e-07,2.4673410159197156e-08
EXP-EMBED-C1-FUSED-EQUIV-001,GOLD-MODEL-C1-B2-R00540,2,115,10.907159,10.907159,1.4837646489240797e-07,1.3603585030016337e-08
EXP-EMBED-C1-FUSED-EQUIV-001,GOLD-MODEL-C1-B2-R00540,2,116,12.031645,12.031645,1.7883300706955652e-07,1.4863554158185064e-08
EXP-EMBED-C1-FUSED-EQUIV-001,GOLD-MODEL-C1-B2-R00540,2,117,-3.413419,-3.413419,8.255004679824651e-09,2.4183977061780725e-09
EXP-EMBED-C1-FUSED-EQUIV-001,GOLD-MODEL-C1-B2-R00540,2,118,-5.519522,-5.519522,1.9009399387925896e-07,3.4440300062081274e-08
EXP-EMBED-C1-FUSED-EQUIV-001,GOLD-MODEL-C1-B2-R00540,2,119,-8.622817,-8.622817,3.948974658385396e-08,4.5796804668189015e-09
EXP-EMBED-C1-FUSED-EQUIV-001,GOLD-MODEL-C1-B2-R00540,2,120,14462.5889,14462.589,3.281250064901542e-05,2.2687847159242297e-09
EXP-EMBED-C1-FUSED-EQUIV-001,GOLD-MODEL-C1-B2-R00540,2,121,3.216333,3.216333,8.755493174916751e-08,2.7221973517408648e-08
EXP-EMBED-C1-FUSED-EQUIV-001,GOLD-MODEL-C1-B2-R00540,2,122,5.846864,5.846864,2.2348022454821148e-07,3.8222237518815465e-08
EXP-EMBED-C1-FUSED-EQUIV-001,GOLD-MODEL-C1-B2-R00540,2,123,9.82924,9.82924,1.5472412151495973e-07,1.574120903701199e-08
EXP-EMBED-C1-FUSED-EQUIV-001,GOLD-MODEL-C1-B2-R00540,2,124,11.154217,11.154217,2.3364257728530902e-07,2.0946569112409147e-08
EXP-EMBED-C1-FUSED-EQUIV-001,GOLD-MODEL-C1-B2-R00540,2,125,-3.004609,-3.004609,1.0797119154304369e-07,3.5935188752694174e-08
EXP-EMBED-C1-FUSED-EQUIV-001,GOLD-MODEL-C1-B2-R00540,2,126,-4.750017,-4.750017,1.6613769560080982e-07,3.497623179049882e-08
EXP-EMBED-C1-FUSED-EQUIV-001,GOLD-MODEL-C1-B2-R00540,2,127,-7.53815,-7.53815,1.6632080068745836e-07,2.2063875179912625e-08
EXP-EMBED-C1-FUSED-EQUIV-001,GOLD-MODEL-C1-B2-R00778,2,0,255889.4882,255889.48,0.0038249999925028533,1.4947859012923897e-08
EXP-EMBED-C1-FUSED-EQUIV-001,GOLD-MODEL-C1-B2-R00778,2,1,5.24888,5.24888,9.048461890870385e-08,1.7238843126286722e-08
EXP-EMBED-C1-FUSED-EQUIV-001,GOLD-MODEL-C1-B2-R00778,2,2,64.736155,64.73615,2.35107421531211e-06,3.6317792048540885e-08
EXP-EMBED-C1-FUSED-EQUIV-001,GOLD-MODEL-C1-B2-R00778,2,3,92.528047,92.528046,1.3457031258212737e-06,1.4543732083973129e-08
EXP-EMBED-C1-FUSED-EQUIV-001,GOLD-MODEL-C1-B2-R00778,2,4,112.644988,112.64499,1.0136718771036612e-06,8.998819167202195e-09
EXP-EMBED-C1-FUSED-EQUIV-001,GOLD-MODEL-C1-B2-R00778,2,5,-45.90333,-45.90333,1.7565918000173042e-06,3.826719760891648e-08
EXP-EMBED-C1-FUSED-EQUIV-001,GOLD-MODEL-C1-B2-R00778,2,6,-71.566924,-71.566925,1.0488281247944542e-06,1.4655207548035097e-08
EXP-EMBED-C1-FUSED-EQUIV-001,GOLD-MODEL-C1-B2-R00778,2,7,-345.084173,-345.08417,5.519531271147571e-06,1.5994738973866444e-08
EXP-EMBED-C1-FUSED-EQUIV-001,GOLD-MODEL-C1-B2-R00778,2,8,218965.5195,218965.52,0.003874999994877726,1.769685018776541e-08
EXP-EMBED-C1-FUSED-EQUIV-001,GOLD-MODEL-C1-B2-R00778,2,9,4.503696,4.503696,3.518676727765069e-08,7.812864651088948e-09
EXP-EMBED-C1-FUSED-EQUIV-001,GOLD-MODEL-C1-B2-R00778,2,10,57.75978,57.75978,8.837890632662493e-07,1.5301115469384568e-08
EXP-EMBED-C1-FUSED-EQUIV-001,GOLD-MODEL-C1-B2-R00778,2,11,86.643837,86.64384,2.4902348627620086e-08,2.8741050131032497e-10
EXP-EMBED-C1-FUSED-EQUIV-001,GOLD-MODEL-C1-B2-R00778,2,12,102.007511,102.00751,3.675781243828169e-06,3.603441754233342e-08
EXP-EMBED-C1-FUSED-EQUIV-001,GOLD-MODEL-C1-B2-R00778,2,13,-38.625432,-38.62543,9.392089879156629e-07,2.4315818342579646e-08
EXP-EMBED-C1-FUSED-EQUIV-001,GOLD-MODEL-C1-B2-R00778,2,14,-57.506449,-57.50645,1.6530761683952733e-06,2.8745926711546266e-08
EXP-EMBED-C1-FUSED-EQUIV-001,GOLD-MODEL-C1-B2-R00778,2,15,-278.390173,-278.39017,5.763671879321919e-06,2.070357519164988e-08
EXP-EMBED-C1-FUSED-EQUIV-001,GOLD-MODEL-C1-B2-R00778,2,16,21574.8452,21574.846,0.0005031250002502929,2.3319981932027625e-08
EXP-EMBED-C1-FUSED-EQUIV-001,GOLD-MODEL-C1-B2-R00778,2,17,5.064334,5.064334,8.428955045047815e-08,1.6643758182315414e-08
EXP-EMBED-C1-FUSED-EQUIV-001,GOLD-MODEL-C1-B2-R00778,2,18,4.949804,4.949804,1.7080688508031017e-07,3.450780780012909e-08
EXP-EMBED-C1-FUSED-EQUIV-001,GOLD-MODEL-C1-B2-R00778,2,19,6.451128,6.451128,5.981445561076271e-09,9.271937498490607e-10
EXP-EMBED-C1-FUSED-EQUIV-001,GOLD-MODEL-C1-B2-R00778,2,20,7.284436,7.284436,2.2589111292603548e-07,3.101010331150352e-08
EXP-EMBED-C1-FUSED-EQUIV-001,GOLD-MODEL-C1-B2-R00778,2,21,-4.785423,-4.785423,1.9802856421335946e-07,4.1381621690153506e-08
EXP-EMBED-C1-FUSED-EQUIV-001,GOLD-MODEL-C1-B2-R00778,2,22,-6.727278,-6.727278,2.3257446279956184e-07,3.4571852508482904e-08
EXP-EMBED-C1-FUSED-EQUIV-001,GOLD-MODEL-C1-B2-R00778,2,23,-10.741021,-10.741021,1.5631103522650847e-07,1.4552716657616483e-08
EXP-EMBED-C1-FUSED-EQUIV-001,GOLD-MODEL-C1-B2-R00778,2,24,20888.0102,20888.01,0.00043437500062282197,2.079542265939826e-08
EXP-EMBED-C1-FUSED-EQUIV-001,GOLD-MODEL-C1-B2-R00778,2,25,4.802763,4.802763,1.4770507483774509e-08,3.0754187711895236e-09
EXP-EMBED-C1-FUSED-EQUIV-001,GOLD-MODEL-C1-B2-R00778,2,26,4.815232,4.815232,1.9992065425356031e-07,4.151838462893591e-08
EXP-EMBED-C1-FUSED-EQUIV-001,GOLD-MODEL-C1-B2-R00778,2,27,6.467491,6.467491,1.4990234387113333e-07,2.3177820250717524e-08
EXP-EMBED-C1-FUSED-EQUIV-001,GOLD-MODEL-C1-B2-R00778,2,28,7.286615,7.286615,1.0513305692683161e-07,1.4428243694339774e-08
EXP-EMBED-C1-FUSED-EQUIV-001,GOLD-MODEL-C1-B2-R00778,2,29,-4.602253,-4.602253,3.979492202432766e-08,8.646834935916748e-09
EXP-EMBED-C1-FUSED-EQUIV-001,GOLD-MODEL-C1-B2-R00778,2,30,-6.387468,-6.387468,1.3882446303625784e-07,2.1733880003196546e-08
EXP-EMBED-C1-FUSED-EQUIV-001,GOLD-MODEL-C1-B2-R00778,2,31,-9.379902,-9.379902,1.1401367139285412e-07,1.2155102621845529e-08
EXP-EMBED-C1-FUSED-EQUIV-001,GOLD-MODEL-C1-B2-R00778,2,32,6262.1877,6262.1875,0.00020000000040454324,3.1937720487768715e-08
EXP-EMBED-C1-FUSED-EQUIV-001,GOLD-MODEL-C1-B2-R00778,2,33,2.776059,2.776059,8.772277837465481e-08,3.15997528779665e-08
EXP-EMBED-C1-FUSED-EQUIV-001,GOLD-MODEL-C1-B2-R00778,2,34,1.890114,1.890114,5.022430427104041e-08,2.657210320173302e-08
EXP-EMBED-C1-FUSED-EQUIV-001,GOLD-MODEL-C1-B2-R00778,2,35,4.110416,4.110416,6.44836424257278e-08,1.5687862840580565e-08
EXP-EMBED-C1-FUSED-EQUIV-001,GOLD-MODEL-C1-B2-R00778,2,36,5.379969,5.379969,1.200256347644313e-07,2.2309726090323436e-08
EXP-EMBED-C1-FUSED-EQUIV-001,GOLD-MODEL-C1-B2-R00778,2,37,-1.410066,-1.410066,8.567810017012789e-09,6.07617658819714e-09
EXP-EMBED-C1-FUSED-EQUIV-001,GOLD-MODEL-C1-B2-R00778,2,38,-2.104605,-2.104605,4.0512084797938996e-08,1.9249258078327762e-08
EXP-EMBED-C1-FUSED-EQUIV-001,GOLD-MODEL-C1-B2-R00778,2,39,-3.497421,-3.497421,2.622985828537594e-08,7.499771484581336e-09
EXP-EMBED-C1-FUSED-EQUIV-001,GOLD-MODEL-C1-B2-R00778,2,40,5931.9626,5931.9624,0.00019765624983847374,3.3320548891942395e-08
EXP-EMBED-C1-FUSED-EQUIV-001,GOLD-MODEL-C1-B2-R00778,2,41,2.734579,2.734579,8.630371084450417e-08,3.156014539879966e-08
EXP-EMBED-C1-FUSED-EQUIV-001,GOLD-MODEL-C1-B2-R00778,2,42,1.744659,1.744659,5.3009033162965125e-08,3.038360686126351e-08
EXP-EMBED-C1-FUSED-EQUIV-001,GOLD-MODEL-C1-B2-R00778,2,43,3.792848,3.792848,1.1019897439012993e-07,2.9054413567358864e-08
EXP-EMBED-C1-FUSED-EQUIV-001,GOLD-MODEL-C1-B2-R00778,2,44,4.996368,4.996368,6.8634033567605e-08,1.3736785114227975e-08
EXP-EMBED-C1-FUSED-EQUIV-001,GOLD-MODEL-C1-B2-R00778,2,45,-1.303634,-1.303634,4.75082397866089e-08,3.644292783604056e-08
EXP-EMBED-C1-FUSED-EQUIV-001,GOLD-MODEL-C1-B2-R00778,2,46,-1.924527,-1.924527,4.906463613174594e-08,2.5494387000933706e-08
EXP-EMBED-C1-FUSED-EQUIV-001,GOLD-MODEL-C1-B2-R00778,2,47,-3.432492,-3.432492,1.7745971803151406e-08,5.169996551529153e-09
EXP-EMBED-C1-FUSED-EQUIV-001,GOLD-MODEL-C1-B2-R00778,2,48,30129.1655,30129.166,0.0005156250008440111,1.7113816207223233e-08
EXP-EMBED-C1-FUSED-EQUIV-001,GOLD-MODEL-C1-B2-R00778,2,49,5.35919,5.35919,1.281738271075028e-08,2.3916641714046864e-09
EXP-EMBED-C1-FUSED-EQUIV-001,GOLD-MODEL-C1-B2-R00778,2,50,7.589644,7.589644,4.476928694430171e-08,5.898733451042198e-09
EXP-EMBED-C1-FUSED-EQUIV-001,GOLD-MODEL-C1-B2-R00778,2,51,10.772897,10.772897,2.3333740273301373e-07,2.165967081398938e-08
EXP-EMBED-C1-FUSED-EQUIV-001,GOLD-MODEL-C1-B2-R00778,2,52,11.867389,11.867389,2.747192375807117e-07,2.3149088445715542e-08
EXP-EMBED-C1-FUSED-EQUIV-001,GOLD-MODEL-C1-B2-R00778,2,53,-7.391867,-7.391867,1.6079711873118185e-07,2.1753248364882897e-08
EXP-EMBED-C1-FUSED-EQUIV-001,GOLD-MODEL-C1-B2-R00778,2,54,-11.099743,-11.099743,1.1059570326210633e-07,9.963807564022548e-09
EXP-EMBED-C1-FUSED-EQUIV-001,GOLD-MODEL-C1-B2-R00778,2,55,-14.774571,-14.774571,4.1876220713277235e-07,2.834344273906649e-08
EXP-EMBED-C1-FUSED-EQUIV-001,GOLD-MODEL-C1-B2-R00778,2,56,31231.7515,31231.752,0.0004531250015133992,1.4508472299845215e-08
EXP-EMBED-C1-FUSED-EQUIV-001,GOLD-MODEL-C1-B2-R00778,2,57,5.305989,5.305989,2.113952639604122e-07,3.984087866756079e-08
EXP-EMBED-C1-FUSED-EQUIV-001,GOLD-MODEL-C1-B2-R00778,2,58,7.96732,7.96732,3.463745112952665e-08,4.347440686394754e-09
EXP-EMBED-C1-FUSED-EQUIV-001,GOLD-MODEL-C1-B2-R00778,2,59,11.679837,11.679837,2.2686767664481522e-07,1.942387352193487e-08
EXP-EMBED-C1-FUSED-EQUIV-001,GOLD-MODEL-C1-B2-R00778,2,60,12.732181,12.732181,4.0460205141812366e-07,3.17779060333908e-08
EXP-EMBED-C1-FUSED-EQUIV-001,GOLD-MODEL-C1-B2-R00778,2,61,-7.752519,-7.752519,1.3070678672733038e-07,1.6859911820574753e-08
EXP-EMBED-C1-FUSED-EQUIV-001,GOLD-MODEL-C1-B2-R00778,2,62,-11.734018,-11.734018,3.258056633370643e-07,2.7765907921486424e-08
EXP-EMBED-C1-FUSED-EQUIV-001,GOLD-MODEL-C1-B2-R00778,2,63,-18.43583,-18.43583,8.374023430235411e-07,4.542254636886656e-08
EXP-EMBED-C1-FUSED-EQUIV-001,GOLD-MODEL-C1-B2-R00778,2,64,144144.1132,144144.11,0.0038249999925028533,2.653594314459214e-08
EXP-EMBED-C1-FUSED-EQUIV-001,GOLD-MODEL-C1-B2-R00778,2,65,4.588952,4.588952,6.451416023622869e-08,1.4058582490343915e-08
EXP-EMBED-C1-FUSED-EQUIV-001,GOLD-MODEL-C1-B2-R00778,2,66,36.231071,36.23107,4.7216796872362465e-07,1.3032128382945806e-08
EXP-EMBED-C1-FUSED-EQUIV-001,GOLD-MODEL-C1-B2-R00778,2,67,49.290145,49.290146,8.74023434960236e-07,1.7732214724875247e-08
EXP-EMBED-C1-FUSED-EQUIV-001,GOLD-MODEL-C1-B2-R00778,2,68,63.660576,63.660576,1.3330078019180291e-07,2.0939298474428336e-09
EXP-EMBED-C1-FUSED-EQUIV-001,GOLD-MODEL-C1-B2-R00778,2,69,-24.228722,-24.228722,3.813476574521246e-07,1.5739487103452034e-08
EXP-EMBED-C1-FUSED-EQUIV-001,GOLD-MODEL-C1-B2-R00778,2,70,-33.502026,-33.502026,3.9575195387442363e-07,1.1812776751902216e-08
EXP-EMBED-C1-FUSED-EQUIV-001,GOLD-MODEL-C1-B2-R00778,2,71,-131.326493,-131.32649,6.904296867560333e-07,5.257352655842514e-09
EXP-EMBED-C1-FUSED-EQUIV-001,GOLD-MODEL-C1-B2-R00778,2,72,131765.4571,131765.45,0.003974999999627471,3.0167238721835473e-08
EXP-EMBED-C1-FUSED-EQUIV-001,GOLD-MODEL-C1-B2-R00778,2,73,4.526922,4.526922,2.2595214854703727e-07,4.9912975869042424e-08
EXP-EMBED-C1-FUSED-EQUIV-001,GOLD-MODEL-C1-B2-R00778,2,74,31.993161,31.99316,7.521972662516418e-07,2.3511189352363207e-08
EXP-EMBED-C1-FUSED-EQUIV-001,GOLD-MODEL-C1-B2-R00778,2,75,42.331035,42.331036,6.140136719068323e-07,1.4505047464746193e-08
EXP-EMBED-C1-FUSED-EQUIV-001,GOLD-MODEL-C1-B2-R00778,2,76,58.815316,58.815315,7.534179715662503e-07,1.280989413652475e-08
EXP-EMBED-C1-FUSED-EQUIV-001,GOLD-MODEL-C1-B2-R00778,2,77,-21.936979,-21.93698,2.9382324129301196e-07,1.3393970122003214e-08
EXP-EMBED-C1-FUSED-EQUIV-001,GOLD-MODEL-C1-B2-R00778,2,78,-31.121038,-31.121038,4.368896497908281e-07,1.4038402247085336e-08
EXP-EMBED-C1-FUSED-EQUIV-001,GOLD-MODEL-C1-B2-R00778,2,79,-120.848172,-120.848175,3.0488281197449396e-06,2.5228582851422358e-08
EXP-EMBED-C1-FUSED-EQUIV-001,GOLD-MODEL-C1-B2-R00778,2,80,26750.8467,26750.848,0.0009562500017636921,3.574653215607161e-08
EXP-EMBED-C1-FUSED-EQUIV-001,GOLD-MODEL-C1-B2-R00778,2,81,5.632928,5.632928,1.0540771455680442e-07,1.87127750535431e-08
EXP-EMBED-C1-FUSED-EQUIV-001,GOLD-MODEL-C1-B2-R00778,2,82,6.078957,6.078957,8.084106450922945e-08,1.3298509022062412e-08
EXP-EMBED-C1-FUSED-EQUIV-001,GOLD-MODEL-C1-B2-R00778,2,83,7.247462,7.247462,2.0419311486108427e-07,2.8174430560806568e-08
EXP-EMBED-C1-FUSED-EQUIV-001,GOLD-MODEL-C1-B2-R00778,2,84,9.186037,9.186037,6.359863213845074e-08,6.923402566139319e-09
EXP-EMBED-C1-FUSED-EQUIV-001,GOLD-MODEL-C1-B2-R00778,2,85,-5.980643,-5.980643,2.044372555687346e-07,3.418315648814594e-08
EXP-EMBED-C1-FUSED-EQUIV-001,GOLD-MODEL-C1-B2-R00778,2,86,-8.504119,-8.504119,8.06274407239016e-08,9.480986886931099e-09
EXP-EMBED-C1-FUSED-EQUIV-001,GOLD-MODEL-C1-B2-R00778,2,87,-13.268172,-13.268172,2.640991212388144e-07,1.990471040312218e-08
EXP-EMBED-C1-FUSED-EQUIV-001,GOLD-MODEL-C1-B2-R00778,2,88,21709.4614,21709.46,0.0004625000001396984,2.1304075288560515e-08
EXP-EMBED-C1-FUSED-EQUIV-001,GOLD-MODEL-C1-B2-R00778,2,89,5.376741,5.376741,6.753540038317851e-08,1.2560657168195105e-08
EXP-EMBED-C1-FUSED-EQUIV-001,GOLD-MODEL-C1-B2-R00778,2,90,4.900305,4.900305,2.0568847691748715e-07,4.1974627480837854e-08
EXP-EMBED-C1-FUSED-EQUIV-001,GOLD-MODEL-C1-B2-R00778,2,91,5.977198,5.977198,1.2393188519865816e-07,2.0734110731927934e-08
EXP-EMBED-C1-FUSED-EQUIV-001,GOLD-MODEL-C1-B2-R00778,2,92,7.282516,7.282516,2.6550290854743253e-09,3.645757984567868e-10
EXP-EMBED-C1-FUSED-EQUIV-001,GOLD-MODEL-C1-B2-R00778,2,93,-4.873452,-4.873452,1.8658447231700848e-07,3.82858951554275e-08
EXP-EMBED-C1-FUSED-EQUIV-001,GOLD-MODEL-C1-B2-R00778,2,94,-6.77102,-6.77102,6.439208988240352e-08,9.509954169741564e-09
EXP-EMBED-C1-FUSED-EQUIV-001,GOLD-MODEL-C1-B2-R00778,2,95,-10.882684,-10.882684,2.4603271420176043e-07,2.260772381167738e-08
EXP-EMBED-C1-FUSED-EQUIV-001,GOLD-MODEL-C1-B2-R00778,2,96,7226.8262,7226.826,2.8125000426371116e-05,3.89174993946459e-09
EXP-EMBED-C1-FUSED-EQUIV-001,GOLD-MODEL-C1-B2-R00778,2,97,2.907278,2.907278,6.091308613065394e-08,2.0951930338500116e-08
EXP-EMBED-C1-FUSED-EQUIV-001,GOLD-MODEL-C1-B2-R00778,2,98,2.141508,2.141508,1.024169922203555e-07,4.78247068049036e-08
EXP-EMBED-C1-FUSED-EQUIV-001,GOLD-MODEL-C1-B2-R00778,2,99,4.793365,4.793365,1.6784671430514209e-09,3.5016468452776305e-10
EXP-EMBED-C1-FUSED-EQUIV-001,GOLD-MODEL-C1-B2-R00778,2,100,6.05053,6.05053,4.318237323275298e-08,7.136957131483189e-09
EXP-EMBED-C1-FUSED-EQUIV-001,GOLD-MODEL-C1-B2-R00778,2,101,-1.634028,-1.634028,4.2083740270371095e-08,2.5754601677799338e-08
EXP-EMBED-C1-FUSED-EQUIV-001,GOLD-MODEL-C1-B2-R00778,2,102,-2.591074,-2.591074,1.0131835814775059e-08,3.910284235330623e-09
EXP-EMBED-C1-FUSED-EQUIV-001,GOLD-MODEL-C1-B2-R00778,2,103,-4.748552,-4.748552,1.544494629968085e-07,3.252559159019602e-08
EXP-EMBED-C1-FUSED-EQUIV-001,GOLD-MODEL-C1-B2-R00778,2,104,7273.7094,7273.7095,7.265625026775524e-05,9.988885487747866e-09
EXP-EMBED-C1-FUSED-EQUIV-001,GOLD-MODEL-C1-B2-R00778,2,105,2.897573,2.897573,5.767822219837626e-09,1.990570115002323e-09
EXP-EMBED-C1-FUSED-EQUIV-001,GOLD-MODEL-C1-B2-R00778,2,106,2.077524,2.077524,5.323791496536501e-08,2.5625655812094112e-08
EXP-EMBED-C1-FUSED-EQUIV-001,GOLD-MODEL-C1-B2-R00778,2,107,4.502409,4.502409,1.8676757918001385e-08,4.148169994774217e-09
EXP-EMBED-C1-FUSED-EQUIV-001,GOLD-MODEL-C1-B2-R00778,2,108,5.68033,5.68033,2.0034790004785918e-07,3.527046844951952e-08
EXP-EMBED-C1-FUSED-EQUIV-001,GOLD-MODEL-C1-B2-R00778,2,109,-1.576081,-1.576081,3.7521362239445466e-08,2.3806747393976237e-08
EXP-EMBED-C1-FUSED-EQUIV-001,GOLD-MODEL-C1-B2-R00778,2,110,-2.411409,-2.411409,9.878540030427985e-08,4.09658420882894e-08
EXP-EMBED-C1-FUSED-EQUIV-001,GOLD-MODEL-C1-B2-R00778,2,111,-4.078244,-4.078244,2.092895510230619e-07,5.1318545683647645e-08
EXP-EMBED-C1-FUSED-EQUIV-001,GOLD-MODEL-C1-B2-R00778,2,112,37372.6924,37372.69,0.0009937499999068677,2.6590270491372672e-08
EXP-EMBED-C1-FUSED-EQUIV-001,GOLD-MODEL-C1-B2-R00778,2,113,6.182353,6.182353,1.9714355481426082e-08,3.1888110370640568e-09
EXP-EMBED-C1-FUSED-EQUIV-001,GOLD-MODEL-C1-B2-R00778,2,114,9.290262,9.290262,2.2229003882046072e-07,2.3927208815043183e-08
EXP-EMBED-C1-FUSED-EQUIV-001,GOLD-MODEL-C1-B2-R00778,2,115,11.977707,11.977707,9.082031304785687e-08,7.582445709170951e-09
EXP-EMBED-C1-FUSED-EQUIV-001,GOLD-MODEL-C1-B2-R00778,2,116,13.280119,13.280119,5.7739256931199634e-08,4.347796652364308e-09
EXP-EMBED-C1-FUSED-EQUIV-001,GOLD-MODEL-C1-B2-R00778,2,117,-9.494558,-9.494558,3.3435058632846903e-07,3.5214971179118506e-08
EXP-EMBED-C1-FUSED-EQUIV-001,GOLD-MODEL-C1-B2-R00778,2,118,-14.938292,-14.938292,4.503173833825258e-07,3.014517211087625e-08
EXP-EMBED-C1-FUSED-EQUIV-001,GOLD-MODEL-C1-B2-R00778,2,119,-23.151642,-23.151642,1.5429687394430402e-07,6.664619034118791e-09
EXP-EMBED-C1-FUSED-EQUIV-001,GOLD-MODEL-C1-B2-R00778,2,120,33433.268,33433.27,0.001531250003608875,4.580018930871117e-08
EXP-EMBED-C1-FUSED-EQUIV-001,GOLD-MODEL-C1-B2-R00778,2,121,5.878495,5.878495,2.1636962888038624e-07,3.6806976765377236e-08
EXP-EMBED-C1-FUSED-EQUIV-001,GOLD-MODEL-C1-B2-R00778,2,122,8.300226,8.300226,2.1154785123655984e-07,2.5486998936722908e-08
EXP-EMBED-C1-FUSED-EQUIV-001,GOLD-MODEL-C1-B2-R00778,2,123,11.113561,11.113561,3.234252936579196e-07,2.9101859760154246e-08
EXP-EMBED-C1-FUSED-EQUIV-001,GOLD-MODEL-C1-B2-R00778,2,124,13.008125,13.008125,3.051757815342171e-07,2.3460397369660663e-08
EXP-EMBED-C1-FUSED-EQUIV-001,GOLD-MODEL-C1-B2-R00778,2,125,-8.379091,-8.379091,2.6281738207956096e-07,3.136585843017589e-08
EXP-EMBED-C1-FUSED-EQUIV-001,GOLD-MODEL-C1-B2-R00778,2,126,-12.89771,-12.89771,1.5350341797670808e-07,1.1901602530736703e-08
EXP-EMBED-C1-FUSED-EQUIV-001,GOLD-MODEL-C1-B2-R00778,2,127,-19.558587,-19.558586,8.793945305285433e-07,4.4962068605904066e-08
EXP-EMBED-C1-FUSED-EQUIV-001,GOLD-MODEL-C1-B6-R00000,6,0,12714.6099,12714.61,0.0004515625005296897,3.5515246168086505e-08
EXP-EMBED-C1-FUSED-EQUIV-001,GOLD-MODEL-C1-B6-R00000,6,1,6.829581,6.829581,2.161560059832368e-07,3.1649965932498176e-08
EXP-EMBED-C1-FUSED-EQUIV-001,GOLD-MODEL-C1-B6-R00000,6,2,2.552121,2.552121,7.600402840424181e-08,2.9780730774223402e-08
EXP-EMBED-C1-FUSED-EQUIV-001,GOLD-MODEL-C1-B6-R00000,6,3,3.394377,3.394377,6.820678688512771e-09,2.009405168757852e-09
EXP-EMBED-C1-FUSED-EQUIV-001,GOLD-MODEL-C1-B6-R00000,6,4,4.695162,4.695162,1.8054199202310883e-07,3.8452771602579176e-08
EXP-EMBED-C1-FUSED-EQUIV-001,GOLD-MODEL-C1-B6-R00000,6,5,-2.268288,-2.268288,1.0289001473040571e-07,4.536020766781189e-08
EXP-EMBED-C1-FUSED-EQUIV-001,GOLD-MODEL-C1-B6-R00000,6,6,-3.029891,-3.029891,1.4099120981825308e-08,4.6533426390009765e-09
EXP-EMBED-C1-FUSED-EQUIV-001,GOLD-MODEL-C1-B6-R00000,6,7,-5.521369,-5.521369,1.9592285127600917e-08,3.5484469753064716e-09
EXP-EMBED-C1-FUSED-EQUIV-001,GOLD-MODEL-C1-B6-R00000,6,8,15109.25,15109.25,0.0,0.0
EXP-EMBED-C1-FUSED-EQUIV-001,GOLD-MODEL-C1-B6-R00000,6,9,6.930456,6.930456,1.6149902304363195e-07,2.330279898517961e-08
EXP-EMBED-C1-FUSED-EQUIV-001,GOLD-MODEL-C1-B6-R00000,6,10,3.292046,3.292046,7.009887692532857e-08,2.1293407481343993e-08
EXP-EMBED-C1-FUSED-EQUIV-001,GOLD-MODEL-C1-B6-R00000,6,11,4.469695,4.469695,9.124755884215574e-08,2.0414717076255928e-08
EXP-EMBED-C1-FUSED-EQUIV-001,GOLD-MODEL-C1-B6-R00000,6,12,5.841801,5.841801,1.665344235846078e-07,2.8507377020307227e-08
EXP-EMBED-C1-FUSED-EQUIV-001,GOLD-MODEL-C1-B6-R00000,6,13,-2.664545,-2.664545,5.920410162119083e-08,2.2219216271892886e-08
EXP-EMBED-C1-FUSED-EQUIV-001,GOLD-MODEL-C1-B6-R00000,6,14,-3.631201,-3.631201,2.8823852638026892e-08,7.93782900974826e-09
EXP-EMBED-C1-FUSED-EQUIV-001,GOLD-MODEL-C1-B6-R00000,6,15,-7.14731,-7.14731,2.1987915044263673e-07,3.0763902844935606e-08
EXP-EMBED-C1-FUSED-EQUIV-001,GOLD-MODEL-C1-B6-R00000,6,16,45529.034,45529.035,0.001156250000349246,2.5395882555936635e-08
EXP-EMBED-C1-FUSED-EQUIV-001,GOLD-MODEL-C1-B6-R00000,6,17,13.112595,13.112595,3.955078131667733e-07,3.016243643357957e-08
EXP-EMBED-C1-FUSED-EQUIV-001,GOLD-MODEL-C1-B6-R00000,6,18,18.181222,18.181223,9.156494122919412e-07,5.036236905813818e-08
EXP-EMBED-C1-FUSED-EQUIV-001,GOLD-MODEL-C1-B6-R00000,6,19,41.945326,41.945328,1.7587890610570867e-06,4.1930513570381756e-08
EXP-EMBED-C1-FUSED-EQUIV-001,GOLD-MODEL-C1-B6-R00000,6,20,47.690484,47.690483,9.067382791272394e-07,1.9012981271635645e-08
EXP-EMBED-C1-FUSED-EQUIV-001,GOLD-MODEL-C1-B6-R00000,6,21,-11.360623,-11.360623,3.5968017542131747e-07,3.166025097578869e-08
EXP-EMBED-C1-FUSED-EQUIV-001,GOLD-MODEL-C1-B6-R00000,6,22,-17.02165,-17.02165,3.143310536302124e-07,1.8466544290959595e-08
EXP-EMBED-C1-FUSED-EQUIV-001,GOLD-MODEL-C1-B6-R00000,6,23,-32.66098,-32.66098,2.246093728786036e-07,6.876994287330129e-09
EXP-EMBED-C1-FUSED-EQUIV-001,GOLD-MODEL-C1-B6-R00000,6,24,46207.1599,46207.16,0.0002562500012572855,5.545677375797457e-09
EXP-EMBED-C1-FUSED-EQUIV-001,GOLD-MODEL-C1-B6-R00000,6,25,12.711148,12.711148,2.62023926111965e-07,2.0613710587900087e-08
EXP-EMBED-C1-FUSED-EQUIV-001,GOLD-MODEL-C1-B6-R00000,6,26,18.774732,18.774733,5.897216794892302e-07,3.141039134349455e-08
EXP-EMBED-C1-FUSED-EQUIV-001,GOLD-MODEL-C1-B6-R00000,6,27,43.884151,43.88415,4.587402315792133e-07,1.0453437542387757e-08
EXP-EMBED-C1-FUSED-EQUIV-001,GOLD-MODEL-C1-B6-R00000,6,28,50.352394,50.352394,1.0400390948461791e-07,2.065520648027538e-09
EXP-EMBED-C1-FUSED-EQUIV-001,GOLD-MODEL-C1-B6-R00000,6,29,-11.601594,-11.601594,2.874755899995307e-08,2.4778973475500927e-09
EXP-EMBED-C1-FUSED-EQUIV-001,GOLD-MODEL-C1-B6-R00000,6,30,-17.831045,-17.831045,1.5075683634790948e-07,8.454739267828077e-09
EXP-EMBED-C1-FUSED-EQUIV-001,GOLD-MODEL-C1-B6-R00000,6,31,-34.186901,-34.1869,9.252929800140919e-08,2.706571677889411e-09
EXP-EMBED-C1-FUSED-EQUIV-001,GOLD-MODEL-C1-B6-R00000,6,32,4421.4664,4421.4663,9.140625024883775e-05,2.0673288447660203e-08
EXP-EMBED-C1-FUSED-EQUIV-001,GOLD-MODEL-C1-B6-R00000,6,33,3.170422,3.170422,7.717895522674212e-08,2.434343290159547e-08
EXP-EMBED-C1-FUSED-EQUIV-001,GOLD-MODEL-C1-B6-R00000,6,34,1.775691,1.775691,3.24096680603958e-08,1.825186254838021e-08
EXP-EMBED-C1-FUSED-EQUIV-001,GOLD-MODEL-C1-B6-R00000,6,35,5.668019,5.668019,1.820983888123351e-07,3.2127342694570197e-08
EXP-EMBED-C1-FUSED-EQUIV-001,GOLD-MODEL-C1-B6-R00000,6,36,8.407789,8.407789,2.303466803965648e-07,2.7396819829394484e-08
EXP-EMBED-C1-FUSED-EQUIV-001,GOLD-MODEL-C1-B6-R00000,6,37,-1.02888,-1.02888,1.1444090119994144e-10,1.112286186921132e-10
EXP-EMBED-C1-FUSED-EQUIV-001,GOLD-MODEL-C1-B6-R00000,6,38,-1.755213,-1.755213,2.2232055751914004e-08,1.2666300757750771e-08
EXP-EMBED-C1-FUSED-EQUIV-001,GOLD-MODEL-C1-B6-R00000,6,39,-3.392127,-3.392127,3.704833995143986e-08,1.0921861107039877e-08
EXP-EMBED-C1-FUSED-EQUIV-001,GOLD-MODEL-C1-B6-R00000,6,40,4693.5108,4693.5107,5.78125000174623e-05,1.2317538508159457e-08
EXP-EMBED-C1-FUSED-EQUIV-001,GOLD-MODEL-C1-B6-R00000,6,41,3.267379,3.267379,4.5486450162002257e-08,1.3921387804109121e-08
EXP-EMBED-C1-FUSED-EQUIV-001,GOLD-MODEL-C1-B6-R00000,6,42,1.854929,1.854929,2.9663085987507998e-08,1.5991494007322113e-08
EXP-EMBED-C1-FUSED-EQUIV-001,GOLD-MODEL-C1-B6-R00000,6,43,5.631927,5.631927,1.3397216669375211e-08,2.3787979974483355e-09
EXP-EMBED-C1-FUSED-EQUIV-001,GOLD-MODEL-C1-B6-R00000,6,44,8.415172,8.415172,3.767700196277701e-07,4.4772705730526975e-08
EXP-EMBED-C1-FUSED-EQUIV-001,GOLD-MODEL-C1-B6-R00000,6,45,-1.101479,-1.101479,5.349731435622118e-08,4.8568619425537095e-08
EXP-EMBED-C1-FUSED-EQUIV-001,GOLD-MODEL-C1-B6-R00000,6,46,-1.730403,-1.730403,5.352783194467747e-08,3.09337373690854e-08
EXP-EMBED-C1-FUSED-EQUIV-001,GOLD-MODEL-C1-B6-R00000,6,47,-3.395432,-3.395432,4.608154302587764e-09,1.3571628890190597e-09
EXP-EMBED-C1-FUSED-EQUIV-001,GOLD-MODEL-C1-B6-R00000,6,48,45726.523,45726.523,0.0004374999989522621,9.56775127976081e-09
EXP-EMBED-C1-FUSED-EQUIV-001,GOLD-MODEL-C1-B6-R00000,6,49,12.141844,12.141844,2.0422363355976358e-07,1.6819820248041697e-08
EXP-EMBED-C1-FUSED-EQUIV-001,GOLD-MODEL-C1-B6-R00000,6,50,20.155802,20.155802,2.26928712265817e-07,1.1258728988596782e-08
EXP-EMBED-C1-FUSED-EQUIV-001,GOLD-MODEL-C1-B6-R00000,6,51,56.792595,56.792595,9.033202985619937e-08,1.5905599991724163e-09
EXP-EMBED-C1-FUSED-EQUIV-001,GOLD-MODEL-C1-B6-R00000,6,52,69.660966,69.660965,1.0341796894408617e-06,1.484589934398644e-08
EXP-EMBED-C1-FUSED-EQUIV-001,GOLD-MODEL-C1-B6-R00000,6,53,-11.925958,-11.925958,3.202514644584653e-07,2.6853311445375316e-08
EXP-EMBED-C1-FUSED-EQUIV-001,GOLD-MODEL-C1-B6-R00000,6,54,-19.726792,-19.726791,6.181640621605311e-07,3.13362690781416e-08
EXP-EMBED-C1-FUSED-EQUIV-001,GOLD-MODEL-C1-B6-R00000,6,55,-29.690606,-29.690605,8.364257801929398e-07,2.8171394689382217e-08
EXP-EMBED-C1-FUSED-EQUIV-001,GOLD-MODEL-C1-B6-R00000,6,56,49986.4306,49986.43,0.0009124999996856786,1.825495416921565e-08
EXP-EMBED-C1-FUSED-EQUIV-001,GOLD-MODEL-C1-B6-R00000,6,57,12.371306,12.371306,4.1937255801371975e-07,3.38988105228114e-08
EXP-EMBED-C1-FUSED-EQUIV-001,GOLD-MODEL-C1-B6-R00000,6,58,22.864312,22.864311,7.817382829955477e-07,3.4190326085278564e-08
EXP-EMBED-C1-FUSED-EQUIV-001,GOLD-MODEL-C1-B6-R00000,6,59,66.15904,66.15904,2.3583984329889063e-06,3.56474101345622e-08
EXP-EMBED-C1-FUSED-EQUIV-001,GOLD-MODEL-C1-B6-R00000,6,60,82.494121,82.49412,3.2631836006657977e-06,3.955655943853014e-08
EXP-EMBED-C1-FUSED-EQUIV-001,GOLD-MODEL-C1-B6-R00000,6,61,-13.461738,-13.461738,3.672485355821209e-07,2.7280915404988634e-08
EXP-EMBED-C1-FUSED-EQUIV-001,GOLD-MODEL-C1-B6-R00000,6,62,-23.511121,-23.511122,7.498779304171421e-07,3.1894605553565146e-08
EXP-EMBED-C1-FUSED-EQUIV-001,GOLD-MODEL-C1-B6-R00000,6,63,-40.46756,-40.46756,1.8554687386540536e-07,4.585076882950328e-09
EXP-EMBED-C1-FUSED-EQUIV-001,GOLD-MODEL-C1-B6-R00000,6,64,8645.7336,8645.733,0.0002015624995692633,2.3313521893534092e-08
EXP-EMBED-C1-FUSED-EQUIV-001,GOLD-MODEL-C1-B6-R00000,6,65,3.786997,3.786997,7.984924321746689e-08,2.1085108654025047e-08
EXP-EMBED-C1-FUSED-EQUIV-001,GOLD-MODEL-C1-B6-R00000,6,66,1.550611,1.550611,1.913452152280115e-08,1.2339988251599629e-08
EXP-EMBED-C1-FUSED-EQUIV-001,GOLD-MODEL-C1-B6-R00000,6,67,2.131259,2.131259,3.5461425795801915e-08,1.6638721899028655e-08
EXP-EMBED-C1-FUSED-EQUIV-001,GOLD-MODEL-C1-B6-R00000,6,68,4.171005,4.171005,2.2781372077673723e-07,5.461842428305342e-08
EXP-EMBED-C1-FUSED-EQUIV-001,GOLD-MODEL-C1-B6-R00000,6,69,-1.2534,-1.2534,3.185272223760194e-08,2.541305428243333e-08
EXP-EMBED-C1-FUSED-EQUIV-001,GOLD-MODEL-C1-B6-R00000,6,70,-1.845579,-1.845579,2.8129577556157415e-08,1.5241600362898263e-08
EXP-EMBED-C1-FUSED-EQUIV-001,GOLD-MODEL-C1-B6-R00000,6,71,-6.18924,-6.18924,2.1209716649650545e-08,3.4268693166932525e-09
EXP-EMBED-C1-FUSED-EQUIV-001,GOLD-MODEL-C1-B6-R00000,6,72,6121.5215,6121.5215,1.5624999832652975e-05,2.552469975422446e-09
EXP-EMBED-C1-FUSED-EQUIV-001,GOLD-MODEL-C1-B6-R00000,6,73,3.156593,3.156593,8.433532716622949e-08,2.6717200211186395e-08
EXP-EMBED-C1-FUSED-EQUIV-001,GOLD-MODEL-C1-B6-R00000,6,74,1.054338,1.054338,2.1636962888038624e-08,2.052184677782516e-08
EXP-EMBED-C1-FUSED-EQUIV-001,GOLD-MODEL-C1-B6-R00000,6,75,1.460677,1.460677,2.770233153981394e-08,1.8965405452275854e-08
EXP-EMBED-C1-FUSED-EQUIV-001,GOLD-MODEL-C1-B6-R00000,6,76,3.280707,3.280707,1.1752319339919381e-07,3.5822520389414175e-08
EXP-EMBED-C1-FUSED-EQUIV-001,GOLD-MODEL-C1-B6-R00000,6,77,-0.771941,-0.771941,6.183624279287869e-09,8.010488209964064e-09
EXP-EMBED-C1-FUSED-EQUIV-001,GOLD-MODEL-C1-B6-R00000,6,78,-1.155261,-1.155261,3.9733886625370474e-08,3.439386132256734e-08
EXP-EMBED-C1-FUSED-EQUIV-001,GOLD-MODEL-C1-B6-R00000,6,79,-4.026329,-4.026329,4.0527344147278654e-08,1.0065581860617615e-08
EXP-EMBED-C1-FUSED-EQUIV-001,GOLD-MODEL-C1-B6-R00000,6,80,47369.5977,47369.598,4.374999844003469e-05,9.235881359413506e-10
EXP-EMBED-C1-FUSED-EQUIV-001,GOLD-MODEL-C1-B6-R00000,6,81,12.498609,12.498609,4.1082763679867185e-07,3.2869868702883e-08
EXP-EMBED-C1-FUSED-EQUIV-001,GOLD-MODEL-C1-B6-R00000,6,82,18.940384,18.940384,8.886718916301106e-08,4.691942315584048e-09
EXP-EMBED-C1-FUSED-EQUIV-001,GOLD-MODEL-C1-B6-R00000,6,83,43.546354,43.546352,1.613525391519488e-06,3.705305366138088e-08
EXP-EMBED-C1-FUSED-EQUIV-001,GOLD-MODEL-C1-B6-R00000,6,84,49.775792,49.77579,8.31787112076654e-07,1.671067558456235e-08
EXP-EMBED-C1-FUSED-EQUIV-001,GOLD-MODEL-C1-B6-R00000,6,85,-11.349828,-11.349828,2.3358154344066406e-07,2.0580183544690196e-08
EXP-EMBED-C1-FUSED-EQUIV-001,GOLD-MODEL-C1-B6-R00000,6,86,-17.404865,-17.404865,2.6489257720641035e-07,1.521945600878894e-08
EXP-EMBED-C1-FUSED-EQUIV-001,GOLD-MODEL-C1-B6-R00000,6,87,-36.816645,-36.816647,1.575927733199478e-06,4.280476217209575e-08
EXP-EMBED-C1-FUSED-EQUIV-001,GOLD-MODEL-C1-B6-R00000,6,88,40887.4573,40887.457,0.0002687500018510036,6.572920391677269e-09
EXP-EMBED-C1-FUSED-EQUIV-001,GOLD-MODEL-C1-B6-R00000,6,89,12.434491,12.434491,1.5753173876476012e-07,1.266893343400708e-08
EXP-EMBED-C1-FUSED-EQUIV-001,GOLD-MODEL-C1-B6-R00000,6,90,15.497327,15.497327,1.4910888701535896e-07,9.621587452814214e-09
EXP-EMBED-C1-FUSED-EQUIV-001,GOLD-MODEL-C1-B6-R00000,6,91,34.003208,34.00321,1.6040038985920546e-07,4.71721344230831e-09
EXP-EMBED-C1-FUSED-EQUIV-001,GOLD-MODEL-C1-B6-R00000,6,92,40.110994,40.110992,1.5683593730386747e-06,3.910048634144232e-08
EXP-EMBED-C1-FUSED-EQUIV-001,GOLD-MODEL-C1-B6-R00000,6,93,-9.804927,-9.804927,1.2774658131320393e-07,1.3028815136839259e-08
EXP-EMBED-C1-FUSED-EQUIV-001,GOLD-MODEL-C1-B6-R00000,6,94,-14.58956,-14.58956,4.4494628959057536e-07,3.0497581119003955e-08
EXP-EMBED-C1-FUSED-EQUIV-001,GOLD-MODEL-C1-B6-R00000,6,95,-28.928797,-28.928797,2.3181152286610995e-07,8.013175344488399e-09
EXP-EMBED-C1-FUSED-EQUIV-001,GOLD-MODEL-C1-B6-R00000,6,96,8708.792,8708.792,7.812499461579137e-06,8.970818756010176e-10
EXP-EMBED-C1-FUSED-EQUIV-001,GOLD-MODEL-C1-B6-R00000,6,97,4.532974,4.532974,2.3367309598398833e-07,5.1549621944442725e-08
EXP-EMBED-C1-FUSED-EQUIV-001,GOLD-MODEL-C1-B6-R00000,6,98,3.395768,3.395768,7.283020009296592e-08,2.1447342719810637e-08
EXP-EMBED-C1-FUSED-EQUIV-001,GOLD-MODEL-C1-B6-R00000,6,99,10.287353,10.287353,4.3804931593172114e-07,4.25813439017521e-08
EXP-EMBED-C1-FUSED-EQUIV-001,GOLD-MODEL-C1-B6-R00000,6,100,15.330052,15.330052,3.757934567971688e-07,2.4513514813724625e-08
EXP-EMBED-C1-FUSED-EQUIV-001,GOLD-MODEL-C1-B6-R00000,6,101,-2.181526,-2.181526,5.433654770570229e-08,2.490758657274875e-08
EXP-EMBED-C1-FUSED-EQUIV-001,GOLD-MODEL-C1-B6-R00000,6,102,-3.980545,-3.980545,4.394531227802645e-08,1.1040023986169343e-08
EXP-EMBED-C1-FUSED-EQUIV-001,GOLD-MODEL-C1-B6-R00000,6,103,-8.443752,-8.443752,2.8881835945071543e-07,3.4204978953753666e-08
EXP-EMBED-C1-FUSED-EQUIV-001,GOLD-MODEL-C1-B6-R00000,6,104,9678.1116,9678.111,0.00027187500018044375,2.8091740560260097e-08
EXP-EMBED-C1-FUSED-EQUIV-001,GOLD-MODEL-C1-B6-R00000,6,105,4.862596,4.862596,3.500366219100215e-08,7.1985544739892336e-09
EXP-EMBED-C1-FUSED-EQUIV-001,GOLD-MODEL-C1-B6-R00000,6,106,3.592405,3.592405,8.079528823756732e-08,2.249058450747266e-08
EXP-EMBED-C1-FUSED-EQUIV-001,GOLD-MODEL-C1-B6-R00000,6,107,10.251466,10.251466,2.0257568422721306e-07,1.9760655132369657e-08
EXP-EMBED-C1-FUSED-EQUIV-001,GOLD-MODEL-C1-B6-R00000,6,108,14.353264,14.353264,1.4501953060630512e-07,1.0103592507342242e-08
EXP-EMBED-C1-FUSED-EQUIV-001,GOLD-MODEL-C1-B6-R00000,6,109,-2.340058,-2.340058,8.830261233327974e-08,3.773522379927324e-08
EXP-EMBED-C1-FUSED-EQUIV-001,GOLD-MODEL-C1-B6-R00000,6,110,-4.005544,-4.005544,1.8563842729690805e-07,4.634537213844312e-08
EXP-EMBED-C1-FUSED-EQUIV-001,GOLD-MODEL-C1-B6-R00000,6,111,-7.795903,-7.795903,2.058715820041357e-07,2.6407663359092037e-08
EXP-EMBED-C1-FUSED-EQUIV-001,GOLD-MODEL-C1-B6-R00000,6,112,49964.3877,49964.387,0.0009812499993131496,1.963898777675103e-08
EXP-EMBED-C1-FUSED-EQUIV-001,GOLD-MODEL-C1-B6-R00000,6,113,12.07251,12.07251,2.3437499940826e-07,1.9413941210921344e-08
EXP-EMBED-C1-FUSED-EQUIV-001,GOLD-MODEL-C1-B6-R00000,6,114,23.088434,23.088434,2.193603521050136e-07,9.500876157517379e-09
EXP-EMBED-C1-FUSED-EQUIV-001,GOLD-MODEL-C1-B6-R00000,6,115,69.199197,69.199196,1.1381835918200522e-06,1.644793062873334e-08
EXP-EMBED-C1-FUSED-EQUIV-001,GOLD-MODEL-C1-B6-R00000,6,116,85.7134,85.7134,1.7944336008213213e-06,2.0935275007423827e-08
EXP-EMBED-C1-FUSED-EQUIV-001,GOLD-MODEL-C1-B6-R00000,6,117,-12.933827,-12.933827,4.002075186804177e-07,3.094269922432221e-08
EXP-EMBED-C1-FUSED-EQUIV-001,GOLD-MODEL-C1-B6-R00000,6,118,-22.726277,-22.726276,6.022949214923301e-07,2.6502137657317567e-08
EXP-EMBED-C1-FUSED-EQUIV-001,GOLD-MODEL-C1-B6-R00000,6,119,-43.577943,-43.57794,1.105468747653049e-06,2.536762113009898e-08
EXP-EMBED-C1-FUSED-EQUIV-001,GOLD-MODEL-C1-B6-R00000,6,120,44483.124,44483.125,0.000999999996565748,2.248043542458367e-08
EXP-EMBED-C1-FUSED-EQUIV-001,GOLD-MODEL-C1-B6-R00000,6,121,11.69404,11.69404,2.9846191473836825e-07,2.5522566601308723e-08
EXP-EMBED-C1-FUSED-EQUIV-001,GOLD-MODEL-C1-B6-R00000,6,122,19.173588,19.173588,2.009277331183057e-07,1.0479401827050091e-08
EXP-EMBED-C1-FUSED-EQUIV-001,GOLD-MODEL-C1-B6-R00000,6,123,55.425923,55.425922,6.062011692620217e-07,1.0937141619852172e-08
EXP-EMBED-C1-FUSED-EQUIV-001,GOLD-MODEL-C1-B6-R00000,6,124,67.87686,67.87686,1.5722656314665073e-06,2.3163499776897568e-08
EXP-EMBED-C1-FUSED-EQUIV-001,GOLD-MODEL-C1-B6-R00000,6,125,-11.250865,-11.250865,1.7395018758747938e-08,1.5461050113700537e-09
EXP-EMBED-C1-FUSED-EQUIV-001,GOLD-MODEL-C1-B6-R00000,6,126,-19.031142,-19.031141,7.188720694273343e-07,3.7773459387110575e-08
EXP-EMBED-C1-FUSED-EQUIV-001,GOLD-MODEL-C1-B6-R00000,6,127,-36.552787,-36.552788,7.807617166122327e-07,2.1359840950355786e-08
EXP-EMBED-C1-FUSED-EQUIV-001,GOLD-MODEL-C1-B6-R00387,6,0,42310.6006,42310.6,0.0009625000020605512,2.274843628810486e-08
EXP-EMBED-C1-FUSED-EQUIV-001,GOLD-MODEL-C1-B6-R00387,6,1,8.047361,8.047361,3.7390136675696795e-07,4.646260640686654e-08
EXP-EMBED-C1-FUSED-EQUIV-001,GOLD-MODEL-C1-B6-R00387,6,2,11.244801,11.244801,4.323730475874754e-07,3.8450929241653575e-08
EXP-EMBED-C1-FUSED-EQUIV-001,GOLD-MODEL-C1-B6-R00387,6,3,17.505964,17.505964,2.7917480593941946e-07,1.594741117595235e-08
EXP-EMBED-C1-FUSED-EQUIV-001,GOLD-MODEL-C1-B6-R00387,6,4,20.323514,20.323515,9.383544927743515e-07,4.617087836160378e-08
EXP-EMBED-C1-FUSED-EQUIV-001,GOLD-MODEL-C1-B6-R00387,6,5,-6.53048,-6.53048,9.201049788742921e-08,1.4089392799216781e-08
EXP-EMBED-C1-FUSED-EQUIV-001,GOLD-MODEL-C1-B6-R00387,6,6,-8.753884,-8.753884,3.154907233238191e-07,3.6040084986712086e-08
EXP-EMBED-C1-FUSED-EQUIV-001,GOLD-MODEL-C1-B6-R00387,6,7,-19.709924,-19.709925,6.978759756748332e-07,3.5407339758125556e-08
EXP-EMBED-C1-FUSED-EQUIV-001,GOLD-MODEL-C1-B6-R00387,6,8,42340.6704,42340.67,0.0014749999972991645,3.483648188289348e-08
EXP-EMBED-C1-FUSED-EQUIV-001,GOLD-MODEL-C1-B6-R00387,6,9,7.437074,7.437074,1.844177246468348e-07,2.4797080766822384e-08
EXP-EMBED-C1-FUSED-EQUIV-001,GOLD-MODEL-C1-B6-R00387,6,10,12.453345,12.453345,2.9876708929066353e-07,2.3990910818793144e-08
EXP-EMBED-C1-FUSED-EQUIV-001,GOLD-MODEL-C1-B6-R00387,6,11,20.530895,20.530895,2.3315429587000835e-07,1.135626556319188e-08
EXP-EMBED-C1-FUSED-EQUIV-001,GOLD-MODEL-C1-B6-R00387,6,12,26.226791,26.226791,3.818359388674253e-07,1.4559003381977815e-08
EXP-EMBED-C1-FUSED-EQUIV-001,GOLD-MODEL-C1-B6-R00387,6,13,-6.667486,-6.667486,1.9079589819170906e-07,2.8615867838598994e-08
EXP-EMBED-C1-FUSED-EQUIV-001,GOLD-MODEL-C1-B6-R00387,6,14,-9.005845,-9.005845,6.988525314000071e-08,7.759988445282003e-09
EXP-EMBED-C1-FUSED-EQUIV-001,GOLD-MODEL-C1-B6-R00387,6,15,-21.844217,-21.844217,3.0041503862321406e-07,1.3752611898298486e-08
EXP-EMBED-C1-FUSED-EQUIV-001,GOLD-MODEL-C1-B6-R00387,6,16,23653.1887,23653.19,0.0007531250012107193,3.184031594060379e-08
EXP-EMBED-C1-FUSED-EQUIV-001,GOLD-MODEL-C1-B6-R00387,6,17,7.506793,7.506793,2.2155761669750973e-08,2.9514283489302254e-09
EXP-EMBED-C1-FUSED-EQUIV-001,GOLD-MODEL-C1-B6-R00387,6,18,4.796094,4.796094,5.926513679810341e-08,1.235695897497076e-08
EXP-EMBED-C1-FUSED-EQUIV-001,GOLD-MODEL-C1-B6-R00387,6,19,6.849908,6.849908,1.2493896495158197e-07,1.8239509925035777e-08
EXP-EMBED-C1-FUSED-EQUIV-001,GOLD-MODEL-C1-B6-R00387,6,20,9.242261,9.242261,6.707763589020033e-08,7.257708464433144e-09
EXP-EMBED-C1-FUSED-EQUIV-001,GOLD-MODEL-C1-B6-R00387,6,21,-3.539184,-3.539184,9.347534168924199e-08,2.6411551840549116e-08
EXP-EMBED-C1-FUSED-EQUIV-001,GOLD-MODEL-C1-B6-R00387,6,22,-5.218634,-5.218634,1.2857055686765761e-07,2.4636821985917697e-08
EXP-EMBED-C1-FUSED-EQUIV-001,GOLD-MODEL-C1-B6-R00387,6,23,-13.534626,-13.534626,7.08007874550276e-09,5.231085621060205e-10
EXP-EMBED-C1-FUSED-EQUIV-001,GOLD-MODEL-C1-B6-R00387,6,24,25171.803,25171.803,0.0002656249998835847,1.055248207224507e-08
EXP-EMBED-C1-FUSED-EQUIV-001,GOLD-MODEL-C1-B6-R00387,6,25,7.426066,7.426066,7.82165523460776e-08,1.0532703634209231e-08
EXP-EMBED-C1-FUSED-EQUIV-001,GOLD-MODEL-C1-B6-R00387,6,26,5.070147,5.070147,3.750610311215041e-08,7.39743899183799e-09
EXP-EMBED-C1-FUSED-EQUIV-001,GOLD-MODEL-C1-B6-R00387,6,27,6.905023,6.905023,9.799194344850548e-08,1.4191400006706057e-08
EXP-EMBED-C1-FUSED-EQUIV-001,GOLD-MODEL-C1-B6-R00387,6,28,9.200593,9.200593,5.3100581709486505e-09,5.771430353400755e-10
EXP-EMBED-C1-FUSED-EQUIV-001,GOLD-MODEL-C1-B6-R00387,6,29,-3.634117,-3.634117,1.1195373517125518e-07,3.080631008062073e-08
EXP-EMBED-C1-FUSED-EQUIV-001,GOLD-MODEL-C1-B6-R00387,6,30,-5.35338,-5.35338,2.0324707072916226e-07,3.796612060589054e-08
EXP-EMBED-C1-FUSED-EQUIV-001,GOLD-MODEL-C1-B6-R00387,6,31,-11.275138,-11.275138,9.869384776095558e-08,8.753227478098767e-09
EXP-EMBED-C1-FUSED-EQUIV-001,GOLD-MODEL-C1-B6-R00387,6,32,3417.1584,3417.1584,4.726562519863364e-05,1.3831850814593097e-08
EXP-EMBED-C1-FUSED-EQUIV-001,GOLD-MODEL-C1-B6-R00387,6,33,3.14349,3.14349,7.606506358115439e-08,2.4197647704034178e-08
EXP-EMBED-C1-FUSED-EQUIV-001,GOLD-MODEL-C1-B6-R00387,6,34,1.162906,1.162906,5.0682067875840175e-08,4.358225675664256e-08
EXP-EMBED-C1-FUSED-EQUIV-001,GOLD-MODEL-C1-B6-R00387,6,35,2.279891,2.279891,1.4099120981825308e-08,6.184120636392401e-09
EXP-EMBED-C1-FUSED-EQUIV-001,GOLD-MODEL-C1-B6-R00387,6,36,3.350831,3.350831,3.179931651331458e-08,9.489979206147544e-09
EXP-EMBED-C1-FUSED-EQUIV-001,GOLD-MODEL-C1-B6-R00387,6,37,-0.612406,-0.612406,1.5396118158150784e-08,2.514037772025549e-08
EXP-EMBED-C1-FUSED-EQUIV-001,GOLD-MODEL-C1-B6-R00387,6,38,-1.034282,-1.034282,3.092956535333258e-08,2.990438328553777e-08
EXP-EMBED-C1-FUSED-EQUIV-001,GOLD-MODEL-C1-B6-R00387,6,39,-3.274802,-3.274802,3.047180197057742e-08,9.304929571490862e-09
EXP-EMBED-C1-FUSED-EQUIV-001,GOLD-MODEL-C1-B6-R00387,6,40,3541.7524,3541.7524,4.140625014770194e-05,1.1690893510145413e-08
EXP-EMBED-C1-FUSED-EQUIV-001,GOLD-MODEL-C1-B6-R00387,6,41,3.200477,3.200477,1.1515808084894275e-07,3.598153676747021e-08
EXP-EMBED-C1-FUSED-EQUIV-001,GOLD-MODEL-C1-B6-R00387,6,42,1.188522,1.188522,1.8760681230745035e-08,1.578488343568317e-08
EXP-EMBED-C1-FUSED-EQUIV-001,GOLD-MODEL-C1-B6-R00387,6,43,2.548934,2.548934,1.7150878939276026e-08,6.728647716761605e-09
EXP-EMBED-C1-FUSED-EQUIV-001,GOLD-MODEL-C1-B6-R00387,6,44,3.744443,3.744443,6.024169918461553e-08,1.6088293822236186e-08
EXP-EMBED-C1-FUSED-EQUIV-001,GOLD-MODEL-C1-B6-R00387,6,45,-0.624763,-0.624763,1.193237308960704e-08,1.9099039299073474e-08
EXP-EMBED-C1-FUSED-EQUIV-001,GOLD-MODEL-C1-B6-R00387,6,46,-1.09566,-1.09566,2.876281746111431e-08,2.6251590330133716e-08
EXP-EMBED-C1-FUSED-EQUIV-001,GOLD-MODEL-C1-B6-R00387,6,47,-3.217106,-3.217106,1.0389709492741872e-07,3.2295204114324716e-08
EXP-EMBED-C1-FUSED-EQUIV-001,GOLD-MODEL-C1-B6-R00387,6,48,24148.7815,24148.781,0.0002500000009604264,1.0352489253357417e-08
EXP-EMBED-C1-FUSED-EQUIV-001,GOLD-MODEL-C1-B6-R00387,6,49,7.141152,7.141152,9.494018549105476e-08,1.3294799703332846e-08
EXP-EMBED-C1-FUSED-EQUIV-001,GOLD-MODEL-C1-B6-R00387,6,50,6.426663,6.426663,7.809448199225244e-08,1.2151637948380435e-08
EXP-EMBED-C1-FUSED-EQUIV-001,GOLD-MODEL-C1-B6-R00387,6,51,10.443668,10.443668,3.654785150075668e-07,3.499522533726338e-08
EXP-EMBED-C1-FUSED-EQUIV-001,GOLD-MODEL-C1-B6-R00387,6,52,12.677407,12.677407,2.647094721197618e-07,2.0880411279669558e-08
EXP-EMBED-C1-FUSED-EQUIV-001,GOLD-MODEL-C1-B6-R00387,6,53,-4.263735,-4.263735,1.8249511679613306e-07,4.280170245011312e-08
EXP-EMBED-C1-FUSED-EQUIV-001,GOLD-MODEL-C1-B6-R00387,6,54,-6.547958,-6.547958,1.0281372109233189e-07,1.5701646389963388e-08
EXP-EMBED-C1-FUSED-EQUIV-001,GOLD-MODEL-C1-B6-R00387,6,55,-14.948407,-14.948407,1.731567387253108e-07,1.1583624845464188e-08
EXP-EMBED-C1-FUSED-EQUIV-001,GOLD-MODEL-C1-B6-R00387,6,56,27156.2398,27156.24,0.00043437500062282197,1.599540303892964e-08
EXP-EMBED-C1-FUSED-EQUIV-001,GOLD-MODEL-C1-B6-R00387,6,57,7.236406,7.236406,1.5054321256258163e-07,2.0803588488896508e-08
EXP-EMBED-C1-FUSED-EQUIV-001,GOLD-MODEL-C1-B6-R00387,6,58,7.001194,7.001194,2.44140707650331e-10,3.487129590328893e-11
EXP-EMBED-C1-FUSED-EQUIV-001,GOLD-MODEL-C1-B6-R00387,6,59,11.272681,11.272681,2.3626708944846087e-07,2.0959263324178237e-08
EXP-EMBED-C1-FUSED-EQUIV-001,GOLD-MODEL-C1-B6-R00387,6,60,14.457199,14.457199,9.667968825510798e-08,6.687304245802246e-09
EXP-EMBED-C1-FUSED-EQUIV-001,GOLD-MODEL-C1-B6-R00387,6,61,-4.704009,-4.704009,5.609130848682753e-08,1.192414990847754e-08
EXP-EMBED-C1-FUSED-EQUIV-001,GOLD-MODEL-C1-B6-R00387,6,62,-7.40365,-7.40365,1.930236814828845e-07,2.6071421728861373e-08
EXP-EMBED-C1-FUSED-EQUIV-001,GOLD-MODEL-C1-B6-R00387,6,63,-16.216637,-16.216637,3.422851548862127e-07,2.1107036858888358e-08
EXP-EMBED-C1-FUSED-EQUIV-001,GOLD-MODEL-C1-B6-R00387,6,64,27974.3428,27974.344,0.0009500000014668331,3.395968971492096e-08
EXP-EMBED-C1-FUSED-EQUIV-001,GOLD-MODEL-C1-B6-R00387,6,65,5.53165,5.53165,6.637573246592865e-08,1.1999264679784269e-08
EXP-EMBED-C1-FUSED-EQUIV-001,GOLD-MODEL-C1-B6-R00387,6,66,6.562156,6.562156,2.0040893566886098e-07,3.054010536611153e-08
EXP-EMBED-C1-FUSED-EQUIV-001,GOLD-MODEL-C1-B6-R00387,6,67,9.296307,9.296307,3.8989257866717253e-07,4.1940587662086945e-08
EXP-EMBED-C1-FUSED-EQUIV-001,GOLD-MODEL-C1-B6-R00387,6,68,11.385449,11.385449,4.0948486379477345e-07,3.596563155258729e-08
EXP-EMBED-C1-FUSED-EQUIV-001,GOLD-MODEL-C1-B6-R00387,6,69,-3.850887,-3.850887,6.01654051024525e-08,1.5623778392472303e-08
EXP-EMBED-C1-FUSED-EQUIV-001,GOLD-MODEL-C1-B6-R00387,6,70,-5.113946,-5.113946,3.9001465168553295e-08,7.626491395989183e-09
EXP-EMBED-C1-FUSED-EQUIV-001,GOLD-MODEL-C1-B6-R00387,6,71,-12.297563,-12.297563,4.0081787133772195e-07,3.259327651647094e-08
EXP-EMBED-C1-FUSED-EQUIV-001,GOLD-MODEL-C1-B6-R00387,6,72,24271.7211,24271.72,0.00039687499884166755,1.6351333191681556e-08
EXP-EMBED-C1-FUSED-EQUIV-001,GOLD-MODEL-C1-B6-R00387,6,73,5.287771,5.287771,2.2497558571643594e-07,4.254639350237292e-08
EXP-EMBED-C1-FUSED-EQUIV-001,GOLD-MODEL-C1-B6-R00387,6,74,5.139735,5.139735,2.2186279302616185e-07,4.316619300920414e-08
EXP-EMBED-C1-FUSED-EQUIV-001,GOLD-MODEL-C1-B6-R00387,6,75,7.008234,7.008234,2.404785170995183e-08,3.431371114313796e-09
EXP-EMBED-C1-FUSED-EQUIV-001,GOLD-MODEL-C1-B6-R00387,6,76,9.492132,9.492132,1.868896486456606e-07,1.968890114946364e-08
EXP-EMBED-C1-FUSED-EQUIV-001,GOLD-MODEL-C1-B6-R00387,6,77,-3.087972,-3.087972,7.426452652836701e-08,2.4049611372242693e-08
EXP-EMBED-C1-FUSED-EQUIV-001,GOLD-MODEL-C1-B6-R00387,6,78,-4.094162,-4.094162,1.2695312356925115e-08,3.100832931604835e-09
EXP-EMBED-C1-FUSED-EQUIV-001,GOLD-MODEL-C1-B6-R00387,6,79,-11.862695,-11.862695,2.597045902774653e-07,2.1892545520007493e-08
EXP-EMBED-C1-FUSED-EQUIV-001,GOLD-MODEL-C1-B6-R00387,6,80,17369.9116,17369.912,0.000509375000547152,2.93251348813515e-08
EXP-EMBED-C1-FUSED-EQUIV-001,GOLD-MODEL-C1-B6-R00387,6,81,5.158856,5.158856,8.493042003010487e-08,1.6463033670663585e-08
EXP-EMBED-C1-FUSED-EQUIV-001,GOLD-MODEL-C1-B6-R00387,6,82,4.191566,4.191566,9.552001856150127e-09,2.2788623288169927e-09
EXP-EMBED-C1-FUSED-EQUIV-001,GOLD-MODEL-C1-B6-R00387,6,83,6.188451,6.188451,1.8670654267083364e-07,3.017015771326842e-08
EXP-EMBED-C1-FUSED-EQUIV-001,GOLD-MODEL-C1-B6-R00387,6,84,8.069732,8.069732,2.8765869153346557e-07,3.5646622655308204e-08
EXP-EMBED-C1-FUSED-EQUIV-001,GOLD-MODEL-C1-B6-R00387,6,85,-3.081205,-3.081205,1.0879516620931895e-07,3.530929172493195e-08
EXP-EMBED-C1-FUSED-EQUIV-001,GOLD-MODEL-C1-B6-R00387,6,86,-4.248725,-4.248725,6.256103546320446e-08,1.4724661036712063e-08
EXP-EMBED-C1-FUSED-EQUIV-001,GOLD-MODEL-C1-B6-R00387,6,87,-7.582541,-7.582541,1.1077880834875486e-08,1.4609720982551215e-09
EXP-EMBED-C1-FUSED-EQUIV-001,GOLD-MODEL-C1-B6-R00387,6,88,17671.4526,17671.453,0.0005249999994703103,2.9708932896116885e-08
EXP-EMBED-C1-FUSED-EQUIV-001,GOLD-MODEL-C1-B6-R00387,6,89,5.514947,5.514947,6.24389651093793e-08,1.1321770655163012e-08
EXP-EMBED-C1-FUSED-EQUIV-001,GOLD-MODEL-C1-B6-R00387,6,90,3.624443,3.624443,5.4199218890715883e-08,1.4953806389206806e-08
EXP-EMBED-C1-FUSED-EQUIV-001,GOLD-MODEL-C1-B6-R00387,6,91,5.421441,5.421441,7.818603542375513e-08,1.4421633551624951e-08
EXP-EMBED-C1-FUSED-EQUIV-001,GOLD-MODEL-C1-B6-R00387,6,92,6.876449,6.876449,1.0812377926328054e-07,1.572378116427251e-08
EXP-EMBED-C1-FUSED-EQUIV-001,GOLD-MODEL-C1-B6-R00387,6,93,-2.93043,-2.93043,6.454467760264038e-08,2.2025667769795005e-08
EXP-EMBED-C1-FUSED-EQUIV-001,GOLD-MODEL-C1-B6-R00387,6,94,-4.238084,-4.238084,1.6058349583403242e-07,3.789058825498325e-08
EXP-EMBED-C1-FUSED-EQUIV-001,GOLD-MODEL-C1-B6-R00387,6,95,-8.58269,-8.58269,2.389526372326145e-07,2.7841228942512722e-08
EXP-EMBED-C1-FUSED-EQUIV-001,GOLD-MODEL-C1-B6-R00387,6,96,6407.4443,6407.4443,3.593749988795025e-05,5.608710463226383e-09
EXP-EMBED-C1-FUSED-EQUIV-001,GOLD-MODEL-C1-B6-R00387,6,97,4.253156,4.253156,1.851501467697858e-07,4.353241375810947e-08
EXP-EMBED-C1-FUSED-EQUIV-001,GOLD-MODEL-C1-B6-R00387,6,98,2.023511,2.023511,6.707763677837875e-08,3.3149133747421556e-08
EXP-EMBED-C1-FUSED-EQUIV-001,GOLD-MODEL-C1-B6-R00387,6,99,4.4035,4.4035,8.010864238627846e-08,1.8192038693375374e-08
EXP-EMBED-C1-FUSED-EQUIV-001,GOLD-MODEL-C1-B6-R00387,6,100,6.609191,6.609191,5.914306644427825e-08,8.94860905733822e-09
EXP-EMBED-C1-FUSED-EQUIV-001,GOLD-MODEL-C1-B6-R00387,6,101,-1.108981,-1.108981,1.3298034673425718e-08,1.1991219573126788e-08
EXP-EMBED-C1-FUSED-EQUIV-001,GOLD-MODEL-C1-B6-R00387,6,102,-1.625512,-1.625512,3.898620537512443e-09,2.3983954209581e-09
EXP-EMBED-C1-FUSED-EQUIV-001,GOLD-MODEL-C1-B6-R00387,6,103,-3.078764,-3.078764,3.820800786868972e-08,1.2410177548097132e-08
EXP-EMBED-C1-FUSED-EQUIV-001,GOLD-MODEL-C1-B6-R00387,6,104,7050.5121,7050.512,0.00010703125008149073,1.518063490473135e-08
EXP-EMBED-C1-FUSED-EQUIV-001,GOLD-MODEL-C1-B6-R00387,6,105,4.641998,4.641998,1.85821533271735e-07,4.003050696526259e-08
EXP-EMBED-C1-FUSED-EQUIV-001,GOLD-MODEL-C1-B6-R00387,6,106,2.116844,2.116844,6.11724852994655e-08,2.889796569773942e-08
EXP-EMBED-C1-FUSED-EQUIV-001,GOLD-MODEL-C1-B6-R00387,6,107,4.459869,4.459869,9.2071533508431e-08,2.0644447966617627e-08
EXP-EMBED-C1-FUSED-EQUIV-001,GOLD-MODEL-C1-B6-R00387,6,108,6.492548,6.492548,1.1108398645376383e-08,1.7109459406963772e-09
EXP-EMBED-C1-FUSED-EQUIV-001,GOLD-MODEL-C1-B6-R00387,6,109,-1.184164,-1.184164,4.72412109431275e-08,3.9894145526403014e-08
EXP-EMBED-C1-FUSED-EQUIV-001,GOLD-MODEL-C1-B6-R00387,6,110,-1.689065,-1.689065,2.044677738233247e-08,1.2105382198040023e-08
EXP-EMBED-C1-FUSED-EQUIV-001,GOLD-MODEL-C1-B6-R00387,6,111,-3.821849,-3.821849,1.077423097406438e-07,2.819114772473842e-08
EXP-EMBED-C1-FUSED-EQUIV-001,GOLD-MODEL-C1-B6-R00387,6,112,20472.2227,20472.223,4.374999844003469e-05,2.1370419363420996e-09
EXP-EMBED-C1-FUSED-EQUIV-001,GOLD-MODEL-C1-B6-R00387,6,113,5.704325,5.704325,1.9912719739778595e-07,3.4908108741662855e-08
EXP-EMBED-C1-FUSED-EQUIV-001,GOLD-MODEL-C1-B6-R00387,6,114,5.722918,5.722918,3.3599853566101956e-08,5.8711051890140585e-09
EXP-EMBED-C1-FUSED-EQUIV-001,GOLD-MODEL-C1-B6-R00387,6,115,10.08118,10.08118,3.8116455058911924e-07,3.7809517396685634e-08
EXP-EMBED-C1-FUSED-EQUIV-001,GOLD-MODEL-C1-B6-R00387,6,116,12.227766,12.227766,3.6987303886348855e-08,3.0248619319627846e-09
EXP-EMBED-C1-FUSED-EQUIV-001,GOLD-MODEL-C1-B6-R00387,6,117,-4.129745,-4.129745,6.561279519701202e-09,1.5887856319703037e-09
EXP-EMBED-C1-FUSED-EQUIV-001,GOLD-MODEL-C1-B6-R00387,6,118,-6.212078,-6.212078,9.4482421886255e-08,1.520947127293878e-08
EXP-EMBED-C1-FUSED-EQUIV-001,GOLD-MODEL-C1-B6-R00387,6,119,-10.751032,-10.751032,1.2438964880345793e-07,1.1570019399389559e-08
EXP-EMBED-C1-FUSED-EQUIV-001,GOLD-MODEL-C1-B6-R00387,6,120,17677.6514,17677.652,0.000943750001169974,5.338661679740862e-08
EXP-EMBED-C1-FUSED-EQUIV-001,GOLD-MODEL-C1-B6-R00387,6,121,5.664659,5.664659,2.328491177649994e-08,4.110558424876049e-09
EXP-EMBED-C1-FUSED-EQUIV-001,GOLD-MODEL-C1-B6-R00387,6,122,5.082559,5.082559,1.0873413103240637e-07,2.1393579697236445e-08
EXP-EMBED-C1-FUSED-EQUIV-001,GOLD-MODEL-C1-B6-R00387,6,123,8.924991,8.924991,3.4600830112196945e-07,3.876847619476249e-08
EXP-EMBED-C1-FUSED-EQUIV-001,GOLD-MODEL-C1-B6-R00387,6,124,10.848908,10.848908,4.243774416323731e-07,3.911706520438492e-08
EXP-EMBED-C1-FUSED-EQUIV-001,GOLD-MODEL-C1-B6-R00387,6,125,-3.549233,-3.549233,4.025268562912743e-08,1.134123502997054e-08
EXP-EMBED-C1-FUSED-EQUIV-001,GOLD-MODEL-C1-B6-R00387,6,126,-5.437786,-5.437786,1.0229492186653033e-07,1.8811869732742393e-08
EXP-EMBED-C1-FUSED-EQUIV-001,GOLD-MODEL-C1-B6-R00387,6,127,-10.492855,-10.492855,7.20214838878519e-08,6.863859634756403e-09
EXP-EMBED-C1-FUSED-EQUIV-001,GOLD-MODEL-C1-B6-R00492,6,0,108387.8711,108387.875,0.003899999996065162,3.5981885763463086e-08
EXP-EMBED-C1-FUSED-EQUIV-001,GOLD-MODEL-C1-B6-R00492,6,1,5.630448,5.630448,1.3546752963833342e-07,2.405981364863567e-08
EXP-EMBED-C1-FUSED-EQUIV-001,GOLD-MODEL-C1-B6-R00492,6,2,28.709383,28.709383,1.0864258825904471e-08,3.7842188478604616e-10
EXP-EMBED-C1-FUSED-EQUIV-001,GOLD-MODEL-C1-B6-R00492,6,3,44.932436,44.932438,1.896728512917889e-06,4.221290189826096e-08
EXP-EMBED-C1-FUSED-EQUIV-001,GOLD-MODEL-C1-B6-R00492,6,4,63.447082,63.447083,5.195312482442205e-07,8.188418314402867e-09
EXP-EMBED-C1-FUSED-EQUIV-001,GOLD-MODEL-C1-B6-R00492,6,5,-19.790082,-19.790083,9.315185529601422e-07,4.7069969339194354e-08
EXP-EMBED-C1-FUSED-EQUIV-001,GOLD-MODEL-C1-B6-R00492,6,6,-29.44152,-29.44152,6.90917968171334e-07,2.3467469348434932e-08
EXP-EMBED-C1-FUSED-EQUIV-001,GOLD-MODEL-C1-B6-R00492,6,7,-121.532749,-121.532745,3.6386718704761734e-06,2.9939846670268056e-08
EXP-EMBED-C1-FUSED-EQUIV-001,GOLD-MODEL-C1-B6-R00492,6,8,106135.5996,106135.6,0.001962499998626299,1.84904971189921e-08
EXP-EMBED-C1-FUSED-EQUIV-001,GOLD-MODEL-C1-B6-R00492,6,9,5.089207,5.089207,1.723937987918589e-07,3.3874393160242625e-08
EXP-EMBED-C1-FUSED-EQUIV-001,GOLD-MODEL-C1-B6-R00492,6,10,29.470159,29.47016,5.306396495541321e-07,1.8005998866654643e-08
EXP-EMBED-C1-FUSED-EQUIV-001,GOLD-MODEL-C1-B6-R00492,6,11,49.302402,49.302402,4.963378898992232e-07,1.006721518150826e-08
EXP-EMBED-C1-FUSED-EQUIV-001,GOLD-MODEL-C1-B6-R00492,6,12,70.194655,70.19466,1.3720703151420821e-06,1.9546649458453526e-08
EXP-EMBED-C1-FUSED-EQUIV-001,GOLD-MODEL-C1-B6-R00492,6,13,-19.772429,-19.772429,4.874267567345214e-07,2.4651840031112083e-08
EXP-EMBED-C1-FUSED-EQUIV-001,GOLD-MODEL-C1-B6-R00492,6,14,-31.247602,-31.247602,4.6276855414362217e-07,1.4809730172050391e-08
EXP-EMBED-C1-FUSED-EQUIV-001,GOLD-MODEL-C1-B6-R00492,6,15,-117.422315,-117.42232,2.5048828149465407e-06,2.1332255414539738e-08
EXP-EMBED-C1-FUSED-EQUIV-001,GOLD-MODEL-C1-B6-R00492,6,16,21369.8223,21369.822,3.4374999813735485e-05,1.6085767738805898e-09
EXP-EMBED-C1-FUSED-EQUIV-001,GOLD-MODEL-C1-B6-R00492,6,17,3.642117,3.642117,2.3468017751326897e-08,6.443510120989221e-09
EXP-EMBED-C1-FUSED-EQUIV-001,GOLD-MODEL-C1-B6-R00492,6,18,5.926511,5.926511,1.8914794885915853e-07,3.1915565306325855e-08
EXP-EMBED-C1-FUSED-EQUIV-001,GOLD-MODEL-C1-B6-R00492,6,19,11.328226,11.328226,8.947753826760163e-08,7.898636403228681e-09
EXP-EMBED-C1-FUSED-EQUIV-001,GOLD-MODEL-C1-B6-R00492,6,20,16.538651,16.53865,4.873046890452315e-07,2.9464597145512743e-08
EXP-EMBED-C1-FUSED-EQUIV-001,GOLD-MODEL-C1-B6-R00492,6,21,-4.449994,-4.449994,8.72192380541037e-08,1.9599855202974138e-08
EXP-EMBED-C1-FUSED-EQUIV-001,GOLD-MODEL-C1-B6-R00492,6,22,-7.109609,-7.109609,1.2704467788893226e-07,1.786943246652977e-08
EXP-EMBED-C1-FUSED-EQUIV-001,GOLD-MODEL-C1-B6-R00492,6,23,-22.228879,-22.22888,9.285888680210519e-07,4.177398545473444e-08
EXP-EMBED-C1-FUSED-EQUIV-001,GOLD-MODEL-C1-B6-R00492,6,24,21182.2236,21182.223,0.000943750001169974,4.4553868328062307e-08
EXP-EMBED-C1-FUSED-EQUIV-001,GOLD-MODEL-C1-B6-R00492,6,25,3.517016,3.517016,6.600952140445315e-08,1.8768615611772352e-08
EXP-EMBED-C1-FUSED-EQUIV-001,GOLD-MODEL-C1-B6-R00492,6,26,5.848557,5.848557,4.608153858498554e-09,7.879129601538558e-10
EXP-EMBED-C1-FUSED-EQUIV-001,GOLD-MODEL-C1-B6-R00492,6,27,10.980703,10.980703,3.5388183583506816e-07,3.222761200581312e-08
EXP-EMBED-C1-FUSED-EQUIV-001,GOLD-MODEL-C1-B6-R00492,6,28,16.189123,16.189123,1.5368652483971346e-07,9.493196440580102e-09
EXP-EMBED-C1-FUSED-EQUIV-001,GOLD-MODEL-C1-B6-R00492,6,29,-4.357567,-4.357567,1.6650390666228532e-07,3.82102918124461e-08
EXP-EMBED-C1-FUSED-EQUIV-001,GOLD-MODEL-C1-B6-R00492,6,30,-6.560405,-6.560405,2.2247314479528768e-07,3.3911495524329317e-08
EXP-EMBED-C1-FUSED-EQUIV-001,GOLD-MODEL-C1-B6-R00492,6,31,-18.967913,-18.967913,3.260498040447146e-07,1.7189545525894948e-08
EXP-EMBED-C1-FUSED-EQUIV-001,GOLD-MODEL-C1-B6-R00492,6,32,2687.3091,2687.309,1.7968749943975126e-05,6.686521451505198e-09
EXP-EMBED-C1-FUSED-EQUIV-001,GOLD-MODEL-C1-B6-R00492,6,33,2.051185,2.051185,1.0734558086866741e-07,5.233344669967235e-08
EXP-EMBED-C1-FUSED-EQUIV-001,GOLD-MODEL-C1-B6-R00492,6,34,1.046349,1.046349,4.86145019795714e-08,4.6461077498589285e-08
EXP-EMBED-C1-FUSED-EQUIV-001,GOLD-MODEL-C1-B6-R00492,6,35,2.737827,2.737827,6.26068117348666e-08,2.286733666329779e-08
EXP-EMBED-C1-FUSED-EQUIV-001,GOLD-MODEL-C1-B6-R00492,6,36,5.678265,5.678265,9.475708040440622e-08,1.6687681959965982e-08
EXP-EMBED-C1-FUSED-EQUIV-001,GOLD-MODEL-C1-B6-R00492,6,37,-0.588719,-0.588719,1.0353088386594322e-08,1.7585789462535306e-08
EXP-EMBED-C1-FUSED-EQUIV-001,GOLD-MODEL-C1-B6-R00492,6,38,-1.136637,-1.136637,2.757263173336355e-08,2.4258080401538533e-08
EXP-EMBED-C1-FUSED-EQUIV-001,GOLD-MODEL-C1-B6-R00492,6,39,-4.614648,-4.614648,1.3470458970488153e-07,2.919065326431865e-08
EXP-EMBED-C1-FUSED-EQUIV-001,GOLD-MODEL-C1-B6-R00492,6,40,2805.3474,2805.3474,1.2109374893043423e-05,4.316533094276817e-09
EXP-EMBED-C1-FUSED-EQUIV-001,GOLD-MODEL-C1-B6-R00492,6,41,2.029893,2.029893,7.855224604114142e-08,3.8697727437427206e-08
EXP-EMBED-C1-FUSED-EQUIV-001,GOLD-MODEL-C1-B6-R00492,6,42,1.08747,1.08747,5.462646490705936e-08,5.023261782583369e-08
EXP-EMBED-C1-FUSED-EQUIV-001,GOLD-MODEL-C1-B6-R00492,6,43,2.978116,2.978116,3.5461425795801915e-08,1.1907335307221718e-08
EXP-EMBED-C1-FUSED-EQUIV-001,GOLD-MODEL-C1-B6-R00492,6,44,6.472123,6.472123,1.4605712905790824e-07,2.2567112685885024e-08
EXP-EMBED-C1-FUSED-EQUIV-001,GOLD-MODEL-C1-B6-R00492,6,45,-0.605326,-0.605326,3.124237091256532e-09,5.161247148241661e-09
EXP-EMBED-C1-FUSED-EQUIV-001,GOLD-MODEL-C1-B6-R00492,6,46,-1.096883,-1.096883,5.854797358040287e-08,5.3376680630844734e-08
EXP-EMBED-C1-FUSED-EQUIV-001,GOLD-MODEL-C1-B6-R00492,6,47,-5.369112,-5.369112,1.4770507483774509e-08,2.7510149692862635e-09
EXP-EMBED-C1-FUSED-EQUIV-001,GOLD-MODEL-C1-B6-R00492,6,48,26682.8711,26682.871,6.250000296859071e-06,2.342326758404597e-10
EXP-EMBED-C1-FUSED-EQUIV-001,GOLD-MODEL-C1-B6-R00492,6,49,3.710307,3.710307,1.1714172343246787e-07,3.157197596653535e-08
EXP-EMBED-C1-FUSED-EQUIV-001,GOLD-MODEL-C1-B6-R00492,6,50,8.657883,8.657883,3.095703124955662e-07,3.575589003634794e-08
EXP-EMBED-C1-FUSED-EQUIV-001,GOLD-MODEL-C1-B6-R00492,6,51,17.9495,17.9495,8.697509770172474e-07,4.845544316093748e-08
EXP-EMBED-C1-FUSED-EQUIV-001,GOLD-MODEL-C1-B6-R00492,6,52,25.380409,25.38041,2.407226560308118e-07,9.484585375705008e-09
EXP-EMBED-C1-FUSED-EQUIV-001,GOLD-MODEL-C1-B6-R00492,6,53,-6.08573,-6.08573,7.583618177875451e-08,1.2461312246641653e-08
EXP-EMBED-C1-FUSED-EQUIV-001,GOLD-MODEL-C1-B6-R00492,6,54,-10.123056,-10.123056,4.117431640082714e-07,4.0673800876758106e-08
EXP-EMBED-C1-FUSED-EQUIV-001,GOLD-MODEL-C1-B6-R00492,6,55,-28.777554,-28.777554,4.4165038914911747e-07,1.5347044059030086e-08
EXP-EMBED-C1-FUSED-EQUIV-001,GOLD-MODEL-C1-B6-R00492,6,56,28194.4102,28194.41,4.374999844003469e-05,1.5517259672995285e-09
EXP-EMBED-C1-FUSED-EQUIV-001,GOLD-MODEL-C1-B6-R00492,6,57,3.669009,3.669009,2.9739379847626424e-08,8.10556197807812e-09
EXP-EMBED-C1-FUSED-EQUIV-001,GOLD-MODEL-C1-B6-R00492,6,58,9.281559,9.281559,9.521484045649231e-09,1.0258496493583924e-09
EXP-EMBED-C1-FUSED-EQUIV-001,GOLD-MODEL-C1-B6-R00492,6,59,19.412262,19.412262,3.71093733519956e-08,1.9116460179651193e-09
EXP-EMBED-C1-FUSED-EQUIV-001,GOLD-MODEL-C1-B6-R00492,6,60,26.735212,26.735212,3.260498040447146e-07,1.2195519678120174e-08
EXP-EMBED-C1-FUSED-EQUIV-001,GOLD-MODEL-C1-B6-R00492,6,61,-6.496176,-6.496176,2.3400878923496293e-07,3.602254453003781e-08
EXP-EMBED-C1-FUSED-EQUIV-001,GOLD-MODEL-C1-B6-R00492,6,62,-11.08947,-11.08947,9.033203163255621e-08,8.145748320934743e-09
EXP-EMBED-C1-FUSED-EQUIV-001,GOLD-MODEL-C1-B6-R00492,6,63,-29.983919,-29.98392,1.4367675760240672e-07,4.791793814624657e-09
EXP-EMBED-C1-FUSED-EQUIV-001,GOLD-MODEL-C1-B6-R00492,6,64,71788.6699,71788.67,0.001975000006495975,2.7511305185722282e-08
EXP-EMBED-C1-FUSED-EQUIV-001,GOLD-MODEL-C1-B6-R00492,6,65,4.482971,4.482971,1.9140624996083488e-07,4.269629447989623e-08
EXP-EMBED-C1-FUSED-EQUIV-001,GOLD-MODEL-C1-B6-R00492,6,66,17.832566,17.832565,6.92382812417236e-07,3.882687507884373e-08
EXP-EMBED-C1-FUSED-EQUIV-001,GOLD-MODEL-C1-B6-R00492,6,67,25.431414,25.431414,3.4948730487371904e-07,1.374234656687666e-08
EXP-EMBED-C1-FUSED-EQUIV-001,GOLD-MODEL-C1-B6-R00492,6,68,38.793368,38.79337,1.293212889663664e-06,3.333592715290057e-08
EXP-EMBED-C1-FUSED-EQUIV-001,GOLD-MODEL-C1-B6-R00492,6,69,-12.097725,-12.097725,8.544921925590643e-08,7.0632469539443514e-09
EXP-EMBED-C1-FUSED-EQUIV-001,GOLD-MODEL-C1-B6-R00492,6,70,-17.629092,-17.629091,7.371826171720386e-07,4.181625560590634e-08
EXP-EMBED-C1-FUSED-EQUIV-001,GOLD-MODEL-C1-B6-R00492,6,71,-61.218883,-61.218884,5.14404298712634e-07,8.402706379216917e-09
EXP-EMBED-C1-FUSED-EQUIV-001,GOLD-MODEL-C1-B6-R00492,6,72,52781.1094,52781.11,2.5000001187436283e-05,4.736543333709518e-10
EXP-EMBED-C1-FUSED-EQUIV-001,GOLD-MODEL-C1-B6-R00492,6,73,4.137063,4.137063,2.6428222277274926e-08,6.388160460035277e-09
EXP-EMBED-C1-FUSED-EQUIV-001,GOLD-MODEL-C1-B6-R00492,6,74,12.169781,12.169781,2.6879882852881565e-07,2.2087400630201615e-08
EXP-EMBED-C1-FUSED-EQUIV-001,GOLD-MODEL-C1-B6-R00492,6,75,16.916827,16.916826,7.518310560783448e-07,4.444279391627902e-08
EXP-EMBED-C1-FUSED-EQUIV-001,GOLD-MODEL-C1-B6-R00492,6,76,26.115264,26.115265,8.925781251889475e-07,3.417840712576934e-08
EXP-EMBED-C1-FUSED-EQUIV-001,GOLD-MODEL-C1-B6-R00492,6,77,-8.833723,-8.833723,6.823730380745019e-08,7.724637031006087e-09
EXP-EMBED-C1-FUSED-EQUIV-001,GOLD-MODEL-C1-B6-R00492,6,78,-12.749153,-12.749153,1.372070315142082e-07,1.0762050742838227e-08
EXP-EMBED-C1-FUSED-EQUIV-001,GOLD-MODEL-C1-B6-R00492,6,79,-36.492484,-36.492485,1.0463867212706646e-06,2.8674033844083198e-08
EXP-EMBED-C1-FUSED-EQUIV-001,GOLD-MODEL-C1-B6-R00492,6,80,26289.6338,26289.635,0.0009656250003899913,3.6730256790035294e-08
EXP-EMBED-C1-FUSED-EQUIV-001,GOLD-MODEL-C1-B6-R00492,6,81,3.952746,3.952746,8.554077135514149e-08,2.1640846984638398e-08
EXP-EMBED-C1-FUSED-EQUIV-001,GOLD-MODEL-C1-B6-R00492,6,82,6.644162,6.644162,1.7803955110196057e-07,2.6796389236439535e-08
EXP-EMBED-C1-FUSED-EQUIV-001,GOLD-MODEL-C1-B6-R00492,6,83,10.874116,10.874116,5.609130937500595e-08,5.158240851486773e-09
EXP-EMBED-C1-FUSED-EQUIV-001,GOLD-MODEL-C1-B6-R00492,6,84,14.453295,14.453295,2.459716803571155e-07,1.7018380954454707e-08
EXP-EMBED-C1-FUSED-EQUIV-001,GOLD-MODEL-C1-B6-R00492,6,85,-5.367562,-5.367562,1.8283081093528608e-07,3.406217029915743e-08
EXP-EMBED-C1-FUSED-EQUIV-001,GOLD-MODEL-C1-B6-R00492,6,86,-7.729273,-7.729273,1.575927734975835e-07,2.0389081029688496e-08
EXP-EMBED-C1-FUSED-EQUIV-001,GOLD-MODEL-C1-B6-R00492,6,87,-16.879774,-16.879774,9.362792852130042e-08,5.546752493327245e-09
EXP-EMBED-C1-FUSED-EQUIV-001,GOLD-MODEL-C1-B6-R00492,6,88,20481.982,20481.982,0.00042187500002910383,2.059737187685761e-08
EXP-EMBED-C1-FUSED-EQUIV-001,GOLD-MODEL-C1-B6-R00492,6,89,3.740283,3.740283,1.239013691645141e-08,3.312620172444548e-09
EXP-EMBED-C1-FUSED-EQUIV-001,GOLD-MODEL-C1-B6-R00492,6,90,5.245831,5.245831,1.2725830167426011e-08,2.4258940418450404e-09
EXP-EMBED-C1-FUSED-EQUIV-001,GOLD-MODEL-C1-B6-R00492,6,91,8.777134,8.777134,5.834960958850388e-08,6.647911446777944e-09
EXP-EMBED-C1-FUSED-EQUIV-001,GOLD-MODEL-C1-B6-R00492,6,92,11.435969,11.435969,3.527221679178183e-07,3.08432252586395e-08
EXP-EMBED-C1-FUSED-EQUIV-001,GOLD-MODEL-C1-B6-R00492,6,93,-4.185885,-4.185885,4.745483384027693e-08,1.1336869942742559e-08
EXP-EMBED-C1-FUSED-EQUIV-001,GOLD-MODEL-C1-B6-R00492,6,94,-5.974065,-5.974065,1.7303466837148562e-07,2.8964309623595595e-08
EXP-EMBED-C1-FUSED-EQUIV-001,GOLD-MODEL-C1-B6-R00492,6,95,-13.992877,-13.992877,6.530761709200306e-09,4.667204399209902e-10
EXP-EMBED-C1-FUSED-EQUIV-001,GOLD-MODEL-C1-B6-R00492,6,96,5631.2339,5631.234,1.3281250176078174e-05,2.3584973403569994e-09
EXP-EMBED-C1-FUSED-EQUIV-001,GOLD-MODEL-C1-B6-R00492,6,97,2.392909,2.392909,4.99877930160153e-08,2.0889968242008076e-08
EXP-EMBED-C1-FUSED-EQUIV-001,GOLD-MODEL-C1-B6-R00492,6,98,2.138585,2.138585,9.063720707302991e-08,4.2381858599508516e-08
EXP-EMBED-C1-FUSED-EQUIV-001,GOLD-MODEL-C1-B6-R00492,6,99,5.888314,5.888314,2.2970581081693808e-07,3.9010455423562345e-08
EXP-EMBED-C1-FUSED-EQUIV-001,GOLD-MODEL-C1-B6-R00492,6,100,8.756047,8.756047,2.488403314515608e-07,2.841925488197594e-08
EXP-EMBED-C1-FUSED-EQUIV-001,GOLD-MODEL-C1-B6-R00492,6,101,-1.184368,-1.184368,1.4335632236850415e-08,1.2104035432273089e-08
EXP-EMBED-C1-FUSED-EQUIV-001,GOLD-MODEL-C1-B6-R00492,6,102,-1.889914,-1.889914,3.5797119046776515e-08,1.8941136499743646e-08
EXP-EMBED-C1-FUSED-EQUIV-001,GOLD-MODEL-C1-B6-R00492,6,103,-4.497421,-4.497421,2.1218872081618656e-07,4.718008850320807e-08
EXP-EMBED-C1-FUSED-EQUIV-001,GOLD-MODEL-C1-B6-R00492,6,104,5695.4096,5695.4097,6.796875004511094e-05,1.1933952923264894e-08
EXP-EMBED-C1-FUSED-EQUIV-001,GOLD-MODEL-C1-B6-R00492,6,105,2.392697,2.392697,9.587097160590474e-08,4.006816224783361e-08
EXP-EMBED-C1-FUSED-EQUIV-001,GOLD-MODEL-C1-B6-R00492,6,106,2.120052,2.120052,9.922790544791837e-08,4.6804467743205535e-08
EXP-EMBED-C1-FUSED-EQUIV-001,GOLD-MODEL-C1-B6-R00492,6,107,5.680109,5.680109,2.404785170995183e-08,4.2336954642863064e-09
EXP-EMBED-C1-FUSED-EQUIV-001,GOLD-MODEL-C1-B6-R00492,6,108,9.186307,9.186307,4.656982355299988e-08,5.069482606340054e-09
EXP-EMBED-C1-FUSED-EQUIV-001,GOLD-MODEL-C1-B6-R00492,6,109,-1.168686,-1.168686,3.229522715919586e-08,2.7633793131085563e-08
EXP-EMBED-C1-FUSED-EQUIV-001,GOLD-MODEL-C1-B6-R00492,6,110,-1.803951,-1.803951,2.5009155191213495e-08,1.386354462577614e-08
EXP-EMBED-C1-FUSED-EQUIV-001,GOLD-MODEL-C1-B6-R00492,6,111,-4.446119,-4.446119,1.6836547889198528e-07,3.786796504816566e-08
EXP-EMBED-C1-FUSED-EQUIV-001,GOLD-MODEL-C1-B6-R00492,6,112,33367.1504,33367.152,0.0019437500013737008,5.825340126658526e-08
EXP-EMBED-C1-FUSED-EQUIV-001,GOLD-MODEL-C1-B6-R00492,6,113,4.192403,4.192403,1.603393551263821e-07,3.824521524442715e-08
EXP-EMBED-C1-FUSED-EQUIV-001,GOLD-MODEL-C1-B6-R00492,6,114,9.62095,9.62095,2.548217779008155e-07,2.6486134726904878e-08
EXP-EMBED-C1-FUSED-EQUIV-001,GOLD-MODEL-C1-B6-R00492,6,115,19.157621,19.157621,3.8366699328662435e-07,2.002685997841926e-08
EXP-EMBED-C1-FUSED-EQUIV-001,GOLD-MODEL-C1-B6-R00492,6,116,24.398552,24.398552,5.9082029935098035e-08,2.421538373879648e-09
EXP-EMBED-C1-FUSED-EQUIV-001,GOLD-MODEL-C1-B6-R00492,6,117,-7.569029,-7.569029,1.4562988237543095e-07,1.9240233109878554e-08
EXP-EMBED-C1-FUSED-EQUIV-001,GOLD-MODEL-C1-B6-R00492,6,118,-11.512586,-11.512586,3.600463873709714e-07,3.127415398859747e-08
EXP-EMBED-C1-FUSED-EQUIV-001,GOLD-MODEL-C1-B6-R00492,6,119,-24.056399,-24.056398,6.08276366165228e-07,2.5285428885895516e-08
EXP-EMBED-C1-FUSED-EQUIV-001,GOLD-MODEL-C1-B6-R00492,6,120,28323.5654,28323.564,0.0009468749994994141,3.3430642863183253e-08
EXP-EMBED-C1-FUSED-EQUIV-001,GOLD-MODEL-C1-B6-R00492,6,121,4.007044,4.007044,1.6149902304363195e-07,4.030378080291406e-08
EXP-EMBED-C1-FUSED-EQUIV-001,GOLD-MODEL-C1-B6-R00492,6,122,8.36558,8.36558,3.9489746050946906e-07,4.7205030674438484e-08
EXP-EMBED-C1-FUSED-EQUIV-001,GOLD-MODEL-C1-B6-R00492,6,123,16.542937,16.542936,6.749267562611294e-07,4.079848434779927e-08
EXP-EMBED-C1-FUSED-EQUIV-001,GOLD-MODEL-C1-B6-R00492,6,124,21.246112,21.246113,8.234863280165428e-07,3.875938938929357e-08
EXP-EMBED-C1-FUSED-EQUIV-001,GOLD-MODEL-C1-B6-R00492,6,125,-6.38151,-6.38151,2.1911621050918484e-07,3.433610705133814e-08
EXP-EMBED-C1-FUSED-EQUIV-001,GOLD-MODEL-C1-B6-R00492,6,126,-9.626641,-9.626641,2.734985358188169e-07,2.8410588472013957e-08
EXP-EMBED-C1-FUSED-EQUIV-001,GOLD-MODEL-C1-B6-R00492,6,127,-19.595525,-19.595526,7.415771499097445e-07,3.7844209323799416e-08
EXP-EMBED-C1-FUSED-EQUIV-001,GOLD-MODEL-C1-B6-R00523,6,0,60589.3008,60589.3,1.8749997252598405e-05,3.094605318930897e-10
EXP-EMBED-C1-FUSED-EQUIV-001,GOLD-MODEL-C1-B6-R00523,6,1,11.780872,11.780872,3.4497070267036634e-07,2.9282272370870876e-08
EXP-EMBED-C1-FUSED-EQUIV-001,GOLD-MODEL-C1-B6-R00523,6,2,17.149123,17.149122,7.618408197629378e-07,4.4424476969635e-08
EXP-EMBED-C1-FUSED-EQUIV-001,GOLD-MODEL-C1-B6-R00523,6,3,25.330314,25.330315,6.362304674212282e-07,2.5117354148125766e-08
EXP-EMBED-C1-FUSED-EQUIV-001,GOLD-MODEL-C1-B6-R00523,6,4,35.491583,35.491585,1.7778320327010988e-06,5.0091652229236965e-08
EXP-EMBED-C1-FUSED-EQUIV-001,GOLD-MODEL-C1-B6-R00523,6,5,-12.625423,-12.625423,4.313964847568741e-07,3.4168873768179814e-08
EXP-EMBED-C1-FUSED-EQUIV-001,GOLD-MODEL-C1-B6-R00523,6,6,-18.013159,-18.013159,2.0178222825961711e-07,1.1201934555711027e-08
EXP-EMBED-C1-FUSED-EQUIV-001,GOLD-MODEL-C1-B6-R00523,6,7,-46.517821,-46.517822,1.2656250021336746e-06,2.720731485109061e-08
EXP-EMBED-C1-FUSED-EQUIV-001,GOLD-MODEL-C1-B6-R00523,6,8,60601.313,60601.312,0.0005000000019208528,8.250646350201238e-09
EXP-EMBED-C1-FUSED-EQUIV-001,GOLD-MODEL-C1-B6-R00523,6,9,10.776476,10.776476,9.362793029765726e-08,8.68817694185532e-09
EXP-EMBED-C1-FUSED-EQUIV-001,GOLD-MODEL-C1-B6-R00523,6,10,18.168228,18.168228,1.4941406334401108e-07,8.223920535564123e-09
EXP-EMBED-C1-FUSED-EQUIV-001,GOLD-MODEL-C1-B6-R00523,6,11,27.667027,27.667027,4.802246102997287e-07,1.735728997191237e-08
EXP-EMBED-C1-FUSED-EQUIV-001,GOLD-MODEL-C1-B6-R00523,6,12,34.750893,34.750893,3.608398415622105e-07,1.0383613496269304e-08
EXP-EMBED-C1-FUSED-EQUIV-001,GOLD-MODEL-C1-B6-R00523,6,13,-12.627797,-12.627797,1.2677002025895945e-07,1.0038965645310853e-08
EXP-EMBED-C1-FUSED-EQUIV-001,GOLD-MODEL-C1-B6-R00523,6,14,-18.75515,-18.75515,1.5869140668200998e-07,8.461217675252396e-09
EXP-EMBED-C1-FUSED-EQUIV-001,GOLD-MODEL-C1-B6-R00523,6,15,-51.78504,-51.78504,1.8090820290694865e-06,3.493445267338765e-08
EXP-EMBED-C1-FUSED-EQUIV-001,GOLD-MODEL-C1-B6-R00523,6,16,23471.3872,23471.387,0.0004812500010302756,2.0503688040657247e-08
EXP-EMBED-C1-FUSED-EQUIV-001,GOLD-MODEL-C1-B6-R00523,6,17,5.966763,5.966763,1.956176731710002e-08,3.2784555574102774e-09
EXP-EMBED-C1-FUSED-EQUIV-001,GOLD-MODEL-C1-B6-R00523,6,18,7.463618,7.463618,1.9833374054201158e-07,2.6573404552860498e-08
EXP-EMBED-C1-FUSED-EQUIV-001,GOLD-MODEL-C1-B6-R00523,6,19,13.040266,13.040266,3.6987303886348855e-08,2.8363918256229478e-09
EXP-EMBED-C1-FUSED-EQUIV-001,GOLD-MODEL-C1-B6-R00523,6,20,16.012844,16.012844,8.569335818719992e-08,5.35153893881686e-09
EXP-EMBED-C1-FUSED-EQUIV-001,GOLD-MODEL-C1-B6-R00523,6,21,-5.363986,-5.363986,1.5319824520076963e-08,2.856052293961424e-09
EXP-EMBED-C1-FUSED-EQUIV-001,GOLD-MODEL-C1-B6-R00523,6,22,-8.461786,-8.461786,2.7014160153271405e-07,3.1924891687489386e-08
EXP-EMBED-C1-FUSED-EQUIV-001,GOLD-MODEL-C1-B6-R00523,6,23,-23.923261,-23.923262,6.424560545781333e-07,2.6854869600684174e-08
EXP-EMBED-C1-FUSED-EQUIV-001,GOLD-MODEL-C1-B6-R00523,6,24,23559.4575,23559.457,0.00046875000043655746,1.9896468347650087e-08
EXP-EMBED-C1-FUSED-EQUIV-001,GOLD-MODEL-C1-B6-R00523,6,25,5.774562,5.774562,1.1798095744808279e-07,2.0431152604835273e-08
EXP-EMBED-C1-FUSED-EQUIV-001,GOLD-MODEL-C1-B6-R00523,6,26,7.403484,7.403484,1.323547360598809e-07,1.7877358289675633e-08
EXP-EMBED-C1-FUSED-EQUIV-001,GOLD-MODEL-C1-B6-R00523,6,27,13.082544,13.082544,3.267822261676656e-07,2.497849242224338e-08
EXP-EMBED-C1-FUSED-EQUIV-001,GOLD-MODEL-C1-B6-R00523,6,28,19.611348,19.611347,8.015136714334403e-07,4.0869891831680326e-08
EXP-EMBED-C1-FUSED-EQUIV-001,GOLD-MODEL-C1-B6-R00523,6,29,-5.25166,-5.25166,1.2985229513873264e-07,2.4725952391954667e-08
EXP-EMBED-C1-FUSED-EQUIV-001,GOLD-MODEL-C1-B6-R00523,6,30,-8.199863,-8.199863,4.3383789005702056e-07,5.2907943712842584e-08
EXP-EMBED-C1-FUSED-EQUIV-001,GOLD-MODEL-C1-B6-R00523,6,31,-18.562648,-18.562649,7.73193360004143e-07,4.165318224017085e-08
EXP-EMBED-C1-FUSED-EQUIV-001,GOLD-MODEL-C1-B6-R00523,6,32,2941.9918,2941.9917,0.00010078124978463165,3.4256128716820915e-08
EXP-EMBED-C1-FUSED-EQUIV-001,GOLD-MODEL-C1-B6-R00523,6,33,2.523906,2.523906,7.492065634551182e-09,2.9684408351781646e-09
EXP-EMBED-C1-FUSED-EQUIV-001,GOLD-MODEL-C1-B6-R00523,6,34,1.19607,1.19607,4.417419430247094e-08,3.693278345119511e-08
EXP-EMBED-C1-FUSED-EQUIV-001,GOLD-MODEL-C1-B6-R00523,6,35,3.221588,3.221588,1.0365295421976839e-07,3.2174491033542586e-08
EXP-EMBED-C1-FUSED-EQUIV-001,GOLD-MODEL-C1-B6-R00523,6,36,6.762116,6.762116,4.4647216590476546e-08,6.602551123121305e-09
EXP-EMBED-C1-FUSED-EQUIV-001,GOLD-MODEL-C1-B6-R00523,6,37,-0.67933,-0.67933,8.659362782381663e-09,1.274691649475463e-08
EXP-EMBED-C1-FUSED-EQUIV-001,GOLD-MODEL-C1-B6-R00523,6,38,-1.319465,-1.319465,4.1160583386101735e-08,3.119490352991684e-08
EXP-EMBED-C1-FUSED-EQUIV-001,GOLD-MODEL-C1-B6-R00523,6,39,-4.957028,-4.957028,8.786010763373042e-08,1.772435169495319e-08
EXP-EMBED-C1-FUSED-EQUIV-001,GOLD-MODEL-C1-B6-R00523,6,40,3162.1302,3162.1301,7.304687505893526e-05,2.3100527315078695e-08
EXP-EMBED-C1-FUSED-EQUIV-001,GOLD-MODEL-C1-B6-R00523,6,41,2.579584,2.579584,1.16714477638169e-07,4.524546502000671e-08
EXP-EMBED-C1-FUSED-EQUIV-001,GOLD-MODEL-C1-B6-R00523,6,42,1.312401,1.312401,5.6289672922815726e-08,4.289060502301944e-08
EXP-EMBED-C1-FUSED-EQUIV-001,GOLD-MODEL-C1-B6-R00523,6,43,3.741857,3.741857,5.184936524571526e-08,1.3856586514587613e-08
EXP-EMBED-C1-FUSED-EQUIV-001,GOLD-MODEL-C1-B6-R00523,6,44,6.220197,6.220197,2.0077514673033647e-07,3.227794018908669e-08
EXP-EMBED-C1-FUSED-EQUIV-001,GOLD-MODEL-C1-B6-R00523,6,45,-0.718606,-0.718606,4.821777310759501e-09,6.7099040513988205e-09
EXP-EMBED-C1-FUSED-EQUIV-001,GOLD-MODEL-C1-B6-R00523,6,46,-1.37691,-1.37691,2.876281746111431e-08,2.0889395429704416e-08
EXP-EMBED-C1-FUSED-EQUIV-001,GOLD-MODEL-C1-B6-R00523,6,47,-4.654552,-4.654552,1.712036112877513e-08,3.678197413795169e-09
EXP-EMBED-C1-FUSED-EQUIV-001,GOLD-MODEL-C1-B6-R00523,6,48,28487.7623,28487.762,0.0005812499985040631,2.0403497908435693e-08
EXP-EMBED-C1-FUSED-EQUIV-001,GOLD-MODEL-C1-B6-R00523,6,49,6.201857,6.201857,8.999633749340319e-08,1.4511191969341308e-08
EXP-EMBED-C1-FUSED-EQUIV-001,GOLD-MODEL-C1-B6-R00523,6,50,10.334999,10.334999,8.44726564253051e-08,8.17345569412296e-09
EXP-EMBED-C1-FUSED-EQUIV-001,GOLD-MODEL-C1-B6-R00523,6,51,20.342835,20.342834,5.273437508890311e-07,2.592282495969864e-08
EXP-EMBED-C1-FUSED-EQUIV-001,GOLD-MODEL-C1-B6-R00523,6,52,26.800526,26.800526,3.3471679827812295e-07,1.2489187647963436e-08
EXP-EMBED-C1-FUSED-EQUIV-001,GOLD-MODEL-C1-B6-R00523,6,53,-6.992615,-6.992615,2.2293090840008745e-07,3.188090698545358e-08
EXP-EMBED-C1-FUSED-EQUIV-001,GOLD-MODEL-C1-B6-R00523,6,54,-11.523879,-11.523879,5.120849522199933e-08,4.4436856046474736e-09
EXP-EMBED-C1-FUSED-EQUIV-001,GOLD-MODEL-C1-B6-R00523,6,55,-26.415164,-26.415165,9.475097648703468e-07,3.586991793313669e-08
EXP-EMBED-C1-FUSED-EQUIV-001,GOLD-MODEL-C1-B6-R00523,6,56,30302.7222,30302.723,0.0004562499998428393,1.5056403079286366e-08
EXP-EMBED-C1-FUSED-EQUIV-001,GOLD-MODEL-C1-B6-R00523,6,57,6.148428,6.148428,3.674316406687694e-08,5.976025752741505e-09
EXP-EMBED-C1-FUSED-EQUIV-001,GOLD-MODEL-C1-B6-R00523,6,58,10.988996,10.988996,4.479370119270243e-07,4.0762323685168715e-08
EXP-EMBED-C1-FUSED-EQUIV-001,GOLD-MODEL-C1-B6-R00523,6,59,22.013773,22.013773,3.552246141680371e-08,1.6136471206822978e-09
EXP-EMBED-C1-FUSED-EQUIV-001,GOLD-MODEL-C1-B6-R00523,6,60,29.326914,29.326914,1.663818345321033e-07,5.673349556387123e-09
EXP-EMBED-C1-FUSED-EQUIV-001,GOLD-MODEL-C1-B6-R00523,6,61,-7.505399,-7.505399,2.2714233427478803e-07,3.026385862694149e-08
EXP-EMBED-C1-FUSED-EQUIV-001,GOLD-MODEL-C1-B6-R00523,6,62,-12.765335,-12.765335,8.300781217940312e-08,6.502595676447435e-09
EXP-EMBED-C1-FUSED-EQUIV-001,GOLD-MODEL-C1-B6-R00523,6,63,-30.257551,-30.257551,1.9323730526821237e-07,6.38641591542595e-09
EXP-EMBED-C1-FUSED-EQUIV-001,GOLD-MODEL-C1-B6-R00523,6,64,47349.8521,47349.85,0.0005374999964260496,1.1351672129637965e-08
EXP-EMBED-C1-FUSED-EQUIV-001,GOLD-MODEL-C1-B6-R00523,6,65,7.148979,7.148979,1.8701171899948577e-07,2.6159220638287756e-08
EXP-EMBED-C1-FUSED-EQUIV-001,GOLD-MODEL-C1-B6-R00523,6,66,12.094134,12.094134,3.3074951133471586e-07,2.7347928453142313e-08
EXP-EMBED-C1-FUSED-EQUIV-001,GOLD-MODEL-C1-B6-R00523,6,67,16.58759,16.58759,7.360839830994337e-07,4.4375583378865386e-08
EXP-EMBED-C1-FUSED-EQUIV-001,GOLD-MODEL-C1-B6-R00523,6,68,23.620199,23.6202,2.034912114368126e-07,8.615135352450358e-09
EXP-EMBED-C1-FUSED-EQUIV-001,GOLD-MODEL-C1-B6-R00523,6,69,-8.412133,-8.412133,2.168579094075085e-07,2.5779182213061593e-08
EXP-EMBED-C1-FUSED-EQUIV-001,GOLD-MODEL-C1-B6-R00523,6,70,-11.334685,-11.334685,3.2562255825041575e-07,2.872797596496204e-08
EXP-EMBED-C1-FUSED-EQUIV-001,GOLD-MODEL-C1-B6-R00523,6,71,-29.836674,-29.836674,2.6342773296050837e-07,8.828991226049806e-09
EXP-EMBED-C1-FUSED-EQUIV-001,GOLD-MODEL-C1-B6-R00523,6,72,36190.4126,36190.414,0.0014624999967054464,4.0411255126321665e-08
EXP-EMBED-C1-FUSED-EQUIV-001,GOLD-MODEL-C1-B6-R00523,6,73,5.985653,5.985653,7.641601573737944e-08,1.2766529522740366e-08
EXP-EMBED-C1-FUSED-EQUIV-001,GOLD-MODEL-C1-B6-R00523,6,74,8.476826,8.476826,2.858886727352683e-07,3.372591023282397e-08
EXP-EMBED-C1-FUSED-EQUIV-001,GOLD-MODEL-C1-B6-R00523,6,75,11.40565,11.40565,1.3885498084675874e-07,1.2174227759641822e-08
EXP-EMBED-C1-FUSED-EQUIV-001,GOLD-MODEL-C1-B6-R00523,6,76,16.135194,16.135195,7.784423843304467e-07,4.8244996888816254e-08
EXP-EMBED-C1-FUSED-EQUIV-001,GOLD-MODEL-C1-B6-R00523,6,77,-5.959705,-5.959705,1.240539546643049e-07,2.0815452218575403e-08
EXP-EMBED-C1-FUSED-EQUIV-001,GOLD-MODEL-C1-B6-R00523,6,78,-8.077181,-8.077181,1.375732416875053e-07,1.703233364307489e-08
EXP-EMBED-C1-FUSED-EQUIV-001,GOLD-MODEL-C1-B6-R00523,6,79,-20.643549,-20.643549,3.4545898586202384e-08,1.6734476511864497e-09
EXP-EMBED-C1-FUSED-EQUIV-001,GOLD-MODEL-C1-B6-R00523,6,80,28041.7168,28041.717,3.1249983294401318e-06,1.1144104876774634e-10
EXP-EMBED-C1-FUSED-EQUIV-001,GOLD-MODEL-C1-B6-R00523,6,81,6.273483,6.273483,2.0046997040168435e-07,3.195513089007882e-08
EXP-EMBED-C1-FUSED-EQUIV-001,GOLD-MODEL-C1-B6-R00523,6,82,8.24659,8.24659,3.3935546817076556e-07,4.1151005224070265e-08
EXP-EMBED-C1-FUSED-EQUIV-001,GOLD-MODEL-C1-B6-R00523,6,83,12.490176,12.490176,2.0086669927366074e-07,1.6081975087753828e-08
EXP-EMBED-C1-FUSED-EQUIV-001,GOLD-MODEL-C1-B6-R00523,6,84,16.24177,16.24177,2.0935058486770686e-07,1.2889641022358209e-08
EXP-EMBED-C1-FUSED-EQUIV-001,GOLD-MODEL-C1-B6-R00523,6,85,-6.06502,-6.06502,8.438110388198083e-08,1.3912749485076858e-08
EXP-EMBED-C1-FUSED-EQUIV-001,GOLD-MODEL-C1-B6-R00523,6,86,-8.879994,-8.879994,3.923950195883208e-07,4.4188658189219586e-08
EXP-EMBED-C1-FUSED-EQUIV-001,GOLD-MODEL-C1-B6-R00523,6,87,-19.411718,-19.411718,3.685302729650175e-07,1.8984938528625726e-08
EXP-EMBED-C1-FUSED-EQUIV-001,GOLD-MODEL-C1-B6-R00523,6,88,21907.0059,21907.006,4.0625000110594556e-05,1.8544295964513597e-09
EXP-EMBED-C1-FUSED-EQUIV-001,GOLD-MODEL-C1-B6-R00523,6,89,6.066748,6.066748,1.4224243205518405e-07,2.344624040015904e-08
EXP-EMBED-C1-FUSED-EQUIV-001,GOLD-MODEL-C1-B6-R00523,6,90,6.454084,6.454084,8.047485344775396e-08,1.2468826474485606e-08
EXP-EMBED-C1-FUSED-EQUIV-001,GOLD-MODEL-C1-B6-R00523,6,91,9.932549,9.932549,4.7662353530597557e-07,4.798602406149474e-08
EXP-EMBED-C1-FUSED-EQUIV-001,GOLD-MODEL-C1-B6-R00523,6,92,12.60375,12.60375,2.2888183615066282e-07,1.8159820382875162e-08
EXP-EMBED-C1-FUSED-EQUIV-001,GOLD-MODEL-C1-B6-R00523,6,93,-4.787652,-4.787652,1.568603558155246e-08,3.276352496286794e-09
EXP-EMBED-C1-FUSED-EQUIV-001,GOLD-MODEL-C1-B6-R00523,6,94,-6.858342,-6.858342,1.7071533164880748e-07,2.489163294114051e-08
EXP-EMBED-C1-FUSED-EQUIV-001,GOLD-MODEL-C1-B6-R00523,6,95,-13.851972,-13.851972,3.737182616703194e-07,2.6979426587804208e-08
EXP-EMBED-C1-FUSED-EQUIV-001,GOLD-MODEL-C1-B6-R00523,6,96,6329.6975,6329.6973,0.00023437500021827873,3.7027835882880456e-08
EXP-EMBED-C1-FUSED-EQUIV-001,GOLD-MODEL-C1-B6-R00523,6,97,3.31478,3.31478,3.128051595524539e-09,9.436679343801215e-10
EXP-EMBED-C1-FUSED-EQUIV-001,GOLD-MODEL-C1-B6-R00523,6,98,2.492792,2.492792,1.0890197765789367e-07,4.368674869700066e-08
EXP-EMBED-C1-FUSED-EQUIV-001,GOLD-MODEL-C1-B6-R00523,6,99,6.896985,6.896985,5.4016113359978135e-08,7.8318444015723e-09
EXP-EMBED-C1-FUSED-EQUIV-001,GOLD-MODEL-C1-B6-R00523,6,100,9.995416,9.995416,3.124389653663684e-07,3.125822530711762e-08
EXP-EMBED-C1-FUSED-EQUIV-001,GOLD-MODEL-C1-B6-R00523,6,101,-1.42772,-1.42772,4.932403574464672e-08,3.454741528076004e-08
EXP-EMBED-C1-FUSED-EQUIV-001,GOLD-MODEL-C1-B6-R00523,6,102,-2.436503,-2.436503,6.649780281975382e-08,2.729231313064413e-08
EXP-EMBED-C1-FUSED-EQUIV-001,GOLD-MODEL-C1-B6-R00523,6,103,-5.028976,-5.028976,3.640747081590234e-08,7.2395395833868255e-09
EXP-EMBED-C1-FUSED-EQUIV-001,GOLD-MODEL-C1-B6-R00523,6,104,6490.2788,6490.279,8.593749953433871e-06,1.3240956541703372e-09
EXP-EMBED-C1-FUSED-EQUIV-001,GOLD-MODEL-C1-B6-R00523,6,105,3.355966,3.355966,9.115600585474226e-08,2.7162374664922785e-08
EXP-EMBED-C1-FUSED-EQUIV-001,GOLD-MODEL-C1-B6-R00523,6,106,2.550796,2.550796,3.195190423355143e-08,1.2526248368568648e-08
EXP-EMBED-C1-FUSED-EQUIV-001,GOLD-MODEL-C1-B6-R00523,6,107,6.769439,6.769439,2.2042846659076076e-07,3.256229454032465e-08
EXP-EMBED-C1-FUSED-EQUIV-001,GOLD-MODEL-C1-B6-R00523,6,108,9.601079,9.601079,1.2878418331752073e-08,1.3413511472775167e-09
EXP-EMBED-C1-FUSED-EQUIV-001,GOLD-MODEL-C1-B6-R00523,6,109,-1.435036,-1.435036,5.60150146267091e-08,3.9033874151386516e-08
EXP-EMBED-C1-FUSED-EQUIV-001,GOLD-MODEL-C1-B6-R00523,6,110,-2.323179,-2.323179,6.57653798086244e-09,2.8308356699429705e-09
EXP-EMBED-C1-FUSED-EQUIV-001,GOLD-MODEL-C1-B6-R00523,6,111,-4.587781,-4.587781,4.75463863836012e-08,1.0363700094577576e-08
EXP-EMBED-C1-FUSED-EQUIV-001,GOLD-MODEL-C1-B6-R00523,6,112,34660.5029,34660.504,0.0010062500005005859,2.9031604169268587e-08
EXP-EMBED-C1-FUSED-EQUIV-001,GOLD-MODEL-C1-B6-R00523,6,113,6.749551,6.749551,1.8060302764411063e-07,2.675778398357322e-08
EXP-EMBED-C1-FUSED-EQUIV-001,GOLD-MODEL-C1-B6-R00523,6,114,11.290299,11.290299,4.155883797096749e-07,3.6809333367493184e-08
EXP-EMBED-C1-FUSED-EQUIV-001,GOLD-MODEL-C1-B6-R00523,6,115,19.745717,19.745716,9.050292959500439e-07,4.583420779048155e-08
EXP-EMBED-C1-FUSED-EQUIV-001,GOLD-MODEL-C1-B6-R00523,6,116,23.677701,23.677702,9.500732431888537e-07,4.012523188754067e-08
EXP-EMBED-C1-FUSED-EQUIV-001,GOLD-MODEL-C1-B6-R00523,6,117,-8.285488,-8.285488,1.2866210852280346e-07,1.552860960305578e-08
EXP-EMBED-C1-FUSED-EQUIV-001,GOLD-MODEL-C1-B6-R00523,6,118,-12.622249,-12.622249,3.5040283208331857e-07,2.7760728859280037e-08
EXP-EMBED-C1-FUSED-EQUIV-001,GOLD-MODEL-C1-B6-R00523,6,119,-24.496754,-24.496754,3.0737304612671323e-07,1.254750103326805e-08
EXP-EMBED-C1-FUSED-EQUIV-001,GOLD-MODEL-C1-B6-R00523,6,120,29782.6733,29782.674,0.0005281250014377292,1.7732625816290618e-08
EXP-EMBED-C1-FUSED-EQUIV-001,GOLD-MODEL-C1-B6-R00523,6,121,6.569626,6.569626,1.455078129097842e-07,2.214856871757756e-08
EXP-EMBED-C1-FUSED-EQUIV-001,GOLD-MODEL-C1-B6-R00523,6,122,10.073796,10.073796,2.7227783228056524e-07,2.702832500088003e-08
EXP-EMBED-C1-FUSED-EQUIV-001,GOLD-MODEL-C1-B6-R00523,6,123,17.961353,17.961353,3.0200195411111963e-07,1.6813986903498843e-08
EXP-EMBED-C1-FUSED-EQUIV-001,GOLD-MODEL-C1-B6-R00523,6,124,21.096133,21.096132,7.215576154351311e-07,3.4203311831373606e-08
EXP-EMBED-C1-FUSED-EQUIV-001,GOLD-MODEL-C1-B6-R00523,6,125,-7.075878,-7.075878,1.4331054654093123e-07,2.0253394213542293e-08
EXP-EMBED-C1-FUSED-EQUIV-001,GOLD-MODEL-C1-B6-R00523,6,126,-11.14567,-11.14567,6.286621179185659e-08,5.64041567638882e-09
EXP-EMBED-C1-FUSED-EQUIV-001,GOLD-MODEL-C1-B6-R00523,6,127,-21.446659,-21.44666,8.813476526370323e-08,4.109486949165519e-09
EXP-EMBED-C1-FUSED-EQUIV-001,GOLD-MODEL-C1-B6-R00677,6,0,80032.5898,80032.586,0.0038625000015599653,4.826158957510038e-08
EXP-EMBED-C1-FUSED-EQUIV-001,GOLD-MODEL-C1-B6-R00677,6,1,4.0142,4.0142,2.1057128929413693e-07,5.245660138860469e-08
EXP-EMBED-C1-FUSED-EQUIV-001,GOLD-MODEL-C1-B6-R00677,6,2,24.461101,24.461102,5.319824225580305e-07,2.1748098033609793e-08
EXP-EMBED-C1-FUSED-EQUIV-001,GOLD-MODEL-C1-B6-R00677,6,3,38.007113,38.007114,1.4104003938086862e-06,3.71088536455975e-08
EXP-EMBED-C1-FUSED-EQUIV-001,GOLD-MODEL-C1-B6-R00677,6,4,60.350186,60.350185,6.057128913994347e-07,1.0036636695691953e-08
EXP-EMBED-C1-FUSED-EQUIV-001,GOLD-MODEL-C1-B6-R00677,6,5,-20.056225,-20.056225,1.770019544267143e-07,8.82528763148171e-09
EXP-EMBED-C1-FUSED-EQUIV-001,GOLD-MODEL-C1-B6-R00677,6,6,-28.967571,-28.967571,2.585449223602154e-07,8.925322815648417e-09
EXP-EMBED-C1-FUSED-EQUIV-001,GOLD-MODEL-C1-B6-R00677,6,7,-92.341872,-92.34187,1.1689453174312803e-06,1.2658886939516239e-08
EXP-EMBED-C1-FUSED-EQUIV-001,GOLD-MODEL-C1-B6-R00677,6,8,63054.4609,63054.46,3.7500001781154424e-05,5.947240091486442e-10
EXP-EMBED-C1-FUSED-EQUIV-001,GOLD-MODEL-C1-B6-R00677,6,9,3.248087,3.248087,7.06787108839535e-08,2.1760103988579585e-08
EXP-EMBED-C1-FUSED-EQUIV-001,GOLD-MODEL-C1-B6-R00677,6,10,19.650531,19.650532,7.68798827266437e-07,3.9123565020529826e-08
EXP-EMBED-C1-FUSED-EQUIV-001,GOLD-MODEL-C1-B6-R00677,6,11,30.928504,30.928505,9.438476560319486e-07,3.051708081425305e-08
EXP-EMBED-C1-FUSED-EQUIV-001,GOLD-MODEL-C1-B6-R00677,6,12,57.044022,57.04402,3.935546857292138e-07,6.899139856043353e-09
EXP-EMBED-C1-FUSED-EQUIV-001,GOLD-MODEL-C1-B6-R00677,6,13,-16.470623,-16.470623,1.635742208350166e-08,9.931271017193255e-10
EXP-EMBED-C1-FUSED-EQUIV-001,GOLD-MODEL-C1-B6-R00677,6,14,-24.769738,-24.769737,7.563476565053406e-07,3.053514964531884e-08
EXP-EMBED-C1-FUSED-EQUIV-001,GOLD-MODEL-C1-B6-R00677,6,15,-66.503208,-66.503204,3.6542968757657945e-06,5.494918193669386e-08
EXP-EMBED-C1-FUSED-EQUIV-001,GOLD-MODEL-C1-B6-R00677,6,16,20026.1646,20026.164,0.0005375000000640284,2.683988725749455e-08
EXP-EMBED-C1-FUSED-EQUIV-001,GOLD-MODEL-C1-B6-R00677,6,17,3.906447,3.906447,6.625366211210348e-08,1.6960082169834504e-08
EXP-EMBED-C1-FUSED-EQUIV-001,GOLD-MODEL-C1-B6-R00677,6,18,6.778766,6.778766,1.5524291985258287e-07,2.290135400050435e-08
EXP-EMBED-C1-FUSED-EQUIV-001,GOLD-MODEL-C1-B6-R00677,6,19,12.840689,12.840689,2.9455566341596295e-07,2.2939241298964797e-08
EXP-EMBED-C1-FUSED-EQUIV-001,GOLD-MODEL-C1-B6-R00677,6,20,17.471886,17.471886,3.1884765760992195e-07,1.824918372349281e-08
EXP-EMBED-C1-FUSED-EQUIV-001,GOLD-MODEL-C1-B6-R00677,6,21,-5.337213,-5.337213,3.939819315235127e-08,7.381791424166745e-09
EXP-EMBED-C1-FUSED-EQUIV-001,GOLD-MODEL-C1-B6-R00677,6,22,-8.39968,-8.39968,1.3763427730850708e-07,1.6385657228430974e-08
EXP-EMBED-C1-FUSED-EQUIV-001,GOLD-MODEL-C1-B6-R00677,6,23,-19.53182,-19.53182,2.972412112001166e-07,1.5218305882407097e-08
EXP-EMBED-C1-FUSED-EQUIV-001,GOLD-MODEL-C1-B6-R00677,6,24,20246.3818,20246.38,0.000940624999202555,4.645891836350508e-08
EXP-EMBED-C1-FUSED-EQUIV-001,GOLD-MODEL-C1-B6-R00677,6,25,3.760658,3.760658,2.5741577314164488e-08,6.844966310194782e-09
EXP-EMBED-C1-FUSED-EQUIV-001,GOLD-MODEL-C1-B6-R00677,6,26,6.831162,6.831162,2.4139404253276098e-08,3.5337186050156763e-09
EXP-EMBED-C1-FUSED-EQUIV-001,GOLD-MODEL-C1-B6-R00677,6,27,12.753386,12.753386,4.561767585897769e-07,3.576907015829183e-08
EXP-EMBED-C1-FUSED-EQUIV-001,GOLD-MODEL-C1-B6-R00677,6,28,19.670983,19.670982,6.391601559130322e-07,3.249253765879581e-08
EXP-EMBED-C1-FUSED-EQUIV-001,GOLD-MODEL-C1-B6-R00677,6,29,-5.348364,-5.348364,1.2365722668050694e-07,2.31205704549105e-08
EXP-EMBED-C1-FUSED-EQUIV-001,GOLD-MODEL-C1-B6-R00677,6,30,-8.341306,-8.341306,2.6727294866191187e-07,3.204209852293057e-08
EXP-EMBED-C1-FUSED-EQUIV-001,GOLD-MODEL-C1-B6-R00677,6,31,-20.514405,-20.514404,7.031250000011369e-07,3.427469624398743e-08
EXP-EMBED-C1-FUSED-EQUIV-001,GOLD-MODEL-C1-B6-R00677,6,32,3226.8813,3226.8813,4.765624998981366e-05,1.4768516582811292e-08
EXP-EMBED-C1-FUSED-EQUIV-001,GOLD-MODEL-C1-B6-R00677,6,33,2.330439,2.330439,9.072875961635418e-08,3.893204654417222e-08
EXP-EMBED-C1-FUSED-EQUIV-001,GOLD-MODEL-C1-B6-R00677,6,34,1.367759,1.367759,1.0665893501737855e-08,7.798079560608159e-09
EXP-EMBED-C1-FUSED-EQUIV-001,GOLD-MODEL-C1-B6-R00677,6,35,3.376683,3.376683,3.2501219493497047e-09,9.625191199024914e-10
EXP-EMBED-C1-FUSED-EQUIV-001,GOLD-MODEL-C1-B6-R00677,6,36,6.349372,6.349372,8.990478495007892e-08,1.4159634204781028e-08
EXP-EMBED-C1-FUSED-EQUIV-001,GOLD-MODEL-C1-B6-R00677,6,37,-0.888972,-0.888972,1.5613555892635134e-08,1.7563608181849522e-08
EXP-EMBED-C1-FUSED-EQUIV-001,GOLD-MODEL-C1-B6-R00677,6,38,-1.765333,-1.765333,5.64498900956778e-08,3.197690752717918e-08
EXP-EMBED-C1-FUSED-EQUIV-001,GOLD-MODEL-C1-B6-R00677,6,39,-4.961831,-4.961831,9.283447255370447e-08,1.870972077720996e-08
EXP-EMBED-C1-FUSED-EQUIV-001,GOLD-MODEL-C1-B6-R00677,6,40,3151.6292,3151.6292,4.9609374855208443e-05,1.5740866614387393e-08
EXP-EMBED-C1-FUSED-EQUIV-001,GOLD-MODEL-C1-B6-R00677,6,41,2.238525,2.238525,8.62121583011799e-08,3.851293074733581e-08
EXP-EMBED-C1-FUSED-EQUIV-001,GOLD-MODEL-C1-B6-R00677,6,42,1.298893,1.298893,2.5146484450289108e-08,1.9359935306671996e-08
EXP-EMBED-C1-FUSED-EQUIV-001,GOLD-MODEL-C1-B6-R00677,6,43,3.359361,3.359361,6.66961668116528e-08,1.9853825418480718e-08
EXP-EMBED-C1-FUSED-EQUIV-001,GOLD-MODEL-C1-B6-R00677,6,44,5.734177,5.734177,1.1257934584563145e-07,1.9633043389771794e-08
EXP-EMBED-C1-FUSED-EQUIV-001,GOLD-MODEL-C1-B6-R00677,6,45,-0.861005,-0.861005,8.220672587100353e-09,9.547764051428682e-09
EXP-EMBED-C1-FUSED-EQUIV-001,GOLD-MODEL-C1-B6-R00677,6,46,-1.62689,-1.62689,5.592346186134023e-08,3.4374457929755684e-08
EXP-EMBED-C1-FUSED-EQUIV-001,GOLD-MODEL-C1-B6-R00677,6,47,-5.506058,-5.506058,2.1609497036223502e-07,3.924676608241958e-08
EXP-EMBED-C1-FUSED-EQUIV-001,GOLD-MODEL-C1-B6-R00677,6,48,27157.1436,27157.145,0.0009312500005762558,3.429116162924645e-08
EXP-EMBED-C1-FUSED-EQUIV-001,GOLD-MODEL-C1-B6-R00677,6,49,4.132433,4.132433,6.23779294883775e-08,1.5094722525054248e-08
EXP-EMBED-C1-FUSED-EQUIV-001,GOLD-MODEL-C1-B6-R00677,6,50,10.75645,10.75645,3.005981437098626e-07,2.7945850509216573e-08
EXP-EMBED-C1-FUSED-EQUIV-001,GOLD-MODEL-C1-B6-R00677,6,51,21.634729,21.63473,3.853759764638198e-07,1.7812840478095188e-08
EXP-EMBED-C1-FUSED-EQUIV-001,GOLD-MODEL-C1-B6-R00677,6,52,30.086434,30.086433,5.893554693159331e-07,1.95887445257199e-08
EXP-EMBED-C1-FUSED-EQUIV-001,GOLD-MODEL-C1-B6-R00677,6,53,-7.756887,-7.756887,4.092407213107663e-08,5.2758370891669074e-09
EXP-EMBED-C1-FUSED-EQUIV-001,GOLD-MODEL-C1-B6-R00677,6,54,-13.404999,-13.404999,2.20703125108912e-07,1.646424032623292e-08
EXP-EMBED-C1-FUSED-EQUIV-001,GOLD-MODEL-C1-B6-R00677,6,55,-29.85026,-29.85026,2.1911620962100642e-07,7.340512599253957e-09
EXP-EMBED-C1-FUSED-EQUIV-001,GOLD-MODEL-C1-B6-R00677,6,56,28298.5869,28298.586,0.0009624999984225724,3.4012298982412175e-08
EXP-EMBED-C1-FUSED-EQUIV-001,GOLD-MODEL-C1-B6-R00677,6,57,4.12427,4.12427,3.768920908697737e-08,9.138395179505069e-09
EXP-EMBED-C1-FUSED-EQUIV-001,GOLD-MODEL-C1-B6-R00677,6,58,11.186509,11.186509,1.3238525475856022e-07,1.183436716124398e-08
EXP-EMBED-C1-FUSED-EQUIV-001,GOLD-MODEL-C1-B6-R00677,6,59,23.605541,23.605541,2.2924804810031674e-07,9.711620170040447e-09
EXP-EMBED-C1-FUSED-EQUIV-001,GOLD-MODEL-C1-B6-R00677,6,60,33.202971,33.202972,1.4121093769858817e-06,4.2529609081846374e-08
EXP-EMBED-C1-FUSED-EQUIV-001,GOLD-MODEL-C1-B6-R00677,6,61,-8.19533,-8.19533,3.3386230491316837e-07,4.0738116087231186e-08
EXP-EMBED-C1-FUSED-EQUIV-001,GOLD-MODEL-C1-B6-R00677,6,62,-14.261984,-14.261984,1.2854003905715672e-07,9.012774033203005e-09
EXP-EMBED-C1-FUSED-EQUIV-001,GOLD-MODEL-C1-B6-R00677,6,63,-33.089308,-33.08931,1.6923828098924787e-06,5.114591123792853e-08
EXP-EMBED-C1-FUSED-EQUIV-001,GOLD-MODEL-C1-B6-R00677,6,64,63449.6601,63449.66,5.624999903375283e-05,8.865295565823343e-10
EXP-EMBED-C1-FUSED-EQUIV-001,GOLD-MODEL-C1-B6-R00677,6,65,3.765663,3.765663,9.144592283405473e-08,2.4284149387253913e-08
EXP-EMBED-C1-FUSED-EQUIV-001,GOLD-MODEL-C1-B6-R00677,6,66,18.671633,18.671633,2.3327636711201194e-07,1.2493624264787764e-08
EXP-EMBED-C1-FUSED-EQUIV-001,GOLD-MODEL-C1-B6-R00677,6,67,27.157987,27.157988,5.946044936422368e-07,2.1894277128943203e-08
EXP-EMBED-C1-FUSED-EQUIV-001,GOLD-MODEL-C1-B6-R00677,6,68,42.435791,42.43579,1.5624998184193828e-08,3.682032976407539e-10
EXP-EMBED-C1-FUSED-EQUIV-001,GOLD-MODEL-C1-B6-R00677,6,69,-13.933333,-13.933333,3.969116217916735e-07,2.8486480714389982e-08
EXP-EMBED-C1-FUSED-EQUIV-001,GOLD-MODEL-C1-B6-R00677,6,70,-19.058477,-19.058477,4.017333985473215e-07,2.107898750499956e-08
EXP-EMBED-C1-FUSED-EQUIV-001,GOLD-MODEL-C1-B6-R00677,6,71,-58.695761,-58.695763,1.6342773463406957e-06,2.784319205505651e-08
EXP-EMBED-C1-FUSED-EQUIV-001,GOLD-MODEL-C1-B6-R00677,6,72,51675.9278,51675.93,0.001887500002339948,3.652571095859353e-08
EXP-EMBED-C1-FUSED-EQUIV-001,GOLD-MODEL-C1-B6-R00677,6,73,3.810518,3.810518,2.6351928639201105e-08,6.915576475219669e-09
EXP-EMBED-C1-FUSED-EQUIV-001,GOLD-MODEL-C1-B6-R00677,6,74,13.719456,13.719456,2.810058585822617e-07,2.0482288698783808e-08
EXP-EMBED-C1-FUSED-EQUIV-001,GOLD-MODEL-C1-B6-R00677,6,75,19.355472,19.355473,5.646972667250338e-07,2.9175070839142227e-08
EXP-EMBED-C1-FUSED-EQUIV-001,GOLD-MODEL-C1-B6-R00677,6,76,30.301494,30.301495,5.983886701699248e-07,1.9747827290955513e-08
EXP-EMBED-C1-FUSED-EQUIV-001,GOLD-MODEL-C1-B6-R00677,6,77,-10.922069,-10.922069,4.04113770002823e-07,3.6999745195056264e-08
EXP-EMBED-C1-FUSED-EQUIV-001,GOLD-MODEL-C1-B6-R00677,6,78,-14.780522,-14.780522,3.464965825372701e-07,2.3442783856840114e-08
EXP-EMBED-C1-FUSED-EQUIV-001,GOLD-MODEL-C1-B6-R00677,6,79,-41.535303,-41.5353,1.79150390522409e-06,4.313207743360124e-08
EXP-EMBED-C1-FUSED-EQUIV-001,GOLD-MODEL-C1-B6-R00677,6,80,25359.0351,25359.035,5.624999903375283e-05,2.2181442949993326e-09
EXP-EMBED-C1-FUSED-EQUIV-001,GOLD-MODEL-C1-B6-R00677,6,81,4.16981,4.16981,1.817321777508596e-07,4.358284376287159e-08
EXP-EMBED-C1-FUSED-EQUIV-001,GOLD-MODEL-C1-B6-R00677,6,82,8.28711,8.28711,3.2867431620786647e-07,3.966090907540342e-08
EXP-EMBED-C1-FUSED-EQUIV-001,GOLD-MODEL-C1-B6-R00677,6,83,13.712626,13.712626,4.572143552650232e-07,3.334258188511983e-08
EXP-EMBED-C1-FUSED-EQUIV-001,GOLD-MODEL-C1-B6-R00677,6,84,17.108656,17.108656,7.043457017630317e-08,4.116896743747912e-09
EXP-EMBED-C1-FUSED-EQUIV-001,GOLD-MODEL-C1-B6-R00677,6,85,-6.395277,-6.395277,2.3315429587000835e-08,3.6457263050530628e-09
EXP-EMBED-C1-FUSED-EQUIV-001,GOLD-MODEL-C1-B6-R00677,6,86,-9.560504,-9.560504,4.0344238172451696e-08,4.2198861244607705e-09
EXP-EMBED-C1-FUSED-EQUIV-001,GOLD-MODEL-C1-B6-R00677,6,87,-18.624203,-18.624203,2.717285170206196e-07,1.4590074915990746e-08
EXP-EMBED-C1-FUSED-EQUIV-001,GOLD-MODEL-C1-B6-R00677,6,88,20704.9038,20704.904,0.0004968749999534339,2.399793810939773e-08
EXP-EMBED-C1-FUSED-EQUIV-001,GOLD-MODEL-C1-B6-R00677,6,89,4.057328,4.057328,2.2418212886066158e-07,5.525363708841424e-08
EXP-EMBED-C1-FUSED-EQUIV-001,GOLD-MODEL-C1-B6-R00677,6,90,6.894717,6.894717,2.164916992342114e-07,3.139964979479381e-08
EXP-EMBED-C1-FUSED-EQUIV-001,GOLD-MODEL-C1-B6-R00677,6,91,11.912557,11.912557,3.5174560508721697e-07,2.952729670776954e-08
EXP-EMBED-C1-FUSED-EQUIV-001,GOLD-MODEL-C1-B6-R00677,6,92,15.707194,15.707194,3.283081060345694e-07,2.0901766797721438e-08
EXP-EMBED-C1-FUSED-EQUIV-001,GOLD-MODEL-C1-B6-R00677,6,93,-5.350954,-5.350954,5.5786133046353825e-08,1.0425455544255066e-08
EXP-EMBED-C1-FUSED-EQUIV-001,GOLD-MODEL-C1-B6-R00677,6,94,-7.926644,-7.926644,1.5158081012600633e-07,1.912294914796304e-08
EXP-EMBED-C1-FUSED-EQUIV-001,GOLD-MODEL-C1-B6-R00677,6,95,-15.370755,-15.370755,1.9561767494735705e-07,1.272661459683386e-08
EXP-EMBED-C1-FUSED-EQUIV-001,GOLD-MODEL-C1-B6-R00677,6,96,6586.6428,6586.6426,0.0002218749996245606,3.368559771065172e-08
EXP-EMBED-C1-FUSED-EQUIV-001,GOLD-MODEL-C1-B6-R00677,6,97,2.746872,2.746872,5.175781270239099e-08,1.884245523722656e-08
EXP-EMBED-C1-FUSED-EQUIV-001,GOLD-MODEL-C1-B6-R00677,6,98,2.791255,2.791255,2.7465820728878043e-09,9.839953973706467e-10
EXP-EMBED-C1-FUSED-EQUIV-001,GOLD-MODEL-C1-B6-R00677,6,99,7.697899,7.697899,1.3525390585300556e-07,1.7570236483098254e-08
EXP-EMBED-C1-FUSED-EQUIV-001,GOLD-MODEL-C1-B6-R00677,6,100,10.684904,10.684904,9.851074267430704e-08,9.219618882332218e-09
EXP-EMBED-C1-FUSED-EQUIV-001,GOLD-MODEL-C1-B6-R00677,6,101,-1.720593,-1.720593,2.438354496092643e-08,1.4171593724330175e-08
EXP-EMBED-C1-FUSED-EQUIV-001,GOLD-MODEL-C1-B6-R00677,6,102,-2.928809,-2.928809,7.246398947557964e-08,2.474179418172357e-08
EXP-EMBED-C1-FUSED-EQUIV-001,GOLD-MODEL-C1-B6-R00677,6,103,-5.872266,-5.872266,1.8426513648250875e-07,3.137888107972438e-08
EXP-EMBED-C1-FUSED-EQUIV-001,GOLD-MODEL-C1-B6-R00677,6,104,6398.9519,6398.9517,0.00023984375002328306,3.748172415912097e-08
EXP-EMBED-C1-FUSED-EQUIV-001,GOLD-MODEL-C1-B6-R00677,6,105,2.665439,2.665439,1.0954284679343118e-07,4.109748780348422e-08
EXP-EMBED-C1-FUSED-EQUIV-001,GOLD-MODEL-C1-B6-R00677,6,106,2.589301,2.589301,1.093139649910313e-07,4.221755793978039e-08
EXP-EMBED-C1-FUSED-EQUIV-001,GOLD-MODEL-C1-B6-R00677,6,107,6.933304,6.933304,1.6699218718940756e-07,2.4085513514106345e-08
EXP-EMBED-C1-FUSED-EQUIV-001,GOLD-MODEL-C1-B6-R00677,6,108,10.014791,10.014791,4.6502685613347694e-07,4.643400507643913e-08
EXP-EMBED-C1-FUSED-EQUIV-001,GOLD-MODEL-C1-B6-R00677,6,109,-1.636605,-1.636605,2.433776846721969e-08,1.4870887274094659e-08
EXP-EMBED-C1-FUSED-EQUIV-001,GOLD-MODEL-C1-B6-R00677,6,110,-2.656298,-2.656298,7.786560063394177e-08,2.9313578760343067e-08
EXP-EMBED-C1-FUSED-EQUIV-001,GOLD-MODEL-C1-B6-R00677,6,111,-5.308723,-5.308723,2.7130126589725023e-08,5.110480729494649e-09
EXP-EMBED-C1-FUSED-EQUIV-001,GOLD-MODEL-C1-B6-R00677,6,112,34074.3457,34074.344,0.001949999998032581,5.7227804612916785e-08
EXP-EMBED-C1-FUSED-EQUIV-001,GOLD-MODEL-C1-B6-R00677,6,113,4.722867,4.722867,1.2023925854975914e-08,2.545895502663089e-09
EXP-EMBED-C1-FUSED-EQUIV-001,GOLD-MODEL-C1-B6-R00677,6,114,13.08669,13.08669,5.096435629070584e-08,3.894365671587379e-09
EXP-EMBED-C1-FUSED-EQUIV-001,GOLD-MODEL-C1-B6-R00677,6,115,24.811004,24.811005,6.386718744977316e-07,2.574147642303115e-08
EXP-EMBED-C1-FUSED-EQUIV-001,GOLD-MODEL-C1-B6-R00677,6,116,29.590308,29.590307,7.642822268394411e-07,2.5828802689023754e-08
EXP-EMBED-C1-FUSED-EQUIV-001,GOLD-MODEL-C1-B6-R00677,6,117,-9.521335,-9.521335,3.5186767632922056e-07,3.6955708031407416e-08
EXP-EMBED-C1-FUSED-EQUIV-001,GOLD-MODEL-C1-B6-R00677,6,118,-16.139417,-16.139418,6.483154280090275e-07,4.016969311896629e-08
EXP-EMBED-C1-FUSED-EQUIV-001,GOLD-MODEL-C1-B6-R00677,6,119,-27.027856,-27.027857,8.267822266816438e-07,3.059000413061413e-08
EXP-EMBED-C1-FUSED-EQUIV-001,GOLD-MODEL-C1-B6-R00677,6,120,30264.0166,30264.016,0.0009749999990162905,3.221647714191019e-08
EXP-EMBED-C1-FUSED-EQUIV-001,GOLD-MODEL-C1-B6-R00677,6,121,4.550033,4.550033,9.249877930272987e-08,2.0329254601610555e-08
EXP-EMBED-C1-FUSED-EQUIV-001,GOLD-MODEL-C1-B6-R00677,6,122,11.685379,11.685379,2.8320313205654202e-08,2.42356822193394e-09
EXP-EMBED-C1-FUSED-EQUIV-001,GOLD-MODEL-C1-B6-R00677,6,123,22.173885,22.173885,3.4545898586202384e-07,1.5579542595355928e-08
EXP-EMBED-C1-FUSED-EQUIV-001,GOLD-MODEL-C1-B6-R00677,6,124,28.086881,28.086882,6.375732404251266e-07,2.2700037089384422e-08
EXP-EMBED-C1-FUSED-EQUIV-001,GOLD-MODEL-C1-B6-R00677,6,125,-8.352294,-8.352294,3.179931695740379e-08,3.80725546267933e-09
EXP-EMBED-C1-FUSED-EQUIV-001,GOLD-MODEL-C1-B6-R00677,6,126,-13.652168,-13.652168,2.7392578161311576e-07,2.0064636006025985e-08
EXP-EMBED-C1-FUSED-EQUIV-001,GOLD-MODEL-C1-B6-R00677,6,127,-24.898757,-24.898758,9.345703126939497e-07,3.753481801095331e-08
EXP-EMBED-C1-FUSED-EQUIV-001,GOLD-MODEL-C1-B6-R00926,6,0,35702.0527,35702.05,0.0019187500001862645,5.3743408433943196e-08
EXP-EMBED-C1-FUSED-EQUIV-001,GOLD-MODEL-C1-B6-R00926,6,1,2.637739,2.637739,5.690002424785234e-08,2.157151418235555e-08
EXP-EMBED-C1-FUSED-EQUIV-001,GOLD-MODEL-C1-B6-R00926,6,2,9.40891,9.40891,2.0233154351956273e-07,2.1504249006480317e-08
EXP-EMBED-C1-FUSED-EQUIV-001,GOLD-MODEL-C1-B6-R00926,6,3,13.760883,13.760883,3.312988283710183e-07,2.4075404781148007e-08
EXP-EMBED-C1-FUSED-EQUIV-001,GOLD-MODEL-C1-B6-R00926,6,4,28.686524,28.686523,5.62499998579824e-07,1.960851020429746e-08
EXP-EMBED-C1-FUSED-EQUIV-001,GOLD-MODEL-C1-B6-R00926,6,5,-8.254376,-8.254376,4.1143798767961925e-07,4.984483232646771e-08
EXP-EMBED-C1-FUSED-EQUIV-001,GOLD-MODEL-C1-B6-R00926,6,6,-11.356472,-11.356472,1.5380859252900336e-08,1.3543694954648183e-09
EXP-EMBED-C1-FUSED-EQUIV-001,GOLD-MODEL-C1-B6-R00926,6,7,-37.366135,-37.366135,3.564453123772182e-07,9.539260947840021e-09
EXP-EMBED-C1-FUSED-EQUIV-001,GOLD-MODEL-C1-B6-R00926,6,8,32237.5449,32237.545,2.1874999220017344e-05,6.78556611177216e-10
EXP-EMBED-C1-FUSED-EQUIV-001,GOLD-MODEL-C1-B6-R00926,6,9,2.367198,2.367198,9.582519666651024e-09,4.048043157628142e-09
EXP-EMBED-C1-FUSED-EQUIV-001,GOLD-MODEL-C1-B6-R00926,6,10,8.943374,8.943374,3.1988525428516823e-07,3.576784939164662e-08
EXP-EMBED-C1-FUSED-EQUIV-001,GOLD-MODEL-C1-B6-R00926,6,11,13.474097,13.474097,2.5189208940901153e-07,1.869454327136071e-08
EXP-EMBED-C1-FUSED-EQUIV-001,GOLD-MODEL-C1-B6-R00926,6,12,28.597869,28.59787,8.730468756823484e-07,3.052838921957256e-08
EXP-EMBED-C1-FUSED-EQUIV-001,GOLD-MODEL-C1-B6-R00926,6,13,-7.655969,-7.655969,1.4291381855713325e-07,1.8666979784940778e-08
EXP-EMBED-C1-FUSED-EQUIV-001,GOLD-MODEL-C1-B6-R00926,6,14,-10.683256,-10.683256,1.492919921020075e-07,1.3974390588600282e-08
EXP-EMBED-C1-FUSED-EQUIV-001,GOLD-MODEL-C1-B6-R00926,6,15,-36.794064,-36.794064,4.318847643958179e-07,1.1737892405574386e-08
EXP-EMBED-C1-FUSED-EQUIV-001,GOLD-MODEL-C1-B6-R00926,6,16,43645.331,43645.332,0.0010312500016880222,2.3627956944306877e-08
EXP-EMBED-C1-FUSED-EQUIV-001,GOLD-MODEL-C1-B6-R00926,6,17,7.22953,7.22953,1.423645015208308e-07,1.969208254489999e-08
EXP-EMBED-C1-FUSED-EQUIV-001,GOLD-MODEL-C1-B6-R00926,6,18,17.534682,17.534681,6.79809570414136e-07,3.876942680877452e-08
EXP-EMBED-C1-FUSED-EQUIV-001,GOLD-MODEL-C1-B6-R00926,6,19,40.552627,40.552628,5.634765614104253e-07,1.3894945977493032e-08
EXP-EMBED-C1-FUSED-EQUIV-001,GOLD-MODEL-C1-B6-R00926,6,20,48.719392,48.71939,1.130859374143256e-06,2.3211688974756826e-08
EXP-EMBED-C1-FUSED-EQUIV-001,GOLD-MODEL-C1-B6-R00926,6,21,-11.583408,-11.583408,3.557128902542672e-07,3.07088285463369e-08
EXP-EMBED-C1-FUSED-EQUIV-001,GOLD-MODEL-C1-B6-R00926,6,22,-18.677162,-18.677162,1.704101570965122e-07,9.12398559783934e-09
EXP-EMBED-C1-FUSED-EQUIV-001,GOLD-MODEL-C1-B6-R00926,6,23,-41.775113,-41.775112,8.479003881234348e-07,2.0296782635236316e-08
EXP-EMBED-C1-FUSED-EQUIV-001,GOLD-MODEL-C1-B6-R00926,6,24,44966.1411,44966.14,0.00047500000073341653,1.0563503763355325e-08
EXP-EMBED-C1-FUSED-EQUIV-001,GOLD-MODEL-C1-B6-R00926,6,25,7.110464,7.110464,9.606933559780373e-08,1.351097981760455e-08
EXP-EMBED-C1-FUSED-EQUIV-001,GOLD-MODEL-C1-B6-R00926,6,26,17.933594,17.933594,2.499999993688107e-07,1.39403177839763e-08
EXP-EMBED-C1-FUSED-EQUIV-001,GOLD-MODEL-C1-B6-R00926,6,27,39.754468,39.754467,9.895019559280627e-07,2.4890333230671394e-08
EXP-EMBED-C1-FUSED-EQUIV-001,GOLD-MODEL-C1-B6-R00926,6,28,49.685592,49.685593,6.513671877428351e-07,1.3109780150004756e-08
EXP-EMBED-C1-FUSED-EQUIV-001,GOLD-MODEL-C1-B6-R00926,6,29,-11.790962,-11.790962,2.1923828086301e-07,1.859375688455361e-08
EXP-EMBED-C1-FUSED-EQUIV-001,GOLD-MODEL-C1-B6-R00926,6,30,-18.477331,-18.477331,1.6149902393181037e-07,8.740387014326386e-09
EXP-EMBED-C1-FUSED-EQUIV-001,GOLD-MODEL-C1-B6-R00926,6,31,-36.898312,-36.89831,3.8500976273780907e-07,1.043434623073839e-08
EXP-EMBED-C1-FUSED-EQUIV-001,GOLD-MODEL-C1-B6-R00926,6,32,2544.6045,2544.6045,7.812499916326487e-06,3.070221685266409e-09
EXP-EMBED-C1-FUSED-EQUIV-001,GOLD-MODEL-C1-B6-R00926,6,33,2.054047,2.054047,1.0769653302489246e-07,5.2431386927802745e-08
EXP-EMBED-C1-FUSED-EQUIV-001,GOLD-MODEL-C1-B6-R00926,6,34,1.037638,1.037638,5.1010131896234157e-08,4.9159853336360225e-08
EXP-EMBED-C1-FUSED-EQUIV-001,GOLD-MODEL-C1-B6-R00926,6,35,2.719082,2.719082,1.1708068825555529e-07,4.3058903061972855e-08
EXP-EMBED-C1-FUSED-EQUIV-001,GOLD-MODEL-C1-B6-R00926,6,36,5.923008,5.923008,3.491210964767788e-08,5.894320866640376e-09
EXP-EMBED-C1-FUSED-EQUIV-001,GOLD-MODEL-C1-B6-R00926,6,37,-0.696168,-0.696168,5.466461172609627e-09,7.852215517819875e-09
EXP-EMBED-C1-FUSED-EQUIV-001,GOLD-MODEL-C1-B6-R00926,6,38,-1.335929,-1.335929,3.6140441972420945e-08,2.7052666700416673e-08
EXP-EMBED-C1-FUSED-EQUIV-001,GOLD-MODEL-C1-B6-R00926,6,39,-4.584738,-4.584738,2.2229003882046072e-07,4.8484785569090476e-08
EXP-EMBED-C1-FUSED-EQUIV-001,GOLD-MODEL-C1-B6-R00926,6,40,3012.8982,3012.8982,6.640625088039087e-06,2.2040655366447782e-09
EXP-EMBED-C1-FUSED-EQUIV-001,GOLD-MODEL-C1-B6-R00926,6,41,2.191553,2.191553,1.158447267002316e-07,5.2859650987327986e-08
EXP-EMBED-C1-FUSED-EQUIV-001,GOLD-MODEL-C1-B6-R00926,6,42,1.079894,1.079894,5.335235586656495e-08,4.940517853286059e-08
EXP-EMBED-C1-FUSED-EQUIV-001,GOLD-MODEL-C1-B6-R00926,6,43,3.060454,3.060454,1.082458496171057e-07,3.536921307005618e-08
EXP-EMBED-C1-FUSED-EQUIV-001,GOLD-MODEL-C1-B6-R00926,6,44,5.569183,5.569183,1.272277829755808e-07,2.2844963610565643e-08
EXP-EMBED-C1-FUSED-EQUIV-001,GOLD-MODEL-C1-B6-R00926,6,45,-0.810761,-0.810761,2.5115966750810514e-08,3.09782620905674e-08
EXP-EMBED-C1-FUSED-EQUIV-001,GOLD-MODEL-C1-B6-R00926,6,46,-1.504053,-1.504053,3.364563072594251e-09,2.236997680663016e-09
EXP-EMBED-C1-FUSED-EQUIV-001,GOLD-MODEL-C1-B6-R00926,6,47,-5.121807,-5.121807,9.838867143230345e-08,1.92097576953414e-08
EXP-EMBED-C1-FUSED-EQUIV-001,GOLD-MODEL-C1-B6-R00926,6,48,43269.8076,43269.81,0.0009937499999068677,2.296636049536924e-08
EXP-EMBED-C1-FUSED-EQUIV-001,GOLD-MODEL-C1-B6-R00926,6,49,6.163584,6.163584,2.323303220919115e-07,3.769403030637881e-08
EXP-EMBED-C1-FUSED-EQUIV-001,GOLD-MODEL-C1-B6-R00926,6,50,19.003089,19.00309,9.047851570187504e-07,4.7612530626928623e-08
EXP-EMBED-C1-FUSED-EQUIV-001,GOLD-MODEL-C1-B6-R00926,6,51,52.624693,52.624695,1.8242187493910933e-06,3.4664691524016937e-08
EXP-EMBED-C1-FUSED-EQUIV-001,GOLD-MODEL-C1-B6-R00926,6,52,68.187694,68.18769,3.2651367121161456e-06,4.7884545151448385e-08
EXP-EMBED-C1-FUSED-EQUIV-001,GOLD-MODEL-C1-B6-R00926,6,53,-12.156813,-12.156813,3.3215331995961606e-07,2.7322401023986802e-08
EXP-EMBED-C1-FUSED-EQUIV-001,GOLD-MODEL-C1-B6-R00926,6,54,-21.740841,-21.74084,8.813476526370323e-08,4.053880218511475e-09
EXP-EMBED-C1-FUSED-EQUIV-001,GOLD-MODEL-C1-B6-R00926,6,55,-47.860543,-47.860542,7.026367185858362e-07,1.4680918237510098e-08
EXP-EMBED-C1-FUSED-EQUIV-001,GOLD-MODEL-C1-B6-R00926,6,56,47979.25,47979.25,0.0,0.0
EXP-EMBED-C1-FUSED-EQUIV-001,GOLD-MODEL-C1-B6-R00926,6,57,6.262636,6.262636,1.8469238316498604e-07,2.9491157264287124e-08
EXP-EMBED-C1-FUSED-EQUIV-001,GOLD-MODEL-C1-B6-R00926,6,58,21.142478,21.142479,9.428710932013473e-07,4.4596054123899164e-08
EXP-EMBED-C1-FUSED-EQUIV-001,GOLD-MODEL-C1-B6-R00926,6,59,57.708146,57.708145,8.583984367760422e-07,1.4874822642474812e-08
EXP-EMBED-C1-FUSED-EQUIV-001,GOLD-MODEL-C1-B6-R00926,6,60,77.468609,77.46861,3.6708984367805897e-06,4.738562476035409e-08
EXP-EMBED-C1-FUSED-EQUIV-001,GOLD-MODEL-C1-B6-R00926,6,61,-13.519932,-13.519932,2.0678711010191364e-07,1.5294981520758658e-08
EXP-EMBED-C1-FUSED-EQUIV-001,GOLD-MODEL-C1-B6-R00926,6,62,-24.045041,-24.04504,8.693847668439503e-07,3.615651006142806e-08
EXP-EMBED-C1-FUSED-EQUIV-001,GOLD-MODEL-C1-B6-R00926,6,63,-53.104001,-53.104,9.084472623044348e-07,1.7106945714023223e-08
EXP-EMBED-C1-FUSED-EQUIV-001,GOLD-MODEL-C1-B6-R00926,6,64,18412.0703,18412.07,1.2500000593718141e-05,6.789025020026207e-10
EXP-EMBED-C1-FUSED-EQUIV-001,GOLD-MODEL-C1-B6-R00926,6,65,1.982087,1.982087,1.6105651923226105e-08,8.125602924203684e-09
EXP-EMBED-C1-FUSED-EQUIV-001,GOLD-MODEL-C1-B6-R00926,6,66,3.979676,3.979676,8.224487313412965e-09,2.0666223364447166e-09
EXP-EMBED-C1-FUSED-EQUIV-001,GOLD-MODEL-C1-B6-R00926,6,67,5.219424,5.219424,2.2909545904781226e-07,4.389286232500219e-08
EXP-EMBED-C1-FUSED-EQUIV-001,GOLD-MODEL-C1-B6-R00926,6,68,11.74617,11.74617,4.394531316620487e-08,3.7412461394824755e-09
EXP-EMBED-C1-FUSED-EQUIV-001,GOLD-MODEL-C1-B6-R00926,6,69,-3.737989,-3.737989,5.117797829967685e-08,1.3691313243478473e-08
EXP-EMBED-C1-FUSED-EQUIV-001,GOLD-MODEL-C1-B6-R00926,6,70,-5.004609,-5.004609,1.0797119109895448e-07,2.1574350983054713e-08
EXP-EMBED-C1-FUSED-EQUIV-001,GOLD-MODEL-C1-B6-R00926,6,71,-17.668027,-17.668028,8.778076185933514e-07,4.968339807231172e-08
EXP-EMBED-C1-FUSED-EQUIV-001,GOLD-MODEL-C1-B6-R00926,6,72,13619.3457,13619.346,3.1250001484295353e-06,2.2945303080378784e-10
EXP-EMBED-C1-FUSED-EQUIV-001,GOLD-MODEL-C1-B6-R00926,6,73,1.901938,1.901938,3.8421630765839154e-08,2.0201305597679396e-08
EXP-EMBED-C1-FUSED-EQUIV-001,GOLD-MODEL-C1-B6-R00926,6,74,2.837649,2.837649,1.0697937025128113e-07,3.7700001040044466e-08
EXP-EMBED-C1-FUSED-EQUIV-001,GOLD-MODEL-C1-B6-R00926,6,75,3.695857,3.695857,4.8034667798901864e-08,1.2996895658815225e-08
EXP-EMBED-C1-FUSED-EQUIV-001,GOLD-MODEL-C1-B6-R00926,6,76,10.554533,10.554533,4.760742911003035e-09,4.510614454474713e-10
EXP-EMBED-C1-FUSED-EQUIV-001,GOLD-MODEL-C1-B6-R00926,6,77,-2.618474,-2.618474,6.652832063025471e-09,2.5407287080282144e-09
EXP-EMBED-C1-FUSED-EQUIV-001,GOLD-MODEL-C1-B6-R00926,6,78,-3.529973,-3.529973,3.009033200385147e-08,8.524238571754365e-09
EXP-EMBED-C1-FUSED-EQUIV-001,GOLD-MODEL-C1-B6-R00926,6,79,-11.440782,-11.440782,4.0667724654497306e-07,3.5546280537901433e-08
EXP-EMBED-C1-FUSED-EQUIV-001,GOLD-MODEL-C1-B6-R00926,6,80,46237.2168,46237.22,0.001949999998032581,4.217381868954926e-08
EXP-EMBED-C1-FUSED-EQUIV-001,GOLD-MODEL-C1-B6-R00926,6,81,6.890415,6.890415,1.9165039066848522e-07,2.781405628956822e-08
EXP-EMBED-C1-FUSED-EQUIV-001,GOLD-MODEL-C1-B6-R00926,6,82,18.04213,18.04213,4.833984377228262e-07,2.6792758821870046e-08
EXP-EMBED-C1-FUSED-EQUIV-001,GOLD-MODEL-C1-B6-R00926,6,83,39.479702,39.479702,4.150393806412467e-09,1.0512728303806514e-10
EXP-EMBED-C1-FUSED-EQUIV-001,GOLD-MODEL-C1-B6-R00926,6,84,47.010016,47.010017,1.3950195310030722e-06,2.9674942697383303e-08
EXP-EMBED-C1-FUSED-EQUIV-001,GOLD-MODEL-C1-B6-R00926,6,85,-11.347478,-11.347478,8.709716858845695e-08,7.675464855579094e-09
EXP-EMBED-C1-FUSED-EQUIV-001,GOLD-MODEL-C1-B6-R00926,6,86,-16.788592,-16.788591,6.151123059794372e-07,3.663870716373578e-08
EXP-EMBED-C1-FUSED-EQUIV-001,GOLD-MODEL-C1-B6-R00926,6,87,-34.573185,-34.573185,3.295898665101049e-08,9.533106843066524e-10
EXP-EMBED-C1-FUSED-EQUIV-001,GOLD-MODEL-C1-B6-R00926,6,88,39915.2978,39915.297,0.0009250000002793968,2.3174072379823175e-08
EXP-EMBED-C1-FUSED-EQUIV-001,GOLD-MODEL-C1-B6-R00926,6,89,7.089019,7.089019,1.782836918096109e-07,2.5149275493493655e-08
EXP-EMBED-C1-FUSED-EQUIV-001,GOLD-MODEL-C1-B6-R00926,6,90,15.126876,15.126876,1.2261962822890382e-07,8.10607743653771e-09
EXP-EMBED-C1-FUSED-EQUIV-001,GOLD-MODEL-C1-B6-R00926,6,91,33.225858,33.225857,1.218994142959673e-06,3.668811631469902e-08
EXP-EMBED-C1-FUSED-EQUIV-001,GOLD-MODEL-C1-B6-R00926,6,92,39.070038,39.070038,1.5820312171399564e-07,4.049218526841352e-09
EXP-EMBED-C1-FUSED-EQUIV-001,GOLD-MODEL-C1-B6-R00926,6,93,-10.131224,-10.131224,3.2141113237571517e-07,3.172480762203216e-08
EXP-EMBED-C1-FUSED-EQUIV-001,GOLD-MODEL-C1-B6-R00926,6,94,-15.19811,-15.19811,3.7322998025501875e-07,2.4557657514981716e-08
EXP-EMBED-C1-FUSED-EQUIV-001,GOLD-MODEL-C1-B6-R00926,6,95,-29.262109,-29.26211,7.564697277473442e-07,2.585151083086131e-08
EXP-EMBED-C1-FUSED-EQUIV-001,GOLD-MODEL-C1-B6-R00926,6,96,7297.6719,7297.672,2.500000027794158e-05,3.425750105035769e-09
EXP-EMBED-C1-FUSED-EQUIV-001,GOLD-MODEL-C1-B6-R00926,6,97,2.976794,2.976794,4.4403076771004635e-09,1.4916408985977745e-09
EXP-EMBED-C1-FUSED-EQUIV-001,GOLD-MODEL-C1-B6-R00926,6,98,2.690243,2.690243,5.752563314587178e-09,2.138306210475105e-09
EXP-EMBED-C1-FUSED-EQUIV-001,GOLD-MODEL-C1-B6-R00926,6,99,7.253046,7.253046,3.576660123627562e-08,4.931252502228114e-09
EXP-EMBED-C1-FUSED-EQUIV-001,GOLD-MODEL-C1-B6-R00926,6,100,10.670595,10.670595,1.6906738231625695e-07,1.5844231958598086e-08
EXP-EMBED-C1-FUSED-EQUIV-001,GOLD-MODEL-C1-B6-R00926,6,101,-2.011832,-2.011832,1.1749268225003107e-09,5.840084174525063e-10
EXP-EMBED-C1-FUSED-EQUIV-001,GOLD-MODEL-C1-B6-R00926,6,102,-3.537779,-3.537779,9.278869628204234e-08,2.6227951571322667e-08
EXP-EMBED-C1-FUSED-EQUIV-001,GOLD-MODEL-C1-B6-R00926,6,103,-6.306271,-6.306271,7.620239284023e-08,1.2083589944077888e-08
EXP-EMBED-C1-FUSED-EQUIV-001,GOLD-MODEL-C1-B6-R00926,6,104,7963.0275,7963.0273,0.00015625000014551915,1.96219340126e-08
EXP-EMBED-C1-FUSED-EQUIV-001,GOLD-MODEL-C1-B6-R00926,6,105,3.149202,3.149202,1.0838317887618132e-07,3.441607711292617e-08
EXP-EMBED-C1-FUSED-EQUIV-001,GOLD-MODEL-C1-B6-R00926,6,106,2.926266,2.926266,4.502868655720249e-08,1.538776261529283e-08
EXP-EMBED-C1-FUSED-EQUIV-001,GOLD-MODEL-C1-B6-R00926,6,107,7.924459,7.924459,1.9439696963274855e-08,2.4531260699657674e-09
EXP-EMBED-C1-FUSED-EQUIV-001,GOLD-MODEL-C1-B6-R00926,6,108,11.291254,11.291254,4.357910121655095e-08,3.859544849186012e-09
EXP-EMBED-C1-FUSED-EQUIV-001,GOLD-MODEL-C1-B6-R00926,6,109,-2.186913,-2.186913,1.3458251846287794e-08,6.153995081783223e-09
EXP-EMBED-C1-FUSED-EQUIV-001,GOLD-MODEL-C1-B6-R00926,6,110,-3.809562,-3.809562,3.215026866953963e-08,8.439360921160917e-09
EXP-EMBED-C1-FUSED-EQUIV-001,GOLD-MODEL-C1-B6-R00926,6,111,-6.630937,-6.630937,9.945678680622905e-08,1.4998903896422035e-08
EXP-EMBED-C1-FUSED-EQUIV-001,GOLD-MODEL-C1-B6-R00926,6,112,48085.8389,48085.84,0.0009437499975319952,1.9626360257426957e-08
EXP-EMBED-C1-FUSED-EQUIV-001,GOLD-MODEL-C1-B6-R00926,6,113,6.315098,6.315098,1.9116210925318455e-07,3.027064809654333e-08
EXP-EMBED-C1-FUSED-EQUIV-001,GOLD-MODEL-C1-B6-R00926,6,114,21.33043,21.33043,9.228515622794475e-07,4.32645550173835e-08
EXP-EMBED-C1-FUSED-EQUIV-001,GOLD-MODEL-C1-B6-R00926,6,115,60.140726,60.140724,1.8178710945448984e-06,3.022695626495926e-08
EXP-EMBED-C1-FUSED-EQUIV-001,GOLD-MODEL-C1-B6-R00926,6,116,74.898686,74.89869,3.2700195333745796e-06,4.365923767173405e-08
EXP-EMBED-C1-FUSED-EQUIV-001,GOLD-MODEL-C1-B6-R00926,6,117,-12.670225,-12.670225,1.434326168947564e-07,1.1320447497558755e-08
EXP-EMBED-C1-FUSED-EQUIV-001,GOLD-MODEL-C1-B6-R00926,6,118,-21.280774,-21.280773,8.371582040922476e-07,3.933871033507745e-08
EXP-EMBED-C1-FUSED-EQUIV-001,GOLD-MODEL-C1-B6-R00926,6,119,-38.12476,-38.12476,3.259277363554247e-07,8.548978048790988e-09
EXP-EMBED-C1-FUSED-EQUIV-001,GOLD-MODEL-C1-B6-R00926,6,120,40861.3052,40861.305,0.000512500002514571,1.2542428588761059e-08
EXP-EMBED-C1-FUSED-EQUIV-001,GOLD-MODEL-C1-B6-R00926,6,121,6.022162,6.022162,3.939819315235127e-08,6.542200816310034e-09
EXP-EMBED-C1-FUSED-EQUIV-001,GOLD-MODEL-C1-B6-R00926,6,122,17.627352,17.627352,2.391357405429062e-07,1.3566174916283866e-08
EXP-EMBED-C1-FUSED-EQUIV-001,GOLD-MODEL-C1-B6-R00926,6,123,49.418,49.418,7.324218742610356e-07,1.4820953382594107e-08
EXP-EMBED-C1-FUSED-EQUIV-001,GOLD-MODEL-C1-B6-R00926,6,124,63.49967,63.49967,1.8786621112099056e-06,2.958538384860749e-08
EXP-EMBED-C1-FUSED-EQUIV-001,GOLD-MODEL-C1-B6-R00926,6,125,-10.942875,-10.942875,9.155273517080786e-08,8.36642428710991e-09
EXP-EMBED-C1-FUSED-EQUIV-001,GOLD-MODEL-C1-B6-R00926,6,126,-18.325298,-18.325298,3.093261717879159e-07,1.6879734877321824e-08
EXP-EMBED-C1-FUSED-EQUIV-001,GOLD-MODEL-C1-B6-R00926,6,127,-37.94852,-37.94852,6.604003885968268e-07,1.7402533447861124e-08
EXP-EMBED-C1-FUSED-EQUIV-001,GOLD-MODEL-C1-B6-R01279,6,0,4095.79,4095.79,3.906250003637979e-05,9.537232142365646e-09
EXP-EMBED-C1-FUSED-EQUIV-001,GOLD-MODEL-C1-B6-R01279,6,1,1.428206,1.428206,3.3050537195933316e-08,2.3141295580562827e-08
EXP-EMBED-C1-FUSED-EQUIV-001,GOLD-MODEL-C1-B6-R01279,6,2,1.543769,1.543769,1.9607544476940575e-09,1.270108706480087e-09
EXP-EMBED-C1-FUSED-EQUIV-001,GOLD-MODEL-C1-B6-R01279,6,3,2.621835,2.621835,6.637573157775023e-09,2.531651746877673e-09
EXP-EMBED-C1-FUSED-EQUIV-001,GOLD-MODEL-C1-B6-R01279,6,4,7.408612,7.408612,2.2555541967506088e-07,3.0445030685243184e-08
EXP-EMBED-C1-FUSED-EQUIV-001,GOLD-MODEL-C1-B6-R01279,6,5,-0.743214,-0.743214,1.1192321736075428e-08,1.5059352671068396e-08
EXP-EMBED-C1-FUSED-EQUIV-001,GOLD-MODEL-C1-B6-R01279,6,6,-1.543587,-1.543587,3.062438969081427e-08,1.9839756159396436e-08
EXP-EMBED-C1-FUSED-EQUIV-001,GOLD-MODEL-C1-B6-R01279,6,7,-8.278219,-8.278219,2.2302246094341172e-07,2.694087471513036e-08
EXP-EMBED-C1-FUSED-EQUIV-001,GOLD-MODEL-C1-B6-R01279,6,8,5052.915,5052.915,3.906250003637979e-05,7.730686155690288e-09
EXP-EMBED-C1-FUSED-EQUIV-001,GOLD-MODEL-C1-B6-R01279,6,9,1.483564,1.483564,1.9203185930294353e-08,1.2943955185144929e-08
EXP-EMBED-C1-FUSED-EQUIV-001,GOLD-MODEL-C1-B6-R01279,6,10,1.86321,1.86321,3.7155151400014574e-08,1.9941472727182965e-08
EXP-EMBED-C1-FUSED-EQUIV-001,GOLD-MODEL-C1-B6-R01279,6,11,3.118103,3.118103,2.7343749930963668e-08,8.769354293608539e-09
EXP-EMBED-C1-FUSED-EQUIV-001,GOLD-MODEL-C1-B6-R01279,6,12,8.318873,8.318873,4.054565430067214e-07,4.8739359647240847e-08
EXP-EMBED-C1-FUSED-EQUIV-001,GOLD-MODEL-C1-B6-R01279,6,13,-0.874178,-0.874178,7.656097422703567e-09,8.758053191344974e-09
EXP-EMBED-C1-FUSED-EQUIV-001,GOLD-MODEL-C1-B6-R01279,6,14,-1.800097,-1.800097,1.1322021542525817e-08,6.28967302457913e-09
EXP-EMBED-C1-FUSED-EQUIV-001,GOLD-MODEL-C1-B6-R01279,6,15,-10.364772,-10.364772,1.5704345734945946e-07,1.515165575754676e-08
EXP-EMBED-C1-FUSED-EQUIV-001,GOLD-MODEL-C1-B6-R01279,6,16,2772.7432,2772.7432,3.593749988795025e-05,1.2960991082026728e-08
EXP-EMBED-C1-FUSED-EQUIV-001,GOLD-MODEL-C1-B6-R01279,6,17,1.538809,1.538809,5.815887460514091e-08,3.7794732552994495e-08
EXP-EMBED-C1-FUSED-EQUIV-001,GOLD-MODEL-C1-B6-R01279,6,18,1.094988,1.094988,1.1528015209094633e-08,1.0527983146020443e-08
EXP-EMBED-C1-FUSED-EQUIV-001,GOLD-MODEL-C1-B6-R01279,6,19,2.009982,2.009982,1.0906982428338097e-07,5.4264080117822436e-08
EXP-EMBED-C1-FUSED-EQUIV-001,GOLD-MODEL-C1-B6-R01279,6,20,6.3356,6.3356,1.007080081549816e-07,1.5895575502711913e-08
EXP-EMBED-C1-FUSED-EQUIV-001,GOLD-MODEL-C1-B6-R01279,6,21,-0.551599,-0.551599,2.572631840891404e-08,4.6639530544678364e-08
EXP-EMBED-C1-FUSED-EQUIV-001,GOLD-MODEL-C1-B6-R01279,6,22,-1.212658,-1.212658,4.76760864120962e-08,3.931536048258965e-08
EXP-EMBED-C1-FUSED-EQUIV-001,GOLD-MODEL-C1-B6-R01279,6,23,-6.834413,-6.834413,5.160522498215414e-08,7.550791118733115e-09
EXP-EMBED-C1-FUSED-EQUIV-001,GOLD-MODEL-C1-B6-R01279,6,24,2857.9009,2857.901,2.1093750092404662e-05,7.380854280988071e-09
EXP-EMBED-C1-FUSED-EQUIV-001,GOLD-MODEL-C1-B6-R01279,6,25,1.524423,1.524423,3.196716225062346e-09,2.0970007832880676e-09
EXP-EMBED-C1-FUSED-EQUIV-001,GOLD-MODEL-C1-B6-R01279,6,26,1.120026,1.120026,7.606506313706518e-09,6.791365837673874e-09
EXP-EMBED-C1-FUSED-EQUIV-001,GOLD-MODEL-C1-B6-R01279,6,27,2.122496,2.122496,1.1033630364920555e-07,5.198422218426115e-08
EXP-EMBED-C1-FUSED-EQUIV-001,GOLD-MODEL-C1-B6-R01279,6,28,5.362315,5.362315,1.779174807481354e-07,3.317922963274918e-08
EXP-EMBED-C1-FUSED-EQUIV-001,GOLD-MODEL-C1-B6-R01279,6,29,-0.548736,-0.548736,2.3780822755448128e-08,4.3337456910879054e-08
EXP-EMBED-C1-FUSED-EQUIV-001,GOLD-MODEL-C1-B6-R01279,6,30,-1.127105,-1.127105,2.3651123282064646e-09,2.098395737936097e-09
EXP-EMBED-C1-FUSED-EQUIV-001,GOLD-MODEL-C1-B6-R01279,6,31,-6.975783,-6.975783,1.2875366195430615e-07,1.8457234399967167e-08
EXP-EMBED-C1-FUSED-EQUIV-001,GOLD-MODEL-C1-B6-R01279,6,32,389.0317,389.0317,7.763671874272404e-06,1.995639911676196e-08
EXP-EMBED-C1-FUSED-EQUIV-001,GOLD-MODEL-C1-B6-R01279,6,33,1.213628,1.213628,5.366516120375309e-08,4.4218789615724994e-08
EXP-EMBED-C1-FUSED-EQUIV-001,GOLD-MODEL-C1-B6-R01279,6,34,0.205794,0.205794,6.586074824399546e-09,3.200324025190018e-08
EXP-EMBED-C1-FUSED-EQUIV-001,GOLD-MODEL-C1-B6-R01279,6,35,0.669322,0.669322,1.3854980496219582e-08,2.070002255449482e-08
EXP-EMBED-C1-FUSED-EQUIV-001,GOLD-MODEL-C1-B6-R01279,6,36,3.385502,3.385502,9.999084493728105e-08,2.953501280970475e-08
EXP-EMBED-C1-FUSED-EQUIV-001,GOLD-MODEL-C1-B6-R01279,6,37,-0.102759,-0.102759,3.639221188289632e-09,3.541510902489934e-08
EXP-EMBED-C1-FUSED-EQUIV-001,GOLD-MODEL-C1-B6-R01279,6,38,-0.445405,-0.445405,6.408691410886291e-09,1.4388458618305343e-08
EXP-EMBED-C1-FUSED-EQUIV-001,GOLD-MODEL-C1-B6-R01279,6,39,-4.316049,-4.316049,9.89685062791068e-08,2.293034816775871e-08
EXP-EMBED-C1-FUSED-EQUIV-001,GOLD-MODEL-C1-B6-R01279,6,40,393.3557,393.3557,1.2890624986994226e-05,3.2770911892198905e-08
EXP-EMBED-C1-FUSED-EQUIV-001,GOLD-MODEL-C1-B6-R01279,6,41,1.213969,1.213969,7.766723708613199e-09,6.397794102331442e-09
EXP-EMBED-C1-FUSED-EQUIV-001,GOLD-MODEL-C1-B6-R01279,6,42,0.215869,0.215869,5.406379705030773e-09,2.5044724833258933e-08
EXP-EMBED-C1-FUSED-EQUIV-001,GOLD-MODEL-C1-B6-R01279,6,43,0.685006,0.685006,2.2453308101688663e-08,3.2778264864378795e-08
EXP-EMBED-C1-FUSED-EQUIV-001,GOLD-MODEL-C1-B6-R01279,6,44,3.874012,3.874012,6.591796886112888e-09,1.701542712338756e-09
EXP-EMBED-C1-FUSED-EQUIV-001,GOLD-MODEL-C1-B6-R01279,6,45,-0.106105,-0.106105,2.1934509764065524e-10,2.067245630655061e-09
EXP-EMBED-C1-FUSED-EQUIV-001,GOLD-MODEL-C1-B6-R01279,6,46,-0.469973,-0.469973,2.0961761215687602e-09,4.4602054193937954e-09
EXP-EMBED-C1-FUSED-EQUIV-001,GOLD-MODEL-C1-B6-R01279,6,47,-3.411594,-3.411594,8.596801759352957e-08,2.519878320618736e-08
EXP-EMBED-C1-FUSED-EQUIV-001,GOLD-MODEL-C1-B6-R01279,6,48,3516.6518,3516.6519,5.546874990614015e-05,1.5773170919606015e-08
EXP-EMBED-C1-FUSED-EQUIV-001,GOLD-MODEL-C1-B6-R01279,6,49,1.593327,1.593327,4.544067389034012e-08,2.8519364757102668e-08
EXP-EMBED-C1-FUSED-EQUIV-001,GOLD-MODEL-C1-B6-R01279,6,50,1.524614,1.524614,2.352142325356965e-08,1.542778910174618e-08
EXP-EMBED-C1-FUSED-EQUIV-001,GOLD-MODEL-C1-B6-R01279,6,51,3.048203,3.048203,8.51440429272543e-09,2.793253694955825e-09
EXP-EMBED-C1-FUSED-EQUIV-001,GOLD-MODEL-C1-B6-R01279,6,52,6.867174,6.867174,1.485595699790565e-07,2.163329048878862e-08
EXP-EMBED-C1-FUSED-EQUIV-001,GOLD-MODEL-C1-B6-R01279,6,53,-0.69348,-0.69348,1.4801025405297707e-08,2.1343117905776243e-08
EXP-EMBED-C1-FUSED-EQUIV-001,GOLD-MODEL-C1-B6-R01279,6,54,-1.425985,-1.425985,2.132415777289509e-08,1.4953984630199538e-08
EXP-EMBED-C1-FUSED-EQUIV-001,GOLD-MODEL-C1-B6-R01279,6,55,-7.085749,-7.085749,1.493225099125084e-07,2.107363807446586e-08
EXP-EMBED-C1-FUSED-EQUIV-001,GOLD-MODEL-C1-B6-R01279,6,56,3797.2778,3797.2778,3.2031250157160684e-05,8.435319153410552e-09
EXP-EMBED-C1-FUSED-EQUIV-001,GOLD-MODEL-C1-B6-R01279,6,57,1.600215,1.600215,4.180908197426447e-08,2.61271653960652e-08
EXP-EMBED-C1-FUSED-EQUIV-001,GOLD-MODEL-C1-B6-R01279,6,58,1.649292,1.649292,7.812499980275334e-09,4.73688102547962e-09
EXP-EMBED-C1-FUSED-EQUIV-001,GOLD-MODEL-C1-B6-R01279,6,59,3.368889,3.368889,9.339904805116817e-08,2.772399092138927e-08
EXP-EMBED-C1-FUSED-EQUIV-001,GOLD-MODEL-C1-B6-R01279,6,60,6.954556,6.954556,1.1688232604001314e-08,1.6806583488581174e-09
EXP-EMBED-C1-FUSED-EQUIV-001,GOLD-MODEL-C1-B6-R01279,6,61,-0.731542,-0.731542,8.766174341978683e-09,1.1983145659413517e-08
EXP-EMBED-C1-FUSED-EQUIV-001,GOLD-MODEL-C1-B6-R01279,6,62,-1.629422,-1.629422,5.061340324630237e-08,3.106218232373343e-08
EXP-EMBED-C1-FUSED-EQUIV-001,GOLD-MODEL-C1-B6-R01279,6,63,-8.546164,-8.546164,4.4104003826817006e-07,5.160678384690138e-08
EXP-EMBED-C1-FUSED-EQUIV-001,GOLD-MODEL-C1-B6-R01279,6,64,1974.3594,1974.3594,2.5000000050567905e-05,1.2662334958147896e-08
EXP-EMBED-C1-FUSED-EQUIV-001,GOLD-MODEL-C1-B6-R01279,6,65,1.18118,1.18118,3.051758845629138e-10,2.583652657198004e-10
EXP-EMBED-C1-FUSED-EQUIV-001,GOLD-MODEL-C1-B6-R01279,6,66,0.879405,0.879405,2.1667480476494916e-08,2.4638796091101273e-08
EXP-EMBED-C1-FUSED-EQUIV-001,GOLD-MODEL-C1-B6-R01279,6,67,1.580475,1.580475,2.7275085523470466e-08,1.7257524176890154e-08
EXP-EMBED-C1-FUSED-EQUIV-001,GOLD-MODEL-C1-B6-R01279,6,68,5.275294,5.275294,1.7294311493998293e-07,3.2783597452574764e-08
EXP-EMBED-C1-FUSED-EQUIV-001,GOLD-MODEL-C1-B6-R01279,6,69,-0.439132,-0.439132,4.9762725606861125e-09,1.1332065439745025e-08
EXP-EMBED-C1-FUSED-EQUIV-001,GOLD-MODEL-C1-B6-R01279,6,70,-0.945968,-0.945968,2.7721405060354698e-08,2.9304802128988185e-08
EXP-EMBED-C1-FUSED-EQUIV-001,GOLD-MODEL-C1-B6-R01279,6,71,-5.383092,-5.383092,7.342529340093051e-08,1.3639984863890587e-08
EXP-EMBED-C1-FUSED-EQUIV-001,GOLD-MODEL-C1-B6-R01279,6,72,1043.5654,1043.5654,2.9687500045838533e-05,2.8448145220068177e-08
EXP-EMBED-C1-FUSED-EQUIV-001,GOLD-MODEL-C1-B6-R01279,6,73,1.111481,1.111481,4.8690795839689827e-08,4.380713286119135e-08
EXP-EMBED-C1-FUSED-EQUIV-001,GOLD-MODEL-C1-B6-R01279,6,74,0.595894,0.595894,2.0927429233985606e-08,3.511938236328207e-08
EXP-EMBED-C1-FUSED-EQUIV-001,GOLD-MODEL-C1-B6-R01279,6,75,1.08637,1.08637,8.697509823463179e-09,8.006029090883565e-09
EXP-EMBED-C1-FUSED-EQUIV-001,GOLD-MODEL-C1-B6-R01279,6,76,4.11865,4.11865,4.0435790715775966e-08,9.81772928405569e-09
EXP-EMBED-C1-FUSED-EQUIV-001,GOLD-MODEL-C1-B6-R01279,6,77,-0.313143,-0.313143,1.4894485478311736e-08,4.756448484657724e-08
EXP-EMBED-C1-FUSED-EQUIV-001,GOLD-MODEL-C1-B6-R01279,6,78,-0.723782,-0.723782,2.925872766290638e-09,4.042477937128359e-09
EXP-EMBED-C1-FUSED-EQUIV-001,GOLD-MODEL-C1-B6-R01279,6,79,-4.370084,-4.370084,1.9110107452036118e-07,4.37293824375827e-08
EXP-EMBED-C1-FUSED-EQUIV-001,GOLD-MODEL-C1-B6-R01279,6,80,2937.9903,2937.9902,6.562499993378879e-05,2.233669727697494e-08
EXP-EMBED-C1-FUSED-EQUIV-001,GOLD-MODEL-C1-B6-R01279,6,81,1.516208,1.516208,5.263519287090901e-08,3.4715021204814254e-08
EXP-EMBED-C1-FUSED-EQUIV-001,GOLD-MODEL-C1-B6-R01279,6,82,1.107936,1.107936,2.466583248761367e-08,2.226286760933273e-08
EXP-EMBED-C1-FUSED-EQUIV-001,GOLD-MODEL-C1-B6-R01279,6,83,1.84703,1.84703,4.360198979647123e-08,2.3606541202076432e-08
EXP-EMBED-C1-FUSED-EQUIV-001,GOLD-MODEL-C1-B6-R01279,6,84,4.172497,4.172497,2.0434570302541033e-07,4.897443977201429e-08
EXP-EMBED-C1-FUSED-EQUIV-001,GOLD-MODEL-C1-B6-R01279,6,85,-0.55414,-0.55414,2.8266906704210726e-08,5.1010406583554206e-08
EXP-EMBED-C1-FUSED-EQUIV-001,GOLD-MODEL-C1-B6-R01279,6,86,-0.990614,-0.990614,3.0174255316595122e-09,3.046015432509042e-09
EXP-EMBED-C1-FUSED-EQUIV-001,GOLD-MODEL-C1-B6-R01279,6,87,-3.998451,-3.998451,5.508423051026057e-09,1.3776392535574542e-09
EXP-EMBED-C1-FUSED-EQUIV-001,GOLD-MODEL-C1-B6-R01279,6,88,2489.4351,2489.435,4.140625014770194e-05,1.6632789562460148e-08
EXP-EMBED-C1-FUSED-EQUIV-001,GOLD-MODEL-C1-B6-R01279,6,89,1.516423,1.516423,1.3015747146738477e-08,8.583190275232225e-09
EXP-EMBED-C1-FUSED-EQUIV-001,GOLD-MODEL-C1-B6-R01279,6,90,0.981336,0.981336,2.4185180524938232e-09,2.4645157749168716e-09
EXP-EMBED-C1-FUSED-EQUIV-001,GOLD-MODEL-C1-B6-R01279,6,91,1.732442,1.732442,2.1369934044557226e-08,1.2335151216928027e-08
EXP-EMBED-C1-FUSED-EQUIV-001,GOLD-MODEL-C1-B6-R01279,6,92,4.235951,4.235951,5.319213869370287e-08,1.2557307365855476e-08
EXP-EMBED-C1-FUSED-EQUIV-001,GOLD-MODEL-C1-B6-R01279,6,93,-0.476717,-0.476717,4.760742189358069e-09,9.986516506350873e-09
EXP-EMBED-C1-FUSED-EQUIV-001,GOLD-MODEL-C1-B6-R01279,6,94,-0.83787,-0.83787,1.792907711184455e-09,2.139839964653771e-09
EXP-EMBED-C1-FUSED-EQUIV-001,GOLD-MODEL-C1-B6-R01279,6,95,-3.777101,-3.777101,3.988647456765193e-08,1.0560076250979768e-08
EXP-EMBED-C1-FUSED-EQUIV-001,GOLD-MODEL-C1-B6-R01279,6,96,753.5881,753.5881,2.6269531304023985e-05,3.485927034148228e-08
EXP-EMBED-C1-FUSED-EQUIV-001,GOLD-MODEL-C1-B6-R01279,6,97,1.299847,1.299847,6.797790552681704e-09,5.229685149622767e-09
EXP-EMBED-C1-FUSED-EQUIV-001,GOLD-MODEL-C1-B6-R01279,6,98,0.361338,0.361338,1.0431289665380206e-08,2.886850999723308e-08
EXP-EMBED-C1-FUSED-EQUIV-001,GOLD-MODEL-C1-B6-R01279,6,99,0.874539,0.874539,1.76773071736136e-08,2.0213286284103512e-08
EXP-EMBED-C1-FUSED-EQUIV-001,GOLD-MODEL-C1-B6-R01279,6,100,3.384129,3.384129,4.739379866336435e-08,1.4004725784201592e-08
EXP-EMBED-C1-FUSED-EQUIV-001,GOLD-MODEL-C1-B6-R01279,6,101,-0.154454,-0.154454,7.1563720782652496e-09,4.6333355421453954e-08
EXP-EMBED-C1-FUSED-EQUIV-001,GOLD-MODEL-C1-B6-R01279,6,102,-0.424316,-0.424316,1.0982513454216303e-08,2.5882864313898844e-08
EXP-EMBED-C1-FUSED-EQUIV-001,GOLD-MODEL-C1-B6-R01279,6,103,-2.804053,-2.804053,6.816101061346558e-08,2.4308032199628743e-08
EXP-EMBED-C1-FUSED-EQUIV-001,GOLD-MODEL-C1-B6-R01279,6,104,786.3577,786.3577,2.705078122744453e-05,3.440009708996877e-08
EXP-EMBED-C1-FUSED-EQUIV-001,GOLD-MODEL-C1-B6-R01279,6,105,1.306857,1.306857,1.0139465267400283e-08,7.758664695066318e-09
EXP-EMBED-C1-FUSED-EQUIV-001,GOLD-MODEL-C1-B6-R01279,6,106,0.373443,0.373443,7.469177221164358e-09,2.000084945002144e-08
EXP-EMBED-C1-FUSED-EQUIV-001,GOLD-MODEL-C1-B6-R01279,6,107,0.86948,0.86948,1.3847351043594358e-08,1.5926014449549566e-08
EXP-EMBED-C1-FUSED-EQUIV-001,GOLD-MODEL-C1-B6-R01279,6,108,3.045656,3.045656,3.4194946429977335e-08,1.1227448677715846e-08
EXP-EMBED-C1-FUSED-EQUIV-001,GOLD-MODEL-C1-B6-R01279,6,109,-0.161473,-0.161473,6.0100555365760755e-09,3.7220188741003605e-08
EXP-EMBED-C1-FUSED-EQUIV-001,GOLD-MODEL-C1-B6-R01279,6,110,-0.438309,-0.438309,1.3843536372792897e-08,3.158396558773125e-08
EXP-EMBED-C1-FUSED-EQUIV-001,GOLD-MODEL-C1-B6-R01279,6,111,-2.851528,-2.851528,7.069396978920395e-08,2.4791609897992917e-08
EXP-EMBED-C1-FUSED-EQUIV-001,GOLD-MODEL-C1-B6-R01279,6,112,3611.1211,3611.121,6.24999984211172e-06,1.730764399485722e-09
EXP-EMBED-C1-FUSED-EQUIV-001,GOLD-MODEL-C1-B6-R01279,6,113,1.573656,1.573656,3.7055969182020476e-08,2.354769351244521e-08
EXP-EMBED-C1-FUSED-EQUIV-001,GOLD-MODEL-C1-B6-R01279,6,114,1.514772,1.514772,5.753326415280924e-08,3.798146793894344e-08
EXP-EMBED-C1-FUSED-EQUIV-001,GOLD-MODEL-C1-B6-R01279,6,115,2.869682,2.869682,7.35931395823286e-08,2.5645050421032227e-08
EXP-EMBED-C1-FUSED-EQUIV-001,GOLD-MODEL-C1-B6-R01279,6,116,5.522563,5.522563,1.9348144419950586e-08,3.5034719241682867e-09
EXP-EMBED-C1-FUSED-EQUIV-001,GOLD-MODEL-C1-B6-R01279,6,117,-0.6679,-0.6679,2.584457392540429e-08,3.869527463004086e-08
EXP-EMBED-C1-FUSED-EQUIV-001,GOLD-MODEL-C1-B6-R01279,6,118,-1.085337,-1.085337,4.280853271865226e-08,3.944261802431158e-08
EXP-EMBED-C1-FUSED-EQUIV-001,GOLD-MODEL-C1-B6-R01279,6,119,-5.004616,-5.004616,2.1630859414756287e-07,4.322181644856725e-08
EXP-EMBED-C1-FUSED-EQUIV-001,GOLD-MODEL-C1-B6-R01279,6,120,3181.6279,3181.628,2.9687500045838533e-05,9.330915172650622e-09
EXP-EMBED-C1-FUSED-EQUIV-001,GOLD-MODEL-C1-B6-R01279,6,121,1.556504,1.556504,1.1154174694993912e-08,7.166171558180327e-09
EXP-EMBED-C1-FUSED-EQUIV-001,GOLD-MODEL-C1-B6-R01279,6,122,1.332973,1.332973,3.3874512084253183e-09,2.5412751859379886e-09
EXP-EMBED-C1-FUSED-EQUIV-001,GOLD-MODEL-C1-B6-R01279,6,123,2.533363,2.533363,1.0386657711691782e-07,4.0999484525872455e-08
EXP-EMBED-C1-FUSED-EQUIV-001,GOLD-MODEL-C1-B6-R01279,6,124,5.24651,5.24651,2.883911154327734e-08,5.49681817880407e-09
EXP-EMBED-C1-FUSED-EQUIV-001,GOLD-MODEL-C1-B6-R01279,6,125,-0.585359,-0.585359,2.2682189904088546e-08,3.8749194774640086e-08
EXP-EMBED-C1-FUSED-EQUIV-001,GOLD-MODEL-C1-B6-R01279,6,126,-1.032114,-1.032114,2.893066408660161e-08,2.803049283955223e-08
EXP-EMBED-C1-FUSED-EQUIV-001,GOLD-MODEL-C1-B6-R01279,6,127,-4.015895,-4.015895,1.1016845746780746e-07,2.7433102077571113e-08
EXP-EMBED-C1-FUSED-EQUIV-001,GOLD-MODEL-C1-B6-R01461,6,0,48521.2285,48521.227,0.001937499997438863,3.993097572619916e-08
EXP-EMBED-C1-FUSED-EQUIV-001,GOLD-MODEL-C1-B6-R01461,6,1,3.05539,3.05539,1.1886596684718143e-07,3.890369702302535e-08
EXP-EMBED-C1-FUSED-EQUIV-001,GOLD-MODEL-C1-B6-R01461,6,2,7.868434,7.868434,4.766845673742637e-08,6.058188546466345e-09
EXP-EMBED-C1-FUSED-EQUIV-001,GOLD-MODEL-C1-B6-R01461,6,3,11.632274,11.632274,3.2598877020006967e-07,2.802450924041762e-08
EXP-EMBED-C1-FUSED-EQUIV-001,GOLD-MODEL-C1-B6-R01461,6,4,24.802413,24.802414,9.40429686124844e-07,3.791686261029699e-08
EXP-EMBED-C1-FUSED-EQUIV-001,GOLD-MODEL-C1-B6-R01461,6,5,-7.301453,-7.301453,1.1355590778805436e-07,1.5552508218303173e-08
EXP-EMBED-C1-FUSED-EQUIV-001,GOLD-MODEL-C1-B6-R01461,6,6,-11.1012,-11.1012,1.037597652242539e-07,9.346716140980605e-09
EXP-EMBED-C1-FUSED-EQUIV-001,GOLD-MODEL-C1-B6-R01461,6,7,-40.888769,-40.888767,1.7575683628479055e-06,4.298413490628454e-08
EXP-EMBED-C1-FUSED-EQUIV-001,GOLD-MODEL-C1-B6-R01461,6,8,46728.3672,46728.367,1.2500000593718141e-05,2.675034747141377e-10
EXP-EMBED-C1-FUSED-EQUIV-001,GOLD-MODEL-C1-B6-R01461,6,9,2.870285,2.870285,3.417968752472689e-08,1.1908116275814732e-08
EXP-EMBED-C1-FUSED-EQUIV-001,GOLD-MODEL-C1-B6-R01461,6,10,8.119034,8.119034,1.8652343669600668e-07,2.297359965434394e-08
EXP-EMBED-C1-FUSED-EQUIV-001,GOLD-MODEL-C1-B6-R01461,6,11,12.436961,12.436961,1.7401123031390853e-07,1.3991459031986072e-08
EXP-EMBED-C1-FUSED-EQUIV-001,GOLD-MODEL-C1-B6-R01461,6,12,25.208956,25.208956,2.352294927732146e-07,9.331187407095105e-09
EXP-EMBED-C1-FUSED-EQUIV-001,GOLD-MODEL-C1-B6-R01461,6,13,-7.253378,-7.253378,8.557128872155317e-08,1.1797439582157882e-08
EXP-EMBED-C1-FUSED-EQUIV-001,GOLD-MODEL-C1-B6-R01461,6,14,-11.209464,-11.209464,7.318115180510176e-08,6.528514816150153e-09
EXP-EMBED-C1-FUSED-EQUIV-001,GOLD-MODEL-C1-B6-R01461,6,15,-52.546866,-52.546867,1.3706054673434664e-06,2.6083486450808814e-08
EXP-EMBED-C1-FUSED-EQUIV-001,GOLD-MODEL-C1-B6-R01461,6,16,6165.5473,6165.5474,6.328124982246663e-05,1.0263687348966835e-08
EXP-EMBED-C1-FUSED-EQUIV-001,GOLD-MODEL-C1-B6-R01461,6,17,2.0672,2.0672,5.455017104694093e-08,2.6388434136484583e-08
EXP-EMBED-C1-FUSED-EQUIV-001,GOLD-MODEL-C1-B6-R01461,6,18,1.203548,1.203548,4.544067389034012e-08,3.775559752526706e-08
EXP-EMBED-C1-FUSED-EQUIV-001,GOLD-MODEL-C1-B6-R01461,6,19,2.287992,2.287992,5.798339586249313e-10,2.5342481906620796e-10
EXP-EMBED-C1-FUSED-EQUIV-001,GOLD-MODEL-C1-B6-R01461,6,20,6.642657,6.642657,1.968688962961096e-07,2.9637070873313136e-08
EXP-EMBED-C1-FUSED-EQUIV-001,GOLD-MODEL-C1-B6-R01461,6,21,-1.023954,-1.023954,3.3851623504332906e-08,3.3059711182663386e-08
EXP-EMBED-C1-FUSED-EQUIV-001,GOLD-MODEL-C1-B6-R01461,6,22,-1.850996,-1.850996,1.7456054601794335e-08,9.43062794397953e-09
EXP-EMBED-C1-FUSED-EQUIV-001,GOLD-MODEL-C1-B6-R01461,6,23,-8.633569,-8.633569,2.3626708944846087e-07,2.7366097317165226e-08
EXP-EMBED-C1-FUSED-EQUIV-001,GOLD-MODEL-C1-B6-R01461,6,24,6281.127,6281.127,4.6875000407453626e-05,7.46283276989203e-09
EXP-EMBED-C1-FUSED-EQUIV-001,GOLD-MODEL-C1-B6-R01461,6,25,2.020029,2.020029,6.799316398797828e-08,3.365949894183612e-08
EXP-EMBED-C1-FUSED-EQUIV-001,GOLD-MODEL-C1-B6-R01461,6,26,1.210731,1.210731,2.951049804522654e-08,2.437411617050075e-08
EXP-EMBED-C1-FUSED-EQUIV-001,GOLD-MODEL-C1-B6-R01461,6,27,2.235075,2.235075,3.051757957450718e-09,1.3653939834013257e-09
EXP-EMBED-C1-FUSED-EQUIV-001,GOLD-MODEL-C1-B6-R01461,6,28,6.218944,6.218944,7.272338908848042e-08,1.1693848519697303e-08
EXP-EMBED-C1-FUSED-EQUIV-001,GOLD-MODEL-C1-B6-R01461,6,29,-1.011286,-1.011286,2.027893075684517e-08,2.0052616922260538e-08
EXP-EMBED-C1-FUSED-EQUIV-001,GOLD-MODEL-C1-B6-R01461,6,30,-1.906549,-1.906549,2.31018066898514e-08,1.211707996482199e-08
EXP-EMBED-C1-FUSED-EQUIV-001,GOLD-MODEL-C1-B6-R01461,6,31,-8.750839,-8.750839,2.3339843835401552e-07,2.6671549819853335e-08
EXP-EMBED-C1-FUSED-EQUIV-001,GOLD-MODEL-C1-B6-R01461,6,32,1275.6277,1275.6277,1.4453125004365575e-05,1.1330206301074816e-08
EXP-EMBED-C1-FUSED-EQUIV-001,GOLD-MODEL-C1-B6-R01461,6,33,1.580812,1.580812,2.2613525496595344e-08,1.4305006222495364e-08
EXP-EMBED-C1-FUSED-EQUIV-001,GOLD-MODEL-C1-B6-R01461,6,34,0.312825,0.312825,5.6743622023347484e-09,1.8139094389306316e-08
EXP-EMBED-C1-FUSED-EQUIV-001,GOLD-MODEL-C1-B6-R01461,6,35,0.792022,0.792022,1.0177612308481798e-08,1.2850163642527352e-08
EXP-EMBED-C1-FUSED-EQUIV-001,GOLD-MODEL-C1-B6-R01461,6,36,4.384719,4.384719,1.0504150349532893e-07,2.3956268006074946e-08
EXP-EMBED-C1-FUSED-EQUIV-001,GOLD-MODEL-C1-B6-R01461,6,37,-0.236728,-0.236728,2.339363092129787e-09,9.882071796026608e-09
EXP-EMBED-C1-FUSED-EQUIV-001,GOLD-MODEL-C1-B6-R01461,6,38,-0.651732,-0.651732,2.7530670188014028e-08,4.224231768275001e-08
EXP-EMBED-C1-FUSED-EQUIV-001,GOLD-MODEL-C1-B6-R01461,6,39,-3.903013,-3.903013,9.048461979688227e-09,2.318327399803236e-09
EXP-EMBED-C1-FUSED-EQUIV-001,GOLD-MODEL-C1-B6-R01461,6,40,1282.5628,1282.5627,5.585937492469384e-05,4.355293551683695e-08
EXP-EMBED-C1-FUSED-EQUIV-001,GOLD-MODEL-C1-B6-R01461,6,41,1.567125,1.567125,3.719329844109609e-08,2.3733459960817476e-08
EXP-EMBED-C1-FUSED-EQUIV-001,GOLD-MODEL-C1-B6-R01461,6,42,0.32331,0.32331,1.2216567979450588e-08,3.778592675590173e-08
EXP-EMBED-C1-FUSED-EQUIV-001,GOLD-MODEL-C1-B6-R01461,6,43,0.903092,0.903092,2.6710510248051378e-08,2.957673221338621e-08
EXP-EMBED-C1-FUSED-EQUIV-001,GOLD-MODEL-C1-B6-R01461,6,44,3.373422,3.373422,9.25750733848929e-08,2.7442482258339722e-08
EXP-EMBED-C1-FUSED-EQUIV-001,GOLD-MODEL-C1-B6-R01461,6,45,-0.233766,-0.233766,4.443168638568196e-09,1.900690707189324e-08
EXP-EMBED-C1-FUSED-EQUIV-001,GOLD-MODEL-C1-B6-R01461,6,46,-0.673138,-0.673138,2.242279051323237e-08,3.33108374705222e-08
EXP-EMBED-C1-FUSED-EQUIV-001,GOLD-MODEL-C1-B6-R01461,6,47,-4.367909,-4.367909,4.537963871342754e-08,1.0389327871397398e-08
EXP-EMBED-C1-FUSED-EQUIV-001,GOLD-MODEL-C1-B6-R01461,6,48,7790.2065,7790.2065,4.2968749767169356e-05,5.515739507953911e-09
EXP-EMBED-C1-FUSED-EQUIV-001,GOLD-MODEL-C1-B6-R01461,6,49,2.123779,2.123779,5.84564210370786e-08,2.752471939739427e-08
EXP-EMBED-C1-FUSED-EQUIV-001,GOLD-MODEL-C1-B6-R01461,6,50,1.63819,1.63819,3.105163570715774e-08,1.8954843886947022e-08
EXP-EMBED-C1-FUSED-EQUIV-001,GOLD-MODEL-C1-B6-R01461,6,51,3.242951,3.242951,8.370971693594242e-08,2.581282200561847e-08
EXP-EMBED-C1-FUSED-EQUIV-001,GOLD-MODEL-C1-B6-R01461,6,52,6.987669,6.987669,8.911133164701823e-09,1.2752654947882938e-09
EXP-EMBED-C1-FUSED-EQUIV-001,GOLD-MODEL-C1-B6-R01461,6,53,-1.354722,-1.354722,2.3010253924482527e-08,1.6985222004575497e-08
EXP-EMBED-C1-FUSED-EQUIV-001,GOLD-MODEL-C1-B6-R01461,6,54,-2.424802,-2.424802,6.489562975886543e-08,2.676326964381645e-08
EXP-EMBED-C1-FUSED-EQUIV-001,GOLD-MODEL-C1-B6-R01461,6,55,-9.751164,-9.751164,4.3634033275452566e-07,4.474751247692334e-08
EXP-EMBED-C1-FUSED-EQUIV-001,GOLD-MODEL-C1-B6-R01461,6,56,8194.9863,8194.986,2.8124999516876414e-05,3.4319763923066488e-09
EXP-EMBED-C1-FUSED-EQUIV-001,GOLD-MODEL-C1-B6-R01461,6,57,2.097647,2.097647,4.832458477821433e-08,2.303752002992607e-08
EXP-EMBED-C1-FUSED-EQUIV-001,GOLD-MODEL-C1-B6-R01461,6,58,1.718887,1.718887,2.8526306206089203e-08,1.659580077462288e-08
EXP-EMBED-C1-FUSED-EQUIV-001,GOLD-MODEL-C1-B6-R01461,6,59,3.519113,3.519113,6.38122559237786e-08,1.8133051119352687e-08
EXP-EMBED-C1-FUSED-EQUIV-001,GOLD-MODEL-C1-B6-R01461,6,60,7.720335,7.720335,6.713866795848844e-09,8.696341280331545e-10
EXP-EMBED-C1-FUSED-EQUIV-001,GOLD-MODEL-C1-B6-R01461,6,61,-1.421068,-1.421068,4.689025878690245e-08,3.299649192501868e-08
EXP-EMBED-C1-FUSED-EQUIV-001,GOLD-MODEL-C1-B6-R01461,6,62,-2.575288,-2.575288,5.732727048624042e-08,2.2260527943375816e-08
EXP-EMBED-C1-FUSED-EQUIV-001,GOLD-MODEL-C1-B6-R01461,6,63,-10.904941,-10.904941,3.948364266648241e-07,3.620711259830054e-08
EXP-EMBED-C1-FUSED-EQUIV-001,GOLD-MODEL-C1-B6-R01461,6,64,30665.3047,30665.305,1.2500000593718141e-05,4.0762681851708914e-10
EXP-EMBED-C1-FUSED-EQUIV-001,GOLD-MODEL-C1-B6-R01461,6,65,2.573594,2.573594,9.332275396900513e-08,3.62616457642523e-08
EXP-EMBED-C1-FUSED-EQUIV-001,GOLD-MODEL-C1-B6-R01461,6,66,4.579405,4.579405,1.6906738320443537e-07,3.691907206382387e-08
EXP-EMBED-C1-FUSED-EQUIV-001,GOLD-MODEL-C1-B6-R01461,6,67,6.485699,6.485699,1.7678832975320802e-07,2.7258176759853952e-08
EXP-EMBED-C1-FUSED-EQUIV-001,GOLD-MODEL-C1-B6-R01461,6,68,14.110296,14.110296,2.4938964848786327e-07,1.767430311085347e-08
EXP-EMBED-C1-FUSED-EQUIV-001,GOLD-MODEL-C1-B6-R01461,6,69,-4.303574,-4.303574,8.523559547057857e-08,1.9805769685981598e-08
EXP-EMBED-C1-FUSED-EQUIV-001,GOLD-MODEL-C1-B6-R01461,6,70,-6.413837,-6.413837,4.3975830088527346e-08,6.8563997009165256e-09
EXP-EMBED-C1-FUSED-EQUIV-001,GOLD-MODEL-C1-B6-R01461,6,71,-26.32249,-26.32249,6.921386734859425e-07,2.6294574467914796e-08
EXP-EMBED-C1-FUSED-EQUIV-001,GOLD-MODEL-C1-B6-R01461,6,72,21155.4082,21155.408,3.1249983294401318e-06,1.4771628606249874e-10
EXP-EMBED-C1-FUSED-EQUIV-001,GOLD-MODEL-C1-B6-R01461,6,73,2.347883,2.347883,1.3931274356338008e-08,5.933547095974548e-09
EXP-EMBED-C1-FUSED-EQUIV-001,GOLD-MODEL-C1-B6-R01461,6,74,2.96864,2.96864,8.903503401214152e-08,2.999185957614986e-08
EXP-EMBED-C1-FUSED-EQUIV-001,GOLD-MODEL-C1-B6-R01461,6,75,4.238568,4.238568,1.7086791981313354e-07,4.031265271977081e-08
EXP-EMBED-C1-FUSED-EQUIV-001,GOLD-MODEL-C1-B6-R01461,6,76,9.418587,9.418587,2.69042969236466e-07,2.8565109526138684e-08
EXP-EMBED-C1-FUSED-EQUIV-001,GOLD-MODEL-C1-B6-R01461,6,77,-2.95805,-2.95805,1.2588500908350397e-08,4.255675498504216e-09
EXP-EMBED-C1-FUSED-EQUIV-001,GOLD-MODEL-C1-B6-R01461,6,78,-4.534407,-4.534407,1.3882446303625784e-07,3.061579232659482e-08
EXP-EMBED-C1-FUSED-EQUIV-001,GOLD-MODEL-C1-B6-R01461,6,79,-17.247904,-17.247904,1.7614745928540287e-07,1.0212687830672231e-08
EXP-EMBED-C1-FUSED-EQUIV-001,GOLD-MODEL-C1-B6-R01461,6,80,7523.291,7523.291,1.5624999832652975e-05,2.0768836181736125e-09
EXP-EMBED-C1-FUSED-EQUIV-001,GOLD-MODEL-C1-B6-R01461,6,81,2.161592,2.161592,6.683349429437158e-09,3.0918644357663966e-09
EXP-EMBED-C1-FUSED-EQUIV-001,GOLD-MODEL-C1-B6-R01461,6,82,1.275799,1.275799,3.6026001071221e-08,2.823799130679755e-08
EXP-EMBED-C1-FUSED-EQUIV-001,GOLD-MODEL-C1-B6-R01461,6,83,2.130959,2.130959,3.396606462757745e-08,1.593933277344963e-08
EXP-EMBED-C1-FUSED-EQUIV-001,GOLD-MODEL-C1-B6-R01461,6,84,5.304718,5.304718,1.7578124733574896e-08,3.3136775100155927e-09
EXP-EMBED-C1-FUSED-EQUIV-001,GOLD-MODEL-C1-B6-R01461,6,85,-1.164464,-1.164464,3.112792912318696e-09,2.673155127439488e-09
EXP-EMBED-C1-FUSED-EQUIV-001,GOLD-MODEL-C1-B6-R01461,6,86,-1.721362,-1.721362,5.256652890750502e-09,3.053775377143507e-09
EXP-EMBED-C1-FUSED-EQUIV-001,GOLD-MODEL-C1-B6-R01461,6,87,-6.340781,-6.340781,2.1185302756521196e-07,3.341118823772844e-08
EXP-EMBED-C1-FUSED-EQUIV-001,GOLD-MODEL-C1-B6-R01461,6,88,5736.4639,5736.464,3.281249973952072e-05,5.719987140426477e-09
EXP-EMBED-C1-FUSED-EQUIV-001,GOLD-MODEL-C1-B6-R01461,6,89,2.041829,2.041829,1.0919189463720613e-07,5.347749230577396e-08
EXP-EMBED-C1-FUSED-EQUIV-001,GOLD-MODEL-C1-B6-R01461,6,90,1.02325,1.02325,1.6212463371800823e-08,1.5844088318398068e-08
EXP-EMBED-C1-FUSED-EQUIV-001,GOLD-MODEL-C1-B6-R01461,6,91,1.746476,1.746476,5.419158943809066e-08,3.102910629066226e-08
EXP-EMBED-C1-FUSED-EQUIV-001,GOLD-MODEL-C1-B6-R01461,6,92,4.064447,4.064447,7.388305700573028e-08,1.817788668562544e-08
EXP-EMBED-C1-FUSED-EQUIV-001,GOLD-MODEL-C1-B6-R01461,6,93,-0.922094,-0.922094,1.2535095184063039e-08,1.359416196620197e-08
EXP-EMBED-C1-FUSED-EQUIV-001,GOLD-MODEL-C1-B6-R01461,6,94,-1.458694,-1.458694,1.8829345638238237e-08,1.2908358873237457e-08
EXP-EMBED-C1-FUSED-EQUIV-001,GOLD-MODEL-C1-B6-R01461,6,95,-4.899732,-4.899732,1.1288452128610516e-07,2.3038917493059856e-08
EXP-EMBED-C1-FUSED-EQUIV-001,GOLD-MODEL-C1-B6-R01461,6,96,2225.5669,2225.567,5.468749805004336e-06,2.457239009532509e-09
EXP-EMBED-C1-FUSED-EQUIV-001,GOLD-MODEL-C1-B6-R01461,6,97,1.694231,1.694231,3.3325195269995334e-08,1.966980610672059e-08
EXP-EMBED-C1-FUSED-EQUIV-001,GOLD-MODEL-C1-B6-R01461,6,98,0.529846,0.529846,1.259231563466301e-08,2.3765991693176903e-08
EXP-EMBED-C1-FUSED-EQUIV-001,GOLD-MODEL-C1-B6-R01461,6,99,1.238607,1.238607,4.8988342271627516e-08,3.955115889997999e-08
EXP-EMBED-C1-FUSED-EQUIV-001,GOLD-MODEL-C1-B6-R01461,6,100,3.662842,3.662842,3.5293579170314615e-08,9.635572369846862e-09
EXP-EMBED-C1-FUSED-EQUIV-001,GOLD-MODEL-C1-B6-R01461,6,101,-0.35525,-0.35525,9.536743061921982e-10,2.684515992096265e-09
EXP-EMBED-C1-FUSED-EQUIV-001,GOLD-MODEL-C1-B6-R01461,6,102,-0.689862,-0.689862,1.286315920445702e-08,1.8645988914387253e-08
EXP-EMBED-C1-FUSED-EQUIV-001,GOLD-MODEL-C1-B6-R01461,6,103,-2.921875,-2.921875,0.0,0.0
EXP-EMBED-C1-FUSED-EQUIV-001,GOLD-MODEL-C1-B6-R01461,6,104,2282.2556,2282.2556,1.5234375041472958e-05,6.675139735213251e-09
EXP-EMBED-C1-FUSED-EQUIV-001,GOLD-MODEL-C1-B6-R01461,6,105,1.711284,1.711284,4.1404724093752066e-08,2.4195121378889806e-08
EXP-EMBED-C1-FUSED-EQUIV-001,GOLD-MODEL-C1-B6-R01461,6,106,0.542594,0.542594,1.5598297098406988e-08,2.8747640221615035e-08
EXP-EMBED-C1-FUSED-EQUIV-001,GOLD-MODEL-C1-B6-R01461,6,107,1.193474,1.193474,5.433654792774689e-08,4.552805333651751e-08
EXP-EMBED-C1-FUSED-EQUIV-001,GOLD-MODEL-C1-B6-R01461,6,108,2.757137,2.757137,6.01654051024525e-08,2.1821695875994735e-08
EXP-EMBED-C1-FUSED-EQUIV-001,GOLD-MODEL-C1-B6-R01461,6,109,-0.363268,-0.363268,1.203346250422399e-08,3.312557809722847e-08
EXP-EMBED-C1-FUSED-EQUIV-001,GOLD-MODEL-C1-B6-R01461,6,110,-0.670326,-0.670326,5.508422828981452e-09,8.217528231012152e-09
EXP-EMBED-C1-FUSED-EQUIV-001,GOLD-MODEL-C1-B6-R01461,6,111,-2.713438,-2.713438,3.405761717090172e-08,1.2551463188361673e-08
EXP-EMBED-C1-FUSED-EQUIV-001,GOLD-MODEL-C1-B6-R01461,6,112,9040.3033,9040.304,0.00041093750041909516,4.545616300496192e-08
EXP-EMBED-C1-FUSED-EQUIV-001,GOLD-MODEL-C1-B6-R01461,6,113,2.222367,2.222367,4.826354960130175e-08,2.171718244614942e-08
EXP-EMBED-C1-FUSED-EQUIV-001,GOLD-MODEL-C1-B6-R01461,6,114,1.673271,1.673271,5.921936030439667e-08,3.539137432274669e-08
EXP-EMBED-C1-FUSED-EQUIV-001,GOLD-MODEL-C1-B6-R01461,6,115,3.093906,3.093906,7.424926762311657e-08,2.399855316325595e-08
EXP-EMBED-C1-FUSED-EQUIV-001,GOLD-MODEL-C1-B6-R01461,6,116,5.995381,5.995381,1.2155151374315665e-07,2.027419337372498e-08
EXP-EMBED-C1-FUSED-EQUIV-001,GOLD-MODEL-C1-B6-R01461,6,117,-1.498369,-1.498369,2.1499633851007616e-08,1.4348691044066992e-08
EXP-EMBED-C1-FUSED-EQUIV-001,GOLD-MODEL-C1-B6-R01461,6,118,-2.30437,-2.30437,7.354736331066647e-08,3.191647318384915e-08
EXP-EMBED-C1-FUSED-EQUIV-001,GOLD-MODEL-C1-B6-R01461,6,119,-8.050864,-8.050864,2.1966552665730887e-07,2.7284714616631066e-08
EXP-EMBED-C1-FUSED-EQUIV-001,GOLD-MODEL-C1-B6-R01461,6,120,7940.4614,7940.4614,2.5781249860301614e-05,3.2468201231104293e-09
EXP-EMBED-C1-FUSED-EQUIV-001,GOLD-MODEL-C1-B6-R01461,6,121,2.182944,2.182944,5.937194824667813e-08,2.719810872229344e-08
EXP-EMBED-C1-FUSED-EQUIV-001,GOLD-MODEL-C1-B6-R01461,6,122,1.500697,1.500697,1.6716003470307328e-08,1.1138826472170818e-08
EXP-EMBED-C1-FUSED-EQUIV-001,GOLD-MODEL-C1-B6-R01461,6,123,2.80118,2.80118,1.141357421907685e-07,4.0745593710782065e-08
EXP-EMBED-C1-FUSED-EQUIV-001,GOLD-MODEL-C1-B6-R01461,6,124,5.828495,5.828495,2.563476542150056e-08,4.3981791905973254e-09
EXP-EMBED-C1-FUSED-EQUIV-001,GOLD-MODEL-C1-B6-R01461,6,125,-1.328059,-1.328059,4.1946411233340086e-08,3.158474979902255e-08
EXP-EMBED-C1-FUSED-EQUIV-001,GOLD-MODEL-C1-B6-R01461,6,126,-2.036209,-2.036209,1.0644531256431833e-07,5.227622143125698e-08
EXP-EMBED-C1-FUSED-EQUIV-001,GOLD-MODEL-C1-B6-R01461,6,127,-5.872427,-5.872427,1.3305664126050942e-08,2.265786211740213e-09
EXP-EMBED-C1-FUSED-EQUIV-001,GOLD-MODEL-C1-B6-R01464,6,0,50645.9746,50645.973,0.0019437500013737008,3.837916076697832e-08
EXP-EMBED-C1-FUSED-EQUIV-001,GOLD-MODEL-C1-B6-R01464,6,1,3.036796,3.036796,9.298706071803053e-08,3.0620120916265216e-08
EXP-EMBED-C1-FUSED-EQUIV-001,GOLD-MODEL-C1-B6-R01464,6,2,8.375167,8.375167,1.0699462826835315e-07,1.277522326042611e-08
EXP-EMBED-C1-FUSED-EQUIV-001,GOLD-MODEL-C1-B6-R01464,6,3,12.271855,12.271855,3.5430908162936703e-07,2.8871680901491014e-08
EXP-EMBED-C1-FUSED-EQUIV-001,GOLD-MODEL-C1-B6-R01464,6,4,25.204591,25.204592,7.510986321790369e-07,2.9800072224105398e-08
EXP-EMBED-C1-FUSED-EQUIV-001,GOLD-MODEL-C1-B6-R01464,6,5,-7.67663,-7.67663,2.0141601275724952e-08,2.6237556422186494e-09
EXP-EMBED-C1-FUSED-EQUIV-001,GOLD-MODEL-C1-B6-R01464,6,6,-12.071063,-12.071063,4.16870111763501e-08,3.453466457456986e-09
EXP-EMBED-C1-FUSED-EQUIV-001,GOLD-MODEL-C1-B6-R01464,6,7,-46.151384,-46.151382,1.5537109376850822e-06,3.366553292714e-08
EXP-EMBED-C1-FUSED-EQUIV-001,GOLD-MODEL-C1-B6-R01464,6,8,49123.2051,49123.207,0.0019312500007799827,3.9314413561748287e-08
EXP-EMBED-C1-FUSED-EQUIV-001,GOLD-MODEL-C1-B6-R01464,6,9,2.859038,2.859038,1.1454772952390613e-07,4.0065130132550224e-08
EXP-EMBED-C1-FUSED-EQUIV-001,GOLD-MODEL-C1-B6-R01464,6,10,8.736123,8.736123,8.502197346160756e-08,9.732231730437811e-09
EXP-EMBED-C1-FUSED-EQUIV-001,GOLD-MODEL-C1-B6-R01464,6,11,13.311922,13.311922,7.336425866810714e-08,5.511169511668349e-09
EXP-EMBED-C1-FUSED-EQUIV-001,GOLD-MODEL-C1-B6-R01464,6,12,25.135001,25.135,7.711181631009367e-07,3.067905838161442e-08
EXP-EMBED-C1-FUSED-EQUIV-001,GOLD-MODEL-C1-B6-R01464,6,13,-7.622933,-7.622933,8.908081028380366e-08,1.1685897053509936e-08
EXP-EMBED-C1-FUSED-EQUIV-001,GOLD-MODEL-C1-B6-R01464,6,14,-11.901584,-11.901584,3.2843017550021614e-07,2.7595501195489286e-08
EXP-EMBED-C1-FUSED-EQUIV-001,GOLD-MODEL-C1-B6-R01464,6,15,-48.155076,-48.155075,9.267578136018528e-07,1.924527776888677e-08
EXP-EMBED-C1-FUSED-EQUIV-001,GOLD-MODEL-C1-B6-R01464,6,16,6599.5195,6599.5195,3.124999966530595e-05,4.735193170549151e-09
EXP-EMBED-C1-FUSED-EQUIV-001,GOLD-MODEL-C1-B6-R01464,6,17,2.117899,2.117899,5.89599609135405e-08,2.7838891709916525e-08
EXP-EMBED-C1-FUSED-EQUIV-001,GOLD-MODEL-C1-B6-R01464,6,18,1.244872,1.244872,2.600860593560128e-08,2.0892594528273816e-08
EXP-EMBED-C1-FUSED-EQUIV-001,GOLD-MODEL-C1-B6-R01464,6,19,2.362001,2.362001,5.776977518578974e-08,2.445798083311131e-08
EXP-EMBED-C1-FUSED-EQUIV-001,GOLD-MODEL-C1-B6-R01464,6,20,6.535939,6.535939,2.1661376958803658e-07,3.3141950925190177e-08
EXP-EMBED-C1-FUSED-EQUIV-001,GOLD-MODEL-C1-B6-R01464,6,21,-1.067094,-1.067094,3.160858152995161e-08,2.9621178199813333e-08
EXP-EMBED-C1-FUSED-EQUIV-001,GOLD-MODEL-C1-B6-R01464,6,22,-2.017591,-2.017591,3.96728427887183e-10,1.966347133225629e-10
EXP-EMBED-C1-FUSED-EQUIV-001,GOLD-MODEL-C1-B6-R01464,6,23,-8.824852,-8.824852,1.0253906168600224e-08,1.1619351994345314e-09
EXP-EMBED-C1-FUSED-EQUIV-001,GOLD-MODEL-C1-B6-R01464,6,24,6706.5454,6706.5454,1.0156250027648639e-05,1.5143787780290935e-09
EXP-EMBED-C1-FUSED-EQUIV-001,GOLD-MODEL-C1-B6-R01464,6,25,2.073547,2.073547,1.1355590823214357e-07,5.476408696409754e-08
EXP-EMBED-C1-FUSED-EQUIV-001,GOLD-MODEL-C1-B6-R01464,6,26,1.248147,1.248147,1.0803222760813469e-08,8.655408986933005e-09
EXP-EMBED-C1-FUSED-EQUIV-001,GOLD-MODEL-C1-B6-R01464,6,27,2.280754,2.280754,8.935546880195488e-08,3.917803884239812e-08
EXP-EMBED-C1-FUSED-EQUIV-001,GOLD-MODEL-C1-B6-R01464,6,28,6.531916,6.531916,1.4151000993223306e-07,2.166439524516743e-08
EXP-EMBED-C1-FUSED-EQUIV-001,GOLD-MODEL-C1-B6-R01464,6,29,-1.066233,-1.066233,3.890228272851459e-08,3.6485723785058797e-08
EXP-EMBED-C1-FUSED-EQUIV-001,GOLD-MODEL-C1-B6-R01464,6,30,-1.817427,-1.817427,3.914642343616492e-08,2.153947500293818e-08
EXP-EMBED-C1-FUSED-EQUIV-001,GOLD-MODEL-C1-B6-R01464,6,31,-8.041035,-8.041035,3.0151367269581897e-07,3.749687356115462e-08
EXP-EMBED-C1-FUSED-EQUIV-001,GOLD-MODEL-C1-B6-R01464,6,32,1353.8972,1353.8972,1.679687488831405e-05,1.2406314813498433e-08
EXP-EMBED-C1-FUSED-EQUIV-001,GOLD-MODEL-C1-B6-R01464,6,33,1.608848,1.608848,2.4269104059726487e-08,1.5084771252303814e-08
EXP-EMBED-C1-FUSED-EQUIV-001,GOLD-MODEL-C1-B6-R01464,6,34,0.305927,0.305927,8.39042663125511e-09,2.7426237734018605e-08
EXP-EMBED-C1-FUSED-EQUIV-001,GOLD-MODEL-C1-B6-R01464,6,35,0.780694,0.780694,7.873535157187916e-09,1.0085302509290345e-08
EXP-EMBED-C1-FUSED-EQUIV-001,GOLD-MODEL-C1-B6-R01464,6,36,3.355719,3.355719,8.950805652219174e-08,2.6673287162063253e-08
EXP-EMBED-C1-FUSED-EQUIV-001,GOLD-MODEL-C1-B6-R01464,6,37,-0.24071,-0.24071,5.164146416047899e-09,2.145380921460637e-08
EXP-EMBED-C1-FUSED-EQUIV-001,GOLD-MODEL-C1-B6-R01464,6,38,-0.61024,-0.61024,1.7395019535904055e-08,2.8505210303985408e-08
EXP-EMBED-C1-FUSED-EQUIV-001,GOLD-MODEL-C1-B6-R01464,6,39,-3.921867,-3.921867,1.062316896671689e-07,2.708701994921523e-08
EXP-EMBED-C1-FUSED-EQUIV-001,GOLD-MODEL-C1-B6-R01464,6,40,1331.9265,1331.9265,1.367187496725819e-05,1.0264736805865932e-08
EXP-EMBED-C1-FUSED-EQUIV-001,GOLD-MODEL-C1-B6-R01464,6,41,1.579581,1.579581,2.2262573340370295e-08,1.4093973870520281e-08
EXP-EMBED-C1-FUSED-EQUIV-001,GOLD-MODEL-C1-B6-R01464,6,42,0.320258,0.320258,8.447647081855081e-09,2.6377630166475406e-08
EXP-EMBED-C1-FUSED-EQUIV-001,GOLD-MODEL-C1-B6-R01464,6,43,0.798951,0.798951,2.977752688870794e-08,3.727077992105641e-08
EXP-EMBED-C1-FUSED-EQUIV-001,GOLD-MODEL-C1-B6-R01464,6,44,3.409946,3.409946,3.51867677217399e-08,1.0318863618878392e-08
EXP-EMBED-C1-FUSED-EQUIV-001,GOLD-MODEL-C1-B6-R01464,6,45,-0.237098,-0.237098,6.50691986403551e-09,2.744400992009848e-08
EXP-EMBED-C1-FUSED-EQUIV-001,GOLD-MODEL-C1-B6-R01464,6,46,-0.685518,-0.685518,2.6351928750223408e-08,3.844089980164403e-08
EXP-EMBED-C1-FUSED-EQUIV-001,GOLD-MODEL-C1-B6-R01464,6,47,-4.802596,-4.802596,9.222412078457864e-08,1.9202972888949777e-08
EXP-EMBED-C1-FUSED-EQUIV-001,GOLD-MODEL-C1-B6-R01464,6,48,8255.4663,8255.466,0.00047968750004656613,5.8105439791640375e-08
EXP-EMBED-C1-FUSED-EQUIV-001,GOLD-MODEL-C1-B6-R01464,6,49,2.166269,2.166269,6.394958518285421e-08,2.952061132890431e-08
EXP-EMBED-C1-FUSED-EQUIV-001,GOLD-MODEL-C1-B6-R01464,6,50,1.721273,1.721273,5.4595947318603066e-08,3.171835456583765e-08
EXP-EMBED-C1-FUSED-EQUIV-001,GOLD-MODEL-C1-B6-R01464,6,51,3.315797,3.315797,9.05303956244552e-08,2.7302755755088505e-08
EXP-EMBED-C1-FUSED-EQUIV-001,GOLD-MODEL-C1-B6-R01464,6,52,7.440033,7.440033,4.10156246744009e-08,5.5128283267561985e-09
EXP-EMBED-C1-FUSED-EQUIV-001,GOLD-MODEL-C1-B6-R01464,6,53,-1.413447,-1.413447,2.243804941848282e-08,1.58747016467422e-08
EXP-EMBED-C1-FUSED-EQUIV-001,GOLD-MODEL-C1-B6-R01464,6,54,-2.42594,-2.42594,3.677368143328863e-08,1.5158528831417358e-08
EXP-EMBED-C1-FUSED-EQUIV-001,GOLD-MODEL-C1-B6-R01464,6,55,-10.27608,-10.27608,1.3153076139360564e-07,1.2799701967443387e-08
EXP-EMBED-C1-FUSED-EQUIV-001,GOLD-MODEL-C1-B6-R01464,6,56,8761.1328,8761.133,1.2500000593718141e-05,1.426756205968952e-09
EXP-EMBED-C1-FUSED-EQUIV-001,GOLD-MODEL-C1-B6-R01464,6,57,2.152774,2.152774,9.553527835493014e-08,4.4377755563254735e-08
EXP-EMBED-C1-FUSED-EQUIV-001,GOLD-MODEL-C1-B6-R01464,6,58,1.792781,1.792781,4.631042438418831e-09,2.5831612664451657e-09
EXP-EMBED-C1-FUSED-EQUIV-001,GOLD-MODEL-C1-B6-R01464,6,59,3.732047,3.732047,8.09936522294663e-08,2.1702205848282808e-08
EXP-EMBED-C1-FUSED-EQUIV-001,GOLD-MODEL-C1-B6-R01464,6,60,8.368972,8.368972,1.7535400331780693e-07,2.095287250546506e-08
EXP-EMBED-C1-FUSED-EQUIV-001,GOLD-MODEL-C1-B6-R01464,6,61,-1.473232,-1.473232,3.0868530176419995e-08,2.0952932176615764e-08
EXP-EMBED-C1-FUSED-EQUIV-001,GOLD-MODEL-C1-B6-R01464,6,62,-2.747597,-2.747597,2.0858764493425497e-08,7.591638982509261e-09
EXP-EMBED-C1-FUSED-EQUIV-001,GOLD-MODEL-C1-B6-R01464,6,63,-11.82275,-11.82275,9.155273517080786e-08,7.743776631562697e-09
EXP-EMBED-C1-FUSED-EQUIV-001,GOLD-MODEL-C1-B6-R01464,6,64,32130.0722,32130.072,6.562500129803084e-05,2.042479110832214e-09
EXP-EMBED-C1-FUSED-EQUIV-001,GOLD-MODEL-C1-B6-R01464,6,65,2.561971,2.561971,5.082702658754101e-08,1.9839032755460937e-08
EXP-EMBED-C1-FUSED-EQUIV-001,GOLD-MODEL-C1-B6-R01464,6,66,4.898468,4.898468,1.7578124733574896e-08,3.58849434835032e-09
EXP-EMBED-C1-FUSED-EQUIV-001,GOLD-MODEL-C1-B6-R01464,6,67,6.949793,6.949793,1.3806152310280595e-07,1.986555903216196e-08
EXP-EMBED-C1-FUSED-EQUIV-001,GOLD-MODEL-C1-B6-R01464,6,68,15.526225,15.526225,9.002685530390409e-08,5.79837373887755e-09
EXP-EMBED-C1-FUSED-EQUIV-001,GOLD-MODEL-C1-B6-R01464,6,69,-4.518546,-4.518546,1.0443115261438152e-07,2.31116718994078e-08
EXP-EMBED-C1-FUSED-EQUIV-001,GOLD-MODEL-C1-B6-R01464,6,70,-6.850266,-6.850266,2.023315470722764e-08,2.953630517008776e-09
EXP-EMBED-C1-FUSED-EQUIV-001,GOLD-MODEL-C1-B6-R01464,6,71,-26.766968,-26.766968,2.2656249853980626e-07,8.464257085068667e-09
EXP-EMBED-C1-FUSED-EQUIV-001,GOLD-MODEL-C1-B6-R01464,6,72,22376.8379,22376.838,9.374998626299202e-06,4.1895993831636073e-10
EXP-EMBED-C1-FUSED-EQUIV-001,GOLD-MODEL-C1-B6-R01464,6,73,2.363429,2.363429,6.951904296670364e-08,2.9414483348856104e-08
EXP-EMBED-C1-FUSED-EQUIV-001,GOLD-MODEL-C1-B6-R01464,6,74,3.180141,3.180141,2.7862548712676016e-08,8.761419293256499e-09
EXP-EMBED-C1-FUSED-EQUIV-001,GOLD-MODEL-C1-B6-R01464,6,75,4.413367,4.413367,2.0541381839933592e-07,4.6543561502892446e-08
EXP-EMBED-C1-FUSED-EQUIV-001,GOLD-MODEL-C1-B6-R01464,6,76,9.962797,9.962797,1.6491699206255817e-07,1.655328238270419e-08
EXP-EMBED-C1-FUSED-EQUIV-001,GOLD-MODEL-C1-B6-R01464,6,77,-3.129419,-3.129419,8.836364751019232e-08,2.823643862013758e-08
EXP-EMBED-C1-FUSED-EQUIV-001,GOLD-MODEL-C1-B6-R01464,6,78,-4.628828,-4.628828,4.8706054300851065e-08,1.0522329691414557e-08
EXP-EMBED-C1-FUSED-EQUIV-001,GOLD-MODEL-C1-B6-R01464,6,79,-19.610446,-19.610447,9.299316410249503e-07,4.742021884790128e-08
EXP-EMBED-C1-FUSED-EQUIV-001,GOLD-MODEL-C1-B6-R01464,6,80,8005.1303,8005.1304,7.109375019354047e-05,8.881023484844522e-09
EXP-EMBED-C1-FUSED-EQUIV-001,GOLD-MODEL-C1-B6-R01464,6,81,2.204359,2.204359,5.456542950810217e-08,2.4753422427155544e-08
EXP-EMBED-C1-FUSED-EQUIV-001,GOLD-MODEL-C1-B6-R01464,6,82,1.32649,1.32649,4.459381108823379e-08,3.3617902199212804e-08
EXP-EMBED-C1-FUSED-EQUIV-001,GOLD-MODEL-C1-B6-R01464,6,83,2.17829,2.17829,1.0971069341891848e-07,5.0365513048730185e-08
EXP-EMBED-C1-FUSED-EQUIV-001,GOLD-MODEL-C1-B6-R01464,6,84,4.441055,4.441055,1.78985596122061e-07,4.030249481757397e-08
EXP-EMBED-C1-FUSED-EQUIV-001,GOLD-MODEL-C1-B6-R01464,6,85,-1.243311,-1.243311,4.755401605827103e-08,3.8247884928445925e-08
EXP-EMBED-C1-FUSED-EQUIV-001,GOLD-MODEL-C1-B6-R01464,6,86,-1.752895,-1.752895,2.40325936928798e-09,1.3710230043944332e-09
EXP-EMBED-C1-FUSED-EQUIV-001,GOLD-MODEL-C1-B6-R01464,6,87,-5.58305,-5.58305,2.258300781932121e-07,4.044923083139361e-08
EXP-EMBED-C1-FUSED-EQUIV-001,GOLD-MODEL-C1-B6-R01464,6,88,6191.3843,6191.3843,2.265624971187208e-05,3.659318920305444e-09
EXP-EMBED-C1-FUSED-EQUIV-001,GOLD-MODEL-C1-B6-R01464,6,89,2.10673,2.10673,1.5716552947964146e-08,7.460164780472175e-09
EXP-EMBED-C1-FUSED-EQUIV-001,GOLD-MODEL-C1-B6-R01464,6,90,1.061156,1.061156,3.446960450403935e-08,3.248306988231641e-08
EXP-EMBED-C1-FUSED-EQUIV-001,GOLD-MODEL-C1-B6-R01464,6,91,1.765248,1.765248,5.8982849049371566e-08,3.341334988022735e-08
EXP-EMBED-C1-FUSED-EQUIV-001,GOLD-MODEL-C1-B6-R01464,6,92,4.087517,4.087517,2.1533203131696155e-07,5.2680400183524995e-08
EXP-EMBED-C1-FUSED-EQUIV-001,GOLD-MODEL-C1-B6-R01464,6,93,-0.963567,-0.963567,1.8508911181491783e-08,1.9208743327129078e-08
EXP-EMBED-C1-FUSED-EQUIV-001,GOLD-MODEL-C1-B6-R01464,6,94,-1.406268,-1.406268,6.027220944559986e-10,4.285968922396005e-10
EXP-EMBED-C1-FUSED-EQUIV-001,GOLD-MODEL-C1-B6-R01464,6,95,-4.849078,-4.849078,1.7840576127525765e-07,3.679168725998172e-08
EXP-EMBED-C1-FUSED-EQUIV-001,GOLD-MODEL-C1-B6-R01464,6,96,2323.7886,2323.7886,2.5781249860301614e-05,1.1094490204617414e-08
EXP-EMBED-C1-FUSED-EQUIV-001,GOLD-MODEL-C1-B6-R01464,6,97,1.715716,1.715716,4.371643047562657e-09,2.547999230386997e-09
EXP-EMBED-C1-FUSED-EQUIV-001,GOLD-MODEL-C1-B6-R01464,6,98,0.524571,0.524571,1.5296935940156686e-09,2.9160849418203993e-09
EXP-EMBED-C1-FUSED-EQUIV-001,GOLD-MODEL-C1-B6-R01464,6,99,1.221958,1.221958,4.1191100974558026e-08,3.370909718219286e-08
EXP-EMBED-C1-FUSED-EQUIV-001,GOLD-MODEL-C1-B6-R01464,6,100,3.130879,3.130879,7.467651386150465e-08,2.3851612873414986e-08
EXP-EMBED-C1-FUSED-EQUIV-001,GOLD-MODEL-C1-B6-R01464,6,101,-0.355727,-0.355727,1.287651063552886e-08,3.619773206849314e-08
EXP-EMBED-C1-FUSED-EQUIV-001,GOLD-MODEL-C1-B6-R01464,6,102,-0.688047,-0.688047,8.174896204415916e-09,1.1881304917274425e-08
EXP-EMBED-C1-FUSED-EQUIV-001,GOLD-MODEL-C1-B6-R01464,6,103,-2.744494,-2.744494,3.8665771473489485e-08,1.408848825083585e-08
EXP-EMBED-C1-FUSED-EQUIV-001,GOLD-MODEL-C1-B6-R01464,6,104,2374.4837,2374.4836,5.742187522628228e-05,2.4182888779688097e-08
EXP-EMBED-C1-FUSED-EQUIV-001,GOLD-MODEL-C1-B6-R01464,6,105,1.726529,1.726529,2.1896362500939404e-09,1.268230218023526e-09
EXP-EMBED-C1-FUSED-EQUIV-001,GOLD-MODEL-C1-B6-R01464,6,106,0.531889,0.531889,2.1396637017723208e-08,4.022763587463401e-08
EXP-EMBED-C1-FUSED-EQUIV-001,GOLD-MODEL-C1-B6-R01464,6,107,1.217432,1.217432,2.209472649283839e-08,1.8148632936244808e-08
EXP-EMBED-C1-FUSED-EQUIV-001,GOLD-MODEL-C1-B6-R01464,6,108,2.91402,2.91402,6.149292008927887e-08,2.1102435840961583e-08
EXP-EMBED-C1-FUSED-EQUIV-001,GOLD-MODEL-C1-B6-R01464,6,109,-0.364628,-0.364628,1.2853622444186641e-08,3.52513313409465e-08
EXP-EMBED-C1-FUSED-EQUIV-001,GOLD-MODEL-C1-B6-R01464,6,110,-0.633752,-0.633752,1.1589050274984913e-08,1.8286412153310622e-08
EXP-EMBED-C1-FUSED-EQUIV-001,GOLD-MODEL-C1-B6-R01464,6,111,-2.727491,-2.727491,9.805297862541806e-08,3.594988164045933e-08
EXP-EMBED-C1-FUSED-EQUIV-001,GOLD-MODEL-C1-B6-R01464,6,112,9731.9726,9731.973,5.625000085274223e-05,5.779917717066141e-09
EXP-EMBED-C1-FUSED-EQUIV-001,GOLD-MODEL-C1-B6-R01464,6,113,2.288101,2.288101,4.2129516764077835e-08,1.8412437547152784e-08
EXP-EMBED-C1-FUSED-EQUIV-001,GOLD-MODEL-C1-B6-R01464,6,114,1.741219,1.741219,4.3731689380877015e-08,2.5115559490722886e-08
EXP-EMBED-C1-FUSED-EQUIV-001,GOLD-MODEL-C1-B6-R01464,6,115,3.139313,3.139313,1.7440795918588492e-08,5.555609115302772e-09
EXP-EMBED-C1-FUSED-EQUIV-001,GOLD-MODEL-C1-B6-R01464,6,116,5.978112,5.978112,2.2076415984173536e-07,3.692874269363561e-08
EXP-EMBED-C1-FUSED-EQUIV-001,GOLD-MODEL-C1-B6-R01464,6,117,-1.564505,-1.564505,1.8959045444688627e-08,1.2118238960366779e-08
EXP-EMBED-C1-FUSED-EQUIV-001,GOLD-MODEL-C1-B6-R01464,6,118,-2.454011,-2.454011,3.6560058536139195e-08,1.4898082582408635e-08
EXP-EMBED-C1-FUSED-EQUIV-001,GOLD-MODEL-C1-B6-R01464,6,119,-7.197502,-7.197502,1.362304686836069e-07,1.892746520717978e-08
EXP-EMBED-C1-FUSED-EQUIV-001,GOLD-MODEL-C1-B6-R01464,6,120,8565.8233,8565.823,5.78125000174623e-05,6.749205300261365e-09
EXP-EMBED-C1-FUSED-EQUIV-001,GOLD-MODEL-C1-B6-R01464,6,121,2.241338,2.241338,1.4602661302376418e-08,6.515153583429371e-09
EXP-EMBED-C1-FUSED-EQUIV-001,GOLD-MODEL-C1-B6-R01464,6,122,1.574174,1.574174,4.6516418494846334e-08,2.9549731157322086e-08
EXP-EMBED-C1-FUSED-EQUIV-001,GOLD-MODEL-C1-B6-R01464,6,123,2.862124,2.862124,3.3782959096839704e-08,1.1803457536025589e-08
EXP-EMBED-C1-FUSED-EQUIV-001,GOLD-MODEL-C1-B6-R01464,6,124,5.481524,5.481524,9.368896769501589e-09,1.709177369195426e-09
EXP-EMBED-C1-FUSED-EQUIV-001,GOLD-MODEL-C1-B6-R01464,6,125,-1.385262,-1.385262,1.248168945977568e-08,9.01034566730025e-09
EXP-EMBED-C1-FUSED-EQUIV-001,GOLD-MODEL-C1-B6-R01464,6,126,-2.133837,-2.133837,1.5365600791739098e-08,7.2009252776754255e-09
EXP-EMBED-C1-FUSED-EQUIV-001,GOLD-MODEL-C1-B6-R01464,6,127,-6.016544,-6.016544,1.347961422482058e-07,2.2404247728962973e-08
EXP-EMBED-C1-FUSED-EQUIV-001,GOLD-MODEL-C1-B6-R01896,6,0,63594.8406,63594.84,0.0007562500031781383,1.1891688005553995e-08
EXP-EMBED-C1-FUSED-EQUIV-001,GOLD-MODEL-C1-B6-R01896,6,1,20.960941,20.960941,3.1469726735622316e-07,1.501350857083292e-08
EXP-EMBED-C1-FUSED-EQUIV-001,GOLD-MODEL-C1-B6-R01896,6,2,16.416042,16.416042,3.278808584639137e-07,1.9973198074414872e-08
EXP-EMBED-C1-FUSED-EQUIV-001,GOLD-MODEL-C1-B6-R01896,6,3,25.11178,25.11178,1.6662597701611048e-07,6.635371009785467e-09
EXP-EMBED-C1-FUSED-EQUIV-001,GOLD-MODEL-C1-B6-R01896,6,4,31.639258,31.639257,5.689697282207362e-07,1.798303007677159e-08
EXP-EMBED-C1-FUSED-EQUIV-001,GOLD-MODEL-C1-B6-R01896,6,5,-12.02688,-12.02688,2.6428222632546294e-07,2.1974296436437624e-08
EXP-EMBED-C1-FUSED-EQUIV-001,GOLD-MODEL-C1-B6-R01896,6,6,-16.616349,-16.616348,7.333984370916369e-07,4.413715895661778e-08
EXP-EMBED-C1-FUSED-EQUIV-001,GOLD-MODEL-C1-B6-R01896,6,7,-48.667892,-48.667892,4.560546855714165e-07,9.370750752290987e-09
EXP-EMBED-C1-FUSED-EQUIV-001,GOLD-MODEL-C1-B6-R01896,6,8,65325.9672,65325.97,0.0015500000008614734,2.372716497432086e-08
EXP-EMBED-C1-FUSED-EQUIV-001,GOLD-MODEL-C1-B6-R01896,6,9,19.430877,19.430878,6.855468761557404e-07,3.5281314176181573e-08
EXP-EMBED-C1-FUSED-EQUIV-001,GOLD-MODEL-C1-B6-R01896,6,10,17.9476,17.9476,5.88989259142636e-07,3.281715990676391e-08
EXP-EMBED-C1-FUSED-EQUIV-001,GOLD-MODEL-C1-B6-R01896,6,11,28.376965,28.376965,4.309082015652166e-07,1.5185140537940426e-08
EXP-EMBED-C1-FUSED-EQUIV-001,GOLD-MODEL-C1-B6-R01896,6,12,35.911026,35.911026,9.76562830601324e-10,2.7193955154645933e-11
EXP-EMBED-C1-FUSED-EQUIV-001,GOLD-MODEL-C1-B6-R01896,6,13,-12.049121,-12.049121,9.698486280740326e-08,8.049123484393862e-09
EXP-EMBED-C1-FUSED-EQUIV-001,GOLD-MODEL-C1-B6-R01896,6,14,-17.103302,-17.103302,1.953125661202648e-09,1.1419582377734125e-10
EXP-EMBED-C1-FUSED-EQUIV-001,GOLD-MODEL-C1-B6-R01896,6,15,-51.669552,-51.66955,1.5063476865861958e-07,2.9153488433307797e-09
EXP-EMBED-C1-FUSED-EQUIV-001,GOLD-MODEL-C1-B6-R01896,6,16,9608.6152,9608.615,3.4374999813735485e-05,3.5775186224270368e-09
EXP-EMBED-C1-FUSED-EQUIV-001,GOLD-MODEL-C1-B6-R01896,6,17,4.384125,4.384125,2.32696533153387e-07,5.307707539209922e-08
EXP-EMBED-C1-FUSED-EQUIV-001,GOLD-MODEL-C1-B6-R01896,6,18,2.88784,2.88784,3.25775144638385e-08,1.1280927774336007e-08
EXP-EMBED-C1-FUSED-EQUIV-001,GOLD-MODEL-C1-B6-R01896,6,19,5.086311,5.086311,1.3650512720175811e-07,2.683774688605516e-08
EXP-EMBED-C1-FUSED-EQUIV-001,GOLD-MODEL-C1-B6-R01896,6,20,8.793215,8.793215,2.020263671909106e-07,2.297525617091253e-08
EXP-EMBED-C1-FUSED-EQUIV-001,GOLD-MODEL-C1-B6-R01896,6,21,-1.719643,-1.719643,3.211975130312794e-09,1.8678150815679732e-09
EXP-EMBED-C1-FUSED-EQUIV-001,GOLD-MODEL-C1-B6-R01896,6,22,-2.932463,-2.932463,6.932067853071544e-08,2.3639063316643873e-08
EXP-EMBED-C1-FUSED-EQUIV-001,GOLD-MODEL-C1-B6-R01896,6,23,-9.834375,-9.834375,3.8146972691777137e-07,3.878942250196595e-08
EXP-EMBED-C1-FUSED-EQUIV-001,GOLD-MODEL-C1-B6-R01896,6,24,9918.9937,9918.994,0.00044062499910069164,4.442234892242059e-08
EXP-EMBED-C1-FUSED-EQUIV-001,GOLD-MODEL-C1-B6-R01896,6,25,4.304956,4.304956,4.0679931423426297e-08,9.449558003247025e-09
EXP-EMBED-C1-FUSED-EQUIV-001,GOLD-MODEL-C1-B6-R01896,6,26,2.942312,2.942312,2.1820070195133212e-09,7.415960712233514e-10
EXP-EMBED-C1-FUSED-EQUIV-001,GOLD-MODEL-C1-B6-R01896,6,27,5.150542,5.150542,2.1762084934096038e-07,4.225202888180708e-08
EXP-EMBED-C1-FUSED-EQUIV-001,GOLD-MODEL-C1-B6-R01896,6,28,8.381018,8.381018,3.150634757531634e-07,3.759250675194391e-08
EXP-EMBED-C1-FUSED-EQUIV-001,GOLD-MODEL-C1-B6-R01896,6,29,-1.742944,-1.742944,2.151489209012425e-09,1.234399503949883e-09
EXP-EMBED-C1-FUSED-EQUIV-001,GOLD-MODEL-C1-B6-R01896,6,30,-2.850934,-2.850934,2.8625488202038696e-08,1.004074040368479e-08
EXP-EMBED-C1-FUSED-EQUIV-001,GOLD-MODEL-C1-B6-R01896,6,31,-10.427226,-10.427226,6.65893562512565e-08,6.386104631400193e-09
EXP-EMBED-C1-FUSED-EQUIV-001,GOLD-MODEL-C1-B6-R01896,6,32,2286.2112,2286.2112,1.8359375189902494e-05,8.030480819052278e-09
EXP-EMBED-C1-FUSED-EQUIV-001,GOLD-MODEL-C1-B6-R01896,6,33,2.76012,2.76012,8.499145520701745e-08,3.079266669819336e-08
EXP-EMBED-C1-FUSED-EQUIV-001,GOLD-MODEL-C1-B6-R01896,6,34,0.700388,0.700388,1.431655882733196e-08,2.044089679910558e-08
EXP-EMBED-C1-FUSED-EQUIV-001,GOLD-MODEL-C1-B6-R01896,6,35,1.691096,1.691096,5.1780700616177455e-08,3.0619610368765263e-08
EXP-EMBED-C1-FUSED-EQUIV-001,GOLD-MODEL-C1-B6-R01896,6,36,4.320703,4.320703,2.9632568399051706e-08,6.858274775899132e-09
EXP-EMBED-C1-FUSED-EQUIV-001,GOLD-MODEL-C1-B6-R01896,6,37,-0.42691,-0.42691,1.296043394827251e-08,3.0358703118391484e-08
EXP-EMBED-C1-FUSED-EQUIV-001,GOLD-MODEL-C1-B6-R01896,6,38,-0.871327,-0.871327,1.702499385913825e-08,1.9539155631741296e-08
EXP-EMBED-C1-FUSED-EQUIV-001,GOLD-MODEL-C1-B6-R01896,6,39,-4.550631,-4.550631,4.629516592302707e-08,1.017335088760813e-08
EXP-EMBED-C1-FUSED-EQUIV-001,GOLD-MODEL-C1-B6-R01896,6,40,2323.9054,2323.9055,0.00011757812490031938,5.0595056451230494e-08
EXP-EMBED-C1-FUSED-EQUIV-001,GOLD-MODEL-C1-B6-R01896,6,41,2.74765,2.74765,9.193420424935539e-08,3.345921214468924e-08
EXP-EMBED-C1-FUSED-EQUIV-001,GOLD-MODEL-C1-B6-R01896,6,42,0.740824,0.740824,1.5853881873972853e-08,2.140033513219449e-08
EXP-EMBED-C1-FUSED-EQUIV-001,GOLD-MODEL-C1-B6-R01896,6,43,1.754351,1.754351,1.9859313971082315e-08,1.1320034571805935e-08
EXP-EMBED-C1-FUSED-EQUIV-001,GOLD-MODEL-C1-B6-R01896,6,44,4.19113,4.19113,1.6128540014648252e-07,3.848255724505861e-08
EXP-EMBED-C1-FUSED-EQUIV-001,GOLD-MODEL-C1-B6-R01896,6,45,-0.421809,-0.421809,1.2144088734622471e-08,2.8790492224259017e-08
EXP-EMBED-C1-FUSED-EQUIV-001,GOLD-MODEL-C1-B6-R01896,6,46,-0.913436,-0.913436,4.421234156559706e-09,4.840223241211979e-09
EXP-EMBED-C1-FUSED-EQUIV-001,GOLD-MODEL-C1-B6-R01896,6,47,-4.461577,-4.461577,6.13708497354537e-08,1.3755416467193933e-08
EXP-EMBED-C1-FUSED-EQUIV-001,GOLD-MODEL-C1-B6-R01896,6,48,14370.2072,14370.207,0.0001687500007392373,1.1743045760623221e-08
EXP-EMBED-C1-FUSED-EQUIV-001,GOLD-MODEL-C1-B6-R01896,6,49,5.071842,5.071842,1.9360351544150944e-07,3.8172229229835915e-08
EXP-EMBED-C1-FUSED-EQUIV-001,GOLD-MODEL-C1-B6-R01896,6,50,4.510698,4.510698,1.5835571254285696e-07,3.510669801943224e-08
EXP-EMBED-C1-FUSED-EQUIV-001,GOLD-MODEL-C1-B6-R01896,6,51,8.67566,8.67566,1.333618158128047e-07,1.5371950469797653e-08
EXP-EMBED-C1-FUSED-EQUIV-001,GOLD-MODEL-C1-B6-R01896,6,52,12.673768,12.673768,4.351806559554916e-08,3.4337117103255445e-09
EXP-EMBED-C1-FUSED-EQUIV-001,GOLD-MODEL-C1-B6-R01896,6,53,-2.796823,-2.796823,2.4749756022401925e-08,8.849239305598505e-09
EXP-EMBED-C1-FUSED-EQUIV-001,GOLD-MODEL-C1-B6-R01896,6,54,-4.719893,-4.719893,2.133178700347571e-08,4.51954885491593e-09
EXP-EMBED-C1-FUSED-EQUIV-001,GOLD-MODEL-C1-B6-R01896,6,55,-13.4639,-13.4639,3.875732428326728e-07,2.878610527653004e-08
EXP-EMBED-C1-FUSED-EQUIV-001,GOLD-MODEL-C1-B6-R01896,6,56,14885.1045,14885.1045,7.812499461579137e-06,5.248535179298967e-10
EXP-EMBED-C1-FUSED-EQUIV-001,GOLD-MODEL-C1-B6-R01896,6,57,4.793883,4.793883,1.5316772472573348e-07,3.1950659773243004e-08
EXP-EMBED-C1-FUSED-EQUIV-001,GOLD-MODEL-C1-B6-R01896,6,58,4.753366,4.753366,6.500243898699409e-09,1.367503343672549e-09
EXP-EMBED-C1-FUSED-EQUIV-001,GOLD-MODEL-C1-B6-R01896,6,59,9.46059,9.46059,3.6254882829211965e-07,3.8322010391753546e-08
EXP-EMBED-C1-FUSED-EQUIV-001,GOLD-MODEL-C1-B6-R01896,6,60,14.535671,14.535671,2.3413085870060968e-07,1.610733062825993e-08
EXP-EMBED-C1-FUSED-EQUIV-001,GOLD-MODEL-C1-B6-R01896,6,61,-2.971981,-2.971981,4.858398439111511e-08,1.634734017179622e-08
EXP-EMBED-C1-FUSED-EQUIV-001,GOLD-MODEL-C1-B6-R01896,6,62,-4.983888,-4.983888,1.492614742915066e-07,2.994880187747128e-08
EXP-EMBED-C1-FUSED-EQUIV-001,GOLD-MODEL-C1-B6-R01896,6,63,-14.786432,-14.786432,2.662353519866656e-07,1.8005381689556046e-08
EXP-EMBED-C1-FUSED-EQUIV-001,GOLD-MODEL-C1-B6-R01896,6,64,43620.1768,43620.176,0.001018750001094304,2.3355017696634004e-08
EXP-EMBED-C1-FUSED-EQUIV-001,GOLD-MODEL-C1-B6-R01896,6,65,13.180317,13.180317,7.495117237965587e-08,5.6865986136491155e-09
EXP-EMBED-C1-FUSED-EQUIV-001,GOLD-MODEL-C1-B6-R01896,6,66,10.918402,10.918402,2.8186035194721626e-07,2.5815165254697185e-08
EXP-EMBED-C1-FUSED-EQUIV-001,GOLD-MODEL-C1-B6-R01896,6,67,16.149791,16.149792,7.175292964234359e-07,4.442963357379893e-08
EXP-EMBED-C1-FUSED-EQUIV-001,GOLD-MODEL-C1-B6-R01896,6,68,19.662124,19.662125,6.337890638974386e-07,3.2234008080583696e-08
EXP-EMBED-C1-FUSED-EQUIV-001,GOLD-MODEL-C1-B6-R01896,6,69,-6.09964,-6.09964,1.0742187495083044e-07,1.7611182783054484e-08
EXP-EMBED-C1-FUSED-EQUIV-001,GOLD-MODEL-C1-B6-R01896,6,70,-8.416621,-8.416621,2.0819091872681383e-07,2.473568890969593e-08
EXP-EMBED-C1-FUSED-EQUIV-001,GOLD-MODEL-C1-B6-R01896,6,71,-25.45577,-25.45577,4.925537098188215e-07,1.934939347027497e-08
EXP-EMBED-C1-FUSED-EQUIV-001,GOLD-MODEL-C1-B6-R01896,6,72,27499.489,27499.488,0.0007187500013969839,2.6136849357345654e-08
EXP-EMBED-C1-FUSED-EQUIV-001,GOLD-MODEL-C1-B6-R01896,6,73,9.659117,9.659117,2.5500488298746404e-07,2.6400434220588076e-08
EXP-EMBED-C1-FUSED-EQUIV-001,GOLD-MODEL-C1-B6-R01896,6,74,6.592372,6.592372,5.938720715192858e-08,9.008473300949731e-09
EXP-EMBED-C1-FUSED-EQUIV-001,GOLD-MODEL-C1-B6-R01896,6,75,9.747411,9.747411,2.257690425722103e-07,2.316194962664551e-08
EXP-EMBED-C1-FUSED-EQUIV-001,GOLD-MODEL-C1-B6-R01896,6,76,12.783544,12.783544,4.132690420988183e-07,3.2328205863633614e-08
EXP-EMBED-C1-FUSED-EQUIV-001,GOLD-MODEL-C1-B6-R01896,6,77,-3.593253,-3.593253,1.0273742656607965e-07,2.8591759769234078e-08
EXP-EMBED-C1-FUSED-EQUIV-001,GOLD-MODEL-C1-B6-R01896,6,78,-5.120192,-5.120192,5.093383759202652e-08,9.94764211811325e-09
EXP-EMBED-C1-FUSED-EQUIV-001,GOLD-MODEL-C1-B6-R01896,6,79,-15.993525,-15.993525,4.486083984289735e-07,2.8049376133714956e-08
EXP-EMBED-C1-FUSED-EQUIV-001,GOLD-MODEL-C1-B6-R01896,6,80,12893.1519,12893.152,0.0004437499992491212,3.441749563573521e-08
EXP-EMBED-C1-FUSED-EQUIV-001,GOLD-MODEL-C1-B6-R01896,6,81,6.270977,6.270977,2.0263671629550117e-08,3.231342042802918e-09
EXP-EMBED-C1-FUSED-EQUIV-001,GOLD-MODEL-C1-B6-R01896,6,82,3.458037,3.458037,1.0043334963683037e-07,2.904345720905542e-08
EXP-EMBED-C1-FUSED-EQUIV-001,GOLD-MODEL-C1-B6-R01896,6,83,5.450359,5.450359,1.323547360598809e-07,2.4283673068119166e-08
EXP-EMBED-C1-FUSED-EQUIV-001,GOLD-MODEL-C1-B6-R01896,6,84,7.799136,7.799136,1.6180419937228407e-07,2.074642619032212e-08
EXP-EMBED-C1-FUSED-EQUIV-001,GOLD-MODEL-C1-B6-R01896,6,85,-2.076057,-2.076057,4.27551269943649e-08,2.0594389746700065e-08
EXP-EMBED-C1-FUSED-EQUIV-001,GOLD-MODEL-C1-B6-R01896,6,86,-3.094409,-3.094409,1.10473634684638e-08,3.5701044911851664e-09
EXP-EMBED-C1-FUSED-EQUIV-001,GOLD-MODEL-C1-B6-R01896,6,87,-7.491884,-7.491884,2.3156738304663804e-07,3.09090988390421e-08
EXP-EMBED-C1-FUSED-EQUIV-001,GOLD-MODEL-C1-B6-R01896,6,88,13283.8328,13283.833,0.00020781249986612238,1.564401652707661e-08
EXP-EMBED-C1-FUSED-EQUIV-001,GOLD-MODEL-C1-B6-R01896,6,89,7.283618,7.283618,2.6672362984925257e-08,3.6619662075805263e-09
EXP-EMBED-C1-FUSED-EQUIV-001,GOLD-MODEL-C1-B6-R01896,6,90,3.241449,3.241449,1.1766052265826943e-07,3.6298742524799694e-08
EXP-EMBED-C1-FUSED-EQUIV-001,GOLD-MODEL-C1-B6-R01896,6,91,5.345947,5.345947,2.1121215798558524e-07,3.950883874935259e-08
EXP-EMBED-C1-FUSED-EQUIV-001,GOLD-MODEL-C1-B6-R01896,6,92,7.658601,7.658601,1.9281005858573508e-07,2.5175623927364158e-08
EXP-EMBED-C1-FUSED-EQUIV-001,GOLD-MODEL-C1-B6-R01896,6,93,-2.139859,-2.139859,3.889465327588937e-08,1.817626921955576e-08
EXP-EMBED-C1-FUSED-EQUIV-001,GOLD-MODEL-C1-B6-R01896,6,94,-3.261626,-3.261626,5.172729355962247e-09,1.5859357743537262e-09
EXP-EMBED-C1-FUSED-EQUIV-001,GOLD-MODEL-C1-B6-R01896,6,95,-7.594424,-7.594424,2.2909545904781226e-07,3.0166271865754695e-08
EXP-EMBED-C1-FUSED-EQUIV-001,GOLD-MODEL-C1-B6-R01896,6,96,4326.4509,4326.4507,0.00021640624981955625,5.001934722512539e-08
EXP-EMBED-C1-FUSED-EQUIV-001,GOLD-MODEL-C1-B6-R01896,6,97,3.573656,3.573656,8.215332014671617e-08,2.298859211594965e-08
EXP-EMBED-C1-FUSED-EQUIV-001,GOLD-MODEL-C1-B6-R01896,6,98,1.537038,1.537038,3.1364440822301276e-08,2.0405767991618476e-08
EXP-EMBED-C1-FUSED-EQUIV-001,GOLD-MODEL-C1-B6-R01896,6,99,3.914206,3.914206,2.7984619066501182e-08,7.149500835291035e-09
EXP-EMBED-C1-FUSED-EQUIV-001,GOLD-MODEL-C1-B6-R01896,6,100,6.744494,6.744494,3.8665771917578695e-08,5.7329388857902004e-09
EXP-EMBED-C1-FUSED-EQUIV-001,GOLD-MODEL-C1-B6-R01896,6,101,-0.741987,-0.741987,1.0025024366200341e-08,1.3511051226234883e-08
EXP-EMBED-C1-FUSED-EQUIV-001,GOLD-MODEL-C1-B6-R01896,6,102,-1.251775,-1.251775,2.6321411050744814e-08,2.102727011702967e-08
EXP-EMBED-C1-FUSED-EQUIV-001,GOLD-MODEL-C1-B6-R01896,6,103,-3.1699,-3.1699,5.9509277505753744e-08,1.8773234961908496e-08
EXP-EMBED-C1-FUSED-EQUIV-001,GOLD-MODEL-C1-B6-R01896,6,104,4271.9348,4271.9346,0.00022968749999563443,5.3766621156211096e-08
EXP-EMBED-C1-FUSED-EQUIV-001,GOLD-MODEL-C1-B6-R01896,6,105,3.637586,3.637586,1.1679077127624282e-07,3.210666944403316e-08
EXP-EMBED-C1-FUSED-EQUIV-001,GOLD-MODEL-C1-B6-R01896,6,106,1.508246,1.508246,5.502319333494654e-08,3.64815774979324e-08
EXP-EMBED-C1-FUSED-EQUIV-001,GOLD-MODEL-C1-B6-R01896,6,107,3.651664,3.651664,1.863098164633925e-08,5.1020525564069566e-09
EXP-EMBED-C1-FUSED-EQUIV-001,GOLD-MODEL-C1-B6-R01896,6,108,5.900135,5.900135,4.0283203439628323e-08,6.827505377356336e-09
EXP-EMBED-C1-FUSED-EQUIV-001,GOLD-MODEL-C1-B6-R01896,6,109,-0.709831,-0.709831,6.256103413093683e-10,8.813511121793333e-10
EXP-EMBED-C1-FUSED-EQUIV-001,GOLD-MODEL-C1-B6-R01896,6,110,-1.189694,-1.189694,4.69741820996461e-08,3.948425569906724e-08
EXP-EMBED-C1-FUSED-EQUIV-001,GOLD-MODEL-C1-B6-R01896,6,111,-3.269781,-3.269781,1.1267089838895572e-07,3.4458239982725366e-08
EXP-EMBED-C1-FUSED-EQUIV-001,GOLD-MODEL-C1-B6-R01896,6,112,18995.2676,18995.268,2.1874999220017344e-05,1.1516025823198902e-09
EXP-EMBED-C1-FUSED-EQUIV-001,GOLD-MODEL-C1-B6-R01896,6,113,8.10147,8.10147,6.40869224355356e-09,7.910530118057043e-10
EXP-EMBED-C1-FUSED-EQUIV-001,GOLD-MODEL-C1-B6-R01896,6,114,5.397338,5.397338,8.648681681933112e-08,1.6023976415657332e-08
EXP-EMBED-C1-FUSED-EQUIV-001,GOLD-MODEL-C1-B6-R01896,6,115,9.569354,9.569354,5.7312011136900765e-08,5.989120178530417e-09
EXP-EMBED-C1-FUSED-EQUIV-001,GOLD-MODEL-C1-B6-R01896,6,116,12.777668,12.777668,7.324221229509931e-10,5.732048468867661e-11
EXP-EMBED-C1-FUSED-EQUIV-001,GOLD-MODEL-C1-B6-R01896,6,117,-3.34855,-3.34855,8.125305184236709e-08,2.4265145165031756e-08
EXP-EMBED-C1-FUSED-EQUIV-001,GOLD-MODEL-C1-B6-R01896,6,118,-5.453575,-5.453575,1.3427734391058266e-07,2.4621893695526817e-08
EXP-EMBED-C1-FUSED-EQUIV-001,GOLD-MODEL-C1-B6-R01896,6,119,-11.397138,-11.397138,3.5809326170976874e-07,3.141957759130132e-08
EXP-EMBED-C1-FUSED-EQUIV-001,GOLD-MODEL-C1-B6-R01896,6,120,18205.0635,18205.064,0.0009531249997962732,5.2354939591189734e-08
EXP-EMBED-C1-FUSED-EQUIV-001,GOLD-MODEL-C1-B6-R01896,6,121,8.147017,8.147017,4.747314452657747e-07,5.827058483685191e-08
EXP-EMBED-C1-FUSED-EQUIV-001,GOLD-MODEL-C1-B6-R01896,6,122,4.99329,4.99329,5.2490234381252776e-08,1.0512154187169737e-08
EXP-EMBED-C1-FUSED-EQUIV-001,GOLD-MODEL-C1-B6-R01896,6,123,8.709924,8.709924,2.5579834073141683e-07,2.9368607663099793e-08
EXP-EMBED-C1-FUSED-EQUIV-001,GOLD-MODEL-C1-B6-R01896,6,124,11.057972,11.057972,4.565429634340035e-08,4.128631935711209e-09
EXP-EMBED-C1-FUSED-EQUIV-001,GOLD-MODEL-C1-B6-R01896,6,125,-3.157928,-3.157928,1.004028327145079e-08,3.179389546389528e-09
EXP-EMBED-C1-FUSED-EQUIV-001,GOLD-MODEL-C1-B6-R01896,6,126,-5.055732,-5.055732,2.2662353504898647e-07,4.482506886223132e-08
EXP-EMBED-C1-FUSED-EQUIV-001,GOLD-MODEL-C1-B6-R01896,6,127,-10.783179,-10.783179,2.8314208933011287e-07,2.6257756579030437e-08
EXP-EMBED-C1-FUSED-EQUIV-001,GOLD-MODEL-C1-B10-R00000,10,0,12285.6582,12285.658,3.1250001484295353e-06,2.5436163838820906e-10
EXP-EMBED-C1-FUSED-EQUIV-001,GOLD-MODEL-C1-B10-R00000,10,1,4.076635,4.076635,1.1611938433020441e-07,2.8484125836677657e-08
EXP-EMBED-C1-FUSED-EQUIV-001,GOLD-MODEL-C1-B10-R00000,10,2,4.842317,4.842317,1.0433959918287883e-07,2.1547453250763803e-08
EXP-EMBED-C1-FUSED-EQUIV-001,GOLD-MODEL-C1-B10-R00000,10,3,7.509393,7.509393,2.1517944315263549e-07,2.8654705267474412e-08
EXP-EMBED-C1-FUSED-EQUIV-001,GOLD-MODEL-C1-B10-R00000,10,4,10.822436,10.822436,3.327026369959185e-07,3.074193619587295e-08
EXP-EMBED-C1-FUSED-EQUIV-001,GOLD-MODEL-C1-B10-R00000,10,5,-1.312657,-1.312657,1.365661583818678e-09,1.0403796146431842e-09
EXP-EMBED-C1-FUSED-EQUIV-001,GOLD-MODEL-C1-B10-R00000,10,6,-1.853717,-1.853717,3.050994878961433e-08,1.6458795376864066e-08
EXP-EMBED-C1-FUSED-EQUIV-001,GOLD-MODEL-C1-B10-R00000,10,7,-6.924985,-6.924985,6.805419960898007e-08,9.827342529836536e-09
EXP-EMBED-C1-FUSED-EQUIV-001,GOLD-MODEL-C1-B10-R00000,10,8,11800.9233,11800.923,0.0004484375003812602,3.8000204643416346e-08
EXP-EMBED-C1-FUSED-EQUIV-001,GOLD-MODEL-C1-B10-R00000,10,9,4.4835,4.4835,3.814697002724188e-09,8.508301556204277e-10
EXP-EMBED-C1-FUSED-EQUIV-001,GOLD-MODEL-C1-B10-R00000,10,10,5.722523,5.722523,2.124328615238369e-07,3.712223813234772e-08
EXP-EMBED-C1-FUSED-EQUIV-001,GOLD-MODEL-C1-B10-R00000,10,11,9.379276,9.379276,2.7563476479031124e-07,2.9387637680169685e-08
EXP-EMBED-C1-FUSED-EQUIV-001,GOLD-MODEL-C1-B10-R00000,10,12,12.391131,12.391131,4.010620120453723e-07,3.2366860784973725e-08
EXP-EMBED-C1-FUSED-EQUIV-001,GOLD-MODEL-C1-B10-R00000,10,13,-1.388754,-1.388754,1.0200500444312866e-08,7.34507367346043e-09
EXP-EMBED-C1-FUSED-EQUIV-001,GOLD-MODEL-C1-B10-R00000,10,14,-1.989407,-1.989407,5.6678771898077684e-08,2.8490284742175778e-08
EXP-EMBED-C1-FUSED-EQUIV-001,GOLD-MODEL-C1-B10-R00000,10,15,-6.051796,-6.051796,4.0527344147278654e-08,6.696746576929998e-09
EXP-EMBED-C1-FUSED-EQUIV-001,GOLD-MODEL-C1-B10-R00000,10,16,1376.0439,1376.044,4.531250010586518e-05,3.292954542065496e-08
EXP-EMBED-C1-FUSED-EQUIV-001,GOLD-MODEL-C1-B10-R00000,10,17,1.617861,1.617861,3.248596192051423e-08,2.007957539029263e-08
EXP-EMBED-C1-FUSED-EQUIV-001,GOLD-MODEL-C1-B10-R00000,10,18,1.071686,1.071686,2.9434204185108115e-08,2.74653249040373e-08
EXP-EMBED-C1-FUSED-EQUIV-001,GOLD-MODEL-C1-B10-R00000,10,19,2.691709,2.691709,4.159545907711504e-08,1.5453178288260373e-08
EXP-EMBED-C1-FUSED-EQUIV-001,GOLD-MODEL-C1-B10-R00000,10,20,5.254568,5.254568,9.99755860320306e-08,1.9026413975807453e-08
EXP-EMBED-C1-FUSED-EQUIV-001,GOLD-MODEL-C1-B10-R00000,10,21,-0.238784,-0.238784,2.7751922981877897e-10,1.1622186989864437e-09
EXP-EMBED-C1-FUSED-EQUIV-001,GOLD-MODEL-C1-B10-R00000,10,22,-0.502758,-0.502758,2.6123046836801223e-08,5.195948515349576e-08
EXP-EMBED-C1-FUSED-EQUIV-001,GOLD-MODEL-C1-B10-R00000,10,23,-2.692017,-2.692017,7.839965832090456e-08,2.912301754443028e-08
EXP-EMBED-C1-FUSED-EQUIV-001,GOLD-MODEL-C1-B10-R00000,10,24,1406.0798,1406.0798,3.398437502255547e-05,2.416959195527556e-08
EXP-EMBED-C1-FUSED-EQUIV-001,GOLD-MODEL-C1-B10-R00000,10,25,1.597323,1.597323,5.917358403273454e-08,3.7045471725339545e-08
EXP-EMBED-C1-FUSED-EQUIV-001,GOLD-MODEL-C1-B10-R00000,10,26,1.1252,1.1252,3.3187866232964325e-08,2.9495081970284685e-08
EXP-EMBED-C1-FUSED-EQUIV-001,GOLD-MODEL-C1-B10-R00000,10,27,2.875145,2.875145,4.150390608970156e-08,1.4435413201665155e-08
EXP-EMBED-C1-FUSED-EQUIV-001,GOLD-MODEL-C1-B10-R00000,10,28,6.113454,6.113454,1.3494873041253186e-07,2.2074056730046856e-08
EXP-EMBED-C1-FUSED-EQUIV-001,GOLD-MODEL-C1-B10-R00000,10,29,-0.241244,-0.241244,3.1766891617213133e-09,1.316795096135578e-08
EXP-EMBED-C1-FUSED-EQUIV-001,GOLD-MODEL-C1-B10-R00000,10,30,-0.53979,-0.53979,2.5310516349463796e-08,4.688956140251542e-08
EXP-EMBED-C1-FUSED-EQUIV-001,GOLD-MODEL-C1-B10-R00000,10,31,-3.087659,-3.087659,1.1785888665016842e-07,3.817095302627927e-08
EXP-EMBED-C1-FUSED-EQUIV-001,GOLD-MODEL-C1-B10-R00000,10,32,627.1431,627.1431,2.7441406245998223e-05,4.375621169394708e-08
EXP-EMBED-C1-FUSED-EQUIV-001,GOLD-MODEL-C1-B10-R00000,10,33,1.521896,1.521896,4.6768189321255704e-09,3.07302137079378e-09
EXP-EMBED-C1-FUSED-EQUIV-001,GOLD-MODEL-C1-B10-R00000,10,34,0.654415,0.654415,1.1405944855269468e-08,1.742922282537758e-08
EXP-EMBED-C1-FUSED-EQUIV-001,GOLD-MODEL-C1-B10-R00000,10,35,2.108112,2.108112,9.678649881550427e-08,4.591145955030106e-08
EXP-EMBED-C1-FUSED-EQUIV-001,GOLD-MODEL-C1-B10-R00000,10,36,4.64227,4.64227,8.819580088470502e-08,1.8998421221666346e-08
EXP-EMBED-C1-FUSED-EQUIV-001,GOLD-MODEL-C1-B10-R00000,10,37,-0.125025,-0.125025,4.148483279120541e-09,3.3181229986966934e-08
EXP-EMBED-C1-FUSED-EQUIV-001,GOLD-MODEL-C1-B10-R00000,10,38,-0.390274,-0.390274,1.1753082285181904e-08,3.011495074020279e-08
EXP-EMBED-C1-FUSED-EQUIV-001,GOLD-MODEL-C1-B10-R00000,10,39,-2.419372,-2.419372,8.175659171882899e-08,3.3792484875756593e-08
EXP-EMBED-C1-FUSED-EQUIV-001,GOLD-MODEL-C1-B10-R00000,10,40,539.4646,539.4646,3.906250185536919e-07,7.240975933429031e-10
EXP-EMBED-C1-FUSED-EQUIV-001,GOLD-MODEL-C1-B10-R00000,10,41,1.682275,1.682275,5.6838989292984365e-08,3.378697852193272e-08
EXP-EMBED-C1-FUSED-EQUIV-001,GOLD-MODEL-C1-B10-R00000,10,42,0.515317,0.515317,2.28004455316011e-08,4.424547517664098e-08
EXP-EMBED-C1-FUSED-EQUIV-001,GOLD-MODEL-C1-B10-R00000,10,43,1.645235,1.645235,5.756378174126553e-08,3.4988182078101626e-08
EXP-EMBED-C1-FUSED-EQUIV-001,GOLD-MODEL-C1-B10-R00000,10,44,3.817461,3.817461,1.3793945097262394e-08,3.613382061339302e-09
EXP-EMBED-C1-FUSED-EQUIV-001,GOLD-MODEL-C1-B10-R00000,10,45,-0.103626,-0.103626,2.0990371663032192e-09,2.0255892983452217e-08
EXP-EMBED-C1-FUSED-EQUIV-001,GOLD-MODEL-C1-B10-R00000,10,46,-0.33158,-0.33158,1.3036727919413238e-08,3.931699113159189e-08
EXP-EMBED-C1-FUSED-EQUIV-001,GOLD-MODEL-C1-B10-R00000,10,47,-2.090179,-2.090179,3.347778321227679e-08,1.6016706326241337e-08
EXP-EMBED-C1-FUSED-EQUIV-001,GOLD-MODEL-C1-B10-R00000,10,48,1800.6111,1800.6111,1.6015625078580342e-05,8.894549788447012e-09
EXP-EMBED-C1-FUSED-EQUIV-001,GOLD-MODEL-C1-B10-R00000,10,49,1.801916,1.801916,3.2272338135186374e-09,1.7910012528434384e-09
EXP-EMBED-C1-FUSED-EQUIV-001,GOLD-MODEL-C1-B10-R00000,10,50,1.788996,1.788996,1.8783569366576103e-08,1.0499503278138186e-08
EXP-EMBED-C1-FUSED-EQUIV-001,GOLD-MODEL-C1-B10-R00000,10,51,4.826689,4.826689,2.3352050781966227e-07,4.838109681805939e-08
EXP-EMBED-C1-FUSED-EQUIV-001,GOLD-MODEL-C1-B10-R00000,10,52,7.203587,7.203587,5.5206299087728894e-08,7.663723515483175e-09
EXP-EMBED-C1-FUSED-EQUIV-001,GOLD-MODEL-C1-B10-R00000,10,53,-0.332063,-0.332063,1.052665710155054e-08,3.170078298862126e-08
EXP-EMBED-C1-FUSED-EQUIV-001,GOLD-MODEL-C1-B10-R00000,10,54,-0.626726,-0.626726,2.830123901897963e-08,4.5157276096698764e-08
EXP-EMBED-C1-FUSED-EQUIV-001,GOLD-MODEL-C1-B10-R00000,10,55,-2.911391,-2.911391,1.98211669300008e-08,6.8081432311911386e-09
EXP-EMBED-C1-FUSED-EQUIV-001,GOLD-MODEL-C1-B10-R00000,10,56,1853.5234,1853.5234,3.749999996216502e-05,2.023173808443153e-08
EXP-EMBED-C1-FUSED-EQUIV-001,GOLD-MODEL-C1-B10-R00000,10,57,1.771225,1.771225,2.441406254938272e-08,1.3783716100090457e-08
EXP-EMBED-C1-FUSED-EQUIV-001,GOLD-MODEL-C1-B10-R00000,10,58,1.838251,1.838251,5.3176880676630844e-09,2.8927975927460854e-09
EXP-EMBED-C1-FUSED-EQUIV-001,GOLD-MODEL-C1-B10-R00000,10,59,5.086593,5.086593,1.5109252959888408e-07,2.970407296178092e-08
EXP-EMBED-C1-FUSED-EQUIV-001,GOLD-MODEL-C1-B10-R00000,10,60,8.09612,8.09612,1.193237313401596e-07,1.4738384725048493e-08
EXP-EMBED-C1-FUSED-EQUIV-001,GOLD-MODEL-C1-B10-R00000,10,61,-0.337872,-0.337872,1.4514923152297854e-09,4.2959828432950505e-09
EXP-EMBED-C1-FUSED-EQUIV-001,GOLD-MODEL-C1-B10-R00000,10,62,-0.679026,-0.679026,7.652282696390955e-09,1.1269498806217958e-08
EXP-EMBED-C1-FUSED-EQUIV-001,GOLD-MODEL-C1-B10-R00000,10,63,-3.402572,-3.402572,8.341979995662996e-08,2.451668912711618e-08
EXP-EMBED-C1-FUSED-EQUIV-001,GOLD-MODEL-C1-B10-R00000,10,64,14076.0683,14076.068,5.9374999182182364e-05,4.218152250808726e-09
EXP-EMBED-C1-FUSED-EQUIV-001,GOLD-MODEL-C1-B10-R00000,10,65,3.747051,3.747051,5.950928638753794e-10,1.588163235235868e-10
EXP-EMBED-C1-FUSED-EQUIV-001,GOLD-MODEL-C1-B10-R00000,10,66,5.657922,5.657922,2.089233399615864e-07,3.692580773676032e-08
EXP-EMBED-C1-FUSED-EQUIV-001,GOLD-MODEL-C1-B10-R00000,10,67,8.886663,8.886663,4.368896480144713e-07,4.916239628018653e-08
EXP-EMBED-C1-FUSED-EQUIV-001,GOLD-MODEL-C1-B10-R00000,10,68,12.997128,12.997128,4.6704101563932454e-07,3.593417065980458e-08
EXP-EMBED-C1-FUSED-EQUIV-001,GOLD-MODEL-C1-B10-R00000,10,69,-1.528725,-1.528725,2.8038025012833145e-08,1.8340790536449098e-08
EXP-EMBED-C1-FUSED-EQUIV-001,GOLD-MODEL-C1-B10-R00000,10,70,-2.374023,-2.374023,3.9337158419527896e-08,1.656983037633919e-08
EXP-EMBED-C1-FUSED-EQUIV-001,GOLD-MODEL-C1-B10-R00000,10,71,-11.116693,-11.116693,4.5697021455737286e-07,4.110666855308254e-08
EXP-EMBED-C1-FUSED-EQUIV-001,GOLD-MODEL-C1-B10-R00000,10,72,11212.5313,11212.531,5.000000055588316e-05,4.459296408464265e-09
EXP-EMBED-C1-FUSED-EQUIV-001,GOLD-MODEL-C1-B10-R00000,10,73,3.634597,3.634597,6.306457533966636e-08,1.735118785924997e-08
EXP-EMBED-C1-FUSED-EQUIV-001,GOLD-MODEL-C1-B10-R00000,10,74,4.259145,4.259145,2.1697998064951207e-07,5.094449253301122e-08
EXP-EMBED-C1-FUSED-EQUIV-001,GOLD-MODEL-C1-B10-R00000,10,75,6.428518,6.428518,1.8154907266421105e-07,2.824120157464147e-08
EXP-EMBED-C1-FUSED-EQUIV-001,GOLD-MODEL-C1-B10-R00000,10,76,9.466147,9.466147,4.227905279208244e-07,4.466342302954142e-08
EXP-EMBED-C1-FUSED-EQUIV-001,GOLD-MODEL-C1-B10-R00000,10,77,-1.160674,-1.160674,2.4055480940532448e-08,2.0725441373316236e-08
EXP-EMBED-C1-FUSED-EQUIV-001,GOLD-MODEL-C1-B10-R00000,10,78,-1.910749,-1.910749,4.141235354637729e-08,2.167336136058545e-08
EXP-EMBED-C1-FUSED-EQUIV-001,GOLD-MODEL-C1-B10-R00000,10,79,-7.92873,-7.92873,1.0986328291551217e-08,1.3856353150569155e-09
EXP-EMBED-C1-FUSED-EQUIV-001,GOLD-MODEL-C1-B10-R00000,10,80,1580.4724,1580.4724,1.2109374893043423e-05,7.66187052241053e-09
EXP-EMBED-C1-FUSED-EQUIV-001,GOLD-MODEL-C1-B10-R00000,10,81,1.665219,1.665219,5.0682067875840175e-08,3.043567715468066e-08
EXP-EMBED-C1-FUSED-EQUIV-001,GOLD-MODEL-C1-B10-R00000,10,82,1.096551,1.096551,5.8532714897197025e-08,5.3378926194218984e-08
EXP-EMBED-C1-FUSED-EQUIV-001,GOLD-MODEL-C1-B10-R00000,10,83,2.64016,2.64016,8.377075211285501e-08,3.172942250199041e-08
EXP-EMBED-C1-FUSED-EQUIV-001,GOLD-MODEL-C1-B10-R00000,10,84,4.979348,4.979348,1.8267822277096002e-07,3.668717727119294e-08
EXP-EMBED-C1-FUSED-EQUIV-001,GOLD-MODEL-C1-B10-R00000,10,85,-0.259215,-0.259215,2.708435031806289e-09,1.0448604563031804e-08
EXP-EMBED-C1-FUSED-EQUIV-001,GOLD-MODEL-C1-B10-R00000,10,86,-0.591381,-0.591381,1.3393402054084902e-08,2.2647670544175244e-08
EXP-EMBED-C1-FUSED-EQUIV-001,GOLD-MODEL-C1-B10-R00000,10,87,-3.949096,-3.949096,3.556823724437663e-08,9.006678299128872e-09
EXP-EMBED-C1-FUSED-EQUIV-001,GOLD-MODEL-C1-B10-R00000,10,88,1265.0924,1265.0924,7.226562502182787e-06,5.712280385355874e-09
EXP-EMBED-C1-FUSED-EQUIV-001,GOLD-MODEL-C1-B10-R00000,10,89,1.651775,1.651775,2.479553229406406e-09,1.5011446652276528e-09
EXP-EMBED-C1-FUSED-EQUIV-001,GOLD-MODEL-C1-B10-R00000,10,90,0.937309,0.937309,2.6718139700676602e-08,2.8505156464598766e-08
EXP-EMBED-C1-FUSED-EQUIV-001,GOLD-MODEL-C1-B10-R00000,10,91,2.323621,2.323621,3.4622192224276205e-08,1.4900102996261525e-08
EXP-EMBED-C1-FUSED-EQUIV-001,GOLD-MODEL-C1-B10-R00000,10,92,5.073649,5.073649,7.040405236580227e-08,1.3876413675010289e-08
EXP-EMBED-C1-FUSED-EQUIV-001,GOLD-MODEL-C1-B10-R00000,10,93,-0.213805,-0.213805,4.9543380786776225e-09,2.317222739729016e-08
EXP-EMBED-C1-FUSED-EQUIV-001,GOLD-MODEL-C1-B10-R00000,10,94,-0.486809,-0.486809,1.4528274527858542e-08,2.984389057691732e-08
EXP-EMBED-C1-FUSED-EQUIV-001,GOLD-MODEL-C1-B10-R00000,10,95,-3.713366,-3.713366,3.164672834898852e-08,8.522383290251625e-09
EXP-EMBED-C1-FUSED-EQUIV-001,GOLD-MODEL-C1-B10-R00000,10,96,685.8847,685.8847,4.5898437974756234e-06,6.691859138242366e-09
EXP-EMBED-C1-FUSED-EQUIV-001,GOLD-MODEL-C1-B10-R00000,10,97,1.646146,1.646146,5.9036254773658925e-08,3.5863316360553024e-08
EXP-EMBED-C1-FUSED-EQUIV-001,GOLD-MODEL-C1-B10-R00000,10,98,0.68934,0.68934,4.615783644190685e-09,6.695946331550012e-09
EXP-EMBED-C1-FUSED-EQUIV-001,GOLD-MODEL-C1-B10-R00000,10,99,2.349164,2.349164,9.094238251350362e-09,3.871265799812342e-09
EXP-EMBED-C1-FUSED-EQUIV-001,GOLD-MODEL-C1-B10-R00000,10,100,5.722172,5.722172,2.1655273396703478e-07,3.784449925081504e-08
EXP-EMBED-C1-FUSED-EQUIV-001,GOLD-MODEL-C1-B10-R00000,10,101,-0.139009,-0.139009,1.1291503843047224e-09,8.122858119292438e-09
EXP-EMBED-C1-FUSED-EQUIV-001,GOLD-MODEL-C1-B10-R00000,10,102,-0.465744,-0.465744,1.1247634879030244e-08,2.4149822389617997e-08
EXP-EMBED-C1-FUSED-EQUIV-001,GOLD-MODEL-C1-B10-R00000,10,103,-3.800066,-3.800066,5.73730485342594e-09,1.5097908440079565e-09
EXP-EMBED-C1-FUSED-EQUIV-001,GOLD-MODEL-C1-B10-R00000,10,104,707.645,707.645,1.9531250018189894e-05,2.7600350483914808e-08
EXP-EMBED-C1-FUSED-EQUIV-001,GOLD-MODEL-C1-B10-R00000,10,105,1.711209,1.711209,5.876159669959691e-08,3.4339228404944635e-08
EXP-EMBED-C1-FUSED-EQUIV-001,GOLD-MODEL-C1-B10-R00000,10,106,0.682624,0.682624,1.757049561401658e-08,2.5739639412057853e-08
EXP-EMBED-C1-FUSED-EQUIV-001,GOLD-MODEL-C1-B10-R00000,10,107,2.324433,2.324433,8.830261233327974e-08,3.7988882593423745e-08
EXP-EMBED-C1-FUSED-EQUIV-001,GOLD-MODEL-C1-B10-R00000,10,108,5.518862,5.518862,2.2937011756596348e-07,4.1561125747656574e-08
EXP-EMBED-C1-FUSED-EQUIV-001,GOLD-MODEL-C1-B10-R00000,10,109,-0.141492,-0.141492,5.738258368470639e-09,4.055535555699713e-08
EXP-EMBED-C1-FUSED-EQUIV-001,GOLD-MODEL-C1-B10-R00000,10,110,-0.409681,-0.409681,7.635116594517655e-09,1.863673588601291e-08
EXP-EMBED-C1-FUSED-EQUIV-001,GOLD-MODEL-C1-B10-R00000,10,111,-3.123773,-3.123773,9.799194344850548e-08,3.136973891781044e-08
EXP-EMBED-C1-FUSED-EQUIV-001,GOLD-MODEL-C1-B10-R00000,10,112,2018.0422,2018.0422,3.6328124906503945e-05,1.8001667609579196e-08
EXP-EMBED-C1-FUSED-EQUIV-001,GOLD-MODEL-C1-B10-R00000,10,113,1.836452,1.836452,7.293701198562985e-09,3.9716263744236085e-09
EXP-EMBED-C1-FUSED-EQUIV-001,GOLD-MODEL-C1-B10-R00000,10,114,1.83872,1.83872,3.597259512488904e-08,1.9563933130051908e-08
EXP-EMBED-C1-FUSED-EQUIV-001,GOLD-MODEL-C1-B10-R00000,10,115,4.993373,4.993373,8.282470709275458e-08,1.6586925729913342e-08
EXP-EMBED-C1-FUSED-EQUIV-001,GOLD-MODEL-C1-B10-R00000,10,116,7.822702,7.822702,6.900024374090208e-08,8.820512879169126e-09
EXP-EMBED-C1-FUSED-EQUIV-001,GOLD-MODEL-C1-B10-R00000,10,117,-0.349244,-0.349244,1.472473143415698e-09,4.216173057849807e-09
EXP-EMBED-C1-FUSED-EQUIV-001,GOLD-MODEL-C1-B10-R00000,10,118,-0.747592,-0.747592,2.764892581552658e-08,3.698397764492742e-08
EXP-EMBED-C1-FUSED-EQUIV-001,GOLD-MODEL-C1-B10-R00000,10,119,-3.440387,-3.440387,1.0574340958413586e-08,3.073590546183783e-09
EXP-EMBED-C1-FUSED-EQUIV-001,GOLD-MODEL-C1-B10-R00000,10,120,1784.5324,1784.5323,5.1367187552386895e-05,2.8784676340080402e-08
EXP-EMBED-C1-FUSED-EQUIV-001,GOLD-MODEL-C1-B10-R00000,10,121,1.907,1.907,5.435943606357796e-08,2.8505210311262695e-08
EXP-EMBED-C1-FUSED-EQUIV-001,GOLD-MODEL-C1-B10-R00000,10,122,1.7292,1.7292,5.531310964812519e-09,3.1987687744694188e-09
EXP-EMBED-C1-FUSED-EQUIV-001,GOLD-MODEL-C1-B10-R00000,10,123,4.881194,4.881194,1.1468505878298174e-07,2.3495287993671577e-08
EXP-EMBED-C1-FUSED-EQUIV-001,GOLD-MODEL-C1-B10-R00000,10,124,8.623828,8.623828,6.573486288630193e-08,7.622469150161846e-09
EXP-EMBED-C1-FUSED-EQUIV-001,GOLD-MODEL-C1-B10-R00000,10,125,-0.31411,-0.31411,1.0862350463547443e-08,3.458135832526008e-08
EXP-EMBED-C1-FUSED-EQUIV-001,GOLD-MODEL-C1-B10-R00000,10,126,-0.661556,-0.661556,5.4779052405251605e-09,8.280334908193955e-09
EXP-EMBED-C1-FUSED-EQUIV-001,GOLD-MODEL-C1-B10-R00000,10,127,-3.521663,-3.521663,4.94842531395534e-08,1.4051387977655272e-08
EXP-EMBED-C1-FUSED-EQUIV-001,GOLD-MODEL-C1-B10-R00009,10,0,14486.7627,14486.763,4.687499313149601e-06,3.2357120843496675e-10
EXP-EMBED-C1-FUSED-EQUIV-001,GOLD-MODEL-C1-B10-R00009,10,1,2.793353,2.793353,8.074951152181598e-08,2.8907736158593623e-08
EXP-EMBED-C1-FUSED-EQUIV-001,GOLD-MODEL-C1-B10-R00009,10,2,3.053303,3.053303,3.3111571262622874e-09,1.0844508803293638e-09
EXP-EMBED-C1-FUSED-EQUIV-001,GOLD-MODEL-C1-B10-R00009,10,3,3.920557,3.920557,2.209472649283839e-08,5.6356090455612275e-09
EXP-EMBED-C1-FUSED-EQUIV-001,GOLD-MODEL-C1-B10-R00009,10,4,7.333583,7.333583,1.2188720699413125e-07,1.6620416922278136e-08
EXP-EMBED-C1-FUSED-EQUIV-001,GOLD-MODEL-C1-B10-R00009,10,5,-2.351053,-2.351053,5.035398764619003e-10,2.141763186376064e-10
EXP-EMBED-C1-FUSED-EQUIV-001,GOLD-MODEL-C1-B10-R00009,10,6,-3.434123,-3.434123,3.9245605432114417e-08,1.1428130393732087e-08
EXP-EMBED-C1-FUSED-EQUIV-001,GOLD-MODEL-C1-B10-R00009,10,7,-10.785716,-10.785716,5.68237297216001e-08,5.26842443483586e-09
EXP-EMBED-C1-FUSED-EQUIV-001,GOLD-MODEL-C1-B10-R00009,10,8,9258.1387,9258.139,2.8124999516876414e-05,3.0378675917737563e-09
EXP-EMBED-C1-FUSED-EQUIV-001,GOLD-MODEL-C1-B10-R00009,10,9,2.369481,2.369481,8.673095708289225e-08,3.6603356212981764e-08
EXP-EMBED-C1-FUSED-EQUIV-001,GOLD-MODEL-C1-B10-R00009,10,10,2.298803,2.298803,9.104919440616754e-08,3.960721923808501e-08
EXP-EMBED-C1-FUSED-EQUIV-001,GOLD-MODEL-C1-B10-R00009,10,11,3.214485,3.214485,6.996154766625295e-08,2.1764465432644096e-08
EXP-EMBED-C1-FUSED-EQUIV-001,GOLD-MODEL-C1-B10-R00009,10,12,6.630101,6.630101,2.0391845723111146e-07,3.075646317169399e-08
EXP-EMBED-C1-FUSED-EQUIV-001,GOLD-MODEL-C1-B10-R00009,10,13,-1.674779,-1.674779,5.750274656435295e-08,3.433452805674835e-08
EXP-EMBED-C1-FUSED-EQUIV-001,GOLD-MODEL-C1-B10-R00009,10,14,-2.557549,-2.557549,2.1362289714943472e-10,8.35264142151078e-11
EXP-EMBED-C1-FUSED-EQUIV-001,GOLD-MODEL-C1-B10-R00009,10,15,-6.742572,-6.742572,1.692504882910839e-07,2.5101769516303855e-08
EXP-EMBED-C1-FUSED-EQUIV-001,GOLD-MODEL-C1-B10-R00009,10,16,19878.7695,19878.77,3.125000148429535e-05,1.572028967099566e-09
EXP-EMBED-C1-FUSED-EQUIV-001,GOLD-MODEL-C1-B10-R00009,10,17,7.004739,7.004739,1.9232177717043442e-07,2.7455951916328993e-08
EXP-EMBED-C1-FUSED-EQUIV-001,GOLD-MODEL-C1-B10-R00009,10,18,4.961402,4.961402,6.060790980200181e-08,1.2215883696181406e-08
EXP-EMBED-C1-FUSED-EQUIV-001,GOLD-MODEL-C1-B10-R00009,10,19,6.534513,6.534513,3.3264155874235257e-09,5.09053327680812e-10
EXP-EMBED-C1-FUSED-EQUIV-001,GOLD-MODEL-C1-B10-R00009,10,20,9.304534,9.304534,4.156494171070335e-08,4.4671707052393324e-09
EXP-EMBED-C1-FUSED-EQUIV-001,GOLD-MODEL-C1-B10-R00009,10,21,-2.989717,-2.989717,6.683349429437158e-09,2.2354455051890053e-09
EXP-EMBED-C1-FUSED-EQUIV-001,GOLD-MODEL-C1-B10-R00009,10,22,-4.713965,-4.713965,6.088256832015304e-08,1.2915362825170115e-08
EXP-EMBED-C1-FUSED-EQUIV-001,GOLD-MODEL-C1-B10-R00009,10,23,-12.180644,-12.180644,3.533935633015517e-08,2.9012715854888437e-09
EXP-EMBED-C1-FUSED-EQUIV-001,GOLD-MODEL-C1-B10-R00009,10,24,22155.6492,22155.648,0.0007624999998370185,3.441560177063187e-08
EXP-EMBED-C1-FUSED-EQUIV-001,GOLD-MODEL-C1-B10-R00009,10,25,7.291141,7.291141,3.3172607771803087e-08,4.549714204100989e-09
EXP-EMBED-C1-FUSED-EQUIV-001,GOLD-MODEL-C1-B10-R00009,10,26,5.495138,5.495138,1.6833496108148438e-07,3.063343651815193e-08
EXP-EMBED-C1-FUSED-EQUIV-001,GOLD-MODEL-C1-B10-R00009,10,27,7.13562,7.13562,1.1718749970413e-07,1.642288963035167e-08
EXP-EMBED-C1-FUSED-EQUIV-001,GOLD-MODEL-C1-B10-R00009,10,28,11.34121,11.34121,3.6529540992091825e-07,3.220956228840822e-08
EXP-EMBED-C1-FUSED-EQUIV-001,GOLD-MODEL-C1-B10-R00009,10,29,-3.270437,-3.270437,2.1820070195133212e-09,6.67191271231741e-10
EXP-EMBED-C1-FUSED-EQUIV-001,GOLD-MODEL-C1-B10-R00009,10,30,-4.955345,-4.955345,1.5380859341718178e-07,3.1038927343541526e-08
EXP-EMBED-C1-FUSED-EQUIV-001,GOLD-MODEL-C1-B10-R00009,10,31,-12.841958,-12.841958,4.595947267205247e-08,3.5788524360578404e-09
EXP-EMBED-C1-FUSED-EQUIV-001,GOLD-MODEL-C1-B10-R00009,10,32,5649.3723,5649.372,0.00022968749999563443,4.065717177032826e-08
EXP-EMBED-C1-FUSED-EQUIV-001,GOLD-MODEL-C1-B10-R00009,10,33,4.884459,4.884459,1.8707275728502282e-08,3.829958594903199e-09
EXP-EMBED-C1-FUSED-EQUIV-001,GOLD-MODEL-C1-B10-R00009,10,34,1.48356,1.48356,3.391265868124549e-08,2.285897347006221e-08
EXP-EMBED-C1-FUSED-EQUIV-001,GOLD-MODEL-C1-B10-R00009,10,35,2.756423,2.756423,3.4790037517495875e-09,1.262144363092888e-09
EXP-EMBED-C1-FUSED-EQUIV-001,GOLD-MODEL-C1-B10-R00009,10,36,4.370304,4.370304,1.0766601565848077e-07,2.4635818391233373e-08
EXP-EMBED-C1-FUSED-EQUIV-001,GOLD-MODEL-C1-B10-R00009,10,37,-1.439113,-1.439113,2.0896911534507012e-08,1.4520688461925513e-08
EXP-EMBED-C1-FUSED-EQUIV-001,GOLD-MODEL-C1-B10-R00009,10,38,-2.478915,-2.478915,2.388000508446453e-08,9.633248854625725e-09
EXP-EMBED-C1-FUSED-EQUIV-001,GOLD-MODEL-C1-B10-R00009,10,39,-5.645035,-5.645035,2.099609375250111e-07,3.7193912442528896e-08
EXP-EMBED-C1-FUSED-EQUIV-001,GOLD-MODEL-C1-B10-R00009,10,40,4753.0469,4753.047,2.500000027794158e-05,5.259784050929853e-09
EXP-EMBED-C1-FUSED-EQUIV-001,GOLD-MODEL-C1-B10-R00009,10,41,5.26232,5.26232,4.165649425402762e-08,7.915994134531466e-09
EXP-EMBED-C1-FUSED-EQUIV-001,GOLD-MODEL-C1-B10-R00009,10,42,1.188842,1.188842,5.8181762740971976e-08,4.893986142899727e-08
EXP-EMBED-C1-FUSED-EQUIV-001,GOLD-MODEL-C1-B10-R00009,10,43,2.070184,2.070184,7.614135544287137e-09,3.6779994166156913e-09
EXP-EMBED-C1-FUSED-EQUIV-001,GOLD-MODEL-C1-B10-R00009,10,44,4.017109,4.017109,8.276367147175279e-08,2.060279456488554e-08
EXP-EMBED-C1-FUSED-EQUIV-001,GOLD-MODEL-C1-B10-R00009,10,45,-1.200229,-1.200229,4.872894288077134e-08,4.05997046236771e-08
EXP-EMBED-C1-FUSED-EQUIV-001,GOLD-MODEL-C1-B10-R00009,10,46,-2.100849,-2.100849,8.680725116505528e-08,4.132008115055164e-08
EXP-EMBED-C1-FUSED-EQUIV-001,GOLD-MODEL-C1-B10-R00009,10,47,-4.20886,-4.20886,7.949829061715263e-08,1.8888319073847227e-08
EXP-EMBED-C1-FUSED-EQUIV-001,GOLD-MODEL-C1-B10-R00009,10,48,17710.6123,17710.611,0.0009718750006868504,5.4875290827006044e-08
EXP-EMBED-C1-FUSED-EQUIV-001,GOLD-MODEL-C1-B10-R00009,10,49,5.964146,5.964146,1.372375484365307e-07,2.301042738332205e-08
EXP-EMBED-C1-FUSED-EQUIV-001,GOLD-MODEL-C1-B10-R00009,10,50,5.428377,5.428377,1.5148925758268206e-07,2.7906915378700125e-08
EXP-EMBED-C1-FUSED-EQUIV-001,GOLD-MODEL-C1-B10-R00009,10,51,8.088462,8.088462,1.240844724748058e-07,1.5340922968396936e-08
EXP-EMBED-C1-FUSED-EQUIV-001,GOLD-MODEL-C1-B10-R00009,10,52,11.175074,11.175074,3.7634277383347126e-07,3.367698270574953e-08
EXP-EMBED-C1-FUSED-EQUIV-001,GOLD-MODEL-C1-B10-R00009,10,53,-3.252094,-3.252094,3.038024898316394e-08,9.341749956539982e-09
EXP-EMBED-C1-FUSED-EQUIV-001,GOLD-MODEL-C1-B10-R00009,10,54,-5.798944,-5.798944,3.5705562950738567e-09,6.157252587839884e-10
EXP-EMBED-C1-FUSED-EQUIV-001,GOLD-MODEL-C1-B10-R00009,10,55,-12.076093,-12.076093,2.799682619070154e-07,2.3183678852673245e-08
EXP-EMBED-C1-FUSED-EQUIV-001,GOLD-MODEL-C1-B10-R00009,10,56,20094.2537,20094.254,0.0002062499988824129,1.026412834045252e-08
EXP-EMBED-C1-FUSED-EQUIV-001,GOLD-MODEL-C1-B10-R00009,10,57,6.35116,6.35116,4.943847642380206e-08,7.784164849224718e-09
EXP-EMBED-C1-FUSED-EQUIV-001,GOLD-MODEL-C1-B10-R00009,10,58,6.003283,6.003283,2.3834228812802394e-08,3.970199108188369e-09
EXP-EMBED-C1-FUSED-EQUIV-001,GOLD-MODEL-C1-B10-R00009,10,59,8.672685,8.672685,3.3050537062706553e-07,3.810877146201731e-08
EXP-EMBED-C1-FUSED-EQUIV-001,GOLD-MODEL-C1-B10-R00009,10,60,12.355134,12.355134,1.0314941789602017e-08,8.348708957427752e-10
EXP-EMBED-C1-FUSED-EQUIV-001,GOLD-MODEL-C1-B10-R00009,10,61,-3.612986,-3.612986,8.779907245681784e-08,2.4300972230951862e-08
EXP-EMBED-C1-FUSED-EQUIV-001,GOLD-MODEL-C1-B10-R00009,10,62,-6.079164,-6.079164,2.816772504132814e-08,4.6334866177862845e-09
EXP-EMBED-C1-FUSED-EQUIV-001,GOLD-MODEL-C1-B10-R00009,10,63,-12.907479,-12.907479,2.861938472875636e-07,2.2172714539187985e-08
EXP-EMBED-C1-FUSED-EQUIV-001,GOLD-MODEL-C1-B10-R00009,10,64,11086.4638,11086.464,6.71875004627509e-05,6.060318391401856e-09
EXP-EMBED-C1-FUSED-EQUIV-001,GOLD-MODEL-C1-B10-R00009,10,65,2.082188,2.082188,1.0899353020121794e-07,5.234567205325261e-08
EXP-EMBED-C1-FUSED-EQUIV-001,GOLD-MODEL-C1-B10-R00009,10,66,2.498958,2.498958,1.1080932615925576e-07,4.434221229778802e-08
EXP-EMBED-C1-FUSED-EQUIV-001,GOLD-MODEL-C1-B10-R00009,10,67,3.405017,3.405017,1.0089111324163014e-07,2.963013495722052e-08
EXP-EMBED-C1-FUSED-EQUIV-001,GOLD-MODEL-C1-B10-R00009,10,68,7.872439,7.872439,9.237670894890471e-08,1.1734191773210908e-08
EXP-EMBED-C1-FUSED-EQUIV-001,GOLD-MODEL-C1-B10-R00009,10,69,-2.167313,-2.167313,9.890747065810501e-08,4.563598827585356e-08
EXP-EMBED-C1-FUSED-EQUIV-001,GOLD-MODEL-C1-B10-R00009,10,70,-3.427993,-3.427993,5.9158325349528695e-08,1.725742303135645e-08
EXP-EMBED-C1-FUSED-EQUIV-001,GOLD-MODEL-C1-B10-R00009,10,71,-12.014324,-12.014324,1.88232421649559e-07,1.5667333563632794e-08
EXP-EMBED-C1-FUSED-EQUIV-001,GOLD-MODEL-C1-B10-R00009,10,72,11517.0615,11517.062,2.3437500203726813e-05,2.0350243162048595e-09
EXP-EMBED-C1-FUSED-EQUIV-001,GOLD-MODEL-C1-B10-R00009,10,73,2.280105,2.280105,1.1398315447053164e-07,4.999030942457986e-08
EXP-EMBED-C1-FUSED-EQUIV-001,GOLD-MODEL-C1-B10-R00009,10,74,2.490309,2.490309,1.525890525044815e-11,6.127314020247348e-12
EXP-EMBED-C1-FUSED-EQUIV-001,GOLD-MODEL-C1-B10-R00009,10,75,3.385541,3.385541,3.778076163030164e-08,1.115944589957754e-08
EXP-EMBED-C1-FUSED-EQUIV-001,GOLD-MODEL-C1-B10-R00009,10,76,7.727021,7.727021,2.1734619171098757e-07,2.8128070534684398e-08
EXP-EMBED-C1-FUSED-EQUIV-001,GOLD-MODEL-C1-B10-R00009,10,77,-1.93766,-1.93766,2.113342278953212e-08,1.0906672372620645e-08
EXP-EMBED-C1-FUSED-EQUIV-001,GOLD-MODEL-C1-B10-R00009,10,78,-3.007474,-3.007474,5.438232442145363e-08,1.808239220736526e-08
EXP-EMBED-C1-FUSED-EQUIV-001,GOLD-MODEL-C1-B10-R00009,10,79,-10.65752,-10.65752,2.941894532426659e-07,2.7603931612857952e-08
EXP-EMBED-C1-FUSED-EQUIV-001,GOLD-MODEL-C1-B10-R00009,10,80,13300.6604,13300.66,0.00024375000066356733,1.8326157749548083e-08
EXP-EMBED-C1-FUSED-EQUIV-001,GOLD-MODEL-C1-B10-R00009,10,81,4.725567,4.725567,1.3598632797595656e-07,2.8776722026363514e-08
EXP-EMBED-C1-FUSED-EQUIV-001,GOLD-MODEL-C1-B10-R00009,10,82,3.4905,3.4905,2.6702880795426154e-08,7.65015923089132e-09
EXP-EMBED-C1-FUSED-EQUIV-001,GOLD-MODEL-C1-B10-R00009,10,83,5.154363,5.154363,1.5536499020640804e-07,3.014242307078644e-08
EXP-EMBED-C1-FUSED-EQUIV-001,GOLD-MODEL-C1-B10-R00009,10,84,7.901788,7.901788,2.3471069354741303e-07,2.9703491608154134e-08
EXP-EMBED-C1-FUSED-EQUIV-001,GOLD-MODEL-C1-B10-R00009,10,85,-2.1853,-2.1853,1.1177063008460664e-07,5.114658403176069e-08
EXP-EMBED-C1-FUSED-EQUIV-001,GOLD-MODEL-C1-B10-R00009,10,86,-3.307001,-3.307001,1.1389160148311817e-07,3.4439542498813324e-08
EXP-EMBED-C1-FUSED-EQUIV-001,GOLD-MODEL-C1-B10-R00009,10,87,-8.973172,-8.973172,1.8780517585526013e-07,2.0929630665193996e-08
EXP-EMBED-C1-FUSED-EQUIV-001,GOLD-MODEL-C1-B10-R00009,10,88,14208.5047,14208.505,0.0001828125004976755,1.28664137682043e-08
EXP-EMBED-C1-FUSED-EQUIV-001,GOLD-MODEL-C1-B10-R00009,10,89,5.620468,5.620468,1.396484377025331e-07,2.484640739926517e-08
EXP-EMBED-C1-FUSED-EQUIV-001,GOLD-MODEL-C1-B10-R00009,10,90,3.340589,3.340589,4.647827145376482e-08,1.3913196581131297e-08
EXP-EMBED-C1-FUSED-EQUIV-001,GOLD-MODEL-C1-B10-R00009,10,91,4.498938,4.498938,8.364868175902984e-08,1.859298389064927e-08
EXP-EMBED-C1-FUSED-EQUIV-001,GOLD-MODEL-C1-B10-R00009,10,92,7.859888,7.859888,7.678222679885494e-08,9.768870345080609e-09
EXP-EMBED-C1-FUSED-EQUIV-001,GOLD-MODEL-C1-B10-R00009,10,93,-2.243332,-2.243332,9.082031260376766e-08,4.048456162697615e-08
EXP-EMBED-C1-FUSED-EQUIV-001,GOLD-MODEL-C1-B10-R00009,10,94,-3.576088,-3.576088,4.833984368346478e-08,1.351752073312088e-08
EXP-EMBED-C1-FUSED-EQUIV-001,GOLD-MODEL-C1-B10-R00009,10,95,-11.744217,-11.744217,8.105468829455731e-08,6.901668139694396e-09
EXP-EMBED-C1-FUSED-EQUIV-001,GOLD-MODEL-C1-B10-R00009,10,96,5756.8372,5756.8374,0.00020234375006111804,3.514842317603111e-08
EXP-EMBED-C1-FUSED-EQUIV-001,GOLD-MODEL-C1-B10-R00009,10,97,5.369787,5.369787,2.161865237937377e-07,4.0259794996289e-08
EXP-EMBED-C1-FUSED-EQUIV-001,GOLD-MODEL-C1-B10-R00009,10,98,1.490153,1.490153,4.494476324445884e-08,3.0161173546916886e-08
EXP-EMBED-C1-FUSED-EQUIV-001,GOLD-MODEL-C1-B10-R00009,10,99,2.702228,2.702228,6.93054200695542e-08,2.5647510154418578e-08
EXP-EMBED-C1-FUSED-EQUIV-001,GOLD-MODEL-C1-B10-R00009,10,100,5.485385,5.485385,5.8898925736627916e-08,1.073742786269841e-08
EXP-EMBED-C1-FUSED-EQUIV-001,GOLD-MODEL-C1-B10-R00009,10,101,-1.487378,-1.487378,1.2130736415372212e-09,8.155785829407327e-10
EXP-EMBED-C1-FUSED-EQUIV-001,GOLD-MODEL-C1-B10-R00009,10,102,-2.633816,-2.633816,3.7994385415629495e-09,1.4425603540881176e-09
EXP-EMBED-C1-FUSED-EQUIV-001,GOLD-MODEL-C1-B10-R00009,10,103,-6.210244,-6.210244,1.7877197233673314e-07,2.8786626151361064e-08
EXP-EMBED-C1-FUSED-EQUIV-001,GOLD-MODEL-C1-B10-R00009,10,104,6371.9037,6371.904,0.00010859375015570549,1.7042591236227488e-08
EXP-EMBED-C1-FUSED-EQUIV-001,GOLD-MODEL-C1-B10-R00009,10,105,5.903282,5.903282,1.65527343831684e-07,2.8039884225704278e-08
EXP-EMBED-C1-FUSED-EQUIV-001,GOLD-MODEL-C1-B10-R00009,10,106,1.599836,1.599836,8.140564000669315e-09,5.088374058759345e-09
EXP-EMBED-C1-FUSED-EQUIV-001,GOLD-MODEL-C1-B10-R00009,10,107,2.783106,2.783106,8.863830558425434e-08,3.18486991096474e-08
EXP-EMBED-C1-FUSED-EQUIV-001,GOLD-MODEL-C1-B10-R00009,10,108,5.946123,5.946123,1.2316894526520628e-07,2.0714160347037267e-08
EXP-EMBED-C1-FUSED-EQUIV-001,GOLD-MODEL-C1-B10-R00009,10,109,-1.681266,-1.681266,4.979705803265233e-08,2.9618786100862288e-08
EXP-EMBED-C1-FUSED-EQUIV-001,GOLD-MODEL-C1-B10-R00009,10,110,-2.973098,-2.973098,3.962707539884036e-08,1.3328546653638852e-08
EXP-EMBED-C1-FUSED-EQUIV-001,GOLD-MODEL-C1-B10-R00009,10,111,-5.466766,-5.466766,1.1941528299530546e-07,2.1843862165548235e-08
EXP-EMBED-C1-FUSED-EQUIV-001,GOLD-MODEL-C1-B10-R00009,10,112,12642.648,12642.648,0.0004375000007712515,3.460509228535442e-08
EXP-EMBED-C1-FUSED-EQUIV-001,GOLD-MODEL-C1-B10-R00009,10,113,4.314903,4.314903,2.17559814608137e-07,5.04205574512653e-08
EXP-EMBED-C1-FUSED-EQUIV-001,GOLD-MODEL-C1-B10-R00009,10,114,4.003928,4.003928,1.8450927719015908e-07,4.608206670803248e-08
EXP-EMBED-C1-FUSED-EQUIV-001,GOLD-MODEL-C1-B10-R00009,10,115,7.055112,7.055112,1.1492919949063207e-07,1.6290201982708716e-08
EXP-EMBED-C1-FUSED-EQUIV-001,GOLD-MODEL-C1-B10-R00009,10,116,11.513119,11.513119,2.561035152837121e-07,2.2244494761472726e-08
EXP-EMBED-C1-FUSED-EQUIV-001,GOLD-MODEL-C1-B10-R00009,10,117,-2.596186,-2.596186,7.73773192186411e-08,2.98042279014836e-08
EXP-EMBED-C1-FUSED-EQUIV-001,GOLD-MODEL-C1-B10-R00009,10,118,-4.755685,-4.755685,1.4739990206180664e-07,3.0994462850631747e-08
EXP-EMBED-C1-FUSED-EQUIV-001,GOLD-MODEL-C1-B10-R00009,10,119,-10.56649,-10.56649,1.7333984381195933e-07,1.6404675896343946e-08
EXP-EMBED-C1-FUSED-EQUIV-001,GOLD-MODEL-C1-B10-R00009,10,120,11202.5259,11202.526,0.000467187499452848,4.170376427809446e-08
EXP-EMBED-C1-FUSED-EQUIV-001,GOLD-MODEL-C1-B10-R00009,10,121,4.446685,4.446685,1.6265869184906023e-07,3.6579764892062335e-08
EXP-EMBED-C1-FUSED-EQUIV-001,GOLD-MODEL-C1-B10-R00009,10,122,3.523772,3.523772,1.2664793658245799e-09,3.5941013375002125e-10
EXP-EMBED-C1-FUSED-EQUIV-001,GOLD-MODEL-C1-B10-R00009,10,123,5.947941,5.947941,1.7358398451960966e-07,2.9183878004104218e-08
EXP-EMBED-C1-FUSED-EQUIV-001,GOLD-MODEL-C1-B10-R00009,10,124,9.268686,9.268686,2.9455566341596295e-07,3.177965716132394e-08
EXP-EMBED-C1-FUSED-EQUIV-001,GOLD-MODEL-C1-B10-R00009,10,125,-2.337053,-2.337053,6.053161616392799e-08,2.5900831587442813e-08
EXP-EMBED-C1-FUSED-EQUIV-001,GOLD-MODEL-C1-B10-R00009,10,126,-4.207268,-4.207268,2.3806762694533745e-07,5.6584849585369284e-08
EXP-EMBED-C1-FUSED-EQUIV-001,GOLD-MODEL-C1-B10-R00009,10,127,-8.661025,-8.661025,4.730224567595087e-08,5.4615066549225835e-09
EXP-EMBED-C1-FUSED-EQUIV-001,GOLD-MODEL-C1-B10-R00815,10,0,10615.336,10615.336,6.24999993306119e-05,5.887708060358325e-09
EXP-EMBED-C1-FUSED-EQUIV-001,GOLD-MODEL-C1-B10-R00815,10,1,2.788271,2.788271,4.968261713145239e-08,1.781843197144481e-08
EXP-EMBED-C1-FUSED-EQUIV-001,GOLD-MODEL-C1-B10-R00815,10,2,2.288836,2.288836,2.3498536450006213e-09,1.0266588104174443e-09
EXP-EMBED-C1-FUSED-EQUIV-001,GOLD-MODEL-C1-B10-R00815,10,3,2.89752,2.89752,6.530761709200306e-08,2.2539142815926397e-08
EXP-EMBED-C1-FUSED-EQUIV-001,GOLD-MODEL-C1-B10-R00815,10,4,6.851974,6.851974,1.0467529065749659e-08,1.5276661974709271e-09
EXP-EMBED-C1-FUSED-EQUIV-001,GOLD-MODEL-C1-B10-R00815,10,5,-1.718331,-1.718331,2.0652771048901286e-08,1.2019087736240157e-08
EXP-EMBED-C1-FUSED-EQUIV-001,GOLD-MODEL-C1-B10-R00815,10,6,-2.468561,-2.468561,6.593322732229012e-08,2.670917482788156e-08
EXP-EMBED-C1-FUSED-EQUIV-001,GOLD-MODEL-C1-B10-R00815,10,7,-8.00347,-8.00347,4.2083740225962174e-07,5.258186789725228e-08
EXP-EMBED-C1-FUSED-EQUIV-001,GOLD-MODEL-C1-B10-R00815,10,8,18180.9756,18180.977,0.0009624999984225724,5.293995325655529e-08
EXP-EMBED-C1-FUSED-EQUIV-001,GOLD-MODEL-C1-B10-R00815,10,9,4.404884,4.404884,1.3845825197478234e-07,3.14328940273529e-08
EXP-EMBED-C1-FUSED-EQUIV-001,GOLD-MODEL-C1-B10-R00815,10,10,4.185782,4.185782,4.428100552900105e-08,1.0578908679190903e-08
EXP-EMBED-C1-FUSED-EQUIV-001,GOLD-MODEL-C1-B10-R00815,10,11,5.388429,5.388429,1.6488647425205727e-07,3.0600101486362214e-08
EXP-EMBED-C1-FUSED-EQUIV-001,GOLD-MODEL-C1-B10-R00815,10,12,8.107758,8.107758,4.316406254645244e-07,5.323797595642648e-08
EXP-EMBED-C1-FUSED-EQUIV-001,GOLD-MODEL-C1-B10-R00815,10,13,-3.014676,-3.014676,9.405517564786692e-08,3.119909922255888e-08
EXP-EMBED-C1-FUSED-EQUIV-001,GOLD-MODEL-C1-B10-R00815,10,14,-3.996125,-3.996125,1.7166137844526475e-08,4.295695916550777e-09
EXP-EMBED-C1-FUSED-EQUIV-001,GOLD-MODEL-C1-B10-R00815,10,15,-12.301484,-12.301484,1.0797119109895448e-07,8.77708665872788e-09
EXP-EMBED-C1-FUSED-EQUIV-001,GOLD-MODEL-C1-B10-R00815,10,16,14653.948,14653.948,0.00024218749967985786,1.6527116083655945e-08
EXP-EMBED-C1-FUSED-EQUIV-001,GOLD-MODEL-C1-B10-R00815,10,17,7.219298,7.219298,1.1410522482435681e-07,1.5805584535277087e-08
EXP-EMBED-C1-FUSED-EQUIV-001,GOLD-MODEL-C1-B10-R00815,10,18,4.920124,4.920124,5.395507773897634e-08,1.0966202831265297e-08
EXP-EMBED-C1-FUSED-EQUIV-001,GOLD-MODEL-C1-B10-R00815,10,19,8.455283,8.455283,1.6497802768355996e-07,1.9511828011381755e-08
EXP-EMBED-C1-FUSED-EQUIV-001,GOLD-MODEL-C1-B10-R00815,10,20,11.021426,11.021426,2.0086669927366074e-07,1.8225109824596266e-08
EXP-EMBED-C1-FUSED-EQUIV-001,GOLD-MODEL-C1-B10-R00815,10,21,-3.122133,-3.122133,1.6586303885901543e-08,5.312491135355715e-09
EXP-EMBED-C1-FUSED-EQUIV-001,GOLD-MODEL-C1-B10-R00815,10,22,-4.771262,-4.771262,1.6888427722960841e-07,3.539614408716361e-08
EXP-EMBED-C1-FUSED-EQUIV-001,GOLD-MODEL-C1-B10-R00815,10,23,-10.949877,-10.949877,2.1472168043601414e-07,1.9609506155732536e-08
EXP-EMBED-C1-FUSED-EQUIV-001,GOLD-MODEL-C1-B10-R00815,10,24,15021.4255,15021.426,0.00028125000062573235,1.872325636643023e-08
EXP-EMBED-C1-FUSED-EQUIV-001,GOLD-MODEL-C1-B10-R00815,10,25,7.046041,7.046041,1.181030295782648e-08,1.6761615434577347e-09
EXP-EMBED-C1-FUSED-EQUIV-001,GOLD-MODEL-C1-B10-R00815,10,26,5.050117,5.050117,1.5838622857700102e-08,3.1362882993998164e-09
EXP-EMBED-C1-FUSED-EQUIV-001,GOLD-MODEL-C1-B10-R00815,10,27,8.550249,8.550249,9.973144443620185e-08,1.1664156732301229e-08
EXP-EMBED-C1-FUSED-EQUIV-001,GOLD-MODEL-C1-B10-R00815,10,28,11.607035,11.607035,3.167724607067157e-07,2.7291419445768513e-08
EXP-EMBED-C1-FUSED-EQUIV-001,GOLD-MODEL-C1-B10-R00815,10,29,-3.198226,-3.198226,2.496337891955136e-08,7.805383021572385e-09
EXP-EMBED-C1-FUSED-EQUIV-001,GOLD-MODEL-C1-B10-R00815,10,30,-4.949545,-4.949545,9.338378870182851e-08,1.8867146111779672e-08
EXP-EMBED-C1-FUSED-EQUIV-001,GOLD-MODEL-C1-B10-R00815,10,31,-11.918736,-11.918736,4.578247061459706e-07,3.8412186170242426e-08
EXP-EMBED-C1-FUSED-EQUIV-001,GOLD-MODEL-C1-B10-R00815,10,32,3361.3077,3361.3076,8.281249984065653e-05,2.463698870551379e-08
EXP-EMBED-C1-FUSED-EQUIV-001,GOLD-MODEL-C1-B10-R00815,10,33,3.447141,3.447141,6.791686990581525e-08,1.970237652182352e-08
EXP-EMBED-C1-FUSED-EQUIV-001,GOLD-MODEL-C1-B10-R00815,10,34,1.156446,1.156446,1.9927978600620122e-08,1.7232087447766795e-08
EXP-EMBED-C1-FUSED-EQUIV-001,GOLD-MODEL-C1-B10-R00815,10,35,2.356261,2.356261,1.493835455335102e-08,6.339855624377359e-09
EXP-EMBED-C1-FUSED-EQUIV-001,GOLD-MODEL-C1-B10-R00815,10,36,4.93424,4.93424,1.3565063472498196e-07,2.7491697753855093e-08
EXP-EMBED-C1-FUSED-EQUIV-001,GOLD-MODEL-C1-B10-R00815,10,37,-0.739657,-0.739657,1.519393921789458e-08,2.0541871729591662e-08
EXP-EMBED-C1-FUSED-EQUIV-001,GOLD-MODEL-C1-B10-R00815,10,38,-1.370018,-1.370018,5.371093791950443e-09,3.920454907855549e-09
EXP-EMBED-C1-FUSED-EQUIV-001,GOLD-MODEL-C1-B10-R00815,10,39,-4.48942,-4.48942,6.286621090367817e-08,1.4003192150362e-08
EXP-EMBED-C1-FUSED-EQUIV-001,GOLD-MODEL-C1-B10-R00815,10,40,2889.6467,2889.6467,2.8515625217551133e-05,9.868204724664485e-09
EXP-EMBED-C1-FUSED-EQUIV-001,GOLD-MODEL-C1-B10-R00815,10,41,3.488568,3.488568,6.755065928842896e-08,1.936343487884684e-08
EXP-EMBED-C1-FUSED-EQUIV-001,GOLD-MODEL-C1-B10-R00815,10,42,0.950359,0.950359,1.3145446731144261e-08,1.3832085276347424e-08
EXP-EMBED-C1-FUSED-EQUIV-001,GOLD-MODEL-C1-B10-R00815,10,43,1.938603,1.938603,4.355621330276449e-08,2.2467835499462493e-08
EXP-EMBED-C1-FUSED-EQUIV-001,GOLD-MODEL-C1-B10-R00815,10,44,4.533073,4.533073,5.154418936115235e-08,1.1370694749710043e-08
EXP-EMBED-C1-FUSED-EQUIV-001,GOLD-MODEL-C1-B10-R00815,10,45,-0.626131,-0.626131,1.8653869560125713e-09,2.979227918778293e-09
EXP-EMBED-C1-FUSED-EQUIV-001,GOLD-MODEL-C1-B10-R00815,10,46,-1.188273,-1.188273,4.6966552647020876e-08,3.952505244756119e-08
EXP-EMBED-C1-FUSED-EQUIV-001,GOLD-MODEL-C1-B10-R00815,10,47,-3.559977,-3.559977,5.4595947318603066e-08,1.5336039339187602e-08
EXP-EMBED-C1-FUSED-EQUIV-001,GOLD-MODEL-C1-B10-R00815,10,48,14352.0627,14352.0625,0.00020000000040454324,1.3935279171024192e-08
EXP-EMBED-C1-FUSED-EQUIV-001,GOLD-MODEL-C1-B10-R00815,10,49,5.982018,5.982018,6.07299810440054e-09,1.0152089319023345e-09
EXP-EMBED-C1-FUSED-EQUIV-001,GOLD-MODEL-C1-B10-R00815,10,50,5.479867,5.479867,1.8493651943174427e-08,3.3748359117428266e-09
EXP-EMBED-C1-FUSED-EQUIV-001,GOLD-MODEL-C1-B10-R00815,10,51,10.197443,10.197443,8.422851749401161e-09,8.259768404100088e-10
EXP-EMBED-C1-FUSED-EQUIV-001,GOLD-MODEL-C1-B10-R00815,10,52,14.217422,14.217422,4.6832275302222115e-07,3.294006135727146e-08
EXP-EMBED-C1-FUSED-EQUIV-001,GOLD-MODEL-C1-B10-R00815,10,53,-3.497492,-3.497492,7.496643084081711e-08,2.1434339475491898e-08
EXP-EMBED-C1-FUSED-EQUIV-001,GOLD-MODEL-C1-B10-R00815,10,54,-5.762463,-5.762463,9.280395474320358e-08,1.6104911171352177e-08
EXP-EMBED-C1-FUSED-EQUIV-001,GOLD-MODEL-C1-B10-R00815,10,55,-12.085677,-12.085677,1.4691162064650598e-07,1.2155845356987943e-08
EXP-EMBED-C1-FUSED-EQUIV-001,GOLD-MODEL-C1-B10-R00815,10,56,15187.7886,15187.789,0.0004625000001396984,3.045209624129864e-08
EXP-EMBED-C1-FUSED-EQUIV-001,GOLD-MODEL-C1-B10-R00815,10,57,6.078631,6.078631,7.577514615775272e-08,1.2465824320928959e-08
EXP-EMBED-C1-FUSED-EQUIV-001,GOLD-MODEL-C1-B10-R00815,10,58,5.906909,5.906909,1.104736302437459e-08,1.87024432310953e-09
EXP-EMBED-C1-FUSED-EQUIV-001,GOLD-MODEL-C1-B10-R00815,10,59,11.021968,11.021968,1.1212158135265327e-07,1.0172555513920315e-08
EXP-EMBED-C1-FUSED-EQUIV-001,GOLD-MODEL-C1-B10-R00815,10,60,16.823622,16.823622,2.5012207061081426e-07,1.4867313983327387e-08
EXP-EMBED-C1-FUSED-EQUIV-001,GOLD-MODEL-C1-B10-R00815,10,61,-3.772306,-3.772306,3.457641595261407e-08,9.165856627912495e-09
EXP-EMBED-C1-FUSED-EQUIV-001,GOLD-MODEL-C1-B10-R00815,10,62,-6.57504,-6.57504,1.3641357465843384e-07,2.0747185516503906e-08
EXP-EMBED-C1-FUSED-EQUIV-001,GOLD-MODEL-C1-B10-R00815,10,63,-12.547503,-12.547503,4.7137451097967187e-07,3.756719651548773e-08
EXP-EMBED-C1-FUSED-EQUIV-001,GOLD-MODEL-C1-B10-R00815,10,64,11413.0727,11413.072,0.00043437500062282197,3.805942641746442e-08
EXP-EMBED-C1-FUSED-EQUIV-001,GOLD-MODEL-C1-B10-R00815,10,65,2.516538,2.516538,9.526062028086812e-08,3.785383740713159e-08
EXP-EMBED-C1-FUSED-EQUIV-001,GOLD-MODEL-C1-B10-R00815,10,66,2.478456,2.478456,2.0355224616963596e-08,8.21286503248942e-09
EXP-EMBED-C1-FUSED-EQUIV-001,GOLD-MODEL-C1-B10-R00815,10,67,3.265816,3.265816,2.6718139700676602e-08,8.181152796323063e-09
EXP-EMBED-C1-FUSED-EQUIV-001,GOLD-MODEL-C1-B10-R00815,10,68,8.119077,8.119077,2.7117919998431717e-07,3.3400249804789036e-08
EXP-EMBED-C1-FUSED-EQUIV-001,GOLD-MODEL-C1-B10-R00815,10,69,-1.815839,-1.815839,5.220031740194031e-08,2.8747216797271295e-08
EXP-EMBED-C1-FUSED-EQUIV-001,GOLD-MODEL-C1-B10-R00815,10,70,-2.779325,-2.779325,8.392333938900265e-09,3.0195583240176177e-09
EXP-EMBED-C1-FUSED-EQUIV-001,GOLD-MODEL-C1-B10-R00815,10,71,-10.951187,-10.951187,1.3378906338346042e-07,1.2216854975032426e-08
EXP-EMBED-C1-FUSED-EQUIV-001,GOLD-MODEL-C1-B10-R00815,10,72,9609.8023,9609.803,0.00043437500062282197,4.520124213406784e-08
EXP-EMBED-C1-FUSED-EQUIV-001,GOLD-MODEL-C1-B10-R00815,10,73,2.701716,2.701716,5.380249001873949e-08,1.9914191579995636e-08
EXP-EMBED-C1-FUSED-EQUIV-001,GOLD-MODEL-C1-B10-R00815,10,74,2.035082,2.035082,1.0182189935648012e-07,5.0033315294656484e-08
EXP-EMBED-C1-FUSED-EQUIV-001,GOLD-MODEL-C1-B10-R00815,10,75,2.720134,2.720134,1.9851684740501696e-08,7.298053971054991e-09
EXP-EMBED-C1-FUSED-EQUIV-001,GOLD-MODEL-C1-B10-R00815,10,76,6.41821,6.41821,2.960205058855081e-08,4.6121972619392026e-09
EXP-EMBED-C1-FUSED-EQUIV-001,GOLD-MODEL-C1-B10-R00815,10,77,-1.436395,-1.436395,4.9095153720202234e-08,3.4179423988667626e-08
EXP-EMBED-C1-FUSED-EQUIV-001,GOLD-MODEL-C1-B10-R00815,10,78,-2.123027,-2.123027,8.625793457284203e-08,4.062969268541664e-08
EXP-EMBED-C1-FUSED-EQUIV-001,GOLD-MODEL-C1-B10-R00815,10,79,-8.726052,-8.726052,2.842407234027178e-07,3.257380581765016e-08
EXP-EMBED-C1-FUSED-EQUIV-001,GOLD-MODEL-C1-B10-R00815,10,80,15895.2332,15895.233,0.00019843749942083377,1.2484088589580037e-08
EXP-EMBED-C1-FUSED-EQUIV-001,GOLD-MODEL-C1-B10-R00815,10,81,7.155763,7.155763,1.492614742915066e-07,2.0858918090426778e-08
EXP-EMBED-C1-FUSED-EQUIV-001,GOLD-MODEL-C1-B10-R00815,10,82,5.298752,5.298752,1.689453128506102e-07,3.18839818981168e-08
EXP-EMBED-C1-FUSED-EQUIV-001,GOLD-MODEL-C1-B10-R00815,10,83,9.007284,9.007284,1.644287106472575e-07,1.825508229198252e-08
EXP-EMBED-C1-FUSED-EQUIV-001,GOLD-MODEL-C1-B10-R00815,10,84,12.832883,12.832883,1.1883544992485895e-07,9.26023013884401e-09
EXP-EMBED-C1-FUSED-EQUIV-001,GOLD-MODEL-C1-B10-R00815,10,85,-3.283319,-3.283319,3.5705567391630666e-09,1.0874839572892755e-09
EXP-EMBED-C1-FUSED-EQUIV-001,GOLD-MODEL-C1-B10-R00815,10,86,-4.955729,-4.955729,7.720947436951064e-09,1.5579841910142916e-09
EXP-EMBED-C1-FUSED-EQUIV-001,GOLD-MODEL-C1-B10-R00815,10,87,-12.083994,-12.083994,8.825683650570681e-08,7.303614724213435e-09
EXP-EMBED-C1-FUSED-EQUIV-001,GOLD-MODEL-C1-B10-R00815,10,88,12242.4531,12242.453,2.499999936844688e-05,2.042074342800372e-09
EXP-EMBED-C1-FUSED-EQUIV-001,GOLD-MODEL-C1-B10-R00815,10,89,6.14851,6.14851,2.075195304485078e-08,3.375119019868355e-09
EXP-EMBED-C1-FUSED-EQUIV-001,GOLD-MODEL-C1-B10-R00815,10,90,4.010855,4.010855,1.979064938595343e-07,4.934271965940785e-08
EXP-EMBED-C1-FUSED-EQUIV-001,GOLD-MODEL-C1-B10-R00815,10,91,6.985885,6.985885,1.4328002961860875e-07,2.0509932473639166e-08
EXP-EMBED-C1-FUSED-EQUIV-001,GOLD-MODEL-C1-B10-R00815,10,92,11.642167,11.642167,9.136962830780249e-08,7.848163345174698e-09
EXP-EMBED-C1-FUSED-EQUIV-001,GOLD-MODEL-C1-B10-R00815,10,93,-2.562549,-2.562549,1.1422729473409277e-07,4.457565288862486e-08
EXP-EMBED-C1-FUSED-EQUIV-001,GOLD-MODEL-C1-B10-R00815,10,94,-3.99762,-3.99762,1.0574340825186823e-07,2.6451590759468944e-08
EXP-EMBED-C1-FUSED-EQUIV-001,GOLD-MODEL-C1-B10-R00815,10,95,-10.078354,-10.078354,1.1816406164655291e-07,1.1724539706241011e-08
EXP-EMBED-C1-FUSED-EQUIV-001,GOLD-MODEL-C1-B10-R00815,10,96,3244.02,3244.02,1.9531250018189894e-05,6.020693466190065e-09
EXP-EMBED-C1-FUSED-EQUIV-001,GOLD-MODEL-C1-B10-R00815,10,97,3.658426,3.658426,4.63714600051901e-08,1.2675248865274329e-08
EXP-EMBED-C1-FUSED-EQUIV-001,GOLD-MODEL-C1-B10-R00815,10,98,1.077006,1.077006,1.7601013091450568e-08,1.634253949509155e-08
EXP-EMBED-C1-FUSED-EQUIV-001,GOLD-MODEL-C1-B10-R00815,10,99,2.274376,2.274376,8.44726564253051e-08,3.714102524178284e-08
EXP-EMBED-C1-FUSED-EQUIV-001,GOLD-MODEL-C1-B10-R00815,10,100,5.643786,5.643786,4.647827189785403e-08,8.235300186409269e-09
EXP-EMBED-C1-FUSED-EQUIV-001,GOLD-MODEL-C1-B10-R00815,10,101,-0.738021,-0.738021,1.612091060643195e-08,2.1843430751200775e-08
EXP-EMBED-C1-FUSED-EQUIV-001,GOLD-MODEL-C1-B10-R00815,10,102,-1.527188,-1.527188,5.6541442861046676e-08,3.7023236733818414e-08
EXP-EMBED-C1-FUSED-EQUIV-001,GOLD-MODEL-C1-B10-R00815,10,103,-4.905176,-4.905176,1.627197265818836e-07,3.317306587610386e-08
EXP-EMBED-C1-FUSED-EQUIV-001,GOLD-MODEL-C1-B10-R00815,10,104,3406.492,3406.492,5.66406251891749e-05,1.662725912439392e-08
EXP-EMBED-C1-FUSED-EQUIV-001,GOLD-MODEL-C1-B10-R00815,10,105,3.814709,3.814709,5.186462415096571e-08,1.3595958210958086e-08
EXP-EMBED-C1-FUSED-EQUIV-001,GOLD-MODEL-C1-B10-R00815,10,106,1.079035,1.079035,4.371643069767117e-08,4.0514376917960186e-08
EXP-EMBED-C1-FUSED-EQUIV-001,GOLD-MODEL-C1-B10-R00815,10,107,2.29378,2.29378,8.84246826871049e-08,3.8549766188171886e-08
EXP-EMBED-C1-FUSED-EQUIV-001,GOLD-MODEL-C1-B10-R00815,10,108,4.964521,4.964521,6.875610392143017e-08,1.38494940239814e-08
EXP-EMBED-C1-FUSED-EQUIV-001,GOLD-MODEL-C1-B10-R00815,10,109,-0.758563,-0.758563,1.7917633043929015e-08,2.362049433458924e-08
EXP-EMBED-C1-FUSED-EQUIV-001,GOLD-MODEL-C1-B10-R00815,10,110,-1.445211,-1.445211,5.289459226176518e-08,3.659990981369861e-08
EXP-EMBED-C1-FUSED-EQUIV-001,GOLD-MODEL-C1-B10-R00815,10,111,-5.012432,-5.012432,9.838867143230345e-08,1.9628928917599967e-08
EXP-EMBED-C1-FUSED-EQUIV-001,GOLD-MODEL-C1-B10-R00815,10,112,15640.7239,15640.724,0.00026718750086729415,1.7082809119039185e-08
EXP-EMBED-C1-FUSED-EQUIV-001,GOLD-MODEL-C1-B10-R00815,10,113,5.89143,5.89143,9.887695284760412e-08,1.6783183853089e-08
EXP-EMBED-C1-FUSED-EQUIV-001,GOLD-MODEL-C1-B10-R00815,10,114,5.914874,5.914874,7.684326153167831e-08,1.2991529748846435e-08
EXP-EMBED-C1-FUSED-EQUIV-001,GOLD-MODEL-C1-B10-R00815,10,115,11.290651,11.290651,3.2141113237571517e-07,2.8467015088475868e-08
EXP-EMBED-C1-FUSED-EQUIV-001,GOLD-MODEL-C1-B10-R00815,10,116,16.160153,16.160152,5.646972667250338e-07,3.4943806950654104e-08
EXP-EMBED-C1-FUSED-EQUIV-001,GOLD-MODEL-C1-B10-R00815,10,117,-3.897362,-3.897362,6.2103273634761536e-09,1.5934694707538467e-09
EXP-EMBED-C1-FUSED-EQUIV-001,GOLD-MODEL-C1-B10-R00815,10,118,-6.714741,-6.714741,2.300109862574118e-07,3.4254632644417974e-08
EXP-EMBED-C1-FUSED-EQUIV-001,GOLD-MODEL-C1-B10-R00815,10,119,-13.920202,-13.920202,2.552490236951144e-07,1.833658905920434e-08
EXP-EMBED-C1-FUSED-EQUIV-001,GOLD-MODEL-C1-B10-R00815,10,120,13004.5398,13004.54,0.00023906249953142833,1.838300341327175e-08
EXP-EMBED-C1-FUSED-EQUIV-001,GOLD-MODEL-C1-B10-R00815,10,121,5.508335,5.508335,1.1352539086573188e-07,2.060974702259973e-08
EXP-EMBED-C1-FUSED-EQUIV-001,GOLD-MODEL-C1-B10-R00815,10,122,4.839045,4.839045,4.776001016892906e-08,9.869718130112256e-09
EXP-EMBED-C1-FUSED-EQUIV-001,GOLD-MODEL-C1-B10-R00815,10,123,9.265301,9.265301,2.492675772458597e-07,2.6903343695564742e-08
EXP-EMBED-C1-FUSED-EQUIV-001,GOLD-MODEL-C1-B10-R00815,10,124,13.236339,13.236339,3.8458251871986704e-07,2.905505205932449e-08
EXP-EMBED-C1-FUSED-EQUIV-001,GOLD-MODEL-C1-B10-R00815,10,125,-3.211215,-3.211215,1.922607406612542e-08,5.9871650033166325e-09
EXP-EMBED-C1-FUSED-EQUIV-001,GOLD-MODEL-C1-B10-R00815,10,126,-5.37937,-5.37937,2.1255493187766206e-07,3.951297863461001e-08
EXP-EMBED-C1-FUSED-EQUIV-001,GOLD-MODEL-C1-B10-R00815,10,127,-11.471349,-11.471349,2.3748779298671252e-07,2.0702690937806226e-08
EXP-EMBED-C1-FUSED-EQUIV-001,GOLD-MODEL-C1-B10-R01737,10,0,104637.4658,104637.47,0.002949999994598329,2.8192578748388695e-08
EXP-EMBED-C1-FUSED-EQUIV-001,GOLD-MODEL-C1-B10-R01737,10,1,7.713035,7.713035,1.0665893590555697e-07,1.3828400351555124e-08
EXP-EMBED-C1-FUSED-EQUIV-001,GOLD-MODEL-C1-B10-R01737,10,2,22.348636,22.348637,6.271972665672365e-07,2.8064230254018034e-08
EXP-EMBED-C1-FUSED-EQUIV-001,GOLD-MODEL-C1-B10-R01737,10,3,29.820412,29.820412,3.1787109477932063e-07,1.0659513851764375e-08
EXP-EMBED-C1-FUSED-EQUIV-001,GOLD-MODEL-C1-B10-R01737,10,4,52.717741,52.71774,1.8947753872566864e-06,3.594189264021549e-08
EXP-EMBED-C1-FUSED-EQUIV-001,GOLD-MODEL-C1-B10-R01737,10,5,-16.475633,-16.475634,6.212158218943387e-07,3.7705126224548626e-08
EXP-EMBED-C1-FUSED-EQUIV-001,GOLD-MODEL-C1-B10-R01737,10,6,-26.016614,-26.016615,9.139404291147457e-07,3.5129107466280805e-08
EXP-EMBED-C1-FUSED-EQUIV-001,GOLD-MODEL-C1-B10-R01737,10,7,-173.580109,-173.58011,3.574218681023922e-07,2.059117661358262e-09
EXP-EMBED-C1-FUSED-EQUIV-001,GOLD-MODEL-C1-B10-R01737,10,8,125071.7383,125071.74,0.0038875000027474016,3.108216177041334e-08
EXP-EMBED-C1-FUSED-EQUIV-001,GOLD-MODEL-C1-B10-R01737,10,9,7.253129,7.253129,5.432128524773816e-09,7.489358764712189e-10
EXP-EMBED-C1-FUSED-EQUIV-001,GOLD-MODEL-C1-B10-R01737,10,10,25.26046,25.26046,1.0009765460949893e-07,3.962622003300769e-09
EXP-EMBED-C1-FUSED-EQUIV-001,GOLD-MODEL-C1-B10-R01737,10,11,33.986856,33.986855,1.4467773468140877e-06,4.2568731477077126e-08
EXP-EMBED-C1-FUSED-EQUIV-001,GOLD-MODEL-C1-B10-R01737,10,12,61.446823,61.446823,1.2011718553139872e-07,1.9548152315604458e-09
EXP-EMBED-C1-FUSED-EQUIV-001,GOLD-MODEL-C1-B10-R01737,10,13,-20.199881,-20.19988,4.00024415370126e-07,1.980330554274681e-08
EXP-EMBED-C1-FUSED-EQUIV-001,GOLD-MODEL-C1-B10-R01737,10,14,-35.512791,-35.51279,3.2006835937181677e-07,9.012762735877807e-09
EXP-EMBED-C1-FUSED-EQUIV-001,GOLD-MODEL-C1-B10-R01737,10,15,-258.748305,-258.7483,1.3984375016207196e-05,5.404624782453046e-08
EXP-EMBED-C1-FUSED-EQUIV-001,GOLD-MODEL-C1-B10-R01737,10,16,11115.4564,11115.456,0.0003453124991210643,3.106597576335816e-08
EXP-EMBED-C1-FUSED-EQUIV-001,GOLD-MODEL-C1-B10-R01737,10,17,7.879721,7.879721,1.6470336916540873e-07,2.0902182852084323e-08
EXP-EMBED-C1-FUSED-EQUIV-001,GOLD-MODEL-C1-B10-R01737,10,18,2.309293,2.309293,3.169250506473986e-08,1.3723899507225746e-08
EXP-EMBED-C1-FUSED-EQUIV-001,GOLD-MODEL-C1-B10-R01737,10,19,2.994797,2.994797,8.651733551801044e-09,2.888921536852429e-09
EXP-EMBED-C1-FUSED-EQUIV-001,GOLD-MODEL-C1-B10-R01737,10,20,6.337306,6.337306,2.2644043085051635e-08,3.5731339286838344e-09
EXP-EMBED-C1-FUSED-EQUIV-001,GOLD-MODEL-C1-B10-R01737,10,21,-2.362236,-2.362236,2.294921896961455e-08,9.71504073666414e-09
EXP-EMBED-C1-FUSED-EQUIV-001,GOLD-MODEL-C1-B10-R01737,10,22,-3.898639,-3.898639,3.6300659367327626e-08,9.311110715131005e-09
EXP-EMBED-C1-FUSED-EQUIV-001,GOLD-MODEL-C1-B10-R01737,10,23,-10.884687,-10.884687,4.237060551304239e-07,3.892680194941976e-08
EXP-EMBED-C1-FUSED-EQUIV-001,GOLD-MODEL-C1-B10-R01737,10,24,11071.5252,11071.525,0.00019062499995925464,1.7217591661106877e-08
EXP-EMBED-C1-FUSED-EQUIV-001,GOLD-MODEL-C1-B10-R01737,10,25,7.32061,7.32061,4.638671846635134e-08,6.336455359095941e-09
EXP-EMBED-C1-FUSED-EQUIV-001,GOLD-MODEL-C1-B10-R01737,10,26,2.323206,2.323206,5.212402331977728e-08,2.243624685877072e-08
EXP-EMBED-C1-FUSED-EQUIV-001,GOLD-MODEL-C1-B10-R01737,10,27,3.02199,3.02199,6.080627423799001e-08,2.012126917626796e-08
EXP-EMBED-C1-FUSED-EQUIV-001,GOLD-MODEL-C1-B10-R01737,10,28,6.207994,6.207994,1.577758812487673e-08,2.541495388828779e-09
EXP-EMBED-C1-FUSED-EQUIV-001,GOLD-MODEL-C1-B10-R01737,10,29,-2.324212,-2.324212,7.427978498952825e-08,3.195912635746147e-08
EXP-EMBED-C1-FUSED-EQUIV-001,GOLD-MODEL-C1-B10-R01737,10,30,-3.504432,-3.504432,3.703308104618941e-08,1.0567498826112024e-08
EXP-EMBED-C1-FUSED-EQUIV-001,GOLD-MODEL-C1-B10-R01737,10,31,-9.669426,-9.669426,3.5644530882450454e-08,3.6863130120082058e-09
EXP-EMBED-C1-FUSED-EQUIV-001,GOLD-MODEL-C1-B10-R01737,10,32,4259.3026,4259.3027,0.0001343750000160071,3.1548592019737485e-08
EXP-EMBED-C1-FUSED-EQUIV-001,GOLD-MODEL-C1-B10-R01737,10,33,4.445247,4.445247,1.7330932600145843e-07,3.898755817201123e-08
EXP-EMBED-C1-FUSED-EQUIV-001,GOLD-MODEL-C1-B10-R01737,10,34,1.085826,1.085826,3.9314270061652223e-08,3.6206786411130535e-08
EXP-EMBED-C1-FUSED-EQUIV-001,GOLD-MODEL-C1-B10-R01737,10,35,1.723707,1.723707,3.932189951427745e-08,2.281240345039931e-08
EXP-EMBED-C1-FUSED-EQUIV-001,GOLD-MODEL-C1-B10-R01737,10,36,4.161116,4.161116,1.2319946307570717e-07,2.9607312816010698e-08
EXP-EMBED-C1-FUSED-EQUIV-001,GOLD-MODEL-C1-B10-R01737,10,37,-0.948556,-0.948556,5.954742476887986e-09,6.277692067614339e-09
EXP-EMBED-C1-FUSED-EQUIV-001,GOLD-MODEL-C1-B10-R01737,10,38,-1.719142,-1.719142,3.985595697919564e-08,2.3183632869882557e-08
EXP-EMBED-C1-FUSED-EQUIV-001,GOLD-MODEL-C1-B10-R01737,10,39,-5.275046,-5.275046,1.282653805390055e-07,2.4315499910144006e-08
EXP-EMBED-C1-FUSED-EQUIV-001,GOLD-MODEL-C1-B10-R01737,10,40,3693.5241,3693.5242,6.992187491050572e-05,1.8930937775796757e-08
EXP-EMBED-C1-FUSED-EQUIV-001,GOLD-MODEL-C1-B10-R01737,10,41,4.571091,4.571091,1.7507934568783412e-07,3.8301435190818586e-08
EXP-EMBED-C1-FUSED-EQUIV-001,GOLD-MODEL-C1-B10-R01737,10,42,0.928674,0.928674,1.737976074167591e-08,1.871459817080688e-08
EXP-EMBED-C1-FUSED-EQUIV-001,GOLD-MODEL-C1-B10-R01737,10,43,1.556078,1.556078,4.2846679759733775e-08,2.753504628928227e-08
EXP-EMBED-C1-FUSED-EQUIV-001,GOLD-MODEL-C1-B10-R01737,10,44,4.188719,4.188719,2.0422363267158516e-07,4.875562974541505e-08
EXP-EMBED-C1-FUSED-EQUIV-001,GOLD-MODEL-C1-B10-R01737,10,45,-0.81722,-0.81722,2.7389526313648105e-08,3.351548703366059e-08
EXP-EMBED-C1-FUSED-EQUIV-001,GOLD-MODEL-C1-B10-R01737,10,46,-1.494377,-1.494377,1.7021179132825637e-08,1.139015063322417e-08
EXP-EMBED-C1-FUSED-EQUIV-001,GOLD-MODEL-C1-B10-R01737,10,47,-5.224533,-5.224533,8.105468740637889e-08,1.5514245465839508e-08
EXP-EMBED-C1-FUSED-EQUIV-001,GOLD-MODEL-C1-B10-R01737,10,48,15799.9641,15799.964,0.00023281249923456926,1.4735001786147683e-08
EXP-EMBED-C1-FUSED-EQUIV-001,GOLD-MODEL-C1-B10-R01737,10,49,8.33087,8.33087,3.2531738369812047e-07,3.9049629114140594e-08
EXP-EMBED-C1-FUSED-EQUIV-001,GOLD-MODEL-C1-B10-R01737,10,50,3.973176,3.973176,2.5024413652374733e-09,6.298340081681439e-10
EXP-EMBED-C1-FUSED-EQUIV-001,GOLD-MODEL-C1-B10-R01737,10,51,5.146505,5.146505,1.210021975950326e-07,2.3511528230329633e-08
EXP-EMBED-C1-FUSED-EQUIV-001,GOLD-MODEL-C1-B10-R01737,10,52,8.692851,8.692851,6.65893562512565e-08,7.660243601467056e-09
EXP-EMBED-C1-FUSED-EQUIV-001,GOLD-MODEL-C1-B10-R01737,10,53,-3.961156,-3.961156,1.085815428680803e-07,2.741157956618732e-08
EXP-EMBED-C1-FUSED-EQUIV-001,GOLD-MODEL-C1-B10-R01737,10,54,-6.421238,-6.421238,5.4443359154277005e-08,8.478639034135942e-09
EXP-EMBED-C1-FUSED-EQUIV-001,GOLD-MODEL-C1-B10-R01737,10,55,-14.98393,-14.98393,3.659057625782225e-07,2.4419879335943406e-08
EXP-EMBED-C1-FUSED-EQUIV-001,GOLD-MODEL-C1-B10-R01737,10,56,16427.4892,16427.488,0.0009187499999825377,5.592759726072672e-08
EXP-EMBED-C1-FUSED-EQUIV-001,GOLD-MODEL-C1-B10-R01737,10,57,8.22169,8.22169,1.7791747985995698e-07,2.164001316760386e-08
EXP-EMBED-C1-FUSED-EQUIV-001,GOLD-MODEL-C1-B10-R01737,10,58,4.101548,4.101548,1.9488525371258447e-07,4.7515048882174353e-08
EXP-EMBED-C1-FUSED-EQUIV-001,GOLD-MODEL-C1-B10-R01737,10,59,5.171277,5.171277,4.62036133797028e-08,8.934662246811145e-09
EXP-EMBED-C1-FUSED-EQUIV-001,GOLD-MODEL-C1-B10-R01737,10,60,9.061488,9.061488,1.5155029231550543e-07,1.6724658501507194e-08
EXP-EMBED-C1-FUSED-EQUIV-001,GOLD-MODEL-C1-B10-R01737,10,61,-4.066165,-4.066165,2.960205058855081e-08,7.280090844456832e-09
EXP-EMBED-C1-FUSED-EQUIV-001,GOLD-MODEL-C1-B10-R01737,10,62,-6.732745,-6.732745,1.705932612949823e-07,2.5337846791313544e-08
EXP-EMBED-C1-FUSED-EQUIV-001,GOLD-MODEL-C1-B10-R01737,10,63,-18.488032,-18.488031,6.126708989029339e-07,3.313878399296009e-08
EXP-EMBED-C1-FUSED-EQUIV-001,GOLD-MODEL-C1-B10-R01737,10,64,108066.6523,108066.65,0.0038625000015599653,3.5741830799360896e-08
EXP-EMBED-C1-FUSED-EQUIV-001,GOLD-MODEL-C1-B10-R01737,10,65,6.96936,6.96936,1.2527465820255657e-07,1.7975059144965473e-08
EXP-EMBED-C1-FUSED-EQUIV-001,GOLD-MODEL-C1-B10-R01737,10,66,24.423159,24.423159,3.54370115474012e-07,1.4509593761970431e-08
EXP-EMBED-C1-FUSED-EQUIV-001,GOLD-MODEL-C1-B10-R01737,10,67,33.618535,33.618534,9.118652357642532e-07,2.712388376722106e-08
EXP-EMBED-C1-FUSED-EQUIV-001,GOLD-MODEL-C1-B10-R01737,10,68,68.085021,68.08502,9.726562524292603e-07,1.4285906622974536e-08
EXP-EMBED-C1-FUSED-EQUIV-001,GOLD-MODEL-C1-B10-R01737,10,69,-16.427247,-16.427246,9.062500012646524e-07,5.51674910144501e-08
EXP-EMBED-C1-FUSED-EQUIV-001,GOLD-MODEL-C1-B10-R01737,10,70,-29.585463,-29.585463,4.2980957104532536e-07,1.4527728399765971e-08
EXP-EMBED-C1-FUSED-EQUIV-001,GOLD-MODEL-C1-B10-R01737,10,71,-226.899773,-226.89978,7.273437489629941e-06,3.205572836615373e-08
EXP-EMBED-C1-FUSED-EQUIV-001,GOLD-MODEL-C1-B10-R01737,10,72,92745.2529,92745.25,0.0029000000067753717,3.126844680559787e-08
EXP-EMBED-C1-FUSED-EQUIV-001,GOLD-MODEL-C1-B10-R01737,10,73,6.779152,6.779152,8.349609359470378e-08,1.2316598535436849e-08
EXP-EMBED-C1-FUSED-EQUIV-001,GOLD-MODEL-C1-B10-R01737,10,74,21.056617,21.056618,7.368164069987415e-07,3.499215505504714e-08
EXP-EMBED-C1-FUSED-EQUIV-001,GOLD-MODEL-C1-B10-R01737,10,75,28.06389,28.06389,4.571533196440214e-07,1.6289734589325334e-08
EXP-EMBED-C1-FUSED-EQUIV-001,GOLD-MODEL-C1-B10-R01737,10,76,51.262115,51.262115,4.785156235698196e-07,9.334683587866391e-09
EXP-EMBED-C1-FUSED-EQUIV-001,GOLD-MODEL-C1-B10-R01737,10,77,-13.758964,-13.758964,4.151000982943742e-07,3.016942978369405e-08
EXP-EMBED-C1-FUSED-EQUIV-001,GOLD-MODEL-C1-B10-R01737,10,78,-23.225046,-23.225046,1.5783691509341224e-07,6.7959785781871975e-09
EXP-EMBED-C1-FUSED-EQUIV-001,GOLD-MODEL-C1-B10-R01737,10,79,-181.806275,-181.80627,5.859374994088284e-07,3.222867304271145e-09
EXP-EMBED-C1-FUSED-EQUIV-001,GOLD-MODEL-C1-B10-R01737,10,80,12359.2788,12359.278,0.00047968750004656613,3.8811932946003786e-08
EXP-EMBED-C1-FUSED-EQUIV-001,GOLD-MODEL-C1-B10-R01737,10,81,8.143614,8.143614,1.8469238227680762e-07,2.267941263876304e-08
EXP-EMBED-C1-FUSED-EQUIV-001,GOLD-MODEL-C1-B10-R01737,10,82,2.511795,2.511795,4.394531227802645e-08,1.7495580761179334e-08
EXP-EMBED-C1-FUSED-EQUIV-001,GOLD-MODEL-C1-B10-R01737,10,83,3.18706,3.18706,1.1772155783518201e-07,3.693735224162144e-08
EXP-EMBED-C1-FUSED-EQUIV-001,GOLD-MODEL-C1-B10-R01737,10,84,7.030131,7.030131,1.3681030264223182e-07,1.9460562348302162e-08
EXP-EMBED-C1-FUSED-EQUIV-001,GOLD-MODEL-C1-B10-R01737,10,85,-2.580494,-2.580494,7.299804671845322e-08,2.8288400096436276e-08
EXP-EMBED-C1-FUSED-EQUIV-001,GOLD-MODEL-C1-B10-R01737,10,86,-4.093791,-4.093791,7.995605066923872e-09,1.953105340972187e-09
EXP-EMBED-C1-FUSED-EQUIV-001,GOLD-MODEL-C1-B10-R01737,10,87,-13.594288,-13.594288,1.2768554746855898e-07,9.392588083212521e-09
EXP-EMBED-C1-FUSED-EQUIV-001,GOLD-MODEL-C1-B10-R01737,10,88,10783.8728,10783.873,0.00024687500081199687,2.289298152812011e-08
EXP-EMBED-C1-FUSED-EQUIV-001,GOLD-MODEL-C1-B10-R01737,10,89,7.742212,7.742212,1.8130493195656072e-07,2.3417717308252565e-08
EXP-EMBED-C1-FUSED-EQUIV-001,GOLD-MODEL-C1-B10-R01737,10,90,2.277651,2.277651,7.15484618218909e-08,3.1413268240784426e-08
EXP-EMBED-C1-FUSED-EQUIV-001,GOLD-MODEL-C1-B10-R01737,10,91,2.987505,2.987505,4.089355476466494e-08,1.3688196258973605e-08
EXP-EMBED-C1-FUSED-EQUIV-001,GOLD-MODEL-C1-B10-R01737,10,92,7.13913,7.13913,1.15509033449257e-07,1.617970725414119e-08
EXP-EMBED-C1-FUSED-EQUIV-001,GOLD-MODEL-C1-B10-R01737,10,93,-2.295511,-2.295511,7.308960103813433e-09,3.1840231233104237e-09
EXP-EMBED-C1-FUSED-EQUIV-001,GOLD-MODEL-C1-B10-R01737,10,94,-3.701463,-3.701463,1.5914916939863133e-08,4.299628806194505e-09
EXP-EMBED-C1-FUSED-EQUIV-001,GOLD-MODEL-C1-B10-R01737,10,95,-10.518231,-10.518231,3.9190673817302013e-07,3.7259757669613846e-08
EXP-EMBED-C1-FUSED-EQUIV-001,GOLD-MODEL-C1-B10-R01737,10,96,4433.3675,4433.3677,0.0001757812497089617,3.964960037916137e-08
EXP-EMBED-C1-FUSED-EQUIV-001,GOLD-MODEL-C1-B10-R01737,10,97,4.671879,4.671879,1.8530273404593345e-07,3.966342750870334e-08
EXP-EMBED-C1-FUSED-EQUIV-001,GOLD-MODEL-C1-B10-R01737,10,98,1.131075,1.131075,2.4604797310701088e-08,2.175346224671316e-08
EXP-EMBED-C1-FUSED-EQUIV-001,GOLD-MODEL-C1-B10-R01737,10,99,1.970225,1.970225,2.3460388076657068e-08,1.1907466445028902e-08
EXP-EMBED-C1-FUSED-EQUIV-001,GOLD-MODEL-C1-B10-R01737,10,100,5.0809,5.0809,1.9226074243761104e-07,3.78398989229489e-08
EXP-EMBED-C1-FUSED-EQUIV-001,GOLD-MODEL-C1-B10-R01737,10,101,-1.004341,-1.004341,6.2789917709693555e-09,6.251852479356469e-09
EXP-EMBED-C1-FUSED-EQUIV-001,GOLD-MODEL-C1-B10-R01737,10,102,-1.965138,-1.965138,4.147338872328987e-08,2.110456808798663e-08
EXP-EMBED-C1-FUSED-EQUIV-001,GOLD-MODEL-C1-B10-R01737,10,103,-7.26895,-7.26895,1.4495849853801701e-08,1.9942151003654863e-09
EXP-EMBED-C1-FUSED-EQUIV-001,GOLD-MODEL-C1-B10-R01737,10,104,3831.3769,3831.377,5.3124999794817995e-05,1.3865772327128138e-08
EXP-EMBED-C1-FUSED-EQUIV-001,GOLD-MODEL-C1-B10-R01737,10,105,4.47019,4.47019,4.821777377372882e-08,1.0786515511360552e-08
EXP-EMBED-C1-FUSED-EQUIV-001,GOLD-MODEL-C1-B10-R01737,10,106,0.946097,0.946097,1.6334533725625988e-08,1.7265178650419554e-08
EXP-EMBED-C1-FUSED-EQUIV-001,GOLD-MODEL-C1-B10-R01737,10,107,1.813563,1.813563,1.0765075719731954e-08,5.935870835329103e-09
EXP-EMBED-C1-FUSED-EQUIV-001,GOLD-MODEL-C1-B10-R01737,10,108,5.085536,5.085536,3.112792690274091e-09,6.120874358718709e-10
EXP-EMBED-C1-FUSED-EQUIV-001,GOLD-MODEL-C1-B10-R01737,10,109,-0.831296,-0.831296,2.6706695521738766e-08,3.212657768320642e-08
EXP-EMBED-C1-FUSED-EQUIV-001,GOLD-MODEL-C1-B10-R01737,10,110,-1.593975,-1.593975,5.207061759548992e-08,3.266714822722434e-08
EXP-EMBED-C1-FUSED-EQUIV-001,GOLD-MODEL-C1-B10-R01737,10,111,-6.338097,-6.338097,9.54895016391788e-08,1.5065957753435896e-08
EXP-EMBED-C1-FUSED-EQUIV-001,GOLD-MODEL-C1-B10-R01737,10,112,17980.4568,17980.457,0.0002312500000698492,1.2861186044497445e-08
EXP-EMBED-C1-FUSED-EQUIV-001,GOLD-MODEL-C1-B10-R01737,10,113,8.681269,8.681269,3.079833987840175e-07,3.5476771746621086e-08
EXP-EMBED-C1-FUSED-EQUIV-001,GOLD-MODEL-C1-B10-R01737,10,114,4.396838,4.396838,1.8817138691673563e-07,4.279697976517116e-08
EXP-EMBED-C1-FUSED-EQUIV-001,GOLD-MODEL-C1-B10-R01737,10,115,5.636846,5.636846,6.552123998915249e-08,1.1623741359822938e-08
EXP-EMBED-C1-FUSED-EQUIV-001,GOLD-MODEL-C1-B10-R01737,10,116,10.320776,10.320776,1.4282226956652266e-08,1.3838326649713419e-09
EXP-EMBED-C1-FUSED-EQUIV-001,GOLD-MODEL-C1-B10-R01737,10,117,-4.534051,-4.534051,5.853271467515242e-08,1.2909584536025824e-08
EXP-EMBED-C1-FUSED-EQUIV-001,GOLD-MODEL-C1-B10-R01737,10,118,-7.67031,-7.67031,2.0446777604377075e-08,2.66570420287799e-09
EXP-EMBED-C1-FUSED-EQUIV-001,GOLD-MODEL-C1-B10-R01737,10,119,-22.509074,-22.509073,7.425537091876322e-07,3.2989082944399766e-08
EXP-EMBED-C1-FUSED-EQUIV-001,GOLD-MODEL-C1-B10-R01737,10,120,16227.7935,16227.794,0.00044531250023283064,2.7441346245429525e-08
EXP-EMBED-C1-FUSED-EQUIV-001,GOLD-MODEL-C1-B10-R01737,10,121,8.776123,8.776123,4.6874999881652e-08,5.34119677694262e-09
EXP-EMBED-C1-FUSED-EQUIV-001,GOLD-MODEL-C1-B10-R01737,10,122,4.098377,4.098377,2.2778320296623633e-07,5.557887987518872e-08
EXP-EMBED-C1-FUSED-EQUIV-001,GOLD-MODEL-C1-B10-R01737,10,123,5.309168,5.309168,1.3806152310280595e-07,2.6004361343021346e-08
EXP-EMBED-C1-FUSED-EQUIV-001,GOLD-MODEL-C1-B10-R01737,10,124,9.3873,9.3873,4.623413083493233e-07,4.925178787823158e-08
EXP-EMBED-C1-FUSED-EQUIV-001,GOLD-MODEL-C1-B10-R01737,10,125,-4.154918,-4.154918,1.9381713833865888e-07,4.6647644631893786e-08
EXP-EMBED-C1-FUSED-EQUIV-001,GOLD-MODEL-C1-B10-R01737,10,126,-6.955717,-6.955717,8.679199225980483e-08,1.2477792333961377e-08
EXP-EMBED-C1-FUSED-EQUIV-001,GOLD-MODEL-C1-B10-R01737,10,127,-17.790923,-17.790922,8.350830071890414e-07,4.6938711790784624e-08
EXP-EMBED-C1-FUSED-EQUIV-001,GOLD-MODEL-C1-B10-R02287,10,0,1906.9402,1906.9402,1.4453125004365575e-05,7.579222989984465e-09
EXP-EMBED-C1-FUSED-EQUIV-001,GOLD-MODEL-C1-B10-R02287,10,1,1.578745,1.578745,7.514953548337644e-09,4.760080664285647e-09
EXP-EMBED-C1-FUSED-EQUIV-001,GOLD-MODEL-C1-B10-R02287,10,2,0.428991,0.428991,1.0076522838353696e-08,2.348889099853772e-08
EXP-EMBED-C1-FUSED-EQUIV-001,GOLD-MODEL-C1-B10-R02287,10,3,0.658057,0.658057,2.5588989260860728e-08,3.888567291414076e-08
EXP-EMBED-C1-FUSED-EQUIV-001,GOLD-MODEL-C1-B10-R02287,10,4,3.540899,3.540899,3.831481931726444e-08,1.082064733200931e-08
EXP-EMBED-C1-FUSED-EQUIV-001,GOLD-MODEL-C1-B10-R02287,10,5,-0.432594,-0.432594,1.293182394501713e-09,2.9893673848960294e-09
EXP-EMBED-C1-FUSED-EQUIV-001,GOLD-MODEL-C1-B10-R02287,10,6,-0.729428,-0.729428,6.702423061000218e-09,9.18860128895548e-09
EXP-EMBED-C1-FUSED-EQUIV-001,GOLD-MODEL-C1-B10-R02287,10,7,-2.673018,-2.673018,2.133178700347571e-08,7.980412778168988e-09
EXP-EMBED-C1-FUSED-EQUIV-001,GOLD-MODEL-C1-B10-R02287,10,8,4133.4231,4133.4233,0.00023984375002328306,5.802545353348489e-08
EXP-EMBED-C1-FUSED-EQUIV-001,GOLD-MODEL-C1-B10-R02287,10,9,2.203706,2.203706,2.6077270565139088e-08,1.1833370951088344e-08
EXP-EMBED-C1-FUSED-EQUIV-001,GOLD-MODEL-C1-B10-R02287,10,10,0.870827,0.870827,1.921463010923219e-08,2.206480748671342e-08
EXP-EMBED-C1-FUSED-EQUIV-001,GOLD-MODEL-C1-B10-R02287,10,11,1.184317,1.184317,7.2402954742756265e-09,6.1134776198227555e-09
EXP-EMBED-C1-FUSED-EQUIV-001,GOLD-MODEL-C1-B10-R02287,10,12,4.104476,4.104476,2.496337891955136e-08,6.081989252599202e-09
EXP-EMBED-C1-FUSED-EQUIV-001,GOLD-MODEL-C1-B10-R02287,10,13,-0.88753,-0.88753,2.8820037800691978e-08,3.24721843776458e-08
EXP-EMBED-C1-FUSED-EQUIV-001,GOLD-MODEL-C1-B10-R02287,10,14,-1.375392,-1.375392,3.985595697919564e-08,2.8977889197549237e-08
EXP-EMBED-C1-FUSED-EQUIV-001,GOLD-MODEL-C1-B10-R02287,10,15,-3.640296,-3.640296,1.763916035457669e-08,4.8455291422941124e-09
EXP-EMBED-C1-FUSED-EQUIV-001,GOLD-MODEL-C1-B10-R02287,10,16,9206.8225,9206.822,0.00023437500021827873,2.54566654476372e-08
EXP-EMBED-C1-FUSED-EQUIV-001,GOLD-MODEL-C1-B10-R02287,10,17,5.807013,5.807013,3.482055621617519e-08,5.996293828888482e-09
EXP-EMBED-C1-FUSED-EQUIV-001,GOLD-MODEL-C1-B10-R02287,10,18,2.307415,2.307415,8.544921659137117e-09,3.7032443921605416e-09
EXP-EMBED-C1-FUSED-EQUIV-001,GOLD-MODEL-C1-B10-R02287,10,19,3.238433,3.238433,1.1578369152331902e-07,3.575299891130032e-08
EXP-EMBED-C1-FUSED-EQUIV-001,GOLD-MODEL-C1-B10-R02287,10,20,5.751379,5.751379,1.3061523418400611e-08,2.271024639204026e-09
EXP-EMBED-C1-FUSED-EQUIV-001,GOLD-MODEL-C1-B10-R02287,10,21,-1.124026,-1.124026,5.910491940319673e-08,5.2583231529516876e-08
EXP-EMBED-C1-FUSED-EQUIV-001,GOLD-MODEL-C1-B10-R02287,10,22,-1.654166,-1.654166,1.6799926783050978e-08,1.0156131115650412e-08
EXP-EMBED-C1-FUSED-EQUIV-001,GOLD-MODEL-C1-B10-R02287,10,23,-4.572689,-4.572689,5.639648481547965e-08,1.2333330522911061e-08
EXP-EMBED-C1-FUSED-EQUIV-001,GOLD-MODEL-C1-B10-R02287,10,24,10386.1379,10386.138,0.00020468749971769284,1.9707758715363567e-08
EXP-EMBED-C1-FUSED-EQUIV-001,GOLD-MODEL-C1-B10-R02287,10,25,6.047455,6.047455,1.6601562524698465e-07,2.745214726640953e-08
EXP-EMBED-C1-FUSED-EQUIV-001,GOLD-MODEL-C1-B10-R02287,10,26,2.582264,2.582264,5.346679676776489e-08,2.0705395253066647e-08
EXP-EMBED-C1-FUSED-EQUIV-001,GOLD-MODEL-C1-B10-R02287,10,27,3.495997,3.495997,4.7943115255577595e-08,1.37137175047855e-08
EXP-EMBED-C1-FUSED-EQUIV-001,GOLD-MODEL-C1-B10-R02287,10,28,5.961616,5.961616,3.92761227985261e-08,6.588167167849473e-09
EXP-EMBED-C1-FUSED-EQUIV-001,GOLD-MODEL-C1-B10-R02287,10,29,-1.263409,-1.263409,1.8516540523094704e-08,1.4656014420583283e-08
EXP-EMBED-C1-FUSED-EQUIV-001,GOLD-MODEL-C1-B10-R02287,10,30,-1.844545,-1.844545,6.7520140589749644e-09,3.660530948811205e-09
EXP-EMBED-C1-FUSED-EQUIV-001,GOLD-MODEL-C1-B10-R02287,10,31,-4.68142,-4.68142,1.5060424818358342e-07,3.217063373582875e-08
EXP-EMBED-C1-FUSED-EQUIV-001,GOLD-MODEL-C1-B10-R02287,10,32,3012.223,3012.223,9.960937495634425e-05,3.3068393328231095e-08
EXP-EMBED-C1-FUSED-EQUIV-001,GOLD-MODEL-C1-B10-R02287,10,33,3.516117,3.516117,9.594726568806777e-08,2.7287847841260054e-08
EXP-EMBED-C1-FUSED-EQUIV-001,GOLD-MODEL-C1-B10-R02287,10,34,0.962566,0.962566,1.8104553189957073e-08,1.8808635657146702e-08
EXP-EMBED-C1-FUSED-EQUIV-001,GOLD-MODEL-C1-B10-R02287,10,35,1.811367,1.811367,3.4912109425633275e-08,1.9273901658599982e-08
EXP-EMBED-C1-FUSED-EQUIV-001,GOLD-MODEL-C1-B10-R02287,10,36,3.974979,3.974979,7.62023923961408e-08,1.9170514459608667e-08
EXP-EMBED-C1-FUSED-EQUIV-001,GOLD-MODEL-C1-B10-R02287,10,37,-0.576475,-0.576475,2.422332767704205e-08,4.201973663565992e-08
EXP-EMBED-C1-FUSED-EQUIV-001,GOLD-MODEL-C1-B10-R02287,10,38,-0.967626,-0.967626,2.439117430252935e-08,2.520723327249304e-08
EXP-EMBED-C1-FUSED-EQUIV-001,GOLD-MODEL-C1-B10-R02287,10,39,-2.897211,-2.897211,7.48291015817415e-08,2.582797786621047e-08
EXP-EMBED-C1-FUSED-EQUIV-001,GOLD-MODEL-C1-B10-R02287,10,40,2629.5934,2629.5935,0.00010585937479845597,4.025693660413658e-08
EXP-EMBED-C1-FUSED-EQUIV-001,GOLD-MODEL-C1-B10-R02287,10,41,3.573954,3.573954,1.0537719719039274e-07,2.9484765945614503e-08
EXP-EMBED-C1-FUSED-EQUIV-001,GOLD-MODEL-C1-B10-R02287,10,42,0.829631,0.829631,2.904510498780155e-08,3.5009666933614524e-08
EXP-EMBED-C1-FUSED-EQUIV-001,GOLD-MODEL-C1-B10-R02287,10,43,1.481314,1.481314,5.613708498053427e-08,3.7896816596976916e-08
EXP-EMBED-C1-FUSED-EQUIV-001,GOLD-MODEL-C1-B10-R02287,10,44,3.513516,3.513516,5.075073250537798e-08,1.4444429029319344e-08
EXP-EMBED-C1-FUSED-EQUIV-001,GOLD-MODEL-C1-B10-R02287,10,45,-0.505016,-0.505016,2.888107297760456e-08,5.718843160930458e-08
EXP-EMBED-C1-FUSED-EQUIV-001,GOLD-MODEL-C1-B10-R02287,10,46,-0.840948,-0.840948,1.4350891142100863e-08,1.706513499300892e-08
EXP-EMBED-C1-FUSED-EQUIV-001,GOLD-MODEL-C1-B10-R02287,10,47,-3.114679,-3.114679,9.812927226349188e-08,3.150542070739613e-08
EXP-EMBED-C1-FUSED-EQUIV-001,GOLD-MODEL-C1-B10-R02287,10,48,8766.728,8766.728,0.0004609374991559889,5.25780541104947e-08
EXP-EMBED-C1-FUSED-EQUIV-001,GOLD-MODEL-C1-B10-R02287,10,49,4.72659,4.72659,1.565551759341588e-07,3.312222467659746e-08
EXP-EMBED-C1-FUSED-EQUIV-001,GOLD-MODEL-C1-B10-R02287,10,50,2.733911,2.733911,3.744506837932704e-08,1.3696520618018304e-08
EXP-EMBED-C1-FUSED-EQUIV-001,GOLD-MODEL-C1-B10-R02287,10,51,4.159278,4.159278,8.404540974282781e-08,2.0206730529391837e-08
EXP-EMBED-C1-FUSED-EQUIV-001,GOLD-MODEL-C1-B10-R02287,10,52,7.303399,7.303399,8.599853540403046e-08,1.1775138590131863e-08
EXP-EMBED-C1-FUSED-EQUIV-001,GOLD-MODEL-C1-B10-R02287,10,53,-1.259114,-1.259114,2.702331536319491e-08,2.1462167336075136e-08
EXP-EMBED-C1-FUSED-EQUIV-001,GOLD-MODEL-C1-B10-R02287,10,54,-2.047221,-2.047221,5.46417235902652e-08,2.6690681460509246e-08
EXP-EMBED-C1-FUSED-EQUIV-001,GOLD-MODEL-C1-B10-R02287,10,55,-4.826765,-4.826765,6.042480471535328e-08,1.251869621068216e-08
EXP-EMBED-C1-FUSED-EQUIV-001,GOLD-MODEL-C1-B10-R02287,10,56,9840.5879,9840.588,9.375000445288606e-06,9.526870285146892e-10
EXP-EMBED-C1-FUSED-EQUIV-001,GOLD-MODEL-C1-B10-R02287,10,57,5.126293,5.126293,1.823730464423079e-07,3.5576009104884927e-08
EXP-EMBED-C1-FUSED-EQUIV-001,GOLD-MODEL-C1-B10-R02287,10,58,2.952888,2.952888,1.1932372867562435e-08,4.0409161700553606e-09
EXP-EMBED-C1-FUSED-EQUIV-001,GOLD-MODEL-C1-B10-R02287,10,59,4.446483,4.446483,1.3522338893068309e-07,3.041131360013815e-08
EXP-EMBED-C1-FUSED-EQUIV-001,GOLD-MODEL-C1-B10-R02287,10,60,7.576438,7.576438,4.986572221810093e-08,6.581684192241913e-09
EXP-EMBED-C1-FUSED-EQUIV-001,GOLD-MODEL-C1-B10-R02287,10,61,-1.436303,-1.436303,1.952362049806311e-08,1.3592967847357492e-08
EXP-EMBED-C1-FUSED-EQUIV-001,GOLD-MODEL-C1-B10-R02287,10,62,-2.289435,-2.289435,9.017944346823015e-08,3.9389387979230746e-08
EXP-EMBED-C1-FUSED-EQUIV-001,GOLD-MODEL-C1-B10-R02287,10,63,-4.911502,-4.911502,1.1553955037157948e-07,2.352428042818256e-08
EXP-EMBED-C1-FUSED-EQUIV-001,GOLD-MODEL-C1-B10-R02287,10,64,1509.8277,1509.8278,5.878906245015969e-05,3.8937596952393765e-08
EXP-EMBED-C1-FUSED-EQUIV-001,GOLD-MODEL-C1-B10-R02287,10,65,1.303898,1.303898,2.3124694825682468e-08,1.7735048926896483e-08
EXP-EMBED-C1-FUSED-EQUIV-001,GOLD-MODEL-C1-B10-R02287,10,66,0.356986,0.356986,1.376724245716332e-08,3.8565216723242144e-08
EXP-EMBED-C1-FUSED-EQUIV-001,GOLD-MODEL-C1-B10-R02287,10,67,0.694085,0.694085,1.945495653465912e-09,2.8029645554448115e-09
EXP-EMBED-C1-FUSED-EQUIV-001,GOLD-MODEL-C1-B10-R02287,10,68,5.06338,5.06338,2.3544311567036402e-07,4.649919928394946e-08
EXP-EMBED-C1-FUSED-EQUIV-001,GOLD-MODEL-C1-B10-R02287,10,69,-0.258026,-0.258026,3.8375854716221625e-09,1.4872863477409884e-08
EXP-EMBED-C1-FUSED-EQUIV-001,GOLD-MODEL-C1-B10-R02287,10,70,-0.595429,-0.595429,3.2386779924564735e-09,5.4392345560200686e-09
EXP-EMBED-C1-FUSED-EQUIV-001,GOLD-MODEL-C1-B10-R02287,10,71,-3.421523,-3.421523,9.417724600169208e-08,2.752494897789437e-08
EXP-EMBED-C1-FUSED-EQUIV-001,GOLD-MODEL-C1-B10-R02287,10,72,2404.7251,2404.725,2.3437501113221515e-06,9.74643676036879e-10
EXP-EMBED-C1-FUSED-EQUIV-001,GOLD-MODEL-C1-B10-R02287,10,73,1.641753,1.641753,4.1702270525689755e-08,2.5401062477540626e-08
EXP-EMBED-C1-FUSED-EQUIV-001,GOLD-MODEL-C1-B10-R02287,10,74,0.524759,0.524759,5.42068478992519e-09,1.0329855781273289e-08
EXP-EMBED-C1-FUSED-EQUIV-001,GOLD-MODEL-C1-B10-R02287,10,75,0.894081,0.894081,3.486633315397114e-09,3.899683938476619e-09
EXP-EMBED-C1-FUSED-EQUIV-001,GOLD-MODEL-C1-B10-R02287,10,76,4.221603,4.221603,8.328247069755434e-08,1.972768891285001e-08
EXP-EMBED-C1-FUSED-EQUIV-001,GOLD-MODEL-C1-B10-R02287,10,77,-0.263413,-0.263413,1.2027740470266224e-08,4.5661149868329293e-08
EXP-EMBED-C1-FUSED-EQUIV-001,GOLD-MODEL-C1-B10-R02287,10,78,-0.581928,-0.581928,1.475524902261327e-08,2.5355798350677868e-08
EXP-EMBED-C1-FUSED-EQUIV-001,GOLD-MODEL-C1-B10-R02287,10,79,-3.318175,-3.318175,7.743835439555369e-08,2.333763421023716e-08
EXP-EMBED-C1-FUSED-EQUIV-001,GOLD-MODEL-C1-B10-R02287,10,80,7039.1997,7039.1997,7.031249879219104e-06,9.988706357086451e-10
EXP-EMBED-C1-FUSED-EQUIV-001,GOLD-MODEL-C1-B10-R02287,10,81,4.46103,4.46103,6.40869135537514e-09,1.436594543272549e-09
EXP-EMBED-C1-FUSED-EQUIV-001,GOLD-MODEL-C1-B10-R02287,10,82,1.949934,1.949934,5.737304631381335e-09,2.942307089050878e-09
EXP-EMBED-C1-FUSED-EQUIV-001,GOLD-MODEL-C1-B10-R02287,10,83,2.710986,2.710986,1.0102844250070575e-07,3.7266309195512536e-08
EXP-EMBED-C1-FUSED-EQUIV-001,GOLD-MODEL-C1-B10-R02287,10,84,5.974441,5.974441,5.1483154628328975e-08,8.617233750961635e-09
EXP-EMBED-C1-FUSED-EQUIV-001,GOLD-MODEL-C1-B10-R02287,10,85,-0.896496,-0.896496,2.094268758412454e-09,2.3360603487494138e-09
EXP-EMBED-C1-FUSED-EQUIV-001,GOLD-MODEL-C1-B10-R02287,10,86,-1.456878,-1.456878,5.3146362199996133e-08,3.647962437485921e-08
EXP-EMBED-C1-FUSED-EQUIV-001,GOLD-MODEL-C1-B10-R02287,10,87,-4.393285,-4.393285,2.023315426313843e-07,4.6054727301184495e-08
EXP-EMBED-C1-FUSED-EQUIV-001,GOLD-MODEL-C1-B10-R02287,10,88,7181.911,7181.911,0.00013281249994179234,1.8492640738905334e-08
EXP-EMBED-C1-FUSED-EQUIV-001,GOLD-MODEL-C1-B10-R02287,10,89,4.580042,4.580042,1.1462402316197995e-07,2.502684978914603e-08
EXP-EMBED-C1-FUSED-EQUIV-001,GOLD-MODEL-C1-B10-R02287,10,90,1.768641,1.768641,4.974365142018655e-09,2.8125352414756048e-09
EXP-EMBED-C1-FUSED-EQUIV-001,GOLD-MODEL-C1-B10-R02287,10,91,2.450237,2.450237,3.575134277511438e-08,1.4590973352828473e-08
EXP-EMBED-C1-FUSED-EQUIV-001,GOLD-MODEL-C1-B10-R02287,10,92,5.594744,5.594744,2.054748531321593e-07,3.672640841692833e-08
EXP-EMBED-C1-FUSED-EQUIV-001,GOLD-MODEL-C1-B10-R02287,10,93,-0.878178,-0.878178,4.5013426319684413e-10,5.12577476544441e-10
EXP-EMBED-C1-FUSED-EQUIV-001,GOLD-MODEL-C1-B10-R02287,10,94,-1.383481,-1.383481,2.5695800820457748e-08,1.8573295058231915e-08
EXP-EMBED-C1-FUSED-EQUIV-001,GOLD-MODEL-C1-B10-R02287,10,95,-4.112868,-4.112868,1.6781616185568282e-07,4.080271038498752e-08
EXP-EMBED-C1-FUSED-EQUIV-001,GOLD-MODEL-C1-B10-R02287,10,96,3130.9805,3130.9805,3.12500001200533e-05,9.980898993159906e-09
EXP-EMBED-C1-FUSED-EQUIV-001,GOLD-MODEL-C1-B10-R02287,10,97,3.970183,3.970183,1.0433959962696804e-07,2.6280803586879505e-08
EXP-EMBED-C1-FUSED-EQUIV-001,GOLD-MODEL-C1-B10-R02287,10,98,0.991911,0.991911,5.947113024262762e-09,5.995611525895733e-09
EXP-EMBED-C1-FUSED-EQUIV-001,GOLD-MODEL-C1-B10-R02287,10,99,1.79088,1.79088,3.517150881648945e-08,1.963923256526928e-08
EXP-EMBED-C1-FUSED-EQUIV-001,GOLD-MODEL-C1-B10-R02287,10,100,4.54534,4.54534,6.118774376062674e-08,1.3461642860737974e-08
EXP-EMBED-C1-FUSED-EQUIV-001,GOLD-MODEL-C1-B10-R02287,10,101,-0.610834,-0.610834,2.4948120236345517e-09,4.08427170660859e-09
EXP-EMBED-C1-FUSED-EQUIV-001,GOLD-MODEL-C1-B10-R02287,10,102,-1.074837,-1.074837,3.062438969081427e-08,2.849212456476123e-08
EXP-EMBED-C1-FUSED-EQUIV-001,GOLD-MODEL-C1-B10-R02287,10,103,-3.789416,-3.789416,7.475280749957847e-08,1.972673559714174e-08
EXP-EMBED-C1-FUSED-EQUIV-001,GOLD-MODEL-C1-B10-R02287,10,104,3290.0052,3290.0051,7.304687505893526e-05,2.2202662493948416e-08
EXP-EMBED-C1-FUSED-EQUIV-001,GOLD-MODEL-C1-B10-R02287,10,105,4.160347,4.160347,1.5136718545250005e-08,3.6383307799205224e-09
EXP-EMBED-C1-FUSED-EQUIV-001,GOLD-MODEL-C1-B10-R02287,10,106,1.016181,1.016181,7.873535157187916e-09,7.748162145511396e-09
EXP-EMBED-C1-FUSED-EQUIV-001,GOLD-MODEL-C1-B10-R02287,10,107,1.789598,1.789598,1.1871337912694457e-08,6.633522116528102e-09
EXP-EMBED-C1-FUSED-EQUIV-001,GOLD-MODEL-C1-B10-R02287,10,108,4.914995,4.914995,1.9348144508768428e-07,3.936554260740535e-08
EXP-EMBED-C1-FUSED-EQUIV-001,GOLD-MODEL-C1-B10-R02287,10,109,-0.634073,-0.634073,1.902770996320413e-08,3.0008705564192344e-08
EXP-EMBED-C1-FUSED-EQUIV-001,GOLD-MODEL-C1-B10-R02287,10,110,-1.143578,-1.143578,5.252075196970907e-08,4.5926689713958355e-08
EXP-EMBED-C1-FUSED-EQUIV-001,GOLD-MODEL-C1-B10-R02287,10,111,-3.566844,-3.566844,1.348876965678869e-08,3.7817100094057075e-09
EXP-EMBED-C1-FUSED-EQUIV-001,GOLD-MODEL-C1-B10-R02287,10,112,6723.0903,6723.0903,3.2031250157160684e-05,4.764364113503084e-09
EXP-EMBED-C1-FUSED-EQUIV-001,GOLD-MODEL-C1-B10-R02287,10,113,3.589946,3.589946,3.1570434710914697e-08,8.79412523500763e-09
EXP-EMBED-C1-FUSED-EQUIV-001,GOLD-MODEL-C1-B10-R02287,10,114,2.323702,2.323702,9.693908697983034e-08,4.171752099874697e-08
EXP-EMBED-C1-FUSED-EQUIV-001,GOLD-MODEL-C1-B10-R02287,10,115,3.699403,3.699403,4.756164528885165e-08,1.2856573152168511e-08
EXP-EMBED-C1-FUSED-EQUIV-001,GOLD-MODEL-C1-B10-R02287,10,116,7.359043,7.359043,1.213378908460072e-07,1.6488270396844702e-08
EXP-EMBED-C1-FUSED-EQUIV-001,GOLD-MODEL-C1-B10-R02287,10,117,-1.025361,-1.025361,5.811309811143417e-08,5.667574455380512e-08
EXP-EMBED-C1-FUSED-EQUIV-001,GOLD-MODEL-C1-B10-R02287,10,118,-1.748081,-1.748081,3.114318847252662e-08,1.7815643824586284e-08
EXP-EMBED-C1-FUSED-EQUIV-001,GOLD-MODEL-C1-B10-R02287,10,119,-4.82636,-4.82636,2.2567749002888604e-07,4.675935695407844e-08
EXP-EMBED-C1-FUSED-EQUIV-001,GOLD-MODEL-C1-B10-R02287,10,120,6039.1499,6039.15,2.3437496565748006e-06,3.8809264472385433e-10
EXP-EMBED-C1-FUSED-EQUIV-001,GOLD-MODEL-C1-B10-R02287,10,121,3.531238,3.531238,7.907104482285376e-08,2.2391876396565103e-08
EXP-EMBED-C1-FUSED-EQUIV-001,GOLD-MODEL-C1-B10-R02287,10,122,2.022655,2.022655,1.0223388802188538e-08,5.0544402293957886e-09
EXP-EMBED-C1-FUSED-EQUIV-001,GOLD-MODEL-C1-B10-R02287,10,123,3.301482,3.301482,3.779602053555209e-08,1.1448198274457377e-08
EXP-EMBED-C1-FUSED-EQUIV-001,GOLD-MODEL-C1-B10-R02287,10,124,6.443189,6.443189,1.441345212072065e-07,2.2370059485637698e-08
EXP-EMBED-C1-FUSED-EQUIV-001,GOLD-MODEL-C1-B10-R02287,10,125,-0.914954,-0.914954,6.671905472543926e-09,7.2920665656895604e-09
EXP-EMBED-C1-FUSED-EQUIV-001,GOLD-MODEL-C1-B10-R02287,10,126,-1.587204,-1.587204,2.0507812559245053e-08,1.2920716277961152e-08
EXP-EMBED-C1-FUSED-EQUIV-001,GOLD-MODEL-C1-B10-R02287,10,127,-3.893024,-3.893024,3.2257080118114345e-08,8.285867263627027e-09
EXP-EMBED-C1-FUSED-EQUIV-001,GOLD-MODEL-C1-B10-R02482,10,0,93627.6172,93627.62,1.2499993317760527e-05,1.335075450126966e-10
EXP-EMBED-C1-FUSED-EQUIV-001,GOLD-MODEL-C1-B10-R02482,10,1,4.050075,4.050075,5.41687015243042e-08,1.3374740350315538e-08
EXP-EMBED-C1-FUSED-EQUIV-001,GOLD-MODEL-C1-B10-R02482,10,2,24.254651,24.25465,8.840332021975428e-07,3.644798691176974e-08
EXP-EMBED-C1-FUSED-EQUIV-001,GOLD-MODEL-C1-B10-R02482,10,3,36.411552,36.411552,4.291992183880211e-07,1.178744642326757e-08
EXP-EMBED-C1-FUSED-EQUIV-001,GOLD-MODEL-C1-B10-R02482,10,4,67.636494,67.6365,3.497558594744987e-06,5.171111611351391e-08
EXP-EMBED-C1-FUSED-EQUIV-001,GOLD-MODEL-C1-B10-R02482,10,5,-4.804185,-4.804185,8.636474646550596e-08,1.7976981832611765e-08
EXP-EMBED-C1-FUSED-EQUIV-001,GOLD-MODEL-C1-B10-R02482,10,6,-6.200147,-6.200147,1.5194702118748182e-07,2.45070030093612e-08
EXP-EMBED-C1-FUSED-EQUIV-001,GOLD-MODEL-C1-B10-R02482,10,7,-12.660098,-12.660098,7.58666995892554e-08,5.9925839112189655e-09
EXP-EMBED-C1-FUSED-EQUIV-001,GOLD-MODEL-C1-B10-R02482,10,8,66912.2656,66912.266,2.5000001187436283e-05,3.7362359446750345e-10
EXP-EMBED-C1-FUSED-EQUIV-001,GOLD-MODEL-C1-B10-R02482,10,9,2.65413,2.65413,1.8005370971962975e-08,6.783906957068032e-09
EXP-EMBED-C1-FUSED-EQUIV-001,GOLD-MODEL-C1-B10-R02482,10,10,18.444333,18.444332,8.771972659360472e-07,4.755917527275436e-08
EXP-EMBED-C1-FUSED-EQUIV-001,GOLD-MODEL-C1-B10-R02482,10,11,28.841208,28.841208,4.957275407946327e-07,1.7188168428820063e-08
EXP-EMBED-C1-FUSED-EQUIV-001,GOLD-MODEL-C1-B10-R02482,10,12,58.308644,58.308643,6.589355479036385e-07,1.1300820988113503e-08
EXP-EMBED-C1-FUSED-EQUIV-001,GOLD-MODEL-C1-B10-R02482,10,13,-6.39168,-6.39168,2.362060547156375e-07,3.695523785853445e-08
EXP-EMBED-C1-FUSED-EQUIV-001,GOLD-MODEL-C1-B10-R02482,10,14,-8.290846,-8.290846,1.2902832047245738e-07,1.5562744799801778e-08
EXP-EMBED-C1-FUSED-EQUIV-001,GOLD-MODEL-C1-B10-R02482,10,15,-16.741269,-16.741268,8.420410146925406e-07,5.029732302208038e-08
EXP-EMBED-C1-FUSED-EQUIV-001,GOLD-MODEL-C1-B10-R02482,10,16,17830.0349,17830.035,0.0002562500012572855,1.4371817144187726e-08
EXP-EMBED-C1-FUSED-EQUIV-001,GOLD-MODEL-C1-B10-R02482,10,17,5.411033,5.411033,1.5353393578720897e-07,2.837423756003872e-08
EXP-EMBED-C1-FUSED-EQUIV-001,GOLD-MODEL-C1-B10-R02482,10,18,4.556048,4.556048,8.358764613802805e-08,1.8346524474287376e-08
EXP-EMBED-C1-FUSED-EQUIV-001,GOLD-MODEL-C1-B10-R02482,10,19,7.63879,7.63879,1.306152341840061e-07,1.7098942919494595e-08
EXP-EMBED-C1-FUSED-EQUIV-001,GOLD-MODEL-C1-B10-R02482,10,20,12.00449,12.00449,1.0131835992410743e-07,8.44003867920315e-09
EXP-EMBED-C1-FUSED-EQUIV-001,GOLD-MODEL-C1-B10-R02482,10,21,-1.155938,-1.155938,2.9289245695451882e-08,2.5338076692220417e-08
EXP-EMBED-C1-FUSED-EQUIV-001,GOLD-MODEL-C1-B10-R02482,10,22,-1.742733,-1.742733,1.7089842874185024e-09,9.806346051968387e-10
EXP-EMBED-C1-FUSED-EQUIV-001,GOLD-MODEL-C1-B10-R02482,10,23,-4.053545,-4.053545,1.831054419199063e-09,4.5171681064329203e-10
EXP-EMBED-C1-FUSED-EQUIV-001,GOLD-MODEL-C1-B10-R02482,10,24,17776.1055,17776.105,3.125000148429535e-05,1.7579779487861022e-09
EXP-EMBED-C1-FUSED-EQUIV-001,GOLD-MODEL-C1-B10-R02482,10,25,5.296378,5.296378,1.3568115253548285e-07,2.5617724515788497e-08
EXP-EMBED-C1-FUSED-EQUIV-001,GOLD-MODEL-C1-B10-R02482,10,26,4.746819,4.746819,1.931762660944969e-08,4.06959410279804e-09
EXP-EMBED-C1-FUSED-EQUIV-001,GOLD-MODEL-C1-B10-R02482,10,27,8.264131,8.264131,4.076538093755744e-07,4.932809140798644e-08
EXP-EMBED-C1-FUSED-EQUIV-001,GOLD-MODEL-C1-B10-R02482,10,28,11.518467,11.518467,5.053710872005013e-08,4.3874856541282905e-09
EXP-EMBED-C1-FUSED-EQUIV-001,GOLD-MODEL-C1-B10-R02482,10,29,-1.141176,-1.141176,1.4663696257244396e-08,1.284963603970325e-08
EXP-EMBED-C1-FUSED-EQUIV-001,GOLD-MODEL-C1-B10-R02482,10,30,-1.710624,-1.710624,2.0431518477082022e-08,1.1943897944306887e-08
EXP-EMBED-C1-FUSED-EQUIV-001,GOLD-MODEL-C1-B10-R02482,10,31,-3.866386,-3.866386,6.326293933156535e-08,1.6362292676304267e-08
EXP-EMBED-C1-FUSED-EQUIV-001,GOLD-MODEL-C1-B10-R02482,10,32,5135.524,5135.524,7.421875034197001e-05,1.4452030667556028e-08
EXP-EMBED-C1-FUSED-EQUIV-001,GOLD-MODEL-C1-B10-R02482,10,33,3.399359,3.399359,1.2191772480463214e-08,3.5864915945809824e-09
EXP-EMBED-C1-FUSED-EQUIV-001,GOLD-MODEL-C1-B10-R02482,10,34,1.889532,1.889532,2.997589110265153e-08,1.5864188117825753e-08
EXP-EMBED-C1-FUSED-EQUIV-001,GOLD-MODEL-C1-B10-R02482,10,35,4.483541,4.483541,1.181030295782648e-08,2.634146304857362e-09
EXP-EMBED-C1-FUSED-EQUIV-001,GOLD-MODEL-C1-B10-R02482,10,36,7.677128,7.677128,1.6186523410510745e-07,2.1084086927443108e-08
EXP-EMBED-C1-FUSED-EQUIV-001,GOLD-MODEL-C1-B10-R02482,10,37,-0.771932,-0.771932,5.88226323205987e-09,7.620183166470454e-09
EXP-EMBED-C1-FUSED-EQUIV-001,GOLD-MODEL-C1-B10-R02482,10,38,-1.25949,-1.25949,1.3122558595313194e-08,1.0418946236423628e-08
EXP-EMBED-C1-FUSED-EQUIV-001,GOLD-MODEL-C1-B10-R02482,10,39,-3.183926,-3.183926,1.054992675442179e-07,3.3134962164390096e-08
EXP-EMBED-C1-FUSED-EQUIV-001,GOLD-MODEL-C1-B10-R02482,10,40,4242.115,4242.115,0.00023437500021827873,5.524956306424478e-08
EXP-EMBED-C1-FUSED-EQUIV-001,GOLD-MODEL-C1-B10-R02482,10,41,3.319321,3.319321,8.287048336441671e-08,2.496609498280423e-08
EXP-EMBED-C1-FUSED-EQUIV-001,GOLD-MODEL-C1-B10-R02482,10,42,1.514833,1.514833,2.651977548673301e-08,1.7506732086463002e-08
EXP-EMBED-C1-FUSED-EQUIV-001,GOLD-MODEL-C1-B10-R02482,10,43,3.568135,3.568135,2.311706559510185e-08,6.478753072712173e-09
EXP-EMBED-C1-FUSED-EQUIV-001,GOLD-MODEL-C1-B10-R02482,10,44,6.313361,6.313361,1.679077152871855e-07,2.6595614489205594e-08
EXP-EMBED-C1-FUSED-EQUIV-001,GOLD-MODEL-C1-B10-R02482,10,45,-0.659394,-0.659394,2.5802612269032466e-08,3.913079625994847e-08
EXP-EMBED-C1-FUSED-EQUIV-001,GOLD-MODEL-C1-B10-R02482,10,46,-1.07555,-1.07555,3.986358643182086e-08,3.706344329117276e-08
EXP-EMBED-C1-FUSED-EQUIV-001,GOLD-MODEL-C1-B10-R02482,10,47,-3.120553,-3.120553,1.6662597523975364e-08,5.339629714340812e-09
EXP-EMBED-C1-FUSED-EQUIV-001,GOLD-MODEL-C1-B10-R02482,10,48,23371.2075,23371.207,0.00046875000043655746,2.005673007851894e-08
EXP-EMBED-C1-FUSED-EQUIV-001,GOLD-MODEL-C1-B10-R02482,10,49,5.645262,5.645262,2.354736325926865e-07,4.1711727922049764e-08
EXP-EMBED-C1-FUSED-EQUIV-001,GOLD-MODEL-C1-B10-R02482,10,50,8.338892,8.338892,1.6967772964449068e-08,2.0347754790983107e-09
EXP-EMBED-C1-FUSED-EQUIV-001,GOLD-MODEL-C1-B10-R02482,10,51,15.081128,15.081128,1.2042236363640768e-07,7.98497059612568e-09
EXP-EMBED-C1-FUSED-EQUIV-001,GOLD-MODEL-C1-B10-R02482,10,52,19.368289,19.36829,9.475097648703468e-07,4.8920674658992686e-08
EXP-EMBED-C1-FUSED-EQUIV-001,GOLD-MODEL-C1-B10-R02482,10,53,-1.934153,-1.934153,3.922271729628335e-08,2.0279014791634038e-08
EXP-EMBED-C1-FUSED-EQUIV-001,GOLD-MODEL-C1-B10-R02482,10,54,-3.029588,-3.029588,1.5914916939863133e-08,5.2531621262901535e-09
EXP-EMBED-C1-FUSED-EQUIV-001,GOLD-MODEL-C1-B10-R02482,10,55,-6.170504,-6.170504,9.317016580467907e-08,1.5099279703032212e-08
EXP-EMBED-C1-FUSED-EQUIV-001,GOLD-MODEL-C1-B10-R02482,10,56,24219.4556,24219.455,0.0005218750011408702,2.1547759361728598e-08
EXP-EMBED-C1-FUSED-EQUIV-001,GOLD-MODEL-C1-B10-R02482,10,57,5.607738,5.607738,1.803588833837466e-08,3.21625017758937e-09
EXP-EMBED-C1-FUSED-EQUIV-001,GOLD-MODEL-C1-B10-R02482,10,58,8.711541,8.711541,1.758422847331076e-07,2.018498044526308e-08
EXP-EMBED-C1-FUSED-EQUIV-001,GOLD-MODEL-C1-B10-R02482,10,59,16.030829,16.030828,5.2404785222393e-07,3.2690003257094816e-08
EXP-EMBED-C1-FUSED-EQUIV-001,GOLD-MODEL-C1-B10-R02482,10,60,19.844455,19.844456,7.189941406693379e-07,3.623148837644258e-08
EXP-EMBED-C1-FUSED-EQUIV-001,GOLD-MODEL-C1-B10-R02482,10,61,-2.0241,-2.0241,6.523132345392924e-08,3.222732249094869e-08
EXP-EMBED-C1-FUSED-EQUIV-001,GOLD-MODEL-C1-B10-R02482,10,62,-3.186231,-3.186231,1.0209655743054213e-07,3.2043049430672834e-08
EXP-EMBED-C1-FUSED-EQUIV-001,GOLD-MODEL-C1-B10-R02482,10,63,-6.290573,-6.290573,1.2011718730775556e-07,1.909479268546054e-08
EXP-EMBED-C1-FUSED-EQUIV-001,GOLD-MODEL-C1-B10-R02482,10,64,87561.6406,87561.64,2.5000001187436283e-05,2.855131655383383e-10
EXP-EMBED-C1-FUSED-EQUIV-001,GOLD-MODEL-C1-B10-R02482,10,65,3.556129,3.556129,2.1270751826563128e-08,5.981434258026953e-09
EXP-EMBED-C1-FUSED-EQUIV-001,GOLD-MODEL-C1-B10-R02482,10,66,23.848184,23.848185,5.855712892355314e-07,2.455412492773166e-08
EXP-EMBED-C1-FUSED-EQUIV-001,GOLD-MODEL-C1-B10-R02482,10,67,36.873196,36.873196,3.5180664070821877e-07,9.540985834485808e-09
EXP-EMBED-C1-FUSED-EQUIV-001,GOLD-MODEL-C1-B10-R02482,10,68,76.879521,76.879524,3.2309570343613814e-06,4.202623783726984e-08
EXP-EMBED-C1-FUSED-EQUIV-001,GOLD-MODEL-C1-B10-R02482,10,69,-4.958181,-4.958181,9.561157199300396e-08,1.928359856023892e-08
EXP-EMBED-C1-FUSED-EQUIV-001,GOLD-MODEL-C1-B10-R02482,10,70,-6.694488,-6.694488,4.855346702470342e-08,7.252752865447429e-09
EXP-EMBED-C1-FUSED-EQUIV-001,GOLD-MODEL-C1-B10-R02482,10,71,-31.600102,-31.600101,5.290527340662265e-07,1.6742121087654292e-08
EXP-EMBED-C1-FUSED-EQUIV-001,GOLD-MODEL-C1-B10-R02482,10,72,77312.0625,77312.06,0.0,0.0
EXP-EMBED-C1-FUSED-EQUIV-001,GOLD-MODEL-C1-B10-R02482,10,73,3.68969,3.68969,1.130676268168429e-07,3.0644207729333063e-08
EXP-EMBED-C1-FUSED-EQUIV-001,GOLD-MODEL-C1-B10-R02482,10,74,20.985435,20.985435,4.858398447993295e-07,2.315128777646637e-08
EXP-EMBED-C1-FUSED-EQUIV-001,GOLD-MODEL-C1-B10-R02482,10,75,32.723901,32.7239,1.1586914041572527e-06,3.540810749174595e-08
EXP-EMBED-C1-FUSED-EQUIV-001,GOLD-MODEL-C1-B10-R02482,10,76,64.806855,64.806854,7.519531237676347e-07,1.1602987427296613e-08
EXP-EMBED-C1-FUSED-EQUIV-001,GOLD-MODEL-C1-B10-R02482,10,77,-2.727543,-2.727543,1.1561584489783172e-07,4.238827578440806e-08
EXP-EMBED-C1-FUSED-EQUIV-001,GOLD-MODEL-C1-B10-R02482,10,78,-3.724199,-3.724199,5.6625366173790326e-08,1.5204710106465933e-08
EXP-EMBED-C1-FUSED-EQUIV-001,GOLD-MODEL-C1-B10-R02482,10,79,-11.781523,-11.781523,2.4914550778021294e-07,2.1147139277342405e-08
EXP-EMBED-C1-FUSED-EQUIV-001,GOLD-MODEL-C1-B10-R02482,10,80,19675.3448,19675.346,0.0009031250010593794,4.590135574444314e-08
EXP-EMBED-C1-FUSED-EQUIV-001,GOLD-MODEL-C1-B10-R02482,10,81,5.447522,5.447522,1.633911130838328e-07,2.999365823283188e-08
EXP-EMBED-C1-FUSED-EQUIV-001,GOLD-MODEL-C1-B10-R02482,10,82,5.072142,5.072142,1.2417602501813008e-07,2.448196935695611e-08
EXP-EMBED-C1-FUSED-EQUIV-001,GOLD-MODEL-C1-B10-R02482,10,83,8.047126,8.047126,1.8365478560156134e-07,2.282240710553822e-08
EXP-EMBED-C1-FUSED-EQUIV-001,GOLD-MODEL-C1-B10-R02482,10,84,11.889664,11.889664,3.037109372883151e-07,2.554411439114807e-08
EXP-EMBED-C1-FUSED-EQUIV-001,GOLD-MODEL-C1-B10-R02482,10,85,-1.198947,-1.198947,4.7180175766214916e-08,3.9351343942822255e-08
EXP-EMBED-C1-FUSED-EQUIV-001,GOLD-MODEL-C1-B10-R02482,10,86,-1.800209,-1.800209,4.541015630188383e-08,2.5224935716843896e-08
EXP-EMBED-C1-FUSED-EQUIV-001,GOLD-MODEL-C1-B10-R02482,10,87,-4.703322,-4.703322,6.625366211210348e-08,1.4086567347951827e-08
EXP-EMBED-C1-FUSED-EQUIV-001,GOLD-MODEL-C1-B10-R02482,10,88,17081.0271,17081.027,0.00024375000066356733,1.4270219187437934e-08
EXP-EMBED-C1-FUSED-EQUIV-001,GOLD-MODEL-C1-B10-R02482,10,89,5.335423,5.335423,7.293700754473775e-09,1.367033270740441e-09
EXP-EMBED-C1-FUSED-EQUIV-001,GOLD-MODEL-C1-B10-R02482,10,90,4.580945,4.580945,1.4953613458601467e-08,3.2643075737869515e-09
EXP-EMBED-C1-FUSED-EQUIV-001,GOLD-MODEL-C1-B10-R02482,10,91,7.822252,7.822252,2.0327758765148474e-07,2.598709267503588e-08
EXP-EMBED-C1-FUSED-EQUIV-001,GOLD-MODEL-C1-B10-R02482,10,92,12.145794,12.145794,8.52050785482561e-08,7.015192135504364e-09
EXP-EMBED-C1-FUSED-EQUIV-001,GOLD-MODEL-C1-B10-R02482,10,93,-1.234607,-1.234607,1.872253418966352e-08,1.516477242528474e-08
EXP-EMBED-C1-FUSED-EQUIV-001,GOLD-MODEL-C1-B10-R02482,10,94,-1.866985,-1.866985,3.658294667197026e-08,1.9594665555411673e-08
EXP-EMBED-C1-FUSED-EQUIV-001,GOLD-MODEL-C1-B10-R02482,10,95,-5.096891,-5.096891,7.363891629807995e-08,1.444781069441743e-08
EXP-EMBED-C1-FUSED-EQUIV-001,GOLD-MODEL-C1-B10-R02482,10,96,5663.5874,5663.5874,2.3437496565748006e-06,4.13827754573859e-10
EXP-EMBED-C1-FUSED-EQUIV-001,GOLD-MODEL-C1-B10-R02482,10,97,3.67299,3.67299,8.369445803069198e-08,2.2786464986480218e-08
EXP-EMBED-C1-FUSED-EQUIV-001,GOLD-MODEL-C1-B10-R02482,10,98,2.105485,2.105485,3.753662092265131e-08,1.7828016311040597e-08
EXP-EMBED-C1-FUSED-EQUIV-001,GOLD-MODEL-C1-B10-R02482,10,99,5.156482,5.156482,2.196960453559882e-07,4.260580088439913e-08
EXP-EMBED-C1-FUSED-EQUIV-001,GOLD-MODEL-C1-B10-R02482,10,100,9.188115,9.188115,1.1993408222110702e-07,1.305317600194458e-08
EXP-EMBED-C1-FUSED-EQUIV-001,GOLD-MODEL-C1-B10-R02482,10,101,-0.793887,-0.793887,1.915740965863222e-08,2.4131154255747e-08
EXP-EMBED-C1-FUSED-EQUIV-001,GOLD-MODEL-C1-B10-R02482,10,102,-1.389002,-1.389002,3.447723395666458e-08,2.4821586978754944e-08
EXP-EMBED-C1-FUSED-EQUIV-001,GOLD-MODEL-C1-B10-R02482,10,103,-4.458629,-4.458629,1.313171384964562e-07,2.9452358224121407e-08
EXP-EMBED-C1-FUSED-EQUIV-001,GOLD-MODEL-C1-B10-R02482,10,104,5022.6226,5022.6226,4.140624969295459e-05,8.24395002183811e-09
EXP-EMBED-C1-FUSED-EQUIV-001,GOLD-MODEL-C1-B10-R02482,10,105,3.565537,3.565537,2.4139404253276098e-08,6.770201586262069e-09
EXP-EMBED-C1-FUSED-EQUIV-001,GOLD-MODEL-C1-B10-R02482,10,106,1.656575,1.656575,3.547668447900776e-08,2.1415682645825127e-08
EXP-EMBED-C1-FUSED-EQUIV-001,GOLD-MODEL-C1-B10-R02482,10,107,3.894459,3.894459,9.170532333513393e-09,2.3547641234670572e-09
EXP-EMBED-C1-FUSED-EQUIV-001,GOLD-MODEL-C1-B10-R02482,10,108,7.484037,7.484037,7.75451658441284e-08,1.0361408668092956e-08
EXP-EMBED-C1-FUSED-EQUIV-001,GOLD-MODEL-C1-B10-R02482,10,109,-0.688035,-0.688035,1.1291503954069526e-08,1.6411234826817714e-08
EXP-EMBED-C1-FUSED-EQUIV-001,GOLD-MODEL-C1-B10-R02482,10,110,-1.142597,-1.142597,3.993225106135867e-08,3.49486748708063e-08
EXP-EMBED-C1-FUSED-EQUIV-001,GOLD-MODEL-C1-B10-R02482,10,111,-3.739031,-3.739031,7.643127419854068e-08,2.0441465769751756e-08
EXP-EMBED-C1-FUSED-EQUIV-001,GOLD-MODEL-C1-B10-R02482,10,112,27474.3062,27474.307,0.00044062500091968104,1.603771166092926e-08
EXP-EMBED-C1-FUSED-EQUIV-001,GOLD-MODEL-C1-B10-R02482,10,113,6.123968,6.123968,1.2438964880345793e-07,2.03119364443867e-08
EXP-EMBED-C1-FUSED-EQUIV-001,GOLD-MODEL-C1-B10-R02482,10,114,9.775335,9.775335,3.1188964833006594e-07,3.1905775948350203e-08
EXP-EMBED-C1-FUSED-EQUIV-001,GOLD-MODEL-C1-B10-R02482,10,115,18.373363,18.373363,4.948730456533212e-07,2.69342659617252e-08
EXP-EMBED-C1-FUSED-EQUIV-001,GOLD-MODEL-C1-B10-R02482,10,116,22.860683,22.860683,4.411621077338168e-07,1.9297853337707223e-08
EXP-EMBED-C1-FUSED-EQUIV-001,GOLD-MODEL-C1-B10-R02482,10,117,-2.162322,-2.162322,4.437255851641453e-08,2.0520791314343805e-08
EXP-EMBED-C1-FUSED-EQUIV-001,GOLD-MODEL-C1-B10-R02482,10,118,-3.497748,-3.497748,1.0189819343864315e-07,2.9132514245921416e-08
EXP-EMBED-C1-FUSED-EQUIV-001,GOLD-MODEL-C1-B10-R02482,10,119,-7.232001,-7.232001,1.7221069370521036e-07,2.381231608032277e-08
EXP-EMBED-C1-FUSED-EQUIV-001,GOLD-MODEL-C1-B10-R02482,10,120,23708.2041,23708.203,0.0009749999990162905,4.1125004445878316e-08
EXP-EMBED-C1-FUSED-EQUIV-001,GOLD-MODEL-C1-B10-R02482,10,121,5.964051,5.964051,2.3019409223223875e-07,3.859693557822338e-08
EXP-EMBED-C1-FUSED-EQUIV-001,GOLD-MODEL-C1-B10-R02482,10,122,8.804525,8.804525,3.7536621100286993e-07,4.26333289987671e-08
EXP-EMBED-C1-FUSED-EQUIV-001,GOLD-MODEL-C1-B10-R02482,10,123,17.359636,17.359636,3.0676269702212267e-07,1.767103279251493e-08
EXP-EMBED-C1-FUSED-EQUIV-001,GOLD-MODEL-C1-B10-R02482,10,124,21.777044,21.777044,2.9626464836951527e-07,1.360444734232595e-08
EXP-EMBED-C1-FUSED-EQUIV-001,GOLD-MODEL-C1-B10-R02482,10,125,-2.107515,-2.107515,9.666442890576832e-08,4.586654372840446e-08
EXP-EMBED-C1-FUSED-EQUIV-001,GOLD-MODEL-C1-B10-R02482,10,126,-3.438617,-3.438617,8.956908992274748e-09,2.6047998344319094e-09
EXP-EMBED-C1-FUSED-EQUIV-001,GOLD-MODEL-C1-B10-R02482,10,127,-7.658395,-7.658395,1.864624019631833e-07,2.434745164792144e-08
EXP-EMBED-C1-FUSED-EQUIV-001,GOLD-MODEL-C1-B10-R02540,10,0,2868.4219,2868.4219,2.499999982319423e-05,8.7155936939382e-09
EXP-EMBED-C1-FUSED-EQUIV-001,GOLD-MODEL-C1-B10-R02540,10,1,1.392242,1.392242,4.519653318268979e-08,3.246313010431361e-08
EXP-EMBED-C1-FUSED-EQUIV-001,GOLD-MODEL-C1-B10-R02540,10,2,2.800323,2.800323,9.490966679237545e-09,3.3892399838295597e-09
EXP-EMBED-C1-FUSED-EQUIV-001,GOLD-MODEL-C1-B10-R02540,10,3,4.803814,4.803814,6.567382815347855e-08,1.36711846365156e-08
EXP-EMBED-C1-FUSED-EQUIV-001,GOLD-MODEL-C1-B10-R02540,10,4,8.156132,8.156132,2.5561523386841145e-07,3.134025220146161e-08
EXP-EMBED-C1-FUSED-EQUIV-001,GOLD-MODEL-C1-B10-R02540,10,5,-1.616762,-1.616762,4.204559322928958e-08,2.6006049888165096e-08
EXP-EMBED-C1-FUSED-EQUIV-001,GOLD-MODEL-C1-B10-R02540,10,6,-3.470314,-3.470314,2.587890612915089e-08,7.457223216444071e-09
EXP-EMBED-C1-FUSED-EQUIV-001,GOLD-MODEL-C1-B10-R02540,10,7,-19.962233,-19.962233,4.1027832153872623e-07,2.055272681862426e-08
EXP-EMBED-C1-FUSED-EQUIV-001,GOLD-MODEL-C1-B10-R02540,10,8,3131.6777,3131.6777,3.4374999813735485e-05,1.0976544557486066e-08
EXP-EMBED-C1-FUSED-EQUIV-001,GOLD-MODEL-C1-B10-R02540,10,9,1.451579,1.451579,2.5276184034694893e-08,1.741288902270899e-08
EXP-EMBED-C1-FUSED-EQUIV-001,GOLD-MODEL-C1-B10-R02540,10,10,3.753378,3.753378,8.557128916564238e-08,2.2798473579171184e-08
EXP-EMBED-C1-FUSED-EQUIV-001,GOLD-MODEL-C1-B10-R02540,10,11,6.662298,6.662298,2.0251464860621127e-07,3.0397116521388154e-08
EXP-EMBED-C1-FUSED-EQUIV-001,GOLD-MODEL-C1-B10-R02540,10,12,11.262794,11.262794,4.5904540968422225e-07,4.075768496557979e-08
EXP-EMBED-C1-FUSED-EQUIV-001,GOLD-MODEL-C1-B10-R02540,10,13,-1.318882,-1.318882,1.1474609484807274e-08,8.700254825531984e-09
EXP-EMBED-C1-FUSED-EQUIV-001,GOLD-MODEL-C1-B10-R02540,10,14,-3.80283,-3.80283,1.91497804280516e-08,5.0356656563800115e-09
EXP-EMBED-C1-FUSED-EQUIV-001,GOLD-MODEL-C1-B10-R02540,10,15,-28.079747,-28.079746,7.536621104975438e-07,2.6840060578093664e-08
EXP-EMBED-C1-FUSED-EQUIV-001,GOLD-MODEL-C1-B10-R02540,10,16,-37.6541,-37.6541,1.4892578121816769e-06,3.955101336060819e-08
EXP-EMBED-C1-FUSED-EQUIV-001,GOLD-MODEL-C1-B10-R02540,10,17,0.978094,0.978094,1.825714113223853e-08,1.8666039391140862e-08
EXP-EMBED-C1-FUSED-EQUIV-001,GOLD-MODEL-C1-B10-R02540,10,18,0.256044,0.256044,3.871917786391066e-10,1.512207974563382e-09
EXP-EMBED-C1-FUSED-EQUIV-001,GOLD-MODEL-C1-B10-R02540,10,19,0.779451,0.779451,1.2611389155203767e-08,1.6179835750039152e-08
EXP-EMBED-C1-FUSED-EQUIV-001,GOLD-MODEL-C1-B10-R02540,10,20,2.976401,2.976401,9.062194816777946e-08,3.044682089805086e-08
EXP-EMBED-C1-FUSED-EQUIV-001,GOLD-MODEL-C1-B10-R02540,10,21,-0.26753,-0.26753,5.750656117964326e-09,2.1495369184630978e-08
EXP-EMBED-C1-FUSED-EQUIV-001,GOLD-MODEL-C1-B10-R02540,10,22,-0.689832,-0.689832,2.7877807617926464e-08,4.041245929143105e-08
EXP-EMBED-C1-FUSED-EQUIV-001,GOLD-MODEL-C1-B10-R02540,10,23,-4.937671,-4.937671,1.8453979500065998e-07,3.7373853989190444e-08
EXP-EMBED-C1-FUSED-EQUIV-001,GOLD-MODEL-C1-B10-R02540,10,24,-24.3982,-24.3982,9.185791007837452e-07,3.764946187766906e-08
EXP-EMBED-C1-FUSED-EQUIV-001,GOLD-MODEL-C1-B10-R02540,10,25,0.986801,0.986801,2.825164790998258e-08,2.862952906409963e-08
EXP-EMBED-C1-FUSED-EQUIV-001,GOLD-MODEL-C1-B10-R02540,10,26,0.269656,0.269656,2.521514885778231e-09,9.350857706775413e-09
EXP-EMBED-C1-FUSED-EQUIV-001,GOLD-MODEL-C1-B10-R02540,10,27,0.73271,0.73271,3.852844265850308e-09,5.258348140260551e-09
EXP-EMBED-C1-FUSED-EQUIV-001,GOLD-MODEL-C1-B10-R02540,10,28,2.942142,2.942142,9.735107386887876e-09,3.3088502821712463e-09
EXP-EMBED-C1-FUSED-EQUIV-001,GOLD-MODEL-C1-B10-R02540,10,29,-0.284225,-0.284225,1.2969970708542888e-08,4.5632758232185374e-08
EXP-EMBED-C1-FUSED-EQUIV-001,GOLD-MODEL-C1-B10-R02540,10,30,-0.684009,-0.684009,1.5560150168347775e-08,2.274845823424513e-08
EXP-EMBED-C1-FUSED-EQUIV-001,GOLD-MODEL-C1-B10-R02540,10,31,-4.231643,-4.231643,1.9992065425356031e-07,4.724421560456785e-08
EXP-EMBED-C1-FUSED-EQUIV-001,GOLD-MODEL-C1-B10-R02540,10,32,65.0867,65.0867,4.394531316620487e-07,6.751811532341458e-09
EXP-EMBED-C1-FUSED-EQUIV-001,GOLD-MODEL-C1-B10-R02540,10,33,1.064495,1.064495,3.253936764480159e-08,3.0567891483568814e-08
EXP-EMBED-C1-FUSED-EQUIV-001,GOLD-MODEL-C1-B10-R02540,10,34,0.363816,0.363816,6.929397555754946e-09,1.904643433976226e-08
EXP-EMBED-C1-FUSED-EQUIV-001,GOLD-MODEL-C1-B10-R02540,10,35,1.146821,1.146821,2.2033691315925807e-08,1.9212842558625806e-08
EXP-EMBED-C1-FUSED-EQUIV-001,GOLD-MODEL-C1-B10-R02540,10,36,2.900344,2.900344,1.0504150393941813e-07,3.621691217987181e-08
EXP-EMBED-C1-FUSED-EQUIV-001,GOLD-MODEL-C1-B10-R02540,10,37,-0.138492,-0.138492,3.0832290609517088e-09,2.226286760933273e-08
EXP-EMBED-C1-FUSED-EQUIV-001,GOLD-MODEL-C1-B10-R02540,10,38,-0.461541,-0.461541,2.971649148975075e-09,6.43853774415507e-09
EXP-EMBED-C1-FUSED-EQUIV-001,GOLD-MODEL-C1-B10-R02540,10,39,-3.011683,-3.011683,1.2786865344338594e-08,4.245754066526455e-09
EXP-EMBED-C1-FUSED-EQUIV-001,GOLD-MODEL-C1-B10-R02540,10,40,59.9058,59.9058,1.3427734302240424e-07,2.2414748325271384e-09
EXP-EMBED-C1-FUSED-EQUIV-001,GOLD-MODEL-C1-B10-R02540,10,41,1.07359,1.07359,4.020690913542069e-08,3.745089758233654e-08
EXP-EMBED-C1-FUSED-EQUIV-001,GOLD-MODEL-C1-B10-R02540,10,42,0.290705,0.290705,4.6062469394314576e-09,1.5845090175371795e-08
EXP-EMBED-C1-FUSED-EQUIV-001,GOLD-MODEL-C1-B10-R02540,10,43,0.948295,0.948295,2.7847290029470173e-09,2.936564046996997e-09
EXP-EMBED-C1-FUSED-EQUIV-001,GOLD-MODEL-C1-B10-R02540,10,44,2.895675,2.895675,5.607605002566629e-08,1.9365450206140638e-08
EXP-EMBED-C1-FUSED-EQUIV-001,GOLD-MODEL-C1-B10-R02540,10,45,-0.118887,-0.118887,2.140998905941771e-10,1.8008688131938489e-09
EXP-EMBED-C1-FUSED-EQUIV-001,GOLD-MODEL-C1-B10-R02540,10,46,-0.461391,-0.461391,1.9397735639969937e-09,4.204185959407517e-09
EXP-EMBED-C1-FUSED-EQUIV-001,GOLD-MODEL-C1-B10-R02540,10,47,-3.922536,-3.922536,1.0369873049143052e-07,2.6436654881288666e-08
EXP-EMBED-C1-FUSED-EQUIV-001,GOLD-MODEL-C1-B10-R02540,10,48,147.82,147.82,7.32421875682121e-06,4.954822592897585e-08
EXP-EMBED-C1-FUSED-EQUIV-001,GOLD-MODEL-C1-B10-R02540,10,49,1.073901,1.073901,5.724334717349677e-08,5.330411944257131e-08
EXP-EMBED-C1-FUSED-EQUIV-001,GOLD-MODEL-C1-B10-R02540,10,50,0.664521,0.664521,2.107238772364184e-08,3.171064228766561e-08
EXP-EMBED-C1-FUSED-EQUIV-001,GOLD-MODEL-C1-B10-R02540,10,51,1.808283,1.808283,2.8617858971458077e-08,1.582598463374266e-08
EXP-EMBED-C1-FUSED-EQUIV-001,GOLD-MODEL-C1-B10-R02540,10,52,4.589799,4.589799,7.269287127797952e-08,1.5837920413939592e-08
EXP-EMBED-C1-FUSED-EQUIV-001,GOLD-MODEL-C1-B10-R02540,10,53,-0.40901,-0.40901,6.923675521797179e-09,1.6927888124488838e-08
EXP-EMBED-C1-FUSED-EQUIV-001,GOLD-MODEL-C1-B10-R02540,10,54,-0.866783,-0.866783,2.288055422905444e-08,2.6397096192535432e-08
EXP-EMBED-C1-FUSED-EQUIV-001,GOLD-MODEL-C1-B10-R02540,10,55,-4.735401,-4.735401,1.5356445270953145e-07,3.2429028230034046e-08
EXP-EMBED-C1-FUSED-EQUIV-001,GOLD-MODEL-C1-B10-R02540,10,56,106.0857,106.0857,9.887695284760412e-07,9.320478900323428e-09
EXP-EMBED-C1-FUSED-EQUIV-001,GOLD-MODEL-C1-B10-R02540,10,57,1.048802,1.048802,1.8165588366869656e-08,1.732032201203817e-08
EXP-EMBED-C1-FUSED-EQUIV-001,GOLD-MODEL-C1-B10-R02540,10,58,0.709109,0.709109,8.312225352469227e-09,1.1722070023747022e-08
EXP-EMBED-C1-FUSED-EQUIV-001,GOLD-MODEL-C1-B10-R02540,10,59,2.009164,2.009164,9.492492658580431e-08,4.724598220245052e-08
EXP-EMBED-C1-FUSED-EQUIV-001,GOLD-MODEL-C1-B10-R02540,10,60,4.477086,4.477086,6.719970713220391e-08,1.500969763194272e-08
EXP-EMBED-C1-FUSED-EQUIV-001,GOLD-MODEL-C1-B10-R02540,10,61,-0.427732,-0.427732,9.185791016719236e-09,2.1475575866942936e-08
EXP-EMBED-C1-FUSED-EQUIV-001,GOLD-MODEL-C1-B10-R02540,10,62,-0.958347,-0.958347,2.2533416799142003e-08,2.3512795260111425e-08
EXP-EMBED-C1-FUSED-EQUIV-001,GOLD-MODEL-C1-B10-R02540,10,63,-4.565325,-4.565325,2.1667480432085995e-07,4.7460981270963174e-08
EXP-EMBED-C1-FUSED-EQUIV-001,GOLD-MODEL-C1-B10-R02540,10,64,2963.4668,2963.4668,3.1250001484295353e-06,1.0545082362419364e-09
EXP-EMBED-C1-FUSED-EQUIV-001,GOLD-MODEL-C1-B10-R02540,10,65,1.350297,1.350297,2.5817871174282914e-08,1.9120142586618287e-08
EXP-EMBED-C1-FUSED-EQUIV-001,GOLD-MODEL-C1-B10-R02540,10,66,2.722538,2.722538,5.615234499600774e-09,2.062499953940321e-09
EXP-EMBED-C1-FUSED-EQUIV-001,GOLD-MODEL-C1-B10-R02540,10,67,4.739211,4.739211,8.245849603127908e-08,1.7399203376106082e-08
EXP-EMBED-C1-FUSED-EQUIV-001,GOLD-MODEL-C1-B10-R02540,10,68,9.972902,9.972902,2.979736333230676e-07,2.987832762450364e-08
EXP-EMBED-C1-FUSED-EQUIV-001,GOLD-MODEL-C1-B10-R02540,10,69,-1.696385,-1.696385,2.597808834714499e-08,1.5313792769415544e-08
EXP-EMBED-C1-FUSED-EQUIV-001,GOLD-MODEL-C1-B10-R02540,10,70,-4.158143,-4.158143,4.351806648372758e-08,1.0465745522394872e-08
EXP-EMBED-C1-FUSED-EQUIV-001,GOLD-MODEL-C1-B10-R02540,10,71,-31.292653,-31.292652,8.698730482592509e-07,2.7797996170514876e-08
EXP-EMBED-C1-FUSED-EQUIV-001,GOLD-MODEL-C1-B10-R02540,10,72,1874.0986,1874.0986,3.281249996689439e-05,1.7508417095500947e-08
EXP-EMBED-C1-FUSED-EQUIV-001,GOLD-MODEL-C1-B10-R02540,10,73,1.271407,1.271407,8.171081589125606e-09,6.426802423712946e-09
EXP-EMBED-C1-FUSED-EQUIV-001,GOLD-MODEL-C1-B10-R02540,10,74,1.531879,1.531879,5.178833006880268e-08,3.380706313540605e-08
EXP-EMBED-C1-FUSED-EQUIV-001,GOLD-MODEL-C1-B10-R02540,10,75,2.755981,2.755981,3.152465799516335e-08,1.1438634009147143e-08
EXP-EMBED-C1-FUSED-EQUIV-001,GOLD-MODEL-C1-B10-R02540,10,76,6.671547,6.671547,6.396484408810466e-08,9.587707931624353e-09
EXP-EMBED-C1-FUSED-EQUIV-001,GOLD-MODEL-C1-B10-R02540,10,77,-1.407962,-1.407962,3.539276116626411e-08,2.5137582666481134e-08
EXP-EMBED-C1-FUSED-EQUIV-001,GOLD-MODEL-C1-B10-R02540,10,78,-3.563755,-3.563755,3.540039061888933e-08,9.933452389092216e-09
EXP-EMBED-C1-FUSED-EQUIV-001,GOLD-MODEL-C1-B10-R02540,10,79,-22.128056,-22.128056,4.2749023521082563e-07,1.931892413914831e-08
EXP-EMBED-C1-FUSED-EQUIV-001,GOLD-MODEL-C1-B10-R02540,10,80,-113.5336,-113.5336,1.4648438195763447e-07,1.290229341425221e-09
EXP-EMBED-C1-FUSED-EQUIV-001,GOLD-MODEL-C1-B10-R02540,10,81,0.939233,0.939233,5.046844497869074e-09,5.373367947962938e-09
EXP-EMBED-C1-FUSED-EQUIV-001,GOLD-MODEL-C1-B10-R02540,10,82,0.201458,0.201458,7.097244264508973e-09,3.522939900380711e-08
EXP-EMBED-C1-FUSED-EQUIV-001,GOLD-MODEL-C1-B10-R02540,10,83,0.63596,0.63596,1.7127990692422657e-08,2.693249684323331e-08
EXP-EMBED-C1-FUSED-EQUIV-001,GOLD-MODEL-C1-B10-R02540,10,84,4.012127,4.012127,7.739257856798076e-08,1.9289663205571698e-08
EXP-EMBED-C1-FUSED-EQUIV-001,GOLD-MODEL-C1-B10-R02540,10,85,-0.296647,-0.296647,1.223373413683504e-08,4.1240039969509345e-08
EXP-EMBED-C1-FUSED-EQUIV-001,GOLD-MODEL-C1-B10-R02540,10,86,-0.728976,-0.728976,1.127624515984138e-08,1.5468609611072768e-08
EXP-EMBED-C1-FUSED-EQUIV-001,GOLD-MODEL-C1-B10-R02540,10,87,-5.104852,-5.104852,1.9955444319208482e-07,3.9091131964665145e-08
EXP-EMBED-C1-FUSED-EQUIV-001,GOLD-MODEL-C1-B10-R02540,10,88,-16.0697,-16.0697,2.4108886620410885e-07,1.500269863184184e-08
EXP-EMBED-C1-FUSED-EQUIV-001,GOLD-MODEL-C1-B10-R02540,10,89,0.990188,0.990188,2.586364789003426e-09,2.6119936709023194e-09
EXP-EMBED-C1-FUSED-EQUIV-001,GOLD-MODEL-C1-B10-R02540,10,90,0.247515,0.247515,7.047653211023075e-09,2.847364083398208e-08
EXP-EMBED-C1-FUSED-EQUIV-001,GOLD-MODEL-C1-B10-R02540,10,91,0.790906,0.790906,1.2058258058722515e-08,1.5246132990168888e-08
EXP-EMBED-C1-FUSED-EQUIV-001,GOLD-MODEL-C1-B10-R02540,10,92,3.76311,3.76311,7.759094255987975e-08,2.0618834570310126e-08
EXP-EMBED-C1-FUSED-EQUIV-001,GOLD-MODEL-C1-B10-R02540,10,93,-0.289793,-0.289793,1.4526367164702236e-08,5.0126701351317096e-08
EXP-EMBED-C1-FUSED-EQUIV-001,GOLD-MODEL-C1-B10-R02540,10,94,-0.796593,-0.796593,1.0425567631422439e-08,1.3087696767888293e-08
EXP-EMBED-C1-FUSED-EQUIV-001,GOLD-MODEL-C1-B10-R02540,10,95,-5.176068,-5.176068,1.7086791981313354e-07,3.3011142785051036e-08
EXP-EMBED-C1-FUSED-EQUIV-001,GOLD-MODEL-C1-B10-R02540,10,96,63.9346,63.9346,8.300781217940312e-07,1.2983237899260043e-08
EXP-EMBED-C1-FUSED-EQUIV-001,GOLD-MODEL-C1-B10-R02540,10,97,1.072787,1.072787,4.6432495182102684e-08,4.328211954665995e-08
EXP-EMBED-C1-FUSED-EQUIV-001,GOLD-MODEL-C1-B10-R02540,10,98,0.358328,0.358328,1.4612197896113344e-08,4.0778833627607514e-08
EXP-EMBED-C1-FUSED-EQUIV-001,GOLD-MODEL-C1-B10-R02540,10,99,1.146722,1.146722,4.088592531203972e-08,3.565460967177722e-08
EXP-EMBED-C1-FUSED-EQUIV-001,GOLD-MODEL-C1-B10-R02540,10,100,3.771643,3.771643,7.664489753977932e-08,2.0321355319095504e-08
EXP-EMBED-C1-FUSED-EQUIV-001,GOLD-MODEL-C1-B10-R02540,10,101,-0.171789,-0.171789,5.3987503079167e-09,3.142663562810599e-08
EXP-EMBED-C1-FUSED-EQUIV-001,GOLD-MODEL-C1-B10-R02540,10,102,-0.602988,-0.602988,4.684448273728492e-09,7.768725536376333e-09
EXP-EMBED-C1-FUSED-EQUIV-001,GOLD-MODEL-C1-B10-R02540,10,103,-4.950099,-4.950099,8.6059568360497e-09,1.738542367748544e-09
EXP-EMBED-C1-FUSED-EQUIV-001,GOLD-MODEL-C1-B10-R02540,10,104,95.6423,95.6423,3.466796869133759e-06,3.6247527183409e-08
EXP-EMBED-C1-FUSED-EQUIV-001,GOLD-MODEL-C1-B10-R02540,10,105,1.115809,1.115809,3.6224365285164595e-08,3.2464664906955034e-08
EXP-EMBED-C1-FUSED-EQUIV-001,GOLD-MODEL-C1-B10-R02540,10,106,0.326331,0.326331,1.0400772076923914e-08,3.1871848144748475e-08
EXP-EMBED-C1-FUSED-EQUIV-001,GOLD-MODEL-C1-B10-R02540,10,107,1.163361,1.163361,4.666900643712779e-08,4.011567040422344e-08
EXP-EMBED-C1-FUSED-EQUIV-001,GOLD-MODEL-C1-B10-R02540,10,108,4.472807,4.472807,6.945800823388026e-08,1.5528952676446862e-08
EXP-EMBED-C1-FUSED-EQUIV-001,GOLD-MODEL-C1-B10-R02540,10,109,-0.152706,-0.152706,2.7713775718751776e-09,1.8148452397909562e-08
EXP-EMBED-C1-FUSED-EQUIV-001,GOLD-MODEL-C1-B10-R02540,10,110,-0.528543,-0.528543,4.547119125675181e-09,8.603120513704998e-09
EXP-EMBED-C1-FUSED-EQUIV-001,GOLD-MODEL-C1-B10-R02540,10,111,-4.846285,-4.846285,1.3366699214145683e-07,2.758133129633458e-08
EXP-EMBED-C1-FUSED-EQUIV-001,GOLD-MODEL-C1-B10-R02540,10,112,53.8775,53.8775,1.3732910133512632e-06,2.5489137642824247e-08
EXP-EMBED-C1-FUSED-EQUIV-001,GOLD-MODEL-C1-B10-R02540,10,113,1.024981,1.024981,2.1881103595688955e-08,2.1347813857709517e-08
EXP-EMBED-C1-FUSED-EQUIV-001,GOLD-MODEL-C1-B10-R02540,10,114,0.547172,0.547172,9.944915779769303e-09,1.8175118207381416e-08
EXP-EMBED-C1-FUSED-EQUIV-001,GOLD-MODEL-C1-B10-R02540,10,115,1.619628,1.619628,4.742431647386525e-08,2.9280993211938324e-08
EXP-EMBED-C1-FUSED-EQUIV-001,GOLD-MODEL-C1-B10-R02540,10,116,4.848882,4.848882,1.9833374054201158e-07,4.090298352115222e-08
EXP-EMBED-C1-FUSED-EQUIV-001,GOLD-MODEL-C1-B10-R02540,10,117,-0.49518,-0.49518,1.0795593252677094e-08,2.1801351534143328e-08
EXP-EMBED-C1-FUSED-EQUIV-001,GOLD-MODEL-C1-B10-R02540,10,118,-1.091307,-1.091307,4.4029235812814704e-08,4.0345416837621956e-08
EXP-EMBED-C1-FUSED-EQUIV-001,GOLD-MODEL-C1-B10-R02540,10,119,-5.261054,-5.261054,3.9001465168553295e-08,7.413241751282784e-09
EXP-EMBED-C1-FUSED-EQUIV-001,GOLD-MODEL-C1-B10-R02540,10,120,42.8226,42.8226,1.318359373669864e-06,3.078653266429091e-08
EXP-EMBED-C1-FUSED-EQUIV-001,GOLD-MODEL-C1-B10-R02540,10,121,1.022875,1.022875,4.863739011540247e-08,4.754969093525843e-08
EXP-EMBED-C1-FUSED-EQUIV-001,GOLD-MODEL-C1-B10-R02540,10,122,0.567778,0.567778,8.7051391650661e-09,1.533194164808446e-08
EXP-EMBED-C1-FUSED-EQUIV-001,GOLD-MODEL-C1-B10-R02540,10,123,1.702935,1.702935,1.9607544032851365e-08,1.1513970898978154e-08
EXP-EMBED-C1-FUSED-EQUIV-001,GOLD-MODEL-C1-B10-R02540,10,124,3.96469,3.96469,2.9983520555276755e-08,7.562639337571603e-09
EXP-EMBED-C1-FUSED-EQUIV-001,GOLD-MODEL-C1-B10-R02540,10,125,-0.459731,-0.459731,1.2582778929903782e-08,2.7369872664457654e-08
EXP-EMBED-C1-FUSED-EQUIV-001,GOLD-MODEL-C1-B10-R02540,10,126,-0.973246,-0.973246,2.164459234066385e-08,2.2239590340637255e-08
EXP-EMBED-C1-FUSED-EQUIV-001,GOLD-MODEL-C1-B10-R02540,10,127,-5.179822,-5.179822,3.1921386423050535e-08,6.162641577847759e-09
EXP-EMBED-C1-FUSED-EQUIV-001,GOLD-MODEL-C1-B10-R02639,10,0,24891.8789,24891.879,6.250000296859071e-06,2.510859193059577e-10
EXP-EMBED-C1-FUSED-EQUIV-001,GOLD-MODEL-C1-B10-R02639,10,1,4.252288,4.252288,1.3531494147400736e-07,3.1821678464395483e-08
EXP-EMBED-C1-FUSED-EQUIV-001,GOLD-MODEL-C1-B10-R02639,10,2,6.645462,6.645462,3.6132812297751116e-08,5.43721599758619e-09
EXP-EMBED-C1-FUSED-EQUIV-001,GOLD-MODEL-C1-B10-R02639,10,3,9.633254,9.633254,5.120849522199933e-08,5.315804526902262e-09
EXP-EMBED-C1-FUSED-EQUIV-001,GOLD-MODEL-C1-B10-R02639,10,4,26.835467,26.835466,6.151123059794372e-07,2.292161734988391e-08
EXP-EMBED-C1-FUSED-EQUIV-001,GOLD-MODEL-C1-B10-R02639,10,5,-40.31925,-40.31925,1.8005371060780817e-06,4.465700889967154e-08
EXP-EMBED-C1-FUSED-EQUIV-001,GOLD-MODEL-C1-B10-R02639,10,6,-110.042782,-110.042786,3.6445312474597813e-06,3.311922128122661e-08
EXP-EMBED-C1-FUSED-EQUIV-001,GOLD-MODEL-C1-B10-R02639,10,7,-1008.772587,-1008.7726,3.992187544099579e-06,3.9574702916660235e-09
EXP-EMBED-C1-FUSED-EQUIV-001,GOLD-MODEL-C1-B10-R02639,10,8,29472.1938,29472.193,0.00044062500091968104,1.4950532827986527e-08
EXP-EMBED-C1-FUSED-EQUIV-001,GOLD-MODEL-C1-B10-R02639,10,9,5.452444,5.452444,7.65380860912046e-08,1.4037390588734998e-08
EXP-EMBED-C1-FUSED-EQUIV-001,GOLD-MODEL-C1-B10-R02639,10,10,9.155084,9.155084,3.4368896528746973e-07,3.7540776828204933e-08
EXP-EMBED-C1-FUSED-EQUIV-001,GOLD-MODEL-C1-B10-R02639,10,11,14.359769,14.359769,1.3250732422420697e-07,9.227677981742392e-09
EXP-EMBED-C1-FUSED-EQUIV-001,GOLD-MODEL-C1-B10-R02639,10,12,40.126264,40.126263,1.3352050771686663e-06,3.327509077766787e-08
EXP-EMBED-C1-FUSED-EQUIV-001,GOLD-MODEL-C1-B10-R02639,10,13,-42.32185,-42.32185,1.770019508740006e-07,4.182282931251839e-09
EXP-EMBED-C1-FUSED-EQUIV-001,GOLD-MODEL-C1-B10-R02639,10,14,-148.939068,-148.93907,3.6552734457018232e-06,2.4542072773691745e-08
EXP-EMBED-C1-FUSED-EQUIV-001,GOLD-MODEL-C1-B10-R02639,10,15,-979.61589,-979.6159,1.576171871420229e-05,1.6089692781731304e-08
EXP-EMBED-C1-FUSED-EQUIV-001,GOLD-MODEL-C1-B10-R02639,10,16,22116.9392,22116.94,0.00025312499928986654,1.1444847634697415e-08
EXP-EMBED-C1-FUSED-EQUIV-001,GOLD-MODEL-C1-B10-R02639,10,17,11.736041,11.736041,6.903076155140297e-08,5.881946181970817e-09
EXP-EMBED-C1-FUSED-EQUIV-001,GOLD-MODEL-C1-B10-R02639,10,18,7.081088,7.081088,6.610107394777742e-08,9.334875367708666e-09
EXP-EMBED-C1-FUSED-EQUIV-001,GOLD-MODEL-C1-B10-R02639,10,19,11.879318,11.879318,2.3730468790006398e-07,1.997628886608339e-08
EXP-EMBED-C1-FUSED-EQUIV-001,GOLD-MODEL-C1-B10-R02639,10,20,13.592536,13.592536,2.740478599605467e-08,2.0161643122412675e-09
EXP-EMBED-C1-FUSED-EQUIV-001,GOLD-MODEL-C1-B10-R02639,10,21,-18.54029,-18.54029,8.325195324232482e-07,4.490326377976009e-08
EXP-EMBED-C1-FUSED-EQUIV-001,GOLD-MODEL-C1-B10-R02639,10,22,-30.940377,-30.940376,7.182617203227437e-07,2.3214381658075584e-08
EXP-EMBED-C1-FUSED-EQUIV-001,GOLD-MODEL-C1-B10-R02639,10,23,-108.022162,-108.02216,1.3911132867860942e-06,1.2878035960677165e-08
EXP-EMBED-C1-FUSED-EQUIV-001,GOLD-MODEL-C1-B10-R02639,10,24,22426.5711,22426.57,0.0007875000010244548,3.511459676617505e-08
EXP-EMBED-C1-FUSED-EQUIV-001,GOLD-MODEL-C1-B10-R02639,10,25,11.533315,11.533315,2.951049804522654e-07,2.5587177706692776e-08
EXP-EMBED-C1-FUSED-EQUIV-001,GOLD-MODEL-C1-B10-R02639,10,26,7.43892,7.43892,2.1057128485324483e-08,2.830670108742194e-09
EXP-EMBED-C1-FUSED-EQUIV-001,GOLD-MODEL-C1-B10-R02639,10,27,12.575454,12.575454,2.417602544824149e-07,1.9224773473976756e-08
EXP-EMBED-C1-FUSED-EQUIV-001,GOLD-MODEL-C1-B10-R02639,10,28,15.311331,15.311331,2.047119131987074e-07,1.3369961971216442e-08
EXP-EMBED-C1-FUSED-EQUIV-001,GOLD-MODEL-C1-B10-R02639,10,29,-18.069525,-18.069525,2.3498535028920742e-07,1.3004511756075903e-08
EXP-EMBED-C1-FUSED-EQUIV-001,GOLD-MODEL-C1-B10-R02639,10,30,-30.757012,-30.757011,5.864257808241291e-07,1.9066409338596648e-08
EXP-EMBED-C1-FUSED-EQUIV-001,GOLD-MODEL-C1-B10-R02639,10,31,-129.726166,-129.72617,2.2851563130643626e-07,1.7615230477592027e-09
EXP-EMBED-C1-FUSED-EQUIV-001,GOLD-MODEL-C1-B10-R02639,10,32,4776.121,4776.121,9.374999990541255e-05,1.9628899666782428e-08
EXP-EMBED-C1-FUSED-EQUIV-001,GOLD-MODEL-C1-B10-R02639,10,33,5.82114,5.82114,1.875305173371089e-07,3.2215428135572916e-08
EXP-EMBED-C1-FUSED-EQUIV-001,GOLD-MODEL-C1-B10-R02639,10,34,1.636174,1.636174,3.645324708756448e-08,2.2279566285471152e-08
EXP-EMBED-C1-FUSED-EQUIV-001,GOLD-MODEL-C1-B10-R02639,10,35,3.254622,3.254622,1.7425537013338044e-08,5.354089357639088e-09
EXP-EMBED-C1-FUSED-EQUIV-001,GOLD-MODEL-C1-B10-R02639,10,36,6.168253,6.168253,5.505371092340283e-08,8.925332816828822e-09
EXP-EMBED-C1-FUSED-EQUIV-001,GOLD-MODEL-C1-B10-R02639,10,37,-3.658038,-3.658038,9.907531728359231e-08,2.7084277769556334e-08
EXP-EMBED-C1-FUSED-EQUIV-001,GOLD-MODEL-C1-B10-R02639,10,38,-6.340529,-6.340529,3.500366219100215e-08,5.520621732193347e-09
EXP-EMBED-C1-FUSED-EQUIV-001,GOLD-MODEL-C1-B10-R02639,10,39,-13.864696,-13.864696,4.50988769884475e-07,3.25278513055371e-08
EXP-EMBED-C1-FUSED-EQUIV-001,GOLD-MODEL-C1-B10-R02639,10,40,4005.0141,4005.0142,6.015625012878445e-05,1.5020234293003976e-08
EXP-EMBED-C1-FUSED-EQUIV-001,GOLD-MODEL-C1-B10-R02639,10,41,5.518892,5.518892,1.886291505215354e-07,3.4178808087118824e-08
EXP-EMBED-C1-FUSED-EQUIV-001,GOLD-MODEL-C1-B10-R02639,10,42,1.318377,1.318377,1.797485360555129e-08,1.3634077055008764e-08
EXP-EMBED-C1-FUSED-EQUIV-001,GOLD-MODEL-C1-B10-R02639,10,43,2.634596,2.634596,1.0939025862910512e-07,4.1520695631931846e-08
EXP-EMBED-C1-FUSED-EQUIV-001,GOLD-MODEL-C1-B10-R02639,10,44,4.460552,4.460552,2.1557617202461188e-07,4.8329482993273454e-08
EXP-EMBED-C1-FUSED-EQUIV-001,GOLD-MODEL-C1-B10-R02639,10,45,-2.827187,-2.827187,6.130981455854112e-08,2.1685800959943973e-08
EXP-EMBED-C1-FUSED-EQUIV-001,GOLD-MODEL-C1-B10-R02639,10,46,-4.822798,-4.822798,2.247314450087856e-07,4.6597731235848074e-08
EXP-EMBED-C1-FUSED-EQUIV-001,GOLD-MODEL-C1-B10-R02639,10,47,-12.72644,-12.72644,4.2968749980332177e-07,3.376336978788426e-08
EXP-EMBED-C1-FUSED-EQUIV-001,GOLD-MODEL-C1-B10-R02639,10,48,21103.534,21103.533,0.000796874999650754,3.7760263264472866e-08
EXP-EMBED-C1-FUSED-EQUIV-001,GOLD-MODEL-C1-B10-R02639,10,49,9.926428,9.926428,1.5881347614765673e-07,1.5999055868602152e-08
EXP-EMBED-C1-FUSED-EQUIV-001,GOLD-MODEL-C1-B10-R02639,10,50,8.63233,8.63233,5.920410117710162e-08,6.858414955997005e-09
EXP-EMBED-C1-FUSED-EQUIV-001,GOLD-MODEL-C1-B10-R02639,10,51,17.067775,17.067776,7.263183583461341e-07,4.255495273087055e-08
EXP-EMBED-C1-FUSED-EQUIV-001,GOLD-MODEL-C1-B10-R02639,10,52,21.589612,21.589611,9.465332020397454e-07,4.3842066362273925e-08
EXP-EMBED-C1-FUSED-EQUIV-001,GOLD-MODEL-C1-B10-R02639,10,53,-26.530701,-26.5307,3.1640625053341864e-07,1.192604185367807e-08
EXP-EMBED-C1-FUSED-EQUIV-001,GOLD-MODEL-C1-B10-R02639,10,54,-49.664791,-49.66479,1.0717773335500169e-07,2.1580224379682116e-09
EXP-EMBED-C1-FUSED-EQUIV-001,GOLD-MODEL-C1-B10-R02639,10,55,-144.64596,-144.64597,5.5761718726898835e-06,3.8550484733136576e-08
EXP-EMBED-C1-FUSED-EQUIV-001,GOLD-MODEL-C1-B10-R02639,10,56,22929.2107,22929.21,0.00023750000036670826,1.0357966677270242e-08
EXP-EMBED-C1-FUSED-EQUIV-001,GOLD-MODEL-C1-B10-R02639,10,57,10.167021,10.167021,2.0227050789856094e-07,1.9894766411770068e-08
EXP-EMBED-C1-FUSED-EQUIV-001,GOLD-MODEL-C1-B10-R02639,10,58,9.50444,9.50444,3.0761718683436357e-07,3.236562983556775e-08
EXP-EMBED-C1-FUSED-EQUIV-001,GOLD-MODEL-C1-B10-R02639,10,59,18.759423,18.759422,6.977539079855433e-07,3.7194849115857304e-08
EXP-EMBED-C1-FUSED-EQUIV-001,GOLD-MODEL-C1-B10-R02639,10,60,22.021191,22.02119,3.566894548612254e-07,1.6197555112310925e-08
EXP-EMBED-C1-FUSED-EQUIV-001,GOLD-MODEL-C1-B10-R02639,10,61,-28.226489,-28.226488,8.865966805160497e-07,3.141009427407176e-08
EXP-EMBED-C1-FUSED-EQUIV-001,GOLD-MODEL-C1-B10-R02639,10,62,-53.006259,-53.00626,9.182128906104481e-07,1.7322725805087436e-08
EXP-EMBED-C1-FUSED-EQUIV-001,GOLD-MODEL-C1-B10-R02639,10,63,-165.306765,-165.30676,2.3046875128329702e-06,1.3941882613412524e-08
EXP-EMBED-C1-FUSED-EQUIV-001,GOLD-MODEL-C1-B10-R02639,10,64,21959.8535,21959.854,1.5624998923158273e-05,7.115256448845741e-10
EXP-EMBED-C1-FUSED-EQUIV-001,GOLD-MODEL-C1-B10-R02639,10,65,3.46081,3.46081,5.3939819277815104e-08,1.5585894422928478e-08
EXP-EMBED-C1-FUSED-EQUIV-001,GOLD-MODEL-C1-B10-R02639,10,66,6.004302,6.004302,2.4841308565726195e-08,4.137251684829676e-09
EXP-EMBED-C1-FUSED-EQUIV-001,GOLD-MODEL-C1-B10-R02639,10,67,9.023702,9.023702,3.3221435558061785e-07,3.681574985306672e-08
EXP-EMBED-C1-FUSED-EQUIV-001,GOLD-MODEL-C1-B10-R02639,10,68,25.672531,25.672531,1.279296881762093e-07,4.983135016029753e-09
EXP-EMBED-C1-FUSED-EQUIV-001,GOLD-MODEL-C1-B10-R02639,10,69,-33.605924,-33.605923,1.3010253923084747e-06,3.871416814215478e-08
EXP-EMBED-C1-FUSED-EQUIV-001,GOLD-MODEL-C1-B10-R02639,10,70,-94.43425,-94.43425,1.2207031829802872e-07,1.2926487825977198e-09
EXP-EMBED-C1-FUSED-EQUIV-001,GOLD-MODEL-C1-B10-R02639,10,71,-648.398753,-648.39874,1.0324218806090357e-05,1.592263828133913e-08
EXP-EMBED-C1-FUSED-EQUIV-001,GOLD-MODEL-C1-B10-R02639,10,72,17306.3071,17306.307,0.00045937500181025825,2.654379118294152e-08
EXP-EMBED-C1-FUSED-EQUIV-001,GOLD-MODEL-C1-B10-R02639,10,73,3.580684,3.580684,5.339050312969107e-08,1.4910699500344367e-08
EXP-EMBED-C1-FUSED-EQUIV-001,GOLD-MODEL-C1-B10-R02639,10,74,4.430916,4.430916,1.6748046860470822e-07,3.779815925300959e-08
EXP-EMBED-C1-FUSED-EQUIV-001,GOLD-MODEL-C1-B10-R02639,10,75,6.741125,6.741125,1.0681152318170462e-07,1.5844762288446602e-08
EXP-EMBED-C1-FUSED-EQUIV-001,GOLD-MODEL-C1-B10-R02639,10,76,20.932026,20.932026,9.057617234020654e-08,4.327157454333686e-09
EXP-EMBED-C1-FUSED-EQUIV-001,GOLD-MODEL-C1-B10-R02639,10,77,-28.750456,-28.750456,1.4367675760240672e-07,4.997373175660474e-09
EXP-EMBED-C1-FUSED-EQUIV-001,GOLD-MODEL-C1-B10-R02639,10,78,-74.718729,-74.71873,1.8881835899264843e-06,2.5270552847954418e-08
EXP-EMBED-C1-FUSED-EQUIV-001,GOLD-MODEL-C1-B10-R02639,10,79,-708.07866,-708.0787,1.4316406236503099e-05,2.0218666435312565e-08
EXP-EMBED-C1-FUSED-EQUIV-001,GOLD-MODEL-C1-B10-R02639,10,80,22698.3445,22698.344,0.0007499999992433004,3.304205728498395e-08
EXP-EMBED-C1-FUSED-EQUIV-001,GOLD-MODEL-C1-B10-R02639,10,81,11.19407,11.19407,1.3763427730850708e-07,1.2295284673805602e-08
EXP-EMBED-C1-FUSED-EQUIV-001,GOLD-MODEL-C1-B10-R02639,10,82,7.524929,7.524929,4.663085917400167e-08,6.19685038543243e-09
EXP-EMBED-C1-FUSED-EQUIV-001,GOLD-MODEL-C1-B10-R02639,10,83,13.000035,13.000035,2.8594970657991325e-07,2.199607205518395e-08
EXP-EMBED-C1-FUSED-EQUIV-001,GOLD-MODEL-C1-B10-R02639,10,84,16.282462,16.282461,8.336181629431394e-07,5.1197304372222054e-08
EXP-EMBED-C1-FUSED-EQUIV-001,GOLD-MODEL-C1-B10-R02639,10,85,-22.262808,-22.262808,1.5393066377100695e-07,6.914251956492054e-09
EXP-EMBED-C1-FUSED-EQUIV-001,GOLD-MODEL-C1-B10-R02639,10,86,-38.993254,-38.993256,1.6152343746966835e-06,4.1423431209323634e-08
EXP-EMBED-C1-FUSED-EQUIV-001,GOLD-MODEL-C1-B10-R02639,10,87,-165.474774,-165.47478,3.2216796910233825e-06,1.9469310113838757e-08
EXP-EMBED-C1-FUSED-EQUIV-001,GOLD-MODEL-C1-B10-R02639,10,88,18424.4817,18424.482,0.000721874999726424,3.918020661207658e-08
EXP-EMBED-C1-FUSED-EQUIV-001,GOLD-MODEL-C1-B10-R02639,10,89,9.855975,9.855975,1.5106201090020477e-07,1.5326947450678877e-08
EXP-EMBED-C1-FUSED-EQUIV-001,GOLD-MODEL-C1-B10-R02639,10,90,5.875023,5.875023,1.1181640591217956e-07,1.9032505219499493e-08
EXP-EMBED-C1-FUSED-EQUIV-001,GOLD-MODEL-C1-B10-R02639,10,91,9.931531,9.931531,4.75463863836012e-08,4.7874176079802e-09
EXP-EMBED-C1-FUSED-EQUIV-001,GOLD-MODEL-C1-B10-R02639,10,92,13.342247,13.342247,9.2773433379989e-09,6.953359009167571e-10
EXP-EMBED-C1-FUSED-EQUIV-001,GOLD-MODEL-C1-B10-R02639,10,93,-17.157302,-17.157303,8.564453111148396e-07,4.991724870931569e-08
EXP-EMBED-C1-FUSED-EQUIV-001,GOLD-MODEL-C1-B10-R02639,10,94,-29.490713,-29.490713,1.1950683642680815e-07,4.052354937190164e-09
EXP-EMBED-C1-FUSED-EQUIV-001,GOLD-MODEL-C1-B10-R02639,10,95,-103.222627,-103.222626,1.2675781277948772e-06,1.2280041349798986e-08
EXP-EMBED-C1-FUSED-EQUIV-001,GOLD-MODEL-C1-B10-R02639,10,96,4564.1767,4564.177,5.78125000174623e-05,1.2666577965191904e-08
EXP-EMBED-C1-FUSED-EQUIV-001,GOLD-MODEL-C1-B10-R02639,10,97,6.087731,6.087731,1.1544799782825521e-07,1.8964043882401378e-08
EXP-EMBED-C1-FUSED-EQUIV-001,GOLD-MODEL-C1-B10-R02639,10,98,1.554946,1.554946,5.426025384558386e-08,3.4895265716998445e-08
EXP-EMBED-C1-FUSED-EQUIV-001,GOLD-MODEL-C1-B10-R02639,10,99,3.069443,3.069443,1.2557983541938711e-08,4.091290681058e-09
EXP-EMBED-C1-FUSED-EQUIV-001,GOLD-MODEL-C1-B10-R02639,10,100,5.992539,5.992539,7.10144041349281e-08,1.1850470082035028e-08
EXP-EMBED-C1-FUSED-EQUIV-001,GOLD-MODEL-C1-B10-R02639,10,101,-4.011834,-4.011834,1.4459228481200626e-07,3.6041442595084e-08
EXP-EMBED-C1-FUSED-EQUIV-001,GOLD-MODEL-C1-B10-R02639,10,102,-7.063298,-7.063298,2.2540283239891323e-07,3.1911839539958986e-08
EXP-EMBED-C1-FUSED-EQUIV-001,GOLD-MODEL-C1-B10-R02639,10,103,-16.170482,-16.170483,6.354980470746341e-07,3.929988277867253e-08
EXP-EMBED-C1-FUSED-EQUIV-001,GOLD-MODEL-C1-B10-R02639,10,104,4812.9258,4812.926,1.874999998108251e-05,3.895759203493748e-09
EXP-EMBED-C1-FUSED-EQUIV-001,GOLD-MODEL-C1-B10-R02639,10,105,6.475721,6.475721,1.175842285761064e-07,1.8157704536082763e-08
EXP-EMBED-C1-FUSED-EQUIV-001,GOLD-MODEL-C1-B10-R02639,10,106,1.546519,1.546519,4.106140139015224e-08,2.655085478429443e-08
EXP-EMBED-C1-FUSED-EQUIV-001,GOLD-MODEL-C1-B10-R02639,10,107,3.126839,3.126839,7.749938957246627e-08,2.4785219057478263e-08
EXP-EMBED-C1-FUSED-EQUIV-001,GOLD-MODEL-C1-B10-R02639,10,108,5.571555,5.571555,1.3763427730850708e-07,2.470302766615551e-08
EXP-EMBED-C1-FUSED-EQUIV-001,GOLD-MODEL-C1-B10-R02639,10,109,-3.27285,-3.27285,3.662109371305178e-08,1.1189359033579839e-08
EXP-EMBED-C1-FUSED-EQUIV-001,GOLD-MODEL-C1-B10-R02639,10,110,-5.554629,-5.554629,1.5097045924505892e-07,2.7179215613690657e-08
EXP-EMBED-C1-FUSED-EQUIV-001,GOLD-MODEL-C1-B10-R02639,10,111,-12.901574,-12.901574,1.348266600587067e-07,1.0450403963013094e-08
EXP-EMBED-C1-FUSED-EQUIV-001,GOLD-MODEL-C1-B10-R02639,10,112,23373.0555,23373.055,0.0008124999985739123,3.47622500008145e-08
EXP-EMBED-C1-FUSED-EQUIV-001,GOLD-MODEL-C1-B10-R02639,10,113,10.067083,10.067083,3.5876464821171794e-07,3.563739846107536e-08
EXP-EMBED-C1-FUSED-EQUIV-001,GOLD-MODEL-C1-B10-R02639,10,114,9.775998,9.775998,1.155395512597579e-07,1.1818696286533396e-08
EXP-EMBED-C1-FUSED-EQUIV-001,GOLD-MODEL-C1-B10-R02639,10,115,20.364273,20.364273,7.128906176490091e-08,3.50069269670962e-09
EXP-EMBED-C1-FUSED-EQUIV-001,GOLD-MODEL-C1-B10-R02639,10,116,25.312762,25.312761,6.932373040058337e-07,2.738686927984523e-08
EXP-EMBED-C1-FUSED-EQUIV-001,GOLD-MODEL-C1-B10-R02639,10,117,-34.558873,-34.558872,7.770996077738346e-07,2.2486254333983478e-08
EXP-EMBED-C1-FUSED-EQUIV-001,GOLD-MODEL-C1-B10-R02639,10,118,-71.063519,-71.06352,3.3388671880629772e-06,4.6984264712010354e-08
EXP-EMBED-C1-FUSED-EQUIV-001,GOLD-MODEL-C1-B10-R02639,10,119,-203.848701,-203.8487,7.152343755478796e-06,3.508653094374536e-08
EXP-EMBED-C1-FUSED-EQUIV-001,GOLD-MODEL-C1-B10-R02639,10,120,19278.1694,19278.17,0.0005218750011408702,2.707077577297719e-08
EXP-EMBED-C1-FUSED-EQUIV-001,GOLD-MODEL-C1-B10-R02639,10,121,9.665606,9.665606,4.5495605505152525e-07,4.7069584157633285e-08
EXP-EMBED-C1-FUSED-EQUIV-001,GOLD-MODEL-C1-B10-R02639,10,122,7.939679,7.939679,1.458129883502579e-07,1.8365098683493114e-08
EXP-EMBED-C1-FUSED-EQUIV-001,GOLD-MODEL-C1-B10-R02639,10,123,16.389209,16.38921,7.473144520986352e-07,4.559795729608642e-08
EXP-EMBED-C1-FUSED-EQUIV-001,GOLD-MODEL-C1-B10-R02639,10,124,21.352791,21.35279,1.6748046860470822e-07,7.843493087377113e-09
EXP-EMBED-C1-FUSED-EQUIV-001,GOLD-MODEL-C1-B10-R02639,10,125,-28.217982,-28.217981,6.614990226694317e-07,2.3442463839881668e-08
EXP-EMBED-C1-FUSED-EQUIV-001,GOLD-MODEL-C1-B10-R02639,10,126,-54.911175,-54.911175,2.258300781932121e-07,4.1126433406899794e-09
EXP-EMBED-C1-FUSED-EQUIV-001,GOLD-MODEL-C1-B10-R02639,10,127,-175.930903,-175.93091,5.20312499929787e-06,2.9574821197262142e-08
EXP-EMBED-C1-FUSED-EQUIV-001,GOLD-MODEL-C1-B10-R02847,10,0,6827.9068,6827.9067,6.171874974825187e-05,9.039190421909665e-09
EXP-EMBED-C1-FUSED-EQUIV-001,GOLD-MODEL-C1-B10-R02847,10,1,2.188586,2.188586,3.37219230317487e-09,1.5408086788341287e-09
EXP-EMBED-C1-FUSED-EQUIV-001,GOLD-MODEL-C1-B10-R02847,10,2,2.182548,2.182548,4.611206039228932e-08,2.112762715518253e-08
EXP-EMBED-C1-FUSED-EQUIV-001,GOLD-MODEL-C1-B10-R02847,10,3,3.208307,3.208307,2.7816772441013882e-08,8.670234002236656e-09
EXP-EMBED-C1-FUSED-EQUIV-001,GOLD-MODEL-C1-B10-R02847,10,4,5.973403,5.973403,2.301025414652713e-08,3.852118155518242e-09
EXP-EMBED-C1-FUSED-EQUIV-001,GOLD-MODEL-C1-B10-R02847,10,5,-1.119085,-1.119085,4.573822032227781e-08,4.087108693466341e-08
EXP-EMBED-C1-FUSED-EQUIV-001,GOLD-MODEL-C1-B10-R02847,10,6,-1.626239,-1.626239,5.7853698720577995e-08,3.5575151451033945e-08
EXP-EMBED-C1-FUSED-EQUIV-001,GOLD-MODEL-C1-B10-R02847,10,7,-3.89102,-3.89102,5.9585571143827565e-08,1.5313612148955174e-08
EXP-EMBED-C1-FUSED-EQUIV-001,GOLD-MODEL-C1-B10-R02847,10,8,12191.8974,12191.897,6.0937500165891834e-05,4.998196602761096e-09
EXP-EMBED-C1-FUSED-EQUIV-001,GOLD-MODEL-C1-B10-R02847,10,9,3.40704,3.40704,1.1917114273174434e-07,3.497791124605063e-08
EXP-EMBED-C1-FUSED-EQUIV-001,GOLD-MODEL-C1-B10-R02847,10,10,4.267978,4.267978,1.91375732150334e-07,4.483990595788778e-08
EXP-EMBED-C1-FUSED-EQUIV-001,GOLD-MODEL-C1-B10-R02847,10,11,6.559081,6.559081,7.75756836546293e-08,1.1827218425055172e-08
EXP-EMBED-C1-FUSED-EQUIV-001,GOLD-MODEL-C1-B10-R02847,10,12,9.037632,9.037632,1.147460970685188e-08,1.2696478133710112e-09
EXP-EMBED-C1-FUSED-EQUIV-001,GOLD-MODEL-C1-B10-R02847,10,13,-2.70762,-2.70762,9.452819815791713e-08,3.4911914581040595e-08
EXP-EMBED-C1-FUSED-EQUIV-001,GOLD-MODEL-C1-B10-R02847,10,14,-3.587091,-3.587091,3.0914306670126734e-08,8.618210876202119e-09
EXP-EMBED-C1-FUSED-EQUIV-001,GOLD-MODEL-C1-B10-R02847,10,15,-8.094248,-8.094248,1.8200683626901082e-07,2.2485947585125982e-08
EXP-EMBED-C1-FUSED-EQUIV-001,GOLD-MODEL-C1-B10-R02847,10,16,24505.0831,24505.084,0.0008843750001688022,3.608945117875574e-08
EXP-EMBED-C1-FUSED-EQUIV-001,GOLD-MODEL-C1-B10-R02847,10,17,13.799084,13.799084,2.902832036966174e-07,2.1036411090520025e-08
EXP-EMBED-C1-FUSED-EQUIV-001,GOLD-MODEL-C1-B10-R02847,10,18,9.561008,9.561008,4.533691413399765e-07,4.741855056914256e-08
EXP-EMBED-C1-FUSED-EQUIV-001,GOLD-MODEL-C1-B10-R02847,10,19,16.035402,16.035402,2.9797363154671075e-07,1.8582236450742597e-08
EXP-EMBED-C1-FUSED-EQUIV-001,GOLD-MODEL-C1-B10-R02847,10,20,19.264198,19.264198,3.0322265587301445e-07,1.5740216949234765e-08
EXP-EMBED-C1-FUSED-EQUIV-001,GOLD-MODEL-C1-B10-R02847,10,21,-5.19564,-5.19564,8.712768551077943e-08,1.676938462071649e-08
EXP-EMBED-C1-FUSED-EQUIV-001,GOLD-MODEL-C1-B10-R02847,10,22,-7.702264,-7.702264,1.679077152871855e-07,2.1799787086911783e-08
EXP-EMBED-C1-FUSED-EQUIV-001,GOLD-MODEL-C1-B10-R02847,10,23,-14.689784,-14.689784,4.998779346010451e-08,3.402895063678575e-09
EXP-EMBED-C1-FUSED-EQUIV-001,GOLD-MODEL-C1-B10-R02847,10,24,27013.5714,27013.572,0.000865624999278225,3.204407838047749e-08
EXP-EMBED-C1-FUSED-EQUIV-001,GOLD-MODEL-C1-B10-R02847,10,25,14.467312,14.467312,1.4086914035260634e-07,9.737063827240772e-09
EXP-EMBED-C1-FUSED-EQUIV-001,GOLD-MODEL-C1-B10-R02847,10,26,10.626118,10.626118,2.937011718273652e-07,2.763955489929297e-08
EXP-EMBED-C1-FUSED-EQUIV-001,GOLD-MODEL-C1-B10-R02847,10,27,18.081821,18.081821,4.4165038914911747e-07,2.4425105698652666e-08
EXP-EMBED-C1-FUSED-EQUIV-001,GOLD-MODEL-C1-B10-R02847,10,28,21.320395,21.320395,4.840087903801304e-07,2.2701680263434633e-08
EXP-EMBED-C1-FUSED-EQUIV-001,GOLD-MODEL-C1-B10-R02847,10,29,-5.589477,-5.589477,6.222534221222986e-08,1.1132587577018362e-08
EXP-EMBED-C1-FUSED-EQUIV-001,GOLD-MODEL-C1-B10-R02847,10,30,-8.372907,-8.372907,3.151245113741652e-07,3.763621301110417e-08
EXP-EMBED-C1-FUSED-EQUIV-001,GOLD-MODEL-C1-B10-R02847,10,31,-14.992599,-14.992599,4.6636962913737534e-07,3.110665663354134e-08
EXP-EMBED-C1-FUSED-EQUIV-001,GOLD-MODEL-C1-B10-R02847,10,32,9039.3555,9039.355,3.124999966530595e-05,3.4571048417451832e-09
EXP-EMBED-C1-FUSED-EQUIV-001,GOLD-MODEL-C1-B10-R02847,10,33,8.771135,8.771135,3.3020019607477025e-07,3.764623347773923e-08
EXP-EMBED-C1-FUSED-EQUIV-001,GOLD-MODEL-C1-B10-R02847,10,34,3.418277,3.418277,2.522277853245214e-08,7.378798889748297e-09
EXP-EMBED-C1-FUSED-EQUIV-001,GOLD-MODEL-C1-B10-R02847,10,35,6.686481,6.686481,1.0070797529238007e-09,1.5061431460342154e-10
EXP-EMBED-C1-FUSED-EQUIV-001,GOLD-MODEL-C1-B10-R02847,10,36,8.268553,8.268553,2.1984863352031425e-07,2.6588525648963515e-08
EXP-EMBED-C1-FUSED-EQUIV-001,GOLD-MODEL-C1-B10-R02847,10,37,-2.56789,-2.56789,7.11822507604154e-08,2.7720132389010203e-08
EXP-EMBED-C1-FUSED-EQUIV-001,GOLD-MODEL-C1-B10-R02847,10,38,-4.487433,-4.487433,4.3304443586578145e-08,9.65015936429093e-09
EXP-EMBED-C1-FUSED-EQUIV-001,GOLD-MODEL-C1-B10-R02847,10,39,-6.798523,-6.798523,5.078125031587888e-08,7.469453338008694e-09
EXP-EMBED-C1-FUSED-EQUIV-001,GOLD-MODEL-C1-B10-R02847,10,40,8094.5554,8094.555,0.0002242187501906301,2.7699946335610983e-08
EXP-EMBED-C1-FUSED-EQUIV-001,GOLD-MODEL-C1-B10-R02847,10,41,9.277507,9.277507,1.716918944794088e-07,1.8506253294059364e-08
EXP-EMBED-C1-FUSED-EQUIV-001,GOLD-MODEL-C1-B10-R02847,10,42,2.920473,2.920473,9.875488293786816e-08,3.381468787346028e-08
EXP-EMBED-C1-FUSED-EQUIV-001,GOLD-MODEL-C1-B10-R02847,10,43,5.147262,5.147262,9.640502973695675e-08,1.8729380734253813e-08
EXP-EMBED-C1-FUSED-EQUIV-001,GOLD-MODEL-C1-B10-R02847,10,44,6.968838,6.968838,2.1487426771216178e-07,3.083358627538218e-08
EXP-EMBED-C1-FUSED-EQUIV-001,GOLD-MODEL-C1-B10-R02847,10,45,-2.126649,-2.126649,9.710693360531764e-08,4.566194684939435e-08
EXP-EMBED-C1-FUSED-EQUIV-001,GOLD-MODEL-C1-B10-R02847,10,46,-3.776757,-3.776757,1.8768311349504074e-09,4.969425183961816e-10
EXP-EMBED-C1-FUSED-EQUIV-001,GOLD-MODEL-C1-B10-R02847,10,47,-6.326973,-6.326973,3.8574218486076006e-08,6.096788857179572e-09
EXP-EMBED-C1-FUSED-EQUIV-001,GOLD-MODEL-C1-B10-R02847,10,48,23310.325,23310.324,0.0007812500007275958,3.351519126085097e-08
EXP-EMBED-C1-FUSED-EQUIV-001,GOLD-MODEL-C1-B10-R02847,10,49,11.868842,11.868842,1.2493896406340355e-07,1.0526634701464856e-08
EXP-EMBED-C1-FUSED-EQUIV-001,GOLD-MODEL-C1-B10-R02847,10,50,11.085361,11.085361,4.7296142646757744e-07,4.2665405886878865e-08
EXP-EMBED-C1-FUSED-EQUIV-001,GOLD-MODEL-C1-B10-R02847,10,51,23.782213,23.782213,2.1105957159761601e-07,8.874681746295689e-09
EXP-EMBED-C1-FUSED-EQUIV-001,GOLD-MODEL-C1-B10-R02847,10,52,29.241308,29.241308,2.1228027335951083e-07,7.259602523919615e-09
EXP-EMBED-C1-FUSED-EQUIV-001,GOLD-MODEL-C1-B10-R02847,10,53,-6.157996,-6.157996,1.7767334004048507e-07,2.885246109943642e-08
EXP-EMBED-C1-FUSED-EQUIV-001,GOLD-MODEL-C1-B10-R02847,10,54,-10.601392,-10.601392,2.0770263731151317e-07,1.9592015587341092e-08
EXP-EMBED-C1-FUSED-EQUIV-001,GOLD-MODEL-C1-B10-R02847,10,55,-17.615009,-17.61501,3.078613275420139e-07,1.7477216590806957e-08
EXP-EMBED-C1-FUSED-EQUIV-001,GOLD-MODEL-C1-B10-R02847,10,56,26075.0896,26075.09,0.00024375000066356733,9.348002419273273e-09
EXP-EMBED-C1-FUSED-EQUIV-001,GOLD-MODEL-C1-B10-R02847,10,57,12.672316,12.672316,4.024658206702725e-07,3.1759452705430676e-08
EXP-EMBED-C1-FUSED-EQUIV-001,GOLD-MODEL-C1-B10-R02847,10,58,12.368225,12.368225,9.765624930935246e-08,7.895736802116104e-09
EXP-EMBED-C1-FUSED-EQUIV-001,GOLD-MODEL-C1-B10-R02847,10,59,26.119012,26.119013,8.326416001125381e-07,3.1878755601955315e-08
EXP-EMBED-C1-FUSED-EQUIV-001,GOLD-MODEL-C1-B10-R02847,10,60,31.10141,31.10141,8.789062633240974e-08,2.825937034121917e-09
EXP-EMBED-C1-FUSED-EQUIV-001,GOLD-MODEL-C1-B10-R02847,10,61,-6.800458,-6.800458,4.5593261610576974e-08,6.7044398495773335e-09
EXP-EMBED-C1-FUSED-EQUIV-001,GOLD-MODEL-C1-B10-R02847,10,62,-11.786437,-11.786437,3.4606934207204176e-08,2.936165883481512e-09
EXP-EMBED-C1-FUSED-EQUIV-001,GOLD-MODEL-C1-B10-R02847,10,63,-20.259999,-20.259998,6.784667974102376e-07,3.348799757641832e-08
EXP-EMBED-C1-FUSED-EQUIV-001,GOLD-MODEL-C1-B10-R02847,10,64,3089.4741,3089.474,2.1093750092404662e-05,6.8276183614566185e-09
EXP-EMBED-C1-FUSED-EQUIV-001,GOLD-MODEL-C1-B10-R02847,10,65,1.440519,1.440519,2.47421265697767e-08,1.7175841880444963e-08
EXP-EMBED-C1-FUSED-EQUIV-001,GOLD-MODEL-C1-B10-R02847,10,66,1.226427,1.226427,4.096221917215814e-08,3.3399639091571e-08
EXP-EMBED-C1-FUSED-EQUIV-001,GOLD-MODEL-C1-B10-R02847,10,67,2.12634,2.12634,8.75854491155792e-08,4.119070756115165e-08
EXP-EMBED-C1-FUSED-EQUIV-001,GOLD-MODEL-C1-B10-R02847,10,68,4.574663,4.574663,1.6223144516658294e-07,3.546303742299333e-08
EXP-EMBED-C1-FUSED-EQUIV-001,GOLD-MODEL-C1-B10-R02847,10,69,-0.885463,-0.885463,6.561279297656597e-10,7.409998269443892e-10
EXP-EMBED-C1-FUSED-EQUIV-001,GOLD-MODEL-C1-B10-R02847,10,70,-1.475655,-1.475655,4.032135003662063e-08,2.7324374624570534e-08
EXP-EMBED-C1-FUSED-EQUIV-001,GOLD-MODEL-C1-B10-R02847,10,71,-4.511211,-4.511211,8.157348663218045e-08,1.808239220736526e-08
EXP-EMBED-C1-FUSED-EQUIV-001,GOLD-MODEL-C1-B10-R02847,10,72,3346.813,3346.813,1.1718750101863407e-05,3.5014654544079418e-09
EXP-EMBED-C1-FUSED-EQUIV-001,GOLD-MODEL-C1-B10-R02847,10,73,1.537475,1.537475,1.0108947678943991e-08,6.575032230731551e-09
EXP-EMBED-C1-FUSED-EQUIV-001,GOLD-MODEL-C1-B10-R02847,10,74,1.231991,1.231991,5.2627563418283785e-08,4.2717490158843515e-08
EXP-EMBED-C1-FUSED-EQUIV-001,GOLD-MODEL-C1-B10-R02847,10,75,1.993531,1.993531,1.130676263727537e-08,5.671726518060351e-09
EXP-EMBED-C1-FUSED-EQUIV-001,GOLD-MODEL-C1-B10-R02847,10,76,5.296582,5.296582,2.2198486337998702e-07,4.191096510541837e-08
EXP-EMBED-C1-FUSED-EQUIV-001,GOLD-MODEL-C1-B10-R02847,10,77,-0.76873,-0.76873,1.5239715600579018e-08,1.9824536053723698e-08
EXP-EMBED-C1-FUSED-EQUIV-001,GOLD-MODEL-C1-B10-R02847,10,78,-1.34301,-1.34301,5.126953128709033e-08,3.8175092729830996e-08
EXP-EMBED-C1-FUSED-EQUIV-001,GOLD-MODEL-C1-B10-R02847,10,79,-4.573401,-4.573401,2.572631796482483e-08,5.625204954655153e-09
EXP-EMBED-C1-FUSED-EQUIV-001,GOLD-MODEL-C1-B10-R02847,10,80,19157.1391,19157.139,0.0004281250003259629,2.2348065548365878e-08
EXP-EMBED-C1-FUSED-EQUIV-001,GOLD-MODEL-C1-B10-R02847,10,81,10.3681,10.3681,1.6632080068745836e-07,1.60415891713485e-08
EXP-EMBED-C1-FUSED-EQUIV-001,GOLD-MODEL-C1-B10-R02847,10,82,7.79082,7.79082,1.2176513664030608e-07,1.5629309448852122e-08
EXP-EMBED-C1-FUSED-EQUIV-001,GOLD-MODEL-C1-B10-R02847,10,83,13.56891,13.56891,3.549194342866713e-07,2.6156812469584607e-08
EXP-EMBED-C1-FUSED-EQUIV-001,GOLD-MODEL-C1-B10-R02847,10,84,16.266584,16.266584,3.963623029790142e-07,2.436665884976306e-08
EXP-EMBED-C1-FUSED-EQUIV-001,GOLD-MODEL-C1-B10-R02847,10,85,-4.247429,-4.247429,1.0595703159310688e-07,2.4946157214895615e-08
EXP-EMBED-C1-FUSED-EQUIV-001,GOLD-MODEL-C1-B10-R02847,10,86,-6.430646,-6.430646,5.7312012025079184e-08,8.912325764017983e-09
EXP-EMBED-C1-FUSED-EQUIV-001,GOLD-MODEL-C1-B10-R02847,10,87,-13.964026,-13.964026,4.5111083935012175e-07,3.230521336397696e-08
EXP-EMBED-C1-FUSED-EQUIV-001,GOLD-MODEL-C1-B10-R02847,10,88,19521.827,19521.826,0.0008281250011350494,4.242046613439661e-08
EXP-EMBED-C1-FUSED-EQUIV-001,GOLD-MODEL-C1-B10-R02847,10,89,11.594062,11.594062,1.484985343580547e-07,1.2808154239476615e-08
EXP-EMBED-C1-FUSED-EQUIV-001,GOLD-MODEL-C1-B10-R02847,10,90,7.637359,7.637359,1.4230346678800743e-07,1.8632549129615017e-08
EXP-EMBED-C1-FUSED-EQUIV-001,GOLD-MODEL-C1-B10-R02847,10,91,12.591099,12.591099,2.1459960919401055e-07,1.7043755211043177e-08
EXP-EMBED-C1-FUSED-EQUIV-001,GOLD-MODEL-C1-B10-R02847,10,92,15.211784,15.211784,3.6279296899977e-07,2.384946887227494e-08
EXP-EMBED-C1-FUSED-EQUIV-001,GOLD-MODEL-C1-B10-R02847,10,93,-4.224072,-4.224072,2.0477294526699552e-08,4.847761715875003e-09
EXP-EMBED-C1-FUSED-EQUIV-001,GOLD-MODEL-C1-B10-R02847,10,94,-6.55699,-6.55699,1.4663696301653317e-07,2.236345686306265e-08
EXP-EMBED-C1-FUSED-EQUIV-001,GOLD-MODEL-C1-B10-R02847,10,95,-14.080485,-14.080485,3.4393310599512006e-07,2.4426225800824337e-08
EXP-EMBED-C1-FUSED-EQUIV-001,GOLD-MODEL-C1-B10-R02847,10,96,10143.2106,10143.211,0.0003374999996594852,3.327348834297941e-08
EXP-EMBED-C1-FUSED-EQUIV-001,GOLD-MODEL-C1-B10-R02847,10,97,10.401839,10.401839,2.5628662037036065e-07,2.463858750076411e-08
EXP-EMBED-C1-FUSED-EQUIV-001,GOLD-MODEL-C1-B10-R02847,10,98,3.725374,3.725374,1.661682125231323e-08,4.460443770830319e-09
EXP-EMBED-C1-FUSED-EQUIV-001,GOLD-MODEL-C1-B10-R02847,10,99,6.781936,6.781936,1.6867065433245898e-07,2.4870575943574075e-08
EXP-EMBED-C1-FUSED-EQUIV-001,GOLD-MODEL-C1-B10-R02847,10,100,9.840335,9.840335,1.0772705039130415e-07,1.0947498270262563e-08
EXP-EMBED-C1-FUSED-EQUIV-001,GOLD-MODEL-C1-B10-R02847,10,101,-3.01635,-3.01635,3.0899047764876286e-08,1.0243853586247049e-08
EXP-EMBED-C1-FUSED-EQUIV-001,GOLD-MODEL-C1-B10-R02847,10,102,-5.333231,-5.333231,2.7709960548349954e-08,5.195717295641227e-09
EXP-EMBED-C1-FUSED-EQUIV-001,GOLD-MODEL-C1-B10-R02847,10,103,-9.123415,-9.123415,6.713866795848844e-09,7.35894047990675e-10
EXP-EMBED-C1-FUSED-EQUIV-001,GOLD-MODEL-C1-B10-R02847,10,104,11918.2262,11918.227,0.00036250000084692147,3.04156000032053e-08
EXP-EMBED-C1-FUSED-EQUIV-001,GOLD-MODEL-C1-B10-R02847,10,105,12.240365,12.240365,2.8381347050299155e-08,2.3186683608127008e-09
EXP-EMBED-C1-FUSED-EQUIV-001,GOLD-MODEL-C1-B10-R02847,10,106,3.967032,3.967032,4.428100597309026e-08,1.116225076407003e-08
EXP-EMBED-C1-FUSED-EQUIV-001,GOLD-MODEL-C1-B10-R02847,10,107,6.967481,6.967481,1.3632202122693116e-07,1.9565467236571028e-08
EXP-EMBED-C1-FUSED-EQUIV-001,GOLD-MODEL-C1-B10-R02847,10,108,9.5737,9.5737,4.882812554285465e-08,5.100235597820555e-09
EXP-EMBED-C1-FUSED-EQUIV-001,GOLD-MODEL-C1-B10-R02847,10,109,-3.628381,-3.628381,1.3870239179425425e-08,3.822707477363988e-09
EXP-EMBED-C1-FUSED-EQUIV-001,GOLD-MODEL-C1-B10-R02847,10,110,-6.203421,-6.203421,1.158752445107325e-07,1.867924883878307e-08
EXP-EMBED-C1-FUSED-EQUIV-001,GOLD-MODEL-C1-B10-R02847,10,111,-9.901575,-9.901575,8.850097721335715e-08,8.938070682023532e-09
EXP-EMBED-C1-FUSED-EQUIV-001,GOLD-MODEL-C1-B10-R02847,10,112,19666.4988,19666.498,0.0007531250012107193,3.8294818455978516e-08
EXP-EMBED-C1-FUSED-EQUIV-001,GOLD-MODEL-C1-B10-R02847,10,113,9.439945,9.439945,2.2094726581656232e-07,2.3405567068088038e-08
EXP-EMBED-C1-FUSED-EQUIV-001,GOLD-MODEL-C1-B10-R02847,10,114,9.901613,9.901613,2.3547363348086492e-07,2.3781340826071968e-08
EXP-EMBED-C1-FUSED-EQUIV-001,GOLD-MODEL-C1-B10-R02847,10,115,22.062764,22.062763,7.858886732492465e-07,3.56205901150575e-08
EXP-EMBED-C1-FUSED-EQUIV-001,GOLD-MODEL-C1-B10-R02847,10,116,25.246372,25.246372,2.2290038970140813e-07,8.829006785664417e-09
EXP-EMBED-C1-FUSED-EQUIV-001,GOLD-MODEL-C1-B10-R02847,10,117,-5.706781,-5.706781,8.950805696628095e-08,1.568450882665393e-08
EXP-EMBED-C1-FUSED-EQUIV-001,GOLD-MODEL-C1-B10-R02847,10,118,-10.160462,-10.160462,3.7945556563556693e-07,3.734629051666813e-08
EXP-EMBED-C1-FUSED-EQUIV-001,GOLD-MODEL-C1-B10-R02847,10,119,-17.647016,-17.647017,5.252685539858248e-07,2.9765290289634508e-08
EXP-EMBED-C1-FUSED-EQUIV-001,GOLD-MODEL-C1-B10-R02847,10,120,17566.249,17566.248,0.0009531249997962732,5.425888018530724e-08
EXP-EMBED-C1-FUSED-EQUIV-001,GOLD-MODEL-C1-B10-R02847,10,121,9.513337,9.513337,1.3531494147400736e-07,1.4223709459047584e-08
EXP-EMBED-C1-FUSED-EQUIV-001,GOLD-MODEL-C1-B10-R02847,10,122,8.773465,8.773465,1.565551759341588e-07,1.7844167148801392e-08
EXP-EMBED-C1-FUSED-EQUIV-001,GOLD-MODEL-C1-B10-R02847,10,123,19.286211,19.286211,1.3793943764994765e-08,7.152231075868019e-10
EXP-EMBED-C1-FUSED-EQUIV-001,GOLD-MODEL-C1-B10-R02847,10,124,24.120069,24.12007,5.037841788180231e-07,2.0886514827881424e-08
EXP-EMBED-C1-FUSED-EQUIV-001,GOLD-MODEL-C1-B10-R02847,10,125,-5.095662,-5.095662,1.1700439461748147e-07,2.2961569000746414e-08
EXP-EMBED-C1-FUSED-EQUIV-001,GOLD-MODEL-C1-B10-R02847,10,126,-9.268542,-9.268542,2.8973388666031497e-07,3.125992056359188e-08
EXP-EMBED-C1-FUSED-EQUIV-001,GOLD-MODEL-C1-B10-R02847,10,127,-15.404259,-15.404259,2.719726559519131e-07,1.7655679247662163e-08
EXP-EMBED-C1-FUSED-EQUIV-001,GOLD-MODEL-C1-B10-R03522,10,0,18668.4121,18668.412,9.374998626299202e-06,5.021851122677542e-10
EXP-EMBED-C1-FUSED-EQUIV-001,GOLD-MODEL-C1-B10-R03522,10,1,2.2093,2.2093,4.1198730649227855e-08,1.8647866133720118e-08
EXP-EMBED-C1-FUSED-EQUIV-001,GOLD-MODEL-C1-B10-R03522,10,2,4.1986,4.1986,1.8463134754398425e-07,4.3974502820936565e-08
EXP-EMBED-C1-FUSED-EQUIV-001,GOLD-MODEL-C1-B10-R03522,10,3,6.0553,6.0553,2.3574829111083773e-07,3.893255348386335e-08
EXP-EMBED-C1-FUSED-EQUIV-001,GOLD-MODEL-C1-B10-R03522,10,4,15.354,15.354,9.155273517080786e-08,5.962793745656368e-09
EXP-EMBED-C1-FUSED-EQUIV-001,GOLD-MODEL-C1-B10-R03522,10,5,-3.6354,-3.6354,5.683898907093976e-08,1.5634865233795388e-08
EXP-EMBED-C1-FUSED-EQUIV-001,GOLD-MODEL-C1-B10-R03522,10,6,-5.7569,-5.7569,1.6632080068745836e-07,2.8890687815918006e-08
EXP-EMBED-C1-FUSED-EQUIV-001,GOLD-MODEL-C1-B10-R03522,10,7,-29.3083,-29.3083,1.831054774470431e-08,6.247563913534496e-10
EXP-EMBED-C1-FUSED-EQUIV-001,GOLD-MODEL-C1-B10-R03522,10,8,32039.5781,32039.578,2.5000001187436283e-05,7.80284968466432e-10
EXP-EMBED-C1-FUSED-EQUIV-001,GOLD-MODEL-C1-B10-R03522,10,9,2.1805,2.1805,3.051757824223955e-08,1.399567908380626e-08
EXP-EMBED-C1-FUSED-EQUIV-001,GOLD-MODEL-C1-B10-R03522,10,10,8.4278,8.4278,1.7852783251726123e-07,2.118320706676253e-08
EXP-EMBED-C1-FUSED-EQUIV-001,GOLD-MODEL-C1-B10-R03522,10,11,12.6529,12.6529,2.578735358582662e-07,2.0380587522091077e-08
EXP-EMBED-C1-FUSED-EQUIV-001,GOLD-MODEL-C1-B10-R03522,10,12,30.1008,30.1008,4.3945312455662133e-07,1.4599383556470969e-08
EXP-EMBED-C1-FUSED-EQUIV-001,GOLD-MODEL-C1-B10-R03522,10,13,-7.1528,-7.1528,8.316040034372918e-08,1.1626272277112344e-08
EXP-EMBED-C1-FUSED-EQUIV-001,GOLD-MODEL-C1-B10-R03522,10,14,-11.8468,-11.8468,1.4953613280965783e-07,1.2622491542835012e-08
EXP-EMBED-C1-FUSED-EQUIV-001,GOLD-MODEL-C1-B10-R03522,10,15,-56.8134,-56.8134,2.685546860448085e-07,4.726960295367087e-09
EXP-EMBED-C1-FUSED-EQUIV-001,GOLD-MODEL-C1-B10-R03522,10,16,9850.9292,9850.93,0.00048749999950814527,4.9487717311798895e-08
EXP-EMBED-C1-FUSED-EQUIV-001,GOLD-MODEL-C1-B10-R03522,10,17,3.6998,3.6998,1.4495849409712491e-08,3.918008922026188e-09
EXP-EMBED-C1-FUSED-EQUIV-001,GOLD-MODEL-C1-B10-R03522,10,18,2.4955,2.4955,8.773803727990526e-08,3.515850021234433e-08
EXP-EMBED-C1-FUSED-EQUIV-001,GOLD-MODEL-C1-B10-R03522,10,19,4.2132,4.2132,9.231567421608133e-08,2.1911059103788412e-08
EXP-EMBED-C1-FUSED-EQUIV-001,GOLD-MODEL-C1-B10-R03522,10,20,7.2171,7.2171,1.434326168947564e-07,1.987399605031888e-08
EXP-EMBED-C1-FUSED-EQUIV-001,GOLD-MODEL-C1-B10-R03522,10,21,-2.3114,-2.3114,6.332397450847793e-08,2.7396372115807706e-08
EXP-EMBED-C1-FUSED-EQUIV-001,GOLD-MODEL-C1-B10-R03522,10,22,-3.8236,-3.8236,5.378723155757825e-08,1.4067170090380337e-08
EXP-EMBED-C1-FUSED-EQUIV-001,GOLD-MODEL-C1-B10-R03522,10,23,-11.8869,-11.8869,5.187988350030537e-08,4.364458647780781e-09
EXP-EMBED-C1-FUSED-EQUIV-001,GOLD-MODEL-C1-B10-R03522,10,24,9725.6602,9725.66,4.375000025902409e-05,4.498409296576503e-09
EXP-EMBED-C1-FUSED-EQUIV-001,GOLD-MODEL-C1-B10-R03522,10,25,3.5955,3.5955,7.629394449537585e-09,2.1219286467911517e-09
EXP-EMBED-C1-FUSED-EQUIV-001,GOLD-MODEL-C1-B10-R03522,10,26,2.5225,2.5225,3.814697269177714e-08,1.512268491249837e-08
EXP-EMBED-C1-FUSED-EQUIV-001,GOLD-MODEL-C1-B10-R03522,10,27,4.3692,4.3692,2.296447751959363e-07,5.255991375902597e-08
EXP-EMBED-C1-FUSED-EQUIV-001,GOLD-MODEL-C1-B10-R03522,10,28,7.7781,7.7781,1.3732909920349812e-08,1.765586701167356e-09
EXP-EMBED-C1-FUSED-EQUIV-001,GOLD-MODEL-C1-B10-R03522,10,29,-2.2995,-2.2995,1.1444091896350983e-08,4.976774036247438e-09
EXP-EMBED-C1-FUSED-EQUIV-001,GOLD-MODEL-C1-B10-R03522,10,30,-3.7679,-3.7679,9.918212917625624e-09,2.6322919710251395e-09
EXP-EMBED-C1-FUSED-EQUIV-001,GOLD-MODEL-C1-B10-R03522,10,31,-10.5363,-10.5363,2.94494629571318e-07,2.7950478780152234e-08
EXP-EMBED-C1-FUSED-EQUIV-001,GOLD-MODEL-C1-B10-R03522,10,32,3036.7156,3036.7156,2.382812499490683e-05,7.846676519495876e-09
EXP-EMBED-C1-FUSED-EQUIV-001,GOLD-MODEL-C1-B10-R03522,10,33,2.4489,2.4489,1.5640258865801115e-08,6.386646602883382e-09
EXP-EMBED-C1-FUSED-EQUIV-001,GOLD-MODEL-C1-B10-R03522,10,34,1.0917,1.0917,4.21524046778643e-08,3.861171079771393e-08
EXP-EMBED-C1-FUSED-EQUIV-001,GOLD-MODEL-C1-B10-R03522,10,35,2.6195,2.6195,7.820129388491637e-08,2.9853519329992885e-08
EXP-EMBED-C1-FUSED-EQUIV-001,GOLD-MODEL-C1-B10-R03522,10,36,5.4932,5.4932,1.7471313462635862e-07,3.1805347452551996e-08
EXP-EMBED-C1-FUSED-EQUIV-001,GOLD-MODEL-C1-B10-R03522,10,37,-0.84878,-0.84878,2.3632049539479283e-08,2.7842373217417097e-08
EXP-EMBED-C1-FUSED-EQUIV-001,GOLD-MODEL-C1-B10-R03522,10,38,-1.7781,-1.7781,1.3732910142394417e-08,7.723362095717011e-09
EXP-EMBED-C1-FUSED-EQUIV-001,GOLD-MODEL-C1-B10-R03522,10,39,-5.5053,-5.5053,4.501342765195204e-08,8.176380515494531e-09
EXP-EMBED-C1-FUSED-EQUIV-001,GOLD-MODEL-C1-B10-R03522,10,40,2485.8449,2485.845,7.07031249476131e-05,2.8442291370476535e-08
EXP-EMBED-C1-FUSED-EQUIV-001,GOLD-MODEL-C1-B10-R03522,10,41,2.304,2.304,9.918212873216703e-08,4.304779892889194e-08
EXP-EMBED-C1-FUSED-EQUIV-001,GOLD-MODEL-C1-B10-R03522,10,42,0.90697,0.90697,2.4108886664819806e-08,2.6581790648885635e-08
EXP-EMBED-C1-FUSED-EQUIV-001,GOLD-MODEL-C1-B10-R03522,10,43,2.316,2.316,1.525878889907517e-08,6.588423531552319e-09
EXP-EMBED-C1-FUSED-EQUIV-001,GOLD-MODEL-C1-B10-R03522,10,44,4.9565,4.9565,5.340576159085231e-08,1.0774893895057462e-08
EXP-EMBED-C1-FUSED-EQUIV-001,GOLD-MODEL-C1-B10-R03522,10,45,-0.70651,-0.70651,7.381439237619247e-09,1.0447749129692783e-08
EXP-EMBED-C1-FUSED-EQUIV-001,GOLD-MODEL-C1-B10-R03522,10,46,-1.5443,-1.5443,3.986358643182086e-08,2.5813369443644927e-08
EXP-EMBED-C1-FUSED-EQUIV-001,GOLD-MODEL-C1-B10-R03522,10,47,-5.3771,-5.3771,9.155273872352154e-09,1.7026415488557314e-09
EXP-EMBED-C1-FUSED-EQUIV-001,GOLD-MODEL-C1-B10-R03522,10,48,12343.2133,12343.213,0.0004093749994353857,3.3165998957126154e-08
EXP-EMBED-C1-FUSED-EQUIV-001,GOLD-MODEL-C1-B10-R03522,10,49,3.7613,3.7613,8.697509779054258e-08,2.312368005491255e-08
EXP-EMBED-C1-FUSED-EQUIV-001,GOLD-MODEL-C1-B10-R03522,10,50,3.8823,3.8823,9.994506822152971e-08,2.574377771463558e-08
EXP-EMBED-C1-FUSED-EQUIV-001,GOLD-MODEL-C1-B10-R03522,10,51,6.9883,6.9883,1.5335082981238202e-07,2.194393912859809e-08
EXP-EMBED-C1-FUSED-EQUIV-001,GOLD-MODEL-C1-B10-R03522,10,52,10.8302,10.8302,1.9531250039506176e-07,1.8034062195994697e-08
EXP-EMBED-C1-FUSED-EQUIV-001,GOLD-MODEL-C1-B10-R03522,10,53,-3.4755,-3.4755,1.0681152362579382e-07,3.073270712869913e-08
EXP-EMBED-C1-FUSED-EQUIV-001,GOLD-MODEL-C1-B10-R03522,10,54,-6.0481,-6.0481,5.340575981449547e-09,8.830171428133706e-10
EXP-EMBED-C1-FUSED-EQUIV-001,GOLD-MODEL-C1-B10-R03522,10,55,-15.0472,-15.0472,2.0294189440051014e-07,1.3487020468958354e-08
EXP-EMBED-C1-FUSED-EQUIV-001,GOLD-MODEL-C1-B10-R03522,10,56,12820.4224,12820.423,0.0004515625005296897,3.522212345590811e-08
EXP-EMBED-C1-FUSED-EQUIV-001,GOLD-MODEL-C1-B10-R03522,10,57,3.7755,3.7755,5.91278075390278e-08,1.5660921080394066e-08
EXP-EMBED-C1-FUSED-EQUIV-001,GOLD-MODEL-C1-B10-R03522,10,58,4.108,4.108,1.9836425746433406e-07,4.828730707505698e-08
EXP-EMBED-C1-FUSED-EQUIV-001,GOLD-MODEL-C1-B10-R03522,10,59,7.7435,7.7435,2.32696533153387e-07,3.005056281441041e-08
EXP-EMBED-C1-FUSED-EQUIV-001,GOLD-MODEL-C1-B10-R03522,10,60,12.0223,12.0223,2.3345947219866048e-07,1.9418869284468072e-08
EXP-EMBED-C1-FUSED-EQUIV-001,GOLD-MODEL-C1-B10-R03522,10,61,-3.714,-3.714,1.3351440397713077e-08,3.5948950990072904e-09
EXP-EMBED-C1-FUSED-EQUIV-001,GOLD-MODEL-C1-B10-R03522,10,62,-6.4634,-6.4634,1.1291503909660605e-07,1.7469913527958358e-08
EXP-EMBED-C1-FUSED-EQUIV-001,GOLD-MODEL-C1-B10-R03522,10,63,-15.0913,-15.0913,1.0681151962899094e-08,7.077688444931248e-10
EXP-EMBED-C1-FUSED-EQUIV-001,GOLD-MODEL-C1-B10-R03522,10,64,34275.209,34275.21,0.001937499997438863,5.6527736926093226e-08
EXP-EMBED-C1-FUSED-EQUIV-001,GOLD-MODEL-C1-B10-R03522,10,65,2.5053,2.5053,4.501342765195204e-08,1.7967280426277107e-08
EXP-EMBED-C1-FUSED-EQUIV-001,GOLD-MODEL-C1-B10-R03522,10,66,8.6568,8.6568,2.7008056591171226e-07,3.11986606958359e-08
EXP-EMBED-C1-FUSED-EQUIV-001,GOLD-MODEL-C1-B10-R03522,10,67,12.5167,12.5167,2.0904541031541157e-07,1.670131986189743e-08
EXP-EMBED-C1-FUSED-EQUIV-001,GOLD-MODEL-C1-B10-R03522,10,68,30.916,30.916,3.662109371305178e-07,1.1845353122348226e-08
EXP-EMBED-C1-FUSED-EQUIV-001,GOLD-MODEL-C1-B10-R03522,10,69,-7.0464,-7.0464,7.019042946865284e-08,9.961175844211631e-09
EXP-EMBED-C1-FUSED-EQUIV-001,GOLD-MODEL-C1-B10-R03522,10,70,-12.0687,-12.0687,1.6326904273000764e-07,1.3528304020317652e-08
EXP-EMBED-C1-FUSED-EQUIV-001,GOLD-MODEL-C1-B10-R03522,10,71,-75.2737,-75.2737,3.1005859426613824e-06,4.1190826844719765e-08
EXP-EMBED-C1-FUSED-EQUIV-001,GOLD-MODEL-C1-B10-R03522,10,72,26592.2265,26592.227,6.24999993306119e-05,2.3503108824156525e-09
EXP-EMBED-C1-FUSED-EQUIV-001,GOLD-MODEL-C1-B10-R03522,10,73,2.3798,2.3798,8.125305184236709e-08,3.414280689233007e-08
EXP-EMBED-C1-FUSED-EQUIV-001,GOLD-MODEL-C1-B10-R03522,10,74,6.2932,6.2932,1.602172883252706e-08,2.5458794941408284e-09
EXP-EMBED-C1-FUSED-EQUIV-001,GOLD-MODEL-C1-B10-R03522,10,75,9.864,9.864,3.2043456954511385e-07,3.248525644212427e-08
EXP-EMBED-C1-FUSED-EQUIV-001,GOLD-MODEL-C1-B10-R03522,10,76,28.6168,28.6168,3.0822753771531097e-07,1.0770859694840477e-08
EXP-EMBED-C1-FUSED-EQUIV-001,GOLD-MODEL-C1-B10-R03522,10,77,-5.3818,-5.3818,1.7471313462635862e-07,3.2463698878880415e-08
EXP-EMBED-C1-FUSED-EQUIV-001,GOLD-MODEL-C1-B10-R03522,10,78,-9.2077,-9.2077,2.2430420010266516e-07,2.4360502633954748e-08
EXP-EMBED-C1-FUSED-EQUIV-001,GOLD-MODEL-C1-B10-R03522,10,79,-53.5998,-53.5998,1.098632793627985e-07,2.049695695931673e-09
EXP-EMBED-C1-FUSED-EQUIV-001,GOLD-MODEL-C1-B10-R03522,10,80,11191.8483,11191.849,0.0003328125003463356,2.9737045340967996e-08
EXP-EMBED-C1-FUSED-EQUIV-001,GOLD-MODEL-C1-B10-R03522,10,81,3.8155,3.8155,2.0980834847250662e-08,5.4988428377016545e-09
EXP-EMBED-C1-FUSED-EQUIV-001,GOLD-MODEL-C1-B10-R03522,10,82,2.7984,2.7984,7.476806640482891e-08,2.6718148372223026e-08
EXP-EMBED-C1-FUSED-EQUIV-001,GOLD-MODEL-C1-B10-R03522,10,83,4.3469,4.3469,1.3732909920349812e-08,3.1592422002691143e-09
EXP-EMBED-C1-FUSED-EQUIV-001,GOLD-MODEL-C1-B10-R03522,10,84,8.5691,8.5691,3.799438470508676e-07,4.433882753741555e-08
EXP-EMBED-C1-FUSED-EQUIV-001,GOLD-MODEL-C1-B10-R03522,10,85,-2.541,-2.541,1.1062622062851801e-07,4.353648981838568e-08
EXP-EMBED-C1-FUSED-EQUIV-001,GOLD-MODEL-C1-B10-R03522,10,86,-4.1544,-4.1544,1.2817382799568122e-07,3.0852548622106974e-08
EXP-EMBED-C1-FUSED-EQUIV-001,GOLD-MODEL-C1-B10-R03522,10,87,-15.5355,-15.5355,4.272460945031753e-07,2.750127736494965e-08
EXP-EMBED-C1-FUSED-EQUIV-001,GOLD-MODEL-C1-B10-R03522,10,88,9010.2454,9010.245,0.0002828124997904524,3.1387879822946044e-08
EXP-EMBED-C1-FUSED-EQUIV-001,GOLD-MODEL-C1-B10-R03522,10,89,3.5895,3.5895,4.959106458812812e-08,1.3815591193238088e-08
EXP-EMBED-C1-FUSED-EQUIV-001,GOLD-MODEL-C1-B10-R03522,10,90,2.3475,2.3475,8.583068833445395e-08,3.6562593539703494e-08
EXP-EMBED-C1-FUSED-EQUIV-001,GOLD-MODEL-C1-B10-R03522,10,91,3.8816,3.8816,9.68933107081682e-08,2.4962209065377215e-08
EXP-EMBED-C1-FUSED-EQUIV-001,GOLD-MODEL-C1-B10-R03522,10,92,8.5704,8.5704,2.3803711002301498e-07,2.777432908884241e-08
EXP-EMBED-C1-FUSED-EQUIV-001,GOLD-MODEL-C1-B10-R03522,10,93,-2.1028,-2.1028,1.075744626710673e-07,5.1157724306195216e-08
EXP-EMBED-C1-FUSED-EQUIV-001,GOLD-MODEL-C1-B10-R03522,10,94,-3.5612,-3.5612,9.651184074144226e-08,2.710093247822146e-08
EXP-EMBED-C1-FUSED-EQUIV-001,GOLD-MODEL-C1-B10-R03522,10,95,-12.159,-12.159,3.967285149286681e-07,3.2628383496066135e-08
EXP-EMBED-C1-FUSED-EQUIV-001,GOLD-MODEL-C1-B10-R03522,10,96,3196.2857,3196.2856,5.546874990614015e-05,1.7354127606972102e-08
EXP-EMBED-C1-FUSED-EQUIV-001,GOLD-MODEL-C1-B10-R03522,10,97,2.5082,2.5082,6.98089599460161e-08,2.783229405390962e-08
EXP-EMBED-C1-FUSED-EQUIV-001,GOLD-MODEL-C1-B10-R03522,10,98,1.1679,1.1679,3.376007073896403e-08,2.8906645037215545e-08
EXP-EMBED-C1-FUSED-EQUIV-001,GOLD-MODEL-C1-B10-R03522,10,99,2.8834,2.8834,3.662109371305178e-08,1.2700663700163619e-08
EXP-EMBED-C1-FUSED-EQUIV-001,GOLD-MODEL-C1-B10-R03522,10,100,8.0053,8.0053,4.3182373055117296e-07,5.394222959179206e-08
EXP-EMBED-C1-FUSED-EQUIV-001,GOLD-MODEL-C1-B10-R03522,10,101,-0.90265,-0.90265,1.3351439953623867e-09,1.4791380882539043e-09
EXP-EMBED-C1-FUSED-EQUIV-001,GOLD-MODEL-C1-B10-R03522,10,102,-1.8672,-1.8672,1.6975402861163502e-08,9.091368284684824e-09
EXP-EMBED-C1-FUSED-EQUIV-001,GOLD-MODEL-C1-B10-R03522,10,103,-7.7461,-7.7461,5.111694356685348e-08,6.59905546879765e-09
EXP-EMBED-C1-FUSED-EQUIV-001,GOLD-MODEL-C1-B10-R03522,10,104,2790.2681,2790.268,3.35937497766281e-05,1.2039613604380204e-08
EXP-EMBED-C1-FUSED-EQUIV-001,GOLD-MODEL-C1-B10-R03522,10,105,2.3576,2.3576,2.632141127278942e-08,1.116449409263209e-08
EXP-EMBED-C1-FUSED-EQUIV-001,GOLD-MODEL-C1-B10-R03522,10,106,0.97982,0.97982,1.3046264624172466e-08,1.3314960527619833e-08
EXP-EMBED-C1-FUSED-EQUIV-001,GOLD-MODEL-C1-B10-R03522,10,107,2.4064,2.4064,3.4713745211689684e-08,1.4425592258847108e-08
EXP-EMBED-C1-FUSED-EQUIV-001,GOLD-MODEL-C1-B10-R03522,10,108,7.4346,7.4346,1.2359619105950514e-07,1.662445740988152e-08
EXP-EMBED-C1-FUSED-EQUIV-001,GOLD-MODEL-C1-B10-R03522,10,109,-0.77762,-0.77762,1.7528533957644754e-08,2.2541259172403944e-08
EXP-EMBED-C1-FUSED-EQUIV-001,GOLD-MODEL-C1-B10-R03522,10,110,-1.5773,-1.5773,4.749298088135845e-08,3.011030297429687e-08
EXP-EMBED-C1-FUSED-EQUIV-001,GOLD-MODEL-C1-B10-R03522,10,111,-6.3284,-6.3284,1.3504028295585613e-07,2.1338771720475336e-08
EXP-EMBED-C1-FUSED-EQUIV-001,GOLD-MODEL-C1-B10-R03522,10,112,13995.3984,13995.398,3.749999996216502e-05,2.6794521235040382e-09
EXP-EMBED-C1-FUSED-EQUIV-001,GOLD-MODEL-C1-B10-R03522,10,113,3.9102,3.9102,1.1901855456741828e-07,3.0437971092889946e-08
EXP-EMBED-C1-FUSED-EQUIV-001,GOLD-MODEL-C1-B10-R03522,10,114,4.2929,4.2929,8.544921836772801e-08,1.9904777275903933e-08
EXP-EMBED-C1-FUSED-EQUIV-001,GOLD-MODEL-C1-B10-R03522,10,115,7.5486,7.5486,1.968383784856087e-07,2.607614372010819e-08
EXP-EMBED-C1-FUSED-EQUIV-001,GOLD-MODEL-C1-B10-R03522,10,116,12.5799,12.5799,2.120971682728623e-07,1.6860004314252282e-08
EXP-EMBED-C1-FUSED-EQUIV-001,GOLD-MODEL-C1-B10-R03522,10,117,-3.9766,-3.9766,6.828308096729074e-08,1.7171221889878474e-08
EXP-EMBED-C1-FUSED-EQUIV-001,GOLD-MODEL-C1-B10-R03522,10,118,-6.943,-6.943,1.6021728477255692e-07,2.3076088833725612e-08
EXP-EMBED-C1-FUSED-EQUIV-001,GOLD-MODEL-C1-B10-R03522,10,119,-17.3306,-17.3306,7.38525390175937e-07,4.261395394134865e-08
EXP-EMBED-C1-FUSED-EQUIV-001,GOLD-MODEL-C1-B10-R03522,10,120,12078.9492,12078.949,1.8750000890577212e-05,1.55228742004952e-09
EXP-EMBED-C1-FUSED-EQUIV-001,GOLD-MODEL-C1-B10-R03522,10,121,3.8015,3.8015,8.201599133172977e-08,2.157463930862285e-08
EXP-EMBED-C1-FUSED-EQUIV-001,GOLD-MODEL-C1-B10-R03522,10,122,3.8663,3.8663,1.0604858413643115e-07,2.7428958988291428e-08
EXP-EMBED-C1-FUSED-EQUIV-001,GOLD-MODEL-C1-B10-R03522,10,123,6.9831,6.9831,6.256103546320446e-08,8.958920173447961e-09
EXP-EMBED-C1-FUSED-EQUIV-001,GOLD-MODEL-C1-B10-R03522,10,124,12.0406,12.0406,1.7700195265035745e-07,1.4700426278620456e-08
EXP-EMBED-C1-FUSED-EQUIV-001,GOLD-MODEL-C1-B10-R03522,10,125,-3.4371,-3.4371,6.637573246592865e-08,1.931155115240425e-08
EXP-EMBED-C1-FUSED-EQUIV-001,GOLD-MODEL-C1-B10-R03522,10,126,-6.2047,-6.2047,6.866454960174906e-09,1.1066538205191075e-09
EXP-EMBED-C1-FUSED-EQUIV-001,GOLD-MODEL-C1-B10-R03522,10,127,-18.4372,-18.4372,5.46264647738326e-07,2.9628395186813936e-08
