experiment_id,parameter_type,class,feature,source_coefficient,source_scale,source_intercept,derived_float64,stored_float32,absolute_cast_error,relative_cast_error,derivation_provenance
EXP-EMBED-C1-FUSED-EQUIV-001,weight,1,0,-0.07790399792489758,154334.58980382542,,-5.047734148509501e-07,-5.047734e-07,9.985507620184771e-15,1.978215834352786e-08,"coef[class,feature]/frozen_scale[feature]"
EXP-EMBED-C1-FUSED-EQUIV-001,weight,1,1,0.10014008128878397,4.882982232582464,,0.020507975765421304,0.020507976,6.473518283922619e-10,3.1565856903525704e-08,"coef[class,feature]/frozen_scale[feature]"
EXP-EMBED-C1-FUSED-EQUIV-001,weight,1,2,-0.09318466869366768,34.37264409500996,,-0.0027110125260103495,-0.0027110125,3.2191351147237146e-11,1.1874290818792865e-08,"coef[class,feature]/frozen_scale[feature]"
EXP-EMBED-C1-FUSED-EQUIV-001,weight,1,3,-0.10151548800120434,46.115512234263214,,-0.002201330595343137,-0.0022013306,1.9864416101605942e-11,9.023822293493147e-09,"coef[class,feature]/frozen_scale[feature]"
EXP-EMBED-C1-FUSED-EQUIV-001,weight,1,4,-0.0903630917081735,56.55376812499446,,-0.0015978261874337724,-0.0015978261,5.1157646478380836e-11,3.201702843570477e-08,"coef[class,feature]/frozen_scale[feature]"
EXP-EMBED-C1-FUSED-EQUIV-001,weight,1,5,0.010932121995892316,28.66768560512019,,0.00038133953840835286,0.00038133955,6.720514173375741e-12,1.7623439209650375e-08,"coef[class,feature]/frozen_scale[feature]"
EXP-EMBED-C1-FUSED-EQUIV-001,weight,1,6,0.028113818976757975,40.397114685636396,,0.0006959363111829897,0.0006959363,1.2426213378581574e-11,1.7855388745931122e-08,"coef[class,feature]/frozen_scale[feature]"
EXP-EMBED-C1-FUSED-EQUIV-001,weight,1,7,0.1825152242538629,121.50729241940589,,0.0015020927601931608,0.0015020928,5.1085838033773645e-11,3.400977581917397e-08,"coef[class,feature]/frozen_scale[feature]"
EXP-EMBED-C1-FUSED-EQUIV-001,weight,1,8,-0.13175496320341357,121695.0100987497,,-1.082665288383646e-06,-1.0826653e-06,4.6777790711779814e-14,4.320614248344124e-08,"coef[class,feature]/frozen_scale[feature]"
EXP-EMBED-C1-FUSED-EQUIV-001,weight,1,9,0.09654526103236401,3.6398874407945385,,0.026524243565973972,0.026524244,3.103640330848201e-10,1.170114549404016e-08,"coef[class,feature]/frozen_scale[feature]"
EXP-EMBED-C1-FUSED-EQUIV-001,weight,1,10,-0.19176274516815559,28.50440778144265,,-0.006727476909483442,-0.006727477,1.604607011498893e-10,2.385154245920853e-08,"coef[class,feature]/frozen_scale[feature]"
EXP-EMBED-C1-FUSED-EQUIV-001,weight,1,11,-0.24227934633259895,41.066281640556525,,-0.005899714721026191,-0.005899715,5.063199078753078e-11,8.582108319082231e-09,"coef[class,feature]/frozen_scale[feature]"
EXP-EMBED-C1-FUSED-EQUIV-001,weight,1,12,-0.1983065562509159,47.619283909088075,,-0.00416441701705366,-0.004164417,2.0841866340409743e-10,5.0047500658700696e-08,"coef[class,feature]/frozen_scale[feature]"
EXP-EMBED-C1-FUSED-EQUIV-001,weight,1,13,0.07744407383481139,20.60162944221834,,0.0037591237165011536,0.0037591236,9.871796479224426e-11,2.626089808082377e-08,"coef[class,feature]/frozen_scale[feature]"
EXP-EMBED-C1-FUSED-EQUIV-001,weight,1,14,0.10518160813400187,27.895368644725483,,0.003770576021904978,0.003770576,6.957825721826127e-11,1.845295170129173e-08,"coef[class,feature]/frozen_scale[feature]"
EXP-EMBED-C1-FUSED-EQUIV-001,weight,1,15,0.23046096282469658,81.3575884968824,,0.002832691665062415,0.0028326917,1.4224755054415006e-11,5.021639040301826e-09,"coef[class,feature]/frozen_scale[feature]"
EXP-EMBED-C1-FUSED-EQUIV-001,weight,1,16,-0.28155728558939014,10637.343896389673,,-2.6468758397944717e-05,-2.6468759e-05,3.352998963006802e-13,1.2667760658041144e-08,"coef[class,feature]/frozen_scale[feature]"
EXP-EMBED-C1-FUSED-EQUIV-001,weight,1,17,-0.1761997584223472,4.743102698719503,,-0.037148628147966496,-0.03714863,2.359083969838416e-10,6.3503932377851515e-09,"coef[class,feature]/frozen_scale[feature]"
EXP-EMBED-C1-FUSED-EQUIV-001,weight,1,18,-0.1742033213043129,3.0754733527175047,,-0.056642767250896814,-0.056642767,2.0897519825702204e-10,3.6893536174067022e-09,"coef[class,feature]/frozen_scale[feature]"
EXP-EMBED-C1-FUSED-EQUIV-001,weight,1,19,-0.022264368209385255,5.257797561915241,,-0.0042345426858304315,-0.0042345426,8.129461340211641e-11,1.9197967628037694e-08,"coef[class,feature]/frozen_scale[feature]"
EXP-EMBED-C1-FUSED-EQUIV-001,weight,1,20,-0.009419004402819973,6.655361503473069,,-0.0014152506062825754,-0.0014152506,1.6211493302289992e-11,1.1454856991633842e-08,"coef[class,feature]/frozen_scale[feature]"
EXP-EMBED-C1-FUSED-EQUIV-001,weight,1,21,-0.04964455557290228,2.9434653381860647,,-0.016866023502589013,-0.016866023,7.816560523843386e-10,4.6345011452423904e-08,"coef[class,feature]/frozen_scale[feature]"
EXP-EMBED-C1-FUSED-EQUIV-001,weight,1,22,-0.002394155042633258,4.402392608360524,,-0.0005438304248663672,-0.00054383045,2.5757860362858598e-11,4.7363772207463297e-08,"coef[class,feature]/frozen_scale[feature]"
EXP-EMBED-C1-FUSED-EQUIV-001,weight,1,23,0.03570056699628049,5.702491391963715,,0.006260520979758395,0.006260521,2.0116199418024339e-10,3.2131829735998516e-08,"coef[class,feature]/frozen_scale[feature]"
EXP-EMBED-C1-FUSED-EQUIV-001,weight,1,24,-0.45440163853741,10029.321246450652,,-4.530731715251632e-05,-4.530732e-05,1.7894065406937748e-12,3.94948686692298e-08,"coef[class,feature]/frozen_scale[feature]"
EXP-EMBED-C1-FUSED-EQUIV-001,weight,1,25,-0.2923825468436937,4.337780825262105,,-0.0674037160063353,-0.06740372,2.8228196724544574e-09,4.187928855716411e-08,"coef[class,feature]/frozen_scale[feature]"
EXP-EMBED-C1-FUSED-EQUIV-001,weight,1,26,-0.27994560990889433,3.1595490611038577,,-0.08860302672783603,-0.08860303,4.371000367209277e-10,4.9332404643870465e-09,"coef[class,feature]/frozen_scale[feature]"
EXP-EMBED-C1-FUSED-EQUIV-001,weight,1,27,-0.10109306211907541,5.489608869294815,,-0.018415348802812183,-0.018415349,1.9849070304056582e-10,1.0778547024330844e-08,"coef[class,feature]/frozen_scale[feature]"
EXP-EMBED-C1-FUSED-EQUIV-001,weight,1,28,-0.052622484277469954,7.148990746209918,,-0.007360827023782076,-0.007360827,1.5398090962015498e-10,2.0918968632554262e-08,"coef[class,feature]/frozen_scale[feature]"
EXP-EMBED-C1-FUSED-EQUIV-001,weight,1,29,0.019668653024442193,2.687721613396702,,0.0073179651219849534,0.007317965,2.0307349638676309e-10,2.7749995114991835e-08,"coef[class,feature]/frozen_scale[feature]"
EXP-EMBED-C1-FUSED-EQUIV-001,weight,1,30,0.0722741719941131,4.044780180860998,,0.01786850428512739,0.017868504,3.5694288150200926e-10,1.9976091776137407e-08,"coef[class,feature]/frozen_scale[feature]"
EXP-EMBED-C1-FUSED-EQUIV-001,weight,1,31,0.18393803595633795,4.979130532242132,,0.036941798325080176,0.036941797,1.7838661867108918e-09,4.8288558424071255e-08,"coef[class,feature]/frozen_scale[feature]"
EXP-EMBED-C1-FUSED-EQUIV-001,weight,1,32,0.06676331311384266,2577.8094307440624,,2.5899243100593364e-05,2.5899242e-05,8.54651940852217e-13,3.299910879760947e-08,"coef[class,feature]/frozen_scale[feature]"
EXP-EMBED-C1-FUSED-EQUIV-001,weight,1,33,0.34124265267407716,2.0002931661191585,,0.17059631980652837,0.17059632,3.3497336293653035e-09,1.963543898932992e-08,"coef[class,feature]/frozen_scale[feature]"
EXP-EMBED-C1-FUSED-EQUIV-001,weight,1,34,0.03196752385220941,0.6929177841236928,,0.04613465635412655,0.04613466,1.8036989193892516e-09,3.9096398714757486e-08,"coef[class,feature]/frozen_scale[feature]"
EXP-EMBED-C1-FUSED-EQUIV-001,weight,1,35,0.2338535041883877,1.3015390447893804,,0.17967459764238627,0.1796746,2.0479801465800307e-09,1.1398273175244335e-08,"coef[class,feature]/frozen_scale[feature]"
EXP-EMBED-C1-FUSED-EQUIV-001,weight,1,36,-0.23665456852077585,1.7030976278086734,,-0.13895537440520803,-0.13895537,4.813495074751373e-09,3.4640582239840044e-08,"coef[class,feature]/frozen_scale[feature]"
EXP-EMBED-C1-FUSED-EQUIV-001,weight,1,37,0.01795662602401338,0.7373705688518672,,0.02435224130517304,0.024352241,2.3239847546374648e-12,9.543206826485375e-11,"coef[class,feature]/frozen_scale[feature]"
EXP-EMBED-C1-FUSED-EQUIV-001,weight,1,38,0.036881838455570144,1.1548223662805643,,0.03193723946857615,0.031937238,1.639606193870602e-09,5.1338381812362074e-08,"coef[class,feature]/frozen_scale[feature]"
EXP-EMBED-C1-FUSED-EQUIV-001,weight,1,39,0.16310033500024282,1.610562396008296,,0.10126918112857931,0.10126918,3.0360996078337976e-09,2.99804893650609e-08,"coef[class,feature]/frozen_scale[feature]"
EXP-EMBED-C1-FUSED-EQUIV-001,weight,1,40,0.1215457437390547,2990.9330202099954,,4.063806943109709e-05,4.0638068e-05,1.7006274589514286e-12,4.184813606450688e-08,"coef[class,feature]/frozen_scale[feature]"
EXP-EMBED-C1-FUSED-EQUIV-001,weight,1,41,0.3944316083419956,2.1115146160914633,,0.18680032112309575,0.18680032,5.146952863910315e-09,2.7553233489992926e-08,"coef[class,feature]/frozen_scale[feature]"
EXP-EMBED-C1-FUSED-EQUIV-001,weight,1,42,0.07826528762110851,0.8137646076567749,,0.09617681438183019,0.09617682,3.6313610313198907e-09,3.7757135694919944e-08,"coef[class,feature]/frozen_scale[feature]"
EXP-EMBED-C1-FUSED-EQUIV-001,weight,1,43,0.32129964329871147,1.5625236919745433,,0.2056286537919235,0.20562865,5.391616791916576e-09,2.6220162863938095e-08,"coef[class,feature]/frozen_scale[feature]"
EXP-EMBED-C1-FUSED-EQUIV-001,weight,1,44,0.21633455800384918,2.0370148240513997,,0.10620175928498321,0.10620176,1.1858839465972437e-09,1.1166330525796913e-08,"coef[class,feature]/frozen_scale[feature]"
EXP-EMBED-C1-FUSED-EQUIV-001,weight,1,45,0.016608167426049328,0.8798778821626543,,0.018875536892947083,0.018875537,5.472336958578516e-10,2.8991689029111943e-08,"coef[class,feature]/frozen_scale[feature]"
EXP-EMBED-C1-FUSED-EQUIV-001,weight,1,46,0.026597231263944993,1.403111573157864,,0.01895589187115381,0.018955892,8.076479068863662e-11,4.260669518353853e-09,"coef[class,feature]/frozen_scale[feature]"
EXP-EMBED-C1-FUSED-EQUIV-001,weight,1,47,0.02909292169234349,1.849106912323894,,0.015733498965606323,0.0157335,1.1433638064106688e-10,7.2670663334969555e-09,"coef[class,feature]/frozen_scale[feature]"
EXP-EMBED-C1-FUSED-EQUIV-001,weight,1,48,0.10531469662651968,10744.057568725953,,9.80213443132249e-06,9.802135e-06,1.9621205159768562e-13,2.001727817266968e-08,"coef[class,feature]/frozen_scale[feature]"
EXP-EMBED-C1-FUSED-EQUIV-001,weight,1,49,0.1749755917931256,5.622566196447528,,0.03112023685975976,0.031120237,1.0327391719577861e-10,3.318545345948754e-09,"coef[class,feature]/frozen_scale[feature]"
EXP-EMBED-C1-FUSED-EQUIV-001,weight,1,50,0.038724383875302006,3.3677927587005363,,0.011498446207908535,0.011498447,3.683887483257875e-10,3.203813294986003e-08,"coef[class,feature]/frozen_scale[feature]"
EXP-EMBED-C1-FUSED-EQUIV-001,weight,1,51,0.23036285366978326,6.532572452279063,,0.03526372732221516,0.03526373,1.0281857656946336e-09,2.9157035962188415e-08,"coef[class,feature]/frozen_scale[feature]"
EXP-EMBED-C1-FUSED-EQUIV-001,weight,1,52,0.22541887145477532,8.58322849054793,,0.02626271358184305,0.026262714,1.4381735385926575e-11,5.476104112817005e-10,"coef[class,feature]/frozen_scale[feature]"
EXP-EMBED-C1-FUSED-EQUIV-001,weight,1,53,-0.2929465510655542,3.364873474528251,,-0.08706019803809256,-0.0870602,1.497355017754387e-10,1.7199076633150204e-09,"coef[class,feature]/frozen_scale[feature]"
EXP-EMBED-C1-FUSED-EQUIV-001,weight,1,54,-0.22259666555524826,5.528884025825645,,-0.040260686336607905,-0.040260687,1.133828191057784e-09,2.8162167469729054e-08,"coef[class,feature]/frozen_scale[feature]"
EXP-EMBED-C1-FUSED-EQUIV-001,weight,1,55,-0.07868223729571516,7.154875525401663,,-0.010997009943271943,-0.01099701,4.5165889604736886e-10,4.1071063714341485e-08,"coef[class,feature]/frozen_scale[feature]"
EXP-EMBED-C1-FUSED-EQUIV-001,weight,1,56,0.046649134472277344,10803.627520998441,,4.317913995239829e-06,4.317914e-06,1.32334130836082e-13,3.0647699556306654e-08,"coef[class,feature]/frozen_scale[feature]"
EXP-EMBED-C1-FUSED-EQUIV-001,weight,1,57,0.0820037461342453,5.630360877937785,,0.014564563073669367,0.0145645635,4.4658333801794736e-10,3.066232304800861e-08,"coef[class,feature]/frozen_scale[feature]"
EXP-EMBED-C1-FUSED-EQUIV-001,weight,1,58,-0.00526213463879491,3.544394617477665,,-0.0014846356590338292,-0.0014846356,2.3754710221438047e-11,1.6000363507971463e-08,"coef[class,feature]/frozen_scale[feature]"
EXP-EMBED-C1-FUSED-EQUIV-001,weight,1,59,0.20644891488175582,6.96123399867767,,0.029656942277902464,0.029656943,6.558953727364703e-10,2.211608218373818e-08,"coef[class,feature]/frozen_scale[feature]"
EXP-EMBED-C1-FUSED-EQUIV-001,weight,1,60,0.18282539063543254,9.058947581374015,,0.02018174727176228,0.020181747,1.1836090441086355e-10,5.8647501039947485e-09,"coef[class,feature]/frozen_scale[feature]"
EXP-EMBED-C1-FUSED-EQUIV-001,weight,1,61,-0.25390928141793967,3.4269819201833402,,-0.07409122292782792,-0.074091226,2.9346751279080152e-09,3.96089443788325e-08,"coef[class,feature]/frozen_scale[feature]"
EXP-EMBED-C1-FUSED-EQUIV-001,weight,1,62,-0.19963044265886984,5.740604645051394,,-0.0347751595872324,-0.03477516,6.658155415895095e-10,1.9146297227460077e-08,"coef[class,feature]/frozen_scale[feature]"
EXP-EMBED-C1-FUSED-EQUIV-001,weight,1,63,-0.03811542540971079,7.328726560980533,,-0.005200825149166325,-0.005200825,1.679088725697886e-11,3.2285044729239516e-09,"coef[class,feature]/frozen_scale[feature]"
EXP-EMBED-C1-FUSED-EQUIV-001,weight,1,64,-0.20361554292523573,111976.65547235454,,-1.8183749288306396e-06,-1.8183749e-06,2.6426684682922955e-15,1.453313299909905e-09,"coef[class,feature]/frozen_scale[feature]"
EXP-EMBED-C1-FUSED-EQUIV-001,weight,1,65,-0.2755358551759726,3.9116326082044526,,-0.07044011612901734,-0.07044011,2.584553224216357e-09,3.6691495787464604e-08,"coef[class,feature]/frozen_scale[feature]"
EXP-EMBED-C1-FUSED-EQUIV-001,weight,1,66,-0.21998426496156395,26.12219812552033,,-0.008421353513380187,-0.008421353,4.4890274310260825e-10,5.330529616045371e-08,"coef[class,feature]/frozen_scale[feature]"
EXP-EMBED-C1-FUSED-EQUIV-001,weight,1,67,-0.22010133089866726,36.229715545522986,,-0.006075160336881691,-0.00607516,2.246497215682708e-10,3.697840206857501e-08,"coef[class,feature]/frozen_scale[feature]"
EXP-EMBED-C1-FUSED-EQUIV-001,weight,1,68,-0.18192105694538627,41.77334725360916,,-0.004354955226377473,-0.004354955,6.352447040613995e-11,1.4586710334328904e-08,"coef[class,feature]/frozen_scale[feature]"
EXP-EMBED-C1-FUSED-EQUIV-001,weight,1,69,0.1294314009564296,18.917897499780477,,0.006841743431474429,0.0068417434,6.654427616575864e-11,9.726216253540221e-09,"coef[class,feature]/frozen_scale[feature]"
EXP-EMBED-C1-FUSED-EQUIV-001,weight,1,70,0.1423071828617891,25.174862588827978,,0.0056527491405232826,0.005652749,1.6089519647155548e-10,2.8463176495509792e-08,"coef[class,feature]/frozen_scale[feature]"
EXP-EMBED-C1-FUSED-EQUIV-001,weight,1,71,0.27872831489391175,67.75158451576067,,0.004113974852190693,0.004113975,1.2881926688551593e-10,3.131260435802606e-08,"coef[class,feature]/frozen_scale[feature]"
EXP-EMBED-C1-FUSED-EQUIV-001,weight,1,72,-0.11676504277164983,116872.6030164394,,-9.990796795654972e-07,-9.990797e-07,2.2958389060502896e-14,2.297953759853025e-08,"coef[class,feature]/frozen_scale[feature]"
EXP-EMBED-C1-FUSED-EQUIV-001,weight,1,73,-0.21310810083037332,3.854133240842415,,-0.0552933921879134,-0.055293392,2.020993442042318e-10,3.6550360939585977e-09,"coef[class,feature]/frozen_scale[feature]"
EXP-EMBED-C1-FUSED-EQUIV-001,weight,1,74,-0.14714459973838162,26.62024691814763,,-0.005527544511169421,-0.0055275443,2.1016620301711475e-10,3.802162110000838e-08,"coef[class,feature]/frozen_scale[feature]"
EXP-EMBED-C1-FUSED-EQUIV-001,weight,1,75,-0.1251876519940797,36.37009512853772,,-0.0034420490667304154,-0.003442049,4.024115762835123e-11,1.1691047061852636e-08,"coef[class,feature]/frozen_scale[feature]"
EXP-EMBED-C1-FUSED-EQUIV-001,weight,1,76,-0.12053781661182215,41.72385469182667,,-0.002888942488706213,-0.0028889426,1.1431564722608201e-10,3.9570066788445224e-08,"coef[class,feature]/frozen_scale[feature]"
EXP-EMBED-C1-FUSED-EQUIV-001,weight,1,77,-0.014308684011990367,19.56490873622848,,-0.0007313442758613473,-0.0007313443,7.121616664440555e-13,9.737707533231196e-10,"coef[class,feature]/frozen_scale[feature]"
EXP-EMBED-C1-FUSED-EQUIV-001,weight,1,78,-0.0020140106403336196,26.157882103731428,,-7.69944077409203e-05,-7.699441e-05,1.2870547591017564e-12,1.6716210915376965e-08,"coef[class,feature]/frozen_scale[feature]"
EXP-EMBED-C1-FUSED-EQUIV-001,weight,1,79,0.18675458651480698,74.06107722921303,,0.0025216293564947305,0.0025216294,8.876007220881554e-11,3.5199491939687463e-08,"coef[class,feature]/frozen_scale[feature]"
EXP-EMBED-C1-FUSED-EQUIV-001,weight,1,80,-0.3841138335761545,11497.581800944647,,-3.340822794099152e-05,-3.340823e-05,8.326321877523239e-13,2.4922967755817233e-08,"coef[class,feature]/frozen_scale[feature]"
EXP-EMBED-C1-FUSED-EQUIV-001,weight,1,81,-0.23365902798438148,4.651545116421973,,-0.05023256189851061,-0.050232563,1.2692998319074889e-09,2.5268466985059813e-08,"coef[class,feature]/frozen_scale[feature]"
EXP-EMBED-C1-FUSED-EQUIV-001,weight,1,82,-0.18642735506697283,3.46153800176168,,-0.0538567986172893,-0.053856798,1.1009433226183418e-09,2.0442049116987675e-08,"coef[class,feature]/frozen_scale[feature]"
EXP-EMBED-C1-FUSED-EQUIV-001,weight,1,83,-0.02562823626777112,6.016800785858034,,-0.0042594457054333686,-0.0042594457,9.13619874198801e-13,2.1449266815007956e-10,"coef[class,feature]/frozen_scale[feature]"
EXP-EMBED-C1-FUSED-EQUIV-001,weight,1,84,0.030077443483942194,7.32741238208222,,0.004104783778444189,0.0041047838,1.992310916937301e-11,4.853631821972446e-09,"coef[class,feature]/frozen_scale[feature]"
EXP-EMBED-C1-FUSED-EQUIV-001,weight,1,85,-0.007263963325729977,3.154181219455131,,-0.00230296321623042,-0.0023029633,7.040783971470899e-11,3.057271571621334e-08,"coef[class,feature]/frozen_scale[feature]"
EXP-EMBED-C1-FUSED-EQUIV-001,weight,1,86,0.014544833548612876,4.7364641351152255,,0.0030708210035372808,0.003070821,5.07425234642922e-11,1.6524090269619053e-08,"coef[class,feature]/frozen_scale[feature]"
EXP-EMBED-C1-FUSED-EQUIV-001,weight,1,87,0.21291181673292006,6.168467452238101,,0.03451616116668808,0.03451616,1.721640698060245e-09,4.9879263506331613e-08,"coef[class,feature]/frozen_scale[feature]"
EXP-EMBED-C1-FUSED-EQUIV-001,weight,1,88,-0.4244992519197311,8564.421792151703,,-4.956543036083712e-05,-4.956543e-05,8.936131118387168e-13,1.8028959000924618e-08,"coef[class,feature]/frozen_scale[feature]"
EXP-EMBED-C1-FUSED-EQUIV-001,weight,1,89,-0.15931380633227143,4.45787824966158,,-0.035737585777351755,-0.035737585,5.00986474527565e-10,1.4018475608530301e-08,"coef[class,feature]/frozen_scale[feature]"
EXP-EMBED-C1-FUSED-EQUIV-001,weight,1,90,-0.25611542486056693,2.755135361534976,,-0.09295928920090397,-0.09295929,3.0320862903776558e-09,3.261735665625303e-08,"coef[class,feature]/frozen_scale[feature]"
EXP-EMBED-C1-FUSED-EQUIV-001,weight,1,91,-0.08767030568017593,4.645099654104143,,-0.018873719017570588,-0.01887372,4.809445411368962e-10,2.548223488381693e-08,"coef[class,feature]/frozen_scale[feature]"
EXP-EMBED-C1-FUSED-EQUIV-001,weight,1,92,-0.01994571286646129,6.129894947566944,,-0.003253842527004165,-0.0032538425,5.5836719796420464e-11,1.7160240341387914e-08,"coef[class,feature]/frozen_scale[feature]"
EXP-EMBED-C1-FUSED-EQUIV-001,weight,1,93,0.023219239864916415,2.1633991684316607,,0.010732758061356297,0.010732758,2.0242427872796398e-10,1.8860415707757382e-08,"coef[class,feature]/frozen_scale[feature]"
EXP-EMBED-C1-FUSED-EQUIV-001,weight,1,94,0.018568528100257508,3.2501974402617546,,0.005713046189206921,0.005713046,1.264692179106519e-10,2.213691500509437e-08,"coef[class,feature]/frozen_scale[feature]"
EXP-EMBED-C1-FUSED-EQUIV-001,weight,1,95,-0.053042424829736395,4.725895581999588,,-0.011223782648048575,-0.011223783,1.3718826075148627e-10,1.2222996921215196e-08,"coef[class,feature]/frozen_scale[feature]"
EXP-EMBED-C1-FUSED-EQUIV-001,weight,1,96,0.21130254247539165,2694.4732945222427,,7.842072248589783e-05,7.842072e-05,2.1085679046978917e-13,2.6887891846151622e-09,"coef[class,feature]/frozen_scale[feature]"
EXP-EMBED-C1-FUSED-EQUIV-001,weight,1,97,0.40635593701992245,1.6877778328373438,,0.24076387846426003,0.24076387,5.6023978511898775e-09,2.3269262345022075e-08,"coef[class,feature]/frozen_scale[feature]"
EXP-EMBED-C1-FUSED-EQUIV-001,weight,1,98,0.16477957248036115,0.7777026931214807,,0.2118799046702309,0.21187991,4.368312794822415e-09,2.061692826236278e-08,"coef[class,feature]/frozen_scale[feature]"
EXP-EMBED-C1-FUSED-EQUIV-001,weight,1,99,0.5061208424590783,1.6764571665688655,,0.3018990598459098,0.30189905,1.414011452371966e-08,4.683722609449933e-08,"coef[class,feature]/frozen_scale[feature]"
EXP-EMBED-C1-FUSED-EQUIV-001,weight,1,100,0.42302493973395755,2.0194083930480877,,0.2094796382892344,0.20947964,6.60536550456392e-09,3.1532255633570016e-08,"coef[class,feature]/frozen_scale[feature]"
EXP-EMBED-C1-FUSED-EQUIV-001,weight,1,101,-0.07284394950580174,0.8156588670555229,,-0.08930688115825161,-0.08930688,2.355675848830785e-09,2.6377316263643025e-08,"coef[class,feature]/frozen_scale[feature]"
EXP-EMBED-C1-FUSED-EQUIV-001,weight,1,102,-0.07112840122550255,1.3831542652115445,,-0.05142477814260575,-0.05142478,8.552923508320376e-10,1.663191134165385e-08,"coef[class,feature]/frozen_scale[feature]"
EXP-EMBED-C1-FUSED-EQUIV-001,weight,1,103,0.12129230005709735,1.8379944113100042,,0.06599165879435291,0.06599166,3.6483312620960717e-09,5.528473338524822e-08,"coef[class,feature]/frozen_scale[feature]"
EXP-EMBED-C1-FUSED-EQUIV-001,weight,1,104,0.3436311392487686,2736.173682049294,,0.0001255882042514938,0.00012558821,4.651133428054677e-12,3.7034795232366374e-08,"coef[class,feature]/frozen_scale[feature]"
EXP-EMBED-C1-FUSED-EQUIV-001,weight,1,105,0.552789325579244,1.6499788203059058,,0.33502813416523547,0.33502814,7.571748783519183e-09,2.2600337139999133e-08,"coef[class,feature]/frozen_scale[feature]"
EXP-EMBED-C1-FUSED-EQUIV-001,weight,1,106,0.33881373659819325,0.7990250134026983,,0.4240339550264311,0.42403397,1.4614300714033135e-08,3.446493032172904e-08,"coef[class,feature]/frozen_scale[feature]"
EXP-EMBED-C1-FUSED-EQUIV-001,weight,1,107,0.6067568469348517,1.7504571127280775,,0.34662765658349926,0.34662765,3.9383881711430035e-09,1.136201366608e-08,"coef[class,feature]/frozen_scale[feature]"
EXP-EMBED-C1-FUSED-EQUIV-001,weight,1,108,0.29494922777070215,2.241659233499318,,0.13157629998484419,0.1315763,3.17485787659777e-10,2.412940534855799e-09,"coef[class,feature]/frozen_scale[feature]"
EXP-EMBED-C1-FUSED-EQUIV-001,weight,1,109,-0.20056872565804865,0.8078617581602229,,-0.24827109791013272,-0.2482711,5.137648889652624e-09,2.069370511871789e-08,"coef[class,feature]/frozen_scale[feature]"
EXP-EMBED-C1-FUSED-EQUIV-001,weight,1,110,-0.19748752911116166,1.3606105643357003,,-0.14514625587049024,-0.14514625,5.145697756780976e-09,3.54518118701755e-08,"coef[class,feature]/frozen_scale[feature]"
EXP-EMBED-C1-FUSED-EQUIV-001,weight,1,111,0.3266195305120299,1.6206351884688823,,0.20153797278745272,0.20153797,6.0592422745919805e-09,3.00650154945352e-08,"coef[class,feature]/frozen_scale[feature]"
EXP-EMBED-C1-FUSED-EQUIV-001,weight,1,112,-0.11397041660848828,12430.306290422031,,-9.16875368520133e-06,-9.168753e-06,2.629284729391626e-13,2.867657720629335e-08,"coef[class,feature]/frozen_scale[feature]"
EXP-EMBED-C1-FUSED-EQUIV-001,weight,1,113,0.06256650628204989,6.224096665144418,,0.010052303112904523,0.010052303,2.606315354508615e-10,2.592754441678931e-08,"coef[class,feature]/frozen_scale[feature]"
EXP-EMBED-C1-FUSED-EQUIV-001,weight,1,114,-0.11508524611547177,4.117345706627781,,-0.027951319688851128,-0.027951319,9.182040787425461e-10,3.2850115449425014e-08,"coef[class,feature]/frozen_scale[feature]"
EXP-EMBED-C1-FUSED-EQUIV-001,weight,1,115,0.14339030726899735,8.191023721125132,,0.017505785864004433,0.017505785,4.136651160502325e-10,2.3630193997792165e-08,"coef[class,feature]/frozen_scale[feature]"
EXP-EMBED-C1-FUSED-EQUIV-001,weight,1,116,0.168616954181776,9.058808643350943,,0.018613590464297843,0.01861359,5.367437119763174e-10,2.8836119125207417e-08,"coef[class,feature]/frozen_scale[feature]"
EXP-EMBED-C1-FUSED-EQUIV-001,weight,1,117,-0.1300103283387162,4.003117611885722,,-0.03247726920455707,-0.03247727,1.607239119572057e-09,4.948812381511855e-08,"coef[class,feature]/frozen_scale[feature]"
EXP-EMBED-C1-FUSED-EQUIV-001,weight,1,118,-0.07434539598307463,6.939663836047355,,-0.010713112009388017,-0.010713112,4.001675119741366e-10,3.735305965469841e-08,"coef[class,feature]/frozen_scale[feature]"
EXP-EMBED-C1-FUSED-EQUIV-001,weight,1,119,-0.018452689089239145,8.607031875668532,,-0.002143908533835408,-0.0021439085,8.949634436317133e-12,4.174447881088669e-09,"coef[class,feature]/frozen_scale[feature]"
EXP-EMBED-C1-FUSED-EQUIV-001,weight,1,120,-0.08797389446147172,10191.66351372981,,-8.631946525997127e-06,-8.631947e-06,3.8592180395379677e-13,4.470854896882215e-08,"coef[class,feature]/frozen_scale[feature]"
EXP-EMBED-C1-FUSED-EQUIV-001,weight,1,121,0.1699740979775902,5.715248685206965,,0.029740455287193678,0.029740455,6.581300712737992e-10,2.2129118902802805e-08,"coef[class,feature]/frozen_scale[feature]"
EXP-EMBED-C1-FUSED-EQUIV-001,weight,1,122,-0.0678814045698257,3.3637688518166087,,-0.02018016325145714,-0.020180164,6.535673877094972e-10,3.238662539869717e-08,"coef[class,feature]/frozen_scale[feature]"
EXP-EMBED-C1-FUSED-EQUIV-001,weight,1,123,0.17535536594835913,6.7426298752223355,,0.026006968971076266,0.026006969,2.7913119038380785e-10,1.0732938186462424e-08,"coef[class,feature]/frozen_scale[feature]"
EXP-EMBED-C1-FUSED-EQUIV-001,weight,1,124,0.13490094866466365,7.439912799713269,,0.01813206045504494,0.01813206,3.1117515161827036e-10,1.7161599057634464e-08,"coef[class,feature]/frozen_scale[feature]"
EXP-EMBED-C1-FUSED-EQUIV-001,weight,1,125,-0.18304052090681142,3.2389606873236665,,-0.05651211563733325,-0.056512117,1.7485310074838445e-09,3.0940816633110144e-08,"coef[class,feature]/frozen_scale[feature]"
EXP-EMBED-C1-FUSED-EQUIV-001,weight,1,126,-0.14396953704531132,5.505298424010391,,-0.02615108681800309,-0.026151087,3.1707343348119643e-10,1.2124675187989313e-08,"coef[class,feature]/frozen_scale[feature]"
EXP-EMBED-C1-FUSED-EQUIV-001,weight,1,127,-0.004293970179206844,7.113110886285268,,-0.0006036697934072719,-0.0006036698,4.718850635763994e-12,7.816940133992051e-09,"coef[class,feature]/frozen_scale[feature]"
EXP-EMBED-C1-FUSED-EQUIV-001,bias,1,-1,,,4.466457364251386,0.49616949801574206,0.4961695,9.487767460569785e-09,1.9122028860123047e-08,"intercept[class]-sum(coef[class,:]*mean/scale)"
EXP-EMBED-C1-FUSED-EQUIV-001,weight,2,0,-0.30384333968425126,154334.58980382542,,-1.96873131337872e-06,-1.9687313e-06,2.6351136543807923e-14,1.338483131991451e-08,"coef[class,feature]/frozen_scale[feature]"
EXP-EMBED-C1-FUSED-EQUIV-001,weight,2,1,-0.5720577679693892,4.882982232582464,,-0.11715335848495294,-0.11715336,2.9547519569961267e-09,2.5221231343321944e-08,"coef[class,feature]/frozen_scale[feature]"
EXP-EMBED-C1-FUSED-EQUIV-001,weight,2,2,-0.19577211699479524,34.37264409500996,,-0.005695579206931491,-0.005695579,9.908070110892231e-11,1.739607114731046e-08,"coef[class,feature]/frozen_scale[feature]"
EXP-EMBED-C1-FUSED-EQUIV-001,weight,2,3,-0.16845811052945,46.115512234263214,,-0.003652959760561607,-0.0036529598,6.863472680820881e-11,1.8788799030640536e-08,"coef[class,feature]/frozen_scale[feature]"
EXP-EMBED-C1-FUSED-EQUIV-001,weight,2,4,-0.15280192123628217,56.55376812499446,,-0.00270188753645135,-0.0027018876,9.16122095719063e-11,3.390674420602623e-08,"coef[class,feature]/frozen_scale[feature]"
EXP-EMBED-C1-FUSED-EQUIV-001,weight,2,5,0.2701708076458717,28.66768560512019,,0.009424228079214662,0.009424228,1.419633924304442e-10,1.506366264029067e-08,"coef[class,feature]/frozen_scale[feature]"
EXP-EMBED-C1-FUSED-EQUIV-001,weight,2,6,0.23344831459254234,40.397114685636396,,0.005778836345347883,0.0057788366,2.0670580698489704e-10,3.5769451604439484e-08,"coef[class,feature]/frozen_scale[feature]"
EXP-EMBED-C1-FUSED-EQUIV-001,weight,2,7,0.09706399778597034,121.50729241940589,,0.0007988326943450868,0.0007988327,1.09867453676471e-11,1.3753499882293185e-08,"coef[class,feature]/frozen_scale[feature]"
EXP-EMBED-C1-FUSED-EQUIV-001,weight,2,8,-0.3449212886742223,121695.0100987497,,-2.834309216083183e-06,-2.8343093e-06,5.4755092587153954e-14,1.931867288030826e-08,"coef[class,feature]/frozen_scale[feature]"
EXP-EMBED-C1-FUSED-EQUIV-001,weight,2,9,-0.6245706467568423,3.6398874407945385,,-0.17159064858898682,-0.17159064,7.448049010871927e-09,4.340591443716918e-08,"coef[class,feature]/frozen_scale[feature]"
EXP-EMBED-C1-FUSED-EQUIV-001,weight,2,10,-0.20801975605319267,28.50440778144265,,-0.007297810136880679,-0.00729781,3.019352476374415e-11,4.137340407248501e-09,"coef[class,feature]/frozen_scale[feature]"
EXP-EMBED-C1-FUSED-EQUIV-001,weight,2,11,-0.15761145299185988,41.066281640556525,,-0.003837977208927649,-0.0038379773,9.426437061477166e-11,2.4560951116515263e-08,"coef[class,feature]/frozen_scale[feature]"
EXP-EMBED-C1-FUSED-EQUIV-001,weight,2,12,-0.1355290578540453,47.619283909088075,,-0.0028460960923475742,-0.0028460962,8.43065261699194e-11,2.96218129797508e-08,"coef[class,feature]/frozen_scale[feature]"
EXP-EMBED-C1-FUSED-EQUIV-001,weight,2,13,0.3307815316523665,20.60162944221834,,0.01605608588292076,0.016056085,8.775181935261056e-10,5.465330715872308e-08,"coef[class,feature]/frozen_scale[feature]"
EXP-EMBED-C1-FUSED-EQUIV-001,weight,2,14,0.2969376881472947,27.895368644725483,,0.01064469489287213,0.010644695,1.0262802760396816e-10,9.641237126739033e-09,"coef[class,feature]/frozen_scale[feature]"
EXP-EMBED-C1-FUSED-EQUIV-001,weight,2,15,0.12356273468431789,81.3575884968824,,0.0015187610273017468,0.001518761,1.3341110768200215e-11,8.784206684511934e-09,"coef[class,feature]/frozen_scale[feature]"
EXP-EMBED-C1-FUSED-EQUIV-001,weight,2,16,0.1292911115900319,10637.343896389673,,1.2154454424841285e-05,1.2154454e-05,2.7842864054909364e-14,2.2907539147132834e-09,"coef[class,feature]/frozen_scale[feature]"
EXP-EMBED-C1-FUSED-EQUIV-001,weight,2,17,0.41215246093514013,4.743102698719503,,0.08689511636473927,0.086895116,6.911972522116727e-10,7.954385483649e-09,"coef[class,feature]/frozen_scale[feature]"
EXP-EMBED-C1-FUSED-EQUIV-001,weight,2,18,0.33539182897857256,3.0754733527175047,,0.10905372621168008,0.10905372,2.6976000322420646e-09,2.473643153656075e-08,"coef[class,feature]/frozen_scale[feature]"
EXP-EMBED-C1-FUSED-EQUIV-001,weight,2,19,0.22945352537478375,5.257797561915241,,0.04364061618439365,0.043640617,1.0968048483328552e-09,2.5132661823530445e-08,"coef[class,feature]/frozen_scale[feature]"
EXP-EMBED-C1-FUSED-EQUIV-001,weight,2,20,0.1440135313447732,6.655361503473069,,0.021638724097800013,0.021638725,8.551361597997076e-10,3.951878844310642e-08,"coef[class,feature]/frozen_scale[feature]"
EXP-EMBED-C1-FUSED-EQUIV-001,weight,2,21,-0.36742346187051217,2.9434653381860647,,-0.1248268349227241,-0.12482683,1.3169578066962728e-09,1.0550277971171463e-08,"coef[class,feature]/frozen_scale[feature]"
EXP-EMBED-C1-FUSED-EQUIV-001,weight,2,22,-0.36228282560169345,4.402392608360524,,-0.0822922573769743,-0.08229226,1.3624971290093768e-09,1.655680828838958e-08,"coef[class,feature]/frozen_scale[feature]"
EXP-EMBED-C1-FUSED-EQUIV-001,weight,2,23,-0.06544372781183898,5.702491391963715,,-0.0114763396055391,-0.01147634,1.6680453546191742e-10,1.4534646167268225e-08,"coef[class,feature]/frozen_scale[feature]"
EXP-EMBED-C1-FUSED-EQUIV-001,weight,2,24,-0.005742291912188506,10029.321246450652,,-5.725504020743863e-07,-5.725504e-07,1.0976338492158237e-14,1.9170955871116793e-08,"coef[class,feature]/frozen_scale[feature]"
EXP-EMBED-C1-FUSED-EQUIV-001,weight,2,25,0.3152060548473218,4.337780825262105,,0.07266527921642418,0.07266528,2.377375407647264e-09,3.271680000797296e-08,"coef[class,feature]/frozen_scale[feature]"
EXP-EMBED-C1-FUSED-EQUIV-001,weight,2,26,0.29340540011258526,3.1595490611038577,,0.0928630619238043,0.09286306,1.389803896967301e-09,1.4966164890273148e-08,"coef[class,feature]/frozen_scale[feature]"
EXP-EMBED-C1-FUSED-EQUIV-001,weight,2,27,0.19840836609476756,5.489608869294815,,0.03614253234042423,0.03614253,5.580355413870031e-10,1.5439857288662054e-08,"coef[class,feature]/frozen_scale[feature]"
EXP-EMBED-C1-FUSED-EQUIV-001,weight,2,28,0.110116478520063,7.148990746209918,,0.01540308029891379,0.015403081,4.327165344791828e-10,2.809285714817039e-08,"coef[class,feature]/frozen_scale[feature]"
EXP-EMBED-C1-FUSED-EQUIV-001,weight,2,29,-0.3460855133785051,2.687721613396702,,-0.12876538688139189,-0.12876539,2.441842672507022e-09,1.896350200660871e-08,"coef[class,feature]/frozen_scale[feature]"
EXP-EMBED-C1-FUSED-EQUIV-001,weight,2,30,-0.3592980840069413,4.044780180860998,,-0.08883006441414543,-0.08883006,3.15725989796789e-09,3.554269513132452e-08,"coef[class,feature]/frozen_scale[feature]"
EXP-EMBED-C1-FUSED-EQUIV-001,weight,2,31,-0.2001394657136963,4.979130532242132,,-0.04019566557207174,-0.040195666,6.814949993216857e-10,1.6954439978105342e-08,"coef[class,feature]/frozen_scale[feature]"
EXP-EMBED-C1-FUSED-EQUIV-001,weight,2,32,-0.4170777685952527,2577.8094307440624,,-0.00016179542351773724,-0.00016179543,2.293113913814579e-12,1.4172921977383313e-08,"coef[class,feature]/frozen_scale[feature]"
EXP-EMBED-C1-FUSED-EQUIV-001,weight,2,33,-0.5375321884119124,2.0002931661191585,,-0.26872670342357774,-0.2687267,3.0812440376948302e-09,1.146608803084988e-08,"coef[class,feature]/frozen_scale[feature]"
EXP-EMBED-C1-FUSED-EQUIV-001,weight,2,34,-0.003809431207941731,0.6929177841236928,,-0.0054976669602431645,-0.005497667,4.690510133076309e-11,8.531819346272014e-09,"coef[class,feature]/frozen_scale[feature]"
EXP-EMBED-C1-FUSED-EQUIV-001,weight,2,35,-0.058944253017940186,1.3015390447893804,,-0.045288117366835315,-0.045288116,1.6270129271633849e-09,3.5925823853187006e-08,"coef[class,feature]/frozen_scale[feature]"
EXP-EMBED-C1-FUSED-EQUIV-001,weight,2,36,0.13930002638447275,1.7030976278086734,,0.08179215572257363,0.08179215,2.3045095137730343e-09,2.81751898261439e-08,"coef[class,feature]/frozen_scale[feature]"
EXP-EMBED-C1-FUSED-EQUIV-001,weight,2,37,0.15297103314762125,0.7373705688518672,,0.20745475831210194,0.20745476,2.409811600267986e-09,1.1616082561203942e-08,"coef[class,feature]/frozen_scale[feature]"
EXP-EMBED-C1-FUSED-EQUIV-001,weight,2,38,0.05663126268839242,1.1548223662805643,,0.049038938231504466,0.04903894,9.46485494146554e-10,1.9300693046785746e-08,"coef[class,feature]/frozen_scale[feature]"
EXP-EMBED-C1-FUSED-EQUIV-001,weight,2,39,0.19719498083434867,1.610562396008296,,0.12243858500799923,0.12243859,2.2403261190628854e-09,1.8297549901581427e-08,"coef[class,feature]/frozen_scale[feature]"
EXP-EMBED-C1-FUSED-EQUIV-001,weight,2,40,-0.40591488451800595,2990.9330202099954,,-0.0001357151369740491,-0.00013571513,2.881442507556356e-12,2.123154846100427e-08,"coef[class,feature]/frozen_scale[feature]"
EXP-EMBED-C1-FUSED-EQUIV-001,weight,2,41,-0.5016252420005881,2.1115146160914633,,-0.2375665497069235,-0.23756655,4.101264022837725e-09,1.726364266306554e-08,"coef[class,feature]/frozen_scale[feature]"
EXP-EMBED-C1-FUSED-EQUIV-001,weight,2,42,0.0020431286724427516,0.8137646076567749,,0.0025107121312708783,0.002510712,1.1489700553826698e-10,4.576271572803057e-08,"coef[class,feature]/frozen_scale[feature]"
EXP-EMBED-C1-FUSED-EQUIV-001,weight,2,43,-0.08697306483000708,1.5625236919745433,,-0.05566191749713581,-0.055661917,7.643477240026897e-10,1.37319689721796e-08,"coef[class,feature]/frozen_scale[feature]"
EXP-EMBED-C1-FUSED-EQUIV-001,weight,2,44,-0.09116396359327288,2.0370148240513997,,-0.044753706510568106,-0.044753708,1.4347787263835343e-09,3.205943905550542e-08,"coef[class,feature]/frozen_scale[feature]"
EXP-EMBED-C1-FUSED-EQUIV-001,weight,2,45,0.14419651721833157,0.8798778821626543,,0.16388242066491154,0.16388242,1.1979391922878335e-09,7.309747973135237e-09,"coef[class,feature]/frozen_scale[feature]"
EXP-EMBED-C1-FUSED-EQUIV-001,weight,2,46,0.06537885261367643,1.403111573157864,,0.04659561923969724,0.046595618,1.110920688773831e-09,2.3841741067095418e-08,"coef[class,feature]/frozen_scale[feature]"
EXP-EMBED-C1-FUSED-EQUIV-001,weight,2,47,0.1440528673809623,1.849106912323894,,0.07790402297502723,0.07790402,2.5504860723390976e-10,3.273882368252891e-09,"coef[class,feature]/frozen_scale[feature]"
EXP-EMBED-C1-FUSED-EQUIV-001,weight,2,48,0.021840244877983552,10744.057568725953,,2.0327743720916604e-06,2.0327743e-06,5.3441761226172583e-14,2.629006050050833e-08,"coef[class,feature]/frozen_scale[feature]"
EXP-EMBED-C1-FUSED-EQUIV-001,weight,2,49,0.47952488876317634,5.622566196447528,,0.0852857702353334,0.08528577,2.3224687173417635e-09,2.723160863686001e-08,"coef[class,feature]/frozen_scale[feature]"
EXP-EMBED-C1-FUSED-EQUIV-001,weight,2,50,0.27717038593519383,3.3677927587005363,,0.08230030937002789,0.08230031,3.447068824824484e-09,4.188403240777898e-08,"coef[class,feature]/frozen_scale[feature]"
EXP-EMBED-C1-FUSED-EQUIV-001,weight,2,51,0.1261538768362904,6.532572452279063,,0.01931151590860324,0.019311516,2.9421286587560935e-10,1.5235099474740777e-08,"coef[class,feature]/frozen_scale[feature]"
EXP-EMBED-C1-FUSED-EQUIV-001,weight,2,52,0.03746920578837218,8.58322849054793,,0.004365397685688343,0.0043653976,6.846746433697426e-11,1.5684129893008408e-08,"coef[class,feature]/frozen_scale[feature]"
EXP-EMBED-C1-FUSED-EQUIV-001,weight,2,53,-0.2679998009688515,3.364873474528251,,-0.07964632340490145,-0.07964633,3.1966038288588905e-09,4.013498291199429e-08,"coef[class,feature]/frozen_scale[feature]"
EXP-EMBED-C1-FUSED-EQUIV-001,weight,2,54,-0.30060998519418547,5.528884025825645,,-0.05437082488799255,-0.054370824,6.403939045718232e-10,1.1778263542829752e-08,"coef[class,feature]/frozen_scale[feature]"
EXP-EMBED-C1-FUSED-EQUIV-001,weight,2,55,-0.16981814853557917,7.154875525401663,,-0.023734605575272513,-0.023734605,6.354541302877603e-10,2.6773317478247762e-08,"coef[class,feature]/frozen_scale[feature]"
EXP-EMBED-C1-FUSED-EQUIV-001,weight,2,56,-0.018668467085837297,10803.627520998441,,-1.7279813701048449e-06,-1.7279814e-06,1.454229214295727e-14,8.415769055470153e-09,"coef[class,feature]/frozen_scale[feature]"
EXP-EMBED-C1-FUSED-EQUIV-001,weight,2,57,0.5115807599023426,5.630360877937785,,0.09086109593915012,0.0908611,1.039037439420909e-09,1.1435449118033472e-08,"coef[class,feature]/frozen_scale[feature]"
EXP-EMBED-C1-FUSED-EQUIV-001,weight,2,58,0.25332181351952626,3.544394617477665,,0.07147110885181299,0.07147111,1.134492250143282e-09,1.5873438489607308e-08,"coef[class,feature]/frozen_scale[feature]"
EXP-EMBED-C1-FUSED-EQUIV-001,weight,2,59,0.07893830528127754,6.96123399867767,,0.011339700015295042,0.0113397,1.658086914296808e-10,1.462196453222195e-08,"coef[class,feature]/frozen_scale[feature]"
EXP-EMBED-C1-FUSED-EQUIV-001,weight,2,60,0.03686565458400988,9.058947581374015,,0.00406952951795514,0.0040695295,4.4173554571147466e-11,1.0854707989277302e-08,"coef[class,feature]/frozen_scale[feature]"
EXP-EMBED-C1-FUSED-EQUIV-001,weight,2,61,-0.27846047138948105,3.4269819201833402,,-0.08125530798673827,-0.08125531,1.296995094657305e-09,1.596197376876583e-08,"coef[class,feature]/frozen_scale[feature]"
EXP-EMBED-C1-FUSED-EQUIV-001,weight,2,62,-0.3001950905395516,5.740604645051394,,-0.05229328774597472,-0.05229329,1.706816493696195e-09,3.2639303575391995e-08,"coef[class,feature]/frozen_scale[feature]"
EXP-EMBED-C1-FUSED-EQUIV-001,weight,2,63,-0.08934037234573193,7.328726560980533,,-0.01219043603310243,-0.012190436,2.0059502670033424e-11,1.6455114989786252e-09,"coef[class,feature]/frozen_scale[feature]"
EXP-EMBED-C1-FUSED-EQUIV-001,weight,2,64,-0.3314523674058668,111976.65547235454,,-2.9600131027997862e-06,-2.960013e-06,6.811904437465906e-14,2.301308879687976e-08,"coef[class,feature]/frozen_scale[feature]"
EXP-EMBED-C1-FUSED-EQUIV-001,weight,2,65,-0.5162944710505518,3.9116326082044526,,-0.13198950994724049,-0.13198951,1.0799766914093567e-09,8.18229184911021e-09,"coef[class,feature]/frozen_scale[feature]"
EXP-EMBED-C1-FUSED-EQUIV-001,weight,2,66,-0.19969423170682646,26.12219812552033,,-0.007644618218852466,-0.0076446184,1.7686348566248178e-10,2.313568586411772e-08,"coef[class,feature]/frozen_scale[feature]"
EXP-EMBED-C1-FUSED-EQUIV-001,weight,2,67,-0.16547557548524383,36.229715545522986,,-0.004567399246547276,-0.004567399,9.119873693036462e-11,1.9967323198055497e-08,"coef[class,feature]/frozen_scale[feature]"
EXP-EMBED-C1-FUSED-EQUIV-001,weight,2,68,-0.15901741257846222,41.77334725360916,,-0.003806671550954618,-0.0038066716,4.2383633061526815e-11,1.1134039933363324e-08,"coef[class,feature]/frozen_scale[feature]"
EXP-EMBED-C1-FUSED-EQUIV-001,weight,2,69,0.3178383577357646,18.917897499780477,,0.016800934550969673,0.016800934,1.0213143872284114e-10,6.0789141468887265e-09,"coef[class,feature]/frozen_scale[feature]"
EXP-EMBED-C1-FUSED-EQUIV-001,weight,2,70,0.28785903426159803,25.174862588827978,,0.011434383534206189,0.011434384,1.5615101919830288e-10,1.3656269157945765e-08,"coef[class,feature]/frozen_scale[feature]"
EXP-EMBED-C1-FUSED-EQUIV-001,weight,2,71,0.13439348350206567,67.75158451576067,,0.0019836212608548287,0.0019836212,1.031490448610839e-10,5.2000372700498526e-08,"coef[class,feature]/frozen_scale[feature]"
EXP-EMBED-C1-FUSED-EQUIV-001,weight,2,72,-0.34915347536121094,116872.6030164394,,-2.9874706847429306e-06,-2.9874707e-06,5.015664092551924e-15,1.678899852697138e-09,"coef[class,feature]/frozen_scale[feature]"
EXP-EMBED-C1-FUSED-EQUIV-001,weight,2,73,-0.5385661057887676,3.854133240842415,,-0.1397372825831654,-0.13973728,4.3601276755733664e-09,3.1202321921341305e-08,"coef[class,feature]/frozen_scale[feature]"
EXP-EMBED-C1-FUSED-EQUIV-001,weight,2,74,-0.2282257513145825,26.62024691814763,,-0.008573389721603063,-0.00857339,1.0946479139795073e-10,1.2767971007094599e-08,"coef[class,feature]/frozen_scale[feature]"
EXP-EMBED-C1-FUSED-EQUIV-001,weight,2,75,-0.20001033401320836,36.37009512853772,,-0.00549930742018518,-0.0054993075,1.1167827079772152e-10,2.0307697363454712e-08,"coef[class,feature]/frozen_scale[feature]"
EXP-EMBED-C1-FUSED-EQUIV-001,weight,2,76,-0.19802929565117874,41.72385469182667,,-0.004746188891554425,-0.004746189,1.6266653822538668e-11,3.427308561503791e-09,"coef[class,feature]/frozen_scale[feature]"
EXP-EMBED-C1-FUSED-EQUIV-001,weight,2,77,0.3543973945139683,19.56490873622848,,0.018113930368493264,0.01811393,5.901557853515982e-10,3.258021717794027e-08,"coef[class,feature]/frozen_scale[feature]"
EXP-EMBED-C1-FUSED-EQUIV-001,weight,2,78,0.3177359090747868,26.157882103731428,,0.012146851484947313,0.012146851,4.370738163755883e-10,3.598247800405078e-08,"coef[class,feature]/frozen_scale[feature]"
EXP-EMBED-C1-FUSED-EQUIV-001,weight,2,79,0.15434847942593813,74.06107722921303,,0.00208407013778968,0.0020840701,1.9645525657641105e-11,9.42651847527393e-09,"coef[class,feature]/frozen_scale[feature]"
EXP-EMBED-C1-FUSED-EQUIV-001,weight,2,80,0.09565830551076536,11497.581800944647,,8.31986300831589e-06,8.319863e-06,1.0836332204548337e-13,1.3024652201264828e-08,"coef[class,feature]/frozen_scale[feature]"
EXP-EMBED-C1-FUSED-EQUIV-001,weight,2,81,0.3420796058861657,4.651545116421973,,0.07354107018729675,0.07354107,2.6466511482414745e-09,3.598874943621161e-08,"coef[class,feature]/frozen_scale[feature]"
EXP-EMBED-C1-FUSED-EQUIV-001,weight,2,82,0.31345273775274535,3.46153800176168,,0.09055302515622243,0.09055302,2.2351370754236655e-09,2.468318503515038e-08,"coef[class,feature]/frozen_scale[feature]"
EXP-EMBED-C1-FUSED-EQUIV-001,weight,2,83,0.21881078114502356,6.016800785858034,,0.03636663219086782,0.03636663,1.8452848554728618e-09,5.074115320296938e-08,"coef[class,feature]/frozen_scale[feature]"
EXP-EMBED-C1-FUSED-EQUIV-001,weight,2,84,0.1285757528420481,7.32741238208222,,0.017547224877974034,0.017547226,7.016453737462847e-10,3.998611624491218e-08,"coef[class,feature]/frozen_scale[feature]"
EXP-EMBED-C1-FUSED-EQUIV-001,weight,2,85,-0.3362595643978937,3.154181219455131,,-0.10660756025171593,-0.106607564,3.541943280338522e-09,3.32241284949724e-08,"coef[class,feature]/frozen_scale[feature]"
EXP-EMBED-C1-FUSED-EQUIV-001,weight,2,86,-0.32476565066836444,4.7364641351152255,,-0.0685671085864696,-0.06856711,3.5017338334553116e-09,5.107016914734409e-08,"coef[class,feature]/frozen_scale[feature]"
EXP-EMBED-C1-FUSED-EQUIV-001,weight,2,87,-0.20502598843613395,6.168467452238101,,-0.03323775151990865,-0.03323775,5.3415556700020517e-11,1.6070749150412846e-09,"coef[class,feature]/frozen_scale[feature]"
EXP-EMBED-C1-FUSED-EQUIV-001,weight,2,88,-0.11935191894826391,8564.421792151703,,-1.3935782454997263e-05,-1.3935783e-05,1.3512702716207518e-13,9.696407618190084e-09,"coef[class,feature]/frozen_scale[feature]"
EXP-EMBED-C1-FUSED-EQUIV-001,weight,2,89,0.16008415363205356,4.45787824966158,,0.035910391595868806,0.03591039,1.2784287725664534e-09,3.560052440958416e-08,"coef[class,feature]/frozen_scale[feature]"
EXP-EMBED-C1-FUSED-EQUIV-001,weight,2,90,0.24697539479462055,2.755135361534976,,0.08964183692848489,0.08964184,2.3373384755442927e-09,2.607419209190226e-08,"coef[class,feature]/frozen_scale[feature]"
EXP-EMBED-C1-FUSED-EQUIV-001,weight,2,91,0.17225852596039884,4.645099654104143,,0.03708392473522093,0.037083924,9.185400218214568e-10,2.4769223548473596e-08,"coef[class,feature]/frozen_scale[feature]"
EXP-EMBED-C1-FUSED-EQUIV-001,weight,2,92,0.09889369842087962,6.129894947566944,,0.01613301684070983,0.016133016,8.653537296454683e-10,5.3638680117276435e-08,"coef[class,feature]/frozen_scale[feature]"
EXP-EMBED-C1-FUSED-EQUIV-001,weight,2,93,-0.21691038527378784,2.1633991684316607,,-0.10026369078760224,-0.10026369,1.6510002115444067e-09,1.6466581257634646e-08,"coef[class,feature]/frozen_scale[feature]"
EXP-EMBED-C1-FUSED-EQUIV-001,weight,2,94,-0.22732340690146852,3.2501974402617546,,-0.06994141466161546,-0.06994142,1.721174147650828e-09,2.4608798034441608e-08,"coef[class,feature]/frozen_scale[feature]"
EXP-EMBED-C1-FUSED-EQUIV-001,weight,2,95,0.08683320772613237,4.725895581999588,,0.018373915847161422,0.018373916,7.846056443439053e-11,4.270214639440175e-09,"coef[class,feature]/frozen_scale[feature]"
EXP-EMBED-C1-FUSED-EQUIV-001,weight,2,96,-0.49173667157442036,2694.4732945222427,,-0.00018249825395341698,-0.00018249826,7.029848952304699e-12,3.852008882287214e-08,"coef[class,feature]/frozen_scale[feature]"
EXP-EMBED-C1-FUSED-EQUIV-001,weight,2,97,-0.46434521267034923,1.6877778328373438,,-0.27512223684661913,-0.27512223,1.1562042712132126e-08,4.2025111618214904e-08,"coef[class,feature]/frozen_scale[feature]"
EXP-EMBED-C1-FUSED-EQUIV-001,weight,2,98,-0.04129540558293208,0.7777026931214807,,-0.05309921895369025,-0.05309922,1.9772978393506335e-10,3.723779517501202e-09,"coef[class,feature]/frozen_scale[feature]"
EXP-EMBED-C1-FUSED-EQUIV-001,weight,2,99,-0.18777502328039472,1.6764571665688655,,-0.11200705095538228,-0.11200705,7.509318028509071e-10,6.704326169162679e-09,"coef[class,feature]/frozen_scale[feature]"
EXP-EMBED-C1-FUSED-EQUIV-001,weight,2,100,-0.053560947334763784,2.0194083930480877,,-0.02652308840507446,-0.026523089,6.312710215672368e-10,2.3800811275298564e-08,"coef[class,feature]/frozen_scale[feature]"
EXP-EMBED-C1-FUSED-EQUIV-001,weight,2,101,0.19715437486800644,0.8156588670555229,,0.24171180236134904,0.2417118,7.0313014299827614e-09,2.908960738074039e-08,"coef[class,feature]/frozen_scale[feature]"
EXP-EMBED-C1-FUSED-EQUIV-001,weight,2,102,0.14221809574684147,1.3831542652115445,,0.10282157191272524,0.10282157,1.7023489146117399e-09,1.6556340103968558e-08,"coef[class,feature]/frozen_scale[feature]"
EXP-EMBED-C1-FUSED-EQUIV-001,weight,2,103,0.22256788953971782,1.8379944113100042,,0.12109279994006387,0.1210928,3.6143802811805514e-09,2.9848019725115994e-08,"coef[class,feature]/frozen_scale[feature]"
EXP-EMBED-C1-FUSED-EQUIV-001,weight,2,104,-0.48068030542544793,2736.173682049294,,-0.00017567609416717874,-0.00017567609,3.873614834925751e-12,2.2049754995346725e-08,"coef[class,feature]/frozen_scale[feature]"
EXP-EMBED-C1-FUSED-EQUIV-001,weight,2,105,-0.44458288941452295,1.6499788203059058,,-0.2694476340805983,-0.26944762,9.397218170281718e-09,3.4875860767331074e-08,"coef[class,feature]/frozen_scale[feature]"
EXP-EMBED-C1-FUSED-EQUIV-001,weight,2,106,-0.038501629938598736,0.7990250134026983,,-0.04818576301464847,-0.048185762,9.966831526764253e-10,2.0684183259138878e-08,"coef[class,feature]/frozen_scale[feature]"
EXP-EMBED-C1-FUSED-EQUIV-001,weight,2,107,-0.12672131309556478,1.7504571127280775,,-0.07239326926328994,-0.07239327,9.165034425828722e-10,1.2660064283733403e-08,"coef[class,feature]/frozen_scale[feature]"
EXP-EMBED-C1-FUSED-EQUIV-001,weight,2,108,0.08282491797052144,2.241659233499318,,0.03694804131367839,0.03694804,1.1859241783040986e-09,3.2097078387347754e-08,"coef[class,feature]/frozen_scale[feature]"
EXP-EMBED-C1-FUSED-EQUIV-001,weight,2,109,0.18935522732427867,0.8078617581602229,,0.23439063108458705,0.23439063,2.335052984303587e-10,9.962228325845123e-10,"coef[class,feature]/frozen_scale[feature]"
EXP-EMBED-C1-FUSED-EQUIV-001,weight,2,110,0.1149506854872466,1.3606105643357003,,0.08448463395796851,0.08448464,2.8256313400198962e-09,3.344550609553047e-08,"coef[class,feature]/frozen_scale[feature]"
EXP-EMBED-C1-FUSED-EQUIV-001,weight,2,111,0.203051291435918,1.6206351884688823,,0.1252911777312163,0.12529118,5.859672663754978e-09,4.676843788894355e-08,"coef[class,feature]/frozen_scale[feature]"
EXP-EMBED-C1-FUSED-EQUIV-001,weight,2,112,-0.001855070590018059,12430.306290422031,,-1.4923772163582591e-07,-1.4923772e-07,7.879757719987012e-16,5.2800040322348385e-09,"coef[class,feature]/frozen_scale[feature]"
EXP-EMBED-C1-FUSED-EQUIV-001,weight,2,113,0.4843202439578515,6.224096665144418,,0.07781374069430745,0.07781374,3.5999051378743374e-09,4.6263103479584964e-08,"coef[class,feature]/frozen_scale[feature]"
EXP-EMBED-C1-FUSED-EQUIV-001,weight,2,114,0.2873211617416102,4.117345706627781,,0.06978310353660686,0.06978311,2.909659319039193e-09,4.169575687491231e-08,"coef[class,feature]/frozen_scale[feature]"
EXP-EMBED-C1-FUSED-EQUIV-001,weight,2,115,0.09927596821717273,8.191023721125132,,0.012120092872046526,0.012120093,3.469356937152446e-10,2.8624837893396696e-08,"coef[class,feature]/frozen_scale[feature]"
EXP-EMBED-C1-FUSED-EQUIV-001,weight,2,116,0.04057192223012283,9.058808643350943,,0.004478726047481104,0.004478726,2.289314657982766e-11,5.1115308989937165e-09,"coef[class,feature]/frozen_scale[feature]"
EXP-EMBED-C1-FUSED-EQUIV-001,weight,2,117,-0.2707748760256948,4.003117611885722,,-0.06764099941049262,-0.067641,1.941067417909892e-09,2.8696610559080375e-08,"coef[class,feature]/frozen_scale[feature]"
EXP-EMBED-C1-FUSED-EQUIV-001,weight,2,118,-0.30914405905315395,6.939663836047355,,-0.04454741128054901,-0.044547413,1.2639398971892035e-09,2.8372914628623657e-08,"coef[class,feature]/frozen_scale[feature]"
EXP-EMBED-C1-FUSED-EQUIV-001,weight,2,119,-0.11861884445034188,8.607031875668532,,-0.013781620210524481,-0.01378162,2.0976942405326326e-11,1.5220955217810357e-09,"coef[class,feature]/frozen_scale[feature]"
EXP-EMBED-C1-FUSED-EQUIV-001,weight,2,120,-0.05564495163113173,10191.66351372981,,-5.459849764090918e-06,-5.45985e-06,1.805092186496298e-13,3.306120615933928e-08,"coef[class,feature]/frozen_scale[feature]"
EXP-EMBED-C1-FUSED-EQUIV-001,weight,2,121,0.39317204637902226,5.715248685206965,,0.06879351503928205,0.06879351,2.158479894820431e-09,3.13762117488532e-08,"coef[class,feature]/frozen_scale[feature]"
EXP-EMBED-C1-FUSED-EQUIV-001,weight,2,122,0.27678405653715654,3.3637688518166087,,0.08228391091369994,0.082283914,3.1755029439306526e-09,3.859202739234341e-08,"coef[class,feature]/frozen_scale[feature]"
EXP-EMBED-C1-FUSED-EQUIV-001,weight,2,123,0.12835732404226544,6.7426298752223355,,0.01903668545027958,0.019036686,5.976320653633405e-10,3.139370385271368e-08,"coef[class,feature]/frozen_scale[feature]"
EXP-EMBED-C1-FUSED-EQUIV-001,weight,2,124,0.1171158961422146,7.439912799713269,,0.015741568388641356,0.015741568,3.299121843769459e-10,2.095802503484981e-08,"coef[class,feature]/frozen_scale[feature]"
EXP-EMBED-C1-FUSED-EQUIV-001,weight,2,125,-0.2206403993808844,3.2389606873236665,,-0.06812074016347454,-0.06812074,1.9058658817794338e-10,2.7977762384932723e-09,"coef[class,feature]/frozen_scale[feature]"
EXP-EMBED-C1-FUSED-EQUIV-001,weight,2,126,-0.25876952669051684,5.505298424010391,,-0.04700372382393279,-0.047003724,1.4295973432831843e-10,3.0414554996497516e-09,"coef[class,feature]/frozen_scale[feature]"
EXP-EMBED-C1-FUSED-EQUIV-001,weight,2,127,-0.054861526447009826,7.113110886285268,,-0.007712733194246682,-0.007712733,1.9372979088994047e-10,2.511817613948494e-08,"coef[class,feature]/frozen_scale[feature]"
EXP-EMBED-C1-FUSED-EQUIV-001,bias,2,-1,,,0.11079885047105728,2.3678666463512257,2.3678668,1.0818063467255001e-07,4.568696249818436e-08,"intercept[class]-sum(coef[class,:]*mean/scale)"
EXP-EMBED-C1-FUSED-EQUIV-001,weight,3,0,-0.24967378088932735,154334.58980382542,,-1.617743509129661e-06,-1.6177435e-06,4.460817934485897e-14,2.7574321326659486e-08,"coef[class,feature]/frozen_scale[feature]"
EXP-EMBED-C1-FUSED-EQUIV-001,weight,3,1,-0.45999570170526854,4.882982232582464,,-0.09420384506744162,-0.094203845,4.009605980570541e-10,4.256308198142037e-09,"coef[class,feature]/frozen_scale[feature]"
EXP-EMBED-C1-FUSED-EQUIV-001,weight,3,2,-0.13209898782046467,34.37264409500996,,-0.003843143037100312,-0.0038431431,7.958245607647685e-11,2.0707648741724318e-08,"coef[class,feature]/frozen_scale[feature]"
EXP-EMBED-C1-FUSED-EQUIV-001,weight,3,3,-0.109464832342719,46.115512234263214,,-0.002373709561907199,-0.0023737096,1.4297220091857854e-11,6.023154779041502e-09,"coef[class,feature]/frozen_scale[feature]"
EXP-EMBED-C1-FUSED-EQUIV-001,weight,3,4,-0.08938505515480415,56.55376812499446,,-0.0015805322636901287,-0.0015805323,2.728264055645857e-11,1.7261678981965705e-08,"coef[class,feature]/frozen_scale[feature]"
EXP-EMBED-C1-FUSED-EQUIV-001,weight,3,5,0.22788355099670024,28.66768560512019,,0.007949143650298687,0.007949144,2.151103947745092e-12,2.706082620187981e-10,"coef[class,feature]/frozen_scale[feature]"
EXP-EMBED-C1-FUSED-EQUIV-001,weight,3,6,0.1892748619925556,40.397114685636396,,0.004685355958351506,0.004685356,1.423150434304299e-10,3.037443573027949e-08,"coef[class,feature]/frozen_scale[feature]"
EXP-EMBED-C1-FUSED-EQUIV-001,weight,3,7,0.07261321330576707,121.50729241940589,,0.0005976037475605048,0.00059760374,1.2046519597824767e-11,2.0158038912908774e-08,"coef[class,feature]/frozen_scale[feature]"
EXP-EMBED-C1-FUSED-EQUIV-001,weight,3,8,-0.3067764660677647,121695.0100987497,,-2.5208631464743726e-06,-2.520863e-06,8.329204000299896e-14,3.304107964745706e-08,"coef[class,feature]/frozen_scale[feature]"
EXP-EMBED-C1-FUSED-EQUIV-001,weight,3,9,-0.5400475537344184,3.6398874407945385,,-0.1483693005673091,-0.1483693,3.18209333882713e-09,2.1447114238996795e-08,"coef[class,feature]/frozen_scale[feature]"
EXP-EMBED-C1-FUSED-EQUIV-001,weight,3,10,-0.13998507082915687,28.50440778144265,,-0.004910997341270565,-0.004910997,2.2619497681147793e-10,4.605886769895036e-08,"coef[class,feature]/frozen_scale[feature]"
EXP-EMBED-C1-FUSED-EQUIV-001,weight,3,11,-0.09396708166562814,41.066281640556525,,-0.00228818090929439,-0.0022881809,4.0221714413951615e-11,1.7578030762591604e-08,"coef[class,feature]/frozen_scale[feature]"
EXP-EMBED-C1-FUSED-EQUIV-001,weight,3,12,-0.09871391682646061,47.619283909088075,,-0.002072981967030823,-0.002072982,5.737060349356171e-11,2.7675399210411308e-08,"coef[class,feature]/frozen_scale[feature]"
EXP-EMBED-C1-FUSED-EQUIV-001,weight,3,13,0.2598618498196044,20.60162944221834,,0.012613655174627928,0.012613655,1.0664763863688087e-10,8.45493531893912e-09,"coef[class,feature]/frozen_scale[feature]"
EXP-EMBED-C1-FUSED-EQUIV-001,weight,3,14,0.222226984515961,27.895368644725483,,0.007966447310528021,0.007966448,3.1105591713487257e-10,3.904575088619466e-08,"coef[class,feature]/frozen_scale[feature]"
EXP-EMBED-C1-FUSED-EQUIV-001,weight,3,15,0.08540948636265779,81.3575884968824,,0.001049803564002277,0.0010498036,5.910633527755893e-12,5.630228102124326e-09,"coef[class,feature]/frozen_scale[feature]"
EXP-EMBED-C1-FUSED-EQUIV-001,weight,3,16,0.44488926707874105,10637.343896389673,,4.1823341560832395e-05,4.1823343e-05,1.4928605565817966e-12,3.5694435233263674e-08,"coef[class,feature]/frozen_scale[feature]"
EXP-EMBED-C1-FUSED-EQUIV-001,weight,3,17,-0.028276319431888585,4.743102698719503,,-0.005961565925933324,-0.0059615658,1.594497789011995e-10,2.6746291307050592e-08,"coef[class,feature]/frozen_scale[feature]"
EXP-EMBED-C1-FUSED-EQUIV-001,weight,3,18,0.09238200212393405,3.0754733527175047,,0.03003830354839681,0.030038303,7.841002777619899e-10,2.610334756417489e-08,"coef[class,feature]/frozen_scale[feature]"
EXP-EMBED-C1-FUSED-EQUIV-001,weight,3,19,0.03590988045186117,5.257797561915241,,0.006829833219896811,0.006829833,7.371212841500441e-11,1.079266887517322e-08,"coef[class,feature]/frozen_scale[feature]"
EXP-EMBED-C1-FUSED-EQUIV-001,weight,3,20,0.07650312969047292,6.655361503473069,,0.01149496231730615,0.0114949625,1.812394973682574e-10,1.5766863114931112e-08,"coef[class,feature]/frozen_scale[feature]"
EXP-EMBED-C1-FUSED-EQUIV-001,weight,3,21,0.22676186011266436,2.9434653381860647,,0.07703907947236378,0.07703908,1.5943654313455013e-09,2.0695541045729236e-08,"coef[class,feature]/frozen_scale[feature]"
EXP-EMBED-C1-FUSED-EQUIV-001,weight,3,22,0.1901750665132402,4.402392608360524,,0.04319811598631193,0.043198116,1.3736436987876743e-10,3.1798694628787446e-09,"coef[class,feature]/frozen_scale[feature]"
EXP-EMBED-C1-FUSED-EQUIV-001,weight,3,23,-0.0479338104043712,5.702491391963715,,-0.008405766376416162,-0.008405766,7.345251663848362e-11,8.738348575159954e-09,"coef[class,feature]/frozen_scale[feature]"
EXP-EMBED-C1-FUSED-EQUIV-001,weight,3,24,0.765076263419813,10029.321246450652,,7.628395228546212e-05,7.6283955e-05,3.1372336098314108e-12,4.112573504439795e-08,"coef[class,feature]/frozen_scale[feature]"
EXP-EMBED-C1-FUSED-EQUIV-001,weight,3,25,0.21525836059792278,4.337780825262105,,0.04962407490583991,0.049624074,6.553802361919381e-10,1.3206900832620076e-08,"coef[class,feature]/frozen_scale[feature]"
EXP-EMBED-C1-FUSED-EQUIV-001,weight,3,26,0.21123758991510977,3.1595490611038577,,0.0668568792032966,0.066856876,3.187633448864524e-09,4.767846610326597e-08,"coef[class,feature]/frozen_scale[feature]"
EXP-EMBED-C1-FUSED-EQUIV-001,weight,3,27,0.12703873239641494,5.489608869294815,,0.023141672826088627,0.023141673,8.665363565585338e-12,3.744484519639605e-10,"coef[class,feature]/frozen_scale[feature]"
EXP-EMBED-C1-FUSED-EQUIV-001,weight,3,28,0.15329171442455042,7.148990746209918,,0.021442427311270332,0.021442428,9.199689864070049e-10,4.290414387570109e-08,"coef[class,feature]/frozen_scale[feature]"
EXP-EMBED-C1-FUSED-EQUIV-001,weight,3,29,0.1266142264774121,2.687721613396702,,0.04710838572206105,0.047108386,1.01527120044409e-11,2.1551814711592512e-10,"coef[class,feature]/frozen_scale[feature]"
EXP-EMBED-C1-FUSED-EQUIV-001,weight,3,30,0.10200560396857677,4.044780180860998,,0.025219072337044332,0.025219072,6.805788016484016e-10,2.698667074477194e-08,"coef[class,feature]/frozen_scale[feature]"
EXP-EMBED-C1-FUSED-EQUIV-001,weight,3,31,-0.07709123898475337,4.979130532242132,,-0.015482871655111786,-0.015482872,1.3809871995951184e-10,8.91945131599134e-09,"coef[class,feature]/frozen_scale[feature]"
EXP-EMBED-C1-FUSED-EQUIV-001,weight,3,32,0.46867241318398856,2577.8094307440624,,0.00018181034160027505,0.00018181035,6.69440029668969e-12,3.6820789388360965e-08,"coef[class,feature]/frozen_scale[feature]"
EXP-EMBED-C1-FUSED-EQUIV-001,weight,3,33,0.35445062150400236,2.0002931661191585,,0.17719933633112636,0.17719933,2.42495265534437e-09,1.36848856522405e-08,"coef[class,feature]/frozen_scale[feature]"
EXP-EMBED-C1-FUSED-EQUIV-001,weight,3,34,0.0796522512376113,0.6929177841236928,,0.1149519511010163,0.11495195,2.190876702279354e-09,1.9059064951007902e-08,"coef[class,feature]/frozen_scale[feature]"
EXP-EMBED-C1-FUSED-EQUIV-001,weight,3,35,-0.07933148508562243,1.3015390447893804,,-0.060952059335615344,-0.06095206,5.889871645958777e-10,9.663121656854707e-09,"coef[class,feature]/frozen_scale[feature]"
EXP-EMBED-C1-FUSED-EQUIV-001,weight,3,36,0.18351381884354398,1.7030976278086734,,0.10775296486066152,0.107752964,9.600954198329958e-10,8.910153155177893e-09,"coef[class,feature]/frozen_scale[feature]"
EXP-EMBED-C1-FUSED-EQUIV-001,weight,3,37,-0.30380898367219855,0.7373705688518672,,-0.4120166935130709,-0.4120167,3.7356966409163306e-09,9.066857483525284e-09,"coef[class,feature]/frozen_scale[feature]"
EXP-EMBED-C1-FUSED-EQUIV-001,weight,3,38,-0.21227250596111158,1.1548223662805643,,-0.18381398919800618,-0.18381399,3.556110961255854e-11,1.9346247675551927e-10,"coef[class,feature]/frozen_scale[feature]"
EXP-EMBED-C1-FUSED-EQUIV-001,weight,3,39,-0.4396483663550735,1.610562396008296,,-0.27297816430131583,-0.27297816,7.4962773766174e-09,2.7461087943806886e-08,"coef[class,feature]/frozen_scale[feature]"
EXP-EMBED-C1-FUSED-EQUIV-001,weight,3,40,0.43153185521028614,2990.9330202099954,,0.00014428001305759366,0.00014428001,1.1366260580306098e-14,7.877917626586932e-11,"coef[class,feature]/frozen_scale[feature]"
EXP-EMBED-C1-FUSED-EQUIV-001,weight,3,41,0.30969844365181287,2.1115146160914633,,0.14667122893285142,0.14667124,6.628519427787083e-09,4.5193044852864306e-08,"coef[class,feature]/frozen_scale[feature]"
EXP-EMBED-C1-FUSED-EQUIV-001,weight,3,42,0.05788605417854164,0.8137646076567749,,0.07113365908751403,0.07113366,7.976046628721534e-10,1.1212760219334135e-08,"coef[class,feature]/frozen_scale[feature]"
EXP-EMBED-C1-FUSED-EQUIV-001,weight,3,43,-0.08534781885906369,1.5625236919745433,,-0.054621775847258115,-0.054621775,1.1439938787938253e-09,2.0943915884259028e-08,"coef[class,feature]/frozen_scale[feature]"
EXP-EMBED-C1-FUSED-EQUIV-001,weight,3,44,0.07808936175729658,2.0370148240513997,,0.038335195618255435,0.038335197,1.0556146512463727e-09,2.7536435753667658e-08,"coef[class,feature]/frozen_scale[feature]"
EXP-EMBED-C1-FUSED-EQUIV-001,weight,3,45,-0.3052840235105543,0.8798778821626543,,-0.34696181106427615,-0.3469618,1.4780554224991249e-08,4.259994545121016e-08,"coef[class,feature]/frozen_scale[feature]"
EXP-EMBED-C1-FUSED-EQUIV-001,weight,3,46,-0.26152987141146306,1.403111573157864,,-0.18639278330721767,-0.18639278,8.114346694565455e-10,4.353358832134165e-09,"coef[class,feature]/frozen_scale[feature]"
EXP-EMBED-C1-FUSED-EQUIV-001,weight,3,47,-0.13073758404617916,1.849106912323894,,-0.07070309627574355,-0.0707031,4.1205018563861273e-10,5.8278944960431216e-09,"coef[class,feature]/frozen_scale[feature]"
EXP-EMBED-C1-FUSED-EQUIV-001,weight,3,48,0.1326491117154708,10744.057568725953,,1.2346277080791977e-05,1.2346277e-05,1.9106219800453083e-13,1.5475288360552065e-08,"coef[class,feature]/frozen_scale[feature]"
EXP-EMBED-C1-FUSED-EQUIV-001,weight,3,49,-0.3455629022913604,5.622566196447528,,-0.06145999712901473,-0.061459996,1.3227975381724377e-09,2.1522902700364046e-08,"coef[class,feature]/frozen_scale[feature]"
EXP-EMBED-C1-FUSED-EQUIV-001,weight,3,50,-0.044275063681213415,3.3677927587005363,,-0.013146611698962427,-0.013146612,1.6292216707680662e-10,1.2392711582838106e-08,"coef[class,feature]/frozen_scale[feature]"
EXP-EMBED-C1-FUSED-EQUIV-001,weight,3,51,-0.07527515486431689,6.532572452279063,,-0.011523049367490006,-0.011523049,4.273910565733008e-11,3.7090100280148043e-09,"coef[class,feature]/frozen_scale[feature]"
EXP-EMBED-C1-FUSED-EQUIV-001,weight,3,52,0.0009148611559408916,8.58322849054793,,0.0001065870676690432,0.00010658707,2.4798313901473745e-13,2.326578115318214e-09,"coef[class,feature]/frozen_scale[feature]"
EXP-EMBED-C1-FUSED-EQUIV-001,weight,3,53,0.3543307792966563,3.364873474528251,,0.10530285372656777,0.105302855,1.645861127941295e-09,1.56297865603432e-08,"coef[class,feature]/frozen_scale[feature]"
EXP-EMBED-C1-FUSED-EQUIV-001,weight,3,54,0.31575891672546313,5.528884025825645,,0.057110786779129424,0.057110786,3.411411431120115e-10,5.973322420357167e-09,"coef[class,feature]/frozen_scale[feature]"
EXP-EMBED-C1-FUSED-EQUIV-001,weight,3,55,0.17455974696293988,7.154875525401663,,0.024397314298929103,0.024397314,7.041109882643948e-10,2.886018434804937e-08,"coef[class,feature]/frozen_scale[feature]"
EXP-EMBED-C1-FUSED-EQUIV-001,weight,3,56,0.2598375269070832,10803.627520998441,,2.4050951997562923e-05,2.4050953e-05,5.635203268643599e-13,2.343027115606323e-08,"coef[class,feature]/frozen_scale[feature]"
EXP-EMBED-C1-FUSED-EQUIV-001,weight,3,57,-0.2776305129215812,5.630360877937785,,-0.04930954142024162,-0.04930954,8.802616829894916e-10,1.785175156036116e-08,"coef[class,feature]/frozen_scale[feature]"
EXP-EMBED-C1-FUSED-EQUIV-001,weight,3,58,0.022314348940207458,3.544394617477665,,0.006295672843586264,0.0062956726,2.2573357592869936e-10,3.5855353595551925e-08,"coef[class,feature]/frozen_scale[feature]"
EXP-EMBED-C1-FUSED-EQUIV-001,weight,3,59,-0.019442880140916465,6.96123399867767,,-0.002793022062555254,-0.002793022,9.678334045651327e-11,3.4651835284096904e-08,"coef[class,feature]/frozen_scale[feature]"
EXP-EMBED-C1-FUSED-EQUIV-001,weight,3,60,0.03476499774199244,9.058947581374015,,0.003837642003081274,0.003837642,2.398388388932804e-11,6.249640761194292e-09,"coef[class,feature]/frozen_scale[feature]"
EXP-EMBED-C1-FUSED-EQUIV-001,weight,3,61,0.3139281113713638,3.4269819201833402,,0.09160483442368698,0.09160484,1.8614273039618823e-09,2.0320186327202818e-08,"coef[class,feature]/frozen_scale[feature]"
EXP-EMBED-C1-FUSED-EQUIV-001,weight,3,62,0.27718994777121503,5.740604645051394,,0.04828584529160402,0.048285846,3.755197749977235e-10,7.777015660177728e-09,"coef[class,feature]/frozen_scale[feature]"
EXP-EMBED-C1-FUSED-EQUIV-001,weight,3,63,0.008677794006504074,7.328726560980533,,0.0011840793805442573,0.0011840793,5.012972372278601e-11,4.23364552634504e-08,"coef[class,feature]/frozen_scale[feature]"
EXP-EMBED-C1-FUSED-EQUIV-001,weight,3,64,-0.2771757493774048,111976.65547235454,,-2.4752994113655734e-06,-2.4752994e-06,1.3621014428535526e-14,5.50277447891489e-09,"coef[class,feature]/frozen_scale[feature]"
EXP-EMBED-C1-FUSED-EQUIV-001,weight,3,65,-0.43324774952552497,3.9116326082044526,,-0.11075880403921616,-0.110758804,2.5436890094265863e-10,2.2966020909055205e-09,"coef[class,feature]/frozen_scale[feature]"
EXP-EMBED-C1-FUSED-EQUIV-001,weight,3,66,-0.1337778797281474,26.12219812552033,,-0.005121233637587788,-0.0051212334,2.3017978929146254e-10,4.494616055046498e-08,"coef[class,feature]/frozen_scale[feature]"
EXP-EMBED-C1-FUSED-EQUIV-001,weight,3,67,-0.11025151396218574,36.229715545522986,,-0.003043123919194277,-0.003043124,6.737775008064384e-11,2.2140981396013387e-08,"coef[class,feature]/frozen_scale[feature]"
EXP-EMBED-C1-FUSED-EQUIV-001,weight,3,68,-0.1170084091538005,41.77334725360916,,-0.0028010302464735125,-0.0028010302,7.071312415826703e-11,2.5245398277042745e-08,"coef[class,feature]/frozen_scale[feature]"
EXP-EMBED-C1-FUSED-EQUIV-001,weight,3,69,0.24205812375672142,18.917897499780477,,0.012795191630546168,0.012795191,3.7235410588198903e-10,2.910109646135053e-08,"coef[class,feature]/frozen_scale[feature]"
EXP-EMBED-C1-FUSED-EQUIV-001,weight,3,70,0.2096617830894897,25.174862588827978,,0.008328219562260203,0.00832822,3.134331180015826e-10,3.763506901546189e-08,"coef[class,feature]/frozen_scale[feature]"
EXP-EMBED-C1-FUSED-EQUIV-001,weight,3,71,0.09737005789338013,67.75158451576067,,0.0014371628145571928,0.0014371629,4.946476409896372e-11,3.441834397462086e-08,"coef[class,feature]/frozen_scale[feature]"
EXP-EMBED-C1-FUSED-EQUIV-001,weight,3,72,-0.28697859504680895,116872.6030164394,,-2.455482188639559e-06,-2.4554822e-06,2.891642325841262e-14,1.1776270824604735e-08,"coef[class,feature]/frozen_scale[feature]"
EXP-EMBED-C1-FUSED-EQUIV-001,weight,3,73,-0.44396681125161175,3.854133240842415,,-0.11519238788811877,-0.11519239,3.090217567947029e-09,2.6826577906766022e-08,"coef[class,feature]/frozen_scale[feature]"
EXP-EMBED-C1-FUSED-EQUIV-001,weight,3,74,-0.1382684267636077,26.62024691814763,,-0.005194107597452335,-0.0051941075,6.122582388995434e-11,1.1787554019863794e-08,"coef[class,feature]/frozen_scale[feature]"
EXP-EMBED-C1-FUSED-EQUIV-001,weight,3,75,-0.1251347508582908,36.37009512853772,,-0.0034405945438428084,-0.0034405945,1.0384456315681856e-11,3.018215655275507e-09,"coef[class,feature]/frozen_scale[feature]"
EXP-EMBED-C1-FUSED-EQUIV-001,weight,3,76,-0.10887154490627195,41.72385469182667,,-0.002609335731571295,-0.0026093358,8.582534596207614e-11,3.289164553401247e-08,"coef[class,feature]/frozen_scale[feature]"
EXP-EMBED-C1-FUSED-EQUIV-001,weight,3,77,0.26496474956168775,19.56490873622848,,0.01354285640346743,0.013542856,3.1369663637537126e-10,2.316325500542517e-08,"coef[class,feature]/frozen_scale[feature]"
EXP-EMBED-C1-FUSED-EQUIV-001,weight,3,78,0.22977187969326,26.157882103731428,,0.008784039884501313,0.00878404,7.1462141759681685e-12,8.13545278702235e-10,"coef[class,feature]/frozen_scale[feature]"
EXP-EMBED-C1-FUSED-EQUIV-001,weight,3,79,0.09005094067629578,74.06107722921303,,0.0012159010379716112,0.001215901,4.4996972294042425e-11,3.700710081562823e-08,"coef[class,feature]/frozen_scale[feature]"
EXP-EMBED-C1-FUSED-EQUIV-001,weight,3,80,0.5612647628197699,11497.581800944647,,4.8815896467347254e-05,4.8815895e-05,1.6245009352468254e-12,3.327811333616391e-08,"coef[class,feature]/frozen_scale[feature]"
EXP-EMBED-C1-FUSED-EQUIV-001,weight,3,81,0.12883790241966162,4.651545116421973,,0.027697872254276952,0.027697872,1.1620453904681582e-10,4.195431980479012e-09,"coef[class,feature]/frozen_scale[feature]"
EXP-EMBED-C1-FUSED-EQUIV-001,weight,3,82,0.10594931935083729,3.46153800176168,,0.030607585211231688,0.030607585,3.4733054973812294e-10,1.1347858622008094e-08,"coef[class,feature]/frozen_scale[feature]"
EXP-EMBED-C1-FUSED-EQUIV-001,weight,3,83,0.04530238544175717,6.016800785858034,,0.0075293145068449805,0.0075293146,1.0053684013772157e-10,1.3352721558692024e-08,"coef[class,feature]/frozen_scale[feature]"
EXP-EMBED-C1-FUSED-EQUIV-001,weight,3,84,0.08799726270060103,7.32741238208222,,0.012009323088704744,0.012009323,4.45424714473619e-10,3.7089910162593514e-08,"coef[class,feature]/frozen_scale[feature]"
EXP-EMBED-C1-FUSED-EQUIV-001,weight,3,85,0.15528746307750166,3.154181219455131,,0.04923225784228301,0.04923226,1.5504553335654592e-09,3.1492671705863836e-08,"coef[class,feature]/frozen_scale[feature]"
EXP-EMBED-C1-FUSED-EQUIV-001,weight,3,86,0.12331096553740115,4.7364641351152255,,0.026034392327220972,0.026034392,8.925623087852053e-11,3.4283969357408903e-09,"coef[class,feature]/frozen_scale[feature]"
EXP-EMBED-C1-FUSED-EQUIV-001,weight,3,87,-0.0727677320637912,6.168467452238101,,-0.011796727895093121,-0.011796728,1.1856571627277823e-10,1.0050729094302153e-08,"coef[class,feature]/frozen_scale[feature]"
EXP-EMBED-C1-FUSED-EQUIV-001,weight,3,88,0.7463622352297099,8564.421792151703,,8.714683294950094e-05,8.714684e-05,3.4998911998792084e-12,4.016085360104014e-08,"coef[class,feature]/frozen_scale[feature]"
EXP-EMBED-C1-FUSED-EQUIV-001,weight,3,89,0.28444876015443904,4.45787824966158,,0.06380810426485581,0.063808106,1.6211267050980638e-09,2.5406282223478423e-08,"coef[class,feature]/frozen_scale[feature]"
EXP-EMBED-C1-FUSED-EQUIV-001,weight,3,90,0.185785589375343,2.755135361534976,,0.0674324724545787,0.06743247,1.834900204000789e-09,2.721092875894095e-08,"coef[class,feature]/frozen_scale[feature]"
EXP-EMBED-C1-FUSED-EQUIV-001,weight,3,91,0.11315604913008583,4.645099654104143,,0.02436030603350084,0.024360307,5.274923553511002e-10,2.165376554078101e-08,"coef[class,feature]/frozen_scale[feature]"
EXP-EMBED-C1-FUSED-EQUIV-001,weight,3,92,0.11507856802077704,6.129894947566944,,0.018773334454361832,0.018773334,3.535193561499117e-10,1.883093048863114e-08,"coef[class,feature]/frozen_scale[feature]"
EXP-EMBED-C1-FUSED-EQUIV-001,weight,3,93,0.0035699123539080415,2.1633991684316607,,0.0016501403929520882,0.0016501404,5.0146616459995075e-12,3.0389303040017808e-09,"coef[class,feature]/frozen_scale[feature]"
EXP-EMBED-C1-FUSED-EQUIV-001,weight,3,94,0.024967307278437677,3.2501974402617546,,0.007681781718598282,0.007681782,1.731351260275682e-10,2.2538407412487725e-08,"coef[class,feature]/frozen_scale[feature]"
EXP-EMBED-C1-FUSED-EQUIV-001,weight,3,95,-0.1466214737562831,4.725895581999588,,-0.031025119199575214,-0.03102512,7.373216620587542e-11,2.3765312787866722e-09,"coef[class,feature]/frozen_scale[feature]"
EXP-EMBED-C1-FUSED-EQUIV-001,weight,3,96,0.36674783314167453,2694.4732945222427,,0.00013611114049163461,0.00013611114,5.129918462676991e-12,3.768918873317556e-08,"coef[class,feature]/frozen_scale[feature]"
EXP-EMBED-C1-FUSED-EQUIV-001,weight,3,97,0.14363748908163737,1.6877778328373438,,0.08510450030035449,0.0851045,2.437167634372628e-09,2.863735320425207e-08,"coef[class,feature]/frozen_scale[feature]"
EXP-EMBED-C1-FUSED-EQUIV-001,weight,3,98,-0.014158957040401803,0.7777026931214807,,-0.018206130910479065,-0.01820613,1.9725465358333416e-10,1.0834518028748137e-08,"coef[class,feature]/frozen_scale[feature]"
EXP-EMBED-C1-FUSED-EQUIV-001,weight,3,99,-0.1609673842536715,1.6764571665688655,,-0.09601640141102841,-0.0960164,1.848669550774673e-09,1.9253685033048278e-08,"coef[class,feature]/frozen_scale[feature]"
EXP-EMBED-C1-FUSED-EQUIV-001,weight,3,100,-0.1636131928828157,2.0194083930480877,,-0.08102035895565361,-0.08102036,3.719536359469977e-09,4.590866304981271e-08,"coef[class,feature]/frozen_scale[feature]"
EXP-EMBED-C1-FUSED-EQUIV-001,weight,3,101,-0.2538009111754106,0.8156588670555229,,-0.31116061067492085,-0.31116062,1.3352331351690339e-08,4.291138046916849e-08,"coef[class,feature]/frozen_scale[feature]"
EXP-EMBED-C1-FUSED-EQUIV-001,weight,3,102,-0.2159927704790223,1.3831542652115445,,-0.15615956651515484,-0.15615956,1.6624402965348395e-09,1.0645779401375992e-08,"coef[class,feature]/frozen_scale[feature]"
EXP-EMBED-C1-FUSED-EQUIV-001,weight,3,103,-0.22836837207699473,1.8379944113100042,,-0.12424867598712036,-0.124248676,1.4905243705953808e-11,1.1996299829785621e-10,"coef[class,feature]/frozen_scale[feature]"
EXP-EMBED-C1-FUSED-EQUIV-001,weight,3,104,0.3161463430175775,2736.173682049294,,0.0001155432292517321,0.00011554323,3.571524301890054e-12,3.091071908773498e-08,"coef[class,feature]/frozen_scale[feature]"
EXP-EMBED-C1-FUSED-EQUIV-001,weight,3,105,0.07344409526311155,1.6499788203059058,,0.04451214425255169,0.044512145,9.686816765386297e-10,2.1762188562351705e-08,"coef[class,feature]/frozen_scale[feature]"
EXP-EMBED-C1-FUSED-EQUIV-001,weight,3,106,-0.09928595651699618,0.7990250134026983,,-0.12425888407946165,-0.12425888,7.820182557072286e-10,6.2934595099626036e-09,"coef[class,feature]/frozen_scale[feature]"
EXP-EMBED-C1-FUSED-EQUIV-001,weight,3,107,-0.2363214226680531,1.7504571127280775,,-0.13500554852197863,-0.13500555,7.440351112997234e-11,5.511144685868937e-10,"coef[class,feature]/frozen_scale[feature]"
EXP-EMBED-C1-FUSED-EQUIV-001,weight,3,108,-0.11899988283327653,2.241659233499318,,-0.053085625618267164,-0.053085625,4.4660578707445e-10,8.412932538196735e-09,"coef[class,feature]/frozen_scale[feature]"
EXP-EMBED-C1-FUSED-EQUIV-001,weight,3,109,-0.19332428923890696,0.8078617581602229,,-0.23930367700430874,-0.23930368,1.2698459228577264e-09,5.306420439310101e-09,"coef[class,feature]/frozen_scale[feature]"
EXP-EMBED-C1-FUSED-EQUIV-001,weight,3,110,-0.14548426533206985,1.3606105643357003,,-0.1069257208090991,-0.10692572,2.3227900436406657e-09,2.1723398505656858e-08,"coef[class,feature]/frozen_scale[feature]"
EXP-EMBED-C1-FUSED-EQUIV-001,weight,3,111,-0.253938116476689,1.6206351884688823,,-0.15669048671996355,-0.1566905,6.506087779634129e-09,4.152190675916258e-08,"coef[class,feature]/frozen_scale[feature]"
EXP-EMBED-C1-FUSED-EQUIV-001,weight,3,112,0.3231003312188121,12430.306290422031,,2.5992950106770238e-05,2.599295e-05,8.027157463849546e-13,3.088205621476862e-08,"coef[class,feature]/frozen_scale[feature]"
EXP-EMBED-C1-FUSED-EQUIV-001,weight,3,113,-0.20582802159043687,6.224096665144418,,-0.03306954127867181,-0.03306954,1.4634843545358045e-09,4.425475219638678e-08,"coef[class,feature]/frozen_scale[feature]"
EXP-EMBED-C1-FUSED-EQUIV-001,weight,3,114,0.041307305924526624,4.117345706627781,,0.010032508530443133,0.0100325085,8.171022886083179e-12,8.144546163393362e-10,"coef[class,feature]/frozen_scale[feature]"
EXP-EMBED-C1-FUSED-EQUIV-001,weight,3,115,-0.0001325020015428547,8.191023721125132,,-1.6176488562855e-05,-1.617649e-05,6.626173236132498e-13,4.096175267200906e-08,"coef[class,feature]/frozen_scale[feature]"
EXP-EMBED-C1-FUSED-EQUIV-001,weight,3,116,0.05774421042573666,9.058808643350943,,0.006374371365943381,0.0063743712,1.278905358351179e-10,2.0063238944377162e-08,"coef[class,feature]/frozen_scale[feature]"
EXP-EMBED-C1-FUSED-EQUIV-001,weight,3,117,0.23356351414857782,4.003117611885722,,0.058345403955931886,0.058345404,4.3367884977607574e-10,7.4329565033714075e-09,"coef[class,feature]/frozen_scale[feature]"
EXP-EMBED-C1-FUSED-EQUIV-001,weight,3,118,0.19958516675718194,6.939663836047355,,0.02876006265900918,0.028760063,1.2837239257712518e-10,4.463564426098777e-09,"coef[class,feature]/frozen_scale[feature]"
EXP-EMBED-C1-FUSED-EQUIV-001,weight,3,119,0.05068273331998393,8.607031875668532,,0.005888526271554822,0.0058885263,5.6353217231519537e-11,9.57000353445649e-09,"coef[class,feature]/frozen_scale[feature]"
EXP-EMBED-C1-FUSED-EQUIV-001,weight,3,120,0.3211234824892557,10191.66351372981,,3.150844629599973e-05,3.1508447e-05,8.407302225276261e-13,2.6682693733278877e-08,"coef[class,feature]/frozen_scale[feature]"
EXP-EMBED-C1-FUSED-EQUIV-001,weight,3,121,-0.2004836997302991,5.715248685206965,,-0.03507873598732809,-0.035078734,1.8278584826281197e-09,5.210730749501404e-08,"coef[class,feature]/frozen_scale[feature]"
EXP-EMBED-C1-FUSED-EQUIV-001,weight,3,122,0.0044930872432841175,3.3637688518166087,,0.0013357300817080872,0.0013357301,4.009260371612422e-12,3.0015498089894876e-09,"coef[class,feature]/frozen_scale[feature]"
EXP-EMBED-C1-FUSED-EQUIV-001,weight,3,123,-0.04932667507386135,6.7426298752223355,,-0.0073156433004169345,-0.007315643,1.6868399385638888e-10,2.305798505057993e-08,"coef[class,feature]/frozen_scale[feature]"
EXP-EMBED-C1-FUSED-EQUIV-001,weight,3,124,-0.02401189904309614,7.439912799713269,,-0.0032274436125140538,-0.0032274437,5.4614628357957384e-11,1.6921946566686784e-08,"coef[class,feature]/frozen_scale[feature]"
EXP-EMBED-C1-FUSED-EQUIV-001,weight,3,125,0.24005232258443485,3.2389606873236665,,0.07411399697561276,0.074113995,2.1388055077009582e-09,2.8858320897262268e-08,"coef[class,feature]/frozen_scale[feature]"
EXP-EMBED-C1-FUSED-EQUIV-001,weight,3,126,0.21728188103540944,5.505298424010391,,0.039467775277680264,0.039467774,9.461105926478197e-10,2.397172341210887e-08,"coef[class,feature]/frozen_scale[feature]"
EXP-EMBED-C1-FUSED-EQUIV-001,weight,3,127,-0.005472637015194013,7.113110886285268,,-0.0007693732183685989,-0.0007693732,1.4275172406999492e-11,1.8554288174039874e-08,"coef[class,feature]/frozen_scale[feature]"
EXP-EMBED-C1-FUSED-EQUIV-001,bias,3,-1,,,2.5239975113080626,-1.7717410894885721,-1.771741,5.6888169286395396e-08,3.210862446206327e-08,"intercept[class]-sum(coef[class,:]*mean/scale)"
EXP-EMBED-C1-FUSED-EQUIV-001,weight,4,0,-0.024258490263880446,154334.58980382542,,-1.5718116265909925e-07,-1.5718116e-07,3.5109264200784533e-16,2.233681416196857e-09,"coef[class,feature]/frozen_scale[feature]"
EXP-EMBED-C1-FUSED-EQUIV-001,weight,4,1,0.6429385720678183,4.882982232582464,,0.1316692425742838,0.13166924,4.364559380576338e-09,3.314790375674855e-08,"coef[class,feature]/frozen_scale[feature]"
EXP-EMBED-C1-FUSED-EQUIV-001,weight,4,2,0.08408858904766343,34.37264409500996,,0.0024463811633237426,0.0024463811,2.0960790395041506e-11,8.568080358566616e-09,"coef[class,feature]/frozen_scale[feature]"
EXP-EMBED-C1-FUSED-EQUIV-001,weight,4,3,0.051509841863863634,46.115512234263214,,0.0011169742971128163,0.0011169743,1.7828339065467658e-11,1.596127960289758e-08,"coef[class,feature]/frozen_scale[feature]"
EXP-EMBED-C1-FUSED-EQUIV-001,weight,4,4,-0.10799071646131352,56.55376812499446,,-0.0019095229202523469,-0.0019095229,1.5259148111734788e-12,7.991078792454748e-10,"coef[class,feature]/frozen_scale[feature]"
EXP-EMBED-C1-FUSED-EQUIV-001,weight,4,5,-0.3963566258021675,28.66768560512019,,-0.013825902490411582,-0.013825903,2.2491377336952834e-10,1.6267565428405744e-08,"coef[class,feature]/frozen_scale[feature]"
EXP-EMBED-C1-FUSED-EQUIV-001,weight,4,6,-0.42220806155929697,40.397114685636396,,-0.010451441021093948,-0.010451441,3.2169543071058904e-10,3.078000727950501e-08,"coef[class,feature]/frozen_scale[feature]"
EXP-EMBED-C1-FUSED-EQUIV-001,weight,4,7,-0.19131087655113238,121.50729241940589,,-0.0015744806154579262,-0.0015744807,5.784031348494978e-11,3.673612295831749e-08,"coef[class,feature]/frozen_scale[feature]"
EXP-EMBED-C1-FUSED-EQUIV-001,weight,4,8,0.01296280396905847,121695.0100987497,,1.0651877968159724e-07,1.0651878e-07,3.445687889541368e-15,3.234817278081025e-08,"coef[class,feature]/frozen_scale[feature]"
EXP-EMBED-C1-FUSED-EQUIV-001,weight,4,9,0.30599136147757516,3.6398874407945385,,0.08406616041148277,0.08406616,3.882703325519543e-10,4.6186281216064634e-09,"coef[class,feature]/frozen_scale[feature]"
EXP-EMBED-C1-FUSED-EQUIV-001,weight,4,10,0.20610580958539804,28.50440778144265,,0.007230664505142956,0.0072306646,9.826919573213688e-11,1.3590617523775435e-08,"coef[class,feature]/frozen_scale[feature]"
EXP-EMBED-C1-FUSED-EQUIV-001,weight,4,11,0.17725000987133202,41.066281640556525,,0.004316193304832406,0.0043161935,2.1246510020084264e-10,4.9225112314355084e-08,"coef[class,feature]/frozen_scale[feature]"
EXP-EMBED-C1-FUSED-EQUIV-001,weight,4,12,0.032106383574141785,47.619283909088075,,0.0006742307094629435,0.0006742307,2.2608372422447398e-11,3.3532101260199245e-08,"coef[class,feature]/frozen_scale[feature]"
EXP-EMBED-C1-FUSED-EQUIV-001,weight,4,13,-0.45463432928744046,20.60162944221834,,-0.022067882084888447,-0.022067882,3.572083601133258e-11,1.6186798476593884e-09,"coef[class,feature]/frozen_scale[feature]"
EXP-EMBED-C1-FUSED-EQUIV-001,weight,4,14,-0.48845215753921717,27.895368644725483,,-0.017510152447172436,-0.017510153,9.060418283690641e-10,5.174380012410303e-08,"coef[class,feature]/frozen_scale[feature]"
EXP-EMBED-C1-FUSED-EQUIV-001,weight,4,15,-0.049789172742687654,81.3575884968824,,-0.0006119794559126536,-0.00061197946,2.401133762305885e-13,3.9235528890835727e-10,"coef[class,feature]/frozen_scale[feature]"
EXP-EMBED-C1-FUSED-EQUIV-001,weight,4,16,-0.11038704596803313,10637.343896389673,,-1.037731289344689e-05,-1.0377313e-05,1.7409062066280415e-13,1.677607897635424e-08,"coef[class,feature]/frozen_scale[feature]"
EXP-EMBED-C1-FUSED-EQUIV-001,weight,4,17,0.12587524279373738,4.743102698719503,,0.026538586825817615,0.026538586,5.818305316707129e-10,2.1923945517124855e-08,"coef[class,feature]/frozen_scale[feature]"
EXP-EMBED-C1-FUSED-EQUIV-001,weight,4,18,0.08916043569338694,3.0754733527175047,,0.028990800916744833,0.028990801,5.070432372578093e-10,1.7489797495209784e-08,"coef[class,feature]/frozen_scale[feature]"
EXP-EMBED-C1-FUSED-EQUIV-001,weight,4,19,0.1285594338404991,5.257797561915241,,0.024451195072955446,0.024451194,7.419055265966978e-10,3.0342301240616737e-08,"coef[class,feature]/frozen_scale[feature]"
EXP-EMBED-C1-FUSED-EQUIV-001,weight,4,20,0.07176303312899547,6.655361503473069,,0.010782740064765269,0.01078274,1.4101213252626366e-11,1.3077578767483103e-09,"coef[class,feature]/frozen_scale[feature]"
EXP-EMBED-C1-FUSED-EQUIV-001,weight,4,21,-0.018543682122968343,2.9434653381860647,,-0.0062999492069426045,-0.0062999493,4.417271756707031e-11,7.011599001209652e-09,"coef[class,feature]/frozen_scale[feature]"
EXP-EMBED-C1-FUSED-EQUIV-001,weight,4,22,-0.01976342705811708,4.402392608360524,,-0.004489246829232046,-0.0044892468,7.33936522667733e-11,1.6348767412133673e-08,"coef[class,feature]/frozen_scale[feature]"
EXP-EMBED-C1-FUSED-EQUIV-001,weight,4,23,-0.1266028146962851,5.702491391963715,,-0.02220131623077962,-0.022201316,2.003851216902941e-10,9.025821694863422e-09,"coef[class,feature]/frozen_scale[feature]"
EXP-EMBED-C1-FUSED-EQUIV-001,weight,4,24,-0.1173138681460651,10029.321246450652,,-1.1697089490236654e-05,-1.169709e-05,8.580932832509807e-14,7.335955529511981e-09,"coef[class,feature]/frozen_scale[feature]"
EXP-EMBED-C1-FUSED-EQUIV-001,weight,4,25,0.09364296589071533,4.337780825262105,,0.021587758732613482,0.02158776,5.237494327126058e-10,2.42614084768956e-08,"coef[class,feature]/frozen_scale[feature]"
EXP-EMBED-C1-FUSED-EQUIV-001,weight,4,26,0.07215823976937036,3.1595490611038577,,0.02283814505610503,0.022838145,4.3835602855923916e-10,1.9194029439884785e-08,"coef[class,feature]/frozen_scale[feature]"
EXP-EMBED-C1-FUSED-EQUIV-001,weight,4,27,0.08044486038844381,5.489608869294815,,0.014654024048670994,0.0146540245,4.554541240681109e-10,3.108048154932686e-08,"coef[class,feature]/frozen_scale[feature]"
EXP-EMBED-C1-FUSED-EQUIV-001,weight,4,28,-0.0076257357641718775,7.148990746209918,,-0.0010666870380570445,-0.001066687,1.314978269502387e-11,1.2327685840240466e-08,"coef[class,feature]/frozen_scale[feature]"
EXP-EMBED-C1-FUSED-EQUIV-001,weight,4,29,-0.020075255696948388,2.687721613396702,,-0.007469246664864811,-0.0074692466,3.5239252488272754e-11,4.717912537824933e-09,"coef[class,feature]/frozen_scale[feature]"
EXP-EMBED-C1-FUSED-EQUIV-001,weight,4,30,-0.011699221292425786,4.044780180860998,,-0.0028924245000467278,-0.0028924246,8.525097598341413e-11,2.9473881161647223e-08,"coef[class,feature]/frozen_scale[feature]"
EXP-EMBED-C1-FUSED-EQUIV-001,weight,4,31,0.10461472728541171,4.979130532242132,,0.021010641638732674,0.021010641,6.301171806555317e-10,2.9990382563753977e-08,"coef[class,feature]/frozen_scale[feature]"
EXP-EMBED-C1-FUSED-EQUIV-001,weight,4,32,-0.07434364630748422,2577.8094307440624,,-2.8839853489877862e-05,-2.8839853e-05,2.3235494406889483e-13,8.056731083964977e-09,"coef[class,feature]/frozen_scale[feature]"
EXP-EMBED-C1-FUSED-EQUIV-001,weight,4,33,0.012436512554753141,2.0002931661191585,,0.006217344919935747,0.006217345,2.0976276791928594e-10,3.3738319269803955e-08,"coef[class,feature]/frozen_scale[feature]"
EXP-EMBED-C1-FUSED-EQUIV-001,weight,4,34,0.165379794352204,0.6929177841236928,,0.23867159732572554,0.2386716,3.4929084902213248e-09,1.4634789096644794e-08,"coef[class,feature]/frozen_scale[feature]"
EXP-EMBED-C1-FUSED-EQUIV-001,weight,4,35,0.2745237802292588,1.3015390447893804,,0.21092243166142063,0.21092243,3.264612385978083e-09,1.5477786597959113e-08,"coef[class,feature]/frozen_scale[feature]"
EXP-EMBED-C1-FUSED-EQUIV-001,weight,4,36,0.15573047232262266,1.7030976278086734,,0.09143954508526711,0.091439545,6.93044233113227e-11,7.579261603576059e-10,"coef[class,feature]/frozen_scale[feature]"
EXP-EMBED-C1-FUSED-EQUIV-001,weight,4,37,-0.08682014058306502,0.7373705688518672,,-0.11774288838005764,-0.11774289,2.49378850902815e-10,2.117995017226474e-09,"coef[class,feature]/frozen_scale[feature]"
EXP-EMBED-C1-FUSED-EQUIV-001,weight,4,38,-0.041531119829542586,1.1548223662805643,,-0.03596321048344901,-0.03596321,7.251329120494532e-10,2.0163186275685087e-08,"coef[class,feature]/frozen_scale[feature]"
EXP-EMBED-C1-FUSED-EQUIV-001,weight,4,39,0.3493760905897875,1.610562396008296,,0.2169280069221161,0.216928,1.7036102528678043e-09,7.853343959774882e-09,"coef[class,feature]/frozen_scale[feature]"
EXP-EMBED-C1-FUSED-EQUIV-001,weight,4,40,-0.08568363582437187,2990.9330202099954,,-2.8647794934022283e-05,-2.8647795e-05,3.2732724611849416e-13,1.1425914171486843e-08,"coef[class,feature]/frozen_scale[feature]"
EXP-EMBED-C1-FUSED-EQUIV-001,weight,4,41,-0.03360207842606004,2.1115146160914633,,-0.01591373233696078,-0.015913732,1.2911810509663724e-11,8.113628051714256e-10,"coef[class,feature]/frozen_scale[feature]"
EXP-EMBED-C1-FUSED-EQUIV-001,weight,4,42,0.11071389389057668,0.8137646076567749,,0.1360514979993735,0.13605149,7.0964727982847364e-09,5.216019597459644e-08,"coef[class,feature]/frozen_scale[feature]"
EXP-EMBED-C1-FUSED-EQUIV-001,weight,4,43,0.1434526489854746,1.5625236919745433,,0.09180830327391397,0.091808304,9.167217124295135e-10,9.985172143901139e-09,"coef[class,feature]/frozen_scale[feature]"
EXP-EMBED-C1-FUSED-EQUIV-001,weight,4,44,0.1268509685361612,2.0370148240513997,,0.0622729727041792,0.062272973,6.544519370876856e-10,1.0509405744874047e-08,"coef[class,feature]/frozen_scale[feature]"
EXP-EMBED-C1-FUSED-EQUIV-001,weight,4,45,-0.05816917403880304,0.8798778821626543,,-0.06611050830807211,-0.06611051,1.6542864023083581e-09,2.502304769159322e-08,"coef[class,feature]/frozen_scale[feature]"
EXP-EMBED-C1-FUSED-EQUIV-001,weight,4,46,0.007518541992370539,1.403111573157864,,0.005358477640840204,0.0053584776,5.209723277777023e-11,9.722394357066205e-09,"coef[class,feature]/frozen_scale[feature]"
EXP-EMBED-C1-FUSED-EQUIV-001,weight,4,47,0.25018985657722626,1.849106912323894,,0.13530307788574336,0.13530308,2.1961963359018455e-09,1.6231680536908576e-08,"coef[class,feature]/frozen_scale[feature]"
EXP-EMBED-C1-FUSED-EQUIV-001,weight,4,48,-0.1714475110578767,10744.057568725953,,-1.5957426694820586e-05,-1.5957427e-05,1.822066938517511e-13,1.1418300540330302e-08,"coef[class,feature]/frozen_scale[feature]"
EXP-EMBED-C1-FUSED-EQUIV-001,weight,4,49,-0.015411233547272403,5.622566196447528,,-0.0027409608013169483,-0.0027409608,2.966836845641474e-13,1.0824076156857111e-10,"coef[class,feature]/frozen_scale[feature]"
EXP-EMBED-C1-FUSED-EQUIV-001,weight,4,50,0.05764991430360542,3.3677927587005363,,0.017118011241834742,0.01711801,5.718880716210073e-10,3.340855801188919e-08,"coef[class,feature]/frozen_scale[feature]"
EXP-EMBED-C1-FUSED-EQUIV-001,weight,4,51,0.05833833651160195,6.532572452279063,,0.00893037726527611,0.008930378,3.9690574438200343e-10,4.444445431496918e-08,"coef[class,feature]/frozen_scale[feature]"
EXP-EMBED-C1-FUSED-EQUIV-001,weight,4,52,-0.05059721122611907,8.58322849054793,,-0.00589489272968068,-0.005894893,1.1934743037594897e-10,2.024590367438525e-08,"coef[class,feature]/frozen_scale[feature]"
EXP-EMBED-C1-FUSED-EQUIV-001,weight,4,53,0.016787726782383414,3.364873474528251,,0.00498911085646007,0.004989111,8.23881674688609e-12,1.6513597280000686e-09,"coef[class,feature]/frozen_scale[feature]"
EXP-EMBED-C1-FUSED-EQUIV-001,weight,4,54,0.03840448415336551,5.528884025825645,,0.006946154770831977,0.006946155,9.926089204054245e-11,1.4290049000542707e-08,"coef[class,feature]/frozen_scale[feature]"
EXP-EMBED-C1-FUSED-EQUIV-001,weight,4,55,0.02998779292341547,7.154875525401663,,0.0041912389414674,0.004191239,4.268347741226419e-11,1.0183976148427422e-08,"coef[class,feature]/frozen_scale[feature]"
EXP-EMBED-C1-FUSED-EQUIV-001,weight,4,56,-0.12268412550457759,10803.627520998441,,-1.1355827037365267e-05,-1.1355827e-05,1.1769207367028946e-13,1.0364024855524383e-08,"coef[class,feature]/frozen_scale[feature]"
EXP-EMBED-C1-FUSED-EQUIV-001,weight,4,57,0.011285362804485182,5.630360877937785,,0.0020043764599008505,0.0020043764,8.012782971855703e-11,3.997643722203796e-08,"coef[class,feature]/frozen_scale[feature]"
EXP-EMBED-C1-FUSED-EQUIV-001,weight,4,58,0.0747268873220569,3.544394617477665,,0.021083117256067718,0.021083117,7.246956472417576e-10,3.437326835685033e-08,"coef[class,feature]/frozen_scale[feature]"
EXP-EMBED-C1-FUSED-EQUIV-001,weight,4,59,0.056115294870156096,6.96123399867767,,0.008061113141838867,0.008061113,3.0583556347163476e-10,3.7939619267255295e-08,"coef[class,feature]/frozen_scale[feature]"
EXP-EMBED-C1-FUSED-EQUIV-001,weight,4,60,-0.031519523712089326,9.058947581374015,,-0.003479380295443613,-0.0034793804,9.795717535732162e-11,2.8153627094342188e-08,"coef[class,feature]/frozen_scale[feature]"
EXP-EMBED-C1-FUSED-EQUIV-001,weight,4,61,-0.006850972243143648,3.4269819201833402,,-0.001999127046102749,-0.001999127,6.60215484712956e-11,3.3025188969356926e-08,"coef[class,feature]/frozen_scale[feature]"
EXP-EMBED-C1-FUSED-EQUIV-001,weight,4,62,0.0424650930839742,5.740604645051394,,0.007397320615099426,0.0073973206,2.7911420570625456e-11,3.773179779939862e-09,"coef[class,feature]/frozen_scale[feature]"
EXP-EMBED-C1-FUSED-EQUIV-001,weight,4,63,0.10743023390799822,7.328726560980533,,0.014658785945156726,0.014658786,4.1129240117843135e-10,2.8057739755339197e-08,"coef[class,feature]/frozen_scale[feature]"
EXP-EMBED-C1-FUSED-EQUIV-001,weight,4,64,-0.14951671775201028,111976.65547235454,,-1.3352490045474152e-06,-1.335249e-06,5.136481568719783e-14,3.846834224348141e-08,"coef[class,feature]/frozen_scale[feature]"
EXP-EMBED-C1-FUSED-EQUIV-001,weight,4,65,0.10575327389047588,3.9116326082044526,,0.027035584494480312,0.027035585,1.7880517205748347e-10,6.6136972956508125e-09,"coef[class,feature]/frozen_scale[feature]"
EXP-EMBED-C1-FUSED-EQUIV-001,weight,4,66,0.13102385332755528,26.12219812552033,,0.005015805052008632,0.005015805,1.5401482866828076e-10,3.070590405155477e-08,"coef[class,feature]/frozen_scale[feature]"
EXP-EMBED-C1-FUSED-EQUIV-001,weight,4,67,0.09967982509570651,36.229715545522986,,0.002751327842208914,0.0027513278,2.3949317355664856e-11,8.704639624639227e-09,"coef[class,feature]/frozen_scale[feature]"
EXP-EMBED-C1-FUSED-EQUIV-001,weight,4,68,-0.09022562759404633,41.77334725360916,,-0.0021598850349788755,-0.0021598851,9.584378299690166e-11,4.437448356960307e-08,"coef[class,feature]/frozen_scale[feature]"
EXP-EMBED-C1-FUSED-EQUIV-001,weight,4,69,-0.2600157214491685,18.917897499780477,,-0.013744430185869532,-0.013744431,4.306284617089373e-10,3.133112510925777e-08,"coef[class,feature]/frozen_scale[feature]"
EXP-EMBED-C1-FUSED-EQUIV-001,weight,4,70,-0.31802658990871074,25.174862588827978,,-0.012632704102617172,-0.012632704,2.37304302944108e-10,1.878491738716057e-08,"coef[class,feature]/frozen_scale[feature]"
EXP-EMBED-C1-FUSED-EQUIV-001,weight,4,71,-0.05413502575575375,67.75158451576067,,-0.0007990222832819596,-0.00079902227,1.7572022938290577e-11,2.1991905990548888e-08,"coef[class,feature]/frozen_scale[feature]"
EXP-EMBED-C1-FUSED-EQUIV-001,weight,4,72,-0.04974532069251258,116872.6030164394,,-4.2563714171331805e-07,-4.2563715e-07,1.2253499958105073e-14,2.8788605967940287e-08,"coef[class,feature]/frozen_scale[feature]"
EXP-EMBED-C1-FUSED-EQUIV-001,weight,4,73,0.31459666189811697,3.854133240842415,,0.08162578775542129,0.08162579,1.6484941189887081e-09,2.0195751420227135e-08,"coef[class,feature]/frozen_scale[feature]"
EXP-EMBED-C1-FUSED-EQUIV-001,weight,4,74,0.1636554814474486,26.62024691814763,,0.006147782248251083,0.0061477823,7.00429653513468e-11,1.1393208562530427e-08,"coef[class,feature]/frozen_scale[feature]"
EXP-EMBED-C1-FUSED-EQUIV-001,weight,4,75,0.11894306459092595,36.37009512853772,,0.0032703534090455957,0.0032703534,1.43859199726315e-11,4.398888491023916e-09,"coef[class,feature]/frozen_scale[feature]"
EXP-EMBED-C1-FUSED-EQUIV-001,weight,4,76,-0.06276749442510456,41.72385469182667,,-0.0015043551198398776,-0.0015043551,9.611815900492648e-12,6.389326412181004e-09,"coef[class,feature]/frozen_scale[feature]"
EXP-EMBED-C1-FUSED-EQUIV-001,weight,4,77,-0.4523800360388089,19.56490873622848,,-0.02312201105242743,-0.02312201,2.9986872013276766e-10,1.296897226858156e-08,"coef[class,feature]/frozen_scale[feature]"
EXP-EMBED-C1-FUSED-EQUIV-001,weight,4,78,-0.4969548025276723,26.157882103731428,,-0.018998281304157327,-0.018998282,7.26067473505454e-10,3.821753462228034e-08,"coef[class,feature]/frozen_scale[feature]"
EXP-EMBED-C1-FUSED-EQUIV-001,weight,4,79,-0.18483520450863464,74.06107722921303,,-0.0024957131522214382,-0.002495713,8.591174776792498e-11,3.442372681790566e-08,"coef[class,feature]/frozen_scale[feature]"
EXP-EMBED-C1-FUSED-EQUIV-001,weight,4,80,-0.09067380434674573,11497.581800944647,,-7.886336963420945e-06,-7.886337e-06,1.7447837371133233e-13,2.2124133741762776e-08,"coef[class,feature]/frozen_scale[feature]"
EXP-EMBED-C1-FUSED-EQUIV-001,weight,4,81,0.13092051843197755,4.651545116421973,,0.028145597893863547,0.028145598,3.537837384159914e-10,1.2569771647776054e-08,"coef[class,feature]/frozen_scale[feature]"
EXP-EMBED-C1-FUSED-EQUIV-001,weight,4,82,0.11400654761712772,3.46153800176168,,0.03293522924177241,0.03293523,1.0430057026389328e-09,3.166839055475794e-08,"coef[class,feature]/frozen_scale[feature]"
EXP-EMBED-C1-FUSED-EQUIV-001,weight,4,83,0.10815515308137277,6.016800785858034,,0.017975525022464106,0.017975526,9.080597662691758e-10,5.051645307351907e-08,"coef[class,feature]/frozen_scale[feature]"
EXP-EMBED-C1-FUSED-EQUIV-001,weight,4,84,-0.013224315849283888,7.32741238208222,,-0.001804772975739896,-0.001804773,2.1535098791020113e-11,1.1932303442316034e-08,"coef[class,feature]/frozen_scale[feature]"
EXP-EMBED-C1-FUSED-EQUIV-001,weight,4,85,-0.03528310671845898,3.154181219455131,,-0.011186138101650978,-0.011186138,3.0620267432723836e-10,2.7373403720274605e-08,"coef[class,feature]/frozen_scale[feature]"
EXP-EMBED-C1-FUSED-EQUIV-001,weight,4,86,-0.023200694767783102,4.7364641351152255,,-0.004898315305668137,-0.0048983153,1.00910876876803e-11,2.060113948974108e-09,"coef[class,feature]/frozen_scale[feature]"
EXP-EMBED-C1-FUSED-EQUIV-001,weight,4,87,-0.2400315156508063,6.168467452238101,,-0.03891266631612295,-0.038912665,1.2172173893820748e-09,3.128075006460651e-08,"coef[class,feature]/frozen_scale[feature]"
EXP-EMBED-C1-FUSED-EQUIV-001,weight,4,88,-0.3239163500520028,8564.421792151703,,-3.782115803180484e-05,-3.782116e-05,8.804608314671482e-13,2.32795841609806e-08,"coef[class,feature]/frozen_scale[feature]"
EXP-EMBED-C1-FUSED-EQUIV-001,weight,4,89,-0.19614285563940642,4.45787824966158,,-0.04399915041517713,-0.04399915,1.9783757965186055e-11,4.4963954482088857e-10,"coef[class,feature]/frozen_scale[feature]"
EXP-EMBED-C1-FUSED-EQUIV-001,weight,4,90,-0.008850266813153816,2.755135361534976,,-0.003212280215598207,-0.00321228,1.0979877033620578e-10,3.4180944054333844e-08,"coef[class,feature]/frozen_scale[feature]"
EXP-EMBED-C1-FUSED-EQUIV-001,weight,4,91,0.014871264005331026,4.645099654104143,,0.0032014951481593363,0.0032014952,9.395409363704976e-12,2.93469423781784e-09,"coef[class,feature]/frozen_scale[feature]"
EXP-EMBED-C1-FUSED-EQUIV-001,weight,4,92,-0.050385898954100776,6.129894947566944,,-0.008219700237130452,-0.0082197,6.952352409050899e-11,8.458158093947727e-09,"coef[class,feature]/frozen_scale[feature]"
EXP-EMBED-C1-FUSED-EQUIV-001,weight,4,93,0.15162524544268813,2.1633991684316607,,0.07008657840642865,0.070086576,2.361869172462505e-09,3.3699307715753235e-08,"coef[class,feature]/frozen_scale[feature]"
EXP-EMBED-C1-FUSED-EQUIV-001,weight,4,94,0.15020739394779464,3.2501974402617546,,0.04621485208470833,0.046214852,3.9737212825796675e-10,8.598364169371648e-09,"coef[class,feature]/frozen_scale[feature]"
EXP-EMBED-C1-FUSED-EQUIV-001,weight,4,95,0.021920888176611794,4.725895581999588,,0.00463846223350893,0.0046384623,9.391178112938547e-11,2.024631793937073e-08,"coef[class,feature]/frozen_scale[feature]"
EXP-EMBED-C1-FUSED-EQUIV-001,weight,4,96,-0.22323871615781785,2694.4732945222427,,-8.285059518372415e-05,-8.2850594e-05,7.027365072232589e-13,8.481972949800972e-09,"coef[class,feature]/frozen_scale[feature]"
EXP-EMBED-C1-FUSED-EQUIV-001,weight,4,97,-0.16152159244190117,1.6877778328373438,,-0.09570074289361015,-0.09570074,2.079401165144823e-09,2.1728161164396382e-08,"coef[class,feature]/frozen_scale[feature]"
EXP-EMBED-C1-FUSED-EQUIV-001,weight,4,98,0.008287254773099067,0.7777026931214807,,0.0106560705606359,0.010656071,3.348571298716907e-10,3.142407212548601e-08,"coef[class,feature]/frozen_scale[feature]"
EXP-EMBED-C1-FUSED-EQUIV-001,weight,4,99,-0.04014285585314042,1.6764571665688655,,-0.023945053087934907,-0.023945052,9.112209632677892e-10,3.8054664565639335e-08,"coef[class,feature]/frozen_scale[feature]"
EXP-EMBED-C1-FUSED-EQUIV-001,weight,4,100,-0.09621841920066712,2.0194083930480877,,-0.0476468353463835,-0.047646835,9.997423028318408e-11,2.09823442745757e-09,"coef[class,feature]/frozen_scale[feature]"
EXP-EMBED-C1-FUSED-EQUIV-001,weight,4,101,0.038182716119789586,0.8156588670555229,,0.04681211430659337,0.046812113,9.321217062097098e-10,1.9911976205663986e-08,"coef[class,feature]/frozen_scale[feature]"
EXP-EMBED-C1-FUSED-EQUIV-001,weight,4,102,0.07051335832514738,1.3831542652115445,,0.050980111256326725,0.05098011,1.5349045298651554e-09,3.010790859493605e-08,"coef[class,feature]/frozen_scale[feature]"
EXP-EMBED-C1-FUSED-EQUIV-001,weight,4,103,0.5789077372938138,1.8379944113100042,,0.3149670824522288,0.3149671,1.3399669374081213e-08,4.254307869176629e-08,"coef[class,feature]/frozen_scale[feature]"
EXP-EMBED-C1-FUSED-EQUIV-001,weight,4,104,-0.1769389606555677,2736.173682049294,,-6.466656770232762e-05,-6.4666565e-05,2.834961513589404e-12,4.383967812609547e-08,"coef[class,feature]/frozen_scale[feature]"
EXP-EMBED-C1-FUSED-EQUIV-001,weight,4,105,-0.03993086257373106,1.6499788203059058,,-0.024200833418169504,-0.024200834,9.157271330106909e-10,3.783866105715108e-08,"coef[class,feature]/frozen_scale[feature]"
EXP-EMBED-C1-FUSED-EQUIV-001,weight,4,106,0.09763743185827596,0.7990250134026983,,0.1221957138018506,0.12219571,5.798237723286803e-10,4.745041820934141e-09,"coef[class,feature]/frozen_scale[feature]"
EXP-EMBED-C1-FUSED-EQUIV-001,weight,4,107,0.110221251782142,1.7504571127280775,,0.06296712497592288,0.06296712,3.3748181471615624e-09,5.3596510059050845e-08,"coef[class,feature]/frozen_scale[feature]"
EXP-EMBED-C1-FUSED-EQUIV-001,weight,4,108,-0.06050817411042756,2.241659233499318,,-0.026992583531963477,-0.026992584,1.1540686115085741e-10,4.2755026029352644e-09,"coef[class,feature]/frozen_scale[feature]"
EXP-EMBED-C1-FUSED-EQUIV-001,weight,4,109,-0.036065617682340394,0.8078617581602229,,-0.04464330353311206,-0.044643305,1.7089495582545133e-09,3.828008733688314e-08,"coef[class,feature]/frozen_scale[feature]"
EXP-EMBED-C1-FUSED-EQUIV-001,weight,4,110,0.011086078385628854,1.3606105643357003,,0.008147870284280413,0.00814787,9.383880478219808e-11,1.1516973332680584e-08,"coef[class,feature]/frozen_scale[feature]"
EXP-EMBED-C1-FUSED-EQUIV-001,weight,4,111,0.2925093996676634,1.6206351884688823,,0.18049058896716644,0.18049058,5.785785212042427e-09,3.205588305268889e-08,"coef[class,feature]/frozen_scale[feature]"
EXP-EMBED-C1-FUSED-EQUIV-001,weight,4,112,-0.1083644141507265,12430.306290422031,,-8.71775896899861e-06,-8.717759e-06,3.224727020920701e-13,3.6990320934407736e-08,"coef[class,feature]/frozen_scale[feature]"
EXP-EMBED-C1-FUSED-EQUIV-001,weight,4,113,-0.012066564984148322,6.224096665144418,,-0.0019386853439668326,-0.0019386853,3.4824958238324766e-11,1.796318229087544e-08,"coef[class,feature]/frozen_scale[feature]"
EXP-EMBED-C1-FUSED-EQUIV-001,weight,4,114,0.11114024111665997,4.117345706627781,,0.02699317692409338,0.026993178,9.070795642385221e-10,3.360403137390203e-08,"coef[class,feature]/frozen_scale[feature]"
EXP-EMBED-C1-FUSED-EQUIV-001,weight,4,115,0.05751647865576083,8.191023721125132,,0.007021891354974647,0.0070218914,6.386981481892873e-11,9.095813590690245e-09,"coef[class,feature]/frozen_scale[feature]"
EXP-EMBED-C1-FUSED-EQUIV-001,weight,4,116,-0.042965102373524994,9.058808643350943,,-0.00474290870522592,-0.0047429088,5.195405564095701e-11,1.0954049270168753e-08,"coef[class,feature]/frozen_scale[feature]"
EXP-EMBED-C1-FUSED-EQUIV-001,weight,4,117,-0.021783901371121885,4.003117611885722,,-0.005441734039100661,-0.005441734,6.252263550637904e-11,1.1489469176026097e-08,"coef[class,feature]/frozen_scale[feature]"
EXP-EMBED-C1-FUSED-EQUIV-001,weight,4,118,0.03311423760528518,6.939663836047355,,0.004771735113922486,0.004771735,6.041301226639151e-11,1.2660596370935287e-08,"coef[class,feature]/frozen_scale[feature]"
EXP-EMBED-C1-FUSED-EQUIV-001,weight,4,119,0.06402496815211192,8.607031875668532,,0.007438681426649059,0.0074386816,1.274001945605896e-10,1.712671739163055e-08,"coef[class,feature]/frozen_scale[feature]"
EXP-EMBED-C1-FUSED-EQUIV-001,weight,4,120,-0.26327875681359975,10191.66351372981,,-2.583275600287636e-05,-2.5832756e-05,3.6137605969178803e-13,1.3989063329191453e-08,"coef[class,feature]/frozen_scale[feature]"
EXP-EMBED-C1-FUSED-EQUIV-001,weight,4,121,-0.1340814640923601,5.715248685206965,,-0.023460302688036862,-0.023460303,1.8611997706918793e-10,7.93340049973423e-09,"coef[class,feature]/frozen_scale[feature]"
EXP-EMBED-C1-FUSED-EQUIV-001,weight,4,122,0.042517655482952096,3.3637688518166087,,0.012639886197884961,0.012639886,4.295906269602412e-10,3.398690622959286e-08,"coef[class,feature]/frozen_scale[feature]"
EXP-EMBED-C1-FUSED-EQUIV-001,weight,4,123,0.03284795901662911,6.7426298752223355,,0.004871683545516572,0.0048716837,1.153780604043475e-10,2.3683406224226193e-08,"coef[class,feature]/frozen_scale[feature]"
EXP-EMBED-C1-FUSED-EQUIV-001,weight,4,124,-0.04138119381905328,7.439912799713269,,-0.005562053606414325,-0.0055620535,7.873130532937145e-11,1.4155078483705402e-08,"coef[class,feature]/frozen_scale[feature]"
EXP-EMBED-C1-FUSED-EQUIV-001,weight,4,125,0.05291092839252688,3.2389606873236665,,0.016335773570702664,0.016335774,6.423729742577322e-10,3.9323082649100486e-08,"coef[class,feature]/frozen_scale[feature]"
EXP-EMBED-C1-FUSED-EQUIV-001,weight,4,126,0.08821923476463078,5.505298424010391,,0.016024423740569286,0.016024424,2.258665129928339e-11,1.4095141057771962e-09,"coef[class,feature]/frozen_scale[feature]"
EXP-EMBED-C1-FUSED-EQUIV-001,weight,4,127,0.031523521808380875,7.113110886285268,,0.004431748965021918,0.0044317488,2.0229513463670967e-10,4.564679458005112e-08,"coef[class,feature]/frozen_scale[feature]"
EXP-EMBED-C1-FUSED-EQUIV-001,bias,4,-1,,,1.5650580845980262,-0.27649014782560144,-0.27649015,4.056570190869024e-09,1.4671662707590367e-08,"intercept[class]-sum(coef[class,:]*mean/scale)"
EXP-EMBED-C1-FUSED-EQUIV-001,weight,5,0,0.735492470945014,154334.58980382542,,4.76557116508942e-06,4.7655712e-06,8.27550715129001e-14,1.736519477856697e-08,"coef[class,feature]/frozen_scale[feature]"
EXP-EMBED-C1-FUSED-EQUIV-001,weight,5,1,-0.2123701797994459,4.882982232582464,,-0.04349190099082741,-0.0434919,1.023633809660307e-09,2.3536193781830662e-08,"coef[class,feature]/frozen_scale[feature]"
EXP-EMBED-C1-FUSED-EQUIV-001,weight,5,2,0.0635656226529184,34.37264409500996,,0.0018493084930334622,0.0018493085,5.136793768123482e-13,2.777683543591737e-10,"coef[class,feature]/frozen_scale[feature]"
EXP-EMBED-C1-FUSED-EQUIV-001,weight,5,3,0.0016067144275702747,46.115512234263214,,3.484108382897907e-05,3.4841083e-05,7.223942242464386e-13,2.0733976812902335e-08,"coef[class,feature]/frozen_scale[feature]"
EXP-EMBED-C1-FUSED-EQUIV-001,weight,5,4,0.09204636906990649,56.55376812499446,,0.0016275903820673222,0.0016275904,8.78626164879659e-12,5.398324876825896e-09,"coef[class,feature]/frozen_scale[feature]"
EXP-EMBED-C1-FUSED-EQUIV-001,weight,5,5,-0.4098025722234105,28.66768560512019,,-0.014294930461711835,-0.014294931,2.720284952156815e-10,1.9029717978992238e-08,"coef[class,feature]/frozen_scale[feature]"
EXP-EMBED-C1-FUSED-EQUIV-001,weight,5,6,-0.362557176398569,40.397114685636396,,-0.008974828504954584,-0.008974829,2.5239109240071667e-10,2.8122107543490478e-08,"coef[class,feature]/frozen_scale[feature]"
EXP-EMBED-C1-FUSED-EQUIV-001,weight,5,7,-0.2456007344268183,121.50729241940589,,-0.00202128390433621,-0.0020212838,6.171297630905292e-11,3.0531572619097004e-08,"coef[class,feature]/frozen_scale[feature]"
EXP-EMBED-C1-FUSED-EQUIV-001,weight,5,8,0.7868246056874563,121695.0100987497,,6.465545341990486e-06,6.4655455e-06,1.9696790907146452e-13,3.0464237531868564e-08,"coef[class,feature]/frozen_scale[feature]"
EXP-EMBED-C1-FUSED-EQUIV-001,weight,5,9,-0.2461930517028058,3.6398874407945385,,-0.06763754531075972,-0.06763755,2.539849108806891e-09,3.755087647160451e-08,"coef[class,feature]/frozen_scale[feature]"
EXP-EMBED-C1-FUSED-EQUIV-001,weight,5,10,0.009125601190387474,28.50440778144265,,0.0003201470193788258,0.00032014702,5.088761660318464e-12,1.5895077424715918e-08,"coef[class,feature]/frozen_scale[feature]"
EXP-EMBED-C1-FUSED-EQUIV-001,weight,5,11,-0.07579340019163402,41.066281640556525,,-0.0018456358151691399,-0.0018456358,7.805005556790756e-12,4.22889797252633e-09,"coef[class,feature]/frozen_scale[feature]"
EXP-EMBED-C1-FUSED-EQUIV-001,weight,5,12,0.1071300599295834,47.619283909088075,,0.0022497200952057528,0.00224972,5.4496972472922733e-11,2.42238901581837e-08,"coef[class,feature]/frozen_scale[feature]"
EXP-EMBED-C1-FUSED-EQUIV-001,weight,5,13,-0.42837957256099674,20.60162944221834,,-0.020793480135271755,-0.02079348,6.633303489822495e-10,3.190088165458409e-08,"coef[class,feature]/frozen_scale[feature]"
EXP-EMBED-C1-FUSED-EQUIV-001,weight,5,14,-0.38563915328587683,27.895368644725483,,-0.013824486716679197,-0.013824487,3.8833274269844953e-10,2.8090210555877448e-08,"coef[class,feature]/frozen_scale[feature]"
EXP-EMBED-C1-FUSED-EQUIV-001,weight,5,15,-0.2824983873761172,81.3575884968824,,-0.0034723053201969286,-0.0034723054,4.843514955429895e-11,1.3948989241404611e-08,"coef[class,feature]/frozen_scale[feature]"
EXP-EMBED-C1-FUSED-EQUIV-001,weight,5,16,0.17348801468696115,10637.343896389673,,1.6309335899711128e-05,1.6309335e-05,4.21129639813873e-13,2.5821384905153132e-08,"coef[class,feature]/frozen_scale[feature]"
EXP-EMBED-C1-FUSED-EQUIV-001,weight,5,17,-0.04544592383850009,4.743102698719503,,-0.009581475823993678,-0.0095814755,3.05349821816403e-10,3.1868767132068954e-08,"coef[class,feature]/frozen_scale[feature]"
EXP-EMBED-C1-FUSED-EQUIV-001,weight,5,18,-0.10950775560275791,3.0754733527175047,,-0.035606797082470665,-0.035606798,7.020962144999032e-10,1.9718039027035863e-08,"coef[class,feature]/frozen_scale[feature]"
EXP-EMBED-C1-FUSED-EQUIV-001,weight,5,19,-0.12266715109364452,5.257797561915241,,-0.02333051998467605,-0.02333052,8.538230192312035e-10,3.659682766573619e-08,"coef[class,feature]/frozen_scale[feature]"
EXP-EMBED-C1-FUSED-EQUIV-001,weight,5,20,-0.058161204104801766,6.655361503473069,,-0.008738999988873725,-0.008739,1.9745039457619296e-10,2.2594163500123794e-08,"coef[class,feature]/frozen_scale[feature]"
EXP-EMBED-C1-FUSED-EQUIV-001,weight,5,21,-0.04697265002320728,2.9434653381860647,,-0.015958282033704727,-0.015958281,7.997979813156864e-10,5.011805027799804e-08,"coef[class,feature]/frozen_scale[feature]"
EXP-EMBED-C1-FUSED-EQUIV-001,weight,5,22,-0.017003893362114452,4.402392608360524,,-0.0038624209321591607,-0.003862421,9.615686025199466e-11,2.4895489627082488e-08,"coef[class,feature]/frozen_scale[feature]"
EXP-EMBED-C1-FUSED-EQUIV-001,weight,5,23,0.03032560402707638,5.702491391963715,,0.00531795700205931,0.005317957,1.3844600379314675e-10,2.6033682434727346e-08,"coef[class,feature]/frozen_scale[feature]"
EXP-EMBED-C1-FUSED-EQUIV-001,weight,5,24,0.1416541362997651,10029.321246450652,,1.4124000300608187e-05,1.4124001e-05,3.9905860733935317e-13,2.8253936480174778e-08,"coef[class,feature]/frozen_scale[feature]"
EXP-EMBED-C1-FUSED-EQUIV-001,weight,5,25,-0.07507740108883816,4.337780825262105,,-0.017307790345608736,-0.01730779,3.493423710032584e-10,2.0184111549045436e-08,"coef[class,feature]/frozen_scale[feature]"
EXP-EMBED-C1-FUSED-EQUIV-001,weight,5,26,-0.10790888994841505,3.1595490611038577,,-0.03415325663932394,-0.034153257,7.399152818221566e-11,2.1664560121924676e-09,"coef[class,feature]/frozen_scale[feature]"
EXP-EMBED-C1-FUSED-EQUIV-001,weight,5,27,-0.10396181439765727,5.489608869294815,,-0.018937927432161848,-0.018937927,6.927075787976911e-10,3.6577792436847215e-08,"coef[class,feature]/frozen_scale[feature]"
EXP-EMBED-C1-FUSED-EQUIV-001,weight,5,28,-0.06420165902338287,7.148990746209918,,-0.008980520650053964,-0.008980521,3.508677619279421e-10,3.906986861901306e-08,"coef[class,feature]/frozen_scale[feature]"
EXP-EMBED-C1-FUSED-EQUIV-001,weight,5,29,-0.03216266265956056,2.687721613396702,,-0.0119665156165165,-0.011966515,2.8405609635295814e-10,2.3737577876127654e-08,"coef[class,feature]/frozen_scale[feature]"
EXP-EMBED-C1-FUSED-EQUIV-001,weight,5,30,-0.007925733409307889,4.044780180860998,,-0.001959496698191585,-0.0019594966,5.4797353286895056e-11,2.7965014351627848e-08,"coef[class,feature]/frozen_scale[feature]"
EXP-EMBED-C1-FUSED-EQUIV-001,weight,5,31,-0.05892894690139492,4.979130532242132,,-0.011835188195971812,-0.011835189,4.0891948854815396e-10,3.455116063869035e-08,"coef[class,feature]/frozen_scale[feature]"
EXP-EMBED-C1-FUSED-EQUIV-001,weight,5,32,0.14848045826117218,2577.8094307440624,,5.7599470500158184e-05,5.759947e-05,3.9229724476492686e-13,6.810778664429728e-09,"coef[class,feature]/frozen_scale[feature]"
EXP-EMBED-C1-FUSED-EQUIV-001,weight,5,33,-0.04761785477323586,2.0002931661191585,,-0.02380543791269406,-0.023805438,3.0314072432813255e-10,1.2734095690232406e-08,"coef[class,feature]/frozen_scale[feature]"
EXP-EMBED-C1-FUSED-EQUIV-001,weight,5,34,-0.2473299389520089,0.6929177841236928,,-0.3569398052971,-0.3569398,1.2664043369525757e-08,3.5479493129057994e-08,"coef[class,feature]/frozen_scale[feature]"
EXP-EMBED-C1-FUSED-EQUIV-001,weight,5,35,-0.2954274491601085,1.3015390447893804,,-0.22698316300446875,-0.22698316,3.2239664271571655e-09,1.4203548776407233e-08,"coef[class,feature]/frozen_scale[feature]"
EXP-EMBED-C1-FUSED-EQUIV-001,weight,5,36,-0.2097354806244984,1.7030976278086734,,-0.12314941739092139,-0.12314942,5.016592696804878e-11,4.073582159857382e-10,"coef[class,feature]/frozen_scale[feature]"
EXP-EMBED-C1-FUSED-EQUIV-001,weight,5,37,0.057271300041557,0.7373705688518672,,0.07766963106587241,0.07766963,3.101375795067085e-09,3.993035311879847e-08,"coef[class,feature]/frozen_scale[feature]"
EXP-EMBED-C1-FUSED-EQUIV-001,weight,5,38,0.03645738760194339,1.1548223662805643,,0.03156969302505357,0.031569693,2.1248953291364003e-10,6.730807700442613e-09,"coef[class,feature]/frozen_scale[feature]"
EXP-EMBED-C1-FUSED-EQUIV-001,weight,5,39,0.02452038425426857,1.610562396008296,,0.015224734114642936,0.015224734,2.065936744594099e-10,1.3569608040688934e-08,"coef[class,feature]/frozen_scale[feature]"
EXP-EMBED-C1-FUSED-EQUIV-001,weight,5,40,0.13701019404892778,2990.9330202099954,,4.5808512970079214e-05,4.5808512e-05,6.018397518087019e-13,1.3138163908568831e-08,"coef[class,feature]/frozen_scale[feature]"
EXP-EMBED-C1-FUSED-EQUIV-001,weight,5,41,-0.06192364953205968,2.1115146160914633,,-0.029326649723450157,-0.02932665,3.4073970034409484e-10,1.1618773489548408e-08,"coef[class,feature]/frozen_scale[feature]"
EXP-EMBED-C1-FUSED-EQUIV-001,weight,5,42,-0.23867216299687907,0.8137646076567749,,-0.2932938601054826,-0.29329386,3.4294447837091013e-09,1.169286251841654e-08,"coef[class,feature]/frozen_scale[feature]"
EXP-EMBED-C1-FUSED-EQUIV-001,weight,5,43,-0.2922795656028731,1.5625236919745433,,-0.18705608567990592,-0.18705608,6.17303183569895e-09,3.30009676683942e-08,"coef[class,feature]/frozen_scale[feature]"
EXP-EMBED-C1-FUSED-EQUIV-001,weight,5,44,-0.1632108713721114,2.0370148240513997,,-0.08012257419290786,-0.080122575,9.70933389243811e-10,1.2118100286020944e-08,"coef[class,feature]/frozen_scale[feature]"
EXP-EMBED-C1-FUSED-EQUIV-001,weight,5,45,0.06008399142279988,0.8798778821626543,,0.06828673914966389,0.06828674,1.4009669813130898e-10,2.0515944951516774e-09,"coef[class,feature]/frozen_scale[feature]"
EXP-EMBED-C1-FUSED-EQUIV-001,weight,5,46,0.08944024614395478,1.403111573157864,,0.06374421525343078,0.06374422,1.9039331083936517e-09,2.9868327672151866e-08,"coef[class,feature]/frozen_scale[feature]"
EXP-EMBED-C1-FUSED-EQUIV-001,weight,5,47,-0.10562999495487774,1.849106912323894,,-0.05712487160741052,-0.05712487,1.5319624735443682e-10,2.681778410064093e-09,"coef[class,feature]/frozen_scale[feature]"
EXP-EMBED-C1-FUSED-EQUIV-001,weight,5,48,0.23315635060431186,10744.057568725953,,2.17009587963293e-05,2.1700958e-05,4.824432242318388e-13,2.2231424369758428e-08,"coef[class,feature]/frozen_scale[feature]"
EXP-EMBED-C1-FUSED-EQUIV-001,weight,5,49,-0.15528596291073143,5.622566196447528,,-0.02761834320578472,-0.027618343,1.9523994226888775e-10,7.069212690064418e-09,"coef[class,feature]/frozen_scale[feature]"
EXP-EMBED-C1-FUSED-EQUIV-001,weight,5,50,-0.1371229775841589,3.3677927587005363,,-0.04071597850844831,-0.040715978,9.588953936434663e-10,2.3550837503377243e-08,"coef[class,feature]/frozen_scale[feature]"
EXP-EMBED-C1-FUSED-EQUIV-001,weight,5,51,-0.14317055072200574,6.532572452279063,,-0.021916412220128818,-0.021916412,4.0305499562909297e-10,1.8390555515236787e-08,"coef[class,feature]/frozen_scale[feature]"
EXP-EMBED-C1-FUSED-EQUIV-001,weight,5,52,-0.06819148832772853,8.58322849054793,,-0.007944736459343096,-0.007944737,1.7038140689984438e-10,2.1445822372052884e-08,"coef[class,feature]/frozen_scale[feature]"
EXP-EMBED-C1-FUSED-EQUIV-001,weight,5,53,-0.050504969722876984,3.364873474528251,,-0.015009470669608962,-0.01500947,3.856238245392163e-10,2.569203358516992e-08,"coef[class,feature]/frozen_scale[feature]"
EXP-EMBED-C1-FUSED-EQUIV-001,weight,5,54,-0.01005324889060373,5.528884025825645,,-0.0018183143006155656,-0.0018183143,1.047901652603822e-11,5.763039163521231e-09,"coef[class,feature]/frozen_scale[feature]"
EXP-EMBED-C1-FUSED-EQUIV-001,weight,5,55,-0.0150785808505927,7.154875525401663,,-0.0021074553704057922,-0.0021074554,2.475631331877448e-11,1.1747016646908937e-08,"coef[class,feature]/frozen_scale[feature]"
EXP-EMBED-C1-FUSED-EQUIV-001,weight,5,56,0.21712343143442966,10803.627520998441,,2.0097271126056343e-05,2.0097272e-05,6.46045178210328e-13,3.2145915440864157e-08,"coef[class,feature]/frozen_scale[feature]"
EXP-EMBED-C1-FUSED-EQUIV-001,weight,5,57,-0.16046049572149165,5.630360877937785,,-0.028499149379615438,-0.028499149,5.935474750584646e-10,2.0826848800021057e-08,"coef[class,feature]/frozen_scale[feature]"
EXP-EMBED-C1-FUSED-EQUIV-001,weight,5,58,-0.1353711771976159,3.544394617477665,,-0.03819303204278973,-0.038193032,1.0271045125520573e-10,2.689245806411327e-09,"coef[class,feature]/frozen_scale[feature]"
EXP-EMBED-C1-FUSED-EQUIV-001,weight,5,59,-0.1372791256680259,6.96123399867767,,-0.0197205158875715,-0.019720515,6.51312993121822e-10,3.3027178235854384e-08,"coef[class,feature]/frozen_scale[feature]"
EXP-EMBED-C1-FUSED-EQUIV-001,weight,5,60,-0.06704953572937027,9.058947581374015,,-0.007401470769875073,-0.0074014706,2.0929458079826935e-10,2.827743124381777e-08,"coef[class,feature]/frozen_scale[feature]"
EXP-EMBED-C1-FUSED-EQUIV-001,weight,5,61,-0.04142408325963688,3.4269819201833402,,-0.012087628188426723,-0.012087628,5.692697528647539e-11,4.709524019027986e-09,"coef[class,feature]/frozen_scale[feature]"
EXP-EMBED-C1-FUSED-EQUIV-001,weight,5,62,-0.001568749017418957,5.740604645051394,,-0.00027327243634018146,-0.00027327242,1.2102378832163502e-11,4.428686256925646e-08,"coef[class,feature]/frozen_scale[feature]"
EXP-EMBED-C1-FUSED-EQUIV-001,weight,5,63,0.015587450202805837,7.328726560980533,,0.0021268975002828247,0.0021268975,4.788369006858417e-11,2.2513398065594052e-08,"coef[class,feature]/frozen_scale[feature]"
EXP-EMBED-C1-FUSED-EQUIV-001,weight,5,64,0.7679798342517633,111976.65547235454,,6.858392323044215e-06,6.858392e-06,9.734937211409349e-14,1.4194197055044426e-08,"coef[class,feature]/frozen_scale[feature]"
EXP-EMBED-C1-FUSED-EQUIV-001,weight,5,65,-0.24755619365078582,3.9116326082044526,,-0.06328717915162818,-0.063287176,2.959821387982231e-09,4.676810418253701e-08,"coef[class,feature]/frozen_scale[feature]"
EXP-EMBED-C1-FUSED-EQUIV-001,weight,5,66,0.003518989120561621,26.12219812552033,,0.00013471259591755838,0.0001347126,1.4726948772882803e-12,1.093212455195758e-08,"coef[class,feature]/frozen_scale[feature]"
EXP-EMBED-C1-FUSED-EQUIV-001,weight,5,67,-0.06597136630422236,36.229715545522986,,-0.001820918693698511,-0.0018209186,5.543933866668238e-11,3.04458067559723e-08,"coef[class,feature]/frozen_scale[feature]"
EXP-EMBED-C1-FUSED-EQUIV-001,weight,5,68,0.084257017572013,41.77334725360916,,0.00201700421707847,0.0020170042,3.451623795808212e-11,1.7112625578977306e-08,"coef[class,feature]/frozen_scale[feature]"
EXP-EMBED-C1-FUSED-EQUIV-001,weight,5,69,-0.42416488498687793,18.917897499780477,,-0.022421354433905773,-0.022421354,5.9720804690410745e-12,2.663568111661462e-10,"coef[class,feature]/frozen_scale[feature]"
EXP-EMBED-C1-FUSED-EQUIV-001,weight,5,70,-0.3780642926142628,25.174862588827978,,-0.015017531526946208,-0.015017532,2.8524480173708344e-10,1.8994120386913384e-08,"coef[class,feature]/frozen_scale[feature]"
EXP-EMBED-C1-FUSED-EQUIV-001,weight,5,71,-0.27373042973329004,67.75158451576067,,-0.00404020705478281,-0.0040402072,1.9339829477466042e-10,4.786841173046191e-08,"coef[class,feature]/frozen_scale[feature]"
EXP-EMBED-C1-FUSED-EQUIV-001,weight,5,72,0.7644147576691307,116872.6030164394,,6.540581264897535e-06,6.540581e-06,1.393061191642714e-13,2.1298736843452975e-08,"coef[class,feature]/frozen_scale[feature]"
EXP-EMBED-C1-FUSED-EQUIV-001,weight,5,73,-0.25680662218270406,3.854133240842415,,-0.06663148524843752,-0.06663149,3.2535880795103722e-09,4.88295896058638e-08,"coef[class,feature]/frozen_scale[feature]"
EXP-EMBED-C1-FUSED-EQUIV-001,weight,5,74,0.018482764835463836,26.62024691814763,,0.0006943122989164955,0.0006943123,2.7254439048489398e-11,3.925386182993033e-08,"coef[class,feature]/frozen_scale[feature]"
EXP-EMBED-C1-FUSED-EQUIV-001,weight,5,75,-0.03689398290152702,36.37009512853772,,-0.0010144043553127315,-0.0010144043,7.214989890258483e-12,7.112538360537863e-09,"coef[class,feature]/frozen_scale[feature]"
EXP-EMBED-C1-FUSED-EQUIV-001,weight,5,76,0.13668097875857985,41.72385469182667,,0.003275847348431937,0.0032758473,5.313276468105199e-11,1.621954841897174e-08,"coef[class,feature]/frozen_scale[feature]"
EXP-EMBED-C1-FUSED-EQUIV-001,weight,5,77,-0.4122464313357121,19.56490873622848,,-0.021070705562370062,-0.021070706,1.6437268213209677e-10,7.801005127500245e-09,"coef[class,feature]/frozen_scale[feature]"
EXP-EMBED-C1-FUSED-EQUIV-001,weight,5,78,-0.37428221569262576,26.157882103731428,,-0.014308582560636066,-0.014308583,4.3072555244716426e-10,3.0102601052330725e-08,"coef[class,feature]/frozen_scale[feature]"
EXP-EMBED-C1-FUSED-EQUIV-001,weight,5,79,-0.23488970251754787,74.06107722921303,,-0.0031715674589850116,-0.0031715676,1.1329575298757444e-10,3.572232167618222e-08,"coef[class,feature]/frozen_scale[feature]"
EXP-EMBED-C1-FUSED-EQUIV-001,weight,5,80,0.17170749075308914,11497.581800944647,,1.4934226494390461e-05,1.4934227e-05,2.888348519641251e-13,1.9340462800173557e-08,"coef[class,feature]/frozen_scale[feature]"
EXP-EMBED-C1-FUSED-EQUIV-001,weight,5,81,-0.07938598393329319,4.651545116421973,,-0.017066583671955845,-0.017066583,6.345794410778094e-10,3.7182569943424775e-08,"coef[class,feature]/frozen_scale[feature]"
EXP-EMBED-C1-FUSED-EQUIV-001,weight,5,82,-0.10842348769482939,3.46153800176168,,-0.031322345049989174,-0.031322345,8.760695641152338e-11,2.79694755522635e-09,"coef[class,feature]/frozen_scale[feature]"
EXP-EMBED-C1-FUSED-EQUIV-001,weight,5,83,-0.1065673200568885,6.016800785858034,,-0.017711625139287594,-0.017711625,6.361519123976311e-10,3.5917196044677513e-08,"coef[class,feature]/frozen_scale[feature]"
EXP-EMBED-C1-FUSED-EQUIV-001,weight,5,84,-0.043157031066946655,7.32741238208222,,-0.005889805134003224,-0.005889805,1.0020023786388998e-10,1.7012487779164466e-08,"coef[class,feature]/frozen_scale[feature]"
EXP-EMBED-C1-FUSED-EQUIV-001,weight,5,85,-0.04479122266579266,3.154181219455131,,-0.014200586316828722,-0.014200586,4.2254208985903485e-10,2.975525660924943e-08,"coef[class,feature]/frozen_scale[feature]"
EXP-EMBED-C1-FUSED-EQUIV-001,weight,5,86,-0.008576403686096459,4.7364641351152255,,-0.0018107185954418334,-0.0018107186,3.4850493367891144e-11,1.9246774985147418e-08,"coef[class,feature]/frozen_scale[feature]"
EXP-EMBED-C1-FUSED-EQUIV-001,weight,5,87,0.07343319802274997,6.168467452238101,,0.011904609790249644,0.011904609,4.0064650555504677e-10,3.36547364940254e-08,"coef[class,feature]/frozen_scale[feature]"
EXP-EMBED-C1-FUSED-EQUIV-001,weight,5,88,0.16916868177413025,8564.421792151703,,1.9752493032180373e-05,1.9752493e-05,2.1241545306548149e-13,1.0753855359899047e-08,"coef[class,feature]/frozen_scale[feature]"
EXP-EMBED-C1-FUSED-EQUIV-001,weight,5,89,-0.12577716606170425,4.45787824966158,,-0.028214580797771366,-0.028214581,5.129776881052095e-10,1.8181297527756604e-08,"coef[class,feature]/frozen_scale[feature]"
EXP-EMBED-C1-FUSED-EQUIV-001,weight,5,90,-0.10653103503584253,2.755135361534976,,-0.03866635248603198,-0.038666353,1.4362958045133212e-10,3.7145882974924404e-09,"coef[class,feature]/frozen_scale[feature]"
EXP-EMBED-C1-FUSED-EQUIV-001,weight,5,91,-0.10816113413034517,4.645099654104143,,-0.02328499756399848,-0.023284998,2.270533830395216e-10,9.751058913167959e-09,"coef[class,feature]/frozen_scale[feature]"
EXP-EMBED-C1-FUSED-EQUIV-001,weight,5,92,-0.07184985746735953,6.129894947566944,,-0.01172122166561401,-0.011721222,6.449901897298549e-11,5.502755669419954e-09,"coef[class,feature]/frozen_scale[feature]"
EXP-EMBED-C1-FUSED-EQUIV-001,weight,5,93,-0.03398220369814565,2.1633991684316607,,-0.015707782546103492,-0.015707783,8.549089283715894e-10,5.4425818912527535e-08,"coef[class,feature]/frozen_scale[feature]"
EXP-EMBED-C1-FUSED-EQUIV-001,weight,5,94,-0.00399437012212983,3.2501974402617546,,-0.001228962300151262,-0.0012289623,2.6271071689593084e-11,2.1376629442871935e-08,"coef[class,feature]/frozen_scale[feature]"
EXP-EMBED-C1-FUSED-EQUIV-001,weight,5,95,0.08149010844063541,4.725895581999588,,0.01724331547887393,0.017243316,9.181969559679537e-10,5.324944365211582e-08,"coef[class,feature]/frozen_scale[feature]"
EXP-EMBED-C1-FUSED-EQUIV-001,weight,5,96,0.16524740126923287,2694.4732945222427,,6.132827577292166e-05,6.1328275e-05,2.9447666906930875e-13,4.801645983977416e-09,"coef[class,feature]/frozen_scale[feature]"
EXP-EMBED-C1-FUSED-EQUIV-001,weight,5,97,-0.11071561665109315,1.6877778328373438,,-0.06559845407198397,-0.06559845,3.4708830531915424e-09,5.2911049540630864e-08,"coef[class,feature]/frozen_scale[feature]"
EXP-EMBED-C1-FUSED-EQUIV-001,weight,5,98,-0.28875643604471257,0.7777026931214807,,-0.3712941186891422,-0.3712941,7.675729718492619e-09,2.0672909513331003e-08,"coef[class,feature]/frozen_scale[feature]"
EXP-EMBED-C1-FUSED-EQUIV-001,weight,5,99,-0.30098055057749157,1.6764571665688655,,-0.17953369556914825,-0.17953369,5.3549911449568555e-09,2.982722061160021e-08,"coef[class,feature]/frozen_scale[feature]"
EXP-EMBED-C1-FUSED-EQUIV-001,weight,5,100,-0.25183380431429586,2.0194083930480877,,-0.12470672360343062,-0.12470672,8.074673291114109e-10,6.474930186436218e-09,"coef[class,feature]/frozen_scale[feature]"
EXP-EMBED-C1-FUSED-EQUIV-001,weight,5,101,0.06683726212118603,0.8156588670555229,,0.08194266600995136,0.08194266,3.4132487808369305e-09,4.1654109477258354e-08,"coef[class,feature]/frozen_scale[feature]"
EXP-EMBED-C1-FUSED-EQUIV-001,weight,5,102,0.026629077231267725,1.3831542652115445,,0.019252427513712637,0.019252427,5.91391317861234e-10,3.0717753251636066e-08,"coef[class,feature]/frozen_scale[feature]"
EXP-EMBED-C1-FUSED-EQUIV-001,weight,5,103,0.12648025381848438,1.8379944113100042,,0.06881427551694098,0.06881428,2.1319847970380224e-09,3.0981722629822085e-08,"coef[class,feature]/frozen_scale[feature]"
EXP-EMBED-C1-FUSED-EQUIV-001,weight,5,104,0.142437628007291,2736.173682049294,,5.2057231944651426e-05,5.2057232e-05,1.5190701073333063e-13,2.91807699062528e-09,"coef[class,feature]/frozen_scale[feature]"
EXP-EMBED-C1-FUSED-EQUIV-001,weight,5,105,-0.1379969405145583,1.6499788203059058,,-0.08363558296401265,-0.08363558,5.55922960443489e-10,6.646967005451445e-09,"coef[class,feature]/frozen_scale[feature]"
EXP-EMBED-C1-FUSED-EQUIV-001,weight,5,106,-0.3181871384293708,0.7990250134026983,,-0.39821924607134745,-0.39821926,1.1521807452563593e-08,2.8933326468352746e-08,"coef[class,feature]/frozen_scale[feature]"
EXP-EMBED-C1-FUSED-EQUIV-001,weight,5,107,-0.30346329081238216,1.7504571127280775,,-0.17336231125333676,-0.17336231,3.4477435628677e-09,1.988750344836753e-08,"coef[class,feature]/frozen_scale[feature]"
EXP-EMBED-C1-FUSED-EQUIV-001,weight,5,108,-0.1578208525216896,2.241659233499318,,-0.07040358773680559,-0.07040359,3.0615723983773435e-09,4.3486028152750155e-08,"coef[class,feature]/frozen_scale[feature]"
EXP-EMBED-C1-FUSED-EQUIV-001,weight,5,109,0.10092561732729392,0.8078617581602229,,0.12492931656665618,0.12492932,2.2477919525698553e-10,1.7992509799495647e-09,"coef[class,feature]/frozen_scale[feature]"
EXP-EMBED-C1-FUSED-EQUIV-001,weight,5,110,0.11060363826727236,1.3606105643357003,,0.08128971005107041,0.08128971,1.4367210476873282e-09,1.7674082571886473e-08,"coef[class,feature]/frozen_scale[feature]"
EXP-EMBED-C1-FUSED-EQUIV-001,weight,5,111,-0.4240306359762121,1.6206351884688823,,-0.26164471744984197,-0.26164472,3.5813469967393985e-09,1.3687824587652731e-08,"coef[class,feature]/frozen_scale[feature]"
EXP-EMBED-C1-FUSED-EQUIV-001,weight,5,112,0.23804646014175454,12430.306290422031,,1.9150490308125177e-05,1.915049e-05,7.01579870181256e-13,3.663508656400246e-08,"coef[class,feature]/frozen_scale[feature]"
EXP-EMBED-C1-FUSED-EQUIV-001,weight,5,113,-0.1694742796635952,6.224096665144418,,-0.02722873515327431,-0.027228735,2.3405097651640894e-10,8.595734440065015e-09,"coef[class,feature]/frozen_scale[feature]"
EXP-EMBED-C1-FUSED-EQUIV-001,weight,5,114,-0.11470471219950501,4.117345706627781,,-0.02785889754529534,-0.027858898,4.983371666711367e-10,1.7887899758448738e-08,"coef[class,feature]/frozen_scale[feature]"
EXP-EMBED-C1-FUSED-EQUIV-001,weight,5,115,-0.11837902847309965,8.191023721125132,,-0.01445228734569443,-0.014452287,3.4974706984713944e-10,2.4200118741157935e-08,"coef[class,feature]/frozen_scale[feature]"
EXP-EMBED-C1-FUSED-EQUIV-001,weight,5,116,-0.06946896483949415,9.058808643350943,,-0.007668664564460531,-0.0076686647,1.144707054839822e-10,1.4927071659188536e-08,"coef[class,feature]/frozen_scale[feature]"
EXP-EMBED-C1-FUSED-EQUIV-001,weight,5,117,-0.06115904315410346,4.003117611885722,,-0.015277853184356899,-0.015277853,5.1245480081618666e-11,3.3542330498429764e-09,"coef[class,feature]/frozen_scale[feature]"
EXP-EMBED-C1-FUSED-EQUIV-001,weight,5,118,-0.019104671596779636,6.939663836047355,,-0.002752967873968538,-0.0027529679,3.3449566901044836e-12,1.215036587144246e-09,"coef[class,feature]/frozen_scale[feature]"
EXP-EMBED-C1-FUSED-EQUIV-001,weight,5,119,-0.0361323163929143,8.607031875668532,,-0.0041979996025177735,-0.004198,2.3249656973950428e-10,5.538270408602782e-08,"coef[class,feature]/frozen_scale[feature]"
EXP-EMBED-C1-FUSED-EQUIV-001,weight,5,120,0.24514488662796935,10191.66351372981,,2.4053471378614468e-05,2.4053472e-05,4.827926930852169e-13,2.007164311070957e-08,"coef[class,feature]/frozen_scale[feature]"
EXP-EMBED-C1-FUSED-EQUIV-001,weight,5,121,-0.21154291458519792,5.715248685206965,,-0.037013772494754946,-0.037013773,3.803156262138785e-10,1.0274976058378574e-08,"coef[class,feature]/frozen_scale[feature]"
EXP-EMBED-C1-FUSED-EQUIV-001,weight,5,122,-0.13747380907151563,3.3637688518166087,,-0.040868982123213576,-0.040868983,5.494777688408448e-10,1.3444860632551489e-08,"coef[class,feature]/frozen_scale[feature]"
EXP-EMBED-C1-FUSED-EQUIV-001,weight,5,123,-0.14272274010121178,6.7426298752223355,,-0.02116722150591212,-0.021167222,9.045283237696378e-10,4.2732501453579916e-08,"coef[class,feature]/frozen_scale[feature]"
EXP-EMBED-C1-FUSED-EQUIV-001,weight,5,124,-0.0993464612240665,7.439912799713269,,-0.013353175487204,-0.0133531755,3.5599908437822236e-12,2.6660256559899704e-10,"coef[class,feature]/frozen_scale[feature]"
EXP-EMBED-C1-FUSED-EQUIV-001,weight,5,125,-0.05328002499435361,3.2389606873236665,,-0.016449728829027118,-0.016449729,1.516333204831799e-10,9.217982986783856e-09,"coef[class,feature]/frozen_scale[feature]"
EXP-EMBED-C1-FUSED-EQUIV-001,weight,5,126,-0.012005898873812232,5.505298424010391,,-0.0021807898408287216,-0.0021807898,1.0665600347348203e-11,4.8907052608495144e-09,"coef[class,feature]/frozen_scale[feature]"
EXP-EMBED-C1-FUSED-EQUIV-001,weight,5,127,0.0763026502638275,7.113110886285268,,0.010727043551499532,0.010727043,2.8788535444412844e-10,2.683734367834136e-08,"coef[class,feature]/frozen_scale[feature]"
EXP-EMBED-C1-FUSED-EQUIV-001,bias,5,-1,,,-1.307492946830361,0.11212970208247763,0.1121297,1.0816230133769977e-09,9.646177536273161e-09,"intercept[class]-sum(coef[class,:]*mean/scale)"
EXP-EMBED-C1-FUSED-EQUIV-001,weight,6,0,-0.07981286218265578,154334.58980382542,,-5.171417650709789e-07,-5.1714176e-07,8.098273426835104e-15,1.5659677817210524e-08,"coef[class,feature]/frozen_scale[feature]"
EXP-EMBED-C1-FUSED-EQUIV-001,weight,6,1,0.5013449961174986,4.882982232582464,,0.10267188620351629,0.102671884,2.203214929941133e-09,2.145879472374666e-08,"coef[class,feature]/frozen_scale[feature]"
EXP-EMBED-C1-FUSED-EQUIV-001,weight,6,2,0.2734015618083469,34.37264409500996,,0.007954045113684981,0.007954045,8.517280283837358e-11,1.0708111611264722e-08,"coef[class,feature]/frozen_scale[feature]"
EXP-EMBED-C1-FUSED-EQUIV-001,weight,6,3,0.3263218745819377,46.115512234263214,,0.007076184536870108,0.0070761847,1.941067116068007e-10,2.7430984960244794e-08,"coef[class,feature]/frozen_scale[feature]"
EXP-EMBED-C1-FUSED-EQUIV-001,weight,6,4,0.3484944154906674,56.55376812499446,,0.006162178525760285,0.0061621787,1.7689216931515706e-10,2.8706109142355988e-08,"coef[class,feature]/frozen_scale[feature]"
EXP-EMBED-C1-FUSED-EQUIV-001,weight,6,5,0.29717271738711615,28.66768560512019,,0.010366121684201798,0.010366121,3.7718637935224564e-10,3.6386451060774846e-08,"coef[class,feature]/frozen_scale[feature]"
EXP-EMBED-C1-FUSED-EQUIV-001,weight,6,6,0.33392824239601165,40.397114685636396,,0.008266140911166193,0.008266141,2.0432901551292737e-10,2.4718791720198307e-08,"coef[class,feature]/frozen_scale[feature]"
EXP-EMBED-C1-FUSED-EQUIV-001,weight,6,7,0.08471917563235123,121.50729241940589,,0.000697235317695391,0.00069723534,2.6282417973748362e-11,3.769519028471053e-08,"coef[class,feature]/frozen_scale[feature]"
EXP-EMBED-C1-FUSED-EQUIV-001,weight,6,8,-0.016334691711118475,121695.0100987497,,-1.34226470730917e-07,-1.3422647e-07,2.5683931814689704e-15,1.9134773994153603e-08,"coef[class,feature]/frozen_scale[feature]"
EXP-EMBED-C1-FUSED-EQUIV-001,weight,6,9,1.0082746296841236,3.6398874407945385,,0.2770070904895979,0.2770071,1.24767107201329e-08,4.504112403072738e-08,"coef[class,feature]/frozen_scale[feature]"
EXP-EMBED-C1-FUSED-EQUIV-001,weight,6,10,0.32453616127471435,28.50440778144265,,0.011385472863112719,0.0113854725,3.7172916654559796e-10,3.264942712655761e-08,"coef[class,feature]/frozen_scale[feature]"
EXP-EMBED-C1-FUSED-EQUIV-001,weight,6,11,0.3924012713103878,41.066281640556525,,0.009555315349584936,0.009555316,2.492605462312003e-10,2.6086061748033016e-08,"coef[class,feature]/frozen_scale[feature]"
EXP-EMBED-C1-FUSED-EQUIV-001,weight,6,12,0.2933130874276959,47.619283909088075,,0.006159544271763346,0.0061595445,1.8498680885714602e-10,3.00325479768308e-08,"coef[class,feature]/frozen_scale[feature]"
EXP-EMBED-C1-FUSED-EQUIV-001,weight,6,13,0.21492644654165172,20.60162944221834,,0.010432497446110208,0.010432498,1.5212063032843393e-10,1.4581420327608382e-08,"coef[class,feature]/frozen_scale[feature]"
EXP-EMBED-C1-FUSED-EQUIV-001,weight,6,14,0.24974503002783743,27.895368644725483,,0.008952920938546542,0.008952921,3.1787645432546086e-10,3.550533468433224e-08,"coef[class,feature]/frozen_scale[feature]"
EXP-EMBED-C1-FUSED-EQUIV-001,weight,6,15,-0.10714562375287089,81.3575884968824,,-0.0013169714802568993,-0.0013169715,1.4559344398493157e-11,1.1055170606772055e-08,"coef[class,feature]/frozen_scale[feature]"
EXP-EMBED-C1-FUSED-EQUIV-001,weight,6,16,-0.3557240617983062,10637.343896389673,,-3.344106059399277e-05,-3.344106e-05,9.38364938865826e-13,2.8060262509568564e-08,"coef[class,feature]/frozen_scale[feature]"
EXP-EMBED-C1-FUSED-EQUIV-001,weight,6,17,-0.28810570203614,4.743102698719503,,-0.06074203329266305,-0.06074203,1.509797523113754e-09,2.4855893707728754e-08,"coef[class,feature]/frozen_scale[feature]"
EXP-EMBED-C1-FUSED-EQUIV-001,weight,6,18,-0.2332231898888236,3.0754733527175047,,-0.07583326634345453,-0.07583327,2.1201570776785417e-09,2.795814000779278e-08,"coef[class,feature]/frozen_scale[feature]"
EXP-EMBED-C1-FUSED-EQUIV-001,weight,6,19,-0.2489913203641119,5.257797561915241,,-0.04735658180673899,-0.047356583,1.3713043756080623e-09,2.895699654177577e-08,"coef[class,feature]/frozen_scale[feature]"
EXP-EMBED-C1-FUSED-EQUIV-001,weight,6,20,-0.22469948565661996,6.655361503473069,,-0.03376217588471514,-0.033762176,2.949152588804793e-10,8.735078565063508e-09,"coef[class,feature]/frozen_scale[feature]"
EXP-EMBED-C1-FUSED-EQUIV-001,weight,6,21,0.2558224894769227,2.9434653381860647,,0.08691201019359565,0.08691201,3.3967401946721765e-09,3.908251790639718e-08,"coef[class,feature]/frozen_scale[feature]"
EXP-EMBED-C1-FUSED-EQUIV-001,weight,6,22,0.21126923455132318,4.402392608360524,,0.04798963957692112,0.04798964,8.079913682568218e-10,1.6836787593741296e-08,"coef[class,feature]/frozen_scale[feature]"
EXP-EMBED-C1-FUSED-EQUIV-001,weight,6,23,0.17395418188914222,5.702491391963715,,0.030504944230917846,0.030504944,4.2796508004094846e-10,1.4029367724829033e-08,"coef[class,feature]/frozen_scale[feature]"
EXP-EMBED-C1-FUSED-EQUIV-001,weight,6,24,-0.3292726011239152,10029.321246450652,,-3.283099554124301e-05,-3.2830994e-05,1.2269617423845205e-12,3.737205412620475e-08,"coef[class,feature]/frozen_scale[feature]"
EXP-EMBED-C1-FUSED-EQUIV-001,weight,6,25,-0.25664743340342955,4.337780825262105,,-0.05916560650293389,-0.05916561,1.6349121015335477e-09,2.7632812340941286e-08,"coef[class,feature]/frozen_scale[feature]"
EXP-EMBED-C1-FUSED-EQUIV-001,weight,6,26,-0.18894672993975375,3.1595490611038577,,-0.05980180281604523,-0.059801802,7.768988091738649e-10,1.2991227230450945e-08,"coef[class,feature]/frozen_scale[feature]"
EXP-EMBED-C1-FUSED-EQUIV-001,weight,6,27,-0.20083708236289424,5.489608869294815,,-0.03658495298020994,-0.036584955,1.7286046830045088e-09,4.724906121758775e-08,"coef[class,feature]/frozen_scale[feature]"
EXP-EMBED-C1-FUSED-EQUIV-001,weight,6,28,-0.13895831387958602,7.148990746209918,,-0.01943747289829066,-0.019437473,3.690261568545239e-10,1.8985294991046712e-08,"coef[class,feature]/frozen_scale[feature]"
EXP-EMBED-C1-FUSED-EQUIV-001,weight,6,29,0.2520405522331592,2.687721613396702,,0.09377479831872697,0.093774796,2.78650040541617e-09,2.971481096600452e-08,"coef[class,feature]/frozen_scale[feature]"
EXP-EMBED-C1-FUSED-EQUIV-001,weight,6,30,0.2046432627459839,4.044780180860998,,0.050594408990211726,0.050594408,9.251310828517489e-10,1.8285243395781732e-08,"coef[class,feature]/frozen_scale[feature]"
EXP-EMBED-C1-FUSED-EQUIV-001,weight,6,31,0.047606888358096136,4.979130532242132,,0.009561285459342733,0.009561285,8.279396612742573e-11,8.659292359744816e-09,"coef[class,feature]/frozen_scale[feature]"
EXP-EMBED-C1-FUSED-EQUIV-001,weight,6,32,-0.19249476965627005,2577.8094307440624,,-7.467377819341289e-05,-7.467378e-05,5.333064312428373e-13,7.1418166342342814e-09,"coef[class,feature]/frozen_scale[feature]"
EXP-EMBED-C1-FUSED-EQUIV-001,weight,6,33,-0.1229797435476937,2.0002931661191585,,-0.06148085972132333,-0.06148086,1.435855545572906e-09,2.3354513129472553e-08,"coef[class,feature]/frozen_scale[feature]"
EXP-EMBED-C1-FUSED-EQUIV-001,weight,6,34,-0.025860199282070385,0.6929177841236928,,-0.03732073252351982,-0.037320733,5.468537150887798e-10,1.4652813010681081e-08,"coef[class,feature]/frozen_scale[feature]"
EXP-EMBED-C1-FUSED-EQUIV-001,weight,6,35,-0.07467409715397273,1.3015390447893804,,-0.05737368959688547,-0.05737369,1.7533361637567246e-09,3.055993393619755e-08,"coef[class,feature]/frozen_scale[feature]"
EXP-EMBED-C1-FUSED-EQUIV-001,weight,6,36,-0.032154268405357934,1.7030976278086734,,-0.018879873872368613,-0.018879874,1.9428042508096155e-10,1.0290345496708962e-08,"coef[class,feature]/frozen_scale[feature]"
EXP-EMBED-C1-FUSED-EQUIV-001,weight,6,37,0.16243016504206917,0.7373705688518672,,0.22028295120997743,0.22028296,5.747839648684305e-09,2.6092984577845826e-08,"coef[class,feature]/frozen_scale[feature]"
EXP-EMBED-C1-FUSED-EQUIV-001,weight,6,38,0.12383313704474273,1.1548223662805643,,0.10723132895631625,0.10723133,2.5550825760722873e-09,2.382776191380761e-08,"coef[class,feature]/frozen_scale[feature]"
EXP-EMBED-C1-FUSED-EQUIV-001,weight,6,39,-0.2945434243235793,1.610562396008296,,-0.18288234287202498,-0.18288234,4.109741658098187e-09,2.2472052761124395e-08,"coef[class,feature]/frozen_scale[feature]"
EXP-EMBED-C1-FUSED-EQUIV-001,weight,6,40,-0.19848927265588828,2990.9330202099954,,-6.63636635506977e-05,-6.636366e-05,3.397696159796945e-12,5.119814033776657e-08,"coef[class,feature]/frozen_scale[feature]"
EXP-EMBED-C1-FUSED-EQUIV-001,weight,6,41,-0.10697908203509955,2.1115146160914633,,-0.05066461828861221,-0.05066462,3.227235423342023e-10,6.369801120296612e-09,"coef[class,feature]/frozen_scale[feature]"
EXP-EMBED-C1-FUSED-EQUIV-001,weight,6,42,-0.010236201365787958,0.8137646076567749,,-0.012578823494502879,-0.012578824,1.091867915525846e-10,8.680206984405239e-09,"coef[class,feature]/frozen_scale[feature]"
EXP-EMBED-C1-FUSED-EQUIV-001,weight,6,43,-0.00015184299223986494,1.5625236919745433,,-9.717804153611436e-05,-9.717804e-05,2.395115044338293e-12,2.4646669211255863e-08,"coef[class,feature]/frozen_scale[feature]"
EXP-EMBED-C1-FUSED-EQUIV-001,weight,6,44,-0.1669000533319242,2.0370148240513997,,-0.08193364690394263,-0.08193365,4.90237669903415e-10,5.983349801067196e-09,"coef[class,feature]/frozen_scale[feature]"
EXP-EMBED-C1-FUSED-EQUIV-001,weight,6,45,0.14256452148216714,0.8798778821626543,,0.16202762266481505,0.16202763,4.564875505375099e-09,2.8173439999292047e-08,"coef[class,feature]/frozen_scale[feature]"
EXP-EMBED-C1-FUSED-EQUIV-001,weight,6,46,0.0725949993975077,1.403111573157864,,0.0517385793020895,0.05173858,4.759004579302228e-10,9.19817405792206e-09,"coef[class,feature]/frozen_scale[feature]"
EXP-EMBED-C1-FUSED-EQUIV-001,weight,6,47,-0.18696806664947963,1.849106912323894,,-0.10111263194322528,-0.101112634,2.0003324552320123e-09,1.9783210235840743e-08,"coef[class,feature]/frozen_scale[feature]"
EXP-EMBED-C1-FUSED-EQUIV-001,weight,6,48,-0.32151289276641387,10744.057568725953,,-2.9924717985715275e-05,-2.9924719e-05,5.609658313495032e-13,1.8745902020439533e-08,"coef[class,feature]/frozen_scale[feature]"
EXP-EMBED-C1-FUSED-EQUIV-001,weight,6,49,-0.13824038180693735,5.622566196447528,,-0.02458670595897669,-0.024586705,4.680299203752014e-10,1.9035893671812596e-08,"coef[class,feature]/frozen_scale[feature]"
EXP-EMBED-C1-FUSED-EQUIV-001,weight,6,50,-0.19214664284871624,3.3677927587005363,,-0.05705417661235666,-0.057054177,3.142561974533997e-10,5.508031420531251e-09,"coef[class,feature]/frozen_scale[feature]"
EXP-EMBED-C1-FUSED-EQUIV-001,weight,6,51,-0.19640936143134738,6.532572452279063,,-0.030066158908474822,-0.030066159,2.8597154158593874e-10,9.511409237757046e-09,"coef[class,feature]/frozen_scale[feature]"
EXP-EMBED-C1-FUSED-EQUIV-001,weight,6,52,-0.14501423884523906,8.58322849054793,,-0.01689506914617646,-0.016895069,3.3678639044243397e-10,1.9934004858373275e-08,"coef[class,feature]/frozen_scale[feature]"
EXP-EMBED-C1-FUSED-EQUIV-001,weight,6,53,0.24033281567824366,3.364873474528251,,0.07142402752957534,0.07142403,2.237937932192402e-09,3.133312429442199e-08,"coef[class,feature]/frozen_scale[feature]"
EXP-EMBED-C1-FUSED-EQUIV-001,weight,6,54,0.17909649876120204,5.528884025825645,,0.032392883975253396,0.032392886,1.5607020328878285e-09,4.8180397709575034e-08,"coef[class,feature]/frozen_scale[feature]"
EXP-EMBED-C1-FUSED-EQUIV-001,weight,6,55,0.05903142679552735,7.154875525401663,,0.00825051764855314,0.008250518,1.220948619984341e-10,1.4798448679137774e-08,"coef[class,feature]/frozen_scale[feature]"
EXP-EMBED-C1-FUSED-EQUIV-001,weight,6,56,-0.38225750022337396,10803.627520998441,,-3.538232871138885e-05,-3.5382327e-05,1.6698001285169774e-12,4.719305340633226e-08,"coef[class,feature]/frozen_scale[feature]"
EXP-EMBED-C1-FUSED-EQUIV-001,weight,6,57,-0.1667788601979967,5.630360877937785,,-0.029621344672862652,-0.029621344,6.131569176004437e-10,2.069983400051998e-08,"coef[class,feature]/frozen_scale[feature]"
EXP-EMBED-C1-FUSED-EQUIV-001,weight,6,58,-0.20972973794538152,3.544394617477665,,-0.0591722312496439,-0.05917223,4.5435275680683063e-10,7.678479367964766e-09,"coef[class,feature]/frozen_scale[feature]"
EXP-EMBED-C1-FUSED-EQUIV-001,weight,6,59,-0.18478050922423755,6.96123399867767,,-0.026544217484908244,-0.026544217,4.6463503530769223e-10,1.7504190340960745e-08,"coef[class,feature]/frozen_scale[feature]"
EXP-EMBED-C1-FUSED-EQUIV-001,weight,6,60,-0.15588698351997118,9.058947581374015,,-0.017208067727479556,-0.017208068,2.7212718189950635e-11,1.5813930198853564e-09,"coef[class,feature]/frozen_scale[feature]"
EXP-EMBED-C1-FUSED-EQUIV-001,weight,6,61,0.26671669693883376,3.4269819201833402,,0.0778284517254076,0.07782845,2.656736358686018e-10,3.4135798667297776e-09,"coef[class,feature]/frozen_scale[feature]"
EXP-EMBED-C1-FUSED-EQUIV-001,weight,6,62,0.18173924136064973,5.740604645051394,,0.0316585538628436,0.031658553,1.2758112830080215e-09,4.0299101738358016e-08,"coef[class,feature]/frozen_scale[feature]"
EXP-EMBED-C1-FUSED-EQUIV-001,weight,6,63,-0.004239680361866137,7.328726560980533,,-0.0005785016437151527,-0.00057850167,2.55091989198597e-11,4.4095292030700126e-08,"coef[class,feature]/frozen_scale[feature]"
EXP-EMBED-C1-FUSED-EQUIV-001,weight,6,64,0.1937805432087595,111976.65547235454,,1.730544124499246e-06,1.7305441e-06,1.1156188362574032e-14,6.446636179127886e-09,"coef[class,feature]/frozen_scale[feature]"
EXP-EMBED-C1-FUSED-EQUIV-001,weight,6,65,1.3668809955123606,3.9116326082044526,,0.3494400247726222,0.34944004,1.3431570911048851e-08,3.843741403060129e-08,"coef[class,feature]/frozen_scale[feature]"
EXP-EMBED-C1-FUSED-EQUIV-001,weight,6,66,0.41891353394841974,26.12219812552033,,0.016036687721894205,0.016036687,3.030757311783816e-10,1.889889835321824e-08,"coef[class,feature]/frozen_scale[feature]"
EXP-EMBED-C1-FUSED-EQUIV-001,weight,6,67,0.4621199615546143,36.229715545522986,,0.012755274354112887,0.012755275,4.18531155912949e-10,3.281239934897953e-08,"coef[class,feature]/frozen_scale[feature]"
EXP-EMBED-C1-FUSED-EQUIV-001,weight,6,68,0.4639154886996841,41.77334725360916,,0.01110553784170605,0.011105537,4.2715526948899907e-10,3.84632672075411e-08,"coef[class,feature]/frozen_scale[feature]"
EXP-EMBED-C1-FUSED-EQUIV-001,weight,6,69,-0.005147276012865735,18.917897499780477,,-0.00027208499321478317,-0.000272085,5.259615280198832e-12,1.9330780496397702e-08,"coef[class,feature]/frozen_scale[feature]"
EXP-EMBED-C1-FUSED-EQUIV-001,weight,6,70,0.05626288231009071,25.174862588827978,,0.0022348833925734664,0.0022348834,1.8970241610211103e-11,8.488246712669373e-09,"coef[class,feature]/frozen_scale[feature]"
EXP-EMBED-C1-FUSED-EQUIV-001,weight,6,71,-0.18262640080031606,67.75158451576067,,-0.002695529589537979,-0.0026955295,1.0069131943166165e-10,3.7354930111867334e-08,"coef[class,feature]/frozen_scale[feature]"
EXP-EMBED-C1-FUSED-EQUIV-001,weight,6,72,0.03822767620305266,116872.6030164394,,3.2708842976377894e-07,3.2708843e-07,5.332080343899701e-16,1.6301647685155032e-09,"coef[class,feature]/frozen_scale[feature]"
EXP-EMBED-C1-FUSED-EQUIV-001,weight,6,73,1.1378509781553348,3.854133240842415,,0.2952287601522125,0.29522875,1.0638586400713024e-08,3.6035061066638756e-08,"coef[class,feature]/frozen_scale[feature]"
EXP-EMBED-C1-FUSED-EQUIV-001,weight,6,74,0.3315005315336664,26.62024691814763,,0.012452947283057503,0.012452947,3.0723028635049054e-10,2.4671291009838595e-08,"coef[class,feature]/frozen_scale[feature]"
EXP-EMBED-C1-FUSED-EQUIV-001,weight,6,75,0.36828365517618217,36.37009512853772,,0.010126001977025602,0.010126002,1.55867006801369e-10,1.5392748999556602e-08,"coef[class,feature]/frozen_scale[feature]"
EXP-EMBED-C1-FUSED-EQUIV-001,weight,6,76,0.3535251728357948,41.72385469182667,,0.008472974883239807,0.008472975,4.6022599793638097e-10,5.431693168909815e-08,"coef[class,feature]/frozen_scale[feature]"
EXP-EMBED-C1-FUSED-EQUIV-001,weight,6,77,0.2595730073108606,19.56490873622848,,0.013267274118698411,0.013267274,1.0404663589036467e-10,7.842352163638885e-09,"coef[class,feature]/frozen_scale[feature]"
EXP-EMBED-C1-FUSED-EQUIV-001,weight,6,78,0.3257432400925789,26.157882103731428,,0.012452966903085458,0.0124529665,3.6948417415916257e-10,2.9670373095395915e-08,"coef[class,feature]/frozen_scale[feature]"
EXP-EMBED-C1-FUSED-EQUIV-001,weight,6,79,-0.011429099590862283,74.06107722921303,,-0.0001543199210496243,-0.00015431992,3.2664831668520466e-12,2.1166957218709637e-08,"coef[class,feature]/frozen_scale[feature]"
EXP-EMBED-C1-FUSED-EQUIV-001,weight,6,80,-0.35384292116072674,11497.581800944647,,-3.0775421065641375e-05,-3.077542e-05,1.1926887496832746e-12,3.8754587537222325e-08,"coef[class,feature]/frozen_scale[feature]"
EXP-EMBED-C1-FUSED-EQUIV-001,weight,6,81,-0.2887930148201312,4.651545116421973,,-0.062085394764971005,-0.062085394,9.487383240136538e-10,1.5281183724532556e-08,"coef[class,feature]/frozen_scale[feature]"
EXP-EMBED-C1-FUSED-EQUIV-001,weight,6,82,-0.23855776195890294,3.46153800176168,,-0.06891669594194655,-0.06891669,2.6121354523844786e-09,3.7902795783838317e-08,"coef[class,feature]/frozen_scale[feature]"
EXP-EMBED-C1-FUSED-EQUIV-001,weight,6,83,-0.24007276334349914,6.016800785858034,,-0.039900400875456814,-0.0399004,1.1309461631081597e-09,2.834423059152314e-08,"coef[class,feature]/frozen_scale[feature]"
EXP-EMBED-C1-FUSED-EQUIV-001,weight,6,84,-0.19026911211035957,7.32741238208222,,-0.02596675363537968,-0.025966754,5.477934980624433e-10,2.1095956227507585e-08,"coef[class,feature]/frozen_scale[feature]"
EXP-EMBED-C1-FUSED-EQUIV-001,weight,6,85,0.2683103940303742,3.154181219455131,,0.08506499004414321,0.08506499,2.264473428215119e-09,2.6620510118675195e-08,"coef[class,feature]/frozen_scale[feature]"
EXP-EMBED-C1-FUSED-EQUIV-001,weight,6,86,0.2186869500362245,4.7364641351152255,,0.04617092915682015,0.046170928,1.5726488514222758e-09,3.4061451223577375e-08,"coef[class,feature]/frozen_scale[feature]"
EXP-EMBED-C1-FUSED-EQUIV-001,weight,6,87,0.23148022139505808,6.168467452238101,,0.03752637477418646,0.037526377,1.7712427705096623e-09,4.719994353752657e-08,"coef[class,feature]/frozen_scale[feature]"
EXP-EMBED-C1-FUSED-EQUIV-001,weight,6,88,-0.04776339608384261,8564.421792151703,,-5.5769551340421156e-06,-5.576955e-06,1.5883749021193983e-14,2.848104142749597e-09,"coef[class,feature]/frozen_scale[feature]"
EXP-EMBED-C1-FUSED-EQUIV-001,weight,6,89,0.036700914246891266,4.45787824966158,,0.00823282112957603,0.008232821,3.5049087070138096e-10,4.25723898509417e-08,"coef[class,feature]/frozen_scale[feature]"
EXP-EMBED-C1-FUSED-EQUIV-001,weight,6,90,-0.061264257460403204,2.755135361534976,,-0.022236387480530497,-0.022236388,6.961491140489162e-10,3.1306754060588443e-08,"coef[class,feature]/frozen_scale[feature]"
EXP-EMBED-C1-FUSED-EQUIV-001,weight,6,91,-0.10445439928529093,4.645099654104143,,-0.02248700933531125,-0.022487009,3.911574640580451e-10,1.739481930324155e-08,"coef[class,feature]/frozen_scale[feature]"
EXP-EMBED-C1-FUSED-EQUIV-001,weight,6,92,-0.07179079715373304,6.129894947566944,,-0.011711586865322707,-0.011711587,3.327559252447321e-10,2.8412539570534377e-08,"coef[class,feature]/frozen_scale[feature]"
EXP-EMBED-C1-FUSED-EQUIV-001,weight,6,93,0.07247819131042266,2.1633991684316607,,0.0335019964729695,0.033501998,1.1170954994366156e-09,3.3344147126811514e-08,"coef[class,feature]/frozen_scale[feature]"
EXP-EMBED-C1-FUSED-EQUIV-001,weight,6,94,0.03757454769711055,3.2501974402617546,,0.011560696969253808,0.011560697,1.3925334843567505e-10,1.2045411172529267e-08,"coef[class,feature]/frozen_scale[feature]"
EXP-EMBED-C1-FUSED-EQUIV-001,weight,6,95,0.009419694242636978,4.725895581999588,,0.001993208288078888,0.0019932082,9.579001220699768e-11,4.805820484487493e-08,"coef[class,feature]/frozen_scale[feature]"
EXP-EMBED-C1-FUSED-EQUIV-001,weight,6,96,-0.02832238915405926,2694.4732945222427,,-1.0511289613312387e-05,-1.05112895e-05,1.3893264963233277e-13,1.3217469477425178e-08,"coef[class,feature]/frozen_scale[feature]"
EXP-EMBED-C1-FUSED-EQUIV-001,weight,6,97,0.1865889956617838,1.6877778328373438,,0.11055305504759876,0.110553056,9.540644524408393e-10,8.629923904229202e-09,"coef[class,feature]/frozen_scale[feature]"
EXP-EMBED-C1-FUSED-EQUIV-001,weight,6,98,0.171143971414588,0.7777026931214807,,0.220063493322447,0.2200635,6.666929230902952e-10,3.0295480319101654e-09,"coef[class,feature]/frozen_scale[feature]"
EXP-EMBED-C1-FUSED-EQUIV-001,weight,6,99,0.18374497150562152,1.6764571665688655,,0.10960314117758502,0.109603144,3.050873387255848e-09,2.7835638235154735e-08,"coef[class,feature]/frozen_scale[feature]"
EXP-EMBED-C1-FUSED-EQUIV-001,weight,6,100,0.14220142399858363,2.0194083930480877,,0.07041736802130713,0.07041737,1.0994054278068432e-09,1.561270264282217e-08,"coef[class,feature]/frozen_scale[feature]"
EXP-EMBED-C1-FUSED-EQUIV-001,weight,6,101,0.02447050757222339,0.8156588670555229,,0.03000090915527024,0.030000908,8.549896693410552e-10,2.8498791983804256e-08,"coef[class,feature]/frozen_scale[feature]"
EXP-EMBED-C1-FUSED-EQUIV-001,weight,6,102,0.04776064040126643,1.3831542652115445,,0.03453023397499465,0.034530234,3.8319968032052287e-10,1.1097511838408627e-08,"coef[class,feature]/frozen_scale[feature]"
EXP-EMBED-C1-FUSED-EQUIV-001,weight,6,103,-0.8208798086321214,1.8379944113100042,,-0.44661714071646774,-0.44661713,1.4251623992045381e-08,3.1910159044014254e-08,"coef[class,feature]/frozen_scale[feature]"
EXP-EMBED-C1-FUSED-EQUIV-001,weight,6,104,-0.14459584419262217,2736.173682049294,,-5.284600357837123e-05,-5.2846004e-05,5.312256033283488e-13,1.0052332576871876e-08,"coef[class,feature]/frozen_scale[feature]"
EXP-EMBED-C1-FUSED-EQUIV-001,weight,6,105,-0.0037227283395455555,1.6499788203059058,,-0.002256227955008151,-0.002256228,6.497860149251578e-11,2.879966155382603e-08,"coef[class,feature]/frozen_scale[feature]"
EXP-EMBED-C1-FUSED-EQUIV-001,weight,6,106,0.019523556428497325,0.7990250134026983,,0.02443422433717692,0.024434224,5.660816433661342e-10,2.3167571663195188e-08,"coef[class,feature]/frozen_scale[feature]"
EXP-EMBED-C1-FUSED-EQUIV-001,weight,6,107,-0.05047207214098995,1.7504571127280775,,-0.028833652520814698,-0.028833652,6.056220941408341e-10,2.100400196276355e-08,"coef[class,feature]/frozen_scale[feature]"
EXP-EMBED-C1-FUSED-EQUIV-001,weight,6,108,-0.04044523627582185,2.241659233499318,,-0.01804254441148276,-0.018042544,5.08489559486458e-10,2.8182807695506713e-08,"coef[class,feature]/frozen_scale[feature]"
EXP-EMBED-C1-FUSED-EQUIV-001,weight,6,109,0.13967778792771812,0.8078617581602229,,0.17289813079630376,0.17289813,2.167572982214594e-09,1.2536705701973572e-08,"coef[class,feature]/frozen_scale[feature]"
EXP-EMBED-C1-FUSED-EQUIV-001,weight,6,110,0.10633139230308453,1.3606105643357003,,0.0781497623862706,0.078149766,3.3436335783454396e-09,4.278494874775014e-08,"coef[class,feature]/frozen_scale[feature]"
EXP-EMBED-C1-FUSED-EQUIV-001,weight,6,111,-0.14421146916270827,1.6206351884688823,,-0.08898453531602882,-0.088984534,1.1716272674267003e-09,1.3166639161126851e-08,"coef[class,feature]/frozen_scale[feature]"
EXP-EMBED-C1-FUSED-EQUIV-001,weight,6,112,-0.3369568900113359,12430.306290422031,,-2.7107690039059817e-05,-2.710769e-05,3.638833009325833e-13,1.3423618921725134e-08,"coef[class,feature]/frozen_scale[feature]"
EXP-EMBED-C1-FUSED-EQUIV-001,weight,6,113,-0.1595178840017286,6.224096665144418,,-0.025629082031300245,-0.025629083,6.63349451757167e-10,2.5882684793276348e-08,"coef[class,feature]/frozen_scale[feature]"
EXP-EMBED-C1-FUSED-EQUIV-001,weight,6,114,-0.2099787504678215,4.117345706627781,,-0.050998571756997256,-0.050998572,5.03144116648091e-10,9.865847205398592e-09,"coef[class,feature]/frozen_scale[feature]"
EXP-EMBED-C1-FUSED-EQUIV-001,weight,6,115,-0.18167122366728508,8.191023721125132,,-0.02217930625676792,-0.022179306,7.033316394566835e-10,3.171116496225237e-08,"coef[class,feature]/frozen_scale[feature]"
EXP-EMBED-C1-FUSED-EQUIV-001,weight,6,116,-0.15449901962461457,9.058808643350943,,-0.01705511460803568,-0.017055115,1.2315690828268444e-10,7.221112910297178e-09,"coef[class,feature]/frozen_scale[feature]"
EXP-EMBED-C1-FUSED-EQUIV-001,weight,6,117,0.2501646347410625,4.003117611885722,,0.062492451882576364,0.062492453,6.792789525311704e-10,1.0869775982026423e-08,"coef[class,feature]/frozen_scale[feature]"
EXP-EMBED-C1-FUSED-EQUIV-001,weight,6,118,0.1698947222705385,6.939663836047355,,0.024481693390973523,0.024481693,1.0825009638670835e-10,4.421675194519857e-09,"coef[class,feature]/frozen_scale[feature]"
EXP-EMBED-C1-FUSED-EQUIV-001,weight,6,119,0.05849614846039951,8.607031875668532,,0.0067963206486737855,0.0067963204,2.140140660175649e-10,3.148969524551891e-08,"coef[class,feature]/frozen_scale[feature]"
EXP-EMBED-C1-FUSED-EQUIV-001,weight,6,120,-0.1593707662110171,10191.66351372981,,-1.5637365381649327e-05,-1.5637366e-05,8.504636543073783e-13,5.438663314124575e-08,"coef[class,feature]/frozen_scale[feature]"
EXP-EMBED-C1-FUSED-EQUIV-001,weight,6,121,-0.01703806594875507,5.715248685206965,,-0.0029811591563557787,-0.0029811591,1.8793861432386816e-11,6.3042127060940825e-09,"coef[class,feature]/frozen_scale[feature]"
EXP-EMBED-C1-FUSED-EQUIV-001,weight,6,122,-0.11843958562204907,3.3637688518166087,,-0.035210381818621565,-0.035210382,3.747053847757975e-10,1.0641900639022002e-08,"coef[class,feature]/frozen_scale[feature]"
EXP-EMBED-C1-FUSED-EQUIV-001,weight,6,123,-0.14451123383218226,6.7426298752223355,,-0.021432473160543617,-0.021432472,7.676269377088207e-10,3.581606900700537e-08,"coef[class,feature]/frozen_scale[feature]"
EXP-EMBED-C1-FUSED-EQUIV-001,weight,6,124,-0.08727729072066127,7.439912799713269,,-0.011730956137553776,-0.011730956,2.23890865916343e-10,1.908547464427144e-08,"coef[class,feature]/frozen_scale[feature]"
EXP-EMBED-C1-FUSED-EQUIV-001,weight,6,125,0.1639976943050878,3.2389606873236665,,0.050632814083519516,0.050632816,1.7245382691322142e-09,3.405969627300519e-08,"coef[class,feature]/frozen_scale[feature]"
EXP-EMBED-C1-FUSED-EQUIV-001,weight,6,126,0.10924384680959956,5.505298424010391,,0.019843401464514937,0.019843401,7.718106709297956e-11,3.8895079168256005e-09,"coef[class,feature]/frozen_scale[feature]"
EXP-EMBED-C1-FUSED-EQUIV-001,weight,6,127,-0.043198038430796754,7.113110886285268,,-0.006073016310498764,-0.006073016,1.0283355937612537e-10,1.6932864019869537e-08,"coef[class,feature]/frozen_scale[feature]"
EXP-EMBED-C1-FUSED-EQUIV-001,bias,6,-1,,,-7.358818863798185,-0.9279346091354537,-0.9279346,2.2133653132527797e-08,2.3852600080462002e-08,"intercept[class]-sum(coef[class,:]*mean/scale)"
