experiment_id,sample_id,feature_id,reference_attribution,exported_attribution,absolute_error,relative_error,sign_agreement,top_1_overlap,top_3_overlap,top_5_overlap,top_10_overlap,top_20_overlap,pass
EXP-EMBED-FP32-EQUIV-001,GOLD-MODEL-C1-B2-R00000,F000,0.05242000788974169,0.0524200127,4.810258309728699e-09,9.176378454284896e-08,True,1.0,1.0,1.0,1.0,1.0,True
EXP-EMBED-FP32-EQUIV-001,GOLD-MODEL-C1-B2-R00000,F001,-0.07133625688762123,-0.0713362619,5.012378775925974e-09,7.026411245297281e-08,True,1.0,1.0,1.0,1.0,1.0,True
EXP-EMBED-FP32-EQUIV-001,GOLD-MODEL-C1-B2-R00000,F002,0.06601366045683801,0.066013664,3.543161986030441e-09,5.367316342572885e-08,True,1.0,1.0,1.0,1.0,1.0,True
EXP-EMBED-FP32-EQUIV-001,GOLD-MODEL-C1-B2-R00000,F003,0.07491943906736251,0.0749194399,8.326374867362318e-10,1.1113770966538876e-08,True,1.0,1.0,1.0,1.0,1.0,True
EXP-EMBED-FP32-EQUIV-001,GOLD-MODEL-C1-B2-R00000,F004,0.062494661987835064,0.0624946579,4.087835063504297e-09,6.541094764701691e-08,True,1.0,1.0,1.0,1.0,1.0,True
EXP-EMBED-FP32-EQUIV-001,GOLD-MODEL-C1-B2-R00000,F005,0.007288784195477644,0.00728878425,5.452235624786583e-11,7.480308757350019e-09,True,1.0,1.0,1.0,1.0,1.0,True
EXP-EMBED-FP32-EQUIV-001,GOLD-MODEL-C1-B2-R00000,F006,0.017555103789120143,0.0175551046,8.108798563166708e-10,4.61905475500075e-08,True,1.0,1.0,1.0,1.0,1.0,True
EXP-EMBED-FP32-EQUIV-001,GOLD-MODEL-C1-B2-R00000,F007,0.08313106437846246,0.08313106,4.378462453713539e-09,5.266939003427349e-08,True,1.0,1.0,1.0,1.0,1.0,True
EXP-EMBED-FP32-EQUIV-001,GOLD-MODEL-C1-B2-R00000,F008,0.09304589470581044,0.0930458978,3.094189557351079e-09,3.325444467092492e-08,True,1.0,1.0,1.0,1.0,1.0,True
EXP-EMBED-FP32-EQUIV-001,GOLD-MODEL-C1-B2-R00000,F009,-0.06332066868499409,-0.0633206815,1.2815005917543587e-08,2.0238266878221587e-07,True,1.0,1.0,1.0,1.0,1.0,True
EXP-EMBED-FP32-EQUIV-001,GOLD-MODEL-C1-B2-R00000,F010,0.14241947551516126,0.142419472,3.5151612731709747e-09,2.4681745670357902e-08,True,1.0,1.0,1.0,1.0,1.0,True
EXP-EMBED-FP32-EQUIV-001,GOLD-MODEL-C1-B2-R00000,F011,0.18560993625814218,0.185609937,7.418578251705554e-10,3.996864823760276e-09,True,1.0,1.0,1.0,1.0,1.0,True
EXP-EMBED-FP32-EQUIV-001,GOLD-MODEL-C1-B2-R00000,F012,0.14629542379319554,0.146295428,4.206804460338276e-09,2.875554375702859e-08,True,1.0,1.0,1.0,1.0,1.0,True
EXP-EMBED-FP32-EQUIV-001,GOLD-MODEL-C1-B2-R00000,F013,0.056295036912162484,0.056295041,4.087837512933845e-09,7.261452762367177e-08,True,1.0,1.0,1.0,1.0,1.0,True
EXP-EMBED-FP32-EQUIV-001,GOLD-MODEL-C1-B2-R00000,F014,0.07437506780574801,0.0743750706,2.794251982574103e-09,3.7569740304265664e-08,True,1.0,1.0,1.0,1.0,1.0,True
EXP-EMBED-FP32-EQUIV-001,GOLD-MODEL-C1-B2-R00000,F015,0.11591978266584468,0.115919776,6.665844681785771e-09,5.750394392129788e-08,True,1.0,1.0,1.0,1.0,1.0,True
EXP-EMBED-FP32-EQUIV-001,GOLD-MODEL-C1-B2-R00000,F016,0.35197631070523205,0.351976305,5.705232064556753e-09,1.6209136498776155e-08,True,1.0,1.0,1.0,1.0,1.0,True
EXP-EMBED-FP32-EQUIV-001,GOLD-MODEL-C1-B2-R00000,F017,0.2013828750579691,0.20138289,1.4942030918119187e-08,7.419712780353367e-08,True,1.0,1.0,1.0,1.0,1.0,True
EXP-EMBED-FP32-EQUIV-001,GOLD-MODEL-C1-B2-R00000,F018,0.18349917548492176,0.183499187,1.1515078252033462e-08,6.275275200339886e-08,True,1.0,1.0,1.0,1.0,1.0,True
EXP-EMBED-FP32-EQUIV-001,GOLD-MODEL-C1-B2-R00000,F019,0.020635308130748067,0.0206353068,1.3307480672963834e-09,6.448888763204242e-08,True,1.0,1.0,1.0,1.0,1.0,True
EXP-EMBED-FP32-EQUIV-001,GOLD-MODEL-C1-B2-R00000,F020,0.007821336363893597,0.00782133639,2.610640176259338e-11,3.3378441417135468e-09,True,1.0,1.0,1.0,1.0,1.0,True
EXP-EMBED-FP32-EQUIV-001,GOLD-MODEL-C1-B2-R00000,F021,-0.049468595173610394,-0.0494685955,3.2638960284492313e-10,6.597915337992851e-09,True,1.0,1.0,1.0,1.0,1.0,True
EXP-EMBED-FP32-EQUIV-001,GOLD-MODEL-C1-B2-R00000,F022,-0.0022741680547396495,-0.00227416819,1.3526035066296904e-10,5.9476849294874945e-08,True,1.0,1.0,1.0,1.0,1.0,True
EXP-EMBED-FP32-EQUIV-001,GOLD-MODEL-C1-B2-R00000,F023,0.033965037083441375,0.0339650363,7.834413742746626e-10,2.3066112730864816e-08,True,1.0,1.0,1.0,1.0,1.0,True
EXP-EMBED-FP32-EQUIV-001,GOLD-MODEL-C1-B2-R00000,F024,0.587061521695959,0.587061465,5.66959590386773e-08,9.6575839061788e-08,True,1.0,1.0,1.0,1.0,1.0,True
EXP-EMBED-FP32-EQUIV-001,GOLD-MODEL-C1-B2-R00000,F025,0.35933137255303943,0.359331369,3.553039418235926e-09,9.887918755859472e-09,True,1.0,1.0,1.0,1.0,1.0,True
EXP-EMBED-FP32-EQUIV-001,GOLD-MODEL-C1-B2-R00000,F026,0.28526807830723117,0.285268098,1.9692768860046783e-08,6.903250085639742e-08,True,1.0,1.0,1.0,1.0,1.0,True
EXP-EMBED-FP32-EQUIV-001,GOLD-MODEL-C1-B2-R00000,F027,0.09039929647147897,0.0903993025,6.0285210295996094e-09,6.668769852099027e-08,True,1.0,1.0,1.0,1.0,1.0,True
EXP-EMBED-FP32-EQUIV-001,GOLD-MODEL-C1-B2-R00000,F028,0.033602245994422235,0.0336022452,7.94422236327641e-10,2.364193859123316e-08,True,1.0,1.0,1.0,1.0,1.0,True
EXP-EMBED-FP32-EQUIV-001,GOLD-MODEL-C1-B2-R00000,F029,0.020179005495286777,0.0201790053,1.9528677633329217e-10,9.67772055857289e-09,True,1.0,1.0,1.0,1.0,1.0,True
EXP-EMBED-FP32-EQUIV-001,GOLD-MODEL-C1-B2-R00000,F030,0.07030766947595864,0.0703076646,4.875958636851863e-09,6.935173179818132e-08,True,1.0,1.0,1.0,1.0,1.0,True
EXP-EMBED-FP32-EQUIV-001,GOLD-MODEL-C1-B2-R00000,F031,0.1238276641677715,0.123827659,5.167771488512329e-09,4.1733578059831806e-08,True,1.0,1.0,1.0,1.0,1.0,True
EXP-EMBED-FP32-EQUIV-001,GOLD-MODEL-C1-B2-R00000,F032,-0.06998594328697036,-0.0699859411,2.186970354811635e-09,3.124870869917666e-08,True,1.0,1.0,1.0,1.0,1.0,True
EXP-EMBED-FP32-EQUIV-001,GOLD-MODEL-C1-B2-R00000,F033,-0.38463880422528984,-0.384638727,7.722528982956334e-08,2.0077352825881576e-07,True,1.0,1.0,1.0,1.0,1.0,True
EXP-EMBED-FP32-EQUIV-001,GOLD-MODEL-C1-B2-R00000,F034,-0.028056393881677116,-0.028056398,4.118322884105741e-09,1.4678732061839594e-07,True,1.0,1.0,1.0,1.0,1.0,True
EXP-EMBED-FP32-EQUIV-001,GOLD-MODEL-C1-B2-R00000,F035,-0.17533768326680715,-0.175337687,3.73319283819562e-09,2.1291446132061127e-08,True,1.0,1.0,1.0,1.0,1.0,True
EXP-EMBED-FP32-EQUIV-001,GOLD-MODEL-C1-B2-R00000,F036,0.18478510421399988,0.184785113,8.786000121885351e-09,4.754712323407991e-08,True,1.0,1.0,1.0,1.0,1.0,True
EXP-EMBED-FP32-EQUIV-001,GOLD-MODEL-C1-B2-R00000,F037,0.01855392755772182,0.0185539275,5.7721820378997535e-11,3.111029737473278e-09,True,1.0,1.0,1.0,1.0,1.0,True
EXP-EMBED-FP32-EQUIV-001,GOLD-MODEL-C1-B2-R00000,F038,0.03806909937635057,0.0380690992,1.763505730334458e-10,4.632381010384474e-09,True,1.0,1.0,1.0,1.0,1.0,True
EXP-EMBED-FP32-EQUIV-001,GOLD-MODEL-C1-B2-R00000,F039,0.11690244324533423,0.116902441,2.245334237982455e-09,1.9206905994858835e-08,True,1.0,1.0,1.0,1.0,1.0,True
EXP-EMBED-FP32-EQUIV-001,GOLD-MODEL-C1-B2-R00000,F040,-0.12448488028512242,-0.124484889,8.714877583471115e-09,7.000751869231348e-08,True,1.0,1.0,1.0,1.0,1.0,True
EXP-EMBED-FP32-EQUIV-001,GOLD-MODEL-C1-B2-R00000,F041,-0.4478412618270755,-0.447841257,4.827075517077617e-09,1.0778541256748894e-08,True,1.0,1.0,1.0,1.0,1.0,True
EXP-EMBED-FP32-EQUIV-001,GOLD-MODEL-C1-B2-R00000,F042,-0.06918625806795696,-0.0691862553,2.7679569608585197e-09,4.000732281459338e-08,True,1.0,1.0,1.0,1.0,1.0,True
EXP-EMBED-FP32-EQUIV-001,GOLD-MODEL-C1-B2-R00000,F043,-0.26117555455403857,-0.261175543,1.155403855923609e-08,4.423859108470085e-08,True,1.0,1.0,1.0,1.0,1.0,True
EXP-EMBED-FP32-EQUIV-001,GOLD-MODEL-C1-B2-R00000,F044,-0.1751897025697569,-0.175189719,1.6430243082732332e-08,9.378543853734868e-08,True,1.0,1.0,1.0,1.0,1.0,True
EXP-EMBED-FP32-EQUIV-001,GOLD-MODEL-C1-B2-R00000,F045,0.016836993839270575,0.0168369971,3.2607294260522668e-09,1.9366458509041842e-07,True,1.0,1.0,1.0,1.0,1.0,True
EXP-EMBED-FP32-EQUIV-001,GOLD-MODEL-C1-B2-R00000,F046,0.026781810744392297,0.0267818104,3.4439229593119514e-10,1.2859186379072805e-08,True,1.0,1.0,1.0,1.0,1.0,True
EXP-EMBED-FP32-EQUIV-001,GOLD-MODEL-C1-B2-R00000,F047,0.020728362146102682,0.0207283609,1.2461026828447519e-09,6.01158294158346e-08,True,1.0,1.0,1.0,1.0,1.0,True
EXP-EMBED-FP32-EQUIV-001,GOLD-MODEL-C1-B2-R00000,F048,-0.12694640484626327,-0.126946405,1.5373674555618777e-10,1.2110366240175811e-09,True,1.0,1.0,1.0,1.0,1.0,True
EXP-EMBED-FP32-EQUIV-001,GOLD-MODEL-C1-B2-R00000,F049,-0.19893825659697267,-0.198938265,8.403027329517698e-09,4.223937352854821e-08,True,1.0,1.0,1.0,1.0,1.0,True
EXP-EMBED-FP32-EQUIV-001,GOLD-MODEL-C1-B2-R00000,F050,-0.04104238384670088,-0.0410423838,4.670087927483024e-11,1.1378695606294373e-09,True,1.0,1.0,1.0,1.0,1.0,True
EXP-EMBED-FP32-EQUIV-001,GOLD-MODEL-C1-B2-R00000,F051,-0.20195041344514622,-0.201950416,2.5548537729847e-09,1.2650896472062184e-08,True,1.0,1.0,1.0,1.0,1.0,True
EXP-EMBED-FP32-EQUIV-001,GOLD-MODEL-C1-B2-R00000,F052,-0.17255286326621602,-0.172552869,5.73378397539237e-09,3.3229144198820046e-08,True,1.0,1.0,1.0,1.0,1.0,True
EXP-EMBED-FP32-EQUIV-001,GOLD-MODEL-C1-B2-R00000,F053,-0.2902789616125952,-0.290278941,2.061259518626457e-08,7.100960769514545e-08,True,1.0,1.0,1.0,1.0,1.0,True
EXP-EMBED-FP32-EQUIV-001,GOLD-MODEL-C1-B2-R00000,F054,-0.21118894859462928,-0.211188942,6.594629287093312e-09,3.122620445329978e-08,True,1.0,1.0,1.0,1.0,1.0,True
EXP-EMBED-FP32-EQUIV-001,GOLD-MODEL-C1-B2-R00000,F055,-0.07295393730169933,-0.0729539245,1.2801699325604154e-08,1.7547646911314768e-07,True,1.0,1.0,1.0,1.0,1.0,True
EXP-EMBED-FP32-EQUIV-001,GOLD-MODEL-C1-B2-R00000,F056,-0.05693214793623463,-0.0569321439,4.036234624305024e-09,7.089552687921951e-08,True,1.0,1.0,1.0,1.0,1.0,True
EXP-EMBED-FP32-EQUIV-001,GOLD-MODEL-C1-B2-R00000,F057,-0.09403065473130899,-0.0940306559,1.168691005082323e-09,1.2428829815360084e-08,True,1.0,1.0,1.0,1.0,1.0,True
EXP-EMBED-FP32-EQUIV-001,GOLD-MODEL-C1-B2-R00000,F058,0.005524203693760641,0.00552420365,4.376064094424592e-11,7.921619724788887e-09,True,1.0,1.0,1.0,1.0,1.0,True
EXP-EMBED-FP32-EQUIV-001,GOLD-MODEL-C1-B2-R00000,F059,-0.18092951369379803,-0.180929497,1.6693798038369678e-08,9.226685960490653e-08,True,1.0,1.0,1.0,1.0,1.0,True
EXP-EMBED-FP32-EQUIV-001,GOLD-MODEL-C1-B2-R00000,F060,-0.14389793608735052,-0.143897936,8.735051570951669e-11,6.070310532910785e-10,True,1.0,1.0,1.0,1.0,1.0,True
EXP-EMBED-FP32-EQUIV-001,GOLD-MODEL-C1-B2-R00000,F061,-0.255056373805416,-0.255056381,7.194583984126979e-09,2.8207818831517492e-08,True,1.0,1.0,1.0,1.0,1.0,True
EXP-EMBED-FP32-EQUIV-001,GOLD-MODEL-C1-B2-R00000,F062,-0.1925203530680151,-0.192520365,1.193198490012648e-08,6.19777842185395e-08,True,1.0,1.0,1.0,1.0,1.0,True
EXP-EMBED-FP32-EQUIV-001,GOLD-MODEL-C1-B2-R00000,F063,-0.025778780992779554,-0.0257787779,3.0927795532931235e-09,1.1997384803258882e-07,True,1.0,1.0,1.0,1.0,1.0,True
EXP-EMBED-FP32-EQUIV-001,GOLD-MODEL-C1-B2-R00000,F064,0.14745682153628503,0.147456825,3.463714981499777e-09,2.3489689696366152e-08,True,1.0,1.0,1.0,1.0,1.0,True
EXP-EMBED-FP32-EQUIV-001,GOLD-MODEL-C1-B2-R00000,F065,0.1761046485870769,0.17610465,1.4129231118431562e-09,8.023201676840011e-09,True,1.0,1.0,1.0,1.0,1.0,True
EXP-EMBED-FP32-EQUIV-001,GOLD-MODEL-C1-B2-R00000,F066,0.1678455814658974,0.167845577,4.465897401884078e-09,2.660717882997386e-08,True,1.0,1.0,1.0,1.0,1.0,True
EXP-EMBED-FP32-EQUIV-001,GOLD-MODEL-C1-B2-R00000,F067,0.17296007808437514,0.172960073,5.084375143127318e-09,2.9396235243643948e-08,True,1.0,1.0,1.0,1.0,1.0,True
EXP-EMBED-FP32-EQUIV-001,GOLD-MODEL-C1-B2-R00000,F068,0.13777787014721002,0.137777865,5.147210019318393e-09,3.735875735209733e-08,True,1.0,1.0,1.0,1.0,1.0,True
EXP-EMBED-FP32-EQUIV-001,GOLD-MODEL-C1-B2-R00000,F069,0.09853881319820633,0.0985388011,1.2098206325639183e-08,1.2277605070505764e-07,True,1.0,1.0,1.0,1.0,1.0,True
EXP-EMBED-FP32-EQUIV-001,GOLD-MODEL-C1-B2-R00000,F070,0.10488933653330314,0.104889333,3.5333031361828304e-09,3.368600901637871e-08,True,1.0,1.0,1.0,1.0,1.0,True
EXP-EMBED-FP32-EQUIV-001,GOLD-MODEL-C1-B2-R00000,F071,0.1533708568813259,0.153370842,1.4881325893778552e-08,9.702838072615912e-08,True,1.0,1.0,1.0,1.0,1.0,True
EXP-EMBED-FP32-EQUIV-001,GOLD-MODEL-C1-B2-R00000,F072,0.07838576791729727,0.0783857703,2.382702729564201e-09,3.0397134491023e-08,True,1.0,1.0,1.0,1.0,1.0,True
EXP-EMBED-FP32-EQUIV-001,GOLD-MODEL-C1-B2-R00000,F073,0.12383405691161961,0.123834059,2.088380385290023e-09,1.686434602381234e-08,True,1.0,1.0,1.0,1.0,1.0,True
EXP-EMBED-FP32-EQUIV-001,GOLD-MODEL-C1-B2-R00000,F074,0.10743154352537729,0.107431553,9.474622711391767e-09,8.81921863959228e-08,True,1.0,1.0,1.0,1.0,1.0,True
EXP-EMBED-FP32-EQUIV-001,GOLD-MODEL-C1-B2-R00000,F075,0.09447695714006764,0.0944769606,3.4599323683881522e-09,3.662197082891439e-08,True,1.0,1.0,1.0,1.0,1.0,True
EXP-EMBED-FP32-EQUIV-001,GOLD-MODEL-C1-B2-R00000,F076,0.08914721351744717,0.0891472101,3.4174471724712774e-09,3.833487371764505e-08,True,1.0,1.0,1.0,1.0,1.0,True
EXP-EMBED-FP32-EQUIV-001,GOLD-MODEL-C1-B2-R00000,F077,-0.009960548515729492,-0.00996054802,4.957294921781319e-10,4.9769296479534854e-08,True,1.0,1.0,1.0,1.0,1.0,True
EXP-EMBED-FP32-EQUIV-001,GOLD-MODEL-C1-B2-R00000,F078,-0.0013556386650056384,-0.00135563861,5.5005638282049074e-11,4.057544218969315e-08,True,1.0,1.0,1.0,1.0,1.0,True
EXP-EMBED-FP32-EQUIV-001,GOLD-MODEL-C1-B2-R00000,F079,0.09087284995812352,0.0908728391,1.0858123511425788e-08,1.1948699217015295e-07,True,1.0,1.0,1.0,1.0,1.0,True
EXP-EMBED-FP32-EQUIV-001,GOLD-MODEL-C1-B2-R00000,F080,0.47960651843979585,0.479606509,9.439795833898756e-09,1.9682376012334614e-08,True,1.0,1.0,1.0,1.0,1.0,True
EXP-EMBED-FP32-EQUIV-001,GOLD-MODEL-C1-B2-R00000,F081,0.27882968444296835,0.278829694,9.55703166605204e-09,3.427551727551745e-08,True,1.0,1.0,1.0,1.0,1.0,True
EXP-EMBED-FP32-EQUIV-001,GOLD-MODEL-C1-B2-R00000,F082,0.19523782085094957,0.19523783,9.149050433920891e-09,4.6861055885814006e-08,True,1.0,1.0,1.0,1.0,1.0,True
EXP-EMBED-FP32-EQUIV-001,GOLD-MODEL-C1-B2-R00000,F083,0.02395203000262149,0.0239520296,4.0262148823244637e-10,1.680949331594777e-08,True,1.0,1.0,1.0,1.0,1.0,True
EXP-EMBED-FP32-EQUIV-001,GOLD-MODEL-C1-B2-R00000,F084,-0.026385711754853547,-0.0263857134,1.645146453094215e-09,6.234989862616069e-08,True,1.0,1.0,1.0,1.0,1.0,True
EXP-EMBED-FP32-EQUIV-001,GOLD-MODEL-C1-B2-R00000,F085,-0.007248294969767539,-0.00724829454,4.2976753839713e-10,5.9292225301216346e-08,True,1.0,1.0,1.0,1.0,1.0,True
EXP-EMBED-FP32-EQUIV-001,GOLD-MODEL-C1-B2-R00000,F086,0.013959673348022545,0.0139596723,1.0480225454828629e-09,7.50750049342179e-08,True,1.0,1.0,1.0,1.0,1.0,True
EXP-EMBED-FP32-EQUIV-001,GOLD-MODEL-C1-B2-R00000,F087,0.15501465734240913,0.155014649,8.342409124617589e-09,5.381690523748467e-08,True,1.0,1.0,1.0,1.0,1.0,True
EXP-EMBED-FP32-EQUIV-001,GOLD-MODEL-C1-B2-R00000,F088,0.5633994783039585,0.563399434,4.4303958501856755e-08,7.863684686969911e-08,True,1.0,1.0,1.0,1.0,1.0,True
EXP-EMBED-FP32-EQUIV-001,GOLD-MODEL-C1-B2-R00000,F089,0.22115015314315511,0.221150175,2.185684488953399e-08,9.88326011937491e-08,True,1.0,1.0,1.0,1.0,1.0,True
EXP-EMBED-FP32-EQUIV-001,GOLD-MODEL-C1-B2-R00000,F090,0.2574092554596903,0.257409275,1.9540309703636183e-08,7.59114495270981e-08,True,1.0,1.0,1.0,1.0,1.0,True
EXP-EMBED-FP32-EQUIV-001,GOLD-MODEL-C1-B2-R00000,F091,0.07787169228094454,0.0778716803,1.1980944542022698e-08,1.5385493997996078e-07,True,1.0,1.0,1.0,1.0,1.0,True
EXP-EMBED-FP32-EQUIV-001,GOLD-MODEL-C1-B2-R00000,F092,0.015809241375637245,0.0158092417,3.243627554050388e-10,2.0517287812740745e-08,True,1.0,1.0,1.0,1.0,1.0,True
EXP-EMBED-FP32-EQUIV-001,GOLD-MODEL-C1-B2-R00000,F093,0.02595963732137814,0.0259596352,2.121378139124941e-09,8.17183272964278e-08,True,1.0,1.0,1.0,1.0,1.0,True
EXP-EMBED-FP32-EQUIV-001,GOLD-MODEL-C1-B2-R00000,F094,0.01956338788664801,0.0195633881,2.1335198885363837e-10,1.0905676976289514e-08,True,1.0,1.0,1.0,1.0,1.0,True
EXP-EMBED-FP32-EQUIV-001,GOLD-MODEL-C1-B2-R00000,F095,-0.0518980363743078,-0.0518980362,1.7430780430149895e-10,3.3586589489499506e-09,True,1.0,1.0,1.0,1.0,1.0,True
EXP-EMBED-FP32-EQUIV-001,GOLD-MODEL-C1-B2-R00000,F096,-0.21854460197536554,-0.218544602,2.4634461137651442e-11,1.1272051981603394e-10,True,1.0,1.0,1.0,1.0,1.0,True
EXP-EMBED-FP32-EQUIV-001,GOLD-MODEL-C1-B2-R00000,F097,-0.479740115970341,-0.479740113,2.9703409731851593e-09,6.191562627980844e-09,True,1.0,1.0,1.0,1.0,1.0,True
EXP-EMBED-FP32-EQUIV-001,GOLD-MODEL-C1-B2-R00000,F098,-0.14042447002879593,-0.140424475,4.971204059511791e-09,3.5401266307021696e-08,True,1.0,1.0,1.0,1.0,1.0,True
EXP-EMBED-FP32-EQUIV-001,GOLD-MODEL-C1-B2-R00000,F099,-0.4086167988103365,-0.408616781,1.781033653891484e-08,4.358689263576185e-08,True,1.0,1.0,1.0,1.0,1.0,True
EXP-EMBED-FP32-EQUIV-001,GOLD-MODEL-C1-B2-R00000,F100,-0.2755050297915973,-0.275505006,2.379159730336866e-08,8.635630834531605e-08,True,1.0,1.0,1.0,1.0,1.0,True
EXP-EMBED-FP32-EQUIV-001,GOLD-MODEL-C1-B2-R00000,F101,-0.07533361466056125,-0.0753336102,4.460561253694095e-09,5.921076897468049e-08,True,1.0,1.0,1.0,1.0,1.0,True
EXP-EMBED-FP32-EQUIV-001,GOLD-MODEL-C1-B2-R00000,F102,-0.07379148339744845,-0.0737914741,9.297448450018564e-09,1.25996226420081e-07,True,1.0,1.0,1.0,1.0,1.0,True
EXP-EMBED-FP32-EQUIV-001,GOLD-MODEL-C1-B2-R00000,F103,0.0825278587391605,0.082527861,2.2608394878442795e-09,2.7394864260200208e-08,True,1.0,1.0,1.0,1.0,1.0,True
EXP-EMBED-FP32-EQUIV-001,GOLD-MODEL-C1-B2-R00000,F104,-0.38338738645145015,-0.383387387,5.485498721924387e-10,1.4307979124448939e-09,True,1.0,1.0,1.0,1.0,1.0,True
EXP-EMBED-FP32-EQUIV-001,GOLD-MODEL-C1-B2-R00000,F105,-0.6721670396847371,-0.672167003,3.668473713691611e-08,5.4576816432597104e-08,True,1.0,1.0,1.0,1.0,1.0,True
EXP-EMBED-FP32-EQUIV-001,GOLD-MODEL-C1-B2-R00000,F106,-0.30678584597411385,-0.306785882,3.6025886163137955e-08,1.1743007911185631e-07,True,1.0,1.0,1.0,1.0,1.0,True
EXP-EMBED-FP32-EQUIV-001,GOLD-MODEL-C1-B2-R00000,F107,-0.47815807189787285,-0.478158116,4.410212717242956e-08,9.223336332560981e-08,True,1.0,1.0,1.0,1.0,1.0,True
EXP-EMBED-FP32-EQUIV-001,GOLD-MODEL-C1-B2-R00000,F108,-0.23465340963895726,-0.234653428,1.8361042741776856e-08,7.824750030279785e-08,True,1.0,1.0,1.0,1.0,1.0,True
EXP-EMBED-FP32-EQUIV-001,GOLD-MODEL-C1-B2-R00000,F109,-0.21753594384627378,-0.217535943,8.462737732806147e-10,3.890270997599603e-09,True,1.0,1.0,1.0,1.0,1.0,True
EXP-EMBED-FP32-EQUIV-001,GOLD-MODEL-C1-B2-R00000,F110,-0.2096502432141037,-0.209650233,1.0214103701722266e-08,4.87197321840986e-08,True,1.0,1.0,1.0,1.0,1.0,True
EXP-EMBED-FP32-EQUIV-001,GOLD-MODEL-C1-B2-R00000,F111,0.24186206628505305,0.241862044,2.228505305290618e-08,9.21395132159399e-08,True,1.0,1.0,1.0,1.0,1.0,True
EXP-EMBED-FP32-EQUIV-001,GOLD-MODEL-C1-B2-R00000,F112,0.13627699346265193,0.13627699,3.4626519429536984e-09,2.54089252703001e-08,True,1.0,1.0,1.0,1.0,1.0,True
EXP-EMBED-FP32-EQUIV-001,GOLD-MODEL-C1-B2-R00000,F113,-0.0717534228394286,-0.0717534274,4.56057140663102e-09,6.35589387399228e-08,True,1.0,1.0,1.0,1.0,1.0,True
EXP-EMBED-FP32-EQUIV-001,GOLD-MODEL-C1-B2-R00000,F114,0.11957942395976423,0.119579419,4.959764224321539e-09,4.147673621500625e-08,True,1.0,1.0,1.0,1.0,1.0,True
EXP-EMBED-FP32-EQUIV-001,GOLD-MODEL-C1-B2-R00000,F115,-0.12594662214177316,-0.125946626,3.858226849118296e-09,3.063382553265495e-08,True,1.0,1.0,1.0,1.0,1.0,True
EXP-EMBED-FP32-EQUIV-001,GOLD-MODEL-C1-B2-R00000,F116,-0.14768014764643628,-0.147680148,3.5356373384587414e-10,2.3941182310593803e-09,True,1.0,1.0,1.0,1.0,1.0,True
EXP-EMBED-FP32-EQUIV-001,GOLD-MODEL-C1-B2-R00000,F117,-0.12733057293085295,-0.127330571,1.9308529497497062e-09,1.5164095356723624e-08,True,1.0,1.0,1.0,1.0,1.0,True
EXP-EMBED-FP32-EQUIV-001,GOLD-MODEL-C1-B2-R00000,F118,-0.0705538982161165,-0.0705538988,5.838834971072515e-10,8.27570852738334e-09,True,1.0,1.0,1.0,1.0,1.0,True
EXP-EMBED-FP32-EQUIV-001,GOLD-MODEL-C1-B2-R00000,F119,-0.01232324629637819,-0.0123232473,1.0036218089232163e-09,8.144134952639722e-08,True,1.0,1.0,1.0,1.0,1.0,True
EXP-EMBED-FP32-EQUIV-001,GOLD-MODEL-C1-B2-R00000,F120,0.10881096748941689,0.108810961,6.489416892740962e-09,5.963936395816104e-08,True,1.0,1.0,1.0,1.0,1.0,True
EXP-EMBED-FP32-EQUIV-001,GOLD-MODEL-C1-B2-R00000,F121,-0.20302137811974882,-0.203021377,1.1197488214431672e-09,5.5154232121442e-09,True,1.0,1.0,1.0,1.0,1.0,True
EXP-EMBED-FP32-EQUIV-001,GOLD-MODEL-C1-B2-R00000,F122,0.07169518786448244,0.0716951936,5.735517560889747e-09,7.999864051867703e-08,True,1.0,1.0,1.0,1.0,1.0,True
EXP-EMBED-FP32-EQUIV-001,GOLD-MODEL-C1-B2-R00000,F123,-0.1544719046640272,-0.154471889,1.5664027186446106e-08,1.0140372917984666e-07,True,1.0,1.0,1.0,1.0,1.0,True
EXP-EMBED-FP32-EQUIV-001,GOLD-MODEL-C1-B2-R00000,F124,-0.12208923141661672,-0.122089222,9.416616722490723e-09,7.712897045241856e-08,True,1.0,1.0,1.0,1.0,1.0,True
EXP-EMBED-FP32-EQUIV-001,GOLD-MODEL-C1-B2-R00000,F125,-0.18230802726398626,-0.182308018,9.26398627254521e-09,5.081502121204319e-08,True,1.0,1.0,1.0,1.0,1.0,True
EXP-EMBED-FP32-EQUIV-001,GOLD-MODEL-C1-B2-R00000,F126,-0.13882152126355338,-0.138821512,9.263553368832333e-09,6.672995141182346e-08,True,1.0,1.0,1.0,1.0,1.0,True
EXP-EMBED-FP32-EQUIV-001,GOLD-MODEL-C1-B2-R00000,F127,-0.003863769857271787,-0.00386377005,1.9272821316293487e-10,4.9880872899355483e-08,True,1.0,1.0,1.0,1.0,1.0,True
EXP-EMBED-FP32-EQUIV-001,GOLD-MODEL-C1-B2-R00121,F000,0.060845277570650495,0.0608452782,6.293495030673668e-10,1.0343440414691141e-08,True,1.0,1.0,1.0,1.0,1.0,True
EXP-EMBED-FP32-EQUIV-001,GOLD-MODEL-C1-B2-R00121,F001,-0.09635984282087912,-0.0963598415,1.3208791144192489e-09,1.3707775726394633e-08,True,1.0,1.0,1.0,1.0,1.0,True
EXP-EMBED-FP32-EQUIV-001,GOLD-MODEL-C1-B2-R00121,F002,0.07460444165583581,0.0746044442,2.544164184881126e-09,3.410204712231249e-08,True,1.0,1.0,1.0,1.0,1.0,True
EXP-EMBED-FP32-EQUIV-001,GOLD-MODEL-C1-B2-R00121,F003,0.0829671361017276,0.0829671249,1.1201727601051203e-08,1.3501403239128987e-07,True,1.0,1.0,1.0,1.0,1.0,True
EXP-EMBED-FP32-EQUIV-001,GOLD-MODEL-C1-B2-R00121,F004,0.06901783852847145,0.069017835,3.5284714455796617e-09,5.1124050257298134e-08,True,1.0,1.0,1.0,1.0,1.0,True
EXP-EMBED-FP32-EQUIV-001,GOLD-MODEL-C1-B2-R00121,F005,0.00844282784582792,0.00844282843,5.841720805005446e-10,6.919151866743524e-08,True,1.0,1.0,1.0,1.0,1.0,True
EXP-EMBED-FP32-EQUIV-001,GOLD-MODEL-C1-B2-R00121,F006,0.020340505362272717,0.020340506,6.377272841751047e-10,3.135257815953542e-08,True,1.0,1.0,1.0,1.0,1.0,True
EXP-EMBED-FP32-EQUIV-001,GOLD-MODEL-C1-B2-R00121,F007,0.1015889214124355,0.101588912,9.412435497679894e-09,9.265218457696627e-08,True,1.0,1.0,1.0,1.0,1.0,True
EXP-EMBED-FP32-EQUIV-001,GOLD-MODEL-C1-B2-R00121,F008,0.10987598583552552,0.109875992,6.16447448642532e-09,5.6103928802540935e-08,True,1.0,1.0,1.0,1.0,1.0,True
EXP-EMBED-FP32-EQUIV-001,GOLD-MODEL-C1-B2-R00121,F009,-0.09641891949455116,-0.0964189246,5.10544884146924e-09,5.295069544683873e-08,True,1.0,1.0,1.0,1.0,1.0,True
EXP-EMBED-FP32-EQUIV-001,GOLD-MODEL-C1-B2-R00121,F010,0.16413642354423405,0.164136425,1.4557659522296262e-09,8.869243771704967e-09,True,1.0,1.0,1.0,1.0,1.0,True
EXP-EMBED-FP32-EQUIV-001,GOLD-MODEL-C1-B2-R00121,F011,0.20826587913667363,0.208265871,8.13667364041315e-09,3.906868313783407e-08,True,1.0,1.0,1.0,1.0,1.0,True
EXP-EMBED-FP32-EQUIV-001,GOLD-MODEL-C1-B2-R00121,F012,0.16367196185572802,0.16367197,8.144271979038109e-09,4.97597260196407e-08,True,1.0,1.0,1.0,1.0,1.0,True
EXP-EMBED-FP32-EQUIV-001,GOLD-MODEL-C1-B2-R00121,F013,0.06672916518870413,0.0667291656,4.112958723601068e-10,6.1636597909924206e-09,True,1.0,1.0,1.0,1.0,1.0,True
EXP-EMBED-FP32-EQUIV-001,GOLD-MODEL-C1-B2-R00121,F014,0.08726655410736048,0.0872665569,2.792639522408713e-09,3.200125811055909e-08,True,1.0,1.0,1.0,1.0,1.0,True
EXP-EMBED-FP32-EQUIV-001,GOLD-MODEL-C1-B2-R00121,F015,0.1456240078251638,0.145624012,4.174836198966858e-09,2.866859840843803e-08,True,1.0,1.0,1.0,1.0,1.0,True
EXP-EMBED-FP32-EQUIV-001,GOLD-MODEL-C1-B2-R00121,F016,0.3120634558417764,0.312063456,1.5822360088790788e-10,5.070238053382675e-10,True,1.0,1.0,1.0,1.0,1.0,True
EXP-EMBED-FP32-EQUIV-001,GOLD-MODEL-C1-B2-R00121,F017,0.14176311604055394,0.141763136,1.9959446068140707e-08,1.4079435205438726e-07,True,1.0,1.0,1.0,1.0,1.0,True
EXP-EMBED-FP32-EQUIV-001,GOLD-MODEL-C1-B2-R00121,F018,0.15236661132081136,0.152366608,3.3208113758842472e-09,2.1794875839905655e-08,True,1.0,1.0,1.0,1.0,1.0,True
EXP-EMBED-FP32-EQUIV-001,GOLD-MODEL-C1-B2-R00121,F019,0.01635803467467492,0.0163580347,2.5325078839566473e-11,1.5481736860953164e-09,True,1.0,1.0,1.0,1.0,1.0,True
EXP-EMBED-FP32-EQUIV-001,GOLD-MODEL-C1-B2-R00121,F020,0.006667155621701362,0.00666715577,1.4829863725918102e-10,2.2243164202808475e-08,True,1.0,1.0,1.0,1.0,1.0,True
EXP-EMBED-FP32-EQUIV-001,GOLD-MODEL-C1-B2-R00121,F021,-0.047200536663099736,-0.0472005382,1.5369002667742215e-09,3.256107611114799e-08,True,1.0,1.0,1.0,1.0,1.0,True
EXP-EMBED-FP32-EQUIV-001,GOLD-MODEL-C1-B2-R00121,F022,-0.0022608545421084958,-0.0022608547,1.5789150412462427e-10,6.983709088041244e-08,True,1.0,1.0,1.0,1.0,1.0,True
EXP-EMBED-FP32-EQUIV-001,GOLD-MODEL-C1-B2-R00121,F023,0.03408680421649768,0.0340868048,5.835023228484282e-10,1.7118129324837638e-08,True,1.0,1.0,1.0,1.0,1.0,True
EXP-EMBED-FP32-EQUIV-001,GOLD-MODEL-C1-B2-R00121,F024,0.5198743405753689,0.519874334,6.5753688049952075e-09,1.2647996432595508e-08,True,1.0,1.0,1.0,1.0,1.0,True
EXP-EMBED-FP32-EQUIV-001,GOLD-MODEL-C1-B2-R00121,F025,0.25021021603977905,0.250210196,2.0039779058400597e-08,8.009176993482402e-08,True,1.0,1.0,1.0,1.0,1.0,True
EXP-EMBED-FP32-EQUIV-001,GOLD-MODEL-C1-B2-R00121,F026,0.23599806161652298,0.235998049,1.2616522993003088e-08,5.3460282286148086e-08,True,1.0,1.0,1.0,1.0,1.0,True
EXP-EMBED-FP32-EQUIV-001,GOLD-MODEL-C1-B2-R00121,F027,0.07151663977744664,0.0715166479,8.122553352141182e-09,1.1357571297278281e-07,True,1.0,1.0,1.0,1.0,1.0,True
EXP-EMBED-FP32-EQUIV-001,GOLD-MODEL-C1-B2-R00121,F028,0.032180310873276115,0.0321803093,1.5732761135534012e-09,4.888940071924277e-08,True,1.0,1.0,1.0,1.0,1.0,True
EXP-EMBED-FP32-EQUIV-001,GOLD-MODEL-C1-B2-R00121,F029,0.019226082030997255,0.0192260817,3.309972539111694e-10,1.7216053347609722e-08,True,1.0,1.0,1.0,1.0,1.0,True
EXP-EMBED-FP32-EQUIV-001,GOLD-MODEL-C1-B2-R00121,F030,0.06956115910393458,0.0695611537,5.403934577596914e-09,7.768609159491782e-08,True,1.0,1.0,1.0,1.0,1.0,True
EXP-EMBED-FP32-EQUIV-001,GOLD-MODEL-C1-B2-R00121,F031,0.17205089663255793,0.172050893,3.6325579211293757e-09,2.1113275154196267e-08,True,1.0,1.0,1.0,1.0,1.0,True
EXP-EMBED-FP32-EQUIV-001,GOLD-MODEL-C1-B2-R00121,F032,-0.07801889914568796,-0.0780188963,2.8456879630489595e-09,3.647434139944845e-08,True,1.0,1.0,1.0,1.0,1.0,True
EXP-EMBED-FP32-EQUIV-001,GOLD-MODEL-C1-B2-R00121,F033,-0.4117221641688149,-0.411722124,4.016881488544399e-08,9.756291592058648e-08,True,1.0,1.0,1.0,1.0,1.0,True
EXP-EMBED-FP32-EQUIV-001,GOLD-MODEL-C1-B2-R00121,F034,-0.02798147119975802,-0.027981475,3.800241978740848e-09,1.3581280096429356e-07,True,1.0,1.0,1.0,1.0,1.0,True
EXP-EMBED-FP32-EQUIV-001,GOLD-MODEL-C1-B2-R00121,F035,-0.1442640396521423,-0.144264042,2.347857713802526e-09,1.627472597789314e-08,True,1.0,1.0,1.0,1.0,1.0,True
EXP-EMBED-FP32-EQUIV-001,GOLD-MODEL-C1-B2-R00121,F036,0.16091284880193396,0.160912856,7.198066032110262e-09,4.473269900882987e-08,True,1.0,1.0,1.0,1.0,1.0,True
EXP-EMBED-FP32-EQUIV-001,GOLD-MODEL-C1-B2-R00121,F037,0.020770979958386077,0.02077098,4.1613924112171574e-11,2.0034646509477933e-09,True,1.0,1.0,1.0,1.0,1.0,True
EXP-EMBED-FP32-EQUIV-001,GOLD-MODEL-C1-B2-R00121,F038,0.04352164845910217,0.0435216501,1.6408978342763447e-09,3.7703025789988555e-08,True,1.0,1.0,1.0,1.0,1.0,True
EXP-EMBED-FP32-EQUIV-001,GOLD-MODEL-C1-B2-R00121,F039,0.18781912413687465,0.187819123,1.1368746499762494e-09,6.053029238639954e-09,True,1.0,1.0,1.0,1.0,1.0,True
EXP-EMBED-FP32-EQUIV-001,GOLD-MODEL-C1-B2-R00121,F040,-0.14085757646105881,-0.140857592,1.5538941189330302e-08,1.1031668710859983e-07,True,1.0,1.0,1.0,1.0,1.0,True
EXP-EMBED-FP32-EQUIV-001,GOLD-MODEL-C1-B2-R00121,F041,-0.48429067448621965,-0.484290659,1.548621963998187e-08,3.1977117165039536e-08,True,1.0,1.0,1.0,1.0,1.0,True
EXP-EMBED-FP32-EQUIV-001,GOLD-MODEL-C1-B2-R00121,F042,-0.06912201195594991,-0.0691220164,4.444050086260809e-09,6.429283466304357e-08,True,1.0,1.0,1.0,1.0,1.0,True
EXP-EMBED-FP32-EQUIV-001,GOLD-MODEL-C1-B2-R00121,F043,-0.2053919964674042,-0.205392003,6.532595797636986e-09,3.1805503184120965e-08,True,1.0,1.0,1.0,1.0,1.0,True
EXP-EMBED-FP32-EQUIV-001,GOLD-MODEL-C1-B2-R00121,F044,-0.15445072921834468,-0.154450729,2.183446756731655e-10,1.4136849775859258e-09,True,1.0,1.0,1.0,1.0,1.0,True
EXP-EMBED-FP32-EQUIV-001,GOLD-MODEL-C1-B2-R00121,F045,0.01892487360161013,0.0189248752,1.5983898683791242e-09,8.445973812174539e-08,True,1.0,1.0,1.0,1.0,1.0,True
EXP-EMBED-FP32-EQUIV-001,GOLD-MODEL-C1-B2-R00121,F046,0.030792100272761722,0.0307921022,1.9272382786872377e-09,6.258872443306658e-08,True,1.0,1.0,1.0,1.0,1.0,True
EXP-EMBED-FP32-EQUIV-001,GOLD-MODEL-C1-B2-R00121,F047,0.03304298751998172,0.0330429859,1.61998171821498e-09,4.9026490635428965e-08,True,1.0,1.0,1.0,1.0,1.0,True
EXP-EMBED-FP32-EQUIV-001,GOLD-MODEL-C1-B2-R00121,F048,-0.11529181011858348,-0.115291812,1.8814165086977752e-09,1.631873510150151e-08,True,1.0,1.0,1.0,1.0,1.0,True
EXP-EMBED-FP32-EQUIV-001,GOLD-MODEL-C1-B2-R00121,F049,-0.1445162755849149,-0.144516289,1.341508509833389e-08,9.282750364301668e-08,True,1.0,1.0,1.0,1.0,1.0,True
EXP-EMBED-FP32-EQUIV-001,GOLD-MODEL-C1-B2-R00121,F050,-0.03238009838665023,-0.0323801003,1.9133497702883417e-09,5.909030131536548e-08,True,1.0,1.0,1.0,1.0,1.0,True
EXP-EMBED-FP32-EQUIV-001,GOLD-MODEL-C1-B2-R00121,F051,-0.13510470351551912,-0.135104701,2.515519126333743e-09,1.8619034429432665e-08,True,1.0,1.0,1.0,1.0,1.0,True
EXP-EMBED-FP32-EQUIV-001,GOLD-MODEL-C1-B2-R00121,F052,-0.12612387859442392,-0.126123875,3.5944239251683996e-09,2.8499154682096123e-08,True,1.0,1.0,1.0,1.0,1.0,True
EXP-EMBED-FP32-EQUIV-001,GOLD-MODEL-C1-B2-R00121,F053,-0.2820045862706588,-0.282004565,2.1270658789873664e-08,7.542664135773587e-08,True,1.0,1.0,1.0,1.0,1.0,True
EXP-EMBED-FP32-EQUIV-001,GOLD-MODEL-C1-B2-R00121,F054,-0.21350208606741275,-0.213502094,7.932587253733914e-09,3.715461239675766e-08,True,1.0,1.0,1.0,1.0,1.0,True
EXP-EMBED-FP32-EQUIV-001,GOLD-MODEL-C1-B2-R00121,F055,-0.0729378486761523,-0.0729378387,9.976152307022979e-09,1.3677607014867678e-07,True,1.0,1.0,1.0,1.0,1.0,True
EXP-EMBED-FP32-EQUIV-001,GOLD-MODEL-C1-B2-R00121,F056,-0.05141442122421709,-0.0514144227,1.475782905602241e-09,2.8703676331712187e-08,True,1.0,1.0,1.0,1.0,1.0,True
EXP-EMBED-FP32-EQUIV-001,GOLD-MODEL-C1-B2-R00121,F057,-0.06922155276637748,-0.0692215487,4.066377484734929e-09,5.8744384114857115e-08,True,1.0,1.0,1.0,1.0,1.0,True
EXP-EMBED-FP32-EQUIV-001,GOLD-MODEL-C1-B2-R00121,F058,0.004220524336663811,0.00422052434,3.336188963976028e-12,7.904678892606926e-10,True,1.0,1.0,1.0,1.0,1.0,True
EXP-EMBED-FP32-EQUIV-001,GOLD-MODEL-C1-B2-R00121,F059,-0.11286606008551266,-0.112866037,2.3085512654286156e-08,2.045390140915301e-07,True,1.0,1.0,1.0,1.0,1.0,True
EXP-EMBED-FP32-EQUIV-001,GOLD-MODEL-C1-B2-R00121,F060,-0.09622178723737562,-0.0962217748,1.2437375615514945e-08,1.2925737478594526e-07,True,1.0,1.0,1.0,1.0,1.0,True
EXP-EMBED-FP32-EQUIV-001,GOLD-MODEL-C1-B2-R00121,F061,-0.2463490251044918,-0.246349022,3.1044918025191492e-09,1.2602005634900902e-08,True,1.0,1.0,1.0,1.0,1.0,True
EXP-EMBED-FP32-EQUIV-001,GOLD-MODEL-C1-B2-R00121,F062,-0.19306607964741754,-0.193066075,4.6474175341426616e-09,2.4071641909494927e-08,True,1.0,1.0,1.0,1.0,1.0,True
EXP-EMBED-FP32-EQUIV-001,GOLD-MODEL-C1-B2-R00121,F063,-0.03577759617835837,-0.0357775949,1.2783583705489043e-09,3.5730694822984636e-08,True,1.0,1.0,1.0,1.0,1.0,True
EXP-EMBED-FP32-EQUIV-001,GOLD-MODEL-C1-B2-R00121,F064,0.1756450494778137,0.175645053,3.5221862926260172e-09,2.005286401807138e-08,True,1.0,1.0,1.0,1.0,1.0,True
EXP-EMBED-FP32-EQUIV-001,GOLD-MODEL-C1-B2-R00121,F065,0.25650584241813074,0.256505847,4.581869272879402e-09,1.786263123555091e-08,True,1.0,1.0,1.0,1.0,1.0,True
EXP-EMBED-FP32-EQUIV-001,GOLD-MODEL-C1-B2-R00121,F066,0.19218247624827534,0.192182481,4.751724652640732e-09,2.4725067266289708e-08,True,1.0,1.0,1.0,1.0,1.0,True
EXP-EMBED-FP32-EQUIV-001,GOLD-MODEL-C1-B2-R00121,F067,0.1933316641604667,0.193331659,5.160466720610657e-09,2.6692299696584783e-08,True,1.0,1.0,1.0,1.0,1.0,True
EXP-EMBED-FP32-EQUIV-001,GOLD-MODEL-C1-B2-R00121,F068,0.15243769898340617,0.152437702,3.01659383583619e-09,1.9789027622127553e-08,True,1.0,1.0,1.0,1.0,1.0,True
EXP-EMBED-FP32-EQUIV-001,GOLD-MODEL-C1-B2-R00121,F069,0.11528138722597948,0.115281373,1.4225979477755502e-08,1.234022232042466e-07,True,1.0,1.0,1.0,1.0,1.0,True
EXP-EMBED-FP32-EQUIV-001,GOLD-MODEL-C1-B2-R00121,F070,0.12237911760930553,0.122379124,6.390694473612513e-09,5.222046537395996e-08,True,1.0,1.0,1.0,1.0,1.0,True
EXP-EMBED-FP32-EQUIV-001,GOLD-MODEL-C1-B2-R00121,F071,0.18623587157683236,0.186235845,2.6576832345970303e-08,1.427052270915806e-07,True,1.0,1.0,1.0,1.0,1.0,True
EXP-EMBED-FP32-EQUIV-001,GOLD-MODEL-C1-B2-R00121,F072,0.09834461725988597,0.0983446166,6.598859653150768e-10,6.709934754957243e-09,True,1.0,1.0,1.0,1.0,1.0,True
EXP-EMBED-FP32-EQUIV-001,GOLD-MODEL-C1-B2-R00121,F073,0.19897451458485482,0.198974505,9.584854826494293e-09,4.817126880039066e-08,True,1.0,1.0,1.0,1.0,1.0,True
EXP-EMBED-FP32-EQUIV-001,GOLD-MODEL-C1-B2-R00121,F074,0.12715522080999112,0.127155229,8.19000889329402e-09,6.440953695115992e-08,True,1.0,1.0,1.0,1.0,1.0,True
EXP-EMBED-FP32-EQUIV-001,GOLD-MODEL-C1-B2-R00121,F075,0.1086694410272489,0.108669445,3.972751100311811e-09,3.655812584253233e-08,True,1.0,1.0,1.0,1.0,1.0,True
EXP-EMBED-FP32-EQUIV-001,GOLD-MODEL-C1-B2-R00121,F076,0.10176565207731772,0.101765648,4.0773177195641e-09,4.00657553539411e-08,True,1.0,1.0,1.0,1.0,1.0,True
EXP-EMBED-FP32-EQUIV-001,GOLD-MODEL-C1-B2-R00121,F077,-0.012343850316529346,-0.01234385,3.165293461365737e-10,2.564267534196498e-08,True,1.0,1.0,1.0,1.0,1.0,True
EXP-EMBED-FP32-EQUIV-001,GOLD-MODEL-C1-B2-R00121,F078,-0.0016598791414063911,-0.00165987911,3.140639115960242e-11,1.8920890308310188e-08,True,1.0,1.0,1.0,1.0,1.0,True
EXP-EMBED-FP32-EQUIV-001,GOLD-MODEL-C1-B2-R00121,F079,0.11797869622180787,0.117978677,1.9221807867619845e-08,1.6292609160116122e-07,True,1.0,1.0,1.0,1.0,1.0,True
EXP-EMBED-FP32-EQUIV-001,GOLD-MODEL-C1-B2-R00121,F080,0.4306938559712012,0.430693835,2.0971201164510234e-08,4.8691665492234224e-08,True,1.0,1.0,1.0,1.0,1.0,True
EXP-EMBED-FP32-EQUIV-001,GOLD-MODEL-C1-B2-R00121,F081,0.20572704083305624,0.205727026,1.4833056227736563e-08,7.21006639072465e-08,True,1.0,1.0,1.0,1.0,1.0,True
EXP-EMBED-FP32-EQUIV-001,GOLD-MODEL-C1-B2-R00121,F082,0.16382810504295747,0.163828105,4.295747091376256e-11,2.622106317014328e-10,True,1.0,1.0,1.0,1.0,1.0,True
EXP-EMBED-FP32-EQUIV-001,GOLD-MODEL-C1-B2-R00121,F083,0.019212344572237625,0.0192123447,1.2776237706679794e-10,6.650014868639101e-09,True,1.0,1.0,1.0,1.0,1.0,True
EXP-EMBED-FP32-EQUIV-001,GOLD-MODEL-C1-B2-R00121,F084,-0.02188920435564865,-0.0218892042,1.5564864674910694e-10,7.110749400488868e-09,True,1.0,1.0,1.0,1.0,1.0,True
EXP-EMBED-FP32-EQUIV-001,GOLD-MODEL-C1-B2-R00121,F085,-0.006956313778397764,-0.00695631327,5.083977639916415e-10,7.30843633837259e-08,True,1.0,1.0,1.0,1.0,1.0,True
EXP-EMBED-FP32-EQUIV-001,GOLD-MODEL-C1-B2-R00121,F086,0.01376988739754093,0.0137698874,2.4590694064352547e-12,1.785831165819412e-10,True,1.0,1.0,1.0,1.0,1.0,True
EXP-EMBED-FP32-EQUIV-001,GOLD-MODEL-C1-B2-R00121,F087,0.19855368819968114,0.198553681,7.199681129055335e-09,3.626062650528442e-08,True,1.0,1.0,1.0,1.0,1.0,True
EXP-EMBED-FP32-EQUIV-001,GOLD-MODEL-C1-B2-R00121,F088,0.5097551847651521,0.509755135,4.9765152110303745e-08,9.762559282890061e-08,True,1.0,1.0,1.0,1.0,1.0,True
EXP-EMBED-FP32-EQUIV-001,GOLD-MODEL-C1-B2-R00121,F089,0.16841620042112418,0.168416217,1.6578875827732986e-08,9.843991128096679e-08,True,1.0,1.0,1.0,1.0,1.0,True
EXP-EMBED-FP32-EQUIV-001,GOLD-MODEL-C1-B2-R00121,F090,0.21431351490472964,0.214313537,2.209527036334258e-08,1.0309788616534403e-07,True,1.0,1.0,1.0,1.0,1.0,True
EXP-EMBED-FP32-EQUIV-001,GOLD-MODEL-C1-B2-R00121,F091,0.059133071344101715,0.0591330715,1.5589828733508782e-10,2.636397599372082e-09,True,1.0,1.0,1.0,1.0,1.0,True
EXP-EMBED-FP32-EQUIV-001,GOLD-MODEL-C1-B2-R00121,F092,0.011818549939180351,0.0118185515,1.5608196488742232e-09,1.320652412441784e-07,True,1.0,1.0,1.0,1.0,1.0,True
EXP-EMBED-FP32-EQUIV-001,GOLD-MODEL-C1-B2-R00121,F093,0.024964088149122852,0.0249640867,1.4491228529645017e-09,5.804829899286422e-08,True,1.0,1.0,1.0,1.0,1.0,True
EXP-EMBED-FP32-EQUIV-001,GOLD-MODEL-C1-B2-R00121,F094,0.01956264519064341,0.0195626449,2.906434121152657e-10,1.4857060958927839e-08,True,1.0,1.0,1.0,1.0,1.0,True
EXP-EMBED-FP32-EQUIV-001,GOLD-MODEL-C1-B2-R00121,F095,-0.05011335391922424,-0.0501133576,3.6807757605727964e-09,7.34490005699019e-08,True,1.0,1.0,1.0,1.0,1.0,True
EXP-EMBED-FP32-EQUIV-001,GOLD-MODEL-C1-B2-R00121,F096,-0.26244711030681317,-0.262447119,8.693186837049893e-09,3.3123576125060566e-08,True,1.0,1.0,1.0,1.0,1.0,True
EXP-EMBED-FP32-EQUIV-001,GOLD-MODEL-C1-B2-R00121,F097,-0.5408380431165809,-0.540838063,1.9883419133392977e-08,3.6764091184885425e-08,True,1.0,1.0,1.0,1.0,1.0,True
EXP-EMBED-FP32-EQUIV-001,GOLD-MODEL-C1-B2-R00121,F098,-0.15582792721841704,-0.15582794,1.2781582958698579e-08,8.202369874806334e-08,True,1.0,1.0,1.0,1.0,1.0,True
EXP-EMBED-FP32-EQUIV-001,GOLD-MODEL-C1-B2-R00121,F099,-0.32026392565301215,-0.320263922,3.6530121705347085e-09,1.140625552217998e-08,True,1.0,1.0,1.0,1.0,1.0,True
EXP-EMBED-FP32-EQUIV-001,GOLD-MODEL-C1-B2-R00121,F100,-0.28015170712812915,-0.280151695,1.2128129167621182e-08,4.329129132193475e-08,True,1.0,1.0,1.0,1.0,1.0,True
EXP-EMBED-FP32-EQUIV-001,GOLD-MODEL-C1-B2-R00121,F101,-0.08839903276025113,-0.0883990228,9.960251123874997e-09,1.1267375685985619e-07,True,1.0,1.0,1.0,1.0,1.0,True
EXP-EMBED-FP32-EQUIV-001,GOLD-MODEL-C1-B2-R00121,F102,-0.08561465698977122,-0.0856146514,5.589771215341877e-09,6.528988624003612e-08,True,1.0,1.0,1.0,1.0,1.0,True
EXP-EMBED-FP32-EQUIV-001,GOLD-MODEL-C1-B2-R00121,F103,0.13780319805355726,0.137803197,1.0535572692038642e-09,7.645376044135048e-09,True,1.0,1.0,1.0,1.0,1.0,True
EXP-EMBED-FP32-EQUIV-001,GOLD-MODEL-C1-B2-R00121,F104,-0.4472762911889391,-0.447276324,3.2811060923787494e-08,7.335747852087112e-08,True,1.0,1.0,1.0,1.0,1.0,True
EXP-EMBED-FP32-EQUIV-001,GOLD-MODEL-C1-B2-R00121,F105,-0.7481242832345453,-0.748124301,1.7765454773943645e-08,2.3746662382263533e-08,True,1.0,1.0,1.0,1.0,1.0,True
EXP-EMBED-FP32-EQUIV-001,GOLD-MODEL-C1-B2-R00121,F106,-0.3386261316230936,-0.338626146,1.4376906443125392e-08,4.245657703442553e-08,True,1.0,1.0,1.0,1.0,1.0,True
EXP-EMBED-FP32-EQUIV-001,GOLD-MODEL-C1-B2-R00121,F107,-0.39779626262321094,-0.397796273,1.0376789039145962e-08,2.6085687609827454e-08,True,1.0,1.0,1.0,1.0,1.0,True
EXP-EMBED-FP32-EQUIV-001,GOLD-MODEL-C1-B2-R00121,F108,-0.2000148960575472,-0.200014919,2.2942452826413273e-08,1.1470372096592445e-07,True,1.0,1.0,1.0,1.0,1.0,True
EXP-EMBED-FP32-EQUIV-001,GOLD-MODEL-C1-B2-R00121,F109,-0.25225616034681003,-0.252256155,5.346810050266271e-09,2.119595431451625e-08,True,1.0,1.0,1.0,1.0,1.0,True
EXP-EMBED-FP32-EQUIV-001,GOLD-MODEL-C1-B2-R00121,F110,-0.24175209547872406,-0.241752088,7.478724056708685e-09,3.093550871564986e-08,True,1.0,1.0,1.0,1.0,1.0,True
EXP-EMBED-FP32-EQUIV-001,GOLD-MODEL-C1-B2-R00121,F111,0.26001842071550185,0.260018408,1.2715501873650226e-08,4.890231176183799e-08,True,1.0,1.0,1.0,1.0,1.0,True
EXP-EMBED-FP32-EQUIV-001,GOLD-MODEL-C1-B2-R00121,F112,0.12496701763620319,0.124967016,1.6362031868277782e-09,1.3093080220502653e-08,True,1.0,1.0,1.0,1.0,1.0,True
EXP-EMBED-FP32-EQUIV-001,GOLD-MODEL-C1-B2-R00121,F113,-0.054676670834257514,-0.0546766706,2.342575161629057e-10,4.284414405423753e-09,True,1.0,1.0,1.0,1.0,1.0,True
EXP-EMBED-FP32-EQUIV-001,GOLD-MODEL-C1-B2-R00121,F114,0.095645966719587,0.0956459641,2.6195870056477943e-09,2.7388368746670195e-08,True,1.0,1.0,1.0,1.0,1.0,True
EXP-EMBED-FP32-EQUIV-001,GOLD-MODEL-C1-B2-R00121,F115,-0.08183312712320553,-0.0818331316,4.476794462915379e-09,5.470638383616026e-08,True,1.0,1.0,1.0,1.0,1.0,True
EXP-EMBED-FP32-EQUIV-001,GOLD-MODEL-C1-B2-R00121,F116,-0.09395509001366717,-0.0939550847,5.3136671729347995e-09,5.655539441409558e-08,True,1.0,1.0,1.0,1.0,1.0,True
EXP-EMBED-FP32-EQUIV-001,GOLD-MODEL-C1-B2-R00121,F117,-0.12447854905838557,-0.124478534,1.5058385566257826e-08,1.2097173111485114e-07,True,1.0,1.0,1.0,1.0,1.0,True
EXP-EMBED-FP32-EQUIV-001,GOLD-MODEL-C1-B2-R00121,F118,-0.0708457876659243,-0.0708457902,2.5340756992786595e-09,3.5768897245213495e-08,True,1.0,1.0,1.0,1.0,1.0,True
EXP-EMBED-FP32-EQUIV-001,GOLD-MODEL-C1-B2-R00121,F119,-0.01619086372314287,-0.016190866,2.2768571333875443e-09,1.4062604517713617e-07,True,1.0,1.0,1.0,1.0,1.0,True
EXP-EMBED-FP32-EQUIV-001,GOLD-MODEL-C1-B2-R00121,F120,0.10069336499231249,0.10069336,4.992312493956597e-09,4.9579359020703486e-08,True,1.0,1.0,1.0,1.0,1.0,True
EXP-EMBED-FP32-EQUIV-001,GOLD-MODEL-C1-B2-R00121,F121,-0.1552246894354071,-0.155224696,6.564592897051469e-09,4.22909069486859e-08,True,1.0,1.0,1.0,1.0,1.0,True
EXP-EMBED-FP32-EQUIV-001,GOLD-MODEL-C1-B2-R00121,F122,0.058250214638688895,0.0582502149,2.61311104698958e-10,4.486011018496732e-09,True,1.0,1.0,1.0,1.0,1.0,True
EXP-EMBED-FP32-EQUIV-001,GOLD-MODEL-C1-B2-R00121,F123,-0.10361694128710171,-0.103616938,3.2871017019431292e-09,3.172359327646269e-08,True,1.0,1.0,1.0,1.0,1.0,True
EXP-EMBED-FP32-EQUIV-001,GOLD-MODEL-C1-B2-R00121,F124,-0.08201627175527966,-0.0820162669,4.855279664428558e-09,5.91989804037393e-08,True,1.0,1.0,1.0,1.0,1.0,True
EXP-EMBED-FP32-EQUIV-001,GOLD-MODEL-C1-B2-R00121,F125,-0.17984246017084504,-0.179842442,1.817084505084665e-08,1.0103756940149108e-07,True,1.0,1.0,1.0,1.0,1.0,True
EXP-EMBED-FP32-EQUIV-001,GOLD-MODEL-C1-B2-R00121,F126,-0.14075787848699242,-0.140757859,1.9486992408612736e-08,1.3844335122181844e-07,True,1.0,1.0,1.0,1.0,1.0,True
EXP-EMBED-FP32-EQUIV-001,GOLD-MODEL-C1-B2-R00121,F127,-0.0037430570270331025,-0.00374305714,1.129668975551057e-10,3.018038377167013e-08,True,1.0,1.0,1.0,1.0,1.0,True
EXP-EMBED-FP32-EQUIV-001,GOLD-MODEL-C1-B2-R00218,F000,0.24778044382508754,0.247780457,1.3174912466551447e-08,5.317172034711441e-08,True,1.0,1.0,1.0,1.0,1.0,True
EXP-EMBED-FP32-EQUIV-001,GOLD-MODEL-C1-B2-R00218,F001,0.6008859103751925,0.600885868,4.237519246608201e-08,7.052119501291517e-08,True,1.0,1.0,1.0,1.0,1.0,True
EXP-EMBED-FP32-EQUIV-001,GOLD-MODEL-C1-B2-R00218,F002,0.09521591626024152,0.0952159166,3.3975848523493113e-10,3.5682950769103834e-09,True,1.0,1.0,1.0,1.0,1.0,True
EXP-EMBED-FP32-EQUIV-001,GOLD-MODEL-C1-B2-R00218,F003,-0.17781581503841476,-0.17781581,5.0384147687321246e-09,2.8335020524713404e-08,True,1.0,1.0,1.0,1.0,1.0,True
EXP-EMBED-FP32-EQUIV-001,GOLD-MODEL-C1-B2-R00218,F004,-1.215423376683501,-1.21542335,2.6683500964352902e-08,2.195407911041137e-08,True,1.0,1.0,1.0,1.0,1.0,True
EXP-EMBED-FP32-EQUIV-001,GOLD-MODEL-C1-B2-R00218,F005,0.21249340037953773,0.21249339,1.0379537729310329e-08,4.8846400456537836e-08,True,1.0,1.0,1.0,1.0,1.0,True
EXP-EMBED-FP32-EQUIV-001,GOLD-MODEL-C1-B2-R00218,F006,0.17135204744582777,0.171352044,3.445827762016407e-09,2.0109638684683886e-08,True,1.0,1.0,1.0,1.0,1.0,True
EXP-EMBED-FP32-EQUIV-001,GOLD-MODEL-C1-B2-R00218,F007,0.054555580527936784,0.0545555763,4.2279367853947925e-09,7.749778747620059e-08,True,1.0,1.0,1.0,1.0,1.0,True
EXP-EMBED-FP32-EQUIV-001,GOLD-MODEL-C1-B2-R00218,F008,0.30248542897267755,0.302485466,3.702732243038298e-08,1.2241026801237268e-07,True,1.0,1.0,1.0,1.0,1.0,True
EXP-EMBED-FP32-EQUIV-001,GOLD-MODEL-C1-B2-R00218,F009,0.6980709438331071,0.698071003,5.916689294060973e-08,8.475770759877837e-08,True,1.0,1.0,1.0,1.0,1.0,True
EXP-EMBED-FP32-EQUIV-001,GOLD-MODEL-C1-B2-R00218,F010,0.1624424232082676,0.162442431,7.791732398176876e-09,4.796611774368256e-08,True,1.0,1.0,1.0,1.0,1.0,True
EXP-EMBED-FP32-EQUIV-001,GOLD-MODEL-C1-B2-R00218,F011,0.1251719131804225,0.125171915,1.8195774886820004e-09,1.4536627606380559e-08,True,1.0,1.0,1.0,1.0,1.0,True
EXP-EMBED-FP32-EQUIV-001,GOLD-MODEL-C1-B2-R00218,F012,0.10358859923933618,0.103588603,3.760663822016674e-09,3.630383893238919e-08,True,1.0,1.0,1.0,1.0,1.0,True
EXP-EMBED-FP32-EQUIV-001,GOLD-MODEL-C1-B2-R00218,F013,0.291645255221367,0.291645259,3.778633017592625e-09,1.295626433121477e-08,True,1.0,1.0,1.0,1.0,1.0,True
EXP-EMBED-FP32-EQUIV-001,GOLD-MODEL-C1-B2-R00218,F014,0.2504731503288745,0.250473142,8.328874534502262e-09,3.325256429108805e-08,True,1.0,1.0,1.0,1.0,1.0,True
EXP-EMBED-FP32-EQUIV-001,GOLD-MODEL-C1-B2-R00218,F015,0.078909588041418,0.0789095834,4.64141799993989e-09,5.881944279703635e-08,True,1.0,1.0,1.0,1.0,1.0,True
EXP-EMBED-FP32-EQUIV-001,GOLD-MODEL-C1-B2-R00218,F016,-0.19916367402846147,-0.199163675,9.715385440589586e-10,4.87809109165219e-09,True,1.0,1.0,1.0,1.0,1.0,True
EXP-EMBED-FP32-EQUIV-001,GOLD-MODEL-C1-B2-R00218,F017,-0.5693803679229886,-0.569380462,9.407701140329294e-08,1.652270023753564e-07,True,1.0,1.0,1.0,1.0,1.0,True
EXP-EMBED-FP32-EQUIV-001,GOLD-MODEL-C1-B2-R00218,F018,3.7294947882840255,3.72949457,2.1828402552159787e-07,5.852911397203811e-08,True,1.0,1.0,1.0,1.0,1.0,True
EXP-EMBED-FP32-EQUIV-001,GOLD-MODEL-C1-B2-R00218,F019,13.462521911962583,13.4625206,1.3119625830171344e-06,9.745295804134182e-08,True,1.0,1.0,1.0,1.0,1.0,True
EXP-EMBED-FP32-EQUIV-001,GOLD-MODEL-C1-B2-R00218,F020,66.26920485144383,66.2692032,1.6514438243575569e-06,2.4920229962915817e-08,True,1.0,1.0,1.0,1.0,1.0,True
EXP-EMBED-FP32-EQUIV-001,GOLD-MODEL-C1-B2-R00218,F021,-0.035753464480598456,-0.0357534811,1.6619401542461443e-08,4.6483331850204133e-07,True,1.0,1.0,1.0,1.0,1.0,True
EXP-EMBED-FP32-EQUIV-001,GOLD-MODEL-C1-B2-R00218,F022,2.192683656364736,2.19268346,1.9636473602702154e-07,8.955452167348931e-08,True,1.0,1.0,1.0,1.0,1.0,True
EXP-EMBED-FP32-EQUIV-001,GOLD-MODEL-C1-B2-R00218,F023,-0.0510546687808008,-0.051054664,4.780800803849683e-09,9.364081518921755e-08,True,1.0,1.0,1.0,1.0,1.0,True
EXP-EMBED-FP32-EQUIV-001,GOLD-MODEL-C1-B2-R00218,F024,0.008497924031866378,0.00849792361,4.218663786359489e-10,4.964346316276676e-08,True,1.0,1.0,1.0,1.0,1.0,True
EXP-EMBED-FP32-EQUIV-001,GOLD-MODEL-C1-B2-R00218,F025,-0.4595128509004998,-0.45951283,2.0900499830833752e-08,4.5484037693125195e-08,True,1.0,1.0,1.0,1.0,1.0,True
EXP-EMBED-FP32-EQUIV-001,GOLD-MODEL-C1-B2-R00218,F026,3.2168436964366465,3.21684408,3.835633535231864e-07,1.192359311545246e-07,True,1.0,1.0,1.0,1.0,1.0,True
EXP-EMBED-FP32-EQUIV-001,GOLD-MODEL-C1-B2-R00218,F027,11.170066931941223,11.1700668,1.3194122239212902e-07,1.1812035075173826e-08,True,1.0,1.0,1.0,1.0,1.0,True
EXP-EMBED-FP32-EQUIV-001,GOLD-MODEL-C1-B2-R00218,F028,25.31950034817598,25.3195,3.481759769385917e-07,1.3751297306452352e-08,True,1.0,1.0,1.0,1.0,1.0,True
EXP-EMBED-FP32-EQUIV-001,GOLD-MODEL-C1-B2-R00218,F029,1.0588775283708192,1.05887747,5.8370819067121715e-08,5.5125184455402134e-08,True,1.0,1.0,1.0,1.0,1.0,True
EXP-EMBED-FP32-EQUIV-001,GOLD-MODEL-C1-B2-R00218,F030,9.386080315893352,9.38607979,5.258933519769471e-07,5.6029070099310504e-08,True,1.0,1.0,1.0,1.0,1.0,True
EXP-EMBED-FP32-EQUIV-001,GOLD-MODEL-C1-B2-R00218,F031,9.430533840118404,9.43053341,4.3011840311635297e-07,4.560912567712632e-08,True,1.0,1.0,1.0,1.0,1.0,True
EXP-EMBED-FP32-EQUIV-001,GOLD-MODEL-C1-B2-R00218,F032,0.3810407522218123,0.381040782,2.9778187748963347e-08,7.814961411694045e-08,True,1.0,1.0,1.0,1.0,1.0,True
EXP-EMBED-FP32-EQUIV-001,GOLD-MODEL-C1-B2-R00218,F033,0.5444678036535932,0.544467747,5.665359315010221e-08,1.0405315570532236e-07,True,1.0,1.0,1.0,1.0,1.0,True
EXP-EMBED-FP32-EQUIV-001,GOLD-MODEL-C1-B2-R00218,F034,-0.006647732782049413,-0.00664773304,2.5795058710559315e-10,3.8802791201554616e-08,True,1.0,1.0,1.0,1.0,1.0,True
EXP-EMBED-FP32-EQUIV-001,GOLD-MODEL-C1-B2-R00218,F035,-0.1763141408248679,-0.17631413,1.0824867890946166e-08,6.139534719281797e-08,True,1.0,1.0,1.0,1.0,1.0,True
EXP-EMBED-FP32-EQUIV-001,GOLD-MODEL-C1-B2-R00218,F036,0.3808509271342683,0.380850911,1.6134268310263877e-08,4.236373646682963e-08,True,1.0,1.0,1.0,1.0,1.0,True
EXP-EMBED-FP32-EQUIV-001,GOLD-MODEL-C1-B2-R00218,F037,0.14946744994679073,0.149467438,1.1946790723360579e-08,7.992904627471429e-08,True,1.0,1.0,1.0,1.0,1.0,True
EXP-EMBED-FP32-EQUIV-001,GOLD-MODEL-C1-B2-R00218,F038,0.058023125726196154,0.0580231249,8.261961531585982e-10,1.4239083862136523e-08,True,1.0,1.0,1.0,1.0,1.0,True
EXP-EMBED-FP32-EQUIV-001,GOLD-MODEL-C1-B2-R00218,F039,0.20461107953844967,0.204611093,1.3461550318893956e-08,6.579091586467251e-08,True,1.0,1.0,1.0,1.0,1.0,True
EXP-EMBED-FP32-EQUIV-001,GOLD-MODEL-C1-B2-R00218,F040,0.3739433037727611,0.373943299,4.7727610752446026e-09,1.2763328095707598e-08,True,1.0,1.0,1.0,1.0,1.0,True
EXP-EMBED-FP32-EQUIV-001,GOLD-MODEL-C1-B2-R00218,F041,0.5222532463249009,0.522253215,3.1324900895413066e-08,5.998028947803882e-08,True,1.0,1.0,1.0,1.0,1.0,True
EXP-EMBED-FP32-EQUIV-001,GOLD-MODEL-C1-B2-R00218,F042,0.0034898867254868683,0.00348988664,8.548686845216702e-11,2.4495599764843624e-08,True,1.0,1.0,1.0,1.0,1.0,True
EXP-EMBED-FP32-EQUIV-001,GOLD-MODEL-C1-B2-R00218,F043,-0.25063419804269954,-0.250634193,5.042699535717787e-09,2.0119758497037514e-08,True,1.0,1.0,1.0,1.0,1.0,True
EXP-EMBED-FP32-EQUIV-001,GOLD-MODEL-C1-B2-R00218,F044,-0.2444374848032557,-0.244437486,1.1967443147575807e-09,4.895911589504463e-09,True,1.0,1.0,1.0,1.0,1.0,True
EXP-EMBED-FP32-EQUIV-001,GOLD-MODEL-C1-B2-R00218,F045,0.1392002189214054,0.139200225,6.078594599889797e-09,4.366799597723237e-08,True,1.0,1.0,1.0,1.0,1.0,True
EXP-EMBED-FP32-EQUIV-001,GOLD-MODEL-C1-B2-R00218,F046,0.06625169640678524,0.0662517026,6.193214760474852e-09,9.348009328619345e-08,True,1.0,1.0,1.0,1.0,1.0,True
EXP-EMBED-FP32-EQUIV-001,GOLD-MODEL-C1-B2-R00218,F047,0.14334361847959678,0.143343613,5.479596776325479e-09,3.822700190246302e-08,True,1.0,1.0,1.0,1.0,1.0,True
EXP-EMBED-FP32-EQUIV-001,GOLD-MODEL-C1-B2-R00218,F048,-0.02365000300095924,-0.0236500017,1.3009592396417968e-09,5.5008840362051126e-08,True,1.0,1.0,1.0,1.0,1.0,True
EXP-EMBED-FP32-EQUIV-001,GOLD-MODEL-C1-B2-R00218,F049,-0.4448668539055286,-0.444866896,4.2094471408571366e-08,9.462262930811765e-08,True,1.0,1.0,1.0,1.0,1.0,True
EXP-EMBED-FP32-EQUIV-001,GOLD-MODEL-C1-B2-R00218,F050,0.8232090739898476,0.823209047,2.6989847579095283e-08,3.2786139550531904e-08,True,1.0,1.0,1.0,1.0,1.0,True
EXP-EMBED-FP32-EQUIV-001,GOLD-MODEL-C1-B2-R00218,F051,0.5204482206073381,0.520448208,1.2607338062409212e-08,2.4224000704041324e-08,True,1.0,1.0,1.0,1.0,1.0,True
EXP-EMBED-FP32-EQUIV-001,GOLD-MODEL-C1-B2-R00218,F052,0.1300264247282807,0.13002643,5.2717193110840554e-09,4.0543445858028415e-08,True,1.0,1.0,1.0,1.0,1.0,True
EXP-EMBED-FP32-EQUIV-001,GOLD-MODEL-C1-B2-R00218,F053,-0.2637330083266562,-0.263733,8.326656197876758e-09,3.1572294460629183e-08,True,1.0,1.0,1.0,1.0,1.0,True
EXP-EMBED-FP32-EQUIV-001,GOLD-MODEL-C1-B2-R00218,F054,-0.29674561626486795,-0.296745628,1.173513203278631e-08,3.9546100732661934e-08,True,1.0,1.0,1.0,1.0,1.0,True
EXP-EMBED-FP32-EQUIV-001,GOLD-MODEL-C1-B2-R00218,F055,-0.15745141893438805,-0.157451406,1.2934388060603652e-08,8.21484375824747e-08,True,1.0,1.0,1.0,1.0,1.0,True
EXP-EMBED-FP32-EQUIV-001,GOLD-MODEL-C1-B2-R00218,F056,0.020208895151853062,0.0202088933,1.8518530632560815e-09,9.16355421382982e-08,True,1.0,1.0,1.0,1.0,1.0,True
EXP-EMBED-FP32-EQUIV-001,GOLD-MODEL-C1-B2-R00218,F057,-0.47543595689535456,-0.475435972,1.510464542331391e-08,3.177009480298628e-08,True,1.0,1.0,1.0,1.0,1.0,True
EXP-EMBED-FP32-EQUIV-001,GOLD-MODEL-C1-B2-R00218,F058,0.7903883861584279,0.790388346,4.0158427916381356e-08,5.080847418769116e-08,True,1.0,1.0,1.0,1.0,1.0,True
EXP-EMBED-FP32-EQUIV-001,GOLD-MODEL-C1-B2-R00218,F059,0.3402328166601802,0.340232819,2.3398198378821178e-09,6.877113915260847e-09,True,1.0,1.0,1.0,1.0,1.0,True
EXP-EMBED-FP32-EQUIV-001,GOLD-MODEL-C1-B2-R00218,F060,0.13616154995535545,0.136161551,1.0446445375400515e-09,7.672096402270455e-09,True,1.0,1.0,1.0,1.0,1.0,True
EXP-EMBED-FP32-EQUIV-001,GOLD-MODEL-C1-B2-R00218,F061,-0.2748083835582956,-0.274808407,2.3441704355420256e-08,8.530199862133218e-08,True,1.0,1.0,1.0,1.0,1.0,True
EXP-EMBED-FP32-EQUIV-001,GOLD-MODEL-C1-B2-R00218,F062,-0.29710095615957827,-0.297100961,4.840421730101241e-09,1.6292178230154745e-08,True,1.0,1.0,1.0,1.0,1.0,True
EXP-EMBED-FP32-EQUIV-001,GOLD-MODEL-C1-B2-R00218,F063,-0.08566909801011828,-0.0856690928,5.210118281251397e-09,6.081677526984159e-08,True,1.0,1.0,1.0,1.0,1.0,True
EXP-EMBED-FP32-EQUIV-001,GOLD-MODEL-C1-B2-R00218,F064,0.29885078621129874,0.298850805,1.878870126148513e-08,6.286984049692549e-08,True,1.0,1.0,1.0,1.0,1.0,True
EXP-EMBED-FP32-EQUIV-001,GOLD-MODEL-C1-B2-R00218,F065,0.5618242873132334,0.561824381,9.368676656684727e-08,1.6675456843433714e-07,True,1.0,1.0,1.0,1.0,1.0,True
EXP-EMBED-FP32-EQUIV-001,GOLD-MODEL-C1-B2-R00218,F066,0.16047745909032787,0.160477459,9.032788406138081e-11,5.628696053228136e-10,True,1.0,1.0,1.0,1.0,1.0,True
EXP-EMBED-FP32-EQUIV-001,GOLD-MODEL-C1-B2-R00218,F067,0.13500152137855603,0.13500151,1.1378556041830024e-08,8.428465046644593e-08,True,1.0,1.0,1.0,1.0,1.0,True
EXP-EMBED-FP32-EQUIV-001,GOLD-MODEL-C1-B2-R00218,F068,0.12584247012428693,0.125842482,1.18757130795899e-08,9.436967557821286e-08,True,1.0,1.0,1.0,1.0,1.0,True
EXP-EMBED-FP32-EQUIV-001,GOLD-MODEL-C1-B2-R00218,F069,0.28978552982484135,0.289785564,3.4175158647453685e-08,1.1793259196934574e-07,True,1.0,1.0,1.0,1.0,1.0,True
EXP-EMBED-FP32-EQUIV-001,GOLD-MODEL-C1-B2-R00218,F070,0.25224225776466686,0.252242267,9.235333164880899e-09,3.6612949974056846e-08,True,1.0,1.0,1.0,1.0,1.0,True
EXP-EMBED-FP32-EQUIV-001,GOLD-MODEL-C1-B2-R00218,F071,0.09244122305953278,0.0924412161,6.959532783401556e-09,7.528603098338032e-08,True,1.0,1.0,1.0,1.0,1.0,True
EXP-EMBED-FP32-EQUIV-001,GOLD-MODEL-C1-B2-R00218,F072,0.30718643772921866,0.307186455,1.7270781360601006e-08,5.622247351891558e-08,True,1.0,1.0,1.0,1.0,1.0,True
EXP-EMBED-FP32-EQUIV-001,GOLD-MODEL-C1-B2-R00218,F073,0.576226314522713,0.576226294,2.052271297348085e-08,3.5615716353529895e-08,True,1.0,1.0,1.0,1.0,1.0,True
EXP-EMBED-FP32-EQUIV-001,GOLD-MODEL-C1-B2-R00218,F074,0.1862459971583517,0.186246008,1.0841648301340712e-08,5.8211443288753376e-08,True,1.0,1.0,1.0,1.0,1.0,True
EXP-EMBED-FP32-EQUIV-001,GOLD-MODEL-C1-B2-R00218,F075,0.16474905542077653,0.164749056,5.792234747392655e-10,3.5157923865475438e-09,True,1.0,1.0,1.0,1.0,1.0,True
EXP-EMBED-FP32-EQUIV-001,GOLD-MODEL-C1-B2-R00218,F076,0.16135122065111906,0.161351219,1.6511190747969806e-09,1.0233074581859566e-08,True,1.0,1.0,1.0,1.0,1.0,True
EXP-EMBED-FP32-EQUIV-001,GOLD-MODEL-C1-B2-R00218,F077,0.31258515950716104,0.312585145,1.4507161028021187e-08,4.641026800790535e-08,True,1.0,1.0,1.0,1.0,1.0,True
EXP-EMBED-FP32-EQUIV-001,GOLD-MODEL-C1-B2-R00218,F078,0.2671352181541334,0.267135203,1.5154133392591973e-08,5.672832469378202e-08,True,1.0,1.0,1.0,1.0,1.0,True
EXP-EMBED-FP32-EQUIV-001,GOLD-MODEL-C1-B2-R00218,F079,0.09874754896724548,0.0987475365,1.2467245485980882e-08,1.2625372089099915e-07,True,1.0,1.0,1.0,1.0,1.0,True
EXP-EMBED-FP32-EQUIV-001,GOLD-MODEL-C1-B2-R00218,F080,-0.10006706812054858,-0.100067072,3.879451426769265e-09,3.8768512954689304e-08,True,1.0,1.0,1.0,1.0,1.0,True
EXP-EMBED-FP32-EQUIV-001,GOLD-MODEL-C1-B2-R00218,F081,-0.303868959675666,-0.303868979,1.932433396634181e-08,6.359430060565451e-08,True,1.0,1.0,1.0,1.0,1.0,True
EXP-EMBED-FP32-EQUIV-001,GOLD-MODEL-C1-B2-R00218,F082,0.8901558331638,0.890155792,4.116380003527098e-08,4.6243363804027694e-08,True,1.0,1.0,1.0,1.0,1.0,True
EXP-EMBED-FP32-EQUIV-001,GOLD-MODEL-C1-B2-R00218,F083,0.8037310853094994,0.803731084,1.30949939780578e-09,1.6292755397180143e-09,True,1.0,1.0,1.0,1.0,1.0,True
EXP-EMBED-FP32-EQUIV-001,GOLD-MODEL-C1-B2-R00218,F084,0.41085655993363007,0.410856575,1.5066369929428447e-08,3.6670632524066974e-08,True,1.0,1.0,1.0,1.0,1.0,True
EXP-EMBED-FP32-EQUIV-001,GOLD-MODEL-C1-B2-R00218,F085,-0.315439367654003,-0.315439373,5.345997033945338e-09,1.6947780087516592e-08,True,1.0,1.0,1.0,1.0,1.0,True
EXP-EMBED-FP32-EQUIV-001,GOLD-MODEL-C1-B2-R00218,F086,-0.3044931700485081,-0.304493189,1.8951491875807136e-08,6.223946459222063e-08,True,1.0,1.0,1.0,1.0,1.0,True
EXP-EMBED-FP32-EQUIV-001,GOLD-MODEL-C1-B2-R00218,F087,-0.18391360878573565,-0.183913603,5.785735640584377e-09,3.145898598142847e-08,True,1.0,1.0,1.0,1.0,1.0,True
EXP-EMBED-FP32-EQUIV-001,GOLD-MODEL-C1-B2-R00218,F088,0.13348665347486355,0.133486643,1.0474863559872816e-08,7.847124253396093e-08,True,1.0,1.0,1.0,1.0,1.0,True
EXP-EMBED-FP32-EQUIV-001,GOLD-MODEL-C1-B2-R00218,F089,-0.17423765514412523,-0.174237654,1.1441252389943202e-09,6.566463707560384e-09,True,1.0,1.0,1.0,1.0,1.0,True
EXP-EMBED-FP32-EQUIV-001,GOLD-MODEL-C1-B2-R00218,F090,0.6698491991486483,0.669849217,1.785135173015817e-08,2.6649806781655528e-08,True,1.0,1.0,1.0,1.0,1.0,True
EXP-EMBED-FP32-EQUIV-001,GOLD-MODEL-C1-B2-R00218,F091,0.5616050533707547,0.561605036,1.7370754723522452e-08,3.093055274211502e-08,True,1.0,1.0,1.0,1.0,1.0,True
EXP-EMBED-FP32-EQUIV-001,GOLD-MODEL-C1-B2-R00218,F092,0.2529892499285044,0.252989262,1.2071495580912028e-08,4.77154487169849e-08,True,1.0,1.0,1.0,1.0,1.0,True
EXP-EMBED-FP32-EQUIV-001,GOLD-MODEL-C1-B2-R00218,F093,-0.2283874915605803,-0.228387505,1.343941968823259e-08,5.8844814995779896e-08,True,1.0,1.0,1.0,1.0,1.0,True
EXP-EMBED-FP32-EQUIV-001,GOLD-MODEL-C1-B2-R00218,F094,-0.23696470754590024,-0.236964718,1.0454099752532642e-08,4.4116695101137265e-08,True,1.0,1.0,1.0,1.0,1.0,True
EXP-EMBED-FP32-EQUIV-001,GOLD-MODEL-C1-B2-R00218,F095,0.07950629584787207,0.0795063004,4.552127924606353e-09,5.725493655642602e-08,True,1.0,1.0,1.0,1.0,1.0,True
EXP-EMBED-FP32-EQUIV-001,GOLD-MODEL-C1-B2-R00218,F096,0.45585579909193674,0.455855817,1.7908063254523654e-08,3.9284491477779724e-08,True,1.0,1.0,1.0,1.0,1.0,True
EXP-EMBED-FP32-EQUIV-001,GOLD-MODEL-C1-B2-R00218,F097,0.48501770365530744,0.485017776,7.234469256989229e-08,1.4915886992303737e-07,True,1.0,1.0,1.0,1.0,1.0,True
EXP-EMBED-FP32-EQUIV-001,GOLD-MODEL-C1-B2-R00218,F098,-0.07211357041344342,-0.0721135661,4.31344342188833e-09,5.981458686844074e-08,True,1.0,1.0,1.0,1.0,1.0,True
EXP-EMBED-FP32-EQUIV-001,GOLD-MODEL-C1-B2-R00218,F099,-0.529845305930021,-0.529845297,8.930020944930561e-09,1.685401539843025e-08,True,1.0,1.0,1.0,1.0,1.0,True
EXP-EMBED-FP32-EQUIV-001,GOLD-MODEL-C1-B2-R00218,F100,-0.16243013498598047,-0.162430137,2.0140195344797718e-09,1.2399297301905241e-08,True,1.0,1.0,1.0,1.0,1.0,True
EXP-EMBED-FP32-EQUIV-001,GOLD-MODEL-C1-B2-R00218,F101,0.19526796914183064,0.195267946,2.3141830646222772e-08,1.1851319367906147e-07,True,1.0,1.0,1.0,1.0,1.0,True
EXP-EMBED-FP32-EQUIV-001,GOLD-MODEL-C1-B2-R00218,F102,0.14606351693766714,0.146063522,5.062332858463137e-09,3.465843466321228e-08,True,1.0,1.0,1.0,1.0,1.0,True
EXP-EMBED-FP32-EQUIV-001,GOLD-MODEL-C1-B2-R00218,F103,0.20988096558738556,0.209880978,1.241261443629682e-08,5.914121083614289e-08,True,1.0,1.0,1.0,1.0,1.0,True
EXP-EMBED-FP32-EQUIV-001,GOLD-MODEL-C1-B2-R00218,F104,0.4766016441619773,0.47660166,1.583802267113299e-08,3.323115407833192e-08,True,1.0,1.0,1.0,1.0,1.0,True
EXP-EMBED-FP32-EQUIV-001,GOLD-MODEL-C1-B2-R00218,F105,0.4870980779112494,0.487098038,3.9911249416491046e-08,8.193678280899105e-08,True,1.0,1.0,1.0,1.0,1.0,True
EXP-EMBED-FP32-EQUIV-001,GOLD-MODEL-C1-B2-R00218,F106,-0.06652017675942759,-0.0665201843,7.540572402597867e-09,1.1335767236260655e-07,True,1.0,1.0,1.0,1.0,1.0,True
EXP-EMBED-FP32-EQUIV-001,GOLD-MODEL-C1-B2-R00218,F107,-0.32746339858344803,-0.327463359,3.958344801935354e-08,1.2087899957853282e-07,True,1.0,1.0,1.0,1.0,1.0,True
EXP-EMBED-FP32-EQUIV-001,GOLD-MODEL-C1-B2-R00218,F108,0.21389325326570777,0.213893235,1.826570777962999e-08,8.539637179177182e-08,True,1.0,1.0,1.0,1.0,1.0,True
EXP-EMBED-FP32-EQUIV-001,GOLD-MODEL-C1-B2-R00218,F109,0.196222989019454,0.196222991,1.9805460049759915e-09,1.0093343368547074e-08,True,1.0,1.0,1.0,1.0,1.0,True
EXP-EMBED-FP32-EQUIV-001,GOLD-MODEL-C1-B2-R00218,F110,0.12117460636439868,0.121174604,2.3643986768462355e-09,1.951232810062505e-08,True,1.0,1.0,1.0,1.0,1.0,True
EXP-EMBED-FP32-EQUIV-001,GOLD-MODEL-C1-B2-R00218,F111,0.21503510149687288,0.215035111,9.503127118559718e-09,4.4193376115842725e-08,True,1.0,1.0,1.0,1.0,1.0,True
EXP-EMBED-FP32-EQUIV-001,GOLD-MODEL-C1-B2-R00218,F112,0.0019412241895357572,0.00194122433,1.40464242884622e-10,7.235858879247428e-08,True,1.0,1.0,1.0,1.0,1.0,True
EXP-EMBED-FP32-EQUIV-001,GOLD-MODEL-C1-B2-R00218,F113,-0.4455807987062267,-0.44558084,4.1293773289652336e-08,9.267404118299428e-08,True,1.0,1.0,1.0,1.0,1.0,True
EXP-EMBED-FP32-EQUIV-001,GOLD-MODEL-C1-B2-R00218,F114,0.8280070467481433,0.828006923,1.237481432880827e-07,1.494530074038409e-07,True,1.0,1.0,1.0,1.0,1.0,True
EXP-EMBED-FP32-EQUIV-001,GOLD-MODEL-C1-B2-R00218,F115,0.4340163544750343,0.434016347,7.47503425824192e-09,1.722293222632905e-08,True,1.0,1.0,1.0,1.0,1.0,True
EXP-EMBED-FP32-EQUIV-001,GOLD-MODEL-C1-B2-R00218,F116,0.18686325898402967,0.186863258,9.840296633090162e-10,5.266041428685115e-09,True,1.0,1.0,1.0,1.0,1.0,True
EXP-EMBED-FP32-EQUIV-001,GOLD-MODEL-C1-B2-R00218,F117,-0.25735965541693934,-0.257359654,1.4169393436347377e-09,5.505677808509667e-09,True,1.0,1.0,1.0,1.0,1.0,True
EXP-EMBED-FP32-EQUIV-001,GOLD-MODEL-C1-B2-R00218,F118,-0.2945000823386174,-0.294500083,6.613826153412106e-10,2.2457807484778565e-09,True,1.0,1.0,1.0,1.0,1.0,True
EXP-EMBED-FP32-EQUIV-001,GOLD-MODEL-C1-B2-R00218,F119,-0.10575188461634837,-0.105751887,2.3836516371833483e-09,2.2540039317794395e-08,True,1.0,1.0,1.0,1.0,1.0,True
EXP-EMBED-FP32-EQUIV-001,GOLD-MODEL-C1-B2-R00218,F120,0.06186308850586839,0.0618630834,5.105868394750246e-09,8.253497389264518e-08,True,1.0,1.0,1.0,1.0,1.0,True
EXP-EMBED-FP32-EQUIV-001,GOLD-MODEL-C1-B2-R00218,F121,-0.38943906601017997,-0.389439076,9.989820026756746e-09,2.565181795730686e-08,True,1.0,1.0,1.0,1.0,1.0,True
EXP-EMBED-FP32-EQUIV-001,GOLD-MODEL-C1-B2-R00218,F122,0.7914251202322983,0.791425169,4.876770176576173e-08,6.162010848410711e-08,True,1.0,1.0,1.0,1.0,1.0,True
EXP-EMBED-FP32-EQUIV-001,GOLD-MODEL-C1-B2-R00218,F123,0.5329639516265063,0.532963872,7.962650638848601e-08,1.4940317472782315e-07,True,1.0,1.0,1.0,1.0,1.0,True
EXP-EMBED-FP32-EQUIV-001,GOLD-MODEL-C1-B2-R00218,F124,0.5100581623485425,0.510058165,2.651457498004106e-09,5.1983434316501784e-09,True,1.0,1.0,1.0,1.0,1.0,True
EXP-EMBED-FP32-EQUIV-001,GOLD-MODEL-C1-B2-R00218,F125,-0.21853310405286744,-0.218533099,5.05286743002209e-09,2.312174831324275e-08,True,1.0,1.0,1.0,1.0,1.0,True
EXP-EMBED-FP32-EQUIV-001,GOLD-MODEL-C1-B2-R00218,F126,-0.2563985805194013,-0.256398529,5.151940130065924e-08,2.0093481483514238e-07,True,1.0,1.0,1.0,1.0,1.0,True
EXP-EMBED-FP32-EQUIV-001,GOLD-MODEL-C1-B2-R00218,F127,-0.04975496598509183,-0.0497549661,1.1490816631543055e-10,2.309481356089374e-09,True,1.0,1.0,1.0,1.0,1.0,True
EXP-EMBED-FP32-EQUIV-001,GOLD-MODEL-C1-B2-R00231,F000,0.06335765368002552,0.0633576587,5.01997447777125e-09,7.923232926401557e-08,True,1.0,1.0,1.0,1.0,1.0,True
EXP-EMBED-FP32-EQUIV-001,GOLD-MODEL-C1-B2-R00231,F001,-0.1045723642560209,-0.104572363,1.2560208983991572e-09,1.20110213375695e-08,True,1.0,1.0,1.0,1.0,1.0,True
EXP-EMBED-FP32-EQUIV-001,GOLD-MODEL-C1-B2-R00231,F002,0.07539313755294032,0.0753931478,1.024705968688533e-08,1.3591501852128046e-07,True,1.0,1.0,1.0,1.0,1.0,True
EXP-EMBED-FP32-EQUIV-001,GOLD-MODEL-C1-B2-R00231,F003,0.08376366776567716,0.0837636665,1.2656771603003492e-09,1.511009718248e-08,True,1.0,1.0,1.0,1.0,1.0,True
EXP-EMBED-FP32-EQUIV-001,GOLD-MODEL-C1-B2-R00231,F004,0.06972702089915442,0.0697270185,2.399154416798943e-09,3.440781473037288e-08,True,1.0,1.0,1.0,1.0,1.0,True
EXP-EMBED-FP32-EQUIV-001,GOLD-MODEL-C1-B2-R00231,F005,0.00859525841147866,0.008595258,4.1147866017277046e-10,4.787275035538844e-08,True,1.0,1.0,1.0,1.0,1.0,True
EXP-EMBED-FP32-EQUIV-001,GOLD-MODEL-C1-B2-R00231,F006,0.02065941539312708,0.0206594151,2.9312708163531376e-10,1.4188546774311461e-08,True,1.0,1.0,1.0,1.0,1.0,True
EXP-EMBED-FP32-EQUIV-001,GOLD-MODEL-C1-B2-R00231,F007,0.10250917253359679,0.102509171,1.5335967912255555e-09,1.4960581119927858e-08,True,1.0,1.0,1.0,1.0,1.0,True
EXP-EMBED-FP32-EQUIV-001,GOLD-MODEL-C1-B2-R00231,F008,0.11588605118390082,0.115886055,3.816099186648714e-09,3.2929754251380134e-08,True,1.0,1.0,1.0,1.0,1.0,True
EXP-EMBED-FP32-EQUIV-001,GOLD-MODEL-C1-B2-R00231,F009,-0.10868571903772495,-0.108685732,1.2962275044992033e-08,1.1926382932142917e-07,True,1.0,1.0,1.0,1.0,1.0,True
EXP-EMBED-FP32-EQUIV-001,GOLD-MODEL-C1-B2-R00231,F010,0.16647757205378047,0.166477576,3.946219517825256e-09,2.3704211138725835e-08,True,1.0,1.0,1.0,1.0,1.0,True
EXP-EMBED-FP32-EQUIV-001,GOLD-MODEL-C1-B2-R00231,F011,0.21031359931976518,0.210313603,3.6802348113429417e-09,1.7498796194094117e-08,True,1.0,1.0,1.0,1.0,1.0,True
EXP-EMBED-FP32-EQUIV-001,GOLD-MODEL-C1-B2-R00231,F012,0.16451141670919167,0.164511412,4.709191675500435e-09,2.8625318349941123e-08,True,1.0,1.0,1.0,1.0,1.0,True
EXP-EMBED-FP32-EQUIV-001,GOLD-MODEL-C1-B2-R00231,F013,0.06839051367433553,0.0683905184,4.7256644708504325e-09,6.909824501908665e-08,True,1.0,1.0,1.0,1.0,1.0,True
EXP-EMBED-FP32-EQUIV-001,GOLD-MODEL-C1-B2-R00231,F014,0.08903068219900111,0.089030683,8.009988922141886e-10,8.99688593224298e-09,True,1.0,1.0,1.0,1.0,1.0,True
EXP-EMBED-FP32-EQUIV-001,GOLD-MODEL-C1-B2-R00231,F015,0.14672631579432288,0.14672631,5.794322882612946e-09,3.949068612024087e-08,True,1.0,1.0,1.0,1.0,1.0,True
EXP-EMBED-FP32-EQUIV-001,GOLD-MODEL-C1-B2-R00231,F016,0.42195503352666475,0.421955049,1.547333527973649e-08,3.667057873539664e-08,True,1.0,1.0,1.0,1.0,1.0,True
EXP-EMBED-FP32-EQUIV-001,GOLD-MODEL-C1-B2-R00231,F017,0.241983688071098,0.241983712,2.3928901998759855e-08,9.888642573184201e-08,True,1.0,1.0,1.0,1.0,1.0,True
EXP-EMBED-FP32-EQUIV-001,GOLD-MODEL-C1-B2-R00231,F018,0.2238333571889404,0.223833367,9.811059603626049e-09,4.383198164402465e-08,True,1.0,1.0,1.0,1.0,1.0,True
EXP-EMBED-FP32-EQUIV-001,GOLD-MODEL-C1-B2-R00231,F019,0.02532877784924074,0.0253287777,1.4924074129285536e-10,5.892141428265913e-09,True,1.0,1.0,1.0,1.0,1.0,True
EXP-EMBED-FP32-EQUIV-001,GOLD-MODEL-C1-B2-R00231,F020,0.009502839481986722,0.0095028393,1.819867225666405e-10,1.915077308330933e-08,True,1.0,1.0,1.0,1.0,1.0,True
EXP-EMBED-FP32-EQUIV-001,GOLD-MODEL-C1-B2-R00231,F021,-0.05796525929760368,-0.0579652637,4.402396315550394e-09,7.594887642868514e-08,True,1.0,1.0,1.0,1.0,1.0,True
EXP-EMBED-FP32-EQUIV-001,GOLD-MODEL-C1-B2-R00231,F022,-0.0026880349723323016,-0.00268803514,1.6766769830173223e-10,6.23755643165065e-08,True,1.0,1.0,1.0,1.0,1.0,True
EXP-EMBED-FP32-EQUIV-001,GOLD-MODEL-C1-B2-R00231,F023,0.0384449657282208,0.0384449661,3.717791977053686e-10,9.670426040527367e-09,True,1.0,1.0,1.0,1.0,1.0,True
EXP-EMBED-FP32-EQUIV-001,GOLD-MODEL-C1-B2-R00231,F024,0.7049822644000318,0.704982221,4.340003179059693e-08,6.156187748571533e-08,True,1.0,1.0,1.0,1.0,1.0,True
EXP-EMBED-FP32-EQUIV-001,GOLD-MODEL-C1-B2-R00231,F025,0.43178881697438165,0.431788802,1.4974381623567012e-08,3.4679873667166916e-08,True,1.0,1.0,1.0,1.0,1.0,True
EXP-EMBED-FP32-EQUIV-001,GOLD-MODEL-C1-B2-R00231,F026,0.3493896457350324,0.349389642,3.735032394480697e-09,1.0690163375113996e-08,True,1.0,1.0,1.0,1.0,1.0,True
EXP-EMBED-FP32-EQUIV-001,GOLD-MODEL-C1-B2-R00231,F027,0.11279554647104148,0.112795554,7.528958526070717e-09,6.674872157300697e-08,True,1.0,1.0,1.0,1.0,1.0,True
EXP-EMBED-FP32-EQUIV-001,GOLD-MODEL-C1-B2-R00231,F028,0.052701869687613166,0.0527018718,2.1123868348960073e-09,4.00818196283555e-08,True,1.0,1.0,1.0,1.0,1.0,True
EXP-EMBED-FP32-EQUIV-001,GOLD-MODEL-C1-B2-R00231,F029,0.023985818269708466,0.023985818,2.6970846736529275e-10,1.1244497241351395e-08,True,1.0,1.0,1.0,1.0,1.0,True
EXP-EMBED-FP32-EQUIV-001,GOLD-MODEL-C1-B2-R00231,F030,0.08558550866730683,0.0855855122,3.5326931796531014e-09,4.1276767932590086e-08,True,1.0,1.0,1.0,1.0,1.0,True
EXP-EMBED-FP32-EQUIV-001,GOLD-MODEL-C1-B2-R00231,F031,0.22694120015006325,0.226941213,1.2849936753545066e-08,5.662231778561203e-08,True,1.0,1.0,1.0,1.0,1.0,True
EXP-EMBED-FP32-EQUIV-001,GOLD-MODEL-C1-B2-R00231,F032,-0.10197753785999698,-0.101977542,4.140003020958183e-09,4.0597205108461376e-08,True,1.0,1.0,1.0,1.0,1.0,True
EXP-EMBED-FP32-EQUIV-001,GOLD-MODEL-C1-B2-R00231,F033,-0.5718552998926495,-0.571855247,5.289264948249439e-08,9.249306510304892e-08,True,1.0,1.0,1.0,1.0,1.0,True
EXP-EMBED-FP32-EQUIV-001,GOLD-MODEL-C1-B2-R00231,F034,-0.04594146224513771,-0.0459414646,2.3548622912761275e-09,5.1257887237260455e-08,True,1.0,1.0,1.0,1.0,1.0,True
EXP-EMBED-FP32-EQUIV-001,GOLD-MODEL-C1-B2-R00231,F035,-0.3230167269340255,-0.323016733,6.065974500479854e-09,1.877913431312428e-08,True,1.0,1.0,1.0,1.0,1.0,True
EXP-EMBED-FP32-EQUIV-001,GOLD-MODEL-C1-B2-R00231,F036,0.28738169326309004,0.287381679,1.4263090042376803e-08,4.963117128452346e-08,True,1.0,1.0,1.0,1.0,1.0,True
EXP-EMBED-FP32-EQUIV-001,GOLD-MODEL-C1-B2-R00231,F037,0.024510729303380198,0.0245107282,1.103380196237902e-09,4.501621239339208e-08,True,1.0,1.0,1.0,1.0,1.0,True
EXP-EMBED-FP32-EQUIV-001,GOLD-MODEL-C1-B2-R00231,F038,0.04960393602969516,0.0496039353,7.296951584634392e-10,1.4710428584268208e-08,True,1.0,1.0,1.0,1.0,1.0,True
EXP-EMBED-FP32-EQUIV-001,GOLD-MODEL-C1-B2-R00231,F039,0.19493358791870075,0.194933578,9.918700749622644e-09,5.088246133221203e-08,True,1.0,1.0,1.0,1.0,1.0,True
EXP-EMBED-FP32-EQUIV-001,GOLD-MODEL-C1-B2-R00231,F040,-0.18206461137464677,-0.182064623,1.1625353235622526e-08,6.38528989672806e-08,True,1.0,1.0,1.0,1.0,1.0,True
EXP-EMBED-FP32-EQUIV-001,GOLD-MODEL-C1-B2-R00231,F041,-0.6547177606625548,-0.654717803,4.2337445216311664e-08,6.466518515316804e-08,True,1.0,1.0,1.0,1.0,1.0,True
EXP-EMBED-FP32-EQUIV-001,GOLD-MODEL-C1-B2-R00231,F042,-0.11122552834151248,-0.111225523,5.341512468448606e-09,4.802415909455387e-08,True,1.0,1.0,1.0,1.0,1.0,True
EXP-EMBED-FP32-EQUIV-001,GOLD-MODEL-C1-B2-R00231,F043,-0.4391993840890115,-0.439199418,3.3910988517238394e-08,7.721092001888084e-08,True,1.0,1.0,1.0,1.0,1.0,True
EXP-EMBED-FP32-EQUIV-001,GOLD-MODEL-C1-B2-R00231,F044,-0.2734234624608657,-0.273423493,3.0539134332485673e-08,1.1169171093668179e-07,True,1.0,1.0,1.0,1.0,1.0,True
EXP-EMBED-FP32-EQUIV-001,GOLD-MODEL-C1-B2-R00231,F045,0.022180073192020214,0.022180073,1.9202021223074794e-10,8.65732996317756e-09,True,1.0,1.0,1.0,1.0,1.0,True
EXP-EMBED-FP32-EQUIV-001,GOLD-MODEL-C1-B2-R00231,F046,0.035088301518223765,0.0350883007,8.182237665188552e-10,2.3318990407497934e-08,True,1.0,1.0,1.0,1.0,1.0,True
EXP-EMBED-FP32-EQUIV-001,GOLD-MODEL-C1-B2-R00231,F047,0.03557299708764707,0.0355729982,1.1123529250478548e-09,3.1269586937169424e-08,True,1.0,1.0,1.0,1.0,1.0,True
EXP-EMBED-FP32-EQUIV-001,GOLD-MODEL-C1-B2-R00231,F048,-0.159843747158096,-0.159843758,1.0841904013458858e-08,6.78281397065567e-08,True,1.0,1.0,1.0,1.0,1.0,True
EXP-EMBED-FP32-EQUIV-001,GOLD-MODEL-C1-B2-R00231,F049,-0.24315339120352955,-0.243153408,1.6796470436730715e-08,6.907767296024002e-08,True,1.0,1.0,1.0,1.0,1.0,True
EXP-EMBED-FP32-EQUIV-001,GOLD-MODEL-C1-B2-R00231,F050,-0.052687791695592685,-0.052687794,2.3044073177436175e-09,4.373702604689694e-08,True,1.0,1.0,1.0,1.0,1.0,True
EXP-EMBED-FP32-EQUIV-001,GOLD-MODEL-C1-B2-R00231,F051,-0.2685804504184707,-0.268580467,1.658152931627299e-08,6.173766292534543e-08,True,1.0,1.0,1.0,1.0,1.0,True
EXP-EMBED-FP32-EQUIV-001,GOLD-MODEL-C1-B2-R00231,F052,-0.22548334026147485,-0.225483328,1.2261474835462138e-08,5.437862868823699e-08,True,1.0,1.0,1.0,1.0,1.0,True
EXP-EMBED-FP32-EQUIV-001,GOLD-MODEL-C1-B2-R00231,F053,-0.35074984338727977,-0.35074985,6.612720204746125e-09,1.8853095245561387e-08,True,1.0,1.0,1.0,1.0,1.0,True
EXP-EMBED-FP32-EQUIV-001,GOLD-MODEL-C1-B2-R00231,F054,-0.2561454803427937,-0.256145507,2.6657206275704226e-08,1.0407057052121118e-07,True,1.0,1.0,1.0,1.0,1.0,True
EXP-EMBED-FP32-EQUIV-001,GOLD-MODEL-C1-B2-R00231,F055,-0.08447949653387472,-0.0844794884,8.133874726534707e-09,9.628223486480145e-08,True,1.0,1.0,1.0,1.0,1.0,True
EXP-EMBED-FP32-EQUIV-001,GOLD-MODEL-C1-B2-R00231,F056,-0.07225097549787879,-0.0722509697,5.797878788182942e-09,8.024637381336341e-08,True,1.0,1.0,1.0,1.0,1.0,True
EXP-EMBED-FP32-EQUIV-001,GOLD-MODEL-C1-B2-R00231,F057,-0.11462120382476755,-0.114621192,1.182476755401396e-08,1.031638750897401e-07,True,1.0,1.0,1.0,1.0,1.0,True
EXP-EMBED-FP32-EQUIV-001,GOLD-MODEL-C1-B2-R00231,F058,0.007088598434304747,0.00708859833,1.0430474713107873e-10,1.4714438700082605e-08,True,1.0,1.0,1.0,1.0,1.0,True
EXP-EMBED-FP32-EQUIV-001,GOLD-MODEL-C1-B2-R00231,F059,-0.237941841587184,-0.237941831,1.058718401836245e-08,4.449483935965592e-08,True,1.0,1.0,1.0,1.0,1.0,True
EXP-EMBED-FP32-EQUIV-001,GOLD-MODEL-C1-B2-R00231,F060,-0.18222319524691072,-0.182223201,5.753089282745094e-09,3.15716628442922e-08,True,1.0,1.0,1.0,1.0,1.0,True
EXP-EMBED-FP32-EQUIV-001,GOLD-MODEL-C1-B2-R00231,F061,-0.3088749044981775,-0.308874905,5.018224724651077e-10,1.6246786811003892e-09,True,1.0,1.0,1.0,1.0,1.0,True
EXP-EMBED-FP32-EQUIV-001,GOLD-MODEL-C1-B2-R00231,F062,-0.23249199952752725,-0.232491985,1.4527527236740667e-08,6.248613830266703e-08,True,1.0,1.0,1.0,1.0,1.0,True
EXP-EMBED-FP32-EQUIV-001,GOLD-MODEL-C1-B2-R00231,F063,-0.04185633101435428,-0.0418563336,2.585645718367058e-09,6.177430404686766e-08,True,1.0,1.0,1.0,1.0,1.0,True
EXP-EMBED-FP32-EQUIV-001,GOLD-MODEL-C1-B2-R00231,F064,0.18443510934209215,0.184435114,4.657907864968891e-09,2.5254995546045168e-08,True,1.0,1.0,1.0,1.0,1.0,True
EXP-EMBED-FP32-EQUIV-001,GOLD-MODEL-C1-B2-R00231,F065,0.30569861323833974,0.305698633,1.976166025263737e-08,6.464425874653895e-08,True,1.0,1.0,1.0,1.0,1.0,True
EXP-EMBED-FP32-EQUIV-001,GOLD-MODEL-C1-B2-R00231,F066,0.19476730123161173,0.194767296,5.2316117271633544e-09,2.686083184436627e-08,True,1.0,1.0,1.0,1.0,1.0,True
EXP-EMBED-FP32-EQUIV-001,GOLD-MODEL-C1-B2-R00231,F067,0.19517767453075224,0.195177674,5.307522477071558e-10,2.7193286782578727e-09,True,1.0,1.0,1.0,1.0,1.0,True
EXP-EMBED-FP32-EQUIV-001,GOLD-MODEL-C1-B2-R00231,F068,0.1541231232704322,0.154123113,1.0270432199144253e-08,6.66378411052781e-08,True,1.0,1.0,1.0,1.0,1.0,True
EXP-EMBED-FP32-EQUIV-001,GOLD-MODEL-C1-B2-R00231,F069,0.11806235067857086,0.118062347,3.6785708645847848e-09,3.115786568234467e-08,True,1.0,1.0,1.0,1.0,1.0,True
EXP-EMBED-FP32-EQUIV-001,GOLD-MODEL-C1-B2-R00231,F070,0.12436801478340209,0.124368019,4.216597904171948e-09,3.3904198853021226e-08,True,1.0,1.0,1.0,1.0,1.0,True
EXP-EMBED-FP32-EQUIV-001,GOLD-MODEL-C1-B2-R00231,F071,0.1862618019603257,0.186261788,1.3960325701001253e-08,7.495001956426279e-08,True,1.0,1.0,1.0,1.0,1.0,True
EXP-EMBED-FP32-EQUIV-001,GOLD-MODEL-C1-B2-R00231,F072,0.10306281110972917,0.103062816,4.890270827173637e-09,4.744942210015067e-08,True,1.0,1.0,1.0,1.0,1.0,True
EXP-EMBED-FP32-EQUIV-001,GOLD-MODEL-C1-B2-R00231,F073,0.23086801966580425,0.230868012,7.665804241385743e-09,3.320427078848976e-08,True,1.0,1.0,1.0,1.0,1.0,True
EXP-EMBED-FP32-EQUIV-001,GOLD-MODEL-C1-B2-R00231,F074,0.12863341334580156,0.128633425,1.1654198439625674e-08,9.060008699525078e-08,True,1.0,1.0,1.0,1.0,1.0,True
EXP-EMBED-FP32-EQUIV-001,GOLD-MODEL-C1-B2-R00231,F075,0.10946706705748233,0.109467067,5.748232445590418e-11,5.251106657102596e-10,True,1.0,1.0,1.0,1.0,1.0,True
EXP-EMBED-FP32-EQUIV-001,GOLD-MODEL-C1-B2-R00231,F076,0.10271337832756527,0.102713376,2.327565279403032e-09,2.2660780097994125e-08,True,1.0,1.0,1.0,1.0,1.0,True
EXP-EMBED-FP32-EQUIV-001,GOLD-MODEL-C1-B2-R00231,F077,-0.012613889682915562,-0.0126138888,8.82915561842279e-10,6.999550368972331e-08,True,1.0,1.0,1.0,1.0,1.0,True
EXP-EMBED-FP32-EQUIV-001,GOLD-MODEL-C1-B2-R00231,F078,-0.0016878327310808094,-0.00168783264,9.108080934426555e-11,5.3963172811527146e-08,True,1.0,1.0,1.0,1.0,1.0,True
EXP-EMBED-FP32-EQUIV-001,GOLD-MODEL-C1-B2-R00231,F079,0.11936031711926617,0.119360298,1.9119266170264382e-08,1.601810939490065e-07,True,1.0,1.0,1.0,1.0,1.0,True
EXP-EMBED-FP32-EQUIV-001,GOLD-MODEL-C1-B2-R00231,F080,0.5869292012325061,0.586929202,7.674938462542968e-10,1.3076429740463056e-09,True,1.0,1.0,1.0,1.0,1.0,True
EXP-EMBED-FP32-EQUIV-001,GOLD-MODEL-C1-B2-R00231,F081,0.3394991159596944,0.339499086,2.995969439201218e-08,8.824675229955244e-08,True,1.0,1.0,1.0,1.0,1.0,True
EXP-EMBED-FP32-EQUIV-001,GOLD-MODEL-C1-B2-R00231,F082,0.24114110130523617,0.241141111,9.69476382506329e-09,4.020369722369173e-08,True,1.0,1.0,1.0,1.0,1.0,True
EXP-EMBED-FP32-EQUIV-001,GOLD-MODEL-C1-B2-R00231,F083,0.02905843241101464,0.0290584322,2.1101463978934198e-10,7.2617351412719904e-09,True,1.0,1.0,1.0,1.0,1.0,True
EXP-EMBED-FP32-EQUIV-001,GOLD-MODEL-C1-B2-R00231,F084,-0.030444628679357405,-0.0304446295,8.206425955448182e-10,2.695525060225959e-08,True,1.0,1.0,1.0,1.0,1.0,True
EXP-EMBED-FP32-EQUIV-001,GOLD-MODEL-C1-B2-R00231,F085,-0.008575828903910699,-0.00857582781,1.0939106981355806e-09,1.2755743035367017e-07,True,1.0,1.0,1.0,1.0,1.0,True
EXP-EMBED-FP32-EQUIV-001,GOLD-MODEL-C1-B2-R00231,F086,0.01605091780553645,0.0160509199,2.0944635470421247e-09,1.30488709269926e-07,True,1.0,1.0,1.0,1.0,1.0,True
EXP-EMBED-FP32-EQUIV-001,GOLD-MODEL-C1-B2-R00231,F087,0.1807901874683733,0.180790186,1.4683733118303621e-09,8.121974607096601e-09,True,1.0,1.0,1.0,1.0,1.0,True
EXP-EMBED-FP32-EQUIV-001,GOLD-MODEL-C1-B2-R00231,F088,0.6822236312077132,0.682223618,1.3207713256413456e-08,1.9359800294563776e-08,True,1.0,1.0,1.0,1.0,1.0,True
EXP-EMBED-FP32-EQUIV-001,GOLD-MODEL-C1-B2-R00231,F089,0.26434838880255834,0.264348418,2.9197441631101384e-08,1.1045061316000279e-07,True,1.0,1.0,1.0,1.0,1.0,True
EXP-EMBED-FP32-EQUIV-001,GOLD-MODEL-C1-B2-R00231,F090,0.3186244347471128,0.318624437,2.25288721011907e-09,7.070666792730919e-09,True,1.0,1.0,1.0,1.0,1.0,True
EXP-EMBED-FP32-EQUIV-001,GOLD-MODEL-C1-B2-R00231,F091,0.09639711568776489,0.0963971093,6.387764886484071e-09,6.626510389765564e-08,True,1.0,1.0,1.0,1.0,1.0,True
EXP-EMBED-FP32-EQUIV-001,GOLD-MODEL-C1-B2-R00231,F092,0.01683436446376991,0.0168343652,7.362300907809427e-10,4.3733762112933986e-08,True,1.0,1.0,1.0,1.0,1.0,True
EXP-EMBED-FP32-EQUIV-001,GOLD-MODEL-C1-B2-R00231,F093,0.030910637149565674,0.0309106354,1.74956567289275e-09,5.6600763822085536e-08,True,1.0,1.0,1.0,1.0,1.0,True
EXP-EMBED-FP32-EQUIV-001,GOLD-MODEL-C1-B2-R00231,F094,0.023229026860844087,0.023229029,2.1391559149042116e-09,9.20897774891324e-08,True,1.0,1.0,1.0,1.0,1.0,True
EXP-EMBED-FP32-EQUIV-001,GOLD-MODEL-C1-B2-R00231,F095,-0.052908726777981925,-0.052908726,7.779819219400075e-10,1.470422686988125e-08,True,1.0,1.0,1.0,1.0,1.0,True
EXP-EMBED-FP32-EQUIV-001,GOLD-MODEL-C1-B2-R00231,F096,-0.34743174921171993,-0.347431749,2.1171991937407597e-10,6.093856415092821e-10,True,1.0,1.0,1.0,1.0,1.0,True
EXP-EMBED-FP32-EQUIV-001,GOLD-MODEL-C1-B2-R00231,F097,-0.7604587600657449,-0.760458767,6.9342551700657395e-09,9.118515735772764e-09,True,1.0,1.0,1.0,1.0,1.0,True
EXP-EMBED-FP32-EQUIV-001,GOLD-MODEL-C1-B2-R00231,F098,-0.24947227680561435,-0.24947229,1.319438566738107e-08,5.288918607041042e-08,True,1.0,1.0,1.0,1.0,1.0,True
EXP-EMBED-FP32-EQUIV-001,GOLD-MODEL-C1-B2-R00231,F099,-0.6845205382091542,-0.684520543,4.790845831159629e-09,6.9988343135670736e-09,True,1.0,1.0,1.0,1.0,1.0,True
EXP-EMBED-FP32-EQUIV-001,GOLD-MODEL-C1-B2-R00231,F100,-0.48161958717135345,-0.481619537,5.017135346063739e-08,1.041721615918979e-07,True,1.0,1.0,1.0,1.0,1.0,True
EXP-EMBED-FP32-EQUIV-001,GOLD-MODEL-C1-B2-R00231,F101,-0.10336195416391039,-0.103361949,5.1639103965106514e-09,4.995948884946362e-08,True,1.0,1.0,1.0,1.0,1.0,True
EXP-EMBED-FP32-EQUIV-001,GOLD-MODEL-C1-B2-R00231,F102,-0.09149682881283504,-0.0914968178,1.1012835032797597e-08,1.2036302433306554e-07,True,1.0,1.0,1.0,1.0,1.0,True
EXP-EMBED-FP32-EQUIV-001,GOLD-MODEL-C1-B2-R00231,F103,0.0648893442099707,0.0648893416,2.609970697897701e-09,4.022186893201274e-08,True,1.0,1.0,1.0,1.0,1.0,True
EXP-EMBED-FP32-EQUIV-001,GOLD-MODEL-C1-B2-R00231,F104,-0.5921876974876945,-0.592187762,6.451230549764375e-08,1.0893894920703634e-07,True,1.0,1.0,1.0,1.0,1.0,True
EXP-EMBED-FP32-EQUIV-001,GOLD-MODEL-C1-B2-R00231,F105,-1.06188148116163,-1.06188142,6.116162998281993e-08,5.7597416536460406e-08,True,1.0,1.0,1.0,1.0,1.0,True
EXP-EMBED-FP32-EQUIV-001,GOLD-MODEL-C1-B2-R00231,F106,-0.5346031767195243,-0.534603179,2.280475697169493e-09,4.265735402402833e-09,True,1.0,1.0,1.0,1.0,1.0,True
EXP-EMBED-FP32-EQUIV-001,GOLD-MODEL-C1-B2-R00231,F107,-0.8241493201038848,-0.82414937,4.9896115239533856e-08,6.05425667684157e-08,True,1.0,1.0,1.0,1.0,1.0,True
EXP-EMBED-FP32-EQUIV-001,GOLD-MODEL-C1-B2-R00231,F108,-0.31270526024776674,-0.312705278,1.7752233238965687e-08,5.676985806027057e-08,True,1.0,1.0,1.0,1.0,1.0,True
EXP-EMBED-FP32-EQUIV-001,GOLD-MODEL-C1-B2-R00231,F109,-0.296884131551646,-0.29688412,1.1551646028618023e-08,3.8909610858094976e-08,True,1.0,1.0,1.0,1.0,1.0,True
EXP-EMBED-FP32-EQUIV-001,GOLD-MODEL-C1-B2-R00231,F110,-0.2644178445029481,-0.264417827,1.750294809088615e-08,6.619427718196608e-08,True,1.0,1.0,1.0,1.0,1.0,True
EXP-EMBED-FP32-EQUIV-001,GOLD-MODEL-C1-B2-R00231,F111,0.37938875738359173,0.37938875,7.3835917380193905e-09,1.9461809540534172e-08,True,1.0,1.0,1.0,1.0,1.0,True
EXP-EMBED-FP32-EQUIV-001,GOLD-MODEL-C1-B2-R00231,F112,0.17300933675274932,0.173009351,1.4247250684773505e-08,8.234960582002867e-08,True,1.0,1.0,1.0,1.0,1.0,True
EXP-EMBED-FP32-EQUIV-001,GOLD-MODEL-C1-B2-R00231,F113,-0.0871021236256727,-0.0871021152,8.425672701206643e-09,9.673326378833822e-08,True,1.0,1.0,1.0,1.0,1.0,True
EXP-EMBED-FP32-EQUIV-001,GOLD-MODEL-C1-B2-R00231,F114,0.15269586801391816,0.152695864,4.013918170064912e-09,2.6287012361716592e-08,True,1.0,1.0,1.0,1.0,1.0,True
EXP-EMBED-FP32-EQUIV-001,GOLD-MODEL-C1-B2-R00231,F115,-0.16048867118712357,-0.16048868,8.812876428621053e-09,5.491276339590089e-08,True,1.0,1.0,1.0,1.0,1.0,True
EXP-EMBED-FP32-EQUIV-001,GOLD-MODEL-C1-B2-R00231,F116,-0.17391892573956702,-0.173918933,7.260432977052034e-09,4.1746077640360366e-08,True,1.0,1.0,1.0,1.0,1.0,True
EXP-EMBED-FP32-EQUIV-001,GOLD-MODEL-C1-B2-R00231,F117,-0.1537030898430294,-0.153703079,1.0843029418783345e-08,7.054529241967016e-08,True,1.0,1.0,1.0,1.0,1.0,True
EXP-EMBED-FP32-EQUIV-001,GOLD-MODEL-C1-B2-R00231,F118,-0.08269463953187556,-0.0826946422,2.668124443605535e-09,3.226478111168351e-08,True,1.0,1.0,1.0,1.0,1.0,True
EXP-EMBED-FP32-EQUIV-001,GOLD-MODEL-C1-B2-R00231,F119,-0.016153684061349094,-0.0161536857,1.6386509059385101e-09,1.0144131206944358e-07,True,1.0,1.0,1.0,1.0,1.0,True
EXP-EMBED-FP32-EQUIV-001,GOLD-MODEL-C1-B2-R00231,F120,0.13979618029607524,0.139796183,2.703924750768749e-09,1.9341907232673233e-08,True,1.0,1.0,1.0,1.0,1.0,True
EXP-EMBED-FP32-EQUIV-001,GOLD-MODEL-C1-B2-R00231,F121,-0.2501581855821782,-0.250158191,5.417821746789286e-09,2.1657583317454565e-08,True,1.0,1.0,1.0,1.0,1.0,True
EXP-EMBED-FP32-EQUIV-001,GOLD-MODEL-C1-B2-R00231,F122,0.09380362625510608,0.0938036293,3.0448939203342462e-09,3.2460300756960354e-08,True,1.0,1.0,1.0,1.0,1.0,True
EXP-EMBED-FP32-EQUIV-001,GOLD-MODEL-C1-B2-R00231,F123,-0.2057776208271594,-0.2057776,2.0827159386005434e-08,1.012119748604683e-07,True,1.0,1.0,1.0,1.0,1.0,True
EXP-EMBED-FP32-EQUIV-001,GOLD-MODEL-C1-B2-R00231,F124,-0.1454855729835749,-0.14548555,2.29835749043783e-08,1.579783784263826e-07,True,1.0,1.0,1.0,1.0,1.0,True
EXP-EMBED-FP32-EQUIV-001,GOLD-MODEL-C1-B2-R00231,F125,-0.22406279507224883,-0.2240628,4.927751179328865e-09,2.1992723860022887e-08,True,1.0,1.0,1.0,1.0,1.0,True
EXP-EMBED-FP32-EQUIV-001,GOLD-MODEL-C1-B2-R00231,F126,-0.16582835009550198,-0.165828332,1.8095501985726514e-08,1.0912188401624426e-07,True,1.0,1.0,1.0,1.0,1.0,True
EXP-EMBED-FP32-EQUIV-001,GOLD-MODEL-C1-B2-R00231,F127,-0.0038829242998166,-0.00388292433,3.018339961649574e-11,7.773368030358299e-09,True,1.0,1.0,1.0,1.0,1.0,True
EXP-EMBED-FP32-EQUIV-001,GOLD-MODEL-C1-B2-R00469,F000,0.011540220103933786,0.0115402211,9.960662138847054e-10,8.631258372144654e-08,True,1.0,1.0,1.0,1.0,1.0,True
EXP-EMBED-FP32-EQUIV-001,GOLD-MODEL-C1-B2-R00469,F001,0.23600169291614215,0.236001715,2.208385785351652e-08,9.357499762242603e-08,True,1.0,1.0,1.0,1.0,1.0,True
EXP-EMBED-FP32-EQUIV-001,GOLD-MODEL-C1-B2-R00469,F002,-0.035283678356874015,-0.035283681,2.6431259819714725e-09,7.491072657555091e-08,True,1.0,1.0,1.0,1.0,1.0,True
EXP-EMBED-FP32-EQUIV-001,GOLD-MODEL-C1-B2-R00469,F003,-0.05443447902658917,-0.0544344597,1.9326589169310626e-08,3.5504315490684357e-07,True,1.0,1.0,1.0,1.0,1.0,True
EXP-EMBED-FP32-EQUIV-001,GOLD-MODEL-C1-B2-R00469,F004,-0.07502884325212543,-0.0750288293,1.3952125427207918e-08,1.859568243685095e-07,True,1.0,1.0,1.0,1.0,1.0,True
EXP-EMBED-FP32-EQUIV-001,GOLD-MODEL-C1-B2-R00469,F005,0.04843709833692917,0.0484370962,2.1369291683392966e-09,4.4117613187205926e-08,True,1.0,1.0,1.0,1.0,1.0,True
EXP-EMBED-FP32-EQUIV-001,GOLD-MODEL-C1-B2-R00469,F006,0.06328093377714225,0.0632809252,8.577142246446456e-09,1.3554070293356847e-07,True,1.0,1.0,1.0,1.0,1.0,True
EXP-EMBED-FP32-EQUIV-001,GOLD-MODEL-C1-B2-R00469,F007,0.025722542562596137,0.0257225428,2.374038639285647e-10,9.229408926074838e-09,True,1.0,1.0,1.0,1.0,1.0,True
EXP-EMBED-FP32-EQUIV-001,GOLD-MODEL-C1-B2-R00469,F008,0.0019087776364238587,0.0019087781,4.635761412328382e-10,2.4286545084494984e-07,True,1.0,1.0,1.0,1.0,1.0,True
EXP-EMBED-FP32-EQUIV-001,GOLD-MODEL-C1-B2-R00469,F009,0.5584706175170381,0.558470607,1.0517038129265188e-08,1.8831855785043747e-08,True,1.0,1.0,1.0,1.0,1.0,True
EXP-EMBED-FP32-EQUIV-001,GOLD-MODEL-C1-B2-R00469,F010,-0.030732807385521334,-0.0307328161,8.714478666460579e-09,2.835562191616147e-07,True,1.0,1.0,1.0,1.0,1.0,True
EXP-EMBED-FP32-EQUIV-001,GOLD-MODEL-C1-B2-R00469,F011,-0.05511923877490144,-0.0551192313,7.474901440873705e-09,1.3561329232793038e-07,True,1.0,1.0,1.0,1.0,1.0,True
EXP-EMBED-FP32-EQUIV-001,GOLD-MODEL-C1-B2-R00469,F012,-0.05313894824510577,-0.0531389564,8.15489423211524e-09,1.5346359876188038e-07,True,1.0,1.0,1.0,1.0,1.0,True
EXP-EMBED-FP32-EQUIV-001,GOLD-MODEL-C1-B2-R00469,F013,0.019424615487214972,0.019424608,7.48721497301208e-09,3.854498421314989e-07,True,1.0,1.0,1.0,1.0,1.0,True
EXP-EMBED-FP32-EQUIV-001,GOLD-MODEL-C1-B2-R00469,F014,0.02873858861272337,0.0287385937,5.087276627735449e-09,1.7701901427000385e-07,True,1.0,1.0,1.0,1.0,1.0,True
EXP-EMBED-FP32-EQUIV-001,GOLD-MODEL-C1-B2-R00469,F015,-0.024822247053811582,-0.0248222463,7.538115825989067e-10,3.0368386108023814e-08,True,1.0,1.0,1.0,1.0,1.0,True
EXP-EMBED-FP32-EQUIV-001,GOLD-MODEL-C1-B2-R00469,F016,0.2547293130308493,0.254729301,1.2030849261268628e-08,4.722993642985885e-08,True,1.0,1.0,1.0,1.0,1.0,True
EXP-EMBED-FP32-EQUIV-001,GOLD-MODEL-C1-B2-R00469,F017,0.08783227294012458,0.087832287,1.405987541669429e-08,1.6007641549113652e-07,True,1.0,1.0,1.0,1.0,1.0,True
EXP-EMBED-FP32-EQUIV-001,GOLD-MODEL-C1-B2-R00469,F018,0.16116101338952615,0.16116102,6.61047383498925e-09,4.101782246188621e-08,True,1.0,1.0,1.0,1.0,1.0,True
EXP-EMBED-FP32-EQUIV-001,GOLD-MODEL-C1-B2-R00469,F019,0.14682136851560146,0.146821365,3.515601448844663e-09,2.3944753303883622e-08,True,1.0,1.0,1.0,1.0,1.0,True
EXP-EMBED-FP32-EQUIV-001,GOLD-MODEL-C1-B2-R00469,F020,0.13254103203685422,0.132541031,1.0368542135985592e-09,7.822892259585339e-09,True,1.0,1.0,1.0,1.0,1.0,True
EXP-EMBED-FP32-EQUIV-001,GOLD-MODEL-C1-B2-R00469,F021,0.16608863468820573,0.166088641,6.311794281677052e-09,3.8002565880115966e-08,True,1.0,1.0,1.0,1.0,1.0,True
EXP-EMBED-FP32-EQUIV-001,GOLD-MODEL-C1-B2-R00469,F022,0.14195381057892287,0.141953811,4.2107714537387153e-10,2.966296879644262e-09,True,1.0,1.0,1.0,1.0,1.0,True
EXP-EMBED-FP32-EQUIV-001,GOLD-MODEL-C1-B2-R00469,F023,0.09176019197960383,0.0917601883,3.679603829964684e-09,4.0100219393422527e-08,True,1.0,1.0,1.0,1.0,1.0,True
EXP-EMBED-FP32-EQUIV-001,GOLD-MODEL-C1-B2-R00469,F024,0.2517191345492778,0.251719117,1.754927780872606e-08,6.971769484329975e-08,True,1.0,1.0,1.0,1.0,1.0,True
EXP-EMBED-FP32-EQUIV-001,GOLD-MODEL-C1-B2-R00469,F025,0.09508818690739704,0.0950882062,1.9292602959630756e-08,2.0289169019932125e-07,True,1.0,1.0,1.0,1.0,1.0,True
EXP-EMBED-FP32-EQUIV-001,GOLD-MODEL-C1-B2-R00469,F026,0.12915048597795223,0.12915048,5.977952216573712e-09,4.628671871660035e-08,True,1.0,1.0,1.0,1.0,1.0,True
EXP-EMBED-FP32-EQUIV-001,GOLD-MODEL-C1-B2-R00469,F027,0.11696371748758938,0.116963722,4.512410625712171e-09,3.857957597996975e-08,True,1.0,1.0,1.0,1.0,1.0,True
EXP-EMBED-FP32-EQUIV-001,GOLD-MODEL-C1-B2-R00469,F028,0.07682112240078794,0.0768211186,3.8007879343826545e-09,4.9475818832135035e-08,True,1.0,1.0,1.0,1.0,1.0,True
EXP-EMBED-FP32-EQUIV-001,GOLD-MODEL-C1-B2-R00469,F029,0.1682662425371476,0.168266237,5.537147573786427e-09,3.2907061394468406e-08,True,1.0,1.0,1.0,1.0,1.0,True
EXP-EMBED-FP32-EQUIV-001,GOLD-MODEL-C1-B2-R00469,F030,0.1395773794659288,0.139577389,9.534071199190919e-09,6.830670725923903e-08,True,1.0,1.0,1.0,1.0,1.0,True
EXP-EMBED-FP32-EQUIV-001,GOLD-MODEL-C1-B2-R00469,F031,0.019139774829673946,0.019139776,1.170326054816817e-09,6.114628125103988e-08,True,1.0,1.0,1.0,1.0,1.0,True
EXP-EMBED-FP32-EQUIV-001,GOLD-MODEL-C1-B2-R00469,F032,0.0689118256941243,0.0689118281,2.405875706990024e-09,3.49123779954528e-08,True,1.0,1.0,1.0,1.0,1.0,True
EXP-EMBED-FP32-EQUIV-001,GOLD-MODEL-C1-B2-R00469,F033,0.07131283846546062,0.0713128224,1.606546061461156e-08,2.252814634828011e-07,True,1.0,1.0,1.0,1.0,1.0,True
EXP-EMBED-FP32-EQUIV-001,GOLD-MODEL-C1-B2-R00469,F034,-0.00044253482117176716,-0.000442535384,5.628282328585567e-10,1.2718281272607435e-06,True,1.0,1.0,1.0,1.0,1.0,True
EXP-EMBED-FP32-EQUIV-001,GOLD-MODEL-C1-B2-R00469,F035,-0.024486264796679792,-0.0244862642,5.966797923806499e-10,2.4367938406904616e-08,True,1.0,1.0,1.0,1.0,1.0,True
EXP-EMBED-FP32-EQUIV-001,GOLD-MODEL-C1-B2-R00469,F036,-0.0038456004824604234,-0.00384560227,1.7875395764282986e-09,4.648271666755739e-07,True,1.0,1.0,1.0,1.0,1.0,True
EXP-EMBED-FP32-EQUIV-001,GOLD-MODEL-C1-B2-R00469,F037,0.07989798077274536,0.0798979774,3.372745360774587e-09,4.22131489200925e-08,True,1.0,1.0,1.0,1.0,1.0,True
EXP-EMBED-FP32-EQUIV-001,GOLD-MODEL-C1-B2-R00469,F038,0.05528045013774724,0.0552804545,4.362252760403695e-09,7.891131040962727e-08,True,1.0,1.0,1.0,1.0,1.0,True
EXP-EMBED-FP32-EQUIV-001,GOLD-MODEL-C1-B2-R00469,F039,0.1989000299938229,0.198899984,4.5993822889167646e-08,2.3124090474293063e-07,True,1.0,1.0,1.0,1.0,1.0,True
EXP-EMBED-FP32-EQUIV-001,GOLD-MODEL-C1-B2-R00469,F040,0.11739646666863836,0.117396481,1.4331361639086104e-08,1.2207660115987654e-07,True,1.0,1.0,1.0,1.0,1.0,True
EXP-EMBED-FP32-EQUIV-001,GOLD-MODEL-C1-B2-R00469,F041,0.06721963901609979,0.0672196373,1.7160997900500519e-09,2.5529738260555497e-08,True,1.0,1.0,1.0,1.0,1.0,True
EXP-EMBED-FP32-EQUIV-001,GOLD-MODEL-C1-B2-R00469,F042,0.003440487466914582,0.0034404879,4.3308541822217883e-10,1.2587908614315297e-07,True,1.0,1.0,1.0,1.0,1.0,True
EXP-EMBED-FP32-EQUIV-001,GOLD-MODEL-C1-B2-R00469,F043,2.753880934608212e-05,2.75388138e-05,4.45391787958372e-12,1.6173240547951898e-07,True,1.0,1.0,1.0,1.0,1.0,True
EXP-EMBED-FP32-EQUIV-001,GOLD-MODEL-C1-B2-R00469,F044,0.051646810804308614,0.0516468287,1.789569138710423e-08,3.465013833073172e-07,True,1.0,1.0,1.0,1.0,1.0,True
EXP-EMBED-FP32-EQUIV-001,GOLD-MODEL-C1-B2-R00469,F045,0.09987881560494209,0.0998788178,2.195057913212395e-09,2.1977212083638098e-08,True,1.0,1.0,1.0,1.0,1.0,True
EXP-EMBED-FP32-EQUIV-001,GOLD-MODEL-C1-B2-R00469,F046,0.054766884273896574,0.0547668822,2.073896575305323e-09,3.7867711534099446e-08,True,1.0,1.0,1.0,1.0,1.0,True
EXP-EMBED-FP32-EQUIV-001,GOLD-MODEL-C1-B2-R00469,F047,-0.013909334266065866,-0.0139093325,1.7660658664653273e-09,1.269698342625886e-07,True,1.0,1.0,1.0,1.0,1.0,True
EXP-EMBED-FP32-EQUIV-001,GOLD-MODEL-C1-B2-R00469,F048,0.1984646584067055,0.198464662,3.5932944952854484e-09,1.810546282714909e-08,True,1.0,1.0,1.0,1.0,1.0,True
EXP-EMBED-FP32-EQUIV-001,GOLD-MODEL-C1-B2-R00469,F049,0.04435234845437278,0.0443523638,1.534562722033117e-08,3.459935664087302e-07,True,1.0,1.0,1.0,1.0,1.0,True
EXP-EMBED-FP32-EQUIV-001,GOLD-MODEL-C1-B2-R00469,F050,0.12643309440005485,0.126433089,5.40005484772621e-09,4.2710770256397896e-08,True,1.0,1.0,1.0,1.0,1.0,True
EXP-EMBED-FP32-EQUIV-001,GOLD-MODEL-C1-B2-R00469,F051,0.10857769555505356,0.108577706,1.0444946435539393e-08,9.619790125535825e-08,True,1.0,1.0,1.0,1.0,1.0,True
EXP-EMBED-FP32-EQUIV-001,GOLD-MODEL-C1-B2-R00469,F052,0.07790691886654504,0.0779069215,2.633454967981841e-09,3.3802581417614054e-08,True,1.0,1.0,1.0,1.0,1.0,True
EXP-EMBED-FP32-EQUIV-001,GOLD-MODEL-C1-B2-R00469,F053,0.1450541810005688,0.145054176,5.000568792379312e-09,3.447379977526951e-08,True,1.0,1.0,1.0,1.0,1.0,True
EXP-EMBED-FP32-EQUIV-001,GOLD-MODEL-C1-B2-R00469,F054,0.11468599229027084,0.114686005,1.2709729158011385e-08,1.1082198361106729e-07,True,1.0,1.0,1.0,1.0,1.0,True
EXP-EMBED-FP32-EQUIV-001,GOLD-MODEL-C1-B2-R00469,F055,0.010342084833589508,0.0103420829,1.9335895072580822e-09,1.869632224421598e-07,True,1.0,1.0,1.0,1.0,1.0,True
EXP-EMBED-FP32-EQUIV-001,GOLD-MODEL-C1-B2-R00469,F056,0.23832268018797498,0.23832266,2.0187974986152213e-08,8.470857649901017e-08,True,1.0,1.0,1.0,1.0,1.0,True
EXP-EMBED-FP32-EQUIV-001,GOLD-MODEL-C1-B2-R00469,F057,0.058738475615481706,0.0587384701,5.5154817032998515e-09,9.389895882565491e-08,True,1.0,1.0,1.0,1.0,1.0,True
EXP-EMBED-FP32-EQUIV-001,GOLD-MODEL-C1-B2-R00469,F058,0.132114811401615,0.132114813,1.5983850076839445e-09,1.2098454296884427e-08,True,1.0,1.0,1.0,1.0,1.0,True
EXP-EMBED-FP32-EQUIV-001,GOLD-MODEL-C1-B2-R00469,F059,0.09502931807287278,0.0950293094,8.672872781056995e-09,9.1265232213981e-08,True,1.0,1.0,1.0,1.0,1.0,True
EXP-EMBED-FP32-EQUIV-001,GOLD-MODEL-C1-B2-R00469,F060,0.07778987836120736,0.0777898729,5.461207361334708e-09,7.0204600860491e-08,True,1.0,1.0,1.0,1.0,1.0,True
EXP-EMBED-FP32-EQUIV-001,GOLD-MODEL-C1-B2-R00469,F061,0.15833389734749198,0.158333898,6.525080198382938e-10,4.1210886030693e-09,True,1.0,1.0,1.0,1.0,1.0,True
EXP-EMBED-FP32-EQUIV-001,GOLD-MODEL-C1-B2-R00469,F062,0.10928202854408117,0.109282024,4.544081166901748e-09,4.158123002876725e-08,True,1.0,1.0,1.0,1.0,1.0,True
EXP-EMBED-FP32-EQUIV-001,GOLD-MODEL-C1-B2-R00469,F063,0.00015007469621201148,0.000150074571,1.2521201146775164e-10,8.34331267216852e-07,True,1.0,1.0,1.0,1.0,1.0,True
EXP-EMBED-FP32-EQUIV-001,GOLD-MODEL-C1-B2-R00469,F064,-0.016959145220717852,-0.0169591419,3.3207178534722104e-09,1.9580691186107138e-07,True,1.0,1.0,1.0,1.0,1.0,True
EXP-EMBED-FP32-EQUIV-001,GOLD-MODEL-C1-B2-R00469,F065,1.445388120346681,1.4453882,7.965331905168682e-08,5.5108602271189085e-08,True,1.0,1.0,1.0,1.0,1.0,True
EXP-EMBED-FP32-EQUIV-001,GOLD-MODEL-C1-B2-R00469,F066,-0.04296412536456752,-0.0429641381,1.27354324794271e-08,2.9642014986600893e-07,True,1.0,1.0,1.0,1.0,1.0,True
EXP-EMBED-FP32-EQUIV-001,GOLD-MODEL-C1-B2-R00469,F067,-0.08362353197266091,-0.0836235508,1.882733909053247e-08,2.2514403118834662e-07,True,1.0,1.0,1.0,1.0,1.0,True
EXP-EMBED-FP32-EQUIV-001,GOLD-MODEL-C1-B2-R00469,F068,-0.09995141559018277,-0.0999514312,1.5609817230477496e-08,1.56174048544548e-07,True,1.0,1.0,1.0,1.0,1.0,True
EXP-EMBED-FP32-EQUIV-001,GOLD-MODEL-C1-B2-R00469,F069,-0.0007563835469479843,-0.000756383466,8.094798431817346e-11,1.070197582229273e-07,True,1.0,1.0,1.0,1.0,1.0,True
EXP-EMBED-FP32-EQUIV-001,GOLD-MODEL-C1-B2-R00469,F070,0.010410841670706368,0.0104108434,1.72929363190244e-09,1.6610507455590846e-07,True,1.0,1.0,1.0,1.0,1.0,True
EXP-EMBED-FP32-EQUIV-001,GOLD-MODEL-C1-B2-R00469,F071,-0.06708252790977137,-0.0670825243,3.6097713707050616e-09,5.381090252830581e-08,True,1.0,1.0,1.0,1.0,1.0,True
EXP-EMBED-FP32-EQUIV-001,GOLD-MODEL-C1-B2-R00469,F072,-0.002956415526415927,-0.00295641692,1.3935840732261229e-09,4.7137625302474643e-07,True,1.0,1.0,1.0,1.0,1.0,True
EXP-EMBED-FP32-EQUIV-001,GOLD-MODEL-C1-B2-R00469,F073,1.293552938363896,1.29355311,1.7163610399606455e-07,1.3268579808813416e-07,True,1.0,1.0,1.0,1.0,1.0,True
EXP-EMBED-FP32-EQUIV-001,GOLD-MODEL-C1-B2-R00469,F074,-0.03978471658491564,-0.0397847146,1.984915641572993e-09,4.989141087222355e-08,True,1.0,1.0,1.0,1.0,1.0,True
EXP-EMBED-FP32-EQUIV-001,GOLD-MODEL-C1-B2-R00469,F075,-0.07238114970446284,-0.0723811537,3.995537165013552e-09,5.520134981728809e-08,True,1.0,1.0,1.0,1.0,1.0,True
EXP-EMBED-FP32-EQUIV-001,GOLD-MODEL-C1-B2-R00469,F076,-0.08549604721321054,-0.0854960307,1.6513210535085143e-08,1.9314589473247112e-07,True,1.0,1.0,1.0,1.0,1.0,True
EXP-EMBED-FP32-EQUIV-001,GOLD-MODEL-C1-B2-R00469,F077,0.044128851505457846,0.0441288538,2.2945421535025545e-09,5.1996416748320904e-08,True,1.0,1.0,1.0,1.0,1.0,True
EXP-EMBED-FP32-EQUIV-001,GOLD-MODEL-C1-B2-R00469,F078,0.06786016032763366,0.0678601488,1.1527633653196645e-08,1.6987336306811558e-07,True,1.0,1.0,1.0,1.0,1.0,True
EXP-EMBED-FP32-EQUIV-001,GOLD-MODEL-C1-B2-R00469,F079,-0.004110369749823909,-0.00411036937,3.79823908436272e-10,9.240626307464041e-08,True,1.0,1.0,1.0,1.0,1.0,True
EXP-EMBED-FP32-EQUIV-001,GOLD-MODEL-C1-B2-R00469,F080,0.23860847095432186,0.238608479,8.045678151491487e-09,3.3719163948004656e-08,True,1.0,1.0,1.0,1.0,1.0,True
EXP-EMBED-FP32-EQUIV-001,GOLD-MODEL-C1-B2-R00469,F081,0.09794329319684963,0.0979432911,2.096849638366649e-09,2.1408812894950673e-08,True,1.0,1.0,1.0,1.0,1.0,True
EXP-EMBED-FP32-EQUIV-001,GOLD-MODEL-C1-B2-R00469,F082,0.15454201034338308,0.154542029,1.865661691802245e-08,1.2072197635172835e-07,True,1.0,1.0,1.0,1.0,1.0,True
EXP-EMBED-FP32-EQUIV-001,GOLD-MODEL-C1-B2-R00469,F083,0.13436679178023442,0.134366781,1.078023442735443e-08,8.022990118708944e-08,True,1.0,1.0,1.0,1.0,1.0,True
EXP-EMBED-FP32-EQUIV-001,GOLD-MODEL-C1-B2-R00469,F084,0.10821481961479235,0.108214825,5.385207654806656e-09,4.9764049637343106e-08,True,1.0,1.0,1.0,1.0,1.0,True
EXP-EMBED-FP32-EQUIV-001,GOLD-MODEL-C1-B2-R00469,F085,0.16526329769580703,0.165263295,2.695807022057295e-09,1.6312194296275932e-08,True,1.0,1.0,1.0,1.0,1.0,True
EXP-EMBED-FP32-EQUIV-001,GOLD-MODEL-C1-B2-R00469,F086,0.13841717515403917,0.138417184,8.845960824954702e-09,6.390797106724921e-08,True,1.0,1.0,1.0,1.0,1.0,True
EXP-EMBED-FP32-EQUIV-001,GOLD-MODEL-C1-B2-R00469,F087,0.09248452654148669,0.0924845338,7.25851331817573e-09,7.848354302727287e-08,True,1.0,1.0,1.0,1.0,1.0,True
EXP-EMBED-FP32-EQUIV-001,GOLD-MODEL-C1-B2-R00469,F088,0.03550826386550478,0.0355082639,3.449522611997935e-11,9.714703667472303e-10,True,1.0,1.0,1.0,1.0,1.0,True
EXP-EMBED-FP32-EQUIV-001,GOLD-MODEL-C1-B2-R00469,F089,-0.019343277656252593,-0.0193432793,1.6437474055497336e-09,8.49777082643697e-08,True,1.0,1.0,1.0,1.0,1.0,True
EXP-EMBED-FP32-EQUIV-001,GOLD-MODEL-C1-B2-R00469,F090,0.040215832297080215,0.0402158312,1.0970802113985378e-09,2.7279808690623296e-08,True,1.0,1.0,1.0,1.0,1.0,True
EXP-EMBED-FP32-EQUIV-001,GOLD-MODEL-C1-B2-R00469,F091,0.06095842768090054,0.0609584227,4.98090053924205e-09,8.170979352216237e-08,True,1.0,1.0,1.0,1.0,1.0,True
EXP-EMBED-FP32-EQUIV-001,GOLD-MODEL-C1-B2-R00469,F092,0.04038871334438715,0.0403887182,4.855612849297142e-09,1.202220236107603e-07,True,1.0,1.0,1.0,1.0,1.0,True
EXP-EMBED-FP32-EQUIV-001,GOLD-MODEL-C1-B2-R00469,F093,0.051003619889517425,0.05100362,1.1048257447798804e-10,2.166171238773095e-09,True,1.0,1.0,1.0,1.0,1.0,True
EXP-EMBED-FP32-EQUIV-001,GOLD-MODEL-C1-B2-R00469,F094,0.02717926419790794,0.0271792617,2.497907942988764e-09,9.190491415808948e-08,True,1.0,1.0,1.0,1.0,1.0,True
EXP-EMBED-FP32-EQUIV-001,GOLD-MODEL-C1-B2-R00469,F095,0.005402831347216735,0.00540283183,4.827832647547048e-10,8.935745606855011e-08,True,1.0,1.0,1.0,1.0,1.0,True
EXP-EMBED-FP32-EQUIV-001,GOLD-MODEL-C1-B2-R00469,F096,0.011427327407308648,0.0114273271,3.0730864727934737e-10,2.6892433928409195e-08,True,1.0,1.0,1.0,1.0,1.0,True
EXP-EMBED-FP32-EQUIV-001,GOLD-MODEL-C1-B2-R00469,F097,-0.10282972222964681,-0.102829717,5.229646812821009e-09,5.0857346489196786e-08,True,1.0,1.0,1.0,1.0,1.0,True
EXP-EMBED-FP32-EQUIV-001,GOLD-MODEL-C1-B2-R00469,F098,-0.018970797461552603,-0.0189708117,1.4238447396813791e-08,7.505455385136188e-07,True,1.0,1.0,1.0,1.0,1.0,True
EXP-EMBED-FP32-EQUIV-001,GOLD-MODEL-C1-B2-R00469,F099,0.007667271731630262,0.00766727328,1.5483697379803374e-09,2.0194533233937094e-07,True,1.0,1.0,1.0,1.0,1.0,True
EXP-EMBED-FP32-EQUIV-001,GOLD-MODEL-C1-B2-R00469,F100,-0.009076913779354344,-0.00907690264,1.1139354343450703e-08,1.2272182609894817e-06,True,1.0,1.0,1.0,1.0,1.0,True
EXP-EMBED-FP32-EQUIV-001,GOLD-MODEL-C1-B2-R00469,F101,0.014210935887812675,0.0142109348,1.0878126750074602e-09,7.654757459995089e-08,True,1.0,1.0,1.0,1.0,1.0,True
EXP-EMBED-FP32-EQUIV-001,GOLD-MODEL-C1-B2-R00469,F102,0.023271624882393028,0.023271624,8.823930267021218e-10,3.791712143700492e-08,True,1.0,1.0,1.0,1.0,1.0,True
EXP-EMBED-FP32-EQUIV-001,GOLD-MODEL-C1-B2-R00469,F103,0.47257535392207667,0.472575277,7.692207665277451e-08,1.6277208706372414e-07,True,1.0,1.0,1.0,1.0,1.0,True
EXP-EMBED-FP32-EQUIV-001,GOLD-MODEL-C1-B2-R00469,F104,0.05852985773771348,0.0585298575,2.37713480844004e-10,4.061405409684335e-09,True,1.0,1.0,1.0,1.0,1.0,True
EXP-EMBED-FP32-EQUIV-001,GOLD-MODEL-C1-B2-R00469,F105,0.0020864181042022623,0.00208641775,3.542022621386143e-10,1.6976571542645945e-07,True,1.0,1.0,1.0,1.0,1.0,True
EXP-EMBED-FP32-EQUIV-001,GOLD-MODEL-C1-B2-R00469,F106,-0.003096490223753447,-0.0030964904,1.7624655294229408e-10,5.6918168702840194e-08,True,1.0,1.0,1.0,1.0,1.0,True
EXP-EMBED-FP32-EQUIV-001,GOLD-MODEL-C1-B2-R00469,F107,0.0050156818904567154,0.00501568103,8.604567154277265e-10,1.71553287114342e-07,True,1.0,1.0,1.0,1.0,1.0,True
EXP-EMBED-FP32-EQUIV-001,GOLD-MODEL-C1-B2-R00469,F108,0.007022298935705453,0.0070222998,8.642945473896768e-10,1.2307857516505036e-07,True,1.0,1.0,1.0,1.0,1.0,True
EXP-EMBED-FP32-EQUIV-001,GOLD-MODEL-C1-B2-R00469,F109,0.0854826087514699,0.0854826197,1.0948530096421827e-08,1.2807903568143693e-07,True,1.0,1.0,1.0,1.0,1.0,True
EXP-EMBED-FP32-EQUIV-001,GOLD-MODEL-C1-B2-R00469,F110,0.07073333658888778,0.0707333311,5.48888777485157e-09,7.759972934337549e-08,True,1.0,1.0,1.0,1.0,1.0,True
EXP-EMBED-FP32-EQUIV-001,GOLD-MODEL-C1-B2-R00469,F111,0.05367343705623099,0.0536734536,1.6543769007504316e-08,3.0823010253977646e-07,True,1.0,1.0,1.0,1.0,1.0,True
EXP-EMBED-FP32-EQUIV-001,GOLD-MODEL-C1-B2-R00469,F112,0.1910221429865653,0.191022173,3.001343468200801e-08,1.5712018623997363e-07,True,1.0,1.0,1.0,1.0,1.0,True
EXP-EMBED-FP32-EQUIV-001,GOLD-MODEL-C1-B2-R00469,F113,0.059674992405004686,0.0596750043,1.1894995315120394e-08,1.9932964941815075e-07,True,1.0,1.0,1.0,1.0,1.0,True
EXP-EMBED-FP32-EQUIV-001,GOLD-MODEL-C1-B2-R00469,F114,0.13202263411903795,0.132022619,1.5119037938271518e-08,1.1451852963817906e-07,True,1.0,1.0,1.0,1.0,1.0,True
EXP-EMBED-FP32-EQUIV-001,GOLD-MODEL-C1-B2-R00469,F115,0.09933306522445431,0.0993330702,4.9755456837941026e-09,5.0089521274223175e-08,True,1.0,1.0,1.0,1.0,1.0,True
EXP-EMBED-FP32-EQUIV-001,GOLD-MODEL-C1-B2-R00469,F116,0.0853629591932325,0.0853629559,3.2932325061407752e-09,3.8579174588898975e-08,True,1.0,1.0,1.0,1.0,1.0,True
EXP-EMBED-FP32-EQUIV-001,GOLD-MODEL-C1-B2-R00469,F117,0.13991315628212314,0.139913142,1.4282123150799464e-08,1.0207848590021627e-07,True,1.0,1.0,1.0,1.0,1.0,True
EXP-EMBED-FP32-EQUIV-001,GOLD-MODEL-C1-B2-R00469,F118,0.09938096023923343,0.09938097,9.760766569999468e-09,9.821565968474242e-08,True,1.0,1.0,1.0,1.0,1.0,True
EXP-EMBED-FP32-EQUIV-001,GOLD-MODEL-C1-B2-R00469,F119,-0.013776807948467432,-0.0137768053,2.648467431476398e-09,1.922410068706097e-07,True,1.0,1.0,1.0,1.0,1.0,True
EXP-EMBED-FP32-EQUIV-001,GOLD-MODEL-C1-B2-R00469,F120,0.08593933474615661,0.0859393328,1.9461566108658346e-09,2.264570253672892e-08,True,1.0,1.0,1.0,1.0,1.0,True
EXP-EMBED-FP32-EQUIV-001,GOLD-MODEL-C1-B2-R00469,F121,0.006700131756590397,0.00670013111,6.465903966759723e-10,9.650413158516947e-08,True,1.0,1.0,1.0,1.0,1.0,True
EXP-EMBED-FP32-EQUIV-001,GOLD-MODEL-C1-B2-R00469,F122,0.06907381136962737,0.0690738112,1.6962736770764764e-10,2.455740668484886e-09,True,1.0,1.0,1.0,1.0,1.0,True
EXP-EMBED-FP32-EQUIV-001,GOLD-MODEL-C1-B2-R00469,F123,0.07452887620371897,0.074528873,3.203718970667957e-09,4.2986277720206556e-08,True,1.0,1.0,1.0,1.0,1.0,True
EXP-EMBED-FP32-EQUIV-001,GOLD-MODEL-C1-B2-R00469,F124,0.04651452769449115,0.0465145297,2.0055088492676454e-09,4.3115752189077124e-08,True,1.0,1.0,1.0,1.0,1.0,True
EXP-EMBED-FP32-EQUIV-001,GOLD-MODEL-C1-B2-R00469,F125,0.09013815474371609,0.0901381522,2.5437160849905993e-09,2.822019257242375e-08,True,1.0,1.0,1.0,1.0,1.0,True
EXP-EMBED-FP32-EQUIV-001,GOLD-MODEL-C1-B2-R00469,F126,0.06584341744035654,0.0658434108,6.6403565424089095e-09,1.0085072738552788e-07,True,1.0,1.0,1.0,1.0,1.0,True
EXP-EMBED-FP32-EQUIV-001,GOLD-MODEL-C1-B2-R00469,F127,0.006094332010917808,0.00609432906,2.9509178087194776e-09,4.842069325125377e-07,True,1.0,1.0,1.0,1.0,1.0,True
EXP-EMBED-FP32-EQUIV-001,GOLD-MODEL-C1-B2-R00473,F000,0.01074856035571783,0.0107485615,1.1442821707535744e-09,1.0645911013979276e-07,True,1.0,1.0,1.0,1.0,1.0,True
EXP-EMBED-FP32-EQUIV-001,GOLD-MODEL-C1-B2-R00473,F001,-0.0657462577292268,-0.0657462627,4.970773195833722e-09,7.560541645283663e-08,True,1.0,1.0,1.0,1.0,1.0,True
EXP-EMBED-FP32-EQUIV-001,GOLD-MODEL-C1-B2-R00473,F002,0.005102548235380203,0.00510255387,5.634619796787699e-09,1.1042756553908107e-06,True,1.0,1.0,1.0,1.0,1.0,True
EXP-EMBED-FP32-EQUIV-001,GOLD-MODEL-C1-B2-R00473,F003,0.05720779350574983,0.0572078116,1.8094250167632886e-08,3.1628995035115753e-07,True,1.0,1.0,1.0,1.0,1.0,True
EXP-EMBED-FP32-EQUIV-001,GOLD-MODEL-C1-B2-R00473,F004,-0.027751851654533834,-0.0277518518,1.4546616688981828e-10,5.241674274590373e-09,True,1.0,1.0,1.0,1.0,1.0,True
EXP-EMBED-FP32-EQUIV-001,GOLD-MODEL-C1-B2-R00473,F005,0.06255738355191645,0.0625573844,8.480835478330562e-10,1.3556889685599311e-08,True,1.0,1.0,1.0,1.0,1.0,True
EXP-EMBED-FP32-EQUIV-001,GOLD-MODEL-C1-B2-R00473,F006,0.06329329165780447,0.0632932857,5.957804471989903e-09,9.413010946248152e-08,True,1.0,1.0,1.0,1.0,1.0,True
EXP-EMBED-FP32-EQUIV-001,GOLD-MODEL-C1-B2-R00473,F007,0.021385248032867142,0.0213852469,1.1328671403743051e-09,5.2974234324202996e-08,True,1.0,1.0,1.0,1.0,1.0,True
EXP-EMBED-FP32-EQUIV-001,GOLD-MODEL-C1-B2-R00473,F008,0.0010836362597517408,0.00108363654,2.802482592777905e-10,2.586183848646731e-07,True,1.0,1.0,1.0,1.0,1.0,True
EXP-EMBED-FP32-EQUIV-001,GOLD-MODEL-C1-B2-R00473,F009,-0.0724518120656896,-0.0724518523,4.0234310397235795e-08,5.553251085115264e-07,True,1.0,1.0,1.0,1.0,1.0,True
EXP-EMBED-FP32-EQUIV-001,GOLD-MODEL-C1-B2-R00473,F010,0.037256614051005395,0.0372566059,8.15100539147684e-09,2.1878009043757639e-07,True,1.0,1.0,1.0,1.0,1.0,True
EXP-EMBED-FP32-EQUIV-001,GOLD-MODEL-C1-B2-R00473,F011,0.1356348879589576,0.135634899,1.1041042413673097e-08,8.140267286550979e-08,True,1.0,1.0,1.0,1.0,1.0,True
EXP-EMBED-FP32-EQUIV-001,GOLD-MODEL-C1-B2-R00473,F012,0.013756973264252473,0.0137569513,2.1964252472361778e-08,1.5965904745512546e-06,True,1.0,1.0,1.0,1.0,1.0,True
EXP-EMBED-FP32-EQUIV-001,GOLD-MODEL-C1-B2-R00473,F013,0.026502543379528433,0.0265025441,7.204715678221785e-10,2.7184997209690372e-08,True,1.0,1.0,1.0,1.0,1.0,True
EXP-EMBED-FP32-EQUIV-001,GOLD-MODEL-C1-B2-R00473,F014,0.026549850125035038,0.0265498515,1.374964961331493e-09,5.178804983290573e-08,True,1.0,1.0,1.0,1.0,1.0,True
EXP-EMBED-FP32-EQUIV-001,GOLD-MODEL-C1-B2-R00473,F015,0.004803877158143591,0.00480387826,1.1018564090650718e-09,2.2936814843343597e-07,True,1.0,1.0,1.0,1.0,1.0,True
EXP-EMBED-FP32-EQUIV-001,GOLD-MODEL-C1-B2-R00473,F016,0.38355153514905826,0.383551508,2.7149058279274385e-08,7.07833388509931e-08,True,1.0,1.0,1.0,1.0,1.0,True
EXP-EMBED-FP32-EQUIV-001,GOLD-MODEL-C1-B2-R00473,F017,0.29767358415599043,0.297673583,1.1559904145030941e-09,3.8834161848144325e-09,True,1.0,1.0,1.0,1.0,1.0,True
EXP-EMBED-FP32-EQUIV-001,GOLD-MODEL-C1-B2-R00473,F018,0.2128478302302296,0.212847829,1.230229612625422e-09,5.779855079070941e-09,True,1.0,1.0,1.0,1.0,1.0,True
EXP-EMBED-FP32-EQUIV-001,GOLD-MODEL-C1-B2-R00473,F019,0.19883859567743248,0.198838592,3.6774324696509098e-09,1.8494560661737194e-08,True,1.0,1.0,1.0,1.0,1.0,True
EXP-EMBED-FP32-EQUIV-001,GOLD-MODEL-C1-B2-R00473,F020,0.09806026200060879,0.0980602577,4.3006087857566655e-09,4.3856794771055846e-08,True,1.0,1.0,1.0,1.0,1.0,True
EXP-EMBED-FP32-EQUIV-001,GOLD-MODEL-C1-B2-R00473,F021,0.22249339944771676,0.222493395,4.4477167504552995e-09,1.999033122553579e-08,True,1.0,1.0,1.0,1.0,1.0,True
EXP-EMBED-FP32-EQUIV-001,GOLD-MODEL-C1-B2-R00473,F022,0.18389474000428968,0.183894739,1.0042896791961908e-09,5.4612202566139955e-09,True,1.0,1.0,1.0,1.0,1.0,True
EXP-EMBED-FP32-EQUIV-001,GOLD-MODEL-C1-B2-R00473,F023,0.15579028345491,0.155790284,5.450900009140724e-10,3.498870332769094e-09,True,1.0,1.0,1.0,1.0,1.0,True
EXP-EMBED-FP32-EQUIV-001,GOLD-MODEL-C1-B2-R00473,F024,0.36269480383704156,0.36269477,3.383704155757172e-08,9.329342797195042e-08,True,1.0,1.0,1.0,1.0,1.0,True
EXP-EMBED-FP32-EQUIV-001,GOLD-MODEL-C1-B2-R00473,F025,0.2823565613237973,0.28235659,2.8676202745714363e-08,1.0156024925105045e-07,True,1.0,1.0,1.0,1.0,1.0,True
EXP-EMBED-FP32-EQUIV-001,GOLD-MODEL-C1-B2-R00473,F026,0.16581867899624414,0.165818661,1.7996244133788863e-08,1.0852965566199262e-07,True,1.0,1.0,1.0,1.0,1.0,True
EXP-EMBED-FP32-EQUIV-001,GOLD-MODEL-C1-B2-R00473,F027,0.15920880171327356,0.159208804,2.2867264470871618e-09,1.4363065499390118e-08,True,1.0,1.0,1.0,1.0,1.0,True
EXP-EMBED-FP32-EQUIV-001,GOLD-MODEL-C1-B2-R00473,F028,0.04373210972436789,0.0437321104,6.756321127565634e-10,1.5449337272198775e-08,True,1.0,1.0,1.0,1.0,1.0,True
EXP-EMBED-FP32-EQUIV-001,GOLD-MODEL-C1-B2-R00473,F029,0.2230240667446035,0.22302407,3.2553964801618207e-09,1.459661518902238e-08,True,1.0,1.0,1.0,1.0,1.0,True
EXP-EMBED-FP32-EQUIV-001,GOLD-MODEL-C1-B2-R00473,F030,0.18129727614721244,0.181297272,4.147212434579828e-09,2.2875205423452215e-08,True,1.0,1.0,1.0,1.0,1.0,True
EXP-EMBED-FP32-EQUIV-001,GOLD-MODEL-C1-B2-R00473,F031,0.044331409938819046,0.044331409,9.388190433390342e-10,2.1177288171855597e-08,True,1.0,1.0,1.0,1.0,1.0,True
EXP-EMBED-FP32-EQUIV-001,GOLD-MODEL-C1-B2-R00473,F032,0.10177049844306048,0.101770498,4.4306047719544495e-10,4.353525667788024e-09,True,1.0,1.0,1.0,1.0,1.0,True
EXP-EMBED-FP32-EQUIV-001,GOLD-MODEL-C1-B2-R00473,F033,0.10602179634027399,0.106021784,1.2340273997102358e-08,1.1639374565487076e-07,True,1.0,1.0,1.0,1.0,1.0,True
EXP-EMBED-FP32-EQUIV-001,GOLD-MODEL-C1-B2-R00473,F034,0.005287205280966661,0.0052872058,5.190333388777058e-10,9.816780535194403e-08,True,1.0,1.0,1.0,1.0,1.0,True
EXP-EMBED-FP32-EQUIV-001,GOLD-MODEL-C1-B2-R00473,F035,-0.0016939928674210719,-0.00169398799,4.8774210718426775e-09,2.8792453413738655e-06,True,1.0,1.0,1.0,1.0,1.0,True
EXP-EMBED-FP32-EQUIV-001,GOLD-MODEL-C1-B2-R00473,F036,-0.04796601549454637,-0.0479660258,1.0305453629344541e-08,2.1484906601250313e-07,True,1.0,1.0,1.0,1.0,1.0,True
EXP-EMBED-FP32-EQUIV-001,GOLD-MODEL-C1-B2-R00473,F037,0.09765609088453768,0.0976560861,4.784537682711587e-09,4.899374569855063e-08,True,1.0,1.0,1.0,1.0,1.0,True
EXP-EMBED-FP32-EQUIV-001,GOLD-MODEL-C1-B2-R00473,F038,0.08773948064415313,0.0877394825,1.8558468650731186e-09,2.1151787672415297e-08,True,1.0,1.0,1.0,1.0,1.0,True
EXP-EMBED-FP32-EQUIV-001,GOLD-MODEL-C1-B2-R00473,F039,-0.23648832944629275,-0.236488327,2.4462927517010513e-09,1.0344243022176755e-08,True,1.0,1.0,1.0,1.0,1.0,True
EXP-EMBED-FP32-EQUIV-001,GOLD-MODEL-C1-B2-R00473,F040,0.1450841303750212,0.145084143,1.2624978812381116e-08,8.70183305351688e-08,True,1.0,1.0,1.0,1.0,1.0,True
EXP-EMBED-FP32-EQUIV-001,GOLD-MODEL-C1-B2-R00473,F041,0.09588036025887628,0.0958803594,8.588762756556179e-10,8.957791494907384e-09,True,1.0,1.0,1.0,1.0,1.0,True
EXP-EMBED-FP32-EQUIV-001,GOLD-MODEL-C1-B2-R00473,F042,0.005123005739892297,0.00512300618,4.401077037530232e-10,8.590810280104739e-08,True,1.0,1.0,1.0,1.0,1.0,True
EXP-EMBED-FP32-EQUIV-001,GOLD-MODEL-C1-B2-R00473,F043,5.4258397756644456e-05,5.42584057e-05,7.943355540929002e-12,1.4639863817129142e-07,True,1.0,1.0,1.0,1.0,1.0,True
EXP-EMBED-FP32-EQUIV-001,GOLD-MODEL-C1-B2-R00473,F044,0.10272400048328573,0.102724016,1.5516714274577126e-08,1.5105247266048462e-07,True,1.0,1.0,1.0,1.0,1.0,True
EXP-EMBED-FP32-EQUIV-001,GOLD-MODEL-C1-B2-R00473,F045,0.11195019754871613,0.111950211,1.3451283864540642e-08,1.201541771169023e-07,True,1.0,1.0,1.0,1.0,1.0,True
EXP-EMBED-FP32-EQUIV-001,GOLD-MODEL-C1-B2-R00473,F046,0.06419706816897122,0.0641970634,4.768971217927742e-09,7.428643322737843e-08,True,1.0,1.0,1.0,1.0,1.0,True
EXP-EMBED-FP32-EQUIV-001,GOLD-MODEL-C1-B2-R00473,F047,-0.17514586275326757,-0.175145864,1.2467324395082358e-09,7.118252295028741e-09,True,1.0,1.0,1.0,1.0,1.0,True
EXP-EMBED-FP32-EQUIV-001,GOLD-MODEL-C1-B2-R00473,F048,0.27784831288271783,0.277848303,9.88271781077188e-09,3.5568752274351437e-08,True,1.0,1.0,1.0,1.0,1.0,True
EXP-EMBED-FP32-EQUIV-001,GOLD-MODEL-C1-B2-R00473,F049,0.1319776474227486,0.131977662,1.4577251405967218e-08,1.1045242653305987e-07,True,1.0,1.0,1.0,1.0,1.0,True
EXP-EMBED-FP32-EQUIV-001,GOLD-MODEL-C1-B2-R00473,F050,0.14546094757115888,0.145460948,4.2884112927410456e-10,2.9481530021266864e-09,True,1.0,1.0,1.0,1.0,1.0,True
EXP-EMBED-FP32-EQUIV-001,GOLD-MODEL-C1-B2-R00473,F051,0.12246372098077375,0.122463726,5.0192262429638035e-09,4.09854134985152e-08,True,1.0,1.0,1.0,1.0,1.0,True
EXP-EMBED-FP32-EQUIV-001,GOLD-MODEL-C1-B2-R00473,F052,0.09853843392481329,0.098538436,2.0751867030321947e-09,2.1059667993258364e-08,True,1.0,1.0,1.0,1.0,1.0,True
EXP-EMBED-FP32-EQUIV-001,GOLD-MODEL-C1-B2-R00473,F053,0.18466416106778305,0.184664145,1.606778304852341e-08,8.70108360800207e-08,True,1.0,1.0,1.0,1.0,1.0,True
EXP-EMBED-FP32-EQUIV-001,GOLD-MODEL-C1-B2-R00473,F054,0.14190644533812372,0.141906455,9.661876271271908e-09,6.808623983392957e-08,True,1.0,1.0,1.0,1.0,1.0,True
EXP-EMBED-FP32-EQUIV-001,GOLD-MODEL-C1-B2-R00473,F055,0.04667210897807542,0.0466721058,3.17807542088433e-09,6.809367501214173e-08,True,1.0,1.0,1.0,1.0,1.0,True
EXP-EMBED-FP32-EQUIV-001,GOLD-MODEL-C1-B2-R00473,F056,0.3384355144484411,0.338435471,4.3448441122695414e-08,1.2838026527300094e-07,True,1.0,1.0,1.0,1.0,1.0,True
EXP-EMBED-FP32-EQUIV-001,GOLD-MODEL-C1-B2-R00473,F057,0.1613033294282982,0.161303326,3.4282982008804197e-09,2.1253734892089446e-08,True,1.0,1.0,1.0,1.0,1.0,True
EXP-EMBED-FP32-EQUIV-001,GOLD-MODEL-C1-B2-R00473,F058,0.1596637454489742,0.159663737,8.448974186947567e-09,5.2917299185166083e-08,True,1.0,1.0,1.0,1.0,1.0,True
EXP-EMBED-FP32-EQUIV-001,GOLD-MODEL-C1-B2-R00473,F059,0.11036022286767386,0.110360213,9.867673858576786e-09,8.941331942042656e-08,True,1.0,1.0,1.0,1.0,1.0,True
EXP-EMBED-FP32-EQUIV-001,GOLD-MODEL-C1-B2-R00473,F060,0.10455365493002723,0.104553647,7.930027232094794e-09,7.584648511237586e-08,True,1.0,1.0,1.0,1.0,1.0,True
EXP-EMBED-FP32-EQUIV-001,GOLD-MODEL-C1-B2-R00473,F061,0.20546704119775405,0.205467045,3.8022459347697435e-09,1.8505381265067372e-08,True,1.0,1.0,1.0,1.0,1.0,True
EXP-EMBED-FP32-EQUIV-001,GOLD-MODEL-C1-B2-R00473,F062,0.14269661907258896,0.142696619,7.258896261852499e-11,5.086943411153938e-10,True,1.0,1.0,1.0,1.0,1.0,True
EXP-EMBED-FP32-EQUIV-001,GOLD-MODEL-C1-B2-R00473,F063,-0.003366603242837066,-0.00336660282,4.2283706614201777e-10,1.2559753426295914e-07,True,1.0,1.0,1.0,1.0,1.0,True
EXP-EMBED-FP32-EQUIV-001,GOLD-MODEL-C1-B2-R00473,F064,0.03585407523205787,0.0358540751,1.320578715824361e-10,3.683203951788454e-09,True,1.0,1.0,1.0,1.0,1.0,True
EXP-EMBED-FP32-EQUIV-001,GOLD-MODEL-C1-B2-R00473,F065,0.01518600935630166,0.0151859596,4.975630166041689e-08,3.2764566709403332e-06,True,1.0,1.0,1.0,1.0,1.0,True
EXP-EMBED-FP32-EQUIV-001,GOLD-MODEL-C1-B2-R00473,F066,0.15082016209613489,0.150820211,4.890386512412803e-08,3.2425283492903306e-07,True,1.0,1.0,1.0,1.0,1.0,True
EXP-EMBED-FP32-EQUIV-001,GOLD-MODEL-C1-B2-R00473,F067,0.20335068920148902,0.203350678,1.1201489014123212e-08,5.5084588393129426e-08,True,1.0,1.0,1.0,1.0,1.0,True
EXP-EMBED-FP32-EQUIV-001,GOLD-MODEL-C1-B2-R00473,F068,1.2703226068034486,1.27032256,4.6803448450205565e-08,3.684374992583853e-08,True,1.0,1.0,1.0,1.0,1.0,True
EXP-EMBED-FP32-EQUIV-001,GOLD-MODEL-C1-B2-R00473,F069,0.0004162532543389656,0.000416253344,8.966103440212134e-11,2.154002004008552e-07,True,1.0,1.0,1.0,1.0,1.0,True
EXP-EMBED-FP32-EQUIV-001,GOLD-MODEL-C1-B2-R00473,F070,-0.008181260546515145,-0.0081812581,2.446515144985395e-09,2.9903889884395656e-07,True,1.0,1.0,1.0,1.0,1.0,True
EXP-EMBED-FP32-EQUIV-001,GOLD-MODEL-C1-B2-R00473,F071,-0.0131824163380559,-0.0131824119,4.4380559002105135e-09,3.366648258103054e-07,True,1.0,1.0,1.0,1.0,1.0,True
EXP-EMBED-FP32-EQUIV-001,GOLD-MODEL-C1-B2-R00473,F072,-0.003588686717751878,-0.0035886867,1.7751878092497897e-11,4.946622396623828e-09,True,1.0,1.0,1.0,1.0,1.0,True
EXP-EMBED-FP32-EQUIV-001,GOLD-MODEL-C1-B2-R00473,F073,-0.21640990733012266,-0.216409817,9.033012265957652e-08,4.1740289885057047e-07,True,1.0,1.0,1.0,1.0,1.0,True
EXP-EMBED-FP32-EQUIV-001,GOLD-MODEL-C1-B2-R00473,F074,-0.009759415390735743,-0.00975941028,5.110735742594463e-09,5.236723244146262e-07,True,1.0,1.0,1.0,1.0,1.0,True
EXP-EMBED-FP32-EQUIV-001,GOLD-MODEL-C1-B2-R00473,F075,0.017234109556241377,0.0172341242,1.4643758622367997e-08,8.49696270908567e-07,True,1.0,1.0,1.0,1.0,1.0,True
EXP-EMBED-FP32-EQUIV-001,GOLD-MODEL-C1-B2-R00473,F076,0.5539490301955402,0.553949058,2.7804459845626184e-08,5.019317361348462e-08,True,1.0,1.0,1.0,1.0,1.0,True
EXP-EMBED-FP32-EQUIV-001,GOLD-MODEL-C1-B2-R00473,F077,0.051514172514550156,0.0515141748,2.2854498432645087e-09,4.4365457731442435e-08,True,1.0,1.0,1.0,1.0,1.0,True
EXP-EMBED-FP32-EQUIV-001,GOLD-MODEL-C1-B2-R00473,F078,0.04736901498904388,0.0473690033,1.1689043885598771e-08,2.467656101420383e-07,True,1.0,1.0,1.0,1.0,1.0,True
EXP-EMBED-FP32-EQUIV-001,GOLD-MODEL-C1-B2-R00473,F079,-0.002667854874297361,-0.00266785454,3.34297361060526e-10,1.2530567696212137e-07,True,1.0,1.0,1.0,1.0,1.0,True
EXP-EMBED-FP32-EQUIV-001,GOLD-MODEL-C1-B2-R00473,F080,0.37761873975124405,0.37761873,9.751244034461592e-09,2.5822987600894e-08,True,1.0,1.0,1.0,1.0,1.0,True
EXP-EMBED-FP32-EQUIV-001,GOLD-MODEL-C1-B2-R00473,F081,0.31841417977818526,0.318414211,3.122181474468633e-08,9.805409660598712e-08,True,1.0,1.0,1.0,1.0,1.0,True
EXP-EMBED-FP32-EQUIV-001,GOLD-MODEL-C1-B2-R00473,F082,0.21378714392692466,0.213787153,9.07307534658841e-09,4.243976125004837e-08,True,1.0,1.0,1.0,1.0,1.0,True
EXP-EMBED-FP32-EQUIV-001,GOLD-MODEL-C1-B2-R00473,F083,0.18832442308732167,0.188324422,1.0873216771400962e-09,5.773662594128486e-09,True,1.0,1.0,1.0,1.0,1.0,True
EXP-EMBED-FP32-EQUIV-001,GOLD-MODEL-C1-B2-R00473,F084,0.0835842372212284,0.0835842416,4.3787715953147455e-09,5.238752832935636e-08,True,1.0,1.0,1.0,1.0,1.0,True
EXP-EMBED-FP32-EQUIV-001,GOLD-MODEL-C1-B2-R00473,F085,0.23003178111541767,0.230031773,8.11541767120616e-09,3.527954977288237e-08,True,1.0,1.0,1.0,1.0,1.0,True
EXP-EMBED-FP32-EQUIV-001,GOLD-MODEL-C1-B2-R00473,F086,0.18757974966557547,0.187579751,1.3344245153312784e-09,7.1139049802035814e-09,True,1.0,1.0,1.0,1.0,1.0,True
EXP-EMBED-FP32-EQUIV-001,GOLD-MODEL-C1-B2-R00473,F087,0.19833937482100916,0.198339388,1.3178990843076832e-08,6.644666927568052e-08,True,1.0,1.0,1.0,1.0,1.0,True
EXP-EMBED-FP32-EQUIV-001,GOLD-MODEL-C1-B2-R00473,F088,0.03803727526800107,0.038037274,1.2680010652577067e-09,3.333574911251372e-08,True,1.0,1.0,1.0,1.0,1.0,True
EXP-EMBED-FP32-EQUIV-001,GOLD-MODEL-C1-B2-R00473,F089,-0.04049117227642843,-0.0404911786,6.323571569155639e-09,1.5617161009776072e-07,True,1.0,1.0,1.0,1.0,1.0,True
EXP-EMBED-FP32-EQUIV-001,GOLD-MODEL-C1-B2-R00473,F090,0.03887953659143773,0.0388795361,4.91437730787414e-10,1.2640009986529552e-08,True,1.0,1.0,1.0,1.0,1.0,True
EXP-EMBED-FP32-EQUIV-001,GOLD-MODEL-C1-B2-R00473,F091,0.059536484132591466,0.0595364794,4.7325914645512945e-09,7.949061039633308e-08,True,1.0,1.0,1.0,1.0,1.0,True
EXP-EMBED-FP32-EQUIV-001,GOLD-MODEL-C1-B2-R00473,F092,-0.0070741320494942615,-0.00707413489,2.8405057386077237e-09,4.015341696669056e-07,True,1.0,1.0,1.0,1.0,1.0,True
EXP-EMBED-FP32-EQUIV-001,GOLD-MODEL-C1-B2-R00473,F093,0.05157174674570605,0.0515717454,1.345706046596007e-09,2.6093862075905985e-08,True,1.0,1.0,1.0,1.0,1.0,True
EXP-EMBED-FP32-EQUIV-001,GOLD-MODEL-C1-B2-R00473,F094,0.026006755189892285,0.0260067545,6.898922856601875e-10,2.65274264560432e-08,True,1.0,1.0,1.0,1.0,1.0,True
EXP-EMBED-FP32-EQUIV-001,GOLD-MODEL-C1-B2-R00473,F095,0.006417625510093185,0.00641762605,5.399068145686692e-10,8.412875037964465e-08,True,1.0,1.0,1.0,1.0,1.0,True
EXP-EMBED-FP32-EQUIV-001,GOLD-MODEL-C1-B2-R00473,F096,0.014136999120597684,0.0141369989,2.2059768421678339e-10,1.5604279404344827e-08,True,1.0,1.0,1.0,1.0,1.0,True
EXP-EMBED-FP32-EQUIV-001,GOLD-MODEL-C1-B2-R00473,F097,-0.15914909672171018,-0.159149095,1.7217101910826926e-09,1.0818221570514432e-08,True,1.0,1.0,1.0,1.0,1.0,True
EXP-EMBED-FP32-EQUIV-001,GOLD-MODEL-C1-B2-R00473,F098,-0.026009968422457716,-0.0260099713,2.8775422843130283e-09,1.1063228672851751e-07,True,1.0,1.0,1.0,1.0,1.0,True
EXP-EMBED-FP32-EQUIV-001,GOLD-MODEL-C1-B2-R00473,F099,-0.022065320391319115,-0.0220653228,2.4086808832202156e-09,1.0916138268120652e-07,True,1.0,1.0,1.0,1.0,1.0,True
EXP-EMBED-FP32-EQUIV-001,GOLD-MODEL-C1-B2-R00473,F100,0.1800590666753791,0.180059075,8.32462090927244e-09,4.62327227558085e-08,True,1.0,1.0,1.0,1.0,1.0,True
EXP-EMBED-FP32-EQUIV-001,GOLD-MODEL-C1-B2-R00473,F101,0.015235316930919377,0.0152353169,3.0919376434179746e-11,2.02945410157043e-09,True,1.0,1.0,1.0,1.0,1.0,True
EXP-EMBED-FP32-EQUIV-001,GOLD-MODEL-C1-B2-R00473,F102,0.03467640868059015,0.0346764065,2.1805901528892946e-09,6.288396739625066e-08,True,1.0,1.0,1.0,1.0,1.0,True
EXP-EMBED-FP32-EQUIV-001,GOLD-MODEL-C1-B2-R00473,F103,-0.6400654039106529,-0.640065432,2.8089347070547888e-08,4.388512001887372e-08,True,1.0,1.0,1.0,1.0,1.0,True
EXP-EMBED-FP32-EQUIV-001,GOLD-MODEL-C1-B2-R00473,F104,0.08790418199634255,0.0879041776,4.396342553891763e-09,5.001289419967167e-08,True,1.0,1.0,1.0,1.0,1.0,True
EXP-EMBED-FP32-EQUIV-001,GOLD-MODEL-C1-B2-R00473,F105,0.0034891127676028753,0.00348911271,5.7602875160739364e-11,1.650931884334431e-08,True,1.0,1.0,1.0,1.0,1.0,True
EXP-EMBED-FP32-EQUIV-001,GOLD-MODEL-C1-B2-R00473,F106,-0.005678918959725336,-0.00567892008,1.1202746638336314e-09,1.9726899992385416e-07,True,1.0,1.0,1.0,1.0,1.0,True
EXP-EMBED-FP32-EQUIV-001,GOLD-MODEL-C1-B2-R00473,F107,0.009919997847722089,0.00992000289,5.042277911176951e-09,5.082942545531701e-07,True,1.0,1.0,1.0,1.0,1.0,True
EXP-EMBED-FP32-EQUIV-001,GOLD-MODEL-C1-B2-R00473,F108,0.016029894892782934,0.0160298981,3.207217064843393e-09,2.0007723608264978e-07,True,1.0,1.0,1.0,1.0,1.0,True
EXP-EMBED-FP32-EQUIV-001,GOLD-MODEL-C1-B2-R00473,F109,0.0963720788252827,0.0963720828,3.974717291410634e-09,4.124345287411076e-08,True,1.0,1.0,1.0,1.0,1.0,True
EXP-EMBED-FP32-EQUIV-001,GOLD-MODEL-C1-B2-R00473,F110,0.08551153480589394,0.0855115354,5.94106069895517e-10,6.947671694165029e-09,True,1.0,1.0,1.0,1.0,1.0,True
EXP-EMBED-FP32-EQUIV-001,GOLD-MODEL-C1-B2-R00473,F111,-0.12137667386385495,-0.121376671,2.8638549448567474e-09,2.35947719911081e-08,True,1.0,1.0,1.0,1.0,1.0,True
EXP-EMBED-FP32-EQUIV-001,GOLD-MODEL-C1-B2-R00473,F112,0.2804523045421884,0.280452311,6.457811618787446e-09,2.30264166640713e-08,True,1.0,1.0,1.0,1.0,1.0,True
EXP-EMBED-FP32-EQUIV-001,GOLD-MODEL-C1-B2-R00473,F113,0.16087847080315226,0.160878479,8.196847728347834e-09,5.095055719653959e-08,True,1.0,1.0,1.0,1.0,1.0,True
EXP-EMBED-FP32-EQUIV-001,GOLD-MODEL-C1-B2-R00473,F114,0.15424735270359155,0.154247344,8.703591541925348e-09,5.6426197204502756e-08,True,1.0,1.0,1.0,1.0,1.0,True
EXP-EMBED-FP32-EQUIV-001,GOLD-MODEL-C1-B2-R00473,F115,0.10330644358174178,0.103306442,1.581741779221879e-09,1.5311162831487053e-08,True,1.0,1.0,1.0,1.0,1.0,True
EXP-EMBED-FP32-EQUIV-001,GOLD-MODEL-C1-B2-R00473,F116,0.11064858217415786,0.11064858,2.1741578676293116e-09,1.9649215786671773e-08,True,1.0,1.0,1.0,1.0,1.0,True
EXP-EMBED-FP32-EQUIV-001,GOLD-MODEL-C1-B2-R00473,F117,0.1857129368800851,0.185712934,2.880085114842501e-09,1.550826325417584e-08,True,1.0,1.0,1.0,1.0,1.0,True
EXP-EMBED-FP32-EQUIV-001,GOLD-MODEL-C1-B2-R00473,F118,0.12955699758617384,0.129556999,1.4138261672513863e-09,1.0912773478800253e-08,True,1.0,1.0,1.0,1.0,1.0,True
EXP-EMBED-FP32-EQUIV-001,GOLD-MODEL-C1-B2-R00473,F119,0.04317289976020871,0.0431728996,1.6020870741151327e-10,3.7108627935891693e-09,True,1.0,1.0,1.0,1.0,1.0,True
EXP-EMBED-FP32-EQUIV-001,GOLD-MODEL-C1-B2-R00473,F120,0.11239714867839394,0.112397142,6.678393935088955e-09,5.941782343783549e-08,True,1.0,1.0,1.0,1.0,1.0,True
EXP-EMBED-FP32-EQUIV-001,GOLD-MODEL-C1-B2-R00473,F121,0.017074297316384435,0.0170742963,1.0163844349486695e-09,5.95271603929112e-08,True,1.0,1.0,1.0,1.0,1.0,True
EXP-EMBED-FP32-EQUIV-001,GOLD-MODEL-C1-B2-R00473,F122,0.07557639426312678,0.0755763948,5.368732264310339e-10,7.103715805253371e-09,True,1.0,1.0,1.0,1.0,1.0,True
EXP-EMBED-FP32-EQUIV-001,GOLD-MODEL-C1-B2-R00473,F123,0.07159016264631102,0.0715901554,7.2463110234455286e-09,1.0121936807499242e-07,True,1.0,1.0,1.0,1.0,1.0,True
EXP-EMBED-FP32-EQUIV-001,GOLD-MODEL-C1-B2-R00473,F124,-0.056793750409323655,-0.0567937531,2.690676341454701e-09,4.737627506657811e-08,True,1.0,1.0,1.0,1.0,1.0,True
EXP-EMBED-FP32-EQUIV-001,GOLD-MODEL-C1-B2-R00473,F125,0.1086695115342138,0.108669505,6.534213795039712e-09,6.012922762593318e-08,True,1.0,1.0,1.0,1.0,1.0,True
EXP-EMBED-FP32-EQUIV-001,GOLD-MODEL-C1-B2-R00473,F126,0.07696234995657406,0.0769623369,1.305657405803462e-08,1.6964884863055482e-07,True,1.0,1.0,1.0,1.0,1.0,True
EXP-EMBED-FP32-EQUIV-001,GOLD-MODEL-C1-B2-R00473,F127,-0.028925091022893343,-0.0289250892,1.822893343217391e-09,6.302117914770348e-08,True,1.0,1.0,1.0,1.0,1.0,True
EXP-EMBED-FP32-EQUIV-001,GOLD-MODEL-C1-B2-R00495,F000,0.06006648750372898,0.0600664914,3.896271021097686e-09,6.486597074376627e-08,True,1.0,1.0,1.0,1.0,1.0,True
EXP-EMBED-FP32-EQUIV-001,GOLD-MODEL-C1-B2-R00495,F001,-0.06929460586827046,-0.0692946091,3.2317295367567667e-09,4.663753399363159e-08,True,1.0,1.0,1.0,1.0,1.0,True
EXP-EMBED-FP32-EQUIV-001,GOLD-MODEL-C1-B2-R00495,F002,0.07177511241015279,0.071775116,3.589847211160624e-09,5.001520848405986e-08,True,1.0,1.0,1.0,1.0,1.0,True
EXP-EMBED-FP32-EQUIV-001,GOLD-MODEL-C1-B2-R00495,F003,0.07909597737796455,0.0790959746,2.7779645528358543e-09,3.512143910380164e-08,True,1.0,1.0,1.0,1.0,1.0,True
EXP-EMBED-FP32-EQUIV-001,GOLD-MODEL-C1-B2-R00495,F004,0.061611644117090233,0.0616116412,2.9170902360320383e-09,4.7346411183058777e-08,True,1.0,1.0,1.0,1.0,1.0,True
EXP-EMBED-FP32-EQUIV-001,GOLD-MODEL-C1-B2-R00495,F005,0.008239738229197323,0.00823973864,4.1080267833282225e-10,4.9856277821685214e-08,True,1.0,1.0,1.0,1.0,1.0,True
EXP-EMBED-FP32-EQUIV-001,GOLD-MODEL-C1-B2-R00495,F006,0.019883028844371334,0.0198830292,3.556286654049501e-10,1.78860408134259e-08,True,1.0,1.0,1.0,1.0,1.0,True
EXP-EMBED-FP32-EQUIV-001,GOLD-MODEL-C1-B2-R00495,F007,0.10074976377311876,0.100749761,2.773118762400273e-09,2.752481652111004e-08,True,1.0,1.0,1.0,1.0,1.0,True
EXP-EMBED-FP32-EQUIV-001,GOLD-MODEL-C1-B2-R00495,F008,0.10784067296630633,0.10784068,7.033693669167285e-09,6.522301350405044e-08,True,1.0,1.0,1.0,1.0,1.0,True
EXP-EMBED-FP32-EQUIV-001,GOLD-MODEL-C1-B2-R00495,F009,-0.05844662673579785,-0.0584466346,7.864202150598132e-09,1.3455356775588563e-07,True,1.0,1.0,1.0,1.0,1.0,True
EXP-EMBED-FP32-EQUIV-001,GOLD-MODEL-C1-B2-R00495,F010,0.15607235843228207,0.156072363,4.56771792611832e-09,2.9266668178787072e-08,True,1.0,1.0,1.0,1.0,1.0,True
EXP-EMBED-FP32-EQUIV-001,GOLD-MODEL-C1-B2-R00495,F011,0.19569946318202897,0.195699453,1.0182028969962786e-08,5.202890597861282e-08,True,1.0,1.0,1.0,1.0,1.0,True
EXP-EMBED-FP32-EQUIV-001,GOLD-MODEL-C1-B2-R00495,F012,0.13967542080228304,0.139675424,3.1977169523411675e-09,2.2893913145016992e-08,True,1.0,1.0,1.0,1.0,1.0,True
EXP-EMBED-FP32-EQUIV-001,GOLD-MODEL-C1-B2-R00495,F013,0.06436831896190619,0.0643683225,3.538093817923027e-09,5.496638524950304e-08,True,1.0,1.0,1.0,1.0,1.0,True
EXP-EMBED-FP32-EQUIV-001,GOLD-MODEL-C1-B2-R00495,F014,0.08427072588182835,0.0842707306,4.718171645046176e-09,5.5988263963246284e-08,True,1.0,1.0,1.0,1.0,1.0,True
EXP-EMBED-FP32-EQUIV-001,GOLD-MODEL-C1-B2-R00495,F015,0.14336296750156932,0.143362954,1.3501569334772867e-08,9.417752415473035e-08,True,1.0,1.0,1.0,1.0,1.0,True
EXP-EMBED-FP32-EQUIV-001,GOLD-MODEL-C1-B2-R00495,F016,-0.2708381111435965,-0.270838112,8.564035036684459e-10,3.1620494621393462e-09,True,1.0,1.0,1.0,1.0,1.0,True
EXP-EMBED-FP32-EQUIV-001,GOLD-MODEL-C1-B2-R00495,F017,-0.23163449950595205,-0.231634498,1.5059520575011476e-09,6.501415206772559e-09,True,1.0,1.0,1.0,1.0,1.0,True
EXP-EMBED-FP32-EQUIV-001,GOLD-MODEL-C1-B2-R00495,F018,-0.38811040394322743,-0.388110399,4.9432274384919594e-09,1.2736652736614224e-08,True,1.0,1.0,1.0,1.0,1.0,True
EXP-EMBED-FP32-EQUIV-001,GOLD-MODEL-C1-B2-R00495,F019,-0.07539498184077009,-0.0753949881,6.25922991215333e-09,8.301918455756734e-08,True,1.0,1.0,1.0,1.0,1.0,True
EXP-EMBED-FP32-EQUIV-001,GOLD-MODEL-C1-B2-R00495,F020,-0.02820054764110703,-0.0282005463,1.341107030983224e-09,4.7556063380426534e-08,True,1.0,1.0,1.0,1.0,1.0,True
EXP-EMBED-FP32-EQUIV-001,GOLD-MODEL-C1-B2-R00495,F021,0.045467754950984776,0.0454677604,5.449015225145182e-09,1.1984350736075134e-07,True,1.0,1.0,1.0,1.0,1.0,True
EXP-EMBED-FP32-EQUIV-001,GOLD-MODEL-C1-B2-R00495,F022,0.0020758200285293242,0.00207582046,4.3147067559437535e-10,2.0785553162817464e-07,True,1.0,1.0,1.0,1.0,1.0,True
EXP-EMBED-FP32-EQUIV-001,GOLD-MODEL-C1-B2-R00495,F023,-0.021325667985357937,-0.0213256683,3.146420624045021e-10,1.4754148035153378e-08,True,1.0,1.0,1.0,1.0,1.0,True
EXP-EMBED-FP32-EQUIV-001,GOLD-MODEL-C1-B2-R00495,F024,-0.45622503673209874,-0.456225067,3.0267901240943473e-08,6.634423541888426e-08,True,1.0,1.0,1.0,1.0,1.0,True
EXP-EMBED-FP32-EQUIV-001,GOLD-MODEL-C1-B2-R00495,F025,-0.386951651667112,-0.386951625,2.6667111963085688e-08,6.891587579015416e-08,True,1.0,1.0,1.0,1.0,1.0,True
EXP-EMBED-FP32-EQUIV-001,GOLD-MODEL-C1-B2-R00495,F026,-0.5737302029437069,-0.57373023,2.705629309485147e-08,4.7158565046829457e-08,True,1.0,1.0,1.0,1.0,1.0,True
EXP-EMBED-FP32-EQUIV-001,GOLD-MODEL-C1-B2-R00495,F027,-0.3002849617750602,-0.300284952,9.775060205718944e-09,3.255261318427701e-08,True,1.0,1.0,1.0,1.0,1.0,True
EXP-EMBED-FP32-EQUIV-001,GOLD-MODEL-C1-B2-R00495,F028,-0.1354476483619456,-0.135447666,1.7638054405910708e-08,1.302204550556536e-07,True,1.0,1.0,1.0,1.0,1.0,True
EXP-EMBED-FP32-EQUIV-001,GOLD-MODEL-C1-B2-R00495,F029,-0.019566136408144728,-0.0195661355,9.081447260861353e-10,4.641410583788555e-08,True,1.0,1.0,1.0,1.0,1.0,True
EXP-EMBED-FP32-EQUIV-001,GOLD-MODEL-C1-B2-R00495,F030,-0.06603702330948308,-0.0660370216,1.7094830828678909e-09,2.588673742691859e-08,True,1.0,1.0,1.0,1.0,1.0,True
EXP-EMBED-FP32-EQUIV-001,GOLD-MODEL-C1-B2-R00495,F031,-0.1444199955762344,-0.144419983,1.2576234387218221e-08,8.708097751311491e-08,True,1.0,1.0,1.0,1.0,1.0,True
EXP-EMBED-FP32-EQUIV-001,GOLD-MODEL-C1-B2-R00495,F032,0.05520785369318554,0.055207856,2.3068144616722464e-09,4.1784172130513074e-08,True,1.0,1.0,1.0,1.0,1.0,True
EXP-EMBED-FP32-EQUIV-001,GOLD-MODEL-C1-B2-R00495,F033,-0.04033721728007891,-0.0403372049,1.2380078913409864e-08,3.069145505861143e-07,True,1.0,1.0,1.0,1.0,1.0,True
EXP-EMBED-FP32-EQUIV-001,GOLD-MODEL-C1-B2-R00495,F034,0.07396264802320625,0.0739626512,3.176793758608021e-09,4.295132534480488e-08,True,1.0,1.0,1.0,1.0,1.0,True
EXP-EMBED-FP32-EQUIV-001,GOLD-MODEL-C1-B2-R00495,F035,1.1666080459223513,1.16660798,6.592235135549629e-08,5.6507711896823347e-08,True,1.0,1.0,1.0,1.0,1.0,True
EXP-EMBED-FP32-EQUIV-001,GOLD-MODEL-C1-B2-R00495,F036,-1.2796116719572181,-1.27961183,1.5804278175046704e-07,1.2350839337744878e-07,True,1.0,1.0,1.0,1.0,1.0,True
EXP-EMBED-FP32-EQUIV-001,GOLD-MODEL-C1-B2-R00495,F037,-0.009859610086638841,-0.00985961128,1.1933611581554926e-09,1.2103532976143397e-07,True,1.0,1.0,1.0,1.0,1.0,True
EXP-EMBED-FP32-EQUIV-001,GOLD-MODEL-C1-B2-R00495,F038,-0.017833780714966194,-0.0178337824,1.6850338069307469e-09,9.448550668320478e-08,True,1.0,1.0,1.0,1.0,1.0,True
EXP-EMBED-FP32-EQUIV-001,GOLD-MODEL-C1-B2-R00495,F039,-0.02852415162255081,-0.0285241362,1.5422550809357505e-08,5.406839443794235e-07,True,1.0,1.0,1.0,1.0,1.0,True
EXP-EMBED-FP32-EQUIV-001,GOLD-MODEL-C1-B2-R00495,F040,0.04795835405139786,0.0479583591,5.0486021405116155e-09,1.0527054650584827e-07,True,1.0,1.0,1.0,1.0,1.0,True
EXP-EMBED-FP32-EQUIV-001,GOLD-MODEL-C1-B2-R00495,F041,-0.07389261058263161,-0.073892571,3.9582631602974594e-08,5.356778071700508e-07,True,1.0,1.0,1.0,1.0,1.0,True
EXP-EMBED-FP32-EQUIV-001,GOLD-MODEL-C1-B2-R00495,F042,0.12135126390973129,0.121351257,6.909731287141341e-09,5.693992023256745e-08,True,1.0,1.0,1.0,1.0,1.0,True
EXP-EMBED-FP32-EQUIV-001,GOLD-MODEL-C1-B2-R00495,F043,1.1950824590272877,1.19508243,2.9027287684613157e-08,2.4288941290494136e-08,True,1.0,1.0,1.0,1.0,1.0,True
EXP-EMBED-FP32-EQUIV-001,GOLD-MODEL-C1-B2-R00495,F044,0.8742392647432295,0.874239266,1.2567704654742329e-09,1.4375589339874313e-09,True,1.0,1.0,1.0,1.0,1.0,True
EXP-EMBED-FP32-EQUIV-001,GOLD-MODEL-C1-B2-R00495,F045,-0.0027648170867064312,-0.00276481593,1.1567064311587827e-09,4.183663493402021e-07,True,1.0,1.0,1.0,1.0,1.0,True
EXP-EMBED-FP32-EQUIV-001,GOLD-MODEL-C1-B2-R00495,F046,-0.002830154698022498,-0.00283015729,2.591977501988779e-09,9.158430469542392e-07,True,1.0,1.0,1.0,1.0,1.0,True
EXP-EMBED-FP32-EQUIV-001,GOLD-MODEL-C1-B2-R00495,F047,0.00190206635483126,0.00190206617,1.84831260106183e-10,9.717392857336995e-08,True,1.0,1.0,1.0,1.0,1.0,True
EXP-EMBED-FP32-EQUIV-001,GOLD-MODEL-C1-B2-R00495,F048,0.10112245257251457,0.101122454,1.427485435412379e-09,1.4116404409680768e-08,True,1.0,1.0,1.0,1.0,1.0,True
EXP-EMBED-FP32-EQUIV-001,GOLD-MODEL-C1-B2-R00495,F049,0.1714388689466158,0.171438858,1.0946615808249405e-08,6.38514233995446e-08,True,1.0,1.0,1.0,1.0,1.0,True
EXP-EMBED-FP32-EQUIV-001,GOLD-MODEL-C1-B2-R00495,F050,0.09087037820082262,0.0908703804,2.1991773818674787e-09,2.4201257058788936e-08,True,1.0,1.0,1.0,1.0,1.0,True
EXP-EMBED-FP32-EQUIV-001,GOLD-MODEL-C1-B2-R00495,F051,0.9222960036871274,0.922295988,1.5687127374874876e-08,1.700877734714381e-08,True,1.0,1.0,1.0,1.0,1.0,True
EXP-EMBED-FP32-EQUIV-001,GOLD-MODEL-C1-B2-R00495,F052,0.8366109728461637,0.836610973,1.5383627705034542e-10,1.838803004543342e-10,True,1.0,1.0,1.0,1.0,1.0,True
EXP-EMBED-FP32-EQUIV-001,GOLD-MODEL-C1-B2-R00495,F053,0.230879489980064,0.230879486,3.980064000597139e-09,1.72387075220099e-08,True,1.0,1.0,1.0,1.0,1.0,True
EXP-EMBED-FP32-EQUIV-001,GOLD-MODEL-C1-B2-R00495,F054,0.17130806429249118,0.171308056,8.292491193717666e-09,4.840689332382553e-08,True,1.0,1.0,1.0,1.0,1.0,True
EXP-EMBED-FP32-EQUIV-001,GOLD-MODEL-C1-B2-R00495,F055,0.04833285515334298,0.0483328588,3.6466570249582553e-09,7.54488228222543e-08,True,1.0,1.0,1.0,1.0,1.0,True
EXP-EMBED-FP32-EQUIV-001,GOLD-MODEL-C1-B2-R00495,F056,0.04989966453173623,0.0498996638,7.317362271663796e-10,1.466415123294055e-08,True,1.0,1.0,1.0,1.0,1.0,True
EXP-EMBED-FP32-EQUIV-001,GOLD-MODEL-C1-B2-R00495,F057,0.07546963302297248,0.0754696354,2.377027519262498e-09,3.149647645085204e-08,True,1.0,1.0,1.0,1.0,1.0,True
EXP-EMBED-FP32-EQUIV-001,GOLD-MODEL-C1-B2-R00495,F058,-0.012350968497022176,-0.0123509672,1.2970221754254885e-09,1.0501380322832182e-07,True,1.0,1.0,1.0,1.0,1.0,True
EXP-EMBED-FP32-EQUIV-001,GOLD-MODEL-C1-B2-R00495,F059,0.7960821495543503,0.796082139,1.0554350282632186e-08,1.3257865772446411e-08,True,1.0,1.0,1.0,1.0,1.0,True
EXP-EMBED-FP32-EQUIV-001,GOLD-MODEL-C1-B2-R00495,F060,0.661965145726068,0.661965132,1.3726068059938257e-08,2.0735333496876174e-08,True,1.0,1.0,1.0,1.0,1.0,True
EXP-EMBED-FP32-EQUIV-001,GOLD-MODEL-C1-B2-R00495,F061,0.21706445692148021,0.217064455,1.9214802249312157e-09,8.852118178086991e-09,True,1.0,1.0,1.0,1.0,1.0,True
EXP-EMBED-FP32-EQUIV-001,GOLD-MODEL-C1-B2-R00495,F062,0.15838649735913726,0.158386484,1.3359137268631471e-08,8.434517772269423e-08,True,1.0,1.0,1.0,1.0,1.0,True
EXP-EMBED-FP32-EQUIV-001,GOLD-MODEL-C1-B2-R00495,F063,0.021661611774496655,0.021661615,3.2255033435846237e-09,1.4890412482519776e-07,True,1.0,1.0,1.0,1.0,1.0,True
EXP-EMBED-FP32-EQUIV-001,GOLD-MODEL-C1-B2-R00495,F064,0.17786083915737744,0.177860841,1.8426225545375985e-09,1.0359911508722738e-08,True,1.0,1.0,1.0,1.0,1.0,True
EXP-EMBED-FP32-EQUIV-001,GOLD-MODEL-C1-B2-R00495,F065,0.2271722535381757,0.22717227,1.6461824320357366e-08,7.246406224337163e-08,True,1.0,1.0,1.0,1.0,1.0,True
EXP-EMBED-FP32-EQUIV-001,GOLD-MODEL-C1-B2-R00495,F066,0.18959154578364176,0.189591542,3.783641761012646e-09,1.995680633001677e-08,True,1.0,1.0,1.0,1.0,1.0,True
EXP-EMBED-FP32-EQUIV-001,GOLD-MODEL-C1-B2-R00495,F067,0.18980137026322375,0.189801365,5.263223745721746e-09,2.7730167271303192e-08,True,1.0,1.0,1.0,1.0,1.0,True
EXP-EMBED-FP32-EQUIV-001,GOLD-MODEL-C1-B2-R00495,F068,0.14549757265536742,0.145497575,2.344632571427141e-09,1.6114582041727604e-08,True,1.0,1.0,1.0,1.0,1.0,True
EXP-EMBED-FP32-EQUIV-001,GOLD-MODEL-C1-B2-R00495,F069,0.11501427872067128,0.11501427,8.720671282325121e-09,7.582250985988032e-08,True,1.0,1.0,1.0,1.0,1.0,True
EXP-EMBED-FP32-EQUIV-001,GOLD-MODEL-C1-B2-R00495,F070,0.12204400002925875,0.122044004,3.970741249692544e-09,3.25353253641359e-08,True,1.0,1.0,1.0,1.0,1.0,True
EXP-EMBED-FP32-EQUIV-001,GOLD-MODEL-C1-B2-R00495,F071,0.1893894595696534,0.189389437,2.256965339619832e-08,1.191705887301383e-07,True,1.0,1.0,1.0,1.0,1.0,True
EXP-EMBED-FP32-EQUIV-001,GOLD-MODEL-C1-B2-R00495,F072,0.09932012595229539,0.0993201286,2.6477046111139657e-09,2.6658288898925572e-08,True,1.0,1.0,1.0,1.0,1.0,True
EXP-EMBED-FP32-EQUIV-001,GOLD-MODEL-C1-B2-R00495,F073,0.18038924430926118,0.180389255,1.0690738821983459e-08,5.926483512318033e-08,True,1.0,1.0,1.0,1.0,1.0,True
EXP-EMBED-FP32-EQUIV-001,GOLD-MODEL-C1-B2-R00495,F074,0.12520834777507858,0.125208348,2.2492141482644001e-10,1.7963771491536946e-09,True,1.0,1.0,1.0,1.0,1.0,True
EXP-EMBED-FP32-EQUIV-001,GOLD-MODEL-C1-B2-R00495,F075,0.10650751066072991,0.10650751,6.607299152250334e-10,6.203599268503506e-09,True,1.0,1.0,1.0,1.0,1.0,True
EXP-EMBED-FP32-EQUIV-001,GOLD-MODEL-C1-B2-R00495,F076,0.0976035208554713,0.0976035148,6.0554713049443265e-09,6.204152526332639e-08,True,1.0,1.0,1.0,1.0,1.0,True
EXP-EMBED-FP32-EQUIV-001,GOLD-MODEL-C1-B2-R00495,F077,-0.012294597204927189,-0.012294597,2.0492718806608412e-10,1.6668068473520825e-08,True,1.0,1.0,1.0,1.0,1.0,True
EXP-EMBED-FP32-EQUIV-001,GOLD-MODEL-C1-B2-R00495,F078,-0.001657229994819249,-0.00165722996,3.481924904652489e-11,2.1010511006544125e-08,True,1.0,1.0,1.0,1.0,1.0,True
EXP-EMBED-FP32-EQUIV-001,GOLD-MODEL-C1-B2-R00495,F079,0.11829052595129072,0.118290529,3.0487092850250974e-09,2.5773063907759484e-08,True,1.0,1.0,1.0,1.0,1.0,True
EXP-EMBED-FP32-EQUIV-001,GOLD-MODEL-C1-B2-R00495,F080,-0.3458038742894021,-0.345803887,1.2710597852017003e-08,3.675666699263047e-08,True,1.0,1.0,1.0,1.0,1.0,True
EXP-EMBED-FP32-EQUIV-001,GOLD-MODEL-C1-B2-R00495,F081,-0.29658958652347006,-0.296589583,3.523470071264967e-09,1.1879952066308112e-08,True,1.0,1.0,1.0,1.0,1.0,True
EXP-EMBED-FP32-EQUIV-001,GOLD-MODEL-C1-B2-R00495,F082,-0.3746687901557607,-0.374668747,4.3155760687252354e-08,1.151837618215044e-07,True,1.0,1.0,1.0,1.0,1.0,True
EXP-EMBED-FP32-EQUIV-001,GOLD-MODEL-C1-B2-R00495,F083,-0.07205245586294518,-0.072052449,6.862945170493795e-09,9.524928870638594e-08,True,1.0,1.0,1.0,1.0,1.0,True
EXP-EMBED-FP32-EQUIV-001,GOLD-MODEL-C1-B2-R00495,F084,0.07563456785546324,0.0756345689,1.044536762639936e-09,1.3810309125267077e-08,True,1.0,1.0,1.0,1.0,1.0,True
EXP-EMBED-FP32-EQUIV-001,GOLD-MODEL-C1-B2-R00495,F085,0.006051421237307868,0.00605142163,3.926921314165166e-10,6.489254606761037e-08,True,1.0,1.0,1.0,1.0,1.0,True
EXP-EMBED-FP32-EQUIV-001,GOLD-MODEL-C1-B2-R00495,F086,-0.010648986423771186,-0.0106489863,1.2377118600859216e-10,1.1622813766792311e-08,True,1.0,1.0,1.0,1.0,1.0,True
EXP-EMBED-FP32-EQUIV-001,GOLD-MODEL-C1-B2-R00495,F087,-0.11992513604496903,-0.119925141,4.955030968867291e-09,4.1317701461762566e-08,True,1.0,1.0,1.0,1.0,1.0,True
EXP-EMBED-FP32-EQUIV-001,GOLD-MODEL-C1-B2-R00495,F088,-0.31478821729695594,-0.314788222,4.7030440653017536e-09,1.4940343401942297e-08,True,1.0,1.0,1.0,1.0,1.0,True
EXP-EMBED-FP32-EQUIV-001,GOLD-MODEL-C1-B2-R00495,F089,-0.184608892184687,-0.184608921,2.8815312996810505e-08,1.560884346133392e-07,True,1.0,1.0,1.0,1.0,1.0,True
EXP-EMBED-FP32-EQUIV-001,GOLD-MODEL-C1-B2-R00495,F090,-0.4294577294761583,-0.429457754,2.4523841735124563e-08,5.710420386434336e-08,True,1.0,1.0,1.0,1.0,1.0,True
EXP-EMBED-FP32-EQUIV-001,GOLD-MODEL-C1-B2-R00495,F091,-0.24050388355372387,-0.240503892,8.446276122953122e-09,3.511908414180093e-08,True,1.0,1.0,1.0,1.0,1.0,True
EXP-EMBED-FP32-EQUIV-001,GOLD-MODEL-C1-B2-R00495,F092,-0.04734382032415022,-0.0473438203,2.4150223487673372e-11,5.101029727285078e-10,True,1.0,1.0,1.0,1.0,1.0,True
EXP-EMBED-FP32-EQUIV-001,GOLD-MODEL-C1-B2-R00495,F093,-0.019496265525223055,-0.0194962658,2.747769442534853e-10,1.4093824476179604e-08,True,1.0,1.0,1.0,1.0,1.0,True
EXP-EMBED-FP32-EQUIV-001,GOLD-MODEL-C1-B2-R00495,F094,-0.01448287672980364,-0.0144828772,4.701963610131976e-10,3.246567445027011e-08,True,1.0,1.0,1.0,1.0,1.0,True
EXP-EMBED-FP32-EQUIV-001,GOLD-MODEL-C1-B2-R00495,F095,0.027102780102946415,0.027102774,6.102946415592614e-09,2.251778744620057e-07,True,1.0,1.0,1.0,1.0,1.0,True
EXP-EMBED-FP32-EQUIV-001,GOLD-MODEL-C1-B2-R00495,F096,0.18336872920853484,0.183368698,3.120853483973285e-08,1.7019551247607304e-07,True,1.0,1.0,1.0,1.0,1.0,True
EXP-EMBED-FP32-EQUIV-001,GOLD-MODEL-C1-B2-R00495,F097,0.0387364695666968,0.0387364104,5.916669680583464e-08,1.5274158297766626e-06,True,1.0,1.0,1.0,1.0,1.0,True
EXP-EMBED-FP32-EQUIV-001,GOLD-MODEL-C1-B2-R00495,F098,0.3542509077650781,0.354250908,2.3492185974305357e-10,6.631510451875603e-10,True,1.0,1.0,1.0,1.0,1.0,True
EXP-EMBED-FP32-EQUIV-001,GOLD-MODEL-C1-B2-R00495,F099,2.1531211063948645,2.15312099,1.1639486441339386e-07,5.4058670488945555e-08,True,1.0,1.0,1.0,1.0,1.0,True
EXP-EMBED-FP32-EQUIV-001,GOLD-MODEL-C1-B2-R00495,F100,2.169647723976598,2.16964793,2.060234018941287e-07,9.495707511287712e-08,True,1.0,1.0,1.0,1.0,1.0,True
EXP-EMBED-FP32-EQUIV-001,GOLD-MODEL-C1-B2-R00495,F101,0.03418787904786063,0.0341878869,7.852139369268762e-09,2.2967611878690452e-07,True,1.0,1.0,1.0,1.0,1.0,True
EXP-EMBED-FP32-EQUIV-001,GOLD-MODEL-C1-B2-R00495,F102,0.022841280033325306,0.0228412747,5.333325305695302e-09,2.334950273327068e-07,True,1.0,1.0,1.0,1.0,1.0,True
EXP-EMBED-FP32-EQUIV-001,GOLD-MODEL-C1-B2-R00495,F103,-0.00697233862579872,-0.00697232969,8.93579871989042e-09,1.2816071047993275e-06,True,1.0,1.0,1.0,1.0,1.0,True
EXP-EMBED-FP32-EQUIV-001,GOLD-MODEL-C1-B2-R00495,F104,0.32392124804104305,0.323921233,1.5041043077701488e-08,4.643425884737171e-08,True,1.0,1.0,1.0,1.0,1.0,True
EXP-EMBED-FP32-EQUIV-001,GOLD-MODEL-C1-B2-R00495,F105,0.17161237213883582,0.171612382,9.861164190771987e-09,5.746184886247143e-08,True,1.0,1.0,1.0,1.0,1.0,True
EXP-EMBED-FP32-EQUIV-001,GOLD-MODEL-C1-B2-R00495,F106,0.784714869251962,0.784714878,8.748037960693011e-09,1.1148046638943102e-08,True,1.0,1.0,1.0,1.0,1.0,True
EXP-EMBED-FP32-EQUIV-001,GOLD-MODEL-C1-B2-R00495,F107,2.7897802286059807,2.78978038,1.5139401909891603e-07,5.42673639832073e-08,True,1.0,1.0,1.0,1.0,1.0,True
EXP-EMBED-FP32-EQUIV-001,GOLD-MODEL-C1-B2-R00495,F108,1.4518387098941816,1.45183885,1.4010581828038937e-07,9.650232999408115e-08,True,1.0,1.0,1.0,1.0,1.0,True
EXP-EMBED-FP32-EQUIV-001,GOLD-MODEL-C1-B2-R00495,F109,0.11370164475017333,0.113701634,1.0750173334850288e-08,9.454721045127098e-08,True,1.0,1.0,1.0,1.0,1.0,True
EXP-EMBED-FP32-EQUIV-001,GOLD-MODEL-C1-B2-R00495,F110,0.0961482430415213,0.0961482525,9.458478708590512e-09,9.83739110501052e-08,True,1.0,1.0,1.0,1.0,1.0,True
EXP-EMBED-FP32-EQUIV-001,GOLD-MODEL-C1-B2-R00495,F111,-0.0732719787121562,-0.0732720047,2.5987843807473432e-08,3.546764297108018e-07,True,1.0,1.0,1.0,1.0,1.0,True
EXP-EMBED-FP32-EQUIV-001,GOLD-MODEL-C1-B2-R00495,F112,-0.08371658795321811,-0.0837165713,1.665321811006315e-08,1.9892375593913574e-07,True,1.0,1.0,1.0,1.0,1.0,True
EXP-EMBED-FP32-EQUIV-001,GOLD-MODEL-C1-B2-R00495,F113,0.05262698052274764,0.0526269749,5.622747642486381e-09,1.0684153995983084e-07,True,1.0,1.0,1.0,1.0,1.0,True
EXP-EMBED-FP32-EQUIV-001,GOLD-MODEL-C1-B2-R00495,F114,-0.20520954417130566,-0.205209523,2.1171305653044925e-08,1.0316920559684815e-07,True,1.0,1.0,1.0,1.0,1.0,True
EXP-EMBED-FP32-EQUIV-001,GOLD-MODEL-C1-B2-R00495,F115,0.4747260646047111,0.474726051,1.3604711135428715e-08,2.865802438456147e-08,True,1.0,1.0,1.0,1.0,1.0,True
EXP-EMBED-FP32-EQUIV-001,GOLD-MODEL-C1-B2-R00495,F116,0.6365391021573372,0.636539102,1.5733725433619838e-10,2.4717610246245073e-10,True,1.0,1.0,1.0,1.0,1.0,True
EXP-EMBED-FP32-EQUIV-001,GOLD-MODEL-C1-B2-R00495,F117,0.07113879863265622,0.0711387992,5.673437830644446e-10,7.975166772130529e-09,True,1.0,1.0,1.0,1.0,1.0,True
EXP-EMBED-FP32-EQUIV-001,GOLD-MODEL-C1-B2-R00495,F118,0.034087023269853474,0.0340870172,6.069853474011122e-09,1.7806933230744423e-07,True,1.0,1.0,1.0,1.0,1.0,True
EXP-EMBED-FP32-EQUIV-001,GOLD-MODEL-C1-B2-R00495,F119,0.00673113742116276,0.00673113763,2.088372400357863e-10,3.1025549913629756e-08,True,1.0,1.0,1.0,1.0,1.0,True
EXP-EMBED-FP32-EQUIV-001,GOLD-MODEL-C1-B2-R00495,F120,-0.07519267506412725,-0.0751926824,7.335872756475403e-09,9.756100245428275e-08,True,1.0,1.0,1.0,1.0,1.0,True
EXP-EMBED-FP32-EQUIV-001,GOLD-MODEL-C1-B2-R00495,F121,0.16122514541470867,0.161225155,9.585291338432e-09,5.9452831093911534e-08,True,1.0,1.0,1.0,1.0,1.0,True
EXP-EMBED-FP32-EQUIV-001,GOLD-MODEL-C1-B2-R00495,F122,-0.13905523714313137,-0.139055252,1.485686862423563e-08,1.0684148924893251e-07,True,1.0,1.0,1.0,1.0,1.0,True
EXP-EMBED-FP32-EQUIV-001,GOLD-MODEL-C1-B2-R00495,F123,0.6438533589838229,0.643853307,5.198382291293768e-08,8.073860637301389e-08,True,1.0,1.0,1.0,1.0,1.0,True
EXP-EMBED-FP32-EQUIV-001,GOLD-MODEL-C1-B2-R00495,F124,0.5665163983111947,0.566516399,6.888052350717544e-10,1.2158610714978543e-09,True,1.0,1.0,1.0,1.0,1.0,True
EXP-EMBED-FP32-EQUIV-001,GOLD-MODEL-C1-B2-R00495,F125,0.12768567931343577,0.127685666,1.3313435770490045e-08,1.0426725880362007e-07,True,1.0,1.0,1.0,1.0,1.0,True
EXP-EMBED-FP32-EQUIV-001,GOLD-MODEL-C1-B2-R00495,F126,0.09503671699555834,0.0950367078,9.195558342556254e-09,9.675795453862342e-08,True,1.0,1.0,1.0,1.0,1.0,True
EXP-EMBED-FP32-EQUIV-001,GOLD-MODEL-C1-B2-R00495,F127,0.0020249891352097844,0.00202498888,2.552097842951906e-10,1.2603019930215646e-07,True,1.0,1.0,1.0,1.0,1.0,True
EXP-EMBED-FP32-EQUIV-001,GOLD-MODEL-C1-B2-R00540,F000,0.05431066679956144,0.054310672,5.200438558949916e-09,9.575353913702842e-08,True,1.0,1.0,1.0,1.0,1.0,True
EXP-EMBED-FP32-EQUIV-001,GOLD-MODEL-C1-B2-R00540,F001,-0.05222483325587358,-0.0522248372,3.944126421295824e-09,7.552204909820825e-08,True,1.0,1.0,1.0,1.0,1.0,True
EXP-EMBED-FP32-EQUIV-001,GOLD-MODEL-C1-B2-R00540,F002,0.062489219466448365,0.0624892227,3.2335516347847815e-09,5.174575170555517e-08,True,1.0,1.0,1.0,1.0,1.0,True
EXP-EMBED-FP32-EQUIV-001,GOLD-MODEL-C1-B2-R00540,F003,0.06973927011173164,0.0697392672,2.9117316474591703e-09,4.175167940235375e-08,True,1.0,1.0,1.0,1.0,1.0,True
EXP-EMBED-FP32-EQUIV-001,GOLD-MODEL-C1-B2-R00540,F004,0.05848206025724689,0.0584820546,5.6572468931648245e-09,9.673473999171906e-08,True,1.0,1.0,1.0,1.0,1.0,True
EXP-EMBED-FP32-EQUIV-001,GOLD-MODEL-C1-B2-R00540,F005,0.007470094748390664,0.0074700946,1.4839066347221985e-10,1.986462936152031e-08,True,1.0,1.0,1.0,1.0,1.0,True
EXP-EMBED-FP32-EQUIV-001,GOLD-MODEL-C1-B2-R00540,F006,0.017852224750007674,0.0178522244,3.5000767562021196e-10,1.9605829554664413e-08,True,1.0,1.0,1.0,1.0,1.0,True
EXP-EMBED-FP32-EQUIV-001,GOLD-MODEL-C1-B2-R00540,F007,0.09342760682684902,0.093427591,1.582684901191289e-08,1.6940227358327889e-07,True,1.0,1.0,1.0,1.0,1.0,True
EXP-EMBED-FP32-EQUIV-001,GOLD-MODEL-C1-B2-R00540,F008,0.09665273240213915,0.0966527387,6.297860857817916e-09,6.515967734481276e-08,True,1.0,1.0,1.0,1.0,1.0,True
EXP-EMBED-FP32-EQUIV-001,GOLD-MODEL-C1-B2-R00540,F009,-0.0284072312669996,-0.0284072421,1.0833000399501636e-08,3.8134657678118125e-07,True,1.0,1.0,1.0,1.0,1.0,True
EXP-EMBED-FP32-EQUIV-001,GOLD-MODEL-C1-B2-R00540,F010,0.13171928894108964,0.131719291,2.0589103477686166e-09,1.5631046631973903e-08,True,1.0,1.0,1.0,1.0,1.0,True
EXP-EMBED-FP32-EQUIV-001,GOLD-MODEL-C1-B2-R00540,F011,0.16664127968196374,0.16664128,3.1803626399096174e-10,1.9085082915705915e-09,True,1.0,1.0,1.0,1.0,1.0,True
EXP-EMBED-FP32-EQUIV-001,GOLD-MODEL-C1-B2-R00540,F012,0.1327055276580147,0.132705539,1.1341985323154447e-08,8.546731642093322e-08,True,1.0,1.0,1.0,1.0,1.0,True
EXP-EMBED-FP32-EQUIV-001,GOLD-MODEL-C1-B2-R00540,F013,0.057020739504756744,0.0570207387,8.047567473523642e-10,1.4113404251539571e-08,True,1.0,1.0,1.0,1.0,1.0,True
EXP-EMBED-FP32-EQUIV-001,GOLD-MODEL-C1-B2-R00540,F014,0.0734559069477362,0.0734559074,4.5226380973595326e-10,6.1569426956737255e-09,True,1.0,1.0,1.0,1.0,1.0,True
EXP-EMBED-FP32-EQUIV-001,GOLD-MODEL-C1-B2-R00540,F015,0.13007937719972562,0.130079374,3.1997256233484705e-09,2.459825448299594e-08,True,1.0,1.0,1.0,1.0,1.0,True
EXP-EMBED-FP32-EQUIV-001,GOLD-MODEL-C1-B2-R00540,F016,-0.15363573798603128,-0.153635755,1.7013968733881057e-08,1.1074225930055405e-07,True,1.0,1.0,1.0,1.0,1.0,True
EXP-EMBED-FP32-EQUIV-001,GOLD-MODEL-C1-B2-R00540,F017,0.1244712469074948,0.124471262,1.5092505203928575e-08,1.212529445868338e-07,True,1.0,1.0,1.0,1.0,1.0,True
EXP-EMBED-FP32-EQUIV-001,GOLD-MODEL-C1-B2-R00540,F018,-0.21887512644785173,-0.21887514,1.3552148264706076e-08,6.191726069857899e-08,True,1.0,1.0,1.0,1.0,1.0,True
EXP-EMBED-FP32-EQUIV-001,GOLD-MODEL-C1-B2-R00540,F019,-0.024320464455352242,-0.0243204627,1.7553522420332701e-09,7.217593419137878e-08,True,1.0,1.0,1.0,1.0,1.0,True
EXP-EMBED-FP32-EQUIV-001,GOLD-MODEL-C1-B2-R00540,F020,-0.008677537738348347,-0.00867753755,1.883483473352765e-10,2.1705275507234622e-08,True,1.0,1.0,1.0,1.0,1.0,True
EXP-EMBED-FP32-EQUIV-001,GOLD-MODEL-C1-B2-R00540,F021,0.0017304286175773868,0.00173042761,1.0075773867589816e-09,5.822704135404311e-07,True,1.0,1.0,1.0,1.0,1.0,True
EXP-EMBED-FP32-EQUIV-001,GOLD-MODEL-C1-B2-R00540,F022,2.4263800985368013e-05,2.42639217e-05,1.20714631985443e-10,4.975091580178986e-06,True,1.0,1.0,1.0,1.0,1.0,True
EXP-EMBED-FP32-EQUIV-001,GOLD-MODEL-C1-B2-R00540,F023,-0.008835283797079018,-0.00883528683,3.032920982068421e-09,3.4327374781907034e-07,True,1.0,1.0,1.0,1.0,1.0,True
EXP-EMBED-FP32-EQUIV-001,GOLD-MODEL-C1-B2-R00540,F024,-0.3858688942127882,-0.385868907,1.2787211789433428e-08,3.3138747334170696e-08,True,1.0,1.0,1.0,1.0,1.0,True
EXP-EMBED-FP32-EQUIV-001,GOLD-MODEL-C1-B2-R00540,F025,0.1994397150323271,0.199439719,3.967672884686024e-09,1.9894096238770227e-08,True,1.0,1.0,1.0,1.0,1.0,True
EXP-EMBED-FP32-EQUIV-001,GOLD-MODEL-C1-B2-R00540,F026,-0.42099710289750375,-0.420997143,4.010249626817952e-08,9.525599105593586e-08,True,1.0,1.0,1.0,1.0,1.0,True
EXP-EMBED-FP32-EQUIV-001,GOLD-MODEL-C1-B2-R00540,F027,-0.12824358013082648,-0.12824358,1.308264885313548e-10,1.0201406448408052e-09,True,1.0,1.0,1.0,1.0,1.0,True
EXP-EMBED-FP32-EQUIV-001,GOLD-MODEL-C1-B2-R00540,F028,-0.054516555050266556,-0.0545165576,2.5497334452118103e-09,4.6769892977662454e-08,True,1.0,1.0,1.0,1.0,1.0,True
EXP-EMBED-FP32-EQUIV-001,GOLD-MODEL-C1-B2-R00540,F029,-0.0038435615232112795,-0.00384356198,4.567887205639276e-10,1.188451694620677e-07,True,1.0,1.0,1.0,1.0,1.0,True
EXP-EMBED-FP32-EQUIV-001,GOLD-MODEL-C1-B2-R00540,F030,-0.01016603426980676,-0.0101660322,2.0698067600133374e-09,2.0360021470325824e-07,True,1.0,1.0,1.0,1.0,1.0,True
EXP-EMBED-FP32-EQUIV-001,GOLD-MODEL-C1-B2-R00540,F031,-0.10258414780904755,-0.102584146,1.8090475506493675e-09,1.7634767059885018e-08,True,1.0,1.0,1.0,1.0,1.0,True
EXP-EMBED-FP32-EQUIV-001,GOLD-MODEL-C1-B2-R00540,F032,0.07305332312345703,0.0730533302,7.076542976602873e-09,9.686818715479671e-08,True,1.0,1.0,1.0,1.0,1.0,True
EXP-EMBED-FP32-EQUIV-001,GOLD-MODEL-C1-B2-R00540,F033,-0.1562236385172933,-0.15622358,5.851729328876232e-08,3.745738727131535e-07,True,1.0,1.0,1.0,1.0,1.0,True
EXP-EMBED-FP32-EQUIV-001,GOLD-MODEL-C1-B2-R00540,F034,0.06764330733444342,0.0676433071,2.3444342300837917e-10,3.4658775900657727e-09,True,1.0,1.0,1.0,1.0,1.0,True
EXP-EMBED-FP32-EQUIV-001,GOLD-MODEL-C1-B2-R00540,F035,0.4784543369520118,0.478454292,4.4952011779564316e-08,9.395256413795018e-08,True,1.0,1.0,1.0,1.0,1.0,True
EXP-EMBED-FP32-EQUIV-001,GOLD-MODEL-C1-B2-R00540,F036,-0.3729334121782122,-0.372933388,2.4178212210124173e-08,6.48325181401827e-08,True,1.0,1.0,1.0,1.0,1.0,True
EXP-EMBED-FP32-EQUIV-001,GOLD-MODEL-C1-B2-R00540,F037,-0.01084884683293758,-0.0108488481,1.2670624202626435e-09,1.1679235957279678e-07,True,1.0,1.0,1.0,1.0,1.0,True
EXP-EMBED-FP32-EQUIV-001,GOLD-MODEL-C1-B2-R00540,F038,-0.02010177183858766,-0.0201017726,7.614123428978381e-10,3.787787211056787e-08,True,1.0,1.0,1.0,1.0,1.0,True
EXP-EMBED-FP32-EQUIV-001,GOLD-MODEL-C1-B2-R00540,F039,-0.09960772412459111,-0.0996076986,2.5524591107384254e-08,2.562511224075117e-07,True,1.0,1.0,1.0,1.0,1.0,True
EXP-EMBED-FP32-EQUIV-001,GOLD-MODEL-C1-B2-R00540,F040,0.10634411686524638,0.106344111,5.865246371916655e-09,5.5153463537139375e-08,True,1.0,1.0,1.0,1.0,1.0,True
EXP-EMBED-FP32-EQUIV-001,GOLD-MODEL-C1-B2-R00540,F041,-0.17381303635298115,-0.17381303,6.352981141155567e-09,3.6550659688459004e-08,True,1.0,1.0,1.0,1.0,1.0,True
EXP-EMBED-FP32-EQUIV-001,GOLD-MODEL-C1-B2-R00540,F042,0.13108993578040667,0.131089926,9.780406678983056e-09,7.460837188421968e-08,True,1.0,1.0,1.0,1.0,1.0,True
EXP-EMBED-FP32-EQUIV-001,GOLD-MODEL-C1-B2-R00540,F043,0.4715708436575222,0.47157079,5.365752220320985e-08,1.1378464747107768e-07,True,1.0,1.0,1.0,1.0,1.0,True
EXP-EMBED-FP32-EQUIV-001,GOLD-MODEL-C1-B2-R00540,F044,0.2563197275986512,0.256319731,3.4013488137141223e-09,1.3269945491827298e-08,True,1.0,1.0,1.0,1.0,1.0,True
EXP-EMBED-FP32-EQUIV-001,GOLD-MODEL-C1-B2-R00540,F045,-0.006675715077703711,-0.00667571323,1.8477037113870387e-09,2.7677989397094e-07,True,1.0,1.0,1.0,1.0,1.0,True
EXP-EMBED-FP32-EQUIV-001,GOLD-MODEL-C1-B2-R00540,F046,-0.007581828113364624,-0.00758182956,1.4466353765937856e-09,1.9080297719276642e-07,True,1.0,1.0,1.0,1.0,1.0,True
EXP-EMBED-FP32-EQUIV-001,GOLD-MODEL-C1-B2-R00540,F047,-0.007578735586356559,-0.00757873571,1.2364344097182123e-10,1.631452101250338e-08,True,1.0,1.0,1.0,1.0,1.0,True
EXP-EMBED-FP32-EQUIV-001,GOLD-MODEL-C1-B2-R00540,F048,0.03650555125315215,0.036505539,1.2253152152641444e-08,3.3565174972076115e-07,True,1.0,1.0,1.0,1.0,1.0,True
EXP-EMBED-FP32-EQUIV-001,GOLD-MODEL-C1-B2-R00540,F049,-0.15254187346867834,-0.152541891,1.7531321672148437e-08,1.1492792944979905e-07,True,1.0,1.0,1.0,1.0,1.0,True
EXP-EMBED-FP32-EQUIV-001,GOLD-MODEL-C1-B2-R00540,F050,0.04245849312855774,0.042458497,3.871442257052937e-09,9.118181008757917e-08,True,1.0,1.0,1.0,1.0,1.0,True
EXP-EMBED-FP32-EQUIV-001,GOLD-MODEL-C1-B2-R00540,F051,0.21579057684064232,0.21579057,6.840642330363522e-09,3.1700375570223443e-08,True,1.0,1.0,1.0,1.0,1.0,True
EXP-EMBED-FP32-EQUIV-001,GOLD-MODEL-C1-B2-R00540,F052,0.1504485480342566,0.150448576,2.7965743387703412e-08,1.8588244122725405e-07,True,1.0,1.0,1.0,1.0,1.0,True
EXP-EMBED-FP32-EQUIV-001,GOLD-MODEL-C1-B2-R00540,F053,-0.041507928126667204,-0.0415079109,1.7226667203829038e-08,4.150211292469109e-07,True,1.0,1.0,1.0,1.0,1.0,True
EXP-EMBED-FP32-EQUIV-001,GOLD-MODEL-C1-B2-R00540,F054,-0.041299038207787075,-0.0412990376,6.077870776111105e-10,1.4716736853608135e-08,True,1.0,1.0,1.0,1.0,1.0,True
EXP-EMBED-FP32-EQUIV-001,GOLD-MODEL-C1-B2-R00540,F055,-0.0007657590686219164,-0.000765754841,4.227621916387189e-09,5.520825138898254e-06,True,1.0,1.0,1.0,1.0,1.0,True
EXP-EMBED-FP32-EQUIV-001,GOLD-MODEL-C1-B2-R00540,F056,0.026846965512127473,0.0268469676,2.087872527645196e-09,7.776940476576578e-08,True,1.0,1.0,1.0,1.0,1.0,True
EXP-EMBED-FP32-EQUIV-001,GOLD-MODEL-C1-B2-R00540,F057,-0.06764394842336376,-0.067643933,1.5423363752820052e-08,2.2800803489899368e-07,True,1.0,1.0,1.0,1.0,1.0,True
EXP-EMBED-FP32-EQUIV-001,GOLD-MODEL-C1-B2-R00540,F058,-0.006929794664618286,-0.00692979433,3.346182862046243e-10,4.8286897721962456e-08,True,1.0,1.0,1.0,1.0,1.0,True
EXP-EMBED-FP32-EQUIV-001,GOLD-MODEL-C1-B2-R00540,F059,0.22967200876451038,0.229672015,6.235489624639712e-09,2.7149541026713216e-08,True,1.0,1.0,1.0,1.0,1.0,True
EXP-EMBED-FP32-EQUIV-001,GOLD-MODEL-C1-B2-R00540,F060,0.15044485589938272,0.15044485,5.899382732321712e-09,3.921292421102925e-08,True,1.0,1.0,1.0,1.0,1.0,True
EXP-EMBED-FP32-EQUIV-001,GOLD-MODEL-C1-B2-R00540,F061,-0.01053985307799197,-0.0105398707,1.7622008029877234e-08,1.671940576351425e-06,True,1.0,1.0,1.0,1.0,1.0,True
EXP-EMBED-FP32-EQUIV-001,GOLD-MODEL-C1-B2-R00540,F062,-0.016687270049645316,-0.0166872684,1.6496453161818359e-09,9.885651225599353e-08,True,1.0,1.0,1.0,1.0,1.0,True
EXP-EMBED-FP32-EQUIV-001,GOLD-MODEL-C1-B2-R00540,F063,0.004314654752163715,0.0043146559,1.14783628435422e-09,2.6603201189587705e-07,True,1.0,1.0,1.0,1.0,1.0,True
EXP-EMBED-FP32-EQUIV-001,GOLD-MODEL-C1-B2-R00540,F064,0.163761968408718,0.163761973,4.5912819934823546e-09,2.8036314158262972e-08,True,1.0,1.0,1.0,1.0,1.0,True
EXP-EMBED-FP32-EQUIV-001,GOLD-MODEL-C1-B2-R00540,F065,0.13078833823768,0.130788341,2.7623200116178026e-09,2.112053757115465e-08,True,1.0,1.0,1.0,1.0,1.0,True
EXP-EMBED-FP32-EQUIV-001,GOLD-MODEL-C1-B2-R00540,F066,0.16880568313725086,0.168805674,9.137250872592872e-09,5.412881072945658e-08,True,1.0,1.0,1.0,1.0,1.0,True
EXP-EMBED-FP32-EQUIV-001,GOLD-MODEL-C1-B2-R00540,F067,0.16974075341929618,0.169740751,2.4192961800562074e-09,1.4252889369944207e-08,True,1.0,1.0,1.0,1.0,1.0,True
EXP-EMBED-FP32-EQUIV-001,GOLD-MODEL-C1-B2-R00540,F068,0.13431453538901542,0.134314537,1.610984595723508e-09,1.1994119557184266e-08,True,1.0,1.0,1.0,1.0,1.0,True
EXP-EMBED-FP32-EQUIV-001,GOLD-MODEL-C1-B2-R00540,F069,0.106144375708114,0.106144376,2.9188600148000177e-10,2.7498960687531665e-09,True,1.0,1.0,1.0,1.0,1.0,True
EXP-EMBED-FP32-EQUIV-001,GOLD-MODEL-C1-B2-R00540,F070,0.11170672157924844,0.111706719,2.57924843982682e-09,2.3089465014842603e-08,True,1.0,1.0,1.0,1.0,1.0,True
EXP-EMBED-FP32-EQUIV-001,GOLD-MODEL-C1-B2-R00540,F071,0.1748545930600456,0.174854577,1.6060045598953465e-08,9.184800535058518e-08,True,1.0,1.0,1.0,1.0,1.0,True
EXP-EMBED-FP32-EQUIV-001,GOLD-MODEL-C1-B2-R00540,F072,0.09095543813675101,0.0909554437,5.563248986484304e-09,6.116455596772553e-08,True,1.0,1.0,1.0,1.0,1.0,True
EXP-EMBED-FP32-EQUIV-001,GOLD-MODEL-C1-B2-R00540,F073,0.11413637002935023,0.114136375,4.970649766788959e-09,4.3550095079340216e-08,True,1.0,1.0,1.0,1.0,1.0,True
EXP-EMBED-FP32-EQUIV-001,GOLD-MODEL-C1-B2-R00540,F074,0.1126307297824052,0.112630732,2.2175948022340464e-09,1.9689074256362243e-08,True,1.0,1.0,1.0,1.0,1.0,True
EXP-EMBED-FP32-EQUIV-001,GOLD-MODEL-C1-B2-R00540,F075,0.09662372528044766,0.0966237262,9.195523370530978e-10,9.516837964838582e-09,True,1.0,1.0,1.0,1.0,1.0,True
EXP-EMBED-FP32-EQUIV-001,GOLD-MODEL-C1-B2-R00540,F076,0.09107193100535285,0.0910719261,4.905352846140687e-09,5.386240076376957e-08,True,1.0,1.0,1.0,1.0,1.0,True
EXP-EMBED-FP32-EQUIV-001,GOLD-MODEL-C1-B2-R00540,F077,-0.011379301560079816,-0.0113793015,6.0079816122105e-11,5.279745492717533e-09,True,1.0,1.0,1.0,1.0,1.0,True
EXP-EMBED-FP32-EQUIV-001,GOLD-MODEL-C1-B2-R00540,F078,-0.001522444200583256,-0.00152244419,1.0583255842869232e-11,6.951490135937156e-09,True,1.0,1.0,1.0,1.0,1.0,True
EXP-EMBED-FP32-EQUIV-001,GOLD-MODEL-C1-B2-R00540,F079,0.10752471183622438,0.107524693,1.8836224371931998e-08,1.751804217864102e-07,True,1.0,1.0,1.0,1.0,1.0,True
EXP-EMBED-FP32-EQUIV-001,GOLD-MODEL-C1-B2-R00540,F080,0.0894742126765675,0.0894742161,3.423432509697122e-09,3.8261666767297396e-08,True,1.0,1.0,1.0,1.0,1.0,True
EXP-EMBED-FP32-EQUIV-001,GOLD-MODEL-C1-B2-R00540,F081,0.2338982652667313,0.233898237,2.8266731288972835e-08,1.2085053840283174e-07,True,1.0,1.0,1.0,1.0,1.0,True
EXP-EMBED-FP32-EQUIV-001,GOLD-MODEL-C1-B2-R00540,F082,-0.05090530614641179,-0.050905291,1.5146411791455705e-08,2.9754092329574067e-07,True,1.0,1.0,1.0,1.0,1.0,True
EXP-EMBED-FP32-EQUIV-001,GOLD-MODEL-C1-B2-R00540,F083,-0.005270668219176823,-0.00527066877,5.508231770007255e-10,1.0450727575615706e-07,True,1.0,1.0,1.0,1.0,1.0,True
EXP-EMBED-FP32-EQUIV-001,GOLD-MODEL-C1-B2-R00540,F084,0.0060777383515389,0.00607773615,2.201538899966604e-09,3.622299567090065e-07,True,1.0,1.0,1.0,1.0,1.0,True
EXP-EMBED-FP32-EQUIV-001,GOLD-MODEL-C1-B2-R00540,F085,-0.0018113995318471403,-0.00181139901,5.218471403698605e-10,2.8809057924273435e-07,True,1.0,1.0,1.0,1.0,1.0,True
EXP-EMBED-FP32-EQUIV-001,GOLD-MODEL-C1-B2-R00540,F086,0.0037716842042909943,0.0037716846,3.9570900592714175e-10,1.0491573114126282e-07,True,1.0,1.0,1.0,1.0,1.0,True
EXP-EMBED-FP32-EQUIV-001,GOLD-MODEL-C1-B2-R00540,F087,0.00494377311079139,0.00494378107,7.959208609895074e-09,1.609946175021972e-06,True,1.0,1.0,1.0,1.0,1.0,True
EXP-EMBED-FP32-EQUIV-001,GOLD-MODEL-C1-B2-R00540,F088,-0.13952463745314223,-0.139524654,1.6546857772858914e-08,1.1859452262268726e-07,True,1.0,1.0,1.0,1.0,1.0,True
EXP-EMBED-FP32-EQUIV-001,GOLD-MODEL-C1-B2-R00540,F089,0.16674142993884014,0.166741446,1.6061159846536555e-08,9.632375020669849e-08,True,1.0,1.0,1.0,1.0,1.0,True
EXP-EMBED-FP32-EQUIV-001,GOLD-MODEL-C1-B2-R00540,F090,-0.21844813748897748,-0.218448147,9.51102252511049e-09,4.353904150631818e-08,True,1.0,1.0,1.0,1.0,1.0,True
EXP-EMBED-FP32-EQUIV-001,GOLD-MODEL-C1-B2-R00540,F091,-0.06333150808487734,-0.0633315071,9.848773324661053e-10,1.5551142902615958e-08,True,1.0,1.0,1.0,1.0,1.0,True
EXP-EMBED-FP32-EQUIV-001,GOLD-MODEL-C1-B2-R00540,F092,-0.011579428196033251,-0.0115794279,2.9603325173155337e-10,2.5565446472820227e-08,True,1.0,1.0,1.0,1.0,1.0,True
EXP-EMBED-FP32-EQUIV-001,GOLD-MODEL-C1-B2-R00540,F093,0.0007933481587712195,0.000793347659,4.997712195259005e-10,6.299519498475589e-07,True,1.0,1.0,1.0,1.0,1.0,True
EXP-EMBED-FP32-EQUIV-001,GOLD-MODEL-C1-B2-R00540,F094,0.0009590929194356122,0.000959092926,6.56438781370533e-12,6.844371051731056e-09,True,1.0,1.0,1.0,1.0,1.0,True
EXP-EMBED-FP32-EQUIV-001,GOLD-MODEL-C1-B2-R00540,F095,0.013660426010206022,0.0136604244,1.6102060223371906e-09,1.178737779578886e-07,True,1.0,1.0,1.0,1.0,1.0,True
EXP-EMBED-FP32-EQUIV-001,GOLD-MODEL-C1-B2-R00540,F096,0.3509075214084151,0.350907505,1.6408415071111904e-08,4.6759941209736674e-08,True,1.0,1.0,1.0,1.0,1.0,True
EXP-EMBED-FP32-EQUIV-001,GOLD-MODEL-C1-B2-R00540,F097,-0.027445427637194347,-0.0274454374,9.762805654178752e-09,3.5571701717440503e-07,True,1.0,1.0,1.0,1.0,1.0,True
EXP-EMBED-FP32-EQUIV-001,GOLD-MODEL-C1-B2-R00540,F098,0.4110315440181299,0.411031514,3.0018129926201453e-08,7.303120736854542e-08,True,1.0,1.0,1.0,1.0,1.0,True
EXP-EMBED-FP32-EQUIV-001,GOLD-MODEL-C1-B2-R00540,F099,0.9208717897842085,0.920871794,4.215791493678012e-09,4.578043914957928e-09,True,1.0,1.0,1.0,1.0,1.0,True
EXP-EMBED-FP32-EQUIV-001,GOLD-MODEL-C1-B2-R00540,F100,0.6751225763893949,0.675122559,1.73893949240167e-08,2.5757389150006595e-08,True,1.0,1.0,1.0,1.0,1.0,True
EXP-EMBED-FP32-EQUIV-001,GOLD-MODEL-C1-B2-R00540,F101,0.06900970369403686,0.0690097064,2.7059631341197488e-09,3.9211342597802975e-08,True,1.0,1.0,1.0,1.0,1.0,True
EXP-EMBED-FP32-EQUIV-001,GOLD-MODEL-C1-B2-R00540,F102,0.05267634214354273,0.052676335,7.14354272957074e-09,1.356119737795124e-07,True,1.0,1.0,1.0,1.0,1.0,True
EXP-EMBED-FP32-EQUIV-001,GOLD-MODEL-C1-B2-R00540,F103,-0.10622927076018542,-0.106229253,1.776018541954638e-08,1.671873043319702e-07,True,1.0,1.0,1.0,1.0,1.0,True
EXP-EMBED-FP32-EQUIV-001,GOLD-MODEL-C1-B2-R00540,F104,0.7197419116147024,0.719742,8.838529763632863e-08,1.2280137672966822e-07,True,1.0,1.0,1.0,1.0,1.0,True
EXP-EMBED-FP32-EQUIV-001,GOLD-MODEL-C1-B2-R00540,F105,0.07786044427097542,0.0778605118,6.752902458051491e-08,8.673084929427787e-07,True,1.0,1.0,1.0,1.0,1.0,True
EXP-EMBED-FP32-EQUIV-001,GOLD-MODEL-C1-B2-R00540,F106,0.9439684536733287,0.943968475,2.1326671317822843e-08,2.259256782875838e-08,True,1.0,1.0,1.0,1.0,1.0,True
EXP-EMBED-FP32-EQUIV-001,GOLD-MODEL-C1-B2-R00540,F107,1.156371921902406,1.15637183,9.190240590761789e-08,7.947478157064259e-08,True,1.0,1.0,1.0,1.0,1.0,True
EXP-EMBED-FP32-EQUIV-001,GOLD-MODEL-C1-B2-R00540,F108,0.47217473703222573,0.472174764,2.696777429145314e-08,5.7113971113648546e-08,True,1.0,1.0,1.0,1.0,1.0,True
EXP-EMBED-FP32-EQUIV-001,GOLD-MODEL-C1-B2-R00540,F109,0.2527577901474428,0.252757758,3.214744281887505e-08,1.2718675376977414e-07,True,1.0,1.0,1.0,1.0,1.0,True
EXP-EMBED-FP32-EQUIV-001,GOLD-MODEL-C1-B2-R00540,F110,0.18225480787413095,0.182254821,1.3125869058328021e-08,7.201932948398829e-08,True,1.0,1.0,1.0,1.0,1.0,True
EXP-EMBED-FP32-EQUIV-001,GOLD-MODEL-C1-B2-R00540,F111,-0.42949155484181567,-0.42949158,2.5158184313589516e-08,5.857666822542163e-08,True,1.0,1.0,1.0,1.0,1.0,True
EXP-EMBED-FP32-EQUIV-001,GOLD-MODEL-C1-B2-R00540,F112,0.02531416819643819,0.0253141765,8.303561810363291e-09,3.2802033019325663e-07,True,1.0,1.0,1.0,1.0,1.0,True
EXP-EMBED-FP32-EQUIV-001,GOLD-MODEL-C1-B2-R00540,F113,-0.06500963425007433,-0.0650096312,3.0500743319894497e-09,4.691726645094857e-08,True,1.0,1.0,1.0,1.0,1.0,True
EXP-EMBED-FP32-EQUIV-001,GOLD-MODEL-C1-B2-R00540,F114,-0.029743150280844757,-0.0297431499,3.808447550379679e-10,1.2804452502236803e-08,True,1.0,1.0,1.0,1.0,1.0,True
EXP-EMBED-FP32-EQUIV-001,GOLD-MODEL-C1-B2-R00540,F115,0.027424753865796958,0.0274247453,8.565796957155092e-09,3.1233815257091537e-07,True,1.0,1.0,1.0,1.0,1.0,True
EXP-EMBED-FP32-EQUIV-001,GOLD-MODEL-C1-B2-R00540,F116,0.027930944245180944,0.027930947,2.754819056899338e-09,9.862964290491683e-08,True,1.0,1.0,1.0,1.0,1.0,True
EXP-EMBED-FP32-EQUIV-001,GOLD-MODEL-C1-B2-R00540,F117,-0.04371121800080303,-0.0437112115,6.500803027831292e-09,1.4872161713068404e-07,True,1.0,1.0,1.0,1.0,1.0,True
EXP-EMBED-FP32-EQUIV-001,GOLD-MODEL-C1-B2-R00540,F118,-0.025908685875577413,-0.0259086844,1.4755774137287236e-09,5.695300104432017e-08,True,1.0,1.0,1.0,1.0,1.0,True
EXP-EMBED-FP32-EQUIV-001,GOLD-MODEL-C1-B2-R00540,F119,-0.001980812850485732,-0.00198081369,8.3951426799872e-10,4.2382311271499253e-07,True,1.0,1.0,1.0,1.0,1.0,True
EXP-EMBED-FP32-EQUIV-001,GOLD-MODEL-C1-B2-R00540,F120,0.014813004262534719,0.0148130031,1.1625347195315383e-09,7.848068487172715e-08,True,1.0,1.0,1.0,1.0,1.0,True
EXP-EMBED-FP32-EQUIV-001,GOLD-MODEL-C1-B2-R00540,F121,-0.18416075462844803,-0.184160769,1.4371551976255503e-08,7.803808148620321e-08,True,1.0,1.0,1.0,1.0,1.0,True
EXP-EMBED-FP32-EQUIV-001,GOLD-MODEL-C1-B2-R00540,F122,-0.02368635374352972,-0.0236863606,6.856470280425242e-09,2.8946921736732857e-07,True,1.0,1.0,1.0,1.0,1.0,True
EXP-EMBED-FP32-EQUIV-001,GOLD-MODEL-C1-B2-R00540,F123,0.04619479909445872,0.0461947992,1.0554127710671324e-10,2.284700424627962e-09,True,1.0,1.0,1.0,1.0,1.0,True
EXP-EMBED-FP32-EQUIV-001,GOLD-MODEL-C1-B2-R00540,F124,0.03686021826500276,0.0368602127,5.565002764162941e-09,1.5097584946876666e-07,True,1.0,1.0,1.0,1.0,1.0,True
EXP-EMBED-FP32-EQUIV-001,GOLD-MODEL-C1-B2-R00540,F125,-0.05551586228082754,-0.0555158556,6.680827543958934e-09,1.203408768139798e-07,True,1.0,1.0,1.0,1.0,1.0,True
EXP-EMBED-FP32-EQUIV-001,GOLD-MODEL-C1-B2-R00540,F126,-0.04645815776691964,-0.0464581437,1.4066919636068764e-08,3.0278685837355917e-07,True,1.0,1.0,1.0,1.0,1.0,True
EXP-EMBED-FP32-EQUIV-001,GOLD-MODEL-C1-B2-R00540,F127,-0.000282531406051991,-0.000282531517,1.1094800897231902e-10,3.9269265857085824e-07,True,1.0,1.0,1.0,1.0,1.0,True
EXP-EMBED-FP32-EQUIV-001,GOLD-MODEL-C1-B2-R00778,F000,0.6209126231002586,0.620912552,7.110025868062309e-08,1.1450928203974126e-07,True,1.0,1.0,1.0,1.0,1.0,True
EXP-EMBED-FP32-EQUIV-001,GOLD-MODEL-C1-B2-R00778,F001,0.03727569369351779,0.0372757055,1.1806482208553959e-08,3.167340708834909e-07,True,1.0,1.0,1.0,1.0,1.0,True
EXP-EMBED-FP32-EQUIV-001,GOLD-MODEL-C1-B2-R00778,F002,0.06819962072968473,0.0681996197,1.0296847263724374e-09,1.5098100478500965e-08,True,1.0,1.0,1.0,1.0,1.0,True
EXP-EMBED-FP32-EQUIV-001,GOLD-MODEL-C1-B2-R00778,F003,0.0018947780493381737,0.00189477799,5.933817369754846e-11,3.131668836794614e-08,True,1.0,1.0,1.0,1.0,1.0,True
EXP-EMBED-FP32-EQUIV-001,GOLD-MODEL-C1-B2-R00778,F004,0.1115175906733647,0.111517601,1.0326635296875608e-08,9.260095411424687e-08,True,1.0,1.0,1.0,1.0,1.0,True
EXP-EMBED-FP32-EQUIV-001,GOLD-MODEL-C1-B2-R00778,F005,0.33328570975241983,0.333285719,9.247580146087842e-09,2.7746704630562694e-08,True,1.0,1.0,1.0,1.0,1.0,True
EXP-EMBED-FP32-EQUIV-001,GOLD-MODEL-C1-B2-R00778,F006,0.37489718655041415,0.374897182,4.550414156589966e-09,1.213776555236445e-08,True,1.0,1.0,1.0,1.0,1.0,True
EXP-EMBED-FP32-EQUIV-001,GOLD-MODEL-C1-B2-R00778,F007,0.5584649488417543,0.558464885,6.384175432749828e-08,1.1431649284329278e-07,True,1.0,1.0,1.0,1.0,1.0,True
EXP-EMBED-FP32-EQUIV-001,GOLD-MODEL-C1-B2-R00778,F008,0.7234037532279656,0.723403692,6.122796558649668e-08,8.46387170557048e-08,True,1.0,1.0,1.0,1.0,1.0,True
EXP-EMBED-FP32-EQUIV-001,GOLD-MODEL-C1-B2-R00778,F009,0.04037015836570562,0.0403701738,1.5434294377281166e-08,3.823193914045324e-07,True,1.0,1.0,1.0,1.0,1.0,True
EXP-EMBED-FP32-EQUIV-001,GOLD-MODEL-C1-B2-R00778,F010,0.01055772739420982,0.0105577279,5.057901788368957e-10,4.7907107273321575e-08,True,1.0,1.0,1.0,1.0,1.0,True
EXP-EMBED-FP32-EQUIV-001,GOLD-MODEL-C1-B2-R00778,F011,-0.09394551067488979,-0.0939455181,7.425110207237573e-09,7.903634941038425e-08,True,1.0,1.0,1.0,1.0,1.0,True
EXP-EMBED-FP32-EQUIV-001,GOLD-MODEL-C1-B2-R00778,F012,0.13914666396269135,0.139146656,7.962691339624683e-09,5.722516884601471e-08,True,1.0,1.0,1.0,1.0,1.0,True
EXP-EMBED-FP32-EQUIV-001,GOLD-MODEL-C1-B2-R00778,F013,0.4241398059422709,0.424139798,7.94227089651045e-09,1.872559657272881e-08,True,1.0,1.0,1.0,1.0,1.0,True
EXP-EMBED-FP32-EQUIV-001,GOLD-MODEL-C1-B2-R00778,F014,0.4670713173720513,0.467071295,2.2372051322605557e-08,4.7898576706616366e-08,True,1.0,1.0,1.0,1.0,1.0,True
EXP-EMBED-FP32-EQUIV-001,GOLD-MODEL-C1-B2-R00778,F015,0.7842842652090036,0.784284234,3.120900360364942e-08,3.97929742927235e-08,True,1.0,1.0,1.0,1.0,1.0,True
EXP-EMBED-FP32-EQUIV-001,GOLD-MODEL-C1-B2-R00778,F016,0.09255904011486997,0.0925590545,1.4385130031602245e-08,1.5541572183278528e-07,True,1.0,1.0,1.0,1.0,1.0,True
EXP-EMBED-FP32-EQUIV-001,GOLD-MODEL-C1-B2-R00778,F017,0.023401972442580618,0.0234019756,3.1574193815053775e-09,1.34921079377068e-07,True,1.0,1.0,1.0,1.0,1.0,True
EXP-EMBED-FP32-EQUIV-001,GOLD-MODEL-C1-B2-R00778,F018,-0.03514045294071504,-0.0351404436,9.340715041716852e-09,2.6581088916171454e-07,True,1.0,1.0,1.0,1.0,1.0,True
EXP-EMBED-FP32-EQUIV-001,GOLD-MODEL-C1-B2-R00778,F019,-0.009724181229013498,-0.00972418301,1.7809865023726834e-09,1.831502787153795e-07,True,1.0,1.0,1.0,1.0,1.0,True
EXP-EMBED-FP32-EQUIV-001,GOLD-MODEL-C1-B2-R00778,F020,-0.0014908085723963156,-0.00149081019,1.6176036844641611e-09,1.085051236232185e-06,True,1.0,1.0,1.0,1.0,1.0,True
EXP-EMBED-FP32-EQUIV-001,GOLD-MODEL-C1-B2-R00778,F021,0.02131992160431247,0.0213199202,1.404312471864344e-09,6.58685570204108e-08,True,1.0,1.0,1.0,1.0,1.0,True
EXP-EMBED-FP32-EQUIV-001,GOLD-MODEL-C1-B2-R00778,F022,0.006646216336075169,0.00664621824,1.9039248302932243e-09,2.864674777375003e-07,True,1.0,1.0,1.0,1.0,1.0,True
EXP-EMBED-FP32-EQUIV-001,GOLD-MODEL-C1-B2-R00778,F023,-0.022350659275212587,-0.0223506633,4.024787413070552e-09,1.800746619377862e-07,True,1.0,1.0,1.0,1.0,1.0,True
EXP-EMBED-FP32-EQUIV-001,GOLD-MODEL-C1-B2-R00778,F024,0.07525269000769813,0.0752526894,6.076981279301563e-10,8.075433952832657e-09,True,1.0,1.0,1.0,1.0,1.0,True
EXP-EMBED-FP32-EQUIV-001,GOLD-MODEL-C1-B2-R00778,F025,0.045056437425119215,0.0450564399,2.474880786418332e-09,5.492846145528968e-08,True,1.0,1.0,1.0,1.0,1.0,True
EXP-EMBED-FP32-EQUIV-001,GOLD-MODEL-C1-B2-R00778,F026,-0.02977538920628315,-0.0297753848,4.406283150848456e-09,1.479840656429992e-07,True,1.0,1.0,1.0,1.0,1.0,True
EXP-EMBED-FP32-EQUIV-001,GOLD-MODEL-C1-B2-R00778,F027,-0.006482597296863115,-0.00648259604,1.2568631153203613e-09,1.9388264576122118e-07,True,1.0,1.0,1.0,1.0,1.0,True
EXP-EMBED-FP32-EQUIV-001,GOLD-MODEL-C1-B2-R00778,F028,-0.001138185839237335,-0.00113818666,8.207626650807293e-10,7.21114809889656e-07,True,1.0,1.0,1.0,1.0,1.0,True
EXP-EMBED-FP32-EQUIV-001,GOLD-MODEL-C1-B2-R00778,F029,0.01585073549872541,0.015850734,1.4987254111364923e-09,9.455242069095203e-08,True,1.0,1.0,1.0,1.0,1.0,True
EXP-EMBED-FP32-EQUIV-001,GOLD-MODEL-C1-B2-R00778,F030,0.003130740662220732,0.00313074025,4.122207319413873e-10,1.3166875714610813e-07,True,1.0,1.0,1.0,1.0,1.0,True
EXP-EMBED-FP32-EQUIV-001,GOLD-MODEL-C1-B2-R00778,F031,0.03830686687798308,0.0383068621,4.777983078629866e-09,1.2472915349221678e-07,True,1.0,1.0,1.0,1.0,1.0,True
EXP-EMBED-FP32-EQUIV-001,GOLD-MODEL-C1-B2-R00778,F032,0.1348633459431873,0.134863347,1.0568126929122457e-09,7.836174355020376e-09,True,1.0,1.0,1.0,1.0,1.0,True
EXP-EMBED-FP32-EQUIV-001,GOLD-MODEL-C1-B2-R00778,F033,0.037402088599385666,0.037402086,2.599385665047471e-09,6.949840937733532e-08,True,1.0,1.0,1.0,1.0,1.0,True
EXP-EMBED-FP32-EQUIV-001,GOLD-MODEL-C1-B2-R00778,F034,-0.3162753000153773,-0.316275299,1.015377282254093e-09,3.2104223194309686e-09,True,1.0,1.0,1.0,1.0,1.0,True
EXP-EMBED-FP32-EQUIV-001,GOLD-MODEL-C1-B2-R00778,F035,-0.5154929733493017,-0.515492916,5.734930164091878e-08,1.1125137413281188e-07,True,1.0,1.0,1.0,1.0,1.0,True
EXP-EMBED-FP32-EQUIV-001,GOLD-MODEL-C1-B2-R00778,F036,-0.3577237905810611,-0.357723832,4.1418938945270156e-08,1.1578469208881014e-07,True,1.0,1.0,1.0,1.0,1.0,True
EXP-EMBED-FP32-EQUIV-001,GOLD-MODEL-C1-B2-R00778,F037,-0.03072259939672038,-0.0307226051,5.703279622876201e-09,1.8563792565953983e-07,True,1.0,1.0,1.0,1.0,1.0,True
EXP-EMBED-FP32-EQUIV-001,GOLD-MODEL-C1-B2-R00778,F038,-0.01591222454843243,-0.0159122217,2.848432430896386e-09,1.7900906452309934e-07,True,1.0,1.0,1.0,1.0,1.0,True
EXP-EMBED-FP32-EQUIV-001,GOLD-MODEL-C1-B2-R00778,F039,-0.018152140755634958,-0.0181521401,6.556349595177036e-10,3.61188781171265e-08,True,1.0,1.0,1.0,1.0,1.0,True
EXP-EMBED-FP32-EQUIV-001,GOLD-MODEL-C1-B2-R00778,F040,0.06692244774703679,0.0669224262,2.1547036793689855e-08,3.219702434545802e-07,True,1.0,1.0,1.0,1.0,1.0,True
EXP-EMBED-FP32-EQUIV-001,GOLD-MODEL-C1-B2-R00778,F041,0.05182948779554536,0.0518294834,4.395545358248931e-09,8.480781009428999e-08,True,1.0,1.0,1.0,1.0,1.0,True
EXP-EMBED-FP32-EQUIV-001,GOLD-MODEL-C1-B2-R00778,F042,-0.16978891563181103,-0.169788897,1.8631811038449797e-08,1.0973514359943889e-07,True,1.0,1.0,1.0,1.0,1.0,True
EXP-EMBED-FP32-EQUIV-001,GOLD-MODEL-C1-B2-R00778,F043,-0.30118122889011045,-0.301181227,1.8901104570367977e-09,6.275658227446927e-09,True,1.0,1.0,1.0,1.0,1.0,True
EXP-EMBED-FP32-EQUIV-001,GOLD-MODEL-C1-B2-R00778,F044,-0.1705039446578288,-0.170503944,6.578288191949611e-10,3.858144282322071e-09,True,1.0,1.0,1.0,1.0,1.0,True
EXP-EMBED-FP32-EQUIV-001,GOLD-MODEL-C1-B2-R00778,F045,-0.008161099040415804,-0.0081610987,3.404158049197248e-10,4.171200511523026e-08,True,1.0,1.0,1.0,1.0,1.0,True
EXP-EMBED-FP32-EQUIV-001,GOLD-MODEL-C1-B2-R00778,F046,-0.0017439214031747439,-0.0017439255,4.096825256209163e-09,2.3492029220761014e-06,True,1.0,1.0,1.0,1.0,1.0,True
EXP-EMBED-FP32-EQUIV-001,GOLD-MODEL-C1-B2-R00778,F047,0.04599615970713439,0.045996163,3.292865612125606e-09,7.159001171167025e-08,True,1.0,1.0,1.0,1.0,1.0,True
EXP-EMBED-FP32-EQUIV-001,GOLD-MODEL-C1-B2-R00778,F048,0.30070068998400956,0.300700694,4.01599042909595e-09,1.335544135036574e-08,True,1.0,1.0,1.0,1.0,1.0,True
EXP-EMBED-FP32-EQUIV-001,GOLD-MODEL-C1-B2-R00778,F049,0.09523409150831309,0.0952341035,1.1991686907353305e-08,1.2591800601475298e-07,True,1.0,1.0,1.0,1.0,1.0,True
EXP-EMBED-FP32-EQUIV-001,GOLD-MODEL-C1-B2-R00778,F050,-0.12173543334639725,-0.121735416,1.7346397249151657e-08,1.4249259046700574e-07,True,1.0,1.0,1.0,1.0,1.0,True
EXP-EMBED-FP32-EQUIV-001,GOLD-MODEL-C1-B2-R00778,F051,-0.06765178843737725,-0.0676517859,2.537377252753714e-09,3.7506432739800664e-08,True,1.0,1.0,1.0,1.0,1.0,True
EXP-EMBED-FP32-EQUIV-001,GOLD-MODEL-C1-B2-R00778,F052,-0.02253710199997741,-0.0225371048,2.800022588789197e-09,1.242405784378135e-07,True,1.0,1.0,1.0,1.0,1.0,True
EXP-EMBED-FP32-EQUIV-001,GOLD-MODEL-C1-B2-R00778,F053,0.05024892012153313,0.0502489284,8.278466863409495e-09,1.6474914970086947e-07,True,1.0,1.0,1.0,1.0,1.0,True
EXP-EMBED-FP32-EQUIV-001,GOLD-MODEL-C1-B2-R00778,F054,0.008490128200797854,0.00849012751,6.907978529480108e-10,8.13648317917147e-08,True,1.0,1.0,1.0,1.0,1.0,True
EXP-EMBED-FP32-EQUIV-001,GOLD-MODEL-C1-B2-R00778,F055,0.014232549395401344,0.0142325507,1.3045986565346501e-09,9.166303381713025e-08,True,1.0,1.0,1.0,1.0,1.0,True
EXP-EMBED-FP32-EQUIV-001,GOLD-MODEL-C1-B2-R00778,F056,0.2923259090732881,0.292325914,4.926711927311089e-09,1.685349048577124e-08,True,1.0,1.0,1.0,1.0,1.0,True
EXP-EMBED-FP32-EQUIV-001,GOLD-MODEL-C1-B2-R00778,F057,0.1013594769699197,0.101359479,2.0300802983097554e-09,2.002851986807528e-08,True,1.0,1.0,1.0,1.0,1.0,True
EXP-EMBED-FP32-EQUIV-001,GOLD-MODEL-C1-B2-R00778,F058,-0.12136571512228175,-0.121365704,1.1122281748376928e-08,9.164269939966734e-08,True,1.0,1.0,1.0,1.0,1.0,True
EXP-EMBED-FP32-EQUIV-001,GOLD-MODEL-C1-B2-R00778,F059,-0.07089120388890888,-0.0708912164,1.2511091121436557e-08,1.7648298286825895e-07,True,1.0,1.0,1.0,1.0,1.0,True
EXP-EMBED-FP32-EQUIV-001,GOLD-MODEL-C1-B2-R00778,F060,-0.024036543027604766,-0.0240365397,3.3276047646524365e-09,1.3843940706576852e-07,True,1.0,1.0,1.0,1.0,1.0,True
EXP-EMBED-FP32-EQUIV-001,GOLD-MODEL-C1-B2-R00778,F061,0.04309651536791478,0.0430965163,9.32085221505563e-10,2.1627855838189126e-08,True,1.0,1.0,1.0,1.0,1.0,True
EXP-EMBED-FP32-EQUIV-001,GOLD-MODEL-C1-B2-R00778,F062,0.0013583179205596107,0.00135831791,1.055961069452993e-11,7.774034734209719e-09,True,1.0,1.0,1.0,1.0,1.0,True
EXP-EMBED-FP32-EQUIV-001,GOLD-MODEL-C1-B2-R00778,F063,-0.02128596179711307,-0.0212859605,1.2971130697314592e-09,6.09374893225347e-08,True,1.0,1.0,1.0,1.0,1.0,True
EXP-EMBED-FP32-EQUIV-001,GOLD-MODEL-C1-B2-R00778,F064,0.2924694137247089,0.292469382,3.1724708915437105e-08,1.084718860389909e-07,True,1.0,1.0,1.0,1.0,1.0,True
EXP-EMBED-FP32-EQUIV-001,GOLD-MODEL-C1-B2-R00778,F065,0.04811552544869821,0.0481155328,7.3513017895265875e-09,1.527844021440585e-07,True,1.0,1.0,1.0,1.0,1.0,True
EXP-EMBED-FP32-EQUIV-001,GOLD-MODEL-C1-B2-R00778,F066,0.0017584740133973946,0.00175847416,1.4660260527245284e-10,8.336921908172797e-08,True,1.0,1.0,1.0,1.0,1.0,True
EXP-EMBED-FP32-EQUIV-001,GOLD-MODEL-C1-B2-R00778,F067,-0.03100293738908306,-0.031002935,2.3890830598560786e-09,7.705989370856637e-08,True,1.0,1.0,1.0,1.0,1.0,True
EXP-EMBED-FP32-EQUIV-001,GOLD-MODEL-C1-B2-R00778,F068,0.05554462353173671,0.0555446185,5.031736714788959e-09,9.058908666315759e-08,True,1.0,1.0,1.0,1.0,1.0,True
EXP-EMBED-FP32-EQUIV-001,GOLD-MODEL-C1-B2-R00778,F069,0.1552277632178297,0.155227751,1.2217829692406923e-08,7.870904945825802e-08,True,1.0,1.0,1.0,1.0,1.0,True
EXP-EMBED-FP32-EQUIV-001,GOLD-MODEL-C1-B2-R00778,F070,0.16940606409858108,0.169406056,8.098581083526568e-09,4.78057330864722e-08,True,1.0,1.0,1.0,1.0,1.0,True
EXP-EMBED-FP32-EQUIV-001,GOLD-MODEL-C1-B2-R00778,F071,0.3402122989019489,0.340212286,1.290194889813634e-08,3.79232289361025e-08,True,1.0,1.0,1.0,1.0,1.0,True
EXP-EMBED-FP32-EQUIV-001,GOLD-MODEL-C1-B2-R00778,F072,0.1866255689472233,0.18662554,2.89472232850585e-08,1.551085601418561e-07,True,1.0,1.0,1.0,1.0,1.0,True
EXP-EMBED-FP32-EQUIV-001,GOLD-MODEL-C1-B2-R00778,F073,0.044020388998860044,0.0440203585,3.049886004163893e-08,6.928348598289019e-07,True,1.0,1.0,1.0,1.0,1.0,True
EXP-EMBED-FP32-EQUIV-001,GOLD-MODEL-C1-B2-R00778,F074,0.0060122208161541854,0.00601221994,8.761541856611155e-10,1.457288766418865e-07,True,1.0,1.0,1.0,1.0,1.0,True
EXP-EMBED-FP32-EQUIV-001,GOLD-MODEL-C1-B2-R00778,F075,-0.010506232417843767,-0.0105062332,7.821562321430608e-10,7.44468807690422e-08,True,1.0,1.0,1.0,1.0,1.0,True
EXP-EMBED-FP32-EQUIV-001,GOLD-MODEL-C1-B2-R00778,F076,0.07365027875150437,0.0736502856,6.848495631706086e-09,9.298668990531417e-08,True,1.0,1.0,1.0,1.0,1.0,True
EXP-EMBED-FP32-EQUIV-001,GOLD-MODEL-C1-B2-R00778,F077,0.09747419977927047,0.0974741951,4.6792704710973965e-09,4.800522068089368e-08,True,1.0,1.0,1.0,1.0,1.0,True
EXP-EMBED-FP32-EQUIV-001,GOLD-MODEL-C1-B2-R00778,F078,0.12821341785149915,0.128213421,3.148500848926261e-09,2.4556718802808572e-08,True,1.0,1.0,1.0,1.0,1.0,True
EXP-EMBED-FP32-EQUIV-001,GOLD-MODEL-C1-B2-R00778,F079,0.2307626867202414,0.23076269,3.2797586035915316e-09,1.421269031924409e-08,True,1.0,1.0,1.0,1.0,1.0,True
EXP-EMBED-FP32-EQUIV-001,GOLD-MODEL-C1-B2-R00778,F080,0.1377088403438259,0.137708858,1.765617407833986e-08,1.2821380264517974e-07,True,1.0,1.0,1.0,1.0,1.0,True
EXP-EMBED-FP32-EQUIV-001,GOLD-MODEL-C1-B2-R00778,F081,0.03617318234257994,0.0361731797,2.6425799395934924e-09,7.305356533375488e-08,True,1.0,1.0,1.0,1.0,1.0,True
EXP-EMBED-FP32-EQUIV-001,GOLD-MODEL-C1-B2-R00778,F082,-0.04956837537721428,-0.04956837,5.377214278012854e-09,1.0848074477108374e-07,True,1.0,1.0,1.0,1.0,1.0,True
EXP-EMBED-FP32-EQUIV-001,GOLD-MODEL-C1-B2-R00778,F083,-0.005459025159597888,-0.00545902504,1.1959788801668703e-10,2.1908286648288063e-08,True,1.0,1.0,1.0,1.0,1.0,True
EXP-EMBED-FP32-EQUIV-001,GOLD-MODEL-C1-B2-R00778,F084,-0.006648515841423904,-0.00664851489,9.51423904070603e-10,1.4310320179170057e-07,True,1.0,1.0,1.0,1.0,1.0,True
EXP-EMBED-FP32-EQUIV-001,GOLD-MODEL-C1-B2-R00778,F085,0.03165284197151996,0.031652838,3.971519960122016e-09,1.254711966683889e-07,True,1.0,1.0,1.0,1.0,1.0,True
EXP-EMBED-FP32-EQUIV-001,GOLD-MODEL-C1-B2-R00778,F086,0.005516241635352361,0.0055162413,3.3535236046433603e-10,6.079363135855718e-08,True,1.0,1.0,1.0,1.0,1.0,True
EXP-EMBED-FP32-EQUIV-001,GOLD-MODEL-C1-B2-R00778,F087,-0.07327099618291788,-0.0732709989,2.7170821148558844e-09,3.708264192386311e-08,True,1.0,1.0,1.0,1.0,1.0,True
EXP-EMBED-FP32-EQUIV-001,GOLD-MODEL-C1-B2-R00778,F088,0.15749974774547332,0.157499745,2.7454733209086868e-09,1.743160455942758e-08,True,1.0,1.0,1.0,1.0,1.0,True
EXP-EMBED-FP32-EQUIV-001,GOLD-MODEL-C1-B2-R00778,F089,0.08504870956848935,0.0850487202,1.0631510644065756e-08,1.2500496125110807e-07,True,1.0,1.0,1.0,1.0,1.0,True
EXP-EMBED-FP32-EQUIV-001,GOLD-MODEL-C1-B2-R00778,F090,-0.056280553728664195,-0.0562805459,7.82866419607453e-09,1.3910069602046792e-07,True,1.0,1.0,1.0,1.0,1.0,True
EXP-EMBED-FP32-EQUIV-001,GOLD-MODEL-C1-B2-R00778,F091,-0.017249838580658233,-0.0172498468,8.219341766230182e-09,4.764880394559925e-07,True,1.0,1.0,1.0,1.0,1.0,True
EXP-EMBED-FP32-EQUIV-001,GOLD-MODEL-C1-B2-R00778,F092,-0.011936335188683499,-0.0119363368,1.6113165021008902e-09,1.3499256485596465e-07,True,1.0,1.0,1.0,1.0,1.0,True
EXP-EMBED-FP32-EQUIV-001,GOLD-MODEL-C1-B2-R00778,F093,0.031064631451021788,0.0310646314,5.102178748939146e-11,1.6424398135814108e-09,True,1.0,1.0,1.0,1.0,1.0,True
EXP-EMBED-FP32-EQUIV-001,GOLD-MODEL-C1-B2-R00778,F094,0.003178289852958964,0.00317829009,2.370410361052233e-10,7.458131481763373e-08,True,1.0,1.0,1.0,1.0,1.0,True
EXP-EMBED-FP32-EQUIV-001,GOLD-MODEL-C1-B2-R00778,F095,-0.09091942354798953,-0.0909194127,1.0847989534434888e-08,1.1931432372873602e-07,True,1.0,1.0,1.0,1.0,1.0,True
EXP-EMBED-FP32-EQUIV-001,GOLD-MODEL-C1-B2-R00778,F096,0.17195499821024082,0.171954975,2.3210240812643335e-08,1.3497857610550714e-07,True,1.0,1.0,1.0,1.0,1.0,True
EXP-EMBED-FP32-EQUIV-001,GOLD-MODEL-C1-B2-R00778,F097,0.08195064831018453,0.0819506496,1.2898154627682956e-09,1.573892933569388e-08,True,1.0,1.0,1.0,1.0,1.0,True
EXP-EMBED-FP32-EQUIV-001,GOLD-MODEL-C1-B2-R00778,F098,-0.35014408513130196,-0.350144088,2.868698056879282e-09,8.192907373556053e-09,True,1.0,1.0,1.0,1.0,1.0,True
EXP-EMBED-FP32-EQUIV-001,GOLD-MODEL-C1-B2-R00778,F099,-0.42852733592671666,-0.428527325,1.0926716642600809e-08,2.5498295503065433e-08,True,1.0,1.0,1.0,1.0,1.0,True
EXP-EMBED-FP32-EQUIV-001,GOLD-MODEL-C1-B2-R00778,F100,-0.3634759988029369,-0.363475978,2.080293692863222e-08,5.723331663478225e-08,True,1.0,1.0,1.0,1.0,1.0,True
EXP-EMBED-FP32-EQUIV-001,GOLD-MODEL-C1-B2-R00778,F101,-0.037564852820450065,-0.0375648513,1.520450064462775e-09,4.047533665924685e-08,True,1.0,1.0,1.0,1.0,1.0,True
EXP-EMBED-FP32-EQUIV-001,GOLD-MODEL-C1-B2-R00778,F102,-0.012049069416202995,-0.0120490687,7.16202994480164e-10,5.944052355753296e-08,True,1.0,1.0,1.0,1.0,1.0,True
EXP-EMBED-FP32-EQUIV-001,GOLD-MODEL-C1-B2-R00778,F103,-0.13743111236198405,-0.1374311,1.236198404752642e-08,8.99504037700416e-08,True,1.0,1.0,1.0,1.0,1.0,True
EXP-EMBED-FP32-EQUIV-001,GOLD-MODEL-C1-B2-R00778,F104,0.13345742625977153,0.133457437,1.0740228484351633e-08,8.047681410733972e-08,True,1.0,1.0,1.0,1.0,1.0,True
EXP-EMBED-FP32-EQUIV-001,GOLD-MODEL-C1-B2-R00778,F105,0.10626496977530951,0.106264964,5.775309508404547e-09,5.43481969704228e-08,True,1.0,1.0,1.0,1.0,1.0,True
EXP-EMBED-FP32-EQUIV-001,GOLD-MODEL-C1-B2-R00778,F106,-0.3189853300131066,-0.318985313,1.7013106590191285e-08,5.3335075282277854e-08,True,1.0,1.0,1.0,1.0,1.0,True
EXP-EMBED-FP32-EQUIV-001,GOLD-MODEL-C1-B2-R00778,F107,-0.3406752556852832,-0.340675205,5.068528319274179e-08,1.487788806110562e-07,True,1.0,1.0,1.0,1.0,1.0,True
EXP-EMBED-FP32-EQUIV-001,GOLD-MODEL-C1-B2-R00778,F108,-0.16817975276488048,-0.168179736,1.6764880483854938e-08,9.968429735589315e-08,True,1.0,1.0,1.0,1.0,1.0,True
EXP-EMBED-FP32-EQUIV-001,GOLD-MODEL-C1-B2-R00778,F109,-0.045613285835977194,-0.0456132926,6.764022807137504e-09,1.4829062811788103e-07,True,1.0,1.0,1.0,1.0,1.0,True
EXP-EMBED-FP32-EQUIV-001,GOLD-MODEL-C1-B2-R00778,F110,-0.03511326671916643,-0.0351132639,2.819166435019671e-09,8.028778574113244e-08,True,1.0,1.0,1.0,1.0,1.0,True
EXP-EMBED-FP32-EQUIV-001,GOLD-MODEL-C1-B2-R00778,F111,0.35508095942101126,0.355081022,6.257898876871337e-08,1.7623864954841163e-07,True,1.0,1.0,1.0,1.0,1.0,True
EXP-EMBED-FP32-EQUIV-001,GOLD-MODEL-C1-B2-R00778,F112,0.3553198416231021,0.355319798,4.362310207506326e-08,1.227713653022944e-07,True,1.0,1.0,1.0,1.0,1.0,True
EXP-EMBED-FP32-EQUIV-001,GOLD-MODEL-C1-B2-R00778,F113,0.0946326597504832,0.0946326628,3.0495168057420585e-09,3.2224781737961116e-08,True,1.0,1.0,1.0,1.0,1.0,True
EXP-EMBED-FP32-EQUIV-001,GOLD-MODEL-C1-B2-R00778,F114,-0.1060428152950141,-0.106042817,1.7049859024620417e-09,1.6078278360667085e-08,True,1.0,1.0,1.0,1.0,1.0,True
EXP-EMBED-FP32-EQUIV-001,GOLD-MODEL-C1-B2-R00778,F115,-0.0381129773059365,-0.0381129682,9.10593649788849e-09,2.3891957914476924e-07,True,1.0,1.0,1.0,1.0,1.0,True
EXP-EMBED-FP32-EQUIV-001,GOLD-MODEL-C1-B2-R00778,F116,-0.021081475215807204,-0.0210814793,4.084192796460773e-09,1.9373372852950936e-07,True,1.0,1.0,1.0,1.0,1.0,True
EXP-EMBED-FP32-EQUIV-001,GOLD-MODEL-C1-B2-R00778,F117,0.07234425736141505,0.0723442659,8.538584950201766e-09,1.1802712836687211e-07,True,1.0,1.0,1.0,1.0,1.0,True
EXP-EMBED-FP32-EQUIV-001,GOLD-MODEL-C1-B2-R00778,F118,0.019271769100029836,0.0192717668,2.3000298367270577e-09,1.193471042948256e-07,True,1.0,1.0,1.0,1.0,1.0,True
EXP-EMBED-FP32-EQUIV-001,GOLD-MODEL-C1-B2-R00778,F119,0.057113360565993324,0.0571133606,3.4006679416886954e-11,5.954242418915786e-10,True,1.0,1.0,1.0,1.0,1.0,True
EXP-EMBED-FP32-EQUIV-001,GOLD-MODEL-C1-B2-R00778,F120,0.4150333024589905,0.41503334,3.75410094677342e-08,9.045300520539224e-08,True,1.0,1.0,1.0,1.0,1.0,True
EXP-EMBED-FP32-EQUIV-001,GOLD-MODEL-C1-B2-R00778,F121,0.13066239730190032,0.130662397,3.0190031030663533e-10,2.310537052286615e-09,True,1.0,1.0,1.0,1.0,1.0,True
EXP-EMBED-FP32-EQUIV-001,GOLD-MODEL-C1-B2-R00778,F122,-0.14823614689611495,-0.148236156,9.103885062478057e-09,6.141474433262307e-08,True,1.0,1.0,1.0,1.0,1.0,True
EXP-EMBED-FP32-EQUIV-001,GOLD-MODEL-C1-B2-R00778,F123,-0.06478371955316968,-0.0647837147,4.853169685570258e-09,7.49134152692041e-08,True,1.0,1.0,1.0,1.0,1.0,True
EXP-EMBED-FP32-EQUIV-001,GOLD-MODEL-C1-B2-R00778,F124,-0.05190089980070881,-0.0519009009,1.0992911858576093e-09,2.1180580492413665e-08,True,1.0,1.0,1.0,1.0,1.0,True
EXP-EMBED-FP32-EQUIV-001,GOLD-MODEL-C1-B2-R00778,F125,0.07224903530664398,0.07224904,4.693356023266482e-09,6.496081232568213e-08,True,1.0,1.0,1.0,1.0,1.0,True
EXP-EMBED-FP32-EQUIV-001,GOLD-MODEL-C1-B2-R00778,F126,0.013894170254724019,0.0138941705,2.4527598181667276e-10,1.7653157930267834e-08,True,1.0,1.0,1.0,1.0,1.0,True
EXP-EMBED-FP32-EQUIV-001,GOLD-MODEL-C1-B2-R00778,F127,-0.12392324706640707,-0.123923227,2.006640707763463e-08,1.61926091775836e-07,True,1.0,1.0,1.0,1.0,1.0,True
EXP-EMBED-FP32-EQUIV-001,GOLD-MODEL-C1-B6-R00000,F000,0.22223736895372648,0.222237363,5.953726484042576e-09,2.6789943167848795e-08,True,1.0,1.0,1.0,1.0,1.0,True
EXP-EMBED-FP32-EQUIV-001,GOLD-MODEL-C1-B6-R00000,F001,-0.08477555922259719,-0.0847755149,4.432259718967213e-08,5.228228229470387e-07,True,1.0,1.0,1.0,1.0,1.0,True
EXP-EMBED-FP32-EQUIV-001,GOLD-MODEL-C1-B6-R00000,F002,0.14412998904896815,0.144129992,2.951031863318576e-09,2.0474794196480257e-08,True,1.0,1.0,1.0,1.0,1.0,True
EXP-EMBED-FP32-EQUIV-001,GOLD-MODEL-C1-B6-R00000,F003,0.12694118584313832,0.126941174,1.1843138331135705e-08,9.3296263560751e-08,True,1.0,1.0,1.0,1.0,1.0,True
EXP-EMBED-FP32-EQUIV-001,GOLD-MODEL-C1-B6-R00000,F004,0.10654309352517677,0.106543094,4.748232362850047e-10,4.4566308389834874e-09,True,1.0,1.0,1.0,1.0,1.0,True
EXP-EMBED-FP32-EQUIV-001,GOLD-MODEL-C1-B6-R00000,F005,0.19150110196919248,0.191501096,5.969192473642693e-09,3.117053851002372e-08,True,1.0,1.0,1.0,1.0,1.0,True
EXP-EMBED-FP32-EQUIV-001,GOLD-MODEL-C1-B6-R00000,F006,0.1546703267984028,0.154670343,1.6201597174969606e-08,1.0474922701939303e-07,True,1.0,1.0,1.0,1.0,1.0,True
EXP-EMBED-FP32-EQUIV-001,GOLD-MODEL-C1-B6-R00000,F007,0.05054263809723268,0.050542634,4.097232678135221e-09,8.106487576396518e-08,True,1.0,1.0,1.0,1.0,1.0,True
EXP-EMBED-FP32-EQUIV-001,GOLD-MODEL-C1-B6-R00000,F008,0.26067229331621633,0.260672301,7.683783664891308e-09,2.9476794664825632e-08,True,1.0,1.0,1.0,1.0,1.0,True
EXP-EMBED-FP32-EQUIV-001,GOLD-MODEL-C1-B6-R00000,F009,-0.3139936946916484,-0.313993692,2.6916484041628053e-09,8.5723008126201e-09,True,1.0,1.0,1.0,1.0,1.0,True
EXP-EMBED-FP32-EQUIV-001,GOLD-MODEL-C1-B6-R00000,F010,0.15682984528162583,0.156829849,3.7183741641300116e-09,2.3709608062500946e-08,True,1.0,1.0,1.0,1.0,1.0,True
EXP-EMBED-FP32-EQUIV-001,GOLD-MODEL-C1-B6-R00000,F011,0.12002393840065761,0.120023936,2.400657617140922e-09,2.000149011214057e-08,True,1.0,1.0,1.0,1.0,1.0,True
EXP-EMBED-FP32-EQUIV-001,GOLD-MODEL-C1-B6-R00000,F012,0.09766394077191419,0.0976639464,5.628085816833384e-09,5.762706043141653e-08,True,1.0,1.0,1.0,1.0,1.0,True
EXP-EMBED-FP32-EQUIV-001,GOLD-MODEL-C1-B6-R00000,F013,0.24988337583989007,0.249883369,6.839890070997612e-09,2.737232938368895e-08,True,1.0,1.0,1.0,1.0,1.0,True
EXP-EMBED-FP32-EQUIV-001,GOLD-MODEL-C1-B6-R00000,F014,0.21384606449997334,0.213846073,8.500026654756354e-09,3.974834269048432e-08,True,1.0,1.0,1.0,1.0,1.0,True
EXP-EMBED-FP32-EQUIV-001,GOLD-MODEL-C1-B6-R00000,F015,0.06891287058928072,0.0689128712,6.107192807025541e-10,8.862194761011022e-09,True,1.0,1.0,1.0,1.0,1.0,True
EXP-EMBED-FP32-EQUIV-001,GOLD-MODEL-C1-B6-R00000,F016,0.3601292771558716,0.360129327,4.984412838027197e-08,1.3840621005300374e-07,True,1.0,1.0,1.0,1.0,1.0,True
EXP-EMBED-FP32-EQUIV-001,GOLD-MODEL-C1-B6-R00000,F017,0.4871203487595411,0.487120301,4.775954109970115e-08,9.804464383662375e-08,True,1.0,1.0,1.0,1.0,1.0,True
EXP-EMBED-FP32-EQUIV-001,GOLD-MODEL-C1-B6-R00000,F018,1.5505608796422323,1.55056083,4.964223232484244e-08,3.201566154325821e-08,True,1.0,1.0,1.0,1.0,1.0,True
EXP-EMBED-FP32-EQUIV-001,GOLD-MODEL-C1-B6-R00000,F019,1.5671781188614289,1.56717801,1.0886142898236528e-07,6.946334157693207e-08,True,1.0,1.0,1.0,1.0,1.0,True
EXP-EMBED-FP32-EQUIV-001,GOLD-MODEL-C1-B6-R00000,F020,0.8780267303699795,0.878026664,6.636997951225965e-08,7.558993048456841e-08,True,1.0,1.0,1.0,1.0,1.0,True
EXP-EMBED-FP32-EQUIV-001,GOLD-MODEL-C1-B6-R00000,F021,0.9875273719624292,0.98752743,5.8037570749291945e-08,5.877059451421464e-08,True,1.0,1.0,1.0,1.0,1.0,True
EXP-EMBED-FP32-EQUIV-001,GOLD-MODEL-C1-B6-R00000,F022,0.9887505642918383,0.988750577,1.2708161745145219e-08,1.2852747906391378e-08,True,1.0,1.0,1.0,1.0,1.0,True
EXP-EMBED-FP32-EQUIV-001,GOLD-MODEL-C1-B6-R00000,F023,0.29979440813869235,0.299794406,2.1386923343413855e-09,7.133863328604759e-09,True,1.0,1.0,1.0,1.0,1.0,True
EXP-EMBED-FP32-EQUIV-001,GOLD-MODEL-C1-B6-R00000,F024,-0.017547038548228006,-0.0175470393,7.517719953498148e-10,4.28432406575942e-08,True,1.0,1.0,1.0,1.0,1.0,True
EXP-EMBED-FP32-EQUIV-001,GOLD-MODEL-C1-B6-R00000,F025,0.3854994006751093,0.385499388,1.2675109295479103e-08,3.287971206513345e-08,True,1.0,1.0,1.0,1.0,1.0,True
EXP-EMBED-FP32-EQUIV-001,GOLD-MODEL-C1-B6-R00000,F026,1.377281507521804,1.37728179,2.8247819616744607e-07,2.0509837286330813e-07,True,1.0,1.0,1.0,1.0,1.0,True
EXP-EMBED-FP32-EQUIV-001,GOLD-MODEL-C1-B6-R00000,F027,1.364704709167195,1.36470473,2.08328048145745e-08,1.5265430444134413e-08,True,1.0,1.0,1.0,1.0,1.0,True
EXP-EMBED-FP32-EQUIV-001,GOLD-MODEL-C1-B6-R00000,F028,0.6652978292967389,0.665297866,3.670326109705968e-08,5.516816601650017e-08,True,1.0,1.0,1.0,1.0,1.0,True
EXP-EMBED-FP32-EQUIV-001,GOLD-MODEL-C1-B6-R00000,F029,1.0718342878949858,1.07183421,7.789498579491294e-08,7.267446719575815e-08,True,1.0,1.0,1.0,1.0,1.0,True
EXP-EMBED-FP32-EQUIV-001,GOLD-MODEL-C1-B6-R00000,F030,1.158459868974763,1.15845978,8.897476289071449e-08,7.680435487977427e-08,True,1.0,1.0,1.0,1.0,1.0,True
EXP-EMBED-FP32-EQUIV-001,GOLD-MODEL-C1-B6-R00000,F031,1.1272348517600652,1.12723482,3.176006524441277e-08,2.8175198091881726e-08,True,1.0,1.0,1.0,1.0,1.0,True
EXP-EMBED-FP32-EQUIV-001,GOLD-MODEL-C1-B6-R00000,F032,-0.08100736982516808,-0.0810073689,9.251680810340446e-10,1.1420789034760208e-08,True,1.0,1.0,1.0,1.0,1.0,True
EXP-EMBED-FP32-EQUIV-001,GOLD-MODEL-C1-B6-R00000,F033,0.31623606462232123,0.316235989,7.562232123836665e-08,2.3913250162874977e-07,True,1.0,1.0,1.0,1.0,1.0,True
EXP-EMBED-FP32-EQUIV-001,GOLD-MODEL-C1-B6-R00000,F034,-0.00424228358026462,-0.00424228376,1.797353802249213e-10,4.2367601510908424e-08,True,1.0,1.0,1.0,1.0,1.0,True
EXP-EMBED-FP32-EQUIV-001,GOLD-MODEL-C1-B6-R00000,F035,-0.17339305725470705,-0.173393026,3.125470704468114e-08,1.8025350922078328e-07,True,1.0,1.0,1.0,1.0,1.0,True
EXP-EMBED-FP32-EQUIV-001,GOLD-MODEL-C1-B6-R00000,F036,0.485241355769276,0.485241443,8.723072397742726e-08,1.797677031034098e-07,True,1.0,1.0,1.0,1.0,1.0,True
EXP-EMBED-FP32-EQUIV-001,GOLD-MODEL-C1-B6-R00000,F037,-0.002980886653615694,-0.00298089511,8.456384305906978e-09,2.836868787228031e-06,True,1.0,1.0,1.0,1.0,1.0,True
EXP-EMBED-FP32-EQUIV-001,GOLD-MODEL-C1-B6-R00000,F038,-0.007583519708945631,-0.00758351944,2.689456305229876e-10,3.5464486260348926e-08,True,1.0,1.0,1.0,1.0,1.0,True
EXP-EMBED-FP32-EQUIV-001,GOLD-MODEL-C1-B6-R00000,F039,-0.13308898566664307,-0.133088976,9.666643069339287e-09,7.263293067355685e-08,True,1.0,1.0,1.0,1.0,1.0,True
EXP-EMBED-FP32-EQUIV-001,GOLD-MODEL-C1-B6-R00000,F040,-0.030191931839788168,-0.0301919095,2.2339788168651564e-08,7.399257618623553e-07,True,1.0,1.0,1.0,1.0,1.0,True
EXP-EMBED-FP32-EQUIV-001,GOLD-MODEL-C1-B6-R00000,F041,0.2932799538539763,0.293279916,3.785397634237242e-08,1.2907113440566027e-07,True,1.0,1.0,1.0,1.0,1.0,True
EXP-EMBED-FP32-EQUIV-001,GOLD-MODEL-C1-B6-R00000,F042,0.0017303168960889558,0.00173031678,1.160889557226541e-10,6.709115306280056e-08,True,1.0,1.0,1.0,1.0,1.0,True
EXP-EMBED-FP32-EQUIV-001,GOLD-MODEL-C1-B6-R00000,F043,-0.19198857912004733,-0.191988572,7.120047329500778e-09,3.708578584275437e-08,True,1.0,1.0,1.0,1.0,1.0,True
EXP-EMBED-FP32-EQUIV-001,GOLD-MODEL-C1-B6-R00000,F044,-0.24824177362518657,-0.248241782,8.374813426081928e-09,3.3736519457546375e-08,True,1.0,1.0,1.0,1.0,1.0,True
EXP-EMBED-FP32-EQUIV-001,GOLD-MODEL-C1-B6-R00000,F045,0.013543700641425802,0.0135437008,1.5857419891074365e-10,1.170833608251178e-08,True,1.0,1.0,1.0,1.0,1.0,True
EXP-EMBED-FP32-EQUIV-001,GOLD-MODEL-C1-B6-R00000,F046,0.007770559802664513,0.00777056161,1.8073354869987956e-09,2.3258755262124912e-07,True,1.0,1.0,1.0,1.0,1.0,True
EXP-EMBED-FP32-EQUIV-001,GOLD-MODEL-C1-B6-R00000,F047,-0.05984012305823799,-0.0598401204,2.658237990837975e-09,4.442233496496836e-08,True,1.0,1.0,1.0,1.0,1.0,True
EXP-EMBED-FP32-EQUIV-001,GOLD-MODEL-C1-B6-R00000,F048,0.05987317355685513,0.0598731749,1.3431448661616052e-09,2.2433166414440426e-08,True,1.0,1.0,1.0,1.0,1.0,True
EXP-EMBED-FP32-EQUIV-001,GOLD-MODEL-C1-B6-R00000,F049,0.28437987049873936,0.28437981,6.049873935154437e-08,2.1273917610779896e-07,True,1.0,1.0,1.0,1.0,1.0,True
EXP-EMBED-FP32-EQUIV-001,GOLD-MODEL-C1-B6-R00000,F050,1.2802658172837225,1.28026569,1.2728372245085495e-07,9.941976168738662e-08,True,1.0,1.0,1.0,1.0,1.0,True
EXP-EMBED-FP32-EQUIV-001,GOLD-MODEL-C1-B6-R00000,F051,0.9483210999125625,0.948321044,5.591256257986288e-08,5.8959526035029856e-08,True,1.0,1.0,1.0,1.0,1.0,True
EXP-EMBED-FP32-EQUIV-001,GOLD-MODEL-C1-B6-R00000,F052,0.26467541820363794,0.264675438,1.979636204962887e-08,7.479486453251883e-08,True,1.0,1.0,1.0,1.0,1.0,True
EXP-EMBED-FP32-EQUIV-001,GOLD-MODEL-C1-B6-R00000,F053,0.6277647763333505,0.627764821,4.4666649490210375e-08,7.115188869165201e-08,True,1.0,1.0,1.0,1.0,1.0,True
EXP-EMBED-FP32-EQUIV-001,GOLD-MODEL-C1-B6-R00000,F054,0.7229296726879594,0.722929597,7.568795934442818e-08,1.046961581518838e-07,True,1.0,1.0,1.0,1.0,1.0,True
EXP-EMBED-FP32-EQUIV-001,GOLD-MODEL-C1-B6-R00000,F055,0.5143161718404058,0.514316201,2.9159594183703064e-08,5.669585321293648e-08,True,1.0,1.0,1.0,1.0,1.0,True
EXP-EMBED-FP32-EQUIV-001,GOLD-MODEL-C1-B6-R00000,F056,-0.05754217955005288,-0.0575421751,4.450052874804822e-09,7.733549388642739e-08,True,1.0,1.0,1.0,1.0,1.0,True
EXP-EMBED-FP32-EQUIV-001,GOLD-MODEL-C1-B6-R00000,F057,0.3188077775931548,0.31880784,6.240684519154271e-08,1.95750698626879e-07,True,1.0,1.0,1.0,1.0,1.0,True
EXP-EMBED-FP32-EQUIV-001,GOLD-MODEL-C1-B6-R00000,F058,1.2918177501875696,1.29181767,8.01875696954113e-08,6.207343852007623e-08,True,1.0,1.0,1.0,1.0,1.0,True
EXP-EMBED-FP32-EQUIV-001,GOLD-MODEL-C1-B6-R00000,F059,0.6585417113965168,0.658541739,2.7603483165883347e-08,4.1916074089440505e-08,True,1.0,1.0,1.0,1.0,1.0,True
EXP-EMBED-FP32-EQUIV-001,GOLD-MODEL-C1-B6-R00000,F060,0.2971142178096125,0.297114253,3.5190387492889386e-08,1.1844060426431359e-07,True,1.0,1.0,1.0,1.0,1.0,True
EXP-EMBED-FP32-EQUIV-001,GOLD-MODEL-C1-B6-R00000,F061,0.7536072224854241,0.753607154,6.848542410953229e-08,9.087681495894487e-08,True,1.0,1.0,1.0,1.0,1.0,True
EXP-EMBED-FP32-EQUIV-001,GOLD-MODEL-C1-B6-R00000,F062,0.875790528610239,0.875790596,6.738976099374128e-08,7.694735075598465e-08,True,1.0,1.0,1.0,1.0,1.0,True
EXP-EMBED-FP32-EQUIV-001,GOLD-MODEL-C1-B6-R00000,F063,0.3905781163884916,0.390578151,3.461150838157678e-08,8.861609734210038e-08,True,1.0,1.0,1.0,1.0,1.0,True
EXP-EMBED-FP32-EQUIV-001,GOLD-MODEL-C1-B6-R00000,F064,0.27485012351391835,0.2748501,2.351391836796779e-08,8.555178388623518e-08,True,1.0,1.0,1.0,1.0,1.0,True
EXP-EMBED-FP32-EQUIV-001,GOLD-MODEL-C1-B6-R00000,F065,0.20619769123933623,0.206197709,1.776066377301433e-08,8.613415439457711e-08,True,1.0,1.0,1.0,1.0,1.0,True
EXP-EMBED-FP32-EQUIV-001,GOLD-MODEL-C1-B6-R00000,F066,0.16532967410005256,0.16532968,5.8999474472631874e-09,3.568595582963961e-08,True,1.0,1.0,1.0,1.0,1.0,True
EXP-EMBED-FP32-EQUIV-001,GOLD-MODEL-C1-B6-R00000,F067,0.1376289817387218,0.137628987,5.261278218648968e-09,3.822798186966977e-08,True,1.0,1.0,1.0,1.0,1.0,True
EXP-EMBED-FP32-EQUIV-001,GOLD-MODEL-C1-B6-R00000,F068,0.12162845426400774,0.121628463,8.735992262920433e-09,7.182523461128607e-08,True,1.0,1.0,1.0,1.0,1.0,True
EXP-EMBED-FP32-EQUIV-001,GOLD-MODEL-C1-B6-R00000,F069,0.26969046963833215,0.269690454,1.563833212925303e-08,5.7986224541878633e-08,True,1.0,1.0,1.0,1.0,1.0,True
EXP-EMBED-FP32-EQUIV-001,GOLD-MODEL-C1-B6-R00000,F070,0.23298578397046324,0.232985795,1.1029536756135272e-08,4.7339955975741167e-08,True,1.0,1.0,1.0,1.0,1.0,True
EXP-EMBED-FP32-EQUIV-001,GOLD-MODEL-C1-B6-R00000,F071,0.08119081555178423,0.0811908096,5.9517842321277215e-09,7.33061269514114e-08,True,1.0,1.0,1.0,1.0,1.0,True
EXP-EMBED-FP32-EQUIV-001,GOLD-MODEL-C1-B6-R00000,F072,0.2901146282166052,0.290114671,4.278339477137294e-08,1.474706568033861e-07,True,1.0,1.0,1.0,1.0,1.0,True
EXP-EMBED-FP32-EQUIV-001,GOLD-MODEL-C1-B6-R00000,F073,0.283804111964074,0.283804089,2.296407403123979e-08,8.091522660583137e-08,True,1.0,1.0,1.0,1.0,1.0,True
EXP-EMBED-FP32-EQUIV-001,GOLD-MODEL-C1-B6-R00000,F074,0.19101149868832526,0.191011503,4.3116747394655874e-09,2.257285435208786e-08,True,1.0,1.0,1.0,1.0,1.0,True
EXP-EMBED-FP32-EQUIV-001,GOLD-MODEL-C1-B6-R00000,F075,0.16780208392401105,0.167802095,1.1075988959330374e-08,6.600626583604362e-08,True,1.0,1.0,1.0,1.0,1.0,True
EXP-EMBED-FP32-EQUIV-001,GOLD-MODEL-C1-B6-R00000,F076,0.1568700447087024,0.156870037,7.708702398634415e-09,4.914069102835395e-08,True,1.0,1.0,1.0,1.0,1.0,True
EXP-EMBED-FP32-EQUIV-001,GOLD-MODEL-C1-B6-R00000,F077,0.2995860234289585,0.299586028,4.571041489764838e-09,1.5257859620573317e-08,True,1.0,1.0,1.0,1.0,1.0,True
EXP-EMBED-FP32-EQUIV-001,GOLD-MODEL-C1-B6-R00000,F078,0.25514682234680724,0.255146801,2.1346807266287016e-08,8.366479766411301e-08,True,1.0,1.0,1.0,1.0,1.0,True
EXP-EMBED-FP32-EQUIV-001,GOLD-MODEL-C1-B6-R00000,F079,0.09182834024255741,0.0918283314,8.842557408517138e-09,9.629442702721415e-08,True,1.0,1.0,1.0,1.0,1.0,True
EXP-EMBED-FP32-EQUIV-001,GOLD-MODEL-C1-B6-R00000,F080,0.24826282873251548,0.248262808,2.0732515482180247e-08,8.351034904431051e-08,True,1.0,1.0,1.0,1.0,1.0,True
EXP-EMBED-FP32-EQUIV-001,GOLD-MODEL-C1-B6-R00000,F081,0.34903682450594536,0.349036813,1.1505945363143866e-08,3.296484655861255e-08,True,1.0,1.0,1.0,1.0,1.0,True
EXP-EMBED-FP32-EQUIV-001,GOLD-MODEL-C1-B6-R00000,F082,1.307943494682944,1.30794346,3.46829440722729e-08,2.6517157823152235e-08,True,1.0,1.0,1.0,1.0,1.0,True
EXP-EMBED-FP32-EQUIV-001,GOLD-MODEL-C1-B6-R00000,F083,1.3312772710256902,1.33127725,2.1025690077891568e-08,1.579362206168532e-08,True,1.0,1.0,1.0,1.0,1.0,True
EXP-EMBED-FP32-EQUIV-001,GOLD-MODEL-C1-B6-R00000,F084,0.7320451754340377,0.732045174,1.4340376663923848e-09,1.9589469537069595e-09,True,1.0,1.0,1.0,1.0,1.0,True
EXP-EMBED-FP32-EQUIV-001,GOLD-MODEL-C1-B6-R00000,F085,0.8100219763013747,0.810022056,7.969862525492033e-08,9.83906950510536e-08,True,1.0,1.0,1.0,1.0,1.0,True
EXP-EMBED-FP32-EQUIV-001,GOLD-MODEL-C1-B6-R00000,F086,0.8191838512283611,0.819183886,3.477163890153179e-08,4.2446685013860965e-08,True,1.0,1.0,1.0,1.0,1.0,True
EXP-EMBED-FP32-EQUIV-001,GOLD-MODEL-C1-B6-R00000,F087,0.9872714140431622,0.987271428,1.3956837796591515e-08,1.413677900328768e-08,True,1.0,1.0,1.0,1.0,1.0,True
EXP-EMBED-FP32-EQUIV-001,GOLD-MODEL-C1-B6-R00000,F088,-0.37837962928803953,-0.378379613,1.628803952824498e-08,4.304681929863035e-08,True,1.0,1.0,1.0,1.0,1.0,True
EXP-EMBED-FP32-EQUIV-001,GOLD-MODEL-C1-B6-R00000,F089,0.1451999654512905,0.145199984,1.8548709512788975e-08,1.277459636793882e-07,True,1.0,1.0,1.0,1.0,1.0,True
EXP-EMBED-FP32-EQUIV-001,GOLD-MODEL-C1-B6-R00000,F090,1.0804141011494877,1.08041418,7.885051234168827e-08,7.298175047678168e-08,True,1.0,1.0,1.0,1.0,1.0,True
EXP-EMBED-FP32-EQUIV-001,GOLD-MODEL-C1-B6-R00000,F091,1.066786714420335,1.06678665,6.442033484432841e-08,6.038726764546632e-08,True,1.0,1.0,1.0,1.0,1.0,True
EXP-EMBED-FP32-EQUIV-001,GOLD-MODEL-C1-B6-R00000,F092,0.5460514861892464,0.546051502,1.581075359524675e-08,2.8954693824910093e-08,True,1.0,1.0,1.0,1.0,1.0,True
EXP-EMBED-FP32-EQUIV-001,GOLD-MODEL-C1-B6-R00000,F093,0.692735236232503,0.692735195,4.123250296750314e-08,5.952130166172788e-08,True,1.0,1.0,1.0,1.0,1.0,True
EXP-EMBED-FP32-EQUIV-001,GOLD-MODEL-C1-B6-R00000,F094,0.7277192499381938,0.727719247,2.938193799373323e-09,4.0375375525971976e-09,True,1.0,1.0,1.0,1.0,1.0,True
EXP-EMBED-FP32-EQUIV-001,GOLD-MODEL-C1-B6-R00000,F095,-0.4284585406887723,-0.428458571,3.031122769447947e-08,7.074483250060178e-08,True,1.0,1.0,1.0,1.0,1.0,True
EXP-EMBED-FP32-EQUIV-001,GOLD-MODEL-C1-B6-R00000,F096,-0.782153043795509,-0.78215301,3.3795508946887765e-08,4.320830714010937e-08,True,1.0,1.0,1.0,1.0,1.0,True
EXP-EMBED-FP32-EQUIV-001,GOLD-MODEL-C1-B6-R00000,F097,-0.10356120203119132,-0.103561126,7.603119131505132e-08,7.341667518705672e-07,True,1.0,1.0,1.0,1.0,1.0,True
EXP-EMBED-FP32-EQUIV-001,GOLD-MODEL-C1-B6-R00000,F098,-0.11667475355469398,-0.116674744,9.55469398045139e-09,8.189170055518829e-08,True,1.0,1.0,1.0,1.0,1.0,True
EXP-EMBED-FP32-EQUIV-001,GOLD-MODEL-C1-B6-R00000,F099,-0.8827139993656217,-0.882713914,8.53656216825982e-08,9.67081316756591e-08,True,1.0,1.0,1.0,1.0,1.0,True
EXP-EMBED-FP32-EQUIV-001,GOLD-MODEL-C1-B6-R00000,F100,-0.3234270056055288,-0.323426992,1.36055287591752e-08,4.206676784365165e-08,True,1.0,1.0,1.0,1.0,1.0,True
EXP-EMBED-FP32-EQUIV-001,GOLD-MODEL-C1-B6-R00000,F101,-0.24314430545693935,-0.243144304,1.4569393469443526e-09,5.992076780109396e-09,True,1.0,1.0,1.0,1.0,1.0,True
EXP-EMBED-FP32-EQUIV-001,GOLD-MODEL-C1-B6-R00000,F102,-0.20721814017168008,-0.20721817,2.982831992515145e-08,1.4394647061516286e-07,True,1.0,1.0,1.0,1.0,1.0,True
EXP-EMBED-FP32-EQUIV-001,GOLD-MODEL-C1-B6-R00000,F103,-0.6893002804715553,-0.689300299,1.8528444667431643e-08,2.688007707577922e-08,True,1.0,1.0,1.0,1.0,1.0,True
EXP-EMBED-FP32-EQUIV-001,GOLD-MODEL-C1-B6-R00000,F104,-0.8727710554173993,-0.872771025,3.0417399266013945e-08,3.48515215728218e-08,True,1.0,1.0,1.0,1.0,1.0,True
EXP-EMBED-FP32-EQUIV-001,GOLD-MODEL-C1-B6-R00000,F105,-0.1871183726950029,-0.187118381,8.304997106689527e-09,4.4383653978363805e-08,True,1.0,1.0,1.0,1.0,1.0,True
EXP-EMBED-FP32-EQUIV-001,GOLD-MODEL-C1-B6-R00000,F106,-0.11159391045553803,-0.11159391,4.5553802396902654e-10,4.082104678557034e-09,True,1.0,1.0,1.0,1.0,1.0,True
EXP-EMBED-FP32-EQUIV-001,GOLD-MODEL-C1-B6-R00000,F107,-0.5584534531708679,-0.558453381,7.21708679485289e-08,1.2923345274122075e-07,True,1.0,1.0,1.0,1.0,1.0,True
EXP-EMBED-FP32-EQUIV-001,GOLD-MODEL-C1-B6-R00000,F108,0.40870922764838113,0.408709228,3.516188451513358e-10,8.603154060760256e-10,True,1.0,1.0,1.0,1.0,1.0,True
EXP-EMBED-FP32-EQUIV-001,GOLD-MODEL-C1-B6-R00000,F109,-0.26464805813187736,-0.26464808,2.1868122646040433e-08,8.26309582636094e-08,True,1.0,1.0,1.0,1.0,1.0,True
EXP-EMBED-FP32-EQUIV-001,GOLD-MODEL-C1-B6-R00000,F110,-0.17117323299083498,-0.171173245,1.2009165023529889e-08,7.015796111167035e-08,True,1.0,1.0,1.0,1.0,1.0,True
EXP-EMBED-FP32-EQUIV-001,GOLD-MODEL-C1-B6-R00000,F111,-0.6358239269082369,-0.635824025,9.809176315656032e-08,1.5427504220160794e-07,True,1.0,1.0,1.0,1.0,1.0,True
EXP-EMBED-FP32-EQUIV-001,GOLD-MODEL-C1-B6-R00000,F112,-0.004648125420328503,-0.0046481248,6.203285029746097e-10,1.33457780691892e-07,True,1.0,1.0,1.0,1.0,1.0,True
EXP-EMBED-FP32-EQUIV-001,GOLD-MODEL-C1-B6-R00000,F113,0.18789580639298512,0.187895775,3.1392985128109174e-08,1.670765608384605e-07,True,1.0,1.0,1.0,1.0,1.0,True
EXP-EMBED-FP32-EQUIV-001,GOLD-MODEL-C1-B6-R00000,F114,1.2285034432412958,1.22850335,9.324129579546536e-08,7.589827794821363e-08,True,1.0,1.0,1.0,1.0,1.0,True
EXP-EMBED-FP32-EQUIV-001,GOLD-MODEL-C1-B6-R00000,F115,0.7254923831142311,0.725492358,2.5114231139156118e-08,3.4616808837263564e-08,True,1.0,1.0,1.0,1.0,1.0,True
EXP-EMBED-FP32-EQUIV-001,GOLD-MODEL-C1-B6-R00000,F116,0.336721024968677,0.336721063,3.8031322979747983e-08,1.1294608937260687e-07,True,1.0,1.0,1.0,1.0,1.0,True
EXP-EMBED-FP32-EQUIV-001,GOLD-MODEL-C1-B6-R00000,F117,0.5529317629751787,0.552931845,8.202482137953382e-08,1.4834528755986107e-07,True,1.0,1.0,1.0,1.0,1.0,True
EXP-EMBED-FP32-EQUIV-001,GOLD-MODEL-C1-B6-R00000,F118,0.658782534023832,0.658782423,1.1102383201677668e-07,1.6852880318281222e-07,True,1.0,1.0,1.0,1.0,1.0,True
EXP-EMBED-FP32-EQUIV-001,GOLD-MODEL-C1-B6-R00000,F119,0.46900507361549093,0.469005018,5.561549093480167e-08,1.1858185350975002e-07,True,1.0,1.0,1.0,1.0,1.0,True
EXP-EMBED-FP32-EQUIV-001,GOLD-MODEL-C1-B6-R00000,F120,-0.1545381398835916,-0.154538155,1.511640840279327e-08,9.78166840508107e-08,True,1.0,1.0,1.0,1.0,1.0,True
EXP-EMBED-FP32-EQUIV-001,GOLD-MODEL-C1-B6-R00000,F121,0.15722364811639183,0.157223687,3.8883608166617734e-08,2.473139927260332e-07,True,1.0,1.0,1.0,1.0,1.0,True
EXP-EMBED-FP32-EQUIV-001,GOLD-MODEL-C1-B6-R00000,F122,1.1931552505872443,1.19315517,8.058724421111663e-08,6.754128951069309e-08,True,1.0,1.0,1.0,1.0,1.0,True
EXP-EMBED-FP32-EQUIV-001,GOLD-MODEL-C1-B6-R00000,F123,0.9018235661558568,0.901823461,1.0515585679993222e-07,1.1660358050762976e-07,True,1.0,1.0,1.0,1.0,1.0,True
EXP-EMBED-FP32-EQUIV-001,GOLD-MODEL-C1-B6-R00000,F124,0.9249040099009489,0.924903989,2.090094886053606e-08,2.2597965450246468e-08,True,1.0,1.0,1.0,1.0,1.0,True
EXP-EMBED-FP32-EQUIV-001,GOLD-MODEL-C1-B6-R00000,F125,0.4948212241931635,0.494821221,3.1931635113835455e-09,6.453166022921097e-09,True,1.0,1.0,1.0,1.0,1.0,True
EXP-EMBED-FP32-EQUIV-001,GOLD-MODEL-C1-B6-R00000,F126,0.5877625883214997,0.587762535,5.332149977110845e-08,9.071945174901497e-08,True,1.0,1.0,1.0,1.0,1.0,True
EXP-EMBED-FP32-EQUIV-001,GOLD-MODEL-C1-B6-R00000,F127,0.2201724166358717,0.220172435,1.836412830136247e-08,8.340794265674824e-08,True,1.0,1.0,1.0,1.0,1.0,True
EXP-EMBED-FP32-EQUIV-001,GOLD-MODEL-C1-B6-R00387,F000,0.04204134297989761,0.0420413427,2.798976120321761e-10,6.657675330828782e-09,True,1.0,1.0,1.0,1.0,1.0,True
EXP-EMBED-FP32-EQUIV-001,GOLD-MODEL-C1-B6-R00387,F001,0.039814367248040036,0.0398143716,4.351959966009122e-09,1.0930626974169378e-07,True,1.0,1.0,1.0,1.0,1.0,True
EXP-EMBED-FP32-EQUIV-001,GOLD-MODEL-C1-B6-R00387,F002,0.04503780559262625,0.0450378098,4.207373754949728e-09,9.34187112268759e-08,True,1.0,1.0,1.0,1.0,1.0,True
EXP-EMBED-FP32-EQUIV-001,GOLD-MODEL-C1-B6-R00387,F003,0.045432472656252505,0.045432467,5.656252508035031e-09,1.244980116057277e-07,True,1.0,1.0,1.0,1.0,1.0,True
EXP-EMBED-FP32-EQUIV-001,GOLD-MODEL-C1-B6-R00387,F004,0.03803543111279118,0.0380354263,4.8127911794759726e-09,1.2653441905795693e-07,True,1.0,1.0,1.0,1.0,1.0,True
EXP-EMBED-FP32-EQUIV-001,GOLD-MODEL-C1-B6-R00387,F005,0.006123508951702626,0.00612350926,3.0829737374116206e-10,5.034652127934601e-08,True,1.0,1.0,1.0,1.0,1.0,True
EXP-EMBED-FP32-EQUIV-001,GOLD-MODEL-C1-B6-R00387,F006,0.01464317333929508,0.0146431737,3.6070491905848545e-10,2.4632974745339572e-08,True,1.0,1.0,1.0,1.0,1.0,True
EXP-EMBED-FP32-EQUIV-001,GOLD-MODEL-C1-B6-R00387,F007,0.07372581120072792,0.0737258047,6.50072792818257e-09,8.817438319509987e-08,True,1.0,1.0,1.0,1.0,1.0,True
EXP-EMBED-FP32-EQUIV-001,GOLD-MODEL-C1-B6-R00387,F008,0.07009054707996375,0.0700905547,7.62003625476293e-09,1.0871703207095115e-07,True,1.0,1.0,1.0,1.0,1.0,True
EXP-EMBED-FP32-EQUIV-001,GOLD-MODEL-C1-B6-R00387,F009,0.0619743674022488,0.0619743727,5.297751203003909e-09,8.548294117499414e-08,True,1.0,1.0,1.0,1.0,1.0,True
EXP-EMBED-FP32-EQUIV-001,GOLD-MODEL-C1-B6-R00387,F010,0.08294096413146611,0.0829409659,1.768533888779622e-09,2.1322803602528614e-08,True,1.0,1.0,1.0,1.0,1.0,True
EXP-EMBED-FP32-EQUIV-001,GOLD-MODEL-C1-B6-R00387,F011,0.08974355434890326,0.0897435546,2.510967406221809e-10,2.797936213290281e-09,True,1.0,1.0,1.0,1.0,1.0,True
EXP-EMBED-FP32-EQUIV-001,GOLD-MODEL-C1-B6-R00387,F012,0.05801059509297628,0.0580106005,5.407023724590676e-09,9.320752038355386e-08,True,1.0,1.0,1.0,1.0,1.0,True
EXP-EMBED-FP32-EQUIV-001,GOLD-MODEL-C1-B6-R00387,F013,0.04345627989489682,0.0434562825,2.6051031817853065e-09,5.994768047531907e-08,True,1.0,1.0,1.0,1.0,1.0,True
EXP-EMBED-FP32-EQUIV-001,GOLD-MODEL-C1-B6-R00387,F014,0.055483294204557165,0.0554832928,1.4045571650189714e-09,2.5314956243236312e-08,True,1.0,1.0,1.0,1.0,1.0,True
EXP-EMBED-FP32-EQUIV-001,GOLD-MODEL-C1-B6-R00387,F015,0.08689987915897132,0.0868998766,2.558971326505066e-09,2.9447351955734963e-08,True,1.0,1.0,1.0,1.0,1.0,True
EXP-EMBED-FP32-EQUIV-001,GOLD-MODEL-C1-B6-R00387,F016,-0.20522715166420732,-0.205227181,2.933579268393771e-08,1.429430387063839e-07,True,1.0,1.0,1.0,1.0,1.0,True
EXP-EMBED-FP32-EQUIV-001,GOLD-MODEL-C1-B6-R00387,F017,-1.509820423954344e-06,-1.50567701e-06,4.1434139543438975e-09,0.002744309116902761,True,1.0,1.0,1.0,1.0,1.0,False
EXP-EMBED-FP32-EQUIV-001,GOLD-MODEL-C1-B6-R00387,F018,-0.04719435411918575,-0.0471943505,3.6191857497036573e-09,7.668683717047338e-08,True,1.0,1.0,1.0,1.0,1.0,True
EXP-EMBED-FP32-EQUIV-001,GOLD-MODEL-C1-B6-R00387,F019,-0.0034536120443976197,-0.00345361163,4.143976195178367e-10,1.1998962656794769e-07,True,1.0,1.0,1.0,1.0,1.0,True
EXP-EMBED-FP32-EQUIV-001,GOLD-MODEL-C1-B6-R00387,F020,-0.003012244273379794,-0.00301224412,1.5337979410862124e-10,5.0918776894719184e-08,True,1.0,1.0,1.0,1.0,1.0,True
EXP-EMBED-FP32-EQUIV-001,GOLD-MODEL-C1-B6-R00387,F021,0.0015135484213576,0.00151354959,1.1686423998652495e-09,7.721209201995785e-07,True,1.0,1.0,1.0,1.0,1.0,True
EXP-EMBED-FP32-EQUIV-001,GOLD-MODEL-C1-B6-R00387,F022,0.0001153434328811375,0.000115343602,1.6911886250952062e-10,1.4662201244157456e-06,True,1.0,1.0,1.0,1.0,1.0,True
EXP-EMBED-FP32-EQUIV-001,GOLD-MODEL-C1-B6-R00387,F023,-0.04380155183374659,-0.0438015535,1.6662534130240658e-09,3.804096757458518e-08,True,1.0,1.0,1.0,1.0,1.0,True
EXP-EMBED-FP32-EQUIV-001,GOLD-MODEL-C1-B6-R00387,F024,-0.43548459742163015,-0.435484588,9.421630142725235e-09,2.1634818311618362e-08,True,1.0,1.0,1.0,1.0,1.0,True
EXP-EMBED-FP32-EQUIV-001,GOLD-MODEL-C1-B6-R00387,F025,-0.0013519107275853286,-0.00135189772,1.3007585328511997e-08,9.621630380687247e-06,True,1.0,1.0,1.0,1.0,1.0,True
EXP-EMBED-FP32-EQUIV-001,GOLD-MODEL-C1-B6-R00387,F026,-0.09983186411735248,-0.0998318791,1.498264752541889e-08,1.5007881158872052e-07,True,1.0,1.0,1.0,1.0,1.0,True
EXP-EMBED-FP32-EQUIV-001,GOLD-MODEL-C1-B6-R00387,F027,-0.014361019030518816,-0.0143610165,2.5305188153246228e-09,1.7620746897883634e-07,True,1.0,1.0,1.0,1.0,1.0,True
EXP-EMBED-FP32-EQUIV-001,GOLD-MODEL-C1-B6-R00387,F028,-0.015021367818904653,-0.0150213698,1.981095346798023e-09,1.318851499198881e-07,True,1.0,1.0,1.0,1.0,1.0,True
EXP-EMBED-FP32-EQUIV-001,GOLD-MODEL-C1-B6-R00387,F029,-0.002608523185504122,-0.00260852231,8.75504121890941e-10,3.3563210277609303e-07,True,1.0,1.0,1.0,1.0,1.0,True
EXP-EMBED-FP32-EQUIV-001,GOLD-MODEL-C1-B6-R00387,F030,-0.010071384802608436,-0.0100713884,3.5973915651910104e-09,3.5718936727145057e-07,True,1.0,1.0,1.0,1.0,1.0,True
EXP-EMBED-FP32-EQUIV-001,GOLD-MODEL-C1-B6-R00387,F031,-0.1895826739333846,-0.189582646,2.7933384605383083e-08,1.473414422628003e-07,True,1.0,1.0,1.0,1.0,1.0,True
EXP-EMBED-FP32-EQUIV-001,GOLD-MODEL-C1-B6-R00387,F032,-0.013043642082590812,-0.0130436393,2.7825908122808274e-09,2.1332928293047208e-07,True,1.0,1.0,1.0,1.0,1.0,True
EXP-EMBED-FP32-EQUIV-001,GOLD-MODEL-C1-B6-R00387,F033,-0.20535128430989813,-0.205351233,5.130989813584286e-08,2.49864023535448e-07,True,1.0,1.0,1.0,1.0,1.0,True
EXP-EMBED-FP32-EQUIV-001,GOLD-MODEL-C1-B6-R00387,F034,0.007329256619188776,0.0073292586,1.9808112242461484e-09,2.702608637089024e-07,True,1.0,1.0,1.0,1.0,1.0,True
EXP-EMBED-FP32-EQUIV-001,GOLD-MODEL-C1-B6-R00387,F035,0.07915341683386878,0.0791534111,5.733868782553664e-09,7.24399402060962e-08,True,1.0,1.0,1.0,1.0,1.0,True
EXP-EMBED-FP32-EQUIV-001,GOLD-MODEL-C1-B6-R00387,F036,-0.12167722224157745,-0.12167722,2.2415774514339404e-09,1.8422325971442065e-08,True,1.0,1.0,1.0,1.0,1.0,True
EXP-EMBED-FP32-EQUIV-001,GOLD-MODEL-C1-B6-R00387,F037,0.009792161601809698,0.00979216024,1.3618096979944871e-09,1.3907140765965402e-07,True,1.0,1.0,1.0,1.0,1.0,True
EXP-EMBED-FP32-EQUIV-001,GOLD-MODEL-C1-B6-R00387,F038,0.018085681205707256,0.0180856828,1.594292742962411e-09,8.815220863559752e-08,True,1.0,1.0,1.0,1.0,1.0,True
EXP-EMBED-FP32-EQUIV-001,GOLD-MODEL-C1-B6-R00387,F039,-0.09819674062392664,-0.0981967226,1.8023926642851684e-08,1.835491333860013e-07,True,1.0,1.0,1.0,1.0,1.0,True
EXP-EMBED-FP32-EQUIV-001,GOLD-MODEL-C1-B6-R00387,F040,-0.037764670579205205,-0.0377646722,1.6207947969859582e-09,4.291828240859686e-08,True,1.0,1.0,1.0,1.0,1.0,True
EXP-EMBED-FP32-EQUIV-001,GOLD-MODEL-C1-B6-R00387,F041,-0.2431054946716668,-0.243105501,6.328333190808166e-09,2.6031222368523923e-08,True,1.0,1.0,1.0,1.0,1.0,True
EXP-EMBED-FP32-EQUIV-001,GOLD-MODEL-C1-B6-R00387,F042,0.002189633542859438,0.00218962948,4.062859437770072e-09,1.8554974420351602e-06,True,1.0,1.0,1.0,1.0,1.0,True
EXP-EMBED-FP32-EQUIV-001,GOLD-MODEL-C1-B6-R00387,F043,0.07530078050529959,0.0753007606,1.990529958917353e-08,2.643438680927433e-07,True,1.0,1.0,1.0,1.0,1.0,True
EXP-EMBED-FP32-EQUIV-001,GOLD-MODEL-C1-B6-R00387,F044,0.09304482426864016,0.09304481,1.4268640158299206e-08,1.5335232529541473e-07,True,1.0,1.0,1.0,1.0,1.0,True
EXP-EMBED-FP32-EQUIV-001,GOLD-MODEL-C1-B6-R00387,F045,0.010558197496126872,0.0105581991,1.6038731280587637e-09,1.5190785440858843e-07,True,1.0,1.0,1.0,1.0,1.0,True
EXP-EMBED-FP32-EQUIV-001,GOLD-MODEL-C1-B6-R00387,F046,0.015193315807881125,0.0151933152,6.078811256443606e-10,4.000977359590186e-08,True,1.0,1.0,1.0,1.0,1.0,True
EXP-EMBED-FP32-EQUIV-001,GOLD-MODEL-C1-B6-R00387,F047,-0.009279621225532393,-0.00927962363,2.404467607658445e-09,2.5911268889323606e-07,True,1.0,1.0,1.0,1.0,1.0,True
EXP-EMBED-FP32-EQUIV-001,GOLD-MODEL-C1-B6-R00387,F048,0.07720335960963658,0.0772033557,3.90963657281862e-09,5.06407569901999e-08,True,1.0,1.0,1.0,1.0,1.0,True
EXP-EMBED-FP32-EQUIV-001,GOLD-MODEL-C1-B6-R00387,F049,-0.05185430768384779,-0.0518543236,1.59161522086948e-08,3.0693982659520796e-07,True,1.0,1.0,1.0,1.0,1.0,True
EXP-EMBED-FP32-EQUIV-001,GOLD-MODEL-C1-B6-R00387,F050,0.021006370966988333,0.0210063681,2.866988334238041e-09,1.3648184823278302e-07,True,1.0,1.0,1.0,1.0,1.0,True
EXP-EMBED-FP32-EQUIV-001,GOLD-MODEL-C1-B6-R00387,F051,0.09724256519654895,0.0972425789,1.370345105444759e-08,1.409202958267283e-07,True,1.0,1.0,1.0,1.0,1.0,True
EXP-EMBED-FP32-EQUIV-001,GOLD-MODEL-C1-B6-R00387,F052,0.09577359655203738,0.0957736149,1.834796262145666e-08,1.9157641857469063e-07,True,1.0,1.0,1.0,1.0,1.0,True
EXP-EMBED-FP32-EQUIV-001,GOLD-MODEL-C1-B6-R00387,F053,0.0191255820979525,0.0191255771,4.997952499780078e-09,2.613228959088852e-07,True,1.0,1.0,1.0,1.0,1.0,True
EXP-EMBED-FP32-EQUIV-001,GOLD-MODEL-C1-B6-R00387,F054,0.004728427796931226,0.00472841598,1.1816931226073246e-08,2.499124811368061e-06,True,1.0,1.0,1.0,1.0,1.0,True
EXP-EMBED-FP32-EQUIV-001,GOLD-MODEL-C1-B6-R00387,F055,0.07617919780943767,0.0761791989,1.0905623210044624e-09,1.4315749605719201e-08,True,1.0,1.0,1.0,1.0,1.0,True
EXP-EMBED-FP32-EQUIV-001,GOLD-MODEL-C1-B6-R00387,F056,0.045208735014067025,0.0452087373,2.285932977630356e-09,5.056396682895621e-08,True,1.0,1.0,1.0,1.0,1.0,True
EXP-EMBED-FP32-EQUIV-001,GOLD-MODEL-C1-B6-R00387,F057,-0.02368433940975661,-0.0236843377,1.709756610596136e-09,7.218933072255386e-08,True,1.0,1.0,1.0,1.0,1.0,True
EXP-EMBED-FP32-EQUIV-001,GOLD-MODEL-C1-B6-R00387,F058,-0.0032833706300156858,-0.00328337029,3.400156857458203e-10,1.0355690053309514e-07,True,1.0,1.0,1.0,1.0,1.0,True
EXP-EMBED-FP32-EQUIV-001,GOLD-MODEL-C1-B6-R00387,F059,0.09453561376307933,0.0945356339,2.0136920672597647e-08,2.1300883202666714e-07,True,1.0,1.0,1.0,1.0,1.0,True
EXP-EMBED-FP32-EQUIV-001,GOLD-MODEL-C1-B6-R00387,F060,0.10035482880347413,0.100354828,8.034741344475904e-10,8.006332570414144e-09,True,1.0,1.0,1.0,1.0,1.0,True
EXP-EMBED-FP32-EQUIV-001,GOLD-MODEL-C1-B6-R00387,F061,0.03829263467661842,0.0382926352,5.233815811300779e-10,1.3667943863096368e-08,True,1.0,1.0,1.0,1.0,1.0,True
EXP-EMBED-FP32-EQUIV-001,GOLD-MODEL-C1-B6-R00387,F062,0.02226289087215143,0.0222628787,1.2172151432621181e-08,5.467462200898303e-07,True,1.0,1.0,1.0,1.0,1.0,True
EXP-EMBED-FP32-EQUIV-001,GOLD-MODEL-C1-B6-R00387,F063,0.04050815391703961,0.0405081548,8.829603923010687e-10,2.1797102729227426e-08,True,1.0,1.0,1.0,1.0,1.0,True
EXP-EMBED-FP32-EQUIV-001,GOLD-MODEL-C1-B6-R00387,F064,0.1336973826533281,0.133697376,6.653328082917298e-09,4.976408625866004e-08,True,1.0,1.0,1.0,1.0,1.0,True
EXP-EMBED-FP32-EQUIV-001,GOLD-MODEL-C1-B6-R00387,F065,-0.012850047207502466,-0.0128500396,7.607502466519533e-09,5.920213633205886e-07,True,1.0,1.0,1.0,1.0,1.0,True
EXP-EMBED-FP32-EQUIV-001,GOLD-MODEL-C1-B6-R00387,F066,0.1399240870324281,0.139924079,8.032428083781795e-09,5.7405613673364476e-08,True,1.0,1.0,1.0,1.0,1.0,True
EXP-EMBED-FP32-EQUIV-001,GOLD-MODEL-C1-B6-R00387,F067,0.13953337948006742,0.139533386,6.519932593818112e-09,4.672668732107571e-08,True,1.0,1.0,1.0,1.0,1.0,True
EXP-EMBED-FP32-EQUIV-001,GOLD-MODEL-C1-B6-R00387,F068,0.10772830020410078,0.10772831,9.795899216791248e-09,9.093153050992221e-08,True,1.0,1.0,1.0,1.0,1.0,True
EXP-EMBED-FP32-EQUIV-001,GOLD-MODEL-C1-B6-R00387,F069,0.09205308672793211,0.0920530856,1.1279321088242256e-09,1.2253061237999438e-08,True,1.0,1.0,1.0,1.0,1.0,True
EXP-EMBED-FP32-EQUIV-001,GOLD-MODEL-C1-B6-R00387,F070,0.09670455712301441,0.0967045724,1.5276985579348867e-08,1.579758600198702e-07,True,1.0,1.0,1.0,1.0,1.0,True
EXP-EMBED-FP32-EQUIV-001,GOLD-MODEL-C1-B6-R00387,F071,0.14325798674904205,0.143257976,1.074904204534377e-08,7.503275935444939e-08,True,1.0,1.0,1.0,1.0,1.0,True
EXP-EMBED-FP32-EQUIV-001,GOLD-MODEL-C1-B6-R00387,F072,0.07888758356068212,0.0788875893,5.739317882058614e-09,7.275312061807294e-08,True,1.0,1.0,1.0,1.0,1.0,True
EXP-EMBED-FP32-EQUIV-001,GOLD-MODEL-C1-B6-R00387,F073,-0.0055400950882476254,-0.00554011762,2.253175237446753e-08,4.067033510357039e-06,True,1.0,1.0,1.0,1.0,1.0,True
EXP-EMBED-FP32-EQUIV-001,GOLD-MODEL-C1-B6-R00387,F074,0.10056914123511655,0.100569144,2.764883447192723e-09,2.749236409137484e-08,True,1.0,1.0,1.0,1.0,1.0,True
EXP-EMBED-FP32-EQUIV-001,GOLD-MODEL-C1-B6-R00387,F075,0.08593335421621127,0.0859333575,3.2837887270487087e-09,3.821320320846063e-08,True,1.0,1.0,1.0,1.0,1.0,True
EXP-EMBED-FP32-EQUIV-001,GOLD-MODEL-C1-B6-R00387,F076,0.07754027461326236,0.077540271,3.6132623698614807e-09,4.659852428796369e-08,True,1.0,1.0,1.0,1.0,1.0,True
EXP-EMBED-FP32-EQUIV-001,GOLD-MODEL-C1-B6-R00387,F077,-0.010401876024965194,-0.0104018766,5.750348062300015e-10,5.528183616588774e-08,True,1.0,1.0,1.0,1.0,1.0,True
EXP-EMBED-FP32-EQUIV-001,GOLD-MODEL-C1-B6-R00387,F078,-0.001391002581453082,-0.00139100244,1.414530818866222e-10,1.0169145893234517e-07,True,1.0,1.0,1.0,1.0,1.0,True
EXP-EMBED-FP32-EQUIV-001,GOLD-MODEL-C1-B6-R00387,F079,0.09134767276595146,0.091347672,7.659514550395485e-10,8.385013343493146e-09,True,1.0,1.0,1.0,1.0,1.0,True
EXP-EMBED-FP32-EQUIV-001,GOLD-MODEL-C1-B6-R00387,F080,0.0053423925223891775,0.00534238014,1.2382389177369169e-08,2.3177610266329936e-06,True,1.0,1.0,1.0,1.0,1.0,True
EXP-EMBED-FP32-EQUIV-001,GOLD-MODEL-C1-B6-R00387,F081,0.13028340914098785,0.1302834,9.140987855538185e-09,7.016233237837788e-08,True,1.0,1.0,1.0,1.0,1.0,True
EXP-EMBED-FP32-EQUIV-001,GOLD-MODEL-C1-B6-R00387,F082,0.016419138960311344,0.0164191481,9.139688655207534e-09,5.566484745211161e-07,True,1.0,1.0,1.0,1.0,1.0,True
EXP-EMBED-FP32-EQUIV-001,GOLD-MODEL-C1-B6-R00387,F083,0.0031979659918115098,0.00319796614,1.4818849012471214e-10,4.63383571007801e-08,True,1.0,1.0,1.0,1.0,1.0,True
EXP-EMBED-FP32-EQUIV-001,GOLD-MODEL-C1-B6-R00387,F084,5.136161897273603e-05,5.13599043e-05,1.7146727360252433e-09,3.338432024378812e-05,True,1.0,1.0,1.0,1.0,1.0,False
EXP-EMBED-FP32-EQUIV-001,GOLD-MODEL-C1-B6-R00387,F085,-0.0015440370172588697,-0.00154403702,2.7411302394586556e-12,1.7753008566627414e-09,True,1.0,1.0,1.0,1.0,1.0,True
EXP-EMBED-FP32-EQUIV-001,GOLD-MODEL-C1-B6-R00387,F086,0.0037124879878058033,0.00371248811,1.2219419660147723e-10,3.2914368208824245e-08,True,1.0,1.0,1.0,1.0,1.0,True
EXP-EMBED-FP32-EQUIV-001,GOLD-MODEL-C1-B6-R00387,F087,-0.01619537366645736,-0.0161953662,7.466457362104162e-09,4.6102408724092157e-07,True,1.0,1.0,1.0,1.0,1.0,True
EXP-EMBED-FP32-EQUIV-001,GOLD-MODEL-C1-B6-R00387,F088,-0.19507245664915532,-0.195072487,3.035084467084559e-08,1.555875452239403e-07,True,1.0,1.0,1.0,1.0,1.0,True
EXP-EMBED-FP32-EQUIV-001,GOLD-MODEL-C1-B6-R00387,F089,0.1027865542968505,0.102786571,1.670314948853946e-08,1.6250325349267266e-07,True,1.0,1.0,1.0,1.0,1.0,True
EXP-EMBED-FP32-EQUIV-001,GOLD-MODEL-C1-B6-R00387,F090,-0.016703054182137234,-0.0167030692,1.501786276586481e-08,8.99108785860575e-07,True,1.0,1.0,1.0,1.0,1.0,True
EXP-EMBED-FP32-EQUIV-001,GOLD-MODEL-C1-B6-R00387,F091,-0.0034927027928930653,-0.00349270809,5.2971069345111865e-09,1.5166211523321463e-06,True,1.0,1.0,1.0,1.0,1.0,True
EXP-EMBED-FP32-EQUIV-001,GOLD-MODEL-C1-B6-R00387,F092,-0.0019922805437279606,-0.00199228106,5.162720394420728e-10,2.591362150613704e-07,True,1.0,1.0,1.0,1.0,1.0,True
EXP-EMBED-FP32-EQUIV-001,GOLD-MODEL-C1-B6-R00387,F093,-0.0003717463925793114,-0.000371745118,1.2745793113977909e-09,3.4286259042200706e-06,True,1.0,1.0,1.0,1.0,1.0,True
EXP-EMBED-FP32-EQUIV-001,GOLD-MODEL-C1-B6-R00387,F094,-0.0003040558799518465,-0.000304055342,5.379518464802141e-10,1.7692532259708639e-06,True,1.0,1.0,1.0,1.0,1.0,True
EXP-EMBED-FP32-EQUIV-001,GOLD-MODEL-C1-B6-R00387,F095,0.03336539267355661,0.0333653949,2.2264433907626113e-09,6.67291229731924e-08,True,1.0,1.0,1.0,1.0,1.0,True
EXP-EMBED-FP32-EQUIV-001,GOLD-MODEL-C1-B6-R00387,F096,0.15562305412112276,0.155623049,5.121122748086293e-09,3.290722429917407e-08,True,1.0,1.0,1.0,1.0,1.0,True
EXP-EMBED-FP32-EQUIV-001,GOLD-MODEL-C1-B6-R00387,F097,0.023258000584107895,0.0232580341,3.351589210678907e-08,1.4410478658982557e-06,True,1.0,1.0,1.0,1.0,1.0,True
EXP-EMBED-FP32-EQUIV-001,GOLD-MODEL-C1-B6-R00387,F098,0.17480939274005025,0.174809366,2.674005025737891e-08,1.5296689633344025e-07,True,1.0,1.0,1.0,1.0,1.0,True
EXP-EMBED-FP32-EQUIV-001,GOLD-MODEL-C1-B6-R00387,F099,0.6029002277902222,0.602900267,3.9209777757953646e-08,6.503526777833065e-08,True,1.0,1.0,1.0,1.0,1.0,True
EXP-EMBED-FP32-EQUIV-001,GOLD-MODEL-C1-B6-R00387,F100,0.7275871707582103,0.727587163,7.758210296415768e-09,1.0662928935829126e-08,True,1.0,1.0,1.0,1.0,1.0,True
EXP-EMBED-FP32-EQUIV-001,GOLD-MODEL-C1-B6-R00387,F101,-0.0059494911648547075,-0.00594948465,6.514854707789786e-09,1.095027209431764e-06,True,1.0,1.0,1.0,1.0,1.0,True
EXP-EMBED-FP32-EQUIV-001,GOLD-MODEL-C1-B6-R00387,F102,-0.017469780756213065,-0.0174697805,2.5621306465328786e-10,1.4666072129277673e-08,True,1.0,1.0,1.0,1.0,1.0,True
EXP-EMBED-FP32-EQUIV-001,GOLD-MODEL-C1-B6-R00387,F103,-0.021601897480601227,-0.0216018893,8.180601227675277e-09,3.7869827106723186e-07,True,1.0,1.0,1.0,1.0,1.0,True
EXP-EMBED-FP32-EQUIV-001,GOLD-MODEL-C1-B6-R00387,F104,0.2939354316293436,0.293935478,4.6370656370253727e-08,1.5775796784080026e-07,True,1.0,1.0,1.0,1.0,1.0,True
EXP-EMBED-FP32-EQUIV-001,GOLD-MODEL-C1-B6-R00387,F105,0.15875432737770823,0.158754274,5.33777082256659e-08,3.362283668568585e-07,True,1.0,1.0,1.0,1.0,1.0,True
EXP-EMBED-FP32-EQUIV-001,GOLD-MODEL-C1-B6-R00387,F106,0.3563366863562852,0.356336653,3.335628517842082e-08,9.360889982871244e-08,True,1.0,1.0,1.0,1.0,1.0,True
EXP-EMBED-FP32-EQUIV-001,GOLD-MODEL-C1-B6-R00387,F107,0.6664144225769432,0.66641438,4.257694319331762e-08,6.388958844659721e-08,True,1.0,1.0,1.0,1.0,1.0,True
EXP-EMBED-FP32-EQUIV-001,GOLD-MODEL-C1-B6-R00387,F108,0.4211774736499999,0.421177477,3.350000110646789e-09,7.953891934473807e-09,True,1.0,1.0,1.0,1.0,1.0,True
EXP-EMBED-FP32-EQUIV-001,GOLD-MODEL-C1-B6-R00387,F109,-0.006654721552504971,-0.00665471004,1.1512504971035453e-08,1.7299754588081773e-06,True,1.0,1.0,1.0,1.0,1.0,True
EXP-EMBED-FP32-EQUIV-001,GOLD-MODEL-C1-B6-R00387,F110,-0.04214928674571983,-0.042149283,3.745719824588267e-09,8.886792906332246e-08,True,1.0,1.0,1.0,1.0,1.0,True
EXP-EMBED-FP32-EQUIV-001,GOLD-MODEL-C1-B6-R00387,F111,-0.22183609842837254,-0.22183615,5.1571627468494086e-08,2.3247626438555386e-07,True,1.0,1.0,1.0,1.0,1.0,True
EXP-EMBED-FP32-EQUIV-001,GOLD-MODEL-C1-B6-R00387,F112,-0.015161599349505403,-0.0151615888,1.0549505402926429e-08,6.958042591509695e-07,True,1.0,1.0,1.0,1.0,1.0,True
EXP-EMBED-FP32-EQUIV-001,GOLD-MODEL-C1-B6-R00387,F113,-0.03974176305335301,-0.0397417583,4.753353009812056e-09,1.196059924022675e-07,True,1.0,1.0,1.0,1.0,1.0,True
EXP-EMBED-FP32-EQUIV-001,GOLD-MODEL-C1-B6-R00387,F114,-0.006682640705870034,-0.00668263994,7.658700340584801e-10,1.1460589724444403e-07,True,1.0,1.0,1.0,1.0,1.0,True
EXP-EMBED-FP32-EQUIV-001,GOLD-MODEL-C1-B6-R00387,F115,0.012965342363632431,0.0129653299,1.2463632431680693e-08,9.613037652319136e-07,True,1.0,1.0,1.0,1.0,1.0,True
EXP-EMBED-FP32-EQUIV-001,GOLD-MODEL-C1-B6-R00387,F116,0.031581460220629534,0.0315814689,8.679370465392022e-09,2.748248625857557e-07,True,1.0,1.0,1.0,1.0,1.0,True
EXP-EMBED-FP32-EQUIV-001,GOLD-MODEL-C1-B6-R00387,F117,-0.02044690566057949,-0.0204469003,5.360579487245776e-09,2.621706959591778e-07,True,1.0,1.0,1.0,1.0,1.0,True
EXP-EMBED-FP32-EQUIV-001,GOLD-MODEL-C1-B6-R00387,F118,-0.018489255874803687,-0.0184892565,6.2519631138791e-10,3.3814033167224376e-08,True,1.0,1.0,1.0,1.0,1.0,True
EXP-EMBED-FP32-EQUIV-001,GOLD-MODEL-C1-B6-R00387,F119,0.002581885449850793,0.00258188415,1.299850792974011e-09,5.034502181532219e-07,True,1.0,1.0,1.0,1.0,1.0,True
EXP-EMBED-FP32-EQUIV-001,GOLD-MODEL-C1-B6-R00387,F120,-0.012939243315203902,-0.0129392538,1.0484796097304239e-08,8.103098335730628e-07,True,1.0,1.0,1.0,1.0,1.0,True
EXP-EMBED-FP32-EQUIV-001,GOLD-MODEL-C1-B6-R00387,F121,-0.11134642469697427,-0.111346424,6.969742699647341e-10,6.259511895972657e-09,True,1.0,1.0,1.0,1.0,1.0,True
EXP-EMBED-FP32-EQUIV-001,GOLD-MODEL-C1-B6-R00387,F122,-0.008262554069624766,-0.00826255791,3.840375233099547e-09,4.6479275061179145e-07,True,1.0,1.0,1.0,1.0,1.0,True
EXP-EMBED-FP32-EQUIV-001,GOLD-MODEL-C1-B6-R00387,F123,0.022678023409331973,0.0226780213,2.1093319729770243e-09,9.301216137333368e-08,True,1.0,1.0,1.0,1.0,1.0,True
EXP-EMBED-FP32-EQUIV-001,GOLD-MODEL-C1-B6-R00387,F124,0.03132433701953346,0.0313243419,4.880466537848793e-09,1.5580430432750728e-07,True,1.0,1.0,1.0,1.0,1.0,True
EXP-EMBED-FP32-EQUIV-001,GOLD-MODEL-C1-B6-R00387,F125,-0.02473800781396054,-0.0247380082,3.860394608146134e-10,1.5605115161971837e-08,True,1.0,1.0,1.0,1.0,1.0,True
EXP-EMBED-FP32-EQUIV-001,GOLD-MODEL-C1-B6-R00387,F126,-0.028472250937188456,-0.028472241,9.937188457515012e-09,3.490130962752844e-07,True,1.0,1.0,1.0,1.0,1.0,True
EXP-EMBED-FP32-EQUIV-001,GOLD-MODEL-C1-B6-R00387,F127,0.0015011347508774421,0.00150113471,4.087744205627519e-11,2.7231027749095503e-08,True,1.0,1.0,1.0,1.0,1.0,True
EXP-EMBED-FP32-EQUIV-001,GOLD-MODEL-C1-B6-R00492,F000,0.008687293505582654,0.00868729223,1.2755826551275051e-09,1.4683314824206024e-07,True,1.0,1.0,1.0,1.0,1.0,True
EXP-EMBED-FP32-EQUIV-001,GOLD-MODEL-C1-B6-R00492,F001,-0.009751625983091662,-0.00975163281,6.826908338988802e-09,7.000789766574286e-07,True,1.0,1.0,1.0,1.0,1.0,True
EXP-EMBED-FP32-EQUIV-001,GOLD-MODEL-C1-B6-R00492,F002,-0.0023088949709086353,-0.00230889674,1.7690913647200324e-09,7.662069461842302e-07,True,1.0,1.0,1.0,1.0,1.0,True
EXP-EMBED-FP32-EQUIV-001,GOLD-MODEL-C1-B6-R00492,F003,-0.014942259279669365,-0.014942266,6.7203306339941316e-09,4.4975331428881724e-07,True,1.0,1.0,1.0,1.0,1.0,True
EXP-EMBED-FP32-EQUIV-001,GOLD-MODEL-C1-B6-R00492,F004,-0.03086853513318984,-0.0308685396,4.466810161335433e-09,1.4470431272693338e-07,True,1.0,1.0,1.0,1.0,1.0,True
EXP-EMBED-FP32-EQUIV-001,GOLD-MODEL-C1-B6-R00492,F005,0.0010670984455441526,0.001067098,4.4554415257018476e-10,4.175286304938674e-07,True,1.0,1.0,1.0,1.0,1.0,True
EXP-EMBED-FP32-EQUIV-001,GOLD-MODEL-C1-B6-R00492,F006,0.0002458962543586562,0.000245895615,6.393586561874096e-10,2.6001154749387195e-06,True,1.0,1.0,1.0,1.0,1.0,True
EXP-EMBED-FP32-EQUIV-001,GOLD-MODEL-C1-B6-R00492,F007,-0.07922151705418724,-0.0792215094,7.654187242356336e-09,9.661752926444085e-08,True,1.0,1.0,1.0,1.0,1.0,True
EXP-EMBED-FP32-EQUIV-001,GOLD-MODEL-C1-B6-R00492,F008,0.001021991660231462,0.00102199381,2.1497685378808057e-09,2.1035088851839783e-06,True,1.0,1.0,1.0,1.0,1.0,True
EXP-EMBED-FP32-EQUIV-001,GOLD-MODEL-C1-B6-R00492,F009,-0.0003010287662637997,-0.00030102898,2.137362002880075e-10,7.100191883346611e-07,True,1.0,1.0,1.0,1.0,1.0,True
EXP-EMBED-FP32-EQUIV-001,GOLD-MODEL-C1-B6-R00492,F010,-0.03153925912650844,-0.0315392576,1.526508440485852e-09,4.8400263124850523e-08,True,1.0,1.0,1.0,1.0,1.0,True
EXP-EMBED-FP32-EQUIV-001,GOLD-MODEL-C1-B6-R00492,F011,-0.08000012904510485,-0.0800001398,1.0754895141129595e-08,1.3443597241031798e-07,True,1.0,1.0,1.0,1.0,1.0,True
EXP-EMBED-FP32-EQUIV-001,GOLD-MODEL-C1-B6-R00492,F012,-0.1250899259521247,-0.125089929,3.047875285488999e-09,2.4365473576629212e-08,True,1.0,1.0,1.0,1.0,1.0,True
EXP-EMBED-FP32-EQUIV-001,GOLD-MODEL-C1-B6-R00492,F013,-0.005806822139798945,-0.0058068214,7.397989443269637e-10,1.2740168831011906e-07,True,1.0,1.0,1.0,1.0,1.0,True
EXP-EMBED-FP32-EQUIV-001,GOLD-MODEL-C1-B6-R00492,F014,-0.028380941424680027,-0.0283809379,3.524680027011673e-09,1.2419179386158825e-07,True,1.0,1.0,1.0,1.0,1.0,True
EXP-EMBED-FP32-EQUIV-001,GOLD-MODEL-C1-B6-R00492,F015,-0.18384340240814734,-0.183843389,1.3408147342408583e-08,7.293243688256707e-08,True,1.0,1.0,1.0,1.0,1.0,True
EXP-EMBED-FP32-EQUIV-001,GOLD-MODEL-C1-B6-R00492,F016,-0.14478927808862257,-0.144789293,1.491137743836468e-08,1.0298675174854957e-07,True,1.0,1.0,1.0,1.0,1.0,True
EXP-EMBED-FP32-EQUIV-001,GOLD-MODEL-C1-B6-R00492,F017,0.14356590181594664,0.143565908,6.184053352731311e-09,4.307466657827531e-08,True,1.0,1.0,1.0,1.0,1.0,True
EXP-EMBED-FP32-EQUIV-001,GOLD-MODEL-C1-B6-R00492,F018,-0.11122430114664277,-0.111224286,1.514664275947819e-08,1.3618105578841285e-07,True,1.0,1.0,1.0,1.0,1.0,True
EXP-EMBED-FP32-EQUIV-001,GOLD-MODEL-C1-B6-R00492,F019,-0.022417240776120388,-0.0224172417,9.238796117028159e-10,4.1212904876632456e-08,True,1.0,1.0,1.0,1.0,1.0,True
EXP-EMBED-FP32-EQUIV-001,GOLD-MODEL-C1-B6-R00492,F020,-0.013338464644553918,-0.0133384634,1.2445539182559529e-09,9.330563535017525e-08,True,1.0,1.0,1.0,1.0,1.0,True
EXP-EMBED-FP32-EQUIV-001,GOLD-MODEL-C1-B6-R00492,F021,0.016875291287750702,0.0168752931,1.8122492985439553e-09,1.073906973006988e-07,True,1.0,1.0,1.0,1.0,1.0,True
EXP-EMBED-FP32-EQUIV-001,GOLD-MODEL-C1-B6-R00492,F022,0.001143713170542816,0.00114371348,3.0945718405318845e-10,2.7057237078621507e-07,True,1.0,1.0,1.0,1.0,1.0,True
EXP-EMBED-FP32-EQUIV-001,GOLD-MODEL-C1-B6-R00492,F023,-0.09823210514357396,-0.0982321128,7.656426034841068e-09,7.794219643008362e-08,True,1.0,1.0,1.0,1.0,1.0,True
EXP-EMBED-FP32-EQUIV-001,GOLD-MODEL-C1-B6-R00492,F024,-0.25472745824068443,-0.254727423,3.524068442617434e-08,1.3834662611392472e-07,True,1.0,1.0,1.0,1.0,1.0,True
EXP-EMBED-FP32-EQUIV-001,GOLD-MODEL-C1-B6-R00492,F025,0.26213258532697964,0.262132585,3.269796655658297e-10,1.2473827515871823e-09,True,1.0,1.0,1.0,1.0,1.0,True
EXP-EMBED-FP32-EQUIV-001,GOLD-MODEL-C1-B6-R00492,F026,-0.16880134615256723,-0.168801352,5.847432760219817e-09,3.464091308214301e-08,True,1.0,1.0,1.0,1.0,1.0,True
EXP-EMBED-FP32-EQUIV-001,GOLD-MODEL-C1-B6-R00492,F027,-0.08941608783916438,-0.0894160941,6.260835613836058e-09,7.001911809312912e-08,True,1.0,1.0,1.0,1.0,1.0,True
EXP-EMBED-FP32-EQUIV-001,GOLD-MODEL-C1-B6-R00492,F028,-0.06646272829941641,-0.0664627329,4.60058359463833e-09,6.922050467011488e-08,True,1.0,1.0,1.0,1.0,1.0,True
EXP-EMBED-FP32-EQUIV-001,GOLD-MODEL-C1-B6-R00492,F029,-0.007902705053004142,-0.00790270418,8.730041429344526e-10,1.1046902764042648e-07,True,1.0,1.0,1.0,1.0,1.0,True
EXP-EMBED-FP32-EQUIV-001,GOLD-MODEL-C1-B6-R00492,F030,-0.031639116187364334,-0.0316391103,5.887364332157752e-09,1.8607865963427194e-07,True,1.0,1.0,1.0,1.0,1.0,True
EXP-EMBED-FP32-EQUIV-001,GOLD-MODEL-C1-B6-R00492,F031,-0.4737676165436032,-0.473767608,8.543603213784223e-09,1.8033320377856414e-08,True,1.0,1.0,1.0,1.0,1.0,True
EXP-EMBED-FP32-EQUIV-001,GOLD-MODEL-C1-B6-R00492,F032,-0.03194618653008871,-0.031946186,5.300887090387008e-10,1.6593176419959655e-08,True,1.0,1.0,1.0,1.0,1.0,True
EXP-EMBED-FP32-EQUIV-001,GOLD-MODEL-C1-B6-R00492,F033,-0.391694497416168,-0.391694456,4.1416167995134145e-08,1.057358943470943e-07,True,1.0,1.0,1.0,1.0,1.0,True
EXP-EMBED-FP32-EQUIV-001,GOLD-MODEL-C1-B6-R00492,F034,0.0019519394785208466,0.00195194082,1.3414791534549497e-09,6.872544811028181e-07,True,1.0,1.0,1.0,1.0,1.0,True
EXP-EMBED-FP32-EQUIV-001,GOLD-MODEL-C1-B6-R00492,F035,0.16143288337983255,0.161432892,8.620167440964721e-09,5.3397841012865284e-08,True,1.0,1.0,1.0,1.0,1.0,True
EXP-EMBED-FP32-EQUIV-001,GOLD-MODEL-C1-B6-R00492,F036,-0.4450866851149884,-0.445086718,3.28850116027013e-08,7.388450992238834e-08,True,1.0,1.0,1.0,1.0,1.0,True
EXP-EMBED-FP32-EQUIV-001,GOLD-MODEL-C1-B6-R00492,F037,0.01036899314160533,0.0103689916,1.5416053295025378e-09,1.486745442348577e-07,True,1.0,1.0,1.0,1.0,1.0,True
EXP-EMBED-FP32-EQUIV-001,GOLD-MODEL-C1-B6-R00492,F038,0.014816745059901147,0.0148167461,1.0400988525310906e-09,7.019752640179596e-08,True,1.0,1.0,1.0,1.0,1.0,True
EXP-EMBED-FP32-EQUIV-001,GOLD-MODEL-C1-B6-R00492,F039,-0.23388184788232905,-0.233881816,3.188232905459998e-08,1.3631809968698666e-07,True,1.0,1.0,1.0,1.0,1.0,True
EXP-EMBED-FP32-EQUIV-001,GOLD-MODEL-C1-B6-R00492,F040,-0.06769074809861225,-0.0676907524,4.301387745986318e-09,6.354469210061074e-08,True,1.0,1.0,1.0,1.0,1.0,True
EXP-EMBED-FP32-EQUIV-001,GOLD-MODEL-C1-B6-R00492,F041,-0.4617709617732247,-0.461770952,9.773224673992331e-09,2.1164658419539063e-08,True,1.0,1.0,1.0,1.0,1.0,True
EXP-EMBED-FP32-EQUIV-001,GOLD-MODEL-C1-B6-R00492,F042,-0.007529225904053269,-0.00752922241,3.494053269804953e-09,4.6406540517318934e-07,True,1.0,1.0,1.0,1.0,1.0,True
EXP-EMBED-FP32-EQUIV-001,GOLD-MODEL-C1-B6-R00492,F043,0.1635528973970249,0.163552895,2.397024884137622e-09,1.4655960990521865e-08,True,1.0,1.0,1.0,1.0,1.0,True
EXP-EMBED-FP32-EQUIV-001,GOLD-MODEL-C1-B6-R00492,F044,0.38272923903510314,0.382729262,2.296489687303449e-08,6.000298521986766e-08,True,1.0,1.0,1.0,1.0,1.0,True
EXP-EMBED-FP32-EQUIV-001,GOLD-MODEL-C1-B6-R00492,F045,0.010925081306715084,0.0109250825,1.1932849170587234e-09,1.0922435115656967e-07,True,1.0,1.0,1.0,1.0,1.0,True
EXP-EMBED-FP32-EQUIV-001,GOLD-MODEL-C1-B6-R00492,F046,0.015170132752122707,0.0151701318,9.521227070652394e-10,6.276297792661122e-08,True,1.0,1.0,1.0,1.0,1.0,True
EXP-EMBED-FP32-EQUIV-001,GOLD-MODEL-C1-B6-R00492,F047,-0.043138205400511,-0.043138206,5.994890001081998e-10,1.38969387934042e-08,True,1.0,1.0,1.0,1.0,1.0,True
EXP-EMBED-FP32-EQUIV-001,GOLD-MODEL-C1-B6-R00492,F048,0.10204284652985281,0.102042839,7.529852810717053e-09,7.379108939806165e-08,True,1.0,1.0,1.0,1.0,1.0,True
EXP-EMBED-FP32-EQUIV-001,GOLD-MODEL-C1-B6-R00492,F049,-0.15862301671297024,-0.158623025,8.287029756859354e-09,5.2243551589078705e-08,True,1.0,1.0,1.0,1.0,1.0,True
EXP-EMBED-FP32-EQUIV-001,GOLD-MODEL-C1-B6-R00492,F050,0.04666193411499802,0.046661932,2.1149980169998805e-09,4.5325982669031295e-08,True,1.0,1.0,1.0,1.0,1.0,True
EXP-EMBED-FP32-EQUIV-001,GOLD-MODEL-C1-B6-R00492,F051,0.3619261781709058,0.361926138,4.017090576846627e-08,1.1099198729277078e-07,True,1.0,1.0,1.0,1.0,1.0,True
EXP-EMBED-FP32-EQUIV-001,GOLD-MODEL-C1-B6-R00492,F052,0.4293888997076168,0.429388911,1.1292383195193878e-08,2.6298731063805294e-08,True,1.0,1.0,1.0,1.0,1.0,True
EXP-EMBED-FP32-EQUIV-001,GOLD-MODEL-C1-B6-R00492,F053,0.177748827622367,0.177748844,1.637763299977557e-08,9.213918999550518e-08,True,1.0,1.0,1.0,1.0,1.0,True
EXP-EMBED-FP32-EQUIV-001,GOLD-MODEL-C1-B6-R00492,F054,0.14866432699756546,0.14866434,1.3002434545716923e-08,8.746169850101196e-08,True,1.0,1.0,1.0,1.0,1.0,True
EXP-EMBED-FP32-EQUIV-001,GOLD-MODEL-C1-B6-R00492,F055,0.22825846487540702,0.228258461,3.8754070230684334e-09,1.6978152486847715e-08,True,1.0,1.0,1.0,1.0,1.0,True
EXP-EMBED-FP32-EQUIV-001,GOLD-MODEL-C1-B6-R00492,F056,0.04969146551367075,0.0496914648,7.136707474986181e-10,1.4362038634225394e-08,True,1.0,1.0,1.0,1.0,1.0,True
EXP-EMBED-FP32-EQUIV-001,GOLD-MODEL-C1-B6-R00492,F057,-0.07564191802507549,-0.0756419078,1.0225075480763124e-08,1.3517736921178395e-07,True,1.0,1.0,1.0,1.0,1.0,True
EXP-EMBED-FP32-EQUIV-001,GOLD-MODEL-C1-B6-R00492,F058,-0.006668881824628363,-0.00666888151,3.1462836242585057e-10,4.7178578163421554e-08,True,1.0,1.0,1.0,1.0,1.0,True
EXP-EMBED-FP32-EQUIV-001,GOLD-MODEL-C1-B6-R00492,F059,0.3359306976463909,0.335930705,7.353609110527515e-09,2.1890256419102577e-08,True,1.0,1.0,1.0,1.0,1.0,True
EXP-EMBED-FP32-EQUIV-001,GOLD-MODEL-C1-B6-R00492,F060,0.34814658416888583,0.348146588,3.831114148145076e-09,1.1004313477011176e-08,True,1.0,1.0,1.0,1.0,1.0,True
EXP-EMBED-FP32-EQUIV-001,GOLD-MODEL-C1-B6-R00492,F061,0.17107647939751505,0.171076462,1.7397515039707656e-08,1.0169437143537781e-07,True,1.0,1.0,1.0,1.0,1.0,True
EXP-EMBED-FP32-EQUIV-001,GOLD-MODEL-C1-B6-R00492,F062,0.1504378695819644,0.150437862,7.581964389657969e-09,5.039930710749012e-08,True,1.0,1.0,1.0,1.0,1.0,True
EXP-EMBED-FP32-EQUIV-001,GOLD-MODEL-C1-B6-R00492,F063,0.11210938037830451,0.112109385,4.621695498530087e-09,4.1224877730431924e-08,True,1.0,1.0,1.0,1.0,1.0,True
EXP-EMBED-FP32-EQUIV-001,GOLD-MODEL-C1-B6-R00492,F064,0.05402650873110322,0.0540265068,1.9311032217750324e-09,3.5743624141740824e-08,True,1.0,1.0,1.0,1.0,1.0,True
EXP-EMBED-FP32-EQUIV-001,GOLD-MODEL-C1-B6-R00492,F065,0.06101902333455928,0.0610190257,2.365440718299361e-09,3.876562732461253e-08,True,1.0,1.0,1.0,1.0,1.0,True
EXP-EMBED-FP32-EQUIV-001,GOLD-MODEL-C1-B6-R00492,F066,0.04501198018169291,0.045011986,5.818307086125074e-09,1.2926130027248773e-07,True,1.0,1.0,1.0,1.0,1.0,True
EXP-EMBED-FP32-EQUIV-001,GOLD-MODEL-C1-B6-R00492,F067,0.04151001740232525,0.0415100269,9.497674743896845e-09,2.288044028467407e-07,True,1.0,1.0,1.0,1.0,1.0,True
EXP-EMBED-FP32-EQUIV-001,GOLD-MODEL-C1-B6-R00492,F068,-0.011631959889079658,-0.0116319582,1.6890796573909572e-09,1.4521023744044223e-07,True,1.0,1.0,1.0,1.0,1.0,True
EXP-EMBED-FP32-EQUIV-001,GOLD-MODEL-C1-B6-R00492,F069,0.03563033701099838,0.0356303379,8.890016223173092e-10,2.495069361939776e-08,True,1.0,1.0,1.0,1.0,1.0,True
EXP-EMBED-FP32-EQUIV-001,GOLD-MODEL-C1-B6-R00492,F070,0.025959576327991,0.0259595867,1.0372008998199567e-08,3.995446176452392e-07,True,1.0,1.0,1.0,1.0,1.0,True
EXP-EMBED-FP32-EQUIV-001,GOLD-MODEL-C1-B6-R00492,F071,-0.05800309346693151,-0.0580030978,4.333068487349934e-09,7.470409297773549e-08,True,1.0,1.0,1.0,1.0,1.0,True
EXP-EMBED-FP32-EQUIV-001,GOLD-MODEL-C1-B6-R00492,F072,0.05040443303330977,0.0504044369,3.866690231890679e-09,7.671329681132168e-08,True,1.0,1.0,1.0,1.0,1.0,True
EXP-EMBED-FP32-EQUIV-001,GOLD-MODEL-C1-B6-R00492,F073,0.0580864536495218,0.0580864474,6.249521802836888e-09,1.0759000438458231e-07,True,1.0,1.0,1.0,1.0,1.0,True
EXP-EMBED-FP32-EQUIV-001,GOLD-MODEL-C1-B6-R00492,F074,0.06171024905454799,0.0617102534,4.345452005172223e-09,7.041702264612667e-08,True,1.0,1.0,1.0,1.0,1.0,True
EXP-EMBED-FP32-EQUIV-001,GOLD-MODEL-C1-B6-R00492,F075,0.05182749092794973,0.0518274941,3.1720502752241586e-09,6.120401004235232e-08,True,1.0,1.0,1.0,1.0,1.0,True
EXP-EMBED-FP32-EQUIV-001,GOLD-MODEL-C1-B6-R00492,F076,0.029517002283090468,0.0295169968,5.483090467772733e-09,1.857604107349971e-07,True,1.0,1.0,1.0,1.0,1.0,True
EXP-EMBED-FP32-EQUIV-001,GOLD-MODEL-C1-B6-R00492,F077,-0.00619975392059058,-0.00619975384,8.059058021619991e-11,1.2998996613162828e-08,True,1.0,1.0,1.0,1.0,1.0,True
EXP-EMBED-FP32-EQUIV-001,GOLD-MODEL-C1-B6-R00492,F078,-0.0007246166754050865,-0.000724616635,4.0405086503166043e-11,5.57606357603876e-08,True,1.0,1.0,1.0,1.0,1.0,True
EXP-EMBED-FP32-EQUIV-001,GOLD-MODEL-C1-B6-R00492,F079,0.02924047377928048,0.0292404667,7.079280481270267e-09,2.4210553271837127e-07,True,1.0,1.0,1.0,1.0,1.0,True
EXP-EMBED-FP32-EQUIV-001,GOLD-MODEL-C1-B6-R00492,F080,-0.2926497199055331,-0.292649746,2.6094466865078658e-08,8.91662116522849e-08,True,1.0,1.0,1.0,1.0,1.0,True
EXP-EMBED-FP32-EQUIV-001,GOLD-MODEL-C1-B6-R00492,F081,0.1908694043724005,0.190869406,1.6275994996206578e-09,8.527293858187398e-09,True,1.0,1.0,1.0,1.0,1.0,True
EXP-EMBED-FP32-EQUIV-001,GOLD-MODEL-C1-B6-R00492,F082,-0.1156698299012579,-0.115669824,5.901257899010304e-09,5.101812550470542e-08,True,1.0,1.0,1.0,1.0,1.0,True
EXP-EMBED-FP32-EQUIV-001,GOLD-MODEL-C1-B6-R00492,F083,-0.01676036966953794,-0.0167603698,1.3046206129296856e-10,7.783960847240979e-09,True,1.0,1.0,1.0,1.0,1.0,True
EXP-EMBED-FP32-EQUIV-001,GOLD-MODEL-C1-B6-R00492,F084,0.026254507470049267,0.0262545068,6.700492660716151e-10,2.5521303983173054e-08,True,1.0,1.0,1.0,1.0,1.0,True
EXP-EMBED-FP32-EQUIV-001,GOLD-MODEL-C1-B6-R00492,F085,0.0037213590529120654,0.00372135872,3.329120655364004e-10,8.945980777530392e-08,True,1.0,1.0,1.0,1.0,1.0,True
EXP-EMBED-FP32-EQUIV-001,GOLD-MODEL-C1-B6-R00492,F086,-0.00697565191441387,-0.00697565172,1.9441387041907454e-10,2.7870351445913593e-08,True,1.0,1.0,1.0,1.0,1.0,True
EXP-EMBED-FP32-EQUIV-001,GOLD-MODEL-C1-B6-R00492,F087,-0.3371001662987083,-0.337100148,1.8298708326369706e-08,5.428270334982574e-08,True,1.0,1.0,1.0,1.0,1.0,True
EXP-EMBED-FP32-EQUIV-001,GOLD-MODEL-C1-B6-R00492,F088,-0.3343775559019407,-0.334377587,3.1098059294354385e-08,9.300283091809601e-08,True,1.0,1.0,1.0,1.0,1.0,True
EXP-EMBED-FP32-EQUIV-001,GOLD-MODEL-C1-B6-R00492,F089,0.1662087612228287,0.166208789,2.7777171285325863e-08,1.6712218466080885e-07,True,1.0,1.0,1.0,1.0,1.0,True
EXP-EMBED-FP32-EQUIV-001,GOLD-MODEL-C1-B6-R00492,F090,-0.16742613018101252,-0.167426154,2.381898747683131e-08,1.4226565143134734e-07,True,1.0,1.0,1.0,1.0,1.0,True
EXP-EMBED-FP32-EQUIV-001,GOLD-MODEL-C1-B6-R00492,F091,-0.06682710958412158,-0.0668271109,1.3158784201161566e-09,1.9690787590621985e-08,True,1.0,1.0,1.0,1.0,1.0,True
EXP-EMBED-FP32-EQUIV-001,GOLD-MODEL-C1-B6-R00492,F092,-0.016828240622453992,-0.0168282427,2.077546006756803e-09,1.2345592467846726e-07,True,1.0,1.0,1.0,1.0,1.0,True
EXP-EMBED-FP32-EQUIV-001,GOLD-MODEL-C1-B6-R00492,F093,-0.013846241164499383,-0.01384624,1.1644993840737028e-09,8.41022029183908e-08,True,1.0,1.0,1.0,1.0,1.0,True
EXP-EMBED-FP32-EQUIV-001,GOLD-MODEL-C1-B6-R00492,F094,-0.010221795516537471,-0.0102217952,3.1653747158133516e-10,3.096691487021245e-08,True,1.0,1.0,1.0,1.0,1.0,True
EXP-EMBED-FP32-EQUIV-001,GOLD-MODEL-C1-B6-R00492,F095,0.0940881556468546,0.0940881521,3.546854601688132e-09,3.769714240122534e-08,True,1.0,1.0,1.0,1.0,1.0,True
EXP-EMBED-FP32-EQUIV-001,GOLD-MODEL-C1-B6-R00492,F096,0.094752073752055,0.0947520658,7.952055000592928e-09,8.392486502619119e-08,True,1.0,1.0,1.0,1.0,1.0,True
EXP-EMBED-FP32-EQUIV-001,GOLD-MODEL-C1-B6-R00492,F097,-0.42462228203739644,-0.424622267,1.5037396439154804e-08,3.5413583024902264e-08,True,1.0,1.0,1.0,1.0,1.0,True
EXP-EMBED-FP32-EQUIV-001,GOLD-MODEL-C1-B6-R00492,F098,0.19919126089007233,0.199191272,1.1109927672281472e-08,5.577517619315994e-08,True,1.0,1.0,1.0,1.0,1.0,True
EXP-EMBED-FP32-EQUIV-001,GOLD-MODEL-C1-B6-R00492,F099,1.0511641784362669,1.05116415,2.8436266896747497e-08,2.7052165094752245e-08,True,1.0,1.0,1.0,1.0,1.0,True
EXP-EMBED-FP32-EQUIV-001,GOLD-MODEL-C1-B6-R00492,F100,1.1773097890972832,1.17730987,8.090271674809912e-08,6.871829105416024e-08,True,1.0,1.0,1.0,1.0,1.0,True
EXP-EMBED-FP32-EQUIV-001,GOLD-MODEL-C1-B6-R00492,F101,0.0007830866850224156,0.000783092575,5.889977584328833e-09,7.521488612924423e-06,True,1.0,1.0,1.0,1.0,1.0,True
EXP-EMBED-FP32-EQUIV-001,GOLD-MODEL-C1-B6-R00492,F102,-0.003872966565751816,-0.003872965,1.565751815962163e-09,4.0427713211054303e-07,True,1.0,1.0,1.0,1.0,1.0,True
EXP-EMBED-FP32-EQUIV-001,GOLD-MODEL-C1-B6-R00492,F103,-0.11522142617082155,-0.115221411,1.517082155733096e-08,1.316666705274022e-07,True,1.0,1.0,1.0,1.0,1.0,True
EXP-EMBED-FP32-EQUIV-001,GOLD-MODEL-C1-B6-R00492,F104,0.12375054207763374,0.123750567,2.4922366267943197e-08,2.0139197654834017e-07,True,1.0,1.0,1.0,1.0,1.0,True
EXP-EMBED-FP32-EQUIV-001,GOLD-MODEL-C1-B6-R00492,F105,-0.5948247898282901,-0.594824672,1.1782829012485507e-07,1.9808907116811477e-07,True,1.0,1.0,1.0,1.0,1.0,True
EXP-EMBED-FP32-EQUIV-001,GOLD-MODEL-C1-B6-R00492,F106,0.3576969872840099,0.35769701,2.2715990088961746e-08,6.350623823097886e-08,True,1.0,1.0,1.0,1.0,1.0,True
EXP-EMBED-FP32-EQUIV-001,GOLD-MODEL-C1-B6-R00492,F107,1.0893833542463922,1.08938324,1.1424639212442855e-07,1.0487253332731646e-07,True,1.0,1.0,1.0,1.0,1.0,True
EXP-EMBED-FP32-EQUIV-001,GOLD-MODEL-C1-B6-R00492,F108,0.7756123159208737,0.775612295,2.0920873700092102e-08,2.6973364489774818e-08,True,1.0,1.0,1.0,1.0,1.0,True
EXP-EMBED-FP32-EQUIV-001,GOLD-MODEL-C1-B6-R00492,F109,-0.010497461605958042,-0.0104974536,8.005958042345274e-09,7.626565681175089e-07,True,1.0,1.0,1.0,1.0,1.0,True
EXP-EMBED-FP32-EQUIV-001,GOLD-MODEL-C1-B6-R00492,F110,-0.02547401399378268,-0.0254740044,9.59378268147737e-09,3.766105602289014e-07,True,1.0,1.0,1.0,1.0,1.0,True
EXP-EMBED-FP32-EQUIV-001,GOLD-MODEL-C1-B6-R00492,F111,-0.34765020870039576,-0.3476502,8.70039573719339e-09,2.5026292288785516e-08,True,1.0,1.0,1.0,1.0,1.0,True
EXP-EMBED-FP32-EQUIV-001,GOLD-MODEL-C1-B6-R00492,F112,-0.13339201521928515,-0.133392021,5.7807148512445394e-09,4.333628847080191e-08,True,1.0,1.0,1.0,1.0,1.0,True
EXP-EMBED-FP32-EQUIV-001,GOLD-MODEL-C1-B6-R00492,F113,-0.05494006128042184,-0.0549400635,2.219578160156388e-09,4.0399994256055654e-08,True,1.0,1.0,1.0,1.0,1.0,True
EXP-EMBED-FP32-EQUIV-001,GOLD-MODEL-C1-B6-R00492,F114,-0.11563777929524181,-0.115637772,7.295241813420894e-09,6.308701064549994e-08,True,1.0,1.0,1.0,1.0,1.0,True
EXP-EMBED-FP32-EQUIV-001,GOLD-MODEL-C1-B6-R00492,F115,0.17185557491690268,0.171855584,9.083097329831702e-09,5.28530851223398e-08,True,1.0,1.0,1.0,1.0,1.0,True
EXP-EMBED-FP32-EQUIV-001,GOLD-MODEL-C1-B6-R00492,F116,0.2581234864532392,0.258123487,5.467608032994065e-10,2.1182140796725054e-09,True,1.0,1.0,1.0,1.0,1.0,True
EXP-EMBED-FP32-EQUIV-001,GOLD-MODEL-C1-B6-R00492,F117,0.09125164667834636,0.0912516415,5.178346362821884e-09,5.674797717431969e-08,True,1.0,1.0,1.0,1.0,1.0,True
EXP-EMBED-FP32-EQUIV-001,GOLD-MODEL-C1-B6-R00492,F118,0.03829568003585357,0.0382956713,8.735853568309082e-09,2.281159013269986e-07,True,1.0,1.0,1.0,1.0,1.0,True
EXP-EMBED-FP32-EQUIV-001,GOLD-MODEL-C1-B6-R00492,F119,0.031107375306962812,0.0311073735,1.8069628120176429e-09,5.808792269314948e-08,True,1.0,1.0,1.0,1.0,1.0,True
EXP-EMBED-FP32-EQUIV-001,GOLD-MODEL-C1-B6-R00492,F120,-0.10483420368356809,-0.104834199,4.683568088914569e-09,4.467595426251786e-08,True,1.0,1.0,1.0,1.0,1.0,True
EXP-EMBED-FP32-EQUIV-001,GOLD-MODEL-C1-B6-R00492,F121,-0.16064464948785584,-0.16064465,5.121441604138965e-10,3.1880561353685967e-09,True,1.0,1.0,1.0,1.0,1.0,True
EXP-EMBED-FP32-EQUIV-001,GOLD-MODEL-C1-B6-R00492,F122,-0.07451445380758687,-0.0745144486,5.207586861732949e-09,6.988693596520365e-08,True,1.0,1.0,1.0,1.0,1.0,True
EXP-EMBED-FP32-EQUIV-001,GOLD-MODEL-C1-B6-R00492,F123,0.22079770865466644,0.220797688,2.0654666449404502e-08,9.35456557735794e-08,True,1.0,1.0,1.0,1.0,1.0,True
EXP-EMBED-FP32-EQUIV-001,GOLD-MODEL-C1-B6-R00492,F124,0.21984706851096858,0.219847083,1.4489031419095966e-08,6.590504716406114e-08,True,1.0,1.0,1.0,1.0,1.0,True
EXP-EMBED-FP32-EQUIV-001,GOLD-MODEL-C1-B6-R00492,F125,0.1353199575269987,0.135319933,2.4526998709806236e-08,1.8125189482795004e-07,True,1.0,1.0,1.0,1.0,1.0,True
EXP-EMBED-FP32-EQUIV-001,GOLD-MODEL-C1-B6-R00492,F126,0.08107085983583784,0.0810708702,1.0364162167375568e-08,1.2784078259885472e-07,True,1.0,1.0,1.0,1.0,1.0,True
EXP-EMBED-FP32-EQUIV-001,GOLD-MODEL-C1-B6-R00492,F127,0.006996141669232013,0.00699614221,5.40767987680657e-10,7.729517400410485e-08,True,1.0,1.0,1.0,1.0,1.0,True
EXP-EMBED-FP32-EQUIV-001,GOLD-MODEL-C1-B6-R00523,F000,0.032814741060906864,0.0328147411,3.909313844863149e-11,1.191328567123885e-09,True,1.0,1.0,1.0,1.0,1.0,True
EXP-EMBED-FP32-EQUIV-001,GOLD-MODEL-C1-B6-R00523,F001,0.11638112035597391,0.116381124,3.6440260947623315e-09,3.1311144656593624e-08,True,1.0,1.0,1.0,1.0,1.0,True
EXP-EMBED-FP32-EQUIV-001,GOLD-MODEL-C1-B6-R00523,F002,0.029031114693027764,0.0290311165,1.8069722350355644e-09,6.224260605017466e-08,True,1.0,1.0,1.0,1.0,1.0,True
EXP-EMBED-FP32-EQUIV-001,GOLD-MODEL-C1-B6-R00523,F003,0.028208491612579423,0.0282084867,4.912579423116403e-09,1.7415250310391163e-07,True,1.0,1.0,1.0,1.0,1.0,True
EXP-EMBED-FP32-EQUIV-001,GOLD-MODEL-C1-B6-R00523,F004,0.013799493251788789,0.0137994885,4.751788788837086e-09,3.443451655894049e-07,True,1.0,1.0,1.0,1.0,1.0,True
EXP-EMBED-FP32-EQUIV-001,GOLD-MODEL-C1-B6-R00523,F005,0.003799266201457405,0.00379926595,2.514574048116669e-10,6.618578206370678e-08,True,1.0,1.0,1.0,1.0,1.0,True
EXP-EMBED-FP32-EQUIV-001,GOLD-MODEL-C1-B6-R00523,F006,0.008199307651566198,0.00819930807,4.184338014967537e-10,5.1032821218365455e-08,True,1.0,1.0,1.0,1.0,1.0,True
EXP-EMBED-FP32-EQUIV-001,GOLD-MODEL-C1-B6-R00523,F007,0.03345786320102397,0.0334578566,6.60102397048723e-09,1.972936505486461e-07,True,1.0,1.0,1.0,1.0,1.0,True
EXP-EMBED-FP32-EQUIV-001,GOLD-MODEL-C1-B6-R00523,F008,0.05032038319336405,0.0503203869,3.7066359495629975e-09,7.366072581998554e-08,True,1.0,1.0,1.0,1.0,1.0,True
EXP-EMBED-FP32-EQUIV-001,GOLD-MODEL-C1-B6-R00523,F009,0.15054947941494942,0.150549486,6.585050588148178e-09,4.374010865888314e-08,True,1.0,1.0,1.0,1.0,1.0,True
EXP-EMBED-FP32-EQUIV-001,GOLD-MODEL-C1-B6-R00523,F010,0.04449422070856664,0.0444942266,5.891433361993048e-09,1.324089571223516e-07,True,1.0,1.0,1.0,1.0,1.0,True
EXP-EMBED-FP32-EQUIV-001,GOLD-MODEL-C1-B6-R00523,F011,0.047642411337317156,0.0476424061,5.237317156348009e-09,1.0992972457390595e-07,True,1.0,1.0,1.0,1.0,1.0,True
EXP-EMBED-FP32-EQUIV-001,GOLD-MODEL-C1-B6-R00523,F012,0.022512679669075136,0.0225126874,7.730924862087152e-09,3.434031388412125e-07,True,1.0,1.0,1.0,1.0,1.0,True
EXP-EMBED-FP32-EQUIV-001,GOLD-MODEL-C1-B6-R00523,F013,0.021050733457074113,0.0210507344,9.429258866766599e-10,4.4793018191002226e-08,True,1.0,1.0,1.0,1.0,1.0,True
EXP-EMBED-FP32-EQUIV-001,GOLD-MODEL-C1-B6-R00523,F014,0.01872279854131886,0.0187228005,1.9586811408900395e-09,1.0461476346965314e-07,True,1.0,1.0,1.0,1.0,1.0,True
EXP-EMBED-FP32-EQUIV-001,GOLD-MODEL-C1-B6-R00523,F015,0.0020867594017622776,0.00208675233,7.0717622777626e-09,3.3888728483937653e-06,True,1.0,1.0,1.0,1.0,1.0,True
EXP-EMBED-FP32-EQUIV-001,GOLD-MODEL-C1-B6-R00523,F016,-0.20041509168432342,-0.20041509,1.6843234307284405e-09,8.404174638611755e-09,True,1.0,1.0,1.0,1.0,1.0,True
EXP-EMBED-FP32-EQUIV-001,GOLD-MODEL-C1-B6-R00523,F017,0.05720849198628887,0.0572084971,5.113711128157394e-09,8.938727364781779e-08,True,1.0,1.0,1.0,1.0,1.0,True
EXP-EMBED-FP32-EQUIV-001,GOLD-MODEL-C1-B6-R00523,F018,-0.19829029518736707,-0.198290288,7.18736706262213e-09,3.624669102353544e-08,True,1.0,1.0,1.0,1.0,1.0,True
EXP-EMBED-FP32-EQUIV-001,GOLD-MODEL-C1-B6-R00523,F019,-0.02966694723596952,-0.0296669472,3.596952249940166e-11,1.2124443480248153e-09,True,1.0,1.0,1.0,1.0,1.0,True
EXP-EMBED-FP32-EQUIV-001,GOLD-MODEL-C1-B6-R00523,F020,-0.012594315969016296,-0.0125943152,7.690162968226888e-10,6.10605846887256e-08,True,1.0,1.0,1.0,1.0,1.0,True
EXP-EMBED-FP32-EQUIV-001,GOLD-MODEL-C1-B6-R00523,F021,0.032290701840929026,0.0322907045,2.6590709772955634e-09,8.234788424217974e-08,True,1.0,1.0,1.0,1.0,1.0,True
EXP-EMBED-FP32-EQUIV-001,GOLD-MODEL-C1-B6-R00523,F022,0.001879068162947346,0.00187906856,3.9705265399321565e-10,2.1130295421025747e-07,True,1.0,1.0,1.0,1.0,1.0,True
EXP-EMBED-FP32-EQUIV-001,GOLD-MODEL-C1-B6-R00523,F023,-0.10883981920229895,-0.108839825,5.797701055354487e-09,5.32681981451879e-08,True,1.0,1.0,1.0,1.0,1.0,True
EXP-EMBED-FP32-EQUIV-001,GOLD-MODEL-C1-B6-R00523,F024,-0.3624335484936977,-0.362433523,2.5493697708434127e-08,7.034033635790047e-08,True,1.0,1.0,1.0,1.0,1.0,True
EXP-EMBED-FP32-EQUIV-001,GOLD-MODEL-C1-B6-R00523,F025,0.10996559587174137,0.109965608,1.2128258633503641e-08,1.1029139193361407e-07,True,1.0,1.0,1.0,1.0,1.0,True
EXP-EMBED-FP32-EQUIV-001,GOLD-MODEL-C1-B6-R00523,F026,-0.30657258469340115,-0.306572586,1.3065988291316444e-09,4.2619558772300375e-09,True,1.0,1.0,1.0,1.0,1.0,True
EXP-EMBED-FP32-EQUIV-001,GOLD-MODEL-C1-B6-R00523,F027,-0.12812222298221596,-0.128122225,2.017784050956095e-09,1.57488997926314e-08,True,1.0,1.0,1.0,1.0,1.0,True
EXP-EMBED-FP32-EQUIV-001,GOLD-MODEL-C1-B6-R00523,F028,-0.09165313456087902,-0.0916531309,3.660879016598173e-09,3.994275846797686e-08,True,1.0,1.0,1.0,1.0,1.0,True
EXP-EMBED-FP32-EQUIV-001,GOLD-MODEL-C1-B6-R00523,F029,-0.014445646442815032,-0.0144456457,7.428150317068116e-10,5.142137699737713e-08,True,1.0,1.0,1.0,1.0,1.0,True
EXP-EMBED-FP32-EQUIV-001,GOLD-MODEL-C1-B6-R00523,F030,-0.06093377848565073,-0.0609337874,8.914349272637345e-09,1.4629569171943902e-07,True,1.0,1.0,1.0,1.0,1.0,True
EXP-EMBED-FP32-EQUIV-001,GOLD-MODEL-C1-B6-R00523,F031,-0.4587963986453896,-0.458796412,1.3354610362004138e-08,2.910792325622876e-08,True,1.0,1.0,1.0,1.0,1.0,True
EXP-EMBED-FP32-EQUIV-001,GOLD-MODEL-C1-B6-R00523,F032,-0.025350097369273218,-0.0253500994,2.0307267811769947e-09,8.010725764069187e-08,True,1.0,1.0,1.0,1.0,1.0,True
EXP-EMBED-FP32-EQUIV-001,GOLD-MODEL-C1-B6-R00523,F033,-0.3110500345209061,-0.311049968,6.652090611680705e-08,2.1385918255648382e-07,True,1.0,1.0,1.0,1.0,1.0,True
EXP-EMBED-FP32-EQUIV-001,GOLD-MODEL-C1-B6-R00523,F034,0.008859266362517028,0.00885926373,2.632517027284509e-09,2.971484228561537e-07,True,1.0,1.0,1.0,1.0,1.0,True
EXP-EMBED-FP32-EQUIV-001,GOLD-MODEL-C1-B6-R00523,F035,0.24835244640991105,0.248352408,3.840991105730218e-08,1.5465887939716847e-07,True,1.0,1.0,1.0,1.0,1.0,True
EXP-EMBED-FP32-EQUIV-001,GOLD-MODEL-C1-B6-R00523,F036,-0.5956936066194476,-0.595693529,7.7619447536037e-08,1.3030095786410437e-07,True,1.0,1.0,1.0,1.0,1.0,True
EXP-EMBED-FP32-EQUIV-001,GOLD-MODEL-C1-B6-R00523,F037,0.008162412204702298,0.00816241186,3.447022979552461e-10,4.2230444788939475e-08,True,1.0,1.0,1.0,1.0,1.0,True
EXP-EMBED-FP32-EQUIV-001,GOLD-MODEL-C1-B6-R00523,F038,0.0089777234423403,0.00897772238,1.062340299062825e-09,1.1833069996928928e-07,True,1.0,1.0,1.0,1.0,1.0,True
EXP-EMBED-FP32-EQUIV-001,GOLD-MODEL-C1-B6-R00523,F039,-0.2685543901171321,-0.26855436,3.011713212153211e-08,1.1214537251986939e-07,True,1.0,1.0,1.0,1.0,1.0,True
EXP-EMBED-FP32-EQUIV-001,GOLD-MODEL-C1-B6-R00523,F040,-0.053191783900391025,-0.0531917885,4.599608971478375e-09,8.647216983908227e-08,True,1.0,1.0,1.0,1.0,1.0,True
EXP-EMBED-FP32-EQUIV-001,GOLD-MODEL-C1-B6-R00523,F041,-0.35908850645474905,-0.35908851,3.5452509816735756e-09,9.872916893596912e-09,True,1.0,1.0,1.0,1.0,1.0,True
EXP-EMBED-FP32-EQUIV-001,GOLD-MODEL-C1-B6-R00523,F042,0.014103921131666168,0.014103923,1.868333833129898e-09,1.3246910668942336e-07,True,1.0,1.0,1.0,1.0,1.0,True
EXP-EMBED-FP32-EQUIV-001,GOLD-MODEL-C1-B6-R00523,F043,0.3205999310727224,0.320599914,1.7072722402478036e-08,5.325242068940243e-08,True,1.0,1.0,1.0,1.0,1.0,True
EXP-EMBED-FP32-EQUIV-001,GOLD-MODEL-C1-B6-R00523,F044,0.35597425462547444,0.355974287,3.237452556037468e-08,9.094625563423505e-08,True,1.0,1.0,1.0,1.0,1.0,True
EXP-EMBED-FP32-EQUIV-001,GOLD-MODEL-C1-B6-R00523,F045,0.00878686048748204,0.00878686178,1.2925179607159443e-09,1.4709667492243613e-07,True,1.0,1.0,1.0,1.0,1.0,True
EXP-EMBED-FP32-EQUIV-001,GOLD-MODEL-C1-B6-R00523,F046,0.009861971219119116,0.00986197218,9.6088088354096e-10,9.743294339352038e-08,True,1.0,1.0,1.0,1.0,1.0,True
EXP-EMBED-FP32-EQUIV-001,GOLD-MODEL-C1-B6-R00523,F047,-0.031895676379647346,-0.0318956748,1.5796473434859237e-09,4.95254380149749e-08,True,1.0,1.0,1.0,1.0,1.0,True
EXP-EMBED-FP32-EQUIV-001,GOLD-MODEL-C1-B6-R00523,F048,0.11973463270616377,0.119734615,1.7706163771280536e-08,1.4787838214472636e-07,True,1.0,1.0,1.0,1.0,1.0,True
EXP-EMBED-FP32-EQUIV-001,GOLD-MODEL-C1-B6-R00523,F049,-0.08108539056503582,-0.0810853988,8.23496418278502e-09,1.0155916035429388e-07,True,1.0,1.0,1.0,1.0,1.0,True
EXP-EMBED-FP32-EQUIV-001,GOLD-MODEL-C1-B6-R00523,F050,0.06594616222542075,0.0659461617,5.254207485760887e-10,7.967419647258121e-09,True,1.0,1.0,1.0,1.0,1.0,True
EXP-EMBED-FP32-EQUIV-001,GOLD-MODEL-C1-B6-R00523,F051,0.44632409100161957,0.44632405,4.100161954401216e-08,9.186512753994132e-08,True,1.0,1.0,1.0,1.0,1.0,True
EXP-EMBED-FP32-EQUIV-001,GOLD-MODEL-C1-B6-R00523,F052,0.4666850257313231,0.466685027,1.2686768857683717e-09,2.718486379073937e-09,True,1.0,1.0,1.0,1.0,1.0,True
EXP-EMBED-FP32-EQUIV-001,GOLD-MODEL-C1-B6-R00523,F053,0.2567024153201426,0.256702453,3.76798574008852e-08,1.4678419505283317e-07,True,1.0,1.0,1.0,1.0,1.0,True
EXP-EMBED-FP32-EQUIV-001,GOLD-MODEL-C1-B6-R00523,F054,0.20506242241367162,0.205062419,3.413671623153647e-09,1.6646987697566843e-08,True,1.0,1.0,1.0,1.0,1.0,True
EXP-EMBED-FP32-EQUIV-001,GOLD-MODEL-C1-B6-R00523,F055,0.20227923855552085,0.20227927,3.144447915937043e-08,1.5545084796598968e-07,True,1.0,1.0,1.0,1.0,1.0,True
EXP-EMBED-FP32-EQUIV-001,GOLD-MODEL-C1-B6-R00523,F056,0.05879497540480283,0.058794979,3.5951971677494754e-09,6.114803421545087e-08,True,1.0,1.0,1.0,1.0,1.0,True
EXP-EMBED-FP32-EQUIV-001,GOLD-MODEL-C1-B6-R00523,F057,-0.03953026361352126,-0.0395302586,5.0135212578683586e-09,1.2682741776995113e-07,True,1.0,1.0,1.0,1.0,1.0,True
EXP-EMBED-FP32-EQUIV-001,GOLD-MODEL-C1-B6-R00523,F058,-0.009203803680382108,-0.00920380279,8.903821083205976e-10,9.674066714595896e-08,True,1.0,1.0,1.0,1.0,1.0,True
EXP-EMBED-FP32-EQUIV-001,GOLD-MODEL-C1-B6-R00523,F059,0.4130835592087192,0.413083524,3.520871921791624e-08,8.523389138352585e-08,True,1.0,1.0,1.0,1.0,1.0,True
EXP-EMBED-FP32-EQUIV-001,GOLD-MODEL-C1-B6-R00523,F060,0.4004516589366067,0.40045169,3.106339330205543e-08,7.757089428607638e-08,True,1.0,1.0,1.0,1.0,1.0,True
EXP-EMBED-FP32-EQUIV-001,GOLD-MODEL-C1-B6-R00523,F061,0.2458510456744063,0.24585107,2.43255937060205e-08,9.894443865102035e-08,True,1.0,1.0,1.0,1.0,1.0,True
EXP-EMBED-FP32-EQUIV-001,GOLD-MODEL-C1-B6-R00523,F062,0.2087163424036217,0.208716318,2.4403621678992238e-08,1.1692242877560497e-07,True,1.0,1.0,1.0,1.0,1.0,True
EXP-EMBED-FP32-EQUIV-001,GOLD-MODEL-C1-B6-R00523,F063,0.11353249256552117,0.113532491,1.565521171031925e-09,1.3789190527358863e-08,True,1.0,1.0,1.0,1.0,1.0,True
EXP-EMBED-FP32-EQUIV-001,GOLD-MODEL-C1-B6-R00523,F064,0.0984654423088832,0.0984654427,3.9111680560921513e-10,3.9721225684671506e-09,True,1.0,1.0,1.0,1.0,1.0,True
EXP-EMBED-FP32-EQUIV-001,GOLD-MODEL-C1-B6-R00523,F065,-0.12677488978632992,-0.126774892,2.2136700805752696e-09,1.746142382222736e-08,True,1.0,1.0,1.0,1.0,1.0,True
EXP-EMBED-FP32-EQUIV-001,GOLD-MODEL-C1-B6-R00523,F066,0.0933373446661862,0.0933373421,2.5661862079751074e-09,2.749367058976098e-08,True,1.0,1.0,1.0,1.0,1.0,True
EXP-EMBED-FP32-EQUIV-001,GOLD-MODEL-C1-B6-R00523,F067,0.09523766619348767,0.0952376723,6.1065123374559604e-09,6.411866839586124e-08,True,1.0,1.0,1.0,1.0,1.0,True
EXP-EMBED-FP32-EQUIV-001,GOLD-MODEL-C1-B6-R00523,F068,0.054446511748178994,0.0544465184,6.651821003733627e-09,1.2217166518397026e-07,True,1.0,1.0,1.0,1.0,1.0,True
EXP-EMBED-FP32-EQUIV-001,GOLD-MODEL-C1-B6-R00523,F069,0.06084621186809309,0.0608462058,6.068093090505489e-09,9.972836277236697e-08,True,1.0,1.0,1.0,1.0,1.0,True
EXP-EMBED-FP32-EQUIV-001,GOLD-MODEL-C1-B6-R00523,F070,0.061540280087344724,0.0615402833,3.2126552737543612e-09,5.220410549309506e-08,True,1.0,1.0,1.0,1.0,1.0,True
EXP-EMBED-FP32-EQUIV-001,GOLD-MODEL-C1-B6-R00523,F071,0.07110252516526089,0.0711025149,1.0265260891317851e-08,1.44372662819762e-07,True,1.0,1.0,1.0,1.0,1.0,True
EXP-EMBED-FP32-EQUIV-001,GOLD-MODEL-C1-B6-R00523,F072,0.06697986107602208,0.0669798702,9.123977920411086e-09,1.3621971998501729e-07,True,1.0,1.0,1.0,1.0,1.0,True
EXP-EMBED-FP32-EQUIV-001,GOLD-MODEL-C1-B6-R00523,F073,-0.044128358215133,-0.0441283658,7.584866998366913e-09,1.7188192140277323e-07,True,1.0,1.0,1.0,1.0,1.0,True
EXP-EMBED-FP32-EQUIV-001,GOLD-MODEL-C1-B6-R00523,F074,0.08212322219479366,0.0821232274,5.205206335401336e-09,6.338287997339842e-08,True,1.0,1.0,1.0,1.0,1.0,True
EXP-EMBED-FP32-EQUIV-001,GOLD-MODEL-C1-B6-R00523,F075,0.07079723257738588,0.0707972348,2.2226141205283767e-09,3.139408193814522e-08,True,1.0,1.0,1.0,1.0,1.0,True
EXP-EMBED-FP32-EQUIV-001,GOLD-MODEL-C1-B6-R00523,F076,0.058348850546352686,0.0583488457,4.8463526872155605e-09,8.305823751173279e-08,True,1.0,1.0,1.0,1.0,1.0,True
EXP-EMBED-FP32-EQUIV-001,GOLD-MODEL-C1-B6-R00523,F077,-0.008301650533613059,-0.00830165017,3.636130598005938e-10,4.3800092322404885e-08,True,1.0,1.0,1.0,1.0,1.0,True
EXP-EMBED-FP32-EQUIV-001,GOLD-MODEL-C1-B6-R00523,F078,-0.0010843323925272493,-0.00108433247,7.747275065396464e-11,7.144741887992408e-08,True,1.0,1.0,1.0,1.0,1.0,True
EXP-EMBED-FP32-EQUIV-001,GOLD-MODEL-C1-B6-R00523,F079,0.06920561354445728,0.0692056045,9.044457280338314e-09,1.3068964809521133e-07,True,1.0,1.0,1.0,1.0,1.0,True
EXP-EMBED-FP32-EQUIV-001,GOLD-MODEL-C1-B6-R00523,F080,-0.3511837081410693,-0.351183712,3.858930675004757e-09,1.0988353347686156e-08,True,1.0,1.0,1.0,1.0,1.0,True
EXP-EMBED-FP32-EQUIV-001,GOLD-MODEL-C1-B6-R00523,F081,0.07429283936973667,0.0742928386,7.697366771752812e-10,1.036084612871634e-08,True,1.0,1.0,1.0,1.0,1.0,True
EXP-EMBED-FP32-EQUIV-001,GOLD-MODEL-C1-B6-R00523,F082,-0.20197147199596352,-0.201971442,2.999596351860312e-08,1.485158434613112e-07,True,1.0,1.0,1.0,1.0,1.0,True
EXP-EMBED-FP32-EQUIV-001,GOLD-MODEL-C1-B6-R00523,F083,-0.023643889496260586,-0.0236438904,9.037394131661269e-10,3.8222958761038805e-08,True,1.0,1.0,1.0,1.0,1.0,True
EXP-EMBED-FP32-EQUIV-001,GOLD-MODEL-C1-B6-R00523,F084,0.03359581063820223,0.0335958079,2.73820222745913e-09,8.150427614166526e-08,True,1.0,1.0,1.0,1.0,1.0,True
EXP-EMBED-FP32-EQUIV-001,GOLD-MODEL-C1-B6-R00523,F085,0.0053275791717776995,0.0053275791,7.177769923566446e-11,1.347285454074515e-08,True,1.0,1.0,1.0,1.0,1.0,True
EXP-EMBED-FP32-EQUIV-001,GOLD-MODEL-C1-B6-R00523,F086,-0.010509310130425293,-0.0105093122,2.0695747077886795e-09,1.9692774141254956e-07,True,1.0,1.0,1.0,1.0,1.0,True
EXP-EMBED-FP32-EQUIV-001,GOLD-MODEL-C1-B6-R00523,F087,-0.4244931534677372,-0.424493164,1.0532262784135327e-08,2.481138434883099e-08,True,1.0,1.0,1.0,1.0,1.0,True
EXP-EMBED-FP32-EQUIV-001,GOLD-MODEL-C1-B6-R00523,F088,-0.4050094787799191,-0.405009478,7.799191292789942e-10,1.925681175730704e-09,True,1.0,1.0,1.0,1.0,1.0,True
EXP-EMBED-FP32-EQUIV-001,GOLD-MODEL-C1-B6-R00523,F089,0.08306651872732206,0.0830665231,4.372677941955061e-09,5.264067892755941e-08,True,1.0,1.0,1.0,1.0,1.0,True
EXP-EMBED-FP32-EQUIV-001,GOLD-MODEL-C1-B6-R00523,F090,-0.27974447023587234,-0.279744506,3.5764127659376754e-08,1.2784570014635675e-07,True,1.0,1.0,1.0,1.0,1.0,True
EXP-EMBED-FP32-EQUIV-001,GOLD-MODEL-C1-B6-R00523,F091,-0.08863408764280789,-0.0886340961,8.457192113286993e-09,9.541692522823912e-08,True,1.0,1.0,1.0,1.0,1.0,True
EXP-EMBED-FP32-EQUIV-001,GOLD-MODEL-C1-B6-R00523,F092,-0.020628016102481442,-0.0206280164,2.975185584008777e-10,1.4423033069335629e-08,True,1.0,1.0,1.0,1.0,1.0,True
EXP-EMBED-FP32-EQUIV-001,GOLD-MODEL-C1-B6-R00523,F093,-0.020304860784807574,-0.0203048587,2.0848075731050297e-09,1.0267529510297931e-07,True,1.0,1.0,1.0,1.0,1.0,True
EXP-EMBED-FP32-EQUIV-001,GOLD-MODEL-C1-B6-R00523,F094,-0.015273710861590802,-0.0152737126,1.7384091978434046e-09,1.1381708175549057e-07,True,1.0,1.0,1.0,1.0,1.0,True
EXP-EMBED-FP32-EQUIV-001,GOLD-MODEL-C1-B6-R00523,F095,0.09250666855283131,0.092506662,6.5528313053508924e-09,7.083631275304782e-08,True,1.0,1.0,1.0,1.0,1.0,True
EXP-EMBED-FP32-EQUIV-001,GOLD-MODEL-C1-B6-R00523,F096,0.14952609389415614,0.149526075,1.8894156128546058e-08,1.2636026018255057e-07,True,1.0,1.0,1.0,1.0,1.0,True
EXP-EMBED-FP32-EQUIV-001,GOLD-MODEL-C1-B6-R00523,F097,-0.20266904463367053,-0.202669054,9.36632946202387e-09,4.621489916703239e-08,True,1.0,1.0,1.0,1.0,1.0,True
EXP-EMBED-FP32-EQUIV-001,GOLD-MODEL-C1-B6-R00523,F098,0.27424060628360086,0.274240583,2.3283600880663613e-08,8.490209089089202e-08,True,1.0,1.0,1.0,1.0,1.0,True
EXP-EMBED-FP32-EQUIV-001,GOLD-MODEL-C1-B6-R00523,F099,1.3556810050301003,1.35568118,1.7496989968002197e-07,1.2906421129367164e-07,True,1.0,1.0,1.0,1.0,1.0,True
EXP-EMBED-FP32-EQUIV-001,GOLD-MODEL-C1-B6-R00523,F100,1.4369323589241731,1.43693244,8.107582694094617e-08,5.642285556269844e-08,True,1.0,1.0,1.0,1.0,1.0,True
EXP-EMBED-FP32-EQUIV-001,GOLD-MODEL-C1-B6-R00523,F101,0.022516094828645264,0.0225160941,7.286452621824147e-10,3.236108515831186e-08,True,1.0,1.0,1.0,1.0,1.0,True
EXP-EMBED-FP32-EQUIV-001,GOLD-MODEL-C1-B6-R00523,F102,0.024235251494436918,0.0242352467,4.794436916921718e-09,1.9782905566390583e-07,True,1.0,1.0,1.0,1.0,1.0,True
EXP-EMBED-FP32-EQUIV-001,GOLD-MODEL-C1-B6-R00523,F103,-0.15029962236125383,-0.150299609,1.3361253825561192e-08,8.889745440242456e-08,True,1.0,1.0,1.0,1.0,1.0,True
EXP-EMBED-FP32-EQUIV-001,GOLD-MODEL-C1-B6-R00523,F104,0.2235767375204552,0.223576754,1.6479544784342437e-08,7.370867366214569e-08,True,1.0,1.0,1.0,1.0,1.0,True
EXP-EMBED-FP32-EQUIV-001,GOLD-MODEL-C1-B6-R00523,F105,-0.2721025740590779,-0.272102535,3.905907791645902e-08,1.4354541867721786e-07,True,1.0,1.0,1.0,1.0,1.0,True
EXP-EMBED-FP32-EQUIV-001,GOLD-MODEL-C1-B6-R00523,F106,0.5403470692079151,0.540347099,2.979208491016294e-08,5.513509114398384e-08,True,1.0,1.0,1.0,1.0,1.0,True
EXP-EMBED-FP32-EQUIV-001,GOLD-MODEL-C1-B6-R00523,F107,1.4669752593924956,1.46697533,7.060750428777851e-08,4.813135316066511e-08,True,1.0,1.0,1.0,1.0,1.0,True
EXP-EMBED-FP32-EQUIV-001,GOLD-MODEL-C1-B6-R00523,F108,0.8301864810181876,0.830186486,4.981812407045538e-09,6.00083537970356e-09,True,1.0,1.0,1.0,1.0,1.0,True
EXP-EMBED-FP32-EQUIV-001,GOLD-MODEL-C1-B6-R00523,F109,0.055629545322405834,0.0556295291,1.6222405835319975e-08,2.9161492766661353e-07,True,1.0,1.0,1.0,1.0,1.0,True
EXP-EMBED-FP32-EQUIV-001,GOLD-MODEL-C1-B6-R00523,F110,0.0498899861493402,0.0498899929,6.750659801990633e-09,1.3531091754131327e-07,True,1.0,1.0,1.0,1.0,1.0,True
EXP-EMBED-FP32-EQUIV-001,GOLD-MODEL-C1-B6-R00523,F111,-0.37620048100141185,-0.376200497,1.5998588176469042e-08,4.252676161891723e-08,True,1.0,1.0,1.0,1.0,1.0,True
EXP-EMBED-FP32-EQUIV-001,GOLD-MODEL-C1-B6-R00523,F112,-0.14525044571992446,-0.14525044,5.719924450753311e-09,3.937973768275116e-08,True,1.0,1.0,1.0,1.0,1.0,True
EXP-EMBED-FP32-EQUIV-001,GOLD-MODEL-C1-B6-R00523,F113,-0.029234834479864264,-0.0292348377,3.2201357344496806e-09,1.1014721963510947e-07,True,1.0,1.0,1.0,1.0,1.0,True
EXP-EMBED-FP32-EQUIV-001,GOLD-MODEL-C1-B6-R00523,F114,-0.16229828686650571,-0.162298292,5.133494296316599e-09,3.162999681283772e-08,True,1.0,1.0,1.0,1.0,1.0,True
EXP-EMBED-FP32-EQUIV-001,GOLD-MODEL-C1-B6-R00523,F115,0.18215065756038024,0.182150632,2.5560380229050494e-08,1.403254897423448e-07,True,1.0,1.0,1.0,1.0,1.0,True
EXP-EMBED-FP32-EQUIV-001,GOLD-MODEL-C1-B6-R00523,F116,0.24470586115345963,0.244705886,2.4846540380707438e-08,1.0153635169827709e-07,True,1.0,1.0,1.0,1.0,1.0,True
EXP-EMBED-FP32-EQUIV-001,GOLD-MODEL-C1-B6-R00523,F117,0.11452027849537416,0.114520282,3.50462583953437e-09,3.060266605687597e-08,True,1.0,1.0,1.0,1.0,1.0,True
EXP-EMBED-FP32-EQUIV-001,GOLD-MODEL-C1-B6-R00523,F118,0.050183624047527096,0.0501836166,7.44752709502805e-09,1.4840552543544416e-07,True,1.0,1.0,1.0,1.0,1.0,True
EXP-EMBED-FP32-EQUIV-001,GOLD-MODEL-C1-B6-R00523,F119,0.0320514561493799,0.0320514552,9.49379901082903e-10,2.962049201940145e-08,True,1.0,1.0,1.0,1.0,1.0,True
EXP-EMBED-FP32-EQUIV-001,GOLD-MODEL-C1-B6-R00523,F120,-0.11742914505202803,-0.11742916,1.4947971971324137e-08,1.2729354339334843e-07,True,1.0,1.0,1.0,1.0,1.0,True
EXP-EMBED-FP32-EQUIV-001,GOLD-MODEL-C1-B6-R00523,F121,-0.08443229409708847,-0.0844323039,9.802911538070447e-09,1.1610381599720724e-07,True,1.0,1.0,1.0,1.0,1.0,True
EXP-EMBED-FP32-EQUIV-001,GOLD-MODEL-C1-B6-R00523,F122,-0.10898653155633796,-0.108986542,1.044366204627778e-08,9.582525379183372e-08,True,1.0,1.0,1.0,1.0,1.0,True
EXP-EMBED-FP32-EQUIV-001,GOLD-MODEL-C1-B6-R00523,F123,0.25768640955474464,0.257686406,3.554744665290599e-09,1.3794847277482846e-08,True,1.0,1.0,1.0,1.0,1.0,True
EXP-EMBED-FP32-EQUIV-001,GOLD-MODEL-C1-B6-R00523,F124,0.21712764021598133,0.217127621,1.9215981333919885e-08,8.850085283847488e-08,True,1.0,1.0,1.0,1.0,1.0,True
EXP-EMBED-FP32-EQUIV-001,GOLD-MODEL-C1-B6-R00523,F125,0.17456016223786255,0.174560159,3.237862561400462e-09,1.8548691292967653e-08,True,1.0,1.0,1.0,1.0,1.0,True
EXP-EMBED-FP32-EQUIV-001,GOLD-MODEL-C1-B6-R00523,F126,0.1207951190939023,0.120795116,3.093902301021245e-09,2.5612808896824248e-08,True,1.0,1.0,1.0,1.0,1.0,True
EXP-EMBED-FP32-EQUIV-001,GOLD-MODEL-C1-B6-R00523,F127,0.008113615348581191,0.00811361521,1.3858119166099137e-10,1.7080079065520986e-08,True,1.0,1.0,1.0,1.0,1.0,True
EXP-EMBED-FP32-EQUIV-001,GOLD-MODEL-C1-B6-R00677,F000,0.0897063539711972,0.0897063613,7.328802800743439e-09,8.169770006589012e-08,True,1.0,1.0,1.0,1.0,1.0,True
EXP-EMBED-FP32-EQUIV-001,GOLD-MODEL-C1-B6-R00677,F001,0.24505578034212808,0.24505578,3.42128075869752e-10,1.3961232638222165e-09,True,1.0,1.0,1.0,1.0,1.0,True
EXP-EMBED-FP32-EQUIV-001,GOLD-MODEL-C1-B6-R00677,F002,0.019345658115890212,0.0193456523,5.815890213867192e-09,3.006302592047832e-07,True,1.0,1.0,1.0,1.0,1.0,True
EXP-EMBED-FP32-EQUIV-001,GOLD-MODEL-C1-B6-R00677,F003,0.0005022540321961927,0.00050224294,1.1092196192693908e-08,2.2084832538210515e-05,True,1.0,1.0,1.0,1.0,1.0,False
EXP-EMBED-FP32-EQUIV-001,GOLD-MODEL-C1-B6-R00677,F004,-0.04383052216132399,-0.0438305251,2.9386760108662813e-09,6.704633816704484e-08,True,1.0,1.0,1.0,1.0,1.0,True
EXP-EMBED-FP32-EQUIV-001,GOLD-MODEL-C1-B6-R00677,F005,0.023863526622491044,0.0238635261,5.224910434864505e-10,2.189496346252569e-08,True,1.0,1.0,1.0,1.0,1.0,True
EXP-EMBED-FP32-EQUIV-001,GOLD-MODEL-C1-B6-R00677,F006,0.0047807189003999054,0.00478071626,2.6403999056623384e-09,5.523018526442686e-07,True,1.0,1.0,1.0,1.0,1.0,True
EXP-EMBED-FP32-EQUIV-001,GOLD-MODEL-C1-B6-R00677,F007,-0.018812418238653004,-0.0188124198,1.5613469961373028e-09,8.299554987190724e-08,True,1.0,1.0,1.0,1.0,1.0,True
EXP-EMBED-FP32-EQUIV-001,GOLD-MODEL-C1-B6-R00677,F008,0.12478074019529448,0.124780759,1.8804705528840948e-08,1.5070198733722595e-07,True,1.0,1.0,1.0,1.0,1.0,True
EXP-EMBED-FP32-EQUIV-001,GOLD-MODEL-C1-B6-R00677,F009,0.31786639036233055,0.317866445,5.463766944435733e-08,1.718887907025237e-07,True,1.0,1.0,1.0,1.0,1.0,True
EXP-EMBED-FP32-EQUIV-001,GOLD-MODEL-C1-B6-R00677,F010,0.03744872762461528,0.0374487303,2.6753847193194957e-09,7.14412715469924e-08,True,1.0,1.0,1.0,1.0,1.0,True
EXP-EMBED-FP32-EQUIV-001,GOLD-MODEL-C1-B6-R00677,F011,0.018475632483287846,0.0184756257,6.783287844619457e-09,3.6714780134078154e-07,True,1.0,1.0,1.0,1.0,1.0,True
EXP-EMBED-FP32-EQUIV-001,GOLD-MODEL-C1-B6-R00677,F012,-0.04806250033570271,-0.0480624922,8.135702708744752e-09,1.6927339717907337e-07,True,1.0,1.0,1.0,1.0,1.0,True
EXP-EMBED-FP32-EQUIV-001,GOLD-MODEL-C1-B6-R00677,F013,0.028211801765587224,0.0282117967,5.065587223990198e-09,1.7955560818413253e-07,True,1.0,1.0,1.0,1.0,1.0,True
EXP-EMBED-FP32-EQUIV-001,GOLD-MODEL-C1-B6-R00677,F014,-0.011167212346715215,-0.0111671956,1.674671521421922e-08,1.499632557730058e-06,True,1.0,1.0,1.0,1.0,1.0,True
EXP-EMBED-FP32-EQUIV-001,GOLD-MODEL-C1-B6-R00677,F015,-0.02123455403361697,-0.0212345514,2.6336169703378154e-09,1.240250662278317e-07,True,1.0,1.0,1.0,1.0,1.0,True
EXP-EMBED-FP32-EQUIV-001,GOLD-MODEL-C1-B6-R00677,F016,0.05015581333089219,0.050155811,2.3308921875964117e-09,4.64730214266261e-08,True,1.0,1.0,1.0,1.0,1.0,True
EXP-EMBED-FP32-EQUIV-001,GOLD-MODEL-C1-B6-R00677,F017,-0.31284895297147075,-0.312848985,3.20285292731981e-08,1.0237697447598248e-07,True,1.0,1.0,1.0,1.0,1.0,True
EXP-EMBED-FP32-EQUIV-001,GOLD-MODEL-C1-B6-R00677,F018,0.30708056487750346,0.307080567,2.1224965673916074e-09,6.911855747817469e-09,True,1.0,1.0,1.0,1.0,1.0,True
EXP-EMBED-FP32-EQUIV-001,GOLD-MODEL-C1-B6-R00677,F019,0.29703382635832637,0.297033787,3.935832637580461e-08,1.3250452602770145e-07,True,1.0,1.0,1.0,1.0,1.0,True
EXP-EMBED-FP32-EQUIV-001,GOLD-MODEL-C1-B6-R00677,F020,0.22413482562564835,0.224134788,3.7625648346972795e-08,1.6787060307091873e-07,True,1.0,1.0,1.0,1.0,1.0,True
EXP-EMBED-FP32-EQUIV-001,GOLD-MODEL-C1-B6-R00677,F021,0.23564416622054385,0.235644192,2.577945615311883e-08,1.0939993366519988e-07,True,1.0,1.0,1.0,1.0,1.0,True
EXP-EMBED-FP32-EQUIV-001,GOLD-MODEL-C1-B6-R00677,F022,0.279229189955287,0.279229224,3.404471299317535e-08,1.219239041542431e-07,True,1.0,1.0,1.0,1.0,1.0,True
EXP-EMBED-FP32-EQUIV-001,GOLD-MODEL-C1-B6-R00677,F023,0.1491197092432326,0.149119705,4.2432325986219155e-09,2.845520971141837e-08,True,1.0,1.0,1.0,1.0,1.0,True
EXP-EMBED-FP32-EQUIV-001,GOLD-MODEL-C1-B6-R00677,F024,-0.002683184608909085,-0.00268318434,2.689090851035192e-10,1.0022012060245486e-07,True,1.0,1.0,1.0,1.0,1.0,True
EXP-EMBED-FP32-EQUIV-001,GOLD-MODEL-C1-B6-R00677,F025,-0.2648904542987031,-0.264890432,2.2298703106216067e-08,8.41808481368339e-08,True,1.0,1.0,1.0,1.0,1.0,True
EXP-EMBED-FP32-EQUIV-001,GOLD-MODEL-C1-B6-R00677,F026,0.2681650270205126,0.268165052,2.4979487422971403e-08,9.314968361277275e-08,True,1.0,1.0,1.0,1.0,1.0,True
EXP-EMBED-FP32-EQUIV-001,GOLD-MODEL-C1-B6-R00677,F027,0.23956002837254822,0.239560008,2.0372548231728516e-08,8.504151702656525e-08,True,1.0,1.0,1.0,1.0,1.0,True
EXP-EMBED-FP32-EQUIV-001,GOLD-MODEL-C1-B6-R00677,F028,0.19270959197976187,0.192709595,3.020238142914522e-09,1.5672484757435964e-08,True,1.0,1.0,1.0,1.0,1.0,True
EXP-EMBED-FP32-EQUIV-001,GOLD-MODEL-C1-B6-R00677,F029,0.2666347076866594,0.266634673,3.468665943362481e-08,1.300905637325635e-07,True,1.0,1.0,1.0,1.0,1.0,True
EXP-EMBED-FP32-EQUIV-001,GOLD-MODEL-C1-B6-R00677,F030,0.3154857423313349,0.315485716,2.633133489027273e-08,8.346283637318411e-08,True,1.0,1.0,1.0,1.0,1.0,True
EXP-EMBED-FP32-EQUIV-001,GOLD-MODEL-C1-B6-R00677,F031,0.5776597750085765,0.577659667,1.080085764160188e-07,1.8697610789052294e-07,True,1.0,1.0,1.0,1.0,1.0,True
EXP-EMBED-FP32-EQUIV-001,GOLD-MODEL-C1-B6-R00677,F032,0.11227103235731041,0.112271026,6.357310414206729e-09,5.6624672283890154e-08,True,1.0,1.0,1.0,1.0,1.0,True
EXP-EMBED-FP32-EQUIV-001,GOLD-MODEL-C1-B6-R00677,F033,0.5419619271441684,0.541961849,7.8144168358385e-08,1.441875608682706e-07,True,1.0,1.0,1.0,1.0,1.0,True
EXP-EMBED-FP32-EQUIV-001,GOLD-MODEL-C1-B6-R00677,F034,-0.001999609301838704,-0.00199960917,1.3183870401639597e-10,6.593223180906696e-08,True,1.0,1.0,1.0,1.0,1.0,True
EXP-EMBED-FP32-EQUIV-001,GOLD-MODEL-C1-B6-R00677,F035,-0.06962276355985206,-0.0696227625,1.0598520533422473e-09,1.5222780584271587e-08,True,1.0,1.0,1.0,1.0,1.0,True
EXP-EMBED-FP32-EQUIV-001,GOLD-MODEL-C1-B6-R00677,F036,0.31687899196328323,0.316879004,1.2036716789953772e-08,3.798521547729635e-08,True,1.0,1.0,1.0,1.0,1.0,True
EXP-EMBED-FP32-EQUIV-001,GOLD-MODEL-C1-B6-R00677,F037,0.02604369367231387,0.0260436889,4.77231387047139e-09,1.8324258956956892e-07,True,1.0,1.0,1.0,1.0,1.0,True
EXP-EMBED-FP32-EQUIV-001,GOLD-MODEL-C1-B6-R00677,F038,-0.00807979376384846,-0.00807979517,1.4061515389574009e-09,1.740330978804144e-07,True,1.0,1.0,1.0,1.0,1.0,True
EXP-EMBED-FP32-EQUIV-001,GOLD-MODEL-C1-B6-R00677,F039,-0.3252813223080395,-0.325281292,3.0308039522530805e-08,9.317485340836529e-08,True,1.0,1.0,1.0,1.0,1.0,True
EXP-EMBED-FP32-EQUIV-001,GOLD-MODEL-C1-B6-R00677,F040,0.17906474070197786,0.179064751,1.0298022129484607e-08,5.751004965641938e-08,True,1.0,1.0,1.0,1.0,1.0,True
EXP-EMBED-FP32-EQUIV-001,GOLD-MODEL-C1-B6-R00677,F041,0.5377012487861433,0.537701249,2.1385671011842078e-10,3.977240346776221e-10,True,1.0,1.0,1.0,1.0,1.0,True
EXP-EMBED-FP32-EQUIV-001,GOLD-MODEL-C1-B6-R00677,F042,0.00033427056546562144,0.000334270444,1.2146562141518435e-10,3.6337516360732833e-07,True,1.0,1.0,1.0,1.0,1.0,True
EXP-EMBED-FP32-EQUIV-001,GOLD-MODEL-C1-B6-R00677,F043,-0.06549319792125136,-0.0654931888,9.121251351440485e-09,1.392702088300502e-07,True,1.0,1.0,1.0,1.0,1.0,True
EXP-EMBED-FP32-EQUIV-001,GOLD-MODEL-C1-B6-R00677,F044,-0.12825731023888604,-0.128257319,8.761113973188017e-09,6.830888591745748e-08,True,1.0,1.0,1.0,1.0,1.0,True
EXP-EMBED-FP32-EQUIV-001,GOLD-MODEL-C1-B6-R00677,F045,0.05295316186839977,0.0529531687,6.831600229961765e-09,1.290121305114847e-07,True,1.0,1.0,1.0,1.0,1.0,True
EXP-EMBED-FP32-EQUIV-001,GOLD-MODEL-C1-B6-R00677,F046,0.012593812137023288,0.0125938142,2.0629767113339303e-09,1.638087569425616e-07,True,1.0,1.0,1.0,1.0,1.0,True
EXP-EMBED-FP32-EQUIV-001,GOLD-MODEL-C1-B6-R00677,F047,-0.22426637945392783,-0.224266395,1.5546072179573045e-08,6.931967340546803e-08,True,1.0,1.0,1.0,1.0,1.0,True
EXP-EMBED-FP32-EQUIV-001,GOLD-MODEL-C1-B6-R00677,F048,0.022125815006888316,0.022125816,9.931116831674025e-10,4.48847503632396e-08,True,1.0,1.0,1.0,1.0,1.0,True
EXP-EMBED-FP32-EQUIV-001,GOLD-MODEL-C1-B6-R00677,F049,-0.3987089157676126,-0.398708969,5.3232387442481155e-08,1.335119063991728e-07,True,1.0,1.0,1.0,1.0,1.0,True
EXP-EMBED-FP32-EQUIV-001,GOLD-MODEL-C1-B6-R00677,F050,0.506696239805932,0.506696224,1.5805932007673107e-08,3.119409769791637e-08,True,1.0,1.0,1.0,1.0,1.0,True
EXP-EMBED-FP32-EQUIV-001,GOLD-MODEL-C1-B6-R00677,F051,0.2693694113410217,0.269369394,1.7341021729677664e-08,6.437635826335131e-08,True,1.0,1.0,1.0,1.0,1.0,True
EXP-EMBED-FP32-EQUIV-001,GOLD-MODEL-C1-B6-R00677,F052,0.09191684779863862,0.0919168442,3.5986386232034207e-09,3.915102301035088e-08,True,1.0,1.0,1.0,1.0,1.0,True
EXP-EMBED-FP32-EQUIV-001,GOLD-MODEL-C1-B6-R00677,F053,0.2957135991693547,0.295713603,3.830645300961777e-09,1.2953903072844387e-08,True,1.0,1.0,1.0,1.0,1.0,True
EXP-EMBED-FP32-EQUIV-001,GOLD-MODEL-C1-B6-R00677,F054,0.37920857250682233,0.379208565,7.50682233041644e-09,1.979602486513246e-08,True,1.0,1.0,1.0,1.0,1.0,True
EXP-EMBED-FP32-EQUIV-001,GOLD-MODEL-C1-B6-R00677,F055,0.5181054965589202,0.518105447,4.9558920189873845e-08,9.565411005871829e-08,True,1.0,1.0,1.0,1.0,1.0,True
EXP-EMBED-FP32-EQUIV-001,GOLD-MODEL-C1-B6-R00677,F056,-0.02006598967870713,-0.0200659875,2.1787071313728035e-09,1.0857710814456969e-07,True,1.0,1.0,1.0,1.0,1.0,True
EXP-EMBED-FP32-EQUIV-001,GOLD-MODEL-C1-B6-R00677,F057,-0.43052695161647014,-0.430526912,3.961647015993108e-08,9.201856007199045e-08,True,1.0,1.0,1.0,1.0,1.0,True
EXP-EMBED-FP32-EQUIV-001,GOLD-MODEL-C1-B6-R00677,F058,0.45719222082454114,0.457192212,8.82454115336273e-09,1.9301599527323032e-08,True,1.0,1.0,1.0,1.0,1.0,True
EXP-EMBED-FP32-EQUIV-001,GOLD-MODEL-C1-B6-R00677,F059,0.17599779813535923,0.175997809,1.0864640770380518e-08,6.173168576816265e-08,True,1.0,1.0,1.0,1.0,1.0,True
EXP-EMBED-FP32-EQUIV-001,GOLD-MODEL-C1-B6-R00677,F060,0.09652242791065799,0.0965224355,7.589342015945633e-09,7.86277570946557e-08,True,1.0,1.0,1.0,1.0,1.0,True
EXP-EMBED-FP32-EQUIV-001,GOLD-MODEL-C1-B6-R00677,F061,0.32568361846160165,0.325683594,2.4461601633163355e-08,7.510848027515206e-08,True,1.0,1.0,1.0,1.0,1.0,True
EXP-EMBED-FP32-EQUIV-001,GOLD-MODEL-C1-B6-R00677,F062,0.3921227460672974,0.392122716,3.006729742960346e-08,7.66782792662663e-08,True,1.0,1.0,1.0,1.0,1.0,True
EXP-EMBED-FP32-EQUIV-001,GOLD-MODEL-C1-B6-R00677,F063,0.3006340073463816,0.300634027,1.965361839939561e-08,6.53739028823552e-08,True,1.0,1.0,1.0,1.0,1.0,True
EXP-EMBED-FP32-EQUIV-001,GOLD-MODEL-C1-B6-R00677,F064,0.11262978298904193,0.112629779,3.989041930108073e-09,3.541729216060176e-08,True,1.0,1.0,1.0,1.0,1.0,True
EXP-EMBED-FP32-EQUIV-001,GOLD-MODEL-C1-B6-R00677,F065,0.20901355544455064,0.209013596,4.0555449359880313e-08,1.940326275662982e-07,True,1.0,1.0,1.0,1.0,1.0,True
EXP-EMBED-FP32-EQUIV-001,GOLD-MODEL-C1-B6-R00677,F066,0.034445997393478665,0.0344459973,9.347866231079749e-11,2.7137742955439846e-09,True,1.0,1.0,1.0,1.0,1.0,True
EXP-EMBED-FP32-EQUIV-001,GOLD-MODEL-C1-B6-R00677,F067,0.023321923127978168,0.0233219266,3.472021833234029e-09,1.488737362772976e-07,True,1.0,1.0,1.0,1.0,1.0,True
EXP-EMBED-FP32-EQUIV-001,GOLD-MODEL-C1-B6-R00677,F068,-0.024033018005558814,-0.0240330137,4.305558812256471e-09,1.7915181569208662e-07,True,1.0,1.0,1.0,1.0,1.0,True
EXP-EMBED-FP32-EQUIV-001,GOLD-MODEL-C1-B6-R00677,F069,0.056655745194651594,0.056655746,8.053484060188687e-10,1.4214770333563543e-08,True,1.0,1.0,1.0,1.0,1.0,True
EXP-EMBED-FP32-EQUIV-001,GOLD-MODEL-C1-B6-R00677,F070,0.036166906503292594,0.0361669138,7.296707404957914e-09,2.0175094058137457e-07,True,1.0,1.0,1.0,1.0,1.0,True
EXP-EMBED-FP32-EQUIV-001,GOLD-MODEL-C1-B6-R00677,F071,-0.022962235837336305,-0.0229622405,4.662663696114455e-09,2.0305791339940088e-07,True,1.0,1.0,1.0,1.0,1.0,True
EXP-EMBED-FP32-EQUIV-001,GOLD-MODEL-C1-B6-R00677,F072,0.15402217483448655,0.154022187,1.2165513457729205e-08,7.898546732509368e-08,True,1.0,1.0,1.0,1.0,1.0,True
EXP-EMBED-FP32-EQUIV-001,GOLD-MODEL-C1-B6-R00677,F073,0.19242640945087755,0.192426383,2.645087754382658e-08,1.374597053455853e-07,True,1.0,1.0,1.0,1.0,1.0,True
EXP-EMBED-FP32-EQUIV-001,GOLD-MODEL-C1-B6-R00677,F074,0.08242850620423534,0.082428515,8.79576465828702e-09,1.0670780126105301e-07,True,1.0,1.0,1.0,1.0,1.0,True
EXP-EMBED-FP32-EQUIV-001,GOLD-MODEL-C1-B6-R00677,F075,0.0693931049978184,0.0693931058,8.02181598924534e-10,1.1559961165446528e-08,True,1.0,1.0,1.0,1.0,1.0,True
EXP-EMBED-FP32-EQUIV-001,GOLD-MODEL-C1-B6-R00677,F076,0.028624285608244156,0.0286242757,9.908244155698576e-09,3.461481726148259e-07,True,1.0,1.0,1.0,1.0,1.0,True
EXP-EMBED-FP32-EQUIV-001,GOLD-MODEL-C1-B6-R00677,F077,0.11572731160566464,0.11572732,8.394335351824544e-09,7.253547356589295e-08,True,1.0,1.0,1.0,1.0,1.0,True
EXP-EMBED-FP32-EQUIV-001,GOLD-MODEL-C1-B6-R00677,F078,0.08964280053616257,0.0896427855,1.503616256504081e-08,1.6773419030985218e-07,True,1.0,1.0,1.0,1.0,1.0,True
EXP-EMBED-FP32-EQUIV-001,GOLD-MODEL-C1-B6-R00677,F079,0.01365700763002788,0.0136570092,1.5699721210571393e-09,1.1495725590759844e-07,True,1.0,1.0,1.0,1.0,1.0,True
EXP-EMBED-FP32-EQUIV-001,GOLD-MODEL-C1-B6-R00677,F080,0.06513796316455428,0.06513796,3.1645542852842823e-09,4.858233404212919e-08,True,1.0,1.0,1.0,1.0,1.0,True
EXP-EMBED-FP32-EQUIV-001,GOLD-MODEL-C1-B6-R00677,F081,-0.2634719673289416,-0.263471961,6.328941648536812e-09,2.4021309411772084e-08,True,1.0,1.0,1.0,1.0,1.0,True
EXP-EMBED-FP32-EQUIV-001,GOLD-MODEL-C1-B6-R00677,F082,0.3432573061648134,0.343257338,3.183518659799489e-08,9.274438162347336e-08,True,1.0,1.0,1.0,1.0,1.0,True
EXP-EMBED-FP32-EQUIV-001,GOLD-MODEL-C1-B6-R00677,F083,0.24632505796729542,0.246325076,1.803270457956252e-08,7.3206943411972e-08,True,1.0,1.0,1.0,1.0,1.0,True
EXP-EMBED-FP32-EQUIV-001,GOLD-MODEL-C1-B6-R00677,F084,0.15882759392267637,0.158827588,5.9226763771125235e-09,3.7289971036115545e-08,True,1.0,1.0,1.0,1.0,1.0,True
EXP-EMBED-FP32-EQUIV-001,GOLD-MODEL-C1-B6-R00677,F085,0.28182938204867525,0.281829387,4.9513247390997606e-09,1.756851859485896e-08,True,1.0,1.0,1.0,1.0,1.0,True
EXP-EMBED-FP32-EQUIV-001,GOLD-MODEL-C1-B6-R00677,F086,0.28131869874989385,0.281318694,4.7498938671175495e-09,1.688438730957034e-08,True,1.0,1.0,1.0,1.0,1.0,True
EXP-EMBED-FP32-EQUIV-001,GOLD-MODEL-C1-B6-R00677,F087,0.3825955473068124,0.382595509,3.830681238881084e-08,1.0012351857846297e-07,True,1.0,1.0,1.0,1.0,1.0,True
EXP-EMBED-FP32-EQUIV-001,GOLD-MODEL-C1-B6-R00677,F088,-0.09711995432569592,-0.0971199647,1.0374304082461094e-08,1.0681949095311991e-07,True,1.0,1.0,1.0,1.0,1.0,True
EXP-EMBED-FP32-EQUIV-001,GOLD-MODEL-C1-B6-R00677,F089,-0.15562723834113262,-0.155627236,2.341132621097586e-09,1.5043206099730805e-08,True,1.0,1.0,1.0,1.0,1.0,True
EXP-EMBED-FP32-EQUIV-001,GOLD-MODEL-C1-B6-R00677,F090,0.3092603383701345,0.309260368,2.9629865505587105e-08,9.580881163663786e-08,True,1.0,1.0,1.0,1.0,1.0,True
EXP-EMBED-FP32-EQUIV-001,GOLD-MODEL-C1-B6-R00677,F091,0.24757867538430187,0.247578666,9.384301863368805e-09,3.790432212629825e-08,True,1.0,1.0,1.0,1.0,1.0,True
EXP-EMBED-FP32-EQUIV-001,GOLD-MODEL-C1-B6-R00677,F092,0.15234456981193178,0.152344599,2.9188068212393503e-08,1.915924423720908e-07,True,1.0,1.0,1.0,1.0,1.0,True
EXP-EMBED-FP32-EQUIV-001,GOLD-MODEL-C1-B6-R00677,F093,0.2461634645841739,0.246163473,8.41582609156788e-09,3.418795760688583e-08,True,1.0,1.0,1.0,1.0,1.0,True
EXP-EMBED-FP32-EQUIV-001,GOLD-MODEL-C1-B6-R00677,F094,0.2617054791266815,0.261705488,8.87331846888273e-09,3.390574205207029e-08,True,1.0,1.0,1.0,1.0,1.0,True
EXP-EMBED-FP32-EQUIV-001,GOLD-MODEL-C1-B6-R00677,F095,-0.1793442179284922,-0.179344222,4.071507797576146e-09,2.2702197174817926e-08,True,1.0,1.0,1.0,1.0,1.0,True
EXP-EMBED-FP32-EQUIV-001,GOLD-MODEL-C1-B6-R00677,F096,-0.39486452016686835,-0.39486444,8.016686836587184e-08,2.030237316130444e-07,True,1.0,1.0,1.0,1.0,1.0,True
EXP-EMBED-FP32-EQUIV-001,GOLD-MODEL-C1-B6-R00677,F097,0.38783517544502877,0.387835205,2.9554971248124673e-08,7.620497860775847e-08,True,1.0,1.0,1.0,1.0,1.0,True
EXP-EMBED-FP32-EQUIV-001,GOLD-MODEL-C1-B6-R00677,F098,-0.08457558540734184,-0.084575586,5.926581586601642e-10,7.007437853438928e-09,True,1.0,1.0,1.0,1.0,1.0,True
EXP-EMBED-FP32-EQUIV-001,GOLD-MODEL-C1-B6-R00677,F099,-0.592676893241003,-0.592676818,7.524100298361702e-08,1.2695113280385882e-07,True,1.0,1.0,1.0,1.0,1.0,True
EXP-EMBED-FP32-EQUIV-001,GOLD-MODEL-C1-B6-R00677,F100,-0.20022333454687394,-0.200223342,7.453126060763537e-09,3.722406320737156e-08,True,1.0,1.0,1.0,1.0,1.0,True
EXP-EMBED-FP32-EQUIV-001,GOLD-MODEL-C1-B6-R00677,F101,-0.1317313592591157,-0.131731361,1.7408842978294814e-09,1.3215412849457968e-08,True,1.0,1.0,1.0,1.0,1.0,True
EXP-EMBED-FP32-EQUIV-001,GOLD-MODEL-C1-B6-R00677,F102,-0.09907699141447807,-0.0990769863,5.1144780632839115e-09,5.162124919486136e-08,True,1.0,1.0,1.0,1.0,1.0,True
EXP-EMBED-FP32-EQUIV-001,GOLD-MODEL-C1-B6-R00677,F103,-0.37791184072488027,-0.377911806,3.472488024902631e-08,9.188619277559504e-08,True,1.0,1.0,1.0,1.0,1.0,True
EXP-EMBED-FP32-EQUIV-001,GOLD-MODEL-C1-B6-R00677,F104,-0.2967010871709817,-0.296701074,1.3170981694177186e-08,4.439141703106422e-08,True,1.0,1.0,1.0,1.0,1.0,True
EXP-EMBED-FP32-EQUIV-001,GOLD-MODEL-C1-B6-R00677,F105,0.4049003826586221,0.404900372,1.0658622096038073e-08,2.6324060318373484e-08,True,1.0,1.0,1.0,1.0,1.0,True
EXP-EMBED-FP32-EQUIV-001,GOLD-MODEL-C1-B6-R00677,F106,-0.06325857883249207,-0.0632585883,9.467507930405183e-09,1.4966362041542266e-07,True,1.0,1.0,1.0,1.0,1.0,True
EXP-EMBED-FP32-EQUIV-001,GOLD-MODEL-C1-B6-R00677,F107,-0.3182408580456512,-0.318240821,3.704565121331882e-08,1.1640758965024117e-07,True,1.0,1.0,1.0,1.0,1.0,True
EXP-EMBED-FP32-EQUIV-001,GOLD-MODEL-C1-B6-R00677,F108,0.24841114800610292,0.248411119,2.900610290845762e-08,1.1676651044559805e-07,True,1.0,1.0,1.0,1.0,1.0,True
EXP-EMBED-FP32-EQUIV-001,GOLD-MODEL-C1-B6-R00677,F109,-0.09976526552353143,-0.0997652709,5.376468562023895e-09,5.3891186815472945e-08,True,1.0,1.0,1.0,1.0,1.0,True
EXP-EMBED-FP32-EQUIV-001,GOLD-MODEL-C1-B6-R00677,F110,-0.05718267856158177,-0.0571826734,5.161581766166545e-09,9.026477765653948e-08,True,1.0,1.0,1.0,1.0,1.0,True
EXP-EMBED-FP32-EQUIV-001,GOLD-MODEL-C1-B6-R00677,F111,-0.3242022154787102,-0.32420224,2.452128977648016e-08,7.563578719001823e-08,True,1.0,1.0,1.0,1.0,1.0,True
EXP-EMBED-FP32-EQUIV-001,GOLD-MODEL-C1-B6-R00677,F112,-0.002276731755550921,-0.00227673142,3.3555092081652416e-10,1.4738272086661694e-07,True,1.0,1.0,1.0,1.0,1.0,True
EXP-EMBED-FP32-EQUIV-001,GOLD-MODEL-C1-B6-R00677,F113,-0.3840074082047467,-0.384007424,1.57952532719996e-08,4.113267852264407e-08,True,1.0,1.0,1.0,1.0,1.0,True
EXP-EMBED-FP32-EQUIV-001,GOLD-MODEL-C1-B6-R00677,F114,0.5305507061426595,0.530550659,4.714265955385599e-08,8.885608671903233e-08,True,1.0,1.0,1.0,1.0,1.0,True
EXP-EMBED-FP32-EQUIV-001,GOLD-MODEL-C1-B6-R00677,F115,0.18750336153190558,0.187503368,6.468094421174797e-09,3.4495885131500356e-08,True,1.0,1.0,1.0,1.0,1.0,True
EXP-EMBED-FP32-EQUIV-001,GOLD-MODEL-C1-B6-R00677,F116,0.08536107096309874,0.0853610709,6.309873457066573e-11,7.391980191760137e-10,True,1.0,1.0,1.0,1.0,1.0,True
EXP-EMBED-FP32-EQUIV-001,GOLD-MODEL-C1-B6-R00677,F117,0.3221073936148677,0.322107404,1.0385132309664868e-08,3.224121058854675e-08,True,1.0,1.0,1.0,1.0,1.0,True
EXP-EMBED-FP32-EQUIV-001,GOLD-MODEL-C1-B6-R00677,F118,0.365354972556435,0.365354985,1.2443565011732716e-08,3.405883578007305e-08,True,1.0,1.0,1.0,1.0,1.0,True
EXP-EMBED-FP32-EQUIV-001,GOLD-MODEL-C1-B6-R00677,F119,0.24091806013035252,0.240918055,5.130352531690363e-09,2.1295010132965974e-08,True,1.0,1.0,1.0,1.0,1.0,True
EXP-EMBED-FP32-EQUIV-001,GOLD-MODEL-C1-B6-R00677,F120,-0.07690394970011814,-0.0769039467,3.0001181400285404e-09,3.901123611631525e-08,True,1.0,1.0,1.0,1.0,1.0,True
EXP-EMBED-FP32-EQUIV-001,GOLD-MODEL-C1-B6-R00677,F121,-0.33423770487884424,-0.334237725,2.0121155741570362e-08,6.020013735094296e-08,True,1.0,1.0,1.0,1.0,1.0,True
EXP-EMBED-FP32-EQUIV-001,GOLD-MODEL-C1-B6-R00677,F122,0.5769961283280782,0.576996148,1.9671921758224187e-08,3.4093680689376814e-08,True,1.0,1.0,1.0,1.0,1.0,True
EXP-EMBED-FP32-EQUIV-001,GOLD-MODEL-C1-B6-R00677,F123,0.2688149781691133,0.268814981,2.830886691729262e-09,1.0530985702546426e-08,True,1.0,1.0,1.0,1.0,1.0,True
EXP-EMBED-FP32-EQUIV-001,GOLD-MODEL-C1-B6-R00677,F124,0.2985473342898456,0.298547357,2.271015442367741e-08,7.606885681192915e-08,True,1.0,1.0,1.0,1.0,1.0,True
EXP-EMBED-FP32-EQUIV-001,GOLD-MODEL-C1-B6-R00677,F125,0.29736842225678084,0.297368437,1.4743219145518793e-08,4.9578966837265135e-08,True,1.0,1.0,1.0,1.0,1.0,True
EXP-EMBED-FP32-EQUIV-001,GOLD-MODEL-C1-B6-R00677,F126,0.33493077996938475,0.334930778,1.969384766375981e-09,5.879975458081213e-09,True,1.0,1.0,1.0,1.0,1.0,True
EXP-EMBED-FP32-EQUIV-001,GOLD-MODEL-C1-B6-R00677,F127,0.13028799260812504,0.130288005,1.2391874970596461e-08,9.511141220717278e-08,True,1.0,1.0,1.0,1.0,1.0,True
EXP-EMBED-FP32-EQUIV-001,GOLD-MODEL-C1-B6-R00926,F000,0.17698127049886428,0.176981285,1.4501135708888668e-08,8.193599055998259e-08,True,1.0,1.0,1.0,1.0,1.0,True
EXP-EMBED-FP32-EQUIV-001,GOLD-MODEL-C1-B6-R00926,F001,0.4063128093156849,0.406312853,4.3684315054193235e-08,1.0751399919625149e-07,True,1.0,1.0,1.0,1.0,1.0,True
EXP-EMBED-FP32-EQUIV-001,GOLD-MODEL-C1-B6-R00926,F002,0.10507660419425155,0.105076604,1.942515454045335e-10,1.8486659984312707e-09,True,1.0,1.0,1.0,1.0,1.0,True
EXP-EMBED-FP32-EQUIV-001,GOLD-MODEL-C1-B6-R00926,F003,0.08907275656751786,0.0890727416,1.496751785012851e-08,1.6803698938836603e-07,True,1.0,1.0,1.0,1.0,1.0,True
EXP-EMBED-FP32-EQUIV-001,GOLD-MODEL-C1-B6-R00926,F004,0.041721131554884223,0.0417211242,7.3548842224879785e-09,1.7628678677644722e-07,True,1.0,1.0,1.0,1.0,1.0,True
EXP-EMBED-FP32-EQUIV-001,GOLD-MODEL-C1-B6-R00926,F005,0.13508684335494256,0.135086834,9.354942570594105e-09,6.925132261780567e-08,True,1.0,1.0,1.0,1.0,1.0,True
EXP-EMBED-FP32-EQUIV-001,GOLD-MODEL-C1-B6-R00926,F006,0.10655237788311965,0.106552377,8.831196468550573e-10,8.288127063891305e-09,True,1.0,1.0,1.0,1.0,1.0,True
EXP-EMBED-FP32-EQUIV-001,GOLD-MODEL-C1-B6-R00926,F007,0.025103997872663868,0.0251039956,2.2726638661263454e-09,9.05299577244262e-08,True,1.0,1.0,1.0,1.0,1.0,True
EXP-EMBED-FP32-EQUIV-001,GOLD-MODEL-C1-B6-R00926,F008,0.2121254092253558,0.212125421,1.1774644204098905e-08,5.550793866278353e-08,True,1.0,1.0,1.0,1.0,1.0,True
EXP-EMBED-FP32-EQUIV-001,GOLD-MODEL-C1-B6-R00926,F009,0.4690187052072345,0.469018757,5.179276552080836e-08,1.1042793164917353e-07,True,1.0,1.0,1.0,1.0,1.0,True
EXP-EMBED-FP32-EQUIV-001,GOLD-MODEL-C1-B6-R00926,F010,0.11558752651638819,0.115587547,2.0483611806731972e-08,1.772129954163157e-07,True,1.0,1.0,1.0,1.0,1.0,True
EXP-EMBED-FP32-EQUIV-001,GOLD-MODEL-C1-B6-R00926,F011,0.08546524874463507,0.0854652449,3.844635068639413e-09,4.498477597750808e-08,True,1.0,1.0,1.0,1.0,1.0,True
EXP-EMBED-FP32-EQUIV-001,GOLD-MODEL-C1-B6-R00926,F012,0.0328979845599185,0.0328979827,1.8599184969936289e-09,5.653594048006437e-08,True,1.0,1.0,1.0,1.0,1.0,True
EXP-EMBED-FP32-EQUIV-001,GOLD-MODEL-C1-B6-R00926,F013,0.16974064341781825,0.169740632,1.1417818246428624e-08,6.726625996299279e-08,True,1.0,1.0,1.0,1.0,1.0,True
EXP-EMBED-FP32-EQUIV-001,GOLD-MODEL-C1-B6-R00926,F014,0.13877909065721997,0.138779089,1.6572199723619008e-09,1.194142406117347e-08,True,1.0,1.0,1.0,1.0,1.0,True
EXP-EMBED-FP32-EQUIV-001,GOLD-MODEL-C1-B6-R00926,F015,0.023886536028078546,0.0238865353,7.280785453700478e-10,3.0480708651693736e-08,True,1.0,1.0,1.0,1.0,1.0,True
EXP-EMBED-FP32-EQUIV-001,GOLD-MODEL-C1-B6-R00926,F016,0.3372338948924347,0.337233931,3.610756527105963e-08,1.0706979878928428e-07,True,1.0,1.0,1.0,1.0,1.0,True
EXP-EMBED-FP32-EQUIV-001,GOLD-MODEL-C1-B6-R00926,F017,-0.024089268996783892,-0.0240892954,2.6403216106529737e-08,1.096057174256918e-06,True,1.0,1.0,1.0,1.0,1.0,True
EXP-EMBED-FP32-EQUIV-001,GOLD-MODEL-C1-B6-R00926,F018,1.4800532834973323,1.48005307,2.1349733225761724e-07,1.4424976089585634e-07,True,1.0,1.0,1.0,1.0,1.0,True
EXP-EMBED-FP32-EQUIV-001,GOLD-MODEL-C1-B6-R00926,F019,1.50639987634204,1.50639975,1.263420401631521e-07,8.387018755600663e-08,True,1.0,1.0,1.0,1.0,1.0,True
EXP-EMBED-FP32-EQUIV-001,GOLD-MODEL-C1-B6-R00926,F020,0.9002909867039988,0.900290966,2.0703998737658935e-08,2.29970076824351e-08,True,1.0,1.0,1.0,1.0,1.0,True
EXP-EMBED-FP32-EQUIV-001,GOLD-MODEL-C1-B6-R00926,F021,1.0153369183806884,1.01533699,7.161931159238577e-08,7.053748395814065e-08,True,1.0,1.0,1.0,1.0,1.0,True
EXP-EMBED-FP32-EQUIV-001,GOLD-MODEL-C1-B6-R00926,F022,1.1249863838865075,1.12498641,2.6113492479495903e-08,2.3212274258183664e-08,True,1.0,1.0,1.0,1.0,1.0,True
EXP-EMBED-FP32-EQUIV-001,GOLD-MODEL-C1-B6-R00926,F023,0.4043912936567432,0.404391289,4.6567432132604836e-09,1.1515438849218242e-08,True,1.0,1.0,1.0,1.0,1.0,True
EXP-EMBED-FP32-EQUIV-001,GOLD-MODEL-C1-B6-R00926,F024,-0.016836492735306137,-0.0168364923,4.3530613835773835e-10,2.5854917957164623e-08,True,1.0,1.0,1.0,1.0,1.0,True
EXP-EMBED-FP32-EQUIV-001,GOLD-MODEL-C1-B6-R00926,F025,-0.021475865987850038,-0.0214758664,4.1214996346350397e-10,1.91913082199655e-08,True,1.0,1.0,1.0,1.0,1.0,True
EXP-EMBED-FP32-EQUIV-001,GOLD-MODEL-C1-B6-R00926,F026,1.299170857341339,1.29917085,7.341338870148206e-09,5.650787830302579e-09,True,1.0,1.0,1.0,1.0,1.0,True
EXP-EMBED-FP32-EQUIV-001,GOLD-MODEL-C1-B6-R00926,F027,1.215447507783995,1.21544743,7.778399502278432e-08,6.399617797119035e-08,True,1.0,1.0,1.0,1.0,1.0,True
EXP-EMBED-FP32-EQUIV-001,GOLD-MODEL-C1-B6-R00926,F028,0.6550270245472625,0.655027092,6.745273750663472e-08,1.0297702992217197e-07,True,1.0,1.0,1.0,1.0,1.0,True
EXP-EMBED-FP32-EQUIV-001,GOLD-MODEL-C1-B6-R00926,F029,1.096218331677941,1.09621835,1.8322058981112832e-08,1.671387756585673e-08,True,1.0,1.0,1.0,1.0,1.0,True
EXP-EMBED-FP32-EQUIV-001,GOLD-MODEL-C1-B6-R00926,F030,1.2158694959847232,1.21586943,6.598472324093052e-08,5.426957700545815e-08,True,1.0,1.0,1.0,1.0,1.0,True
EXP-EMBED-FP32-EQUIV-001,GOLD-MODEL-C1-B6-R00926,F031,1.2362218215445016,1.23622179,3.154450145537169e-08,2.5516861865422223e-08,True,1.0,1.0,1.0,1.0,1.0,True
EXP-EMBED-FP32-EQUIV-001,GOLD-MODEL-C1-B6-R00926,F032,0.22266029616963692,0.222660303,6.83036308068985e-09,3.06761609419851e-08,True,1.0,1.0,1.0,1.0,1.0,True
EXP-EMBED-FP32-EQUIV-001,GOLD-MODEL-C1-B6-R00926,F033,0.6162358381568177,0.616235733,1.0515681769796004e-07,1.7064378795703873e-07,True,1.0,1.0,1.0,1.0,1.0,True
EXP-EMBED-FP32-EQUIV-001,GOLD-MODEL-C1-B6-R00926,F034,-0.00018471398725627134,-0.000184713586,4.0125627134650864e-10,2.172311243489144e-06,True,1.0,1.0,1.0,1.0,1.0,True
EXP-EMBED-FP32-EQUIV-001,GOLD-MODEL-C1-B6-R00926,F035,-0.03984125229130382,-0.0398412533,1.0086961751976098e-09,2.5317883278929426e-08,True,1.0,1.0,1.0,1.0,1.0,True
EXP-EMBED-FP32-EQUIV-001,GOLD-MODEL-C1-B6-R00926,F036,0.2820057612807838,0.282005787,2.571921620120321e-08,9.120103108672109e-08,True,1.0,1.0,1.0,1.0,1.0,True
EXP-EMBED-FP32-EQUIV-001,GOLD-MODEL-C1-B6-R00926,F037,0.06604180089392035,0.0660417899,1.0993920357416087e-08,1.664691181737317e-07,True,1.0,1.0,1.0,1.0,1.0,True
EXP-EMBED-FP32-EQUIV-001,GOLD-MODEL-C1-B6-R00926,F038,0.012977722468512485,0.0129777221,3.6851248441660545e-10,2.8395774783342597e-08,True,1.0,1.0,1.0,1.0,1.0,True
EXP-EMBED-FP32-EQUIV-001,GOLD-MODEL-C1-B6-R00926,F039,-0.279110588971618,-0.279110521,6.797161800076168e-08,2.4352934172509493e-07,True,1.0,1.0,1.0,1.0,1.0,True
EXP-EMBED-FP32-EQUIV-001,GOLD-MODEL-C1-B6-R00926,F040,0.19789263736952464,0.197892636,1.369524632588437e-09,6.920543638170457e-09,True,1.0,1.0,1.0,1.0,1.0,True
EXP-EMBED-FP32-EQUIV-001,GOLD-MODEL-C1-B6-R00926,F041,0.5488602247589771,0.548860192,3.2758977086544405e-08,5.968546381900778e-08,True,1.0,1.0,1.0,1.0,1.0,True
EXP-EMBED-FP32-EQUIV-001,GOLD-MODEL-C1-B6-R00926,F042,-0.00021557288057056991,-0.000215573076,1.9542943009861168e-10,9.065585132107372e-07,True,1.0,1.0,1.0,1.0,1.0,True
EXP-EMBED-FP32-EQUIV-001,GOLD-MODEL-C1-B6-R00926,F043,-0.048855461147934987,-0.04885545,1.1147934984856445e-08,2.2818196211679077e-07,True,1.0,1.0,1.0,1.0,1.0,True
EXP-EMBED-FP32-EQUIV-001,GOLD-MODEL-C1-B6-R00926,F044,-0.12087321718688132,-0.12087322,2.813118682443161e-09,2.3273300305176917e-08,True,1.0,1.0,1.0,1.0,1.0,True
EXP-EMBED-FP32-EQUIV-001,GOLD-MODEL-C1-B6-R00926,F045,0.06118727021228758,0.0611872822,1.198771241994745e-08,1.959184055499846e-07,True,1.0,1.0,1.0,1.0,1.0,True
EXP-EMBED-FP32-EQUIV-001,GOLD-MODEL-C1-B6-R00926,F046,0.018317478217569974,0.0183174778,4.175699751252093e-10,2.2796258860822863e-08,True,1.0,1.0,1.0,1.0,1.0,True
EXP-EMBED-FP32-EQUIV-001,GOLD-MODEL-C1-B6-R00926,F047,-0.19433168072175067,-0.194331691,1.027824933497179e-08,5.289024052485021e-08,True,1.0,1.0,1.0,1.0,1.0,True
EXP-EMBED-FP32-EQUIV-001,GOLD-MODEL-C1-B6-R00926,F048,0.05487922545221222,0.0548792221,3.352212223084461e-09,6.108344633988144e-08,True,1.0,1.0,1.0,1.0,1.0,True
EXP-EMBED-FP32-EQUIV-001,GOLD-MODEL-C1-B6-R00926,F049,-0.22548063826834489,-0.225480646,7.73165512168994e-09,3.428966309953622e-08,True,1.0,1.0,1.0,1.0,1.0,True
EXP-EMBED-FP32-EQUIV-001,GOLD-MODEL-C1-B6-R00926,F050,1.1853971807688695,1.18539727,8.923113048453502e-08,7.527530175722043e-08,True,1.0,1.0,1.0,1.0,1.0,True
EXP-EMBED-FP32-EQUIV-001,GOLD-MODEL-C1-B6-R00926,F051,0.8678325941340633,0.867832601,6.865936708067011e-09,7.911591192213686e-09,True,1.0,1.0,1.0,1.0,1.0,True
EXP-EMBED-FP32-EQUIV-001,GOLD-MODEL-C1-B6-R00926,F052,0.2582440000244484,0.258243978,2.2024448431690047e-08,8.528542165395887e-08,True,1.0,1.0,1.0,1.0,1.0,True
EXP-EMBED-FP32-EQUIV-001,GOLD-MODEL-C1-B6-R00926,F053,0.646151528322989,0.646151543,1.4677010939934121e-08,2.2714503172385263e-08,True,1.0,1.0,1.0,1.0,1.0,True
EXP-EMBED-FP32-EQUIV-001,GOLD-MODEL-C1-B6-R00926,F054,0.8324351781827959,0.832435131,4.718279589255303e-08,5.6680444470827106e-08,True,1.0,1.0,1.0,1.0,1.0,True
EXP-EMBED-FP32-EQUIV-001,GOLD-MODEL-C1-B6-R00926,F055,0.9455724598629562,0.945572436,2.386295627765378e-08,2.523651786676643e-08,True,1.0,1.0,1.0,1.0,1.0,True
EXP-EMBED-FP32-EQUIV-001,GOLD-MODEL-C1-B6-R00926,F056,-0.054073808866817,-0.0540738031,5.766817003094449e-09,1.066471388634382e-07,True,1.0,1.0,1.0,1.0,1.0,True
EXP-EMBED-FP32-EQUIV-001,GOLD-MODEL-C1-B6-R00926,F057,-0.23623267333745349,-0.236232638,3.533745349115769e-08,1.4958749351610166e-07,True,1.0,1.0,1.0,1.0,1.0,True
EXP-EMBED-FP32-EQUIV-001,GOLD-MODEL-C1-B6-R00926,F058,1.1687563649488173,1.16875648,1.1505118280297211e-07,9.84389786044164e-08,True,1.0,1.0,1.0,1.0,1.0,True
EXP-EMBED-FP32-EQUIV-001,GOLD-MODEL-C1-B6-R00926,F059,0.5627111085754599,0.56271112,1.1424540091731217e-08,2.0302673818992466e-08,True,1.0,1.0,1.0,1.0,1.0,True
EXP-EMBED-FP32-EQUIV-001,GOLD-MODEL-C1-B6-R00926,F060,0.27666274838277477,0.276662797,4.8617225245628504e-08,1.757273992607219e-07,True,1.0,1.0,1.0,1.0,1.0,True
EXP-EMBED-FP32-EQUIV-001,GOLD-MODEL-C1-B6-R00926,F061,0.7583357938784043,0.758335769,2.4878404336625692e-08,3.280658059062267e-08,True,1.0,1.0,1.0,1.0,1.0,True
EXP-EMBED-FP32-EQUIV-001,GOLD-MODEL-C1-B6-R00926,F062,0.9037109608035698,0.903710902,5.8803569791265886e-08,6.506900141941224e-08,True,1.0,1.0,1.0,1.0,1.0,True
EXP-EMBED-FP32-EQUIV-001,GOLD-MODEL-C1-B6-R00926,F063,0.5446218420850645,0.544621766,7.608506447098762e-08,1.3970255797986137e-07,True,1.0,1.0,1.0,1.0,1.0,True
EXP-EMBED-FP32-EQUIV-001,GOLD-MODEL-C1-B6-R00926,F064,0.24594163891556395,0.245941639,8.443604149199757e-11,3.4331738970392865e-10,True,1.0,1.0,1.0,1.0,1.0,True
EXP-EMBED-FP32-EQUIV-001,GOLD-MODEL-C1-B6-R00926,F065,0.4444268776382101,0.444426894,1.636178992292514e-08,3.681548247008726e-08,True,1.0,1.0,1.0,1.0,1.0,True
EXP-EMBED-FP32-EQUIV-001,GOLD-MODEL-C1-B6-R00926,F066,0.14676039954627568,0.146760404,4.453724333775e-09,3.0346907936637744e-08,True,1.0,1.0,1.0,1.0,1.0,True
EXP-EMBED-FP32-EQUIV-001,GOLD-MODEL-C1-B6-R00926,F067,0.12352409924450812,0.123524107,7.75549187370661e-09,6.278525341322348e-08,True,1.0,1.0,1.0,1.0,1.0,True
EXP-EMBED-FP32-EQUIV-001,GOLD-MODEL-C1-B6-R00926,F068,0.09279228916472061,0.0927922949,5.735279390295389e-09,6.180771529533433e-08,True,1.0,1.0,1.0,1.0,1.0,True
EXP-EMBED-FP32-EQUIV-001,GOLD-MODEL-C1-B6-R00926,F069,0.22794705246327296,0.227947041,1.1463272969747251e-08,5.0289191484913914e-08,True,1.0,1.0,1.0,1.0,1.0,True
EXP-EMBED-FP32-EQUIV-001,GOLD-MODEL-C1-B6-R00926,F070,0.19686422335439985,0.196864247,2.364560014456174e-08,1.2011121036448733e-07,True,1.0,1.0,1.0,1.0,1.0,True
EXP-EMBED-FP32-EQUIV-001,GOLD-MODEL-C1-B6-R00926,F071,0.0584212496097602,0.0584212467,2.9097602036176617e-09,4.980653825541485e-08,True,1.0,1.0,1.0,1.0,1.0,True
EXP-EMBED-FP32-EQUIV-001,GOLD-MODEL-C1-B6-R00926,F072,0.2677150982197491,0.267715126,2.778025093297387e-08,1.0376796496614081e-07,True,1.0,1.0,1.0,1.0,1.0,True
EXP-EMBED-FP32-EQUIV-001,GOLD-MODEL-C1-B6-R00926,F073,0.4591261922434554,0.459126174,1.8243455413013976e-08,3.973516588951265e-08,True,1.0,1.0,1.0,1.0,1.0,True
EXP-EMBED-FP32-EQUIV-001,GOLD-MODEL-C1-B6-R00926,F074,0.1757224784905036,0.175722495,1.650949640885635e-08,9.395210305862239e-08,True,1.0,1.0,1.0,1.0,1.0,True
EXP-EMBED-FP32-EQUIV-001,GOLD-MODEL-C1-B6-R00926,F075,0.15551014196456156,0.155510142,3.543842996833746e-11,2.278850081457282e-10,True,1.0,1.0,1.0,1.0,1.0,True
EXP-EMBED-FP32-EQUIV-001,GOLD-MODEL-C1-B6-R00926,F076,0.12234709254840263,0.122347087,5.548402640109806e-09,4.534968935134083e-08,True,1.0,1.0,1.0,1.0,1.0,True
EXP-EMBED-FP32-EQUIV-001,GOLD-MODEL-C1-B6-R00926,F077,0.26613805324383355,0.266138047,6.243833561292433e-09,2.3460882369842404e-08,True,1.0,1.0,1.0,1.0,1.0,True
EXP-EMBED-FP32-EQUIV-001,GOLD-MODEL-C1-B6-R00926,F078,0.2263015483632851,0.226301551,2.63671490197126e-09,1.1651333899574138e-08,True,1.0,1.0,1.0,1.0,1.0,True
EXP-EMBED-FP32-EQUIV-001,GOLD-MODEL-C1-B6-R00926,F079,0.0763761001572123,0.0763760954,4.757212304640213e-09,6.228666159764617e-08,True,1.0,1.0,1.0,1.0,1.0,True
EXP-EMBED-FP32-EQUIV-001,GOLD-MODEL-C1-B6-R00926,F080,0.23884157477128207,0.238841578,3.2287179319023807e-09,1.3518240846444949e-08,True,1.0,1.0,1.0,1.0,1.0,True
EXP-EMBED-FP32-EQUIV-001,GOLD-MODEL-C1-B6-R00926,F081,-0.06339576407203118,-0.0633957312,3.287203118040871e-08,5.185209400277759e-07,True,1.0,1.0,1.0,1.0,1.0,True
EXP-EMBED-FP32-EQUIV-001,GOLD-MODEL-C1-B6-R00926,F082,1.2266038776242665,1.22660375,1.2762426648826874e-07,1.0404684741047479e-07,True,1.0,1.0,1.0,1.0,1.0,True
EXP-EMBED-FP32-EQUIV-001,GOLD-MODEL-C1-B6-R00926,F083,1.1833868334934332,1.18338692,8.650656679876079e-08,7.3100835965352e-08,True,1.0,1.0,1.0,1.0,1.0,True
EXP-EMBED-FP32-EQUIV-001,GOLD-MODEL-C1-B6-R00926,F084,0.6835134819999341,0.683513522,4.000006592619343e-08,5.852125375662639e-08,True,1.0,1.0,1.0,1.0,1.0,True
EXP-EMBED-FP32-EQUIV-001,GOLD-MODEL-C1-B6-R00926,F085,0.8097714485347832,0.809771478,2.9465216822011087e-08,3.6387077953076815e-08,True,1.0,1.0,1.0,1.0,1.0,True
EXP-EMBED-FP32-EQUIV-001,GOLD-MODEL-C1-B6-R00926,F086,0.7769277935184518,0.776927769,2.451845171336231e-08,3.155821160976397e-08,True,1.0,1.0,1.0,1.0,1.0,True
EXP-EMBED-FP32-EQUIV-001,GOLD-MODEL-C1-B6-R00926,F087,0.912703848018308,0.912703753,9.501830799951705e-08,1.0410639574471376e-07,True,1.0,1.0,1.0,1.0,1.0,True
EXP-EMBED-FP32-EQUIV-001,GOLD-MODEL-C1-B6-R00926,F088,-0.3648318259844806,-0.364831805,2.0984480597618926e-08,5.751822923066908e-08,True,1.0,1.0,1.0,1.0,1.0,True
EXP-EMBED-FP32-EQUIV-001,GOLD-MODEL-C1-B6-R00926,F089,-0.0467580273334615,-0.0467580408,1.3466538495432445e-08,2.880048467270425e-07,True,1.0,1.0,1.0,1.0,1.0,True
EXP-EMBED-FP32-EQUIV-001,GOLD-MODEL-C1-B6-R00926,F090,1.0472061930174936,1.04720628,8.69825063087859e-08,8.306148959847954e-08,True,1.0,1.0,1.0,1.0,1.0,True
EXP-EMBED-FP32-EQUIV-001,GOLD-MODEL-C1-B6-R00926,F091,1.037959525527411,1.03795946,6.552741105281257e-08,6.313098867657348e-08,True,1.0,1.0,1.0,1.0,1.0,True
EXP-EMBED-FP32-EQUIV-001,GOLD-MODEL-C1-B6-R00926,F092,0.5292577255108084,0.529257774,4.848919155087117e-08,9.161735240439288e-08,True,1.0,1.0,1.0,1.0,1.0,True
EXP-EMBED-FP32-EQUIV-001,GOLD-MODEL-C1-B6-R00926,F093,0.7254509777454252,0.725450933,4.474542525390035e-08,6.167946095125726e-08,True,1.0,1.0,1.0,1.0,1.0,True
EXP-EMBED-FP32-EQUIV-001,GOLD-MODEL-C1-B6-R00926,F094,0.7702820978305198,0.77028209,7.83051978814342e-09,1.0165781874196326e-08,True,1.0,1.0,1.0,1.0,1.0,True
EXP-EMBED-FP32-EQUIV-001,GOLD-MODEL-C1-B6-R00926,F095,-0.43458278732762134,-0.434582829,4.167237865893014e-08,9.589054116750914e-08,True,1.0,1.0,1.0,1.0,1.0,True
EXP-EMBED-FP32-EQUIV-001,GOLD-MODEL-C1-B6-R00926,F096,-0.524626089426938,-0.524626076,1.3426938005878242e-08,2.559334786522877e-08,True,1.0,1.0,1.0,1.0,1.0,True
EXP-EMBED-FP32-EQUIV-001,GOLD-MODEL-C1-B6-R00926,F097,0.3245785205047805,0.324578524,3.495219502713809e-09,1.07684867664012e-08,True,1.0,1.0,1.0,1.0,1.0,True
EXP-EMBED-FP32-EQUIV-001,GOLD-MODEL-C1-B6-R00926,F098,-0.07921192710239168,-0.079211928,8.976083210043839e-10,1.1331731897446565e-08,True,1.0,1.0,1.0,1.0,1.0,True
EXP-EMBED-FP32-EQUIV-001,GOLD-MODEL-C1-B6-R00926,F099,-0.5428502206023486,-0.542850196,2.4602348602797974e-08,4.532069375508242e-08,True,1.0,1.0,1.0,1.0,1.0,True
EXP-EMBED-FP32-EQUIV-001,GOLD-MODEL-C1-B6-R00926,F100,-0.19984381567488574,-0.199843824,8.325114264629008e-09,4.165810303668666e-08,True,1.0,1.0,1.0,1.0,1.0,True
EXP-EMBED-FP32-EQUIV-001,GOLD-MODEL-C1-B6-R00926,F101,-0.20212726286703264,-0.202127278,1.5132967351449977e-08,7.486851173265551e-08,True,1.0,1.0,1.0,1.0,1.0,True
EXP-EMBED-FP32-EQUIV-001,GOLD-MODEL-C1-B6-R00926,F102,-0.16169224406217034,-0.161692262,1.7937829666081484e-08,1.1093809582594713e-07,True,1.0,1.0,1.0,1.0,1.0,True
EXP-EMBED-FP32-EQUIV-001,GOLD-MODEL-C1-B6-R00926,F103,-0.4304667213628678,-0.430466712,9.362867814388665e-09,2.175050323227218e-08,True,1.0,1.0,1.0,1.0,1.0,True
EXP-EMBED-FP32-EQUIV-001,GOLD-MODEL-C1-B6-R00926,F104,-0.5714717795611685,-0.571471751,2.856116843030776e-08,4.997826568485989e-08,True,1.0,1.0,1.0,1.0,1.0,True
EXP-EMBED-FP32-EQUIV-001,GOLD-MODEL-C1-B6-R00926,F105,0.2745515868528897,0.274551541,4.585288970737622e-08,1.6701010630816395e-07,True,1.0,1.0,1.0,1.0,1.0,True
EXP-EMBED-FP32-EQUIV-001,GOLD-MODEL-C1-B6-R00926,F106,-0.07949549446672309,-0.079495497,2.5332769076902295e-09,3.1866924341865216e-08,True,1.0,1.0,1.0,1.0,1.0,True
EXP-EMBED-FP32-EQUIV-001,GOLD-MODEL-C1-B6-R00926,F107,-0.3899938088423073,-0.389993787,2.184230729618264e-08,5.600680523883523e-08,True,1.0,1.0,1.0,1.0,1.0,True
EXP-EMBED-FP32-EQUIV-001,GOLD-MODEL-C1-B6-R00926,F108,0.2955739556654848,0.29557395,5.6654848035186944e-09,1.9167740238692055e-08,True,1.0,1.0,1.0,1.0,1.0,True
EXP-EMBED-FP32-EQUIV-001,GOLD-MODEL-C1-B6-R00926,F109,-0.22875230493442836,-0.2287523,4.934428365910293e-09,2.1571054190359927e-08,True,1.0,1.0,1.0,1.0,1.0,True
EXP-EMBED-FP32-EQUIV-001,GOLD-MODEL-C1-B6-R00926,F110,-0.15461576545848438,-0.15461576,5.458484386711149e-09,3.530354340338468e-08,True,1.0,1.0,1.0,1.0,1.0,True
EXP-EMBED-FP32-EQUIV-001,GOLD-MODEL-C1-B6-R00926,F111,-0.48986396475141275,-0.489863992,2.7248587275430225e-08,5.5624804509263797e-08,True,1.0,1.0,1.0,1.0,1.0,True
EXP-EMBED-FP32-EQUIV-001,GOLD-MODEL-C1-B6-R00926,F112,-0.0043677750774347894,-0.00436777482,2.5743478963141664e-10,5.8939571078511e-08,True,1.0,1.0,1.0,1.0,1.0,True
EXP-EMBED-FP32-EQUIV-001,GOLD-MODEL-C1-B6-R00926,F113,-0.2601099580453089,-0.260109991,3.2954691087105914e-08,1.2669523048927444e-07,True,1.0,1.0,1.0,1.0,1.0,True
EXP-EMBED-FP32-EQUIV-001,GOLD-MODEL-C1-B6-R00926,F114,1.1058244680915268,1.10582435,1.1809152677955126e-07,1.0679048093714007e-07,True,1.0,1.0,1.0,1.0,1.0,True
EXP-EMBED-FP32-EQUIV-001,GOLD-MODEL-C1-B6-R00926,F115,0.6157028733154909,0.615702868,5.315490936297351e-09,8.63320794277608e-09,True,1.0,1.0,1.0,1.0,1.0,True
EXP-EMBED-FP32-EQUIV-001,GOLD-MODEL-C1-B6-R00926,F116,0.2882848836808185,0.288284898,1.4319181507183032e-08,4.9670247445359835e-08,True,1.0,1.0,1.0,1.0,1.0,True
EXP-EMBED-FP32-EQUIV-001,GOLD-MODEL-C1-B6-R00926,F117,0.5351014602485739,0.535101473,1.2751426137214139e-08,2.3829922144653918e-08,True,1.0,1.0,1.0,1.0,1.0,True
EXP-EMBED-FP32-EQUIV-001,GOLD-MODEL-C1-B6-R00926,F118,0.5943891173755645,0.594389081,3.637556456048685e-08,6.119823445136019e-08,True,1.0,1.0,1.0,1.0,1.0,True
EXP-EMBED-FP32-EQUIV-001,GOLD-MODEL-C1-B6-R00926,F119,0.39385137657100244,0.39385137,6.5710024643728104e-09,1.668396470156353e-08,True,1.0,1.0,1.0,1.0,1.0,True
EXP-EMBED-FP32-EQUIV-001,GOLD-MODEL-C1-B6-R00926,F120,-0.13476355336283155,-0.134763554,6.371684568851066e-10,4.728047316841089e-09,True,1.0,1.0,1.0,1.0,1.0,True
EXP-EMBED-FP32-EQUIV-001,GOLD-MODEL-C1-B6-R00926,F121,-0.23296477637758106,-0.232964784,7.622418946029441e-09,3.2719190705788474e-08,True,1.0,1.0,1.0,1.0,1.0,True
EXP-EMBED-FP32-EQUIV-001,GOLD-MODEL-C1-B6-R00926,F122,1.0659249053116884,1.06592488,2.531168830088859e-08,2.3746220934285395e-08,True,1.0,1.0,1.0,1.0,1.0,True
EXP-EMBED-FP32-EQUIV-001,GOLD-MODEL-C1-B6-R00926,F123,0.7874526257953568,0.787452519,1.0679535678015384e-07,1.3562131013568786e-07,True,1.0,1.0,1.0,1.0,1.0,True
EXP-EMBED-FP32-EQUIV-001,GOLD-MODEL-C1-B6-R00926,F124,0.856000174165872,0.856000125,4.916587204029099e-08,5.7436754715851076e-08,True,1.0,1.0,1.0,1.0,1.0,True
EXP-EMBED-FP32-EQUIV-001,GOLD-MODEL-C1-B6-R00926,F125,0.4738407174302149,0.473840684,3.343021487411946e-08,7.055158757867386e-08,True,1.0,1.0,1.0,1.0,1.0,True
EXP-EMBED-FP32-EQUIV-001,GOLD-MODEL-C1-B6-R00926,F126,0.5545852918827199,0.554585278,1.3882719862579052e-08,2.503261457845312e-08,True,1.0,1.0,1.0,1.0,1.0,True
EXP-EMBED-FP32-EQUIV-001,GOLD-MODEL-C1-B6-R00926,F127,0.2309373328752772,0.230937332,8.752772118203467e-10,3.7901070429918725e-09,True,1.0,1.0,1.0,1.0,1.0,True
EXP-EMBED-FP32-EQUIV-001,GOLD-MODEL-C1-B6-R01279,F000,0.23920550957522815,0.239205524,1.442477184920854e-08,6.030284116291255e-08,True,1.0,1.0,1.0,1.0,1.0,True
EXP-EMBED-FP32-EQUIV-001,GOLD-MODEL-C1-B6-R01279,F001,0.5480136624640655,0.548013687,2.4535934506353385e-08,4.477248686835844e-08,True,1.0,1.0,1.0,1.0,1.0,True
EXP-EMBED-FP32-EQUIV-001,GOLD-MODEL-C1-B6-R01279,F002,0.1498731377334359,0.149873137,7.334359231059295e-10,4.893711669735088e-09,True,1.0,1.0,1.0,1.0,1.0,True
EXP-EMBED-FP32-EQUIV-001,GOLD-MODEL-C1-B6-R01279,F003,0.12976325068248212,0.129763246,4.682482124263032e-09,3.608480906293419e-08,True,1.0,1.0,1.0,1.0,1.0,True
EXP-EMBED-FP32-EQUIV-001,GOLD-MODEL-C1-B6-R01279,F004,0.09921165678939285,0.0992116481,8.689392858030054e-09,8.758439420557156e-08,True,1.0,1.0,1.0,1.0,1.0,True
EXP-EMBED-FP32-EQUIV-001,GOLD-MODEL-C1-B6-R01279,F005,0.20587374718287274,0.205873743,4.182872742619637e-09,2.0317659730087344e-08,True,1.0,1.0,1.0,1.0,1.0,True
EXP-EMBED-FP32-EQUIV-001,GOLD-MODEL-C1-B6-R01279,F006,0.16325943437383875,0.163259432,2.3738387366911695e-09,1.454028519574218e-08,True,1.0,1.0,1.0,1.0,1.0,True
EXP-EMBED-FP32-EQUIV-001,GOLD-MODEL-C1-B6-R01279,F007,0.04834037618382743,0.0483403727,3.483827427930297e-09,7.206868673677871e-08,True,1.0,1.0,1.0,1.0,1.0,True
EXP-EMBED-FP32-EQUIV-001,GOLD-MODEL-C1-B6-R01279,F008,0.28917505628673623,0.289175093,3.6713263762422343e-08,1.269586119696946e-07,True,1.0,1.0,1.0,1.0,1.0,True
EXP-EMBED-FP32-EQUIV-001,GOLD-MODEL-C1-B6-R01279,F009,0.6206420363825154,0.620642126,8.961748465541319e-08,1.4439480312638694e-07,True,1.0,1.0,1.0,1.0,1.0,True
EXP-EMBED-FP32-EQUIV-001,GOLD-MODEL-C1-B6-R01279,F010,0.16725721912636587,0.167257234,1.487363412988607e-08,8.892670945729864e-08,True,1.0,1.0,1.0,1.0,1.0,True
EXP-EMBED-FP32-EQUIV-001,GOLD-MODEL-C1-B6-R01279,F011,0.12521131769242655,0.125211328,1.0307573461432185e-08,8.232141991151365e-08,True,1.0,1.0,1.0,1.0,1.0,True
EXP-EMBED-FP32-EQUIV-001,GOLD-MODEL-C1-B6-R01279,F012,0.09061395583225058,0.0906139538,2.0322505900338683e-09,2.2427567270058044e-08,True,1.0,1.0,1.0,1.0,1.0,True
EXP-EMBED-FP32-EQUIV-001,GOLD-MODEL-C1-B6-R01279,F013,0.2786296621538373,0.278629661,1.1538373034802873e-09,4.1411143901945e-09,True,1.0,1.0,1.0,1.0,1.0,True
EXP-EMBED-FP32-EQUIV-001,GOLD-MODEL-C1-B6-R01279,F014,0.23333760789709107,0.233337626,1.8102908921902028e-08,7.75824741028714e-08,True,1.0,1.0,1.0,1.0,1.0,True
EXP-EMBED-FP32-EQUIV-001,GOLD-MODEL-C1-B6-R01279,F015,0.06402631469685638,0.064026311,3.696856376578239e-09,5.773964024138579e-08,True,1.0,1.0,1.0,1.0,1.0,True
EXP-EMBED-FP32-EQUIV-001,GOLD-MODEL-C1-B6-R01279,F016,-0.15955011074798914,-0.159550115,4.2520108545218704e-09,2.6650002526403512e-08,True,1.0,1.0,1.0,1.0,1.0,True
EXP-EMBED-FP32-EQUIV-001,GOLD-MODEL-C1-B6-R01279,F017,-0.5185851324910493,-0.518585205,7.25089507325194e-08,1.3982072795689122e-07,True,1.0,1.0,1.0,1.0,1.0,True
EXP-EMBED-FP32-EQUIV-001,GOLD-MODEL-C1-B6-R01279,F018,-0.3127566049824671,-0.312756628,2.3017532879698877e-08,7.359567316248756e-08,True,1.0,1.0,1.0,1.0,1.0,True
EXP-EMBED-FP32-EQUIV-001,GOLD-MODEL-C1-B6-R01279,F019,-0.1756249008342992,-0.175624877,2.3834299200942155e-08,1.3571138880488045e-07,True,1.0,1.0,1.0,1.0,1.0,True
EXP-EMBED-FP32-EQUIV-001,GOLD-MODEL-C1-B6-R01279,F020,-0.016840194602544597,-0.0168401953,6.974554024596902e-10,4.141611299161014e-08,True,1.0,1.0,1.0,1.0,1.0,True
EXP-EMBED-FP32-EQUIV-001,GOLD-MODEL-C1-B6-R01279,F021,-0.36172888256133356,-0.361728907,2.4438666423876043e-08,6.756072739016714e-08,True,1.0,1.0,1.0,1.0,1.0,True
EXP-EMBED-FP32-EQUIV-001,GOLD-MODEL-C1-B6-R01279,F022,-0.3122070742426896,-0.312207073,1.2426896178752145e-09,3.9803377962833345e-09,True,1.0,1.0,1.0,1.0,1.0,True
EXP-EMBED-FP32-EQUIV-001,GOLD-MODEL-C1-B6-R01279,F023,0.0033999544014831308,0.00339995697,2.568516869246723e-09,7.554562696859354e-07,True,1.0,1.0,1.0,1.0,1.0,True
EXP-EMBED-FP32-EQUIV-001,GOLD-MODEL-C1-B6-R01279,F024,0.0072725971218487,0.00727259694,1.8184870016063615e-10,2.500464374883591e-08,True,1.0,1.0,1.0,1.0,1.0,True
EXP-EMBED-FP32-EQUIV-001,GOLD-MODEL-C1-B6-R01279,F025,-0.4273870949672435,-0.427387059,3.596724346133229e-08,8.4156128916548e-08,True,1.0,1.0,1.0,1.0,1.0,True
EXP-EMBED-FP32-EQUIV-001,GOLD-MODEL-C1-B6-R01279,F026,-0.26218854900275534,-0.262188584,3.4997244657830606e-08,1.3348120957587212e-07,True,1.0,1.0,1.0,1.0,1.0,True
EXP-EMBED-FP32-EQUIV-001,GOLD-MODEL-C1-B6-R01279,F027,-0.14466725725994434,-0.144667253,4.259944341722388e-09,2.9446499660029756e-08,True,1.0,1.0,1.0,1.0,1.0,True
EXP-EMBED-FP32-EQUIV-001,GOLD-MODEL-C1-B6-R01279,F028,-0.02768797019473634,-0.027687965,5.1947363424731385e-09,1.8761708806883544e-07,True,1.0,1.0,1.0,1.0,1.0,True
EXP-EMBED-FP32-EQUIV-001,GOLD-MODEL-C1-B6-R01279,F029,-0.35139124862010185,-0.351391256,7.379898137038765e-09,2.100194061752905e-08,True,1.0,1.0,1.0,1.0,1.0,True
EXP-EMBED-FP32-EQUIV-001,GOLD-MODEL-C1-B6-R01279,F030,-0.32535219719525743,-0.325352192,5.195257446466428e-09,1.5968103154836042e-08,True,1.0,1.0,1.0,1.0,1.0,True
EXP-EMBED-FP32-EQUIV-001,GOLD-MODEL-C1-B6-R01279,F031,0.03346585278988325,0.0334658399,1.2889883251043788e-08,3.8516524087921664e-07,True,1.0,1.0,1.0,1.0,1.0,True
EXP-EMBED-FP32-EQUIV-001,GOLD-MODEL-C1-B6-R01279,F032,0.5714221102689516,0.5714221,1.0268951577963037e-08,1.7970868458572147e-08,True,1.0,1.0,1.0,1.0,1.0,True
EXP-EMBED-FP32-EQUIV-001,GOLD-MODEL-C1-B6-R01279,F033,0.8420788655213575,0.842078805,6.052135748113585e-08,7.187136497442574e-08,True,1.0,1.0,1.0,1.0,1.0,True
EXP-EMBED-FP32-EQUIV-001,GOLD-MODEL-C1-B6-R01279,F034,0.004388487287620243,0.00438848743,1.423797572897012e-10,3.244392610896906e-08,True,1.0,1.0,1.0,1.0,1.0,True
EXP-EMBED-FP32-EQUIV-001,GOLD-MODEL-C1-B6-R01279,F035,0.05298851916254054,0.052988518,1.1625405429982472e-09,2.1939479747154137e-08,True,1.0,1.0,1.0,1.0,1.0,True
EXP-EMBED-FP32-EQUIV-001,GOLD-MODEL-C1-B6-R01279,F036,0.07445767538181894,0.0744576901,1.471818106280054e-08,1.9767177778953898e-07,True,1.0,1.0,1.0,1.0,1.0,True
EXP-EMBED-FP32-EQUIV-001,GOLD-MODEL-C1-B6-R01279,F037,0.18914732156914646,0.189147308,1.3569146473102478e-08,7.17385071093487e-08,True,1.0,1.0,1.0,1.0,1.0,True
EXP-EMBED-FP32-EQUIV-001,GOLD-MODEL-C1-B6-R01279,F038,0.056648073898184756,0.0566480719,1.9981847565464506e-09,3.527365749694944e-08,True,1.0,1.0,1.0,1.0,1.0,True
EXP-EMBED-FP32-EQUIV-001,GOLD-MODEL-C1-B6-R01279,F039,-0.24621268800440368,-0.246212661,2.7004403685415568e-08,1.0967917171243659e-07,True,1.0,1.0,1.0,1.0,1.0,True
EXP-EMBED-FP32-EQUIV-001,GOLD-MODEL-C1-B6-R01279,F040,0.5534042065663677,0.553404212,5.433632321860671e-09,9.818559847193781e-09,True,1.0,1.0,1.0,1.0,1.0,True
EXP-EMBED-FP32-EQUIV-001,GOLD-MODEL-C1-B6-R01279,F041,0.7811014826876701,0.781101465,1.7687670106347753e-08,2.2644522508761276e-08,True,1.0,1.0,1.0,1.0,1.0,True
EXP-EMBED-FP32-EQUIV-001,GOLD-MODEL-C1-B6-R01279,F042,-0.0023848909297918904,-0.00238489104,1.1020810956538507e-10,4.6210964278773966e-08,True,1.0,1.0,1.0,1.0,1.0,True
EXP-EMBED-FP32-EQUIV-001,GOLD-MODEL-C1-B6-R01279,F043,0.08336652944680129,0.0833665282,1.2468012872135503e-09,1.4955657809998822e-08,True,1.0,1.0,1.0,1.0,1.0,True
EXP-EMBED-FP32-EQUIV-001,GOLD-MODEL-C1-B6-R01279,F044,-0.04500803176765508,-0.0450080298,1.9676550805369786e-09,4.3717865528859435e-08,True,1.0,1.0,1.0,1.0,1.0,True
EXP-EMBED-FP32-EQUIV-001,GOLD-MODEL-C1-B6-R01279,F045,0.17666800122834145,0.176668003,1.7716585420934905e-09,1.0028180144539256e-08,True,1.0,1.0,1.0,1.0,1.0,True
EXP-EMBED-FP32-EQUIV-001,GOLD-MODEL-C1-B6-R01279,F046,0.0665010761609561,0.0665010735,2.6609561082358013e-09,4.001373003040353e-08,True,1.0,1.0,1.0,1.0,1.0,True
EXP-EMBED-FP32-EQUIV-001,GOLD-MODEL-C1-B6-R01279,F047,-0.061099207877560374,-0.0610992014,6.4775603769717804e-09,1.0601709256120756e-07,True,1.0,1.0,1.0,1.0,1.0,True
EXP-EMBED-FP32-EQUIV-001,GOLD-MODEL-C1-B6-R01279,F048,-0.025929970867794732,-0.0259299707,1.6779473296923975e-10,6.4710729458490205e-09,True,1.0,1.0,1.0,1.0,1.0,True
EXP-EMBED-FP32-EQUIV-001,GOLD-MODEL-C1-B6-R01279,F049,-0.6152585266867691,-0.615258515,1.1686769108010253e-08,1.899489174241065e-08,True,1.0,1.0,1.0,1.0,1.0,True
EXP-EMBED-FP32-EQUIV-001,GOLD-MODEL-C1-B6-R01279,F050,-0.2530867190474288,-0.253086716,3.047428809299646e-09,1.2041045933858559e-08,True,1.0,1.0,1.0,1.0,1.0,True
EXP-EMBED-FP32-EQUIV-001,GOLD-MODEL-C1-B6-R01279,F051,-0.089564581193646,-0.0895645842,3.0063539990798915e-09,3.356632676682657e-08,True,1.0,1.0,1.0,1.0,1.0,True
EXP-EMBED-FP32-EQUIV-001,GOLD-MODEL-C1-B6-R01279,F052,-0.009444456068757273,-0.00944445375,2.318757272995464e-09,2.4551517378179437e-07,True,1.0,1.0,1.0,1.0,1.0,True
EXP-EMBED-FP32-EQUIV-001,GOLD-MODEL-C1-B6-R01279,F053,-0.26686079909309,-0.266860783,1.6093090027258228e-08,6.030518563217079e-08,True,1.0,1.0,1.0,1.0,1.0,True
EXP-EMBED-FP32-EQUIV-001,GOLD-MODEL-C1-B6-R01279,F054,-0.27210030001798896,-0.2721003,1.798894366800141e-11,6.611144370958847e-11,True,1.0,1.0,1.0,1.0,1.0,True
EXP-EMBED-FP32-EQUIV-001,GOLD-MODEL-C1-B6-R01279,F055,-0.02220119314003214,-0.0222011805,1.2640032139021873e-08,5.693402178565785e-07,True,1.0,1.0,1.0,1.0,1.0,True
EXP-EMBED-FP32-EQUIV-001,GOLD-MODEL-C1-B6-R01279,F056,0.022271815989273167,0.0222718176,1.6107268331622127e-09,7.232130662079783e-08,True,1.0,1.0,1.0,1.0,1.0,True
EXP-EMBED-FP32-EQUIV-001,GOLD-MODEL-C1-B6-R01279,F057,-0.6598653551271617,-0.65986532,3.5127161734926915e-08,5.3233832420490705e-08,True,1.0,1.0,1.0,1.0,1.0,True
EXP-EMBED-FP32-EQUIV-001,GOLD-MODEL-C1-B6-R01279,F058,-0.2244432535258201,-0.224443272,1.847417990807898e-08,8.231113930966831e-08,True,1.0,1.0,1.0,1.0,1.0,True
EXP-EMBED-FP32-EQUIV-001,GOLD-MODEL-C1-B6-R01279,F059,-0.053479764858561214,-0.0534797609,3.958561214933987e-09,7.401979469063218e-08,True,1.0,1.0,1.0,1.0,1.0,True
EXP-EMBED-FP32-EQUIV-001,GOLD-MODEL-C1-B6-R01279,F060,-0.010296271731378464,-0.0102962712,5.313784638000252e-10,5.160882284998555e-08,True,1.0,1.0,1.0,1.0,1.0,True
EXP-EMBED-FP32-EQUIV-001,GOLD-MODEL-C1-B6-R01279,F061,-0.2807887742261196,-0.280788779,4.77388040209803e-09,1.7001678273126464e-08,True,1.0,1.0,1.0,1.0,1.0,True
EXP-EMBED-FP32-EQUIV-001,GOLD-MODEL-C1-B6-R01279,F062,-0.2684754535675684,-0.268475473,1.9432431608290557e-08,7.238066404234572e-08,True,1.0,1.0,1.0,1.0,1.0,True
EXP-EMBED-FP32-EQUIV-001,GOLD-MODEL-C1-B6-R01279,F063,0.0014423803631599206,0.00144237804,2.3231599205128517e-09,1.6106430591049837e-06,True,1.0,1.0,1.0,1.0,1.0,True
EXP-EMBED-FP32-EQUIV-001,GOLD-MODEL-C1-B6-R01279,F064,0.2945974785595988,0.294597477,1.5595987834515768e-09,5.29399909013838e-09,True,1.0,1.0,1.0,1.0,1.0,True
EXP-EMBED-FP32-EQUIV-001,GOLD-MODEL-C1-B6-R01279,F065,0.5501382000815245,0.550138235,3.491847555547878e-08,6.347218853427055e-08,True,1.0,1.0,1.0,1.0,1.0,True
EXP-EMBED-FP32-EQUIV-001,GOLD-MODEL-C1-B6-R01279,F066,0.17046078771625567,0.170460775,1.2716255659572795e-08,7.459930128177e-08,True,1.0,1.0,1.0,1.0,1.0,True
EXP-EMBED-FP32-EQUIV-001,GOLD-MODEL-C1-B6-R01279,F067,0.1401446321653321,0.140144631,1.1653321085880464e-09,8.31521044069155e-09,True,1.0,1.0,1.0,1.0,1.0,True
EXP-EMBED-FP32-EQUIV-001,GOLD-MODEL-C1-B6-R01279,F068,0.11742478874367562,0.117424808,1.925632438226632e-08,1.6398858016513525e-07,True,1.0,1.0,1.0,1.0,1.0,True
EXP-EMBED-FP32-EQUIV-001,GOLD-MODEL-C1-B6-R01279,F069,0.2833709330132811,0.283370912,2.1013281115145332e-08,7.415468090427072e-08,True,1.0,1.0,1.0,1.0,1.0,True
EXP-EMBED-FP32-EQUIV-001,GOLD-MODEL-C1-B6-R01279,F070,0.243272281176054,0.243272275,6.176054001549858e-09,2.5387413525671268e-08,True,1.0,1.0,1.0,1.0,1.0,True
EXP-EMBED-FP32-EQUIV-001,GOLD-MODEL-C1-B6-R01279,F071,0.08278990786397983,0.0827899054,2.463979825728657e-09,2.976183799813943e-08,True,1.0,1.0,1.0,1.0,1.0,True
EXP-EMBED-FP32-EQUIV-001,GOLD-MODEL-C1-B6-R01279,F072,0.30528487320376674,0.305284917,4.379623325112547e-08,1.4346021403390352e-07,True,1.0,1.0,1.0,1.0,1.0,True
EXP-EMBED-FP32-EQUIV-001,GOLD-MODEL-C1-B6-R01279,F073,0.5695825054222968,0.569582522,1.6577703210174377e-08,2.910500770715109e-08,True,1.0,1.0,1.0,1.0,1.0,True
EXP-EMBED-FP32-EQUIV-001,GOLD-MODEL-C1-B6-R01279,F074,0.19494191776585587,0.194941923,5.234144118126949e-09,2.6849762114342502e-08,True,1.0,1.0,1.0,1.0,1.0,True
EXP-EMBED-FP32-EQUIV-001,GOLD-MODEL-C1-B6-R01279,F075,0.16986051318653833,0.169860512,1.1865383398035334e-09,6.985368862629623e-09,True,1.0,1.0,1.0,1.0,1.0,True
EXP-EMBED-FP32-EQUIV-001,GOLD-MODEL-C1-B6-R01279,F076,0.15289300895034658,0.152893007,1.950346578682982e-09,1.2756283574197793e-08,True,1.0,1.0,1.0,1.0,1.0,True
EXP-EMBED-FP32-EQUIV-001,GOLD-MODEL-C1-B6-R01279,F077,0.3078966584541625,0.307896674,1.5545837506181215e-08,5.0490439176024936e-08,True,1.0,1.0,1.0,1.0,1.0,True
EXP-EMBED-FP32-EQUIV-001,GOLD-MODEL-C1-B6-R01279,F078,0.26038793367868085,0.260387927,6.678680830596306e-09,2.5648964359607423e-08,True,1.0,1.0,1.0,1.0,1.0,True
EXP-EMBED-FP32-EQUIV-001,GOLD-MODEL-C1-B6-R01279,F079,0.09111193071234151,0.0911119282,2.5123415153815998e-09,2.757423199946845e-08,True,1.0,1.0,1.0,1.0,1.0,True
EXP-EMBED-FP32-EQUIV-001,GOLD-MODEL-C1-B6-R01279,F080,-0.1214020580747591,-0.121402055,3.0747591001079044e-09,2.5327075577371803e-08,True,1.0,1.0,1.0,1.0,1.0,True
EXP-EMBED-FP32-EQUIV-001,GOLD-MODEL-C1-B6-R01279,F081,-0.4586206982600927,-0.458620667,3.12600927365736e-08,6.816110318432551e-08,True,1.0,1.0,1.0,1.0,1.0,True
EXP-EMBED-FP32-EQUIV-001,GOLD-MODEL-C1-B6-R01279,F082,-0.30683861765808457,-0.306838632,1.4341915433035979e-08,4.6740907459755986e-08,True,1.0,1.0,1.0,1.0,1.0,True
EXP-EMBED-FP32-EQUIV-001,GOLD-MODEL-C1-B6-R01279,F083,-0.185186707490137,-0.185186684,2.349013700220226e-08,1.2684569708359517e-07,True,1.0,1.0,1.0,1.0,1.0,True
EXP-EMBED-FP32-EQUIV-001,GOLD-MODEL-C1-B6-R01279,F084,-0.06816609710755132,-0.0681660995,2.392448669730207e-09,3.5097339751686854e-08,True,1.0,1.0,1.0,1.0,1.0,True
EXP-EMBED-FP32-EQUIV-001,GOLD-MODEL-C1-B6-R01279,F085,-0.34087998261735203,-0.340880007,2.4382647956233683e-08,7.152854142099607e-08,True,1.0,1.0,1.0,1.0,1.0,True
EXP-EMBED-FP32-EQUIV-001,GOLD-MODEL-C1-B6-R01279,F086,-0.306293879454206,-0.306293905,2.554579398017509e-08,8.340288753303164e-08,True,1.0,1.0,1.0,1.0,1.0,True
EXP-EMBED-FP32-EQUIV-001,GOLD-MODEL-C1-B6-R01279,F087,-0.10353156346099462,-0.103531569,5.539005379362472e-09,5.350064457830084e-08,True,1.0,1.0,1.0,1.0,1.0,True
EXP-EMBED-FP32-EQUIV-001,GOLD-MODEL-C1-B6-R01279,F088,0.15672685479331586,0.156726852,2.793315856397527e-09,1.782282851321953e-08,True,1.0,1.0,1.0,1.0,1.0,True
EXP-EMBED-FP32-EQUIV-001,GOLD-MODEL-C1-B6-R01279,F089,-0.24687213189903365,-0.246872142,1.0100966341131112e-08,4.0915782042430895e-08,True,1.0,1.0,1.0,1.0,1.0,True
EXP-EMBED-FP32-EQUIV-001,GOLD-MODEL-C1-B6-R01279,F090,-0.2208259969278664,-0.220826,3.0721336030659074e-09,1.3912010568526635e-08,True,1.0,1.0,1.0,1.0,1.0,True
EXP-EMBED-FP32-EQUIV-001,GOLD-MODEL-C1-B6-R01279,F091,-0.1299399430715918,-0.129939944,9.284082114202619e-10,7.144902402402512e-09,True,1.0,1.0,1.0,1.0,1.0,True
EXP-EMBED-FP32-EQUIV-001,GOLD-MODEL-C1-B6-R01279,F092,-0.03272118669094298,-0.0327211879,1.2090570142286872e-09,3.6950280124264154e-08,True,1.0,1.0,1.0,1.0,1.0,True
EXP-EMBED-FP32-EQUIV-001,GOLD-MODEL-C1-B6-R01279,F093,-0.24254552680931607,-0.242545545,1.819068393138501e-08,7.499904933594641e-08,True,1.0,1.0,1.0,1.0,1.0,True
EXP-EMBED-FP32-EQUIV-001,GOLD-MODEL-C1-B6-R01279,F094,-0.2340934026497969,-0.234093413,1.0350203111242351e-08,4.4213988921021524e-08,True,1.0,1.0,1.0,1.0,1.0,True
EXP-EMBED-FP32-EQUIV-001,GOLD-MODEL-C1-B6-R01279,F095,0.03367660502861426,0.0336766094,4.371385739498912e-09,1.2980482254029593e-07,True,1.0,1.0,1.0,1.0,1.0,True
EXP-EMBED-FP32-EQUIV-001,GOLD-MODEL-C1-B6-R01279,F096,0.6696577777979041,0.669657767,1.07979041263917e-08,1.6124510883602992e-08,True,1.0,1.0,1.0,1.0,1.0,True
EXP-EMBED-FP32-EQUIV-001,GOLD-MODEL-C1-B6-R01279,F097,0.7859439302180079,0.785943925,5.218007914642442e-09,6.639160522806064e-09,True,1.0,1.0,1.0,1.0,1.0,True
EXP-EMBED-FP32-EQUIV-001,GOLD-MODEL-C1-B6-R01279,F098,0.04445110941495232,0.0444511101,6.850476852449106e-10,1.541126181688677e-08,True,1.0,1.0,1.0,1.0,1.0,True
EXP-EMBED-FP32-EQUIV-001,GOLD-MODEL-C1-B6-R01279,F099,0.17158753796591414,0.171587527,1.0965914148952649e-08,6.390856981193487e-08,True,1.0,1.0,1.0,1.0,1.0,True
EXP-EMBED-FP32-EQUIV-001,GOLD-MODEL-C1-B6-R01279,F100,-0.006584233796316436,-0.0065842364,2.6036835647572087e-09,3.954421494288136e-07,True,1.0,1.0,1.0,1.0,1.0,True
EXP-EMBED-FP32-EQUIV-001,GOLD-MODEL-C1-B6-R01279,F101,0.24682292117928506,0.246822909,1.2179285052704714e-08,4.9344222143202136e-08,True,1.0,1.0,1.0,1.0,1.0,True
EXP-EMBED-FP32-EQUIV-001,GOLD-MODEL-C1-B6-R01279,F102,0.15843891568993895,0.158438906,9.689938962331723e-09,6.115883159219982e-08,True,1.0,1.0,1.0,1.0,1.0,True
EXP-EMBED-FP32-EQUIV-001,GOLD-MODEL-C1-B6-R01279,F103,-0.006373337742377151,-0.0063733384,6.576228494051262e-10,1.0318343009385905e-07,True,1.0,1.0,1.0,1.0,1.0,True
EXP-EMBED-FP32-EQUIV-001,GOLD-MODEL-C1-B6-R01279,F104,0.6892975400303795,0.689297616,7.596962048328493e-08,1.1021310257387065e-07,True,1.0,1.0,1.0,1.0,1.0,True
EXP-EMBED-FP32-EQUIV-001,GOLD-MODEL-C1-B6-R01279,F105,0.7709670882631096,0.770967007,8.126310957479177e-08,1.0540412270758169e-07,True,1.0,1.0,1.0,1.0,1.0,True
EXP-EMBED-FP32-EQUIV-001,GOLD-MODEL-C1-B6-R01279,F106,0.04351422962962086,0.0435142331,3.470379143777347e-09,7.975274234005978e-08,True,1.0,1.0,1.0,1.0,1.0,True
EXP-EMBED-FP32-EQUIV-001,GOLD-MODEL-C1-B6-R01279,F107,0.12073918555154867,0.120739184,1.5515486673223222e-09,1.2850415217186473e-08,True,1.0,1.0,1.0,1.0,1.0,True
EXP-EMBED-FP32-EQUIV-001,GOLD-MODEL-C1-B6-R01279,F108,-0.009084739894499138,-0.00908474531,5.4155008619855005e-09,5.961096217256168e-07,True,1.0,1.0,1.0,1.0,1.0,True
EXP-EMBED-FP32-EQUIV-001,GOLD-MODEL-C1-B6-R01279,F109,0.24599185488953762,0.245991856,1.1104623887092657e-09,4.514224217740533e-09,True,1.0,1.0,1.0,1.0,1.0,True
EXP-EMBED-FP32-EQUIV-001,GOLD-MODEL-C1-B6-R01279,F110,0.13020331022621887,0.130203292,1.8226218867489763e-08,1.3998276108205713e-07,True,1.0,1.0,1.0,1.0,1.0,True
EXP-EMBED-FP32-EQUIV-001,GOLD-MODEL-C1-B6-R01279,F111,-0.016337360013454164,-0.0163373668,6.786545835718583e-09,4.154003970121071e-07,True,1.0,1.0,1.0,1.0,1.0,True
EXP-EMBED-FP32-EQUIV-001,GOLD-MODEL-C1-B6-R01279,F112,0.0022695304774335233,0.00226953044,3.7433523294994053e-11,1.649395047442826e-08,True,1.0,1.0,1.0,1.0,1.0,True
EXP-EMBED-FP32-EQUIV-001,GOLD-MODEL-C1-B6-R01279,F113,-0.6290592963504072,-0.629059315,1.8649592758990252e-08,2.9646796203774404e-08,True,1.0,1.0,1.0,1.0,1.0,True
EXP-EMBED-FP32-EQUIV-001,GOLD-MODEL-C1-B6-R01279,F114,-0.27697364576846517,-0.276973635,1.0768465175114983e-08,3.8879024555703874e-08,True,1.0,1.0,1.0,1.0,1.0,True
EXP-EMBED-FP32-EQUIV-001,GOLD-MODEL-C1-B6-R01279,F115,-0.07842749884357207,-0.0784274936,5.243572076540914e-09,6.685884611722102e-08,True,1.0,1.0,1.0,1.0,1.0,True
EXP-EMBED-FP32-EQUIV-001,GOLD-MODEL-C1-B6-R01279,F116,-0.022431765472534348,-0.0224317629,2.5725343487381647e-09,1.1468265179073838e-07,True,1.0,1.0,1.0,1.0,1.0,True
EXP-EMBED-FP32-EQUIV-001,GOLD-MODEL-C1-B6-R01279,F117,-0.2767477980009671,-0.276747793,5.000967084889396e-09,1.8070485550428553e-08,True,1.0,1.0,1.0,1.0,1.0,True
EXP-EMBED-FP32-EQUIV-001,GOLD-MODEL-C1-B6-R01279,F118,-0.3052653206538523,-0.305265307,1.3653852326545035e-08,4.472782003962863e-08,True,1.0,1.0,1.0,1.0,1.0,True
EXP-EMBED-FP32-EQUIV-001,GOLD-MODEL-C1-B6-R01279,F119,-0.06259786935487872,-0.0625978783,8.945121282577517e-09,1.4289817488620892e-07,True,1.0,1.0,1.0,1.0,1.0,True
EXP-EMBED-FP32-EQUIV-001,GOLD-MODEL-C1-B6-R01279,F120,0.07096182385459542,0.0709618255,1.6454045903557812e-09,2.318718010584541e-08,True,1.0,1.0,1.0,1.0,1.0,True
EXP-EMBED-FP32-EQUIV-001,GOLD-MODEL-C1-B6-R01279,F121,-0.5401730871608712,-0.540173054,3.3160871160120564e-08,6.138934343140421e-08,True,1.0,1.0,1.0,1.0,1.0,True
EXP-EMBED-FP32-EQUIV-001,GOLD-MODEL-C1-B6-R01279,F122,-0.2748403247183744,-0.274840325,2.8162561171996003e-10,1.0246881057520888e-09,True,1.0,1.0,1.0,1.0,1.0,True
EXP-EMBED-FP32-EQUIV-001,GOLD-MODEL-C1-B6-R01279,F123,-0.10507546122418267,-0.105075449,1.2224182666109584e-08,1.1633717828779076e-07,True,1.0,1.0,1.0,1.0,1.0,True
EXP-EMBED-FP32-EQUIV-001,GOLD-MODEL-C1-B6-R01279,F124,-0.060995927828595156,-0.0609959252,2.6285951540416796e-09,4.309460069905491e-08,True,1.0,1.0,1.0,1.0,1.0,True
EXP-EMBED-FP32-EQUIV-001,GOLD-MODEL-C1-B6-R01279,F125,-0.2317209387448153,-0.231720939,2.551846789433654e-10,1.1012586101439443e-09,True,1.0,1.0,1.0,1.0,1.0,True
EXP-EMBED-FP32-EQUIV-001,GOLD-MODEL-C1-B6-R01279,F126,-0.2582587528897334,-0.25825873,2.2889733386488587e-08,8.863100719866648e-08,True,1.0,1.0,1.0,1.0,1.0,True
EXP-EMBED-FP32-EQUIV-001,GOLD-MODEL-C1-B6-R01279,F127,-0.03077595033014763,-0.0307759531,2.7698523683006293e-09,9.000054713460224e-08,True,1.0,1.0,1.0,1.0,1.0,True
EXP-EMBED-FP32-EQUIV-001,GOLD-MODEL-C1-B6-R01461,F000,0.12469069668636365,0.124690704,7.313636349315367e-09,5.865422636711594e-08,True,1.0,1.0,1.0,1.0,1.0,True
EXP-EMBED-FP32-EQUIV-001,GOLD-MODEL-C1-B6-R01461,F001,0.2873746767908336,0.287374705,2.8209166391679474e-08,9.816162894621222e-08,True,1.0,1.0,1.0,1.0,1.0,True
EXP-EMBED-FP32-EQUIV-001,GOLD-MODEL-C1-B6-R01461,F002,0.07682164857742294,0.076821655,6.422577067399793e-09,8.360373913255644e-08,True,1.0,1.0,1.0,1.0,1.0,True
EXP-EMBED-FP32-EQUIV-001,GOLD-MODEL-C1-B6-R01461,F003,0.06293257444061473,0.0629325658,8.640614723720574e-09,1.3729955909994029e-07,True,1.0,1.0,1.0,1.0,1.0,True
EXP-EMBED-FP32-EQUIV-001,GOLD-MODEL-C1-B6-R01461,F004,0.030544713771802227,0.0305447094,4.371802225788812e-09,1.431279487000694e-07,True,1.0,1.0,1.0,1.0,1.0,True
EXP-EMBED-FP32-EQUIV-001,GOLD-MODEL-C1-B6-R01461,F005,0.12151791152883154,0.121517904,7.528831544312276e-09,6.195655808753735e-08,True,1.0,1.0,1.0,1.0,1.0,True
EXP-EMBED-FP32-EQUIV-001,GOLD-MODEL-C1-B6-R01461,F006,0.08758641166524278,0.0875864103,1.3652427799382139e-09,1.5587381124325565e-08,True,1.0,1.0,1.0,1.0,1.0,True
EXP-EMBED-FP32-EQUIV-001,GOLD-MODEL-C1-B6-R01461,F007,0.016675067531648664,0.0166750681,5.683513347454205e-10,3.408390003019242e-08,True,1.0,1.0,1.0,1.0,1.0,True
EXP-EMBED-FP32-EQUIV-001,GOLD-MODEL-C1-B6-R01461,F008,0.15213709428630193,0.152137101,6.713698069704677e-09,4.412926447162441e-08,True,1.0,1.0,1.0,1.0,1.0,True
EXP-EMBED-FP32-EQUIV-001,GOLD-MODEL-C1-B6-R01461,F009,0.33090377701917056,0.330903798,2.0980829462668993e-08,6.340462369957624e-08,True,1.0,1.0,1.0,1.0,1.0,True
EXP-EMBED-FP32-EQUIV-001,GOLD-MODEL-C1-B6-R01461,F010,0.08183194399627707,0.081831947,3.0037229370449836e-09,3.6705995120702956e-08,True,1.0,1.0,1.0,1.0,1.0,True
EXP-EMBED-FP32-EQUIV-001,GOLD-MODEL-C1-B6-R01461,F011,0.05332706617643073,0.0533270612,4.976430732772652e-09,9.331904208471371e-08,True,1.0,1.0,1.0,1.0,1.0,True
EXP-EMBED-FP32-EQUIV-001,GOLD-MODEL-C1-B6-R01461,F012,0.03098672483442034,0.0309867281,3.2655796608493937e-09,1.0538640912517343e-07,True,1.0,1.0,1.0,1.0,1.0,True
EXP-EMBED-FP32-EQUIV-001,GOLD-MODEL-C1-B6-R01461,F013,0.138426331199141,0.138426334,2.800859016938162e-09,2.0233571118119343e-08,True,1.0,1.0,1.0,1.0,1.0,True
EXP-EMBED-FP32-EQUIV-001,GOLD-MODEL-C1-B6-R01461,F014,0.09966971104304588,0.0996697173,6.256954121486302e-09,6.277688633795694e-08,True,1.0,1.0,1.0,1.0,1.0,True
EXP-EMBED-FP32-EQUIV-001,GOLD-MODEL-C1-B6-R01461,F015,-2.640869803661649e-05,-2.64108821e-05,2.1840633835103185e-09,8.270242556001989e-05,True,1.0,1.0,1.0,1.0,1.0,False
EXP-EMBED-FP32-EQUIV-001,GOLD-MODEL-C1-B6-R01461,F016,-0.4071117395941412,-0.407111764,2.4405858778386857e-08,5.994879637398224e-08,True,1.0,1.0,1.0,1.0,1.0,True
EXP-EMBED-FP32-EQUIV-001,GOLD-MODEL-C1-B6-R01461,F017,0.03242824998563007,0.0324282497,2.856300682085866e-10,8.808062980122513e-09,True,1.0,1.0,1.0,1.0,1.0,True
EXP-EMBED-FP32-EQUIV-001,GOLD-MODEL-C1-B6-R01461,F018,-0.08288628463122265,-0.0828862861,1.4687773497445988e-09,1.7720390729050983e-08,True,1.0,1.0,1.0,1.0,1.0,True
EXP-EMBED-FP32-EQUIV-001,GOLD-MODEL-C1-B6-R01461,F019,-0.025586844064650918,-0.0255868416,2.4646509173831266e-09,9.632492819964946e-08,True,1.0,1.0,1.0,1.0,1.0,True
EXP-EMBED-FP32-EQUIV-001,GOLD-MODEL-C1-B6-R01461,F020,-0.005416270119078164,-0.00541627267,2.5509218357436247e-09,4.7097389525649903e-07,True,1.0,1.0,1.0,1.0,1.0,True
EXP-EMBED-FP32-EQUIV-001,GOLD-MODEL-C1-B6-R01461,F021,0.18685755582176738,0.186857566,1.0178232617841232e-08,5.4470543474033553e-08,True,1.0,1.0,1.0,1.0,1.0,True
EXP-EMBED-FP32-EQUIV-001,GOLD-MODEL-C1-B6-R01461,F022,0.13631353484091088,0.136313543,8.159089126547059e-09,5.985531177127339e-08,True,1.0,1.0,1.0,1.0,1.0,True
EXP-EMBED-FP32-EQUIV-001,GOLD-MODEL-C1-B6-R01461,F023,0.017613558335816275,0.0176135581,2.358162762283733e-10,1.3388338218340181e-08,True,1.0,1.0,1.0,1.0,1.0,True
EXP-EMBED-FP32-EQUIV-001,GOLD-MODEL-C1-B6-R01461,F024,-0.7078297946817951,-0.707829773,2.1681795026040618e-08,3.06313681466145e-08,True,1.0,1.0,1.0,1.0,1.0,True
EXP-EMBED-FP32-EQUIV-001,GOLD-MODEL-C1-B6-R01461,F025,-0.2672742790874022,-0.26727429,1.0912597825374348e-08,4.0829210587098006e-08,True,1.0,1.0,1.0,1.0,1.0,True
EXP-EMBED-FP32-EQUIV-001,GOLD-MODEL-C1-B6-R01461,F026,-0.18269872514046276,-0.182698727,1.8595372464069726e-09,1.0178162135380638e-08,True,1.0,1.0,1.0,1.0,1.0,True
EXP-EMBED-FP32-EQUIV-001,GOLD-MODEL-C1-B6-R01461,F027,-0.09002361486274772,-0.0900236219,7.0372522809059035e-09,7.817118087998439e-08,True,1.0,1.0,1.0,1.0,1.0,True
EXP-EMBED-FP32-EQUIV-001,GOLD-MODEL-C1-B6-R01461,F028,-0.020175857341506852,-0.0201758519,5.441506852749134e-09,2.6970387233828103e-07,True,1.0,1.0,1.0,1.0,1.0,True
EXP-EMBED-FP32-EQUIV-001,GOLD-MODEL-C1-B6-R01461,F029,0.10676532813777585,0.106765322,6.137775857006922e-09,5.7488474620584675e-08,True,1.0,1.0,1.0,1.0,1.0,True
EXP-EMBED-FP32-EQUIV-001,GOLD-MODEL-C1-B6-R01461,F030,0.07271142913973352,0.072711423,6.139733527144031e-09,8.44397311369712e-08,True,1.0,1.0,1.0,1.0,1.0,True
EXP-EMBED-FP32-EQUIV-001,GOLD-MODEL-C1-B6-R01461,F031,0.040373595499452526,0.0403735973,1.8005474750060202e-09,4.459715447018921e-08,True,1.0,1.0,1.0,1.0,1.0,True
EXP-EMBED-FP32-EQUIV-001,GOLD-MODEL-C1-B6-R01461,F032,-0.4809176145385237,-0.480917633,1.846147629214201e-08,3.8388022675894645e-08,True,1.0,1.0,1.0,1.0,1.0,True
EXP-EMBED-FP32-EQUIV-001,GOLD-MODEL-C1-B6-R01461,F033,-0.49020501374848885,-0.49020496,5.3748488826332874e-08,1.0964491859299871e-07,True,1.0,1.0,1.0,1.0,1.0,True
EXP-EMBED-FP32-EQUIV-001,GOLD-MODEL-C1-B6-R01461,F034,-0.07945644235920442,-0.0794564486,6.240795574763425e-09,7.854360690540628e-08,True,1.0,1.0,1.0,1.0,1.0,True
EXP-EMBED-FP32-EQUIV-001,GOLD-MODEL-C1-B6-R01461,F035,0.06383700536291126,0.0638370067,1.337088745279047e-09,2.094535509110651e-08,True,1.0,1.0,1.0,1.0,1.0,True
EXP-EMBED-FP32-EQUIV-001,GOLD-MODEL-C1-B6-R01461,F036,0.2057591166399567,0.205759108,8.639956694533879e-09,4.199063854678346e-08,True,1.0,1.0,1.0,1.0,1.0,True
EXP-EMBED-FP32-EQUIV-001,GOLD-MODEL-C1-B6-R01461,F037,-0.3204596410387707,-0.320459604,3.703877071714601e-08,1.1558014168987002e-07,True,1.0,1.0,1.0,1.0,1.0,True
EXP-EMBED-FP32-EQUIV-001,GOLD-MODEL-C1-B6-R01461,F038,-0.17440973092786938,-0.174409747,1.607213062637669e-08,9.215157056244551e-08,True,1.0,1.0,1.0,1.0,1.0,True
EXP-EMBED-FP32-EQUIV-001,GOLD-MODEL-C1-B6-R01461,F039,0.43618407149305793,0.436184019,5.2493057955960154e-08,1.2034611391533953e-07,True,1.0,1.0,1.0,1.0,1.0,True
EXP-EMBED-FP32-EQUIV-001,GOLD-MODEL-C1-B6-R01461,F040,-0.46003430094883085,-0.460034281,1.9948830864979783e-08,4.3363790099640135e-08,True,1.0,1.0,1.0,1.0,1.0,True
EXP-EMBED-FP32-EQUIV-001,GOLD-MODEL-C1-B6-R01461,F041,-0.43044647513926254,-0.430446476,8.607374812896751e-10,1.9996388192311257e-09,True,1.0,1.0,1.0,1.0,1.0,True
EXP-EMBED-FP32-EQUIV-001,GOLD-MODEL-C1-B6-R01461,F042,-0.059926213173432816,-0.0599262081,5.073432812752188e-09,8.466132839178633e-08,True,1.0,1.0,1.0,1.0,1.0,True
EXP-EMBED-FP32-EQUIV-001,GOLD-MODEL-C1-B6-R01461,F043,0.06989643337858456,0.0698964298,3.578584553687314e-09,5.119838567877127e-08,True,1.0,1.0,1.0,1.0,1.0,True
EXP-EMBED-FP32-EQUIV-001,GOLD-MODEL-C1-B6-R01461,F044,0.019362830345760893,0.0193628259,4.445760894838946e-09,2.296028429445108e-07,True,1.0,1.0,1.0,1.0,1.0,True
EXP-EMBED-FP32-EQUIV-001,GOLD-MODEL-C1-B6-R01461,F045,-0.32973716640468137,-0.329737186,1.959531864548225e-08,5.942708509065435e-08,True,1.0,1.0,1.0,1.0,1.0,True
EXP-EMBED-FP32-EQUIV-001,GOLD-MODEL-C1-B6-R01461,F046,-0.2281505240013076,-0.228150517,7.001307589238337e-09,3.068722993245552e-08,True,1.0,1.0,1.0,1.0,1.0,True
EXP-EMBED-FP32-EQUIV-001,GOLD-MODEL-C1-B6-R01461,F047,0.12306603737518448,0.123066038,6.248155187682514e-10,5.077075138638059e-09,True,1.0,1.0,1.0,1.0,1.0,True
EXP-EMBED-FP32-EQUIV-001,GOLD-MODEL-C1-B6-R01461,F048,-0.10472601857185013,-0.104726009,9.571850131950832e-09,9.139896906692585e-08,True,1.0,1.0,1.0,1.0,1.0,True
EXP-EMBED-FP32-EQUIV-001,GOLD-MODEL-C1-B6-R01461,F049,0.41077587108164465,0.41077587,1.081644662725978e-09,2.6331747769843895e-09,True,1.0,1.0,1.0,1.0,1.0,True
EXP-EMBED-FP32-EQUIV-001,GOLD-MODEL-C1-B6-R01461,F050,0.03893481078550872,0.0389348119,1.114491277043328e-09,2.8624545864189335e-08,True,1.0,1.0,1.0,1.0,1.0,True
EXP-EMBED-FP32-EQUIV-001,GOLD-MODEL-C1-B6-R01461,F051,0.051198481766833864,0.0511984825,7.331661389109456e-10,1.4320075783690273e-08,True,1.0,1.0,1.0,1.0,1.0,True
EXP-EMBED-FP32-EQUIV-001,GOLD-MODEL-C1-B6-R01461,F052,-0.00021775591433435826,-0.000217755878,3.633435826516651e-11,1.6685819246854576e-07,True,1.0,1.0,1.0,1.0,1.0,True
EXP-EMBED-FP32-EQUIV-001,GOLD-MODEL-C1-B6-R01461,F053,0.2831942002824134,0.283194184,1.628241336204539e-08,5.749557492988158e-08,True,1.0,1.0,1.0,1.0,1.0,True
EXP-EMBED-FP32-EQUIV-001,GOLD-MODEL-C1-B6-R01461,F054,0.22876929052078002,0.228769287,3.5207800286318758e-09,1.5390090254758513e-08,True,1.0,1.0,1.0,1.0,1.0,True
EXP-EMBED-FP32-EQUIV-001,GOLD-MODEL-C1-B6-R01461,F055,-0.04220788099326332,-0.0422079004,1.940673667599757e-08,4.5978940944926907e-07,True,1.0,1.0,1.0,1.0,1.0,True
EXP-EMBED-FP32-EQUIV-001,GOLD-MODEL-C1-B6-R01461,F056,-0.20422175287533023,-0.204221755,2.12466977345116e-09,1.0403738796367064e-08,True,1.0,1.0,1.0,1.0,1.0,True
EXP-EMBED-FP32-EQUIV-001,GOLD-MODEL-C1-B6-R01461,F057,0.3335751535838579,0.333575159,5.416142090375331e-09,1.623664722083013e-08,True,1.0,1.0,1.0,1.0,1.0,True
EXP-EMBED-FP32-EQUIV-001,GOLD-MODEL-C1-B6-R01461,F058,-0.019332376974278375,-0.0193323772,2.2572162541867336e-10,1.1675834053877325e-08,True,1.0,1.0,1.0,1.0,1.0,True
EXP-EMBED-FP32-EQUIV-001,GOLD-MODEL-C1-B6-R01461,F059,0.012752741569099042,0.0127527406,9.690990423333323e-10,7.599142796726472e-08,True,1.0,1.0,1.0,1.0,1.0,True
EXP-EMBED-FP32-EQUIV-001,GOLD-MODEL-C1-B6-R01461,F060,-0.006770790033097616,-0.00677078962,4.130976160102162e-10,6.10117303875727e-08,True,1.0,1.0,1.0,1.0,1.0,True
EXP-EMBED-FP32-EQUIV-001,GOLD-MODEL-C1-B6-R01461,F061,0.25338905616428653,0.25338906,3.835713469069191e-09,1.5137644565763248e-08,True,1.0,1.0,1.0,1.0,1.0,True
EXP-EMBED-FP32-EQUIV-001,GOLD-MODEL-C1-B6-R01461,F062,0.20222917329217235,0.202229157,1.6292172361209722e-08,8.056291827723325e-08,True,1.0,1.0,1.0,1.0,1.0,True
EXP-EMBED-FP32-EQUIV-001,GOLD-MODEL-C1-B6-R01461,F063,-0.0029330802556161192,-0.00293307984,4.156161192113428e-10,1.416995387069758e-07,True,1.0,1.0,1.0,1.0,1.0,True
EXP-EMBED-FP32-EQUIV-001,GOLD-MODEL-C1-B6-R01461,F064,0.17533731232357505,0.175337315,2.6764249427824183e-09,1.5264434633532125e-08,True,1.0,1.0,1.0,1.0,1.0,True
EXP-EMBED-FP32-EQUIV-001,GOLD-MODEL-C1-B6-R01461,F065,0.30742555582709097,0.307425559,3.172909046611494e-09,1.0320902041065418e-08,True,1.0,1.0,1.0,1.0,1.0,True
EXP-EMBED-FP32-EQUIV-001,GOLD-MODEL-C1-B6-R01461,F066,0.09524543384804288,0.0952454358,1.9519571237136546e-09,2.0493970627797856e-08,True,1.0,1.0,1.0,1.0,1.0,True
EXP-EMBED-FP32-EQUIV-001,GOLD-MODEL-C1-B6-R01461,F067,0.07844704621547959,0.0784470513,5.08452041581009e-09,6.481468278415287e-08,True,1.0,1.0,1.0,1.0,1.0,True
EXP-EMBED-FP32-EQUIV-001,GOLD-MODEL-C1-B6-R01461,F068,0.061656560192168246,0.0616565645,4.307831751038105e-09,6.986818170867235e-08,True,1.0,1.0,1.0,1.0,1.0,True
EXP-EMBED-FP32-EQUIV-001,GOLD-MODEL-C1-B6-R01461,F069,0.16636227801357345,0.166362286,7.986426547867964e-09,4.800623460575813e-08,True,1.0,1.0,1.0,1.0,1.0,True
EXP-EMBED-FP32-EQUIV-001,GOLD-MODEL-C1-B6-R01461,F070,0.13164946127219732,0.131649464,2.7278026781818454e-09,2.0720196283537108e-08,True,1.0,1.0,1.0,1.0,1.0,True
EXP-EMBED-FP32-EQUIV-001,GOLD-MODEL-C1-B6-R01461,F071,0.02988918325772423,0.0298891794,3.857724230338366e-09,1.2906756926325241e-07,True,1.0,1.0,1.0,1.0,1.0,True
EXP-EMBED-FP32-EQUIV-001,GOLD-MODEL-C1-B6-R01461,F072,0.2015375439395189,0.201537564,2.0060481109585027e-08,9.953719152003334e-08,True,1.0,1.0,1.0,1.0,1.0,True
EXP-EMBED-FP32-EQUIV-001,GOLD-MODEL-C1-B6-R01461,F073,0.3271110724173466,0.327111065,7.417346625793186e-09,2.267531505729565e-08,True,1.0,1.0,1.0,1.0,1.0,True
EXP-EMBED-FP32-EQUIV-001,GOLD-MODEL-C1-B6-R01461,F074,0.1057794309556758,0.105779439,8.04432420675738e-09,7.604809492809762e-08,True,1.0,1.0,1.0,1.0,1.0,True
EXP-EMBED-FP32-EQUIV-001,GOLD-MODEL-C1-B6-R01461,F075,0.0954263386818053,0.0954263434,4.718194696051725e-09,4.9443316816170914e-08,True,1.0,1.0,1.0,1.0,1.0,True
EXP-EMBED-FP32-EQUIV-001,GOLD-MODEL-C1-B6-R01461,F076,0.07022743042849858,0.0702274218,8.628498582297084e-09,1.228650760771051e-07,True,1.0,1.0,1.0,1.0,1.0,True
EXP-EMBED-FP32-EQUIV-001,GOLD-MODEL-C1-B6-R01461,F077,0.19437893922300842,0.194378957,1.777699157323731e-08,9.145533793062839e-08,True,1.0,1.0,1.0,1.0,1.0,True
EXP-EMBED-FP32-EQUIV-001,GOLD-MODEL-C1-B6-R01461,F078,0.15482780046613787,0.154827803,2.533862147879873e-09,1.6365679420951598e-08,True,1.0,1.0,1.0,1.0,1.0,True
EXP-EMBED-FP32-EQUIV-001,GOLD-MODEL-C1-B6-R01461,F079,0.037498929174441996,0.0374989286,5.744419939723855e-10,1.5318890608852525e-08,True,1.0,1.0,1.0,1.0,1.0,True
EXP-EMBED-FP32-EQUIV-001,GOLD-MODEL-C1-B6-R01461,F080,-0.48847788274260595,-0.488477886,3.257394021183302e-09,6.668457541812028e-09,True,1.0,1.0,1.0,1.0,1.0,True
EXP-EMBED-FP32-EQUIV-001,GOLD-MODEL-C1-B6-R01461,F081,-0.1548551673231263,-0.154855162,5.3231263008601815e-09,3.437487035710444e-08,True,1.0,1.0,1.0,1.0,1.0,True
EXP-EMBED-FP32-EQUIV-001,GOLD-MODEL-C1-B6-R01461,F082,-0.09857581727737487,-0.0985758156,1.6773748640064312e-09,1.701608883735243e-08,True,1.0,1.0,1.0,1.0,1.0,True
EXP-EMBED-FP32-EQUIV-001,GOLD-MODEL-C1-B6-R01461,F083,-0.03620309702526541,-0.0362030938,3.2252654089126587e-09,8.908810775668753e-08,True,1.0,1.0,1.0,1.0,1.0,True
EXP-EMBED-FP32-EQUIV-001,GOLD-MODEL-C1-B6-R01461,F084,-0.033055678317852416,-0.033055678,3.178524179969777e-10,9.615667690755413e-09,True,1.0,1.0,1.0,1.0,1.0,True
EXP-EMBED-FP32-EQUIV-001,GOLD-MODEL-C1-B6-R01461,F085,0.127373582097993,0.127373576,6.097992999443136e-09,4.787486462264785e-08,True,1.0,1.0,1.0,1.0,1.0,True
EXP-EMBED-FP32-EQUIV-001,GOLD-MODEL-C1-B6-R01461,F086,0.09727279903496468,0.0972727984,6.349646780590135e-10,6.5276694446797566e-09,True,1.0,1.0,1.0,1.0,1.0,True
EXP-EMBED-FP32-EQUIV-001,GOLD-MODEL-C1-B6-R01461,F087,-0.009113546521258207,-0.00911354739,8.687417937802699e-10,9.532422880092265e-08,True,1.0,1.0,1.0,1.0,1.0,True
EXP-EMBED-FP32-EQUIV-001,GOLD-MODEL-C1-B6-R01461,F088,-0.6971165575345024,-0.697116494,6.353450243690162e-08,9.113899497898112e-08,True,1.0,1.0,1.0,1.0,1.0,True
EXP-EMBED-FP32-EQUIV-001,GOLD-MODEL-C1-B6-R01461,F089,-0.40513457058142793,-0.405134618,4.7418572068913534e-08,1.170440034304179e-07,True,1.0,1.0,1.0,1.0,1.0,True
EXP-EMBED-FP32-EQUIV-001,GOLD-MODEL-C1-B6-R01461,F090,-0.1632885150231108,-0.163288534,1.897688922669616e-08,1.1621692575261827e-07,True,1.0,1.0,1.0,1.0,1.0,True
EXP-EMBED-FP32-EQUIV-001,GOLD-MODEL-C1-B6-R01461,F091,-0.08501524114175069,-0.0850152299,1.1241750683121943e-08,1.3223218016141293e-07,True,1.0,1.0,1.0,1.0,1.0,True
EXP-EMBED-FP32-EQUIV-001,GOLD-MODEL-C1-B6-R01461,F092,-0.04129601387568274,-0.0412960164,2.5243172621647325e-09,6.112738313591044e-08,True,1.0,1.0,1.0,1.0,1.0,True
EXP-EMBED-FP32-EQUIV-001,GOLD-MODEL-C1-B6-R01461,F093,0.0032568810812362175,0.00325688114,5.876378246852387e-11,1.8042962270583993e-08,True,1.0,1.0,1.0,1.0,1.0,True
EXP-EMBED-FP32-EQUIV-001,GOLD-MODEL-C1-B6-R01461,F094,0.020941832700219324,0.0209418312,1.500219323768981e-09,7.163744192041364e-08,True,1.0,1.0,1.0,1.0,1.0,True
EXP-EMBED-FP32-EQUIV-001,GOLD-MODEL-C1-B6-R01461,F095,-0.02203458416381012,-0.0220345836,5.638101201188572e-10,2.5587508978039443e-08,True,1.0,1.0,1.0,1.0,1.0,True
EXP-EMBED-FP32-EQUIV-001,GOLD-MODEL-C1-B6-R01461,F096,-0.29909252472409514,-0.299092531,6.2759048513605364e-09,2.0983155152907585e-08,True,1.0,1.0,1.0,1.0,1.0,True
EXP-EMBED-FP32-EQUIV-001,GOLD-MODEL-C1-B6-R01461,F097,-0.2095548644985959,-0.209554866,1.5014041121474975e-09,7.164730419119225e-09,True,1.0,1.0,1.0,1.0,1.0,True
EXP-EMBED-FP32-EQUIV-001,GOLD-MODEL-C1-B6-R01461,F098,0.012173074607320304,0.0121730752,5.926796952521185e-10,4.868775673942796e-08,True,1.0,1.0,1.0,1.0,1.0,True
EXP-EMBED-FP32-EQUIV-001,GOLD-MODEL-C1-B6-R01461,F099,0.1121344006915612,0.11213439,1.0691561205811162e-08,9.534595217768678e-08,True,1.0,1.0,1.0,1.0,1.0,True
EXP-EMBED-FP32-EQUIV-001,GOLD-MODEL-C1-B6-R01461,F100,-0.04269435599167371,-0.0426943637,7.708326289768141e-09,1.8054672826711393e-07,True,1.0,1.0,1.0,1.0,1.0,True
EXP-EMBED-FP32-EQUIV-001,GOLD-MODEL-C1-B6-R01461,F101,-0.2552604538341968,-0.255260408,4.5834196826799456e-08,1.795585494671683e-07,True,1.0,1.0,1.0,1.0,1.0,True
EXP-EMBED-FP32-EQUIV-001,GOLD-MODEL-C1-B6-R01461,F102,-0.19916048274616027,-0.199160486,3.2538397254366913e-09,1.633777785919443e-08,True,1.0,1.0,1.0,1.0,1.0,True
EXP-EMBED-FP32-EQUIV-001,GOLD-MODEL-C1-B6-R01461,F103,0.021178664830394083,0.0211786572,7.630394083940617e-09,3.6028683323747723e-07,True,1.0,1.0,1.0,1.0,1.0,True
EXP-EMBED-FP32-EQUIV-001,GOLD-MODEL-C1-B6-R01461,F104,-0.28051428549677865,-0.28051427,1.549677863810217e-08,5.5244169154016695e-08,True,1.0,1.0,1.0,1.0,1.0,True
EXP-EMBED-FP32-EQUIV-001,GOLD-MODEL-C1-B6-R01461,F105,-0.1093601192317353,-0.109360106,1.3231735304652936e-08,1.2099232697995457e-07,True,1.0,1.0,1.0,1.0,1.0,True
EXP-EMBED-FP32-EQUIV-001,GOLD-MODEL-C1-B6-R01461,F106,0.09119366762661328,0.091193676,8.373386720106346e-09,9.181982628871392e-08,True,1.0,1.0,1.0,1.0,1.0,True
EXP-EMBED-FP32-EQUIV-001,GOLD-MODEL-C1-B6-R01461,F107,0.18142441980606286,0.181424424,4.193937142016324e-09,2.3116717950645862e-08,True,1.0,1.0,1.0,1.0,1.0,True
EXP-EMBED-FP32-EQUIV-001,GOLD-MODEL-C1-B6-R01461,F108,0.02836884130343865,0.0283688456,4.296561349759198e-09,1.5145353678010113e-07,True,1.0,1.0,1.0,1.0,1.0,True
EXP-EMBED-FP32-EQUIV-001,GOLD-MODEL-C1-B6-R01461,F109,-0.20285778776355395,-0.202857792,4.2364460550725624e-09,2.0883822611781904e-08,True,1.0,1.0,1.0,1.0,1.0,True
EXP-EMBED-FP32-EQUIV-001,GOLD-MODEL-C1-B6-R01461,F110,-0.13997975754706524,-0.13997975,7.547065250523843e-09,5.3915404504014104e-08,True,1.0,1.0,1.0,1.0,1.0,True
EXP-EMBED-FP32-EQUIV-001,GOLD-MODEL-C1-B6-R01461,F111,-0.0012057121685032494,-0.00120568962,2.2548503249460172e-08,1.8701398093586053e-05,True,1.0,1.0,1.0,1.0,1.0,True
EXP-EMBED-FP32-EQUIV-001,GOLD-MODEL-C1-B6-R01461,F112,-0.25416694799502193,-0.254166961,1.3004978094421915e-08,5.1167070293800075e-08,True,1.0,1.0,1.0,1.0,1.0,True
EXP-EMBED-FP32-EQUIV-001,GOLD-MODEL-C1-B6-R01461,F113,0.24588712833263135,0.24588713,1.6673686598078774e-09,6.781032708439676e-09,True,1.0,1.0,1.0,1.0,1.0,True
EXP-EMBED-FP32-EQUIV-001,GOLD-MODEL-C1-B6-R01461,F114,-0.0382295318652682,-0.0382295325,6.347318018407044e-10,1.6603180077581926e-08,True,1.0,1.0,1.0,1.0,1.0,True
EXP-EMBED-FP32-EQUIV-001,GOLD-MODEL-C1-B6-R01461,F115,0.00010104873548656926,0.000101048739,3.5134307437142617e-12,3.476966561527377e-08,True,1.0,1.0,1.0,1.0,1.0,True
EXP-EMBED-FP32-EQUIV-001,GOLD-MODEL-C1-B6-R01461,F116,-0.02891221549138342,-0.0289122146,8.91383421935954e-10,3.083068546585816e-08,True,1.0,1.0,1.0,1.0,1.0,True
EXP-EMBED-FP32-EQUIV-001,GOLD-MODEL-C1-B6-R01461,F117,0.19026155529635388,0.190261543,1.2296353879559518e-08,6.462868371072945e-08,True,1.0,1.0,1.0,1.0,1.0,True
EXP-EMBED-FP32-EQUIV-001,GOLD-MODEL-C1-B6-R01461,F118,0.16202156567298714,0.162021577,1.1327012855444352e-08,6.991052585126842e-08,True,1.0,1.0,1.0,1.0,1.0,True
EXP-EMBED-FP32-EQUIV-001,GOLD-MODEL-C1-B6-R01461,F119,0.008808522830265082,0.00880852435,1.5197349177709096e-09,1.725300537962249e-07,True,1.0,1.0,1.0,1.0,1.0,True
EXP-EMBED-FP32-EQUIV-001,GOLD-MODEL-C1-B6-R01461,F120,-0.25957272972526124,-0.259572744,1.4274738779906926e-08,5.4993214406673975e-08,True,1.0,1.0,1.0,1.0,1.0,True
EXP-EMBED-FP32-EQUIV-001,GOLD-MODEL-C1-B6-R01461,F121,0.2534667786527623,0.253466755,2.36527623043159e-08,9.331701152330928e-08,True,1.0,1.0,1.0,1.0,1.0,True
EXP-EMBED-FP32-EQUIV-001,GOLD-MODEL-C1-B6-R01461,F122,-0.004237500289705657,-0.00423750002,2.6970565711326167e-10,6.364734835970851e-08,True,1.0,1.0,1.0,1.0,1.0,True
EXP-EMBED-FP32-EQUIV-001,GOLD-MODEL-C1-B6-R01461,F123,0.03842039101592348,0.0384203903,7.159234802212033e-10,1.8633945706707827e-08,True,1.0,1.0,1.0,1.0,1.0,True
EXP-EMBED-FP32-EQUIV-001,GOLD-MODEL-C1-B6-R01461,F124,0.010627476972749812,0.0106274774,4.272501883534341e-10,4.02024101721375e-08,True,1.0,1.0,1.0,1.0,1.0,True
EXP-EMBED-FP32-EQUIV-001,GOLD-MODEL-C1-B6-R01461,F125,0.1970632612869102,0.197063267,5.71308977903584e-09,2.8991145999141792e-08,True,1.0,1.0,1.0,1.0,1.0,True
EXP-EMBED-FP32-EQUIV-001,GOLD-MODEL-C1-B6-R01461,F126,0.17722360205835702,0.177223578,2.405835702878889e-08,1.357514278536492e-07,True,1.0,1.0,1.0,1.0,1.0,True
EXP-EMBED-FP32-EQUIV-001,GOLD-MODEL-C1-B6-R01461,F127,-0.001641647101545056,-0.00164164719,8.845494410721078e-11,5.388182638275932e-08,True,1.0,1.0,1.0,1.0,1.0,True
EXP-EMBED-FP32-EQUIV-001,GOLD-MODEL-C1-B6-R01464,F000,0.1212534024745401,0.121253408,5.525459895183715e-09,4.556952450339619e-08,True,1.0,1.0,1.0,1.0,1.0,True
EXP-EMBED-FP32-EQUIV-001,GOLD-MODEL-C1-B6-R01464,F001,0.2891263030860176,0.289126307,3.913982415948425e-09,1.3537275488850908e-08,True,1.0,1.0,1.0,1.0,1.0,True
EXP-EMBED-FP32-EQUIV-001,GOLD-MODEL-C1-B6-R01464,F002,0.07487420117680398,0.0748742074,6.223196027943523e-09,8.311535789541711e-08,True,1.0,1.0,1.0,1.0,1.0,True
EXP-EMBED-FP32-EQUIV-001,GOLD-MODEL-C1-B6-R01464,F003,0.061414394905300554,0.0614143871,7.805300551722016e-09,1.270923626904994e-07,True,1.0,1.0,1.0,1.0,1.0,True
EXP-EMBED-FP32-EQUIV-001,GOLD-MODEL-C1-B6-R01464,F004,0.02990905846705587,0.0299090538,4.6670558667694095e-09,1.560415508201324e-07,True,1.0,1.0,1.0,1.0,1.0,True
EXP-EMBED-FP32-EQUIV-001,GOLD-MODEL-C1-B6-R01464,F005,0.11853557566154344,0.118535571,4.661543429040904e-09,3.932611288235597e-08,True,1.0,1.0,1.0,1.0,1.0,True
EXP-EMBED-FP32-EQUIV-001,GOLD-MODEL-C1-B6-R01464,F006,0.08304225827940813,0.083042264,5.720591875202352e-09,6.88877204658207e-08,True,1.0,1.0,1.0,1.0,1.0,True
EXP-EMBED-FP32-EQUIV-001,GOLD-MODEL-C1-B6-R01464,F007,0.01353010908568054,0.0135301091,1.4319460547862484e-11,1.0583403620165448e-09,True,1.0,1.0,1.0,1.0,1.0,True
EXP-EMBED-FP32-EQUIV-001,GOLD-MODEL-C1-B6-R01464,F008,0.14610003568241187,0.146100044,8.3175881460118e-09,5.6930774227135296e-08,True,1.0,1.0,1.0,1.0,1.0,True
EXP-EMBED-FP32-EQUIV-001,GOLD-MODEL-C1-B6-R01464,F009,0.3325724865426511,0.33257249,3.457348907165425e-09,1.0395775498770954e-08,True,1.0,1.0,1.0,1.0,1.0,True
EXP-EMBED-FP32-EQUIV-001,GOLD-MODEL-C1-B6-R01464,F010,0.07880142155794977,0.0788014159,5.657949761483927e-09,7.180009763305003e-08,True,1.0,1.0,1.0,1.0,1.0,True
EXP-EMBED-FP32-EQUIV-001,GOLD-MODEL-C1-B6-R01464,F011,0.0513249971198536,0.0513249971,1.9853604871222785e-11,3.8682135383000317e-10,True,1.0,1.0,1.0,1.0,1.0,True
EXP-EMBED-FP32-EQUIV-001,GOLD-MODEL-C1-B6-R01464,F012,0.03114003221579211,0.0311400369,4.684207889626979e-09,1.504239898394025e-07,True,1.0,1.0,1.0,1.0,1.0,True
EXP-EMBED-FP32-EQUIV-001,GOLD-MODEL-C1-B6-R01464,F013,0.13376489186108137,0.133764893,1.1389186260757356e-09,8.514331452968503e-09,True,1.0,1.0,1.0,1.0,1.0,True
EXP-EMBED-FP32-EQUIV-001,GOLD-MODEL-C1-B6-R01464,F014,0.09415597353048322,0.0941559821,8.569516776746333e-09,9.10140531229485e-08,True,1.0,1.0,1.0,1.0,1.0,True
EXP-EMBED-FP32-EQUIV-001,GOLD-MODEL-C1-B6-R01464,F015,0.004584108096312938,0.00458410801,8.631293769989501e-11,1.882873088645482e-08,True,1.0,1.0,1.0,1.0,1.0,True
EXP-EMBED-FP32-EQUIV-001,GOLD-MODEL-C1-B6-R01464,F016,-0.38896157204563536,-0.388961583,1.0954364637605352e-08,2.8163102539908798e-08,True,1.0,1.0,1.0,1.0,1.0,True
EXP-EMBED-FP32-EQUIV-001,GOLD-MODEL-C1-B6-R01464,F017,0.03212600455475118,0.0321260057,1.1452488193897103e-09,3.5648653956887306e-08,True,1.0,1.0,1.0,1.0,1.0,True
EXP-EMBED-FP32-EQUIV-001,GOLD-MODEL-C1-B6-R01464,F018,-0.08164498177538872,-0.0816449746,7.175388713753783e-09,8.788523872163753e-08,True,1.0,1.0,1.0,1.0,1.0,True
EXP-EMBED-FP32-EQUIV-001,GOLD-MODEL-C1-B6-R01464,F019,-0.025081374937879576,-0.0250813738,1.1378795752858828e-09,4.53675118730186e-08,True,1.0,1.0,1.0,1.0,1.0,True
EXP-EMBED-FP32-EQUIV-001,GOLD-MODEL-C1-B6-R01464,F020,-0.0066429895076564405,-0.00664298702,2.4876564402170898e-09,3.7447845391745956e-07,True,1.0,1.0,1.0,1.0,1.0,True
EXP-EMBED-FP32-EQUIV-001,GOLD-MODEL-C1-B6-R01464,F021,0.1835340899333296,0.183534101,1.1066670413395485e-08,6.029762872617045e-08,True,1.0,1.0,1.0,1.0,1.0,True
EXP-EMBED-FP32-EQUIV-001,GOLD-MODEL-C1-B6-R01464,F022,0.12911694470817126,0.129116952,7.291828751920804e-09,5.647460732905133e-08,True,1.0,1.0,1.0,1.0,1.0,True
EXP-EMBED-FP32-EQUIV-001,GOLD-MODEL-C1-B6-R01464,F023,0.019221438545596294,0.01922144,1.4544037051089642e-09,7.566570533515941e-08,True,1.0,1.0,1.0,1.0,1.0,True
EXP-EMBED-FP32-EQUIV-001,GOLD-MODEL-C1-B6-R01464,F024,-0.6753771977548376,-0.675377131,6.675483765761214e-08,9.884082240194937e-08,True,1.0,1.0,1.0,1.0,1.0,True
EXP-EMBED-FP32-EQUIV-001,GOLD-MODEL-C1-B6-R01464,F025,-0.2646184978465914,-0.264618486,1.1846591430053621e-08,4.476856881305971e-08,True,1.0,1.0,1.0,1.0,1.0,True
EXP-EMBED-FP32-EQUIV-001,GOLD-MODEL-C1-B6-R01464,F026,-0.18019720814819223,-0.180197209,8.518077632135856e-10,4.727086351488133e-09,True,1.0,1.0,1.0,1.0,1.0,True
EXP-EMBED-FP32-EQUIV-001,GOLD-MODEL-C1-B6-R01464,F027,-0.08896652638972483,-0.0889665335,7.110275174193603e-09,7.992079114167599e-08,True,1.0,1.0,1.0,1.0,1.0,True
EXP-EMBED-FP32-EQUIV-001,GOLD-MODEL-C1-B6-R01464,F028,-0.013464977981043937,-0.0134649705,7.481043937107579e-09,5.555927345473145e-07,True,1.0,1.0,1.0,1.0,1.0,True
EXP-EMBED-FP32-EQUIV-001,GOLD-MODEL-C1-B6-R01464,F029,0.10417686366750577,0.104176857,6.667505769719639e-09,6.400179017675043e-08,True,1.0,1.0,1.0,1.0,1.0,True
EXP-EMBED-FP32-EQUIV-001,GOLD-MODEL-C1-B6-R01464,F030,0.0749590033045556,0.074958995,8.304555598748209e-09,1.1078796719064037e-07,True,1.0,1.0,1.0,1.0,1.0,True
EXP-EMBED-FP32-EQUIV-001,GOLD-MODEL-C1-B6-R01464,F031,0.029383791267167583,0.0293837842,7.0671675837796766e-09,2.4051244849660643e-07,True,1.0,1.0,1.0,1.0,1.0,True
EXP-EMBED-FP32-EQUIV-001,GOLD-MODEL-C1-B6-R01464,F032,-0.466687410006641,-0.466687411,9.933590061628195e-10,2.1285318285074026e-09,True,1.0,1.0,1.0,1.0,1.0,True
EXP-EMBED-FP32-EQUIV-001,GOLD-MODEL-C1-B6-R01464,F033,-0.4852370531551093,-0.485236973,8.015510927217306e-08,1.6518752793297287e-07,True,1.0,1.0,1.0,1.0,1.0,True
EXP-EMBED-FP32-EQUIV-001,GOLD-MODEL-C1-B6-R01464,F034,-0.08024938091789924,-0.0802493766,4.317899232608724e-09,5.380601299624029e-08,True,1.0,1.0,1.0,1.0,1.0,True
EXP-EMBED-FP32-EQUIV-001,GOLD-MODEL-C1-B6-R01464,F035,0.0645274702910651,0.0645274743,4.008934892385518e-09,6.212756945688946e-08,True,1.0,1.0,1.0,1.0,1.0,True
EXP-EMBED-FP32-EQUIV-001,GOLD-MODEL-C1-B6-R01464,F036,0.09488131579833609,0.0948813334,1.760166391806539e-08,1.855124348768155e-07,True,1.0,1.0,1.0,1.0,1.0,True
EXP-EMBED-FP32-EQUIV-001,GOLD-MODEL-C1-B6-R01464,F037,-0.31881899056520163,-0.318818986,4.565201605633007e-09,1.431910187514184e-08,True,1.0,1.0,1.0,1.0,1.0,True
EXP-EMBED-FP32-EQUIV-001,GOLD-MODEL-C1-B6-R01464,F038,-0.18203654096767305,-0.182036549,8.032326942464252e-09,4.412480538119361e-08,True,1.0,1.0,1.0,1.0,1.0,True
EXP-EMBED-FP32-EQUIV-001,GOLD-MODEL-C1-B6-R01464,F039,0.44133080180279505,0.441330731,7.080279507132303e-08,1.6043021421142651e-07,True,1.0,1.0,1.0,1.0,1.0,True
EXP-EMBED-FP32-EQUIV-001,GOLD-MODEL-C1-B6-R01464,F040,-0.45291210566825973,-0.452912122,1.6331740237962578e-08,3.605940321216526e-08,True,1.0,1.0,1.0,1.0,1.0,True
EXP-EMBED-FP32-EQUIV-001,GOLD-MODEL-C1-B6-R01464,F041,-0.42861953831167493,-0.428619504,3.431167494571952e-08,8.005158859736684e-08,True,1.0,1.0,1.0,1.0,1.0,True
EXP-EMBED-FP32-EQUIV-001,GOLD-MODEL-C1-B6-R01464,F042,-0.06014331310096791,-0.0601433069,6.200967912761701e-09,1.0310319789585896e-07,True,1.0,1.0,1.0,1.0,1.0,True
EXP-EMBED-FP32-EQUIV-001,GOLD-MODEL-C1-B6-R01464,F043,0.07558479973709387,0.0755847991,6.370938637756396e-10,8.42886223144917e-09,True,1.0,1.0,1.0,1.0,1.0,True
EXP-EMBED-FP32-EQUIV-001,GOLD-MODEL-C1-B6-R01464,F044,0.02076298503052206,0.0207629837,1.3305220571135923e-09,6.408144374027601e-08,True,1.0,1.0,1.0,1.0,1.0,True
EXP-EMBED-FP32-EQUIV-001,GOLD-MODEL-C1-B6-R01464,F045,-0.3285810896502152,-0.328581125,3.5349784766047776e-08,1.075831381643987e-07,True,1.0,1.0,1.0,1.0,1.0,True
EXP-EMBED-FP32-EQUIV-001,GOLD-MODEL-C1-B6-R01464,F046,-0.22584298134396422,-0.225842968,1.3343964211376402e-08,5.908514017999624e-08,True,1.0,1.0,1.0,1.0,1.0,True
EXP-EMBED-FP32-EQUIV-001,GOLD-MODEL-C1-B6-R01464,F047,0.15379975418599867,0.153799772,1.7814001329607976e-08,1.1582594149054688e-07,True,1.0,1.0,1.0,1.0,1.0,True
EXP-EMBED-FP32-EQUIV-001,GOLD-MODEL-C1-B6-R01464,F048,-0.09898179216649627,-0.0989818051,1.2933503726331175e-08,1.3066548345150045e-07,True,1.0,1.0,1.0,1.0,1.0,True
EXP-EMBED-FP32-EQUIV-001,GOLD-MODEL-C1-B6-R01464,F049,0.40816443580363276,0.408164442,6.196367252631063e-09,1.5181056233944217e-08,True,1.0,1.0,1.0,1.0,1.0,True
EXP-EMBED-FP32-EQUIV-001,GOLD-MODEL-C1-B6-R01464,F050,0.03784255084572382,0.0378425531,2.254276182389603e-09,5.956987919709262e-08,True,1.0,1.0,1.0,1.0,1.0,True
EXP-EMBED-FP32-EQUIV-001,GOLD-MODEL-C1-B6-R01464,F051,0.05035907371260969,0.050359074,2.873903059974481e-10,5.706822719526845e-09,True,1.0,1.0,1.0,1.0,1.0,True
EXP-EMBED-FP32-EQUIV-001,GOLD-MODEL-C1-B6-R01464,F052,-0.0001695397620553193,-0.000169539737,2.5055319310181984e-11,1.4778432508361465e-07,True,1.0,1.0,1.0,1.0,1.0,True
EXP-EMBED-FP32-EQUIV-001,GOLD-MODEL-C1-B6-R01464,F053,0.2770102901973207,0.277010292,1.802679283624542e-09,6.5076256998989194e-09,True,1.0,1.0,1.0,1.0,1.0,True
EXP-EMBED-FP32-EQUIV-001,GOLD-MODEL-C1-B6-R01464,F054,0.22870429844542534,0.228704304,5.5545746613372415e-09,2.4287145887040266e-08,True,1.0,1.0,1.0,1.0,1.0,True
EXP-EMBED-FP32-EQUIV-001,GOLD-MODEL-C1-B6-R01464,F055,-0.05501442162580002,-0.0550144315,9.874199985437926e-09,1.794838461194917e-07,True,1.0,1.0,1.0,1.0,1.0,True
EXP-EMBED-FP32-EQUIV-001,GOLD-MODEL-C1-B6-R01464,F056,-0.190605390580242,-0.190605387,3.5802420195185647e-09,1.8783529723999787e-08,True,1.0,1.0,1.0,1.0,1.0,True
EXP-EMBED-FP32-EQUIV-001,GOLD-MODEL-C1-B6-R01464,F057,0.3308568664939843,0.33085683,3.6493984334473595e-08,1.1030142647844104e-07,True,1.0,1.0,1.0,1.0,1.0,True
EXP-EMBED-FP32-EQUIV-001,GOLD-MODEL-C1-B6-R01464,F058,-0.018867164525174413,-0.0188671667,2.1748255869813438e-09,1.1527039922079861e-07,True,1.0,1.0,1.0,1.0,1.0,True
EXP-EMBED-FP32-EQUIV-001,GOLD-MODEL-C1-B6-R01464,F059,0.012158012209230901,0.0121580111,1.1092309015747759e-09,9.123456059145907e-08,True,1.0,1.0,1.0,1.0,1.0,True
EXP-EMBED-FP32-EQUIV-001,GOLD-MODEL-C1-B6-R01464,F060,-0.004281553437144991,-0.00428155391,4.728550094881823e-10,1.1044005789718455e-07,True,1.0,1.0,1.0,1.0,1.0,True
EXP-EMBED-FP32-EQUIV-001,GOLD-MODEL-C1-B6-R01464,F061,0.2486105815814093,0.248610586,4.418590687782498e-09,1.7773140063773185e-08,True,1.0,1.0,1.0,1.0,1.0,True
EXP-EMBED-FP32-EQUIV-001,GOLD-MODEL-C1-B6-R01464,F062,0.19390908757582132,0.193909079,8.575821303091757e-09,4.42259896650717e-08,True,1.0,1.0,1.0,1.0,1.0,True
EXP-EMBED-FP32-EQUIV-001,GOLD-MODEL-C1-B6-R01464,F063,-0.004019838967794062,-0.00401983922,2.5220593755787e-10,6.274030864879924e-08,True,1.0,1.0,1.0,1.0,1.0,True
EXP-EMBED-FP32-EQUIV-001,GOLD-MODEL-C1-B6-R01464,F064,0.17171157419303765,0.171711579,4.806962355941025e-09,2.7994399204197218e-08,True,1.0,1.0,1.0,1.0,1.0,True
EXP-EMBED-FP32-EQUIV-001,GOLD-MODEL-C1-B6-R01464,F065,0.30871290540643875,0.308712929,2.359356127135115e-08,7.642557488903431e-08,True,1.0,1.0,1.0,1.0,1.0,True
EXP-EMBED-FP32-EQUIV-001,GOLD-MODEL-C1-B6-R01464,F066,0.09361143767993321,0.0936114416,3.920066785068066e-09,4.1875938263774594e-08,True,1.0,1.0,1.0,1.0,1.0,True
EXP-EMBED-FP32-EQUIV-001,GOLD-MODEL-C1-B6-R01464,F067,0.07703475066332505,0.0770347565,5.83667494891138e-09,7.576677926070218e-08,True,1.0,1.0,1.0,1.0,1.0,True
EXP-EMBED-FP32-EQUIV-001,GOLD-MODEL-C1-B6-R01464,F068,0.057690500236309235,0.0576905012,9.63690766075942e-10,1.6704496617788286e-08,True,1.0,1.0,1.0,1.0,1.0,True
EXP-EMBED-FP32-EQUIV-001,GOLD-MODEL-C1-B6-R01464,F069,0.16361167007837168,0.163611665,5.078371695388384e-09,3.103917766352358e-08,True,1.0,1.0,1.0,1.0,1.0,True
EXP-EMBED-FP32-EQUIV-001,GOLD-MODEL-C1-B6-R01464,F070,0.12801478473685968,0.128014803,1.8263140333374395e-08,1.426643053059467e-07,True,1.0,1.0,1.0,1.0,1.0,True
EXP-EMBED-FP32-EQUIV-001,GOLD-MODEL-C1-B6-R01464,F071,0.02925039600423547,0.0292503946,1.4042354709586924e-09,4.800740033589147e-08,True,1.0,1.0,1.0,1.0,1.0,True
EXP-EMBED-FP32-EQUIV-001,GOLD-MODEL-C1-B6-R01464,F072,0.19853834506649354,0.198538363,1.7933506457623594e-08,9.032767172314944e-08,True,1.0,1.0,1.0,1.0,1.0,True
EXP-EMBED-FP32-EQUIV-001,GOLD-MODEL-C1-B6-R01464,F073,0.3253202915552379,0.325320274,1.7555237874500307e-08,5.396293539076553e-08,True,1.0,1.0,1.0,1.0,1.0,True
EXP-EMBED-FP32-EQUIV-001,GOLD-MODEL-C1-B6-R01464,F074,0.10468087200470703,0.104680873,9.952929591605653e-10,9.507877992416908e-09,True,1.0,1.0,1.0,1.0,1.0,True
EXP-EMBED-FP32-EQUIV-001,GOLD-MODEL-C1-B6-R01464,F075,0.09482492619613613,0.0948249325,6.303863875345428e-09,6.647897476140924e-08,True,1.0,1.0,1.0,1.0,1.0,True
EXP-EMBED-FP32-EQUIV-001,GOLD-MODEL-C1-B6-R01464,F076,0.06880740383002017,0.0688073933,1.053002016138116e-08,1.5303614982181596e-07,True,1.0,1.0,1.0,1.0,1.0,True
EXP-EMBED-FP32-EQUIV-001,GOLD-MODEL-C1-B6-R01464,F077,0.19205811346400256,0.192058131,1.7535997431927797e-08,9.130568407470361e-08,True,1.0,1.0,1.0,1.0,1.0,True
EXP-EMBED-FP32-EQUIV-001,GOLD-MODEL-C1-B6-R01464,F078,0.1539984026362034,0.153998405,2.3637966028999813e-09,1.5349487802701907e-08,True,1.0,1.0,1.0,1.0,1.0,True
EXP-EMBED-FP32-EQUIV-001,GOLD-MODEL-C1-B6-R01464,F079,0.034626311904390465,0.0346263088,3.1043904669125766e-09,8.965408951101586e-08,True,1.0,1.0,1.0,1.0,1.0,True
EXP-EMBED-FP32-EQUIV-001,GOLD-MODEL-C1-B6-R01464,F080,-0.4649564653599069,-0.464956403,6.235990690495186e-08,1.3411988336731953e-07,True,1.0,1.0,1.0,1.0,1.0,True
EXP-EMBED-FP32-EQUIV-001,GOLD-MODEL-C1-B6-R01464,F081,-0.15367061242042768,-0.153670609,3.4204276633253983e-09,2.2258176820220152e-08,True,1.0,1.0,1.0,1.0,1.0,True
EXP-EMBED-FP32-EQUIV-001,GOLD-MODEL-C1-B6-R01464,F082,-0.09702428817543235,-0.0970242918,3.6245676460211484e-09,3.7357322730030915e-08,True,1.0,1.0,1.0,1.0,1.0,True
EXP-EMBED-FP32-EQUIV-001,GOLD-MODEL-C1-B6-R01464,F083,-0.03584672704034193,-0.0358467251,1.9403419357355567e-09,5.412884511190923e-08,True,1.0,1.0,1.0,1.0,1.0,True
EXP-EMBED-FP32-EQUIV-001,GOLD-MODEL-C1-B6-R01464,F084,-0.04342768632461243,-0.0434276909,4.575387575755929e-09,1.0535646641536257e-07,True,1.0,1.0,1.0,1.0,1.0,True
EXP-EMBED-FP32-EQUIV-001,GOLD-MODEL-C1-B6-R01464,F085,0.12349176626390253,0.123491749,1.726390252976273e-08,1.3979800477442103e-07,True,1.0,1.0,1.0,1.0,1.0,True
EXP-EMBED-FP32-EQUIV-001,GOLD-MODEL-C1-B6-R01464,F086,0.09645185654171043,0.0964518636,7.058289577810406e-09,7.317940608803172e-08,True,1.0,1.0,1.0,1.0,1.0,True
EXP-EMBED-FP32-EQUIV-001,GOLD-MODEL-C1-B6-R01464,F087,-0.018052292945935012,-0.0180522986,5.654064987037355e-09,3.132048102681897e-07,True,1.0,1.0,1.0,1.0,1.0,True
EXP-EMBED-FP32-EQUIV-001,GOLD-MODEL-C1-B6-R01464,F088,-0.6574716854303824,-0.657471657,2.8430382381650077e-08,4.324198746755077e-08,True,1.0,1.0,1.0,1.0,1.0,True
EXP-EMBED-FP32-EQUIV-001,GOLD-MODEL-C1-B6-R01464,F089,-0.40099336080653447,-0.400993407,4.619346555267967e-08,1.1519758197434703e-07,True,1.0,1.0,1.0,1.0,1.0,True
EXP-EMBED-FP32-EQUIV-001,GOLD-MODEL-C1-B6-R01464,F090,-0.16073241972224755,-0.160732418,1.7222475667821868e-09,1.071499806795856e-08,True,1.0,1.0,1.0,1.0,1.0,True
EXP-EMBED-FP32-EQUIV-001,GOLD-MODEL-C1-B6-R01464,F091,-0.08455794947688983,-0.0845579505,1.0231101799096365e-09,1.2099515021816588e-08,True,1.0,1.0,1.0,1.0,1.0,True
EXP-EMBED-FP32-EQUIV-001,GOLD-MODEL-C1-B6-R01464,F092,-0.04086291304982063,-0.0408629179,4.850179369242369e-09,1.1869392089910387e-07,True,1.0,1.0,1.0,1.0,1.0,True
EXP-EMBED-FP32-EQUIV-001,GOLD-MODEL-C1-B6-R01464,F093,0.003188444808719316,0.00318844477,3.8719315947899346e-11,1.2143636873379504e-08,True,1.0,1.0,1.0,1.0,1.0,True
EXP-EMBED-FP32-EQUIV-001,GOLD-MODEL-C1-B6-R01464,F094,0.021344557788598558,0.0213445574,3.885985595808439e-10,1.8205978471403062e-08,True,1.0,1.0,1.0,1.0,1.0,True
EXP-EMBED-FP32-EQUIV-001,GOLD-MODEL-C1-B6-R01464,F095,-0.023606130551745385,-0.023606129,1.551745384964498e-09,6.573484720687378e-08,True,1.0,1.0,1.0,1.0,1.0,True
EXP-EMBED-FP32-EQUIV-001,GOLD-MODEL-C1-B6-R01464,F096,-0.285723457116068,-0.285723448,9.116068011572054e-09,3.190521388612794e-08,True,1.0,1.0,1.0,1.0,1.0,True
EXP-EMBED-FP32-EQUIV-001,GOLD-MODEL-C1-B6-R01464,F097,-0.20772639430964282,-0.207726404,9.6903571833451e-09,4.664961915672777e-08,True,1.0,1.0,1.0,1.0,1.0,True
EXP-EMBED-FP32-EQUIV-001,GOLD-MODEL-C1-B6-R01464,F098,0.012269111947873081,0.0122691123,3.521269179018738e-10,2.8700277526028846e-08,True,1.0,1.0,1.0,1.0,1.0,True
EXP-EMBED-FP32-EQUIV-001,GOLD-MODEL-C1-B6-R01464,F099,0.11373297775865342,0.113732971,6.758653414706828e-09,5.9425626127973184e-08,True,1.0,1.0,1.0,1.0,1.0,True
EXP-EMBED-FP32-EQUIV-001,GOLD-MODEL-C1-B6-R01464,F100,0.00040547721945262595,0.000405478087,8.675473740543845e-10,2.139571182878116e-06,True,1.0,1.0,1.0,1.0,1.0,True
EXP-EMBED-FP32-EQUIV-001,GOLD-MODEL-C1-B6-R01464,F101,-0.25511203022290485,-0.255112022,8.222904857024815e-09,3.223252486305734e-08,True,1.0,1.0,1.0,1.0,1.0,True
EXP-EMBED-FP32-EQUIV-001,GOLD-MODEL-C1-B6-R01464,F102,-0.19944391235938527,-0.199443907,5.359385268910444e-09,2.687164128255352e-08,True,1.0,1.0,1.0,1.0,1.0,True
EXP-EMBED-FP32-EQUIV-001,GOLD-MODEL-C1-B6-R01464,F103,-0.0008606895648772953,-0.000860701839,1.2274122704650746e-08,1.4260801112885123e-05,True,1.0,1.0,1.0,1.0,1.0,True
EXP-EMBED-FP32-EQUIV-001,GOLD-MODEL-C1-B6-R01464,F104,-0.26985795299502696,-0.269857973,2.0004973011467087e-08,7.41314932150091e-08,True,1.0,1.0,1.0,1.0,1.0,True
EXP-EMBED-FP32-EQUIV-001,GOLD-MODEL-C1-B6-R01464,F105,-0.10868153159260513,-0.108681522,9.592605126895748e-09,8.826343341253064e-08,True,1.0,1.0,1.0,1.0,1.0,True
EXP-EMBED-FP32-EQUIV-001,GOLD-MODEL-C1-B6-R01464,F106,0.09252385898068392,0.0925238654,6.4193160786985e-09,6.938011610646992e-08,True,1.0,1.0,1.0,1.0,1.0,True
EXP-EMBED-FP32-EQUIV-001,GOLD-MODEL-C1-B6-R01464,F107,0.17818995687457329,0.178189963,6.125426721403926e-09,3.437582470327199e-08,True,1.0,1.0,1.0,1.0,1.0,True
EXP-EMBED-FP32-EQUIV-001,GOLD-MODEL-C1-B6-R01464,F108,0.02004060909956806,0.0200406127,3.600431942168969e-09,1.7965681204003775e-07,True,1.0,1.0,1.0,1.0,1.0,True
EXP-EMBED-FP32-EQUIV-001,GOLD-MODEL-C1-B6-R01464,F109,-0.2025323347628281,-0.202532336,1.23717192046513e-09,6.1085155706810875e-09,True,1.0,1.0,1.0,1.0,1.0,True
EXP-EMBED-FP32-EQUIV-001,GOLD-MODEL-C1-B6-R01464,F110,-0.14389045885993723,-0.143890455,3.859937230954458e-09,2.6825525900308063e-08,True,1.0,1.0,1.0,1.0,1.0,True
EXP-EMBED-FP32-EQUIV-001,GOLD-MODEL-C1-B6-R01464,F111,0.0009962592413723789,0.000996261137,1.8956276210194134e-09,1.9027453320363944e-06,True,1.0,1.0,1.0,1.0,1.0,True
EXP-EMBED-FP32-EQUIV-001,GOLD-MODEL-C1-B6-R01464,F112,-0.23618842238973722,-0.236188442,1.9610262774749643e-08,8.302804420442981e-08,True,1.0,1.0,1.0,1.0,1.0,True
EXP-EMBED-FP32-EQUIV-001,GOLD-MODEL-C1-B6-R01464,F113,0.24371333510621915,0.243713334,1.106219144064724e-09,4.539017709402702e-09,True,1.0,1.0,1.0,1.0,1.0,True
EXP-EMBED-FP32-EQUIV-001,GOLD-MODEL-C1-B6-R01464,F114,-0.03754784297564164,-0.0375478454,2.424358359898182e-09,6.456718063594047e-08,True,1.0,1.0,1.0,1.0,1.0,True
EXP-EMBED-FP32-EQUIV-001,GOLD-MODEL-C1-B6-R01464,F115,0.00010031420967039571,0.00010031421,3.2960429090928e-13,3.28571886268423e-09,True,1.0,1.0,1.0,1.0,1.0,True
EXP-EMBED-FP32-EQUIV-001,GOLD-MODEL-C1-B6-R01464,F116,-0.029022294510501898,-0.0290222913,3.210501899053586e-09,1.106219185354847e-07,True,1.0,1.0,1.0,1.0,1.0,True
EXP-EMBED-FP32-EQUIV-001,GOLD-MODEL-C1-B6-R01464,F117,0.1864028236603244,0.186402813,1.066032440100173e-08,5.7189715218196914e-08,True,1.0,1.0,1.0,1.0,1.0,True
EXP-EMBED-FP32-EQUIV-001,GOLD-MODEL-C1-B6-R01464,F118,0.1577178811366304,0.157717884,2.8633695969837447e-09,1.815500928840921e-08,True,1.0,1.0,1.0,1.0,1.0,True
EXP-EMBED-FP32-EQUIV-001,GOLD-MODEL-C1-B6-R01464,F119,0.013833567386411654,0.0138335694,2.0135883464084126e-09,1.4555814058391814e-07,True,1.0,1.0,1.0,1.0,1.0,True
EXP-EMBED-FP32-EQUIV-001,GOLD-MODEL-C1-B6-R01464,F120,-0.23986854788354692,-0.239868551,3.11645309558628e-09,1.2992337357623385e-08,True,1.0,1.0,1.0,1.0,1.0,True
EXP-EMBED-FP32-EQUIV-001,GOLD-MODEL-C1-B6-R01464,F121,0.25141839094351826,0.251418412,2.1056481724901488e-08,8.375076161247041e-08,True,1.0,1.0,1.0,1.0,1.0,True
EXP-EMBED-FP32-EQUIV-001,GOLD-MODEL-C1-B6-R01464,F122,-0.004139354850491991,-0.00413935445,4.0049199026559457e-10,9.675227293402819e-08,True,1.0,1.0,1.0,1.0,1.0,True
EXP-EMBED-FP32-EQUIV-001,GOLD-MODEL-C1-B6-R01464,F123,0.03797454645062288,0.0379745476,1.1493771212567339e-09,3.026704012781912e-08,True,1.0,1.0,1.0,1.0,1.0,True
EXP-EMBED-FP32-EQUIV-001,GOLD-MODEL-C1-B6-R01464,F124,0.011747306310427424,0.0117473062,1.1042742414923978e-10,9.400233656222922e-09,True,1.0,1.0,1.0,1.0,1.0,True
EXP-EMBED-FP32-EQUIV-001,GOLD-MODEL-C1-B6-R01464,F125,0.19282371831791423,0.192823723,4.682085774643241e-09,2.4281690113058324e-08,True,1.0,1.0,1.0,1.0,1.0,True
EXP-EMBED-FP32-EQUIV-001,GOLD-MODEL-C1-B6-R01464,F126,0.17337044209354766,0.173370436,6.093547666452537e-09,3.514755798548731e-08,True,1.0,1.0,1.0,1.0,1.0,True
EXP-EMBED-FP32-EQUIV-001,GOLD-MODEL-C1-B6-R01464,F127,-0.0015307673414334288,-0.00153076753,1.885665712117457e-10,1.2318434428785872e-07,True,1.0,1.0,1.0,1.0,1.0,True
EXP-EMBED-FP32-EQUIV-001,GOLD-MODEL-C1-B6-R01896,F000,0.03129762447259042,0.0312976241,3.725904237916744e-10,1.1904750921846437e-08,True,1.0,1.0,1.0,1.0,1.0,True
EXP-EMBED-FP32-EQUIV-001,GOLD-MODEL-C1-B6-R01896,F001,0.3046457529328692,0.304645747,5.932869195923729e-09,1.947464928956708e-08,True,1.0,1.0,1.0,1.0,1.0,True
EXP-EMBED-FP32-EQUIV-001,GOLD-MODEL-C1-B6-R01896,F002,0.031018506466607955,0.0310185067,2.333920452735061e-10,7.524283786028103e-09,True,1.0,1.0,1.0,1.0,1.0,True
EXP-EMBED-FP32-EQUIV-001,GOLD-MODEL-C1-B6-R01896,F003,0.028689557192902147,0.0286895521,5.092902145148459e-09,1.7751762813573342e-07,True,1.0,1.0,1.0,1.0,1.0,True
EXP-EMBED-FP32-EQUIV-001,GOLD-MODEL-C1-B6-R01896,F004,0.019954839019294592,0.0199548379,1.1192945910398766e-09,5.609138665351378e-08,True,1.0,1.0,1.0,1.0,1.0,True
EXP-EMBED-FP32-EQUIV-001,GOLD-MODEL-C1-B6-R01896,F005,0.004027514312794955,0.00402751425,6.27949549997231e-11,1.559149145671082e-08,True,1.0,1.0,1.0,1.0,1.0,True
EXP-EMBED-FP32-EQUIV-001,GOLD-MODEL-C1-B6-R01896,F006,0.009171398450389712,0.00917139929,8.396102875452005e-10,9.154659369417362e-08,True,1.0,1.0,1.0,1.0,1.0,True
EXP-EMBED-FP32-EQUIV-001,GOLD-MODEL-C1-B6-R01896,F007,0.030228257118022694,0.0302282516,5.51802269502244e-09,1.8254518192954247e-07,True,1.0,1.0,1.0,1.0,1.0,True
EXP-EMBED-FP32-EQUIV-001,GOLD-MODEL-C1-B6-R01896,F008,0.045205164091408054,0.0452051684,4.308591948498641e-09,9.531194134781509e-08,True,1.0,1.0,1.0,1.0,1.0,True
EXP-EMBED-FP32-EQUIV-001,GOLD-MODEL-C1-B6-R01896,F009,0.3801009194565581,0.380100965,4.5543441906659154e-08,1.1981934158900222e-07,True,1.0,1.0,1.0,1.0,1.0,True
EXP-EMBED-FP32-EQUIV-001,GOLD-MODEL-C1-B6-R01896,F010,0.04597849048415214,0.0459785014,1.091584786450106e-08,2.3741205397475007e-07,True,1.0,1.0,1.0,1.0,1.0,True
EXP-EMBED-FP32-EQUIV-001,GOLD-MODEL-C1-B6-R01896,F011,0.04345397966770129,0.0434539765,3.1677012887754152e-09,7.289784072711576e-08,True,1.0,1.0,1.0,1.0,1.0,True
EXP-EMBED-FP32-EQUIV-001,GOLD-MODEL-C1-B6-R01896,F012,0.017681402061829613,0.0176814087,6.638170388373332e-09,3.754323534502804e-07,True,1.0,1.0,1.0,1.0,1.0,True
EXP-EMBED-FP32-EQUIV-001,GOLD-MODEL-C1-B6-R01896,F013,0.02322604813284414,0.0232260488,6.671558583359882e-10,2.872446722404565e-08,True,1.0,1.0,1.0,1.0,1.0,True
EXP-EMBED-FP32-EQUIV-001,GOLD-MODEL-C1-B6-R01896,F014,0.024951217001950556,0.0249512177,6.980494446362506e-10,2.7976569021931107e-08,True,1.0,1.0,1.0,1.0,1.0,True
EXP-EMBED-FP32-EQUIV-001,GOLD-MODEL-C1-B6-R01896,F015,0.0024139012967769966,0.00241389964,1.6567769964108414e-09,6.863482772153709e-07,True,1.0,1.0,1.0,1.0,1.0,True
EXP-EMBED-FP32-EQUIV-001,GOLD-MODEL-C1-B6-R01896,F016,0.16651527110946945,0.166515276,4.890530536094673e-09,2.936986201631663e-08,True,1.0,1.0,1.0,1.0,1.0,True
EXP-EMBED-FP32-EQUIV-001,GOLD-MODEL-C1-B6-R01896,F017,0.1160013225411303,0.116001323,4.58869706121412e-10,3.955728228518358e-09,True,1.0,1.0,1.0,1.0,1.0,True
EXP-EMBED-FP32-EQUIV-001,GOLD-MODEL-C1-B6-R01896,F018,0.06089443305840707,0.0608944334,3.415929344940949e-10,5.609592163645814e-09,True,1.0,1.0,1.0,1.0,1.0,True
EXP-EMBED-FP32-EQUIV-001,GOLD-MODEL-C1-B6-R01896,F019,0.004014414732704868,0.00401441474,7.295131512763398e-12,1.8172341420857677e-09,True,1.0,1.0,1.0,1.0,1.0,True
EXP-EMBED-FP32-EQUIV-001,GOLD-MODEL-C1-B6-R01896,F020,-0.002376731649631029,-0.00237673149,1.5963102888150171e-10,6.716409440093218e-08,True,1.0,1.0,1.0,1.0,1.0,True
EXP-EMBED-FP32-EQUIV-001,GOLD-MODEL-C1-B6-R01896,F021,-0.02917487284856671,-0.0291748755,2.6514332882032754e-09,9.088071444100686e-08,True,1.0,1.0,1.0,1.0,1.0,True
EXP-EMBED-FP32-EQUIV-001,GOLD-MODEL-C1-B6-R01896,F022,-0.00112794591336603,-0.00112794596,4.663397012300008e-11,4.1344154511659535e-08,True,1.0,1.0,1.0,1.0,1.0,True
EXP-EMBED-FP32-EQUIV-001,GOLD-MODEL-C1-B6-R01896,F023,-0.02063605281787461,-0.0206360556,2.7821253911763932e-09,1.3481867950863946e-07,True,1.0,1.0,1.0,1.0,1.0,True
EXP-EMBED-FP32-EQUIV-001,GOLD-MODEL-C1-B6-R01896,F024,0.2555792710003203,0.255579233,3.800032027934108e-08,1.4868310771296261e-07,True,1.0,1.0,1.0,1.0,1.0,True
EXP-EMBED-FP32-EQUIV-001,GOLD-MODEL-C1-B6-R01896,F025,0.2090225013369478,0.209022507,5.663052193849438e-09,2.7093026624537914e-08,True,1.0,1.0,1.0,1.0,1.0,True
EXP-EMBED-FP32-EQUIV-001,GOLD-MODEL-C1-B6-R01896,F026,0.08870075726007254,0.088700749,8.260072542620733e-09,9.312290895557996e-08,True,1.0,1.0,1.0,1.0,1.0,True
EXP-EMBED-FP32-EQUIV-001,GOLD-MODEL-C1-B6-R01896,F027,0.017948360552387903,0.0179483686,8.047612097550338e-09,4.4837588781776844e-07,True,1.0,1.0,1.0,1.0,1.0,True
EXP-EMBED-FP32-EQUIV-001,GOLD-MODEL-C1-B6-R01896,F028,-0.008988618010888457,-0.00898861792,9.088845648319577e-11,1.0111505058185483e-08,True,1.0,1.0,1.0,1.0,1.0,True
EXP-EMBED-FP32-EQUIV-001,GOLD-MODEL-C1-B6-R01896,F029,0.011231014868135525,0.0112310145,3.6813552380110526e-10,3.277847355055812e-08,True,1.0,1.0,1.0,1.0,1.0,True
EXP-EMBED-FP32-EQUIV-001,GOLD-MODEL-C1-B6-R01896,F030,0.03464358227169145,0.0346435793,2.9716914554112073e-09,8.577898879237688e-08,True,1.0,1.0,1.0,1.0,1.0,True
EXP-EMBED-FP32-EQUIV-001,GOLD-MODEL-C1-B6-R01896,F031,-0.1582592798319692,-0.158259273,6.831969184828424e-09,4.316946969607232e-08,True,1.0,1.0,1.0,1.0,1.0,True
EXP-EMBED-FP32-EQUIV-001,GOLD-MODEL-C1-B6-R01896,F032,-0.04233431854932619,-0.0423343182,3.493261929721214e-10,8.251607795814665e-09,True,1.0,1.0,1.0,1.0,1.0,True
EXP-EMBED-FP32-EQUIV-001,GOLD-MODEL-C1-B6-R01896,F033,-0.2707527954341269,-0.270752758,3.7434126909374754e-08,1.3825942904616228e-07,True,1.0,1.0,1.0,1.0,1.0,True
EXP-EMBED-FP32-EQUIV-001,GOLD-MODEL-C1-B6-R01896,F034,-0.014008852368409123,-0.0140088536,1.2315908761578731e-09,8.791518703810392e-08,True,1.0,1.0,1.0,1.0,1.0,True
EXP-EMBED-FP32-EQUIV-001,GOLD-MODEL-C1-B6-R01896,F035,-0.026638087884980066,-0.0266381055,1.7615019932276654e-08,6.612719354458214e-07,True,1.0,1.0,1.0,1.0,1.0,True
EXP-EMBED-FP32-EQUIV-001,GOLD-MODEL-C1-B6-R01896,F036,-0.2564461491267054,-0.256446153,3.873294629475055e-09,1.5103734810076366e-08,True,1.0,1.0,1.0,1.0,1.0,True
EXP-EMBED-FP32-EQUIV-001,GOLD-MODEL-C1-B6-R01896,F037,0.014309404954954075,0.0143094035,1.454954075622017e-09,1.0167816762487357e-07,True,1.0,1.0,1.0,1.0,1.0,True
EXP-EMBED-FP32-EQUIV-001,GOLD-MODEL-C1-B6-R01896,F038,0.023290014063309085,0.0232900139,1.6330908500505892e-10,7.011978806072721e-09,True,1.0,1.0,1.0,1.0,1.0,True
EXP-EMBED-FP32-EQUIV-001,GOLD-MODEL-C1-B6-R01896,F039,-0.22739889871402086,-0.227398887,1.1714020864417307e-08,5.151309408560055e-08,True,1.0,1.0,1.0,1.0,1.0,True
EXP-EMBED-FP32-EQUIV-001,GOLD-MODEL-C1-B6-R01896,F040,-0.0872556215216585,-0.0872556195,2.021658493389644e-09,2.3169378180268078e-08,True,1.0,1.0,1.0,1.0,1.0,True
EXP-EMBED-FP32-EQUIV-001,GOLD-MODEL-C1-B6-R01896,F041,-0.32769372368487487,-0.327693731,7.3151251167580256e-09,2.2323055304509223e-08,True,1.0,1.0,1.0,1.0,1.0,True
EXP-EMBED-FP32-EQUIV-001,GOLD-MODEL-C1-B6-R01896,F042,-0.04086853390225718,-0.0408685356,1.697742821327175e-09,4.154156411354429e-08,True,1.0,1.0,1.0,1.0,1.0,True
EXP-EMBED-FP32-EQUIV-001,GOLD-MODEL-C1-B6-R01896,F043,-0.08808825211064833,-0.0880882591,6.989351666875088e-09,7.934487856673226e-08,True,1.0,1.0,1.0,1.0,1.0,True
EXP-EMBED-FP32-EQUIV-001,GOLD-MODEL-C1-B6-R01896,F044,0.1404837695183715,0.140483782,1.2481628508531628e-08,8.884747719486105e-08,True,1.0,1.0,1.0,1.0,1.0,True
EXP-EMBED-FP32-EQUIV-001,GOLD-MODEL-C1-B6-R01896,F045,0.014389063210698055,0.0143890651,1.889301945792732e-09,1.3130124721309611e-07,True,1.0,1.0,1.0,1.0,1.0,True
EXP-EMBED-FP32-EQUIV-001,GOLD-MODEL-C1-B6-R01896,F046,0.018647534248210258,0.0186475348,5.517897423701346e-10,2.959049357547601e-08,True,1.0,1.0,1.0,1.0,1.0,True
EXP-EMBED-FP32-EQUIV-001,GOLD-MODEL-C1-B6-R01896,F047,-0.02885950441675947,-0.0288595017,2.7167594666976935e-09,9.413742618255081e-08,True,1.0,1.0,1.0,1.0,1.0,True
EXP-EMBED-FP32-EQUIV-001,GOLD-MODEL-C1-B6-R01896,F048,-0.018647540225638658,-0.0186475459,5.674361341911904e-09,3.042954337811363e-07,True,1.0,1.0,1.0,1.0,1.0,True
EXP-EMBED-FP32-EQUIV-001,GOLD-MODEL-C1-B6-R01896,F049,-0.11625172502011726,-0.116251737,1.1979882738599734e-08,1.0305122557559147e-07,True,1.0,1.0,1.0,1.0,1.0,True
EXP-EMBED-FP32-EQUIV-001,GOLD-MODEL-C1-B6-R01896,F050,-0.0010242495217471375,-0.0010242525,2.9782528624278798e-09,2.9077415211750896e-06,True,1.0,1.0,1.0,1.0,1.0,True
EXP-EMBED-FP32-EQUIV-001,GOLD-MODEL-C1-B6-R01896,F051,0.034896013181053974,0.0348960161,2.9189460293288505e-09,8.364697749809507e-08,True,1.0,1.0,1.0,1.0,1.0,True
EXP-EMBED-FP32-EQUIV-001,GOLD-MODEL-C1-B6-R01896,F052,0.09567802653731305,0.0956780389,1.2362686943601098e-08,1.2921134967995842e-07,True,1.0,1.0,1.0,1.0,1.0,True
EXP-EMBED-FP32-EQUIV-001,GOLD-MODEL-C1-B6-R01896,F053,-0.1085840671265019,-0.108584061,6.126501903014336e-09,5.642173907408422e-08,True,1.0,1.0,1.0,1.0,1.0,True
EXP-EMBED-FP32-EQUIV-001,GOLD-MODEL-C1-B6-R01896,F054,-0.06887072377099991,-0.0688707381,1.4329000083690424e-08,2.0805647594666459e-07,True,1.0,1.0,1.0,1.0,1.0,True
EXP-EMBED-FP32-EQUIV-001,GOLD-MODEL-C1-B6-R01896,F055,0.05985405956958087,0.059854053,6.569580872362035e-09,1.0975998820472386e-07,True,1.0,1.0,1.0,1.0,1.0,True
EXP-EMBED-FP32-EQUIV-001,GOLD-MODEL-C1-B6-R01896,F056,-0.00777697183528447,-0.00777697191,7.471553063742586e-11,9.60727802799004e-09,True,1.0,1.0,1.0,1.0,1.0,True
EXP-EMBED-FP32-EQUIV-001,GOLD-MODEL-C1-B6-R01896,F057,-0.05925861970214473,-0.0592586175,2.2021447304565456e-09,3.7161593393928546e-08,True,1.0,1.0,1.0,1.0,1.0,True
EXP-EMBED-FP32-EQUIV-001,GOLD-MODEL-C1-B6-R01896,F058,5.383497415900837e-05,5.38351997e-05,2.2554099163112334e-10,4.189488249125181e-06,True,1.0,1.0,1.0,1.0,1.0,True
EXP-EMBED-FP32-EQUIV-001,GOLD-MODEL-C1-B6-R01896,F059,0.040794535573772744,0.0407945588,2.3226227253980714e-08,5.693465295610109e-07,True,1.0,1.0,1.0,1.0,1.0,True
EXP-EMBED-FP32-EQUIV-001,GOLD-MODEL-C1-B6-R01896,F060,0.10193853087538389,0.101938538,7.124616105413928e-09,6.989129668862414e-08,True,1.0,1.0,1.0,1.0,1.0,True
EXP-EMBED-FP32-EQUIV-001,GOLD-MODEL-C1-B6-R01896,F061,-0.09003543798862151,-0.090035446,8.011378491157295e-09,8.898028010003968e-08,True,1.0,1.0,1.0,1.0,1.0,True
EXP-EMBED-FP32-EQUIV-001,GOLD-MODEL-C1-B6-R01896,F062,-0.061884718840969195,-0.0618847162,2.6409691933348967e-09,4.2675627243643715e-08,True,1.0,1.0,1.0,1.0,1.0,True
EXP-EMBED-FP32-EQUIV-001,GOLD-MODEL-C1-B6-R01896,F063,0.0330699077845762,0.0330699123,4.515423798756579e-09,1.3654177169682258e-07,True,1.0,1.0,1.0,1.0,1.0,True
EXP-EMBED-FP32-EQUIV-001,GOLD-MODEL-C1-B6-R01896,F064,0.10524739036708208,0.105247393,2.6329179114714663e-09,2.501646741347571e-08,True,1.0,1.0,1.0,1.0,1.0,True
EXP-EMBED-FP32-EQUIV-001,GOLD-MODEL-C1-B6-R01896,F065,-0.551623038919685,-0.551622987,5.191968499573818e-08,9.412167609500002e-08,True,1.0,1.0,1.0,1.0,1.0,True
EXP-EMBED-FP32-EQUIV-001,GOLD-MODEL-C1-B6-R01896,F066,0.10323859947517972,0.103238605,5.524820281821441e-09,5.3515064228953436e-08,True,1.0,1.0,1.0,1.0,1.0,True
EXP-EMBED-FP32-EQUIV-001,GOLD-MODEL-C1-B6-R01896,F067,0.09789736531381411,0.0978973657,3.861858888232206e-10,3.944803699111672e-09,True,1.0,1.0,1.0,1.0,1.0,True
EXP-EMBED-FP32-EQUIV-001,GOLD-MODEL-C1-B6-R01896,F068,0.07168375115582301,0.071683757,5.844176989566741e-09,8.152722053932311e-08,True,1.0,1.0,1.0,1.0,1.0,True
EXP-EMBED-FP32-EQUIV-001,GOLD-MODEL-C1-B6-R01896,F069,0.07666769566117368,0.0766676962,5.388263168981666e-10,7.028075022359657e-09,True,1.0,1.0,1.0,1.0,1.0,True
EXP-EMBED-FP32-EQUIV-001,GOLD-MODEL-C1-B6-R01896,F070,0.07803536385533667,0.0780353695,5.644663333970179e-09,7.233468334221335e-08,True,1.0,1.0,1.0,1.0,1.0,True
EXP-EMBED-FP32-EQUIV-001,GOLD-MODEL-C1-B6-R01896,F071,0.0891254540511225,0.0891254395,1.4551122501371694e-08,1.6326561986461406e-07,True,1.0,1.0,1.0,1.0,1.0,True
EXP-EMBED-FP32-EQUIV-001,GOLD-MODEL-C1-B6-R01896,F072,0.07566278624143831,0.0756627917,5.458561685989238e-09,7.214328148808962e-08,True,1.0,1.0,1.0,1.0,1.0,True
EXP-EMBED-FP32-EQUIV-001,GOLD-MODEL-C1-B6-R01896,F073,-0.2472466438553141,-0.247246653,9.144685897410909e-09,3.69860870700525e-08,True,1.0,1.0,1.0,1.0,1.0,True
EXP-EMBED-FP32-EQUIV-001,GOLD-MODEL-C1-B6-R01896,F074,0.09253962555904491,0.0925396234,2.1590449011954504e-09,2.333103130850548e-08,True,1.0,1.0,1.0,1.0,1.0,True
EXP-EMBED-FP32-EQUIV-001,GOLD-MODEL-C1-B6-R01896,F075,0.07650497257975185,0.0765049756,3.0202481487995314e-09,3.9477801859887e-08,True,1.0,1.0,1.0,1.0,1.0,True
EXP-EMBED-FP32-EQUIV-001,GOLD-MODEL-C1-B6-R01896,F076,0.06803157463862487,0.0680315718,2.83862487682196e-09,4.172510914087138e-08,True,1.0,1.0,1.0,1.0,1.0,True
EXP-EMBED-FP32-EQUIV-001,GOLD-MODEL-C1-B6-R01896,F077,-0.010032341657913696,-0.0100323418,1.4208630452761106e-10,1.4162825526932764e-08,True,1.0,1.0,1.0,1.0,1.0,True
EXP-EMBED-FP32-EQUIV-001,GOLD-MODEL-C1-B6-R01896,F078,-0.0013120040092786656,-0.00131200405,4.0721334507512474e-11,3.103750767492006e-08,True,1.0,1.0,1.0,1.0,1.0,True
EXP-EMBED-FP32-EQUIV-001,GOLD-MODEL-C1-B6-R01896,F079,0.08093125057126235,0.0809312537,3.1287376439648185e-09,3.8659202988712906e-08,True,1.0,1.0,1.0,1.0,1.0,True
EXP-EMBED-FP32-EQUIV-001,GOLD-MODEL-C1-B6-R01896,F080,0.15490300101703391,0.154902995,6.017033926664084e-09,3.884388221763644e-08,True,1.0,1.0,1.0,1.0,1.0,True
EXP-EMBED-FP32-EQUIV-001,GOLD-MODEL-C1-B6-R01896,F081,0.0744187221698543,0.0744187087,1.3469854301395578e-08,1.810008813461188e-07,True,1.0,1.0,1.0,1.0,1.0,True
EXP-EMBED-FP32-EQUIV-001,GOLD-MODEL-C1-B6-R01896,F082,0.05592466259325295,0.0559246764,1.3806747051203772e-08,2.4688118642077406e-07,True,1.0,1.0,1.0,1.0,1.0,True
EXP-EMBED-FP32-EQUIV-001,GOLD-MODEL-C1-B6-R01896,F083,0.006341828791426234,0.0063418285,2.9142623470673756e-10,4.595302779235038e-08,True,1.0,1.0,1.0,1.0,1.0,True
EXP-EMBED-FP32-EQUIV-001,GOLD-MODEL-C1-B6-R01896,F084,-0.001059376452339145,-0.0010593764,5.233914495382519e-11,4.940561482016925e-08,True,1.0,1.0,1.0,1.0,1.0,True
EXP-EMBED-FP32-EQUIV-001,GOLD-MODEL-C1-B6-R01896,F085,-0.003858855888126445,-0.00385885569,1.9812644493771847e-10,5.134331280609523e-08,True,1.0,1.0,1.0,1.0,1.0,True
EXP-EMBED-FP32-EQUIV-001,GOLD-MODEL-C1-B6-R01896,F086,0.007257185805324944,0.00725718588,7.467505606928437e-11,1.0289809035134765e-08,True,1.0,1.0,1.0,1.0,1.0,True
EXP-EMBED-FP32-EQUIV-001,GOLD-MODEL-C1-B6-R01896,F087,-0.013066242043568918,-0.0130662424,3.5643108256544487e-10,2.727877544108996e-08,True,1.0,1.0,1.0,1.0,1.0,True
EXP-EMBED-FP32-EQUIV-001,GOLD-MODEL-C1-B6-R01896,F088,0.022401806997574786,0.0224017836,2.3397574787364928e-08,1.0444503333993522e-06,True,1.0,1.0,1.0,1.0,1.0,True
EXP-EMBED-FP32-EQUIV-001,GOLD-MODEL-C1-B6-R01896,F089,0.039578522722436026,0.0395785309,8.177563973199575e-09,2.0661620016868212e-07,True,1.0,1.0,1.0,1.0,1.0,True
EXP-EMBED-FP32-EQUIV-001,GOLD-MODEL-C1-B6-R01896,F090,0.01889979582607378,0.018899776,1.982607377923329e-08,1.0490099449583279e-06,True,1.0,1.0,1.0,1.0,1.0,True
EXP-EMBED-FP32-EQUIV-001,GOLD-MODEL-C1-B6-R01896,F091,-0.002067850249380593,-0.00206784997,2.7938059287899164e-10,1.3510678201319351e-07,True,1.0,1.0,1.0,1.0,1.0,True
EXP-EMBED-FP32-EQUIV-001,GOLD-MODEL-C1-B6-R01896,F092,-0.004537279983909324,-0.00453727925,7.339093239383532e-10,1.6175094473804465e-07,True,1.0,1.0,1.0,1.0,1.0,True
EXP-EMBED-FP32-EQUIV-001,GOLD-MODEL-C1-B6-R01896,F093,0.008113260880745196,0.00811326131,4.292548035772503e-10,5.29078024097536e-08,True,1.0,1.0,1.0,1.0,1.0,True
EXP-EMBED-FP32-EQUIV-001,GOLD-MODEL-C1-B6-R01896,F094,0.005274493775868762,0.00527449371,6.586876270114894e-11,1.2488167680186463e-08,True,1.0,1.0,1.0,1.0,1.0,True
EXP-EMBED-FP32-EQUIV-001,GOLD-MODEL-C1-B6-R01896,F095,0.022273309891100237,0.0222733077,2.1911002352770215e-09,9.837335564358672e-08,True,1.0,1.0,1.0,1.0,1.0,True
EXP-EMBED-FP32-EQUIV-001,GOLD-MODEL-C1-B6-R01896,F096,-0.007569951795262248,-0.00756997336,2.1564737752444163e-08,2.8487285435477587e-06,True,1.0,1.0,1.0,1.0,1.0,True
EXP-EMBED-FP32-EQUIV-001,GOLD-MODEL-C1-B6-R01896,F097,-0.1403410548323567,-0.140341043,1.183235670554339e-08,8.4311442005888e-08,True,1.0,1.0,1.0,1.0,1.0,True
EXP-EMBED-FP32-EQUIV-001,GOLD-MODEL-C1-B6-R01896,F098,0.07173553987540898,0.0717355236,1.6275408978860817e-08,2.2688069271003066e-07,True,1.0,1.0,1.0,1.0,1.0,True
EXP-EMBED-FP32-EQUIV-001,GOLD-MODEL-C1-B6-R01896,F099,0.45518282920197756,0.45518288,5.079802245511189e-08,1.1159916235014956e-07,True,1.0,1.0,1.0,1.0,1.0,True
EXP-EMBED-FP32-EQUIV-001,GOLD-MODEL-C1-B6-R01896,F100,0.7559303942576586,0.755930364,3.025765860087404e-08,4.0027043271077584e-08,True,1.0,1.0,1.0,1.0,1.0,True
EXP-EMBED-FP32-EQUIV-001,GOLD-MODEL-C1-B6-R01896,F101,-0.0387245807086461,-0.0387245752,5.508646101770598e-09,1.4225192373847118e-07,True,1.0,1.0,1.0,1.0,1.0,True
EXP-EMBED-FP32-EQUIV-001,GOLD-MODEL-C1-B6-R01896,F102,-0.03668912306489611,-0.0366891213,1.7648961112004535e-09,4.8104069101861235e-08,True,1.0,1.0,1.0,1.0,1.0,True
EXP-EMBED-FP32-EQUIV-001,GOLD-MODEL-C1-B6-R01896,F103,-0.027616113296483374,-0.027616106,7.2964833723598854e-09,2.642110891574672e-07,True,1.0,1.0,1.0,1.0,1.0,True
EXP-EMBED-FP32-EQUIV-001,GOLD-MODEL-C1-B6-R01896,F104,-0.055021101851620534,-0.0550211258,2.394837946700923e-08,4.352580857357708e-07,True,1.0,1.0,1.0,1.0,1.0,True
EXP-EMBED-FP32-EQUIV-001,GOLD-MODEL-C1-B6-R01896,F105,-0.1777519509154642,-0.177751884,6.691546419745897e-08,3.7645417590540444e-07,True,1.0,1.0,1.0,1.0,1.0,True
EXP-EMBED-FP32-EQUIV-001,GOLD-MODEL-C1-B6-R01896,F106,0.0982704693951093,0.0982704237,4.5695109307519743e-08,4.649932944127555e-07,True,1.0,1.0,1.0,1.0,1.0,True
EXP-EMBED-FP32-EQUIV-001,GOLD-MODEL-C1-B6-R01896,F107,0.38626821738787603,0.386268198,1.9387876026843998e-08,5.019278095918366e-08,True,1.0,1.0,1.0,1.0,1.0,True
EXP-EMBED-FP32-EQUIV-001,GOLD-MODEL-C1-B6-R01896,F108,0.34322996304707837,0.343229949,1.4047078389367584e-08,4.0926142533310384e-08,True,1.0,1.0,1.0,1.0,1.0,True
EXP-EMBED-FP32-EQUIV-001,GOLD-MODEL-C1-B6-R01896,F109,-0.12441789623751197,-0.124417894,2.237511967373429e-09,1.798384344244216e-08,True,1.0,1.0,1.0,1.0,1.0,True
EXP-EMBED-FP32-EQUIV-001,GOLD-MODEL-C1-B6-R01896,F110,-0.11463111768602242,-0.114631109,8.686022429094109e-09,7.577368697464285e-08,True,1.0,1.0,1.0,1.0,1.0,True
EXP-EMBED-FP32-EQUIV-001,GOLD-MODEL-C1-B6-R01896,F111,-0.11057343286754917,-0.110573478,4.513245083215267e-08,4.08167221200546e-07,True,1.0,1.0,1.0,1.0,1.0,True
EXP-EMBED-FP32-EQUIV-001,GOLD-MODEL-C1-B6-R01896,F112,-0.0016197618335035081,-0.00161975343,8.403503508076088e-09,5.188110581602914e-06,True,1.0,1.0,1.0,1.0,1.0,True
EXP-EMBED-FP32-EQUIV-001,GOLD-MODEL-C1-B6-R01896,F113,-0.01564493490776949,-0.0156449378,2.8922305106426904e-09,1.8486689319534138e-07,True,1.0,1.0,1.0,1.0,1.0,True
EXP-EMBED-FP32-EQUIV-001,GOLD-MODEL-C1-B6-R01896,F114,0.0024177499584260914,0.00241775368,3.7215739084189847e-09,1.5392716254420526e-06,True,1.0,1.0,1.0,1.0,1.0,True
EXP-EMBED-FP32-EQUIV-001,GOLD-MODEL-C1-B6-R01896,F115,0.004005426008002512,0.00400542095,5.058002512485504e-09,1.2627876541421638e-06,True,1.0,1.0,1.0,1.0,1.0,True
EXP-EMBED-FP32-EQUIV-001,GOLD-MODEL-C1-B6-R01896,F116,0.04181711084412784,0.0418171175,6.655872158978227e-09,1.5916623661036296e-07,True,1.0,1.0,1.0,1.0,1.0,True
EXP-EMBED-FP32-EQUIV-001,GOLD-MODEL-C1-B6-R01896,F117,-0.04581798597683344,-0.0458179787,7.276833441371977e-09,1.58820456338943e-07,True,1.0,1.0,1.0,1.0,1.0,True
EXP-EMBED-FP32-EQUIV-001,GOLD-MODEL-C1-B6-R01896,F118,-0.02661518347326053,-0.0266151819,1.573260528797693e-09,5.911139144985795e-08,True,1.0,1.0,1.0,1.0,1.0,True
EXP-EMBED-FP32-EQUIV-001,GOLD-MODEL-C1-B6-R01896,F119,0.003967077617013052,0.00396707607,1.5470130523831394e-09,3.899628899996008e-07,True,1.0,1.0,1.0,1.0,1.0,True
EXP-EMBED-FP32-EQUIV-001,GOLD-MODEL-C1-B6-R01896,F120,-0.017491836359567765,-0.0174918473,1.094043223376362e-08,6.254593290760676e-07,True,1.0,1.0,1.0,1.0,1.0,True
EXP-EMBED-FP32-EQUIV-001,GOLD-MODEL-C1-B6-R01896,F121,-0.03751996759116675,-0.0375199765,8.908833254439585e-09,2.3744245601472678e-07,True,1.0,1.0,1.0,1.0,1.0,True
EXP-EMBED-FP32-EQUIV-001,GOLD-MODEL-C1-B6-R01896,F122,-0.006461091076330444,-0.00646109087,2.0633044404971823e-10,3.193430360478728e-08,True,1.0,1.0,1.0,1.0,1.0,True
EXP-EMBED-FP32-EQUIV-001,GOLD-MODEL-C1-B6-R01896,F123,0.017084782613629515,0.0170847811,1.5136295133943989e-09,8.859518716889552e-08,True,1.0,1.0,1.0,1.0,1.0,True
EXP-EMBED-FP32-EQUIV-001,GOLD-MODEL-C1-B6-R01896,F124,0.035115098106506974,0.035115093,5.1065069742173286e-09,1.454219765734065e-07,True,1.0,1.0,1.0,1.0,1.0,True
EXP-EMBED-FP32-EQUIV-001,GOLD-MODEL-C1-B6-R01896,F125,-0.04685148122342724,-0.0468514785,2.7234272406695403e-09,5.812894639727504e-08,True,1.0,1.0,1.0,1.0,1.0,True
EXP-EMBED-FP32-EQUIV-001,GOLD-MODEL-C1-B6-R01896,F126,-0.03846337826035382,-0.0384633765,1.7603538210453351e-09,4.576701009281398e-08,True,1.0,1.0,1.0,1.0,1.0,True
EXP-EMBED-FP32-EQUIV-001,GOLD-MODEL-C1-B6-R01896,F127,0.0016763945799786152,0.00167639472,1.4002138489475902e-10,8.352531472426091e-08,True,1.0,1.0,1.0,1.0,1.0,True
EXP-EMBED-FP32-EQUIV-001,GOLD-MODEL-C1-B10-R00000,F000,0.057197135685848687,0.0571971349,7.858486847367452e-10,1.3739301370840748e-08,True,1.0,1.0,1.0,1.0,1.0,True
EXP-EMBED-FP32-EQUIV-001,GOLD-MODEL-C1-B10-R00000,F001,-0.041617185331088255,-0.0416171923,6.9689117462856665e-09,1.674527407570702e-07,True,1.0,1.0,1.0,1.0,1.0,True
EXP-EMBED-FP32-EQUIV-001,GOLD-MODEL-C1-B10-R00000,F002,0.06239501991420709,0.062395025,5.085792911807552e-09,8.150959674026064e-08,True,1.0,1.0,1.0,1.0,1.0,True
EXP-EMBED-FP32-EQUIV-001,GOLD-MODEL-C1-B10-R00000,F003,0.06743823024707243,0.0674382225,7.747072428010426e-09,1.1487656778102855e-07,True,1.0,1.0,1.0,1.0,1.0,True
EXP-EMBED-FP32-EQUIV-001,GOLD-MODEL-C1-B10-R00000,F004,0.05321650235004208,0.0532164983,4.0500420794842285e-09,7.610500315943868e-08,True,1.0,1.0,1.0,1.0,1.0,True
EXP-EMBED-FP32-EQUIV-001,GOLD-MODEL-C1-B10-R00000,F005,0.008113271166019113,0.00811327156,3.939808861097571e-10,4.856005402110444e-08,True,1.0,1.0,1.0,1.0,1.0,True
EXP-EMBED-FP32-EQUIV-001,GOLD-MODEL-C1-B10-R00000,F006,0.019445250107821672,0.0194452517,1.5921783266814593e-09,8.188006417263927e-08,True,1.0,1.0,1.0,1.0,1.0,True
EXP-EMBED-FP32-EQUIV-001,GOLD-MODEL-C1-B10-R00000,F007,0.09292997551213913,0.0929299667,8.812139129510399e-09,9.482558325176033e-08,True,1.0,1.0,1.0,1.0,1.0,True
EXP-EMBED-FP32-EQUIV-001,GOLD-MODEL-C1-B10-R00000,F008,0.10315487118114888,0.103154875,3.81885111033764e-09,3.702056012101849e-08,True,1.0,1.0,1.0,1.0,1.0,True
EXP-EMBED-FP32-EQUIV-001,GOLD-MODEL-C1-B10-R00000,F009,-0.016366948763879192,-0.0163669549,6.136120809380197e-09,3.749092697670211e-07,True,1.0,1.0,1.0,1.0,1.0,True
EXP-EMBED-FP32-EQUIV-001,GOLD-MODEL-C1-B10-R00000,F010,0.12822241371830928,0.128222421,7.281690722615863e-09,5.678953087416485e-08,True,1.0,1.0,1.0,1.0,1.0,True
EXP-EMBED-FP32-EQUIV-001,GOLD-MODEL-C1-B10-R00000,F011,0.15553492512647862,0.155534923,2.126478632069606e-09,1.3672033019853169e-08,True,1.0,1.0,1.0,1.0,1.0,True
EXP-EMBED-FP32-EQUIV-001,GOLD-MODEL-C1-B10-R00000,F012,0.1156280530391449,0.115628056,2.9608551027626717e-09,2.560671934656116e-08,True,1.0,1.0,1.0,1.0,1.0,True
EXP-EMBED-FP32-EQUIV-001,GOLD-MODEL-C1-B10-R00000,F013,0.06329968654915039,0.0632996857,8.491503888929941e-10,1.3414764514412773e-08,True,1.0,1.0,1.0,1.0,1.0,True
EXP-EMBED-FP32-EQUIV-001,GOLD-MODEL-C1-B10-R00000,F014,0.0819393070865401,0.0819393098,2.7134599012157423e-09,3.3115485079095495e-08,True,1.0,1.0,1.0,1.0,1.0,True
EXP-EMBED-FP32-EQUIV-001,GOLD-MODEL-C1-B10-R00000,F015,0.13163493849682797,0.131634936,2.496827966602666e-09,1.8967821120399828e-08,True,1.0,1.0,1.0,1.0,1.0,True
EXP-EMBED-FP32-EQUIV-001,GOLD-MODEL-C1-B10-R00000,F016,0.3844212118430231,0.384421229,1.715697689474993e-08,4.4630671685609056e-08,True,1.0,1.0,1.0,1.0,1.0,True
EXP-EMBED-FP32-EQUIV-001,GOLD-MODEL-C1-B10-R00000,F017,0.21876423523623673,0.218764231,4.236236722521269e-09,1.9364393443684652e-08,True,1.0,1.0,1.0,1.0,1.0,True
EXP-EMBED-FP32-EQUIV-001,GOLD-MODEL-C1-B10-R00000,F018,0.16376642137219236,0.163766429,7.627807635524064e-09,4.657736043574114e-08,True,1.0,1.0,1.0,1.0,1.0,True
EXP-EMBED-FP32-EQUIV-001,GOLD-MODEL-C1-B10-R00000,F019,0.014154459117279793,0.0141544584,7.17279792852854e-10,5.067518206875156e-08,True,1.0,1.0,1.0,1.0,1.0,True
EXP-EMBED-FP32-EQUIV-001,GOLD-MODEL-C1-B10-R00000,F020,0.002631340662538987,0.00263134041,2.525389871180228e-10,9.597350533638139e-08,True,1.0,1.0,1.0,1.0,1.0,True
EXP-EMBED-FP32-EQUIV-001,GOLD-MODEL-C1-B10-R00000,F021,-0.05415107554658717,-0.0541510768,1.2534128318586468e-09,2.3146591627350275e-08,True,1.0,1.0,1.0,1.0,1.0,True
EXP-EMBED-FP32-EQUIV-001,GOLD-MODEL-C1-B10-R00000,F022,-0.0024492934158159667,-0.00244929339,2.58159665519897e-11,1.0540169007635727e-08,True,1.0,1.0,1.0,1.0,1.0,True
EXP-EMBED-FP32-EQUIV-001,GOLD-MODEL-C1-B10-R00000,F023,0.0240788292860706,0.0240788274,1.8860706017809203e-09,7.832899927871477e-08,True,1.0,1.0,1.0,1.0,1.0,True
EXP-EMBED-FP32-EQUIV-001,GOLD-MODEL-C1-B10-R00000,F024,0.641276560959685,0.641276538,2.295968504206769e-08,3.580309407801838e-08,True,1.0,1.0,1.0,1.0,1.0,True
EXP-EMBED-FP32-EQUIV-001,GOLD-MODEL-C1-B10-R00000,F025,0.3915270271183295,0.391527027,1.1832945734369105e-10,3.0222551483764836e-10,True,1.0,1.0,1.0,1.0,1.0,True
EXP-EMBED-FP32-EQUIV-001,GOLD-MODEL-C1-B10-R00000,F026,0.2497023803635441,0.249702379,1.3635441109549618e-09,5.460677262947052e-09,True,1.0,1.0,1.0,1.0,1.0,True
EXP-EMBED-FP32-EQUIV-001,GOLD-MODEL-C1-B10-R00000,F027,0.05985058997226033,0.0598505922,2.227739666349482e-09,3.7221682649778375e-08,True,1.0,1.0,1.0,1.0,1.0,True
EXP-EMBED-FP32-EQUIV-001,GOLD-MODEL-C1-B10-R00000,F028,0.007702528358466914,0.0077025285,1.4153308559861077e-10,1.837488666212208e-08,True,1.0,1.0,1.0,1.0,1.0,True
EXP-EMBED-FP32-EQUIV-001,GOLD-MODEL-C1-B10-R00000,F029,0.022220403091820332,0.0222204011,1.991820333668848e-09,8.963925296216013e-08,True,1.0,1.0,1.0,1.0,1.0,True
EXP-EMBED-FP32-EQUIV-001,GOLD-MODEL-C1-B10-R00000,F030,0.07594026873923791,0.0759402588,9.939237918810129e-09,1.3088231163546806e-07,True,1.0,1.0,1.0,1.0,1.0,True
EXP-EMBED-FP32-EQUIV-001,GOLD-MODEL-C1-B10-R00000,F031,0.11287752407544453,0.112877533,8.924555469635997e-09,7.906406118255258e-08,True,1.0,1.0,1.0,1.0,1.0,True
EXP-EMBED-FP32-EQUIV-001,GOLD-MODEL-C1-B10-R00000,F032,-0.08530292659166575,-0.0853029341,7.50833425988695e-09,8.801965606442076e-08,True,1.0,1.0,1.0,1.0,1.0,True
EXP-EMBED-FP32-EQUIV-001,GOLD-MODEL-C1-B10-R00000,F033,-0.48198925293024575,-0.481989205,4.7930245772320745e-08,9.944256117938233e-08,True,1.0,1.0,1.0,1.0,1.0,True
EXP-EMBED-FP32-EQUIV-001,GOLD-MODEL-C1-B10-R00000,F034,-0.016129800924977386,-0.0161298029,1.975022614203459e-09,1.2244556664956037e-07,True,1.0,1.0,1.0,1.0,1.0,True
EXP-EMBED-FP32-EQUIV-001,GOLD-MODEL-C1-B10-R00000,F035,0.048289094125457344,0.0482891016,7.47454265842551e-09,1.5478738613332226e-07,True,1.0,1.0,1.0,1.0,1.0,True
EXP-EMBED-FP32-EQUIV-001,GOLD-MODEL-C1-B10-R00000,F036,-0.301129612008065,-0.301129639,2.6991935020426183e-08,8.963560521475143e-08,True,1.0,1.0,1.0,1.0,1.0,True
EXP-EMBED-FP32-EQUIV-001,GOLD-MODEL-C1-B10-R00000,F037,0.02166098132136624,0.0216609798,1.5213662378499304e-09,7.023533307557334e-08,True,1.0,1.0,1.0,1.0,1.0,True
EXP-EMBED-FP32-EQUIV-001,GOLD-MODEL-C1-B10-R00000,F038,0.03865351892138604,0.038653519,7.861395562303031e-11,2.0338110944805894e-09,True,1.0,1.0,1.0,1.0,1.0,True
EXP-EMBED-FP32-EQUIV-001,GOLD-MODEL-C1-B10-R00000,F039,-0.011568045011106011,-0.0115680424,2.6111060102279593e-09,2.2571713783280947e-07,True,1.0,1.0,1.0,1.0,1.0,True
EXP-EMBED-FP32-EQUIV-001,GOLD-MODEL-C1-B10-R00000,F040,-0.1597718506477409,-0.15977186,9.352259078276859e-09,5.8535086376988744e-08,True,1.0,1.0,1.0,1.0,1.0,True
EXP-EMBED-FP32-EQUIV-001,GOLD-MODEL-C1-B10-R00000,F041,-0.5267061158013929,-0.5267061,1.580139297185923e-08,3.000039775087313e-08,True,1.0,1.0,1.0,1.0,1.0,True
EXP-EMBED-FP32-EQUIV-001,GOLD-MODEL-C1-B10-R00000,F042,-0.06255707878306055,-0.0625570789,1.1693944423907254e-10,1.8693239280658013e-09,True,1.0,1.0,1.0,1.0,1.0,True
EXP-EMBED-FP32-EQUIV-001,GOLD-MODEL-C1-B10-R00000,F043,-0.11052562829780783,-0.110525645,1.67021921709809e-08,1.5111601198934033e-07,True,1.0,1.0,1.0,1.0,1.0,True
EXP-EMBED-FP32-EQUIV-001,GOLD-MODEL-C1-B10-R00000,F044,0.1007994643281111,0.100799464,3.281110938502252e-10,3.255087673702261e-09,True,1.0,1.0,1.0,1.0,1.0,True
EXP-EMBED-FP32-EQUIV-001,GOLD-MODEL-C1-B10-R00000,F045,0.020394938165906637,0.0203949399,1.7340933619602872e-09,8.502567391251513e-08,True,1.0,1.0,1.0,1.0,1.0,True
EXP-EMBED-FP32-EQUIV-001,GOLD-MODEL-C1-B10-R00000,F046,0.029677133668792332,0.0296771321,1.5687923321516806e-09,5.286198962676035e-08,True,1.0,1.0,1.0,1.0,1.0,True
EXP-EMBED-FP32-EQUIV-001,GOLD-MODEL-C1-B10-R00000,F047,0.00845088356328144,0.00845088344,1.2328144061157786e-10,1.4587994224323242e-08,True,1.0,1.0,1.0,1.0,1.0,True
EXP-EMBED-FP32-EQUIV-001,GOLD-MODEL-C1-B10-R00000,F048,-0.14185641094526555,-0.141856402,8.945265556059567e-09,6.305859211051833e-08,True,1.0,1.0,1.0,1.0,1.0,True
EXP-EMBED-FP32-EQUIV-001,GOLD-MODEL-C1-B10-R00000,F049,-0.2180125966540041,-0.218012601,4.345995896493093e-09,1.993460911522643e-08,True,1.0,1.0,1.0,1.0,1.0,True
EXP-EMBED-FP32-EQUIV-001,GOLD-MODEL-C1-B10-R00000,F050,-0.03231959356270421,-0.0323195942,6.372957925271372e-10,1.9718558381333e-08,True,1.0,1.0,1.0,1.0,1.0,True
EXP-EMBED-FP32-EQUIV-001,GOLD-MODEL-C1-B10-R00000,F051,-0.10083305063405981,-0.100833058,7.365940191128573e-09,7.305085133108603e-08,True,1.0,1.0,1.0,1.0,1.0,True
EXP-EMBED-FP32-EQUIV-001,GOLD-MODEL-C1-B10-R00000,F052,-0.04798377030652673,-0.0479837619,8.406526731674635e-09,1.7519521033825855e-07,True,1.0,1.0,1.0,1.0,1.0,True
EXP-EMBED-FP32-EQUIV-001,GOLD-MODEL-C1-B10-R00000,F053,-0.323166560842871,-0.323166579,1.8157129022533525e-08,5.6185048896076306e-08,True,1.0,1.0,1.0,1.0,1.0,True
EXP-EMBED-FP32-EQUIV-001,GOLD-MODEL-C1-B10-R00000,F054,-0.2336644364813543,-0.233664438,1.5186457091864725e-09,6.499259074487597e-09,True,1.0,1.0,1.0,1.0,1.0,True
EXP-EMBED-FP32-EQUIV-001,GOLD-MODEL-C1-B10-R00000,F055,-0.05619198682988581,-0.0561919734,1.3429885814542075e-08,2.390000171234267e-07,True,1.0,1.0,1.0,1.0,1.0,True
EXP-EMBED-FP32-EQUIV-001,GOLD-MODEL-C1-B10-R00000,F056,-0.0640462182470773,-0.064046219,7.529226964120284e-10,1.1755927469556524e-08,True,1.0,1.0,1.0,1.0,1.0,True
EXP-EMBED-FP32-EQUIV-001,GOLD-MODEL-C1-B10-R00000,F057,-0.10328231279327602,-0.103282295,1.779327601925118e-08,1.7227805553565775e-07,True,1.0,1.0,1.0,1.0,1.0,True
EXP-EMBED-FP32-EQUIV-001,GOLD-MODEL-C1-B10-R00000,F058,0.004381718653343409,0.00438171858,7.334340860337685e-11,1.6738502493174268e-08,True,1.0,1.0,1.0,1.0,1.0,True
EXP-EMBED-FP32-EQUIV-001,GOLD-MODEL-C1-B10-R00000,F059,-0.08892484097894579,-0.0889248177,2.32789457849103e-08,2.61782259362397e-07,True,1.0,1.0,1.0,1.0,1.0,True
EXP-EMBED-FP32-EQUIV-001,GOLD-MODEL-C1-B10-R00000,F060,-0.028022859950240172,-0.0280228611,1.14975982901111e-09,4.1029353572502005e-08,True,1.0,1.0,1.0,1.0,1.0,True
EXP-EMBED-FP32-EQUIV-001,GOLD-MODEL-C1-B10-R00000,F061,-0.28519979512381943,-0.285199791,4.123819452583888e-09,1.4459405382088485e-08,True,1.0,1.0,1.0,1.0,1.0,True
EXP-EMBED-FP32-EQUIV-001,GOLD-MODEL-C1-B10-R00000,F062,-0.21158698189198163,-0.211586982,1.0801837202478737e-10,5.105152077831158e-10,True,1.0,1.0,1.0,1.0,1.0,True
EXP-EMBED-FP32-EQUIV-001,GOLD-MODEL-C1-B10-R00000,F063,-0.026135557598012362,-0.0261355583,7.019876381575418e-10,2.685948579918298e-08,True,1.0,1.0,1.0,1.0,1.0,True
EXP-EMBED-FP32-EQUIV-001,GOLD-MODEL-C1-B10-R00000,F064,0.15896965655813428,0.158969656,5.581342887861496e-10,3.5109485726418683e-09,True,1.0,1.0,1.0,1.0,1.0,True
EXP-EMBED-FP32-EQUIV-001,GOLD-MODEL-C1-B10-R00000,F065,0.11285731359622575,0.112857319,5.40377424751437e-09,4.7881471526494734e-08,True,1.0,1.0,1.0,1.0,1.0,True
EXP-EMBED-FP32-EQUIV-001,GOLD-MODEL-C1-B10-R00000,F066,0.14753896120524593,0.14753896,1.2052459308353747e-09,8.169001062429336e-09,True,1.0,1.0,1.0,1.0,1.0,True
EXP-EMBED-FP32-EQUIV-001,GOLD-MODEL-C1-B10-R00000,F067,0.14202203246110898,0.142022029,3.46110898274965e-09,2.4370225680986737e-08,True,1.0,1.0,1.0,1.0,1.0,True
EXP-EMBED-FP32-EQUIV-001,GOLD-MODEL-C1-B10-R00000,F068,0.10070951031980796,0.10070952,9.680192036842783e-09,9.611993947843517e-08,True,1.0,1.0,1.0,1.0,1.0,True
EXP-EMBED-FP32-EQUIV-001,GOLD-MODEL-C1-B10-R00000,F069,0.10794072333825164,0.107940726,2.661748363386174e-09,2.4659352661970842e-08,True,1.0,1.0,1.0,1.0,1.0,True
EXP-EMBED-FP32-EQUIV-001,GOLD-MODEL-C1-B10-R00000,F070,0.11219265450636437,0.112192653,1.5063643665769177e-09,1.342658637684222e-08,True,1.0,1.0,1.0,1.0,1.0,True
EXP-EMBED-FP32-EQUIV-001,GOLD-MODEL-C1-B10-R00000,F071,0.14811605623274848,0.148116052,4.232748485044624e-09,2.8577242688620564e-08,True,1.0,1.0,1.0,1.0,1.0,True
EXP-EMBED-FP32-EQUIV-001,GOLD-MODEL-C1-B10-R00000,F072,0.09193475472145111,0.0919347629,8.178548879800296e-09,8.896036003555027e-08,True,1.0,1.0,1.0,1.0,1.0,True
EXP-EMBED-FP32-EQUIV-001,GOLD-MODEL-C1-B10-R00000,F073,0.08586950324861392,0.0858694986,4.6486139243517854e-09,5.4135796161448295e-08,True,1.0,1.0,1.0,1.0,1.0,True
EXP-EMBED-FP32-EQUIV-001,GOLD-MODEL-C1-B10-R00000,F074,0.10543664165620723,0.105436653,1.1343792780116324e-08,1.0758871490904032e-07,True,1.0,1.0,1.0,1.0,1.0,True
EXP-EMBED-FP32-EQUIV-001,GOLD-MODEL-C1-B10-R00000,F075,0.08792876513297995,0.0879287645,6.329799462356789e-10,7.198781255239799e-09,True,1.0,1.0,1.0,1.0,1.0,True
EXP-EMBED-FP32-EQUIV-001,GOLD-MODEL-C1-B10-R00000,F076,0.07761534378383139,0.077615343,7.838313886843196e-10,1.009892310555745e-08,True,1.0,1.0,1.0,1.0,1.0,True
EXP-EMBED-FP32-EQUIV-001,GOLD-MODEL-C1-B10-R00000,F077,-0.011811394385144216,-0.0118113942,1.8514421593063268e-10,1.5675051555597692e-08,True,1.0,1.0,1.0,1.0,1.0,True
EXP-EMBED-FP32-EQUIV-001,GOLD-MODEL-C1-B10-R00000,F078,-0.001559113172241908,-0.00155911315,2.2241907968179042e-11,1.4265743093040871e-08,True,1.0,1.0,1.0,1.0,1.0,True
EXP-EMBED-FP32-EQUIV-001,GOLD-MODEL-C1-B10-R00000,F079,0.10126767439737426,0.101267666,8.397374254287548e-09,8.292255454920649e-08,True,1.0,1.0,1.0,1.0,1.0,True
EXP-EMBED-FP32-EQUIV-001,GOLD-MODEL-C1-B10-R00000,F080,0.5328395763764159,0.532839596,1.962358409102194e-08,3.6828315615128364e-08,True,1.0,1.0,1.0,1.0,1.0,True
EXP-EMBED-FP32-EQUIV-001,GOLD-MODEL-C1-B10-R00000,F081,0.30577774599441476,0.305777758,1.2005585248164863e-08,3.9262455837398166e-08,True,1.0,1.0,1.0,1.0,1.0,True
EXP-EMBED-FP32-EQUIV-001,GOLD-MODEL-C1-B10-R00000,F082,0.183106738532801,0.18310675,1.1467199023673658e-08,6.262576197663786e-08,True,1.0,1.0,1.0,1.0,1.0,True
EXP-EMBED-FP32-EQUIV-001,GOLD-MODEL-C1-B10-R00000,F083,0.01831171885338938,0.0183117185,3.5338938025875066e-10,1.92985368052077e-08,True,1.0,1.0,1.0,1.0,1.0,True
EXP-EMBED-FP32-EQUIV-001,GOLD-MODEL-C1-B10-R00000,F084,-0.01263399649339073,-0.0126339961,3.9339073144850634e-10,3.113747353454644e-08,True,1.0,1.0,1.0,1.0,1.0,True
EXP-EMBED-FP32-EQUIV-001,GOLD-MODEL-C1-B10-R00000,F085,-0.008042976183828954,-0.00804297533,8.538289537202148e-10,1.0615833420430936e-07,True,1.0,1.0,1.0,1.0,1.0,True
EXP-EMBED-FP32-EQUIV-001,GOLD-MODEL-C1-B10-R00000,F086,0.014943536760166859,0.0149435373,5.398331417300062e-10,3.6124857882972706e-08,True,1.0,1.0,1.0,1.0,1.0,True
EXP-EMBED-FP32-EQUIV-001,GOLD-MODEL-C1-B10-R00000,F087,0.10921719954383956,0.109217204,4.456160440646784e-09,4.080090369702338e-08,True,1.0,1.0,1.0,1.0,1.0,True
EXP-EMBED-FP32-EQUIV-001,GOLD-MODEL-C1-B10-R00000,F088,0.6181158473187546,0.618115842,5.318754547900539e-09,8.604785932883104e-09,True,1.0,1.0,1.0,1.0,1.0,True
EXP-EMBED-FP32-EQUIV-001,GOLD-MODEL-C1-B10-R00000,F089,0.2408469950195141,0.240847021,2.5980485901522243e-08,1.0787133092284267e-07,True,1.0,1.0,1.0,1.0,1.0,True
EXP-EMBED-FP32-EQUIV-001,GOLD-MODEL-C1-B10-R00000,F090,0.2330910124454446,0.233091027,1.4554555394230562e-08,6.244151261575167e-08,True,1.0,1.0,1.0,1.0,1.0,True
EXP-EMBED-FP32-EQUIV-001,GOLD-MODEL-C1-B10-R00000,F091,0.054974681454117436,0.0549746752,6.254117432269446e-09,1.1376359565610602e-07,True,1.0,1.0,1.0,1.0,1.0,True
EXP-EMBED-FP32-EQUIV-001,GOLD-MODEL-C1-B10-R00000,F092,0.003873746763955147,0.00387374707,3.060448530885218e-10,7.900486834509697e-08,True,1.0,1.0,1.0,1.0,1.0,True
EXP-EMBED-FP32-EQUIV-001,GOLD-MODEL-C1-B10-R00000,F093,0.028785132475852744,0.02878513,2.475852745043028e-09,8.601151122441315e-08,True,1.0,1.0,1.0,1.0,1.0,True
EXP-EMBED-FP32-EQUIV-001,GOLD-MODEL-C1-B10-R00000,F094,0.021127151463465343,0.0211271513,1.63465341956881e-10,7.737216360641782e-09,True,1.0,1.0,1.0,1.0,1.0,True
EXP-EMBED-FP32-EQUIV-001,GOLD-MODEL-C1-B10-R00000,F095,-0.021286841545369868,-0.0212868415,4.536986758507666e-11,2.1313574157245103e-09,True,1.0,1.0,1.0,1.0,1.0,True
EXP-EMBED-FP32-EQUIV-001,GOLD-MODEL-C1-B10-R00000,F096,-0.29306578345700185,-0.293065757,2.645700186709732e-08,9.02766660611509e-08,True,1.0,1.0,1.0,1.0,1.0,True
EXP-EMBED-FP32-EQUIV-001,GOLD-MODEL-C1-B10-R00000,F097,-0.6044158382110025,-0.604415834,4.211002546661291e-09,6.96706188098139e-09,True,1.0,1.0,1.0,1.0,1.0,True
EXP-EMBED-FP32-EQUIV-001,GOLD-MODEL-C1-B10-R00000,F098,-0.10787463155373639,-0.107874639,7.446263605714876e-09,6.902701310275728e-08,True,1.0,1.0,1.0,1.0,1.0,True
EXP-EMBED-FP32-EQUIV-001,GOLD-MODEL-C1-B10-R00000,F099,-0.0173018792173848,-0.0173018686,1.0617384801209218e-08,6.136550063614447e-07,True,1.0,1.0,1.0,1.0,1.0,True
EXP-EMBED-FP32-EQUIV-001,GOLD-MODEL-C1-B10-R00000,F100,0.5417747514825317,0.54177469,6.148253173243745e-08,1.1348356778198774e-07,True,1.0,1.0,1.0,1.0,1.0,True
EXP-EMBED-FP32-EQUIV-001,GOLD-MODEL-C1-B10-R00000,F101,-0.09257466529568634,-0.092574656,9.295686331789454e-09,1.0041285379859323e-07,True,1.0,1.0,1.0,1.0,1.0,True
EXP-EMBED-FP32-EQUIV-001,GOLD-MODEL-C1-B10-R00000,F102,-0.07711059285310666,-0.0771105886,4.253106658524963e-09,5.515593255296328e-08,True,1.0,1.0,1.0,1.0,1.0,True
EXP-EMBED-FP32-EQUIV-001,GOLD-MODEL-C1-B10-R00000,F103,-0.06920181295228559,-0.0692018047,8.252285590981678e-09,1.192495577633436e-07,True,1.0,1.0,1.0,1.0,1.0,True
EXP-EMBED-FP32-EQUIV-001,GOLD-MODEL-C1-B10-R00000,F104,-0.5026538572655365,-0.502653837,2.026553647116458e-08,4.031708138361888e-08,True,1.0,1.0,1.0,1.0,1.0,True
EXP-EMBED-FP32-EQUIV-001,GOLD-MODEL-C1-B10-R00000,F105,-0.823142442924288,-0.82314235,9.292428793106211e-08,1.1288968116009201e-07,True,1.0,1.0,1.0,1.0,1.0,True
EXP-EMBED-FP32-EQUIV-001,GOLD-MODEL-C1-B10-R00000,F106,-0.25182129262172276,-0.251821309,1.6378277234441185e-08,6.503928664620139e-08,True,1.0,1.0,1.0,1.0,1.0,True
EXP-EMBED-FP32-EQUIV-001,GOLD-MODEL-C1-B10-R00000,F107,-0.07378675388709811,-0.0737867504,3.4870981102663734e-09,4.725913428312646e-08,True,1.0,1.0,1.0,1.0,1.0,True
EXP-EMBED-FP32-EQUIV-001,GOLD-MODEL-C1-B10-R00000,F108,0.2930634724229569,0.293063432,4.0422956870678206e-08,1.37932429915178e-07,True,1.0,1.0,1.0,1.0,1.0,True
EXP-EMBED-FP32-EQUIV-001,GOLD-MODEL-C1-B10-R00000,F109,-0.26552004375265886,-0.265520036,7.752658848225735e-09,2.9198017364924836e-08,True,1.0,1.0,1.0,1.0,1.0,True
EXP-EMBED-FP32-EQUIV-001,GOLD-MODEL-C1-B10-R00000,F110,-0.22784708416633112,-0.227847084,1.6633111554753555e-10,7.300120436305949e-10,True,1.0,1.0,1.0,1.0,1.0,True
EXP-EMBED-FP32-EQUIV-001,GOLD-MODEL-C1-B10-R00000,F111,-0.08114727653679872,-0.0811473206,4.4063201282140696e-08,5.430028358642313e-07,True,1.0,1.0,1.0,1.0,1.0,True
EXP-EMBED-FP32-EQUIV-001,GOLD-MODEL-C1-B10-R00000,F112,0.1540402361172401,0.154040232,4.1172401044065055e-09,2.672834194614498e-08,True,1.0,1.0,1.0,1.0,1.0,True
EXP-EMBED-FP32-EQUIV-001,GOLD-MODEL-C1-B10-R00000,F113,-0.07862279485157236,-0.0786227956,7.484276393077138e-10,9.519219467084948e-09,True,1.0,1.0,1.0,1.0,1.0,True
EXP-EMBED-FP32-EQUIV-001,GOLD-MODEL-C1-B10-R00000,F114,0.10188581932692614,0.101885825,5.67307385790361e-09,5.568070115528181e-08,True,1.0,1.0,1.0,1.0,1.0,True
EXP-EMBED-FP32-EQUIV-001,GOLD-MODEL-C1-B10-R00000,F115,-0.07610071749575037,-0.0761007294,1.1904249627714414e-08,1.5642756099348436e-07,True,1.0,1.0,1.0,1.0,1.0,True
EXP-EMBED-FP32-EQUIV-001,GOLD-MODEL-C1-B10-R00000,F116,-0.05041259704439219,-0.0504125915,5.544392188416847e-09,1.0998029289255979e-07,True,1.0,1.0,1.0,1.0,1.0,True
EXP-EMBED-FP32-EQUIV-001,GOLD-MODEL-C1-B10-R00000,F117,-0.1432272543656767,-0.143227234,2.0365676700606627e-08,1.4219135031807956e-07,True,1.0,1.0,1.0,1.0,1.0,True
EXP-EMBED-FP32-EQUIV-001,GOLD-MODEL-C1-B10-R00000,F118,-0.07703090646653636,-0.0770309046,1.866536356032178e-09,2.423100599034279e-08,True,1.0,1.0,1.0,1.0,1.0,True
EXP-EMBED-FP32-EQUIV-001,GOLD-MODEL-C1-B10-R00000,F119,-0.013091468753490366,-0.0130914701,1.346509634694848e-09,1.028539776589888e-07,True,1.0,1.0,1.0,1.0,1.0,True
EXP-EMBED-FP32-EQUIV-001,GOLD-MODEL-C1-B10-R00000,F120,0.12424931002410503,0.124249317,6.975894972782726e-09,5.614433570238229e-08,True,1.0,1.0,1.0,1.0,1.0,True
EXP-EMBED-FP32-EQUIV-001,GOLD-MODEL-C1-B10-R00000,F121,-0.22310091417099517,-0.223100916,1.8290048364733025e-09,8.198105522200891e-09,True,1.0,1.0,1.0,1.0,1.0,True
EXP-EMBED-FP32-EQUIV-001,GOLD-MODEL-C1-B10-R00000,F122,0.05940877799111829,0.0594087802,2.208881709486743e-09,3.7181066235985776e-08,True,1.0,1.0,1.0,1.0,1.0,True
EXP-EMBED-FP32-EQUIV-001,GOLD-MODEL-C1-B10-R00000,F123,-0.08248887969499932,-0.0824888647,1.4994999325557146e-08,1.8178207027420907e-07,True,1.0,1.0,1.0,1.0,1.0,True
EXP-EMBED-FP32-EQUIV-001,GOLD-MODEL-C1-B10-R00000,F124,-0.009020948057777924,-0.00902094878,7.222220755470632e-10,8.006055138787307e-08,True,1.0,1.0,1.0,1.0,1.0,True
EXP-EMBED-FP32-EQUIV-001,GOLD-MODEL-C1-B10-R00000,F125,-0.20756165289095702,-0.207561642,1.0890957025111447e-08,5.247094958736446e-08,True,1.0,1.0,1.0,1.0,1.0,True
EXP-EMBED-FP32-EQUIV-001,GOLD-MODEL-C1-B10-R00000,F126,-0.1533758563299394,-0.153375849,7.329939377687111e-09,4.77906989605918e-08,True,1.0,1.0,1.0,1.0,1.0,True
EXP-EMBED-FP32-EQUIV-001,GOLD-MODEL-C1-B10-R00000,F127,-0.002707163283564984,-0.00270716357,2.8643501633063284e-10,1.058063316939771e-07,True,1.0,1.0,1.0,1.0,1.0,True
EXP-EMBED-FP32-EQUIV-001,GOLD-MODEL-C1-B10-R00009,F000,0.1797497328210091,0.179749727,5.8210090914112556e-09,3.238396519458358e-08,True,1.0,1.0,1.0,1.0,1.0,True
EXP-EMBED-FP32-EQUIV-001,GOLD-MODEL-C1-B10-R00009,F001,0.31205956974077076,0.312059551,1.8740770768577164e-08,6.005510673537492e-08,True,1.0,1.0,1.0,1.0,1.0,True
EXP-EMBED-FP32-EQUIV-001,GOLD-MODEL-C1-B10-R00009,F002,0.0953268857527988,0.0953268856,1.5279880138940882e-10,1.6028930367624293e-09,True,1.0,1.0,1.0,1.0,1.0,True
EXP-EMBED-FP32-EQUIV-001,GOLD-MODEL-C1-B10-R00009,F003,0.08123795082223703,0.081237942,8.822237038130787e-09,1.0859748367404538e-07,True,1.0,1.0,1.0,1.0,1.0,True
EXP-EMBED-FP32-EQUIV-001,GOLD-MODEL-C1-B10-R00009,F004,0.05815476319572027,0.0581547618,1.3957202685266346e-09,2.400010234465796e-08,True,1.0,1.0,1.0,1.0,1.0,True
EXP-EMBED-FP32-EQUIV-001,GOLD-MODEL-C1-B10-R00009,F005,0.16086935225527016,0.160869345,7.2552701624317706e-09,4.510038774146978e-08,True,1.0,1.0,1.0,1.0,1.0,True
EXP-EMBED-FP32-EQUIV-001,GOLD-MODEL-C1-B10-R00009,F006,0.12350939657033258,0.1235094,3.429667425058902e-09,2.77684736570296e-08,True,1.0,1.0,1.0,1.0,1.0,True
EXP-EMBED-FP32-EQUIV-001,GOLD-MODEL-C1-B10-R00009,F007,0.03466476481746117,0.034664765,1.8253883127261616e-10,5.26583209878489e-09,True,1.0,1.0,1.0,1.0,1.0,True
EXP-EMBED-FP32-EQUIV-001,GOLD-MODEL-C1-B10-R00009,F008,0.24659441240192567,0.246594414,1.5980743395260788e-09,6.480578063226218e-09,True,1.0,1.0,1.0,1.0,1.0,True
EXP-EMBED-FP32-EQUIV-001,GOLD-MODEL-C1-B10-R00009,F009,0.40520771622048124,0.405207723,6.779518779698179e-09,1.6730971569182344e-08,True,1.0,1.0,1.0,1.0,1.0,True
EXP-EMBED-FP32-EQUIV-001,GOLD-MODEL-C1-B10-R00009,F010,0.1104150829628576,0.110415086,3.0371423986874646e-09,2.7506589835277537e-08,True,1.0,1.0,1.0,1.0,1.0,True
EXP-EMBED-FP32-EQUIV-001,GOLD-MODEL-C1-B10-R00009,F011,0.07442975969605643,0.0744297579,1.7960564285823821e-09,2.4130891137050706e-08,True,1.0,1.0,1.0,1.0,1.0,True
EXP-EMBED-FP32-EQUIV-001,GOLD-MODEL-C1-B10-R00009,F012,0.06950035621750078,0.0695003569,6.824992238030347e-10,9.820082384429213e-09,True,1.0,1.0,1.0,1.0,1.0,True
EXP-EMBED-FP32-EQUIV-001,GOLD-MODEL-C1-B10-R00009,F013,0.20879285534266515,0.20879285,5.342665143626135e-09,2.558835231626053e-08,True,1.0,1.0,1.0,1.0,1.0,True
EXP-EMBED-FP32-EQUIV-001,GOLD-MODEL-C1-B10-R00009,F014,0.16859473602571295,0.168594733,3.0257129579602804e-09,1.7946663278376727e-08,True,1.0,1.0,1.0,1.0,1.0,True
EXP-EMBED-FP32-EQUIV-001,GOLD-MODEL-C1-B10-R00009,F015,0.048059102389771485,0.0480591021,2.897714845850885e-10,6.029481829164607e-09,True,1.0,1.0,1.0,1.0,1.0,True
EXP-EMBED-FP32-EQUIV-001,GOLD-MODEL-C1-B10-R00009,F016,0.1664210363760482,0.166421041,4.623951804783033e-09,2.7784659352407e-08,True,1.0,1.0,1.0,1.0,1.0,True
EXP-EMBED-FP32-EQUIV-001,GOLD-MODEL-C1-B10-R00009,F017,0.0029927857252631746,0.00299278763,1.904736825295711e-09,6.364427660881788e-07,True,1.0,1.0,1.0,1.0,1.0,True
EXP-EMBED-FP32-EQUIV-001,GOLD-MODEL-C1-B10-R00009,F018,0.029993274511334465,0.0299932715,3.011334463037807e-09,1.0040032347584533e-07,True,1.0,1.0,1.0,1.0,1.0,True
EXP-EMBED-FP32-EQUIV-001,GOLD-MODEL-C1-B10-R00009,F019,0.0034161861301385023,0.00341618643,2.9986149761157543e-10,8.777668610211767e-08,True,1.0,1.0,1.0,1.0,1.0,True
EXP-EMBED-FP32-EQUIV-001,GOLD-MODEL-C1-B10-R00009,F020,0.025181905689225778,0.0251819044,1.2892257782171068e-09,5.1196513644664685e-08,True,1.0,1.0,1.0,1.0,1.0,True
EXP-EMBED-FP32-EQUIV-001,GOLD-MODEL-C1-B10-R00009,F021,0.03541698384093511,0.0354169868,2.9590648889521454e-09,8.354931922610656e-08,True,1.0,1.0,1.0,1.0,1.0,True
EXP-EMBED-FP32-EQUIV-001,GOLD-MODEL-C1-B10-R00009,F022,0.01263866791369541,0.0126386639,4.013695410753915e-09,3.1757266178381244e-07,True,1.0,1.0,1.0,1.0,1.0,True
EXP-EMBED-FP32-EQUIV-001,GOLD-MODEL-C1-B10-R00009,F023,0.04742944210544264,0.0474294424,2.945573576718097e-10,6.210432688981778e-09,True,1.0,1.0,1.0,1.0,1.0,True
EXP-EMBED-FP32-EQUIV-001,GOLD-MODEL-C1-B10-R00009,F024,0.5031414993775141,0.503141463,3.637751411211809e-08,7.230076262269024e-08,True,1.0,1.0,1.0,1.0,1.0,True
EXP-EMBED-FP32-EQUIV-001,GOLD-MODEL-C1-B10-R00009,F025,-0.005700222362330554,-0.00570022641,4.047669446144431e-09,7.10089745426971e-07,True,1.0,1.0,1.0,1.0,1.0,True
EXP-EMBED-FP32-EQUIV-001,GOLD-MODEL-C1-B10-R00009,F026,0.10374335611629557,0.103743374,1.788370443400744e-08,1.7238409382052318e-07,True,1.0,1.0,1.0,1.0,1.0,True
EXP-EMBED-FP32-EQUIV-001,GOLD-MODEL-C1-B10-R00009,F027,0.02338319419677677,0.0233831927,1.4967767719697989e-09,6.401079165549249e-08,True,1.0,1.0,1.0,1.0,1.0,True
EXP-EMBED-FP32-EQUIV-001,GOLD-MODEL-C1-B10-R00009,F028,0.0896579590324846,0.0896579698,1.0767515407072992e-08,1.2009547756013204e-07,True,1.0,1.0,1.0,1.0,1.0,True
EXP-EMBED-FP32-EQUIV-001,GOLD-MODEL-C1-B10-R00009,F029,0.00034037142539590184,0.000340371014,4.1139590182832225e-10,1.2086675647046709e-06,True,1.0,1.0,1.0,1.0,1.0,True
EXP-EMBED-FP32-EQUIV-001,GOLD-MODEL-C1-B10-R00009,F030,-0.0041763777251578775,-0.00417638198,4.254842122727864e-09,1.0187876678628298e-06,True,1.0,1.0,1.0,1.0,1.0,True
EXP-EMBED-FP32-EQUIV-001,GOLD-MODEL-C1-B10-R00009,F031,0.10371586590224181,0.103715859,6.902241819761734e-09,6.654952701515788e-08,True,1.0,1.0,1.0,1.0,1.0,True
EXP-EMBED-FP32-EQUIV-001,GOLD-MODEL-C1-B10-R00009,F032,0.3142743852598347,0.314274371,1.4259834701935148e-08,4.5373836910524704e-08,True,1.0,1.0,1.0,1.0,1.0,True
EXP-EMBED-FP32-EQUIV-001,GOLD-MODEL-C1-B10-R00009,F033,0.09519904212382771,0.0951990783,3.6176172293900244e-08,3.8000563332186703e-07,True,1.0,1.0,1.0,1.0,1.0,True
EXP-EMBED-FP32-EQUIV-001,GOLD-MODEL-C1-B10-R00009,F034,0.05512183011304391,0.0551218241,6.013043910013671e-09,1.0908643449758678e-07,True,1.0,1.0,1.0,1.0,1.0,True
EXP-EMBED-FP32-EQUIV-001,GOLD-MODEL-C1-B10-R00009,F035,-0.055897280948030856,-0.0558972806,3.480308541359278e-10,6.226257310431631e-09,True,1.0,1.0,1.0,1.0,1.0,True
EXP-EMBED-FP32-EQUIV-001,GOLD-MODEL-C1-B10-R00009,F036,0.20420585765149032,0.204205871,1.3348509686483823e-08,6.536790785534258e-08,True,1.0,1.0,1.0,1.0,1.0,True
EXP-EMBED-FP32-EQUIV-001,GOLD-MODEL-C1-B10-R00009,F037,0.1749430509909431,0.174943089,3.8009056901877614e-08,2.1726531397834924e-07,True,1.0,1.0,1.0,1.0,1.0,True
EXP-EMBED-FP32-EQUIV-001,GOLD-MODEL-C1-B10-R00009,F038,0.16145206529691117,0.161452055,1.029691115705944e-08,6.377689339633636e-08,True,1.0,1.0,1.0,1.0,1.0,True
EXP-EMBED-FP32-EQUIV-001,GOLD-MODEL-C1-B10-R00009,F039,0.9117180392255648,0.911717951,8.82255648537722e-08,9.676847562291639e-08,True,1.0,1.0,1.0,1.0,1.0,True
EXP-EMBED-FP32-EQUIV-001,GOLD-MODEL-C1-B10-R00009,F040,0.040687190315340266,0.0406871699,2.041534026553382e-08,5.017633340446376e-07,True,1.0,1.0,1.0,1.0,1.0,True
EXP-EMBED-FP32-EQUIV-001,GOLD-MODEL-C1-B10-R00009,F041,0.11153231665726529,0.111532338,2.1342734704554722e-08,1.913591983401561e-07,True,1.0,1.0,1.0,1.0,1.0,True
EXP-EMBED-FP32-EQUIV-001,GOLD-MODEL-C1-B10-R00009,F042,0.0016422450439013744,0.00164224755,2.506098625712841e-09,1.5260199048975456e-06,True,1.0,1.0,1.0,1.0,1.0,True
EXP-EMBED-FP32-EQUIV-001,GOLD-MODEL-C1-B10-R00009,F043,0.006147795761456407,0.00614779908,3.3185435935681462e-09,5.397940534026437e-07,True,1.0,1.0,1.0,1.0,1.0,True
EXP-EMBED-FP32-EQUIV-001,GOLD-MODEL-C1-B10-R00009,F044,0.044038697407688863,0.0440386981,6.923111389722791e-10,1.572051808352093e-08,True,1.0,1.0,1.0,1.0,1.0,True
EXP-EMBED-FP32-EQUIV-001,GOLD-MODEL-C1-B10-R00009,F045,0.005588586401932152,0.00558858411,2.2919321518780067e-09,4.101094600748434e-07,True,1.0,1.0,1.0,1.0,1.0,True
EXP-EMBED-FP32-EQUIV-001,GOLD-MODEL-C1-B10-R00009,F046,0.03796450304702351,0.0379644856,1.744702350647831e-08,4.595614878684996e-07,True,1.0,1.0,1.0,1.0,1.0,True
EXP-EMBED-FP32-EQUIV-001,GOLD-MODEL-C1-B10-R00009,F047,0.11182078061562373,0.11182078,6.156237325471992e-10,5.505450142253644e-09,True,1.0,1.0,1.0,1.0,1.0,True
EXP-EMBED-FP32-EQUIV-001,GOLD-MODEL-C1-B10-R00009,F048,0.017754060188845667,0.0177540425,1.7688845665997377e-08,9.963267825976358e-07,True,1.0,1.0,1.0,1.0,1.0,True
EXP-EMBED-FP32-EQUIV-001,GOLD-MODEL-C1-B10-R00009,F049,0.17474692628728167,0.174746931,4.712718326693732e-09,2.696881957709565e-08,True,1.0,1.0,1.0,1.0,1.0,True
EXP-EMBED-FP32-EQUIV-001,GOLD-MODEL-C1-B10-R00009,F050,-0.010893305969946589,-0.0108933058,1.699465897869734e-10,1.5601011323452864e-08,True,1.0,1.0,1.0,1.0,1.0,True
EXP-EMBED-FP32-EQUIV-001,GOLD-MODEL-C1-B10-R00009,F051,-0.004636580696881996,-0.00463657873,1.966881995815739e-09,4.2420958986833255e-07,True,1.0,1.0,1.0,1.0,1.0,True
EXP-EMBED-FP32-EQUIV-001,GOLD-MODEL-C1-B10-R00009,F052,0.00022856730575833146,0.000228567311,5.241668535847788e-12,2.2932713488734486e-08,True,1.0,1.0,1.0,1.0,1.0,True
EXP-EMBED-FP32-EQUIV-001,GOLD-MODEL-C1-B10-R00009,F053,0.083395514101528,0.083395496,1.8101527998748423e-08,2.1705637519916388e-07,True,1.0,1.0,1.0,1.0,1.0,True
EXP-EMBED-FP32-EQUIV-001,GOLD-MODEL-C1-B10-R00009,F054,0.0360693861962747,0.0360693969,1.0703725301930422e-08,2.9675374134966343e-07,True,1.0,1.0,1.0,1.0,1.0,True
EXP-EMBED-FP32-EQUIV-001,GOLD-MODEL-C1-B10-R00009,F055,-0.0989299045289583,-0.0989299044,1.2895830237003025e-10,1.3035320612513295e-09,True,1.0,1.0,1.0,1.0,1.0,True
EXP-EMBED-FP32-EQUIV-001,GOLD-MODEL-C1-B10-R00009,F056,0.08196695616823513,0.0819669664,1.0231764865920034e-08,1.2482792266824686e-07,True,1.0,1.0,1.0,1.0,1.0,True
EXP-EMBED-FP32-EQUIV-001,GOLD-MODEL-C1-B10-R00009,F057,0.12383637812882173,0.123836368,1.0128821725796655e-08,8.179197323794524e-08,True,1.0,1.0,1.0,1.0,1.0,True
EXP-EMBED-FP32-EQUIV-001,GOLD-MODEL-C1-B10-R00009,F058,0.007640778574091236,0.00764077809,4.840912367146122e-10,6.335627083293512e-08,True,1.0,1.0,1.0,1.0,1.0,True
EXP-EMBED-FP32-EQUIV-001,GOLD-MODEL-C1-B10-R00009,F059,-0.0016412987278679625,-0.00164129888,1.5213203743633108e-10,9.26900355512672e-08,True,1.0,1.0,1.0,1.0,1.0,True
EXP-EMBED-FP32-EQUIV-001,GOLD-MODEL-C1-B10-R00009,F060,0.011015909285141463,0.0110159097,4.148585364127655e-10,3.765994487375973e-08,True,1.0,1.0,1.0,1.0,1.0,True
EXP-EMBED-FP32-EQUIV-001,GOLD-MODEL-C1-B10-R00009,F061,0.052598770703987406,0.0525987633,7.4039874092823865e-09,1.4076350664068096e-07,True,1.0,1.0,1.0,1.0,1.0,True
EXP-EMBED-FP32-EQUIV-001,GOLD-MODEL-C1-B10-R00009,F062,0.03304155883520799,0.0330415592,3.647920090998902e-10,1.104039948354918e-08,True,1.0,1.0,1.0,1.0,1.0,True
EXP-EMBED-FP32-EQUIV-001,GOLD-MODEL-C1-B10-R00009,F063,-0.005304244210172455,-0.00530424435,1.3982754537567033e-10,2.636144563395285e-08,True,1.0,1.0,1.0,1.0,1.0,True
EXP-EMBED-FP32-EQUIV-001,GOLD-MODEL-C1-B10-R00009,F064,0.22380080567856528,0.223800823,1.7321434730988017e-08,7.739665940195939e-08,True,1.0,1.0,1.0,1.0,1.0,True
EXP-EMBED-FP32-EQUIV-001,GOLD-MODEL-C1-B10-R00009,F065,0.361853096684786,0.361853123,2.631521400786596e-08,7.272347327951546e-08,True,1.0,1.0,1.0,1.0,1.0,True
EXP-EMBED-FP32-EQUIV-001,GOLD-MODEL-C1-B10-R00009,F066,0.10589988900566148,0.105899893,3.994338512725015e-09,3.7718061371258614e-08,True,1.0,1.0,1.0,1.0,1.0,True
EXP-EMBED-FP32-EQUIV-001,GOLD-MODEL-C1-B10-R00009,F067,0.08782194329711085,0.0878219455,2.2028891488723445e-09,2.5083584650589425e-08,True,1.0,1.0,1.0,1.0,1.0,True
EXP-EMBED-FP32-EQUIV-001,GOLD-MODEL-C1-B10-R00009,F068,0.07912898632234475,0.0791289955,9.177655246883631e-09,1.1598348056042277e-07,True,1.0,1.0,1.0,1.0,1.0,True
EXP-EMBED-FP32-EQUIV-001,GOLD-MODEL-C1-B10-R00009,F069,0.19369614688143566,0.193696156,9.118564348042923e-09,4.707664295265788e-08,True,1.0,1.0,1.0,1.0,1.0,True
EXP-EMBED-FP32-EQUIV-001,GOLD-MODEL-C1-B10-R00009,F070,0.1565162256828546,0.156516239,1.3317145414193376e-08,8.508475946243182e-08,True,1.0,1.0,1.0,1.0,1.0,True
EXP-EMBED-FP32-EQUIV-001,GOLD-MODEL-C1-B10-R00009,F071,0.05045234737743575,0.0504523441,3.2774357533460474e-09,6.496101616100114e-08,True,1.0,1.0,1.0,1.0,1.0,True
EXP-EMBED-FP32-EQUIV-001,GOLD-MODEL-C1-B10-R00009,F072,0.22520433258930175,0.225204349,1.6410698244762045e-08,7.287025989277805e-08,True,1.0,1.0,1.0,1.0,1.0,True
EXP-EMBED-FP32-EQUIV-001,GOLD-MODEL-C1-B10-R00009,F073,0.3349185820836275,0.334918559,2.308362750946813e-08,6.892310174567819e-08,True,1.0,1.0,1.0,1.0,1.0,True
EXP-EMBED-FP32-EQUIV-001,GOLD-MODEL-C1-B10-R00009,F074,0.10826393363687277,0.10826394,6.3631272334552236e-09,5.877421057688279e-08,True,1.0,1.0,1.0,1.0,1.0,True
EXP-EMBED-FP32-EQUIV-001,GOLD-MODEL-C1-B10-R00009,F075,0.09836125872375592,0.0983612537,5.0237559251486985e-09,5.1074538800461445e-08,True,1.0,1.0,1.0,1.0,1.0,True
EXP-EMBED-FP32-EQUIV-001,GOLD-MODEL-C1-B10-R00009,F076,0.07464129403460971,0.0746412873,6.734609717118367e-09,9.022632584579335e-08,True,1.0,1.0,1.0,1.0,1.0,True
EXP-EMBED-FP32-EQUIV-001,GOLD-MODEL-C1-B10-R00009,F077,0.20819793446854254,0.208197951,1.6531457452950704e-08,7.940260067973205e-08,True,1.0,1.0,1.0,1.0,1.0,True
EXP-EMBED-FP32-EQUIV-001,GOLD-MODEL-C1-B10-R00009,F078,0.16824044083909911,0.168240443,2.160900874903504e-09,1.2844122757441743e-08,True,1.0,1.0,1.0,1.0,1.0,True
EXP-EMBED-FP32-EQUIV-001,GOLD-MODEL-C1-B10-R00009,F079,0.0455121839206735,0.0455121808,3.1206734973920902e-09,6.85678697122366e-08,True,1.0,1.0,1.0,1.0,1.0,True
EXP-EMBED-FP32-EQUIV-001,GOLD-MODEL-C1-B10-R00009,F080,-0.20645041625858584,-0.206450418,1.7414141517679838e-09,8.43502368911093e-09,True,1.0,1.0,1.0,1.0,1.0,True
EXP-EMBED-FP32-EQUIV-001,GOLD-MODEL-C1-B10-R00009,F081,-0.08383851530996658,-0.0838385075,7.80996657623323e-09,9.315487693643345e-08,True,1.0,1.0,1.0,1.0,1.0,True
EXP-EMBED-FP32-EQUIV-001,GOLD-MODEL-C1-B10-R00009,F082,-0.03078916770247485,-0.0307891723,4.597525152250093e-09,1.4932281368166186e-07,True,1.0,1.0,1.0,1.0,1.0,True
EXP-EMBED-FP32-EQUIV-001,GOLD-MODEL-C1-B10-R00009,F083,-0.013438937428012264,-0.0134389345,2.928012264938329e-09,2.1787528073723664e-07,True,1.0,1.0,1.0,1.0,1.0,True
EXP-EMBED-FP32-EQUIV-001,GOLD-MODEL-C1-B10-R00009,F084,-0.001866625603869992,-0.00186662446,1.1438699919989054e-09,6.128009760647076e-07,True,1.0,1.0,1.0,1.0,1.0,True
EXP-EMBED-FP32-EQUIV-001,GOLD-MODEL-C1-B10-R00009,F085,0.0771155209313082,0.0771155059,1.5031308198132365e-08,1.9491936275087508e-07,True,1.0,1.0,1.0,1.0,1.0,True
EXP-EMBED-FP32-EQUIV-001,GOLD-MODEL-C1-B10-R00009,F086,0.05599165121962234,0.0559916496,1.6196223390219089e-09,2.8926139946633872e-08,True,1.0,1.0,1.0,1.0,1.0,True
EXP-EMBED-FP32-EQUIV-001,GOLD-MODEL-C1-B10-R00009,F087,0.021940053819233866,0.0219400544,5.807661331014291e-10,2.6470588353447764e-08,True,1.0,1.0,1.0,1.0,1.0,True
EXP-EMBED-FP32-EQUIV-001,GOLD-MODEL-C1-B10-R00009,F088,0.041194966804453746,0.0411950052,3.839554625628683e-08,9.320445975486437e-07,True,1.0,1.0,1.0,1.0,1.0,True
EXP-EMBED-FP32-EQUIV-001,GOLD-MODEL-C1-B10-R00009,F089,-0.17678840014314862,-0.176788405,4.856851393286732e-09,2.747268140530745e-08,True,1.0,1.0,1.0,1.0,1.0,True
EXP-EMBED-FP32-EQUIV-001,GOLD-MODEL-C1-B10-R00009,F090,-0.007024616737689809,-0.00702460762,9.117689809753915e-09,1.297962600697338e-06,True,1.0,1.0,1.0,1.0,1.0,True
EXP-EMBED-FP32-EQUIV-001,GOLD-MODEL-C1-B10-R00009,F091,-0.017964424476168903,-0.017964419,5.476168903756351e-09,3.048340853346503e-07,True,1.0,1.0,1.0,1.0,1.0,True
EXP-EMBED-FP32-EQUIV-001,GOLD-MODEL-C1-B10-R00009,F092,0.029957069419114767,0.0299570728,3.3808852349659357e-09,1.1285767601849223e-07,True,1.0,1.0,1.0,1.0,1.0,True
EXP-EMBED-FP32-EQUIV-001,GOLD-MODEL-C1-B10-R00009,F093,0.001076652888732986,0.00107665313,2.412670139628065e-10,2.240898775154279e-07,True,1.0,1.0,1.0,1.0,1.0,True
EXP-EMBED-FP32-EQUIV-001,GOLD-MODEL-C1-B10-R00009,F094,0.004676474179949632,0.00467647426,8.005036737646076e-11,1.711767547432988e-08,True,1.0,1.0,1.0,1.0,1.0,True
EXP-EMBED-FP32-EQUIV-001,GOLD-MODEL-C1-B10-R00009,F095,0.1903163788208945,0.190316394,1.517910550030699e-08,7.975722107760334e-08,True,1.0,1.0,1.0,1.0,1.0,True
EXP-EMBED-FP32-EQUIV-001,GOLD-MODEL-C1-B10-R00009,F096,0.1815527031931415,0.181552708,4.806858494577071e-09,2.6476380742529526e-08,True,1.0,1.0,1.0,1.0,1.0,True
EXP-EMBED-FP32-EQUIV-001,GOLD-MODEL-C1-B10-R00009,F097,0.1032514922073738,0.103251502,9.792626196047927e-09,9.48424665512832e-08,True,1.0,1.0,1.0,1.0,1.0,True
EXP-EMBED-FP32-EQUIV-001,GOLD-MODEL-C1-B10-R00009,F098,-0.0053104003489291155,-0.00531039853,1.8189291158335341e-09,3.42522031545199e-07,True,1.0,1.0,1.0,1.0,1.0,True
EXP-EMBED-FP32-EQUIV-001,GOLD-MODEL-C1-B10-R00009,F099,-0.028397220758049558,-0.0283972304,9.641950442923486e-09,3.3953852474067735e-07,True,1.0,1.0,1.0,1.0,1.0,True
EXP-EMBED-FP32-EQUIV-001,GOLD-MODEL-C1-B10-R00009,F100,-0.19035744406378752,-0.190357462,1.793621248746824e-08,9.422385647003084e-08,True,1.0,1.0,1.0,1.0,1.0,True
EXP-EMBED-FP32-EQUIV-001,GOLD-MODEL-C1-B10-R00009,F101,0.09701318600798002,0.0970131978,1.1792019985468194e-08,1.2155069295939025e-07,True,1.0,1.0,1.0,1.0,1.0,True
EXP-EMBED-FP32-EQUIV-001,GOLD-MODEL-C1-B10-R00009,F102,0.10440653121924105,0.104406528,3.2192410542863925e-09,3.083371333854945e-08,True,1.0,1.0,1.0,1.0,1.0,True
EXP-EMBED-FP32-EQUIV-001,GOLD-MODEL-C1-B10-R00009,F103,0.42975415923748517,0.429754138,2.123748515936441e-08,4.941775362231789e-08,True,1.0,1.0,1.0,1.0,1.0,True
EXP-EMBED-FP32-EQUIV-001,GOLD-MODEL-C1-B10-R00009,F104,0.19201686248043195,0.192016885,2.2519568043666283e-08,1.1727911680653154e-07,True,1.0,1.0,1.0,1.0,1.0,True
EXP-EMBED-FP32-EQUIV-001,GOLD-MODEL-C1-B10-R00009,F105,0.07723470045067289,0.0772347152,1.4749327106877708e-08,1.909676223357348e-07,True,1.0,1.0,1.0,1.0,1.0,True
EXP-EMBED-FP32-EQUIV-001,GOLD-MODEL-C1-B10-R00009,F106,-0.04017804349532493,-0.0401780419,1.5953249277167458e-09,3.970638659650951e-08,True,1.0,1.0,1.0,1.0,1.0,True
EXP-EMBED-FP32-EQUIV-001,GOLD-MODEL-C1-B10-R00009,F107,-0.0331847203020271,-0.0331847183,2.0020270996568e-09,6.03297867643774e-08,True,1.0,1.0,1.0,1.0,1.0,True
EXP-EMBED-FP32-EQUIV-001,GOLD-MODEL-C1-B10-R00009,F108,-0.14092047559445667,-0.140920475,5.944566783266936e-10,4.218383991531728e-09,True,1.0,1.0,1.0,1.0,1.0,True
EXP-EMBED-FP32-EQUIV-001,GOLD-MODEL-C1-B10-R00009,F109,0.11254397992077096,0.11254397,9.920770968618875e-09,8.815017005443497e-08,True,1.0,1.0,1.0,1.0,1.0,True
EXP-EMBED-FP32-EQUIV-001,GOLD-MODEL-C1-B10-R00009,F110,0.10624579841194548,0.106245808,9.588054517006839e-09,9.024408174553122e-08,True,1.0,1.0,1.0,1.0,1.0,True
EXP-EMBED-FP32-EQUIV-001,GOLD-MODEL-C1-B10-R00009,F111,0.43021459225120046,0.430214584,8.251200445119622e-09,1.917926679786301e-08,True,1.0,1.0,1.0,1.0,1.0,True
EXP-EMBED-FP32-EQUIV-001,GOLD-MODEL-C1-B10-R00009,F112,-0.1605313819405337,-0.160531387,5.05946629036913e-09,3.1516992062295516e-08,True,1.0,1.0,1.0,1.0,1.0,True
EXP-EMBED-FP32-EQUIV-001,GOLD-MODEL-C1-B10-R00009,F113,0.17668792270352457,0.176687941,1.8296475418067004e-08,1.0355249605128798e-07,True,1.0,1.0,1.0,1.0,1.0,True
EXP-EMBED-FP32-EQUIV-001,GOLD-MODEL-C1-B10-R00009,F114,-0.014847195631231191,-0.0148471948,8.312311915170678e-10,5.5985737115807014e-08,True,1.0,1.0,1.0,1.0,1.0,True
EXP-EMBED-FP32-EQUIV-001,GOLD-MODEL-C1-B10-R00009,F115,3.697033193245665e-05,3.69703375e-05,5.5675433474665706e-12,1.505948974880251e-07,True,1.0,1.0,1.0,1.0,1.0,True
EXP-EMBED-FP32-EQUIV-001,GOLD-MODEL-C1-B10-R00009,F116,0.006259895620594272,0.00625989633,7.094057277376442e-10,1.133254882723265e-07,True,1.0,1.0,1.0,1.0,1.0,True
EXP-EMBED-FP32-EQUIV-001,GOLD-MODEL-C1-B10-R00009,F117,0.12620897896166464,0.126208976,2.961664635758865e-09,2.3466354455323312e-08,True,1.0,1.0,1.0,1.0,1.0,True
EXP-EMBED-FP32-EQUIV-001,GOLD-MODEL-C1-B10-R00009,F118,0.09152159267601809,0.0915215984,5.7239819134524694e-09,6.254242027578216e-08,True,1.0,1.0,1.0,1.0,1.0,True
EXP-EMBED-FP32-EQUIV-001,GOLD-MODEL-C1-B10-R00009,F119,-0.0060048069601412795,-0.00600480614,8.201412795422192e-10,1.3658079018795354e-07,True,1.0,1.0,1.0,1.0,1.0,True
EXP-EMBED-FP32-EQUIV-001,GOLD-MODEL-C1-B10-R00009,F120,-0.15679014561292404,-0.156790122,2.3612924032745397e-08,1.5060209262793753e-07,True,1.0,1.0,1.0,1.0,1.0,True
EXP-EMBED-FP32-EQUIV-001,GOLD-MODEL-C1-B10-R00009,F121,0.1740576057700722,0.174057603,2.770072199398399e-09,1.591468633124615e-08,True,1.0,1.0,1.0,1.0,1.0,True
EXP-EMBED-FP32-EQUIV-001,GOLD-MODEL-C1-B10-R00009,F122,-0.0015352181546540672,-0.00153521798,1.7465406725036825e-10,1.137649829901362e-07,True,1.0,1.0,1.0,1.0,1.0,True
EXP-EMBED-FP32-EQUIV-001,GOLD-MODEL-C1-B10-R00009,F123,0.015399809988260196,0.0153998099,8.826019602670154e-11,5.73125227479984e-09,True,1.0,1.0,1.0,1.0,1.0,True
EXP-EMBED-FP32-EQUIV-001,GOLD-MODEL-C1-B10-R00009,F124,-0.000475545496028525,-0.000475546345,8.489714749889028e-10,1.7852581552743343e-06,True,1.0,1.0,1.0,1.0,1.0,True
EXP-EMBED-FP32-EQUIV-001,GOLD-MODEL-C1-B10-R00009,F125,0.1222826830224988,0.122282669,1.4022498801002925e-08,1.1467280938236304e-07,True,1.0,1.0,1.0,1.0,1.0,True
EXP-EMBED-FP32-EQUIV-001,GOLD-MODEL-C1-B10-R00009,F126,0.09153673333177177,0.0915367082,2.5131771774766776e-08,2.745539507475925e-07,True,1.0,1.0,1.0,1.0,1.0,True
EXP-EMBED-FP32-EQUIV-001,GOLD-MODEL-C1-B10-R00009,F127,0.0005038255164511823,0.000503825548,3.154881770325163e-11,6.261853890504277e-08,True,1.0,1.0,1.0,1.0,1.0,True
EXP-EMBED-FP32-EQUIV-001,GOLD-MODEL-C1-B10-R00815,F000,0.22637027521601516,0.22637029,1.4783984841892917e-08,6.530886101448263e-08,True,1.0,1.0,1.0,1.0,1.0,True
EXP-EMBED-FP32-EQUIV-001,GOLD-MODEL-C1-B10-R00815,F001,0.388677479956228,0.388677508,2.8043772026808966e-08,7.21517800052815e-08,True,1.0,1.0,1.0,1.0,1.0,True
EXP-EMBED-FP32-EQUIV-001,GOLD-MODEL-C1-B10-R00815,F002,0.1456295496204651,0.145629555,5.379534900873395e-09,3.69398581187222e-08,True,1.0,1.0,1.0,1.0,1.0,True
EXP-EMBED-FP32-EQUIV-001,GOLD-MODEL-C1-B10-R00815,F003,0.12875618447089165,0.12875618,4.4708916568936274e-09,3.4723704148785e-08,True,1.0,1.0,1.0,1.0,1.0,True
EXP-EMBED-FP32-EQUIV-001,GOLD-MODEL-C1-B10-R00815,F004,0.10071563006390806,0.100715622,8.063908055189195e-09,8.006610344464236e-08,True,1.0,1.0,1.0,1.0,1.0,True
EXP-EMBED-FP32-EQUIV-001,GOLD-MODEL-C1-B10-R00815,F005,0.19668402217095315,0.196684018,4.170953166182656e-09,2.1206365011985373e-08,True,1.0,1.0,1.0,1.0,1.0,True
EXP-EMBED-FP32-EQUIV-001,GOLD-MODEL-C1-B10-R00815,F006,0.1579141610041369,0.157914162,9.958630864392859e-10,6.306357074671707e-09,True,1.0,1.0,1.0,1.0,1.0,True
EXP-EMBED-FP32-EQUIV-001,GOLD-MODEL-C1-B10-R00815,F007,0.04855985466776605,0.0485598482,6.4677660518985824e-09,1.3319162703738228e-07,True,1.0,1.0,1.0,1.0,1.0,True
EXP-EMBED-FP32-EQUIV-001,GOLD-MODEL-C1-B10-R00815,F008,0.2519660731388577,0.251966089,1.586114228846469e-08,6.294951574581101e-08,True,1.0,1.0,1.0,1.0,1.0,True
EXP-EMBED-FP32-EQUIV-001,GOLD-MODEL-C1-B10-R00815,F009,0.1193708428465363,0.119370908,6.515346369362351e-08,5.458071849034785e-07,True,1.0,1.0,1.0,1.0,1.0,True
EXP-EMBED-FP32-EQUIV-001,GOLD-MODEL-C1-B10-R00815,F010,0.15030752964113064,0.150307536,6.358869347744545e-09,4.230572721757036e-08,True,1.0,1.0,1.0,1.0,1.0,True
EXP-EMBED-FP32-EQUIV-001,GOLD-MODEL-C1-B10-R00815,F011,0.11649785824759067,0.116497859,7.524093292854417e-10,6.458567913638039e-09,True,1.0,1.0,1.0,1.0,1.0,True
EXP-EMBED-FP32-EQUIV-001,GOLD-MODEL-C1-B10-R00815,F012,0.09121480940878655,0.0912148058,3.608786547371068e-09,3.9563603440730756e-08,True,1.0,1.0,1.0,1.0,1.0,True
EXP-EMBED-FP32-EQUIV-001,GOLD-MODEL-C1-B10-R00815,F013,0.24426164243361717,0.244261622,2.0433617159421047e-08,8.365462933859653e-08,True,1.0,1.0,1.0,1.0,1.0,True
EXP-EMBED-FP32-EQUIV-001,GOLD-MODEL-C1-B10-R00815,F014,0.20996155986088688,0.209961563,3.1391131083413626e-09,1.4950894394294024e-08,True,1.0,1.0,1.0,1.0,1.0,True
EXP-EMBED-FP32-EQUIV-001,GOLD-MODEL-C1-B10-R00815,F015,0.06108491199014875,0.061084915,3.009851243240824e-09,4.927323532407196e-08,True,1.0,1.0,1.0,1.0,1.0,True
EXP-EMBED-FP32-EQUIV-001,GOLD-MODEL-C1-B10-R00815,F016,-0.015140548494183599,-0.0151405456,2.8941835993750997e-09,1.9115447505002417e-07,True,1.0,1.0,1.0,1.0,1.0,True
EXP-EMBED-FP32-EQUIV-001,GOLD-MODEL-C1-B10-R00815,F017,-0.02497837982742786,-0.024978403,2.3172572138907555e-08,9.27705171392365e-07,True,1.0,1.0,1.0,1.0,1.0,True
EXP-EMBED-FP32-EQUIV-001,GOLD-MODEL-C1-B10-R00815,F018,0.104388729083974,0.104388729,8.39739944247242e-11,8.044354516201892e-10,True,1.0,1.0,1.0,1.0,1.0,True
EXP-EMBED-FP32-EQUIV-001,GOLD-MODEL-C1-B10-R00815,F019,0.10565200629958936,0.105652004,2.2995893661503786e-09,2.1765695197776065e-08,True,1.0,1.0,1.0,1.0,1.0,True
EXP-EMBED-FP32-EQUIV-001,GOLD-MODEL-C1-B10-R00815,F020,0.08455510138175322,0.0845550969,4.481753218543716e-09,5.300393643086409e-08,True,1.0,1.0,1.0,1.0,1.0,True
EXP-EMBED-FP32-EQUIV-001,GOLD-MODEL-C1-B10-R00815,F021,-0.04085725928008387,-0.0408572629,3.6199161307370886e-09,8.859909339297361e-08,True,1.0,1.0,1.0,1.0,1.0,True
EXP-EMBED-FP32-EQUIV-001,GOLD-MODEL-C1-B10-R00815,F022,-0.019361517971959334,-0.0193614904,2.757195933372758e-08,1.424059796016984e-06,True,1.0,1.0,1.0,1.0,1.0,True
EXP-EMBED-FP32-EQUIV-001,GOLD-MODEL-C1-B10-R00815,F023,0.050630416899853516,0.0506304167,1.99853515681081e-10,3.94730140335185e-09,True,1.0,1.0,1.0,1.0,1.0,True
EXP-EMBED-FP32-EQUIV-001,GOLD-MODEL-C1-B10-R00815,F024,0.00030836622147701237,0.00030836591,3.1147701236820813e-10,1.0100879755126734e-06,True,1.0,1.0,1.0,1.0,1.0,True
EXP-EMBED-FP32-EQUIV-001,GOLD-MODEL-C1-B10-R00815,F025,-0.026157181270809748,-0.0261571892,7.929190252303764e-09,3.0313626572418136e-07,True,1.0,1.0,1.0,1.0,1.0,True
EXP-EMBED-FP32-EQUIV-001,GOLD-MODEL-C1-B10-R00815,F026,0.10277173489643057,0.102771752,1.710356942186131e-08,1.6642289282259984e-07,True,1.0,1.0,1.0,1.0,1.0,True
EXP-EMBED-FP32-EQUIV-001,GOLD-MODEL-C1-B10-R00815,F027,0.08764801341881455,0.0876480117,1.7188145490232287e-09,1.9610422210142955e-08,True,1.0,1.0,1.0,1.0,1.0,True
EXP-EMBED-FP32-EQUIV-001,GOLD-MODEL-C1-B10-R00815,F028,0.06849995340949659,0.06849996,6.590503406900261e-09,9.621179400665953e-08,True,1.0,1.0,1.0,1.0,1.0,True
EXP-EMBED-FP32-EQUIV-001,GOLD-MODEL-C1-B10-R00815,F029,-0.010228643731722735,-0.010228646,2.268277263933749e-09,2.2175738283844986e-07,True,1.0,1.0,1.0,1.0,1.0,True
EXP-EMBED-FP32-EQUIV-001,GOLD-MODEL-C1-B10-R00815,F030,0.01419539422394857,0.0141953873,6.923948569007021e-09,4.877602171361935e-07,True,1.0,1.0,1.0,1.0,1.0,True
EXP-EMBED-FP32-EQUIV-001,GOLD-MODEL-C1-B10-R00815,F031,0.23215113851635205,0.232151136,2.5163520434023923e-09,1.0839283664444091e-08,True,1.0,1.0,1.0,1.0,1.0,True
EXP-EMBED-FP32-EQUIV-001,GOLD-MODEL-C1-B10-R00815,F032,0.09052145603734565,0.0905214623,6.262654339561635e-09,6.91841980201678e-08,True,1.0,1.0,1.0,1.0,1.0,True
EXP-EMBED-FP32-EQUIV-001,GOLD-MODEL-C1-B10-R00815,F033,0.24187427997765218,0.241874233,4.697765218497629e-08,1.942234295821646e-07,True,1.0,1.0,1.0,1.0,1.0,True
EXP-EMBED-FP32-EQUIV-001,GOLD-MODEL-C1-B10-R00815,F034,-0.0008378808034688413,-0.000837880594,2.0946884136084643e-10,2.499983774465792e-07,True,1.0,1.0,1.0,1.0,1.0,True
EXP-EMBED-FP32-EQUIV-001,GOLD-MODEL-C1-B10-R00815,F035,-0.023409772260151257,-0.0234097689,3.3601512579306547e-09,1.4353626428268994e-07,True,1.0,1.0,1.0,1.0,1.0,True
EXP-EMBED-FP32-EQUIV-001,GOLD-MODEL-C1-B10-R00815,F036,0.2011322950512862,0.201132298,2.9487138009098857e-09,1.4660568558410776e-08,True,1.0,1.0,1.0,1.0,1.0,True
EXP-EMBED-FP32-EQUIV-001,GOLD-MODEL-C1-B10-R00815,F037,0.05701980090968537,0.0570197925,8.409685371690845e-09,1.474871051375835e-07,True,1.0,1.0,1.0,1.0,1.0,True
EXP-EMBED-FP32-EQUIV-001,GOLD-MODEL-C1-B10-R00815,F038,0.011306034103138726,0.0113060353,1.196861273283778e-09,1.0586039829399694e-07,True,1.0,1.0,1.0,1.0,1.0,True
EXP-EMBED-FP32-EQUIV-001,GOLD-MODEL-C1-B10-R00815,F039,-0.2674399879258256,-0.267439961,2.692582556917955e-08,1.0067987879451829e-07,True,1.0,1.0,1.0,1.0,1.0,True
EXP-EMBED-FP32-EQUIV-001,GOLD-MODEL-C1-B10-R00815,F040,0.2146197315742817,0.214619726,5.574281702891426e-09,2.5972829534371678e-08,True,1.0,1.0,1.0,1.0,1.0,True
EXP-EMBED-FP32-EQUIV-001,GOLD-MODEL-C1-B10-R00815,F041,0.24073284629085162,0.240732804,4.2290851626214376e-08,1.756754521778839e-07,True,1.0,1.0,1.0,1.0,1.0,True
EXP-EMBED-FP32-EQUIV-001,GOLD-MODEL-C1-B10-R00815,F042,-0.000540797976494743,-0.000540798064,8.750525694670164e-11,1.6180766339748361e-07,True,1.0,1.0,1.0,1.0,1.0,True
EXP-EMBED-FP32-EQUIV-001,GOLD-MODEL-C1-B10-R00815,F043,0.013588916658144304,0.0135889165,1.581443049430975e-10,1.1637741912878403e-08,True,1.0,1.0,1.0,1.0,1.0,True
EXP-EMBED-FP32-EQUIV-001,GOLD-MODEL-C1-B10-R00815,F044,-0.07450345433421661,-0.0745034516,2.7342166031285586e-09,3.669919237386067e-08,True,1.0,1.0,1.0,1.0,1.0,True
EXP-EMBED-FP32-EQUIV-001,GOLD-MODEL-C1-B10-R00815,F045,0.09144488153965019,0.0914448872,5.660349813862986e-09,6.189903380659613e-08,True,1.0,1.0,1.0,1.0,1.0,True
EXP-EMBED-FP32-EQUIV-001,GOLD-MODEL-C1-B10-R00815,F046,0.033031442861081575,0.033031445,2.1389184243214565e-09,6.475401130120116e-08,True,1.0,1.0,1.0,1.0,1.0,True
EXP-EMBED-FP32-EQUIV-001,GOLD-MODEL-C1-B10-R00815,F047,-0.07265884051866385,-0.0726588443,3.781336146979619e-09,5.204234089048405e-08,True,1.0,1.0,1.0,1.0,1.0,True
EXP-EMBED-FP32-EQUIV-001,GOLD-MODEL-C1-B10-R00815,F048,-0.0039040252791920946,-0.00390402647,1.1908079054073761e-09,3.050205416840446e-07,True,1.0,1.0,1.0,1.0,1.0,True
EXP-EMBED-FP32-EQUIV-001,GOLD-MODEL-C1-B10-R00815,F049,-0.24096563442689348,-0.240965679,4.457310651129198e-08,1.8497702636022569e-07,True,1.0,1.0,1.0,1.0,1.0,True
EXP-EMBED-FP32-EQUIV-001,GOLD-MODEL-C1-B10-R00815,F050,0.07243182648930209,0.0724318177,8.78930209169404e-09,1.213458574455828e-07,True,1.0,1.0,1.0,1.0,1.0,True
EXP-EMBED-FP32-EQUIV-001,GOLD-MODEL-C1-B10-R00815,F051,0.048498080800776604,0.0484980792,1.6007766015513347e-09,3.300700924902788e-08,True,1.0,1.0,1.0,1.0,1.0,True
EXP-EMBED-FP32-EQUIV-001,GOLD-MODEL-C1-B10-R00815,F052,0.02264229953967809,0.0226422995,3.9678090674177824e-11,1.7523878528612528e-09,True,1.0,1.0,1.0,1.0,1.0,True
EXP-EMBED-FP32-EQUIV-001,GOLD-MODEL-C1-B10-R00815,F053,-0.04353155250986555,-0.0435315371,1.5409865543325463e-08,3.539930155220889e-07,True,1.0,1.0,1.0,1.0,1.0,True
EXP-EMBED-FP32-EQUIV-001,GOLD-MODEL-C1-B10-R00815,F054,-0.03632241404935674,-0.0363224186,4.550643264988885e-09,1.252847142484869e-07,True,1.0,1.0,1.0,1.0,1.0,True
EXP-EMBED-FP32-EQUIV-001,GOLD-MODEL-C1-B10-R00815,F055,0.09647012584472901,0.0964701325,6.65527098708818e-09,6.89878957740762e-08,True,1.0,1.0,1.0,1.0,1.0,True
EXP-EMBED-FP32-EQUIV-001,GOLD-MODEL-C1-B10-R00815,F056,0.0025892255308951335,0.00258922484,6.908951336384583e-10,2.6683466750754834e-07,True,1.0,1.0,1.0,1.0,1.0,True
EXP-EMBED-FP32-EQUIV-001,GOLD-MODEL-C1-B10-R00815,F057,-0.2529515692957368,-0.252951562,7.295736792478635e-09,2.8842425499834984e-08,True,1.0,1.0,1.0,1.0,1.0,True
EXP-EMBED-FP32-EQUIV-001,GOLD-MODEL-C1-B10-R00815,F058,0.07985335453050933,0.079853341,1.353050933794453e-08,1.694419654314581e-07,True,1.0,1.0,1.0,1.0,1.0,True
EXP-EMBED-FP32-EQUIV-001,GOLD-MODEL-C1-B10-R00815,F059,0.03330385519479295,0.0333038568,1.605207043675616e-09,4.819883566892849e-08,True,1.0,1.0,1.0,1.0,1.0,True
EXP-EMBED-FP32-EQUIV-001,GOLD-MODEL-C1-B10-R00815,F060,0.029866183670268994,0.029866185,1.329731005861312e-09,4.4522963514251224e-08,True,1.0,1.0,1.0,1.0,1.0,True
EXP-EMBED-FP32-EQUIV-001,GOLD-MODEL-C1-B10-R00815,F061,-0.03371055889113337,-0.0337105654,6.508866633170296e-09,1.9308094695760957e-07,True,1.0,1.0,1.0,1.0,1.0,True
EXP-EMBED-FP32-EQUIV-001,GOLD-MODEL-C1-B10-R00815,F062,-0.009852828411896383,-0.0098528415,1.3088103618247304e-08,1.3283600476026382e-06,True,1.0,1.0,1.0,1.0,1.0,True
EXP-EMBED-FP32-EQUIV-001,GOLD-MODEL-C1-B10-R00815,F063,0.05022044748941798,0.050220456,8.510582016896251e-09,1.694644799548934e-07,True,1.0,1.0,1.0,1.0,1.0,True
EXP-EMBED-FP32-EQUIV-001,GOLD-MODEL-C1-B10-R00815,F064,0.2666587635180282,0.266658753,1.0518028170647398e-08,3.944377462747928e-08,True,1.0,1.0,1.0,1.0,1.0,True
EXP-EMBED-FP32-EQUIV-001,GOLD-MODEL-C1-B10-R00815,F065,0.3738849520573974,0.373884976,2.3942602567217364e-08,6.403735276177091e-08,True,1.0,1.0,1.0,1.0,1.0,True
EXP-EMBED-FP32-EQUIV-001,GOLD-MODEL-C1-B10-R00815,F066,0.15823665330878137,0.158236653,3.087813615909596e-10,1.9513896125470173e-09,True,1.0,1.0,1.0,1.0,1.0,True
EXP-EMBED-FP32-EQUIV-001,GOLD-MODEL-C1-B10-R00815,F067,0.13244700695175685,0.132447004,2.9517568389536564e-09,2.2286323465420542e-08,True,1.0,1.0,1.0,1.0,1.0,True
EXP-EMBED-FP32-EQUIV-001,GOLD-MODEL-C1-B10-R00815,F068,0.10659944090048726,0.106599458,1.7099512736318268e-08,1.6040902833891042e-07,True,1.0,1.0,1.0,1.0,1.0,True
EXP-EMBED-FP32-EQUIV-001,GOLD-MODEL-C1-B10-R00815,F069,0.2602409688104193,0.260240972,3.1895807106607776e-09,1.2256258978901695e-08,True,1.0,1.0,1.0,1.0,1.0,True
EXP-EMBED-FP32-EQUIV-001,GOLD-MODEL-C1-B10-R00815,F070,0.22230897408293238,0.222308978,3.917067614711556e-09,1.76199257401561e-08,True,1.0,1.0,1.0,1.0,1.0,True
EXP-EMBED-FP32-EQUIV-001,GOLD-MODEL-C1-B10-R00815,F071,0.07174491623952037,0.0717449114,4.839520367783123e-09,6.745454063429926e-08,True,1.0,1.0,1.0,1.0,1.0,True
EXP-EMBED-FP32-EQUIV-001,GOLD-MODEL-C1-B10-R00815,F072,0.2796934915864536,0.279693514,2.2413546352240132e-08,8.013610264975393e-08,True,1.0,1.0,1.0,1.0,1.0,True
EXP-EMBED-FP32-EQUIV-001,GOLD-MODEL-C1-B10-R00815,F073,0.34736738785365656,0.347367406,1.8146343427893896e-08,5.223962888404142e-08,True,1.0,1.0,1.0,1.0,1.0,True
EXP-EMBED-FP32-EQUIV-001,GOLD-MODEL-C1-B10-R00815,F074,0.1826031981592014,0.182603195,3.1592014004822033e-09,1.7300909471080975e-08,True,1.0,1.0,1.0,1.0,1.0,True
EXP-EMBED-FP32-EQUIV-001,GOLD-MODEL-C1-B10-R00815,F075,0.1608759426985069,0.160875946,3.3014930789221353e-09,2.052198124556989e-08,True,1.0,1.0,1.0,1.0,1.0,True
EXP-EMBED-FP32-EQUIV-001,GOLD-MODEL-C1-B10-R00815,F076,0.1419788628228837,0.14197886,2.822883676811827e-09,1.988242207809009e-08,True,1.0,1.0,1.0,1.0,1.0,True
EXP-EMBED-FP32-EQUIV-001,GOLD-MODEL-C1-B10-R00815,F077,0.28755014993989164,0.287550151,1.0601083344496942e-09,3.686690250974639e-09,True,1.0,1.0,1.0,1.0,1.0,True
EXP-EMBED-FP32-EQUIV-001,GOLD-MODEL-C1-B10-R00815,F078,0.24339151247262572,0.243391499,1.3472625709498587e-08,5.5353720319289504e-08,True,1.0,1.0,1.0,1.0,1.0,True
EXP-EMBED-FP32-EQUIV-001,GOLD-MODEL-C1-B10-R00815,F079,0.08203378788237407,0.0820337832,4.6823740718071605e-09,5.707860373973081e-08,True,1.0,1.0,1.0,1.0,1.0,True
EXP-EMBED-FP32-EQUIV-001,GOLD-MODEL-C1-B10-R00815,F080,-0.01359957218128537,-0.0135995708,1.3812853690703397e-09,1.0156829572706359e-07,True,1.0,1.0,1.0,1.0,1.0,True
EXP-EMBED-FP32-EQUIV-001,GOLD-MODEL-C1-B10-R00815,F081,-0.04388178817997236,-0.0438817628,2.5379972359851344e-08,5.783714249692941e-07,True,1.0,1.0,1.0,1.0,1.0,True
EXP-EMBED-FP32-EQUIV-001,GOLD-MODEL-C1-B10-R00815,F082,0.07265244901501497,0.0726524144,3.461501496548891e-08,4.7644663648344573e-07,True,1.0,1.0,1.0,1.0,1.0,True
EXP-EMBED-FP32-EQUIV-001,GOLD-MODEL-C1-B10-R00815,F083,0.07520761612105306,0.0752076283,1.2178946934282564e-08,1.619376808151918e-07,True,1.0,1.0,1.0,1.0,1.0,True
EXP-EMBED-FP32-EQUIV-001,GOLD-MODEL-C1-B10-R00815,F084,0.08379964356450673,0.0837996379,5.664506724789575e-09,6.759583315445954e-08,True,1.0,1.0,1.0,1.0,1.0,True
EXP-EMBED-FP32-EQUIV-001,GOLD-MODEL-C1-B10-R00815,F085,-0.04992886793713415,-0.0499288589,9.037134152123372e-09,1.810001813680635e-07,True,1.0,1.0,1.0,1.0,1.0,True
EXP-EMBED-FP32-EQUIV-001,GOLD-MODEL-C1-B10-R00815,F086,-0.03441740869136662,-0.0344174094,7.086333811412437e-10,2.0589387989543783e-08,True,1.0,1.0,1.0,1.0,1.0,True
EXP-EMBED-FP32-EQUIV-001,GOLD-MODEL-C1-B10-R00815,F087,0.1652137056765421,0.165213689,1.667654209169811e-08,1.0093921701839736e-07,True,1.0,1.0,1.0,1.0,1.0,True
EXP-EMBED-FP32-EQUIV-001,GOLD-MODEL-C1-B10-R00815,F088,0.020810917665643358,0.0208109114,6.265643358316364e-09,3.010748232722233e-07,True,1.0,1.0,1.0,1.0,1.0,True
EXP-EMBED-FP32-EQUIV-001,GOLD-MODEL-C1-B10-R00815,F089,-0.0805320738229005,-0.0805320889,1.5077099513316483e-08,1.8721856767867172e-07,True,1.0,1.0,1.0,1.0,1.0,True
EXP-EMBED-FP32-EQUIV-001,GOLD-MODEL-C1-B10-R00815,F090,0.050745651241880255,0.0507456809,2.965811974481314e-08,5.844465292887279e-07,True,1.0,1.0,1.0,1.0,1.0,True
EXP-EMBED-FP32-EQUIV-001,GOLD-MODEL-C1-B10-R00815,F091,0.06487834174118147,0.0648783594,1.765881853244e-08,2.7218356786747346e-07,True,1.0,1.0,1.0,1.0,1.0,True
EXP-EMBED-FP32-EQUIV-001,GOLD-MODEL-C1-B10-R00815,F092,0.08676342076299164,0.0867634267,5.937008357159712e-09,6.842755051552905e-08,True,1.0,1.0,1.0,1.0,1.0,True
EXP-EMBED-FP32-EQUIV-001,GOLD-MODEL-C1-B10-R00815,F093,-0.03341231212643006,-0.0334123075,4.626430058496389e-09,1.384648282043539e-07,True,1.0,1.0,1.0,1.0,1.0,True
EXP-EMBED-FP32-EQUIV-001,GOLD-MODEL-C1-B10-R00815,F094,-0.013096017672757457,-0.0130960066,1.1072757457458726e-08,8.455056899085018e-07,True,1.0,1.0,1.0,1.0,1.0,True
EXP-EMBED-FP32-EQUIV-001,GOLD-MODEL-C1-B10-R00815,F095,-0.08210208732505916,-0.0821020901,2.774940832672712e-09,3.3798663628199205e-08,True,1.0,1.0,1.0,1.0,1.0,True
EXP-EMBED-FP32-EQUIV-001,GOLD-MODEL-C1-B10-R00815,F096,0.21515830445801332,0.215158299,5.4580133190818e-09,2.5367430426776273e-08,True,1.0,1.0,1.0,1.0,1.0,True
EXP-EMBED-FP32-EQUIV-001,GOLD-MODEL-C1-B10-R00815,F097,0.13704639995854578,0.137046397,2.958545797238088e-09,2.1587913277057975e-08,True,1.0,1.0,1.0,1.0,1.0,True
EXP-EMBED-FP32-EQUIV-001,GOLD-MODEL-C1-B10-R00815,F098,0.00644969758480272,0.00644970126,3.675197280186837e-09,5.698247447828598e-07,True,1.0,1.0,1.0,1.0,1.0,True
EXP-EMBED-FP32-EQUIV-001,GOLD-MODEL-C1-B10-R00815,F099,0.01479592377768463,0.0147959283,4.522315371138785e-09,3.0564603056143005e-07,True,1.0,1.0,1.0,1.0,1.0,True
EXP-EMBED-FP32-EQUIV-001,GOLD-MODEL-C1-B10-R00815,F100,-0.06651731617246179,-0.0665173084,7.772461785293672e-09,1.1684869794117574e-07,True,1.0,1.0,1.0,1.0,1.0,True
EXP-EMBED-FP32-EQUIV-001,GOLD-MODEL-C1-B10-R00815,F101,0.10576788981067978,0.105767876,1.3810679780346113e-08,1.3057535519586018e-07,True,1.0,1.0,1.0,1.0,1.0,True
EXP-EMBED-FP32-EQUIV-001,GOLD-MODEL-C1-B10-R00815,F102,0.045039883031407824,0.0450398885,5.468592176316456e-09,1.2141666026314994e-07,True,1.0,1.0,1.0,1.0,1.0,True
EXP-EMBED-FP32-EQUIV-001,GOLD-MODEL-C1-B10-R00815,F103,-0.26080420483084393,-0.260804206,1.1691560497517628e-09,4.482888036678974e-09,True,1.0,1.0,1.0,1.0,1.0,True
EXP-EMBED-FP32-EQUIV-001,GOLD-MODEL-C1-B10-R00815,F104,0.2290025800129245,0.229002595,1.4987075497296942e-08,6.544500719795863e-08,True,1.0,1.0,1.0,1.0,1.0,True
EXP-EMBED-FP32-EQUIV-001,GOLD-MODEL-C1-B10-R00815,F105,0.09523230023881295,0.095232293,7.238812951837481e-09,7.601216114369592e-08,True,1.0,1.0,1.0,1.0,1.0,True
EXP-EMBED-FP32-EQUIV-001,GOLD-MODEL-C1-B10-R00815,F106,0.009514740732589006,0.00951474067,6.258900515920818e-11,6.5781093692689e-09,True,1.0,1.0,1.0,1.0,1.0,True
EXP-EMBED-FP32-EQUIV-001,GOLD-MODEL-C1-B10-R00815,F107,0.017629452139844796,0.0176294502,1.9398447952123643e-09,1.1003432096611041e-07,True,1.0,1.0,1.0,1.0,1.0,True
EXP-EMBED-FP32-EQUIV-001,GOLD-MODEL-C1-B10-R00815,F108,0.06181356340087236,0.0618135557,7.700872356464217e-09,1.2458224267904826e-07,True,1.0,1.0,1.0,1.0,1.0,True
EXP-EMBED-FP32-EQUIV-001,GOLD-MODEL-C1-B10-R00815,F109,0.10603955297524156,0.106039561,8.02475844108308e-09,7.56770300885437e-08,True,1.0,1.0,1.0,1.0,1.0,True
EXP-EMBED-FP32-EQUIV-001,GOLD-MODEL-C1-B10-R00815,F110,0.04513556332467244,0.0451355539,9.424672438307358e-09,2.0880812698654304e-07,True,1.0,1.0,1.0,1.0,1.0,True
EXP-EMBED-FP32-EQUIV-001,GOLD-MODEL-C1-B10-R00815,F111,-0.28707956713755056,-0.287079602,3.486244942729755e-08,1.2143828198888724e-07,True,1.0,1.0,1.0,1.0,1.0,True
EXP-EMBED-FP32-EQUIV-001,GOLD-MODEL-C1-B10-R00815,F112,0.00047425996337757096,0.000474260101,1.376224290235671e-10,2.901835272862834e-07,True,1.0,1.0,1.0,1.0,1.0,True
EXP-EMBED-FP32-EQUIV-001,GOLD-MODEL-C1-B10-R00815,F113,-0.2930771499377847,-0.293077171,2.106221530517871e-08,7.186577087176486e-08,True,1.0,1.0,1.0,1.0,1.0,True
EXP-EMBED-FP32-EQUIV-001,GOLD-MODEL-C1-B10-R00815,F114,0.030079127669165782,0.0300791264,1.2691657828856062e-09,4.2194235047136437e-08,True,1.0,1.0,1.0,1.0,1.0,True
EXP-EMBED-FP32-EQUIV-001,GOLD-MODEL-C1-B10-R00815,F115,0.023635427509052703,0.0236354265,1.0090527025052864e-09,4.269238210812159e-08,True,1.0,1.0,1.0,1.0,1.0,True
EXP-EMBED-FP32-EQUIV-001,GOLD-MODEL-C1-B10-R00815,F116,0.025211085942890166,0.0252110846,1.3428901671219684e-09,5.326585971599846e-08,True,1.0,1.0,1.0,1.0,1.0,True
EXP-EMBED-FP32-EQUIV-001,GOLD-MODEL-C1-B10-R00815,F117,-0.05830376076275875,-0.0583037511,9.662758745920819e-09,1.6573131165996517e-07,True,1.0,1.0,1.0,1.0,1.0,True
EXP-EMBED-FP32-EQUIV-001,GOLD-MODEL-C1-B10-R00815,F118,-0.05448994540148459,-0.0544899404,5.0014845875967495e-09,9.178729306380408e-08,True,1.0,1.0,1.0,1.0,1.0,True
EXP-EMBED-FP32-EQUIV-001,GOLD-MODEL-C1-B10-R00815,F119,0.06027335085139038,0.0602733493,1.5513903772745863e-09,2.573924222497079e-08,True,1.0,1.0,1.0,1.0,1.0,True
EXP-EMBED-FP32-EQUIV-001,GOLD-MODEL-C1-B10-R00815,F120,0.01733020063469453,0.0173301976,3.0346945303905137e-09,1.751101787197517e-07,True,1.0,1.0,1.0,1.0,1.0,True
EXP-EMBED-FP32-EQUIV-001,GOLD-MODEL-C1-B10-R00815,F121,-0.2683127418296702,-0.268312752,1.017032980055177e-08,3.7904758943606485e-08,True,1.0,1.0,1.0,1.0,1.0,True
EXP-EMBED-FP32-EQUIV-001,GOLD-MODEL-C1-B10-R00815,F122,0.013652991386643259,0.0136529999,8.513356741790545e-09,6.235524875610172e-07,True,1.0,1.0,1.0,1.0,1.0,True
EXP-EMBED-FP32-EQUIV-001,GOLD-MODEL-C1-B10-R00815,F123,0.023078324952601512,0.0230783243,6.526015110253081e-10,2.827768100005643e-08,True,1.0,1.0,1.0,1.0,1.0,True
EXP-EMBED-FP32-EQUIV-001,GOLD-MODEL-C1-B10-R00815,F124,0.06477651178845481,0.0647765025,9.288454810851832e-09,1.4339232778056634e-07,True,1.0,1.0,1.0,1.0,1.0,True
EXP-EMBED-FP32-EQUIV-001,GOLD-MODEL-C1-B10-R00815,F125,-0.0528456844621147,-0.0528456829,1.5621146945421494e-09,2.9559929262758175e-08,True,1.0,1.0,1.0,1.0,1.0,True
EXP-EMBED-FP32-EQUIV-001,GOLD-MODEL-C1-B10-R00815,F126,-0.053921532473798675,-0.0539215058,2.6673798676768445e-08,4.946780525892818e-07,True,1.0,1.0,1.0,1.0,1.0,True
EXP-EMBED-FP32-EQUIV-001,GOLD-MODEL-C1-B10-R00815,F127,0.026725977213831572,0.0267259758,1.4138315726497375e-09,5.290102439801651e-08,True,1.0,1.0,1.0,1.0,1.0,True
EXP-EMBED-FP32-EQUIV-001,GOLD-MODEL-C1-B10-R01737,F000,0.033909018037508856,0.0339090154,2.637508857150639e-09,7.77819296988526e-08,True,1.0,1.0,1.0,1.0,1.0,True
EXP-EMBED-FP32-EQUIV-001,GOLD-MODEL-C1-B10-R01737,F001,-0.15139339116831044,-0.151393369,2.2168310437331584e-08,1.4642852152433878e-07,True,1.0,1.0,1.0,1.0,1.0,True
EXP-EMBED-FP32-EQUIV-001,GOLD-MODEL-C1-B10-R01737,F002,0.021172161085316915,0.0211721566,4.485316916491566e-09,2.1184974450256636e-07,True,1.0,1.0,1.0,1.0,1.0,True
EXP-EMBED-FP32-EQUIV-001,GOLD-MODEL-C1-B10-R01737,F003,0.01975921735672705,0.0197592154,1.9567270512221846e-09,9.902857061066816e-08,True,1.0,1.0,1.0,1.0,1.0,True
EXP-EMBED-FP32-EQUIV-001,GOLD-MODEL-C1-B10-R01737,F004,-0.013576362783690189,-0.0135763623,4.836901885962863e-10,3.562737651481751e-08,True,1.0,1.0,1.0,1.0,1.0,True
EXP-EMBED-FP32-EQUIV-001,GOLD-MODEL-C1-B10-R01737,F005,0.04859103683513433,0.0485910289,7.935134327397009e-09,1.6330448667560466e-07,True,1.0,1.0,1.0,1.0,1.0,True
EXP-EMBED-FP32-EQUIV-001,GOLD-MODEL-C1-B10-R01737,F006,0.01770238780906332,0.0177023821,5.7090633193146445e-09,3.2250244322360294e-07,True,1.0,1.0,1.0,1.0,1.0,True
EXP-EMBED-FP32-EQUIV-001,GOLD-MODEL-C1-B10-R01737,F007,-0.06262177452117644,-0.0626217797,5.1788235644334435e-09,8.270004489703739e-08,True,1.0,1.0,1.0,1.0,1.0,True
EXP-EMBED-FP32-EQUIV-001,GOLD-MODEL-C1-B10-R01737,F008,-0.04535582269025345,-0.0453558229,2.0974655345895599e-10,4.62446806204727e-09,True,1.0,1.0,1.0,1.0,1.0,True
EXP-EMBED-FP32-EQUIV-001,GOLD-MODEL-C1-B10-R01737,F009,-0.31937572175645673,-0.319375694,2.7756456744132407e-08,8.690847441841049e-08,True,1.0,1.0,1.0,1.0,1.0,True
EXP-EMBED-FP32-EQUIV-001,GOLD-MODEL-C1-B10-R01737,F010,-0.002349553515309061,-0.00234954874,4.775309060938565e-09,2.0324325578557507e-06,True,1.0,1.0,1.0,1.0,1.0,True
EXP-EMBED-FP32-EQUIV-001,GOLD-MODEL-C1-B10-R01737,F011,0.00401700784013209,0.004017008,1.5986790970895504e-10,3.979775894679313e-08,True,1.0,1.0,1.0,1.0,1.0,True
EXP-EMBED-FP32-EQUIV-001,GOLD-MODEL-C1-B10-R01737,F012,-0.044133719980240994,-0.0441337153,4.680240993371054e-09,1.0604682758368055e-07,True,1.0,1.0,1.0,1.0,1.0,True
EXP-EMBED-FP32-EQUIV-001,GOLD-MODEL-C1-B10-R01737,F013,-0.024876393360145004,-0.0248763915,1.8601450033073341e-09,7.477551011423995e-08,True,1.0,1.0,1.0,1.0,1.0,True
EXP-EMBED-FP32-EQUIV-001,GOLD-MODEL-C1-B10-R01737,F014,-0.09394146297298714,-0.0939414501,1.2872987134593394e-08,1.370320061791567e-07,True,1.0,1.0,1.0,1.0,1.0,True
EXP-EMBED-FP32-EQUIV-001,GOLD-MODEL-C1-B10-R01737,F015,-0.21649741426263472,-0.216497391,2.3262634707421626e-08,1.0744994246998969e-07,True,1.0,1.0,1.0,1.0,1.0,True
EXP-EMBED-FP32-EQUIV-001,GOLD-MODEL-C1-B10-R01737,F016,-0.20009000060976875,-0.200090021,2.039023125344208e-08,1.019052985721596e-07,True,1.0,1.0,1.0,1.0,1.0,True
EXP-EMBED-FP32-EQUIV-001,GOLD-MODEL-C1-B10-R01737,F017,-0.0022234771517418146,-0.00222347723,7.825818552215091e-11,3.5196307486607393e-08,True,1.0,1.0,1.0,1.0,1.0,True
EXP-EMBED-FP32-EQUIV-001,GOLD-MODEL-C1-B10-R01737,F018,-0.049671580674100636,-0.0496715829,2.2258993606638633e-09,4.481233193016694e-08,True,1.0,1.0,1.0,1.0,1.0,True
EXP-EMBED-FP32-EQUIV-001,GOLD-MODEL-C1-B10-R01737,F019,-0.020759483795661754,-0.0207594838,4.3382450409801265e-12,2.0897653735911865e-10,True,1.0,1.0,1.0,1.0,1.0,True
EXP-EMBED-FP32-EQUIV-001,GOLD-MODEL-C1-B10-R01737,F020,-0.008926268357629906,-0.00892626774,6.176299055526968e-10,6.91923971818263e-08,True,1.0,1.0,1.0,1.0,1.0,True
EXP-EMBED-FP32-EQUIV-001,GOLD-MODEL-C1-B10-R01737,F021,0.08375754246733344,0.0837575421,3.6733344144224134e-10,4.385675971635704e-09,True,1.0,1.0,1.0,1.0,1.0,True
EXP-EMBED-FP32-EQUIV-001,GOLD-MODEL-C1-B10-R01737,F022,0.04785921502835115,0.0478592142,8.283511515605468e-10,1.7308080608297542e-08,True,1.0,1.0,1.0,1.0,1.0,True
EXP-EMBED-FP32-EQUIV-001,GOLD-MODEL-C1-B10-R01737,F023,0.036535930329561477,0.0365359336,3.27043852416109e-09,8.951293958196968e-08,True,1.0,1.0,1.0,1.0,1.0,True
EXP-EMBED-FP32-EQUIV-001,GOLD-MODEL-C1-B10-R01737,F024,-0.3423992869646315,-0.342399269,1.796463150460781e-08,5.246690687899559e-08,True,1.0,1.0,1.0,1.0,1.0,True
EXP-EMBED-FP32-EQUIV-001,GOLD-MODEL-C1-B10-R01737,F025,-0.004237850498930329,-0.00423785346,2.9610696707094153e-09,6.987197097813657e-07,True,1.0,1.0,1.0,1.0,1.0,True
EXP-EMBED-FP32-EQUIV-001,GOLD-MODEL-C1-B10-R01737,F026,-0.10832211844877539,-0.108322121,2.551224606572866e-09,2.355220377063913e-08,True,1.0,1.0,1.0,1.0,1.0,True
EXP-EMBED-FP32-EQUIV-001,GOLD-MODEL-C1-B10-R01737,F027,-0.07181308539080619,-0.0718130916,6.2091938118902235e-09,8.646326471143587e-08,True,1.0,1.0,1.0,1.0,1.0,True
EXP-EMBED-FP32-EQUIV-001,GOLD-MODEL-C1-B10-R01737,F028,-0.020410651920565237,-0.0204106476,4.320565235443885e-09,2.1168188317839065e-07,True,1.0,1.0,1.0,1.0,1.0,True
EXP-EMBED-FP32-EQUIV-001,GOLD-MODEL-C1-B10-R01737,F029,0.044915503705253115,0.044915501,2.7052531187399254e-09,6.022982924765755e-08,True,1.0,1.0,1.0,1.0,1.0,True
EXP-EMBED-FP32-EQUIV-001,GOLD-MODEL-C1-B10-R01737,F030,0.03241430217660013,0.0324143022,2.3399872317586556e-11,7.218996167216247e-10,True,1.0,1.0,1.0,1.0,1.0,True
EXP-EMBED-FP32-EQUIV-001,GOLD-MODEL-C1-B10-R01737,F031,0.0545959601245067,0.0545959547,5.424506704931886e-09,9.93572911358503e-08,True,1.0,1.0,1.0,1.0,1.0,True
EXP-EMBED-FP32-EQUIV-001,GOLD-MODEL-C1-B10-R01737,F032,0.06154533825464277,0.0615453795,4.124535722682676e-08,6.701621665669431e-07,True,1.0,1.0,1.0,1.0,1.0,True
EXP-EMBED-FP32-EQUIV-001,GOLD-MODEL-C1-B10-R01737,F033,0.017370967215161112,0.0173710342,6.698483888747941e-08,3.856137545928708e-06,True,1.0,1.0,1.0,1.0,1.0,True
EXP-EMBED-FP32-EQUIV-001,GOLD-MODEL-C1-B10-R01737,F034,0.00940153079383229,0.00940153282,2.026167711041693e-09,2.1551465984357836e-07,True,1.0,1.0,1.0,1.0,1.0,True
EXP-EMBED-FP32-EQUIV-001,GOLD-MODEL-C1-B10-R01737,F035,0.007048885960808465,0.00704889093,4.969191534816286e-09,7.049612608921183e-07,True,1.0,1.0,1.0,1.0,1.0,True
EXP-EMBED-FP32-EQUIV-001,GOLD-MODEL-C1-B10-R01737,F036,0.18166523043821825,0.181665257,2.656178174631485e-08,1.4621279857593957e-07,True,1.0,1.0,1.0,1.0,1.0,True
EXP-EMBED-FP32-EQUIV-001,GOLD-MODEL-C1-B10-R01737,F037,-0.027174622128748473,-0.0271746051,1.702874847381297e-08,6.26641592038845e-07,True,1.0,1.0,1.0,1.0,1.0,True
EXP-EMBED-FP32-EQUIV-001,GOLD-MODEL-C1-B10-R01737,F038,0.021795159281974372,0.0217951499,9.381974371003299e-09,4.3046138133813204e-07,True,1.0,1.0,1.0,1.0,1.0,True
EXP-EMBED-FP32-EQUIV-001,GOLD-MODEL-C1-B10-R01737,F039,0.810719121193885,0.810719013,1.0819388496230431e-07,1.3345421630487182e-07,True,1.0,1.0,1.0,1.0,1.0,True
EXP-EMBED-FP32-EQUIV-001,GOLD-MODEL-C1-B10-R01737,F040,-0.11218077310347788,-0.112180769,4.103477876937767e-09,3.657915490698779e-08,True,1.0,1.0,1.0,1.0,1.0,True
EXP-EMBED-FP32-EQUIV-001,GOLD-MODEL-C1-B10-R01737,F041,0.010148909753239335,0.0101489555,4.5746760664322483e-08,4.507554188243817e-06,True,1.0,1.0,1.0,1.0,1.0,True
EXP-EMBED-FP32-EQUIV-001,GOLD-MODEL-C1-B10-R01737,F042,-0.016864456773578965,-0.0168644581,1.326421035507952e-09,7.865186844239274e-08,True,1.0,1.0,1.0,1.0,1.0,True
EXP-EMBED-FP32-EQUIV-001,GOLD-MODEL-C1-B10-R01737,F043,0.03422917845518687,0.0342291817,3.2448131265239155e-09,9.479669898510862e-08,True,1.0,1.0,1.0,1.0,1.0,True
EXP-EMBED-FP32-EQUIV-001,GOLD-MODEL-C1-B10-R01737,F044,0.050617400327737684,0.0506173931,7.22773768613294e-09,1.4279156257205553e-07,True,1.0,1.0,1.0,1.0,1.0,True
EXP-EMBED-FP32-EQUIV-001,GOLD-MODEL-C1-B10-R01737,F045,-0.12730090989198517,-0.127300948,3.810801482706516e-08,2.99353829123451e-07,True,1.0,1.0,1.0,1.0,1.0,True
EXP-EMBED-FP32-EQUIV-001,GOLD-MODEL-C1-B10-R01737,F046,-0.07507750103087141,-0.0750774965,4.530871414165638e-09,6.034925712701295e-08,True,1.0,1.0,1.0,1.0,1.0,True
EXP-EMBED-FP32-EQUIV-001,GOLD-MODEL-C1-B10-R01737,F047,0.18363200651929706,0.183632031,2.4480702937035304e-08,1.3331392169078507e-07,True,1.0,1.0,1.0,1.0,1.0,True
EXP-EMBED-FP32-EQUIV-001,GOLD-MODEL-C1-B10-R01737,F048,-0.005835331892270783,-0.00583533989,7.997729216738247e-09,1.370569723263158e-06,True,1.0,1.0,1.0,1.0,1.0,True
EXP-EMBED-FP32-EQUIV-001,GOLD-MODEL-C1-B10-R01737,F049,0.02928807604211134,0.0292881243,4.825788866083536e-08,1.6476974653933775e-06,True,1.0,1.0,1.0,1.0,1.0,True
EXP-EMBED-FP32-EQUIV-001,GOLD-MODEL-C1-B10-R01737,F050,0.008237656520995234,0.00823765807,1.5490047664684647e-09,1.8803949430527136e-07,True,1.0,1.0,1.0,1.0,1.0,True
EXP-EMBED-FP32-EQUIV-001,GOLD-MODEL-C1-B10-R01737,F051,0.02926373505115079,0.0292637367,1.6488492099453467e-09,5.63444552468536e-08,True,1.0,1.0,1.0,1.0,1.0,True
EXP-EMBED-FP32-EQUIV-001,GOLD-MODEL-C1-B10-R01737,F052,-3.600556511232401e-05,-3.60055201e-05,4.501232401404615e-11,1.250149077611319e-06,True,1.0,1.0,1.0,1.0,1.0,True
EXP-EMBED-FP32-EQUIV-001,GOLD-MODEL-C1-B10-R01737,F053,0.0087292620324604,0.00872926041,1.6224604004050347e-09,1.858645546865012e-07,True,1.0,1.0,1.0,1.0,1.0,True
EXP-EMBED-FP32-EQUIV-001,GOLD-MODEL-C1-B10-R01737,F054,0.0005296862483431163,0.00052970025,1.4001656883726697e-08,2.6433868969648627e-05,True,1.0,1.0,1.0,1.0,1.0,False
EXP-EMBED-FP32-EQUIV-001,GOLD-MODEL-C1-B10-R01737,F055,-0.1698733177480134,-0.169873312,5.748013398587659e-09,3.38370585492075e-08,True,1.0,1.0,1.0,1.0,1.0,True
EXP-EMBED-FP32-EQUIV-001,GOLD-MODEL-C1-B10-R01737,F056,-0.006222220807632697,-0.00622224435,2.3542367303015788e-08,3.7835956053081156e-06,True,1.0,1.0,1.0,1.0,1.0,True
EXP-EMBED-FP32-EQUIV-001,GOLD-MODEL-C1-B10-R01737,F057,0.03160140161601715,0.0316013843,1.7316017147939178e-08,5.479509218718503e-07,True,1.0,1.0,1.0,1.0,1.0,True
EXP-EMBED-FP32-EQUIV-001,GOLD-MODEL-C1-B10-R01737,F058,-0.004331922821106283,-0.00433192262,2.0110628266845065e-10,4.642425337972487e-08,True,1.0,1.0,1.0,1.0,1.0,True
EXP-EMBED-FP32-EQUIV-001,GOLD-MODEL-C1-B10-R01737,F059,0.008138211066139503,0.00813820958,1.4861395031262603e-09,1.8261255342830958e-07,True,1.0,1.0,1.0,1.0,1.0,True
EXP-EMBED-FP32-EQUIV-001,GOLD-MODEL-C1-B10-R01737,F060,-0.001623924947739155,-0.00162392401,9.377391549901526e-10,5.774522746852819e-07,True,1.0,1.0,1.0,1.0,1.0,True
EXP-EMBED-FP32-EQUIV-001,GOLD-MODEL-C1-B10-R01737,F061,0.011085383444695356,0.011085391,7.555304644066285e-09,6.815555530180325e-07,True,1.0,1.0,1.0,1.0,1.0,True
EXP-EMBED-FP32-EQUIV-001,GOLD-MODEL-C1-B10-R01737,F062,0.001482847783676098,0.00148284587,1.9136760980118656e-09,1.2905411594356029e-06,True,1.0,1.0,1.0,1.0,1.0,True
EXP-EMBED-FP32-EQUIV-001,GOLD-MODEL-C1-B10-R01737,F063,-0.011912061949506851,-0.0119120609,1.0495068512167416e-09,8.8104549461329e-08,True,1.0,1.0,1.0,1.0,1.0,True
EXP-EMBED-FP32-EQUIV-001,GOLD-MODEL-C1-B10-R01737,F064,-0.016254197829607058,-0.0162541885,9.329607059127554e-09,5.739813897265144e-07,True,1.0,1.0,1.0,1.0,1.0,True
EXP-EMBED-FP32-EQUIV-001,GOLD-MODEL-C1-B10-R01737,F065,-0.17944422916915811,-0.179444194,3.5169158113523835e-08,1.9598935154593714e-07,True,1.0,1.0,1.0,1.0,1.0,True
EXP-EMBED-FP32-EQUIV-001,GOLD-MODEL-C1-B10-R01737,F066,-0.006379066632774316,-0.00637906604,5.927743157441157e-10,9.292492928331626e-08,True,1.0,1.0,1.0,1.0,1.0,True
EXP-EMBED-FP32-EQUIV-001,GOLD-MODEL-C1-B10-R01737,F067,-0.0041215360116959926,-0.00412152754,8.471695992287587e-09,2.055470574137122e-06,True,1.0,1.0,1.0,1.0,1.0,True
EXP-EMBED-FP32-EQUIV-001,GOLD-MODEL-C1-B10-R01737,F068,-0.08952827707792181,-0.089528285,7.922078187894144e-09,8.848688309950481e-08,True,1.0,1.0,1.0,1.0,1.0,True
EXP-EMBED-FP32-EQUIV-001,GOLD-MODEL-C1-B10-R01737,F069,0.01123755871249489,0.0112375738,1.5087505109839805e-08,1.3425963321610247e-06,True,1.0,1.0,1.0,1.0,1.0,True
EXP-EMBED-FP32-EQUIV-001,GOLD-MODEL-C1-B10-R01737,F070,-0.061328927670379826,-0.0613289177,9.97037982730653e-09,1.6257221846260893e-07,True,1.0,1.0,1.0,1.0,1.0,True
EXP-EMBED-FP32-EQUIV-001,GOLD-MODEL-C1-B10-R01737,F071,-0.2583730293147904,-0.258373022,7.314790384516101e-09,2.8310967301482853e-08,True,1.0,1.0,1.0,1.0,1.0,True
EXP-EMBED-FP32-EQUIV-001,GOLD-MODEL-C1-B10-R01737,F072,0.025749955391196726,0.0257499702,1.4808803273924642e-08,5.751001525613286e-07,True,1.0,1.0,1.0,1.0,1.0,True
EXP-EMBED-FP32-EQUIV-001,GOLD-MODEL-C1-B10-R01737,F073,-0.1833373850672496,-0.18333739,4.93275040258645e-09,2.6905316669467488e-08,True,1.0,1.0,1.0,1.0,1.0,True
EXP-EMBED-FP32-EQUIV-001,GOLD-MODEL-C1-B10-R01737,F074,0.0118285321974327,0.0118285306,1.5974327000067845e-09,1.350491061226934e-07,True,1.0,1.0,1.0,1.0,1.0,True
EXP-EMBED-FP32-EQUIV-001,GOLD-MODEL-C1-B10-R01737,F075,0.013453065803307275,0.0134530654,4.033072747294808e-10,2.9978837584391546e-08,True,1.0,1.0,1.0,1.0,1.0,True
EXP-EMBED-FP32-EQUIV-001,GOLD-MODEL-C1-B10-R01737,F076,-0.03895638231690537,-0.0389563851,2.783094629754679e-09,7.144130086604415e-08,True,1.0,1.0,1.0,1.0,1.0,True
EXP-EMBED-FP32-EQUIV-001,GOLD-MODEL-C1-B10-R01737,F077,0.048103711894807354,0.0481037237,1.1805192649816387e-08,2.4541126214192884e-07,True,1.0,1.0,1.0,1.0,1.0,True
EXP-EMBED-FP32-EQUIV-001,GOLD-MODEL-C1-B10-R01737,F078,-0.00935151797667785,-0.00935152173,3.753322149607774e-09,4.013596679136312e-07,True,1.0,1.0,1.0,1.0,1.0,True
EXP-EMBED-FP32-EQUIV-001,GOLD-MODEL-C1-B10-R01737,F079,-0.16258776493137553,-0.162587762,2.9313755312010414e-09,1.802949645342813e-08,True,1.0,1.0,1.0,1.0,1.0,True
EXP-EMBED-FP32-EQUIV-001,GOLD-MODEL-C1-B10-R01737,F080,-0.2524048029804516,-0.252404809,6.019548415281406e-09,2.384878712370466e-08,True,1.0,1.0,1.0,1.0,1.0,True
EXP-EMBED-FP32-EQUIV-001,GOLD-MODEL-C1-B10-R01737,F081,0.01083411385514797,0.0108341146,7.448520307484774e-10,6.875061871299713e-08,True,1.0,1.0,1.0,1.0,1.0,True
EXP-EMBED-FP32-EQUIV-001,GOLD-MODEL-C1-B10-R01737,F082,-0.06074496438663335,-0.060744971,6.613366652918895e-09,1.088710269188031e-07,True,1.0,1.0,1.0,1.0,1.0,True
EXP-EMBED-FP32-EQUIV-001,GOLD-MODEL-C1-B10-R01737,F083,-0.02825138044527192,-0.028251376,4.4452719179244315e-09,1.573470693418233e-07,True,1.0,1.0,1.0,1.0,1.0,True
EXP-EMBED-FP32-EQUIV-001,GOLD-MODEL-C1-B10-R01737,F084,-0.012334636139401108,-0.0123346392,3.060598892379307e-09,2.481304562039485e-07,True,1.0,1.0,1.0,1.0,1.0,True
EXP-EMBED-FP32-EQUIV-001,GOLD-MODEL-C1-B10-R01737,F085,0.05765922802558501,0.0576592274,6.255850143466191e-10,1.0849694589546525e-08,True,1.0,1.0,1.0,1.0,1.0,True
EXP-EMBED-FP32-EQUIV-001,GOLD-MODEL-C1-B10-R01737,F086,0.03550805168048814,0.0355080515,1.8048813832383104e-10,5.083020041423738e-09,True,1.0,1.0,1.0,1.0,1.0,True
EXP-EMBED-FP32-EQUIV-001,GOLD-MODEL-C1-B10-R01737,F087,0.07645410184289501,0.0764540955,6.342895014777028e-09,8.296343638711495e-08,True,1.0,1.0,1.0,1.0,1.0,True
EXP-EMBED-FP32-EQUIV-001,GOLD-MODEL-C1-B10-R01737,F088,-0.25725085729837827,-0.257250786,7.12983782569232e-08,2.7715506570392553e-07,True,1.0,1.0,1.0,1.0,1.0,True
EXP-EMBED-FP32-EQUIV-001,GOLD-MODEL-C1-B10-R01737,F089,-0.04140393776781633,-0.0414039604,2.26321836688248e-08,5.466191113449361e-07,True,1.0,1.0,1.0,1.0,1.0,True
EXP-EMBED-FP32-EQUIV-001,GOLD-MODEL-C1-B10-R01737,F090,-0.07870115414361481,-0.0787011459,8.243614804670507e-09,1.0474579304933013e-07,True,1.0,1.0,1.0,1.0,1.0,True
EXP-EMBED-FP32-EQUIV-001,GOLD-MODEL-C1-B10-R01737,F091,-0.054783394905301167,-0.0547833927,2.205301163904494e-09,4.025491972004634e-08,True,1.0,1.0,1.0,1.0,1.0,True
EXP-EMBED-FP32-EQUIV-001,GOLD-MODEL-C1-B10-R01737,F092,0.016426038424457837,0.0164260417,3.2755421638941407e-09,1.9941157321396282e-07,True,1.0,1.0,1.0,1.0,1.0,True
EXP-EMBED-FP32-EQUIV-001,GOLD-MODEL-C1-B10-R01737,F093,0.0009905502131691397,0.000990550267,5.383086034219109e-11,5.434440336948299e-08,True,1.0,1.0,1.0,1.0,1.0,True
EXP-EMBED-FP32-EQUIV-001,GOLD-MODEL-C1-B10-R01737,F094,0.003713370796980373,0.0037133703,4.969803730874023e-10,1.338353749890895e-07,True,1.0,1.0,1.0,1.0,1.0,True
EXP-EMBED-FP32-EQUIV-001,GOLD-MODEL-C1-B10-R01737,F095,0.15228001703388402,0.152280033,1.5966115984866747e-08,1.0484708562459712e-07,True,1.0,1.0,1.0,1.0,1.0,True
EXP-EMBED-FP32-EQUIV-001,GOLD-MODEL-C1-B10-R01737,F096,0.0014137329200200697,0.00141374802,1.5099979930278604e-08,1.0680928283161322e-05,True,1.0,1.0,1.0,1.0,1.0,True
EXP-EMBED-FP32-EQUIV-001,GOLD-MODEL-C1-B10-R01737,F097,0.04385638061175401,0.04385636,2.0611754011912176e-08,4.699830155703271e-07,True,1.0,1.0,1.0,1.0,1.0,True
EXP-EMBED-FP32-EQUIV-001,GOLD-MODEL-C1-B10-R01737,F098,0.0012270207261438858,0.00122702122,4.938561142062842e-10,4.024839219776736e-07,True,1.0,1.0,1.0,1.0,1.0,True
EXP-EMBED-FP32-EQUIV-001,GOLD-MODEL-C1-B10-R01737,F099,0.04188707312402743,0.041887071,2.1240274331035813e-09,5.070842326018688e-08,True,1.0,1.0,1.0,1.0,1.0,True
EXP-EMBED-FP32-EQUIV-001,GOLD-MODEL-C1-B10-R01737,F100,-0.15758592417160994,-0.157585949,2.4828390066122807e-08,1.5755461787998824e-07,True,1.0,1.0,1.0,1.0,1.0,True
EXP-EMBED-FP32-EQUIV-001,GOLD-MODEL-C1-B10-R01737,F101,-0.053288901890601766,-0.0532888807,2.1190601766363226e-08,3.976550653992831e-07,True,1.0,1.0,1.0,1.0,1.0,True
EXP-EMBED-FP32-EQUIV-001,GOLD-MODEL-C1-B10-R01737,F102,-1.3935398979628793e-05,-1.39431368e-05,7.737820371207446e-09,0.0005552636406405613,True,1.0,1.0,1.0,1.0,1.0,False
EXP-EMBED-FP32-EQUIV-001,GOLD-MODEL-C1-B10-R01737,F103,0.5612969779971053,0.56129694,3.7997105351017524e-08,6.76951896064074e-08,True,1.0,1.0,1.0,1.0,1.0,True
EXP-EMBED-FP32-EQUIV-001,GOLD-MODEL-C1-B10-R01737,F104,-0.10152380799213734,-0.101523802,5.992137341870318e-09,5.902199159368006e-08,True,1.0,1.0,1.0,1.0,1.0,True
EXP-EMBED-FP32-EQUIV-001,GOLD-MODEL-C1-B10-R01737,F105,0.013444702619495062,0.0134447077,5.08050493862322e-09,3.7788154058955507e-07,True,1.0,1.0,1.0,1.0,1.0,True
EXP-EMBED-FP32-EQUIV-001,GOLD-MODEL-C1-B10-R01737,F106,0.041054835123898265,0.0410548411,5.97610173846963e-09,1.4556389571251512e-07,True,1.0,1.0,1.0,1.0,1.0,True
EXP-EMBED-FP32-EQUIV-001,GOLD-MODEL-C1-B10-R01737,F107,0.09770896422861763,0.0977089703,6.071382369077227e-09,6.213741407463413e-08,True,1.0,1.0,1.0,1.0,1.0,True
EXP-EMBED-FP32-EQUIV-001,GOLD-MODEL-C1-B10-R01737,F108,-0.095235676300509,-0.0952356681,8.200508994082867e-09,8.610753146968556e-08,True,1.0,1.0,1.0,1.0,1.0,True
EXP-EMBED-FP32-EQUIV-001,GOLD-MODEL-C1-B10-R01737,F109,-0.09085696642258131,-0.0908569545,1.1922581311107905e-08,1.312236340321473e-07,True,1.0,1.0,1.0,1.0,1.0,True
EXP-EMBED-FP32-EQUIV-001,GOLD-MODEL-C1-B10-R01737,F110,-0.041217922447461676,-0.0412179232,7.525383233231153e-10,1.825755105154406e-08,True,1.0,1.0,1.0,1.0,1.0,True
EXP-EMBED-FP32-EQUIV-001,GOLD-MODEL-C1-B10-R01737,F111,0.5667438707353931,0.566743851,1.9735393097519704e-08,3.482241999708181e-08,True,1.0,1.0,1.0,1.0,1.0,True
EXP-EMBED-FP32-EQUIV-001,GOLD-MODEL-C1-B10-R01737,F112,-0.021785984122654596,-0.0217859987,1.4577345403693487e-08,6.691157636773883e-07,True,1.0,1.0,1.0,1.0,1.0,True
EXP-EMBED-FP32-EQUIV-001,GOLD-MODEL-C1-B10-R01737,F113,0.03229420202873546,0.0322942212,1.9171264541151256e-08,5.936441632492612e-07,True,1.0,1.0,1.0,1.0,1.0,True
EXP-EMBED-FP32-EQUIV-001,GOLD-MODEL-C1-B10-R01737,F114,-0.010905322704534783,-0.0109053217,1.004534783480282e-09,9.211417311498395e-08,True,1.0,1.0,1.0,1.0,1.0,True
EXP-EMBED-FP32-EQUIV-001,GOLD-MODEL-C1-B10-R01737,F115,5.9912895660542753e-05,5.9912898e-05,2.339457247986943e-12,3.904764111622893e-08,True,1.0,1.0,1.0,1.0,1.0,True
EXP-EMBED-FP32-EQUIV-001,GOLD-MODEL-C1-B10-R01737,F116,-0.0013405414569887491,-0.00134053919,2.266988749066029e-09,1.6910993220294383e-06,True,1.0,1.0,1.0,1.0,1.0,True
EXP-EMBED-FP32-EQUIV-001,GOLD-MODEL-C1-B10-R01737,F117,0.013143462724602678,0.0131434575,5.224602677572632e-09,3.975058009479438e-07,True,1.0,1.0,1.0,1.0,1.0,True
EXP-EMBED-FP32-EQUIV-001,GOLD-MODEL-C1-B10-R01737,F118,0.007696795048503441,0.00769679807,3.021496559028891e-09,3.925655470865615e-07,True,1.0,1.0,1.0,1.0,1.0,True
EXP-EMBED-FP32-EQUIV-001,GOLD-MODEL-C1-B10-R01737,F119,-0.07632902659439154,-0.0763290226,3.994391539752229e-09,5.233122598272105e-08,True,1.0,1.0,1.0,1.0,1.0,True
EXP-EMBED-FP32-EQUIV-001,GOLD-MODEL-C1-B10-R01737,F120,0.001548228684703395,0.00154825253,2.384529660510136e-08,1.5401663100996977e-05,True,1.0,1.0,1.0,1.0,1.0,True
EXP-EMBED-FP32-EQUIV-001,GOLD-MODEL-C1-B10-R01737,F121,0.022186393194566466,0.0221863855,7.69456646662614e-09,3.468146624441223e-07,True,1.0,1.0,1.0,1.0,1.0,True
EXP-EMBED-FP32-EQUIV-001,GOLD-MODEL-C1-B10-R01737,F122,-0.0007677009710541919,-0.000767700607,3.640541918490184e-10,4.742135357066259e-07,True,1.0,1.0,1.0,1.0,1.0,True
EXP-EMBED-FP32-EQUIV-001,GOLD-MODEL-C1-B10-R01737,F123,0.020072845406197425,0.0200728457,2.938025760179652e-10,1.4636817554887093e-08,True,1.0,1.0,1.0,1.0,1.0,True
EXP-EMBED-FP32-EQUIV-001,GOLD-MODEL-C1-B10-R01737,F124,-0.0008583654926832638,-0.00085836387,1.6226832637994404e-09,1.890433944084713e-06,True,1.0,1.0,1.0,1.0,1.0,True
EXP-EMBED-FP32-EQUIV-001,GOLD-MODEL-C1-B10-R01737,F125,-0.01244655808957352,-0.012446573,1.4910426480302386e-08,1.197955802158096e-06,True,1.0,1.0,1.0,1.0,1.0,True
EXP-EMBED-FP32-EQUIV-001,GOLD-MODEL-C1-B10-R01737,F126,-0.016938434162393257,-0.0169384461,1.1937606743395168e-08,7.047644799363488e-07,True,1.0,1.0,1.0,1.0,1.0,True
EXP-EMBED-FP32-EQUIV-001,GOLD-MODEL-C1-B10-R01737,F127,0.007528124524088215,0.00752812391,6.140882151742244e-10,8.157253685287584e-08,True,1.0,1.0,1.0,1.0,1.0,True
EXP-EMBED-FP32-EQUIV-001,GOLD-MODEL-C1-B10-R02287,F000,0.20010065901638735,0.200100675,1.598361265564563e-08,7.987786114355896e-08,True,1.0,1.0,1.0,1.0,1.0,True
EXP-EMBED-FP32-EQUIV-001,GOLD-MODEL-C1-B10-R02287,F001,0.42648031359044586,0.426480323,9.409554135864084e-09,2.2063278974466784e-08,True,1.0,1.0,1.0,1.0,1.0,True
EXP-EMBED-FP32-EQUIV-001,GOLD-MODEL-C1-B10-R02287,F002,0.10541249214277758,0.105412491,1.1427775808980911e-09,1.0841007148851374e-08,True,1.0,1.0,1.0,1.0,1.0,True
EXP-EMBED-FP32-EQUIV-001,GOLD-MODEL-C1-B10-R02287,F003,0.08898217826795926,0.0889821649,1.3367959267318597e-08,1.5023187257860305e-07,True,1.0,1.0,1.0,1.0,1.0,True
EXP-EMBED-FP32-EQUIV-001,GOLD-MODEL-C1-B10-R02287,F004,0.0641492226237016,0.0641492233,6.762984061658983e-10,1.0542581476521624e-08,True,1.0,1.0,1.0,1.0,1.0,True
EXP-EMBED-FP32-EQUIV-001,GOLD-MODEL-C1-B10-R02287,F005,0.1761194584334785,0.176119447,1.1433478497302474e-08,6.491888289345935e-08,True,1.0,1.0,1.0,1.0,1.0,True
EXP-EMBED-FP32-EQUIV-001,GOLD-MODEL-C1-B10-R02287,F006,0.13618185540410613,0.136181861,5.595893859400292e-09,4.109133219543112e-08,True,1.0,1.0,1.0,1.0,1.0,True
EXP-EMBED-FP32-EQUIV-001,GOLD-MODEL-C1-B10-R02287,F007,0.03951294354508778,0.0395129435,4.508778073120112e-11,1.141088885968517e-09,True,1.0,1.0,1.0,1.0,1.0,True
EXP-EMBED-FP32-EQUIV-001,GOLD-MODEL-C1-B10-R02287,F008,0.25951311909412794,0.25951314,2.090587203351646e-08,8.055805466209859e-08,True,1.0,1.0,1.0,1.0,1.0,True
EXP-EMBED-FP32-EQUIV-001,GOLD-MODEL-C1-B10-R02287,F009,0.4298036370220269,0.42980364,2.9779730903456425e-09,6.928682853823839e-09,True,1.0,1.0,1.0,1.0,1.0,True
EXP-EMBED-FP32-EQUIV-001,GOLD-MODEL-C1-B10-R02287,F010,0.11742786930225577,0.117427871,1.6977442368615314e-09,1.4457762428538914e-08,True,1.0,1.0,1.0,1.0,1.0,True
EXP-EMBED-FP32-EQUIV-001,GOLD-MODEL-C1-B10-R02287,F011,0.07907515135631679,0.0790751427,8.65631678836909e-09,1.0946949376502956e-07,True,1.0,1.0,1.0,1.0,1.0,True
EXP-EMBED-FP32-EQUIV-001,GOLD-MODEL-C1-B10-R02287,F012,0.074735931297983,0.0747359321,8.020169944833455e-10,1.0731344087833567e-08,True,1.0,1.0,1.0,1.0,1.0,True
EXP-EMBED-FP32-EQUIV-001,GOLD-MODEL-C1-B10-R02287,F013,0.2187229427652358,0.218722954,1.1234764202283642e-08,5.136527544960096e-08,True,1.0,1.0,1.0,1.0,1.0,True
EXP-EMBED-FP32-EQUIV-001,GOLD-MODEL-C1-B10-R02287,F014,0.1780123274789848,0.178012341,1.3521015196360509e-08,7.595549919404727e-08,True,1.0,1.0,1.0,1.0,1.0,True
EXP-EMBED-FP32-EQUIV-001,GOLD-MODEL-C1-B10-R02287,F015,0.05131588279109022,0.0513158813,1.4910902235154566e-09,2.905708997710839e-08,True,1.0,1.0,1.0,1.0,1.0,True
EXP-EMBED-FP32-EQUIV-001,GOLD-MODEL-C1-B10-R02287,F016,-0.27991544812405234,-0.279915482,3.3875947658135175e-08,1.2102207250498766e-07,True,1.0,1.0,1.0,1.0,1.0,True
EXP-EMBED-FP32-EQUIV-001,GOLD-MODEL-C1-B10-R02287,F017,0.01013310823546759,0.0101331091,8.645324109379793e-10,8.531759365916668e-08,True,1.0,1.0,1.0,1.0,1.0,True
EXP-EMBED-FP32-EQUIV-001,GOLD-MODEL-C1-B10-R02287,F018,-0.04972799260816452,-0.0497279949,2.2918354852796696e-09,4.608743214990319e-08,True,1.0,1.0,1.0,1.0,1.0,True
EXP-EMBED-FP32-EQUIV-001,GOLD-MODEL-C1-B10-R02287,F019,-0.019095490549298974,-0.0190954898,7.492989735624622e-10,3.9239577094287856e-08,True,1.0,1.0,1.0,1.0,1.0,True
EXP-EMBED-FP32-EQUIV-001,GOLD-MODEL-C1-B10-R02287,F020,-0.015661477143322146,-0.0156614762,9.433221460908303e-10,6.023200349866429e-08,True,1.0,1.0,1.0,1.0,1.0,True
EXP-EMBED-FP32-EQUIV-001,GOLD-MODEL-C1-B10-R02287,F021,0.179148101060809,0.179148108,6.939190999588618e-09,3.873438210340404e-08,True,1.0,1.0,1.0,1.0,1.0,True
EXP-EMBED-FP32-EQUIV-001,GOLD-MODEL-C1-B10-R02287,F022,0.14481622001049665,0.14481622,1.0496659097469774e-11,7.248262036330564e-11,True,1.0,1.0,1.0,1.0,1.0,True
EXP-EMBED-FP32-EQUIV-001,GOLD-MODEL-C1-B10-R02287,F023,-0.016521250226844586,-0.016521249,1.2268445877261502e-09,7.425858036655781e-08,True,1.0,1.0,1.0,1.0,1.0,True
EXP-EMBED-FP32-EQUIV-001,GOLD-MODEL-C1-B10-R02287,F024,-0.3946833390548933,-0.394683361,2.194510673181327e-08,5.560180671513246e-08,True,1.0,1.0,1.0,1.0,1.0,True
EXP-EMBED-FP32-EQUIV-001,GOLD-MODEL-C1-B10-R02287,F025,-0.06741698958567495,-0.0674170032,1.3614325056199306e-08,2.0194204962085902e-07,True,1.0,1.0,1.0,1.0,1.0,True
EXP-EMBED-FP32-EQUIV-001,GOLD-MODEL-C1-B10-R02287,F026,-0.09100230903612777,-0.0910023153,6.263872226464073e-09,6.883201418523705e-08,True,1.0,1.0,1.0,1.0,1.0,True
EXP-EMBED-FP32-EQUIV-001,GOLD-MODEL-C1-B10-R02287,F027,-0.0608437704795304,-0.0608437769,6.420469600421086e-09,1.0552386135538916e-07,True,1.0,1.0,1.0,1.0,1.0,True
EXP-EMBED-FP32-EQUIV-001,GOLD-MODEL-C1-B10-R02287,F028,-0.02569359427666141,-0.0256935917,2.5766614085431794e-09,1.002841946050215e-07,True,1.0,1.0,1.0,1.0,1.0,True
EXP-EMBED-FP32-EQUIV-001,GOLD-MODEL-C1-B10-R02287,F029,0.09488822060437264,0.0948882177,2.904372645162745e-09,3.060835819940442e-08,True,1.0,1.0,1.0,1.0,1.0,True
EXP-EMBED-FP32-EQUIV-001,GOLD-MODEL-C1-B10-R02287,F030,0.07427511250091963,0.0742751136,1.0990803683830208e-09,1.4797424485481764e-08,True,1.0,1.0,1.0,1.0,1.0,True
EXP-EMBED-FP32-EQUIV-001,GOLD-MODEL-C1-B10-R02287,F031,-0.022632696588420816,-0.0226327013,4.711579182359316e-09,2.0817577631336344e-07,True,1.0,1.0,1.0,1.0,1.0,True
EXP-EMBED-FP32-EQUIV-001,GOLD-MODEL-C1-B10-R02287,F032,-0.16518662982409157,-0.165186644,1.4175908419344907e-08,8.581752914531239e-08,True,1.0,1.0,1.0,1.0,1.0,True
EXP-EMBED-FP32-EQUIV-001,GOLD-MODEL-C1-B10-R02287,F033,-0.14727025215017833,-0.147270188,6.415017833605319e-08,4.3559495145452906e-07,True,1.0,1.0,1.0,1.0,1.0,True
EXP-EMBED-FP32-EQUIV-001,GOLD-MODEL-C1-B10-R02287,F034,-0.004767446698878966,-0.00476744724,5.411210342656791e-10,1.1350332126270447e-07,True,1.0,1.0,1.0,1.0,1.0,True
EXP-EMBED-FP32-EQUIV-001,GOLD-MODEL-C1-B10-R02287,F035,0.0017058284394484277,0.00170582917,7.305515723615708e-10,4.282679051814797e-07,True,1.0,1.0,1.0,1.0,1.0,True
EXP-EMBED-FP32-EQUIV-001,GOLD-MODEL-C1-B10-R02287,F036,0.16160841681794932,0.161608413,3.8179493178081e-09,2.3624693521433303e-08,True,1.0,1.0,1.0,1.0,1.0,True
EXP-EMBED-FP32-EQUIV-001,GOLD-MODEL-C1-B10-R02287,F037,-0.18047820546778542,-0.180478185,2.0467785410982486e-08,1.1340862658696978e-07,True,1.0,1.0,1.0,1.0,1.0,True
EXP-EMBED-FP32-EQUIV-001,GOLD-MODEL-C1-B10-R02287,F038,-0.1163439946241544,-0.116344005,1.037584559937521e-08,8.918247678269989e-08,True,1.0,1.0,1.0,1.0,1.0,True
EXP-EMBED-FP32-EQUIV-001,GOLD-MODEL-C1-B10-R02287,F039,0.1616220878824659,0.161622077,1.0882465900641236e-08,6.733278874948785e-08,True,1.0,1.0,1.0,1.0,1.0,True
EXP-EMBED-FP32-EQUIV-001,GOLD-MODEL-C1-B10-R02287,F040,-0.26568470839185265,-0.265684694,1.4391852654060955e-08,5.416891601015562e-08,True,1.0,1.0,1.0,1.0,1.0,True
EXP-EMBED-FP32-EQUIV-001,GOLD-MODEL-C1-B10-R02287,F041,-0.1361023994511773,-0.136102363,3.645117729877967e-08,2.678217095787165e-07,True,1.0,1.0,1.0,1.0,1.0,True
EXP-EMBED-FP32-EQUIV-001,GOLD-MODEL-C1-B10-R02287,F042,-0.023909747770583616,-0.0239097495,1.729416384405047e-09,7.233101749959755e-08,True,1.0,1.0,1.0,1.0,1.0,True
EXP-EMBED-FP32-EQUIV-001,GOLD-MODEL-C1-B10-R02287,F043,0.03831292090463128,0.0383129269,5.995368722311323e-09,1.5648425076320924e-07,True,1.0,1.0,1.0,1.0,1.0,True
EXP-EMBED-FP32-EQUIV-001,GOLD-MODEL-C1-B10-R02287,F044,0.024733361240704767,0.0247333571,4.14070476864592e-09,1.6741375053510244e-07,True,1.0,1.0,1.0,1.0,1.0,True
EXP-EMBED-FP32-EQUIV-001,GOLD-MODEL-C1-B10-R02287,F045,-0.23562377515349642,-0.235623792,1.684650358102502e-08,7.149746909050419e-08,True,1.0,1.0,1.0,1.0,1.0,True
EXP-EMBED-FP32-EQUIV-001,GOLD-MODEL-C1-B10-R02287,F046,-0.19687195103452337,-0.196871951,3.4523384151441405e-11,1.753595876407371e-10,True,1.0,1.0,1.0,1.0,1.0,True
EXP-EMBED-FP32-EQUIV-001,GOLD-MODEL-C1-B10-R02287,F047,0.0344587960295344,0.0344588086,1.257046559899333e-08,3.6479700533411757e-07,True,1.0,1.0,1.0,1.0,1.0,True
EXP-EMBED-FP32-EQUIV-001,GOLD-MODEL-C1-B10-R02287,F048,-0.09266961355749954,-0.0926696211,7.542500457535795e-09,8.139130150635441e-08,True,1.0,1.0,1.0,1.0,1.0,True
EXP-EMBED-FP32-EQUIV-001,GOLD-MODEL-C1-B10-R02287,F049,0.2508071144942767,0.250807136,2.1505723313275382e-08,8.574606568334063e-08,True,1.0,1.0,1.0,1.0,1.0,True
EXP-EMBED-FP32-EQUIV-001,GOLD-MODEL-C1-B10-R02287,F050,0.02452979226810991,0.0245297924,1.3189008912783962e-10,5.376730780525363e-09,True,1.0,1.0,1.0,1.0,1.0,True
EXP-EMBED-FP32-EQUIV-001,GOLD-MODEL-C1-B10-R02287,F051,0.040639600509069854,0.0406396016,1.0909301448314146e-09,2.6844017440278313e-08,True,1.0,1.0,1.0,1.0,1.0,True
EXP-EMBED-FP32-EQUIV-001,GOLD-MODEL-C1-B10-R02287,F052,-0.00018410317945921135,-0.000184103148,3.1459211348146623e-11,1.7087815343849895e-07,True,1.0,1.0,1.0,1.0,1.0,True
EXP-EMBED-FP32-EQUIV-001,GOLD-MODEL-C1-B10-R02287,F053,0.293261995521503,0.293261975,2.0521502996917462e-08,6.997668743413006e-08,True,1.0,1.0,1.0,1.0,1.0,True
EXP-EMBED-FP32-EQUIV-001,GOLD-MODEL-C1-B10-R02287,F054,0.25033323850363043,0.250333279,4.049636959102543e-08,1.617698465976508e-07,True,1.0,1.0,1.0,1.0,1.0,True
EXP-EMBED-FP32-EQUIV-001,GOLD-MODEL-C1-B10-R02287,F055,0.07793422914306883,0.077934213,1.6143068826135476e-08,2.0713708217349036e-07,True,1.0,1.0,1.0,1.0,1.0,True
EXP-EMBED-FP32-EQUIV-001,GOLD-MODEL-C1-B10-R02287,F056,-0.1646434677866175,-0.164643466,1.7866175205938362e-09,1.0851432763244163e-08,True,1.0,1.0,1.0,1.0,1.0,True
EXP-EMBED-FP32-EQUIV-001,GOLD-MODEL-C1-B10-R02287,F057,0.18423400819960883,0.184233993,1.519960882157001e-08,8.250164543509227e-08,True,1.0,1.0,1.0,1.0,1.0,True
EXP-EMBED-FP32-EQUIV-001,GOLD-MODEL-C1-B10-R02287,F058,-0.01156351038962008,-0.0115635106,2.1037992008199335e-10,1.819343028141694e-08,True,1.0,1.0,1.0,1.0,1.0,True
EXP-EMBED-FP32-EQUIV-001,GOLD-MODEL-C1-B10-R02287,F059,0.010162576698947177,0.0101625752,1.4989471781856611e-09,1.4749676411701268e-07,True,1.0,1.0,1.0,1.0,1.0,True
EXP-EMBED-FP32-EQUIV-001,GOLD-MODEL-C1-B10-R02287,F060,-0.007323015204415008,-0.00732301502,1.8441500757027107e-10,2.518293386296511e-08,True,1.0,1.0,1.0,1.0,1.0,True
EXP-EMBED-FP32-EQUIV-001,GOLD-MODEL-C1-B10-R02287,F061,0.25199345651184163,0.251993418,3.8511841604638164e-08,1.528287366574077e-07,True,1.0,1.0,1.0,1.0,1.0,True
EXP-EMBED-FP32-EQUIV-001,GOLD-MODEL-C1-B10-R02287,F062,0.21603182702631318,0.21603182,7.026313170177545e-09,3.2524435250560204e-08,True,1.0,1.0,1.0,1.0,1.0,True
EXP-EMBED-FP32-EQUIV-001,GOLD-MODEL-C1-B10-R02287,F063,0.004163627282833674,0.00416362658,7.028336732051166e-10,1.688032154325743e-07,True,1.0,1.0,1.0,1.0,1.0,True
EXP-EMBED-FP32-EQUIV-001,GOLD-MODEL-C1-B10-R02287,F064,0.2475058473797576,0.247505844,3.379757584909271e-09,1.3655263585444028e-08,True,1.0,1.0,1.0,1.0,1.0,True
EXP-EMBED-FP32-EQUIV-001,GOLD-MODEL-C1-B10-R02287,F065,0.4480555662804675,0.448055595,2.8719532474408282e-08,6.4098149059554e-08,True,1.0,1.0,1.0,1.0,1.0,True
EXP-EMBED-FP32-EQUIV-001,GOLD-MODEL-C1-B10-R02287,F066,0.1168694280628327,0.116869442,1.3937167309130416e-08,1.1925417570827295e-07,True,1.0,1.0,1.0,1.0,1.0,True
EXP-EMBED-FP32-EQUIV-001,GOLD-MODEL-C1-B10-R02287,F067,0.09607164530962004,0.0960716531,7.790379966121641e-09,8.108927395814631e-08,True,1.0,1.0,1.0,1.0,1.0,True
EXP-EMBED-FP32-EQUIV-001,GOLD-MODEL-C1-B10-R02287,F068,0.08699724554547339,0.0869972557,1.0154526608463499e-08,1.1672239212626262e-07,True,1.0,1.0,1.0,1.0,1.0,True
EXP-EMBED-FP32-EQUIV-001,GOLD-MODEL-C1-B10-R02287,F069,0.21812583992414628,0.218125835,4.9241462851679074e-09,2.2574795754965528e-08,True,1.0,1.0,1.0,1.0,1.0,True
EXP-EMBED-FP32-EQUIV-001,GOLD-MODEL-C1-B10-R02287,F070,0.1801064405990086,0.180106461,2.040099139621887e-08,1.1327185928703079e-07,True,1.0,1.0,1.0,1.0,1.0,True
EXP-EMBED-FP32-EQUIV-001,GOLD-MODEL-C1-B10-R02287,F071,0.06280160144752563,0.0628015995,1.9475256268775e-09,3.101076377016867e-08,True,1.0,1.0,1.0,1.0,1.0,True
EXP-EMBED-FP32-EQUIV-001,GOLD-MODEL-C1-B10-R02287,F072,0.2475795123163937,0.24757953,1.7683606301499566e-08,7.142596790844648e-08,True,1.0,1.0,1.0,1.0,1.0,True
EXP-EMBED-FP32-EQUIV-001,GOLD-MODEL-C1-B10-R02287,F073,0.40845187327678395,0.408451885,1.172321606457416e-08,2.8701584768176646e-08,True,1.0,1.0,1.0,1.0,1.0,True
EXP-EMBED-FP32-EQUIV-001,GOLD-MODEL-C1-B10-R02287,F074,0.11847321182504521,0.118473209,2.825045211651833e-09,2.3845434492176225e-08,True,1.0,1.0,1.0,1.0,1.0,True
EXP-EMBED-FP32-EQUIV-001,GOLD-MODEL-C1-B10-R02287,F075,0.10693336240595852,0.106933363,5.940414826710594e-10,5.555249262768514e-09,True,1.0,1.0,1.0,1.0,1.0,True
EXP-EMBED-FP32-EQUIV-001,GOLD-MODEL-C1-B10-R02287,F076,0.08378810647610291,0.0837880969,9.576102910635598e-09,1.1428952524863162e-07,True,1.0,1.0,1.0,1.0,1.0,True
EXP-EMBED-FP32-EQUIV-001,GOLD-MODEL-C1-B10-R02287,F077,0.23087202117347866,0.230872035,1.3826521344517673e-08,5.98882500973487e-08,True,1.0,1.0,1.0,1.0,1.0,True
EXP-EMBED-FP32-EQUIV-001,GOLD-MODEL-C1-B10-R02287,F078,0.1895465336447917,0.189546525,8.644791715806122e-09,4.560775419932698e-08,True,1.0,1.0,1.0,1.0,1.0,True
EXP-EMBED-FP32-EQUIV-001,GOLD-MODEL-C1-B10-R02287,F079,0.05443610112420525,0.0544360951,6.02420525269709e-09,1.106656268227557e-07,True,1.0,1.0,1.0,1.0,1.0,True
EXP-EMBED-FP32-EQUIV-001,GOLD-MODEL-C1-B10-R02287,F080,-0.5121092335241496,-0.51210922,1.352414957800363e-08,2.6408720430474077e-08,True,1.0,1.0,1.0,1.0,1.0,True
EXP-EMBED-FP32-EQUIV-001,GOLD-MODEL-C1-B10-R02287,F081,-0.09116562734249625,-0.0911656171,1.0242496253920486e-08,1.1235041706498535e-07,True,1.0,1.0,1.0,1.0,1.0,True
EXP-EMBED-FP32-EQUIV-001,GOLD-MODEL-C1-B10-R02287,F082,-0.0779421728210012,-0.0779421777,4.878998802193557e-09,6.259767498910335e-08,True,1.0,1.0,1.0,1.0,1.0,True
EXP-EMBED-FP32-EQUIV-001,GOLD-MODEL-C1-B10-R02287,F083,-0.03183589131980364,-0.0318358913,1.980363789622075e-11,6.220538227526182e-10,True,1.0,1.0,1.0,1.0,1.0,True
EXP-EMBED-FP32-EQUIV-001,GOLD-MODEL-C1-B10-R02287,F084,-0.025012758430915823,-0.0250127595,1.069084175353563e-09,4.274155440737686e-08,True,1.0,1.0,1.0,1.0,1.0,True
EXP-EMBED-FP32-EQUIV-001,GOLD-MODEL-C1-B10-R02287,F085,0.1405662517674739,0.14056623,2.1767473906697532e-08,1.548556188487227e-07,True,1.0,1.0,1.0,1.0,1.0,True
EXP-EMBED-FP32-EQUIV-001,GOLD-MODEL-C1-B10-R02287,F086,0.1041584792552374,0.104158476,3.2552373990801797e-09,3.125273546960409e-08,True,1.0,1.0,1.0,1.0,1.0,True
EXP-EMBED-FP32-EQUIV-001,GOLD-MODEL-C1-B10-R02287,F087,-0.03208762691004049,-0.0320876352,8.28995951052125e-09,2.583537739877938e-07,True,1.0,1.0,1.0,1.0,1.0,True
EXP-EMBED-FP32-EQUIV-001,GOLD-MODEL-C1-B10-R02287,F088,-0.5711504205734619,-0.571150362,5.857346185855761e-08,1.0255347759307802e-07,True,1.0,1.0,1.0,1.0,1.0,True
EXP-EMBED-FP32-EQUIV-001,GOLD-MODEL-C1-B10-R02287,F089,-0.24317601083101548,-0.243176043,3.2168984531733e-08,1.3228683381144626e-07,True,1.0,1.0,1.0,1.0,1.0,True
EXP-EMBED-FP32-EQUIV-001,GOLD-MODEL-C1-B10-R02287,F090,-0.11302495694771993,-0.11302495,6.947719927152818e-09,6.147067085693745e-08,True,1.0,1.0,1.0,1.0,1.0,True
EXP-EMBED-FP32-EQUIV-001,GOLD-MODEL-C1-B10-R02287,F091,-0.0678714078073081,-0.0678713992,8.607308102370759e-09,1.2681788076074002e-07,True,1.0,1.0,1.0,1.0,1.0,True
EXP-EMBED-FP32-EQUIV-001,GOLD-MODEL-C1-B10-R02287,F092,-0.012567236480176196,-0.0125672333,3.18017619703459e-09,2.5305294461921374e-07,True,1.0,1.0,1.0,1.0,1.0,True
EXP-EMBED-FP32-EQUIV-001,GOLD-MODEL-C1-B10-R02287,F093,0.0033293486467331017,0.00332934852,1.2673310187741316e-10,3.8065434210913616e-08,True,1.0,1.0,1.0,1.0,1.0,True
EXP-EMBED-FP32-EQUIV-001,GOLD-MODEL-C1-B10-R02287,F094,0.02151960254862026,0.0215196032,6.513797418117306e-10,3.0269134401531695e-08,True,1.0,1.0,1.0,1.0,1.0,True
EXP-EMBED-FP32-EQUIV-001,GOLD-MODEL-C1-B10-R02287,F095,-0.04644713355766468,-0.0464471467,1.3142335317239962e-08,2.8295255940656903e-07,True,1.0,1.0,1.0,1.0,1.0,True
EXP-EMBED-FP32-EQUIV-001,GOLD-MODEL-C1-B10-R02287,F096,-0.17585564701145845,-0.175855651,3.988541552590874e-09,2.268077039534015e-08,True,1.0,1.0,1.0,1.0,1.0,True
EXP-EMBED-FP32-EQUIV-001,GOLD-MODEL-C1-B10-R02287,F097,-0.015861106831003495,-0.0158611201,1.3268996505721997e-08,8.365744362672891e-07,True,1.0,1.0,1.0,1.0,1.0,True
EXP-EMBED-FP32-EQUIV-001,GOLD-MODEL-C1-B10-R02287,F098,0.003760658728169796,0.00376065983,1.1018302043322437e-09,2.9298861821170164e-07,True,1.0,1.0,1.0,1.0,1.0,True
EXP-EMBED-FP32-EQUIV-001,GOLD-MODEL-C1-B10-R02287,F099,0.05910713463508831,0.0591071323,2.335088310212452e-09,3.950603128757069e-08,True,1.0,1.0,1.0,1.0,1.0,True
EXP-EMBED-FP32-EQUIV-001,GOLD-MODEL-C1-B10-R02287,F100,-0.11419466072932014,-0.114194676,1.5270679859513692e-08,1.3372498995999782e-07,True,1.0,1.0,1.0,1.0,1.0,True
EXP-EMBED-FP32-EQUIV-001,GOLD-MODEL-C1-B10-R02287,F101,-0.17573278031545783,-0.175732747,3.3315457836913254e-08,1.895802125084955e-07,True,1.0,1.0,1.0,1.0,1.0,True
EXP-EMBED-FP32-EQUIV-001,GOLD-MODEL-C1-B10-R02287,F102,-0.13904295362698849,-0.139042944,9.626988484168209e-09,6.923751425760559e-08,True,1.0,1.0,1.0,1.0,1.0,True
EXP-EMBED-FP32-EQUIV-001,GOLD-MODEL-C1-B10-R02287,F103,0.12896948544493647,0.128969491,5.55506352029056e-09,4.307269662374744e-08,True,1.0,1.0,1.0,1.0,1.0,True
EXP-EMBED-FP32-EQUIV-001,GOLD-MODEL-C1-B10-R02287,F104,-0.16407564243563733,-0.164075658,1.556436268757011e-08,9.486089742830421e-08,True,1.0,1.0,1.0,1.0,1.0,True
EXP-EMBED-FP32-EQUIV-001,GOLD-MODEL-C1-B10-R02287,F105,-0.0003470736921483042,-0.000347071909,1.7831483041974745e-09,5.137664837574428e-06,True,1.0,1.0,1.0,1.0,1.0,True
EXP-EMBED-FP32-EQUIV-001,GOLD-MODEL-C1-B10-R02287,F106,0.032346275492073265,0.0323462822,6.7079267349057226e-09,2.07378643533459e-07,True,1.0,1.0,1.0,1.0,1.0,True
EXP-EMBED-FP32-EQUIV-001,GOLD-MODEL-C1-B10-R02287,F107,0.10094437219894686,0.100944377,4.801053138381306e-09,4.7561374981055104e-08,True,1.0,1.0,1.0,1.0,1.0,True
EXP-EMBED-FP32-EQUIV-001,GOLD-MODEL-C1-B10-R02287,F108,-0.0861824006219441,-0.086182408,7.378055902340641e-09,8.560977472310062e-08,True,1.0,1.0,1.0,1.0,1.0,True
EXP-EMBED-FP32-EQUIV-001,GOLD-MODEL-C1-B10-R02287,F109,-0.1380531555124021,-0.138053149,6.512402117575533e-09,4.7173149309075274e-08,True,1.0,1.0,1.0,1.0,1.0,True
EXP-EMBED-FP32-EQUIV-001,GOLD-MODEL-C1-B10-R02287,F110,-0.08937694632271748,-0.0893769339,1.2422717479698697e-08,1.3899241348930647e-07,True,1.0,1.0,1.0,1.0,1.0,True
EXP-EMBED-FP32-EQUIV-001,GOLD-MODEL-C1-B10-R02287,F111,0.13251488934123395,0.132514909,1.9658766031716013e-08,1.4835137492431878e-07,True,1.0,1.0,1.0,1.0,1.0,True
EXP-EMBED-FP32-EQUIV-001,GOLD-MODEL-C1-B10-R02287,F112,-0.3143981498907813,-0.31439817,2.0109218679120744e-08,6.39609955914387e-08,True,1.0,1.0,1.0,1.0,1.0,True
EXP-EMBED-FP32-EQUIV-001,GOLD-MODEL-C1-B10-R02287,F113,0.20066191814028664,0.200661942,2.385971337171e-08,1.1890503984432767e-07,True,1.0,1.0,1.0,1.0,1.0,True
EXP-EMBED-FP32-EQUIV-001,GOLD-MODEL-C1-B10-R02287,F114,-0.03170407730930353,-0.0317040756,1.7093035320492334e-09,5.391431251486508e-08,True,1.0,1.0,1.0,1.0,1.0,True
EXP-EMBED-FP32-EQUIV-001,GOLD-MODEL-C1-B10-R02287,F115,9.125392019122624e-05,9.12539253e-05,5.108773755597984e-12,5.5984156569847567e-08,True,1.0,1.0,1.0,1.0,1.0,True
EXP-EMBED-FP32-EQUIV-001,GOLD-MODEL-C1-B10-R02287,F116,-0.02021972748575834,-0.0202197246,2.885758340620548e-09,1.4271994232628095e-07,True,1.0,1.0,1.0,1.0,1.0,True
EXP-EMBED-FP32-EQUIV-001,GOLD-MODEL-C1-B10-R02287,F117,0.21785939813074134,0.217859387,1.1130741356391027e-08,5.109139863551477e-08,True,1.0,1.0,1.0,1.0,1.0,True
EXP-EMBED-FP32-EQUIV-001,GOLD-MODEL-C1-B10-R02287,F118,0.1780204721695047,0.178020477,4.830495309304794e-09,2.7134493299767063e-08,True,1.0,1.0,1.0,1.0,1.0,True
EXP-EMBED-FP32-EQUIV-001,GOLD-MODEL-C1-B10-R02287,F119,0.027796099346998695,0.0277961027,3.3530013036908723e-09,1.2062848322107882e-07,True,1.0,1.0,1.0,1.0,1.0,True
EXP-EMBED-FP32-EQUIV-001,GOLD-MODEL-C1-B10-R02287,F120,-0.319480101014978,-0.319480091,1.0014977958050508e-08,3.1347736294790335e-08,True,1.0,1.0,1.0,1.0,1.0,True
EXP-EMBED-FP32-EQUIV-001,GOLD-MODEL-C1-B10-R02287,F121,0.20617032939346375,0.206170321,8.393463757361275e-09,4.071130788825996e-08,True,1.0,1.0,1.0,1.0,1.0,True
EXP-EMBED-FP32-EQUIV-001,GOLD-MODEL-C1-B10-R02287,F122,-0.0035403052877174663,-0.00354030519,9.771746606324072e-11,2.7601423640570247e-08,True,1.0,1.0,1.0,1.0,1.0,True
EXP-EMBED-FP32-EQUIV-001,GOLD-MODEL-C1-B10-R02287,F123,0.034760360041438294,0.0347603559,4.1414382964677365e-09,1.1914256042027966e-07,True,1.0,1.0,1.0,1.0,1.0,True
EXP-EMBED-FP32-EQUIV-001,GOLD-MODEL-C1-B10-R02287,F124,0.008643586748799096,0.00864358619,5.587990955374655e-10,6.464898331877132e-08,True,1.0,1.0,1.0,1.0,1.0,True
EXP-EMBED-FP32-EQUIV-001,GOLD-MODEL-C1-B10-R02287,F125,0.22768012400752072,0.227680132,7.992479289509191e-09,3.510398338172542e-08,True,1.0,1.0,1.0,1.0,1.0,True
EXP-EMBED-FP32-EQUIV-001,GOLD-MODEL-C1-B10-R02287,F126,0.19494483049691183,0.194944799,3.149691182868786e-08,1.6156833576146973e-07,True,1.0,1.0,1.0,1.0,1.0,True
EXP-EMBED-FP32-EQUIV-001,GOLD-MODEL-C1-B10-R02287,F127,-0.0031645467581035156,-0.0031645468,4.1896484545556056e-11,1.323933180581735e-08,True,1.0,1.0,1.0,1.0,1.0,True
EXP-EMBED-FP32-EQUIV-001,GOLD-MODEL-C1-B10-R02482,F000,0.051720129146659174,0.0517201312,2.0533408237599637e-09,3.970099954579479e-08,True,1.0,1.0,1.0,1.0,1.0,True
EXP-EMBED-FP32-EQUIV-001,GOLD-MODEL-C1-B10-R02482,F001,0.19367152515992545,0.193671525,1.5992543400678016e-10,8.257560520304715e-10,True,1.0,1.0,1.0,1.0,1.0,True
EXP-EMBED-FP32-EQUIV-001,GOLD-MODEL-C1-B10-R02482,F002,0.013847072809458174,0.0138470745,1.690541826318559e-09,1.220865846219746e-07,True,1.0,1.0,1.0,1.0,1.0,True
EXP-EMBED-FP32-EQUIV-001,GOLD-MODEL-C1-B10-R02482,F003,0.0041137653148580365,0.00411376031,5.004858036686266e-09,1.2166124349898606e-06,True,1.0,1.0,1.0,1.0,1.0,True
EXP-EMBED-FP32-EQUIV-001,GOLD-MODEL-C1-B10-R02482,F004,-0.03715593323421409,-0.0371559411,7.865785911498335e-09,2.1169663165007865e-07,True,1.0,1.0,1.0,1.0,1.0,True
EXP-EMBED-FP32-EQUIV-001,GOLD-MODEL-C1-B10-R02482,F005,0.14136905359412563,0.14136906,6.405874358739183e-09,4.531313039083236e-08,True,1.0,1.0,1.0,1.0,1.0,True
EXP-EMBED-FP32-EQUIV-001,GOLD-MODEL-C1-B10-R02482,F006,0.11054958954098931,0.110549591,1.4590106900413957e-09,1.3197793823562115e-08,True,1.0,1.0,1.0,1.0,1.0,True
EXP-EMBED-FP32-EQUIV-001,GOLD-MODEL-C1-B10-R02482,F007,0.03354462710990121,0.0335446261,1.009901204329644e-09,3.010619855814573e-08,True,1.0,1.0,1.0,1.0,1.0,True
EXP-EMBED-FP32-EQUIV-001,GOLD-MODEL-C1-B10-R02482,F008,0.10125624865755889,0.101256259,1.0342441111865774e-08,1.0214126287497715e-07,True,1.0,1.0,1.0,1.0,1.0,True
EXP-EMBED-FP32-EQUIV-001,GOLD-MODEL-C1-B10-R02482,F009,0.36297454318329725,0.362974584,4.0816702739920885e-08,1.1245059331697815e-07,True,1.0,1.0,1.0,1.0,1.0,True
EXP-EMBED-FP32-EQUIV-001,GOLD-MODEL-C1-B10-R02482,F010,0.031124428059453424,0.0311244372,9.140546576580366e-09,2.9367757566886784e-07,True,1.0,1.0,1.0,1.0,1.0,True
EXP-EMBED-FP32-EQUIV-001,GOLD-MODEL-C1-B10-R02482,F011,0.01579118135968095,0.0157911796,1.7596809495645793e-09,1.1143440819807876e-07,True,1.0,1.0,1.0,1.0,1.0,True
EXP-EMBED-FP32-EQUIV-001,GOLD-MODEL-C1-B10-R02482,F012,-0.03762833150392618,-0.0376283266,4.903926181798468e-09,1.3032536883243913e-07,True,1.0,1.0,1.0,1.0,1.0,True
EXP-EMBED-FP32-EQUIV-001,GOLD-MODEL-C1-B10-R02482,F013,0.14929549263580752,0.149295494,1.3641924812013428e-09,9.137532936303467e-09,True,1.0,1.0,1.0,1.0,1.0,True
EXP-EMBED-FP32-EQUIV-001,GOLD-MODEL-C1-B10-R02482,F014,0.12292072755960456,0.122920729,1.4403954418096276e-09,1.1718084251585448e-08,True,1.0,1.0,1.0,1.0,1.0,True
EXP-EMBED-FP32-EQUIV-001,GOLD-MODEL-C1-B10-R02482,F015,0.03756243464379261,0.0375624336,1.0437926079021054e-09,2.7788204300399298e-08,True,1.0,1.0,1.0,1.0,1.0,True
EXP-EMBED-FP32-EQUIV-001,GOLD-MODEL-C1-B10-R02482,F016,0.08073610943275283,0.080736123,1.3567247172940888e-08,1.6804435175615435e-07,True,1.0,1.0,1.0,1.0,1.0,True
EXP-EMBED-FP32-EQUIV-001,GOLD-MODEL-C1-B10-R02482,F017,0.01249376911081867,0.0124937696,4.891813291246772e-10,3.9154023480478975e-08,True,1.0,1.0,1.0,1.0,1.0,True
EXP-EMBED-FP32-EQUIV-001,GOLD-MODEL-C1-B10-R02482,F018,0.017817128014777625,0.0178171229,5.114777625742084e-09,2.87070824293335e-07,True,1.0,1.0,1.0,1.0,1.0,True
EXP-EMBED-FP32-EQUIV-001,GOLD-MODEL-C1-B10-R02482,F019,0.010958213868706497,0.0109582143,4.3129350264792254e-10,3.935801106050436e-08,True,1.0,1.0,1.0,1.0,1.0,True
EXP-EMBED-FP32-EQUIV-001,GOLD-MODEL-C1-B10-R02482,F020,0.056217798167610425,0.0562177934,4.767610424505353e-09,8.480606818308628e-08,True,1.0,1.0,1.0,1.0,1.0,True
EXP-EMBED-FP32-EQUIV-001,GOLD-MODEL-C1-B10-R02482,F021,0.1766896299566869,0.17668964,1.0043313097840567e-08,5.68415537476792e-08,True,1.0,1.0,1.0,1.0,1.0,True
EXP-EMBED-FP32-EQUIV-001,GOLD-MODEL-C1-B10-R02482,F022,0.14099029247193698,0.140990302,9.52806303300413e-09,6.757956782663329e-08,True,1.0,1.0,1.0,1.0,1.0,True
EXP-EMBED-FP32-EQUIV-001,GOLD-MODEL-C1-B10-R02482,F023,-0.020885053406562777,-0.0208850522,1.2065627767732234e-09,5.777159163950624e-08,True,1.0,1.0,1.0,1.0,1.0,True
EXP-EMBED-FP32-EQUIV-001,GOLD-MODEL-C1-B10-R02482,F024,0.16905259673461787,0.169052616,1.9265382122934938e-08,1.1396087664467005e-07,True,1.0,1.0,1.0,1.0,1.0,True
EXP-EMBED-FP32-EQUIV-001,GOLD-MODEL-C1-B10-R02482,F025,-0.10468849089372848,-0.104688488,2.893728479058666e-09,2.764132383946724e-08,True,1.0,1.0,1.0,1.0,1.0,True
EXP-EMBED-FP32-EQUIV-001,GOLD-MODEL-C1-B10-R02482,F026,0.0537130831277639,0.0537130944,1.1272236102866096e-08,2.0986015783256275e-07,True,1.0,1.0,1.0,1.0,1.0,True
EXP-EMBED-FP32-EQUIV-001,GOLD-MODEL-C1-B10-R02482,F027,0.04949882653941888,0.0494988114,1.5139418878262756e-08,3.0585409668664227e-07,True,1.0,1.0,1.0,1.0,1.0,True
EXP-EMBED-FP32-EQUIV-001,GOLD-MODEL-C1-B10-R02482,F028,0.09345877937039841,0.0934587866,7.229601584057832e-09,7.735604544336359e-08,True,1.0,1.0,1.0,1.0,1.0,True
EXP-EMBED-FP32-EQUIV-001,GOLD-MODEL-C1-B10-R02482,F029,0.10064641991633735,0.100646421,1.0836626457289e-09,1.0767026255178256e-08,True,1.0,1.0,1.0,1.0,1.0,True
EXP-EMBED-FP32-EQUIV-001,GOLD-MODEL-C1-B10-R02482,F030,0.07765247588736894,0.0776524693,6.5873689419904125e-09,8.483140900162751e-08,True,1.0,1.0,1.0,1.0,1.0,True
EXP-EMBED-FP32-EQUIV-001,GOLD-MODEL-C1-B10-R02482,F031,-0.03525176340497319,-0.0352517664,2.9950268098932753e-09,8.496104933776866e-08,True,1.0,1.0,1.0,1.0,1.0,True
EXP-EMBED-FP32-EQUIV-001,GOLD-MODEL-C1-B10-R02482,F032,0.2208514503061141,0.220851466,1.5693885885292858e-08,7.106082329792327e-08,True,1.0,1.0,1.0,1.0,1.0,True
EXP-EMBED-FP32-EQUIV-001,GOLD-MODEL-C1-B10-R02482,F033,-0.167959692261528,-0.167959645,4.726152799672256e-08,2.8138613116254234e-07,True,1.0,1.0,1.0,1.0,1.0,True
EXP-EMBED-FP32-EQUIV-001,GOLD-MODEL-C1-B10-R02482,F034,0.1017891036054257,0.101789102,1.605425695161422e-09,1.5772078133084644e-08,True,1.0,1.0,1.0,1.0,1.0,True
EXP-EMBED-FP32-EQUIV-001,GOLD-MODEL-C1-B10-R02482,F035,-0.16116867976364013,-0.16116868,2.363598761156993e-10,1.4665372730131553e-09,True,1.0,1.0,1.0,1.0,1.0,True
EXP-EMBED-FP32-EQUIV-001,GOLD-MODEL-C1-B10-R02482,F036,0.5605259479238824,0.560525954,6.076117609055132e-09,1.084002913970407e-08,True,1.0,1.0,1.0,1.0,1.0,True
EXP-EMBED-FP32-EQUIV-001,GOLD-MODEL-C1-B10-R02482,F037,-0.09994665860380113,-0.0999466479,1.070380112322411e-08,1.07095137273724e-07,True,1.0,1.0,1.0,1.0,1.0,True
EXP-EMBED-FP32-EQUIV-001,GOLD-MODEL-C1-B10-R02482,F038,-0.06269530848086753,-0.062695317,8.51913246890934e-09,1.3588149855756892e-07,True,1.0,1.0,1.0,1.0,1.0,True
EXP-EMBED-FP32-EQUIV-001,GOLD-MODEL-C1-B10-R02482,F039,0.23988902226011768,0.239889026,3.7398823204970455e-09,1.55900519551153e-08,True,1.0,1.0,1.0,1.0,1.0,True
EXP-EMBED-FP32-EQUIV-001,GOLD-MODEL-C1-B10-R02482,F040,-0.03303007088820086,-0.0330300443,2.658820086320901e-08,8.049695367958462e-07,True,1.0,1.0,1.0,1.0,1.0,True
EXP-EMBED-FP32-EQUIV-001,GOLD-MODEL-C1-B10-R02482,F041,-0.17344973448803605,-0.173449725,9.488036051275017e-09,5.47019347090985e-08,True,1.0,1.0,1.0,1.0,1.0,True
EXP-EMBED-FP32-EQUIV-001,GOLD-MODEL-C1-B10-R02482,F042,0.02483117770349918,0.0248311739,3.803499178806069e-09,1.5317433688495913e-07,True,1.0,1.0,1.0,1.0,1.0,True
EXP-EMBED-FP32-EQUIV-001,GOLD-MODEL-C1-B10-R02482,F043,-0.07567294799071973,-0.0756729394,8.590719732803898e-09,1.1352431695746059e-07,True,1.0,1.0,1.0,1.0,1.0,True
EXP-EMBED-FP32-EQUIV-001,GOLD-MODEL-C1-B10-R02482,F044,0.13206596701649914,0.132065982,1.4983500856713405e-08,1.1345467114053313e-07,True,1.0,1.0,1.0,1.0,1.0,True
EXP-EMBED-FP32-EQUIV-001,GOLD-MODEL-C1-B10-R02482,F045,-0.18206050468501558,-0.18206051,5.314984424797942e-09,2.9193505939102174e-08,True,1.0,1.0,1.0,1.0,1.0,True
EXP-EMBED-FP32-EQUIV-001,GOLD-MODEL-C1-B10-R02482,F046,-0.1531438312850835,-0.153143838,6.714916511718627e-09,4.384712368347724e-08,True,1.0,1.0,1.0,1.0,1.0,True
EXP-EMBED-FP32-EQUIV-001,GOLD-MODEL-C1-B10-R02482,F047,0.03487410601705813,0.0348741077,1.682941869196597e-09,4.825763471537914e-08,True,1.0,1.0,1.0,1.0,1.0,True
EXP-EMBED-FP32-EQUIV-001,GOLD-MODEL-C1-B10-R02482,F048,0.08764133697024676,0.0876413211,1.5870246755644857e-08,1.8108175096681405e-07,True,1.0,1.0,1.0,1.0,1.0,True
EXP-EMBED-FP32-EQUIV-001,GOLD-MODEL-C1-B10-R02482,F049,0.1943455360117704,0.194345579,4.298822958714865e-08,2.211948391989055e-07,True,1.0,1.0,1.0,1.0,1.0,True
EXP-EMBED-FP32-EQUIV-001,GOLD-MODEL-C1-B10-R02482,F050,-0.049156716518952204,-0.0491567105,6.018952204700501e-09,1.224441466178872e-07,True,1.0,1.0,1.0,1.0,1.0,True
EXP-EMBED-FP32-EQUIV-001,GOLD-MODEL-C1-B10-R02482,F051,-0.08521341622525087,-0.0852134153,9.25250875916106e-10,1.0858042276703501e-08,True,1.0,1.0,1.0,1.0,1.0,True
EXP-EMBED-FP32-EQUIV-001,GOLD-MODEL-C1-B10-R02482,F052,0.0011018580673903512,0.00110185833,2.6260964887045435e-10,2.3833346294084952e-07,True,1.0,1.0,1.0,1.0,1.0,True
EXP-EMBED-FP32-EQUIV-001,GOLD-MODEL-C1-B10-R02482,F053,0.22217846244477446,0.222178444,1.844477445778203e-08,8.301783284852256e-08,True,1.0,1.0,1.0,1.0,1.0,True
EXP-EMBED-FP32-EQUIV-001,GOLD-MODEL-C1-B10-R02482,F054,0.19422948622777744,0.194229513,2.677222254998668e-08,1.3783809590367896e-07,True,1.0,1.0,1.0,1.0,1.0,True
EXP-EMBED-FP32-EQUIV-001,GOLD-MODEL-C1-B10-R02482,F055,0.04515060642434013,0.0451505892,1.7224340127797166e-08,3.814863518314062e-07,True,1.0,1.0,1.0,1.0,1.0,True
EXP-EMBED-FP32-EQUIV-001,GOLD-MODEL-C1-B10-R02482,F056,0.1811819890453905,0.181181982,7.045390520987738e-09,3.888571131219172e-08,True,1.0,1.0,1.0,1.0,1.0,True
EXP-EMBED-FP32-EQUIV-001,GOLD-MODEL-C1-B10-R02482,F057,0.1604941760305406,0.160494164,1.2030540591512207e-08,7.495935920580011e-08,True,1.0,1.0,1.0,1.0,1.0,True
EXP-EMBED-FP32-EQUIV-001,GOLD-MODEL-C1-B10-R02482,F058,0.024691084918116488,0.0246910825,2.4181164882952633e-09,9.793480101479983e-08,True,1.0,1.0,1.0,1.0,1.0,True
EXP-EMBED-FP32-EQUIV-001,GOLD-MODEL-C1-B10-R02482,F059,-0.022192757259326536,-0.0221927576,3.406734651323351e-10,1.5350659728825116e-08,True,1.0,1.0,1.0,1.0,1.0,True
EXP-EMBED-FP32-EQUIV-001,GOLD-MODEL-C1-B10-R02482,F060,0.03975724212930012,0.039757248,5.870699884558128e-09,1.4766366000602354e-07,True,1.0,1.0,1.0,1.0,1.0,True
EXP-EMBED-FP32-EQUIV-001,GOLD-MODEL-C1-B10-R02482,F061,0.19814840965210173,0.198148414,4.3478982636457886e-09,2.1942635175723053e-08,True,1.0,1.0,1.0,1.0,1.0,True
EXP-EMBED-FP32-EQUIV-001,GOLD-MODEL-C1-B10-R02482,F062,0.1727292741121839,0.172729269,5.112183898425826e-09,2.9596511215033386e-08,True,1.0,1.0,1.0,1.0,1.0,True
EXP-EMBED-FP32-EQUIV-001,GOLD-MODEL-C1-B10-R02482,F063,0.0025306977474271243,0.00253069727,4.774271243103423e-10,1.886543443584784e-07,True,1.0,1.0,1.0,1.0,1.0,True
EXP-EMBED-FP32-EQUIV-001,GOLD-MODEL-C1-B10-R02482,F064,0.03450184556144712,0.0345018469,1.338552879648347e-09,3.8796558788845375e-08,True,1.0,1.0,1.0,1.0,1.0,True
EXP-EMBED-FP32-EQUIV-001,GOLD-MODEL-C1-B10-R02482,F065,0.19860115430041972,0.198601171,1.6699580274170955e-08,8.408601819559345e-08,True,1.0,1.0,1.0,1.0,1.0,True
EXP-EMBED-FP32-EQUIV-001,GOLD-MODEL-C1-B10-R02482,F066,-0.0034344853220022926,-0.00343448971,4.3879977073765786e-09,1.2776289009785e-06,True,1.0,1.0,1.0,1.0,1.0,True
EXP-EMBED-FP32-EQUIV-001,GOLD-MODEL-C1-B10-R02482,F067,-0.014025872749664757,-0.014025867,5.749664758192274e-09,4.099327621755089e-07,True,1.0,1.0,1.0,1.0,1.0,True
EXP-EMBED-FP32-EQUIV-001,GOLD-MODEL-C1-B10-R02482,F068,-0.11416193758053313,-0.114161946,8.419466873688108e-09,7.375021002730243e-08,True,1.0,1.0,1.0,1.0,1.0,True
EXP-EMBED-FP32-EQUIV-001,GOLD-MODEL-C1-B10-R02482,F069,0.15798645600587655,0.157986447,9.005876544510016e-09,5.700410511249793e-08,True,1.0,1.0,1.0,1.0,1.0,True
EXP-EMBED-FP32-EQUIV-001,GOLD-MODEL-C1-B10-R02482,F070,0.12931213812382944,0.129312143,4.876170550671688e-09,3.7708529310699834e-08,True,1.0,1.0,1.0,1.0,1.0,True
EXP-EMBED-FP32-EQUIV-001,GOLD-MODEL-C1-B10-R02482,F071,0.02230439554166341,0.0223043952,3.416634093700299e-10,1.5318209755194713e-08,True,1.0,1.0,1.0,1.0,1.0,True
EXP-EMBED-FP32-EQUIV-001,GOLD-MODEL-C1-B10-R02482,F072,0.06364587953227978,0.0636458918,1.2267720228553713e-08,1.9274963781955118e-07,True,1.0,1.0,1.0,1.0,1.0,True
EXP-EMBED-FP32-EQUIV-001,GOLD-MODEL-C1-B10-R02482,F073,0.17254512000235356,0.17254509,3.000235354599923e-08,1.7388120594537815e-07,True,1.0,1.0,1.0,1.0,1.0,True
EXP-EMBED-FP32-EQUIV-001,GOLD-MODEL-C1-B10-R02482,F074,0.012198259164434549,0.0121982591,6.443454797500081e-11,5.28227406111089e-09,True,1.0,1.0,1.0,1.0,1.0,True
EXP-EMBED-FP32-EQUIV-001,GOLD-MODEL-C1-B10-R02482,F075,-0.0025801426175401667,-0.00258013746,5.157540166646213e-09,1.998936078798335e-06,True,1.0,1.0,1.0,1.0,1.0,True
EXP-EMBED-FP32-EQUIV-001,GOLD-MODEL-C1-B10-R02482,F076,-0.07429915637374834,-0.0742991567,3.2625165069521955e-10,4.3910545774445965e-09,True,1.0,1.0,1.0,1.0,1.0,True
EXP-EMBED-FP32-EQUIV-001,GOLD-MODEL-C1-B10-R02482,F077,0.19750066242400247,0.197500676,1.3575997520609562e-08,6.873899739872294e-08,True,1.0,1.0,1.0,1.0,1.0,True
EXP-EMBED-FP32-EQUIV-001,GOLD-MODEL-C1-B10-R02482,F078,0.16194469985287993,0.161944687,1.2852879927027772e-08,7.936585722597949e-08,True,1.0,1.0,1.0,1.0,1.0,True
EXP-EMBED-FP32-EQUIV-001,GOLD-MODEL-C1-B10-R02482,F079,0.044145507506290295,0.0441455059,1.6062902952196367e-09,3.638626863652562e-08,True,1.0,1.0,1.0,1.0,1.0,True
EXP-EMBED-FP32-EQUIV-001,GOLD-MODEL-C1-B10-R02482,F080,0.1047355174238277,0.104735546,2.8576172303451663e-08,2.728412768308001e-07,True,1.0,1.0,1.0,1.0,1.0,True
EXP-EMBED-FP32-EQUIV-001,GOLD-MODEL-C1-B10-R02482,F081,-0.06384189794663006,-0.0638418868,1.114663006340777e-08,1.7459741050815912e-07,True,1.0,1.0,1.0,1.0,1.0,True
EXP-EMBED-FP32-EQUIV-001,GOLD-MODEL-C1-B10-R02482,F082,0.017621074586188074,0.017621072,2.586188072722928e-09,1.4676676272343003e-07,True,1.0,1.0,1.0,1.0,1.0,True
EXP-EMBED-FP32-EQUIV-001,GOLD-MODEL-C1-B10-R02482,F083,0.008341584992752142,0.00834158435,6.427521414414938e-10,7.705395821057628e-08,True,1.0,1.0,1.0,1.0,1.0,True
EXP-EMBED-FP32-EQUIV-001,GOLD-MODEL-C1-B10-R02482,F084,0.04602506571782152,0.0460250601,5.617821520476074e-09,1.2206004343195927e-07,True,1.0,1.0,1.0,1.0,1.0,True
EXP-EMBED-FP32-EQUIV-001,GOLD-MODEL-C1-B10-R02482,F085,0.12567590615081756,0.125675902,4.150817550785391e-09,3.302795004958385e-08,True,1.0,1.0,1.0,1.0,1.0,True
EXP-EMBED-FP32-EQUIV-001,GOLD-MODEL-C1-B10-R02482,F086,0.0952200653031403,0.0952200666,1.296859702959452e-09,1.3619605267343608e-08,True,1.0,1.0,1.0,1.0,1.0,True
EXP-EMBED-FP32-EQUIV-001,GOLD-MODEL-C1-B10-R02482,F087,-0.028430204783629495,-0.0284302086,3.81637050433925e-09,1.3423647607831404e-07,True,1.0,1.0,1.0,1.0,1.0,True
EXP-EMBED-FP32-EQUIV-001,GOLD-MODEL-C1-B10-R02482,F088,0.2915261965409533,0.291526228,3.145904670098787e-08,1.0791156017626888e-07,True,1.0,1.0,1.0,1.0,1.0,True
EXP-EMBED-FP32-EQUIV-001,GOLD-MODEL-C1-B10-R02482,F089,-0.19497658122332445,-0.194976598,1.6776675548779707e-08,8.604456721683847e-08,True,1.0,1.0,1.0,1.0,1.0,True
EXP-EMBED-FP32-EQUIV-001,GOLD-MODEL-C1-B10-R02482,F090,0.07661565506618158,0.0766156614,6.3338184280725685e-09,8.26700290247644e-08,True,1.0,1.0,1.0,1.0,1.0,True
EXP-EMBED-FP32-EQUIV-001,GOLD-MODEL-C1-B10-R02482,F091,0.0629925216092489,0.0629925206,1.0092488927915255e-09,1.6021725547867926e-08,True,1.0,1.0,1.0,1.0,1.0,True
EXP-EMBED-FP32-EQUIV-001,GOLD-MODEL-C1-B10-R02482,F092,0.11041781619707088,0.110417821,4.8029291238593785e-09,4.349777317898802e-08,True,1.0,1.0,1.0,1.0,1.0,True
EXP-EMBED-FP32-EQUIV-001,GOLD-MODEL-C1-B10-R02482,F093,0.002741190756613582,0.00274119084,8.338641799623958e-11,3.0419779358680485e-08,True,1.0,1.0,1.0,1.0,1.0,True
EXP-EMBED-FP32-EQUIV-001,GOLD-MODEL-C1-B10-R02482,F094,0.017805430360551117,0.017805431,6.394488827332623e-10,3.5913138283363004e-08,True,1.0,1.0,1.0,1.0,1.0,True
EXP-EMBED-FP32-EQUIV-001,GOLD-MODEL-C1-B10-R02482,F095,-0.01591770268754106,-0.0159177072,4.512458937760977e-09,2.8348682132962077e-07,True,1.0,1.0,1.0,1.0,1.0,True
EXP-EMBED-FP32-EQUIV-001,GOLD-MODEL-C1-B10-R02482,F096,0.16886036656452474,0.168860346,2.056452474974435e-08,1.2178420056838059e-07,True,1.0,1.0,1.0,1.0,1.0,True
EXP-EMBED-FP32-EQUIV-001,GOLD-MODEL-C1-B10-R02482,F097,-0.04115356858876675,-0.041153565,3.5887667490519526e-09,8.72042661698004e-08,True,1.0,1.0,1.0,1.0,1.0,True
EXP-EMBED-FP32-EQUIV-001,GOLD-MODEL-C1-B10-R02482,F098,-0.016513215294336015,-0.0165132135,1.7943360165750821e-09,1.0866060816093969e-07,True,1.0,1.0,1.0,1.0,1.0,True
EXP-EMBED-FP32-EQUIV-001,GOLD-MODEL-C1-B10-R02482,F099,-0.2640458579866717,-0.264045864,6.013328335274792e-09,2.2773802933800722e-08,True,1.0,1.0,1.0,1.0,1.0,True
EXP-EMBED-FP32-EQUIV-001,GOLD-MODEL-C1-B10-R02482,F100,-0.49035395777965485,-0.490353972,1.4220345179172256e-08,2.900016397045642e-08,True,1.0,1.0,1.0,1.0,1.0,True
EXP-EMBED-FP32-EQUIV-001,GOLD-MODEL-C1-B10-R02482,F101,-0.11877389704958152,-0.11877387,2.7049581519111854e-08,2.2774011959732325e-07,True,1.0,1.0,1.0,1.0,1.0,True
EXP-EMBED-FP32-EQUIV-001,GOLD-MODEL-C1-B10-R02482,F102,-0.08998308341275488,-0.0899830833,1.1275487488138225e-10,1.2530674722955707e-09,True,1.0,1.0,1.0,1.0,1.0,True
EXP-EMBED-FP32-EQUIV-001,GOLD-MODEL-C1-B10-R02482,F103,0.21211831464830527,0.212118313,1.6483052700522194e-09,7.77068813122115e-09,True,1.0,1.0,1.0,1.0,1.0,True
EXP-EMBED-FP32-EQUIV-001,GOLD-MODEL-C1-B10-R02482,F104,0.03611656701810266,0.0361165702,3.18189734282992e-09,8.81007694124157e-08,True,1.0,1.0,1.0,1.0,1.0,True
EXP-EMBED-FP32-EQUIV-001,GOLD-MODEL-C1-B10-R02482,F105,-0.026823342215008567,-0.0268233418,4.150085657073088e-10,1.5471918539483776e-08,True,1.0,1.0,1.0,1.0,1.0,True
EXP-EMBED-FP32-EQUIV-001,GOLD-MODEL-C1-B10-R02482,F106,-0.04722836831910948,-0.0472283624,5.919109480334583e-09,1.2532953584889362e-07,True,1.0,1.0,1.0,1.0,1.0,True
EXP-EMBED-FP32-EQUIV-001,GOLD-MODEL-C1-B10-R02482,F107,-0.1832235416685736,-0.183223531,1.0668573607874876e-08,5.822708976542365e-08,True,1.0,1.0,1.0,1.0,1.0,True
EXP-EMBED-FP32-EQUIV-001,GOLD-MODEL-C1-B10-R02482,F108,-0.22256160243154843,-0.222561598,4.431548433769805e-09,1.991155880149085e-08,True,1.0,1.0,1.0,1.0,1.0,True
EXP-EMBED-FP32-EQUIV-001,GOLD-MODEL-C1-B10-R02482,F109,-0.1251398504938956,-0.125139847,3.493895589512519e-09,2.7919927790571826e-08,True,1.0,1.0,1.0,1.0,1.0,True
EXP-EMBED-FP32-EQUIV-001,GOLD-MODEL-C1-B10-R02482,F110,-0.0894818404548312,-0.089481838,2.4548311994276872e-09,2.7433847884106064e-08,True,1.0,1.0,1.0,1.0,1.0,True
EXP-EMBED-FP32-EQUIV-001,GOLD-MODEL-C1-B10-R02482,F111,0.15949495417808432,0.159494981,2.682191568847969e-08,1.681678008354524e-07,True,1.0,1.0,1.0,1.0,1.0,True
EXP-EMBED-FP32-EQUIV-001,GOLD-MODEL-C1-B10-R02482,F112,0.22498716965273594,0.224987149,2.0652735938098132e-08,9.179517200903188e-08,True,1.0,1.0,1.0,1.0,1.0,True
EXP-EMBED-FP32-EQUIV-001,GOLD-MODEL-C1-B10-R02482,F113,0.11686297301022418,0.116862983,9.989775826002578e-09,8.548281434812194e-08,True,1.0,1.0,1.0,1.0,1.0,True
EXP-EMBED-FP32-EQUIV-001,GOLD-MODEL-C1-B10-R02482,F114,0.04305449432892803,0.0430544987,4.371071969655471e-09,1.0152417390531462e-07,True,1.0,1.0,1.0,1.0,1.0,True
EXP-EMBED-FP32-EQUIV-001,GOLD-MODEL-C1-B10-R02482,F115,-0.00014611922592056557,-0.00014611923,4.0794344356547e-12,2.7918533033239532e-08,True,1.0,1.0,1.0,1.0,1.0,True
EXP-EMBED-FP32-EQUIV-001,GOLD-MODEL-C1-B10-R02482,F116,0.07859348265540424,0.0785934851,2.444595761930124e-09,3.110430635385552e-08,True,1.0,1.0,1.0,1.0,1.0,True
EXP-EMBED-FP32-EQUIV-001,GOLD-MODEL-C1-B10-R02482,F117,0.15152294930360108,0.151522934,1.5303601080818297e-08,1.0099856920125691e-07,True,1.0,1.0,1.0,1.0,1.0,True
EXP-EMBED-FP32-EQUIV-001,GOLD-MODEL-C1-B10-R02482,F118,0.12769993961710413,0.127699941,1.3828958811412662e-09,1.0829260258757718e-08,True,1.0,1.0,1.0,1.0,1.0,True
EXP-EMBED-FP32-EQUIV-001,GOLD-MODEL-C1-B10-R02482,F119,0.013630419118569284,0.0136304228,3.6814307158294923e-09,2.7008932621991987e-07,True,1.0,1.0,1.0,1.0,1.0,True
EXP-EMBED-FP32-EQUIV-001,GOLD-MODEL-C1-B10-R02482,F120,0.23724434434683056,0.237244338,6.346830561110295e-09,2.675229446916459e-08,True,1.0,1.0,1.0,1.0,1.0,True
EXP-EMBED-FP32-EQUIV-001,GOLD-MODEL-C1-B10-R02482,F121,0.12083032445992413,0.120830327,2.5400758718596705e-09,2.1021841025529474e-08,True,1.0,1.0,1.0,1.0,1.0,True
EXP-EMBED-FP32-EQUIV-001,GOLD-MODEL-C1-B10-R02482,F122,0.005518442481516159,0.00551844295,4.684838411303516e-10,8.489421475344225e-08,True,1.0,1.0,1.0,1.0,1.0,True
EXP-EMBED-FP32-EQUIV-001,GOLD-MODEL-C1-B10-R02482,F123,-0.06808408008489122,-0.0680840835,3.4151087791034485e-09,5.01601662950471e-08,True,1.0,1.0,1.0,1.0,1.0,True
EXP-EMBED-FP32-EQUIV-001,GOLD-MODEL-C1-B10-R02482,F124,-0.04084556562616759,-0.0408455692,3.5738324105638597e-09,8.749621545880355e-08,True,1.0,1.0,1.0,1.0,1.0,True
EXP-EMBED-FP32-EQUIV-001,GOLD-MODEL-C1-B10-R02482,F125,0.139294661660287,0.139294654,7.660287015820444e-09,5.499339977940013e-08,True,1.0,1.0,1.0,1.0,1.0,True
EXP-EMBED-FP32-EQUIV-001,GOLD-MODEL-C1-B10-R02482,F126,0.12187367826673601,0.121873662,1.626673601373696e-08,1.3347210197541708e-07,True,1.0,1.0,1.0,1.0,1.0,True
EXP-EMBED-FP32-EQUIV-001,GOLD-MODEL-C1-B10-R02482,F127,-0.00026757115348172644,-0.000267571333,1.7951827356458075e-10,6.709178894235354e-07,True,1.0,1.0,1.0,1.0,1.0,True
EXP-EMBED-FP32-EQUIV-001,GOLD-MODEL-C1-B10-R02540,F000,0.06195070621145801,0.0619507097,3.488541990004368e-09,5.631157743540217e-08,True,1.0,1.0,1.0,1.0,1.0,True
EXP-EMBED-FP32-EQUIV-001,GOLD-MODEL-C1-B10-R02540,F001,-0.0966686519199548,-0.0966686532,1.2800451948402625e-09,1.324157489958779e-08,True,1.0,1.0,1.0,1.0,1.0,True
EXP-EMBED-FP32-EQUIV-001,GOLD-MODEL-C1-B10-R02540,F002,0.06793089122624507,0.0679308996,8.373754925572463e-09,1.2326873347919902e-07,True,1.0,1.0,1.0,1.0,1.0,True
EXP-EMBED-FP32-EQUIV-001,GOLD-MODEL-C1-B10-R02540,F003,0.07339410407789032,0.0733940974,6.677890324047198e-09,9.098674080087157e-08,True,1.0,1.0,1.0,1.0,1.0,True
EXP-EMBED-FP32-EQUIV-001,GOLD-MODEL-C1-B10-R02540,F004,0.05747679270490149,0.0574767888,3.904901492435275e-09,6.793875073168922e-08,True,1.0,1.0,1.0,1.0,1.0,True
EXP-EMBED-FP32-EQUIV-001,GOLD-MODEL-C1-B10-R02540,F005,0.007997303905691441,0.0079973042,2.9430855842671466e-10,3.68009721647897e-08,True,1.0,1.0,1.0,1.0,1.0,True
EXP-EMBED-FP32-EQUIV-001,GOLD-MODEL-C1-B10-R02540,F006,0.018320201554972187,0.018320201,5.549721862618817e-10,3.029290832836169e-08,True,1.0,1.0,1.0,1.0,1.0,True
EXP-EMBED-FP32-EQUIV-001,GOLD-MODEL-C1-B10-R02540,F007,0.07334681967849635,0.0733468086,1.1078496356398126e-08,1.510426274098711e-07,True,1.0,1.0,1.0,1.0,1.0,True
EXP-EMBED-FP32-EQUIV-001,GOLD-MODEL-C1-B10-R02540,F008,0.11254076246874153,0.112540767,4.531258465667598e-09,4.026326431657299e-08,True,1.0,1.0,1.0,1.0,1.0,True
EXP-EMBED-FP32-EQUIV-001,GOLD-MODEL-C1-B10-R02540,F009,-0.09678635984067059,-0.0967863649,5.059329413747982e-09,5.227316557908195e-08,True,1.0,1.0,1.0,1.0,1.0,True
EXP-EMBED-FP32-EQUIV-001,GOLD-MODEL-C1-B10-R02540,F010,0.14146979123723405,0.141469792,7.627659615039306e-10,5.391723242348116e-09,True,1.0,1.0,1.0,1.0,1.0,True
EXP-EMBED-FP32-EQUIV-001,GOLD-MODEL-C1-B10-R02540,F011,0.17156432022978296,0.171564326,5.770217026412894e-09,3.3632966450626865e-08,True,1.0,1.0,1.0,1.0,1.0,True
EXP-EMBED-FP32-EQUIV-001,GOLD-MODEL-C1-B10-R02540,F012,0.1203269188429162,0.120326914,4.842916206948544e-09,4.024798651472869e-08,True,1.0,1.0,1.0,1.0,1.0,True
EXP-EMBED-FP32-EQUIV-001,GOLD-MODEL-C1-B10-R02540,F013,0.06356234404146976,0.0635623485,4.458530239448422e-09,7.014420733979789e-08,True,1.0,1.0,1.0,1.0,1.0,True
EXP-EMBED-FP32-EQUIV-001,GOLD-MODEL-C1-B10-R02540,F014,0.07510165780516911,0.0751016587,8.94830889941467e-10,1.1914928592693161e-08,True,1.0,1.0,1.0,1.0,1.0,True
EXP-EMBED-FP32-EQUIV-001,GOLD-MODEL-C1-B10-R02540,F015,0.06923654530072469,0.0692365393,6.000724694921189e-09,8.666990342827489e-08,True,1.0,1.0,1.0,1.0,1.0,True
EXP-EMBED-FP32-EQUIV-001,GOLD-MODEL-C1-B10-R02540,F016,0.42184004265268077,0.421840072,2.9347319241423975e-08,6.956978066111873e-08,True,1.0,1.0,1.0,1.0,1.0,True
EXP-EMBED-FP32-EQUIV-001,GOLD-MODEL-C1-B10-R02540,F017,0.24253070162057683,0.242530718,1.6379423178891628e-08,6.753546280716306e-08,True,1.0,1.0,1.0,1.0,1.0,True
EXP-EMBED-FP32-EQUIV-001,GOLD-MODEL-C1-B10-R02540,F018,0.20996664133824833,0.20996666,1.8661751671755766e-08,8.887960274457307e-08,True,1.0,1.0,1.0,1.0,1.0,True
EXP-EMBED-FP32-EQUIV-001,GOLD-MODEL-C1-B10-R02540,F019,0.022251997244600523,0.0222519971,1.446005225280711e-10,6.498316575297914e-09,True,1.0,1.0,1.0,1.0,1.0,True
EXP-EMBED-FP32-EQUIV-001,GOLD-MODEL-C1-B10-R02540,F020,0.005855517890501943,0.00585551839,4.994980566316864e-10,8.530382213363347e-08,True,1.0,1.0,1.0,1.0,1.0,True
EXP-EMBED-FP32-EQUIV-001,GOLD-MODEL-C1-B10-R02540,F021,-0.05366624483498175,-0.0536662489,4.065018245624774e-09,7.574627697772206e-08,True,1.0,1.0,1.0,1.0,1.0,True
EXP-EMBED-FP32-EQUIV-001,GOLD-MODEL-C1-B10-R02540,F022,-0.002347556882914516,-0.00234755711,2.2708548409744456e-10,9.673268654326092e-08,True,1.0,1.0,1.0,1.0,1.0,True
EXP-EMBED-FP32-EQUIV-001,GOLD-MODEL-C1-B10-R02540,F023,0.010019865305792242,0.010019863,2.3057922411695575e-09,2.301220795689374e-07,True,1.0,1.0,1.0,1.0,1.0,True
EXP-EMBED-FP32-EQUIV-001,GOLD-MODEL-C1-B10-R02540,F024,0.7060876813853821,0.706087649,3.238538215377673e-08,4.586594980701952e-08,True,1.0,1.0,1.0,1.0,1.0,True
EXP-EMBED-FP32-EQUIV-001,GOLD-MODEL-C1-B10-R02540,F025,0.4326784786219493,0.432678461,1.762194928867089e-08,4.0727584475187137e-08,True,1.0,1.0,1.0,1.0,1.0,True
EXP-EMBED-FP32-EQUIV-001,GOLD-MODEL-C1-B10-R02540,F026,0.3255061682623838,0.325506151,1.7262383800176195e-08,5.303243220343936e-08,True,1.0,1.0,1.0,1.0,1.0,True
EXP-EMBED-FP32-EQUIV-001,GOLD-MODEL-C1-B10-R02540,F027,0.09930427778461325,0.0993042812,3.415386751193239e-09,3.43931482851229e-08,True,1.0,1.0,1.0,1.0,1.0,True
EXP-EMBED-FP32-EQUIV-001,GOLD-MODEL-C1-B10-R02540,F028,0.0310460074289113,0.0310460068,6.289112980395473e-10,2.0257397009248913e-08,True,1.0,1.0,1.0,1.0,1.0,True
EXP-EMBED-FP32-EQUIV-001,GOLD-MODEL-C1-B10-R02540,F029,0.021905869632912297,0.0219058692,4.329122962887233e-10,1.976238805138773e-08,True,1.0,1.0,1.0,1.0,1.0,True
EXP-EMBED-FP32-EQUIV-001,GOLD-MODEL-C1-B10-R02540,F030,0.07336329091974114,0.0733632892,1.7197411411595809e-09,2.3441439439255308e-08,True,1.0,1.0,1.0,1.0,1.0,True
EXP-EMBED-FP32-EQUIV-001,GOLD-MODEL-C1-B10-R02540,F031,0.070616697860326,0.0706166923,5.560325991305071e-09,7.873953554586957e-08,True,1.0,1.0,1.0,1.0,1.0,True
EXP-EMBED-FP32-EQUIV-001,GOLD-MODEL-C1-B10-R02540,F032,-0.09985976193151008,-0.0998597667,4.768489922368779e-09,4.775186551755752e-08,True,1.0,1.0,1.0,1.0,1.0,True
EXP-EMBED-FP32-EQUIV-001,GOLD-MODEL-C1-B10-R02540,F033,-0.5600201802060716,-0.560020089,9.120607158408234e-08,1.6286211605896254e-07,True,1.0,1.0,1.0,1.0,1.0,True
EXP-EMBED-FP32-EQUIV-001,GOLD-MODEL-C1-B10-R02540,F034,-0.02953648592683021,-0.0295364875,1.5731697888821117e-09,5.326191452765487e-08,True,1.0,1.0,1.0,1.0,1.0,True
EXP-EMBED-FP32-EQUIV-001,GOLD-MODEL-C1-B10-R02540,F035,-0.12443047951678983,-0.124430485,5.483210163692576e-09,4.4066455300871094e-08,True,1.0,1.0,1.0,1.0,1.0,True
EXP-EMBED-FP32-EQUIV-001,GOLD-MODEL-C1-B10-R02540,F036,-0.059079632491898515,-0.0590796173,1.5191898516953017e-08,2.571427389809213e-07,True,1.0,1.0,1.0,1.0,1.0,True
EXP-EMBED-FP32-EQUIV-001,GOLD-MODEL-C1-B10-R02540,F037,0.02133302968770947,0.0213330295,1.8770946949575595e-10,8.799006622294273e-09,True,1.0,1.0,1.0,1.0,1.0,True
EXP-EMBED-FP32-EQUIV-001,GOLD-MODEL-C1-B10-R02540,F038,0.03637744767617903,0.0363774523,4.623820971938475e-09,1.2710680015536886e-07,True,1.0,1.0,1.0,1.0,1.0,True
EXP-EMBED-FP32-EQUIV-001,GOLD-MODEL-C1-B10-R02540,F039,-0.07155089495455595,-0.0715508759,1.9054555946973473e-08,2.663077234613987e-07,True,1.0,1.0,1.0,1.0,1.0,True
EXP-EMBED-FP32-EQUIV-001,GOLD-MODEL-C1-B10-R02540,F040,-0.17926019445843455,-0.179260194,4.5843454032912234e-10,2.5573694244508952e-09,True,1.0,1.0,1.0,1.0,1.0,True
EXP-EMBED-FP32-EQUIV-001,GOLD-MODEL-C1-B10-R02540,F041,-0.6404086692642045,-0.640408695,2.5735795494696845e-08,4.018651953020234e-08,True,1.0,1.0,1.0,1.0,1.0,True
EXP-EMBED-FP32-EQUIV-001,GOLD-MODEL-C1-B10-R02540,F042,-0.08415954541499221,-0.0841595456,1.85007786868141e-10,2.198298314895409e-09,True,1.0,1.0,1.0,1.0,1.0,True
EXP-EMBED-FP32-EQUIV-001,GOLD-MODEL-C1-B10-R02540,F043,-0.25383646227155104,-0.253836483,2.072844895728565e-08,8.166064391139606e-08,True,1.0,1.0,1.0,1.0,1.0,True
EXP-EMBED-FP32-EQUIV-001,GOLD-MODEL-C1-B10-R02540,F044,0.002904169443843543,0.00290415692,1.2523843542951163e-08,4.312366680084753e-06,True,1.0,1.0,1.0,1.0,1.0,True
EXP-EMBED-FP32-EQUIV-001,GOLD-MODEL-C1-B10-R02540,F045,0.02010687859738337,0.0201068819,3.30261663156195e-09,1.6425307466628555e-07,True,1.0,1.0,1.0,1.0,1.0,True
EXP-EMBED-FP32-EQUIV-001,GOLD-MODEL-C1-B10-R02540,F046,0.027216450389105987,0.0272164512,8.108940116602348e-10,2.9794260458917665e-08,True,1.0,1.0,1.0,1.0,1.0,True
EXP-EMBED-FP32-EQUIV-001,GOLD-MODEL-C1-B10-R02540,F047,-0.02037850340084007,-0.0203785021,1.3008400676084442e-09,6.383393530041167e-08,True,1.0,1.0,1.0,1.0,1.0,True
EXP-EMBED-FP32-EQUIV-001,GOLD-MODEL-C1-B10-R02540,F048,-0.15805729149435896,-0.158057287,4.494358968321066e-09,2.843499927038462e-08,True,1.0,1.0,1.0,1.0,1.0,True
EXP-EMBED-FP32-EQUIV-001,GOLD-MODEL-C1-B10-R02540,F049,-0.24066859589146206,-0.240668595,8.914620430733322e-10,3.704106220303742e-09,True,1.0,1.0,1.0,1.0,1.0,True
EXP-EMBED-FP32-EQUIV-001,GOLD-MODEL-C1-B10-R02540,F050,-0.04524930886234216,-0.0452493131,4.237657842687259e-09,9.365132748389812e-08,True,1.0,1.0,1.0,1.0,1.0,True
EXP-EMBED-FP32-EQUIV-001,GOLD-MODEL-C1-B10-R02540,F051,-0.20727329676579798,-0.207273304,7.234202015204971e-09,3.490175593327409e-08,True,1.0,1.0,1.0,1.0,1.0,True
EXP-EMBED-FP32-EQUIV-001,GOLD-MODEL-C1-B10-R02540,F052,-0.1166289359141851,-0.11662893,5.914185099986646e-09,5.07094148945873e-08,True,1.0,1.0,1.0,1.0,1.0,True
EXP-EMBED-FP32-EQUIV-001,GOLD-MODEL-C1-B10-R02540,F053,-0.3164675397844338,-0.316467524,1.578443381555772e-08,4.987694417667449e-08,True,1.0,1.0,1.0,1.0,1.0,True
EXP-EMBED-FP32-EQUIV-001,GOLD-MODEL-C1-B10-R02540,F054,-0.22399957690144723,-0.223999575,1.9014472218970013e-09,8.488619702766574e-09,True,1.0,1.0,1.0,1.0,1.0,True
EXP-EMBED-FP32-EQUIV-001,GOLD-MODEL-C1-B10-R02540,F055,-0.036133330723258354,-0.0361333229,7.823258353634177e-09,2.1651085568478998e-07,True,1.0,1.0,1.0,1.0,1.0,True
EXP-EMBED-FP32-EQUIV-001,GOLD-MODEL-C1-B10-R02540,F056,-0.07159150394771702,-0.0715915039,4.771701089811842e-11,6.665177886605924e-10,True,1.0,1.0,1.0,1.0,1.0,True
EXP-EMBED-FP32-EQUIV-001,GOLD-MODEL-C1-B10-R02540,F057,-0.11380408814264548,-0.11380408,8.142645474551458e-09,7.154967459820266e-08,True,1.0,1.0,1.0,1.0,1.0,True
EXP-EMBED-FP32-EQUIV-001,GOLD-MODEL-C1-B10-R02540,F058,0.006058083130656185,0.00605808338,2.4934381469277067e-10,4.1158863177528376e-08,True,1.0,1.0,1.0,1.0,1.0,True
EXP-EMBED-FP32-EQUIV-001,GOLD-MODEL-C1-B10-R02540,F059,-0.18019197519628885,-0.180191964,1.119628884049817e-08,6.213533554034077e-08,True,1.0,1.0,1.0,1.0,1.0,True
EXP-EMBED-FP32-EQUIV-001,GOLD-MODEL-C1-B10-R02540,F060,-0.10106128950615512,-0.101061285,4.506155115713284e-09,4.458833978601508e-08,True,1.0,1.0,1.0,1.0,1.0,True
EXP-EMBED-FP32-EQUIV-001,GOLD-MODEL-C1-B10-R02540,F061,-0.2785419578315248,-0.278541982,2.4168475221131303e-08,8.67678083735935e-08,True,1.0,1.0,1.0,1.0,1.0,True
EXP-EMBED-FP32-EQUIV-001,GOLD-MODEL-C1-B10-R02540,F062,-0.20187354954091632,-0.201873556,6.4590836845734856e-09,3.199569086322693e-08,True,1.0,1.0,1.0,1.0,1.0,True
EXP-EMBED-FP32-EQUIV-001,GOLD-MODEL-C1-B10-R02540,F063,-0.020088282553343776,-0.0200882815,1.0533437767856757e-09,5.243573082908187e-08,True,1.0,1.0,1.0,1.0,1.0,True
EXP-EMBED-FP32-EQUIV-001,GOLD-MODEL-C1-B10-R02540,F064,0.17917653251982005,0.179176539,6.4801799481983835e-09,3.616645470846782e-08,True,1.0,1.0,1.0,1.0,1.0,True
EXP-EMBED-FP32-EQUIV-001,GOLD-MODEL-C1-B10-R02540,F065,0.28168494368891256,0.281684965,2.1311087450293087e-08,7.565575629000832e-08,True,1.0,1.0,1.0,1.0,1.0,True
EXP-EMBED-FP32-EQUIV-001,GOLD-MODEL-C1-B10-R02540,F066,0.1722588675667659,0.172258854,1.3566765905137501e-08,7.87580116877243e-08,True,1.0,1.0,1.0,1.0,1.0,True
EXP-EMBED-FP32-EQUIV-001,GOLD-MODEL-C1-B10-R02540,F067,0.1672184683506296,0.167218462,6.3506295777671085e-09,3.7978039390068354e-08,True,1.0,1.0,1.0,1.0,1.0,True
EXP-EMBED-FP32-EQUIV-001,GOLD-MODEL-C1-B10-R02540,F068,0.11387987914425461,0.113879889,9.855745386477821e-09,8.654509875263647e-08,True,1.0,1.0,1.0,1.0,1.0,True
EXP-EMBED-FP32-EQUIV-001,GOLD-MODEL-C1-B10-R02540,F069,0.10679363663453063,0.106793627,9.634530631630334e-09,9.021633624671516e-08,True,1.0,1.0,1.0,1.0,1.0,True
EXP-EMBED-FP32-EQUIV-001,GOLD-MODEL-C1-B10-R02540,F070,0.10210747170977398,0.10210748,8.290226019558311e-09,8.119117906593657e-08,True,1.0,1.0,1.0,1.0,1.0,True
EXP-EMBED-FP32-EQUIV-001,GOLD-MODEL-C1-B10-R02540,F071,0.06511266417394315,0.0651126578,6.373943151061212e-09,9.789098990073183e-08,True,1.0,1.0,1.0,1.0,1.0,True
EXP-EMBED-FP32-EQUIV-001,GOLD-MODEL-C1-B10-R02540,F072,0.10126459307101107,0.101264596,2.928988926398368e-09,2.892411688599228e-08,True,1.0,1.0,1.0,1.0,1.0,True
EXP-EMBED-FP32-EQUIV-001,GOLD-MODEL-C1-B10-R02540,F073,0.21653829473316896,0.216538295,2.6683102949398574e-10,1.2322579238133854e-09,True,1.0,1.0,1.0,1.0,1.0,True
EXP-EMBED-FP32-EQUIV-001,GOLD-MODEL-C1-B10-R02540,F074,0.12051172586500619,0.120511726,1.349938077988e-10,1.1201715586582522e-09,True,1.0,1.0,1.0,1.0,1.0,True
EXP-EMBED-FP32-EQUIV-001,GOLD-MODEL-C1-B10-R02540,F075,0.10056981768636289,0.100569814,3.6863628954941774e-09,3.665476362888985e-08,True,1.0,1.0,1.0,1.0,1.0,True
EXP-EMBED-FP32-EQUIV-001,GOLD-MODEL-C1-B10-R02540,F076,0.08568878246276977,0.0856887773,5.162769767252939e-09,6.025024068344149e-08,True,1.0,1.0,1.0,1.0,1.0,True
EXP-EMBED-FP32-EQUIV-001,GOLD-MODEL-C1-B10-R02540,F077,-0.011630541721855016,-0.0116305416,1.218550156611986e-10,1.0477157347900672e-08,True,1.0,1.0,1.0,1.0,1.0,True
EXP-EMBED-FP32-EQUIV-001,GOLD-MODEL-C1-B10-R02540,F078,-0.0014318409542797201,-0.00143184082,1.3427972015561673e-10,9.378117014620902e-08,True,1.0,1.0,1.0,1.0,1.0,True
EXP-EMBED-FP32-EQUIV-001,GOLD-MODEL-C1-B10-R02540,F079,0.06546223711333536,0.0654622316,5.513335357698601e-09,8.422161540482208e-08,True,1.0,1.0,1.0,1.0,1.0,True
EXP-EMBED-FP32-EQUIV-001,GOLD-MODEL-C1-B10-R02540,F080,0.589433314957823,0.589433312,2.9578229865379058e-09,5.0180790794791655e-09,True,1.0,1.0,1.0,1.0,1.0,True
EXP-EMBED-FP32-EQUIV-001,GOLD-MODEL-C1-B10-R02540,F081,0.3422458826768669,0.342245877,5.676866920989454e-09,1.658710070253583e-08,True,1.0,1.0,1.0,1.0,1.0,True
EXP-EMBED-FP32-EQUIV-001,GOLD-MODEL-C1-B10-R02540,F082,0.23131358197754634,0.231313571,1.0977546344159705e-08,4.7457422302272325e-08,True,1.0,1.0,1.0,1.0,1.0,True
EXP-EMBED-FP32-EQUIV-001,GOLD-MODEL-C1-B10-R02540,F083,0.026848499936218947,0.0268484987,1.2362189466541551e-09,4.604424640448835e-08,True,1.0,1.0,1.0,1.0,1.0,True
EXP-EMBED-FP32-EQUIV-001,GOLD-MODEL-C1-B10-R02540,F084,-0.016604229564361295,-0.0166042298,2.356387029944784e-10,1.41914866980787e-08,True,1.0,1.0,1.0,1.0,1.0,True
EXP-EMBED-FP32-EQUIV-001,GOLD-MODEL-C1-B10-R02540,F085,-0.007956771664719016,-0.00795677118,4.847190149259717e-10,6.091905553545742e-08,True,1.0,1.0,1.0,1.0,1.0,True
EXP-EMBED-FP32-EQUIV-001,GOLD-MODEL-C1-B10-R02540,F086,0.014521007144185145,0.0145210084,1.2558148548835746e-09,8.648262771404658e-08,True,1.0,1.0,1.0,1.0,1.0,True
EXP-EMBED-FP32-EQUIV-001,GOLD-MODEL-C1-B10-R02540,F087,0.06932493917847282,0.069324933,6.178472816698033e-09,8.912337882896561e-08,True,1.0,1.0,1.0,1.0,1.0,True
EXP-EMBED-FP32-EQUIV-001,GOLD-MODEL-C1-B10-R02540,F088,0.6816171981672484,0.681617141,5.716724837956377e-08,8.387002049431365e-08,True,1.0,1.0,1.0,1.0,1.0,True
EXP-EMBED-FP32-EQUIV-001,GOLD-MODEL-C1-B10-R02540,F089,0.2644905171811949,0.264490545,2.7818805148349668e-08,1.0517883758112887e-07,True,1.0,1.0,1.0,1.0,1.0,True
EXP-EMBED-FP32-EQUIV-001,GOLD-MODEL-C1-B10-R02540,F090,0.29721377238049296,0.297213793,2.0619507046237828e-08,6.937601471522908e-08,True,1.0,1.0,1.0,1.0,1.0,True
EXP-EMBED-FP32-EQUIV-001,GOLD-MODEL-C1-B10-R02540,F091,0.08390271369813314,0.0839027092,4.498133143737704e-09,5.361129509971724e-08,True,1.0,1.0,1.0,1.0,1.0,True
EXP-EMBED-FP32-EQUIV-001,GOLD-MODEL-C1-B10-R02540,F092,0.008138034295452656,0.00813803449,1.9454734351276315e-10,2.390593802504269e-08,True,1.0,1.0,1.0,1.0,1.0,True
EXP-EMBED-FP32-EQUIV-001,GOLD-MODEL-C1-B10-R02540,F093,0.027969571656286395,0.0279695708,8.562863959560296e-10,3.061492705282714e-08,True,1.0,1.0,1.0,1.0,1.0,True
EXP-EMBED-FP32-EQUIV-001,GOLD-MODEL-C1-B10-R02540,F094,0.019357341162788068,0.0193573423,1.1372119322616836e-09,5.87483540584501e-08,True,1.0,1.0,1.0,1.0,1.0,True
EXP-EMBED-FP32-EQUIV-001,GOLD-MODEL-C1-B10-R02540,F095,-0.004869792218503922,-0.00486979447,2.2514960781178095e-09,4.623392492112333e-07,True,1.0,1.0,1.0,1.0,1.0,True
EXP-EMBED-FP32-EQUIV-001,GOLD-MODEL-C1-B10-R02540,F096,-0.34183955964917834,-0.341839582,2.2350821637928675e-08,6.538395281361462e-08,True,1.0,1.0,1.0,1.0,1.0,True
EXP-EMBED-FP32-EQUIV-001,GOLD-MODEL-C1-B10-R02540,F097,-0.7424599748033924,-0.742460012,3.719660757184329e-08,5.0099141817972285e-08,True,1.0,1.0,1.0,1.0,1.0,True
EXP-EMBED-FP32-EQUIV-001,GOLD-MODEL-C1-B10-R02540,F098,-0.17800942255843885,-0.17800945,2.7441561162300232e-08,1.541579134851214e-07,True,1.0,1.0,1.0,1.0,1.0,True
EXP-EMBED-FP32-EQUIV-001,GOLD-MODEL-C1-B10-R02540,F099,-0.3803179885366203,-0.380318016,2.74633796815138e-08,7.221162424419319e-08,True,1.0,1.0,1.0,1.0,1.0,True
EXP-EMBED-FP32-EQUIV-001,GOLD-MODEL-C1-B10-R02540,F100,0.1331786420898697,0.133178636,6.0898697196165585e-09,4.5727074732501626e-08,True,1.0,1.0,1.0,1.0,1.0,True
EXP-EMBED-FP32-EQUIV-001,GOLD-MODEL-C1-B10-R02540,F101,-0.08964718573131886,-0.0896471739,1.1831318855182182e-08,1.319764670654779e-07,True,1.0,1.0,1.0,1.0,1.0,True
EXP-EMBED-FP32-EQUIV-001,GOLD-MODEL-C1-B10-R02540,F102,-0.07005285060170288,-0.0700528473,3.301702883318214e-09,4.713159928481132e-08,True,1.0,1.0,1.0,1.0,1.0,True
EXP-EMBED-FP32-EQUIV-001,GOLD-MODEL-C1-B10-R02540,F103,-0.14509439829053164,-0.145094395,3.290531652710982e-09,2.2678557487258352e-08,True,1.0,1.0,1.0,1.0,1.0,True
EXP-EMBED-FP32-EQUIV-001,GOLD-MODEL-C1-B10-R02540,F104,-0.5795141773556023,-0.579514265,8.76443977393393e-08,1.5123771111048905e-07,True,1.0,1.0,1.0,1.0,1.0,True
EXP-EMBED-FP32-EQUIV-001,GOLD-MODEL-C1-B10-R02540,F105,-1.022618194006269,-1.02261817,2.4006268972698308e-08,2.3475300081108414e-08,True,1.0,1.0,1.0,1.0,1.0,True
EXP-EMBED-FP32-EQUIV-001,GOLD-MODEL-C1-B10-R02540,F106,-0.40290162255995493,-0.40290162,2.559954914715945e-09,6.353796488707373e-09,True,1.0,1.0,1.0,1.0,1.0,True
EXP-EMBED-FP32-EQUIV-001,GOLD-MODEL-C1-B10-R02540,F107,-0.4762464203718148,-0.476246476,5.562818516935408e-08,1.1680546622465757e-07,True,1.0,1.0,1.0,1.0,1.0,True
EXP-EMBED-FP32-EQUIV-001,GOLD-MODEL-C1-B10-R02540,F108,0.15542742594231077,0.155427426,5.768924227211869e-11,3.7116513975809473e-10,True,1.0,1.0,1.0,1.0,1.0,True
EXP-EMBED-FP32-EQUIV-001,GOLD-MODEL-C1-B10-R02540,F109,-0.26273593166069464,-0.262735933,1.3393053333032867e-09,5.097533956767312e-09,True,1.0,1.0,1.0,1.0,1.0,True
EXP-EMBED-FP32-EQUIV-001,GOLD-MODEL-C1-B10-R02540,F110,-0.2105947099010529,-0.210594714,4.098947098407635e-09,1.9463675513660857e-08,True,1.0,1.0,1.0,1.0,1.0,True
EXP-EMBED-FP32-EQUIV-001,GOLD-MODEL-C1-B10-R02540,F111,-0.42829885311885946,-0.428298861,7.881140517973506e-09,1.8401031103826864e-08,True,1.0,1.0,1.0,1.0,1.0,True
EXP-EMBED-FP32-EQUIV-001,GOLD-MODEL-C1-B10-R02540,F112,0.17204917844870748,0.17204918,1.5512925111149656e-09,9.01656447942556e-09,True,1.0,1.0,1.0,1.0,1.0,True
EXP-EMBED-FP32-EQUIV-001,GOLD-MODEL-C1-B10-R02540,F113,-0.08677994731090412,-0.0867799446,2.710904112301904e-09,3.1238831046873336e-08,True,1.0,1.0,1.0,1.0,1.0,True
EXP-EMBED-FP32-EQUIV-001,GOLD-MODEL-C1-B10-R02540,F114,0.13798629036842244,0.137986287,3.368422429872453e-09,2.441128333024091e-08,True,1.0,1.0,1.0,1.0,1.0,True
EXP-EMBED-FP32-EQUIV-001,GOLD-MODEL-C1-B10-R02540,F115,-0.135160775025506,-0.135160789,1.3974494006419036e-08,1.0339163861543357e-07,True,1.0,1.0,1.0,1.0,1.0,True
EXP-EMBED-FP32-EQUIV-001,GOLD-MODEL-C1-B10-R02540,F116,-0.1057660646389304,-0.105766058,6.638930405422627e-09,6.276994826352808e-08,True,1.0,1.0,1.0,1.0,1.0,True
EXP-EMBED-FP32-EQUIV-001,GOLD-MODEL-C1-B10-R02540,F117,-0.13848765160704044,-0.138487637,1.4607040438319174e-08,1.0547539992783429e-07,True,1.0,1.0,1.0,1.0,1.0,True
EXP-EMBED-FP32-EQUIV-001,GOLD-MODEL-C1-B10-R02540,F118,-0.07334864917222955,-0.0733486488,3.722295527364139e-10,5.074797653906124e-09,True,1.0,1.0,1.0,1.0,1.0,True
EXP-EMBED-FP32-EQUIV-001,GOLD-MODEL-C1-B10-R02540,F119,-0.009188125234917854,-0.00918812584,6.050821458464251e-10,6.585479957836412e-08,True,1.0,1.0,1.0,1.0,1.0,True
EXP-EMBED-FP32-EQUIV-001,GOLD-MODEL-C1-B10-R02540,F120,0.13928365588151018,0.139283657,1.1184898285332423e-09,8.03030205844648e-09,True,1.0,1.0,1.0,1.0,1.0,True
EXP-EMBED-FP32-EQUIV-001,GOLD-MODEL-C1-B10-R02540,F121,-0.24939519420178527,-0.249395207,1.2798214737985703e-08,5.13170062436355e-08,True,1.0,1.0,1.0,1.0,1.0,True
EXP-EMBED-FP32-EQUIV-001,GOLD-MODEL-C1-B10-R02540,F122,0.08284646355495215,0.0828464627,8.549521507417168e-10,1.0319718115361993e-08,True,1.0,1.0,1.0,1.0,1.0,True
EXP-EMBED-FP32-EQUIV-001,GOLD-MODEL-C1-B10-R02540,F123,-0.1651457628900432,-0.16514574,2.2890043194223608e-08,1.3860508918696375e-07,True,1.0,1.0,1.0,1.0,1.0,True
EXP-EMBED-FP32-EQUIV-001,GOLD-MODEL-C1-B10-R02540,F124,-0.0935007199421751,-0.0935007185,1.4421751015625262e-09,1.5424213871876385e-08,True,1.0,1.0,1.0,1.0,1.0,True
EXP-EMBED-FP32-EQUIV-001,GOLD-MODEL-C1-B10-R02540,F125,-0.1993323020997329,-0.199332267,3.509973289794743e-08,1.760865275131665e-07,True,1.0,1.0,1.0,1.0,1.0,True
EXP-EMBED-FP32-EQUIV-001,GOLD-MODEL-C1-B10-R02540,F126,-0.145224824079636,-0.145224795,2.9079636004736287e-08,2.002387414757003e-07,True,1.0,1.0,1.0,1.0,1.0,True
EXP-EMBED-FP32-EQUIV-001,GOLD-MODEL-C1-B10-R02540,F127,-0.0017061827825985759,-0.00170618284,5.740142410871896e-11,3.3643185650540085e-08,True,1.0,1.0,1.0,1.0,1.0,True
EXP-EMBED-FP32-EQUIV-001,GOLD-MODEL-C1-B10-R02639,F000,0.19826359816199052,0.198263615,1.6838009486708216e-08,8.49273877948628e-08,True,1.0,1.0,1.0,1.0,1.0,True
EXP-EMBED-FP32-EQUIV-001,GOLD-MODEL-C1-B10-R02639,F001,0.2171629715271626,0.217163011,3.9472837387588555e-08,1.8176596640763556e-07,True,1.0,1.0,1.0,1.0,1.0,True
EXP-EMBED-FP32-EQUIV-001,GOLD-MODEL-C1-B10-R02639,F002,0.12081604116248798,0.120816037,4.1624879792978575e-09,3.445310688255082e-08,True,1.0,1.0,1.0,1.0,1.0,True
EXP-EMBED-FP32-EQUIV-001,GOLD-MODEL-C1-B10-R02639,F003,0.10415081921104499,0.104150802,1.721104499197157e-08,1.65251172504905e-07,True,1.0,1.0,1.0,1.0,1.0,True
EXP-EMBED-FP32-EQUIV-001,GOLD-MODEL-C1-B10-R02639,F004,0.04672247939244525,0.0467224754,3.992445249401122e-09,8.545020087368645e-08,True,1.0,1.0,1.0,1.0,1.0,True
EXP-EMBED-FP32-EQUIV-001,GOLD-MODEL-C1-B10-R02639,F005,-0.16709984255233762,-0.167099819,2.3552337607979368e-08,1.409476947927255e-07,True,1.0,1.0,1.0,1.0,1.0,True
EXP-EMBED-FP32-EQUIV-001,GOLD-MODEL-C1-B10-R02639,F006,-0.46373965713314863,-0.463739663,5.86685139358778e-09,1.265117464798421e-08,True,1.0,1.0,1.0,1.0,1.0,True
EXP-EMBED-FP32-EQUIV-001,GOLD-MODEL-C1-B10-R02639,F007,-0.7508872354826974,-0.750887215,2.048269742704889e-08,2.727799389728855e-08,True,1.0,1.0,1.0,1.0,1.0,True
EXP-EMBED-FP32-EQUIV-001,GOLD-MODEL-C1-B10-R02639,F008,0.21996326933379157,0.219963282,1.2666208443201654e-08,5.7583288707992594e-08,True,1.0,1.0,1.0,1.0,1.0,True
EXP-EMBED-FP32-EQUIV-001,GOLD-MODEL-C1-B10-R02639,F009,-0.06038065698934264,-0.0603806451,1.188934264234609e-08,1.969064802399317e-07,True,1.0,1.0,1.0,1.0,1.0,True
EXP-EMBED-FP32-EQUIV-001,GOLD-MODEL-C1-B10-R02639,F010,0.11404250713230918,0.114042528,2.086769082532136e-08,1.8298169121370862e-07,True,1.0,1.0,1.0,1.0,1.0,True
EXP-EMBED-FP32-EQUIV-001,GOLD-MODEL-C1-B10-R02639,F011,0.08206605979404971,0.0820660666,6.8059502894568524e-09,8.293258268444764e-08,True,1.0,1.0,1.0,1.0,1.0,True
EXP-EMBED-FP32-EQUIV-001,GOLD-MODEL-C1-B10-R02639,F012,8.706459937918602e-05,8.70730946e-05,8.495220813985985e-09,9.757376562415888e-05,True,1.0,1.0,1.0,1.0,1.0,False
EXP-EMBED-FP32-EQUIV-001,GOLD-MODEL-C1-B10-R02639,F013,-0.38685771912529265,-0.386857688,3.112529267657038e-08,8.045669282998008e-08,True,1.0,1.0,1.0,1.0,1.0,True
EXP-EMBED-FP32-EQUIV-001,GOLD-MODEL-C1-B10-R02639,F014,-1.3329118452490694,-1.33291185,4.750930537866793e-09,3.5643246436744127e-09,True,1.0,1.0,1.0,1.0,1.0,True
EXP-EMBED-FP32-EQUIV-001,GOLD-MODEL-C1-B10-R02639,F015,-1.4080345089901904,-1.40803456,5.1009809487467805e-08,3.622766996247191e-08,True,1.0,1.0,1.0,1.0,1.0,True
EXP-EMBED-FP32-EQUIV-001,GOLD-MODEL-C1-B10-R02639,F016,0.07556803791920796,0.0755680501,1.2180792041682764e-08,1.611897354633663e-07,True,1.0,1.0,1.0,1.0,1.0,True
EXP-EMBED-FP32-EQUIV-001,GOLD-MODEL-C1-B10-R02639,F017,0.36750452874719375,0.367504567,3.8252806255911764e-08,1.0408798603465879e-07,True,1.0,1.0,1.0,1.0,1.0,True
EXP-EMBED-FP32-EQUIV-001,GOLD-MODEL-C1-B10-R02639,F018,0.340049905493271,0.340049893,1.2493271028812813e-08,3.6739522131877296e-08,True,1.0,1.0,1.0,1.0,1.0,True
EXP-EMBED-FP32-EQUIV-001,GOLD-MODEL-C1-B10-R02639,F019,0.2550790035365197,0.255079001,2.5365196609783425e-09,9.94405508023395e-09,True,1.0,1.0,1.0,1.0,1.0,True
EXP-EMBED-FP32-EQUIV-001,GOLD-MODEL-C1-B10-R02639,F020,0.14019064129684783,0.140190631,1.0296847818835886e-08,7.344889590049552e-08,True,1.0,1.0,1.0,1.0,1.0,True
EXP-EMBED-FP32-EQUIV-001,GOLD-MODEL-C1-B10-R02639,F021,1.8837424793715591,1.88374257,9.062844075202747e-08,4.81108441012926e-08,True,1.0,1.0,1.0,1.0,1.0,True
EXP-EMBED-FP32-EQUIV-001,GOLD-MODEL-C1-B10-R02639,F022,2.1341540289356797,2.13415408,5.1064320327753876e-08,2.3927195336139856e-08,True,1.0,1.0,1.0,1.0,1.0,True
EXP-EMBED-FP32-EQUIV-001,GOLD-MODEL-C1-B10-R02639,F023,1.1646649258455326,1.16466498,5.415446735490548e-08,4.649789493367802e-08,True,1.0,1.0,1.0,1.0,1.0,True
EXP-EMBED-FP32-EQUIV-001,GOLD-MODEL-C1-B10-R02639,F024,-0.00393145286922236,-0.00393145252,3.492223602311051e-10,8.882781298613943e-08,True,1.0,1.0,1.0,1.0,1.0,True
EXP-EMBED-FP32-EQUIV-001,GOLD-MODEL-C1-B10-R02639,F025,0.29991183685979084,0.299911797,3.9859790856855426e-08,1.329050272713642e-07,True,1.0,1.0,1.0,1.0,1.0,True
EXP-EMBED-FP32-EQUIV-001,GOLD-MODEL-C1-B10-R02639,F026,0.3246032958092001,0.324603319,2.3190799891548153e-08,7.144351333136053e-08,True,1.0,1.0,1.0,1.0,1.0,True
EXP-EMBED-FP32-EQUIV-001,GOLD-MODEL-C1-B10-R02639,F027,0.2331291153081519,0.233129114,1.3081518923652169e-09,5.611276354890686e-09,True,1.0,1.0,1.0,1.0,1.0,True
EXP-EMBED-FP32-EQUIV-001,GOLD-MODEL-C1-B10-R02639,F028,0.12555752214844176,0.125557512,1.0148441753621285e-08,8.082703114850561e-08,True,1.0,1.0,1.0,1.0,1.0,True
EXP-EMBED-FP32-EQUIV-001,GOLD-MODEL-C1-B10-R02639,F029,1.9046799254321334,1.90467978,1.454321334470876e-07,7.635515632060436e-08,True,1.0,1.0,1.0,1.0,1.0,True
EXP-EMBED-FP32-EQUIV-001,GOLD-MODEL-C1-B10-R02639,F030,2.306674350199881,2.30667424,1.1019988122029645e-07,4.777435584296815e-08,True,1.0,1.0,1.0,1.0,1.0,True
EXP-EMBED-FP32-EQUIV-001,GOLD-MODEL-C1-B10-R02639,F031,4.967499196701604,4.96749878,4.167016038891802e-07,8.388559059372736e-08,True,1.0,1.0,1.0,1.0,1.0,True
EXP-EMBED-FP32-EQUIV-001,GOLD-MODEL-C1-B10-R02639,F032,-0.13838886103468173,-0.138388902,4.096531827646466e-08,2.960160085875576e-07,True,1.0,1.0,1.0,1.0,1.0,True
EXP-EMBED-FP32-EQUIV-001,GOLD-MODEL-C1-B10-R02639,F033,-0.3960826452232179,-0.39608264,5.2232179137412516e-09,1.3187192058863459e-08,True,1.0,1.0,1.0,1.0,1.0,True
EXP-EMBED-FP32-EQUIV-001,GOLD-MODEL-C1-B10-R02639,F034,-0.003475265578972374,-0.00347526511,4.689723739556562e-10,1.3494576552458184e-07,True,1.0,1.0,1.0,1.0,1.0,True
EXP-EMBED-FP32-EQUIV-001,GOLD-MODEL-C1-B10-R02639,F035,-0.0640948506659388,-0.0640948489,1.765938797970712e-09,2.755196056504996e-08,True,1.0,1.0,1.0,1.0,1.0,True
EXP-EMBED-FP32-EQUIV-001,GOLD-MODEL-C1-B10-R02639,F036,0.3020648785109665,0.302064896,1.748903355469622e-08,5.7898268878224717e-08,True,1.0,1.0,1.0,1.0,1.0,True
EXP-EMBED-FP32-EQUIV-001,GOLD-MODEL-C1-B10-R02639,F037,-0.548412224107945,-0.548412204,2.0107944975755743e-08,3.66657490329717e-08,True,1.0,1.0,1.0,1.0,1.0,True
EXP-EMBED-FP32-EQUIV-001,GOLD-MODEL-C1-B10-R02639,F038,-0.23244254780487475,-0.232442558,1.0195125244027992e-08,4.386083933560369e-08,True,1.0,1.0,1.0,1.0,1.0,True
EXP-EMBED-FP32-EQUIV-001,GOLD-MODEL-C1-B10-R02639,F039,-1.4153355154252805,-1.41533542,9.542528056627475e-08,6.742237407757081e-08,True,1.0,1.0,1.0,1.0,1.0,True
EXP-EMBED-FP32-EQUIV-001,GOLD-MODEL-C1-B10-R02639,F040,0.06324749210689265,0.0632474869,5.206892653153439e-09,8.232567774155265e-08,True,1.0,1.0,1.0,1.0,1.0,True
EXP-EMBED-FP32-EQUIV-001,GOLD-MODEL-C1-B10-R02639,F041,-0.24160422117630811,-0.241604209,1.217630812844206e-08,5.039774582231545e-08,True,1.0,1.0,1.0,1.0,1.0,True
EXP-EMBED-FP32-EQUIV-001,GOLD-MODEL-C1-B10-R02639,F042,0.00038318928063130295,0.000383189268,1.2631302958882734e-11,3.2963612494777275e-08,True,1.0,1.0,1.0,1.0,1.0,True
EXP-EMBED-FP32-EQUIV-001,GOLD-MODEL-C1-B10-R02639,F043,-0.025151388286439733,-0.0251513906,2.3135602669754896e-09,9.198539025469366e-08,True,1.0,1.0,1.0,1.0,1.0,True
EXP-EMBED-FP32-EQUIV-001,GOLD-MODEL-C1-B10-R02639,F044,-0.0712578707843637,-0.0712578818,1.1015636305899967e-08,1.5458834490346793e-07,True,1.0,1.0,1.0,1.0,1.0,True
EXP-EMBED-FP32-EQUIV-001,GOLD-MODEL-C1-B10-R02639,F045,-0.2692695037593773,-0.269269496,7.759377307348103e-09,2.881639843731425e-08,True,1.0,1.0,1.0,1.0,1.0,True
EXP-EMBED-FP32-EQUIV-001,GOLD-MODEL-C1-B10-R02639,F046,-0.13632150015607902,-0.136321485,1.5156079030687053e-08,1.1117893372163857e-07,True,1.0,1.0,1.0,1.0,1.0,True
EXP-EMBED-FP32-EQUIV-001,GOLD-MODEL-C1-B10-R02639,F047,-0.786763184670401,-0.786763191,6.329599067100844e-09,8.045113434930874e-09,True,1.0,1.0,1.0,1.0,1.0,True
EXP-EMBED-FP32-EQUIV-001,GOLD-MODEL-C1-B10-R02639,F048,0.00982019255336027,0.00982018933,3.223360269671849e-09,3.2823799046271054e-07,True,1.0,1.0,1.0,1.0,1.0,True
EXP-EMBED-FP32-EQUIV-001,GOLD-MODEL-C1-B10-R02639,F049,0.09543641054705793,0.095436357,5.354705792659509e-08,5.610757741165467e-07,True,1.0,1.0,1.0,1.0,1.0,True
EXP-EMBED-FP32-EQUIV-001,GOLD-MODEL-C1-B10-R02639,F050,0.33188050666686836,0.33188048,2.6666868380154085e-08,8.035081254989611e-08,True,1.0,1.0,1.0,1.0,1.0,True
EXP-EMBED-FP32-EQUIV-001,GOLD-MODEL-C1-B10-R02639,F051,0.18117460651616252,0.181174606,5.161625293848005e-10,2.848978338135669e-09,True,1.0,1.0,1.0,1.0,1.0,True
EXP-EMBED-FP32-EQUIV-001,GOLD-MODEL-C1-B10-R02639,F052,0.054824840704132835,0.0548248403,4.0413283830531554e-10,7.3713454177870686e-09,True,1.0,1.0,1.0,1.0,1.0,True
EXP-EMBED-FP32-EQUIV-001,GOLD-MODEL-C1-B10-R02639,F053,1.790978860556821,1.79097891,4.944317888444516e-08,2.760679088589193e-08,True,1.0,1.0,1.0,1.0,1.0,True
EXP-EMBED-FP32-EQUIV-001,GOLD-MODEL-C1-B10-R02639,F054,2.350683373813856,2.35068345,7.61861440601308e-08,3.2410210966236137e-08,True,1.0,1.0,1.0,1.0,1.0,True
EXP-EMBED-FP32-EQUIV-001,GOLD-MODEL-C1-B10-R02639,F055,3.2427361577962315,3.2427361,5.779623135637735e-08,1.7823291363814118e-08,True,1.0,1.0,1.0,1.0,1.0,True
EXP-EMBED-FP32-EQUIV-001,GOLD-MODEL-C1-B10-R02639,F056,-0.010787807636022792,-0.0107878074,2.360227915887414e-10,2.1878661499358862e-08,True,1.0,1.0,1.0,1.0,1.0,True
EXP-EMBED-FP32-EQUIV-001,GOLD-MODEL-C1-B10-R02639,F057,0.11852402673092519,0.118524015,1.1730925189579189e-08,9.897508136650547e-08,True,1.0,1.0,1.0,1.0,1.0,True
EXP-EMBED-FP32-EQUIV-001,GOLD-MODEL-C1-B10-R02639,F058,0.33697288422928107,0.336972922,3.777071894139894e-08,1.1208830356717728e-07,True,1.0,1.0,1.0,1.0,1.0,True
EXP-EMBED-FP32-EQUIV-001,GOLD-MODEL-C1-B10-R02639,F059,0.12104427377663768,0.121044263,1.0776637679454915e-08,8.903054513211409e-08,True,1.0,1.0,1.0,1.0,1.0,True
EXP-EMBED-FP32-EQUIV-001,GOLD-MODEL-C1-B10-R02639,F060,0.05101784413737758,0.0510178469,2.7626224155530288e-09,5.41501206541385e-08,True,1.0,1.0,1.0,1.0,1.0,True
EXP-EMBED-FP32-EQUIV-001,GOLD-MODEL-C1-B10-R02639,F061,1.9533216123379262,1.95332158,3.2337926336722944e-08,1.655535173136069e-08,True,1.0,1.0,1.0,1.0,1.0,True
EXP-EMBED-FP32-EQUIV-001,GOLD-MODEL-C1-B10-R02639,F062,2.418188267151472,2.41818833,6.284852815952036e-08,2.5989923536248643e-08,True,1.0,1.0,1.0,1.0,1.0,True
EXP-EMBED-FP32-EQUIV-001,GOLD-MODEL-C1-B10-R02639,F063,1.9124224593643526,1.91242242,3.9364352666382274e-08,2.058350260091911e-08,True,1.0,1.0,1.0,1.0,1.0,True
EXP-EMBED-FP32-EQUIV-001,GOLD-MODEL-C1-B10-R02639,F064,0.235440154157671,0.23544015,4.157671013027553e-09,1.7659141567853454e-08,True,1.0,1.0,1.0,1.0,1.0,True
EXP-EMBED-FP32-EQUIV-001,GOLD-MODEL-C1-B10-R02639,F065,0.24925095352049678,0.249250993,3.9479503222139556e-08,1.5839258652582454e-07,True,1.0,1.0,1.0,1.0,1.0,True
EXP-EMBED-FP32-EQUIV-001,GOLD-MODEL-C1-B10-R02639,F066,0.13128290674031332,0.131282896,1.0740313305390714e-08,8.181044716381698e-08,True,1.0,1.0,1.0,1.0,1.0,True
EXP-EMBED-FP32-EQUIV-001,GOLD-MODEL-C1-B10-R02639,F067,0.10614844277365175,0.106148452,9.226348254842698e-09,8.69192991791385e-08,True,1.0,1.0,1.0,1.0,1.0,True
EXP-EMBED-FP32-EQUIV-001,GOLD-MODEL-C1-B10-R02639,F068,0.039779206937696696,0.0397792161,9.16230330494372e-09,2.303289585258443e-07,True,1.0,1.0,1.0,1.0,1.0,True
EXP-EMBED-FP32-EQUIV-001,GOLD-MODEL-C1-B10-R02639,F069,-0.27386216864434343,-0.273862153,1.5644343431819863e-08,5.7124879676742434e-08,True,1.0,1.0,1.0,1.0,1.0,True
EXP-EMBED-FP32-EQUIV-001,GOLD-MODEL-C1-B10-R02639,F070,-0.825708591165971,-0.825708568,2.3165970919336587e-08,2.8055867611386072e-08,True,1.0,1.0,1.0,1.0,1.0,True
EXP-EMBED-FP32-EQUIV-001,GOLD-MODEL-C1-B10-R02639,F071,-1.1927096283582415,-1.19270957,5.835824135047574e-08,4.892912739440659e-08,True,1.0,1.0,1.0,1.0,1.0,True
EXP-EMBED-FP32-EQUIV-001,GOLD-MODEL-C1-B10-R02639,F072,0.25670040912147035,0.256700426,1.6878529629504868e-08,6.575186104015115e-08,True,1.0,1.0,1.0,1.0,1.0,True
EXP-EMBED-FP32-EQUIV-001,GOLD-MODEL-C1-B10-R02639,F073,0.22454278805609673,0.224542782,6.056096735207461e-09,2.697079156999907e-08,True,1.0,1.0,1.0,1.0,1.0,True
EXP-EMBED-FP32-EQUIV-001,GOLD-MODEL-C1-B10-R02639,F074,0.16206277956893425,0.162062779,5.689342608139469e-10,3.510579433027358e-09,True,1.0,1.0,1.0,1.0,1.0,True
EXP-EMBED-FP32-EQUIV-001,GOLD-MODEL-C1-B10-R02639,F075,0.13876327705570907,0.138763279,1.9442909227063154e-09,1.4011566777323543e-08,True,1.0,1.0,1.0,1.0,1.0,True
EXP-EMBED-FP32-EQUIV-001,GOLD-MODEL-C1-B10-R02639,F076,0.07309355054961882,0.0730935484,2.149618816282839e-09,2.9409144857774994e-08,True,1.0,1.0,1.0,1.0,1.0,True
EXP-EMBED-FP32-EQUIV-001,GOLD-MODEL-C1-B10-R02639,F077,-0.20721484909488586,-0.207214832,1.7094885867985354e-08,8.249836313688806e-08,True,1.0,1.0,1.0,1.0,1.0,True
EXP-EMBED-FP32-EQUIV-001,GOLD-MODEL-C1-B10-R02639,F078,-0.6384176981668667,-0.638417661,3.7166866695415024e-08,5.8217162215481876e-08,True,1.0,1.0,1.0,1.0,1.0,True
EXP-EMBED-FP32-EQUIV-001,GOLD-MODEL-C1-B10-R02639,F079,-1.375466098235758,-1.37546611,1.1764242024980831e-08,8.552913110741325e-09,True,1.0,1.0,1.0,1.0,1.0,True
EXP-EMBED-FP32-EQUIV-001,GOLD-MODEL-C1-B10-R02639,F080,0.04300138186504045,0.0430013724,9.465040445855166e-09,2.201101461241672e-07,True,1.0,1.0,1.0,1.0,1.0,True
EXP-EMBED-FP32-EQUIV-001,GOLD-MODEL-C1-B10-R02639,F081,0.25309963034487937,0.25309965,1.9655120642170232e-08,7.765764262629587e-08,True,1.0,1.0,1.0,1.0,1.0,True
EXP-EMBED-FP32-EQUIV-001,GOLD-MODEL-C1-B10-R02639,F082,0.27423951089821874,0.27423951,8.982187216233228e-10,3.275307480973038e-09,True,1.0,1.0,1.0,1.0,1.0,True
EXP-EMBED-FP32-EQUIV-001,GOLD-MODEL-C1-B10-R02639,F083,0.22041052316777282,0.220410526,2.8322271750091943e-09,1.284978200815462e-08,True,1.0,1.0,1.0,1.0,1.0,True
EXP-EMBED-FP32-EQUIV-001,GOLD-MODEL-C1-B10-R02639,F084,0.14433018201184344,0.144330159,2.3011843430786882e-08,1.5943888596287212e-07,True,1.0,1.0,1.0,1.0,1.0,True
EXP-EMBED-FP32-EQUIV-001,GOLD-MODEL-C1-B10-R02639,F085,1.9734281491771453,1.97342825,1.0082285473167474e-07,5.109020805936844e-08,True,1.0,1.0,1.0,1.0,1.0,True
EXP-EMBED-FP32-EQUIV-001,GOLD-MODEL-C1-B10-R02639,F086,2.2994372639983065,2.29943752,2.5600169362149927e-07,1.1133232362093607e-07,True,1.0,1.0,1.0,1.0,1.0,True
EXP-EMBED-FP32-EQUIV-001,GOLD-MODEL-C1-B10-R02639,F087,5.263578336761515,5.26357841,7.323848461027183e-08,1.3914200554167634e-08,True,1.0,1.0,1.0,1.0,1.0,True
EXP-EMBED-FP32-EQUIV-001,GOLD-MODEL-C1-B10-R02639,F088,-0.06534048803452792,-0.0653405041,1.606547207766429e-08,2.458731570718419e-07,True,1.0,1.0,1.0,1.0,1.0,True
EXP-EMBED-FP32-EQUIV-001,GOLD-MODEL-C1-B10-R02639,F089,0.05260444615507728,0.0526044481,1.944922722874054e-09,3.6972591958110255e-08,True,1.0,1.0,1.0,1.0,1.0,True
EXP-EMBED-FP32-EQUIV-001,GOLD-MODEL-C1-B10-R02639,F090,0.21785309510518003,0.217853099,3.894819966543395e-09,1.7878194315591273e-08,True,1.0,1.0,1.0,1.0,1.0,True
EXP-EMBED-FP32-EQUIV-001,GOLD-MODEL-C1-B10-R02639,F091,0.17411445630178607,0.174114466,9.69821392637904e-09,5.570022232714261e-08,True,1.0,1.0,1.0,1.0,1.0,True
EXP-EMBED-FP32-EQUIV-001,GOLD-MODEL-C1-B10-R02639,F092,0.1141908400335456,0.114190854,1.3966454395775152e-08,1.2230800992156864e-07,True,1.0,1.0,1.0,1.0,1.0,True
EXP-EMBED-FP32-EQUIV-001,GOLD-MODEL-C1-B10-R02639,F093,1.4299114897870002,1.42991161,1.2021299977682531e-07,8.40702383577128e-08,True,1.0,1.0,1.0,1.0,1.0,True
EXP-EMBED-FP32-EQUIV-001,GOLD-MODEL-C1-B10-R02639,F094,1.7699269708473688,1.76992702,4.91526310764101e-08,2.7770993880542896e-08,True,1.0,1.0,1.0,1.0,1.0,True
EXP-EMBED-FP32-EQUIV-001,GOLD-MODEL-C1-B10-R02639,F095,-1.7935271210720891,-1.79352725,1.2892791079188726e-07,7.188511914713618e-08,True,1.0,1.0,1.0,1.0,1.0,True
EXP-EMBED-FP32-EQUIV-001,GOLD-MODEL-C1-B10-R02639,F096,-0.025767988236891567,-0.0257679857,2.536891568344357e-09,9.845128556494508e-08,True,1.0,1.0,1.0,1.0,1.0,True
EXP-EMBED-FP32-EQUIV-001,GOLD-MODEL-C1-B10-R02639,F097,-0.5313094256241302,-0.531309366,5.962413018867352e-08,1.1222110377325405e-07,True,1.0,1.0,1.0,1.0,1.0,True
EXP-EMBED-FP32-EQUIV-001,GOLD-MODEL-C1-B10-R02639,F098,-0.018928543121923998,-0.018928539,4.121923996569521e-09,2.177623481120055e-07,True,1.0,1.0,1.0,1.0,1.0,True
EXP-EMBED-FP32-EQUIV-001,GOLD-MODEL-C1-B10-R02639,F099,-0.07425718620425828,-0.0742571875,1.2957417222514422e-09,1.7449378147554126e-08,True,1.0,1.0,1.0,1.0,1.0,True
EXP-EMBED-FP32-EQUIV-001,GOLD-MODEL-C1-B10-R02639,F100,-0.0757673228229967,-0.0757673159,6.92299668980656e-09,9.137180029416732e-08,True,1.0,1.0,1.0,1.0,1.0,True
EXP-EMBED-FP32-EQUIV-001,GOLD-MODEL-C1-B10-R02639,F101,-0.6855513510133355,-0.685551345,6.013335496213301e-09,8.771531829562871e-09,True,1.0,1.0,1.0,1.0,1.0,True
EXP-EMBED-FP32-EQUIV-001,GOLD-MODEL-C1-B10-R02639,F102,-0.5241916494503496,-0.524191678,2.8549650421538786e-08,5.446414579758191e-08,True,1.0,1.0,1.0,1.0,1.0,True
EXP-EMBED-FP32-EQUIV-001,GOLD-MODEL-C1-B10-R02639,F103,-1.624951650552445,-1.62495172,6.944755504001421e-08,4.2738228559848956e-08,True,1.0,1.0,1.0,1.0,1.0,True
EXP-EMBED-FP32-EQUIV-001,GOLD-MODEL-C1-B10-R02639,F104,-0.018074216675778437,-0.0180742219,5.224221562294407e-09,2.890427649512177e-07,True,1.0,1.0,1.0,1.0,1.0,True
EXP-EMBED-FP32-EQUIV-001,GOLD-MODEL-C1-B10-R02639,F105,-0.6217710874212682,-0.621771038,4.942126818896497e-08,7.948466757104228e-08,True,1.0,1.0,1.0,1.0,1.0,True
EXP-EMBED-FP32-EQUIV-001,GOLD-MODEL-C1-B10-R02639,F106,-0.013011332504550917,-0.0130113335,9.954490825386797e-10,7.650631341490242e-08,True,1.0,1.0,1.0,1.0,1.0,True
EXP-EMBED-FP32-EQUIV-001,GOLD-MODEL-C1-B10-R02639,F107,-0.04267841235936225,-0.0426783971,1.5259362246000663e-08,3.575428747797189e-07,True,1.0,1.0,1.0,1.0,1.0,True
EXP-EMBED-FP32-EQUIV-001,GOLD-MODEL-C1-B10-R02639,F108,0.0842422807116798,0.0842422843,3.5883201965347666e-09,4.259524037360568e-08,True,1.0,1.0,1.0,1.0,1.0,True
EXP-EMBED-FP32-EQUIV-001,GOLD-MODEL-C1-B10-R02639,F109,-0.4832857636825315,-0.483285785,2.131746851263827e-08,4.410944851800276e-08,True,1.0,1.0,1.0,1.0,1.0,True
EXP-EMBED-FP32-EQUIV-001,GOLD-MODEL-C1-B10-R02639,F110,-0.30204711218561464,-0.302047074,3.818561461477188e-08,1.2642271047870827e-07,True,1.0,1.0,1.0,1.0,1.0,True
EXP-EMBED-FP32-EQUIV-001,GOLD-MODEL-C1-B10-R02639,F111,-1.2755194596063537,-1.27551949,3.0393646266446694e-08,2.382844576579543e-08,True,1.0,1.0,1.0,1.0,1.0,True
EXP-EMBED-FP32-EQUIV-001,GOLD-MODEL-C1-B10-R02639,F112,-0.0006796955875391291,-0.000679695338,2.495391291604948e-10,3.6713366061998923e-07,True,1.0,1.0,1.0,1.0,1.0,True
EXP-EMBED-FP32-EQUIV-001,GOLD-MODEL-C1-B10-R02639,F113,0.03184602983362227,0.0318460353,5.4663777254715384e-09,1.7165021052954827e-07,True,1.0,1.0,1.0,1.0,1.0,True
EXP-EMBED-FP32-EQUIV-001,GOLD-MODEL-C1-B10-R02639,F114,0.2995203435288434,0.299520314,2.9528843370485447e-08,9.858710437690808e-08,True,1.0,1.0,1.0,1.0,1.0,True
EXP-EMBED-FP32-EQUIV-001,GOLD-MODEL-C1-B10-R02639,F115,0.13360856883489725,0.133608565,3.834897233101486e-09,2.870247968781362e-08,True,1.0,1.0,1.0,1.0,1.0,True
EXP-EMBED-FP32-EQUIV-001,GOLD-MODEL-C1-B10-R02639,F116,0.06620311427360014,0.0662031174,3.126399861219653e-09,4.722436241139746e-08,True,1.0,1.0,1.0,1.0,1.0,True
EXP-EMBED-FP32-EQUIV-001,GOLD-MODEL-C1-B10-R02639,F117,2.0156714867130545,2.01567149,3.286945382541262e-09,1.6306949838841386e-09,True,1.0,1.0,1.0,1.0,1.0,True
EXP-EMBED-FP32-EQUIV-001,GOLD-MODEL-C1-B10-R02639,F118,2.812081533565259,2.81208158,4.6434740941236896e-08,1.6512586988317243e-08,True,1.0,1.0,1.0,1.0,1.0,True
EXP-EMBED-FP32-EQUIV-001,GOLD-MODEL-C1-B10-R02639,F119,2.677795791224369,2.67779589,9.877563122984157e-08,3.688691705078765e-08,True,1.0,1.0,1.0,1.0,1.0,True
EXP-EMBED-FP32-EQUIV-001,GOLD-MODEL-C1-B10-R02639,F120,-0.016922874456859263,-0.0169228781,3.6431407370030033e-09,2.1527907367571043e-07,True,1.0,1.0,1.0,1.0,1.0,True
EXP-EMBED-FP32-EQUIV-001,GOLD-MODEL-C1-B10-R02639,F121,0.017680543231200895,0.0176805221,2.113120089672349e-08,1.1951669482322924e-06,True,1.0,1.0,1.0,1.0,1.0,True
EXP-EMBED-FP32-EQUIV-001,GOLD-MODEL-C1-B10-R02639,F122,0.2687852832186324,0.268785298,1.478136762989024e-08,5.499321783130121e-08,True,1.0,1.0,1.0,1.0,1.0,True
EXP-EMBED-FP32-EQUIV-001,GOLD-MODEL-C1-B10-R02639,F123,0.15869392072533184,0.158693939,1.8274668167617136e-08,1.1515669966492929e-07,True,1.0,1.0,1.0,1.0,1.0,True
EXP-EMBED-FP32-EQUIV-001,GOLD-MODEL-C1-B10-R02639,F124,0.1925421960195797,0.192542195,1.0195796984469041e-09,5.295357171179364e-09,True,1.0,1.0,1.0,1.0,1.0,True
EXP-EMBED-FP32-EQUIV-001,GOLD-MODEL-C1-B10-R02639,F125,1.6506337926734351,1.65063369,1.026734350872971e-07,6.22024312982245e-08,True,1.0,1.0,1.0,1.0,1.0,True
EXP-EMBED-FP32-EQUIV-001,GOLD-MODEL-C1-B10-R02639,F126,2.2742577502470946,2.27425742,3.3024709455986567e-07,1.4521093509475116e-07,True,1.0,1.0,1.0,1.0,1.0,True
EXP-EMBED-FP32-EQUIV-001,GOLD-MODEL-C1-B10-R02639,F127,1.2951586384606362,1.29515862,1.8460636130868124e-08,1.4253571402503678e-08,True,1.0,1.0,1.0,1.0,1.0,True
EXP-EMBED-FP32-EQUIV-001,GOLD-MODEL-C1-B10-R02847,F000,0.19213979724059352,0.192139804,6.759406478984431e-09,3.517962741742899e-08,True,1.0,1.0,1.0,1.0,1.0,True
EXP-EMBED-FP32-EQUIV-001,GOLD-MODEL-C1-B10-R02847,F001,0.36903094651067225,0.369030952,5.489327770114016e-09,1.48749795159937e-08,True,1.0,1.0,1.0,1.0,1.0,True
EXP-EMBED-FP32-EQUIV-001,GOLD-MODEL-C1-B10-R02847,F002,0.09867332176806907,0.0986733213,4.680690696146073e-10,4.743623314058487e-09,True,1.0,1.0,1.0,1.0,1.0,True
EXP-EMBED-FP32-EQUIV-001,GOLD-MODEL-C1-B10-R02847,F003,0.08292862545770543,0.0829286277,2.2422945583633336e-09,2.703884872066196e-08,True,1.0,1.0,1.0,1.0,1.0,True
EXP-EMBED-FP32-EQUIV-001,GOLD-MODEL-C1-B10-R02847,F004,0.06030457157014631,0.0603045672,4.370146314269796e-09,7.246791081479518e-08,True,1.0,1.0,1.0,1.0,1.0,True
EXP-EMBED-FP32-EQUIV-001,GOLD-MODEL-C1-B10-R02847,F005,0.1706624428598413,0.170662433,9.859841304526995e-09,5.7773937483272254e-08,True,1.0,1.0,1.0,1.0,1.0,True
EXP-EMBED-FP32-EQUIV-001,GOLD-MODEL-C1-B10-R02847,F006,0.13197997664174094,0.131979972,4.6417409360621775e-09,3.517003907844417e-08,True,1.0,1.0,1.0,1.0,1.0,True
EXP-EMBED-FP32-EQUIV-001,GOLD-MODEL-C1-B10-R02847,F007,0.038785060985351595,0.038785059,1.9853515983991876e-09,5.1188564564820934e-08,True,1.0,1.0,1.0,1.0,1.0,True
EXP-EMBED-FP32-EQUIV-001,GOLD-MODEL-C1-B10-R02847,F008,0.23919880821444708,0.239198819,1.078555292299832e-08,4.509032885033788e-08,True,1.0,1.0,1.0,1.0,1.0,True
EXP-EMBED-FP32-EQUIV-001,GOLD-MODEL-C1-B10-R02847,F009,0.25126581309316454,0.251265824,1.0906835490320788e-08,4.340755853752672e-08,True,1.0,1.0,1.0,1.0,1.0,True
EXP-EMBED-FP32-EQUIV-001,GOLD-MODEL-C1-B10-R02847,F010,0.10074446977336113,0.100744471,1.226638873808028e-09,1.2175744004286538e-08,True,1.0,1.0,1.0,1.0,1.0,True
EXP-EMBED-FP32-EQUIV-001,GOLD-MODEL-C1-B10-R02847,F011,0.06677671897955405,0.0667767152,3.7795540447360665e-09,5.659987646133535e-08,True,1.0,1.0,1.0,1.0,1.0,True
EXP-EMBED-FP32-EQUIV-001,GOLD-MODEL-C1-B10-R02847,F012,0.0645095878694331,0.064509593,5.13056690187863e-09,7.953185055627479e-08,True,1.0,1.0,1.0,1.0,1.0,True
EXP-EMBED-FP32-EQUIV-001,GOLD-MODEL-C1-B10-R02847,F013,0.1957649551184473,0.195764974,1.888155271023706e-08,9.645011641032893e-08,True,1.0,1.0,1.0,1.0,1.0,True
EXP-EMBED-FP32-EQUIV-001,GOLD-MODEL-C1-B10-R02847,F014,0.1603929439287373,0.160392955,1.1071262712158969e-08,6.902587134430265e-08,True,1.0,1.0,1.0,1.0,1.0,True
EXP-EMBED-FP32-EQUIV-001,GOLD-MODEL-C1-B10-R02847,F015,0.04664010810759515,0.0466401055,2.6075951467530167e-09,5.5908857259453496e-08,True,1.0,1.0,1.0,1.0,1.0,True
EXP-EMBED-FP32-EQUIV-001,GOLD-MODEL-C1-B10-R02847,F016,0.3599089302363724,0.359908998,6.776362759808308e-08,1.882799283518164e-07,True,1.0,1.0,1.0,1.0,1.0,True
EXP-EMBED-FP32-EQUIV-001,GOLD-MODEL-C1-B10-R02847,F017,-0.037512149915772286,-0.0375121497,2.1577228892510902e-10,5.752064048837303e-09,True,1.0,1.0,1.0,1.0,1.0,True
EXP-EMBED-FP32-EQUIV-001,GOLD-MODEL-C1-B10-R02847,F018,0.16815763574236173,0.168157637,1.2576382713014311e-09,7.478924556410203e-09,True,1.0,1.0,1.0,1.0,1.0,True
EXP-EMBED-FP32-EQUIV-001,GOLD-MODEL-C1-B10-R02847,F019,0.06830567344089071,0.0683056787,5.2591092869480605e-09,7.69937403735446e-08,True,1.0,1.0,1.0,1.0,1.0,True
EXP-EMBED-FP32-EQUIV-001,GOLD-MODEL-C1-B10-R02847,F020,0.1396678680622564,0.139667854,1.4062256387115113e-08,1.00683547205338e-07,True,1.0,1.0,1.0,1.0,1.0,True
EXP-EMBED-FP32-EQUIV-001,GOLD-MODEL-C1-B10-R02847,F021,-0.13452529346598,-0.134525314,2.053402001211957e-08,1.526405888667502e-07,True,1.0,1.0,1.0,1.0,1.0,True
EXP-EMBED-FP32-EQUIV-001,GOLD-MODEL-C1-B10-R02847,F022,-0.11645021889008456,-0.11645022,1.1099154373361841e-09,9.531243890437123e-09,True,1.0,1.0,1.0,1.0,1.0,True
EXP-EMBED-FP32-EQUIV-001,GOLD-MODEL-C1-B10-R02847,F023,0.06852068675116349,0.0685206801,6.651163494963974e-09,9.706796312649387e-08,True,1.0,1.0,1.0,1.0,1.0,True
EXP-EMBED-FP32-EQUIV-001,GOLD-MODEL-C1-B10-R02847,F024,0.873723004688801,0.87372309,8.531119899402029e-08,9.76410126964736e-08,True,1.0,1.0,1.0,1.0,1.0,True
EXP-EMBED-FP32-EQUIV-001,GOLD-MODEL-C1-B10-R02847,F025,0.35041062487878555,0.350410581,4.387878554945601e-08,1.252210476341424e-07,True,1.0,1.0,1.0,1.0,1.0,True
EXP-EMBED-FP32-EQUIV-001,GOLD-MODEL-C1-B10-R02847,F026,0.4467846661708263,0.446784675,8.829173725466433e-09,1.9761586271831976e-08,True,1.0,1.0,1.0,1.0,1.0,True
EXP-EMBED-FP32-EQUIV-001,GOLD-MODEL-C1-B10-R02847,F027,0.276696596427381,0.276696622,2.557261902236263e-08,9.242115498545413e-08,True,1.0,1.0,1.0,1.0,1.0,True
EXP-EMBED-FP32-EQUIV-001,GOLD-MODEL-C1-B10-R02847,F028,0.3036359080207039,0.303635895,1.302070390396537e-08,4.288262211423799e-08,True,1.0,1.0,1.0,1.0,1.0,True
EXP-EMBED-FP32-EQUIV-001,GOLD-MODEL-C1-B10-R02847,F029,-0.10890585939949254,-0.108905859,3.9949255015159224e-10,3.668237433269396e-09,True,1.0,1.0,1.0,1.0,1.0,True
EXP-EMBED-FP32-EQUIV-001,GOLD-MODEL-C1-B10-R02847,F030,-0.09036412101949176,-0.090364106,1.5019491761414372e-08,1.6621078799819932e-07,True,1.0,1.0,1.0,1.0,1.0,True
EXP-EMBED-FP32-EQUIV-001,GOLD-MODEL-C1-B10-R02847,F031,0.13701396448146308,0.137013942,2.24814630800374e-08,1.6408154573966047e-07,True,1.0,1.0,1.0,1.0,1.0,True
EXP-EMBED-FP32-EQUIV-001,GOLD-MODEL-C1-B10-R02847,F032,0.9306083888710284,0.930608451,6.212897163404563e-08,6.67616715871406e-08,True,1.0,1.0,1.0,1.0,1.0,True
EXP-EMBED-FP32-EQUIV-001,GOLD-MODEL-C1-B10-R02847,F033,0.7839154498579445,0.78391552,7.014205549715768e-08,8.947655708261436e-08,True,1.0,1.0,1.0,1.0,1.0,True
EXP-EMBED-FP32-EQUIV-001,GOLD-MODEL-C1-B10-R02847,F034,0.2775213240913489,0.277521312,1.2091348866594132e-08,4.356908034430588e-08,True,1.0,1.0,1.0,1.0,1.0,True
EXP-EMBED-FP32-EQUIV-001,GOLD-MODEL-C1-B10-R02847,F035,-0.29544240935644067,-0.295442402,7.35644067884067e-09,2.4899745080149913e-08,True,1.0,1.0,1.0,1.0,1.0,True
EXP-EMBED-FP32-EQUIV-001,GOLD-MODEL-C1-B10-R02847,F036,0.6242537451665994,0.62425375,4.833400679693511e-09,7.74268591436898e-09,True,1.0,1.0,1.0,1.0,1.0,True
EXP-EMBED-FP32-EQUIV-001,GOLD-MODEL-C1-B10-R02847,F037,0.6400180182445467,0.640017986,3.224454669936705e-08,5.038068582476473e-08,True,1.0,1.0,1.0,1.0,1.0,True
EXP-EMBED-FP32-EQUIV-001,GOLD-MODEL-C1-B10-R02847,F038,0.5306457712529121,0.530645788,1.674708782761769e-08,3.155982528245915e-08,True,1.0,1.0,1.0,1.0,1.0,True
EXP-EMBED-FP32-EQUIV-001,GOLD-MODEL-C1-B10-R02847,F039,1.226595076009161,1.22659504,3.6009160986338884e-08,2.9357007614524245e-08,True,1.0,1.0,1.0,1.0,1.0,True
EXP-EMBED-FP32-EQUIV-001,GOLD-MODEL-C1-B10-R02847,F040,0.5228000803274004,0.522800028,5.232740041272166e-08,1.0009065105719175e-07,True,1.0,1.0,1.0,1.0,1.0,True
EXP-EMBED-FP32-EQUIV-001,GOLD-MODEL-C1-B10-R02847,F041,0.7004447283424742,0.700444698,3.034247419986258e-08,4.3318870100806844e-08,True,1.0,1.0,1.0,1.0,1.0,True
EXP-EMBED-FP32-EQUIV-001,GOLD-MODEL-C1-B10-R02847,F042,0.12481949426327239,0.124819495,7.367276094738529e-10,5.9023441315979745e-09,True,1.0,1.0,1.0,1.0,1.0,True
EXP-EMBED-FP32-EQUIV-001,GOLD-MODEL-C1-B10-R02847,F043,-0.16192766901907288,-0.16192767,9.809271173111256e-10,6.057810399256631e-09,True,1.0,1.0,1.0,1.0,1.0,True
EXP-EMBED-FP32-EQUIV-001,GOLD-MODEL-C1-B10-R02847,F044,0.15719380603476638,0.15719381,3.96523361367862e-09,2.5225126318282758e-08,True,1.0,1.0,1.0,1.0,1.0,True
EXP-EMBED-FP32-EQUIV-001,GOLD-MODEL-C1-B10-R02847,F045,0.32702094740809884,0.327020913,3.4408098814608934e-08,1.0521680365530248e-07,True,1.0,1.0,1.0,1.0,1.0,True
EXP-EMBED-FP32-EQUIV-001,GOLD-MODEL-C1-B10-R02847,F046,0.350341659733856,0.350341648,1.1733855997952958e-08,3.349260834942329e-08,True,1.0,1.0,1.0,1.0,1.0,True
EXP-EMBED-FP32-EQUIV-001,GOLD-MODEL-C1-B10-R02847,F047,0.2615779279775277,0.261577934,6.022472298639059e-09,2.3023625675161907e-08,True,1.0,1.0,1.0,1.0,1.0,True
EXP-EMBED-FP32-EQUIV-001,GOLD-MODEL-C1-B10-R02847,F048,0.08688966475587542,0.0868896469,1.7855875417138733e-08,2.0550056749909754e-07,True,1.0,1.0,1.0,1.0,1.0,True
EXP-EMBED-FP32-EQUIV-001,GOLD-MODEL-C1-B10-R02847,F049,-0.18815567292042315,-0.188155666,6.920423151202115e-09,3.678030560433315e-08,True,1.0,1.0,1.0,1.0,1.0,True
EXP-EMBED-FP32-EQUIV-001,GOLD-MODEL-C1-B10-R02847,F050,-0.08526347800518987,-0.0852634683,9.705189860098606e-09,1.1382587348252279e-07,True,1.0,1.0,1.0,1.0,1.0,True
EXP-EMBED-FP32-EQUIV-001,GOLD-MODEL-C1-B10-R02847,F051,-0.18547644823097761,-0.185476467,1.8769022391840195e-08,1.0119356161309897e-07,True,1.0,1.0,1.0,1.0,1.0,True
EXP-EMBED-FP32-EQUIV-001,GOLD-MODEL-C1-B10-R02847,F052,0.0021541942116411004,0.00215419452,3.083588996123654e-10,1.4314350022204012e-07,True,1.0,1.0,1.0,1.0,1.0,True
EXP-EMBED-FP32-EQUIV-001,GOLD-MODEL-C1-B10-R02847,F053,-0.22260425914821272,-0.222604305,4.5851787283668344e-08,2.059789307676258e-07,True,1.0,1.0,1.0,1.0,1.0,True
EXP-EMBED-FP32-EQUIV-001,GOLD-MODEL-C1-B10-R02847,F054,-0.23820219754958188,-0.23820217,2.7549581893548947e-08,1.156562877125199e-07,True,1.0,1.0,1.0,1.0,1.0,True
EXP-EMBED-FP32-EQUIV-001,GOLD-MODEL-C1-B10-R02847,F055,-0.23406457905632552,-0.234064594,1.4943674464529266e-08,6.384423702542881e-08,True,1.0,1.0,1.0,1.0,1.0,True
EXP-EMBED-FP32-EQUIV-001,GOLD-MODEL-C1-B10-R02847,F056,0.22581175330443612,0.225811765,1.16955638784777e-08,5.179342397961859e-08,True,1.0,1.0,1.0,1.0,1.0,True
EXP-EMBED-FP32-EQUIV-001,GOLD-MODEL-C1-B10-R02847,F057,-0.18785692547698712,-0.187856913,1.2476987137910456e-08,6.641749888235509e-08,True,1.0,1.0,1.0,1.0,1.0,True
EXP-EMBED-FP32-EQUIV-001,GOLD-MODEL-C1-B10-R02847,F058,0.04771237107449288,0.0477123708,2.7449287981484716e-10,5.753075641247927e-09,True,1.0,1.0,1.0,1.0,1.0,True
EXP-EMBED-FP32-EQUIV-001,GOLD-MODEL-C1-B10-R02847,F059,-0.050369274949421394,-0.0503692776,2.6505786038244494e-09,5.262292551334209e-08,True,1.0,1.0,1.0,1.0,1.0,True
EXP-EMBED-FP32-EQUIV-001,GOLD-MODEL-C1-B10-R02847,F060,0.08295740546409588,0.0829574019,3.5640958795379873e-09,4.29629622527254e-08,True,1.0,1.0,1.0,1.0,1.0,True
EXP-EMBED-FP32-EQUIV-001,GOLD-MODEL-C1-B10-R02847,F061,-0.23938907408615098,-0.239389047,2.7086150988786528e-08,1.1314698088116923e-07,True,1.0,1.0,1.0,1.0,1.0,True
EXP-EMBED-FP32-EQUIV-001,GOLD-MODEL-C1-B10-R02847,F062,-0.24253894227974074,-0.242538914,2.8279740743597515e-08,1.1659876338942754e-07,True,1.0,1.0,1.0,1.0,1.0,True
EXP-EMBED-FP32-EQUIV-001,GOLD-MODEL-C1-B10-R02847,F063,-0.01401021153721172,-0.0140102105,1.0372117192902763e-09,7.403255236620788e-08,True,1.0,1.0,1.0,1.0,1.0,True
EXP-EMBED-FP32-EQUIV-001,GOLD-MODEL-C1-B10-R02847,F064,0.24359574957567182,0.243595749,5.756718157723384e-10,2.3632260282665924e-09,True,1.0,1.0,1.0,1.0,1.0,True
EXP-EMBED-FP32-EQUIV-001,GOLD-MODEL-C1-B10-R02847,F065,0.4329235877138258,0.432923645,5.728617424871629e-08,1.323239848196583e-07,True,1.0,1.0,1.0,1.0,1.0,True
EXP-EMBED-FP32-EQUIV-001,GOLD-MODEL-C1-B10-R02847,F066,0.11241681756773472,0.112416826,8.432265274915807e-09,7.500893066853718e-08,True,1.0,1.0,1.0,1.0,1.0,True
EXP-EMBED-FP32-EQUIV-001,GOLD-MODEL-C1-B10-R02847,F067,0.09171311586073444,0.091713123,7.139265553735008e-09,7.784345223398494e-08,True,1.0,1.0,1.0,1.0,1.0,True
EXP-EMBED-FP32-EQUIV-001,GOLD-MODEL-C1-B10-R02847,F068,0.08836615664443918,0.0883661658,9.155560809492869e-09,1.0360935857301452e-07,True,1.0,1.0,1.0,1.0,1.0,True
EXP-EMBED-FP32-EQUIV-001,GOLD-MODEL-C1-B10-R02847,F069,0.21009766327305127,0.210097641,2.2273051264454224e-08,1.0601284620432585e-07,True,1.0,1.0,1.0,1.0,1.0,True
EXP-EMBED-FP32-EQUIV-001,GOLD-MODEL-C1-B10-R02847,F070,0.17277572520659853,0.172775745,1.9793401473400252e-08,1.1456124087878703e-07,True,1.0,1.0,1.0,1.0,1.0,True
EXP-EMBED-FP32-EQUIV-001,GOLD-MODEL-C1-B10-R02847,F071,0.06123554237445642,0.0612355359,6.474456422378427e-09,1.0573036787666568e-07,True,1.0,1.0,1.0,1.0,1.0,True
EXP-EMBED-FP32-EQUIV-001,GOLD-MODEL-C1-B10-R02847,F072,0.24526623225781086,0.245266259,2.6742189129791427e-08,1.0903330998162623e-07,True,1.0,1.0,1.0,1.0,1.0,True
EXP-EMBED-FP32-EQUIV-001,GOLD-MODEL-C1-B10-R02847,F073,0.4204639051009811,0.42046389,1.5100981076709985e-08,3.591504738815391e-08,True,1.0,1.0,1.0,1.0,1.0,True
EXP-EMBED-FP32-EQUIV-001,GOLD-MODEL-C1-B10-R02847,F074,0.1147997727206838,0.114799775,2.27931620799815e-09,1.9854710109434554e-08,True,1.0,1.0,1.0,1.0,1.0,True
EXP-EMBED-FP32-EQUIV-001,GOLD-MODEL-C1-B10-R02847,F075,0.10315060073473054,0.103150614,1.3265269466211649e-08,1.2860099089801294e-07,True,1.0,1.0,1.0,1.0,1.0,True
EXP-EMBED-FP32-EQUIV-001,GOLD-MODEL-C1-B10-R02847,F076,0.08098312536071411,0.0809831247,6.607141084247203e-10,8.158663986871032e-09,True,1.0,1.0,1.0,1.0,1.0,True
EXP-EMBED-FP32-EQUIV-001,GOLD-MODEL-C1-B10-R02847,F077,0.22402858560424768,0.224028587,1.3957523192775767e-09,6.230242071622099e-09,True,1.0,1.0,1.0,1.0,1.0,True
EXP-EMBED-FP32-EQUIV-001,GOLD-MODEL-C1-B10-R02847,F078,0.18286115900141572,0.182861149,1.0001415723381868e-08,5.4694040976216476e-08,True,1.0,1.0,1.0,1.0,1.0,True
EXP-EMBED-FP32-EQUIV-001,GOLD-MODEL-C1-B10-R02847,F079,0.0529098705279163,0.052909866,4.527916298846524e-09,8.557791303718094e-08,True,1.0,1.0,1.0,1.0,1.0,True
EXP-EMBED-FP32-EQUIV-001,GOLD-MODEL-C1-B10-R02847,F080,0.07943884162383855,0.0794388056,3.602383855105806e-08,4.5347890043058966e-07,True,1.0,1.0,1.0,1.0,1.0,True
EXP-EMBED-FP32-EQUIV-001,GOLD-MODEL-C1-B10-R02847,F081,0.0724476429145755,0.0724476501,7.185424491518155e-09,9.918092849467354e-08,True,1.0,1.0,1.0,1.0,1.0,True
EXP-EMBED-FP32-EQUIV-001,GOLD-MODEL-C1-B10-R02847,F082,0.10083324313308901,0.100833237,6.133089008875103e-09,6.082407763856298e-08,True,1.0,1.0,1.0,1.0,1.0,True
EXP-EMBED-FP32-EQUIV-001,GOLD-MODEL-C1-B10-R02847,F083,0.04991683336761665,0.0499168262,7.167616652981046e-09,1.4359117294549795e-07,True,1.0,1.0,1.0,1.0,1.0,True
EXP-EMBED-FP32-EQUIV-001,GOLD-MODEL-C1-B10-R02847,F084,0.0985889121312351,0.0985889137,1.5687648957651845e-09,1.5912183853666498e-08,True,1.0,1.0,1.0,1.0,1.0,True
EXP-EMBED-FP32-EQUIV-001,GOLD-MODEL-C1-B10-R02847,F085,-0.02440774570074105,-0.0244077444,1.3007410495924354e-09,5.3292141992160436e-08,True,1.0,1.0,1.0,1.0,1.0,True
EXP-EMBED-FP32-EQUIV-001,GOLD-MODEL-C1-B10-R02847,F086,-0.025330548201339818,-0.0253305472,1.0013398166197618e-09,3.953091771487194e-08,True,1.0,1.0,1.0,1.0,1.0,True
EXP-EMBED-FP32-EQUIV-001,GOLD-MODEL-C1-B10-R02847,F087,0.08081580042137096,0.0808157995,9.213709656341607e-10,1.1400876571538763e-08,True,1.0,1.0,1.0,1.0,1.0,True
EXP-EMBED-FP32-EQUIV-001,GOLD-MODEL-C1-B10-R02847,F088,0.504234177689412,0.504234135,4.268941200535892e-08,8.466187714799031e-08,True,1.0,1.0,1.0,1.0,1.0,True
EXP-EMBED-FP32-EQUIV-001,GOLD-MODEL-C1-B10-R02847,F089,0.20437530864476844,0.204375312,3.3552315648055497e-09,1.6417010386696908e-08,True,1.0,1.0,1.0,1.0,1.0,True
EXP-EMBED-FP32-EQUIV-001,GOLD-MODEL-C1-B10-R02847,F090,0.2827172079309703,0.282717228,2.0069029660341187e-08,7.098623323006693e-08,True,1.0,1.0,1.0,1.0,1.0,True
EXP-EMBED-FP32-EQUIV-001,GOLD-MODEL-C1-B10-R02847,F091,0.1791630939561913,0.179163083,1.0956191287547767e-08,6.11520545086521e-08,True,1.0,1.0,1.0,1.0,1.0,True
EXP-EMBED-FP32-EQUIV-001,GOLD-MODEL-C1-B10-R02847,F092,0.1679766719007997,0.167976677,5.099200284242045e-09,3.035659789267303e-08,True,1.0,1.0,1.0,1.0,1.0,True
EXP-EMBED-FP32-EQUIV-001,GOLD-MODEL-C1-B10-R02847,F093,-0.0021918461932029323,-0.00219184603,1.6320293207139347e-10,7.445911696609786e-08,True,1.0,1.0,1.0,1.0,1.0,True
EXP-EMBED-FP32-EQUIV-001,GOLD-MODEL-C1-B10-R02847,F094,-0.018222164308583418,-0.0182221662,1.891416582383565e-09,1.0379758136044393e-07,True,1.0,1.0,1.0,1.0,1.0,True
EXP-EMBED-FP32-EQUIV-001,GOLD-MODEL-C1-B10-R02847,F095,0.26279937200304765,0.262799382,9.996952377022694e-09,3.80402445440652e-08,True,1.0,1.0,1.0,1.0,1.0,True
EXP-EMBED-FP32-EQUIV-001,GOLD-MODEL-C1-B10-R02847,F096,0.7785869892893106,0.778586984,5.2893105451090605e-09,6.793474098426832e-09,True,1.0,1.0,1.0,1.0,1.0,True
EXP-EMBED-FP32-EQUIV-001,GOLD-MODEL-C1-B10-R02847,F097,0.5315017631527733,0.53150177,6.847226674544515e-09,1.2882792022980305e-08,True,1.0,1.0,1.0,1.0,1.0,True
EXP-EMBED-FP32-EQUIV-001,GOLD-MODEL-C1-B10-R02847,F098,-0.04600512648878103,-0.0460051261,3.88781028204388e-10,8.450819677654782e-09,True,1.0,1.0,1.0,1.0,1.0,True
EXP-EMBED-FP32-EQUIV-001,GOLD-MODEL-C1-B10-R02847,F099,-0.42011610172583336,-0.420116097,4.725833335772478e-09,1.124887457623927e-08,True,1.0,1.0,1.0,1.0,1.0,True
EXP-EMBED-FP32-EQUIV-001,GOLD-MODEL-C1-B10-R02847,F100,-0.5431970562977112,-0.543197036,2.0297711178507427e-08,3.736712293113536e-08,True,1.0,1.0,1.0,1.0,1.0,True
EXP-EMBED-FP32-EQUIV-001,GOLD-MODEL-C1-B10-R02847,F101,0.5727690472328352,0.572769046,1.2328351672863391e-09,2.1524123435831927e-09,True,1.0,1.0,1.0,1.0,1.0,True
EXP-EMBED-FP32-EQUIV-001,GOLD-MODEL-C1-B10-R02847,F102,0.5259460074637478,0.525946021,1.3536252230217372e-08,2.5736961661697554e-08,True,1.0,1.0,1.0,1.0,1.0,True
EXP-EMBED-FP32-EQUIV-001,GOLD-MODEL-C1-B10-R02847,F103,0.7917117989115604,0.791711807,8.088439584774676e-09,1.0216393889663642e-08,True,1.0,1.0,1.0,1.0,1.0,True
EXP-EMBED-FP32-EQUIV-001,GOLD-MODEL-C1-B10-R02847,F104,0.8328568746019718,0.832856953,7.839802818043751e-08,9.413145352003545e-08,True,1.0,1.0,1.0,1.0,1.0,True
EXP-EMBED-FP32-EQUIV-001,GOLD-MODEL-C1-B10-R02847,F105,0.359311853087066,0.359311879,2.5912934020766443e-08,7.211822765693009e-08,True,1.0,1.0,1.0,1.0,1.0,True
EXP-EMBED-FP32-EQUIV-001,GOLD-MODEL-C1-B10-R02847,F106,-0.3343231768526902,-0.334323198,2.1147309792191038e-08,6.325409441029865e-08,True,1.0,1.0,1.0,1.0,1.0,True
EXP-EMBED-FP32-EQUIV-001,GOLD-MODEL-C1-B10-R02847,F107,-0.5980985623986814,-0.598098576,1.3601318626932368e-08,2.2740931816294823e-08,True,1.0,1.0,1.0,1.0,1.0,True
EXP-EMBED-FP32-EQUIV-001,GOLD-MODEL-C1-B10-R02847,F108,-0.33349267011789346,-0.333492666,4.117893470656497e-09,1.2347778046218452e-08,True,1.0,1.0,1.0,1.0,1.0,True
EXP-EMBED-FP32-EQUIV-001,GOLD-MODEL-C1-B10-R02847,F109,0.5784957589710156,0.578495741,1.797101556455516e-08,3.106507746317906e-08,True,1.0,1.0,1.0,1.0,1.0,True
EXP-EMBED-FP32-EQUIV-001,GOLD-MODEL-C1-B10-R02847,F110,0.4516504136331569,0.451650411,2.6331569147330924e-09,5.83007750076327e-09,True,1.0,1.0,1.0,1.0,1.0,True
EXP-EMBED-FP32-EQUIV-001,GOLD-MODEL-C1-B10-R02847,F111,1.1251069729712753,1.12510693,4.297127520480615e-08,3.8193057404420895e-08,True,1.0,1.0,1.0,1.0,1.0,True
EXP-EMBED-FP32-EQUIV-001,GOLD-MODEL-C1-B10-R02847,F112,0.022039221461264517,0.0220391788,4.266126451754615e-08,1.9356974379755802e-06,True,1.0,1.0,1.0,1.0,1.0,True
EXP-EMBED-FP32-EQUIV-001,GOLD-MODEL-C1-B10-R02847,F113,0.007205134729597869,0.00720513659,1.8604021309598373e-09,2.582050441496282e-07,True,1.0,1.0,1.0,1.0,1.0,True
EXP-EMBED-FP32-EQUIV-001,GOLD-MODEL-C1-B10-R02847,F114,0.0443213794411353,0.0443213806,1.1588646986471218e-09,2.6146855383557015e-08,True,1.0,1.0,1.0,1.0,1.0,True
EXP-EMBED-FP32-EQUIV-001,GOLD-MODEL-C1-B10-R02847,F115,-0.00020580077900085133,-0.000205800752,2.700085134318443e-11,1.3119897540850774e-07,True,1.0,1.0,1.0,1.0,1.0,True
EXP-EMBED-FP32-EQUIV-001,GOLD-MODEL-C1-B10-R02847,F116,0.09380075030505032,0.0938007534,3.0949496854226766e-09,3.29949352788497e-08,True,1.0,1.0,1.0,1.0,1.0,True
EXP-EMBED-FP32-EQUIV-001,GOLD-MODEL-C1-B10-R02847,F117,-0.05527994285663733,-0.0552799478,4.943362670595253e-09,8.942416390363029e-08,True,1.0,1.0,1.0,1.0,1.0,True
EXP-EMBED-FP32-EQUIV-001,GOLD-MODEL-C1-B10-R02847,F118,-0.06392013250195358,-0.0639201403,7.79804641692916e-09,1.2199671858769739e-07,True,1.0,1.0,1.0,1.0,1.0,True
EXP-EMBED-FP32-EQUIV-001,GOLD-MODEL-C1-B10-R02847,F119,-0.04769867032756826,-0.0476986729,2.5724317398445606e-09,5.393088994260244e-08,True,1.0,1.0,1.0,1.0,1.0,True
EXP-EMBED-FP32-EQUIV-001,GOLD-MODEL-C1-B10-R02847,F120,0.04372088192603887,0.0437208638,1.812603886430786e-08,4.1458538953928387e-07,True,1.0,1.0,1.0,1.0,1.0,True
EXP-EMBED-FP32-EQUIV-001,GOLD-MODEL-C1-B10-R02847,F121,-0.003674142077595596,-0.00367415184,9.762404403965141e-09,2.6570568578430638e-06,True,1.0,1.0,1.0,1.0,1.0,True
EXP-EMBED-FP32-EQUIV-001,GOLD-MODEL-C1-B10-R02847,F122,0.005476954705178306,0.00547695486,1.5482169365976794e-10,2.826784262308914e-08,True,1.0,1.0,1.0,1.0,1.0,True
EXP-EMBED-FP32-EQUIV-001,GOLD-MODEL-C1-B10-R02847,F123,-0.082178215576392,-0.0821782202,4.623607996467882e-09,5.626318318106853e-08,True,1.0,1.0,1.0,1.0,1.0,True
EXP-EMBED-FP32-EQUIV-001,GOLD-MODEL-C1-B10-R02847,F124,-0.04840754669637833,-0.0484075472,5.036216652043457e-10,1.0403784111662589e-08,True,1.0,1.0,1.0,1.0,1.0,True
EXP-EMBED-FP32-EQUIV-001,GOLD-MODEL-C1-B10-R02847,F125,-0.08216885606039935,-0.0821688697,1.3639600643378103e-08,1.6599477341332494e-07,True,1.0,1.0,1.0,1.0,1.0,True
EXP-EMBED-FP32-EQUIV-001,GOLD-MODEL-C1-B10-R02847,F126,-0.10822049151899413,-0.108220503,1.1481005868230199e-08,1.0608901980652278e-07,True,1.0,1.0,1.0,1.0,1.0,True
EXP-EMBED-FP32-EQUIV-001,GOLD-MODEL-C1-B10-R02847,F127,0.005691889161243743,0.00569188874,4.212437430123339e-10,7.400772064934016e-08,True,1.0,1.0,1.0,1.0,1.0,True
EXP-EMBED-FP32-EQUIV-001,GOLD-MODEL-C1-B10-R03522,F000,0.17298489664670316,0.172984883,1.3646703156400264e-08,7.888956447031152e-08,True,1.0,1.0,1.0,1.0,1.0,True
EXP-EMBED-FP32-EQUIV-001,GOLD-MODEL-C1-B10-R03522,F001,0.3670796080639453,0.367079616,7.936054702284423e-09,2.161943765860718e-08,True,1.0,1.0,1.0,1.0,1.0,True
EXP-EMBED-FP32-EQUIV-001,GOLD-MODEL-C1-B10-R03522,F002,0.09092534556183691,0.0909253508,5.2381630838427284e-09,5.760949327688103e-08,True,1.0,1.0,1.0,1.0,1.0,True
EXP-EMBED-FP32-EQUIV-001,GOLD-MODEL-C1-B10-R03522,F003,0.07617069095092256,0.0761706829,8.05092256750406e-09,1.0569580591951488e-07,True,1.0,1.0,1.0,1.0,1.0,True
EXP-EMBED-FP32-EQUIV-001,GOLD-MODEL-C1-B10-R03522,F004,0.04547823535897148,0.0454782359,5.410285136564497e-10,1.1896427145555925e-08,True,1.0,1.0,1.0,1.0,1.0,True
EXP-EMBED-FP32-EQUIV-001,GOLD-MODEL-C1-B10-R03522,F005,0.15065989345543998,0.150659874,1.945543998127519e-08,1.291348316732312e-07,True,1.0,1.0,1.0,1.0,1.0,True
EXP-EMBED-FP32-EQUIV-001,GOLD-MODEL-C1-B10-R03522,F006,0.11262635951346076,0.112626366,6.486539250172285e-09,5.759343796775242e-08,True,1.0,1.0,1.0,1.0,1.0,True
EXP-EMBED-FP32-EQUIV-001,GOLD-MODEL-C1-B10-R03522,F007,0.02359559920455692,0.0235955976,1.6045569178890773e-09,6.80023806125337e-08,True,1.0,1.0,1.0,1.0,1.0,True
EXP-EMBED-FP32-EQUIV-001,GOLD-MODEL-C1-B10-R03522,F008,0.1891655213948264,0.189165533,1.1605173599882335e-08,6.134930675691163e-08,True,1.0,1.0,1.0,1.0,1.0,True
EXP-EMBED-FP32-EQUIV-001,GOLD-MODEL-C1-B10-R03522,F009,0.4332466950109919,0.433246702,6.98900809448233e-09,1.6131705503962383e-08,True,1.0,1.0,1.0,1.0,1.0,True
EXP-EMBED-FP32-EQUIV-001,GOLD-MODEL-C1-B10-R03522,F010,0.08031559499120232,0.0803155974,2.408797675212959e-09,2.999165573605993e-08,True,1.0,1.0,1.0,1.0,1.0,True
EXP-EMBED-FP32-EQUIV-001,GOLD-MODEL-C1-B10-R03522,F011,0.05283295867905861,0.0528329536,5.079058604251507e-09,9.613428305435208e-08,True,1.0,1.0,1.0,1.0,1.0,True
EXP-EMBED-FP32-EQUIV-001,GOLD-MODEL-C1-B10-R03522,F012,0.020846020436892414,0.0208460242,3.763107585957881e-09,1.805192313492167e-07,True,1.0,1.0,1.0,1.0,1.0,True
EXP-EMBED-FP32-EQUIV-001,GOLD-MODEL-C1-B10-R03522,F013,0.13969498740929473,0.139694989,1.590705261955705e-09,1.1386988835147466e-08,True,1.0,1.0,1.0,1.0,1.0,True
EXP-EMBED-FP32-EQUIV-001,GOLD-MODEL-C1-B10-R03522,F014,0.09459240737994319,0.0945924073,7.994319095594449e-11,8.451332741204255e-10,True,1.0,1.0,1.0,1.0,1.0,True
EXP-EMBED-FP32-EQUIV-001,GOLD-MODEL-C1-B10-R03522,F015,-0.0045054312971735,-0.00450543221,9.128265001517866e-10,2.026057973016816e-07,True,1.0,1.0,1.0,1.0,1.0,True
EXP-EMBED-FP32-EQUIV-001,GOLD-MODEL-C1-B10-R03522,F016,-0.2529767536083317,-0.252976745,8.608331714121675e-09,3.402815314583973e-08,True,1.0,1.0,1.0,1.0,1.0,True
EXP-EMBED-FP32-EQUIV-001,GOLD-MODEL-C1-B10-R03522,F017,0.02269539745495133,0.022695398,5.450486693925338e-10,2.4015823934100064e-08,True,1.0,1.0,1.0,1.0,1.0,True
EXP-EMBED-FP32-EQUIV-001,GOLD-MODEL-C1-B10-R03522,F018,-0.04407823828526431,-0.0440782383,1.4735691833411835e-11,3.343076403835788e-10,True,1.0,1.0,1.0,1.0,1.0,True
EXP-EMBED-FP32-EQUIV-001,GOLD-MODEL-C1-B10-R03522,F019,-0.012437994511039822,-0.0124379927,1.8110398215809287e-09,1.45605452709717e-07,True,1.0,1.0,1.0,1.0,1.0,True
EXP-EMBED-FP32-EQUIV-001,GOLD-MODEL-C1-B10-R03522,F020,0.0011869305193621313,0.00118693186,1.3406378687307735e-09,1.1294998711898031e-06,True,1.0,1.0,1.0,1.0,1.0,True
EXP-EMBED-FP32-EQUIV-001,GOLD-MODEL-C1-B10-R03522,F021,0.0876739011113905,0.08767391,8.888609487334165e-09,1.0138261643041415e-07,True,1.0,1.0,1.0,1.0,1.0,True
EXP-EMBED-FP32-EQUIV-001,GOLD-MODEL-C1-B10-R03522,F022,0.05110075845384804,0.0511007495,8.953848038006917e-09,1.7521947440552452e-07,True,1.0,1.0,1.0,1.0,1.0,True
EXP-EMBED-FP32-EQUIV-001,GOLD-MODEL-C1-B10-R03522,F023,0.044960298666968664,0.0449603014,2.7330313359663627e-09,6.078765971308506e-08,True,1.0,1.0,1.0,1.0,1.0,True
EXP-EMBED-FP32-EQUIV-001,GOLD-MODEL-C1-B10-R03522,F024,-0.4450671884073049,-0.445067197,8.59269511099825e-09,1.9306512218408275e-08,True,1.0,1.0,1.0,1.0,1.0,True
EXP-EMBED-FP32-EQUIV-001,GOLD-MODEL-C1-B10-R03522,F025,-0.18909298817142367,-0.189092979,9.171423676068713e-09,4.85021880756059e-08,True,1.0,1.0,1.0,1.0,1.0,True
EXP-EMBED-FP32-EQUIV-001,GOLD-MODEL-C1-B10-R03522,F026,-0.09499794356483357,-0.0949979424,1.1648335768166262e-09,1.2261671496306215e-08,True,1.0,1.0,1.0,1.0,1.0,True
EXP-EMBED-FP32-EQUIV-001,GOLD-MODEL-C1-B10-R03522,F027,-0.04063639234277132,-0.0406363942,1.8572286833440366e-09,4.570358184550832e-08,True,1.0,1.0,1.0,1.0,1.0,True
EXP-EMBED-FP32-EQUIV-001,GOLD-MODEL-C1-B10-R03522,F028,0.013256231855424166,0.0132562369,5.0445758334460855e-09,3.805437237718465e-07,True,1.0,1.0,1.0,1.0,1.0,True
EXP-EMBED-FP32-EQUIV-001,GOLD-MODEL-C1-B10-R03522,F029,0.04607964613321668,0.0460796468,6.667833160611814e-10,1.4470235169200402e-08,True,1.0,1.0,1.0,1.0,1.0,True
EXP-EMBED-FP32-EQUIV-001,GOLD-MODEL-C1-B10-R03522,F030,0.02576988362610372,0.0257698819,1.7261037217608521e-09,6.698143254369948e-08,True,1.0,1.0,1.0,1.0,1.0,True
EXP-EMBED-FP32-EQUIV-001,GOLD-MODEL-C1-B10-R03522,F031,0.06801765900766009,0.0680176467,1.230766008553097e-08,1.8094801063566289e-07,True,1.0,1.0,1.0,1.0,1.0,True
EXP-EMBED-FP32-EQUIV-001,GOLD-MODEL-C1-B10-R03522,F032,-0.16073362185141266,-0.160733625,3.1485873352998794e-09,1.9588853278068575e-08,True,1.0,1.0,1.0,1.0,1.0,True
EXP-EMBED-FP32-EQUIV-001,GOLD-MODEL-C1-B10-R03522,F033,-0.336380396271474,-0.336380333,6.32714740045337e-08,1.8809501001203054e-07,True,1.0,1.0,1.0,1.0,1.0,True
EXP-EMBED-FP32-EQUIV-001,GOLD-MODEL-C1-B10-R03522,F034,0.010076758554599653,0.010076751,7.554599652445648e-09,7.497053354520699e-07,True,1.0,1.0,1.0,1.0,1.0,True
EXP-EMBED-FP32-EQUIV-001,GOLD-MODEL-C1-B10-R03522,F035,-0.047551542127620396,-0.0475515351,7.027620395338996e-09,1.4778953701392137e-07,True,1.0,1.0,1.0,1.0,1.0,True
EXP-EMBED-FP32-EQUIV-001,GOLD-MODEL-C1-B10-R03522,F036,0.3252012308816677,0.325201213,1.788166770211319e-08,5.498646992704608e-08,True,1.0,1.0,1.0,1.0,1.0,True
EXP-EMBED-FP32-EQUIV-001,GOLD-MODEL-C1-B10-R03522,F037,-0.06828399974070863,-0.06828399,9.740708628580563e-09,1.4264994238135525e-07,True,1.0,1.0,1.0,1.0,1.0,True
EXP-EMBED-FP32-EQUIV-001,GOLD-MODEL-C1-B10-R03522,F038,0.03263246445711045,0.0326324627,1.7571104432567708e-09,5.384547175608447e-08,True,1.0,1.0,1.0,1.0,1.0,True
EXP-EMBED-FP32-EQUIV-001,GOLD-MODEL-C1-B10-R03522,F039,0.8735734354369205,0.873573363,7.243692046188244e-08,8.292024176038834e-08,True,1.0,1.0,1.0,1.0,1.0,True
EXP-EMBED-FP32-EQUIV-001,GOLD-MODEL-C1-B10-R03522,F040,-0.2864247438488622,-0.286424726,1.7848862166047752e-08,6.231606224448983e-08,True,1.0,1.0,1.0,1.0,1.0,True
EXP-EMBED-FP32-EQUIV-001,GOLD-MODEL-C1-B10-R03522,F041,-0.3223681133193677,-0.322368085,2.831936768421528e-08,8.784791830871774e-08,True,1.0,1.0,1.0,1.0,1.0,True
EXP-EMBED-FP32-EQUIV-001,GOLD-MODEL-C1-B10-R03522,F042,-0.018408341710414364,-0.0184083395,2.210414365433344e-09,1.200767782457461e-07,True,1.0,1.0,1.0,1.0,1.0,True
EXP-EMBED-FP32-EQUIV-001,GOLD-MODEL-C1-B10-R03522,F043,-0.007279110690213187,-0.00727910688,3.8102131866279976e-09,5.234448751755973e-07,True,1.0,1.0,1.0,1.0,1.0,True
EXP-EMBED-FP32-EQUIV-001,GOLD-MODEL-C1-B10-R03522,F044,0.08005043515471748,0.0800504386,3.4452825176112256e-09,4.303889805161403e-08,True,1.0,1.0,1.0,1.0,1.0,True
EXP-EMBED-FP32-EQUIV-001,GOLD-MODEL-C1-B10-R03522,F045,-0.16571305199491118,-0.165713072,2.0005088807728555e-08,1.2072126224760428e-07,True,1.0,1.0,1.0,1.0,1.0,True
EXP-EMBED-FP32-EQUIV-001,GOLD-MODEL-C1-B10-R03522,F046,-0.06577221410982521,-0.065772213,1.1098252178376455e-09,1.6873770069295222e-08,True,1.0,1.0,1.0,1.0,1.0,True
EXP-EMBED-FP32-EQUIV-001,GOLD-MODEL-C1-B10-R03522,F047,0.1944189658087984,0.194418982,1.619120160167853e-08,8.327994922883084e-08,True,1.0,1.0,1.0,1.0,1.0,True
EXP-EMBED-FP32-EQUIV-001,GOLD-MODEL-C1-B10-R03522,F048,-0.04851333506832012,-0.0485133454,1.0331679879682643e-08,2.1296577250631802e-07,True,1.0,1.0,1.0,1.0,1.0,True
EXP-EMBED-FP32-EQUIV-001,GOLD-MODEL-C1-B10-R03522,F049,0.31013383512294324,0.310133874,3.887705674054942e-08,1.2535574109525258e-07,True,1.0,1.0,1.0,1.0,1.0,True
EXP-EMBED-FP32-EQUIV-001,GOLD-MODEL-C1-B10-R03522,F050,0.009432368005750147,0.00943237077,2.7642498533209103e-09,2.930600090704447e-07,True,1.0,1.0,1.0,1.0,1.0,True
EXP-EMBED-FP32-EQUIV-001,GOLD-MODEL-C1-B10-R03522,F051,0.00804064034135454,0.0080406433,2.9586454605712298e-09,3.6796142284270005e-07,True,1.0,1.0,1.0,1.0,1.0,True
EXP-EMBED-FP32-EQUIV-001,GOLD-MODEL-C1-B10-R03522,F052,0.00019180819738303775,0.000191808256,5.861696224978077e-11,3.0560196618043223e-07,True,1.0,1.0,1.0,1.0,1.0,True
EXP-EMBED-FP32-EQUIV-001,GOLD-MODEL-C1-B10-R03522,F053,0.0598702247618904,0.0598702021,2.2661890398956164e-08,3.785168752762273e-07,True,1.0,1.0,1.0,1.0,1.0,True
EXP-EMBED-FP32-EQUIV-001,GOLD-MODEL-C1-B10-R03522,F054,0.02183989100553393,0.0218399018,1.079446606752632e-08,4.942545759404729e-07,True,1.0,1.0,1.0,1.0,1.0,True
EXP-EMBED-FP32-EQUIV-001,GOLD-MODEL-C1-B10-R03522,F055,-0.17141693582370665,-0.171416938,2.1762933399838147e-09,1.2695906209769253e-08,True,1.0,1.0,1.0,1.0,1.0,True
EXP-EMBED-FP32-EQUIV-001,GOLD-MODEL-C1-B10-R03522,F056,-0.09297561126643562,-0.0929756016,9.666435624167136e-09,1.0396743288373236e-07,True,1.0,1.0,1.0,1.0,1.0,True
EXP-EMBED-FP32-EQUIV-001,GOLD-MODEL-C1-B10-R03522,F057,0.2508409915832812,0.250840962,2.958328121360765e-08,1.1793639080630792e-07,True,1.0,1.0,1.0,1.0,1.0,True
EXP-EMBED-FP32-EQUIV-001,GOLD-MODEL-C1-B10-R03522,F058,-0.004291303139919467,-0.00429130532,2.180080532765416e-09,5.080229621826084e-07,True,1.0,1.0,1.0,1.0,1.0,True
EXP-EMBED-FP32-EQUIV-001,GOLD-MODEL-C1-B10-R03522,F059,0.0009539354773274397,0.00095393369,1.7873274396965066e-09,1.8736355677890403e-06,True,1.0,1.0,1.0,1.0,1.0,True
EXP-EMBED-FP32-EQUIV-001,GOLD-MODEL-C1-B10-R03522,F060,0.009738611546687911,0.00973861106,4.866879121934176e-10,4.997508216239916e-08,True,1.0,1.0,1.0,1.0,1.0,True
EXP-EMBED-FP32-EQUIV-001,GOLD-MODEL-C1-B10-R03522,F061,0.04334539995951307,0.0433454067,6.740486925560507e-09,1.5550639587722072e-07,True,1.0,1.0,1.0,1.0,1.0,True
EXP-EMBED-FP32-EQUIV-001,GOLD-MODEL-C1-B10-R03522,F062,0.014488398783743212,0.0144884093,1.0516256787260203e-08,7.258398215170628e-07,True,1.0,1.0,1.0,1.0,1.0,True
EXP-EMBED-FP32-EQUIV-001,GOLD-MODEL-C1-B10-R03522,F063,-0.007890061627071995,-0.00789006148,1.4707199520735958e-10,1.8640157980862066e-08,True,1.0,1.0,1.0,1.0,1.0,True
EXP-EMBED-FP32-EQUIV-001,GOLD-MODEL-C1-B10-R03522,F064,0.166401718334699,0.166401714,4.334698988639474e-09,2.604960472776307e-08,True,1.0,1.0,1.0,1.0,1.0,True
EXP-EMBED-FP32-EQUIV-001,GOLD-MODEL-C1-B10-R03522,F065,0.31498971759014516,0.314989716,1.5901451821953572e-09,5.048244731164224e-09,True,1.0,1.0,1.0,1.0,1.0,True
EXP-EMBED-FP32-EQUIV-001,GOLD-MODEL-C1-B10-R03522,F066,0.07436414142031064,0.0743641406,8.203106388604553e-10,1.1030997241318364e-08,True,1.0,1.0,1.0,1.0,1.0,True
EXP-EMBED-FP32-EQUIV-001,GOLD-MODEL-C1-B10-R03522,F067,0.060093962815694985,0.0600939654,2.5843050130425205e-09,4.30044033036804e-08,True,1.0,1.0,1.0,1.0,1.0,True
EXP-EMBED-FP32-EQUIV-001,GOLD-MODEL-C1-B10-R03522,F068,0.01458327497488733,0.0145832794,4.4251126686545295e-09,3.0343751155173687e-07,True,1.0,1.0,1.0,1.0,1.0,True
EXP-EMBED-FP32-EQUIV-001,GOLD-MODEL-C1-B10-R03522,F069,0.13126729373432905,0.131267294,2.656709574555549e-10,2.0238930040962413e-09,True,1.0,1.0,1.0,1.0,1.0,True
EXP-EMBED-FP32-EQUIV-001,GOLD-MODEL-C1-B10-R03522,F070,0.0845545206136959,0.0845545307,1.0086304111367461e-08,1.1928757963691548e-07,True,1.0,1.0,1.0,1.0,1.0,True
EXP-EMBED-FP32-EQUIV-001,GOLD-MODEL-C1-B10-R03522,F071,-0.04046167548185598,-0.0404616706,4.881855981964112e-09,1.206538267095058e-07,True,1.0,1.0,1.0,1.0,1.0,True
EXP-EMBED-FP32-EQUIV-001,GOLD-MODEL-C1-B10-R03522,F072,0.18818753344099926,0.18818754,6.5590007314320076e-09,3.485353472411812e-08,True,1.0,1.0,1.0,1.0,1.0,True
EXP-EMBED-FP32-EQUIV-001,GOLD-MODEL-C1-B10-R03522,F073,0.3234344769731215,0.323434442,3.4973121509906946e-08,1.0813046845594426e-07,True,1.0,1.0,1.0,1.0,1.0,True
EXP-EMBED-FP32-EQUIV-001,GOLD-MODEL-C1-B10-R03522,F074,0.08851130860148966,0.088511318,9.398510344982292e-09,1.0618428869126575e-07,True,1.0,1.0,1.0,1.0,1.0,True
EXP-EMBED-FP32-EQUIV-001,GOLD-MODEL-C1-B10-R03522,F075,0.07607150803584657,0.0760715082,1.641534269625211e-10,2.1578831707288936e-09,True,1.0,1.0,1.0,1.0,1.0,True
EXP-EMBED-FP32-EQUIV-001,GOLD-MODEL-C1-B10-R03522,F076,0.02013284726528204,0.0201328415,5.7652820434350716e-09,2.8636198186319007e-07,True,1.0,1.0,1.0,1.0,1.0,True
EXP-EMBED-FP32-EQUIV-001,GOLD-MODEL-C1-B10-R03522,F077,0.16155444101510422,0.161554456,1.4984895796432696e-08,9.275446532003234e-08,True,1.0,1.0,1.0,1.0,1.0,True
EXP-EMBED-FP32-EQUIV-001,GOLD-MODEL-C1-B10-R03522,F078,0.11377740836217706,0.113777407,1.3621770655891652e-09,1.1972298237388862e-08,True,1.0,1.0,1.0,1.0,1.0,True
EXP-EMBED-FP32-EQUIV-001,GOLD-MODEL-C1-B10-R03522,F079,-0.006701378904194058,-0.00670137955,6.458059417097095e-10,9.636911312469317e-08,True,1.0,1.0,1.0,1.0,1.0,True
EXP-EMBED-FP32-EQUIV-001,GOLD-MODEL-C1-B10-R03522,F080,-0.30939396940127506,-0.309393942,2.7401275082272747e-08,8.856434769979011e-08,True,1.0,1.0,1.0,1.0,1.0,True
EXP-EMBED-FP32-EQUIV-001,GOLD-MODEL-C1-B10-R03522,F081,-0.10904543481879964,-0.109045431,3.818799637622661e-09,3.5020261453112135e-08,True,1.0,1.0,1.0,1.0,1.0,True
EXP-EMBED-FP32-EQUIV-001,GOLD-MODEL-C1-B10-R03522,F082,-0.0519726774271683,-0.0519726872,9.772831696674977e-09,1.880378725989265e-07,True,1.0,1.0,1.0,1.0,1.0,True
EXP-EMBED-FP32-EQUIV-001,GOLD-MODEL-C1-B10-R03522,F083,-0.019518580307652838,-0.0195185784,1.9076528377792723e-09,9.773522498617999e-08,True,1.0,1.0,1.0,1.0,1.0,True
EXP-EMBED-FP32-EQUIV-001,GOLD-MODEL-C1-B10-R03522,F084,0.006147339805099743,0.0061473432,3.3949002567479347e-09,5.52255181002289e-07,True,1.0,1.0,1.0,1.0,1.0,True
EXP-EMBED-FP32-EQUIV-001,GOLD-MODEL-C1-B10-R03522,F085,0.05960360681680812,0.0596036017,5.116808116101268e-09,8.584728994384174e-08,True,1.0,1.0,1.0,1.0,1.0,True
EXP-EMBED-FP32-EQUIV-001,GOLD-MODEL-C1-B10-R03522,F086,0.03393013319592762,0.0339301378,4.604072380287594e-09,1.3569272934184018e-07,True,1.0,1.0,1.0,1.0,1.0,True
EXP-EMBED-FP32-EQUIV-001,GOLD-MODEL-C1-B10-R03522,F087,0.09935405159358453,0.0993540436,7.993584530407993e-09,8.045554662537943e-08,True,1.0,1.0,1.0,1.0,1.0,True
EXP-EMBED-FP32-EQUIV-001,GOLD-MODEL-C1-B10-R03522,F088,-0.41181686804083584,-0.411816835,3.3040835845099537e-08,8.02318661746104e-08,True,1.0,1.0,1.0,1.0,1.0,True
EXP-EMBED-FP32-EQUIV-001,GOLD-MODEL-C1-B10-R03522,F089,-0.30638061804573424,-0.306380659,4.0954265756454333e-08,1.3367120289032443e-07,True,1.0,1.0,1.0,1.0,1.0,True
EXP-EMBED-FP32-EQUIV-001,GOLD-MODEL-C1-B10-R03522,F090,-0.07399106337513493,-0.0739910528,1.0575134934409647e-08,1.4292448914801614e-07,True,1.0,1.0,1.0,1.0,1.0,True
EXP-EMBED-FP32-EQUIV-001,GOLD-MODEL-C1-B10-R03522,F091,-0.033002967082278234,-0.0330029652,1.8822782360539136e-09,5.7033606443968785e-08,True,1.0,1.0,1.0,1.0,1.0,True
EXP-EMBED-FP32-EQUIV-001,GOLD-MODEL-C1-B10-R03522,F092,0.0432957488289523,0.043295756,7.171047700094135e-09,1.6562937226064986e-07,True,1.0,1.0,1.0,1.0,1.0,True
EXP-EMBED-FP32-EQUIV-001,GOLD-MODEL-C1-B10-R03522,F093,0.0013085504184353297,0.00130855059,1.715646702395851e-10,1.3111047753492738e-07,True,1.0,1.0,1.0,1.0,1.0,True
EXP-EMBED-FP32-EQUIV-001,GOLD-MODEL-C1-B10-R03522,F094,0.004790840546176125,0.00479084067,1.23823874764728e-10,2.5845960342712663e-08,True,1.0,1.0,1.0,1.0,1.0,True
EXP-EMBED-FP32-EQUIV-001,GOLD-MODEL-C1-B10-R03522,F095,0.2031850708378519,0.203185096,2.516214811509876e-08,1.2383856752536188e-07,True,1.0,1.0,1.0,1.0,1.0,True
EXP-EMBED-FP32-EQUIV-001,GOLD-MODEL-C1-B10-R03522,F096,-0.1669668817594242,-0.166966885,3.2405758076947677e-09,1.9408494508294055e-08,True,1.0,1.0,1.0,1.0,1.0,True
EXP-EMBED-FP32-EQUIV-001,GOLD-MODEL-C1-B10-R03522,F097,-0.14028243949361666,-0.140282452,1.2506383345600725e-08,8.915145324493597e-08,True,1.0,1.0,1.0,1.0,1.0,True
EXP-EMBED-FP32-EQUIV-001,GOLD-MODEL-C1-B10-R03522,F098,0.0005565799553654958,0.000556581479,1.5236345042623015e-09,2.737494387956819e-06,True,1.0,1.0,1.0,1.0,1.0,True
EXP-EMBED-FP32-EQUIV-001,GOLD-MODEL-C1-B10-R03522,F099,-0.045792704234488425,-0.0457927026,1.634488426549563e-09,3.5693206022075466e-08,True,1.0,1.0,1.0,1.0,1.0,True
EXP-EMBED-FP32-EQUIV-001,GOLD-MODEL-C1-B10-R03522,F100,-0.39452186190152344,-0.394521862,9.847656023964646e-11,2.4960989427812033e-10,True,1.0,1.0,1.0,1.0,1.0,True
EXP-EMBED-FP32-EQUIV-001,GOLD-MODEL-C1-B10-R03522,F101,-0.08493113555074513,-0.0849311128,2.2750745135025063e-08,2.6787284766058287e-07,True,1.0,1.0,1.0,1.0,1.0,True
EXP-EMBED-FP32-EQUIV-001,GOLD-MODEL-C1-B10-R03522,F102,-0.015307891024340858,-0.0153078893,1.724340857600648e-09,1.1264392037144753e-07,True,1.0,1.0,1.0,1.0,1.0,True
EXP-EMBED-FP32-EQUIV-001,GOLD-MODEL-C1-B10-R03522,F103,0.6205822337443597,0.620582163,7.074435970366721e-08,1.1399675314071168e-07,True,1.0,1.0,1.0,1.0,1.0,True
EXP-EMBED-FP32-EQUIV-001,GOLD-MODEL-C1-B10-R03522,F104,-0.2218168807465331,-0.221816897,1.6253466905702396e-08,7.32742560034238e-08,True,1.0,1.0,1.0,1.0,1.0,True
EXP-EMBED-FP32-EQUIV-001,GOLD-MODEL-C1-B10-R03522,F105,-0.0805912082070031,-0.0805912092,9.929968930455502e-10,1.2321404718179446e-08,True,1.0,1.0,1.0,1.0,1.0,True
EXP-EMBED-FP32-EQUIV-001,GOLD-MODEL-C1-B10-R03522,F106,0.03686445277608656,0.0368644595,6.72391343992107e-09,1.823955852745704e-07,True,1.0,1.0,1.0,1.0,1.0,True
EXP-EMBED-FP32-EQUIV-001,GOLD-MODEL-C1-B10-R03522,F107,0.01767267985949338,0.0176726952,1.534050662194142e-08,8.6803511091165e-07,True,1.0,1.0,1.0,1.0,1.0,True
EXP-EMBED-FP32-EQUIV-001,GOLD-MODEL-C1-B10-R03522,F108,-0.21993720835785807,-0.21993719,1.835785806703072e-08,8.346863272521307e-08,True,1.0,1.0,1.0,1.0,1.0,True
EXP-EMBED-FP32-EQUIV-001,GOLD-MODEL-C1-B10-R03522,F109,-0.10370183058946461,-0.103701822,8.589464611796771e-09,8.28284762474521e-08,True,1.0,1.0,1.0,1.0,1.0,True
EXP-EMBED-FP32-EQUIV-001,GOLD-MODEL-C1-B10-R03522,F110,-0.04300090884195339,-0.0430009104,1.558046608396424e-09,3.6232876242753546e-08,True,1.0,1.0,1.0,1.0,1.0,True
EXP-EMBED-FP32-EQUIV-001,GOLD-MODEL-C1-B10-R03522,F111,0.5652244430856695,0.565224469,2.5914330459286816e-08,4.5847858804222045e-08,True,1.0,1.0,1.0,1.0,1.0,True
EXP-EMBED-FP32-EQUIV-001,GOLD-MODEL-C1-B10-R03522,F112,-0.1253694082864202,-0.125369415,6.7135798031969784e-09,5.355038278444345e-08,True,1.0,1.0,1.0,1.0,1.0,True
EXP-EMBED-FP32-EQUIV-001,GOLD-MODEL-C1-B10-R03522,F113,0.19007126526762688,0.19007127,4.7323731044990325e-09,2.4897888157032513e-08,True,1.0,1.0,1.0,1.0,1.0,True
EXP-EMBED-FP32-EQUIV-001,GOLD-MODEL-C1-B10-R03522,F114,-0.011948081576171972,-0.0119480817,1.238280276927295e-10,1.0363841835469169e-08,True,1.0,1.0,1.0,1.0,1.0,True
EXP-EMBED-FP32-EQUIV-001,GOLD-MODEL-C1-B10-R03522,F115,2.898742894455046e-05,2.89874297e-05,7.554495393233707e-13,2.6061281280532218e-08,True,1.0,1.0,1.0,1.0,1.0,True
EXP-EMBED-FP32-EQUIV-001,GOLD-MODEL-C1-B10-R03522,F116,0.013059953880726722,0.0130599542,3.1927327795444604e-10,2.4446738546727553e-08,True,1.0,1.0,1.0,1.0,1.0,True
EXP-EMBED-FP32-EQUIV-001,GOLD-MODEL-C1-B10-R03522,F117,0.04566816650524087,0.0456681624,4.105240876406402e-09,8.989283324819456e-08,True,1.0,1.0,1.0,1.0,1.0,True
EXP-EMBED-FP32-EQUIV-001,GOLD-MODEL-C1-B10-R03522,F118,0.028614276221027416,0.0286142845,8.278972583875e-09,2.8933014135759036e-07,True,1.0,1.0,1.0,1.0,1.0,True
EXP-EMBED-FP32-EQUIV-001,GOLD-MODEL-C1-B10-R03522,F119,-0.04583544639882797,-0.0458354503,3.901172024312061e-09,8.511255656521358e-08,True,1.0,1.0,1.0,1.0,1.0,True
EXP-EMBED-FP32-EQUIV-001,GOLD-MODEL-C1-B10-R03522,F120,-0.1291754091323112,-0.129175395,1.413231121016878e-08,1.0940403676750425e-07,True,1.0,1.0,1.0,1.0,1.0,True
EXP-EMBED-FP32-EQUIV-001,GOLD-MODEL-C1-B10-R03522,F121,0.1966898800480565,0.196689859,2.1048056492167788e-08,1.0701138506477912e-07,True,1.0,1.0,1.0,1.0,1.0,True
EXP-EMBED-FP32-EQUIV-001,GOLD-MODEL-C1-B10-R03522,F122,-0.0010776932012267599,-0.00107769296,2.4122675992138687e-10,2.238362083446324e-07,True,1.0,1.0,1.0,1.0,1.0,True
EXP-EMBED-FP32-EQUIV-001,GOLD-MODEL-C1-B10-R03522,F123,0.007826955985043902,0.00782695413,1.8550439032094523e-09,2.3700706976686124e-07,True,1.0,1.0,1.0,1.0,1.0,True
EXP-EMBED-FP32-EQUIV-001,GOLD-MODEL-C1-B10-R03522,F124,-0.009421741629766804,-0.00942174066,9.697668033187279e-10,1.0292861356491374e-07,True,1.0,1.0,1.0,1.0,1.0,True
EXP-EMBED-FP32-EQUIV-001,GOLD-MODEL-C1-B10-R03522,F125,0.04075380299146688,0.0407538041,1.108533119464905e-09,2.720072822889712e-08,True,1.0,1.0,1.0,1.0,1.0,True
EXP-EMBED-FP32-EQUIV-001,GOLD-MODEL-C1-B10-R03522,F126,0.012702536023324324,0.0127025265,9.523324323579274e-09,7.497183480599937e-07,True,1.0,1.0,1.0,1.0,1.0,True
EXP-EMBED-FP32-EQUIV-001,GOLD-MODEL-C1-B10-R03522,F127,0.00802535273953582,0.00802535377,1.0304641809982806e-09,1.2840110764500577e-07,True,1.0,1.0,1.0,1.0,1.0,True
