experiment_id,model_id,method,batch,feature_index,feature_name,importance,importance_std,rank,status
EXP-XAI-0001,MODEL-C4,PERMUTATION_IMPORTANCE_MACRO_F1,2,0,S1:dR,0.0031841163226311144,0.0028574745450633664,71,EXECUTED
EXP-XAI-0001,MODEL-C4,PERMUTATION_IMPORTANCE_MACRO_F1,2,1,S1:dR_norm,0.03457387501973959,0.013339031069515393,8,EXECUTED
EXP-XAI-0001,MODEL-C4,PERMUTATION_IMPORTANCE_MACRO_F1,2,2,S1:EMAi_0.001,0.0009506079683223812,0.004045812814162397,83,EXECUTED
EXP-XAI-0001,MODEL-C4,PERMUTATION_IMPORTANCE_MACRO_F1,2,3,S1:EMAi_0.01,0.005713227545199051,0.002544908308354653,59,EXECUTED
EXP-XAI-0001,MODEL-C4,PERMUTATION_IMPORTANCE_MACRO_F1,2,4,S1:EMAi_0.1,0.012984396886388328,0.009077225400662301,34,EXECUTED
EXP-XAI-0001,MODEL-C4,PERMUTATION_IMPORTANCE_MACRO_F1,2,5,S1:EMAd_0.001,0.0037011133326728674,0.007587207741407264,68,EXECUTED
EXP-XAI-0001,MODEL-C4,PERMUTATION_IMPORTANCE_MACRO_F1,2,6,S1:EMAd_0.01,-0.006451629731265585,0.005594426279053616,109,EXECUTED
EXP-XAI-0001,MODEL-C4,PERMUTATION_IMPORTANCE_MACRO_F1,2,7,S1:EMAd_0.1,0.03743248393174721,0.006448694503529252,5,EXECUTED
EXP-XAI-0001,MODEL-C4,PERMUTATION_IMPORTANCE_MACRO_F1,2,8,S2:dR,0.012906033684709661,0.005838263109499593,35,EXECUTED
EXP-XAI-0001,MODEL-C4,PERMUTATION_IMPORTANCE_MACRO_F1,2,9,S2:dR_norm,0.03418307277320924,0.010457693632491374,9,EXECUTED
EXP-XAI-0001,MODEL-C4,PERMUTATION_IMPORTANCE_MACRO_F1,2,10,S2:EMAi_0.001,0.00602780299445409,0.005088370653253577,55,EXECUTED
EXP-XAI-0001,MODEL-C4,PERMUTATION_IMPORTANCE_MACRO_F1,2,11,S2:EMAi_0.01,0.0052866691946553464,0.0003632918474651553,60,EXECUTED
EXP-XAI-0001,MODEL-C4,PERMUTATION_IMPORTANCE_MACRO_F1,2,12,S2:EMAi_0.1,0.01525093190288893,0.00957137090746968,24,EXECUTED
EXP-XAI-0001,MODEL-C4,PERMUTATION_IMPORTANCE_MACRO_F1,2,13,S2:EMAd_0.001,0.012316654044451236,0.005376680290148781,38,EXECUTED
EXP-XAI-0001,MODEL-C4,PERMUTATION_IMPORTANCE_MACRO_F1,2,14,S2:EMAd_0.01,0.013492441711702097,0.006668132377459849,30,EXECUTED
EXP-XAI-0001,MODEL-C4,PERMUTATION_IMPORTANCE_MACRO_F1,2,15,S2:EMAd_0.1,0.05862027022786605,0.0035702347712798024,1,EXECUTED
EXP-XAI-0001,MODEL-C4,PERMUTATION_IMPORTANCE_MACRO_F1,2,16,S3:dR,-0.0005236996276701377,0.0017047389022441686,87,EXECUTED
EXP-XAI-0001,MODEL-C4,PERMUTATION_IMPORTANCE_MACRO_F1,2,17,S3:dR_norm,0.008906876106407146,0.004742075954372103,45,EXECUTED
EXP-XAI-0001,MODEL-C4,PERMUTATION_IMPORTANCE_MACRO_F1,2,18,S3:EMAi_0.001,0.0174380183212542,0.0014957018485250812,21,EXECUTED
EXP-XAI-0001,MODEL-C4,PERMUTATION_IMPORTANCE_MACRO_F1,2,19,S3:EMAi_0.01,0.0058361789244477215,0.0023636305997518795,58,EXECUTED
EXP-XAI-0001,MODEL-C4,PERMUTATION_IMPORTANCE_MACRO_F1,2,20,S3:EMAi_0.1,0.00419621770086911,0.0032851542936800293,65,EXECUTED
EXP-XAI-0001,MODEL-C4,PERMUTATION_IMPORTANCE_MACRO_F1,2,21,S3:EMAd_0.001,0.01136566349186625,0.007354268535420523,41,EXECUTED
EXP-XAI-0001,MODEL-C4,PERMUTATION_IMPORTANCE_MACRO_F1,2,22,S3:EMAd_0.01,0.002965873093054028,0.007568309255386242,74,EXECUTED
EXP-XAI-0001,MODEL-C4,PERMUTATION_IMPORTANCE_MACRO_F1,2,23,S3:EMAd_0.1,0.0012178056800634884,0.005336588427773263,80,EXECUTED
EXP-XAI-0001,MODEL-C4,PERMUTATION_IMPORTANCE_MACRO_F1,2,24,S4:dR,-0.012736744692619161,0.005902837674018811,125,EXECUTED
EXP-XAI-0001,MODEL-C4,PERMUTATION_IMPORTANCE_MACRO_F1,2,25,S4:dR_norm,0.0018617093796047478,0.003065868781846347,76,EXECUTED
EXP-XAI-0001,MODEL-C4,PERMUTATION_IMPORTANCE_MACRO_F1,2,26,S4:EMAi_0.001,-0.012297092523894793,0.004112316673792117,123,EXECUTED
EXP-XAI-0001,MODEL-C4,PERMUTATION_IMPORTANCE_MACRO_F1,2,27,S4:EMAi_0.01,0.014808620212521873,0.002793037686929254,26,EXECUTED
EXP-XAI-0001,MODEL-C4,PERMUTATION_IMPORTANCE_MACRO_F1,2,28,S4:EMAi_0.1,0.0445355511290864,0.0027801718679903793,3,EXECUTED
EXP-XAI-0001,MODEL-C4,PERMUTATION_IMPORTANCE_MACRO_F1,2,29,S4:EMAd_0.001,-0.009265137766364773,0.004119099509526389,116,EXECUTED
EXP-XAI-0001,MODEL-C4,PERMUTATION_IMPORTANCE_MACRO_F1,2,30,S4:EMAd_0.01,-0.011615931793680123,0.0037359181351706646,120,EXECUTED
EXP-XAI-0001,MODEL-C4,PERMUTATION_IMPORTANCE_MACRO_F1,2,31,S4:EMAd_0.1,-0.002629701750031077,0.007212589984043707,96,EXECUTED
EXP-XAI-0001,MODEL-C4,PERMUTATION_IMPORTANCE_MACRO_F1,2,32,S5:dR,0.0017984607078591174,0.000840998565354968,77,EXECUTED
EXP-XAI-0001,MODEL-C4,PERMUTATION_IMPORTANCE_MACRO_F1,2,33,S5:dR_norm,-0.0025884418228646843,0.002174728114667814,95,EXECUTED
EXP-XAI-0001,MODEL-C4,PERMUTATION_IMPORTANCE_MACRO_F1,2,34,S5:EMAi_0.001,-0.010996056724153092,0.003995500028000103,118,EXECUTED
EXP-XAI-0001,MODEL-C4,PERMUTATION_IMPORTANCE_MACRO_F1,2,35,S5:EMAi_0.01,-0.006921113440728943,0.0034626456726797633,111,EXECUTED
EXP-XAI-0001,MODEL-C4,PERMUTATION_IMPORTANCE_MACRO_F1,2,36,S5:EMAi_0.1,0.0033740261574573883,0.0048388297020957646,69,EXECUTED
EXP-XAI-0001,MODEL-C4,PERMUTATION_IMPORTANCE_MACRO_F1,2,37,S5:EMAd_0.001,-0.012385699099900704,0.0036600237813954055,124,EXECUTED
EXP-XAI-0001,MODEL-C4,PERMUTATION_IMPORTANCE_MACRO_F1,2,38,S5:EMAd_0.01,-0.012031718773394906,0.0034776869970312087,122,EXECUTED
EXP-XAI-0001,MODEL-C4,PERMUTATION_IMPORTANCE_MACRO_F1,2,39,S5:EMAd_0.1,0.019834785251077867,0.0064077330391660225,19,EXECUTED
EXP-XAI-0001,MODEL-C4,PERMUTATION_IMPORTANCE_MACRO_F1,2,40,S6:dR,0.0005369199340114373,0.004679729320338035,84,EXECUTED
EXP-XAI-0001,MODEL-C4,PERMUTATION_IMPORTANCE_MACRO_F1,2,41,S6:dR_norm,-0.001426829855962164,0.0028466070038199176,90,EXECUTED
EXP-XAI-0001,MODEL-C4,PERMUTATION_IMPORTANCE_MACRO_F1,2,42,S6:EMAi_0.001,0.013811597214870885,0.003951701091409743,29,EXECUTED
EXP-XAI-0001,MODEL-C4,PERMUTATION_IMPORTANCE_MACRO_F1,2,43,S6:EMAi_0.01,0.03524361712432056,0.0029709275309135986,7,EXECUTED
EXP-XAI-0001,MODEL-C4,PERMUTATION_IMPORTANCE_MACRO_F1,2,44,S6:EMAi_0.1,0.004000057633642218,0.003403401294657988,66,EXECUTED
EXP-XAI-0001,MODEL-C4,PERMUTATION_IMPORTANCE_MACRO_F1,2,45,S6:EMAd_0.001,0.0009544967625411793,0.006198470321134816,82,EXECUTED
EXP-XAI-0001,MODEL-C4,PERMUTATION_IMPORTANCE_MACRO_F1,2,46,S6:EMAd_0.01,-0.006578735581249129,0.0010288391949068198,110,EXECUTED
EXP-XAI-0001,MODEL-C4,PERMUTATION_IMPORTANCE_MACRO_F1,2,47,S6:EMAd_0.1,-0.005969465872390512,0.0071989045603044225,103,EXECUTED
EXP-XAI-0001,MODEL-C4,PERMUTATION_IMPORTANCE_MACRO_F1,2,48,S7:dR,-0.012762128995870769,0.006480480614525949,126,EXECUTED
EXP-XAI-0001,MODEL-C4,PERMUTATION_IMPORTANCE_MACRO_F1,2,49,S7:dR_norm,0.001649884357478748,0.0007654904898089132,78,EXECUTED
EXP-XAI-0001,MODEL-C4,PERMUTATION_IMPORTANCE_MACRO_F1,2,50,S7:EMAi_0.001,0.01317981024442636,0.003302390359755779,32,EXECUTED
EXP-XAI-0001,MODEL-C4,PERMUTATION_IMPORTANCE_MACRO_F1,2,51,S7:EMAi_0.01,0.023961642196244727,0.005167984021867898,11,EXECUTED
EXP-XAI-0001,MODEL-C4,PERMUTATION_IMPORTANCE_MACRO_F1,2,52,S7:EMAi_0.1,0.01814682349224337,0.002594583755360306,20,EXECUTED
EXP-XAI-0001,MODEL-C4,PERMUTATION_IMPORTANCE_MACRO_F1,2,53,S7:EMAd_0.001,-0.006157256611199346,0.00354342932366556,104,EXECUTED
EXP-XAI-0001,MODEL-C4,PERMUTATION_IMPORTANCE_MACRO_F1,2,54,S7:EMAd_0.01,0.008046316429707323,0.004054499477906785,48,EXECUTED
EXP-XAI-0001,MODEL-C4,PERMUTATION_IMPORTANCE_MACRO_F1,2,55,S7:EMAd_0.1,-0.004171547696253275,0.008837884212517086,98,EXECUTED
EXP-XAI-0001,MODEL-C4,PERMUTATION_IMPORTANCE_MACRO_F1,2,56,S8:dR,-0.0016411993195024621,0.006505881709658946,92,EXECUTED
EXP-XAI-0001,MODEL-C4,PERMUTATION_IMPORTANCE_MACRO_F1,2,57,S8:dR_norm,0.013182661270038865,0.004453693510821978,31,EXECUTED
EXP-XAI-0001,MODEL-C4,PERMUTATION_IMPORTANCE_MACRO_F1,2,58,S8:EMAi_0.001,0.0022672164339850196,0.0016858817160886712,75,EXECUTED
EXP-XAI-0001,MODEL-C4,PERMUTATION_IMPORTANCE_MACRO_F1,2,59,S8:EMAi_0.01,0.007349119249505409,0.004740437262921732,50,EXECUTED
EXP-XAI-0001,MODEL-C4,PERMUTATION_IMPORTANCE_MACRO_F1,2,60,S8:EMAi_0.1,0.014805192783934395,0.002183590565644515,27,EXECUTED
EXP-XAI-0001,MODEL-C4,PERMUTATION_IMPORTANCE_MACRO_F1,2,61,S8:EMAd_0.001,0.003182775936548965,0.005012694851741284,72,EXECUTED
EXP-XAI-0001,MODEL-C4,PERMUTATION_IMPORTANCE_MACRO_F1,2,62,S8:EMAd_0.01,-0.011214411852533402,0.0038300286955572356,119,EXECUTED
EXP-XAI-0001,MODEL-C4,PERMUTATION_IMPORTANCE_MACRO_F1,2,63,S8:EMAd_0.1,-0.002300558636175354,0.0056180174334587675,93,EXECUTED
EXP-XAI-0001,MODEL-C4,PERMUTATION_IMPORTANCE_MACRO_F1,2,64,S9:dR,0.0042722318571643434,0.0003890915559836328,63,EXECUTED
EXP-XAI-0001,MODEL-C4,PERMUTATION_IMPORTANCE_MACRO_F1,2,65,S9:dR_norm,0.04289578981277888,0.007874329190374193,4,EXECUTED
EXP-XAI-0001,MODEL-C4,PERMUTATION_IMPORTANCE_MACRO_F1,2,66,S9:EMAi_0.001,0.004837734821069195,0.0074554620665679226,61,EXECUTED
EXP-XAI-0001,MODEL-C4,PERMUTATION_IMPORTANCE_MACRO_F1,2,67,S9:EMAi_0.01,0.014062356019867628,0.005869250832045671,28,EXECUTED
EXP-XAI-0001,MODEL-C4,PERMUTATION_IMPORTANCE_MACRO_F1,2,68,S9:EMAi_0.1,0.02123218049557123,0.00813557236276734,17,EXECUTED
EXP-XAI-0001,MODEL-C4,PERMUTATION_IMPORTANCE_MACRO_F1,2,69,S9:EMAd_0.001,0.007173535372865358,0.004505853249628274,51,EXECUTED
EXP-XAI-0001,MODEL-C4,PERMUTATION_IMPORTANCE_MACRO_F1,2,70,S9:EMAd_0.01,0.00981159233513813,0.005259462367800792,43,EXECUTED
EXP-XAI-0001,MODEL-C4,PERMUTATION_IMPORTANCE_MACRO_F1,2,71,S9:EMAd_0.1,-0.006363064523935469,0.0064110656102273535,108,EXECUTED
EXP-XAI-0001,MODEL-C4,PERMUTATION_IMPORTANCE_MACRO_F1,2,72,S10:dR,-0.0032586471624137083,0.005205858908650551,97,EXECUTED
EXP-XAI-0001,MODEL-C4,PERMUTATION_IMPORTANCE_MACRO_F1,2,73,S10:dR_norm,0.036293017913418456,0.004896733058153247,6,EXECUTED
EXP-XAI-0001,MODEL-C4,PERMUTATION_IMPORTANCE_MACRO_F1,2,74,S10:EMAi_0.001,-0.0006603646989257417,0.0024589785492292716,88,EXECUTED
EXP-XAI-0001,MODEL-C4,PERMUTATION_IMPORTANCE_MACRO_F1,2,75,S10:EMAi_0.01,-2.1949906994422895e-05,0.006652358295695531,85,EXECUTED
EXP-XAI-0001,MODEL-C4,PERMUTATION_IMPORTANCE_MACRO_F1,2,76,S10:EMAi_0.1,0.010980985616852368,0.0061702629827914985,42,EXECUTED
EXP-XAI-0001,MODEL-C4,PERMUTATION_IMPORTANCE_MACRO_F1,2,77,S10:EMAd_0.001,0.005841748420187187,0.0083298134211849,57,EXECUTED
EXP-XAI-0001,MODEL-C4,PERMUTATION_IMPORTANCE_MACRO_F1,2,78,S10:EMAd_0.01,0.009426995840876296,0.004267027484808135,44,EXECUTED
EXP-XAI-0001,MODEL-C4,PERMUTATION_IMPORTANCE_MACRO_F1,2,79,S10:EMAd_0.1,0.0030649979874898927,0.0033317159034723,73,EXECUTED
EXP-XAI-0001,MODEL-C4,PERMUTATION_IMPORTANCE_MACRO_F1,2,80,S11:dR,-0.008097545724298194,0.0029642604690782413,114,EXECUTED
EXP-XAI-0001,MODEL-C4,PERMUTATION_IMPORTANCE_MACRO_F1,2,81,S11:dR_norm,0.003801594268956987,0.0058465093747535396,67,EXECUTED
EXP-XAI-0001,MODEL-C4,PERMUTATION_IMPORTANCE_MACRO_F1,2,82,S11:EMAi_0.001,0.011521547815321043,0.0033823710950952853,40,EXECUTED
EXP-XAI-0001,MODEL-C4,PERMUTATION_IMPORTANCE_MACRO_F1,2,83,S11:EMAi_0.01,-0.004785441958332348,0.004321130558028666,101,EXECUTED
EXP-XAI-0001,MODEL-C4,PERMUTATION_IMPORTANCE_MACRO_F1,2,84,S11:EMAi_0.1,-0.007369467972636578,0.0015739730800210252,112,EXECUTED
EXP-XAI-0001,MODEL-C4,PERMUTATION_IMPORTANCE_MACRO_F1,2,85,S11:EMAd_0.001,0.004560850351308066,0.007903353606149046,62,EXECUTED
EXP-XAI-0001,MODEL-C4,PERMUTATION_IMPORTANCE_MACRO_F1,2,86,S11:EMAd_0.01,0.008871861117571744,0.006167909290238684,46,EXECUTED
EXP-XAI-0001,MODEL-C4,PERMUTATION_IMPORTANCE_MACRO_F1,2,87,S11:EMAd_0.1,0.004197486566496722,0.0030384798509362127,64,EXECUTED
EXP-XAI-0001,MODEL-C4,PERMUTATION_IMPORTANCE_MACRO_F1,2,88,S12:dR,0.022249419387029134,0.004388389909512337,15,EXECUTED
EXP-XAI-0001,MODEL-C4,PERMUTATION_IMPORTANCE_MACRO_F1,2,89,S12:dR_norm,0.008606967762085116,0.0035948551723015087,47,EXECUTED
EXP-XAI-0001,MODEL-C4,PERMUTATION_IMPORTANCE_MACRO_F1,2,90,S12:EMAi_0.001,0.023628664619467044,0.0045755470278454275,12,EXECUTED
EXP-XAI-0001,MODEL-C4,PERMUTATION_IMPORTANCE_MACRO_F1,2,91,S12:EMAi_0.01,-0.0025748056203211745,0.0010781321009253235,94,EXECUTED
EXP-XAI-0001,MODEL-C4,PERMUTATION_IMPORTANCE_MACRO_F1,2,92,S12:EMAi_0.1,0.0011845622483829033,0.0018085479698920412,81,EXECUTED
EXP-XAI-0001,MODEL-C4,PERMUTATION_IMPORTANCE_MACRO_F1,2,93,S12:EMAd_0.001,0.01308019553851123,0.004963454755623541,33,EXECUTED
EXP-XAI-0001,MODEL-C4,PERMUTATION_IMPORTANCE_MACRO_F1,2,94,S12:EMAd_0.01,-0.008936967999848066,0.002308151144886259,115,EXECUTED
EXP-XAI-0001,MODEL-C4,PERMUTATION_IMPORTANCE_MACRO_F1,2,95,S12:EMAd_0.1,-0.004242375333380566,0.0007142446486369842,100,EXECUTED
EXP-XAI-0001,MODEL-C4,PERMUTATION_IMPORTANCE_MACRO_F1,2,96,S13:dR,0.01182554647411147,0.004356826465114121,39,EXECUTED
EXP-XAI-0001,MODEL-C4,PERMUTATION_IMPORTANCE_MACRO_F1,2,97,S13:dR_norm,0.0031924993980306125,0.0010723727359479578,70,EXECUTED
EXP-XAI-0001,MODEL-C4,PERMUTATION_IMPORTANCE_MACRO_F1,2,98,S13:EMAi_0.001,-0.0014977145701314365,0.0016207043721150549,91,EXECUTED
EXP-XAI-0001,MODEL-C4,PERMUTATION_IMPORTANCE_MACRO_F1,2,99,S13:EMAi_0.01,0.016261343193398826,0.0037011042130977016,23,EXECUTED
EXP-XAI-0001,MODEL-C4,PERMUTATION_IMPORTANCE_MACRO_F1,2,100,S13:EMAi_0.1,0.04556584219887079,0.004866985679408762,2,EXECUTED
EXP-XAI-0001,MODEL-C4,PERMUTATION_IMPORTANCE_MACRO_F1,2,101,S13:EMAd_0.001,0.0014194491605286075,0.006073039220428404,79,EXECUTED
EXP-XAI-0001,MODEL-C4,PERMUTATION_IMPORTANCE_MACRO_F1,2,102,S13:EMAd_0.01,0.006456913949302967,0.0038221718336456877,53,EXECUTED
EXP-XAI-0001,MODEL-C4,PERMUTATION_IMPORTANCE_MACRO_F1,2,103,S13:EMAd_0.1,0.019899461950347065,0.002180656324720032,18,EXECUTED
EXP-XAI-0001,MODEL-C4,PERMUTATION_IMPORTANCE_MACRO_F1,2,104,S14:dR,-0.009270606742484344,0.005912510031662995,117,EXECUTED
EXP-XAI-0001,MODEL-C4,PERMUTATION_IMPORTANCE_MACRO_F1,2,105,S14:dR_norm,-0.004180076342860528,0.003989114039743801,99,EXECUTED
EXP-XAI-0001,MODEL-C4,PERMUTATION_IMPORTANCE_MACRO_F1,2,106,S14:EMAi_0.001,-0.007520396330627422,0.00048256010726656877,113,EXECUTED
EXP-XAI-0001,MODEL-C4,PERMUTATION_IMPORTANCE_MACRO_F1,2,107,S14:EMAi_0.01,0.02145794788612041,0.0024609811561620244,16,EXECUTED
EXP-XAI-0001,MODEL-C4,PERMUTATION_IMPORTANCE_MACRO_F1,2,108,S14:EMAi_0.1,0.016592598022074957,0.002312515642248474,22,EXECUTED
EXP-XAI-0001,MODEL-C4,PERMUTATION_IMPORTANCE_MACRO_F1,2,109,S14:EMAd_0.001,-0.00029463052668941,0.0041168294298205765,86,EXECUTED
EXP-XAI-0001,MODEL-C4,PERMUTATION_IMPORTANCE_MACRO_F1,2,110,S14:EMAd_0.01,-0.006248223944827358,0.0027318644481252262,107,EXECUTED
EXP-XAI-0001,MODEL-C4,PERMUTATION_IMPORTANCE_MACRO_F1,2,111,S14:EMAd_0.1,0.02292967946596307,0.004468982969205359,14,EXECUTED
EXP-XAI-0001,MODEL-C4,PERMUTATION_IMPORTANCE_MACRO_F1,2,112,S15:dR,-0.011904947201454009,0.0063319278891826045,121,EXECUTED
EXP-XAI-0001,MODEL-C4,PERMUTATION_IMPORTANCE_MACRO_F1,2,113,S15:dR_norm,0.0075426419621152044,0.005084950855399251,49,EXECUTED
EXP-XAI-0001,MODEL-C4,PERMUTATION_IMPORTANCE_MACRO_F1,2,114,S15:EMAi_0.001,-0.013680321510284376,0.0035433167364617726,127,EXECUTED
EXP-XAI-0001,MODEL-C4,PERMUTATION_IMPORTANCE_MACRO_F1,2,115,S15:EMAi_0.01,0.006893102267176631,0.00432689393664399,52,EXECUTED
EXP-XAI-0001,MODEL-C4,PERMUTATION_IMPORTANCE_MACRO_F1,2,116,S15:EMAi_0.1,0.012684788196832674,0.003238860287399275,36,EXECUTED
EXP-XAI-0001,MODEL-C4,PERMUTATION_IMPORTANCE_MACRO_F1,2,117,S15:EMAd_0.001,-0.014085076102456795,0.004120848273847609,128,EXECUTED
EXP-XAI-0001,MODEL-C4,PERMUTATION_IMPORTANCE_MACRO_F1,2,118,S15:EMAd_0.01,-0.001200070042661361,0.009360762268993515,89,EXECUTED
EXP-XAI-0001,MODEL-C4,PERMUTATION_IMPORTANCE_MACRO_F1,2,119,S15:EMAd_0.1,-0.006161404114140967,0.005220369765988477,105,EXECUTED
EXP-XAI-0001,MODEL-C4,PERMUTATION_IMPORTANCE_MACRO_F1,2,120,S16:dR,0.012575372898849625,0.002155329154827896,37,EXECUTED
EXP-XAI-0001,MODEL-C4,PERMUTATION_IMPORTANCE_MACRO_F1,2,121,S16:dR_norm,0.005887717126829939,0.003069544622769249,56,EXECUTED
EXP-XAI-0001,MODEL-C4,PERMUTATION_IMPORTANCE_MACRO_F1,2,122,S16:EMAi_0.001,0.015105241218301969,0.002463580571843846,25,EXECUTED
EXP-XAI-0001,MODEL-C4,PERMUTATION_IMPORTANCE_MACRO_F1,2,123,S16:EMAi_0.01,-0.006247595666230921,0.00043644876493086033,106,EXECUTED
EXP-XAI-0001,MODEL-C4,PERMUTATION_IMPORTANCE_MACRO_F1,2,124,S16:EMAi_0.1,0.025058552110910126,0.0029859496521514287,10,EXECUTED
EXP-XAI-0001,MODEL-C4,PERMUTATION_IMPORTANCE_MACRO_F1,2,125,S16:EMAd_0.001,0.00611252548341743,0.003209112472896609,54,EXECUTED
EXP-XAI-0001,MODEL-C4,PERMUTATION_IMPORTANCE_MACRO_F1,2,126,S16:EMAd_0.01,0.02311484049628574,0.006266708354779051,13,EXECUTED
EXP-XAI-0001,MODEL-C4,PERMUTATION_IMPORTANCE_MACRO_F1,2,127,S16:EMAd_0.1,-0.00500254648241052,0.003805647209232993,102,EXECUTED
EXP-XAI-0001,MODEL-C4,PERMUTATION_IMPORTANCE_MACRO_F1,3,0,S1:dR,0.0013741440732023768,0.00043059453411767627,79,EXECUTED
EXP-XAI-0001,MODEL-C4,PERMUTATION_IMPORTANCE_MACRO_F1,3,1,S1:dR_norm,0.02476425604573813,0.0024090410303789335,14,EXECUTED
EXP-XAI-0001,MODEL-C4,PERMUTATION_IMPORTANCE_MACRO_F1,3,2,S1:EMAi_0.001,-0.00103019709869141,0.00035355950910183933,104,EXECUTED
EXP-XAI-0001,MODEL-C4,PERMUTATION_IMPORTANCE_MACRO_F1,3,3,S1:EMAi_0.01,-0.0008872277091066749,0.0004422915288881016,102,EXECUTED
EXP-XAI-0001,MODEL-C4,PERMUTATION_IMPORTANCE_MACRO_F1,3,4,S1:EMAi_0.1,0.003485801021077073,0.0008350345663068979,71,EXECUTED
EXP-XAI-0001,MODEL-C4,PERMUTATION_IMPORTANCE_MACRO_F1,3,5,S1:EMAd_0.001,0.0003465202549561175,0.0008232924125228355,87,EXECUTED
EXP-XAI-0001,MODEL-C4,PERMUTATION_IMPORTANCE_MACRO_F1,3,6,S1:EMAd_0.01,-0.00012850220002105228,0.00021433560435259045,93,EXECUTED
EXP-XAI-0001,MODEL-C4,PERMUTATION_IMPORTANCE_MACRO_F1,3,7,S1:EMAd_0.1,0.007810412749186235,0.001229304449599533,51,EXECUTED
EXP-XAI-0001,MODEL-C4,PERMUTATION_IMPORTANCE_MACRO_F1,3,8,S2:dR,-0.00014359279704387884,0.0009406772869630741,94,EXECUTED
EXP-XAI-0001,MODEL-C4,PERMUTATION_IMPORTANCE_MACRO_F1,3,9,S2:dR_norm,0.02033761705832986,0.0032209956853759074,19,EXECUTED
EXP-XAI-0001,MODEL-C4,PERMUTATION_IMPORTANCE_MACRO_F1,3,10,S2:EMAi_0.001,0.0018702987340462273,0.0004749792282292186,77,EXECUTED
EXP-XAI-0001,MODEL-C4,PERMUTATION_IMPORTANCE_MACRO_F1,3,11,S2:EMAi_0.01,0.0008678541581652377,0.0002657418572860792,83,EXECUTED
EXP-XAI-0001,MODEL-C4,PERMUTATION_IMPORTANCE_MACRO_F1,3,12,S2:EMAi_0.1,0.0005872148721622894,0.0006682932090833116,85,EXECUTED
EXP-XAI-0001,MODEL-C4,PERMUTATION_IMPORTANCE_MACRO_F1,3,13,S2:EMAd_0.001,0.0020737678953828497,0.0011188226872685385,76,EXECUTED
EXP-XAI-0001,MODEL-C4,PERMUTATION_IMPORTANCE_MACRO_F1,3,14,S2:EMAd_0.01,0.0001512696615918907,0.0010962644303982995,90,EXECUTED
EXP-XAI-0001,MODEL-C4,PERMUTATION_IMPORTANCE_MACRO_F1,3,15,S2:EMAd_0.1,0.012603694440434165,0.0010406146425834676,31,EXECUTED
EXP-XAI-0001,MODEL-C4,PERMUTATION_IMPORTANCE_MACRO_F1,3,16,S3:dR,0.015908969735377344,0.001102923750292877,22,EXECUTED
EXP-XAI-0001,MODEL-C4,PERMUTATION_IMPORTANCE_MACRO_F1,3,17,S3:dR_norm,-0.0028946866988095233,0.0007727379051503772,113,EXECUTED
EXP-XAI-0001,MODEL-C4,PERMUTATION_IMPORTANCE_MACRO_F1,3,18,S3:EMAi_0.001,-0.005456532537169156,0.0009483967472492961,125,EXECUTED
EXP-XAI-0001,MODEL-C4,PERMUTATION_IMPORTANCE_MACRO_F1,3,19,S3:EMAi_0.01,0.035243302323878886,0.0030713912266942017,6,EXECUTED
EXP-XAI-0001,MODEL-C4,PERMUTATION_IMPORTANCE_MACRO_F1,3,20,S3:EMAi_0.1,-0.0006126424473825054,0.0016643445431485438,98,EXECUTED
EXP-XAI-0001,MODEL-C4,PERMUTATION_IMPORTANCE_MACRO_F1,3,21,S3:EMAd_0.001,-0.004051688946015463,0.00025693258696648776,118,EXECUTED
EXP-XAI-0001,MODEL-C4,PERMUTATION_IMPORTANCE_MACRO_F1,3,22,S3:EMAd_0.01,-0.0040878475534323,0.001181855534400261,119,EXECUTED
EXP-XAI-0001,MODEL-C4,PERMUTATION_IMPORTANCE_MACRO_F1,3,23,S3:EMAd_0.1,-0.004741125956500958,0.00038508489423808327,121,EXECUTED
EXP-XAI-0001,MODEL-C4,PERMUTATION_IMPORTANCE_MACRO_F1,3,24,S4:dR,0.011306047771991267,0.0016215987358976821,35,EXECUTED
EXP-XAI-0001,MODEL-C4,PERMUTATION_IMPORTANCE_MACRO_F1,3,25,S4:dR_norm,0.010553514261340347,0.0015919991216598527,40,EXECUTED
EXP-XAI-0001,MODEL-C4,PERMUTATION_IMPORTANCE_MACRO_F1,3,26,S4:EMAi_0.001,0.009508739433321468,0.001974403913317536,45,EXECUTED
EXP-XAI-0001,MODEL-C4,PERMUTATION_IMPORTANCE_MACRO_F1,3,27,S4:EMAi_0.01,0.029101438301531203,0.002516828205528295,13,EXECUTED
EXP-XAI-0001,MODEL-C4,PERMUTATION_IMPORTANCE_MACRO_F1,3,28,S4:EMAi_0.1,0.007220237907003879,0.0017882383994181916,57,EXECUTED
EXP-XAI-0001,MODEL-C4,PERMUTATION_IMPORTANCE_MACRO_F1,3,29,S4:EMAd_0.001,0.003892219007596598,0.0005351937961459176,69,EXECUTED
EXP-XAI-0001,MODEL-C4,PERMUTATION_IMPORTANCE_MACRO_F1,3,30,S4:EMAd_0.01,-0.002596464927339315,0.0007574136031064337,111,EXECUTED
EXP-XAI-0001,MODEL-C4,PERMUTATION_IMPORTANCE_MACRO_F1,3,31,S4:EMAd_0.1,-0.004255113815145139,0.0005263005085095819,120,EXECUTED
EXP-XAI-0001,MODEL-C4,PERMUTATION_IMPORTANCE_MACRO_F1,3,32,S5:dR,0.011095302623795367,0.0014996375259433152,38,EXECUTED
EXP-XAI-0001,MODEL-C4,PERMUTATION_IMPORTANCE_MACRO_F1,3,33,S5:dR_norm,0.0008911237747930123,0.0003977449444004719,82,EXECUTED
EXP-XAI-0001,MODEL-C4,PERMUTATION_IMPORTANCE_MACRO_F1,3,34,S5:EMAi_0.001,0.009125645050866016,0.0006985364514077518,47,EXECUTED
EXP-XAI-0001,MODEL-C4,PERMUTATION_IMPORTANCE_MACRO_F1,3,35,S5:EMAi_0.01,0.03642578017233091,0.0033872613065790984,5,EXECUTED
EXP-XAI-0001,MODEL-C4,PERMUTATION_IMPORTANCE_MACRO_F1,3,36,S5:EMAi_0.1,0.03308301002541218,0.0015581398535773352,10,EXECUTED
EXP-XAI-0001,MODEL-C4,PERMUTATION_IMPORTANCE_MACRO_F1,3,37,S5:EMAd_0.001,0.002620525454666378,0.0015655518466770014,74,EXECUTED
EXP-XAI-0001,MODEL-C4,PERMUTATION_IMPORTANCE_MACRO_F1,3,38,S5:EMAd_0.01,0.006235460564515361,0.0008366278958223636,60,EXECUTED
EXP-XAI-0001,MODEL-C4,PERMUTATION_IMPORTANCE_MACRO_F1,3,39,S5:EMAd_0.1,0.0043909532688994005,0.001086439299629496,66,EXECUTED
EXP-XAI-0001,MODEL-C4,PERMUTATION_IMPORTANCE_MACRO_F1,3,40,S6:dR,-0.004835689740994265,0.0006764527194917707,122,EXECUTED
EXP-XAI-0001,MODEL-C4,PERMUTATION_IMPORTANCE_MACRO_F1,3,41,S6:dR_norm,0.0002079323453266113,0.0003762615152109609,88,EXECUTED
EXP-XAI-0001,MODEL-C4,PERMUTATION_IMPORTANCE_MACRO_F1,3,42,S6:EMAi_0.001,0.009945317008192501,0.001810261912792277,42,EXECUTED
EXP-XAI-0001,MODEL-C4,PERMUTATION_IMPORTANCE_MACRO_F1,3,43,S6:EMAi_0.01,0.018949811928700776,0.001573530003743356,20,EXECUTED
EXP-XAI-0001,MODEL-C4,PERMUTATION_IMPORTANCE_MACRO_F1,3,44,S6:EMAi_0.1,0.013580189356589667,0.0016724959718295038,26,EXECUTED
EXP-XAI-0001,MODEL-C4,PERMUTATION_IMPORTANCE_MACRO_F1,3,45,S6:EMAd_0.001,0.004416703163978552,0.0015658557527021765,65,EXECUTED
EXP-XAI-0001,MODEL-C4,PERMUTATION_IMPORTANCE_MACRO_F1,3,46,S6:EMAd_0.01,0.0035257583347905186,0.001127541247923881,70,EXECUTED
EXP-XAI-0001,MODEL-C4,PERMUTATION_IMPORTANCE_MACRO_F1,3,47,S6:EMAd_0.1,-0.0029112634488270396,0.0013821084479113614,114,EXECUTED
EXP-XAI-0001,MODEL-C4,PERMUTATION_IMPORTANCE_MACRO_F1,3,48,S7:dR,0.0056633489250145445,0.000545313954671188,62,EXECUTED
EXP-XAI-0001,MODEL-C4,PERMUTATION_IMPORTANCE_MACRO_F1,3,49,S7:dR_norm,0.0033095834096342537,0.0004840946636285431,72,EXECUTED
EXP-XAI-0001,MODEL-C4,PERMUTATION_IMPORTANCE_MACRO_F1,3,50,S7:EMAi_0.001,0.03156500219719207,0.00197504012931928,12,EXECUTED
EXP-XAI-0001,MODEL-C4,PERMUTATION_IMPORTANCE_MACRO_F1,3,51,S7:EMAi_0.01,0.03691732663421536,0.003986215337610902,3,EXECUTED
EXP-XAI-0001,MODEL-C4,PERMUTATION_IMPORTANCE_MACRO_F1,3,52,S7:EMAi_0.1,0.036435712989777255,0.002412713177631728,4,EXECUTED
EXP-XAI-0001,MODEL-C4,PERMUTATION_IMPORTANCE_MACRO_F1,3,53,S7:EMAd_0.001,0.007554186511944949,0.0010651959149896937,53,EXECUTED
EXP-XAI-0001,MODEL-C4,PERMUTATION_IMPORTANCE_MACRO_F1,3,54,S7:EMAd_0.01,0.007491802601887731,0.0013001535723895445,54,EXECUTED
EXP-XAI-0001,MODEL-C4,PERMUTATION_IMPORTANCE_MACRO_F1,3,55,S7:EMAd_0.1,3.506432881907884e-05,0.001505845473174852,91,EXECUTED
EXP-XAI-0001,MODEL-C4,PERMUTATION_IMPORTANCE_MACRO_F1,3,56,S8:dR,0.004366623615861242,0.0009622584282684338,67,EXECUTED
EXP-XAI-0001,MODEL-C4,PERMUTATION_IMPORTANCE_MACRO_F1,3,57,S8:dR_norm,0.007794021595247269,0.0010567258074731978,52,EXECUTED
EXP-XAI-0001,MODEL-C4,PERMUTATION_IMPORTANCE_MACRO_F1,3,58,S8:EMAi_0.001,0.024144251630410164,0.0023754314429268457,16,EXECUTED
EXP-XAI-0001,MODEL-C4,PERMUTATION_IMPORTANCE_MACRO_F1,3,59,S8:EMAi_0.01,0.04436502892275063,0.0016462378903639842,2,EXECUTED
EXP-XAI-0001,MODEL-C4,PERMUTATION_IMPORTANCE_MACRO_F1,3,60,S8:EMAi_0.1,0.03194368074489311,0.0031082639912331754,11,EXECUTED
EXP-XAI-0001,MODEL-C4,PERMUTATION_IMPORTANCE_MACRO_F1,3,61,S8:EMAd_0.001,0.011159103370930113,0.002075256510759547,36,EXECUTED
EXP-XAI-0001,MODEL-C4,PERMUTATION_IMPORTANCE_MACRO_F1,3,62,S8:EMAd_0.01,0.00568110619639115,0.0009643664666064056,61,EXECUTED
EXP-XAI-0001,MODEL-C4,PERMUTATION_IMPORTANCE_MACRO_F1,3,63,S8:EMAd_0.1,0.004733334561801606,0.0020211207676787963,63,EXECUTED
EXP-XAI-0001,MODEL-C4,PERMUTATION_IMPORTANCE_MACRO_F1,3,64,S9:dR,-0.00034137704503114377,0.0006467874018567491,96,EXECUTED
EXP-XAI-0001,MODEL-C4,PERMUTATION_IMPORTANCE_MACRO_F1,3,65,S9:dR_norm,0.0074504438811470175,0.0024762090831358385,55,EXECUTED
EXP-XAI-0001,MODEL-C4,PERMUTATION_IMPORTANCE_MACRO_F1,3,66,S9:EMAi_0.001,0.002391709101501016,0.0005726848049669786,75,EXECUTED
EXP-XAI-0001,MODEL-C4,PERMUTATION_IMPORTANCE_MACRO_F1,3,67,S9:EMAi_0.01,-0.00044219549084605346,0.0008877222415409888,97,EXECUTED
EXP-XAI-0001,MODEL-C4,PERMUTATION_IMPORTANCE_MACRO_F1,3,68,S9:EMAi_0.1,-0.00011841209136860264,0.0008090080736931186,92,EXECUTED
EXP-XAI-0001,MODEL-C4,PERMUTATION_IMPORTANCE_MACRO_F1,3,69,S9:EMAd_0.001,0.0008969988914783844,0.0006880573148446284,81,EXECUTED
EXP-XAI-0001,MODEL-C4,PERMUTATION_IMPORTANCE_MACRO_F1,3,70,S9:EMAd_0.01,-0.0007671905692845149,0.0008137592072145536,101,EXECUTED
EXP-XAI-0001,MODEL-C4,PERMUTATION_IMPORTANCE_MACRO_F1,3,71,S9:EMAd_0.1,-0.0012100219681728363,0.0005425557918567496,106,EXECUTED
EXP-XAI-0001,MODEL-C4,PERMUTATION_IMPORTANCE_MACRO_F1,3,72,S10:dR,-0.001414372239806161,0.0008654801144255985,108,EXECUTED
EXP-XAI-0001,MODEL-C4,PERMUTATION_IMPORTANCE_MACRO_F1,3,73,S10:dR_norm,0.007863783316149165,0.0007724200389211256,50,EXECUTED
EXP-XAI-0001,MODEL-C4,PERMUTATION_IMPORTANCE_MACRO_F1,3,74,S10:EMAi_0.001,0.0016217903496935193,0.0007120306322590016,78,EXECUTED
EXP-XAI-0001,MODEL-C4,PERMUTATION_IMPORTANCE_MACRO_F1,3,75,S10:EMAi_0.01,0.0005686085657524264,0.0007513664289634585,86,EXECUTED
EXP-XAI-0001,MODEL-C4,PERMUTATION_IMPORTANCE_MACRO_F1,3,76,S10:EMAi_0.1,-0.0011045078651528372,0.0006052572201043396,105,EXECUTED
EXP-XAI-0001,MODEL-C4,PERMUTATION_IMPORTANCE_MACRO_F1,3,77,S10:EMAd_0.001,0.0006614350509708489,0.0010370476467791365,84,EXECUTED
EXP-XAI-0001,MODEL-C4,PERMUTATION_IMPORTANCE_MACRO_F1,3,78,S10:EMAd_0.01,-0.0009972496485463722,0.0006454642207164753,103,EXECUTED
EXP-XAI-0001,MODEL-C4,PERMUTATION_IMPORTANCE_MACRO_F1,3,79,S10:EMAd_0.1,0.0010061713636654757,0.0008230100045465783,80,EXECUTED
EXP-XAI-0001,MODEL-C4,PERMUTATION_IMPORTANCE_MACRO_F1,3,80,S11:dR,-0.002527241228693744,0.0005550700624580301,110,EXECUTED
EXP-XAI-0001,MODEL-C4,PERMUTATION_IMPORTANCE_MACRO_F1,3,81,S11:dR_norm,-0.0007259147726587534,0.0009297479781626482,100,EXECUTED
EXP-XAI-0001,MODEL-C4,PERMUTATION_IMPORTANCE_MACRO_F1,3,82,S11:EMAi_0.001,0.014817687167646042,0.0027322225542716293,24,EXECUTED
EXP-XAI-0001,MODEL-C4,PERMUTATION_IMPORTANCE_MACRO_F1,3,83,S11:EMAi_0.01,0.011640819540276293,0.002717025901843305,33,EXECUTED
EXP-XAI-0001,MODEL-C4,PERMUTATION_IMPORTANCE_MACRO_F1,3,84,S11:EMAi_0.1,0.012649347843061088,0.002438288697787015,29,EXECUTED
EXP-XAI-0001,MODEL-C4,PERMUTATION_IMPORTANCE_MACRO_F1,3,85,S11:EMAd_0.001,-0.005705188395193605,0.0003992581753453652,126,EXECUTED
EXP-XAI-0001,MODEL-C4,PERMUTATION_IMPORTANCE_MACRO_F1,3,86,S11:EMAd_0.01,0.00019410971483257988,0.0014145232565271513,89,EXECUTED
EXP-XAI-0001,MODEL-C4,PERMUTATION_IMPORTANCE_MACRO_F1,3,87,S11:EMAd_0.1,0.011149621783608232,0.0011564774681373509,37,EXECUTED
EXP-XAI-0001,MODEL-C4,PERMUTATION_IMPORTANCE_MACRO_F1,3,88,S12:dR,-0.00027781411446945457,0.0010363184874548905,95,EXECUTED
EXP-XAI-0001,MODEL-C4,PERMUTATION_IMPORTANCE_MACRO_F1,3,89,S12:dR_norm,0.012360708843127321,0.0015151063169685187,32,EXECUTED
EXP-XAI-0001,MODEL-C4,PERMUTATION_IMPORTANCE_MACRO_F1,3,90,S12:EMAi_0.001,0.004517952954740357,0.0009124544931588678,64,EXECUTED
EXP-XAI-0001,MODEL-C4,PERMUTATION_IMPORTANCE_MACRO_F1,3,91,S12:EMAi_0.01,0.024491603886411428,0.001881300509948375,15,EXECUTED
EXP-XAI-0001,MODEL-C4,PERMUTATION_IMPORTANCE_MACRO_F1,3,92,S12:EMAi_0.1,0.011318242791318257,0.0004535922250513761,34,EXECUTED
EXP-XAI-0001,MODEL-C4,PERMUTATION_IMPORTANCE_MACRO_F1,3,93,S12:EMAd_0.001,-0.0026166102330201337,0.0007220815743281629,112,EXECUTED
EXP-XAI-0001,MODEL-C4,PERMUTATION_IMPORTANCE_MACRO_F1,3,94,S12:EMAd_0.01,0.0027768961515047376,0.0019952384268173327,73,EXECUTED
EXP-XAI-0001,MODEL-C4,PERMUTATION_IMPORTANCE_MACRO_F1,3,95,S12:EMAd_0.1,-0.001374349753830484,0.0011431474854749497,107,EXECUTED
EXP-XAI-0001,MODEL-C4,PERMUTATION_IMPORTANCE_MACRO_F1,3,96,S13:dR,-0.005771031513437497,0.0004432469704239117,127,EXECUTED
EXP-XAI-0001,MODEL-C4,PERMUTATION_IMPORTANCE_MACRO_F1,3,97,S13:dR_norm,0.00860209352328114,0.00044492084295777814,49,EXECUTED
EXP-XAI-0001,MODEL-C4,PERMUTATION_IMPORTANCE_MACRO_F1,3,98,S13:EMAi_0.001,0.013268596235184482,0.001963165768597506,28,EXECUTED
EXP-XAI-0001,MODEL-C4,PERMUTATION_IMPORTANCE_MACRO_F1,3,99,S13:EMAi_0.01,0.03521252237171746,0.0030344775191732338,7,EXECUTED
EXP-XAI-0001,MODEL-C4,PERMUTATION_IMPORTANCE_MACRO_F1,3,100,S13:EMAi_0.1,0.023909071991144625,0.0027171934156766902,17,EXECUTED
EXP-XAI-0001,MODEL-C4,PERMUTATION_IMPORTANCE_MACRO_F1,3,101,S13:EMAd_0.001,-0.0006570865250365321,0.0004058527793756257,99,EXECUTED
EXP-XAI-0001,MODEL-C4,PERMUTATION_IMPORTANCE_MACRO_F1,3,102,S13:EMAd_0.01,0.010691001700559722,0.0014163928754941707,39,EXECUTED
EXP-XAI-0001,MODEL-C4,PERMUTATION_IMPORTANCE_MACRO_F1,3,103,S13:EMAd_0.1,-0.005279874175064947,0.0013905916504015768,124,EXECUTED
EXP-XAI-0001,MODEL-C4,PERMUTATION_IMPORTANCE_MACRO_F1,3,104,S14:dR,0.009777633762885606,0.0008045772928995793,44,EXECUTED
EXP-XAI-0001,MODEL-C4,PERMUTATION_IMPORTANCE_MACRO_F1,3,105,S14:dR_norm,0.006412390727186979,0.0002701059923281543,58,EXECUTED
EXP-XAI-0001,MODEL-C4,PERMUTATION_IMPORTANCE_MACRO_F1,3,106,S14:EMAi_0.001,-0.0032040443311133204,0.00043479186998391154,115,EXECUTED
EXP-XAI-0001,MODEL-C4,PERMUTATION_IMPORTANCE_MACRO_F1,3,107,S14:EMAi_0.01,0.03426419832237655,0.0017669707235119848,9,EXECUTED
EXP-XAI-0001,MODEL-C4,PERMUTATION_IMPORTANCE_MACRO_F1,3,108,S14:EMAi_0.1,0.05513730041293008,0.004286288542319191,1,EXECUTED
EXP-XAI-0001,MODEL-C4,PERMUTATION_IMPORTANCE_MACRO_F1,3,109,S14:EMAd_0.001,0.008854436501422213,0.0006740023579767579,48,EXECUTED
EXP-XAI-0001,MODEL-C4,PERMUTATION_IMPORTANCE_MACRO_F1,3,110,S14:EMAd_0.01,0.012620234452323409,0.0019784500481454664,30,EXECUTED
EXP-XAI-0001,MODEL-C4,PERMUTATION_IMPORTANCE_MACRO_F1,3,111,S14:EMAd_0.1,-0.005277796275545188,0.001310366844101044,123,EXECUTED
EXP-XAI-0001,MODEL-C4,PERMUTATION_IMPORTANCE_MACRO_F1,3,112,S15:dR,-0.0037421455392360413,0.00021799770772430447,116,EXECUTED
EXP-XAI-0001,MODEL-C4,PERMUTATION_IMPORTANCE_MACRO_F1,3,113,S15:dR_norm,0.006311585021859201,0.0007405653393815833,59,EXECUTED
EXP-XAI-0001,MODEL-C4,PERMUTATION_IMPORTANCE_MACRO_F1,3,114,S15:EMAi_0.001,0.009936353235855733,0.001527302713532271,43,EXECUTED
EXP-XAI-0001,MODEL-C4,PERMUTATION_IMPORTANCE_MACRO_F1,3,115,S15:EMAi_0.01,0.013548560949035449,0.001966122608514886,27,EXECUTED
EXP-XAI-0001,MODEL-C4,PERMUTATION_IMPORTANCE_MACRO_F1,3,116,S15:EMAi_0.1,0.035025870543191104,0.0020450405890757454,8,EXECUTED
EXP-XAI-0001,MODEL-C4,PERMUTATION_IMPORTANCE_MACRO_F1,3,117,S15:EMAd_0.001,0.007236813080078175,0.0008844874523475583,56,EXECUTED
EXP-XAI-0001,MODEL-C4,PERMUTATION_IMPORTANCE_MACRO_F1,3,118,S15:EMAd_0.01,-0.006060261128958922,0.00048580241140990736,128,EXECUTED
EXP-XAI-0001,MODEL-C4,PERMUTATION_IMPORTANCE_MACRO_F1,3,119,S15:EMAd_0.1,0.004120310198761468,0.0012420751861279098,68,EXECUTED
EXP-XAI-0001,MODEL-C4,PERMUTATION_IMPORTANCE_MACRO_F1,3,120,S16:dR,-0.003931001697642556,0.0012157957265383655,117,EXECUTED
EXP-XAI-0001,MODEL-C4,PERMUTATION_IMPORTANCE_MACRO_F1,3,121,S16:dR_norm,0.0164747459359063,0.0014926771386236202,21,EXECUTED
EXP-XAI-0001,MODEL-C4,PERMUTATION_IMPORTANCE_MACRO_F1,3,122,S16:EMAi_0.001,0.0094042758794046,0.0007898022562617582,46,EXECUTED
EXP-XAI-0001,MODEL-C4,PERMUTATION_IMPORTANCE_MACRO_F1,3,123,S16:EMAi_0.01,0.01406278453373746,0.0021196393355435877,25,EXECUTED
EXP-XAI-0001,MODEL-C4,PERMUTATION_IMPORTANCE_MACRO_F1,3,124,S16:EMAi_0.1,0.023511229886433706,0.0020515953312147707,18,EXECUTED
EXP-XAI-0001,MODEL-C4,PERMUTATION_IMPORTANCE_MACRO_F1,3,125,S16:EMAd_0.001,0.015224996024607963,0.0011779895512731276,23,EXECUTED
EXP-XAI-0001,MODEL-C4,PERMUTATION_IMPORTANCE_MACRO_F1,3,126,S16:EMAd_0.01,0.010226246317857535,0.0017063564032445172,41,EXECUTED
EXP-XAI-0001,MODEL-C4,PERMUTATION_IMPORTANCE_MACRO_F1,3,127,S16:EMAd_0.1,-0.0015231041118660472,0.001135335340576078,109,EXECUTED
EXP-XAI-0001,MODEL-C4,PERMUTATION_IMPORTANCE_MACRO_F1,4,0,S1:dR,-0.00035788597586350335,0.0007157719517270066,75,EXECUTED
EXP-XAI-0001,MODEL-C4,PERMUTATION_IMPORTANCE_MACRO_F1,4,1,S1:dR_norm,0.010626466323313755,0.007243024985674326,7,EXECUTED
EXP-XAI-0001,MODEL-C4,PERMUTATION_IMPORTANCE_MACRO_F1,4,2,S1:EMAi_0.001,0.0,0.0,33,EXECUTED
EXP-XAI-0001,MODEL-C4,PERMUTATION_IMPORTANCE_MACRO_F1,4,3,S1:EMAi_0.01,-0.006174626907406622,0.004348009451163927,119,EXECUTED
EXP-XAI-0001,MODEL-C4,PERMUTATION_IMPORTANCE_MACRO_F1,4,4,S1:EMAi_0.1,0.0,0.0,34,EXECUTED
EXP-XAI-0001,MODEL-C4,PERMUTATION_IMPORTANCE_MACRO_F1,4,5,S1:EMAd_0.001,-0.00035788597586350335,0.0007157719517270066,76,EXECUTED
EXP-XAI-0001,MODEL-C4,PERMUTATION_IMPORTANCE_MACRO_F1,4,6,S1:EMAd_0.01,0.0,0.0,35,EXECUTED
EXP-XAI-0001,MODEL-C4,PERMUTATION_IMPORTANCE_MACRO_F1,4,7,S1:EMAd_0.1,-0.005826043029410965,0.004115487757461299,117,EXECUTED
EXP-XAI-0001,MODEL-C4,PERMUTATION_IMPORTANCE_MACRO_F1,4,8,S2:dR,-0.00035788597586350335,0.0007157719517270066,77,EXECUTED
EXP-XAI-0001,MODEL-C4,PERMUTATION_IMPORTANCE_MACRO_F1,4,9,S2:dR_norm,-0.002343451611876879,0.006994987221396856,112,EXECUTED
EXP-XAI-0001,MODEL-C4,PERMUTATION_IMPORTANCE_MACRO_F1,4,10,S2:EMAi_0.001,0.0,0.0,36,EXECUTED
EXP-XAI-0001,MODEL-C4,PERMUTATION_IMPORTANCE_MACRO_F1,4,11,S2:EMAi_0.01,0.0,0.0,37,EXECUTED
EXP-XAI-0001,MODEL-C4,PERMUTATION_IMPORTANCE_MACRO_F1,4,12,S2:EMAi_0.1,-0.00035788597586350335,0.0007157719517270066,78,EXECUTED
EXP-XAI-0001,MODEL-C4,PERMUTATION_IMPORTANCE_MACRO_F1,4,13,S2:EMAd_0.001,-0.00035788597586350335,0.0007157719517270066,79,EXECUTED
EXP-XAI-0001,MODEL-C4,PERMUTATION_IMPORTANCE_MACRO_F1,4,14,S2:EMAd_0.01,-0.0022967996197112094,0.003763250451004723,111,EXECUTED
EXP-XAI-0001,MODEL-C4,PERMUTATION_IMPORTANCE_MACRO_F1,4,15,S2:EMAd_0.1,-0.010752633784389976,0.006811384302483099,123,EXECUTED
EXP-XAI-0001,MODEL-C4,PERMUTATION_IMPORTANCE_MACRO_F1,4,16,S3:dR,0.0,0.0,38,EXECUTED
EXP-XAI-0001,MODEL-C4,PERMUTATION_IMPORTANCE_MACRO_F1,4,17,S3:dR_norm,0.0,0.0,39,EXECUTED
EXP-XAI-0001,MODEL-C4,PERMUTATION_IMPORTANCE_MACRO_F1,4,18,S3:EMAi_0.001,0.0006893021301481173,0.0014019752335565872,26,EXECUTED
EXP-XAI-0001,MODEL-C4,PERMUTATION_IMPORTANCE_MACRO_F1,4,19,S3:EMAi_0.01,-0.00035788597586350335,0.0007157719517270067,80,EXECUTED
EXP-XAI-0001,MODEL-C4,PERMUTATION_IMPORTANCE_MACRO_F1,4,20,S3:EMAi_0.1,0.001308220958785633,0.003578900860602675,21,EXECUTED
EXP-XAI-0001,MODEL-C4,PERMUTATION_IMPORTANCE_MACRO_F1,4,21,S3:EMAd_0.001,0.0,0.0,40,EXECUTED
EXP-XAI-0001,MODEL-C4,PERMUTATION_IMPORTANCE_MACRO_F1,4,22,S3:EMAd_0.01,0.003332213869298273,0.004081111846802982,17,EXECUTED
EXP-XAI-0001,MODEL-C4,PERMUTATION_IMPORTANCE_MACRO_F1,4,23,S3:EMAd_0.1,-0.016892925520376533,0.015226789812329845,127,EXECUTED
EXP-XAI-0001,MODEL-C4,PERMUTATION_IMPORTANCE_MACRO_F1,4,24,S4:dR,0.0,0.0,41,EXECUTED
EXP-XAI-0001,MODEL-C4,PERMUTATION_IMPORTANCE_MACRO_F1,4,25,S4:dR_norm,0.0,0.0,42,EXECUTED
EXP-XAI-0001,MODEL-C4,PERMUTATION_IMPORTANCE_MACRO_F1,4,26,S4:EMAi_0.001,-0.0010829600254583793,0.0008653703277669537,105,EXECUTED
EXP-XAI-0001,MODEL-C4,PERMUTATION_IMPORTANCE_MACRO_F1,4,27,S4:EMAi_0.01,0.002356845536821972,0.004224899578820081,19,EXECUTED
EXP-XAI-0001,MODEL-C4,PERMUTATION_IMPORTANCE_MACRO_F1,4,28,S4:EMAi_0.1,0.0,0.0,43,EXECUTED
EXP-XAI-0001,MODEL-C4,PERMUTATION_IMPORTANCE_MACRO_F1,4,29,S4:EMAd_0.001,0.0,0.0,44,EXECUTED
EXP-XAI-0001,MODEL-C4,PERMUTATION_IMPORTANCE_MACRO_F1,4,30,S4:EMAd_0.01,0.008330534673245682,0.0,8,EXECUTED
EXP-XAI-0001,MODEL-C4,PERMUTATION_IMPORTANCE_MACRO_F1,4,31,S4:EMAd_0.1,0.02490027534286503,0.014597033255316876,4,EXECUTED
EXP-XAI-0001,MODEL-C4,PERMUTATION_IMPORTANCE_MACRO_F1,4,32,S5:dR,0.0,0.0,45,EXECUTED
EXP-XAI-0001,MODEL-C4,PERMUTATION_IMPORTANCE_MACRO_F1,4,33,S5:dR_norm,0.0,0.0,46,EXECUTED
EXP-XAI-0001,MODEL-C4,PERMUTATION_IMPORTANCE_MACRO_F1,4,34,S5:EMAi_0.001,0.002019893557092467,0.004039787114184934,20,EXECUTED
EXP-XAI-0001,MODEL-C4,PERMUTATION_IMPORTANCE_MACRO_F1,4,35,S5:EMAi_0.01,-1.860419573573857e-05,0.001117162471449869,73,EXECUTED
EXP-XAI-0001,MODEL-C4,PERMUTATION_IMPORTANCE_MACRO_F1,4,36,S5:EMAi_0.1,-0.0015903297658520499,0.0031806595317040998,108,EXECUTED
EXP-XAI-0001,MODEL-C4,PERMUTATION_IMPORTANCE_MACRO_F1,4,37,S5:EMAd_0.001,0.0,0.0,47,EXECUTED
EXP-XAI-0001,MODEL-C4,PERMUTATION_IMPORTANCE_MACRO_F1,4,38,S5:EMAd_0.01,0.0,0.0,48,EXECUTED
EXP-XAI-0001,MODEL-C4,PERMUTATION_IMPORTANCE_MACRO_F1,4,39,S5:EMAd_0.1,0.022633344571517933,0.009049622831898765,5,EXECUTED
EXP-XAI-0001,MODEL-C4,PERMUTATION_IMPORTANCE_MACRO_F1,4,40,S6:dR,-0.00035788597586350335,0.0007157719517270066,81,EXECUTED
EXP-XAI-0001,MODEL-C4,PERMUTATION_IMPORTANCE_MACRO_F1,4,41,S6:dR_norm,0.0,0.0,49,EXECUTED
EXP-XAI-0001,MODEL-C4,PERMUTATION_IMPORTANCE_MACRO_F1,4,42,S6:EMAi_0.001,0.0,0.0,50,EXECUTED
EXP-XAI-0001,MODEL-C4,PERMUTATION_IMPORTANCE_MACRO_F1,4,43,S6:EMAi_0.01,-0.01152221038390896,0.0025518219072230945,124,EXECUTED
EXP-XAI-0001,MODEL-C4,PERMUTATION_IMPORTANCE_MACRO_F1,4,44,S6:EMAi_0.1,-0.00035788597586350335,0.0007157719517270066,82,EXECUTED
EXP-XAI-0001,MODEL-C4,PERMUTATION_IMPORTANCE_MACRO_F1,4,45,S6:EMAd_0.001,-0.00107365792759051,0.0008766380269635994,103,EXECUTED
EXP-XAI-0001,MODEL-C4,PERMUTATION_IMPORTANCE_MACRO_F1,4,46,S6:EMAd_0.01,0.0,0.0,51,EXECUTED
EXP-XAI-0001,MODEL-C4,PERMUTATION_IMPORTANCE_MACRO_F1,4,47,S6:EMAd_0.1,-0.006194554415490816,0.009542176275253389,120,EXECUTED
EXP-XAI-0001,MODEL-C4,PERMUTATION_IMPORTANCE_MACRO_F1,4,48,S7:dR,0.0,0.0,52,EXECUTED
EXP-XAI-0001,MODEL-C4,PERMUTATION_IMPORTANCE_MACRO_F1,4,49,S7:dR_norm,0.0,0.0,53,EXECUTED
EXP-XAI-0001,MODEL-C4,PERMUTATION_IMPORTANCE_MACRO_F1,4,50,S7:EMAi_0.001,0.0,0.0,54,EXECUTED
EXP-XAI-0001,MODEL-C4,PERMUTATION_IMPORTANCE_MACRO_F1,4,51,S7:EMAi_0.01,-0.0014315439034540134,0.0007157719517270067,106,EXECUTED
EXP-XAI-0001,MODEL-C4,PERMUTATION_IMPORTANCE_MACRO_F1,4,52,S7:EMAi_0.1,0.0006878656581233988,0.0008616151585730902,29,EXECUTED
EXP-XAI-0001,MODEL-C4,PERMUTATION_IMPORTANCE_MACRO_F1,4,53,S7:EMAd_0.001,0.0,0.0,55,EXECUTED
EXP-XAI-0001,MODEL-C4,PERMUTATION_IMPORTANCE_MACRO_F1,4,54,S7:EMAd_0.01,-0.0007157719517270067,0.0008766380269635994,97,EXECUTED
EXP-XAI-0001,MODEL-C4,PERMUTATION_IMPORTANCE_MACRO_F1,4,55,S7:EMAd_0.1,0.027028009148705855,0.00907433952723753,3,EXECUTED
EXP-XAI-0001,MODEL-C4,PERMUTATION_IMPORTANCE_MACRO_F1,4,56,S8:dR,-0.00035788597586350335,0.0007157719517270067,83,EXECUTED
EXP-XAI-0001,MODEL-C4,PERMUTATION_IMPORTANCE_MACRO_F1,4,57,S8:dR_norm,0.00035002035002034136,0.0007000407000406827,30,EXECUTED
EXP-XAI-0001,MODEL-C4,PERMUTATION_IMPORTANCE_MACRO_F1,4,58,S8:EMAi_0.001,-0.00035788597586350335,0.0007157719517270067,84,EXECUTED
EXP-XAI-0001,MODEL-C4,PERMUTATION_IMPORTANCE_MACRO_F1,4,59,S8:EMAi_0.01,-1.860419573573857e-05,0.0015797420045955282,74,EXECUTED
EXP-XAI-0001,MODEL-C4,PERMUTATION_IMPORTANCE_MACRO_F1,4,60,S8:EMAi_0.1,-0.00035788597586350335,0.0007157719517270067,85,EXECUTED
EXP-XAI-0001,MODEL-C4,PERMUTATION_IMPORTANCE_MACRO_F1,4,61,S8:EMAd_0.001,0.0,0.0,56,EXECUTED
EXP-XAI-0001,MODEL-C4,PERMUTATION_IMPORTANCE_MACRO_F1,4,62,S8:EMAd_0.01,0.006049275182382008,0.0035749615458882337,12,EXECUTED
EXP-XAI-0001,MODEL-C4,PERMUTATION_IMPORTANCE_MACRO_F1,4,63,S8:EMAd_0.1,0.006110153718497746,0.009102522566465371,11,EXECUTED
EXP-XAI-0001,MODEL-C4,PERMUTATION_IMPORTANCE_MACRO_F1,4,64,S9:dR,-0.00035788597586350335,0.0007157719517270066,86,EXECUTED
EXP-XAI-0001,MODEL-C4,PERMUTATION_IMPORTANCE_MACRO_F1,4,65,S9:dR_norm,-0.002089752200760975,0.0013161223057699444,110,EXECUTED
EXP-XAI-0001,MODEL-C4,PERMUTATION_IMPORTANCE_MACRO_F1,4,66,S9:EMAi_0.001,0.0,0.0,57,EXECUTED
EXP-XAI-0001,MODEL-C4,PERMUTATION_IMPORTANCE_MACRO_F1,4,67,S9:EMAi_0.01,0.0,0.0,58,EXECUTED
EXP-XAI-0001,MODEL-C4,PERMUTATION_IMPORTANCE_MACRO_F1,4,68,S9:EMAi_0.1,-0.00035788597586350335,0.0007157719517270066,87,EXECUTED
EXP-XAI-0001,MODEL-C4,PERMUTATION_IMPORTANCE_MACRO_F1,4,69,S9:EMAd_0.001,-0.00035788597586350335,0.0007157719517270066,88,EXECUTED
EXP-XAI-0001,MODEL-C4,PERMUTATION_IMPORTANCE_MACRO_F1,4,70,S9:EMAd_0.01,-0.00035788597586350335,0.0007157719517270066,89,EXECUTED
EXP-XAI-0001,MODEL-C4,PERMUTATION_IMPORTANCE_MACRO_F1,4,71,S9:EMAd_0.1,-0.0007157719517270067,0.0008766380269635994,98,EXECUTED
EXP-XAI-0001,MODEL-C4,PERMUTATION_IMPORTANCE_MACRO_F1,4,72,S10:dR,-0.00035788597586350335,0.0007157719517270066,90,EXECUTED
EXP-XAI-0001,MODEL-C4,PERMUTATION_IMPORTANCE_MACRO_F1,4,73,S10:dR_norm,-0.005989085471435685,0.005348307469086342,118,EXECUTED
EXP-XAI-0001,MODEL-C4,PERMUTATION_IMPORTANCE_MACRO_F1,4,74,S10:EMAi_0.001,0.0,0.0,59,EXECUTED
EXP-XAI-0001,MODEL-C4,PERMUTATION_IMPORTANCE_MACRO_F1,4,75,S10:EMAi_0.01,-0.00035788597586350335,0.0007157719517270066,91,EXECUTED
EXP-XAI-0001,MODEL-C4,PERMUTATION_IMPORTANCE_MACRO_F1,4,76,S10:EMAi_0.1,0.0,0.0,60,EXECUTED
EXP-XAI-0001,MODEL-C4,PERMUTATION_IMPORTANCE_MACRO_F1,4,77,S10:EMAd_0.001,0.0,0.0,61,EXECUTED
EXP-XAI-0001,MODEL-C4,PERMUTATION_IMPORTANCE_MACRO_F1,4,78,S10:EMAd_0.01,-0.00035788597586350335,0.0007157719517270066,92,EXECUTED
EXP-XAI-0001,MODEL-C4,PERMUTATION_IMPORTANCE_MACRO_F1,4,79,S10:EMAd_0.1,-0.00035788597586350335,0.0007157719517270067,93,EXECUTED
EXP-XAI-0001,MODEL-C4,PERMUTATION_IMPORTANCE_MACRO_F1,4,80,S11:dR,0.0,0.0,62,EXECUTED
EXP-XAI-0001,MODEL-C4,PERMUTATION_IMPORTANCE_MACRO_F1,4,81,S11:dR_norm,0.0024316424316424222,0.004045421951448472,18,EXECUTED
EXP-XAI-0001,MODEL-C4,PERMUTATION_IMPORTANCE_MACRO_F1,4,82,S11:EMAi_0.001,-0.0014315439034540134,0.0007157719517270067,107,EXECUTED
EXP-XAI-0001,MODEL-C4,PERMUTATION_IMPORTANCE_MACRO_F1,4,83,S11:EMAi_0.01,0.0006893021301481062,0.001411719823158514,28,EXECUTED
EXP-XAI-0001,MODEL-C4,PERMUTATION_IMPORTANCE_MACRO_F1,4,84,S11:EMAi_0.1,-0.00035788597586350335,0.0007157719517270067,94,EXECUTED
EXP-XAI-0001,MODEL-C4,PERMUTATION_IMPORTANCE_MACRO_F1,4,85,S11:EMAd_0.001,-0.0003764901715992419,0.0017304906606134879,95,EXECUTED
EXP-XAI-0001,MODEL-C4,PERMUTATION_IMPORTANCE_MACRO_F1,4,86,S11:EMAd_0.01,0.00034858387799563406,0.0006971677559912682,31,EXECUTED
EXP-XAI-0001,MODEL-C4,PERMUTATION_IMPORTANCE_MACRO_F1,4,87,S11:EMAd_0.1,0.03659247781662147,0.013578767690460935,2,EXECUTED
EXP-XAI-0001,MODEL-C4,PERMUTATION_IMPORTANCE_MACRO_F1,4,88,S12:dR,0.0,0.0,63,EXECUTED
EXP-XAI-0001,MODEL-C4,PERMUTATION_IMPORTANCE_MACRO_F1,4,89,S12:dR_norm,0.0046717158622691215,0.003589255430282732,13,EXECUTED
EXP-XAI-0001,MODEL-C4,PERMUTATION_IMPORTANCE_MACRO_F1,4,90,S12:EMAi_0.001,0.0006907386021728246,0.0017933495493679048,25,EXECUTED
EXP-XAI-0001,MODEL-C4,PERMUTATION_IMPORTANCE_MACRO_F1,4,91,S12:EMAi_0.01,-0.003877827287695412,0.004749349082747312,115,EXECUTED
EXP-XAI-0001,MODEL-C4,PERMUTATION_IMPORTANCE_MACRO_F1,4,92,S12:EMAi_0.1,0.001308220958785633,0.003578900860602675,22,EXECUTED
EXP-XAI-0001,MODEL-C4,PERMUTATION_IMPORTANCE_MACRO_F1,4,93,S12:EMAd_0.001,0.0,0.0,64,EXECUTED
EXP-XAI-0001,MODEL-C4,PERMUTATION_IMPORTANCE_MACRO_F1,4,94,S12:EMAd_0.01,0.0,0.0,65,EXECUTED
EXP-XAI-0001,MODEL-C4,PERMUTATION_IMPORTANCE_MACRO_F1,4,95,S12:EMAd_0.1,-0.0185749245793831,0.011930909120251085,128,EXECUTED
EXP-XAI-0001,MODEL-C4,PERMUTATION_IMPORTANCE_MACRO_F1,4,96,S13:dR,-0.0026546855955747128,0.0036097643548214887,114,EXECUTED
EXP-XAI-0001,MODEL-C4,PERMUTATION_IMPORTANCE_MACRO_F1,4,97,S13:dR_norm,-0.0007157719517270067,0.0008766380269635994,99,EXECUTED
EXP-XAI-0001,MODEL-C4,PERMUTATION_IMPORTANCE_MACRO_F1,4,98,S13:EMAi_0.001,-0.006540646655448823,0.00469231329680771,122,EXECUTED
EXP-XAI-0001,MODEL-C4,PERMUTATION_IMPORTANCE_MACRO_F1,4,99,S13:EMAi_0.01,-0.002476966487950971,0.004774291767906467,113,EXECUTED
EXP-XAI-0001,MODEL-C4,PERMUTATION_IMPORTANCE_MACRO_F1,4,100,S13:EMAi_0.1,0.0038406350965040524,0.0013033687884964626,15,EXECUTED
EXP-XAI-0001,MODEL-C4,PERMUTATION_IMPORTANCE_MACRO_F1,4,101,S13:EMAd_0.001,-0.00107365792759051,0.0008766380269635994,104,EXECUTED
EXP-XAI-0001,MODEL-C4,PERMUTATION_IMPORTANCE_MACRO_F1,4,102,S13:EMAd_0.01,-0.004797727265470608,0.004692313296807681,116,EXECUTED
EXP-XAI-0001,MODEL-C4,PERMUTATION_IMPORTANCE_MACRO_F1,4,103,S13:EMAd_0.1,0.007743544767324561,0.007604367645901972,10,EXECUTED
EXP-XAI-0001,MODEL-C4,PERMUTATION_IMPORTANCE_MACRO_F1,4,104,S14:dR,0.0,0.0,66,EXECUTED
EXP-XAI-0001,MODEL-C4,PERMUTATION_IMPORTANCE_MACRO_F1,4,105,S14:dR_norm,0.0,0.0,67,EXECUTED
EXP-XAI-0001,MODEL-C4,PERMUTATION_IMPORTANCE_MACRO_F1,4,106,S14:EMAi_0.001,-0.0019482157417155753,0.004031048433573679,109,EXECUTED
EXP-XAI-0001,MODEL-C4,PERMUTATION_IMPORTANCE_MACRO_F1,4,107,S14:EMAi_0.01,-0.0003857922694671112,0.000702049940381329,96,EXECUTED
EXP-XAI-0001,MODEL-C4,PERMUTATION_IMPORTANCE_MACRO_F1,4,108,S14:EMAi_0.1,0.0038543403073692415,0.0007038573566627692,14,EXECUTED
EXP-XAI-0001,MODEL-C4,PERMUTATION_IMPORTANCE_MACRO_F1,4,109,S14:EMAd_0.001,-0.006417028121962165,0.007516393317055687,121,EXECUTED
EXP-XAI-0001,MODEL-C4,PERMUTATION_IMPORTANCE_MACRO_F1,4,110,S14:EMAd_0.01,0.0,0.0,68,EXECUTED
EXP-XAI-0001,MODEL-C4,PERMUTATION_IMPORTANCE_MACRO_F1,4,111,S14:EMAd_0.1,0.008035201899056266,0.01576534022748704,9,EXECUTED
EXP-XAI-0001,MODEL-C4,PERMUTATION_IMPORTANCE_MACRO_F1,4,112,S15:dR,0.0,0.0,69,EXECUTED
EXP-XAI-0001,MODEL-C4,PERMUTATION_IMPORTANCE_MACRO_F1,4,113,S15:dR_norm,0.0,0.0,70,EXECUTED
EXP-XAI-0001,MODEL-C4,PERMUTATION_IMPORTANCE_MACRO_F1,4,114,S15:EMAi_0.001,0.0006893021301481173,0.0017925031015241135,27,EXECUTED
EXP-XAI-0001,MODEL-C4,PERMUTATION_IMPORTANCE_MACRO_F1,4,115,S15:EMAi_0.01,0.0003392817801277648,0.0013192448340838582,32,EXECUTED
EXP-XAI-0001,MODEL-C4,PERMUTATION_IMPORTANCE_MACRO_F1,4,116,S15:EMAi_0.1,-9.302097867869286e-06,0.0011170850144758423,72,EXECUTED
EXP-XAI-0001,MODEL-C4,PERMUTATION_IMPORTANCE_MACRO_F1,4,117,S15:EMAd_0.001,0.0,0.0,71,EXECUTED
EXP-XAI-0001,MODEL-C4,PERMUTATION_IMPORTANCE_MACRO_F1,4,118,S15:EMAd_0.01,-0.0007157719517270067,0.0008766380269635994,100,EXECUTED
EXP-XAI-0001,MODEL-C4,PERMUTATION_IMPORTANCE_MACRO_F1,4,119,S15:EMAd_0.1,0.04783381715189845,0.004671976065303574,1,EXECUTED
EXP-XAI-0001,MODEL-C4,PERMUTATION_IMPORTANCE_MACRO_F1,4,120,S16:dR,-0.014492039932753154,0.005383207647537548,125,EXECUTED
EXP-XAI-0001,MODEL-C4,PERMUTATION_IMPORTANCE_MACRO_F1,4,121,S16:dR_norm,0.003749449348418854,0.004592118860018526,16,EXECUTED
EXP-XAI-0001,MODEL-C4,PERMUTATION_IMPORTANCE_MACRO_F1,4,122,S16:EMAi_0.001,-0.016629775283734848,0.004949389718283203,126,EXECUTED
EXP-XAI-0001,MODEL-C4,PERMUTATION_IMPORTANCE_MACRO_F1,4,123,S16:EMAi_0.01,0.0010393224801684697,0.002107296684103462,23,EXECUTED
EXP-XAI-0001,MODEL-C4,PERMUTATION_IMPORTANCE_MACRO_F1,4,124,S16:EMAi_0.1,-0.0007157719517270067,0.0008766380269635994,101,EXECUTED
EXP-XAI-0001,MODEL-C4,PERMUTATION_IMPORTANCE_MACRO_F1,4,125,S16:EMAd_0.001,0.0006986042280159865,0.001397208456031973,24,EXECUTED
EXP-XAI-0001,MODEL-C4,PERMUTATION_IMPORTANCE_MACRO_F1,4,126,S16:EMAd_0.01,-0.0007157719517270067,0.0008766380269635994,102,EXECUTED
EXP-XAI-0001,MODEL-C4,PERMUTATION_IMPORTANCE_MACRO_F1,4,127,S16:EMAd_0.1,0.02043014420885858,0.006779378634046661,6,EXECUTED
EXP-XAI-0001,MODEL-C4,PERMUTATION_IMPORTANCE_MACRO_F1,5,0,S1:dR,0.0,0.0,21,EXECUTED
EXP-XAI-0001,MODEL-C4,PERMUTATION_IMPORTANCE_MACRO_F1,5,1,S1:dR_norm,0.008368404634372505,0.007486709423282153,2,EXECUTED
EXP-XAI-0001,MODEL-C4,PERMUTATION_IMPORTANCE_MACRO_F1,5,2,S1:EMAi_0.001,0.0,0.0,22,EXECUTED
EXP-XAI-0001,MODEL-C4,PERMUTATION_IMPORTANCE_MACRO_F1,5,3,S1:EMAi_0.01,0.0,0.0,23,EXECUTED
EXP-XAI-0001,MODEL-C4,PERMUTATION_IMPORTANCE_MACRO_F1,5,4,S1:EMAi_0.1,0.0,0.0,24,EXECUTED
EXP-XAI-0001,MODEL-C4,PERMUTATION_IMPORTANCE_MACRO_F1,5,5,S1:EMAd_0.001,0.0,0.0,25,EXECUTED
EXP-XAI-0001,MODEL-C4,PERMUTATION_IMPORTANCE_MACRO_F1,5,6,S1:EMAd_0.01,0.0,0.0,26,EXECUTED
EXP-XAI-0001,MODEL-C4,PERMUTATION_IMPORTANCE_MACRO_F1,5,7,S1:EMAd_0.1,0.0,0.0,27,EXECUTED
EXP-XAI-0001,MODEL-C4,PERMUTATION_IMPORTANCE_MACRO_F1,5,8,S2:dR,0.0,0.0,28,EXECUTED
EXP-XAI-0001,MODEL-C4,PERMUTATION_IMPORTANCE_MACRO_F1,5,9,S2:dR_norm,0.0009614868764104334,0.005970251800442154,18,EXECUTED
EXP-XAI-0001,MODEL-C4,PERMUTATION_IMPORTANCE_MACRO_F1,5,10,S2:EMAi_0.001,0.0,0.0,29,EXECUTED
EXP-XAI-0001,MODEL-C4,PERMUTATION_IMPORTANCE_MACRO_F1,5,11,S2:EMAi_0.01,0.0,0.0,30,EXECUTED
EXP-XAI-0001,MODEL-C4,PERMUTATION_IMPORTANCE_MACRO_F1,5,12,S2:EMAi_0.1,0.0,0.0,31,EXECUTED
EXP-XAI-0001,MODEL-C4,PERMUTATION_IMPORTANCE_MACRO_F1,5,13,S2:EMAd_0.001,0.0,0.0,32,EXECUTED
EXP-XAI-0001,MODEL-C4,PERMUTATION_IMPORTANCE_MACRO_F1,5,14,S2:EMAd_0.01,0.0,0.0,33,EXECUTED
EXP-XAI-0001,MODEL-C4,PERMUTATION_IMPORTANCE_MACRO_F1,5,15,S2:EMAd_0.1,0.0,0.0,34,EXECUTED
EXP-XAI-0001,MODEL-C4,PERMUTATION_IMPORTANCE_MACRO_F1,5,16,S3:dR,0.0,0.0,35,EXECUTED
EXP-XAI-0001,MODEL-C4,PERMUTATION_IMPORTANCE_MACRO_F1,5,17,S3:dR_norm,0.0,0.0,36,EXECUTED
EXP-XAI-0001,MODEL-C4,PERMUTATION_IMPORTANCE_MACRO_F1,5,18,S3:EMAi_0.001,0.0,0.0,37,EXECUTED
EXP-XAI-0001,MODEL-C4,PERMUTATION_IMPORTANCE_MACRO_F1,5,19,S3:EMAi_0.01,0.01120469711052836,0.008277452177558486,1,EXECUTED
EXP-XAI-0001,MODEL-C4,PERMUTATION_IMPORTANCE_MACRO_F1,5,20,S3:EMAi_0.1,0.0,0.0,38,EXECUTED
EXP-XAI-0001,MODEL-C4,PERMUTATION_IMPORTANCE_MACRO_F1,5,21,S3:EMAd_0.001,0.0,0.0,39,EXECUTED
EXP-XAI-0001,MODEL-C4,PERMUTATION_IMPORTANCE_MACRO_F1,5,22,S3:EMAd_0.01,0.0,0.0,40,EXECUTED
EXP-XAI-0001,MODEL-C4,PERMUTATION_IMPORTANCE_MACRO_F1,5,23,S3:EMAd_0.1,0.0,0.0,41,EXECUTED
EXP-XAI-0001,MODEL-C4,PERMUTATION_IMPORTANCE_MACRO_F1,5,24,S4:dR,0.0,0.0,42,EXECUTED
EXP-XAI-0001,MODEL-C4,PERMUTATION_IMPORTANCE_MACRO_F1,5,25,S4:dR_norm,0.0,0.0,43,EXECUTED
EXP-XAI-0001,MODEL-C4,PERMUTATION_IMPORTANCE_MACRO_F1,5,26,S4:EMAi_0.001,0.0,0.0,44,EXECUTED
EXP-XAI-0001,MODEL-C4,PERMUTATION_IMPORTANCE_MACRO_F1,5,27,S4:EMAi_0.01,0.0,0.0,45,EXECUTED
EXP-XAI-0001,MODEL-C4,PERMUTATION_IMPORTANCE_MACRO_F1,5,28,S4:EMAi_0.1,0.0,0.0,46,EXECUTED
EXP-XAI-0001,MODEL-C4,PERMUTATION_IMPORTANCE_MACRO_F1,5,29,S4:EMAd_0.001,0.0,0.0,47,EXECUTED
EXP-XAI-0001,MODEL-C4,PERMUTATION_IMPORTANCE_MACRO_F1,5,30,S4:EMAd_0.01,0.0,0.0,48,EXECUTED
EXP-XAI-0001,MODEL-C4,PERMUTATION_IMPORTANCE_MACRO_F1,5,31,S4:EMAd_0.1,0.000824090976701397,0.0010093011972751216,20,EXECUTED
EXP-XAI-0001,MODEL-C4,PERMUTATION_IMPORTANCE_MACRO_F1,5,32,S5:dR,0.0,0.0,49,EXECUTED
EXP-XAI-0001,MODEL-C4,PERMUTATION_IMPORTANCE_MACRO_F1,5,33,S5:dR_norm,0.0,0.0,50,EXECUTED
EXP-XAI-0001,MODEL-C4,PERMUTATION_IMPORTANCE_MACRO_F1,5,34,S5:EMAi_0.001,0.0,0.0,51,EXECUTED
EXP-XAI-0001,MODEL-C4,PERMUTATION_IMPORTANCE_MACRO_F1,5,35,S5:EMAi_0.01,0.0011604243831735527,0.0023208487663471055,15,EXECUTED
EXP-XAI-0001,MODEL-C4,PERMUTATION_IMPORTANCE_MACRO_F1,5,36,S5:EMAi_0.1,0.0,0.0,52,EXECUTED
EXP-XAI-0001,MODEL-C4,PERMUTATION_IMPORTANCE_MACRO_F1,5,37,S5:EMAd_0.001,0.0,0.0,53,EXECUTED
EXP-XAI-0001,MODEL-C4,PERMUTATION_IMPORTANCE_MACRO_F1,5,38,S5:EMAd_0.01,0.0,0.0,54,EXECUTED
EXP-XAI-0001,MODEL-C4,PERMUTATION_IMPORTANCE_MACRO_F1,5,39,S5:EMAd_0.1,0.0,0.0,55,EXECUTED
EXP-XAI-0001,MODEL-C4,PERMUTATION_IMPORTANCE_MACRO_F1,5,40,S6:dR,0.0,0.0,56,EXECUTED
EXP-XAI-0001,MODEL-C4,PERMUTATION_IMPORTANCE_MACRO_F1,5,41,S6:dR_norm,0.0,0.0,57,EXECUTED
EXP-XAI-0001,MODEL-C4,PERMUTATION_IMPORTANCE_MACRO_F1,5,42,S6:EMAi_0.001,0.0,0.0,58,EXECUTED
EXP-XAI-0001,MODEL-C4,PERMUTATION_IMPORTANCE_MACRO_F1,5,43,S6:EMAi_0.01,0.0,0.0,59,EXECUTED
EXP-XAI-0001,MODEL-C4,PERMUTATION_IMPORTANCE_MACRO_F1,5,44,S6:EMAi_0.1,0.0,0.0,60,EXECUTED
EXP-XAI-0001,MODEL-C4,PERMUTATION_IMPORTANCE_MACRO_F1,5,45,S6:EMAd_0.001,0.0,0.0,61,EXECUTED
EXP-XAI-0001,MODEL-C4,PERMUTATION_IMPORTANCE_MACRO_F1,5,46,S6:EMAd_0.01,0.0,0.0,62,EXECUTED
EXP-XAI-0001,MODEL-C4,PERMUTATION_IMPORTANCE_MACRO_F1,5,47,S6:EMAd_0.1,0.0,0.0,63,EXECUTED
EXP-XAI-0001,MODEL-C4,PERMUTATION_IMPORTANCE_MACRO_F1,5,48,S7:dR,0.0,0.0,64,EXECUTED
EXP-XAI-0001,MODEL-C4,PERMUTATION_IMPORTANCE_MACRO_F1,5,49,S7:dR_norm,0.0,0.0,65,EXECUTED
EXP-XAI-0001,MODEL-C4,PERMUTATION_IMPORTANCE_MACRO_F1,5,50,S7:EMAi_0.001,0.0,0.0,66,EXECUTED
EXP-XAI-0001,MODEL-C4,PERMUTATION_IMPORTANCE_MACRO_F1,5,51,S7:EMAi_0.01,0.0,0.0,67,EXECUTED
EXP-XAI-0001,MODEL-C4,PERMUTATION_IMPORTANCE_MACRO_F1,5,52,S7:EMAi_0.1,0.0,0.0,68,EXECUTED
EXP-XAI-0001,MODEL-C4,PERMUTATION_IMPORTANCE_MACRO_F1,5,53,S7:EMAd_0.001,0.0,0.0,69,EXECUTED
EXP-XAI-0001,MODEL-C4,PERMUTATION_IMPORTANCE_MACRO_F1,5,54,S7:EMAd_0.01,0.0,0.0,70,EXECUTED
EXP-XAI-0001,MODEL-C4,PERMUTATION_IMPORTANCE_MACRO_F1,5,55,S7:EMAd_0.1,0.0,0.0,71,EXECUTED
EXP-XAI-0001,MODEL-C4,PERMUTATION_IMPORTANCE_MACRO_F1,5,56,S8:dR,0.0,0.0,72,EXECUTED
EXP-XAI-0001,MODEL-C4,PERMUTATION_IMPORTANCE_MACRO_F1,5,57,S8:dR_norm,0.0,0.0,73,EXECUTED
EXP-XAI-0001,MODEL-C4,PERMUTATION_IMPORTANCE_MACRO_F1,5,58,S8:EMAi_0.001,0.0,0.0,74,EXECUTED
EXP-XAI-0001,MODEL-C4,PERMUTATION_IMPORTANCE_MACRO_F1,5,59,S8:EMAi_0.01,0.0031468985854950617,0.003854147903374523,4,EXECUTED
EXP-XAI-0001,MODEL-C4,PERMUTATION_IMPORTANCE_MACRO_F1,5,60,S8:EMAi_0.1,0.0,0.0,75,EXECUTED
EXP-XAI-0001,MODEL-C4,PERMUTATION_IMPORTANCE_MACRO_F1,5,61,S8:EMAd_0.001,0.0,0.0,76,EXECUTED
EXP-XAI-0001,MODEL-C4,PERMUTATION_IMPORTANCE_MACRO_F1,5,62,S8:EMAd_0.01,0.0,0.0,77,EXECUTED
EXP-XAI-0001,MODEL-C4,PERMUTATION_IMPORTANCE_MACRO_F1,5,63,S8:EMAd_0.1,0.0,0.0,78,EXECUTED
EXP-XAI-0001,MODEL-C4,PERMUTATION_IMPORTANCE_MACRO_F1,5,64,S9:dR,0.0,0.0,79,EXECUTED
EXP-XAI-0001,MODEL-C4,PERMUTATION_IMPORTANCE_MACRO_F1,5,65,S9:dR_norm,0.0017465938164588856,0.003493187632917771,10,EXECUTED
EXP-XAI-0001,MODEL-C4,PERMUTATION_IMPORTANCE_MACRO_F1,5,66,S9:EMAi_0.001,0.0,0.0,80,EXECUTED
EXP-XAI-0001,MODEL-C4,PERMUTATION_IMPORTANCE_MACRO_F1,5,67,S9:EMAi_0.01,0.0,0.0,81,EXECUTED
EXP-XAI-0001,MODEL-C4,PERMUTATION_IMPORTANCE_MACRO_F1,5,68,S9:EMAi_0.1,0.0,0.0,82,EXECUTED
EXP-XAI-0001,MODEL-C4,PERMUTATION_IMPORTANCE_MACRO_F1,5,69,S9:EMAd_0.001,0.0,0.0,83,EXECUTED
EXP-XAI-0001,MODEL-C4,PERMUTATION_IMPORTANCE_MACRO_F1,5,70,S9:EMAd_0.01,0.0,0.0,84,EXECUTED
EXP-XAI-0001,MODEL-C4,PERMUTATION_IMPORTANCE_MACRO_F1,5,71,S9:EMAd_0.1,0.0,0.0,85,EXECUTED
EXP-XAI-0001,MODEL-C4,PERMUTATION_IMPORTANCE_MACRO_F1,5,72,S10:dR,0.0,0.0,86,EXECUTED
EXP-XAI-0001,MODEL-C4,PERMUTATION_IMPORTANCE_MACRO_F1,5,73,S10:dR_norm,0.0008925773022158579,0.001785154604431716,19,EXECUTED
EXP-XAI-0001,MODEL-C4,PERMUTATION_IMPORTANCE_MACRO_F1,5,74,S10:EMAi_0.001,0.0,0.0,87,EXECUTED
EXP-XAI-0001,MODEL-C4,PERMUTATION_IMPORTANCE_MACRO_F1,5,75,S10:EMAi_0.01,0.0,0.0,88,EXECUTED
EXP-XAI-0001,MODEL-C4,PERMUTATION_IMPORTANCE_MACRO_F1,5,76,S10:EMAi_0.1,0.0,0.0,89,EXECUTED
EXP-XAI-0001,MODEL-C4,PERMUTATION_IMPORTANCE_MACRO_F1,5,77,S10:EMAd_0.001,0.0,0.0,90,EXECUTED
EXP-XAI-0001,MODEL-C4,PERMUTATION_IMPORTANCE_MACRO_F1,5,78,S10:EMAd_0.01,0.0,0.0,91,EXECUTED
EXP-XAI-0001,MODEL-C4,PERMUTATION_IMPORTANCE_MACRO_F1,5,79,S10:EMAd_0.1,0.0,0.0,92,EXECUTED
EXP-XAI-0001,MODEL-C4,PERMUTATION_IMPORTANCE_MACRO_F1,5,80,S11:dR,0.0,0.0,93,EXECUTED
EXP-XAI-0001,MODEL-C4,PERMUTATION_IMPORTANCE_MACRO_F1,5,81,S11:dR_norm,0.0031468985854950617,0.003854147903374523,5,EXECUTED
EXP-XAI-0001,MODEL-C4,PERMUTATION_IMPORTANCE_MACRO_F1,5,82,S11:EMAi_0.001,0.0,0.0,94,EXECUTED
EXP-XAI-0001,MODEL-C4,PERMUTATION_IMPORTANCE_MACRO_F1,5,83,S11:EMAi_0.01,0.0015734492927475308,0.0031468985854950617,11,EXECUTED
EXP-XAI-0001,MODEL-C4,PERMUTATION_IMPORTANCE_MACRO_F1,5,84,S11:EMAi_0.1,0.0,0.0,95,EXECUTED
EXP-XAI-0001,MODEL-C4,PERMUTATION_IMPORTANCE_MACRO_F1,5,85,S11:EMAd_0.001,0.0,0.0,96,EXECUTED
EXP-XAI-0001,MODEL-C4,PERMUTATION_IMPORTANCE_MACRO_F1,5,86,S11:EMAd_0.01,0.0,0.0,97,EXECUTED
EXP-XAI-0001,MODEL-C4,PERMUTATION_IMPORTANCE_MACRO_F1,5,87,S11:EMAd_0.1,0.0031468985854950617,0.003854147903374523,6,EXECUTED
EXP-XAI-0001,MODEL-C4,PERMUTATION_IMPORTANCE_MACRO_F1,5,88,S12:dR,0.0,0.0,98,EXECUTED
EXP-XAI-0001,MODEL-C4,PERMUTATION_IMPORTANCE_MACRO_F1,5,89,S12:dR_norm,0.0023975402694489277,0.0028858844199501376,9,EXECUTED
EXP-XAI-0001,MODEL-C4,PERMUTATION_IMPORTANCE_MACRO_F1,5,90,S12:EMAi_0.001,0.0,0.0,99,EXECUTED
EXP-XAI-0001,MODEL-C4,PERMUTATION_IMPORTANCE_MACRO_F1,5,91,S12:EMAi_0.01,0.0,0.0,100,EXECUTED
EXP-XAI-0001,MODEL-C4,PERMUTATION_IMPORTANCE_MACRO_F1,5,92,S12:EMAi_0.1,0.0,0.0,101,EXECUTED
EXP-XAI-0001,MODEL-C4,PERMUTATION_IMPORTANCE_MACRO_F1,5,93,S12:EMAd_0.001,0.0,0.0,102,EXECUTED
EXP-XAI-0001,MODEL-C4,PERMUTATION_IMPORTANCE_MACRO_F1,5,94,S12:EMAd_0.01,0.0,0.0,103,EXECUTED
EXP-XAI-0001,MODEL-C4,PERMUTATION_IMPORTANCE_MACRO_F1,5,95,S12:EMAd_0.1,-0.0026635633442862574,0.003262185545541223,128,EXECUTED
EXP-XAI-0001,MODEL-C4,PERMUTATION_IMPORTANCE_MACRO_F1,5,96,S13:dR,0.0,0.0,104,EXECUTED
EXP-XAI-0001,MODEL-C4,PERMUTATION_IMPORTANCE_MACRO_F1,5,97,S13:dR_norm,0.0,0.0,105,EXECUTED
EXP-XAI-0001,MODEL-C4,PERMUTATION_IMPORTANCE_MACRO_F1,5,98,S13:EMAi_0.001,0.0,0.0,106,EXECUTED
EXP-XAI-0001,MODEL-C4,PERMUTATION_IMPORTANCE_MACRO_F1,5,99,S13:EMAi_0.01,0.0011604243831735527,0.0023208487663471055,16,EXECUTED
EXP-XAI-0001,MODEL-C4,PERMUTATION_IMPORTANCE_MACRO_F1,5,100,S13:EMAi_0.1,0.007197010623652278,0.007080502390559224,3,EXECUTED
EXP-XAI-0001,MODEL-C4,PERMUTATION_IMPORTANCE_MACRO_F1,5,101,S13:EMAd_0.001,0.0,0.0,107,EXECUTED
EXP-XAI-0001,MODEL-C4,PERMUTATION_IMPORTANCE_MACRO_F1,5,102,S13:EMAd_0.01,0.0,0.0,108,EXECUTED
EXP-XAI-0001,MODEL-C4,PERMUTATION_IMPORTANCE_MACRO_F1,5,103,S13:EMAd_0.1,0.0,0.0,109,EXECUTED
EXP-XAI-0001,MODEL-C4,PERMUTATION_IMPORTANCE_MACRO_F1,5,104,S14:dR,0.0,0.0,110,EXECUTED
EXP-XAI-0001,MODEL-C4,PERMUTATION_IMPORTANCE_MACRO_F1,5,105,S14:dR_norm,0.0,0.0,111,EXECUTED
EXP-XAI-0001,MODEL-C4,PERMUTATION_IMPORTANCE_MACRO_F1,5,106,S14:EMAi_0.001,0.0,0.0,112,EXECUTED
EXP-XAI-0001,MODEL-C4,PERMUTATION_IMPORTANCE_MACRO_F1,5,107,S14:EMAi_0.01,0.0,0.0,113,EXECUTED
EXP-XAI-0001,MODEL-C4,PERMUTATION_IMPORTANCE_MACRO_F1,5,108,S14:EMAi_0.1,0.0011604243831735527,0.0023208487663471055,17,EXECUTED
EXP-XAI-0001,MODEL-C4,PERMUTATION_IMPORTANCE_MACRO_F1,5,109,S14:EMAd_0.001,0.0,0.0,114,EXECUTED
EXP-XAI-0001,MODEL-C4,PERMUTATION_IMPORTANCE_MACRO_F1,5,110,S14:EMAd_0.01,0.0,0.0,115,EXECUTED
EXP-XAI-0001,MODEL-C4,PERMUTATION_IMPORTANCE_MACRO_F1,5,111,S14:EMAd_0.1,0.0,0.0,116,EXECUTED
EXP-XAI-0001,MODEL-C4,PERMUTATION_IMPORTANCE_MACRO_F1,5,112,S15:dR,0.0,0.0,117,EXECUTED
EXP-XAI-0001,MODEL-C4,PERMUTATION_IMPORTANCE_MACRO_F1,5,113,S15:dR_norm,0.0027338736759210834,0.003411388552138684,8,EXECUTED
EXP-XAI-0001,MODEL-C4,PERMUTATION_IMPORTANCE_MACRO_F1,5,114,S15:EMAi_0.001,0.0,0.0,118,EXECUTED
EXP-XAI-0001,MODEL-C4,PERMUTATION_IMPORTANCE_MACRO_F1,5,115,S15:EMAi_0.01,0.0015734492927475308,0.0031468985854950617,12,EXECUTED
EXP-XAI-0001,MODEL-C4,PERMUTATION_IMPORTANCE_MACRO_F1,5,116,S15:EMAi_0.1,0.0015734492927475308,0.0031468985854950617,13,EXECUTED
EXP-XAI-0001,MODEL-C4,PERMUTATION_IMPORTANCE_MACRO_F1,5,117,S15:EMAd_0.001,0.0,0.0,119,EXECUTED
EXP-XAI-0001,MODEL-C4,PERMUTATION_IMPORTANCE_MACRO_F1,5,118,S15:EMAd_0.01,0.0,0.0,120,EXECUTED
EXP-XAI-0001,MODEL-C4,PERMUTATION_IMPORTANCE_MACRO_F1,5,119,S15:EMAd_0.1,0.0,0.0,121,EXECUTED
EXP-XAI-0001,MODEL-C4,PERMUTATION_IMPORTANCE_MACRO_F1,5,120,S16:dR,0.0,0.0,122,EXECUTED
EXP-XAI-0001,MODEL-C4,PERMUTATION_IMPORTANCE_MACRO_F1,5,121,S16:dR_norm,0.0031468985854950617,0.003854147903374523,7,EXECUTED
EXP-XAI-0001,MODEL-C4,PERMUTATION_IMPORTANCE_MACRO_F1,5,122,S16:EMAi_0.001,0.0,0.0,123,EXECUTED
EXP-XAI-0001,MODEL-C4,PERMUTATION_IMPORTANCE_MACRO_F1,5,123,S16:EMAi_0.01,0.0,0.0,124,EXECUTED
EXP-XAI-0001,MODEL-C4,PERMUTATION_IMPORTANCE_MACRO_F1,5,124,S16:EMAi_0.1,0.0015734492927475308,0.0031468985854950617,14,EXECUTED
EXP-XAI-0001,MODEL-C4,PERMUTATION_IMPORTANCE_MACRO_F1,5,125,S16:EMAd_0.001,0.0,0.0,125,EXECUTED
EXP-XAI-0001,MODEL-C4,PERMUTATION_IMPORTANCE_MACRO_F1,5,126,S16:EMAd_0.01,0.0,0.0,126,EXECUTED
EXP-XAI-0001,MODEL-C4,PERMUTATION_IMPORTANCE_MACRO_F1,5,127,S16:EMAd_0.1,0.0,0.0,127,EXECUTED
EXP-XAI-0001,MODEL-C4,PERMUTATION_IMPORTANCE_MACRO_F1,6,0,S1:dR,-0.0004885551677234589,0.00044322211866263886,76,EXECUTED
EXP-XAI-0001,MODEL-C4,PERMUTATION_IMPORTANCE_MACRO_F1,6,1,S1:dR_norm,0.0009551558577208574,0.001175547668982016,34,EXECUTED
EXP-XAI-0001,MODEL-C4,PERMUTATION_IMPORTANCE_MACRO_F1,6,2,S1:EMAi_0.001,0.0003701681145313662,0.0006088199093061934,56,EXECUTED
EXP-XAI-0001,MODEL-C4,PERMUTATION_IMPORTANCE_MACRO_F1,6,3,S1:EMAi_0.01,0.0020593577667830654,0.0009942067280560001,17,EXECUTED
EXP-XAI-0001,MODEL-C4,PERMUTATION_IMPORTANCE_MACRO_F1,6,4,S1:EMAi_0.1,-9.43839180934658e-05,0.0002534190302448971,66,EXECUTED
EXP-XAI-0001,MODEL-C4,PERMUTATION_IMPORTANCE_MACRO_F1,6,5,S1:EMAd_0.001,-0.00017545936343097424,0.00046503950628453973,69,EXECUTED
EXP-XAI-0001,MODEL-C4,PERMUTATION_IMPORTANCE_MACRO_F1,6,6,S1:EMAd_0.01,-0.0012911713756489807,0.0007339283675990077,99,EXECUTED
EXP-XAI-0001,MODEL-C4,PERMUTATION_IMPORTANCE_MACRO_F1,6,7,S1:EMAd_0.1,-0.0002048057756585897,0.00026428673593873944,73,EXECUTED
EXP-XAI-0001,MODEL-C4,PERMUTATION_IMPORTANCE_MACRO_F1,6,8,S2:dR,0.0011085442960809266,0.0003963702863599052,31,EXECUTED
EXP-XAI-0001,MODEL-C4,PERMUTATION_IMPORTANCE_MACRO_F1,6,9,S2:dR_norm,-0.004226891641245134,0.0011066152595975089,116,EXECUTED
EXP-XAI-0001,MODEL-C4,PERMUTATION_IMPORTANCE_MACRO_F1,6,10,S2:EMAi_0.001,-0.0010370962810249517,0.00027560307126629866,94,EXECUTED
EXP-XAI-0001,MODEL-C4,PERMUTATION_IMPORTANCE_MACRO_F1,6,11,S2:EMAi_0.01,-0.0009115927046516647,0.0006235852193397916,90,EXECUTED
EXP-XAI-0001,MODEL-C4,PERMUTATION_IMPORTANCE_MACRO_F1,6,12,S2:EMAi_0.1,0.0013514995917459527,0.00023419579002218645,28,EXECUTED
EXP-XAI-0001,MODEL-C4,PERMUTATION_IMPORTANCE_MACRO_F1,6,13,S2:EMAd_0.001,-7.887797580102829e-05,0.0004690417001032635,64,EXECUTED
EXP-XAI-0001,MODEL-C4,PERMUTATION_IMPORTANCE_MACRO_F1,6,14,S2:EMAd_0.01,0.002362324930785864,0.00048451867812989336,12,EXECUTED
EXP-XAI-0001,MODEL-C4,PERMUTATION_IMPORTANCE_MACRO_F1,6,15,S2:EMAd_0.1,0.004023601980475222,0.0006119089832716365,5,EXECUTED
EXP-XAI-0001,MODEL-C4,PERMUTATION_IMPORTANCE_MACRO_F1,6,16,S3:dR,-0.0006067450677521458,0.0008043169844061022,82,EXECUTED
EXP-XAI-0001,MODEL-C4,PERMUTATION_IMPORTANCE_MACRO_F1,6,17,S3:dR_norm,-0.0017672056815337678,0.0014038350119915937,103,EXECUTED
EXP-XAI-0001,MODEL-C4,PERMUTATION_IMPORTANCE_MACRO_F1,6,18,S3:EMAi_0.001,0.003124419961831837,0.0004998502423665151,8,EXECUTED
EXP-XAI-0001,MODEL-C4,PERMUTATION_IMPORTANCE_MACRO_F1,6,19,S3:EMAi_0.01,-0.010870849262453974,0.00033560287013276955,122,EXECUTED
EXP-XAI-0001,MODEL-C4,PERMUTATION_IMPORTANCE_MACRO_F1,6,20,S3:EMAi_0.1,0.0006432792189600134,0.0013208655860841901,48,EXECUTED
EXP-XAI-0001,MODEL-C4,PERMUTATION_IMPORTANCE_MACRO_F1,6,21,S3:EMAd_0.001,0.0007418313370724961,0.0010591685871165133,43,EXECUTED
EXP-XAI-0001,MODEL-C4,PERMUTATION_IMPORTANCE_MACRO_F1,6,22,S3:EMAd_0.01,-0.03139088241606815,0.0022580446978634813,127,EXECUTED
EXP-XAI-0001,MODEL-C4,PERMUTATION_IMPORTANCE_MACRO_F1,6,23,S3:EMAd_0.1,-0.0014758727268932015,0.001244727591976424,101,EXECUTED
EXP-XAI-0001,MODEL-C4,PERMUTATION_IMPORTANCE_MACRO_F1,6,24,S4:dR,0.00040729461306803215,0.0004365579829807733,55,EXECUTED
EXP-XAI-0001,MODEL-C4,PERMUTATION_IMPORTANCE_MACRO_F1,6,25,S4:dR_norm,-0.0011029918996621091,0.00028702772406693084,95,EXECUTED
EXP-XAI-0001,MODEL-C4,PERMUTATION_IMPORTANCE_MACRO_F1,6,26,S4:EMAi_0.001,0.0015368572102457123,0.00037841211170216337,26,EXECUTED
EXP-XAI-0001,MODEL-C4,PERMUTATION_IMPORTANCE_MACRO_F1,6,27,S4:EMAi_0.01,0.002207650078014567,0.0010131116304395432,14,EXECUTED
EXP-XAI-0001,MODEL-C4,PERMUTATION_IMPORTANCE_MACRO_F1,6,28,S4:EMAi_0.1,-0.002714495595152877,0.0008164547907878053,109,EXECUTED
EXP-XAI-0001,MODEL-C4,PERMUTATION_IMPORTANCE_MACRO_F1,6,29,S4:EMAd_0.001,-0.0014683228756170897,0.0004527864023096498,100,EXECUTED
EXP-XAI-0001,MODEL-C4,PERMUTATION_IMPORTANCE_MACRO_F1,6,30,S4:EMAd_0.01,0.0007973078226440333,0.0006504510334993049,41,EXECUTED
EXP-XAI-0001,MODEL-C4,PERMUTATION_IMPORTANCE_MACRO_F1,6,31,S4:EMAd_0.1,-0.015603822027042025,0.0010142460705993884,126,EXECUTED
EXP-XAI-0001,MODEL-C4,PERMUTATION_IMPORTANCE_MACRO_F1,6,32,S5:dR,0.0017520217090319478,0.0004441051176510515,19,EXECUTED
EXP-XAI-0001,MODEL-C4,PERMUTATION_IMPORTANCE_MACRO_F1,6,33,S5:dR_norm,-0.00020262021455234037,0.00019553993568816893,71,EXECUTED
EXP-XAI-0001,MODEL-C4,PERMUTATION_IMPORTANCE_MACRO_F1,6,34,S5:EMAi_0.001,0.0005534929439555136,0.0007511850512715444,52,EXECUTED
EXP-XAI-0001,MODEL-C4,PERMUTATION_IMPORTANCE_MACRO_F1,6,35,S5:EMAi_0.01,-0.011311994189723128,0.001696347599317762,123,EXECUTED
EXP-XAI-0001,MODEL-C4,PERMUTATION_IMPORTANCE_MACRO_F1,6,36,S5:EMAi_0.1,0.0016379739801262948,0.0004472897402882421,23,EXECUTED
EXP-XAI-0001,MODEL-C4,PERMUTATION_IMPORTANCE_MACRO_F1,6,37,S5:EMAd_0.001,0.0003316189470208064,0.0010184382773359662,58,EXECUTED
EXP-XAI-0001,MODEL-C4,PERMUTATION_IMPORTANCE_MACRO_F1,6,38,S5:EMAd_0.01,-0.0018748732748638196,0.0006775596563220103,104,EXECUTED
EXP-XAI-0001,MODEL-C4,PERMUTATION_IMPORTANCE_MACRO_F1,6,39,S5:EMAd_0.1,0.0031629645811763083,0.0003724919416823877,6,EXECUTED
EXP-XAI-0001,MODEL-C4,PERMUTATION_IMPORTANCE_MACRO_F1,6,40,S6:dR,0.0018993838593221457,0.0003757029925807174,18,EXECUTED
EXP-XAI-0001,MODEL-C4,PERMUTATION_IMPORTANCE_MACRO_F1,6,41,S6:dR_norm,-0.000545331384644554,0.00032324428031051263,80,EXECUTED
EXP-XAI-0001,MODEL-C4,PERMUTATION_IMPORTANCE_MACRO_F1,6,42,S6:EMAi_0.001,-0.0005802169763415189,0.0005768725144050638,81,EXECUTED
EXP-XAI-0001,MODEL-C4,PERMUTATION_IMPORTANCE_MACRO_F1,6,43,S6:EMAi_0.01,-0.0009698919062442579,0.00025232357472277863,93,EXECUTED
EXP-XAI-0001,MODEL-C4,PERMUTATION_IMPORTANCE_MACRO_F1,6,44,S6:EMAi_0.1,-0.0022641452420472663,0.00024849334115875296,105,EXECUTED
EXP-XAI-0001,MODEL-C4,PERMUTATION_IMPORTANCE_MACRO_F1,6,45,S6:EMAd_0.001,0.0017026369816898978,0.00027153706905014725,21,EXECUTED
EXP-XAI-0001,MODEL-C4,PERMUTATION_IMPORTANCE_MACRO_F1,6,46,S6:EMAd_0.01,0.0008089654397474,0.00034774007219120264,40,EXECUTED
EXP-XAI-0001,MODEL-C4,PERMUTATION_IMPORTANCE_MACRO_F1,6,47,S6:EMAd_0.1,0.0028631674307947443,0.0006420161184936199,10,EXECUTED
EXP-XAI-0001,MODEL-C4,PERMUTATION_IMPORTANCE_MACRO_F1,6,48,S7:dR,-0.0005407854092178921,0.0004074751411129151,79,EXECUTED
EXP-XAI-0001,MODEL-C4,PERMUTATION_IMPORTANCE_MACRO_F1,6,49,S7:dR_norm,-0.0002749770449254063,0.00019965837147263227,75,EXECUTED
EXP-XAI-0001,MODEL-C4,PERMUTATION_IMPORTANCE_MACRO_F1,6,50,S7:EMAi_0.001,-0.001210442912780041,0.0006870686687084498,96,EXECUTED
EXP-XAI-0001,MODEL-C4,PERMUTATION_IMPORTANCE_MACRO_F1,6,51,S7:EMAi_0.01,-0.04460169155527214,0.0031458018250640008,128,EXECUTED
EXP-XAI-0001,MODEL-C4,PERMUTATION_IMPORTANCE_MACRO_F1,6,52,S7:EMAi_0.1,-0.007598204943000286,0.000901122890621041,121,EXECUTED
EXP-XAI-0001,MODEL-C4,PERMUTATION_IMPORTANCE_MACRO_F1,6,53,S7:EMAd_0.001,0.00031506822318415616,0.0011122385425765943,59,EXECUTED
EXP-XAI-0001,MODEL-C4,PERMUTATION_IMPORTANCE_MACRO_F1,6,54,S7:EMAd_0.01,-0.0016319965113421931,0.00046114115171972726,102,EXECUTED
EXP-XAI-0001,MODEL-C4,PERMUTATION_IMPORTANCE_MACRO_F1,6,55,S7:EMAd_0.1,-0.007083503929649804,0.001311835840300945,120,EXECUTED
EXP-XAI-0001,MODEL-C4,PERMUTATION_IMPORTANCE_MACRO_F1,6,56,S8:dR,-0.00021467865546150877,0.00047871963367810826,74,EXECUTED
EXP-XAI-0001,MODEL-C4,PERMUTATION_IMPORTANCE_MACRO_F1,6,57,S8:dR_norm,0.0015745844436619305,0.00031993974899273756,25,EXECUTED
EXP-XAI-0001,MODEL-C4,PERMUTATION_IMPORTANCE_MACRO_F1,6,58,S8:EMAi_0.001,0.001060067289497657,0.001103214833536794,32,EXECUTED
EXP-XAI-0001,MODEL-C4,PERMUTATION_IMPORTANCE_MACRO_F1,6,59,S8:EMAi_0.01,-0.006732568800850025,0.00041637658714540737,119,EXECUTED
EXP-XAI-0001,MODEL-C4,PERMUTATION_IMPORTANCE_MACRO_F1,6,60,S8:EMAi_0.1,-0.0012880275499825955,0.0008594949665015187,98,EXECUTED
EXP-XAI-0001,MODEL-C4,PERMUTATION_IMPORTANCE_MACRO_F1,6,61,S8:EMAd_0.001,0.0010411314464539912,0.0011975779280882384,33,EXECUTED
EXP-XAI-0001,MODEL-C4,PERMUTATION_IMPORTANCE_MACRO_F1,6,62,S8:EMAd_0.01,-0.0007367617609583931,0.00039133402510456043,86,EXECUTED
EXP-XAI-0001,MODEL-C4,PERMUTATION_IMPORTANCE_MACRO_F1,6,63,S8:EMAd_0.1,-0.0007697971779759283,0.0006892481478513379,87,EXECUTED
EXP-XAI-0001,MODEL-C4,PERMUTATION_IMPORTANCE_MACRO_F1,6,64,S9:dR,0.0007708910791237811,0.0005660026948526856,42,EXECUTED
EXP-XAI-0001,MODEL-C4,PERMUTATION_IMPORTANCE_MACRO_F1,6,65,S9:dR_norm,-0.012443400841578045,0.0028057369168023876,124,EXECUTED
EXP-XAI-0001,MODEL-C4,PERMUTATION_IMPORTANCE_MACRO_F1,6,66,S9:EMAi_0.001,-0.0004927760288206074,0.0004307044938643128,77,EXECUTED
EXP-XAI-0001,MODEL-C4,PERMUTATION_IMPORTANCE_MACRO_F1,6,67,S9:EMAi_0.01,0.0002044598483393889,0.000455835218427692,61,EXECUTED
EXP-XAI-0001,MODEL-C4,PERMUTATION_IMPORTANCE_MACRO_F1,6,68,S9:EMAi_0.1,0.0009135202925941832,0.0009721936029850496,35,EXECUTED
EXP-XAI-0001,MODEL-C4,PERMUTATION_IMPORTANCE_MACRO_F1,6,69,S9:EMAd_0.001,0.0014622698614352504,0.0011328159592086857,27,EXECUTED
EXP-XAI-0001,MODEL-C4,PERMUTATION_IMPORTANCE_MACRO_F1,6,70,S9:EMAd_0.01,0.0009059221339037693,0.0002020210607238965,36,EXECUTED
EXP-XAI-0001,MODEL-C4,PERMUTATION_IMPORTANCE_MACRO_F1,6,71,S9:EMAd_0.1,-0.0008597763354113664,0.0006016297230934083,89,EXECUTED
EXP-XAI-0001,MODEL-C4,PERMUTATION_IMPORTANCE_MACRO_F1,6,72,S10:dR,0.00023680443534459527,0.00038392612953365814,60,EXECUTED
EXP-XAI-0001,MODEL-C4,PERMUTATION_IMPORTANCE_MACRO_F1,6,73,S10:dR_norm,0.00042677303614973016,0.0006061807229270578,54,EXECUTED
EXP-XAI-0001,MODEL-C4,PERMUTATION_IMPORTANCE_MACRO_F1,6,74,S10:EMAi_0.001,-0.00019635138212927838,0.00016842097774751047,70,EXECUTED
EXP-XAI-0001,MODEL-C4,PERMUTATION_IMPORTANCE_MACRO_F1,6,75,S10:EMAi_0.01,-0.00016818607413883192,0.00036476653890924203,68,EXECUTED
EXP-XAI-0001,MODEL-C4,PERMUTATION_IMPORTANCE_MACRO_F1,6,76,S10:EMAi_0.1,-0.0006219912797776894,0.0003225903001438564,83,EXECUTED
EXP-XAI-0001,MODEL-C4,PERMUTATION_IMPORTANCE_MACRO_F1,6,77,S10:EMAd_0.001,0.0005698268670889072,0.00045657935327593117,51,EXECUTED
EXP-XAI-0001,MODEL-C4,PERMUTATION_IMPORTANCE_MACRO_F1,6,78,S10:EMAd_0.01,-0.00020330378072265233,0.00033739861541850737,72,EXECUTED
EXP-XAI-0001,MODEL-C4,PERMUTATION_IMPORTANCE_MACRO_F1,6,79,S10:EMAd_0.1,0.0006707255445425608,0.00023525833702112684,47,EXECUTED
EXP-XAI-0001,MODEL-C4,PERMUTATION_IMPORTANCE_MACRO_F1,6,80,S11:dR,0.0007132373483363819,0.0007523903268121541,45,EXECUTED
EXP-XAI-0001,MODEL-C4,PERMUTATION_IMPORTANCE_MACRO_F1,6,81,S11:dR_norm,0.000740542247841125,0.0006246856971738133,44,EXECUTED
EXP-XAI-0001,MODEL-C4,PERMUTATION_IMPORTANCE_MACRO_F1,6,82,S11:EMAi_0.001,-0.0007203335836851287,0.0006963104737516873,85,EXECUTED
EXP-XAI-0001,MODEL-C4,PERMUTATION_IMPORTANCE_MACRO_F1,6,83,S11:EMAi_0.01,0.0009036358579736836,0.001241876293731731,37,EXECUTED
EXP-XAI-0001,MODEL-C4,PERMUTATION_IMPORTANCE_MACRO_F1,6,84,S11:EMAi_0.1,0.0024294559957088848,0.000731846873000769,11,EXECUTED
EXP-XAI-0001,MODEL-C4,PERMUTATION_IMPORTANCE_MACRO_F1,6,85,S11:EMAd_0.001,-7.634153280936529e-05,0.0003811254437071267,63,EXECUTED
EXP-XAI-0001,MODEL-C4,PERMUTATION_IMPORTANCE_MACRO_F1,6,86,S11:EMAd_0.01,0.0006876790276130529,0.0009587022351400607,46,EXECUTED
EXP-XAI-0001,MODEL-C4,PERMUTATION_IMPORTANCE_MACRO_F1,6,87,S11:EMAd_0.1,-0.004201532018667098,0.0012076478548000236,115,EXECUTED
EXP-XAI-0001,MODEL-C4,PERMUTATION_IMPORTANCE_MACRO_F1,6,88,S12:dR,-0.0009206369545715076,0.001288010775474298,92,EXECUTED
EXP-XAI-0001,MODEL-C4,PERMUTATION_IMPORTANCE_MACRO_F1,6,89,S12:dR_norm,0.001217260554792965,0.000703490329209983,30,EXECUTED
EXP-XAI-0001,MODEL-C4,PERMUTATION_IMPORTANCE_MACRO_F1,6,90,S12:EMAi_0.001,-0.0036415104519412433,0.0011149042719609096,112,EXECUTED
EXP-XAI-0001,MODEL-C4,PERMUTATION_IMPORTANCE_MACRO_F1,6,91,S12:EMAi_0.01,0.0016119191601883687,0.0010928477634592365,24,EXECUTED
EXP-XAI-0001,MODEL-C4,PERMUTATION_IMPORTANCE_MACRO_F1,6,92,S12:EMAi_0.1,0.0017506704489071768,0.0010764919966254902,20,EXECUTED
EXP-XAI-0001,MODEL-C4,PERMUTATION_IMPORTANCE_MACRO_F1,6,93,S12:EMAd_0.001,-0.00404790800172008,0.0015788809642208633,114,EXECUTED
EXP-XAI-0001,MODEL-C4,PERMUTATION_IMPORTANCE_MACRO_F1,6,94,S12:EMAd_0.01,0.0008861647365695613,0.0006858514634842386,38,EXECUTED
EXP-XAI-0001,MODEL-C4,PERMUTATION_IMPORTANCE_MACRO_F1,6,95,S12:EMAd_0.1,-0.002595036696695352,0.0013082336832252297,107,EXECUTED
EXP-XAI-0001,MODEL-C4,PERMUTATION_IMPORTANCE_MACRO_F1,6,96,S13:dR,0.004179096511368585,0.0006066591854555085,4,EXECUTED
EXP-XAI-0001,MODEL-C4,PERMUTATION_IMPORTANCE_MACRO_F1,6,97,S13:dR_norm,0.0005864228112299364,0.0005127291246722087,49,EXECUTED
EXP-XAI-0001,MODEL-C4,PERMUTATION_IMPORTANCE_MACRO_F1,6,98,S13:EMAi_0.001,0.0012815112965994357,0.0009506074226019967,29,EXECUTED
EXP-XAI-0001,MODEL-C4,PERMUTATION_IMPORTANCE_MACRO_F1,6,99,S13:EMAi_0.01,0.03716253756755,0.0029354445749258124,1,EXECUTED
EXP-XAI-0001,MODEL-C4,PERMUTATION_IMPORTANCE_MACRO_F1,6,100,S13:EMAi_0.1,0.024877036029246992,0.0031806734786064056,2,EXECUTED
EXP-XAI-0001,MODEL-C4,PERMUTATION_IMPORTANCE_MACRO_F1,6,101,S13:EMAd_0.001,-0.0008287190378004738,0.0010151476281730152,88,EXECUTED
EXP-XAI-0001,MODEL-C4,PERMUTATION_IMPORTANCE_MACRO_F1,6,102,S13:EMAd_0.01,0.000854137548551559,0.0010123301555766515,39,EXECUTED
EXP-XAI-0001,MODEL-C4,PERMUTATION_IMPORTANCE_MACRO_F1,6,103,S13:EMAd_0.1,0.00018197044209733448,0.0007523403254458313,62,EXECUTED
EXP-XAI-0001,MODEL-C4,PERMUTATION_IMPORTANCE_MACRO_F1,6,104,S14:dR,0.0021996598015611934,0.0010784808106183699,15,EXECUTED
EXP-XAI-0001,MODEL-C4,PERMUTATION_IMPORTANCE_MACRO_F1,6,105,S14:dR_norm,-0.00014184918922961477,0.0007119622434384203,67,EXECUTED
EXP-XAI-0001,MODEL-C4,PERMUTATION_IMPORTANCE_MACRO_F1,6,106,S14:EMAi_0.001,0.0005747271156846034,0.0002933410022804749,50,EXECUTED
EXP-XAI-0001,MODEL-C4,PERMUTATION_IMPORTANCE_MACRO_F1,6,107,S14:EMAi_0.01,-0.004833634264241415,0.0007031663441478525,117,EXECUTED
EXP-XAI-0001,MODEL-C4,PERMUTATION_IMPORTANCE_MACRO_F1,6,108,S14:EMAi_0.1,-0.013029729471644557,0.001504424420742224,125,EXECUTED
EXP-XAI-0001,MODEL-C4,PERMUTATION_IMPORTANCE_MACRO_F1,6,109,S14:EMAd_0.001,0.0030371633771817176,0.00047895113372365035,9,EXECUTED
EXP-XAI-0001,MODEL-C4,PERMUTATION_IMPORTANCE_MACRO_F1,6,110,S14:EMAd_0.01,0.00045354731010756045,0.0010442415473362308,53,EXECUTED
EXP-XAI-0001,MODEL-C4,PERMUTATION_IMPORTANCE_MACRO_F1,6,111,S14:EMAd_0.1,0.001664448678218744,0.0005236840733206981,22,EXECUTED
EXP-XAI-0001,MODEL-C4,PERMUTATION_IMPORTANCE_MACRO_F1,6,112,S15:dR,0.0031274877362180153,0.0005590933761249784,7,EXECUTED
EXP-XAI-0001,MODEL-C4,PERMUTATION_IMPORTANCE_MACRO_F1,6,113,S15:dR_norm,-0.0005330222529837725,0.0004073390287087642,78,EXECUTED
EXP-XAI-0001,MODEL-C4,PERMUTATION_IMPORTANCE_MACRO_F1,6,114,S15:EMAi_0.001,0.0003365261370163686,0.000666515896494811,57,EXECUTED
EXP-XAI-0001,MODEL-C4,PERMUTATION_IMPORTANCE_MACRO_F1,6,115,S15:EMAi_0.01,-0.003813678141145349,0.0009416175385458965,113,EXECUTED
EXP-XAI-0001,MODEL-C4,PERMUTATION_IMPORTANCE_MACRO_F1,6,116,S15:EMAi_0.1,-8.367086551744896e-05,0.00046829924909501717,65,EXECUTED
EXP-XAI-0001,MODEL-C4,PERMUTATION_IMPORTANCE_MACRO_F1,6,117,S15:EMAd_0.001,-0.0009199545499146255,0.0008827157049780277,91,EXECUTED
EXP-XAI-0001,MODEL-C4,PERMUTATION_IMPORTANCE_MACRO_F1,6,118,S15:EMAd_0.01,-0.0006649380696177043,0.0006248193833839175,84,EXECUTED
EXP-XAI-0001,MODEL-C4,PERMUTATION_IMPORTANCE_MACRO_F1,6,119,S15:EMAd_0.1,0.0021368302729945056,0.0011606646694028477,16,EXECUTED
EXP-XAI-0001,MODEL-C4,PERMUTATION_IMPORTANCE_MACRO_F1,6,120,S16:dR,0.005510622711081448,0.0014587502308493188,3,EXECUTED
EXP-XAI-0001,MODEL-C4,PERMUTATION_IMPORTANCE_MACRO_F1,6,121,S16:dR_norm,-0.002341527657679687,0.0005357514714704484,106,EXECUTED
EXP-XAI-0001,MODEL-C4,PERMUTATION_IMPORTANCE_MACRO_F1,6,122,S16:EMAi_0.001,-0.0028047267793670284,0.0008863647902922435,110,EXECUTED
EXP-XAI-0001,MODEL-C4,PERMUTATION_IMPORTANCE_MACRO_F1,6,123,S16:EMAi_0.01,0.0023529117789000686,0.0007802199588411447,13,EXECUTED
EXP-XAI-0001,MODEL-C4,PERMUTATION_IMPORTANCE_MACRO_F1,6,124,S16:EMAi_0.1,-0.0058652303199181795,0.0008835339568369629,118,EXECUTED
EXP-XAI-0001,MODEL-C4,PERMUTATION_IMPORTANCE_MACRO_F1,6,125,S16:EMAd_0.001,-0.003021899549819085,0.0008565252749984916,111,EXECUTED
EXP-XAI-0001,MODEL-C4,PERMUTATION_IMPORTANCE_MACRO_F1,6,126,S16:EMAd_0.01,-0.0012687246607013813,0.0002158542481397749,97,EXECUTED
EXP-XAI-0001,MODEL-C4,PERMUTATION_IMPORTANCE_MACRO_F1,6,127,S16:EMAd_0.1,-0.002602193880998571,0.001486330252097078,108,EXECUTED
EXP-XAI-0001,MODEL-C4,PERMUTATION_IMPORTANCE_MACRO_F1,7,0,S1:dR,0.0023882516618708325,0.0003013716887376354,30,EXECUTED
EXP-XAI-0001,MODEL-C4,PERMUTATION_IMPORTANCE_MACRO_F1,7,1,S1:dR_norm,0.0032741165909169977,0.0023438237447653085,14,EXECUTED
EXP-XAI-0001,MODEL-C4,PERMUTATION_IMPORTANCE_MACRO_F1,7,2,S1:EMAi_0.001,0.0004915245607735041,0.00022518302827176156,78,EXECUTED
EXP-XAI-0001,MODEL-C4,PERMUTATION_IMPORTANCE_MACRO_F1,7,3,S1:EMAi_0.01,0.001470497431697282,0.0004964454782989573,48,EXECUTED
EXP-XAI-0001,MODEL-C4,PERMUTATION_IMPORTANCE_MACRO_F1,7,4,S1:EMAi_0.1,0.0012515540831376625,0.0002580482801543969,56,EXECUTED
EXP-XAI-0001,MODEL-C4,PERMUTATION_IMPORTANCE_MACRO_F1,7,5,S1:EMAd_0.001,0.0019150804233451946,0.0004160766905785308,38,EXECUTED
EXP-XAI-0001,MODEL-C4,PERMUTATION_IMPORTANCE_MACRO_F1,7,6,S1:EMAd_0.01,0.00048417344709836827,0.00020538679875340438,81,EXECUTED
EXP-XAI-0001,MODEL-C4,PERMUTATION_IMPORTANCE_MACRO_F1,7,7,S1:EMAd_0.1,0.0015588336655872116,0.0002751218486527678,46,EXECUTED
EXP-XAI-0001,MODEL-C4,PERMUTATION_IMPORTANCE_MACRO_F1,7,8,S2:dR,7.379995179889187e-05,0.0002712676705775346,97,EXECUTED
EXP-XAI-0001,MODEL-C4,PERMUTATION_IMPORTANCE_MACRO_F1,7,9,S2:dR_norm,0.006547223815689318,0.0010302990539397797,6,EXECUTED
EXP-XAI-0001,MODEL-C4,PERMUTATION_IMPORTANCE_MACRO_F1,7,10,S2:EMAi_0.001,0.0018450308644794022,0.00040949114841255617,40,EXECUTED
EXP-XAI-0001,MODEL-C4,PERMUTATION_IMPORTANCE_MACRO_F1,7,11,S2:EMAi_0.01,0.00116179016978879,0.0003489262662767189,58,EXECUTED
EXP-XAI-0001,MODEL-C4,PERMUTATION_IMPORTANCE_MACRO_F1,7,12,S2:EMAi_0.1,0.00246286016046342,0.00030706482987081986,28,EXECUTED
EXP-XAI-0001,MODEL-C4,PERMUTATION_IMPORTANCE_MACRO_F1,7,13,S2:EMAd_0.001,0.002741547784498055,0.0006816375312147825,24,EXECUTED
EXP-XAI-0001,MODEL-C4,PERMUTATION_IMPORTANCE_MACRO_F1,7,14,S2:EMAd_0.01,0.0024523485043523863,0.00039546686849949777,29,EXECUTED
EXP-XAI-0001,MODEL-C4,PERMUTATION_IMPORTANCE_MACRO_F1,7,15,S2:EMAd_0.1,0.0025388855840650427,0.000676256216871749,27,EXECUTED
EXP-XAI-0001,MODEL-C4,PERMUTATION_IMPORTANCE_MACRO_F1,7,16,S3:dR,-0.0020259189257475496,0.0011094677531152007,126,EXECUTED
EXP-XAI-0001,MODEL-C4,PERMUTATION_IMPORTANCE_MACRO_F1,7,17,S3:dR_norm,7.384988819522098e-05,0.0005516955547071865,96,EXECUTED
EXP-XAI-0001,MODEL-C4,PERMUTATION_IMPORTANCE_MACRO_F1,7,18,S3:EMAi_0.001,0.0017272760783733077,0.0005720090004701124,43,EXECUTED
EXP-XAI-0001,MODEL-C4,PERMUTATION_IMPORTANCE_MACRO_F1,7,19,S3:EMAi_0.01,0.010922020054810855,0.0014677285130196836,2,EXECUTED
EXP-XAI-0001,MODEL-C4,PERMUTATION_IMPORTANCE_MACRO_F1,7,20,S3:EMAi_0.1,0.0015386043578221264,0.00039413936553524037,47,EXECUTED
EXP-XAI-0001,MODEL-C4,PERMUTATION_IMPORTANCE_MACRO_F1,7,21,S3:EMAd_0.001,-0.000889668416792444,0.0008120243149884101,112,EXECUTED
EXP-XAI-0001,MODEL-C4,PERMUTATION_IMPORTANCE_MACRO_F1,7,22,S3:EMAd_0.01,-0.003395633639913498,0.0013142265510334924,128,EXECUTED
EXP-XAI-0001,MODEL-C4,PERMUTATION_IMPORTANCE_MACRO_F1,7,23,S3:EMAd_0.1,0.0004130425755586531,0.000476439424945426,83,EXECUTED
EXP-XAI-0001,MODEL-C4,PERMUTATION_IMPORTANCE_MACRO_F1,7,24,S4:dR,-0.0009684896915608365,0.0006023484298043825,115,EXECUTED
EXP-XAI-0001,MODEL-C4,PERMUTATION_IMPORTANCE_MACRO_F1,7,25,S4:dR_norm,0.002004329755775913,0.000944838827698046,35,EXECUTED
EXP-XAI-0001,MODEL-C4,PERMUTATION_IMPORTANCE_MACRO_F1,7,26,S4:EMAi_0.001,-0.0008386064106670754,0.0011884970759261594,111,EXECUTED
EXP-XAI-0001,MODEL-C4,PERMUTATION_IMPORTANCE_MACRO_F1,7,27,S4:EMAi_0.01,0.0031611851256738268,0.00042274831569089175,16,EXECUTED
EXP-XAI-0001,MODEL-C4,PERMUTATION_IMPORTANCE_MACRO_F1,7,28,S4:EMAi_0.1,0.0004060661856325698,0.0010615295318865236,84,EXECUTED
EXP-XAI-0001,MODEL-C4,PERMUTATION_IMPORTANCE_MACRO_F1,7,29,S4:EMAd_0.001,0.00018965979040630465,0.0005174626208012829,92,EXECUTED
EXP-XAI-0001,MODEL-C4,PERMUTATION_IMPORTANCE_MACRO_F1,7,30,S4:EMAd_0.01,0.0004891324919866324,0.001024751600631625,80,EXECUTED
EXP-XAI-0001,MODEL-C4,PERMUTATION_IMPORTANCE_MACRO_F1,7,31,S4:EMAd_0.1,-0.001959687574136171,0.0010281756677973958,125,EXECUTED
EXP-XAI-0001,MODEL-C4,PERMUTATION_IMPORTANCE_MACRO_F1,7,32,S5:dR,0.001342128900299,0.0009336631479712904,53,EXECUTED
EXP-XAI-0001,MODEL-C4,PERMUTATION_IMPORTANCE_MACRO_F1,7,33,S5:dR_norm,0.0007531484801266752,0.00047553986860825366,69,EXECUTED
EXP-XAI-0001,MODEL-C4,PERMUTATION_IMPORTANCE_MACRO_F1,7,34,S5:EMAi_0.001,-0.0010235696974092768,0.0006051796074455049,117,EXECUTED
EXP-XAI-0001,MODEL-C4,PERMUTATION_IMPORTANCE_MACRO_F1,7,35,S5:EMAi_0.01,0.003383297675633434,0.0005395340388521043,11,EXECUTED
EXP-XAI-0001,MODEL-C4,PERMUTATION_IMPORTANCE_MACRO_F1,7,36,S5:EMAi_0.1,0.000936027318044308,0.0007271092008952452,64,EXECUTED
EXP-XAI-0001,MODEL-C4,PERMUTATION_IMPORTANCE_MACRO_F1,7,37,S5:EMAd_0.001,0.0005076722334063199,0.0007567705176047834,77,EXECUTED
EXP-XAI-0001,MODEL-C4,PERMUTATION_IMPORTANCE_MACRO_F1,7,38,S5:EMAd_0.01,-0.0003413362086450267,0.0005836707958513621,106,EXECUTED
EXP-XAI-0001,MODEL-C4,PERMUTATION_IMPORTANCE_MACRO_F1,7,39,S5:EMAd_0.1,0.004196484423261737,0.00078059594266392,7,EXECUTED
EXP-XAI-0001,MODEL-C4,PERMUTATION_IMPORTANCE_MACRO_F1,7,40,S6:dR,0.00035357988853873534,0.0009353024326547747,88,EXECUTED
EXP-XAI-0001,MODEL-C4,PERMUTATION_IMPORTANCE_MACRO_F1,7,41,S6:dR_norm,0.001615621352639296,0.0004662914095146419,45,EXECUTED
EXP-XAI-0001,MODEL-C4,PERMUTATION_IMPORTANCE_MACRO_F1,7,42,S6:EMAi_0.001,0.0003989683063903682,0.0011094715624659197,85,EXECUTED
EXP-XAI-0001,MODEL-C4,PERMUTATION_IMPORTANCE_MACRO_F1,7,43,S6:EMAi_0.01,0.002790829539690087,0.0005993075766585536,23,EXECUTED
EXP-XAI-0001,MODEL-C4,PERMUTATION_IMPORTANCE_MACRO_F1,7,44,S6:EMAi_0.1,0.0014356814226961778,0.0004905752655392688,49,EXECUTED
EXP-XAI-0001,MODEL-C4,PERMUTATION_IMPORTANCE_MACRO_F1,7,45,S6:EMAd_0.001,0.001205422735837136,0.0009935681080029827,57,EXECUTED
EXP-XAI-0001,MODEL-C4,PERMUTATION_IMPORTANCE_MACRO_F1,7,46,S6:EMAd_0.01,0.0004137839181288405,0.00034183218141319336,82,EXECUTED
EXP-XAI-0001,MODEL-C4,PERMUTATION_IMPORTANCE_MACRO_F1,7,47,S6:EMAd_0.1,0.003084341918951039,0.0005742702968368392,18,EXECUTED
EXP-XAI-0001,MODEL-C4,PERMUTATION_IMPORTANCE_MACRO_F1,7,48,S7:dR,-0.00037356385731841525,0.0002371363167832342,107,EXECUTED
EXP-XAI-0001,MODEL-C4,PERMUTATION_IMPORTANCE_MACRO_F1,7,49,S7:dR_norm,0.0006390891107325048,0.0006335900744810572,74,EXECUTED
EXP-XAI-0001,MODEL-C4,PERMUTATION_IMPORTANCE_MACRO_F1,7,50,S7:EMAi_0.001,0.0029770379061655806,0.0015201454064158366,22,EXECUTED
EXP-XAI-0001,MODEL-C4,PERMUTATION_IMPORTANCE_MACRO_F1,7,51,S7:EMAi_0.01,0.0023446300239033714,0.0019976275524605054,32,EXECUTED
EXP-XAI-0001,MODEL-C4,PERMUTATION_IMPORTANCE_MACRO_F1,7,52,S7:EMAi_0.1,0.004003604927912585,0.0008782040407156632,8,EXECUTED
EXP-XAI-0001,MODEL-C4,PERMUTATION_IMPORTANCE_MACRO_F1,7,53,S7:EMAd_0.001,-1.771525698024412e-05,0.0008744716101092036,99,EXECUTED
EXP-XAI-0001,MODEL-C4,PERMUTATION_IMPORTANCE_MACRO_F1,7,54,S7:EMAd_0.01,0.0002671494313425282,0.000856678511951659,90,EXECUTED
EXP-XAI-0001,MODEL-C4,PERMUTATION_IMPORTANCE_MACRO_F1,7,55,S7:EMAd_0.1,0.00333105876064983,0.0010694487279759649,12,EXECUTED
EXP-XAI-0001,MODEL-C4,PERMUTATION_IMPORTANCE_MACRO_F1,7,56,S8:dR,-0.000811490034636575,0.0003146114247500937,110,EXECUTED
EXP-XAI-0001,MODEL-C4,PERMUTATION_IMPORTANCE_MACRO_F1,7,57,S8:dR_norm,-0.00022863693969972233,0.0003562819739423276,103,EXECUTED
EXP-XAI-0001,MODEL-C4,PERMUTATION_IMPORTANCE_MACRO_F1,7,58,S8:EMAi_0.001,0.0013462921788519933,0.00023001244475378364,52,EXECUTED
EXP-XAI-0001,MODEL-C4,PERMUTATION_IMPORTANCE_MACRO_F1,7,59,S8:EMAi_0.01,0.007552133153181229,0.0009942759421564438,5,EXECUTED
EXP-XAI-0001,MODEL-C4,PERMUTATION_IMPORTANCE_MACRO_F1,7,60,S8:EMAi_0.1,0.0036270311668842314,0.0010976597508573094,9,EXECUTED
EXP-XAI-0001,MODEL-C4,PERMUTATION_IMPORTANCE_MACRO_F1,7,61,S8:EMAd_0.001,-0.0010327989414370298,0.0004672747954535305,119,EXECUTED
EXP-XAI-0001,MODEL-C4,PERMUTATION_IMPORTANCE_MACRO_F1,7,62,S8:EMAd_0.01,0.002732979484383102,0.0005273243799762969,25,EXECUTED
EXP-XAI-0001,MODEL-C4,PERMUTATION_IMPORTANCE_MACRO_F1,7,63,S8:EMAd_0.1,-0.0013267285351582724,0.0008643249803513245,124,EXECUTED
EXP-XAI-0001,MODEL-C4,PERMUTATION_IMPORTANCE_MACRO_F1,7,64,S9:dR,0.0031544950218050484,0.0005493253466016699,17,EXECUTED
EXP-XAI-0001,MODEL-C4,PERMUTATION_IMPORTANCE_MACRO_F1,7,65,S9:dR_norm,0.00197400420511461,0.0012208193641184391,36,EXECUTED
EXP-XAI-0001,MODEL-C4,PERMUTATION_IMPORTANCE_MACRO_F1,7,66,S9:EMAi_0.001,0.0018940329478281726,0.000731905421353362,39,EXECUTED
EXP-XAI-0001,MODEL-C4,PERMUTATION_IMPORTANCE_MACRO_F1,7,67,S9:EMAi_0.01,0.0007629181445994116,0.0004972470649584834,68,EXECUTED
EXP-XAI-0001,MODEL-C4,PERMUTATION_IMPORTANCE_MACRO_F1,7,68,S9:EMAi_0.1,0.002375866335291321,0.0004781447407582214,31,EXECUTED
EXP-XAI-0001,MODEL-C4,PERMUTATION_IMPORTANCE_MACRO_F1,7,69,S9:EMAd_0.001,0.003004805940570765,0.0008345009925587686,20,EXECUTED
EXP-XAI-0001,MODEL-C4,PERMUTATION_IMPORTANCE_MACRO_F1,7,70,S9:EMAd_0.01,0.0011486450663758085,0.00033735277288926265,59,EXECUTED
EXP-XAI-0001,MODEL-C4,PERMUTATION_IMPORTANCE_MACRO_F1,7,71,S9:EMAd_0.1,-0.001106144921107055,0.00034331624638658857,123,EXECUTED
EXP-XAI-0001,MODEL-C4,PERMUTATION_IMPORTANCE_MACRO_F1,7,72,S10:dR,0.00023738279682390396,0.0002820359933089686,91,EXECUTED
EXP-XAI-0001,MODEL-C4,PERMUTATION_IMPORTANCE_MACRO_F1,7,73,S10:dR_norm,0.0011053708665269336,0.00012705089484327226,61,EXECUTED
EXP-XAI-0001,MODEL-C4,PERMUTATION_IMPORTANCE_MACRO_F1,7,74,S10:EMAi_0.001,0.0006584191718344345,0.0004349494618197501,73,EXECUTED
EXP-XAI-0001,MODEL-C4,PERMUTATION_IMPORTANCE_MACRO_F1,7,75,S10:EMAi_0.01,0.0003947622601579548,0.00027428332065841595,86,EXECUTED
EXP-XAI-0001,MODEL-C4,PERMUTATION_IMPORTANCE_MACRO_F1,7,76,S10:EMAi_0.1,0.0011289837989266083,0.00043138755512377766,60,EXECUTED
EXP-XAI-0001,MODEL-C4,PERMUTATION_IMPORTANCE_MACRO_F1,7,77,S10:EMAd_0.001,0.000946340944464119,0.00046348284939208806,63,EXECUTED
EXP-XAI-0001,MODEL-C4,PERMUTATION_IMPORTANCE_MACRO_F1,7,78,S10:EMAd_0.01,0.0006088150229084932,0.0004061407971807716,75,EXECUTED
EXP-XAI-0001,MODEL-C4,PERMUTATION_IMPORTANCE_MACRO_F1,7,79,S10:EMAd_0.1,3.0285041138922163e-05,0.0003385371412475118,98,EXECUTED
EXP-XAI-0001,MODEL-C4,PERMUTATION_IMPORTANCE_MACRO_F1,7,80,S11:dR,7.889198017518861e-05,0.0006516036683443186,95,EXECUTED
EXP-XAI-0001,MODEL-C4,PERMUTATION_IMPORTANCE_MACRO_F1,7,81,S11:dR_norm,-0.0010708753670372272,0.0005558343368993747,120,EXECUTED
EXP-XAI-0001,MODEL-C4,PERMUTATION_IMPORTANCE_MACRO_F1,7,82,S11:EMAi_0.001,0.000544631248064964,0.0009503496483240103,76,EXECUTED
EXP-XAI-0001,MODEL-C4,PERMUTATION_IMPORTANCE_MACRO_F1,7,83,S11:EMAi_0.01,0.0018292363543061518,0.0005693772424027291,41,EXECUTED
EXP-XAI-0001,MODEL-C4,PERMUTATION_IMPORTANCE_MACRO_F1,7,84,S11:EMAi_0.1,0.00013935364354533686,0.000556261044421287,94,EXECUTED
EXP-XAI-0001,MODEL-C4,PERMUTATION_IMPORTANCE_MACRO_F1,7,85,S11:EMAd_0.001,-0.0009626600958104747,0.0005706176266244758,114,EXECUTED
EXP-XAI-0001,MODEL-C4,PERMUTATION_IMPORTANCE_MACRO_F1,7,86,S11:EMAd_0.01,-0.001092700933724311,0.0008261210440918957,121,EXECUTED
EXP-XAI-0001,MODEL-C4,PERMUTATION_IMPORTANCE_MACRO_F1,7,87,S11:EMAd_0.1,-0.003103869285831162,0.0007548107961602388,127,EXECUTED
EXP-XAI-0001,MODEL-C4,PERMUTATION_IMPORTANCE_MACRO_F1,7,88,S12:dR,0.00014466734695141038,0.001095790010149512,93,EXECUTED
EXP-XAI-0001,MODEL-C4,PERMUTATION_IMPORTANCE_MACRO_F1,7,89,S12:dR_norm,-0.0010953666108882265,0.0004837451673545913,122,EXECUTED
EXP-XAI-0001,MODEL-C4,PERMUTATION_IMPORTANCE_MACRO_F1,7,90,S12:EMAi_0.001,0.0007364889501750183,0.00125507611118426,70,EXECUTED
EXP-XAI-0001,MODEL-C4,PERMUTATION_IMPORTANCE_MACRO_F1,7,91,S12:EMAi_0.01,-0.0005870945330669897,0.0007361401226071069,108,EXECUTED
EXP-XAI-0001,MODEL-C4,PERMUTATION_IMPORTANCE_MACRO_F1,7,92,S12:EMAi_0.1,0.001349237801629577,0.00035521779387978684,51,EXECUTED
EXP-XAI-0001,MODEL-C4,PERMUTATION_IMPORTANCE_MACRO_F1,7,93,S12:EMAd_0.001,-0.0006724154737835497,0.0005041782813217007,109,EXECUTED
EXP-XAI-0001,MODEL-C4,PERMUTATION_IMPORTANCE_MACRO_F1,7,94,S12:EMAd_0.01,-0.00026186982351138476,0.0009256750154082996,105,EXECUTED
EXP-XAI-0001,MODEL-C4,PERMUTATION_IMPORTANCE_MACRO_F1,7,95,S12:EMAd_0.1,0.0007331313449380871,0.0008707490009105513,71,EXECUTED
EXP-XAI-0001,MODEL-C4,PERMUTATION_IMPORTANCE_MACRO_F1,7,96,S13:dR,0.0029944879813062265,0.0007411292287296413,21,EXECUTED
EXP-XAI-0001,MODEL-C4,PERMUTATION_IMPORTANCE_MACRO_F1,7,97,S13:dR_norm,0.0012901191758455388,0.0011336511973389855,55,EXECUTED
EXP-XAI-0001,MODEL-C4,PERMUTATION_IMPORTANCE_MACRO_F1,7,98,S13:EMAi_0.001,0.0013013133065117976,0.0005569742915517983,54,EXECUTED
EXP-XAI-0001,MODEL-C4,PERMUTATION_IMPORTANCE_MACRO_F1,7,99,S13:EMAi_0.01,0.015607848998581742,0.001389831100071867,1,EXECUTED
EXP-XAI-0001,MODEL-C4,PERMUTATION_IMPORTANCE_MACRO_F1,7,100,S13:EMAi_0.1,0.009863045591937746,0.0010940094494747631,3,EXECUTED
EXP-XAI-0001,MODEL-C4,PERMUTATION_IMPORTANCE_MACRO_F1,7,101,S13:EMAd_0.001,0.0007957063590565361,0.0007121245398487383,65,EXECUTED
EXP-XAI-0001,MODEL-C4,PERMUTATION_IMPORTANCE_MACRO_F1,7,102,S13:EMAd_0.01,0.0004907398391141071,0.001042231320524636,79,EXECUTED
EXP-XAI-0001,MODEL-C4,PERMUTATION_IMPORTANCE_MACRO_F1,7,103,S13:EMAd_0.1,-2.192546203183543e-05,0.0001971284006735677,100,EXECUTED
EXP-XAI-0001,MODEL-C4,PERMUTATION_IMPORTANCE_MACRO_F1,7,104,S14:dR,0.001971651434241983,0.0005842916060893099,37,EXECUTED
EXP-XAI-0001,MODEL-C4,PERMUTATION_IMPORTANCE_MACRO_F1,7,105,S14:dR_norm,0.0003887291078535027,0.0005910048652041747,87,EXECUTED
EXP-XAI-0001,MODEL-C4,PERMUTATION_IMPORTANCE_MACRO_F1,7,106,S14:EMAi_0.001,0.000765718339998045,0.00112151635434246,67,EXECUTED
EXP-XAI-0001,MODEL-C4,PERMUTATION_IMPORTANCE_MACRO_F1,7,107,S14:EMAi_0.01,0.0033840565091770025,0.0009184707087865216,10,EXECUTED
EXP-XAI-0001,MODEL-C4,PERMUTATION_IMPORTANCE_MACRO_F1,7,108,S14:EMAi_0.1,0.008005843518884014,0.0012306889017261317,4,EXECUTED
EXP-XAI-0001,MODEL-C4,PERMUTATION_IMPORTANCE_MACRO_F1,7,109,S14:EMAd_0.001,0.0026222165532930218,0.000627012257138607,26,EXECUTED
EXP-XAI-0001,MODEL-C4,PERMUTATION_IMPORTANCE_MACRO_F1,7,110,S14:EMAd_0.01,0.0007076867894812544,0.0005061760324288908,72,EXECUTED
EXP-XAI-0001,MODEL-C4,PERMUTATION_IMPORTANCE_MACRO_F1,7,111,S14:EMAd_0.1,-2.56054437777653e-05,0.0006447633004588346,101,EXECUTED
EXP-XAI-0001,MODEL-C4,PERMUTATION_IMPORTANCE_MACRO_F1,7,112,S15:dR,0.0020980451745436944,0.000626814171193599,34,EXECUTED
EXP-XAI-0001,MODEL-C4,PERMUTATION_IMPORTANCE_MACRO_F1,7,113,S15:dR_norm,0.0013795219871462483,0.00023107141081045812,50,EXECUTED
EXP-XAI-0001,MODEL-C4,PERMUTATION_IMPORTANCE_MACRO_F1,7,114,S15:EMAi_0.001,-0.00023293234639598648,0.0005367635643502789,104,EXECUTED
EXP-XAI-0001,MODEL-C4,PERMUTATION_IMPORTANCE_MACRO_F1,7,115,S15:EMAi_0.01,0.0003476935585159491,0.0004569461068550471,89,EXECUTED
EXP-XAI-0001,MODEL-C4,PERMUTATION_IMPORTANCE_MACRO_F1,7,116,S15:EMAi_0.1,0.0033239143000963534,0.0008035466818401873,13,EXECUTED
EXP-XAI-0001,MODEL-C4,PERMUTATION_IMPORTANCE_MACRO_F1,7,117,S15:EMAd_0.001,-0.0010323262162348578,0.0008394129379295114,118,EXECUTED
EXP-XAI-0001,MODEL-C4,PERMUTATION_IMPORTANCE_MACRO_F1,7,118,S15:EMAd_0.01,-0.000890934734242077,0.0008900534279574076,113,EXECUTED
EXP-XAI-0001,MODEL-C4,PERMUTATION_IMPORTANCE_MACRO_F1,7,119,S15:EMAd_0.1,0.002147301926947465,0.0005200266954333901,33,EXECUTED
EXP-XAI-0001,MODEL-C4,PERMUTATION_IMPORTANCE_MACRO_F1,7,120,S16:dR,0.003246623973328577,0.0011770662382109872,15,EXECUTED
EXP-XAI-0001,MODEL-C4,PERMUTATION_IMPORTANCE_MACRO_F1,7,121,S16:dR_norm,0.0030522498839599234,0.0005001244474352199,19,EXECUTED
EXP-XAI-0001,MODEL-C4,PERMUTATION_IMPORTANCE_MACRO_F1,7,122,S16:EMAi_0.001,-7.07810718188706e-05,0.0009154178562581401,102,EXECUTED
EXP-XAI-0001,MODEL-C4,PERMUTATION_IMPORTANCE_MACRO_F1,7,123,S16:EMAi_0.01,0.0010322487978493666,0.0002828980987244972,62,EXECUTED
EXP-XAI-0001,MODEL-C4,PERMUTATION_IMPORTANCE_MACRO_F1,7,124,S16:EMAi_0.1,0.000791470183980858,0.00042272564920637056,66,EXECUTED
EXP-XAI-0001,MODEL-C4,PERMUTATION_IMPORTANCE_MACRO_F1,7,125,S16:EMAd_0.001,0.0017260559624614924,0.0005295704157383394,44,EXECUTED
EXP-XAI-0001,MODEL-C4,PERMUTATION_IMPORTANCE_MACRO_F1,7,126,S16:EMAd_0.01,0.0017341083848254057,0.00046848200810931725,42,EXECUTED
EXP-XAI-0001,MODEL-C4,PERMUTATION_IMPORTANCE_MACRO_F1,7,127,S16:EMAd_0.1,-0.0009710132496209445,0.0005891382542601462,116,EXECUTED
EXP-XAI-0001,MODEL-C4,PERMUTATION_IMPORTANCE_MACRO_F1,8,0,S1:dR,0.0003329839916535626,0.0006659679833071252,31,EXECUTED
EXP-XAI-0001,MODEL-C4,PERMUTATION_IMPORTANCE_MACRO_F1,8,1,S1:dR_norm,-0.0003138877752982938,0.004651990115767342,49,EXECUTED
EXP-XAI-0001,MODEL-C4,PERMUTATION_IMPORTANCE_MACRO_F1,8,2,S1:EMAi_0.001,0.0,0.0,39,EXECUTED
EXP-XAI-0001,MODEL-C4,PERMUTATION_IMPORTANCE_MACRO_F1,8,3,S1:EMAi_0.01,0.0,0.0,40,EXECUTED
EXP-XAI-0001,MODEL-C4,PERMUTATION_IMPORTANCE_MACRO_F1,8,4,S1:EMAi_0.1,0.0003373927056708137,0.000413219985915261,30,EXECUTED
EXP-XAI-0001,MODEL-C4,PERMUTATION_IMPORTANCE_MACRO_F1,8,5,S1:EMAd_0.001,0.0,0.0,41,EXECUTED
EXP-XAI-0001,MODEL-C4,PERMUTATION_IMPORTANCE_MACRO_F1,8,6,S1:EMAd_0.01,0.0,0.0,42,EXECUTED
EXP-XAI-0001,MODEL-C4,PERMUTATION_IMPORTANCE_MACRO_F1,8,7,S1:EMAd_0.1,-4.532989121525111e-06,0.0005406604978021077,45,EXECUTED
EXP-XAI-0001,MODEL-C4,PERMUTATION_IMPORTANCE_MACRO_F1,8,8,S2:dR,0.0027964468769001273,0.005046737617071941,16,EXECUTED
EXP-XAI-0001,MODEL-C4,PERMUTATION_IMPORTANCE_MACRO_F1,8,9,S2:dR_norm,0.02173278274892071,0.00575983593844379,1,EXECUTED
EXP-XAI-0001,MODEL-C4,PERMUTATION_IMPORTANCE_MACRO_F1,8,10,S2:EMAi_0.001,-0.004373062837476782,0.003837767236006979,78,EXECUTED
EXP-XAI-0001,MODEL-C4,PERMUTATION_IMPORTANCE_MACRO_F1,8,11,S2:EMAi_0.01,0.005704488299743471,0.0014532612292868206,12,EXECUTED
EXP-XAI-0001,MODEL-C4,PERMUTATION_IMPORTANCE_MACRO_F1,8,12,S2:EMAi_0.1,0.0009861976822068742,0.001190268126977808,26,EXECUTED
EXP-XAI-0001,MODEL-C4,PERMUTATION_IMPORTANCE_MACRO_F1,8,13,S2:EMAd_0.001,-0.006560557864984945,0.003750239420776139,91,EXECUTED
EXP-XAI-0001,MODEL-C4,PERMUTATION_IMPORTANCE_MACRO_F1,8,14,S2:EMAd_0.01,0.000981788968189623,0.0013020067600894567,27,EXECUTED
EXP-XAI-0001,MODEL-C4,PERMUTATION_IMPORTANCE_MACRO_F1,8,15,S2:EMAd_0.1,0.00029768366676813374,0.0016225149593439778,33,EXECUTED
EXP-XAI-0001,MODEL-C4,PERMUTATION_IMPORTANCE_MACRO_F1,8,16,S3:dR,-0.011410763078577118,0.006106343164438086,117,EXECUTED
EXP-XAI-0001,MODEL-C4,PERMUTATION_IMPORTANCE_MACRO_F1,8,17,S3:dR_norm,-0.00402230149510584,0.005009794609016816,74,EXECUTED
EXP-XAI-0001,MODEL-C4,PERMUTATION_IMPORTANCE_MACRO_F1,8,18,S3:EMAi_0.001,-0.014419697362346657,0.005138295150865081,125,EXECUTED
EXP-XAI-0001,MODEL-C4,PERMUTATION_IMPORTANCE_MACRO_F1,8,19,S3:EMAi_0.01,-0.008072773953621775,0.015247533955087142,103,EXECUTED
EXP-XAI-0001,MODEL-C4,PERMUTATION_IMPORTANCE_MACRO_F1,8,20,S3:EMAi_0.1,-0.005506129435993051,0.004975116033860025,84,EXECUTED
EXP-XAI-0001,MODEL-C4,PERMUTATION_IMPORTANCE_MACRO_F1,8,21,S3:EMAd_0.001,-0.007030409284440065,0.005403400408073635,95,EXECUTED
EXP-XAI-0001,MODEL-C4,PERMUTATION_IMPORTANCE_MACRO_F1,8,22,S3:EMAd_0.01,-0.0015961056164404686,0.004336962635953142,54,EXECUTED
EXP-XAI-0001,MODEL-C4,PERMUTATION_IMPORTANCE_MACRO_F1,8,23,S3:EMAd_0.1,-0.0027554061088292505,0.0042724180384066945,63,EXECUTED
EXP-XAI-0001,MODEL-C4,PERMUTATION_IMPORTANCE_MACRO_F1,8,24,S4:dR,-0.010815641397877569,0.005645652624696295,114,EXECUTED
EXP-XAI-0001,MODEL-C4,PERMUTATION_IMPORTANCE_MACRO_F1,8,25,S4:dR_norm,0.00018794108461008262,0.0031768903035059013,34,EXECUTED
EXP-XAI-0001,MODEL-C4,PERMUTATION_IMPORTANCE_MACRO_F1,8,26,S4:EMAi_0.001,-0.011994898017763466,0.0049708142811602084,119,EXECUTED
EXP-XAI-0001,MODEL-C4,PERMUTATION_IMPORTANCE_MACRO_F1,8,27,S4:EMAi_0.01,-0.008491949967345263,0.004546407683162238,109,EXECUTED
EXP-XAI-0001,MODEL-C4,PERMUTATION_IMPORTANCE_MACRO_F1,8,28,S4:EMAi_0.1,-0.002957392545205517,0.00821538856914823,64,EXECUTED
EXP-XAI-0001,MODEL-C4,PERMUTATION_IMPORTANCE_MACRO_F1,8,29,S4:EMAd_0.001,0.005450104615328161,0.0007886131984515501,14,EXECUTED
EXP-XAI-0001,MODEL-C4,PERMUTATION_IMPORTANCE_MACRO_F1,8,30,S4:EMAd_0.01,0.001927358952668673,0.00345641845704437,23,EXECUTED
EXP-XAI-0001,MODEL-C4,PERMUTATION_IMPORTANCE_MACRO_F1,8,31,S4:EMAd_0.1,-0.03182998073065242,0.01472415143706767,128,EXECUTED
EXP-XAI-0001,MODEL-C4,PERMUTATION_IMPORTANCE_MACRO_F1,8,32,S5:dR,-0.006638136590391264,0.0021397579677808563,92,EXECUTED
EXP-XAI-0001,MODEL-C4,PERMUTATION_IMPORTANCE_MACRO_F1,8,33,S5:dR_norm,0.0,0.0,43,EXECUTED
EXP-XAI-0001,MODEL-C4,PERMUTATION_IMPORTANCE_MACRO_F1,8,34,S5:EMAi_0.001,-0.010741028228754872,0.004669078951771132,113,EXECUTED
EXP-XAI-0001,MODEL-C4,PERMUTATION_IMPORTANCE_MACRO_F1,8,35,S5:EMAi_0.01,-0.01839761109351885,0.02164520418566761,126,EXECUTED
EXP-XAI-0001,MODEL-C4,PERMUTATION_IMPORTANCE_MACRO_F1,8,36,S5:EMAi_0.1,-0.0031288905114284227,0.0018780845671536055,66,EXECUTED
EXP-XAI-0001,MODEL-C4,PERMUTATION_IMPORTANCE_MACRO_F1,8,37,S5:EMAd_0.001,-0.003252295789616888,0.0012941759027131758,67,EXECUTED
EXP-XAI-0001,MODEL-C4,PERMUTATION_IMPORTANCE_MACRO_F1,8,38,S5:EMAd_0.01,0.0010063186629946208,0.006996709288818804,25,EXECUTED
EXP-XAI-0001,MODEL-C4,PERMUTATION_IMPORTANCE_MACRO_F1,8,39,S5:EMAd_0.1,-0.007046009874760067,0.0036619887025598767,97,EXECUTED
EXP-XAI-0001,MODEL-C4,PERMUTATION_IMPORTANCE_MACRO_F1,8,40,S6:dR,-0.00543682655884768,0.002355825342807165,83,EXECUTED
EXP-XAI-0001,MODEL-C4,PERMUTATION_IMPORTANCE_MACRO_F1,8,41,S6:dR_norm,0.005723119239093383,0.0010595437009936874,11,EXECUTED
EXP-XAI-0001,MODEL-C4,PERMUTATION_IMPORTANCE_MACRO_F1,8,42,S6:EMAi_0.001,0.0,0.0,44,EXECUTED
EXP-XAI-0001,MODEL-C4,PERMUTATION_IMPORTANCE_MACRO_F1,8,43,S6:EMAi_0.01,-0.002456954249666654,0.004410642513855006,58,EXECUTED
EXP-XAI-0001,MODEL-C4,PERMUTATION_IMPORTANCE_MACRO_F1,8,44,S6:EMAi_0.1,0.014421198691588033,0.0021213626072880917,4,EXECUTED
EXP-XAI-0001,MODEL-C4,PERMUTATION_IMPORTANCE_MACRO_F1,8,45,S6:EMAd_0.001,-0.005689098736013781,0.004457108053451488,85,EXECUTED
EXP-XAI-0001,MODEL-C4,PERMUTATION_IMPORTANCE_MACRO_F1,8,46,S6:EMAd_0.01,-0.005871788606758049,0.004308375122611246,86,EXECUTED
EXP-XAI-0001,MODEL-C4,PERMUTATION_IMPORTANCE_MACRO_F1,8,47,S6:EMAd_0.1,-0.010147863777731459,0.0052502174255368095,111,EXECUTED
EXP-XAI-0001,MODEL-C4,PERMUTATION_IMPORTANCE_MACRO_F1,8,48,S7:dR,-0.0026336373814265512,0.004563851284048124,60,EXECUTED
EXP-XAI-0001,MODEL-C4,PERMUTATION_IMPORTANCE_MACRO_F1,8,49,S7:dR_norm,7.753521834656385e-05,0.0036377268795371497,38,EXECUTED
EXP-XAI-0001,MODEL-C4,PERMUTATION_IMPORTANCE_MACRO_F1,8,50,S7:EMAi_0.001,0.00850523807794965,0.004886748166401393,8,EXECUTED
EXP-XAI-0001,MODEL-C4,PERMUTATION_IMPORTANCE_MACRO_F1,8,51,S7:EMAi_0.01,-0.013908440358530439,0.015647449822928327,124,EXECUTED
EXP-XAI-0001,MODEL-C4,PERMUTATION_IMPORTANCE_MACRO_F1,8,52,S7:EMAi_0.1,0.0038790717619621553,0.007461055239868008,15,EXECUTED
EXP-XAI-0001,MODEL-C4,PERMUTATION_IMPORTANCE_MACRO_F1,8,53,S7:EMAd_0.001,-0.0008708093356387225,0.0005552009055762097,50,EXECUTED
EXP-XAI-0001,MODEL-C4,PERMUTATION_IMPORTANCE_MACRO_F1,8,54,S7:EMAd_0.01,0.0010671617740404039,0.005034368533040114,24,EXECUTED
EXP-XAI-0001,MODEL-C4,PERMUTATION_IMPORTANCE_MACRO_F1,8,55,S7:EMAd_0.1,0.01031830924146802,0.0011204220828998288,6,EXECUTED
EXP-XAI-0001,MODEL-C4,PERMUTATION_IMPORTANCE_MACRO_F1,8,56,S8:dR,-0.002751155736390359,0.003799147758293392,62,EXECUTED
EXP-XAI-0001,MODEL-C4,PERMUTATION_IMPORTANCE_MACRO_F1,8,57,S8:dR_norm,-0.004116220699729089,0.005089726214165111,75,EXECUTED
EXP-XAI-0001,MODEL-C4,PERMUTATION_IMPORTANCE_MACRO_F1,8,58,S8:EMAi_0.001,-0.008452905836512209,0.004906604429287197,107,EXECUTED
EXP-XAI-0001,MODEL-C4,PERMUTATION_IMPORTANCE_MACRO_F1,8,59,S8:EMAi_0.01,-0.012127872895578989,0.01752621178748606,120,EXECUTED
EXP-XAI-0001,MODEL-C4,PERMUTATION_IMPORTANCE_MACRO_F1,8,60,S8:EMAi_0.1,-0.0010225595155277489,0.006920041834982144,51,EXECUTED
EXP-XAI-0001,MODEL-C4,PERMUTATION_IMPORTANCE_MACRO_F1,8,61,S8:EMAd_0.001,-0.007034792481017666,0.005753030292533149,96,EXECUTED
EXP-XAI-0001,MODEL-C4,PERMUTATION_IMPORTANCE_MACRO_F1,8,62,S8:EMAd_0.01,0.008402031933430604,0.0006421139729320391,9,EXECUTED
EXP-XAI-0001,MODEL-C4,PERMUTATION_IMPORTANCE_MACRO_F1,8,63,S8:EMAd_0.1,-0.012285134949567655,0.00490355105368535,121,EXECUTED
EXP-XAI-0001,MODEL-C4,PERMUTATION_IMPORTANCE_MACRO_F1,8,64,S9:dR,0.0021364495050577802,0.0008168968242710416,22,EXECUTED
EXP-XAI-0001,MODEL-C4,PERMUTATION_IMPORTANCE_MACRO_F1,8,65,S9:dR_norm,0.002286058128993651,0.00426287569852261,21,EXECUTED
EXP-XAI-0001,MODEL-C4,PERMUTATION_IMPORTANCE_MACRO_F1,8,66,S9:EMAi_0.001,-0.007813250161720253,0.006974191556243751,100,EXECUTED
EXP-XAI-0001,MODEL-C4,PERMUTATION_IMPORTANCE_MACRO_F1,8,67,S9:EMAi_0.01,0.00016869635283540686,0.0003373927056708137,35,EXECUTED
EXP-XAI-0001,MODEL-C4,PERMUTATION_IMPORTANCE_MACRO_F1,8,68,S9:EMAi_0.1,0.0003329839916535626,0.0006659679833071252,32,EXECUTED
EXP-XAI-0001,MODEL-C4,PERMUTATION_IMPORTANCE_MACRO_F1,8,69,S9:EMAd_0.001,-0.004670113156884504,0.005222717312467054,80,EXECUTED
EXP-XAI-0001,MODEL-C4,PERMUTATION_IMPORTANCE_MACRO_F1,8,70,S9:EMAd_0.01,0.00015975464969663066,0.0008239612672705948,37,EXECUTED
EXP-XAI-0001,MODEL-C4,PERMUTATION_IMPORTANCE_MACRO_F1,8,71,S9:EMAd_0.1,0.002288206875547316,0.0010467125074964966,20,EXECUTED
EXP-XAI-0001,MODEL-C4,PERMUTATION_IMPORTANCE_MACRO_F1,8,72,S10:dR,-4.532989121525111e-06,0.0005406604978021077,46,EXECUTED
EXP-XAI-0001,MODEL-C4,PERMUTATION_IMPORTANCE_MACRO_F1,8,73,S10:dR_norm,0.0008346643361425321,0.0007445878928957852,29,EXECUTED
EXP-XAI-0001,MODEL-C4,PERMUTATION_IMPORTANCE_MACRO_F1,8,74,S10:EMAi_0.001,-0.009176506662057427,0.007225386526627699,110,EXECUTED
EXP-XAI-0001,MODEL-C4,PERMUTATION_IMPORTANCE_MACRO_F1,8,75,S10:EMAi_0.01,-0.010424779254675831,0.007465335171869454,112,EXECUTED
EXP-XAI-0001,MODEL-C4,PERMUTATION_IMPORTANCE_MACRO_F1,8,76,S10:EMAi_0.1,-0.006098045752810577,0.0036454422117921832,88,EXECUTED
EXP-XAI-0001,MODEL-C4,PERMUTATION_IMPORTANCE_MACRO_F1,8,77,S10:EMAd_0.001,0.0024357890301937245,0.0013141568397320258,18,EXECUTED
EXP-XAI-0001,MODEL-C4,PERMUTATION_IMPORTANCE_MACRO_F1,8,78,S10:EMAd_0.01,-0.0012103798312830705,0.004107723190920209,53,EXECUTED
EXP-XAI-0001,MODEL-C4,PERMUTATION_IMPORTANCE_MACRO_F1,8,79,S10:EMAd_0.1,0.00016869635283540686,0.0003373927056708137,36,EXECUTED
EXP-XAI-0001,MODEL-C4,PERMUTATION_IMPORTANCE_MACRO_F1,8,80,S11:dR,-0.0063336739534000045,0.005181053856561948,89,EXECUTED
EXP-XAI-0001,MODEL-C4,PERMUTATION_IMPORTANCE_MACRO_F1,8,81,S11:dR_norm,-0.00792370283243175,0.007677236167842094,102,EXECUTED
EXP-XAI-0001,MODEL-C4,PERMUTATION_IMPORTANCE_MACRO_F1,8,82,S11:EMAi_0.001,-0.001716183037037755,0.00429245466291594,55,EXECUTED
EXP-XAI-0001,MODEL-C4,PERMUTATION_IMPORTANCE_MACRO_F1,8,83,S11:EMAi_0.01,-0.007919724971297787,0.0046802587460367875,101,EXECUTED
EXP-XAI-0001,MODEL-C4,PERMUTATION_IMPORTANCE_MACRO_F1,8,84,S11:EMAi_0.1,-0.008458651888394692,0.00495114770496267,108,EXECUTED
EXP-XAI-0001,MODEL-C4,PERMUTATION_IMPORTANCE_MACRO_F1,8,85,S11:EMAd_0.001,-0.004799503619879597,0.005180624678186609,81,EXECUTED
EXP-XAI-0001,MODEL-C4,PERMUTATION_IMPORTANCE_MACRO_F1,8,86,S11:EMAd_0.01,-0.006526864794631165,0.0060633999141276335,90,EXECUTED
EXP-XAI-0001,MODEL-C4,PERMUTATION_IMPORTANCE_MACRO_F1,8,87,S11:EMAd_0.1,-0.012748881519704042,0.007109722827029215,122,EXECUTED
EXP-XAI-0001,MODEL-C4,PERMUTATION_IMPORTANCE_MACRO_F1,8,88,S12:dR,-0.011599269234722414,0.005426061818988945,118,EXECUTED
EXP-XAI-0001,MODEL-C4,PERMUTATION_IMPORTANCE_MACRO_F1,8,89,S12:dR_norm,-0.003947114219037873,0.005554057903256373,72,EXECUTED
EXP-XAI-0001,MODEL-C4,PERMUTATION_IMPORTANCE_MACRO_F1,8,90,S12:EMAi_0.001,-4.316929866464703e-05,0.004324948023357905,47,EXECUTED
EXP-XAI-0001,MODEL-C4,PERMUTATION_IMPORTANCE_MACRO_F1,8,91,S12:EMAi_0.01,-0.00835201438718317,0.005410935876551241,106,EXECUTED
EXP-XAI-0001,MODEL-C4,PERMUTATION_IMPORTANCE_MACRO_F1,8,92,S12:EMAi_0.1,-0.00815373386482376,0.005174812385285942,104,EXECUTED
EXP-XAI-0001,MODEL-C4,PERMUTATION_IMPORTANCE_MACRO_F1,8,93,S12:EMAd_0.001,-0.003605756993679704,0.005138872912538705,69,EXECUTED
EXP-XAI-0001,MODEL-C4,PERMUTATION_IMPORTANCE_MACRO_F1,8,94,S12:EMAd_0.01,-0.006822756538598129,0.005283326921828008,93,EXECUTED
EXP-XAI-0001,MODEL-C4,PERMUTATION_IMPORTANCE_MACRO_F1,8,95,S12:EMAd_0.1,-0.002400034426622433,0.003952946427082045,57,EXECUTED
EXP-XAI-0001,MODEL-C4,PERMUTATION_IMPORTANCE_MACRO_F1,8,96,S13:dR,-0.0068258108416156815,0.0018009897646119508,94,EXECUTED
EXP-XAI-0001,MODEL-C4,PERMUTATION_IMPORTANCE_MACRO_F1,8,97,S13:dR_norm,-0.00018229532019998219,0.0008375434821878456,48,EXECUTED
EXP-XAI-0001,MODEL-C4,PERMUTATION_IMPORTANCE_MACRO_F1,8,98,S13:EMAi_0.001,-0.007357192772459336,0.004739411401359291,98,EXECUTED
EXP-XAI-0001,MODEL-C4,PERMUTATION_IMPORTANCE_MACRO_F1,8,99,S13:EMAi_0.01,0.018878784629124363,0.001958385913375973,2,EXECUTED
EXP-XAI-0001,MODEL-C4,PERMUTATION_IMPORTANCE_MACRO_F1,8,100,S13:EMAi_0.1,0.015195973269064689,0.0017017353995073846,3,EXECUTED
EXP-XAI-0001,MODEL-C4,PERMUTATION_IMPORTANCE_MACRO_F1,8,101,S13:EMAd_0.001,0.005597901771479346,0.0005305423928533938,13,EXECUTED
EXP-XAI-0001,MODEL-C4,PERMUTATION_IMPORTANCE_MACRO_F1,8,102,S13:EMAd_0.01,-0.004183737006957761,0.004023592258610368,76,EXECUTED
EXP-XAI-0001,MODEL-C4,PERMUTATION_IMPORTANCE_MACRO_F1,8,103,S13:EMAd_0.1,-0.0030741022991056244,0.0015084941808935293,65,EXECUTED
EXP-XAI-0001,MODEL-C4,PERMUTATION_IMPORTANCE_MACRO_F1,8,104,S14:dR,-0.0017749393745862985,0.0011518974580885554,56,EXECUTED
EXP-XAI-0001,MODEL-C4,PERMUTATION_IMPORTANCE_MACRO_F1,8,105,S14:dR_norm,-0.005992030875290299,0.005243611184335025,87,EXECUTED
EXP-XAI-0001,MODEL-C4,PERMUTATION_IMPORTANCE_MACRO_F1,8,106,S14:EMAi_0.001,-0.004914088217499374,0.004515840864423285,82,EXECUTED
EXP-XAI-0001,MODEL-C4,PERMUTATION_IMPORTANCE_MACRO_F1,8,107,S14:EMAi_0.01,-0.018898249788926142,0.01843487363663319,127,EXECUTED
EXP-XAI-0001,MODEL-C4,PERMUTATION_IMPORTANCE_MACRO_F1,8,108,S14:EMAi_0.1,0.013803335275819218,0.005282190132766053,5,EXECUTED
EXP-XAI-0001,MODEL-C4,PERMUTATION_IMPORTANCE_MACRO_F1,8,109,S14:EMAd_0.001,-0.003658106235451575,0.0019042478518730799,70,EXECUTED
EXP-XAI-0001,MODEL-C4,PERMUTATION_IMPORTANCE_MACRO_F1,8,110,S14:EMAd_0.01,-0.00439363098954676,0.0011267172136969286,79,EXECUTED
EXP-XAI-0001,MODEL-C4,PERMUTATION_IMPORTANCE_MACRO_F1,8,111,S14:EMAd_0.1,-0.01110383883407472,0.005171674031386039,115,EXECUTED
EXP-XAI-0001,MODEL-C4,PERMUTATION_IMPORTANCE_MACRO_F1,8,112,S15:dR,-0.0027462104938536626,0.004206597853293452,61,EXECUTED
EXP-XAI-0001,MODEL-C4,PERMUTATION_IMPORTANCE_MACRO_F1,8,113,S15:dR_norm,-0.004299674711167966,0.007328465895579686,77,EXECUTED
EXP-XAI-0001,MODEL-C4,PERMUTATION_IMPORTANCE_MACRO_F1,8,114,S15:EMAi_0.001,-0.008341988686542018,0.005355176294873344,105,EXECUTED
EXP-XAI-0001,MODEL-C4,PERMUTATION_IMPORTANCE_MACRO_F1,8,115,S15:EMAi_0.01,-0.0010456258457233858,0.006821241720696569,52,EXECUTED
EXP-XAI-0001,MODEL-C4,PERMUTATION_IMPORTANCE_MACRO_F1,8,116,S15:EMAi_0.1,-0.013370393613796373,0.013757152875734424,123,EXECUTED
EXP-XAI-0001,MODEL-C4,PERMUTATION_IMPORTANCE_MACRO_F1,8,117,S15:EMAd_0.001,-0.0025729811518967307,0.004297308872223996,59,EXECUTED
EXP-XAI-0001,MODEL-C4,PERMUTATION_IMPORTANCE_MACRO_F1,8,118,S15:EMAd_0.01,-0.004005568749525118,0.004574437831629238,73,EXECUTED
EXP-XAI-0001,MODEL-C4,PERMUTATION_IMPORTANCE_MACRO_F1,8,119,S15:EMAd_0.1,-0.003938455132581731,0.005177122441699729,71,EXECUTED
EXP-XAI-0001,MODEL-C4,PERMUTATION_IMPORTANCE_MACRO_F1,8,120,S16:dR,-0.01122835412435405,0.005966283015853335,116,EXECUTED
EXP-XAI-0001,MODEL-C4,PERMUTATION_IMPORTANCE_MACRO_F1,8,121,S16:dR_norm,-0.0035575444470190287,0.006238188473168006,68,EXECUTED
EXP-XAI-0001,MODEL-C4,PERMUTATION_IMPORTANCE_MACRO_F1,8,122,S16:EMAi_0.001,0.0068651677343257115,0.005048734173166634,10,EXECUTED
EXP-XAI-0001,MODEL-C4,PERMUTATION_IMPORTANCE_MACRO_F1,8,123,S16:EMAi_0.01,-0.007763062082405803,0.005423591143689648,99,EXECUTED
EXP-XAI-0001,MODEL-C4,PERMUTATION_IMPORTANCE_MACRO_F1,8,124,S16:EMAi_0.1,0.00885636723414232,0.004665710952443344,7,EXECUTED
EXP-XAI-0001,MODEL-C4,PERMUTATION_IMPORTANCE_MACRO_F1,8,125,S16:EMAd_0.001,0.0023563498743833845,0.004762421898242965,19,EXECUTED
EXP-XAI-0001,MODEL-C4,PERMUTATION_IMPORTANCE_MACRO_F1,8,126,S16:EMAd_0.01,0.002720518612046102,0.004757178633747319,17,EXECUTED
EXP-XAI-0001,MODEL-C4,PERMUTATION_IMPORTANCE_MACRO_F1,8,127,S16:EMAd_0.1,0.0008951901856742329,0.0045005281259133485,28,EXECUTED
EXP-XAI-0001,MODEL-C4,PERMUTATION_IMPORTANCE_MACRO_F1,9,0,S1:dR,0.00014429697448242184,0.0002488796478199978,41,EXECUTED
EXP-XAI-0001,MODEL-C4,PERMUTATION_IMPORTANCE_MACRO_F1,9,1,S1:dR_norm,-0.00010054610533123398,0.00019732606591322814,71,EXECUTED
EXP-XAI-0001,MODEL-C4,PERMUTATION_IMPORTANCE_MACRO_F1,9,2,S1:EMAi_0.001,0.0002915988249087287,9.554129846361947e-05,17,EXECUTED
EXP-XAI-0001,MODEL-C4,PERMUTATION_IMPORTANCE_MACRO_F1,9,3,S1:EMAi_0.01,-1.0049450201554678e-06,0.00015580429769870965,62,EXECUTED
EXP-XAI-0001,MODEL-C4,PERMUTATION_IMPORTANCE_MACRO_F1,9,4,S1:EMAi_0.1,-0.0004550619584917814,0.0002966828098684009,93,EXECUTED
EXP-XAI-0001,MODEL-C4,PERMUTATION_IMPORTANCE_MACRO_F1,9,5,S1:EMAd_0.001,0.00024083325884961538,0.00026712975942934413,27,EXECUTED
EXP-XAI-0001,MODEL-C4,PERMUTATION_IMPORTANCE_MACRO_F1,9,6,S1:EMAd_0.01,0.00019306260961780565,0.00023954114586462283,35,EXECUTED
EXP-XAI-0001,MODEL-C4,PERMUTATION_IMPORTANCE_MACRO_F1,9,7,S1:EMAd_0.1,-0.000769059609494116,0.000432389531146624,105,EXECUTED
EXP-XAI-0001,MODEL-C4,PERMUTATION_IMPORTANCE_MACRO_F1,9,8,S2:dR,-0.0006582152124641916,0.00012691113594074532,100,EXECUTED
EXP-XAI-0001,MODEL-C4,PERMUTATION_IMPORTANCE_MACRO_F1,9,9,S2:dR_norm,-0.0011272854783356766,0.0017311023557162492,110,EXECUTED
EXP-XAI-0001,MODEL-C4,PERMUTATION_IMPORTANCE_MACRO_F1,9,10,S2:EMAi_0.001,4.776069011522832e-05,0.00018407971486936224,58,EXECUTED
EXP-XAI-0001,MODEL-C4,PERMUTATION_IMPORTANCE_MACRO_F1,9,11,S2:EMAi_0.01,-0.00020513258539177625,0.000395209318012233,81,EXECUTED
EXP-XAI-0001,MODEL-C4,PERMUTATION_IMPORTANCE_MACRO_F1,9,12,S2:EMAi_0.1,9.753127027076758e-05,0.00011945092306442956,43,EXECUTED
EXP-XAI-0001,MODEL-C4,PERMUTATION_IMPORTANCE_MACRO_F1,9,13,S2:EMAd_0.001,0.0002915988249087287,9.554129846361947e-05,18,EXECUTED
EXP-XAI-0001,MODEL-C4,PERMUTATION_IMPORTANCE_MACRO_F1,9,14,S2:EMAd_0.01,-1.0049450201554678e-06,0.00015580429769870965,63,EXECUTED
EXP-XAI-0001,MODEL-C4,PERMUTATION_IMPORTANCE_MACRO_F1,9,15,S2:EMAd_0.1,-0.0018676322328000428,0.0007054769141770137,115,EXECUTED
EXP-XAI-0001,MODEL-C4,PERMUTATION_IMPORTANCE_MACRO_F1,9,16,S3:dR,-0.00260930306223644,0.00040688437224240545,117,EXECUTED
EXP-XAI-0001,MODEL-C4,PERMUTATION_IMPORTANCE_MACRO_F1,9,17,S3:dR_norm,0.0007614423812474736,0.00017297268671596098,3,EXECUTED
EXP-XAI-0001,MODEL-C4,PERMUTATION_IMPORTANCE_MACRO_F1,9,18,S3:EMAi_0.001,-0.00025801059306971295,0.0004803340122527946,87,EXECUTED
EXP-XAI-0001,MODEL-C4,PERMUTATION_IMPORTANCE_MACRO_F1,9,19,S3:EMAi_0.01,-0.0028487471185769052,0.0004052363740548247,118,EXECUTED
EXP-XAI-0001,MODEL-C4,PERMUTATION_IMPORTANCE_MACRO_F1,9,20,S3:EMAi_0.1,0.0002428331897733449,0.00015264213210638012,24,EXECUTED
EXP-XAI-0001,MODEL-C4,PERMUTATION_IMPORTANCE_MACRO_F1,9,21,S3:EMAd_0.001,9.753127027076758e-05,0.00011945092306442954,44,EXECUTED
EXP-XAI-0001,MODEL-C4,PERMUTATION_IMPORTANCE_MACRO_F1,9,22,S3:EMAd_0.01,0.00029060383900515464,0.00018034085075566345,20,EXECUTED
EXP-XAI-0001,MODEL-C4,PERMUTATION_IMPORTANCE_MACRO_F1,9,23,S3:EMAd_0.1,-0.00010356116586354158,0.000333467089267175,75,EXECUTED
EXP-XAI-0001,MODEL-C4,PERMUTATION_IMPORTANCE_MACRO_F1,9,24,S4:dR,-0.006907206120345855,0.0009484334719623946,125,EXECUTED
EXP-XAI-0001,MODEL-C4,PERMUTATION_IMPORTANCE_MACRO_F1,9,25,S4:dR_norm,0.0010763571455520093,0.0003002420837253279,1,EXECUTED
EXP-XAI-0001,MODEL-C4,PERMUTATION_IMPORTANCE_MACRO_F1,9,26,S4:EMAi_0.001,-0.00020211752485946866,0.00029075792278908597,79,EXECUTED
EXP-XAI-0001,MODEL-C4,PERMUTATION_IMPORTANCE_MACRO_F1,9,27,S4:EMAi_0.01,4.2775580724452314e-05,0.00038719875225648736,61,EXECUTED
EXP-XAI-0001,MODEL-C4,PERMUTATION_IMPORTANCE_MACRO_F1,9,28,S4:EMAi_0.1,0.0004349107726041579,9.554129846361947e-05,10,EXECUTED
EXP-XAI-0001,MODEL-C4,PERMUTATION_IMPORTANCE_MACRO_F1,9,29,S4:EMAd_0.001,0.00029060383900515464,0.00018034085075566345,21,EXECUTED
EXP-XAI-0001,MODEL-C4,PERMUTATION_IMPORTANCE_MACRO_F1,9,30,S4:EMAd_0.01,0.00024083325884961538,0.00026712975942934413,28,EXECUTED
EXP-XAI-0001,MODEL-C4,PERMUTATION_IMPORTANCE_MACRO_F1,9,31,S4:EMAd_0.1,-2.0098900403109355e-06,0.00022033596740838574,67,EXECUTED
EXP-XAI-0001,MODEL-C4,PERMUTATION_IMPORTANCE_MACRO_F1,9,32,S5:dR,-0.0008239903388094327,0.0005035287480332676,107,EXECUTED
EXP-XAI-0001,MODEL-C4,PERMUTATION_IMPORTANCE_MACRO_F1,9,33,S5:dR_norm,0.0004329305391572669,0.0002346603710164469,11,EXECUTED
EXP-XAI-0001,MODEL-C4,PERMUTATION_IMPORTANCE_MACRO_F1,9,34,S5:EMAi_0.001,-0.00029963861054181363,0.00010157141952823467,88,EXECUTED
EXP-XAI-0001,MODEL-C4,PERMUTATION_IMPORTANCE_MACRO_F1,9,35,S5:EMAi_0.01,-0.020786895332101263,0.0024039086765826794,128,EXECUTED
EXP-XAI-0001,MODEL-C4,PERMUTATION_IMPORTANCE_MACRO_F1,9,36,S5:EMAi_0.1,-0.0006644219713082655,0.00042441382171748014,101,EXECUTED
EXP-XAI-0001,MODEL-C4,PERMUTATION_IMPORTANCE_MACRO_F1,9,37,S5:EMAd_0.001,0.00018093014420348942,0.0006035025552649564,37,EXECUTED
EXP-XAI-0001,MODEL-C4,PERMUTATION_IMPORTANCE_MACRO_F1,9,38,S5:EMAd_0.01,-0.0002082198692091697,0.000488444296576568,82,EXECUTED
EXP-XAI-0001,MODEL-C4,PERMUTATION_IMPORTANCE_MACRO_F1,9,39,S5:EMAd_0.1,-3.004875943884988e-06,0.00026712983399064527,68,EXECUTED
EXP-XAI-0001,MODEL-C4,PERMUTATION_IMPORTANCE_MACRO_F1,9,40,S6:dR,-0.001302989864382209,0.00046118249414567645,111,EXECUTED
EXP-XAI-0001,MODEL-C4,PERMUTATION_IMPORTANCE_MACRO_F1,9,41,S6:dR_norm,0.0003383744882369644,0.00019282622890186426,15,EXECUTED
EXP-XAI-0001,MODEL-C4,PERMUTATION_IMPORTANCE_MACRO_F1,9,42,S6:EMAi_0.001,0.00019506254054153517,9.753127027076758e-05,29,EXECUTED
EXP-XAI-0001,MODEL-C4,PERMUTATION_IMPORTANCE_MACRO_F1,9,43,S6:EMAi_0.01,-0.00010054610533123398,0.00019732606591322814,72,EXECUTED
EXP-XAI-0001,MODEL-C4,PERMUTATION_IMPORTANCE_MACRO_F1,9,44,S6:EMAi_0.1,-0.0015153586652230267,0.00010990551308089903,112,EXECUTED
EXP-XAI-0001,MODEL-C4,PERMUTATION_IMPORTANCE_MACRO_F1,9,45,S6:EMAd_0.001,0.00047673076237871314,0.0003739334029632744,9,EXECUTED
EXP-XAI-0001,MODEL-C4,PERMUTATION_IMPORTANCE_MACRO_F1,9,46,S6:EMAd_0.01,0.000188067315638607,0.0004199770914200528,36,EXECUTED
EXP-XAI-0001,MODEL-C4,PERMUTATION_IMPORTANCE_MACRO_F1,9,47,S6:EMAd_0.1,-0.0004134564034399046,0.0005699473994468585,92,EXECUTED
EXP-XAI-0001,MODEL-C4,PERMUTATION_IMPORTANCE_MACRO_F1,9,48,S7:dR,0.0003383744882369644,0.00019282622890186426,16,EXECUTED
EXP-XAI-0001,MODEL-C4,PERMUTATION_IMPORTANCE_MACRO_F1,9,49,S7:dR_norm,9.65263252506121e-05,0.00019682359952777134,51,EXECUTED
EXP-XAI-0001,MODEL-C4,PERMUTATION_IMPORTANCE_MACRO_F1,9,50,S7:EMAi_0.001,-0.00040325070420314525,0.0002587845433350934,90,EXECUTED
EXP-XAI-0001,MODEL-C4,PERMUTATION_IMPORTANCE_MACRO_F1,9,51,S7:EMAi_0.01,-0.014169893748990508,0.0037928739869470206,127,EXECUTED
EXP-XAI-0001,MODEL-C4,PERMUTATION_IMPORTANCE_MACRO_F1,9,52,S7:EMAi_0.1,-0.003343606927889292,0.0005931286771963219,121,EXECUTED
EXP-XAI-0001,MODEL-C4,PERMUTATION_IMPORTANCE_MACRO_F1,9,53,S7:EMAd_0.001,-0.0005566544431797937,0.0002544815574334086,97,EXECUTED
EXP-XAI-0001,MODEL-C4,PERMUTATION_IMPORTANCE_MACRO_F1,9,54,S7:EMAd_0.01,0.00038714012337234815,0.00011701371529941105,12,EXECUTED
EXP-XAI-0001,MODEL-C4,PERMUTATION_IMPORTANCE_MACRO_F1,9,55,S7:EMAd_0.1,0.0003861451374687741,0.00019307256873438706,13,EXECUTED
EXP-XAI-0001,MODEL-C4,PERMUTATION_IMPORTANCE_MACRO_F1,9,56,S8:dR,0.00019506254054153517,9.75312702707676e-05,30,EXECUTED
EXP-XAI-0001,MODEL-C4,PERMUTATION_IMPORTANCE_MACRO_F1,9,57,S8:dR_norm,-0.0015207069708096266,0.00040823533538959176,113,EXECUTED
EXP-XAI-0001,MODEL-C4,PERMUTATION_IMPORTANCE_MACRO_F1,9,58,S8:EMAi_0.001,9.753127027076758e-05,0.00011945092306442956,45,EXECUTED
EXP-XAI-0001,MODEL-C4,PERMUTATION_IMPORTANCE_MACRO_F1,9,59,S8:EMAi_0.01,-0.003218126662826054,0.0005332713265171255,120,EXECUTED
EXP-XAI-0001,MODEL-C4,PERMUTATION_IMPORTANCE_MACRO_F1,9,60,S8:EMAi_0.1,-0.0005576799877043126,0.0003016078330564742,98,EXECUTED
EXP-XAI-0001,MODEL-C4,PERMUTATION_IMPORTANCE_MACRO_F1,9,61,S8:EMAd_0.001,9.753127027076758e-05,0.00011945092306442954,46,EXECUTED
EXP-XAI-0001,MODEL-C4,PERMUTATION_IMPORTANCE_MACRO_F1,9,62,S8:EMAd_0.01,0.00014629690540615136,0.00011945092306442956,38,EXECUTED
EXP-XAI-0001,MODEL-C4,PERMUTATION_IMPORTANCE_MACRO_F1,9,63,S8:EMAd_0.1,-0.003035711817285325,0.0005788531880167495,119,EXECUTED
EXP-XAI-0001,MODEL-C4,PERMUTATION_IMPORTANCE_MACRO_F1,9,64,S9:dR,0.00014530191950257732,0.00019332371566047375,39,EXECUTED
EXP-XAI-0001,MODEL-C4,PERMUTATION_IMPORTANCE_MACRO_F1,9,65,S9:dR_norm,9.254616087999157e-05,0.0003616659769961431,55,EXECUTED
EXP-XAI-0001,MODEL-C4,PERMUTATION_IMPORTANCE_MACRO_F1,9,66,S9:EMAi_0.001,9.353140842330854e-05,0.00033047772106872554,54,EXECUTED
EXP-XAI-0001,MODEL-C4,PERMUTATION_IMPORTANCE_MACRO_F1,9,67,S9:EMAi_0.01,4.776069011522832e-05,0.00018407971486936224,59,EXECUTED
EXP-XAI-0001,MODEL-C4,PERMUTATION_IMPORTANCE_MACRO_F1,9,68,S9:EMAi_0.1,9.753127027076758e-05,0.00011945092306442954,47,EXECUTED
EXP-XAI-0001,MODEL-C4,PERMUTATION_IMPORTANCE_MACRO_F1,9,69,S9:EMAd_0.001,0.00019307256873438706,0.0002364646383638406,32,EXECUTED
EXP-XAI-0001,MODEL-C4,PERMUTATION_IMPORTANCE_MACRO_F1,9,70,S9:EMAd_0.01,-1.0049450201554678e-06,0.00015580429769870965,64,EXECUTED
EXP-XAI-0001,MODEL-C4,PERMUTATION_IMPORTANCE_MACRO_F1,9,71,S9:EMAd_0.1,-0.0007162332255969018,0.00041727103901583736,102,EXECUTED
EXP-XAI-0001,MODEL-C4,PERMUTATION_IMPORTANCE_MACRO_F1,9,72,S10:dR,-0.0008188301896496552,0.0003468660596885257,106,EXECUTED
EXP-XAI-0001,MODEL-C4,PERMUTATION_IMPORTANCE_MACRO_F1,9,73,S10:dR_norm,0.0002428331897733449,0.00015264213210638012,25,EXECUTED
EXP-XAI-0001,MODEL-C4,PERMUTATION_IMPORTANCE_MACRO_F1,9,74,S10:EMAi_0.001,0.00019307256873438706,0.0002364646383638406,33,EXECUTED
EXP-XAI-0001,MODEL-C4,PERMUTATION_IMPORTANCE_MACRO_F1,9,75,S10:EMAi_0.01,0.00014429697448242184,0.0002488796478199978,42,EXECUTED
EXP-XAI-0001,MODEL-C4,PERMUTATION_IMPORTANCE_MACRO_F1,9,76,S10:EMAi_0.1,9.753127027076758e-05,0.00011945092306442956,48,EXECUTED
EXP-XAI-0001,MODEL-C4,PERMUTATION_IMPORTANCE_MACRO_F1,9,77,S10:EMAd_0.001,0.00019307256873438706,0.0002364646383638406,34,EXECUTED
EXP-XAI-0001,MODEL-C4,PERMUTATION_IMPORTANCE_MACRO_F1,9,78,S10:EMAd_0.01,9.553133934703806e-05,0.0002484874711037983,52,EXECUTED
EXP-XAI-0001,MODEL-C4,PERMUTATION_IMPORTANCE_MACRO_F1,9,79,S10:EMAd_0.1,4.876563513538379e-05,9.75312702707676e-05,56,EXECUTED
EXP-XAI-0001,MODEL-C4,PERMUTATION_IMPORTANCE_MACRO_F1,9,80,S11:dR,-0.0002498680303862744,0.0001589983155200029,84,EXECUTED
EXP-XAI-0001,MODEL-C4,PERMUTATION_IMPORTANCE_MACRO_F1,9,81,S11:dR_norm,-0.0006064039581755553,0.00012691113594074532,99,EXECUTED
EXP-XAI-0001,MODEL-C4,PERMUTATION_IMPORTANCE_MACRO_F1,9,82,S11:EMAi_0.001,-0.00025088315999485247,0.00022485299130799296,85,EXECUTED
EXP-XAI-0001,MODEL-C4,PERMUTATION_IMPORTANCE_MACRO_F1,9,83,S11:EMAi_0.01,0.0004807109267493337,0.00021143605307736855,8,EXECUTED
EXP-XAI-0001,MODEL-C4,PERMUTATION_IMPORTANCE_MACRO_F1,9,84,S11:EMAi_0.1,0.0001940675546379611,0.00018087268156229128,31,EXECUTED
EXP-XAI-0001,MODEL-C4,PERMUTATION_IMPORTANCE_MACRO_F1,9,85,S11:EMAd_0.001,-0.0004042973138874417,0.0003108888262194909,91,EXECUTED
EXP-XAI-0001,MODEL-C4,PERMUTATION_IMPORTANCE_MACRO_F1,9,86,S11:EMAd_0.01,-0.0004581388273932341,0.00040903784909402595,94,EXECUTED
EXP-XAI-0001,MODEL-C4,PERMUTATION_IMPORTANCE_MACRO_F1,9,87,S11:EMAd_0.1,-0.00020211752485946866,0.00029075792278908597,80,EXECUTED
EXP-XAI-0001,MODEL-C4,PERMUTATION_IMPORTANCE_MACRO_F1,9,88,S12:dR,-0.0009878448665712803,0.0006364937888861031,109,EXECUTED
EXP-XAI-0001,MODEL-C4,PERMUTATION_IMPORTANCE_MACRO_F1,9,89,S12:dR_norm,-0.0005038069941228019,0.00016222490620882685,96,EXECUTED
EXP-XAI-0001,MODEL-C4,PERMUTATION_IMPORTANCE_MACRO_F1,9,90,S12:EMAi_0.001,9.753127027076758e-05,0.00011945092306442954,49,EXECUTED
EXP-XAI-0001,MODEL-C4,PERMUTATION_IMPORTANCE_MACRO_F1,9,91,S12:EMAi_0.01,0.00014530191950257732,0.00019332371566047375,40,EXECUTED
EXP-XAI-0001,MODEL-C4,PERMUTATION_IMPORTANCE_MACRO_F1,9,92,S12:EMAi_0.1,0.0005275058506214181,0.00022862674294428812,5,EXECUTED
EXP-XAI-0001,MODEL-C4,PERMUTATION_IMPORTANCE_MACRO_F1,9,93,S12:EMAd_0.001,-1.0049450201554678e-06,0.00015580429769870965,65,EXECUTED
EXP-XAI-0001,MODEL-C4,PERMUTATION_IMPORTANCE_MACRO_F1,9,94,S12:EMAd_0.01,9.355110590014704e-05,0.00032609702896404586,53,EXECUTED
EXP-XAI-0001,MODEL-C4,PERMUTATION_IMPORTANCE_MACRO_F1,9,95,S12:EMAd_0.1,-0.0003524649944390279,0.00025918471026981137,89,EXECUTED
EXP-XAI-0001,MODEL-C4,PERMUTATION_IMPORTANCE_MACRO_F1,9,96,S13:dR,-0.0007234986822401368,0.0006069245229297471,104,EXECUTED
EXP-XAI-0001,MODEL-C4,PERMUTATION_IMPORTANCE_MACRO_F1,9,97,S13:dR_norm,-0.00015032687007519586,0.0002008612023027845,77,EXECUTED
EXP-XAI-0001,MODEL-C4,PERMUTATION_IMPORTANCE_MACRO_F1,9,98,S13:EMAi_0.001,0.0005255256171745271,0.00031396537602702346,6,EXECUTED
EXP-XAI-0001,MODEL-C4,PERMUTATION_IMPORTANCE_MACRO_F1,9,99,S13:EMAi_0.01,-0.008248921703790735,0.001589363221036462,126,EXECUTED
EXP-XAI-0001,MODEL-C4,PERMUTATION_IMPORTANCE_MACRO_F1,9,100,S13:EMAi_0.1,-0.004047326481532077,0.0007621542767721404,122,EXECUTED
EXP-XAI-0001,MODEL-C4,PERMUTATION_IMPORTANCE_MACRO_F1,9,101,S13:EMAd_0.001,-0.00010156123493981206,0.0002540061846991371,74,EXECUTED
EXP-XAI-0001,MODEL-C4,PERMUTATION_IMPORTANCE_MACRO_F1,9,102,S13:EMAd_0.01,-0.00011481255332982388,0.0006366078153440295,76,EXECUTED
EXP-XAI-0001,MODEL-C4,PERMUTATION_IMPORTANCE_MACRO_F1,9,103,S13:EMAd_0.1,0.0002915988249087287,9.554129846361947e-05,19,EXECUTED
EXP-XAI-0001,MODEL-C4,PERMUTATION_IMPORTANCE_MACRO_F1,9,104,S14:dR,9.753127027076758e-05,0.00011945092306442956,50,EXECUTED
EXP-XAI-0001,MODEL-C4,PERMUTATION_IMPORTANCE_MACRO_F1,9,105,S14:dR_norm,0.00029060383900515464,0.00018034085075566345,22,EXECUTED
EXP-XAI-0001,MODEL-C4,PERMUTATION_IMPORTANCE_MACRO_F1,9,106,S14:EMAi_0.001,-9.954116031107851e-05,0.0001219125255833614,70,EXECUTED
EXP-XAI-0001,MODEL-C4,PERMUTATION_IMPORTANCE_MACRO_F1,9,107,S14:EMAi_0.01,-0.0017405293847205018,0.0002854774460080525,114,EXECUTED
EXP-XAI-0001,MODEL-C4,PERMUTATION_IMPORTANCE_MACRO_F1,9,108,S14:EMAi_0.1,-0.006164231040129387,0.0007384460593890068,124,EXECUTED
EXP-XAI-0001,MODEL-C4,PERMUTATION_IMPORTANCE_MACRO_F1,9,109,S14:EMAd_0.001,0.0003811989860986853,0.0003885990546494552,14,EXECUTED
EXP-XAI-0001,MODEL-C4,PERMUTATION_IMPORTANCE_MACRO_F1,9,110,S14:EMAd_0.01,-3.004875943884988e-06,0.00026712983399064527,69,EXECUTED
EXP-XAI-0001,MODEL-C4,PERMUTATION_IMPORTANCE_MACRO_F1,9,111,S14:EMAd_0.1,-0.0002091433083833416,0.000500372752425873,83,EXECUTED
EXP-XAI-0001,MODEL-C4,PERMUTATION_IMPORTANCE_MACRO_F1,9,112,S15:dR,0.0002428331897733449,0.00015264213210638012,26,EXECUTED
EXP-XAI-0001,MODEL-C4,PERMUTATION_IMPORTANCE_MACRO_F1,9,113,S15:dR_norm,0.00048169617429265067,0.0001495111132430948,7,EXECUTED
EXP-XAI-0001,MODEL-C4,PERMUTATION_IMPORTANCE_MACRO_F1,9,114,S15:EMAi_0.001,0.0005284815759811434,0.0001766387800907756,4,EXECUTED
EXP-XAI-0001,MODEL-C4,PERMUTATION_IMPORTANCE_MACRO_F1,9,115,S15:EMAi_0.01,-0.0019140265699869874,0.00045405546396959465,116,EXECUTED
EXP-XAI-0001,MODEL-C4,PERMUTATION_IMPORTANCE_MACRO_F1,9,116,S15:EMAi_0.1,-0.00010054610533123398,0.00019732606591322814,73,EXECUTED
EXP-XAI-0001,MODEL-C4,PERMUTATION_IMPORTANCE_MACRO_F1,9,117,S15:EMAd_0.001,-0.0002519087045193713,0.0002781949922588326,86,EXECUTED
EXP-XAI-0001,MODEL-C4,PERMUTATION_IMPORTANCE_MACRO_F1,9,118,S15:EMAd_0.01,-0.0007203571799883235,0.0005300263230779625,103,EXECUTED
EXP-XAI-0001,MODEL-C4,PERMUTATION_IMPORTANCE_MACRO_F1,9,119,S15:EMAd_0.1,4.776069011522832e-05,0.00018407971486936224,60,EXECUTED
EXP-XAI-0001,MODEL-C4,PERMUTATION_IMPORTANCE_MACRO_F1,9,120,S16:dR,-0.0009338958518903317,0.0006126283758256288,108,EXECUTED
EXP-XAI-0001,MODEL-C4,PERMUTATION_IMPORTANCE_MACRO_F1,9,121,S16:dR_norm,0.0008530617339050084,0.00018519015603452035,2,EXECUTED
EXP-XAI-0001,MODEL-C4,PERMUTATION_IMPORTANCE_MACRO_F1,9,122,S16:EMAi_0.001,0.00028761866053810816,0.0003205366289884432,23,EXECUTED
EXP-XAI-0001,MODEL-C4,PERMUTATION_IMPORTANCE_MACRO_F1,9,123,S16:EMAi_0.01,-1.0049450201554678e-06,0.00015580429769870968,66,EXECUTED
EXP-XAI-0001,MODEL-C4,PERMUTATION_IMPORTANCE_MACRO_F1,9,124,S16:EMAi_0.1,-0.0061031538591242995,0.0009938045656820666,123,EXECUTED
EXP-XAI-0001,MODEL-C4,PERMUTATION_IMPORTANCE_MACRO_F1,9,125,S16:EMAd_0.001,-0.00015333174601908083,0.00033286655525476406,78,EXECUTED
EXP-XAI-0001,MODEL-C4,PERMUTATION_IMPORTANCE_MACRO_F1,9,126,S16:EMAd_0.01,-0.00045920697804298084,0.0004473775050606342,95,EXECUTED
EXP-XAI-0001,MODEL-C4,PERMUTATION_IMPORTANCE_MACRO_F1,9,127,S16:EMAd_0.1,4.876563513538379e-05,9.753127027076758e-05,57,EXECUTED
EXP-XAI-0001,MODEL-C4,PERMUTATION_IMPORTANCE_MACRO_F1,10,0,S1:dR,0.005610578797462606,0.0014164717549186728,53,EXECUTED
EXP-XAI-0001,MODEL-C4,PERMUTATION_IMPORTANCE_MACRO_F1,10,1,S1:dR_norm,0.009403705979555843,0.002149143430959335,30,EXECUTED
EXP-XAI-0001,MODEL-C4,PERMUTATION_IMPORTANCE_MACRO_F1,10,2,S1:EMAi_0.001,0.006670725285103518,0.001890081943730895,43,EXECUTED
EXP-XAI-0001,MODEL-C4,PERMUTATION_IMPORTANCE_MACRO_F1,10,3,S1:EMAi_0.01,0.007331255469888253,0.0012201111462670459,39,EXECUTED
EXP-XAI-0001,MODEL-C4,PERMUTATION_IMPORTANCE_MACRO_F1,10,4,S1:EMAi_0.1,0.0025490774208696944,0.0012238903755582538,74,EXECUTED
EXP-XAI-0001,MODEL-C4,PERMUTATION_IMPORTANCE_MACRO_F1,10,5,S1:EMAd_0.001,0.01319053122240348,0.0012168699653554427,15,EXECUTED
EXP-XAI-0001,MODEL-C4,PERMUTATION_IMPORTANCE_MACRO_F1,10,6,S1:EMAd_0.01,0.009171506787295291,0.002031716821824688,31,EXECUTED
EXP-XAI-0001,MODEL-C4,PERMUTATION_IMPORTANCE_MACRO_F1,10,7,S1:EMAd_0.1,0.014266955122764168,0.0020126103775392223,11,EXECUTED
EXP-XAI-0001,MODEL-C4,PERMUTATION_IMPORTANCE_MACRO_F1,10,8,S2:dR,0.0031283861650588827,0.0022668992169159598,68,EXECUTED
EXP-XAI-0001,MODEL-C4,PERMUTATION_IMPORTANCE_MACRO_F1,10,9,S2:dR_norm,-0.00020163730262370282,0.002711646026706367,88,EXECUTED
EXP-XAI-0001,MODEL-C4,PERMUTATION_IMPORTANCE_MACRO_F1,10,10,S2:EMAi_0.001,0.005764633120876217,0.000877043756705024,49,EXECUTED
EXP-XAI-0001,MODEL-C4,PERMUTATION_IMPORTANCE_MACRO_F1,10,11,S2:EMAi_0.01,0.006025062269162762,0.0007691660384095457,46,EXECUTED
EXP-XAI-0001,MODEL-C4,PERMUTATION_IMPORTANCE_MACRO_F1,10,12,S2:EMAi_0.1,-0.0026387993550215706,0.0013507690827710588,104,EXECUTED
EXP-XAI-0001,MODEL-C4,PERMUTATION_IMPORTANCE_MACRO_F1,10,13,S2:EMAd_0.001,0.01366737672141185,0.0010160093685742263,13,EXECUTED
EXP-XAI-0001,MODEL-C4,PERMUTATION_IMPORTANCE_MACRO_F1,10,14,S2:EMAd_0.01,0.0033006308887803203,0.0017612525603313684,65,EXECUTED
EXP-XAI-0001,MODEL-C4,PERMUTATION_IMPORTANCE_MACRO_F1,10,15,S2:EMAd_0.1,0.016498704668778195,0.002647524416882948,6,EXECUTED
EXP-XAI-0001,MODEL-C4,PERMUTATION_IMPORTANCE_MACRO_F1,10,16,S3:dR,0.004363564380203055,0.004122978531136321,59,EXECUTED
EXP-XAI-0001,MODEL-C4,PERMUTATION_IMPORTANCE_MACRO_F1,10,17,S3:dR_norm,-0.004302105128001499,0.0020475023440031824,110,EXECUTED
EXP-XAI-0001,MODEL-C4,PERMUTATION_IMPORTANCE_MACRO_F1,10,18,S3:EMAi_0.001,0.000514837167539417,0.0016633091877959795,82,EXECUTED
EXP-XAI-0001,MODEL-C4,PERMUTATION_IMPORTANCE_MACRO_F1,10,19,S3:EMAi_0.01,-0.005361013161203021,0.0024432686661947332,116,EXECUTED
EXP-XAI-0001,MODEL-C4,PERMUTATION_IMPORTANCE_MACRO_F1,10,20,S3:EMAi_0.1,0.005660374425438997,0.0020436644817114586,51,EXECUTED
EXP-XAI-0001,MODEL-C4,PERMUTATION_IMPORTANCE_MACRO_F1,10,21,S3:EMAd_0.001,-0.0073499982886403355,0.0016993753310976184,122,EXECUTED
EXP-XAI-0001,MODEL-C4,PERMUTATION_IMPORTANCE_MACRO_F1,10,22,S3:EMAd_0.01,-0.003268646115886997,0.003527333689221979,105,EXECUTED
EXP-XAI-0001,MODEL-C4,PERMUTATION_IMPORTANCE_MACRO_F1,10,23,S3:EMAd_0.1,-0.013312599280432168,0.002992084171234197,127,EXECUTED
EXP-XAI-0001,MODEL-C4,PERMUTATION_IMPORTANCE_MACRO_F1,10,24,S4:dR,0.01580970878242819,0.0028015444195178684,7,EXECUTED
EXP-XAI-0001,MODEL-C4,PERMUTATION_IMPORTANCE_MACRO_F1,10,25,S4:dR_norm,0.0007141432064752817,0.002935888485881639,81,EXECUTED
EXP-XAI-0001,MODEL-C4,PERMUTATION_IMPORTANCE_MACRO_F1,10,26,S4:EMAi_0.001,0.013079710444973214,0.002372696884102638,16,EXECUTED
EXP-XAI-0001,MODEL-C4,PERMUTATION_IMPORTANCE_MACRO_F1,10,27,S4:EMAi_0.01,0.011934258896286654,0.002322804925844502,18,EXECUTED
EXP-XAI-0001,MODEL-C4,PERMUTATION_IMPORTANCE_MACRO_F1,10,28,S4:EMAi_0.1,-0.0037773687306231762,0.0027609227732203413,107,EXECUTED
EXP-XAI-0001,MODEL-C4,PERMUTATION_IMPORTANCE_MACRO_F1,10,29,S4:EMAd_0.001,0.004753138516574917,0.001858609631493728,57,EXECUTED
EXP-XAI-0001,MODEL-C4,PERMUTATION_IMPORTANCE_MACRO_F1,10,30,S4:EMAd_0.01,-0.005670331818460694,0.0010832678900855144,119,EXECUTED
EXP-XAI-0001,MODEL-C4,PERMUTATION_IMPORTANCE_MACRO_F1,10,31,S4:EMAd_0.1,0.017855833250442897,0.0022396268299673143,5,EXECUTED
EXP-XAI-0001,MODEL-C4,PERMUTATION_IMPORTANCE_MACRO_F1,10,32,S5:dR,0.015462444719451528,0.003366693295027672,9,EXECUTED
EXP-XAI-0001,MODEL-C4,PERMUTATION_IMPORTANCE_MACRO_F1,10,33,S5:dR_norm,0.00710191900249797,0.0012803096539083596,40,EXECUTED
EXP-XAI-0001,MODEL-C4,PERMUTATION_IMPORTANCE_MACRO_F1,10,34,S5:EMAi_0.001,0.01155209828565692,0.004569702417808295,20,EXECUTED
EXP-XAI-0001,MODEL-C4,PERMUTATION_IMPORTANCE_MACRO_F1,10,35,S5:EMAi_0.01,-0.0005342696974904415,0.0030750643700341125,90,EXECUTED
EXP-XAI-0001,MODEL-C4,PERMUTATION_IMPORTANCE_MACRO_F1,10,36,S5:EMAi_0.1,0.010343163919903165,0.0010056982282189942,23,EXECUTED
EXP-XAI-0001,MODEL-C4,PERMUTATION_IMPORTANCE_MACRO_F1,10,37,S5:EMAd_0.001,0.008400423999066885,0.0036787348187429935,36,EXECUTED
EXP-XAI-0001,MODEL-C4,PERMUTATION_IMPORTANCE_MACRO_F1,10,38,S5:EMAd_0.01,0.0011326619518492009,0.001482238513700351,79,EXECUTED
EXP-XAI-0001,MODEL-C4,PERMUTATION_IMPORTANCE_MACRO_F1,10,39,S5:EMAd_0.1,0.006484026178653002,0.0021698700376154454,45,EXECUTED
EXP-XAI-0001,MODEL-C4,PERMUTATION_IMPORTANCE_MACRO_F1,10,40,S6:dR,0.007606991900611237,0.004280043213368727,38,EXECUTED
EXP-XAI-0001,MODEL-C4,PERMUTATION_IMPORTANCE_MACRO_F1,10,41,S6:dR_norm,0.005592856898747145,0.0025719346824121794,54,EXECUTED
EXP-XAI-0001,MODEL-C4,PERMUTATION_IMPORTANCE_MACRO_F1,10,42,S6:EMAi_0.001,0.004406482206679408,0.001488109106558499,58,EXECUTED
EXP-XAI-0001,MODEL-C4,PERMUTATION_IMPORTANCE_MACRO_F1,10,43,S6:EMAi_0.01,0.009819285763784847,0.0016223897726242741,27,EXECUTED
EXP-XAI-0001,MODEL-C4,PERMUTATION_IMPORTANCE_MACRO_F1,10,44,S6:EMAi_0.1,-0.0017321955807819145,0.0020863191596175593,99,EXECUTED
EXP-XAI-0001,MODEL-C4,PERMUTATION_IMPORTANCE_MACRO_F1,10,45,S6:EMAd_0.001,0.006002454470632168,0.0021367507071655386,47,EXECUTED
EXP-XAI-0001,MODEL-C4,PERMUTATION_IMPORTANCE_MACRO_F1,10,46,S6:EMAd_0.01,0.0017308359859942834,0.0025586206455134658,76,EXECUTED
EXP-XAI-0001,MODEL-C4,PERMUTATION_IMPORTANCE_MACRO_F1,10,47,S6:EMAd_0.1,0.011852731963334463,0.003485079718040992,19,EXECUTED
EXP-XAI-0001,MODEL-C4,PERMUTATION_IMPORTANCE_MACRO_F1,10,48,S7:dR,-0.0036531926758801903,0.003326346582826619,106,EXECUTED
EXP-XAI-0001,MODEL-C4,PERMUTATION_IMPORTANCE_MACRO_F1,10,49,S7:dR_norm,-0.0022131721396347116,0.0006125121081317642,100,EXECUTED
EXP-XAI-0001,MODEL-C4,PERMUTATION_IMPORTANCE_MACRO_F1,10,50,S7:EMAi_0.001,-0.0007179438192921994,0.0022564616480594967,92,EXECUTED
EXP-XAI-0001,MODEL-C4,PERMUTATION_IMPORTANCE_MACRO_F1,10,51,S7:EMAi_0.01,-0.007394781822270435,0.0033918601113234518,123,EXECUTED
EXP-XAI-0001,MODEL-C4,PERMUTATION_IMPORTANCE_MACRO_F1,10,52,S7:EMAi_0.1,0.0013000837547240574,0.001735566890469251,78,EXECUTED
EXP-XAI-0001,MODEL-C4,PERMUTATION_IMPORTANCE_MACRO_F1,10,53,S7:EMAd_0.001,-0.0009623869362224924,0.0014838810867394683,94,EXECUTED
EXP-XAI-0001,MODEL-C4,PERMUTATION_IMPORTANCE_MACRO_F1,10,54,S7:EMAd_0.01,0.001824834821983401,0.0018262294073290465,75,EXECUTED
EXP-XAI-0001,MODEL-C4,PERMUTATION_IMPORTANCE_MACRO_F1,10,55,S7:EMAd_0.1,0.019124053172606303,0.003496890376002603,4,EXECUTED
EXP-XAI-0001,MODEL-C4,PERMUTATION_IMPORTANCE_MACRO_F1,10,56,S8:dR,-0.0006670679912575861,0.0018964603425008892,91,EXECUTED
EXP-XAI-0001,MODEL-C4,PERMUTATION_IMPORTANCE_MACRO_F1,10,57,S8:dR_norm,-0.002447973073399057,0.002243741848444212,103,EXECUTED
EXP-XAI-0001,MODEL-C4,PERMUTATION_IMPORTANCE_MACRO_F1,10,58,S8:EMAi_0.001,0.003086233499420099,0.0036650121783266083,70,EXECUTED
EXP-XAI-0001,MODEL-C4,PERMUTATION_IMPORTANCE_MACRO_F1,10,59,S8:EMAi_0.01,-0.005457727948991187,0.002686727194853654,117,EXECUTED
EXP-XAI-0001,MODEL-C4,PERMUTATION_IMPORTANCE_MACRO_F1,10,60,S8:EMAi_0.1,-0.004405191792220009,0.0017173952149997355,111,EXECUTED
EXP-XAI-0001,MODEL-C4,PERMUTATION_IMPORTANCE_MACRO_F1,10,61,S8:EMAd_0.001,-0.004701269380864725,0.00152140685024287,115,EXECUTED
EXP-XAI-0001,MODEL-C4,PERMUTATION_IMPORTANCE_MACRO_F1,10,62,S8:EMAd_0.01,0.008580754591303797,0.002485125012449506,35,EXECUTED
EXP-XAI-0001,MODEL-C4,PERMUTATION_IMPORTANCE_MACRO_F1,10,63,S8:EMAd_0.1,0.010915237788341903,0.001270339906170736,21,EXECUTED
EXP-XAI-0001,MODEL-C4,PERMUTATION_IMPORTANCE_MACRO_F1,10,64,S9:dR,0.006841085911168365,0.001349356573653534,42,EXECUTED
EXP-XAI-0001,MODEL-C4,PERMUTATION_IMPORTANCE_MACRO_F1,10,65,S9:dR_norm,0.001492195802787366,0.0027474132651994273,77,EXECUTED
EXP-XAI-0001,MODEL-C4,PERMUTATION_IMPORTANCE_MACRO_F1,10,66,S9:EMAi_0.001,0.00011633181660016811,0.0007757626459319357,84,EXECUTED
EXP-XAI-0001,MODEL-C4,PERMUTATION_IMPORTANCE_MACRO_F1,10,67,S9:EMAi_0.01,0.003355512999303445,0.0012056931025327294,64,EXECUTED
EXP-XAI-0001,MODEL-C4,PERMUTATION_IMPORTANCE_MACRO_F1,10,68,S9:EMAi_0.1,0.0032337828297475,0.00196486715640466,66,EXECUTED
EXP-XAI-0001,MODEL-C4,PERMUTATION_IMPORTANCE_MACRO_F1,10,69,S9:EMAd_0.001,0.015577868564760955,0.0019691666564330365,8,EXECUTED
EXP-XAI-0001,MODEL-C4,PERMUTATION_IMPORTANCE_MACRO_F1,10,70,S9:EMAd_0.01,0.009839972623046223,0.0011361073400622643,26,EXECUTED
EXP-XAI-0001,MODEL-C4,PERMUTATION_IMPORTANCE_MACRO_F1,10,71,S9:EMAd_0.1,0.0029574922625663414,0.0023800334233712167,71,EXECUTED
EXP-XAI-0001,MODEL-C4,PERMUTATION_IMPORTANCE_MACRO_F1,10,72,S10:dR,-0.00451254419343301,0.0006553483597475619,112,EXECUTED
EXP-XAI-0001,MODEL-C4,PERMUTATION_IMPORTANCE_MACRO_F1,10,73,S10:dR_norm,0.0008133354964330652,0.0016384146443459034,80,EXECUTED
EXP-XAI-0001,MODEL-C4,PERMUTATION_IMPORTANCE_MACRO_F1,10,74,S10:EMAi_0.001,0.002686734068476715,0.0016150704340210913,73,EXECUTED
EXP-XAI-0001,MODEL-C4,PERMUTATION_IMPORTANCE_MACRO_F1,10,75,S10:EMAi_0.01,-0.002329604716396072,0.0016040798944555003,102,EXECUTED
EXP-XAI-0001,MODEL-C4,PERMUTATION_IMPORTANCE_MACRO_F1,10,76,S10:EMAi_0.1,-0.006316200525424831,0.002483503147320462,121,EXECUTED
EXP-XAI-0001,MODEL-C4,PERMUTATION_IMPORTANCE_MACRO_F1,10,77,S10:EMAd_0.001,0.009439720712282251,0.0022534038671235936,29,EXECUTED
EXP-XAI-0001,MODEL-C4,PERMUTATION_IMPORTANCE_MACRO_F1,10,78,S10:EMAd_0.01,0.0037380065326384714,0.0016370739318228272,61,EXECUTED
EXP-XAI-0001,MODEL-C4,PERMUTATION_IMPORTANCE_MACRO_F1,10,79,S10:EMAd_0.1,0.009957323930203921,0.0013658598242227923,24,EXECUTED
EXP-XAI-0001,MODEL-C4,PERMUTATION_IMPORTANCE_MACRO_F1,10,80,S11:dR,-7.380188074356253e-05,0.00159645928160788,86,EXECUTED
EXP-XAI-0001,MODEL-C4,PERMUTATION_IMPORTANCE_MACRO_F1,10,81,S11:dR_norm,-0.0055610857400260946,0.0005650106563662013,118,EXECUTED
EXP-XAI-0001,MODEL-C4,PERMUTATION_IMPORTANCE_MACRO_F1,10,82,S11:EMAi_0.001,-0.001329507998319257,0.001455433243040289,98,EXECUTED
EXP-XAI-0001,MODEL-C4,PERMUTATION_IMPORTANCE_MACRO_F1,10,83,S11:EMAi_0.01,0.0027502894751818665,0.0017371938058133943,72,EXECUTED
EXP-XAI-0001,MODEL-C4,PERMUTATION_IMPORTANCE_MACRO_F1,10,84,S11:EMAi_0.1,0.010526114719742952,0.0022363185487232432,22,EXECUTED
EXP-XAI-0001,MODEL-C4,PERMUTATION_IMPORTANCE_MACRO_F1,10,85,S11:EMAd_0.001,-0.0013228639675742949,0.0025893848497354805,97,EXECUTED
EXP-XAI-0001,MODEL-C4,PERMUTATION_IMPORTANCE_MACRO_F1,10,86,S11:EMAd_0.01,0.006613408268833931,0.0013663565421241273,44,EXECUTED
EXP-XAI-0001,MODEL-C4,PERMUTATION_IMPORTANCE_MACRO_F1,10,87,S11:EMAd_0.1,-0.0040439351740323756,0.0024026075265237757,108,EXECUTED
EXP-XAI-0001,MODEL-C4,PERMUTATION_IMPORTANCE_MACRO_F1,10,88,S12:dR,0.0003613468738409287,0.0032468403762304578,83,EXECUTED
EXP-XAI-0001,MODEL-C4,PERMUTATION_IMPORTANCE_MACRO_F1,10,89,S12:dR_norm,0.005757414502667257,0.003383415590026264,50,EXECUTED
EXP-XAI-0001,MODEL-C4,PERMUTATION_IMPORTANCE_MACRO_F1,10,90,S12:EMAi_0.001,-0.0007799437036339563,0.0016420142945329803,93,EXECUTED
EXP-XAI-0001,MODEL-C4,PERMUTATION_IMPORTANCE_MACRO_F1,10,91,S12:EMAi_0.01,0.01268939379943923,0.002334938761672375,17,EXECUTED
EXP-XAI-0001,MODEL-C4,PERMUTATION_IMPORTANCE_MACRO_F1,10,92,S12:EMAi_0.1,0.009848922408385275,0.003015554832235078,25,EXECUTED
EXP-XAI-0001,MODEL-C4,PERMUTATION_IMPORTANCE_MACRO_F1,10,93,S12:EMAd_0.001,-0.008141455589864588,0.0018128924876465986,124,EXECUTED
EXP-XAI-0001,MODEL-C4,PERMUTATION_IMPORTANCE_MACRO_F1,10,94,S12:EMAd_0.01,-0.0011414311942214317,0.0021893191039122424,95,EXECUTED
EXP-XAI-0001,MODEL-C4,PERMUTATION_IMPORTANCE_MACRO_F1,10,95,S12:EMAd_0.1,-0.004654346479085481,0.002296383660259964,114,EXECUTED
EXP-XAI-0001,MODEL-C4,PERMUTATION_IMPORTANCE_MACRO_F1,10,96,S13:dR,0.022872096438058376,0.0029461555915277662,3,EXECUTED
EXP-XAI-0001,MODEL-C4,PERMUTATION_IMPORTANCE_MACRO_F1,10,97,S13:dR_norm,0.014015740807422416,0.0016815195989815985,12,EXECUTED
EXP-XAI-0001,MODEL-C4,PERMUTATION_IMPORTANCE_MACRO_F1,10,98,S13:EMAi_0.001,0.01336178079206649,0.001399383644012768,14,EXECUTED
EXP-XAI-0001,MODEL-C4,PERMUTATION_IMPORTANCE_MACRO_F1,10,99,S13:EMAi_0.01,0.009148147005725315,0.0028987367305698657,32,EXECUTED
EXP-XAI-0001,MODEL-C4,PERMUTATION_IMPORTANCE_MACRO_F1,10,100,S13:EMAi_0.1,0.004798676400634527,0.0024598010138455746,56,EXECUTED
EXP-XAI-0001,MODEL-C4,PERMUTATION_IMPORTANCE_MACRO_F1,10,101,S13:EMAd_0.001,0.003595845685589272,0.002091369308406893,63,EXECUTED
EXP-XAI-0001,MODEL-C4,PERMUTATION_IMPORTANCE_MACRO_F1,10,102,S13:EMAd_0.01,0.005417139062331178,0.0033861545431949037,55,EXECUTED
EXP-XAI-0001,MODEL-C4,PERMUTATION_IMPORTANCE_MACRO_F1,10,103,S13:EMAd_0.1,-0.01298869228098708,0.003274510704143977,126,EXECUTED
EXP-XAI-0001,MODEL-C4,PERMUTATION_IMPORTANCE_MACRO_F1,10,104,S14:dR,0.008848844369364927,0.0018428710613177539,33,EXECUTED
EXP-XAI-0001,MODEL-C4,PERMUTATION_IMPORTANCE_MACRO_F1,10,105,S14:dR_norm,-0.004079974627413519,0.0030302145658458834,109,EXECUTED
EXP-XAI-0001,MODEL-C4,PERMUTATION_IMPORTANCE_MACRO_F1,10,106,S14:EMAi_0.001,0.009481118641877461,0.0026152072775962746,28,EXECUTED
EXP-XAI-0001,MODEL-C4,PERMUTATION_IMPORTANCE_MACRO_F1,10,107,S14:EMAi_0.01,-0.0012396198265116176,0.0024470347421379855,96,EXECUTED
EXP-XAI-0001,MODEL-C4,PERMUTATION_IMPORTANCE_MACRO_F1,10,108,S14:EMAi_0.1,0.0031131665480196745,0.0030299081827424423,69,EXECUTED
EXP-XAI-0001,MODEL-C4,PERMUTATION_IMPORTANCE_MACRO_F1,10,109,S14:EMAd_0.001,0.00864329058707688,0.002737635526824213,34,EXECUTED
EXP-XAI-0001,MODEL-C4,PERMUTATION_IMPORTANCE_MACRO_F1,10,110,S14:EMAd_0.01,0.003611028368230307,0.0033290149713449887,62,EXECUTED
EXP-XAI-0001,MODEL-C4,PERMUTATION_IMPORTANCE_MACRO_F1,10,111,S14:EMAd_0.1,0.015193553819636153,0.0028453026346240634,10,EXECUTED
EXP-XAI-0001,MODEL-C4,PERMUTATION_IMPORTANCE_MACRO_F1,10,112,S15:dR,0.005623997731873831,0.0011266138015877784,52,EXECUTED
EXP-XAI-0001,MODEL-C4,PERMUTATION_IMPORTANCE_MACRO_F1,10,113,S15:dR_norm,-0.006165137163468037,0.0013875206856616184,120,EXECUTED
EXP-XAI-0001,MODEL-C4,PERMUTATION_IMPORTANCE_MACRO_F1,10,114,S15:EMAi_0.001,0.007052664448191049,0.0026677002346094064,41,EXECUTED
EXP-XAI-0001,MODEL-C4,PERMUTATION_IMPORTANCE_MACRO_F1,10,115,S15:EMAi_0.01,-0.00015143277059815886,0.0031981164677652514,87,EXECUTED
EXP-XAI-0001,MODEL-C4,PERMUTATION_IMPORTANCE_MACRO_F1,10,116,S15:EMAi_0.1,-0.00027367294693586564,0.0012385439770091983,89,EXECUTED
EXP-XAI-0001,MODEL-C4,PERMUTATION_IMPORTANCE_MACRO_F1,10,117,S15:EMAd_0.001,-0.004624876003458389,0.0008576693404565668,113,EXECUTED
EXP-XAI-0001,MODEL-C4,PERMUTATION_IMPORTANCE_MACRO_F1,10,118,S15:EMAd_0.01,0.0031466838754277914,0.001257405849957407,67,EXECUTED
EXP-XAI-0001,MODEL-C4,PERMUTATION_IMPORTANCE_MACRO_F1,10,119,S15:EMAd_0.1,0.025387839828920067,0.0026862859174573025,1,EXECUTED
EXP-XAI-0001,MODEL-C4,PERMUTATION_IMPORTANCE_MACRO_F1,10,120,S16:dR,0.023678980602866773,0.001580174273962639,2,EXECUTED
EXP-XAI-0001,MODEL-C4,PERMUTATION_IMPORTANCE_MACRO_F1,10,121,S16:dR_norm,0.00010400455938012199,0.0031776823132642026,85,EXECUTED
EXP-XAI-0001,MODEL-C4,PERMUTATION_IMPORTANCE_MACRO_F1,10,122,S16:EMAi_0.001,0.00807457477111867,0.0014299202294470424,37,EXECUTED
EXP-XAI-0001,MODEL-C4,PERMUTATION_IMPORTANCE_MACRO_F1,10,123,S16:EMAi_0.01,0.005773380466771982,0.0032271663327572263,48,EXECUTED
EXP-XAI-0001,MODEL-C4,PERMUTATION_IMPORTANCE_MACRO_F1,10,124,S16:EMAi_0.1,-0.0022526591637230366,0.00201347848906146,101,EXECUTED
EXP-XAI-0001,MODEL-C4,PERMUTATION_IMPORTANCE_MACRO_F1,10,125,S16:EMAd_0.001,0.0038661868465026837,0.001899658960045799,60,EXECUTED
EXP-XAI-0001,MODEL-C4,PERMUTATION_IMPORTANCE_MACRO_F1,10,126,S16:EMAd_0.01,-0.012579820956612465,0.0030544634040267893,125,EXECUTED
EXP-XAI-0001,MODEL-C4,PERMUTATION_IMPORTANCE_MACRO_F1,10,127,S16:EMAd_0.1,-0.017545792150515615,0.003086971605050647,128,EXECUTED
