candidate_id,sample_id,z_000,z_001,z_002,z_003,z_004,z_005,z_006,z_007,z_008,z_009,z_010,z_011,z_012,z_013,z_014,z_015,z_016,z_017,z_018,z_019,z_020,z_021,z_022,z_023,z_024,z_025,z_026,z_027,z_028,z_029,z_030,z_031,z_032,z_033,z_034,z_035,z_036,z_037,z_038,z_039,z_040,z_041,z_042,z_043,z_044,z_045,z_046,z_047,z_048,z_049,z_050,z_051,z_052,z_053,z_054,z_055,z_056,z_057,z_058,z_059,z_060,z_061,z_062,z_063,z_064,z_065,z_066,z_067,z_068,z_069,z_070,z_071,z_072,z_073,z_074,z_075,z_076,z_077,z_078,z_079,z_080,z_081,z_082,z_083,z_084,z_085,z_086,z_087,z_088,z_089,z_090,z_091,z_092,z_093,z_094,z_095,z_096,z_097,z_098,z_099,z_100,z_101,z_102,z_103,z_104,z_105,z_106,z_107,z_108,z_109,z_110,z_111,z_112,z_113,z_114,z_115,z_116,z_117,z_118,z_119,z_120,z_121,z_122,z_123,z_124,z_125,z_126,z_127,score_0,score_1,score_2,score_3,score_4,score_5,prob_0,prob_1,prob_2,prob_3,prob_4,prob_5,prediction,attribution_000,attribution_001,attribution_002,attribution_003,attribution_004,attribution_005,attribution_006,attribution_007,attribution_008,attribution_009,attribution_010,attribution_011,attribution_012,attribution_013,attribution_014,attribution_015,attribution_016,attribution_017,attribution_018,attribution_019,attribution_020,attribution_021,attribution_022,attribution_023,attribution_024,attribution_025,attribution_026,attribution_027,attribution_028,attribution_029,attribution_030,attribution_031,attribution_032,attribution_033,attribution_034,attribution_035,attribution_036,attribution_037,attribution_038,attribution_039,attribution_040,attribution_041,attribution_042,attribution_043,attribution_044,attribution_045,attribution_046,attribution_047,attribution_048,attribution_049,attribution_050,attribution_051,attribution_052,attribution_053,attribution_054,attribution_055,attribution_056,attribution_057,attribution_058,attribution_059,attribution_060,attribution_061,attribution_062,attribution_063,attribution_064,attribution_065,attribution_066,attribution_067,attribution_068,attribution_069,attribution_070,attribution_071,attribution_072,attribution_073,attribution_074,attribution_075,attribution_076,attribution_077,attribution_078,attribution_079,attribution_080,attribution_081,attribution_082,attribution_083,attribution_084,attribution_085,attribution_086,attribution_087,attribution_088,attribution_089,attribution_090,attribution_091,attribution_092,attribution_093,attribution_094,attribution_095,attribution_096,attribution_097,attribution_098,attribution_099,attribution_100,attribution_101,attribution_102,attribution_103,attribution_104,attribution_105,attribution_106,attribution_107,attribution_108,attribution_109,attribution_110,attribution_111,attribution_112,attribution_113,attribution_114,attribution_115,attribution_116,attribution_117,attribution_118,attribution_119,attribution_120,attribution_121,attribution_122,attribution_123,attribution_124,attribution_125,attribution_126,attribution_127
C1-PREPROC-P0-BASELINE,GOLD-MODEL-C1-B2-R00000,-0.672879577,-0.712364733,-0.708417594,-0.73800993,-0.691594958,0.66673094,0.624429703,0.455474675,-0.706204116,-0.655865192,-0.742685854,-0.766098857,-0.737723589,0.726912141,0.707111001,0.502990961,-1.2501055,-1.14292371,-1.05336213,-0.926830947,-0.830378234,0.99645561,0.949883401,0.951386452,-1.29194403,-1.22897685,-1.01901257,-0.894218683,-0.638552964,1.02594745,0.972791016,0.673203111,-1.04826951,-1.1271708,-0.877653122,-0.749775767,-0.780822098,1.03326356,1.03219092,0.716751695,-1.02418137,-1.13540912,-0.883996665,-0.812872231,-0.809809208,1.01377809,1.00693977,0.712488115,-1.20540071,-1.1369487,-1.05985892,-0.876662254,-0.765476584,0.9908939,0.948751628,0.92719692,-1.220433,-1.14666295,-1.04980278,-0.876388729,-0.7870785,1.00451767,0.964383781,0.6763345,-0.724192381,-0.639135182,-0.762988985,-0.785820246,-0.757349789,0.76132071,0.737062871,0.55025214,-0.671311975,-0.581085622,-0.730108678,-0.754682779,-0.739578784,0.69611913,0.673103988,0.486589611,-1.24860513,-1.19331872,-1.04725957,-0.934595287,-0.877259135,0.997842968,0.959768474,0.728069723,-1.32720947,-1.38814187,-1.00505173,-0.888233304,-0.792613506,1.11802268,1.05357766,0.978425086,-1.03427339,-1.18059087,-0.852195919,-0.807350218,-0.651273668,1.03417802,1.03744042,0.680404782,-1.11569452,-1.21595514,-0.90547061,-0.788055539,-0.795572281,1.08459556,1.06158721,0.740500867,-1.19572258,-1.14683449,-1.03905082,-0.878348231,-0.87583214,0.979388118,0.94900161,0.667829335,-1.23685515,-1.19442534,-1.0561831,-0.880907714,-0.905028701,0.995998144,0.96424228,0.899812937,3.45468664,-0.842666209,-0.271140277,-0.195271835,-1.93463111,-0.210977435,0.91420871,0.0124373753,0.0220261831,0.0237623043,0.00417344319,0.0233920142,1,0.0524200127,-0.0713362619,0.066013664,0.0749194399,0.0624946579,0.00728878425,0.0175551046,0.08313106,0.0930458978,-0.0633206815,0.142419472,0.185609937,0.146295428,0.056295041,0.0743750706,0.115919776,0.351976305,0.20138289,0.183499187,0.0206353068,0.00782133639,-0.0494685955,-0.00227416819,0.0339650363,0.587061465,0.359331369,0.285268098,0.0903993025,0.0336022452,0.0201790053,0.0703076646,0.123827659,-0.0699859411,-0.384638727,-0.028056398,-0.175337687,0.184785113,0.0185539275,0.0380690992,0.116902441,-0.124484889,-0.447841257,-0.0691862553,-0.261175543,-0.175189719,0.0168369971,0.0267818104,0.0207283609,-0.126946405,-0.198938265,-0.0410423838,-0.201950416,-0.172552869,-0.290278941,-0.211188942,-0.0729539245,-0.0569321439,-0.0940306559,0.00552420365,-0.180929497,-0.143897936,-0.255056381,-0.192520365,-0.0257787779,0.147456825,0.17610465,0.167845577,0.172960073,0.137777865,0.0985388011,0.104889333,0.153370842,0.0783857703,0.123834059,0.107431553,0.0944769606,0.0891472101,-0.00996054802,-0.00135563861,0.0908728391,0.479606509,0.278829694,0.19523783,0.0239520296,-0.0263857134,-0.00724829454,0.0139596723,0.155014649,0.563399434,0.221150175,0.257409275,0.0778716803,0.0158092417,0.0259596352,0.0195633881,-0.0518980362,-0.218544602,-0.479740113,-0.140424475,-0.408616781,-0.275505006,-0.0753336102,-0.0737914741,0.082527861,-0.383387387,-0.672167003,-0.306785882,-0.478158116,-0.234653428,-0.217535943,-0.209650233,0.241862044,0.13627699,-0.0717534274,0.119579419,-0.125946626,-0.147680148,-0.127330571,-0.0705538988,-0.0123232473,0.108810961,-0.203021377,0.0716951936,-0.154471889,-0.122089222,-0.182308018,-0.138821512,-0.00386377005
C1-PREPROC-P1-RECIPROCAL,GOLD-MODEL-C1-B2-R00000,-0.672879577,-0.712364733,-0.708417594,-0.73800993,-0.691594958,0.666731,0.624429703,0.455474675,-0.706204116,-0.655865192,-0.742685854,-0.766098857,-0.737723649,0.726912141,0.707111001,0.502990961,-1.2501055,-1.14292371,-1.05336213,-0.926831067,-0.830378234,0.996455669,0.949883282,0.951386392,-1.29194403,-1.22897685,-1.01901257,-0.894218683,-0.638552964,1.02594757,0.972791076,0.67320317,-1.04826939,-1.1271708,-0.877653122,-0.749775767,-0.780822098,1.03326344,1.03219092,0.716751754,-1.02418137,-1.135409,-0.883996725,-0.812872231,-0.809809148,1.01377797,1.00693977,0.712488115,-1.20540071,-1.1369487,-1.05985892,-0.876662195,-0.765476525,0.990893841,0.948751628,0.92719692,-1.22043312,-1.14666295,-1.0498029,-0.876388729,-0.787078559,1.00451779,0.964383781,0.6763345,-0.724192381,-0.639135122,-0.762988985,-0.785820246,-0.75734973,0.76132071,0.737062871,0.55025214,-0.671311975,-0.581085563,-0.730108678,-0.75468272,-0.739578724,0.696119189,0.673104048,0.48658964,-1.24860525,-1.19331861,-1.04725957,-0.934595287,-0.877259135,0.997842968,0.959768414,0.728069782,-1.32720959,-1.38814175,-1.00505173,-0.888233304,-0.792613447,1.11802268,1.05357766,0.978425086,-1.03427351,-1.18059087,-0.852195919,-0.807350218,-0.651273668,1.03417802,1.03744042,0.680404782,-1.11569452,-1.21595514,-0.90547055,-0.788055539,-0.795572221,1.08459556,1.0615871,0.740500808,-1.19572258,-1.14683449,-1.03905082,-0.878348291,-0.875832081,0.979388058,0.94900161,0.667829335,-1.23685515,-1.19442534,-1.05618298,-0.880907714,-0.905028641,0.995998144,0.964242339,0.899812996,3.45468664,-0.84266597,-0.271140248,-0.195271894,-1.93463159,-0.21097745,0.91420871,0.0124373753,0.0220261831,0.0237622987,0.004173439,0.0233920142,1,0.0524200127,-0.0713362619,0.066013664,0.0749194399,0.0624946579,0.00728878472,0.0175551046,0.08313106,0.0930458978,-0.0633206815,0.142419472,0.185609937,0.146295443,0.056295041,0.0743750706,0.115919776,0.351976305,0.20138289,0.183499187,0.0206353087,0.00782133639,-0.0494685993,-0.00227416796,0.0339650325,0.587061465,0.359331369,0.285268098,0.0903993025,0.0336022452,0.0201790072,0.070307672,0.123827673,-0.0699859336,-0.384638727,-0.028056398,-0.175337687,0.184785113,0.0185539257,0.0380690992,0.116902448,-0.124484889,-0.447841197,-0.0691862553,-0.261175543,-0.175189704,0.0168369934,0.0267818104,0.0207283609,-0.126946405,-0.198938265,-0.0410423838,-0.201950401,-0.172552854,-0.290278941,-0.211188942,-0.0729539245,-0.0569321513,-0.0940306559,0.00552420411,-0.180929497,-0.143897936,-0.255056411,-0.192520365,-0.0257787779,0.147456825,0.176104635,0.167845577,0.172960073,0.137777865,0.0985388011,0.104889333,0.153370842,0.0783857703,0.123834044,0.107431553,0.0944769531,0.0891472027,-0.00996054895,-0.00135563873,0.0908728465,0.479606569,0.278829664,0.19523783,0.0239520296,-0.0263857134,-0.00724829454,0.0139596714,0.155014664,0.563399494,0.22115016,0.257409275,0.0778716803,0.0158092398,0.0259596352,0.0195633881,-0.0518980362,-0.218544632,-0.479740113,-0.140424475,-0.408616781,-0.275505006,-0.0753336102,-0.0737914741,0.082527861,-0.383387387,-0.672167003,-0.306785852,-0.478158116,-0.234653413,-0.217535943,-0.209650218,0.241862029,0.13627699,-0.0717534274,0.119579419,-0.125946641,-0.147680134,-0.127330557,-0.0705538988,-0.0123232473,0.108810961,-0.203021377,0.0716951862,-0.154471889,-0.122089215,-0.182308018,-0.138821527,-0.00386377028
C1-PREPROC-P2-AFFINE,GOLD-MODEL-C1-B2-R00000,-0.672879577,-0.712364674,-0.708417594,-0.73800993,-0.691594958,0.66673094,0.624429703,0.455474675,-0.706204116,-0.655865133,-0.742685854,-0.766098917,-0.737723589,0.726912141,0.707111001,0.502990961,-1.2501055,-1.14292359,-1.05336201,-0.926831007,-0.830378294,0.996455669,0.949883342,0.951386452,-1.29194403,-1.22897685,-1.01901245,-0.894218564,-0.638553023,1.02594745,0.972791076,0.673203111,-1.04826951,-1.1271708,-0.877652943,-0.749775827,-0.780822039,1.03326368,1.03219104,0.716751754,-1.02418125,-1.13540912,-0.883996725,-0.812872291,-0.809809208,1.01377797,1.00693989,0.712488234,-1.20540071,-1.1369487,-1.05985892,-0.876662254,-0.765476584,0.99089402,0.948751569,0.92719698,-1.220433,-1.14666295,-1.04980278,-0.876388788,-0.7870785,1.00451767,0.964383721,0.67633456,-0.724192381,-0.639135182,-0.762989044,-0.785820246,-0.757349789,0.76132077,0.737062812,0.55025214,-0.671311975,-0.581085622,-0.730108619,-0.75468272,-0.739578843,0.696119189,0.673104048,0.48658967,-1.24860513,-1.19331872,-1.04725957,-0.934595287,-0.877259195,0.997842968,0.959768534,0.728069782,-1.32720959,-1.38814175,-1.00505173,-0.888233304,-0.792613506,1.11802268,1.05357766,0.978425086,-1.03427339,-1.18059087,-0.852195859,-0.807350278,-0.651273727,1.03417814,1.03744054,0.680404663,-1.11569452,-1.21595526,-0.90547055,-0.788055539,-0.795572221,1.08459556,1.06158733,0.740500927,-1.19572258,-1.14683437,-1.03905094,-0.878348172,-0.8758322,0.979388118,0.949001551,0.667829275,-1.23685527,-1.19442546,-1.0561831,-0.880907774,-0.905028701,0.995998263,0.964242339,0.899812937,3.45468521,-0.84266609,-0.271140188,-0.195271477,-1.93463206,-0.21097739,0.914208591,0.012437392,0.0220262166,0.0237623416,0.00417344272,0.0233920515,1,0.0524200127,-0.0713362545,0.066013664,0.0749194399,0.0624946579,0.00728878425,0.0175551046,0.08313106,0.0930458978,-0.063320674,0.142419472,0.185609952,0.146295428,0.056295041,0.0743750706,0.115919776,0.351976305,0.201382861,0.183499157,0.0206353068,0.00782133639,-0.0494685993,-0.00227416819,0.0339650363,0.587061465,0.359331369,0.285268068,0.0903992951,0.0336022489,0.0201790053,0.070307672,0.123827659,-0.0699859411,-0.384638727,-0.0280563924,-0.175337702,0.184785098,0.0185539294,0.0380691029,0.116902448,-0.124484874,-0.447841257,-0.0691862553,-0.261175573,-0.175189719,0.0168369934,0.0267818142,0.0207283646,-0.126946405,-0.198938265,-0.0410423838,-0.201950416,-0.172552869,-0.290278971,-0.211188927,-0.072953932,-0.0569321439,-0.0940306559,0.00552420365,-0.180929512,-0.143897936,-0.255056381,-0.19252035,-0.0257787798,0.147456825,0.17610465,0.167845577,0.172960073,0.137777865,0.0985388085,0.104889326,0.153370842,0.0783857703,0.123834059,0.107431538,0.0944769531,0.0891472176,-0.00996054895,-0.00135563873,0.090872854,0.479606509,0.278829694,0.19523783,0.0239520296,-0.0263857152,-0.00724829454,0.0139596732,0.155014664,0.563399494,0.22115016,0.257409275,0.0778716803,0.0158092417,0.0259596352,0.0195633881,-0.0518980362,-0.218544602,-0.479740113,-0.140424475,-0.408616811,-0.275505036,-0.0753336176,-0.0737914816,0.0825278461,-0.383387387,-0.672167122,-0.306785852,-0.478158116,-0.234653413,-0.217535943,-0.209650263,0.241862074,0.13627699,-0.0717534199,0.119579434,-0.125946626,-0.147680148,-0.127330571,-0.0705538988,-0.0123232463,0.108810976,-0.203021392,0.0716951936,-0.154471904,-0.122089222,-0.182308033,-0.138821527,-0.00386377005
C1-PREPROC-P3-SPLIT_MEAN,GOLD-MODEL-C1-B2-R00000,-0.672879577,-0.712364674,-0.708417594,-0.73800993,-0.691594958,0.66673094,0.624429703,0.455474705,-0.706204116,-0.655865133,-0.742685854,-0.766098917,-0.737723589,0.726912141,0.707111001,0.502990961,-1.2501055,-1.14292371,-1.05336213,-0.926830947,-0.830378234,0.99645561,0.949883401,0.951386452,-1.29194403,-1.22897685,-1.01901257,-0.894218683,-0.638552964,1.02594745,0.972791016,0.673203051,-1.04826951,-1.12717092,-0.877653122,-0.749775708,-0.780822098,1.03326356,1.03219092,0.716751635,-1.02418137,-1.13540924,-0.883996665,-0.812872231,-0.809809148,1.01377797,1.00693977,0.712488115,-1.20540071,-1.1369487,-1.05985892,-0.876662254,-0.765476644,0.99089396,0.948751628,0.92719698,-1.220433,-1.14666295,-1.04980278,-0.876388788,-0.7870785,1.00451767,0.964383781,0.67633456,-0.724192381,-0.639135122,-0.762988985,-0.785820186,-0.75734973,0.76132071,0.737062871,0.55025214,-0.671311975,-0.581085682,-0.730108678,-0.754682779,-0.739578784,0.69611913,0.673103988,0.486589611,-1.24860513,-1.19331872,-1.04725945,-0.934595287,-0.877259135,0.997842968,0.959768474,0.728069723,-1.32720947,-1.38814187,-1.00505173,-0.888233304,-0.792613506,1.11802268,1.05357766,0.978425086,-1.03427339,-1.18059087,-0.852195859,-0.807350218,-0.651273727,1.03417814,1.03744042,0.680404723,-1.11569452,-1.21595514,-0.90547049,-0.78805548,-0.795572221,1.08459556,1.06158721,0.740500927,-1.19572246,-1.14683437,-1.03905082,-0.878348172,-0.87583214,0.979388177,0.94900161,0.667829275,-1.23685515,-1.19442534,-1.0561831,-0.880907714,-0.905028701,0.995998144,0.96424228,0.899812937,3.45468712,-0.842666209,-0.271139801,-0.195271537,-1.93463159,-0.210977435,0.91420871,0.0124373697,0.0220261831,0.0237622987,0.004173439,0.023392003,1,0.0524200127,-0.0713362545,0.066013664,0.0749194399,0.0624946579,0.00728878425,0.0175551046,0.0831310675,0.0930458978,-0.063320674,0.142419472,0.185609952,0.146295428,0.056295041,0.0743750706,0.115919776,0.351976305,0.20138289,0.183499187,0.0206353068,0.00782133639,-0.0494685955,-0.00227416819,0.0339650363,0.587061465,0.359331369,0.285268098,0.0903993025,0.0336022452,0.0201790053,0.0703076646,0.123827651,-0.0699859411,-0.384638786,-0.028056398,-0.175337672,0.184785113,0.0185539275,0.0380690992,0.116902433,-0.124484889,-0.447841316,-0.0691862553,-0.261175543,-0.175189704,0.0168369934,0.0267818104,0.0207283609,-0.126946405,-0.198938265,-0.0410423838,-0.201950416,-0.172552884,-0.290278971,-0.211188942,-0.072953932,-0.0569321439,-0.0940306559,0.00552420365,-0.180929512,-0.143897936,-0.255056381,-0.192520365,-0.0257787798,0.147456825,0.176104635,0.167845577,0.172960073,0.137777865,0.0985388011,0.104889333,0.153370842,0.0783857703,0.123834074,0.107431553,0.0944769606,0.0891472101,-0.00996054802,-0.00135563861,0.0908728391,0.479606509,0.278829694,0.195237815,0.0239520296,-0.0263857134,-0.00724829454,0.0139596723,0.155014649,0.563399434,0.221150175,0.257409275,0.0778716803,0.0158092417,0.0259596352,0.0195633881,-0.0518980362,-0.218544602,-0.479740113,-0.140424475,-0.408616781,-0.275505036,-0.0753336176,-0.0737914741,0.0825278535,-0.383387387,-0.672167003,-0.306785822,-0.478158087,-0.234653413,-0.217535943,-0.209650233,0.241862074,0.13627699,-0.0717534199,0.119579419,-0.125946626,-0.147680148,-0.127330571,-0.0705538988,-0.0123232463,0.108810961,-0.203021377,0.0716951936,-0.154471889,-0.122089222,-0.182308018,-0.138821512,-0.00386377005
C1-PREPROC-P4-COMPENSATED,GOLD-MODEL-C1-B2-R00000,-0.672879577,-0.712364733,-0.708417594,-0.73800993,-0.691594958,0.666731,0.624429703,0.455474705,-0.706204116,-0.655865133,-0.742685914,-0.766098917,-0.737723649,0.726912141,0.707111001,0.502990961,-1.2501055,-1.14292371,-1.05336213,-0.926831007,-0.830378234,0.99645561,0.949883282,0.951386392,-1.29194403,-1.22897685,-1.01901257,-0.894218683,-0.638552964,1.02594757,0.972791076,0.673203111,-1.04826939,-1.12717092,-0.877653122,-0.749775708,-0.780822098,1.03326356,1.03219092,0.716751635,-1.02418137,-1.13540912,-0.883996725,-0.812872291,-0.809809089,1.01377797,1.00693977,0.712488174,-1.20540071,-1.1369487,-1.05985892,-0.876662195,-0.765476584,0.99089396,0.948751628,0.927197039,-1.22043312,-1.14666295,-1.04980278,-0.876388788,-0.787078559,1.00451779,0.964383781,0.67633456,-0.724192381,-0.639135063,-0.762989044,-0.785820246,-0.75734973,0.76132071,0.737062871,0.55025214,-0.671311975,-0.581085622,-0.730108678,-0.75468272,-0.739578784,0.696119189,0.673104048,0.48658964,-1.24860525,-1.19331861,-1.04725945,-0.934595287,-0.877259195,0.997842968,0.959768414,0.728069723,-1.32720959,-1.38814175,-1.00505173,-0.888233304,-0.792613447,1.11802268,1.05357766,0.978425086,-1.03427351,-1.18059087,-0.852195859,-0.807350218,-0.651273727,1.03417814,1.03744042,0.680404723,-1.11569452,-1.21595514,-0.90547049,-0.78805548,-0.795572162,1.08459556,1.0615871,0.740500867,-1.19572246,-1.14683437,-1.03905082,-0.878348231,-0.87583214,0.979388118,0.949001551,0.667829275,-1.23685515,-1.19442534,-1.05618298,-0.880907714,-0.905028701,0.995998144,0.96424228,0.899812996,3.45468569,-0.842666149,-0.271140039,-0.195272073,-1.93463206,-0.210976958,0.914208591,0.0124373864,0.0220262073,0.0237623192,0.00417344272,0.0233920459,1,0.0524200127,-0.0713362619,0.066013664,0.0749194399,0.0624946579,0.00728878472,0.0175551046,0.0831310675,0.0930458978,-0.063320674,0.142419487,0.185609952,0.146295443,0.056295041,0.0743750706,0.115919776,0.351976305,0.20138289,0.183499187,0.0206353068,0.00782133639,-0.0494685955,-0.00227416796,0.0339650325,0.587061465,0.359331369,0.285268098,0.0903993025,0.0336022452,0.0201790072,0.070307672,0.123827659,-0.0699859336,-0.384638786,-0.028056398,-0.175337672,0.184785113,0.0185539275,0.0380690992,0.116902433,-0.124484889,-0.447841257,-0.0691862553,-0.261175573,-0.175189689,0.0168369934,0.0267818104,0.0207283627,-0.126946405,-0.198938265,-0.0410423838,-0.201950401,-0.172552869,-0.290278971,-0.211188942,-0.0729539394,-0.0569321513,-0.0940306559,0.00552420365,-0.180929512,-0.143897936,-0.255056411,-0.192520365,-0.0257787798,0.147456825,0.17610462,0.167845577,0.172960073,0.137777865,0.0985388011,0.104889333,0.153370842,0.0783857703,0.123834059,0.107431553,0.0944769531,0.0891472101,-0.00996054895,-0.00135563873,0.0908728465,0.479606569,0.278829664,0.195237815,0.0239520296,-0.0263857152,-0.00724829454,0.0139596714,0.155014649,0.563399494,0.22115016,0.257409275,0.0778716803,0.0158092398,0.0259596352,0.0195633881,-0.0518980362,-0.218544632,-0.479740113,-0.140424475,-0.408616781,-0.275505036,-0.0753336176,-0.0737914741,0.0825278535,-0.383387387,-0.672167003,-0.306785822,-0.478158087,-0.234653398,-0.217535943,-0.209650218,0.241862044,0.13627699,-0.0717534199,0.119579419,-0.125946626,-0.147680148,-0.127330571,-0.0705538988,-0.0123232463,0.108810961,-0.203021377,0.0716951862,-0.154471889,-0.122089222,-0.182308018,-0.138821512,-0.00386377028
C1-PREPROC-P0-BASELINE,GOLD-MODEL-C1-B2-R00121,-0.781028926,-0.962250531,-0.800608575,-0.817285419,-0.763783455,0.772295415,0.723505616,0.55660516,-0.833941936,-0.99869138,-0.855934918,-0.859610498,-0.825348258,0.861643255,0.829675078,0.631881475,-1.10834801,-0.804559171,-0.874648154,-0.734718084,-0.7078408,0.950769663,0.944322586,0.954797268,-1.14408553,-0.855763137,-0.843013942,-0.70743376,-0.611531556,0.977498591,0.962462187,0.9353742,-1.16858935,-1.20653772,-0.875309408,-0.616899192,-0.67994827,1.15673065,1.18002927,1.15155578,-1.15888536,-1.22781909,-0.88317591,-0.639253736,-0.713943899,1.13949203,1.1577183,1.13577414,-1.09473622,-0.825922549,-0.83616823,-0.586486518,-0.559508979,0.962648571,0.959143281,0.926992476,-1.10215163,-0.844126701,-0.802055597,-0.546702027,-0.526304245,0.970224559,0.967117429,0.938664436,-0.862630844,-0.930934608,-0.873619199,-0.878375709,-0.837933302,0.890675485,0.85996455,0.668162644,-0.842243671,-0.933678746,-0.864151478,-0.868052423,-0.844263256,0.862682462,0.824166,0.631731093,-1.12126613,-0.880458295,-0.878777206,-0.749655306,-0.727761447,0.957647085,0.946720183,0.932563007,-1.2008388,-1.05713511,-0.836784899,-0.67449373,-0.592535913,1.07514668,1.05353773,0.9447788,-1.24204433,-1.33094656,-0.945675135,-0.632781506,-0.662258089,1.21353972,1.20366347,1.13612485,-1.3016175,-1.35336244,-0.999446332,-0.655610681,-0.678133368,1.25770438,1.2241385,0.79608959,-1.09648645,-0.873896837,-0.831088006,-0.570701957,-0.557210207,0.957451165,0.952927709,0.87742579,-1.14458227,-0.913225532,-0.858117402,-0.590896904,-0.607973993,0.98252809,0.977692008,0.871700764,3.88312697,3.29795098,0.324342281,-0.349009067,-3.44136739,-3.71503997,0.624545991,0.347876996,0.0177829526,0.00906924251,0.000411696266,0.000313128403,1,0.0608452782,-0.0963598415,0.0746044442,0.0829671249,0.069017835,0.00844282843,0.020340506,0.101588912,0.109875992,-0.0964189246,0.164136425,0.208265871,0.16367197,0.0667291656,0.0872665569,0.145624012,0.312063456,0.141763136,0.152366608,0.0163580347,0.00666715577,-0.0472005382,-0.0022608547,0.0340868048,0.519874334,0.250210196,0.235998049,0.0715166479,0.0321803093,0.0192260817,0.0695611537,0.172050893,-0.0780188963,-0.411722124,-0.027981475,-0.144264042,0.160912856,0.02077098,0.0435216501,0.187819123,-0.140857592,-0.484290659,-0.0691220164,-0.205392003,-0.154450729,0.0189248752,0.0307921022,0.0330429859,-0.115291812,-0.144516289,-0.0323801003,-0.135104701,-0.126123875,-0.282004565,-0.213502094,-0.0729378387,-0.0514144227,-0.0692215487,0.00422052434,-0.112866037,-0.0962217748,-0.246349022,-0.193066075,-0.0357775949,0.175645053,0.256505847,0.192182481,0.193331659,0.152437702,0.115281373,0.122379124,0.186235845,0.0983446166,0.198974505,0.127155229,0.108669445,0.101765648,-0.01234385,-0.00165987911,0.117978677,0.430693835,0.205727026,0.163828105,0.0192123447,-0.0218892042,-0.00695631327,0.0137698874,0.198553681,0.509755135,0.168416217,0.214313537,0.0591330715,0.0118185515,0.0249640867,0.0195626449,-0.0501133576,-0.262447119,-0.540838063,-0.15582794,-0.320263922,-0.280151695,-0.0883990228,-0.0856146514,0.137803197,-0.447276324,-0.748124301,-0.338626146,-0.397796273,-0.200014919,-0.252256155,-0.241752088,0.260018408,0.124967016,-0.0546766706,0.0956459641,-0.0818331316,-0.0939550847,-0.124478534,-0.0708457902,-0.016190866,0.10069336,-0.155224696,0.0582502149,-0.103616938,-0.0820162669,-0.179842442,-0.140757859,-0.00374305714
C1-PREPROC-P1-RECIPROCAL,GOLD-MODEL-C1-B2-R00121,-0.781028926,-0.96225059,-0.800608516,-0.817285419,-0.763783455,0.772295475,0.723505616,0.55660516,-0.833941936,-0.99869144,-0.855934918,-0.859610498,-0.825348258,0.861643255,0.829675078,0.631881475,-1.10834801,-0.804559112,-0.874648154,-0.734718144,-0.70784086,0.950769722,0.944322526,0.954797268,-1.14408553,-0.855763197,-0.843014002,-0.70743376,-0.611531556,0.977498651,0.962462246,0.93537426,-1.16858935,-1.20653772,-0.875309408,-0.616899192,-0.67994827,1.15673065,1.18002927,1.15155578,-1.15888536,-1.22781909,-0.88317591,-0.639253736,-0.713943839,1.13949192,1.15771818,1.13577402,-1.09473622,-0.825922549,-0.83616823,-0.586486518,-0.55950892,0.962648511,0.959143281,0.926992476,-1.10215163,-0.844126701,-0.802055657,-0.546702027,-0.526304245,0.970224619,0.967117429,0.938664436,-0.862630844,-0.930934548,-0.873619199,-0.878375709,-0.837933242,0.890675545,0.85996449,0.668162704,-0.842243671,-0.933678687,-0.864151478,-0.868052363,-0.844263256,0.862682462,0.824166,0.631731153,-1.12126613,-0.880458295,-0.878777206,-0.749655306,-0.727761388,0.957647085,0.946720123,0.932563066,-1.2008388,-1.05713499,-0.836784899,-0.67449373,-0.592535853,1.07514668,1.05353761,0.9447788,-1.24204433,-1.33094656,-0.945675075,-0.632781446,-0.662258089,1.21353972,1.20366347,1.13612497,-1.3016175,-1.35336244,-0.999446332,-0.655610681,-0.678133309,1.25770438,1.22413838,0.79608959,-1.09648645,-0.873896837,-0.831088006,-0.570702016,-0.557210147,0.957451165,0.952927768,0.87742579,-1.14458227,-0.913225472,-0.858117342,-0.590896904,-0.607973993,0.98252809,0.977692068,0.871700823,3.88312697,3.29795194,0.324342549,-0.349009305,-3.44136739,-3.71503997,0.624545753,0.347877204,0.0177829489,0.00906923879,0.000411696121,0.000313128287,1,0.0608452782,-0.096359849,0.0746044442,0.0829671249,0.069017835,0.00844282843,0.020340506,0.101588912,0.109875992,-0.0964189321,0.164136425,0.208265871,0.16367197,0.0667291656,0.0872665569,0.145624012,0.312063456,0.141763121,0.152366608,0.0163580365,0.00666715624,-0.0472005419,-0.0022608547,0.0340868048,0.519874334,0.250210226,0.235998064,0.0715166479,0.0321803093,0.0192260817,0.0695611611,0.172050908,-0.0780188963,-0.411722124,-0.027981475,-0.144264042,0.160912856,0.02077098,0.0435216501,0.187819123,-0.140857592,-0.484290659,-0.0691220164,-0.205392003,-0.154450715,0.0189248733,0.0307920985,0.0330429822,-0.115291812,-0.144516289,-0.0323801003,-0.135104701,-0.12612386,-0.282004565,-0.213502094,-0.0729378387,-0.0514144227,-0.0692215487,0.0042205248,-0.112866037,-0.0962217748,-0.246349037,-0.193066075,-0.0357775949,0.175645053,0.256505847,0.192182481,0.193331659,0.152437702,0.115281381,0.122379117,0.18623586,0.0983446166,0.198974505,0.127155229,0.108669437,0.101765648,-0.01234385,-0.00165987911,0.117978692,0.430693835,0.205727026,0.163828105,0.0192123447,-0.0218892023,-0.00695631327,0.0137698865,0.198553696,0.509755135,0.168416202,0.214313537,0.0591330715,0.0118185496,0.0249640867,0.019562643,-0.0501133576,-0.262447119,-0.540838063,-0.15582794,-0.320263892,-0.280151695,-0.0883990228,-0.0856146514,0.137803212,-0.447276324,-0.748124301,-0.338626146,-0.397796273,-0.200014904,-0.252256155,-0.241752073,0.260018408,0.124967016,-0.0546766706,0.0956459641,-0.0818331391,-0.0939550772,-0.124478534,-0.0708457902,-0.016190866,0.10069336,-0.155224681,0.0582502112,-0.103616938,-0.0820162669,-0.179842442,-0.140757874,-0.00374305737
C1-PREPROC-P2-AFFINE,GOLD-MODEL-C1-B2-R00121,-0.781028986,-0.962250471,-0.800608516,-0.817285478,-0.763783514,0.772295415,0.723505616,0.55660516,-0.833941936,-0.99869138,-0.855934918,-0.859610558,-0.825348258,0.861643314,0.829675019,0.631881475,-1.10834801,-0.804559052,-0.874648094,-0.734718084,-0.7078408,0.950769663,0.944322526,0.954797268,-1.14408553,-0.855763197,-0.843013883,-0.707433701,-0.611531556,0.977498651,0.962462187,0.9353742,-1.16858935,-1.20653772,-0.875309229,-0.616899252,-0.679948151,1.15673077,1.18002927,1.15155578,-1.15888524,-1.2278192,-0.88317585,-0.639253795,-0.713943899,1.13949192,1.1577183,1.13577414,-1.09473622,-0.825922489,-0.83616823,-0.586486518,-0.559509039,0.96264863,0.959143162,0.926992536,-1.10215163,-0.844126701,-0.802055597,-0.546702087,-0.526304305,0.9702245,0.967117369,0.938664436,-0.862630844,-0.930934548,-0.873619199,-0.878375709,-0.837933242,0.890675604,0.85996443,0.668162704,-0.842243671,-0.933678746,-0.864151418,-0.868052423,-0.844263315,0.862682462,0.824166,0.631731212,-1.12126613,-0.880458355,-0.878777206,-0.749655306,-0.727761507,0.957647085,0.946720243,0.932563066,-1.2008388,-1.05713499,-0.836784899,-0.67449367,-0.592535853,1.07514668,1.05353773,0.9447788,-1.24204421,-1.33094656,-0.945675075,-0.632781565,-0.662258148,1.21353984,1.20366347,1.13612485,-1.30161738,-1.35336244,-0.999446332,-0.655610681,-0.678133368,1.25770438,1.2241385,0.796089649,-1.09648657,-0.873896778,-0.831088066,-0.570701897,-0.557210267,0.957451224,0.952927709,0.87742573,-1.14458239,-0.913225591,-0.858117402,-0.590896964,-0.607973993,0.98252821,0.977692127,0.871700764,3.88312697,3.29795098,0.32434231,-0.349008501,-3.44136691,-3.71504092,0.624545991,0.347876996,0.0177829526,0.0090692509,0.00041169647,0.000313128083,1,0.0608452819,-0.0963598415,0.0746044442,0.0829671323,0.0690178424,0.00844282843,0.020340506,0.101588912,0.109875992,-0.0964189246,0.164136425,0.208265886,0.16367197,0.0667291731,0.0872665495,0.145624012,0.312063456,0.141763121,0.152366608,0.0163580347,0.00666715577,-0.0472005382,-0.0022608547,0.0340868048,0.519874334,0.250210226,0.235998034,0.0715166405,0.0321803093,0.0192260817,0.0695611537,0.172050893,-0.0780188963,-0.411722124,-0.0279814694,-0.144264057,0.160912827,0.0207709819,0.0435216501,0.187819123,-0.140857577,-0.484290719,-0.069122009,-0.205392018,-0.154450729,0.0189248733,0.0307921022,0.0330429859,-0.115291812,-0.144516274,-0.0323801003,-0.135104701,-0.12612389,-0.282004595,-0.213502064,-0.0729378462,-0.0514144227,-0.0692215487,0.00422052434,-0.112866051,-0.0962217897,-0.246349007,-0.193066061,-0.0357775949,0.175645053,0.256505847,0.192182481,0.193331659,0.152437702,0.115281388,0.122379109,0.18623586,0.0983446166,0.198974505,0.127155215,0.108669445,0.101765655,-0.01234385,-0.00165987911,0.1179787,0.430693835,0.205727041,0.163828105,0.0192123447,-0.021889206,-0.00695631327,0.0137698883,0.198553696,0.509755135,0.168416202,0.214313537,0.059133064,0.0118185496,0.0249640867,0.0195626449,-0.0501133576,-0.262447119,-0.540838063,-0.15582794,-0.320263952,-0.280151725,-0.0883990303,-0.0856146514,0.137803197,-0.447276264,-0.748124301,-0.338626146,-0.397796273,-0.200014919,-0.252256155,-0.241752088,0.260018438,0.124967031,-0.0546766669,0.0956459716,-0.0818331242,-0.0939550996,-0.124478541,-0.0708457902,-0.0161908641,0.100693367,-0.155224696,0.0582502149,-0.103616953,-0.0820162669,-0.179842472,-0.140757889,-0.00374305714
C1-PREPROC-P3-SPLIT_MEAN,GOLD-MODEL-C1-B2-R00121,-0.781028926,-0.962250531,-0.800608575,-0.817285419,-0.763783455,0.772295415,0.723505616,0.55660516,-0.833941936,-0.99869132,-0.855934918,-0.859610498,-0.825348258,0.861643255,0.829675078,0.631881475,-1.10834801,-0.804559112,-0.874648154,-0.734718084,-0.7078408,0.950769663,0.944322586,0.954797268,-1.14408553,-0.855763137,-0.843013942,-0.70743376,-0.611531556,0.977498591,0.962462187,0.9353742,-1.16858935,-1.20653784,-0.875309408,-0.616899192,-0.67994827,1.15673077,1.18002927,1.15155566,-1.15888536,-1.2278192,-0.88317591,-0.639253736,-0.713943839,1.13949203,1.1577183,1.13577414,-1.09473622,-0.82592243,-0.83616823,-0.586486518,-0.559508979,0.96264863,0.959143281,0.926992536,-1.10215163,-0.844126701,-0.802055538,-0.546702087,-0.526304245,0.970224559,0.967117429,0.938664496,-0.862630844,-0.930934548,-0.873619199,-0.878375649,-0.837933302,0.890675485,0.85996455,0.668162644,-0.842243671,-0.933678806,-0.864151478,-0.868052423,-0.844263256,0.862682462,0.824166,0.631731093,-1.12126613,-0.880458295,-0.878777087,-0.749655306,-0.727761447,0.957647085,0.946720183,0.932563007,-1.2008388,-1.05713511,-0.836784899,-0.67449379,-0.592535913,1.07514668,1.05353773,0.9447788,-1.24204433,-1.33094656,-0.945675015,-0.632781506,-0.662258148,1.21353984,1.20366347,1.13612485,-1.3016175,-1.35336244,-0.999446273,-0.655610621,-0.678133309,1.25770438,1.2241385,0.796089649,-1.09648645,-0.873896778,-0.831088006,-0.570701897,-0.557210267,0.957451224,0.952927709,0.87742573,-1.14458227,-0.913225532,-0.858117402,-0.590896904,-0.607973993,0.98252809,0.977692008,0.871700764,3.88312697,3.29795194,0.324342757,-0.349008948,-3.44136739,-3.71503997,0.624545753,0.347877204,0.0177829526,0.00906924345,0.000411696121,0.000313128287,1,0.0608452782,-0.0963598415,0.0746044442,0.0829671249,0.069017835,0.00844282843,0.020340506,0.101588912,0.109875992,-0.0964189172,0.164136425,0.208265871,0.16367197,0.0667291656,0.0872665569,0.145624012,0.312063456,0.141763121,0.152366608,0.0163580347,0.00666715577,-0.0472005382,-0.0022608547,0.0340868048,0.519874334,0.250210196,0.235998049,0.0715166479,0.0321803093,0.0192260817,0.0695611537,0.172050893,-0.0780188963,-0.411722153,-0.027981475,-0.144264042,0.160912856,0.0207709819,0.0435216501,0.187819108,-0.140857592,-0.484290719,-0.0691220164,-0.205392003,-0.154450715,0.0189248752,0.0307921022,0.0330429859,-0.115291812,-0.144516259,-0.0323801003,-0.135104701,-0.126123875,-0.282004595,-0.213502094,-0.0729378462,-0.0514144227,-0.0692215487,0.00422052434,-0.112866051,-0.0962217748,-0.246349022,-0.193066075,-0.0357775986,0.175645053,0.256505847,0.192182481,0.193331644,0.152437702,0.115281373,0.122379124,0.186235845,0.0983446166,0.19897452,0.127155229,0.108669445,0.101765648,-0.01234385,-0.00165987911,0.117978677,0.430693835,0.205727026,0.16382809,0.0192123447,-0.0218892042,-0.00695631327,0.0137698874,0.198553681,0.509755135,0.168416217,0.214313537,0.0591330752,0.0118185515,0.0249640867,0.0195626449,-0.0501133576,-0.262447119,-0.540838063,-0.155827925,-0.320263922,-0.280151725,-0.0883990303,-0.0856146514,0.137803197,-0.447276324,-0.748124301,-0.338626117,-0.397796243,-0.200014904,-0.252256155,-0.241752088,0.260018438,0.124967016,-0.0546766669,0.0956459641,-0.0818331242,-0.0939550996,-0.124478541,-0.0708457902,-0.0161908641,0.10069336,-0.155224696,0.0582502149,-0.103616938,-0.0820162669,-0.179842442,-0.140757859,-0.00374305714
C1-PREPROC-P4-COMPENSATED,GOLD-MODEL-C1-B2-R00121,-0.781028926,-0.96225059,-0.800608516,-0.817285478,-0.763783455,0.772295475,0.723505616,0.55660516,-0.833941936,-0.99869132,-0.855934978,-0.859610498,-0.825348258,0.861643255,0.829675078,0.631881475,-1.10834801,-0.804559112,-0.874648154,-0.734718144,-0.70784086,0.950769663,0.944322526,0.954797268,-1.14408553,-0.855763197,-0.843014002,-0.70743376,-0.611531556,0.977498591,0.962462246,0.93537426,-1.16858935,-1.20653784,-0.875309408,-0.616899192,-0.67994827,1.15673065,1.18002927,1.15155566,-1.15888536,-1.2278192,-0.88317591,-0.639253676,-0.713943779,1.13949192,1.15771818,1.13577402,-1.09473622,-0.82592243,-0.836168289,-0.586486518,-0.559508979,0.96264863,0.959143281,0.926992595,-1.10215163,-0.844126701,-0.802055538,-0.546702087,-0.526304245,0.970224559,0.967117429,0.938664556,-0.862630844,-0.930934548,-0.873619258,-0.878375709,-0.837933302,0.890675545,0.85996449,0.668162704,-0.842243671,-0.933678806,-0.864151478,-0.868052363,-0.844263256,0.862682462,0.824166,0.631731153,-1.12126613,-0.880458295,-0.878777146,-0.749655306,-0.727761447,0.957647085,0.946720123,0.932563007,-1.2008388,-1.05713499,-0.836784899,-0.67449379,-0.592535853,1.07514668,1.05353761,0.9447788,-1.24204433,-1.33094656,-0.945675075,-0.632781446,-0.662258148,1.21353972,1.20366347,1.13612497,-1.3016175,-1.35336244,-0.999446273,-0.655610621,-0.678133249,1.25770438,1.22413838,0.796089649,-1.09648645,-0.873896778,-0.831088006,-0.570701957,-0.557210207,0.957451224,0.952927709,0.87742573,-1.14458227,-0.913225532,-0.858117342,-0.590896904,-0.607973993,0.98252809,0.977692008,0.871700823,3.88312697,3.29795194,0.324342251,-0.349009305,-3.44136739,-3.71503997,0.624545753,0.347877204,0.0177829452,0.00906923879,0.000411696121,0.000313128287,1,0.0608452782,-0.096359849,0.0746044442,0.0829671323,0.069017835,0.00844282843,0.020340506,0.101588912,0.109875992,-0.0964189172,0.16413644,0.208265871,0.16367197,0.0667291656,0.0872665569,0.145624012,0.312063456,0.141763121,0.152366608,0.0163580365,0.00666715624,-0.0472005382,-0.0022608547,0.0340868048,0.519874334,0.250210226,0.235998064,0.0715166479,0.0321803093,0.0192260817,0.0695611611,0.172050908,-0.0780188963,-0.411722153,-0.027981475,-0.144264042,0.160912856,0.02077098,0.0435216501,0.187819108,-0.140857592,-0.484290719,-0.0691220164,-0.205391973,-0.154450715,0.0189248733,0.0307920985,0.0330429822,-0.115291812,-0.144516259,-0.0323801041,-0.135104701,-0.126123875,-0.282004595,-0.213502094,-0.0729378536,-0.0514144227,-0.0692215487,0.00422052434,-0.112866051,-0.0962217748,-0.246349022,-0.193066075,-0.0357775986,0.175645053,0.256505847,0.192182496,0.193331659,0.152437702,0.115281381,0.122379117,0.18623586,0.0983446166,0.19897452,0.127155229,0.108669437,0.101765648,-0.01234385,-0.00165987911,0.117978692,0.430693835,0.205727026,0.163828105,0.0192123447,-0.0218892042,-0.00695631327,0.0137698865,0.198553681,0.509755135,0.168416202,0.214313537,0.0591330752,0.0118185496,0.0249640867,0.019562643,-0.0501133576,-0.262447119,-0.540838063,-0.15582794,-0.320263892,-0.280151725,-0.0883990228,-0.0856146514,0.137803212,-0.447276324,-0.748124301,-0.338626117,-0.397796243,-0.200014889,-0.252256155,-0.241752073,0.260018438,0.124967016,-0.0546766669,0.0956459641,-0.0818331316,-0.0939550847,-0.124478541,-0.0708457902,-0.0161908641,0.10069336,-0.155224696,0.0582502112,-0.103616938,-0.0820162669,-0.179842442,-0.140757859,-0.00374305737
C1-PREPROC-P0-BASELINE,GOLD-MODEL-C1-B2-R00218,-0.815487504,-1.0503937,-0.486360967,1.05554914,7.95424175,0.786514997,0.7340042,0.562057793,-0.876969516,-1.11768138,-0.780899048,-0.794180334,-0.764327645,0.881685436,0.843520939,0.638619602,-1.54042816,-1.3814801,11.1198139,58.6721039,460.159576,0.0973086506,-6.05240822,0.780130804,-1.47988367,-1.45781732,10.9638195,56.2983665,229.933792,-3.05958343,-26.1233788,-47.1198082,-0.913596451,-1.0129025,1.74507236,2.9912014,2.73403311,0.977096379,1.02457762,1.03760803,-0.92123574,-1.04112232,1.70810902,2.8817451,2.68129516,0.965350866,1.01335061,0.995076478,-1.08286345,-0.927724302,2.97004676,4.12550306,3.47022128,0.984079123,0.987144947,0.927176535,-1.08251488,-0.929346859,3.12009573,4.31011057,3.6934526,0.986884773,0.989692926,0.958906829,-0.901640236,-1.08818591,-0.803615928,-0.815839529,-0.791375518,0.911738753,0.876270175,0.687840044,-0.879803479,-1.06992674,-0.816060424,-0.823702753,-0.814784586,0.882018745,0.840746045,0.639770091,-1.0460887,-0.888298988,2.83984041,3.67317867,3.19544363,0.938082933,0.937578201,0.897025824,-1.11842895,-1.08841288,2.71221042,3.26024532,2.55819392,1.05291176,1.04241228,0.915620863,-0.927032351,-1.04451978,1.74628544,2.82170296,3.03262258,0.990431726,1.02703893,0.942997575,-0.991514802,-1.09562933,1.72772372,2.58412242,2.58247447,1.03626919,1.05414426,1.05901861,-1.04644227,-0.920012832,2.88181686,4.37181664,4.60572863,0.950456142,0.952630579,0.891526878,-1.11174655,-0.990505457,2.8593595,4.15218925,4.35515738,0.990449131,0.990837514,0.906919122,-21.6566753,158.091171,82.9141922,44.4622421,-74.6554947,-189.155518,0,1,2.244155e-33,0,0,0,2,0.247780457,0.600885868,0.0952159166,-0.17781581,-1.21542335,0.21249339,0.171352044,0.0545555763,0.302485466,0.698071003,0.162442431,0.125171915,0.103588603,0.291645259,0.250473142,0.0789095834,-0.199163675,-0.569380462,3.72949457,13.4625206,66.2692032,-0.0357534811,2.19268346,-0.051054664,0.00849792361,-0.45951283,3.21684408,11.1700668,25.3195,1.05887747,9.38607979,9.43053341,0.381040782,0.544467747,-0.00664773304,-0.17631413,0.380850911,0.149467438,0.0580231249,0.204611093,0.373943299,0.522253215,0.00348988664,-0.250634193,-0.244437486,0.139200225,0.0662517026,0.143343613,-0.0236500017,-0.444866896,0.823209047,0.520448208,0.13002643,-0.263733,-0.296745628,-0.157451406,0.0202088933,-0.475435972,0.790388346,0.340232819,0.136161551,-0.274808407,-0.297100961,-0.0856690928,0.298850805,0.561824381,0.160477459,0.13500151,0.125842482,0.289785564,0.252242267,0.0924412161,0.307186455,0.576226294,0.186246008,0.164749056,0.161351219,0.312585145,0.267135203,0.0987475365,-0.100067072,-0.303868979,0.890155792,0.803731084,0.410856575,-0.315439373,-0.304493189,-0.183913603,0.133486643,-0.174237654,0.669849217,0.561605036,0.252989262,-0.228387505,-0.236964718,0.0795063004,0.455855817,0.485017776,-0.0721135661,-0.529845297,-0.162430137,0.195267946,0.146063522,0.209880978,0.47660166,0.487098038,-0.0665201843,-0.327463359,0.213893235,0.196222991,0.121174604,0.215035111,0.00194122433,-0.44558084,0.828006923,0.434016347,0.186863258,-0.257359654,-0.294500083,-0.105751887,0.0618630834,-0.389439076,0.791425169,0.532963872,0.510058165,-0.218533099,-0.256398529,-0.0497549661
C1-PREPROC-P1-RECIPROCAL,GOLD-MODEL-C1-B2-R00218,-0.815487504,-1.05039382,-0.486360937,1.05554914,7.95424175,0.786515057,0.7340042,0.562057793,-0.876969516,-1.11768138,-0.780899048,-0.794180334,-0.764327645,0.881685436,0.843520939,0.638619602,-1.54042816,-1.3814801,11.1198139,58.6721077,460.159576,0.0973086506,-6.05240774,0.780130744,-1.47988355,-1.45781744,10.9638195,56.2983665,229.933792,-3.05958366,-26.1233807,-47.119812,-0.913596392,-1.0129025,1.74507236,2.9912014,2.73403311,0.977096379,1.02457762,1.03760803,-0.9212358,-1.04112232,1.70810902,2.8817451,2.68129492,0.965350866,1.01335049,0.995076418,-1.08286345,-0.927724302,2.97004676,4.12550259,3.47022128,0.984079063,0.987144947,0.927176535,-1.08251488,-0.929346859,3.12009597,4.31011057,3.6934526,0.986884773,0.989692926,0.958906829,-0.901640236,-1.08818579,-0.803615868,-0.815839589,-0.791375458,0.911738753,0.876270115,0.687840044,-0.879803479,-1.06992662,-0.816060424,-0.823702753,-0.814784527,0.882018745,0.840746045,0.639770091,-1.0460887,-0.888298988,2.83984041,3.67317867,3.19544339,0.938082933,0.937578142,0.897025883,-1.11842895,-1.08841288,2.71221042,3.26024532,2.55819392,1.05291176,1.04241216,0.915620863,-0.927032351,-1.04451966,1.74628532,2.82170272,3.03262258,0.990431666,1.02703881,0.942997634,-0.991514742,-1.09562933,1.72772372,2.58412242,2.58247447,1.03626919,1.05414426,1.05901849,-1.04644227,-0.920012832,2.88181686,4.37181664,4.60572815,0.950456142,0.952630639,0.891526878,-1.11174655,-0.990505397,2.8593595,4.15218925,4.35515738,0.990449131,0.990837574,0.906919181,-21.6566753,158.091171,82.9141922,44.4622345,-74.6554871,-189.155518,0,1,2.244155e-33,0,0,0,2,0.247780457,0.600885987,0.0952159092,-0.17781581,-1.21542335,0.212493405,0.171352044,0.0545555763,0.302485466,0.698071003,0.162442431,0.125171915,0.103588603,0.291645259,0.250473142,0.0789095834,-0.199163675,-0.569380462,3.72949457,13.4625216,66.2692032,-0.0357534811,2.19268322,-0.0510546602,0.00849792361,-0.459512889,3.21684408,11.1700668,25.3195,1.05887759,9.38608074,9.43053341,0.381040752,0.544467747,-0.00664773304,-0.17631413,0.380850911,0.149467438,0.0580231249,0.204611093,0.373943299,0.522253215,0.00348988664,-0.250634193,-0.244437471,0.139200225,0.0662516952,0.143343613,-0.0236500017,-0.444866896,0.823209047,0.520448148,0.13002643,-0.263733,-0.296745628,-0.157451406,0.0202088933,-0.475435972,0.790388405,0.340232819,0.136161551,-0.274808407,-0.297100961,-0.0856690928,0.298850805,0.561824322,0.160477459,0.135001525,0.125842482,0.289785564,0.252242267,0.0924412161,0.307186455,0.576226234,0.186246008,0.164749056,0.161351204,0.312585145,0.267135203,0.0987475365,-0.100067072,-0.303868979,0.890155792,0.803731084,0.410856545,-0.315439373,-0.304493189,-0.183913618,0.133486643,-0.174237654,0.669849217,0.561605036,0.252989262,-0.228387505,-0.236964688,0.0795063004,0.455855817,0.485017717,-0.0721135587,-0.529845297,-0.162430137,0.195267931,0.146063507,0.209880993,0.47660163,0.487098038,-0.0665201843,-0.327463359,0.213893235,0.196222991,0.121174604,0.215035081,0.00194122433,-0.44558084,0.828006923,0.434016347,0.186863244,-0.257359654,-0.294500083,-0.105751887,0.0618630834,-0.389439046,0.791425169,0.532963872,0.510058165,-0.218533099,-0.256398559,-0.0497549698
C1-PREPROC-P2-AFFINE,GOLD-MODEL-C1-B2-R00218,-0.815487504,-1.0503937,-0.486360967,1.05554903,7.95424175,0.786514997,0.7340042,0.562057793,-0.876969457,-1.11768126,-0.780899048,-0.794180334,-0.764327645,0.881685436,0.843520939,0.638619661,-1.54042828,-1.38147986,11.1198139,58.6721115,460.159576,0.0973086357,-6.05240822,0.780130744,-1.47988367,-1.45781744,10.9638195,56.2983665,229.933792,-3.05958366,-26.1233826,-47.119812,-0.913596392,-1.01290262,1.74507248,2.9912014,2.73403311,0.977096498,1.02457762,1.03760803,-0.921235681,-1.04112244,1.70810902,2.8817451,2.68129492,0.965350747,1.01335061,0.995076537,-1.08286345,-0.927724302,2.97004676,4.12550259,3.47022128,0.984079182,0.987144887,0.927176595,-1.08251488,-0.929346859,3.12009621,4.31011057,3.69345284,0.986884654,0.989692867,0.958906889,-0.901640236,-1.08818579,-0.803615928,-0.815839529,-0.791375458,0.911738694,0.876270056,0.687840044,-0.879803479,-1.06992674,-0.816060364,-0.823702753,-0.814784646,0.882018805,0.840746045,0.63977015,-1.04608858,-0.888298988,2.83984041,3.67317867,3.19544339,0.938082933,0.937578201,0.897025824,-1.11842895,-1.08841288,2.71221018,3.26024532,2.55819368,1.05291176,1.04241228,0.915620923,-0.927032351,-1.04451978,1.74628532,2.82170272,3.03262258,0.990431845,1.02703893,0.942997456,-0.991514742,-1.09562945,1.72772372,2.58412218,2.58247423,1.03626919,1.05414426,1.05901861,-1.04644227,-0.920012712,2.88181734,4.37181711,4.60572815,0.950456142,0.952630579,0.891526878,-1.11174667,-0.990505576,2.85935926,4.15218925,4.35515738,0.99044925,0.990837634,0.906919122,-21.6566753,158.091171,82.9141998,44.4622345,-74.6554871,-189.155518,0,1,2.2441719e-33,0,0,0,2,0.247780457,0.600885868,0.0952159166,-0.177815795,-1.21542335,0.21249339,0.171352044,0.0545555763,0.302485436,0.698070943,0.162442431,0.125171915,0.103588603,0.291645259,0.250473142,0.0789095908,-0.19916369,-0.569380343,3.72949457,13.4625225,66.2692032,-0.0357534774,2.19268346,-0.0510546602,0.00849792361,-0.459512889,3.21684408,11.1700668,25.3195,1.05887759,9.38608074,9.43053341,0.381040752,0.544467807,-0.00664773351,-0.17631413,0.380850911,0.149467453,0.0580231249,0.204611093,0.373943269,0.522253275,0.00348988664,-0.250634193,-0.244437471,0.139200211,0.0662517026,0.143343627,-0.0236500017,-0.444866896,0.823209047,0.520448148,0.13002643,-0.263733029,-0.296745598,-0.157451406,0.0202088933,-0.475435972,0.790388465,0.340232819,0.136161566,-0.274808377,-0.297100961,-0.0856691003,0.298850805,0.561824322,0.160477459,0.13500151,0.125842482,0.289785534,0.252242237,0.0924412161,0.307186455,0.576226294,0.186245993,0.164749056,0.161351234,0.312585145,0.267135203,0.0987475514,-0.100067057,-0.303868979,0.890155792,0.803731084,0.410856545,-0.315439373,-0.304493189,-0.183913603,0.133486643,-0.174237654,0.669849157,0.561605036,0.252989233,-0.228387505,-0.236964718,0.0795063004,0.455855817,0.485017776,-0.0721135587,-0.529845297,-0.162430137,0.195267975,0.146063522,0.209880948,0.47660163,0.487098098,-0.0665201843,-0.327463329,0.213893205,0.196222991,0.121174604,0.215035111,0.00194122433,-0.445580781,0.828007102,0.434016377,0.186863244,-0.257359654,-0.294500083,-0.105751887,0.0618630908,-0.389439106,0.791425049,0.532963872,0.510058165,-0.218533128,-0.256398559,-0.0497549661
C1-PREPROC-P3-SPLIT_MEAN,GOLD-MODEL-C1-B2-R00218,-0.815487504,-1.0503937,-0.486360967,1.05554914,7.95424175,0.786514997,0.7340042,0.562057793,-0.876969516,-1.11768138,-0.780899048,-0.794180334,-0.764327645,0.881685436,0.843520939,0.638619602,-1.54042816,-1.3814801,11.1198139,58.6721039,460.159576,0.0973086432,-6.05240822,0.780130804,-1.47988367,-1.45781732,10.9638195,56.2983665,229.933792,-3.05958343,-26.1233788,-47.1198082,-0.913596451,-1.01290262,1.74507236,2.9912014,2.73403311,0.977096498,1.02457762,1.03760791,-0.92123574,-1.04112244,1.70810902,2.8817451,2.68129516,0.965350807,1.01335061,0.995076478,-1.08286345,-0.927724183,2.97004676,4.12550306,3.47022128,0.984079182,0.987144947,0.927176595,-1.08251488,-0.929346859,3.12009573,4.31011057,3.6934526,0.986884773,0.989692926,0.958906889,-0.901640236,-1.08818591,-0.803615928,-0.815839469,-0.791375518,0.911738753,0.876270175,0.687840044,-0.879803479,-1.06992674,-0.816060424,-0.823702753,-0.814784586,0.882018745,0.840746045,0.639770091,-1.0460887,-0.888298988,2.83984041,3.67317867,3.19544363,0.938082933,0.937578201,0.897025824,-1.11842895,-1.08841288,2.71221042,3.26024532,2.55819392,1.05291176,1.04241228,0.915620863,-0.927032351,-1.04451978,1.74628544,2.82170296,3.03262258,0.990431786,1.02703893,0.942997515,-0.991514802,-1.09562933,1.72772372,2.58412242,2.58247447,1.03626919,1.05414426,1.05901861,-1.04644215,-0.920012712,2.88181686,4.37181664,4.60572863,0.950456202,0.952630579,0.891526818,-1.11174655,-0.990505457,2.8593595,4.15218925,4.35515738,0.990449131,0.990837514,0.906919122,-21.6566753,158.091171,82.9141922,44.4622421,-74.6554947,-189.155518,0,1,2.244155e-33,0,0,0,2,0.247780457,0.600885868,0.0952159166,-0.17781581,-1.21542335,0.21249339,0.171352044,0.0545555763,0.302485466,0.698071003,0.162442431,0.125171915,0.103588603,0.291645259,0.250473142,0.0789095834,-0.199163675,-0.569380462,3.72949457,13.4625206,66.2692032,-0.0357534811,2.19268346,-0.051054664,0.00849792361,-0.45951283,3.21684408,11.1700668,25.3195,1.05887747,9.38607979,9.43053341,0.381040782,0.544467807,-0.00664773304,-0.17631413,0.380850911,0.149467453,0.0580231249,0.204611063,0.373943299,0.522253275,0.00348988664,-0.250634193,-0.244437486,0.139200211,0.0662517026,0.143343613,-0.0236500017,-0.444866836,0.823209047,0.520448208,0.13002643,-0.263733029,-0.296745628,-0.157451406,0.0202088933,-0.475435972,0.790388346,0.340232819,0.136161551,-0.274808407,-0.297100961,-0.0856691003,0.298850805,0.561824381,0.160477459,0.13500151,0.125842482,0.289785564,0.252242267,0.0924412161,0.307186455,0.576226294,0.186246008,0.164749056,0.161351219,0.312585145,0.267135203,0.0987475365,-0.100067072,-0.303868979,0.890155792,0.803731084,0.410856575,-0.315439373,-0.304493189,-0.183913603,0.133486643,-0.174237654,0.669849217,0.561605036,0.252989262,-0.228387505,-0.236964718,0.0795063004,0.455855817,0.485017776,-0.0721135661,-0.529845297,-0.162430137,0.19526796,0.146063522,0.209880963,0.47660166,0.487098038,-0.0665201843,-0.327463359,0.213893235,0.196222991,0.121174604,0.215035111,0.00194122409,-0.445580781,0.828006923,0.434016347,0.186863258,-0.257359654,-0.294500083,-0.10575188,0.0618630834,-0.389439076,0.791425169,0.532963872,0.510058165,-0.218533099,-0.256398529,-0.0497549661
C1-PREPROC-P4-COMPENSATED,GOLD-MODEL-C1-B2-R00218,-0.815487504,-1.05039382,-0.486360937,1.05554914,7.95424175,0.786515057,0.7340042,0.562057793,-0.876969516,-1.11768138,-0.780899107,-0.794180334,-0.764327645,0.881685436,0.843520939,0.638619602,-1.54042816,-1.3814801,11.1198139,58.6721039,460.159576,0.0973086357,-6.05240774,0.780130744,-1.47988355,-1.45781744,10.9638195,56.2983665,229.933792,-3.05958366,-26.1233807,-47.119812,-0.913596392,-1.01290262,1.74507236,2.9912014,2.73403311,0.977096438,1.02457762,1.03760791,-0.92123574,-1.04112244,1.70810902,2.8817451,2.68129492,0.965350747,1.01335049,0.995076478,-1.08286345,-0.927724242,2.970047,4.12550259,3.47022128,0.984079182,0.987144947,0.927176654,-1.08251488,-0.929346859,3.12009597,4.31011057,3.6934526,0.986884713,0.989692926,0.958906889,-0.901640236,-1.08818579,-0.803615928,-0.815839529,-0.791375458,0.911738753,0.876270115,0.687840044,-0.879803479,-1.06992662,-0.816060424,-0.823702753,-0.814784527,0.882018745,0.840746045,0.639770091,-1.0460887,-0.888298988,2.83984041,3.67317867,3.19544363,0.938082933,0.937578142,0.897025824,-1.11842895,-1.08841288,2.71221042,3.26024532,2.55819392,1.05291176,1.04241216,0.915620863,-0.927032351,-1.04451966,1.74628544,2.82170272,3.03262258,0.990431845,1.02703881,0.942997515,-0.991514742,-1.09562933,1.72772372,2.58412242,2.58247447,1.03626919,1.05414426,1.05901861,-1.04644215,-0.920012772,2.88181686,4.37181664,4.60572815,0.950456202,0.952630579,0.891526818,-1.11174655,-0.990505457,2.8593595,4.15218925,4.35515738,0.990449131,0.990837514,0.906919181,-21.6566753,158.091171,82.9141922,44.4622345,-74.6554871,-189.155518,0,1,2.244155e-33,0,0,0,2,0.247780457,0.600885987,0.0952159092,-0.17781581,-1.21542335,0.212493405,0.171352044,0.0545555763,0.302485466,0.698071003,0.162442446,0.125171915,0.103588603,0.291645259,0.250473142,0.0789095834,-0.199163675,-0.569380462,3.72949457,13.4625206,66.2692032,-0.0357534774,2.19268322,-0.0510546602,0.00849792361,-0.459512889,3.21684408,11.1700668,25.3195,1.05887759,9.38608074,9.43053341,0.381040752,0.544467807,-0.00664773304,-0.17631413,0.380850911,0.149467453,0.0580231249,0.204611063,0.373943299,0.522253275,0.00348988664,-0.250634193,-0.244437471,0.139200211,0.0662516952,0.143343613,-0.0236500017,-0.444866866,0.823209107,0.520448148,0.13002643,-0.263733029,-0.296745628,-0.157451421,0.0202088933,-0.475435972,0.790388405,0.340232819,0.136161551,-0.274808377,-0.297100961,-0.0856691003,0.298850805,0.561824322,0.160477459,0.13500151,0.125842482,0.289785564,0.252242267,0.0924412161,0.307186455,0.576226234,0.186246008,0.164749056,0.161351204,0.312585145,0.267135203,0.0987475365,-0.100067072,-0.303868979,0.890155792,0.803731084,0.410856575,-0.315439373,-0.304493189,-0.183913603,0.133486643,-0.174237654,0.669849217,0.561605036,0.252989262,-0.228387505,-0.236964688,0.0795063004,0.455855817,0.485017717,-0.0721135661,-0.529845297,-0.162430137,0.195267975,0.146063507,0.209880963,0.47660163,0.487098038,-0.0665201843,-0.327463359,0.213893235,0.196222991,0.121174604,0.215035111,0.00194122409,-0.44558081,0.828006923,0.434016347,0.186863244,-0.257359654,-0.294500083,-0.10575188,0.0618630834,-0.389439076,0.791425169,0.532963872,0.510058165,-0.218533099,-0.256398529,-0.0497549698
C1-PREPROC-P0-BASELINE,GOLD-MODEL-C1-B2-R00231,-0.813278615,-1.04426086,-0.809072375,-0.825131893,-0.771631598,0.78623873,0.734849095,0.561647236,-0.879557431,-1.12574899,-0.868143499,-0.868062437,-0.82958132,0.883095562,0.846447289,0.63666451,-1.49864721,-1.37334871,-1.28489721,-1.13763738,-1.00890064,1.16760564,1.12274897,1.07687271,-1.5514518,-1.47679412,-1.24806261,-1.11575961,-1.00150859,1.2194947,1.18417835,1.23379159,-1.52744877,-1.67580235,-1.43712926,-1.38127816,-1.21435094,1.36499631,1.34494209,1.19517589,-1.49791026,-1.65990186,-1.42113483,-1.36694646,-1.26389194,1.3354919,1.31924641,1.22273719,-1.51777256,-1.38964188,-1.36058438,-1.16590178,-1.00028598,1.19731688,1.15071583,1.07367933,-1.54881692,-1.39775562,-1.34709561,-1.15254581,-0.996706188,1.21647739,1.16461194,1.0981468,-0.90580076,-1.10946953,-0.885369241,-0.886762857,-0.847197831,0.912161589,0.873940587,0.668255746,-0.882651269,-1.08333755,-0.874197364,-0.874423862,-0.852125764,0.881554782,0.838045537,0.639129162,-1.52800846,-1.452968,-1.29348564,-1.13384438,-1.01220798,1.18059909,1.10354781,0.849131763,-1.60712564,-1.65929377,-1.24406576,-1.09954119,-0.844009161,1.33125103,1.2509892,0.997479439,-1.64423835,-1.87141049,-1.51397586,-1.35248435,-1.13851333,1.41895044,1.28636134,0.534983218,-1.72332382,-1.92095137,-1.57786763,-1.35828602,-1.06020033,1.4802115,1.33890903,1.16156173,-1.5180198,-1.39215255,-1.32680666,-1.1192435,-1.03144395,1.18223751,1.1123035,0.875410914,-1.58906436,-1.47174299,-1.38187516,-1.17348909,-1.07846212,1.22411585,1.15182936,0.904273689,1.35460293,1.13784325,-1.3769511,-0.855887771,-0.857015014,0.597409964,0.390870422,0.314698964,0.025452707,0.0428577028,0.0428094231,0.183310822,1,0.0633576587,-0.104572363,0.0753931478,0.0837636665,0.0697270185,0.008595258,0.0206594151,0.102509171,0.115886055,-0.108685732,0.166477576,0.210313603,0.164511412,0.0683905184,0.089030683,0.14672631,0.421955049,0.241983712,0.223833367,0.0253287777,0.0095028393,-0.0579652637,-0.00268803514,0.0384449661,0.704982221,0.431788802,0.349389642,0.112795554,0.0527018718,0.023985818,0.0855855122,0.226941213,-0.101977542,-0.571855247,-0.0459414646,-0.323016733,0.287381679,0.0245107282,0.0496039353,0.194933578,-0.182064623,-0.654717803,-0.111225523,-0.439199418,-0.273423493,0.022180073,0.0350883007,0.0355729982,-0.159843758,-0.243153408,-0.052687794,-0.268580467,-0.225483328,-0.35074985,-0.256145507,-0.0844794884,-0.0722509697,-0.114621192,0.00708859833,-0.237941831,-0.182223201,-0.308874905,-0.232491985,-0.0418563336,0.184435114,0.305698633,0.194767296,0.195177674,0.154123113,0.118062347,0.124368019,0.186261788,0.103062816,0.230868012,0.128633425,0.109467067,0.102713376,-0.0126138888,-0.00168783264,0.119360298,0.586929202,0.339499086,0.241141111,0.0290584322,-0.0304446295,-0.00857582781,0.0160509199,0.180790186,0.682223618,0.264348418,0.318624437,0.0963971093,0.0168343652,0.0309106354,0.023229029,-0.052908726,-0.347431749,-0.760458767,-0.24947229,-0.684520543,-0.481619537,-0.103361949,-0.0914968178,0.0648893416,-0.592187762,-1.06188142,-0.534603179,-0.82414937,-0.312705278,-0.29688412,-0.264417827,0.37938875,0.173009351,-0.0871021152,0.152695864,-0.16048868,-0.173918933,-0.153703079,-0.0826946422,-0.0161536857,0.139796183,-0.250158191,0.0938036293,-0.2057776,-0.14548555,-0.2240628,-0.165828332,-0.00388292433
C1-PREPROC-P1-RECIPROCAL,GOLD-MODEL-C1-B2-R00231,-0.813278615,-1.04426086,-0.809072316,-0.825131893,-0.771631598,0.78623879,0.734849095,0.561647236,-0.879557431,-1.12574899,-0.868143439,-0.868062377,-0.82958132,0.883095562,0.846447289,0.63666451,-1.49864709,-1.37334871,-1.28489721,-1.1376375,-1.00890064,1.16760564,1.12274885,1.07687271,-1.5514518,-1.47679412,-1.24806261,-1.11575961,-1.00150847,1.2194947,1.18417835,1.23379159,-1.52744865,-1.67580235,-1.43712926,-1.38127816,-1.21435094,1.36499631,1.34494209,1.19517589,-1.49791038,-1.65990174,-1.42113483,-1.36694634,-1.26389182,1.3354919,1.31924641,1.22273707,-1.51777244,-1.38964188,-1.36058426,-1.16590178,-1.00028598,1.19731677,1.15071583,1.07367933,-1.54881692,-1.39775562,-1.34709573,-1.15254581,-0.996706188,1.21647751,1.16461194,1.0981468,-0.90580076,-1.10946941,-0.885369182,-0.886762857,-0.847197831,0.912161589,0.873940527,0.668255746,-0.882651269,-1.08333755,-0.874197364,-0.874423862,-0.852125704,0.881554842,0.838045597,0.639129221,-1.52800846,-1.452968,-1.29348576,-1.13384438,-1.01220798,1.18059909,1.10354769,0.849131823,-1.60712564,-1.65929365,-1.24406576,-1.09954131,-0.844009161,1.33125103,1.25098908,0.997479439,-1.64423835,-1.87141049,-1.51397586,-1.35248435,-1.13851333,1.41895044,1.28636134,0.534983218,-1.7233237,-1.92095137,-1.57786763,-1.35828602,-1.06020033,1.4802115,1.33890903,1.16156173,-1.5180198,-1.39215255,-1.32680666,-1.1192435,-1.03144383,1.18223739,1.1123035,0.875410914,-1.58906436,-1.47174287,-1.38187516,-1.17348909,-1.07846212,1.22411585,1.15182948,0.904273689,1.35460317,1.13784337,-1.37695122,-0.855888963,-0.857015491,0.597409666,0.390870512,0.314698964,0.0254526995,0.0428576544,0.042809397,0.183310762,1,0.0633576587,-0.104572363,0.0753931403,0.0837636665,0.0697270185,0.00859525893,0.0206594151,0.102509171,0.115886055,-0.108685732,0.166477576,0.210313588,0.164511412,0.0683905184,0.089030683,0.14672631,0.421955019,0.241983712,0.223833367,0.0253287815,0.0095028393,-0.0579652637,-0.0026880349,0.0384449661,0.704982221,0.431788802,0.349389642,0.112795554,0.0527018644,0.023985818,0.0855855122,0.226941213,-0.101977527,-0.571855247,-0.0459414646,-0.323016733,0.287381679,0.0245107282,0.0496039353,0.194933578,-0.182064638,-0.654717743,-0.111225523,-0.439199358,-0.273423463,0.022180073,0.0350883007,0.0355729945,-0.159843743,-0.243153408,-0.0526877902,-0.268580467,-0.225483328,-0.35074982,-0.256145507,-0.0844794884,-0.0722509697,-0.114621192,0.00708859926,-0.237941831,-0.182223201,-0.308874935,-0.232491985,-0.0418563336,0.184435114,0.305698603,0.194767281,0.195177674,0.154123113,0.118062347,0.124368012,0.186261788,0.103062816,0.230868012,0.128633425,0.109467067,0.102713376,-0.0126138888,-0.00168783276,0.119360313,0.586929202,0.339499086,0.241141126,0.0290584322,-0.0304446295,-0.00857582781,0.016050918,0.180790201,0.682223618,0.264348388,0.318624437,0.0963971168,0.0168343652,0.0309106354,0.0232290272,-0.052908726,-0.347431749,-0.760458767,-0.24947229,-0.684520543,-0.481619537,-0.103361949,-0.0914968178,0.0648893416,-0.592187703,-1.06188142,-0.534603179,-0.82414937,-0.312705278,-0.29688412,-0.264417827,0.37938875,0.173009351,-0.0871021152,0.152695864,-0.16048868,-0.173918918,-0.153703064,-0.0826946422,-0.0161536857,0.139796183,-0.250158161,0.0938036293,-0.2057776,-0.14548555,-0.2240628,-0.165828362,-0.00388292433
C1-PREPROC-P2-AFFINE,GOLD-MODEL-C1-B2-R00231,-0.813278615,-1.04426074,-0.809072316,-0.825131893,-0.771631658,0.78623879,0.734849155,0.561647236,-0.879557371,-1.12574887,-0.868143499,-0.868062437,-0.82958138,0.883095562,0.846447229,0.63666451,-1.49864721,-1.37334847,-1.28489709,-1.13763738,-1.00890064,1.16760564,1.12274885,1.07687271,-1.5514518,-1.47679412,-1.24806249,-1.11575949,-1.00150859,1.2194947,1.18417835,1.23379159,-1.52744865,-1.67580247,-1.43712914,-1.38127816,-1.21435094,1.36499643,1.34494209,1.19517589,-1.49791014,-1.65990186,-1.42113483,-1.36694646,-1.26389182,1.3354919,1.31924641,1.22273719,-1.51777244,-1.38964188,-1.36058438,-1.16590178,-1.0002861,1.19731688,1.15071571,1.07367933,-1.54881704,-1.39775562,-1.34709561,-1.15254581,-0.996706188,1.21647739,1.16461194,1.09814668,-0.90580076,-1.10946953,-0.885369241,-0.886762798,-0.847197831,0.912161589,0.873940527,0.668255746,-0.882651269,-1.08333755,-0.874197304,-0.874423862,-0.852125764,0.881554902,0.838045597,0.639129281,-1.52800846,-1.45296812,-1.29348564,-1.13384438,-1.01220798,1.18059909,1.10354781,0.849131763,-1.60712564,-1.65929365,-1.24406576,-1.09954119,-0.844009161,1.33125103,1.25098908,0.997479439,-1.64423835,-1.87141049,-1.51397574,-1.35248446,-1.13851345,1.41895044,1.28636146,0.534983099,-1.7233237,-1.9209516,-1.57786751,-1.35828602,-1.06020033,1.4802115,1.33890903,1.16156173,-1.5180198,-1.39215255,-1.32680666,-1.1192435,-1.03144395,1.18223751,1.1123035,0.875410855,-1.58906436,-1.47174299,-1.38187516,-1.17348921,-1.07846212,1.22411585,1.15182948,0.904273689,1.35460293,1.13784409,-1.3769511,-0.855889201,-0.857015729,0.597410679,0.390870333,0.314699113,0.0254526995,0.042857632,0.0428093784,0.183310896,1,0.0633576587,-0.104572356,0.0753931403,0.0837636665,0.0697270259,0.00859525893,0.0206594169,0.102509171,0.115886047,-0.108685724,0.166477576,0.210313603,0.164511427,0.0683905184,0.0890306756,0.14672631,0.421955049,0.241983682,0.223833337,0.0253287777,0.0095028393,-0.0579652637,-0.0026880349,0.0384449661,0.704982221,0.431788802,0.349389613,0.112795539,0.0527018718,0.023985818,0.0855855122,0.226941213,-0.101977527,-0.571855247,-0.0459414609,-0.323016733,0.287381679,0.0245107301,0.0496039353,0.194933578,-0.182064608,-0.654717803,-0.111225523,-0.439199418,-0.273423463,0.022180073,0.0350883007,0.0355729982,-0.159843743,-0.243153408,-0.052687794,-0.268580467,-0.225483358,-0.35074985,-0.256145477,-0.0844794884,-0.0722509772,-0.114621192,0.00708859833,-0.237941831,-0.182223201,-0.308874905,-0.232491985,-0.0418563299,0.184435114,0.305698633,0.194767296,0.195177674,0.154123113,0.118062347,0.124368012,0.186261788,0.103062816,0.230868012,0.12863341,0.109467067,0.102713376,-0.0126138898,-0.00168783276,0.11936032,0.586929202,0.339499116,0.241141111,0.0290584322,-0.0304446295,-0.00857582781,0.0160509199,0.180790186,0.682223618,0.264348388,0.318624437,0.0963971093,0.0168343652,0.0309106354,0.0232290272,-0.052908726,-0.347431749,-0.760458767,-0.249472275,-0.684520602,-0.481619596,-0.103361949,-0.0914968327,0.0648893341,-0.592187703,-1.06188154,-0.534603179,-0.82414937,-0.312705278,-0.29688412,-0.264417827,0.37938875,0.173009351,-0.0871021152,0.152695864,-0.16048868,-0.173918933,-0.153703079,-0.0826946422,-0.0161536839,0.139796183,-0.250158191,0.0938036293,-0.20577763,-0.14548555,-0.2240628,-0.165828362,-0.00388292433
C1-PREPROC-P3-SPLIT_MEAN,GOLD-MODEL-C1-B2-R00231,-0.813278615,-1.04426086,-0.809072375,-0.825131893,-0.771631598,0.78623873,0.734849095,0.561647236,-0.879557431,-1.12574899,-0.868143499,-0.868062437,-0.82958132,0.883095562,0.846447289,0.63666451,-1.49864721,-1.37334871,-1.28489721,-1.13763738,-1.00890064,1.16760564,1.12274897,1.07687271,-1.5514518,-1.47679412,-1.24806261,-1.11575961,-1.00150859,1.2194947,1.18417835,1.23379159,-1.52744877,-1.67580247,-1.43712926,-1.38127816,-1.21435094,1.36499631,1.34494209,1.19517589,-1.49791026,-1.65990198,-1.42113483,-1.36694646,-1.26389194,1.3354919,1.31924641,1.22273719,-1.51777256,-1.38964176,-1.36058438,-1.16590178,-1.00028598,1.19731688,1.15071583,1.07367933,-1.54881692,-1.39775562,-1.34709561,-1.15254581,-0.996706188,1.21647739,1.16461194,1.0981468,-0.90580076,-1.10946953,-0.885369241,-0.886762857,-0.847197831,0.912161589,0.873940587,0.668255746,-0.882651269,-1.08333755,-0.874197364,-0.874423862,-0.852125764,0.881554782,0.838045537,0.639129162,-1.52800846,-1.452968,-1.29348564,-1.13384438,-1.01220798,1.18059909,1.10354781,0.849131763,-1.60712564,-1.65929377,-1.24406576,-1.09954119,-0.844009161,1.33125103,1.2509892,0.997479439,-1.64423835,-1.87141049,-1.51397586,-1.35248435,-1.13851333,1.41895044,1.28636134,0.534983158,-1.72332382,-1.92095137,-1.57786763,-1.35828602,-1.06020033,1.4802115,1.33890903,1.16156185,-1.5180198,-1.39215255,-1.32680666,-1.1192435,-1.03144395,1.18223751,1.1123035,0.875410855,-1.58906436,-1.47174299,-1.38187516,-1.17348909,-1.07846212,1.22411585,1.15182936,0.904273689,1.35460293,1.13784373,-1.3769511,-0.855887771,-0.857015491,0.597410202,0.390870363,0.314699024,0.0254527014,0.0428576954,0.0428093933,0.183310837,1,0.0633576587,-0.104572363,0.0753931478,0.0837636665,0.0697270185,0.008595258,0.0206594151,0.102509171,0.115886055,-0.108685732,0.166477576,0.210313603,0.164511412,0.0683905184,0.089030683,0.14672631,0.421955049,0.241983712,0.223833367,0.0253287777,0.0095028393,-0.0579652637,-0.00268803514,0.0384449661,0.704982221,0.431788802,0.349389642,0.112795554,0.0527018718,0.023985818,0.0855855122,0.226941213,-0.101977542,-0.571855247,-0.0459414646,-0.323016733,0.287381679,0.0245107282,0.0496039353,0.194933578,-0.182064623,-0.654717803,-0.111225523,-0.439199418,-0.273423493,0.022180073,0.0350883007,0.0355729982,-0.159843758,-0.243153378,-0.052687794,-0.268580467,-0.225483328,-0.35074985,-0.256145507,-0.0844794884,-0.0722509697,-0.114621192,0.00708859833,-0.237941831,-0.182223201,-0.308874905,-0.232491985,-0.0418563336,0.184435114,0.305698633,0.194767296,0.195177674,0.154123113,0.118062347,0.124368019,0.186261788,0.103062816,0.230868012,0.128633425,0.109467067,0.102713376,-0.0126138888,-0.00168783264,0.119360298,0.586929202,0.339499086,0.241141111,0.0290584322,-0.0304446295,-0.00857582781,0.0160509199,0.180790186,0.682223618,0.264348418,0.318624437,0.0963971093,0.0168343652,0.0309106354,0.023229029,-0.052908726,-0.347431749,-0.760458767,-0.24947229,-0.684520543,-0.481619537,-0.103361949,-0.0914968178,0.0648893416,-0.592187762,-1.06188142,-0.534603179,-0.82414937,-0.312705278,-0.29688412,-0.264417827,0.379388779,0.173009351,-0.0871021152,0.152695864,-0.16048868,-0.173918933,-0.153703079,-0.0826946422,-0.0161536839,0.139796183,-0.250158191,0.0938036293,-0.2057776,-0.14548555,-0.2240628,-0.165828332,-0.00388292433
C1-PREPROC-P4-COMPENSATED,GOLD-MODEL-C1-B2-R00231,-0.813278615,-1.04426086,-0.809072316,-0.825131953,-0.771631598,0.78623879,0.734849095,0.561647236,-0.879557431,-1.12574899,-0.868143499,-0.868062377,-0.82958132,0.883095562,0.846447289,0.63666451,-1.49864709,-1.37334871,-1.28489721,-1.1376375,-1.00890064,1.16760564,1.12274885,1.07687271,-1.5514518,-1.47679412,-1.24806261,-1.11575961,-1.00150847,1.2194947,1.18417835,1.23379159,-1.52744865,-1.67580247,-1.43712926,-1.38127816,-1.21435094,1.36499631,1.34494209,1.19517589,-1.49791026,-1.65990186,-1.42113483,-1.36694634,-1.26389182,1.3354919,1.31924641,1.22273719,-1.51777244,-1.38964176,-1.36058426,-1.16590178,-1.00028598,1.19731677,1.15071583,1.07367933,-1.54881692,-1.39775562,-1.34709573,-1.15254581,-0.996706188,1.21647751,1.16461194,1.0981468,-0.90580076,-1.10946941,-0.885369241,-0.886762857,-0.84719789,0.912161589,0.873940527,0.668255746,-0.882651269,-1.08333755,-0.874197364,-0.874423862,-0.852125704,0.881554842,0.838045597,0.639129221,-1.52800846,-1.452968,-1.29348576,-1.13384438,-1.01220798,1.18059909,1.10354769,0.849131763,-1.60712564,-1.65929365,-1.24406576,-1.09954131,-0.844009161,1.33125103,1.25098908,0.997479439,-1.64423835,-1.87141061,-1.51397598,-1.35248435,-1.13851333,1.41895044,1.28636134,0.534983218,-1.7233237,-1.92095137,-1.57786763,-1.35828602,-1.06020033,1.4802115,1.33890903,1.16156173,-1.5180198,-1.39215255,-1.32680666,-1.1192435,-1.03144383,1.18223739,1.1123035,0.875410855,-1.58906436,-1.47174287,-1.38187516,-1.17348909,-1.07846212,1.22411585,1.15182948,0.904273689,1.35460317,1.13784409,-1.37695074,-0.855888963,-0.857015491,0.597409666,0.390870422,0.314699143,0.025452707,0.0428576432,0.0428093895,0.183310732,1,0.0633576587,-0.104572363,0.0753931403,0.0837636739,0.0697270185,0.00859525893,0.0206594151,0.102509171,0.115886055,-0.108685732,0.166477576,0.210313588,0.164511412,0.0683905184,0.089030683,0.14672631,0.421955019,0.241983712,0.223833367,0.0253287815,0.0095028393,-0.0579652637,-0.0026880349,0.0384449661,0.704982221,0.431788802,0.349389642,0.112795554,0.0527018644,0.023985818,0.0855855122,0.226941213,-0.101977527,-0.571855247,-0.0459414646,-0.323016733,0.287381679,0.0245107282,0.0496039353,0.194933578,-0.182064623,-0.654717803,-0.111225523,-0.439199358,-0.273423463,0.022180073,0.0350883007,0.0355729982,-0.159843743,-0.243153378,-0.0526877902,-0.268580467,-0.225483328,-0.35074982,-0.256145507,-0.0844794884,-0.0722509697,-0.114621192,0.00708859926,-0.237941831,-0.182223201,-0.308874935,-0.232491985,-0.0418563336,0.184435114,0.305698603,0.194767296,0.195177674,0.154123127,0.118062347,0.124368012,0.186261788,0.103062816,0.230868012,0.128633425,0.109467067,0.102713376,-0.0126138888,-0.00168783276,0.119360313,0.586929202,0.339499086,0.241141126,0.0290584322,-0.0304446295,-0.00857582781,0.016050918,0.180790186,0.682223618,0.264348388,0.318624437,0.0963971168,0.0168343652,0.0309106354,0.0232290272,-0.052908726,-0.347431749,-0.760458827,-0.24947232,-0.684520543,-0.481619537,-0.103361949,-0.0914968178,0.0648893416,-0.592187703,-1.06188142,-0.534603179,-0.82414937,-0.312705278,-0.29688412,-0.264417827,0.37938875,0.173009351,-0.0871021152,0.152695864,-0.16048868,-0.173918918,-0.153703064,-0.0826946422,-0.0161536839,0.139796183,-0.250158161,0.0938036293,-0.2057776,-0.14548555,-0.2240628,-0.165828362,-0.00388292433
C1-PREPROC-P0-BASELINE,GOLD-MODEL-C1-B2-R00469,-0.144590989,0.470737159,-0.129054427,-0.166812167,-0.215294212,0.162993073,0.189504564,0.303621262,-0.116854243,0.553887367,-0.0946976617,-0.140466496,-0.181168035,0.0903779343,0.115071736,0.231668323,-0.716086805,-0.304861337,-0.691016316,-0.589664578,-0.589859068,0.649233937,0.671909511,0.527496278,-0.764470279,-0.37050128,-0.683528543,-0.582381129,-0.552835703,0.667615712,0.682052195,0.402037948,-0.357993275,-0.579874516,0.0171126053,0.327908397,0.119598493,0.491891265,0.446410835,-0.675282419,-0.591449976,-0.628343761,-0.336109817,-0.181363747,-0.309447646,0.700586796,0.754416704,0.074394159,-0.617283702,-0.320835084,-0.658003092,-0.552813292,-0.537236333,0.603555441,0.640358686,0.175196216,-0.623461068,-0.352193743,-0.629928887,-0.514282107,-0.499014586,0.593640745,0.60131222,-0.0353976153,-0.0875172615,1.05743527,-0.10256087,-0.180956364,-0.215451807,0.146948308,0.185039282,0.367321074,-0.0773370788,1.13683879,-0.120014034,-0.196536422,-0.241838604,0.17000556,0.208324045,0.359640718,-0.674334466,-0.339147002,-0.647818089,-0.559691906,-0.56874615,0.61594069,0.63294667,0.399535358,-0.743420005,-0.527051687,-0.656432211,-0.583588839,-0.562589049,0.7037099,0.723342359,0.573567629,-0.403473258,-0.551102757,-0.110847086,0.0417277999,-0.063831307,0.580737233,0.487255305,-0.575693607,-0.404782414,-0.560453951,-0.158602774,-0.0993753746,-0.173624903,0.611998618,0.66521585,-0.372185737,-0.566903889,-0.374096006,-0.628742814,-0.546773851,-0.552514553,0.55928427,0.584956169,-0.235516459,-0.539241493,-0.393244803,-0.583198667,-0.515730619,-0.532951117,0.549630582,0.602719605,-0.141078845,3.25629568,-5.23544025,-1.39475191,1.88954449,-2.15489912,3.63925266,0.36552754,7.49904648e-05,0.00349136931,0.0931853503,0.00163255597,0.536088169,6,0.0115402211,0.236001715,-0.035283681,-0.0544344597,-0.0750288293,0.0484370962,0.0632809252,0.0257225428,0.0019087781,0.558470607,-0.0307328161,-0.0551192313,-0.0531389564,0.019424608,0.0287385937,-0.0248222463,0.254729301,0.087832287,0.16116102,0.146821365,0.132541031,0.166088641,0.141953811,0.0917601883,0.251719117,0.0950882062,0.12915048,0.116963722,0.0768211186,0.168266237,0.139577389,0.019139776,0.0689118281,0.0713128224,-0.000442535384,-0.0244862642,-0.00384560227,0.0798979774,0.0552804545,0.198899984,0.117396481,0.0672196373,0.0034404879,2.75388138e-05,0.0516468287,0.0998788178,0.0547668822,-0.0139093325,0.198464662,0.0443523638,0.126433089,0.108577706,0.0779069215,0.145054176,0.114686005,0.0103420829,0.23832266,0.0587384701,0.132114813,0.0950293094,0.0777898729,0.158333898,0.109282024,0.000150074571,-0.0169591419,1.4453882,-0.0429641381,-0.0836235508,-0.0999514312,-0.000756383466,0.0104108434,-0.0670825243,-0.00295641692,1.29355311,-0.0397847146,-0.0723811537,-0.0854960307,0.0441288538,0.0678601488,-0.00411036937,0.238608479,0.0979432911,0.154542029,0.134366781,0.108214825,0.165263295,0.138417184,0.0924845338,0.0355082639,-0.0193432793,0.0402158312,0.0609584227,0.0403887182,0.05100362,0.0271792617,0.00540283183,0.0114273271,-0.102829717,-0.0189708117,0.00766727328,-0.00907690264,0.0142109348,0.023271624,0.472575277,0.0585298575,0.00208641775,-0.0030964904,0.00501568103,0.0070222998,0.0854826197,0.0707333311,0.0536734536,0.191022173,0.0596750043,0.132022619,0.0993330702,0.0853629559,0.139913142,0.09938097,-0.0137768053,0.0859393328,0.00670013111,0.0690738112,0.074528873,0.0465145297,0.0901381522,0.0658434108,0.00609432906
C1-PREPROC-P1-RECIPROCAL,GOLD-MODEL-C1-B2-R00469,-0.144590989,0.470737159,-0.129054412,-0.166812167,-0.215294212,0.162993073,0.189504564,0.303621262,-0.116854243,0.553887367,-0.0946976542,-0.140466496,-0.181168035,0.0903779417,0.115071736,0.231668338,-0.716086805,-0.304861337,-0.691016316,-0.589664638,-0.589859068,0.649233937,0.671909451,0.527496278,-0.764470279,-0.37050131,-0.683528543,-0.582381129,-0.552835703,0.667615771,0.682052195,0.402037978,-0.357993245,-0.579874516,0.0171126053,0.327908397,0.119598493,0.491891235,0.446410835,-0.675282419,-0.591450036,-0.628343701,-0.336109817,-0.181363747,-0.309447616,0.700586796,0.754416704,0.0743941516,-0.617283702,-0.320835084,-0.658003092,-0.552813292,-0.537236273,0.603555381,0.640358686,0.175196216,-0.623461127,-0.352193743,-0.629928887,-0.514282107,-0.499014586,0.593640804,0.60131222,-0.0353976153,-0.087517269,1.05743515,-0.102560863,-0.180956364,-0.215451792,0.146948308,0.185039282,0.367321074,-0.0773370788,1.13683867,-0.120014034,-0.196536422,-0.241838604,0.17000556,0.20832406,0.359640718,-0.674334466,-0.339147002,-0.647818089,-0.559691906,-0.56874615,0.61594069,0.63294661,0.399535388,-0.743420005,-0.527051628,-0.656432211,-0.583588839,-0.56258899,0.7037099,0.723342359,0.573567629,-0.403473258,-0.551102757,-0.110847086,0.0417277999,-0.063831307,0.580737233,0.487255305,-0.575693667,-0.404782414,-0.560453951,-0.158602774,-0.0993753821,-0.173624888,0.611998618,0.66521585,-0.372185737,-0.566903889,-0.374096006,-0.628742814,-0.546773851,-0.552514553,0.55928427,0.584956169,-0.235516459,-0.539241493,-0.393244773,-0.583198667,-0.515730619,-0.532951117,0.549630582,0.602719665,-0.14107886,3.25629663,-5.23544073,-1.39475167,1.88954449,-2.15489912,3.63925219,0.365527868,7.49904211e-05,0.00349137047,0.0931853354,0.00163255585,0.536087871,6,0.0115402211,0.236001715,-0.0352836773,-0.0544344597,-0.0750288293,0.0484370962,0.0632809252,0.0257225428,0.0019087781,0.558470607,-0.0307328142,-0.0551192313,-0.0531389564,0.0194246098,0.0287385937,-0.0248222481,0.254729301,0.087832287,0.16116102,0.14682138,0.132541031,0.166088641,0.141953796,0.0917601883,0.251719117,0.0950882137,0.12915048,0.116963722,0.0768211186,0.168266252,0.139577389,0.0191397779,0.0689118281,0.0713128224,-0.000442535384,-0.0244862642,-0.00384560227,0.0798979774,0.0552804545,0.198899984,0.117396489,0.0672196299,0.0034404879,2.75388138e-05,0.0516468249,0.0998788178,0.0547668822,-0.0139093315,0.198464662,0.0443523638,0.126433089,0.108577706,0.0779069141,0.145054162,0.114686005,0.0103420829,0.23832269,0.0587384701,0.132114813,0.0950293094,0.0777898729,0.158333912,0.109282024,0.000150074571,-0.0169591438,1.44538808,-0.0429641344,-0.0836235508,-0.0999514237,-0.000756383466,0.0104108434,-0.0670825243,-0.00295641692,1.29355299,-0.0397847146,-0.0723811537,-0.0854960307,0.0441288538,0.0678601488,-0.00411036937,0.238608479,0.0979432911,0.154542029,0.134366781,0.108214825,0.165263295,0.138417169,0.0924845412,0.0355082639,-0.0193432774,0.0402158312,0.0609584227,0.0403887145,0.05100362,0.0271792617,0.00540283183,0.0114273271,-0.102829717,-0.0189708117,0.00766727328,-0.00907690264,0.0142109348,0.023271624,0.472575307,0.0585298575,0.00208641775,-0.0030964904,0.0050156815,0.00702229934,0.0854826197,0.0707333311,0.0536734536,0.191022173,0.0596750043,0.132022619,0.0993330702,0.0853629559,0.139913142,0.09938097,-0.0137768053,0.0859393328,0.00670013018,0.0690738112,0.074528873,0.0465145297,0.0901381522,0.0658434182,0.00609432999
C1-PREPROC-P2-AFFINE,GOLD-MODEL-C1-B2-R00469,-0.144590974,0.470737219,-0.129054427,-0.166812241,-0.215294242,0.162993014,0.189504564,0.303621233,-0.11685425,0.553887486,-0.0946977139,-0.140466511,-0.18116802,0.0903779864,0.115071714,0.231668353,-0.716086864,-0.304861188,-0.691016197,-0.589664578,-0.589859128,0.649233937,0.671909451,0.527496278,-0.764470279,-0.37050128,-0.683528483,-0.58238107,-0.552835703,0.667615712,0.682052195,0.402037919,-0.357993245,-0.579874516,0.0171127319,0.327908397,0.119598627,0.491891384,0.446410894,-0.675282478,-0.591449857,-0.628343821,-0.336109757,-0.181363821,-0.309447646,0.700586677,0.754416823,0.0743942261,-0.617283702,-0.320834994,-0.658003151,-0.552813292,-0.537236392,0.603555501,0.640358627,0.17519629,-0.623461068,-0.352193832,-0.629928827,-0.514282167,-0.499014616,0.593640685,0.60131222,-0.0353976488,-0.0875172615,1.05743504,-0.102560937,-0.180956304,-0.215451837,0.146948338,0.185039222,0.367321104,-0.0773370862,1.13683856,-0.120014012,-0.196536422,-0.241838694,0.17000556,0.208324075,0.359640777,-0.674334407,-0.339147091,-0.647818029,-0.559691906,-0.568746209,0.61594069,0.63294673,0.399535298,-0.743420005,-0.527051687,-0.656432211,-0.583588839,-0.56258899,0.7037099,0.723342359,0.573567629,-0.403473258,-0.551102757,-0.110847116,0.0417277813,-0.0638313293,0.580737352,0.487255335,-0.575693846,-0.404782295,-0.56045413,-0.158602715,-0.0993753672,-0.173624873,0.611998618,0.665215909,-0.372185707,-0.566903889,-0.374095917,-0.628742874,-0.546773791,-0.552514613,0.55928427,0.58495611,-0.235516429,-0.539241552,-0.393244863,-0.583198667,-0.515730739,-0.532951117,0.549630702,0.602719665,-0.14107883,3.25629544,-5.2354393,-1.39475179,1.88954461,-2.15489912,3.63925242,0.36552754,7.49905375e-05,0.00349137071,0.0931853801,0.00163255678,0.536088169,6,0.0115402192,0.236001745,-0.035283681,-0.054434482,-0.0750288367,0.0484370776,0.0632809252,0.0257225391,0.00190877821,0.558470726,-0.0307328347,-0.0551192388,-0.0531389527,0.0194246192,0.0287385881,-0.02482225,0.254729331,0.0878322423,0.161161005,0.146821365,0.132541046,0.166088641,0.141953796,0.0917601883,0.251719117,0.0950882062,0.129150465,0.116963714,0.0768211186,0.168266237,0.139577389,0.0191397741,0.0689118281,0.0713128224,-0.000442538672,-0.0244862642,-0.00384560646,0.0798979998,0.0552804619,0.198900014,0.117396459,0.0672196448,0.0034404872,2.75388247e-05,0.0516468287,0.0998788029,0.0547668897,-0.0139093455,0.198464662,0.0443523526,0.126433104,0.108577706,0.077906929,0.145054191,0.11468599,0.0103420867,0.23832266,0.058738485,0.132114798,0.0950293168,0.0777898803,0.158333883,0.109282024,0.000150074717,-0.0169591419,1.44538784,-0.0429641642,-0.083623521,-0.0999514461,-0.000756383641,0.0104108397,-0.0670825318,-0.00295641716,1.29355288,-0.0397847071,-0.0723811537,-0.0854960606,0.0441288538,0.0678601563,-0.0041103703,0.23860845,0.0979433134,0.154542014,0.134366781,0.108214833,0.165263295,0.138417199,0.0924845189,0.0355082639,-0.0193432793,0.0402158312,0.0609584227,0.0403887145,0.05100362,0.0271792617,0.00540283183,0.0114273271,-0.102829717,-0.0189708155,0.00766727002,-0.00907690637,0.0142109385,0.0232716259,0.472575456,0.0585298389,0.00208641845,-0.00309648924,0.00501568103,0.00702229887,0.0854826197,0.0707333311,0.0536734499,0.191022173,0.0596749894,0.132022634,0.0993330628,0.0853629708,0.139913142,0.0993809551,-0.0137768034,0.0859393403,0.00670013204,0.0690738112,0.0745288879,0.0465145297,0.0901381671,0.0658434182,0.00609432859
C1-PREPROC-P3-SPLIT_MEAN,GOLD-MODEL-C1-B2-R00469,-0.144590974,0.470737189,-0.129054442,-0.166812196,-0.215294257,0.162993088,0.189504579,0.303621292,-0.116854213,0.553887427,-0.0946976244,-0.140466526,-0.18116799,0.0903779492,0.115071714,0.231668323,-0.716086805,-0.304861337,-0.691016316,-0.589664578,-0.589859068,0.649233937,0.671909571,0.527496338,-0.764470339,-0.37050125,-0.683528543,-0.58238107,-0.552835763,0.667615712,0.682052195,0.402037919,-0.357993275,-0.579874635,0.0171126351,0.327908456,0.1195985,0.491891295,0.446410835,-0.675282478,-0.591449916,-0.628343821,-0.336109757,-0.181363702,-0.309447616,0.700586736,0.754416704,0.0743941739,-0.617283702,-0.320834994,-0.658003092,-0.552813292,-0.537236392,0.603555501,0.640358686,0.17519626,-0.623461068,-0.352193743,-0.629928827,-0.514282167,-0.499014586,0.593640745,0.60131222,-0.0353975818,-0.0875172615,1.05743527,-0.102560878,-0.180956304,-0.215451762,0.146948293,0.185039252,0.367321104,-0.0773370564,1.13683879,-0.120014019,-0.196536422,-0.241838649,0.17000553,0.20832406,0.359640718,-0.674334466,-0.339147061,-0.647817969,-0.559691906,-0.56874615,0.61594069,0.63294667,0.399535328,-0.743420064,-0.527051687,-0.656432271,-0.583588898,-0.562589049,0.7037099,0.723342359,0.573567629,-0.403473198,-0.551102757,-0.110847019,0.041727785,-0.0638313368,0.580737293,0.487255305,-0.575693667,-0.404782414,-0.560454011,-0.158602715,-0.0993753225,-0.173624843,0.611998618,0.665215909,-0.372185677,-0.56690383,-0.374095947,-0.628742814,-0.546773791,-0.552514613,0.559284329,0.584956169,-0.235516518,-0.539241552,-0.393244863,-0.583198667,-0.515730679,-0.532951117,0.549630582,0.602719665,-0.141078845,3.25629544,-5.23543978,-1.3947525,1.88954401,-2.15489984,3.6392529,0.365527481,7.49904866e-05,0.00349136838,0.0931852981,0.00163255481,0.536088288,6,0.0115402192,0.23600173,-0.0352836847,-0.0544344671,-0.0750288442,0.0484370999,0.0632809326,0.0257225446,0.00190877763,0.558470666,-0.0307328049,-0.0551192425,-0.0531389415,0.0194246117,0.0287385881,-0.0248222463,0.254729301,0.087832287,0.16116102,0.146821365,0.132541031,0.166088641,0.141953811,0.0917601958,0.251719147,0.0950881988,0.12915048,0.116963714,0.076821126,0.168266237,0.139577389,0.0191397741,0.0689118281,0.0713128373,-0.000442536169,-0.0244862679,-0.00384560251,0.0798979849,0.0552804545,0.198900014,0.117396466,0.0672196448,0.0034404872,2.75388065e-05,0.0516468249,0.0998788103,0.0547668822,-0.0139093352,0.198464662,0.0443523526,0.126433089,0.108577706,0.077906929,0.145054191,0.114686005,0.0103420848,0.23832266,0.0587384701,0.132114798,0.0950293168,0.0777898729,0.158333898,0.109282024,0.000150074426,-0.0169591419,1.4453882,-0.0429641418,-0.083623521,-0.0999514088,-0.000756383408,0.0104108416,-0.0670825318,-0.00295641599,1.29355311,-0.0397847109,-0.0723811537,-0.0854960456,0.0441288464,0.0678601488,-0.00411036937,0.238608479,0.097943306,0.154541999,0.134366781,0.108214825,0.165263295,0.138417184,0.0924845263,0.0355082676,-0.0193432793,0.040215835,0.0609584264,0.0403887182,0.05100362,0.0271792617,0.00540283183,0.0114273252,-0.102829717,-0.0189708006,0.00766727049,-0.0090769073,0.0142109366,0.023271624,0.472575307,0.0585298575,0.00208641798,-0.00309648924,0.0050156787,0.00702229748,0.0854826197,0.0707333311,0.0536734425,0.191022158,0.0596749932,0.132022619,0.0993330628,0.0853629708,0.139913157,0.09938097,-0.013776809,0.0859393403,0.00670013204,0.0690738112,0.0745288804,0.0465145297,0.0901381522,0.0658434182,0.00609432906
C1-PREPROC-P4-COMPENSATED,GOLD-MODEL-C1-B2-R00469,-0.144590974,0.470737219,-0.129054427,-0.166812196,-0.215294257,0.162993088,0.189504564,0.303621292,-0.116854206,0.553887427,-0.0946976319,-0.140466526,-0.18116799,0.0903779492,0.115071714,0.231668338,-0.716086805,-0.304861337,-0.691016316,-0.589664638,-0.589859068,0.649233937,0.671909511,0.527496338,-0.764470339,-0.37050128,-0.683528543,-0.58238107,-0.552835703,0.667615771,0.682052195,0.402037948,-0.357993275,-0.579874635,0.0171126351,0.327908456,0.1195985,0.491891265,0.446410835,-0.675282478,-0.591449976,-0.628343761,-0.336109757,-0.181363702,-0.309447587,0.700586736,0.754416704,0.0743941814,-0.617283642,-0.320834994,-0.658003092,-0.552813292,-0.537236333,0.603555441,0.640358627,0.17519626,-0.623461127,-0.352193743,-0.629928827,-0.514282167,-0.499014586,0.593640804,0.60131222,-0.0353975818,-0.087517269,1.05743515,-0.102560878,-0.180956319,-0.215451762,0.146948293,0.185039252,0.367321104,-0.0773370564,1.13683867,-0.120014019,-0.196536407,-0.241838664,0.17000553,0.208324075,0.359640718,-0.674334466,-0.339147061,-0.647818029,-0.559691906,-0.56874615,0.61594069,0.63294661,0.399535328,-0.743420064,-0.527051628,-0.656432271,-0.583588898,-0.56258899,0.7037099,0.723342419,0.573567629,-0.403473228,-0.551102757,-0.110847026,0.0417277813,-0.0638313368,0.580737293,0.487255305,-0.575693727,-0.404782414,-0.560454011,-0.158602715,-0.0993753299,-0.173624828,0.611998618,0.665215909,-0.372185677,-0.56690383,-0.374095947,-0.628742814,-0.546773791,-0.552514613,0.559284329,0.584956169,-0.235516518,-0.539241493,-0.393244833,-0.583198667,-0.515730679,-0.532951117,0.549630582,0.602719724,-0.14107886,3.25629544,-5.23543978,-1.39475214,1.88954425,-2.15489936,3.63925314,0.365527391,7.49904939e-05,0.00349136861,0.0931853056,0.00163255574,0.536088347,6,0.0115402192,0.236001745,-0.035283681,-0.0544344671,-0.0750288442,0.0484370999,0.0632809252,0.0257225446,0.00190877751,0.558470666,-0.0307328068,-0.0551192425,-0.0531389415,0.0194246117,0.0287385881,-0.0248222481,0.254729301,0.087832287,0.16116102,0.14682138,0.132541031,0.166088641,0.141953811,0.0917601958,0.251719147,0.0950882062,0.12915048,0.116963714,0.0768211186,0.168266252,0.139577389,0.019139776,0.0689118281,0.0713128373,-0.000442536169,-0.0244862679,-0.00384560251,0.0798979774,0.0552804545,0.198900014,0.117396481,0.0672196373,0.0034404872,2.75388065e-05,0.0516468175,0.0998788103,0.0547668822,-0.0139093371,0.198464647,0.0443523526,0.126433089,0.108577706,0.0779069215,0.145054176,0.11468599,0.0103420848,0.23832269,0.0587384701,0.132114798,0.0950293168,0.0777898729,0.158333912,0.109282024,0.000150074426,-0.0169591438,1.44538808,-0.0429641418,-0.0836235285,-0.0999514088,-0.000756383408,0.0104108416,-0.0670825318,-0.00295641599,1.29355299,-0.0397847109,-0.0723811463,-0.0854960531,0.0441288464,0.0678601563,-0.00411036937,0.238608479,0.097943306,0.154542014,0.134366781,0.108214825,0.165263295,0.138417169,0.0924845263,0.0355082676,-0.0193432774,0.040215835,0.0609584264,0.0403887145,0.05100362,0.0271792654,0.00540283183,0.0114273261,-0.102829717,-0.0189708006,0.00766727002,-0.0090769073,0.0142109366,0.023271624,0.472575366,0.0585298575,0.00208641798,-0.00309648924,0.0050156787,0.00702229701,0.0854826197,0.0707333311,0.0536734425,0.191022158,0.0596749932,0.132022619,0.0993330628,0.0853629708,0.139913157,0.09938097,-0.013776809,0.0859393328,0.00670013158,0.0690738112,0.0745288804,0.0465145297,0.0901381522,0.0658434182,0.00609432999
C1-PREPROC-P0-BASELINE,GOLD-MODEL-C1-B2-R00473,-0.134672046,-0.13113977,0.018663222,0.175310999,-0.0796335638,0.21050851,0.189541578,0.252425104,-0.0663395748,-0.0718572587,0.114799544,0.345653564,0.0469019338,0.123309828,0.106307827,-0.0448350385,-1.07822764,-1.03320968,-0.912635803,-0.798576355,-0.436406255,0.869717896,0.870428383,0.895582259,-1.10150301,-1.100173,-0.877594829,-0.792726159,-0.314713866,0.884873688,0.885918558,0.931197345,-0.528692305,-0.862107694,-0.204453394,0.0226850808,1.49174666,0.601218879,0.708529949,0.802898049,-0.730941951,-0.896253347,-0.500479221,-0.357332289,-0.615482211,0.785259962,0.884317994,0.93676883,-0.86419028,-0.954696894,-0.757030904,-0.623512685,-0.679508686,0.768368423,0.792346299,0.790631473,-0.885359943,-0.967168868,-0.761283278,-0.597250283,-0.670701623,0.770356894,0.785172284,0.794070005,0.185024127,0.0111099351,0.360027045,0.440038711,2.73826289,-0.0808686689,-0.145411298,0.072182402,-0.0938766599,-0.190191701,-0.029440105,0.0467957892,1.56692958,0.19845736,0.145418227,0.233426496,-1.06719315,-1.10256886,-0.896165192,-0.784447253,-0.439294845,0.857334554,0.857754648,0.856830776,-0.796368718,-1.10327435,-0.63462019,-0.569975793,0.0985381827,0.711548448,0.692137539,0.681298733,-0.499145716,-0.852939308,-0.151977137,-0.120086677,1.26622558,0.622599125,0.726045728,0.779730976,-0.607930183,-0.937246144,-0.290875286,-0.196544394,-0.39633587,0.689959943,0.804198384,0.841657519,-0.832309186,-1.00852942,-0.734585524,-0.56864506,-0.716176569,0.742362857,0.762572229,0.738046885,-0.705255687,-1.00212646,-0.638100803,-0.495395094,0.650727689,0.662628233,0.704500437,0.669592679,2.79051018,-6.46749973,-3.01300097,2.88978696,-0.363671839,4.16387224,0.163967714,1.56334754e-05,0.000494681299,0.181081355,0.00699704327,0.647443593,6,0.0107485615,-0.0657462627,0.00510255387,0.0572078116,-0.0277518518,0.0625573844,0.0632932857,0.0213852469,0.00108363654,-0.0724518523,0.0372566059,0.135634899,0.0137569513,0.0265025441,0.0265498515,0.00480387826,0.383551508,0.297673583,0.212847829,0.198838592,0.0980602577,0.222493395,0.183894739,0.155790284,0.36269477,0.28235659,0.165818661,0.159208804,0.0437321104,0.22302407,0.181297272,0.044331409,0.101770498,0.106021784,0.0052872058,-0.00169398799,-0.0479660258,0.0976560861,0.0877394825,-0.236488327,0.145084143,0.0958803594,0.00512300618,5.42584057e-05,0.102724016,0.111950211,0.0641970634,-0.175145864,0.277848303,0.131977662,0.145460948,0.122463726,0.098538436,0.184664145,0.141906455,0.0466721058,0.338435471,0.161303326,0.159663737,0.110360213,0.104553647,0.205467045,0.142696619,-0.00336660282,0.0358540751,0.0151859596,0.150820211,0.203350678,1.27032256,0.000416253344,-0.0081812581,-0.0131824119,-0.0035886867,-0.216409817,-0.00975941028,0.0172341242,0.553949058,0.0515141748,0.0473690033,-0.00266785454,0.37761873,0.318414211,0.213787153,0.188324422,0.0835842416,0.230031773,0.187579751,0.198339388,0.038037274,-0.0404911786,0.0388795361,0.0595364794,-0.00707413489,0.0515717454,0.0260067545,0.00641762605,0.0141369989,-0.159149095,-0.0260099713,-0.0220653228,0.180059075,0.0152353169,0.0346764065,-0.640065432,0.0879041776,0.00348911271,-0.00567892008,0.00992000289,0.0160298981,0.0963720828,0.0855115354,-0.121376671,0.280452311,0.160878479,0.154247344,0.103306442,0.11064858,0.185712934,0.129556999,0.0431728996,0.112397142,0.0170742963,0.0755763948,0.0715901554,-0.0567937531,0.108669505,0.0769623369,-0.0289250892
C1-PREPROC-P1-RECIPROCAL,GOLD-MODEL-C1-B2-R00473,-0.134672046,-0.131139785,0.018663222,0.175310999,-0.0796335638,0.210508525,0.189541578,0.252425104,-0.0663395748,-0.0718572587,0.114799544,0.345653564,0.0469019338,0.123309828,0.106307827,-0.0448350422,-1.07822764,-1.03320968,-0.912635803,-0.798576415,-0.436406255,0.869717896,0.870428324,0.895582199,-1.10150301,-1.100173,-0.877594829,-0.792726159,-0.314713866,0.884873748,0.885918617,0.931197405,-0.528692245,-0.862107754,-0.204453394,0.0226850808,1.49174666,0.601218879,0.70852989,0.802898049,-0.730942011,-0.896253288,-0.500479221,-0.357332289,-0.615482152,0.785259962,0.884317994,0.93676877,-0.86419028,-0.954696894,-0.757030904,-0.623512626,-0.679508626,0.768368423,0.792346299,0.790631473,-0.885360003,-0.967168868,-0.761283338,-0.597250283,-0.670701623,0.770356953,0.785172284,0.794070005,0.185024127,0.0111099351,0.360027015,0.440038741,2.73826265,-0.0808686689,-0.145411298,0.0721824095,-0.0938766599,-0.190191686,-0.029440105,0.0467957854,1.56692946,0.19845736,0.145418227,0.233426511,-1.06719315,-1.10256886,-0.896165192,-0.784447253,-0.439294815,0.857334554,0.857754648,0.856830776,-0.796368718,-1.10327435,-0.63462019,-0.569975793,0.0985381827,0.711548448,0.692137539,0.681298733,-0.499145716,-0.852939308,-0.151977137,-0.120086677,1.26622558,0.622599065,0.726045728,0.779731035,-0.607930183,-0.937246144,-0.290875286,-0.196544394,-0.39633584,0.689959943,0.804198384,0.84165746,-0.832309186,-1.00852942,-0.734585524,-0.56864512,-0.71617651,0.742362857,0.762572289,0.738046885,-0.705255687,-1.00212634,-0.638100803,-0.495395094,0.650727689,0.662628233,0.704500496,0.669592679,2.79051018,-6.46750021,-3.01300097,2.88978696,-0.36367178,4.16387272,0.163967669,1.56334772e-05,0.000494681182,0.18108128,0.00699704094,0.647443712,6,0.0107485615,-0.0657462701,0.00510255387,0.0572078116,-0.0277518518,0.0625573918,0.0632932857,0.0213852469,0.00108363654,-0.0724518523,0.0372566059,0.135634899,0.0137569513,0.0265025441,0.0265498515,0.00480387872,0.383551508,0.297673583,0.212847829,0.198838606,0.0980602577,0.222493395,0.183894724,0.155790269,0.36269477,0.28235659,0.165818661,0.159208804,0.0437321104,0.223024085,0.181297272,0.0443314128,0.10177049,0.106021792,0.0052872058,-0.00169398799,-0.0479660258,0.0976560861,0.0877394751,-0.236488327,0.145084158,0.095880352,0.00512300618,5.42584057e-05,0.102724001,0.111950211,0.0641970634,-0.17514585,0.277848303,0.131977662,0.145460948,0.122463718,0.0985384285,0.184664145,0.141906455,0.0466721058,0.338435501,0.161303326,0.159663752,0.110360213,0.104553647,0.20546706,0.142696619,-0.00336660282,0.0358540751,0.0151859596,0.150820196,0.203350693,1.27032244,0.000416253344,-0.0081812581,-0.0131824138,-0.0035886867,-0.216409802,-0.00975941028,0.0172341224,0.553948998,0.0515141748,0.0473690033,-0.00266785477,0.37761873,0.318414211,0.213787153,0.188324422,0.0835842341,0.230031773,0.187579751,0.198339388,0.038037274,-0.0404911786,0.0388795361,0.0595364794,-0.00707413489,0.0515717454,0.0260067545,0.00641762605,0.0141369989,-0.159149095,-0.0260099713,-0.0220653228,0.180059075,0.0152353151,0.0346764065,-0.640065491,0.0879041776,0.00348911271,-0.00567892008,0.00992000289,0.0160298962,0.0963720828,0.0855115354,-0.121376663,0.280452311,0.160878479,0.154247344,0.10330645,0.110648572,0.185712934,0.129557014,0.0431728996,0.112397142,0.0170742944,0.0755763948,0.0715901554,-0.0567937531,0.108669505,0.0769623443,-0.0289250892
C1-PREPROC-P2-AFFINE,GOLD-MODEL-C1-B2-R00473,-0.134672046,-0.131139636,0.0186632276,0.175310969,-0.0796335936,0.210508466,0.189541578,0.252425104,-0.0663395524,-0.071857214,0.1147995,0.345653474,0.0469019413,0.123309851,0.106307805,-0.044835031,-1.07822776,-1.03320956,-0.912635744,-0.798576355,-0.436406255,0.869717956,0.870428383,0.895582259,-1.10150313,-1.100173,-0.877594829,-0.792726099,-0.314713895,0.884873748,0.885918617,0.931197405,-0.528692305,-0.862107754,-0.204453349,0.022685051,1.49174678,0.601218998,0.708529949,0.802898049,-0.730941892,-0.896253467,-0.500479221,-0.357332349,-0.615482211,0.785259843,0.884318113,0.936768889,-0.86419028,-0.954696834,-0.757030964,-0.623512685,-0.679508686,0.768368542,0.792346239,0.790631533,-0.885360003,-0.967168927,-0.761283278,-0.597250342,-0.670701623,0.770356774,0.785172224,0.794070005,0.185024142,0.0111098289,0.360026956,0.4400388,2.73826265,-0.0808686614,-0.145411372,0.0721824169,-0.0938766599,-0.190191746,-0.0294400454,0.0467957854,1.56692958,0.19845736,0.145418227,0.233426541,-1.06719303,-1.10256886,-0.896165133,-0.784447253,-0.439294875,0.857334614,0.857754707,0.856830776,-0.796368718,-1.10327423,-0.63462019,-0.569975793,0.0985381603,0.711548448,0.692137539,0.681298733,-0.499145746,-0.852939367,-0.151977062,-0.120086789,1.26622558,0.622599185,0.726045728,0.779730916,-0.607930183,-0.937246203,-0.290875316,-0.196544409,-0.39633584,0.689959943,0.804198384,0.841657579,-0.832309186,-1.00852942,-0.734585583,-0.568645,-0.716176629,0.742362857,0.762572229,0.738046885,-0.705255747,-1.00212657,-0.638100803,-0.495395184,0.65072763,0.662628353,0.704500556,0.669592738,2.79051113,-6.46749973,-3.01300097,2.88978744,-0.363671809,4.16387272,0.163967803,1.56334736e-05,0.000494681066,0.18108134,0.00699703954,0.647443533,6,0.0107485615,-0.0657461956,0.00510255527,0.0572078042,-0.027751863,0.0625573769,0.0632932857,0.0213852469,0.00108363619,-0.0724518076,0.037256591,0.135634869,0.0137569532,0.0265025478,0.0265498459,0.00480387732,0.383551568,0.297673553,0.212847814,0.198838592,0.0980602577,0.22249341,0.183894739,0.155790284,0.3626948,0.28235659,0.165818661,0.159208789,0.0437321141,0.223024085,0.181297272,0.0443314128,0.101770498,0.106021792,0.0052872044,-0.00169398577,-0.0479660295,0.097656101,0.0877394825,-0.236488327,0.145084128,0.0958803743,0.00512300618,5.4258413e-05,0.102724016,0.111950196,0.0641970709,-0.175145879,0.277848303,0.131977662,0.145460963,0.122463726,0.098538436,0.184664175,0.14190644,0.0466721058,0.338435501,0.161303326,0.159663737,0.11036022,0.104553647,0.205467016,0.142696604,-0.00336660282,0.0358540788,0.0151858144,0.150820166,0.203350723,1.27032244,0.000416253315,-0.00818126276,-0.0131824147,-0.0035886867,-0.216409862,-0.00975939073,0.0172341224,0.553949058,0.0515141748,0.0473690033,-0.00266785524,0.3776187,0.318414211,0.213787138,0.188324422,0.083584249,0.230031788,0.187579766,0.198339388,0.038037274,-0.0404911749,0.0388795361,0.0595364794,-0.00707413349,0.0515717454,0.0260067545,0.00641762605,0.0141369998,-0.15914911,-0.0260099582,-0.0220653433,0.180059075,0.0152353188,0.0346764065,-0.640065372,0.0879041776,0.00348911295,-0.00567892101,0.00992000382,0.0160298962,0.0963720828,0.0855115354,-0.121376678,0.280452311,0.160878479,0.154247358,0.103306428,0.110648587,0.185712934,0.129556999,0.0431728996,0.112397149,0.0170742981,0.0755763948,0.0715901703,-0.0567937456,0.108669519,0.0769623518,-0.0289250929
C1-PREPROC-P3-SPLIT_MEAN,GOLD-MODEL-C1-B2-R00473,-0.134672031,-0.13113974,0.0186632071,0.175310954,-0.0796335936,0.210508525,0.189541593,0.252425104,-0.066339545,-0.071857214,0.114799581,0.345653534,0.0469019674,0.123309836,0.106307805,-0.044835031,-1.07822764,-1.03320968,-0.912635803,-0.798576355,-0.436406255,0.869717896,0.870428443,0.895582259,-1.10150301,-1.100173,-0.877594829,-0.792726159,-0.314713895,0.884873688,0.885918558,0.931197345,-0.528692365,-0.862107813,-0.204453379,0.0226851162,1.49174666,0.601218939,0.708529949,0.80289793,-0.730941951,-0.896253407,-0.500479162,-0.357332259,-0.615482152,0.785259902,0.884317994,0.93676883,-0.86419028,-0.954696834,-0.757030904,-0.623512685,-0.679508746,0.768368542,0.792346299,0.790631533,-0.885359943,-0.967168868,-0.761283219,-0.597250342,-0.670701623,0.770356894,0.785172284,0.794070065,0.185024127,0.0111099789,0.360027045,0.44003877,2.73826289,-0.0808686838,-0.145411342,0.0721824169,-0.0938766375,-0.190191746,-0.0294400863,0.0467957966,1.56692958,0.19845733,0.145418242,0.233426496,-1.06719315,-1.10256886,-0.896165133,-0.784447253,-0.439294785,0.857334554,0.857754648,0.856830776,-0.796368778,-1.10327435,-0.634620249,-0.569975853,0.0985381827,0.711548448,0.692137539,0.681298733,-0.499145657,-0.852939308,-0.151977077,-0.120086692,1.26622558,0.622599185,0.726045728,0.779730916,-0.607930183,-0.937246144,-0.290875226,-0.196544334,-0.39633581,0.689959943,0.804198384,0.841657579,-0.832309127,-1.00852931,-0.734585524,-0.568645,-0.716176629,0.742362916,0.762572229,0.738046825,-0.705255747,-1.00212646,-0.638100803,-0.495395124,0.650727689,0.662628233,0.704500496,0.669592679,2.79051018,-6.46750069,-3.01300144,2.8897872,-0.36367172,4.16387272,0.163967669,1.56334627e-05,0.000494680891,0.18108134,0.00699704094,0.647443712,6,0.0107485605,-0.0657462478,0.00510254968,0.0572077967,-0.027751863,0.0625573918,0.0632932931,0.0213852469,0.00108363607,-0.0724518076,0.0372566171,0.135634884,0.0137569606,0.0265025459,0.0265498459,0.00480387732,0.383551508,0.297673583,0.212847829,0.198838592,0.0980602577,0.222493395,0.183894753,0.155790284,0.36269477,0.28235659,0.165818661,0.159208804,0.0437321141,0.22302407,0.181297272,0.044331409,0.101770513,0.106021799,0.00528720533,-0.00169399066,-0.0479660258,0.0976560935,0.0877394825,-0.236488298,0.145084143,0.0958803669,0.00512300571,5.42583984e-05,0.102724001,0.111950204,0.0641970634,-0.175145864,0.277848303,0.131977662,0.145460948,0.122463726,0.0985384434,0.184664175,0.141906455,0.0466721058,0.338435471,0.161303326,0.159663722,0.11036022,0.104553647,0.205467045,0.142696619,-0.00336660328,0.0358540751,0.0151860192,0.150820211,0.203350708,1.27032256,0.000416253431,-0.0081812609,-0.0131824147,-0.00358868577,-0.216409862,-0.00975940377,0.017234128,0.553949058,0.0515141673,0.047369007,-0.00266785454,0.37761873,0.318414211,0.213787138,0.188324422,0.0835842267,0.230031773,0.187579751,0.198339388,0.0380372778,-0.0404911786,0.0388795398,0.0595364831,-0.00707413489,0.0515717454,0.0260067545,0.00641762605,0.014136998,-0.159149095,-0.026009962,-0.0220653247,0.180059075,0.0152353188,0.0346764065,-0.640065372,0.0879041776,0.00348911271,-0.00567891914,0.0099200001,0.0160298944,0.0963720828,0.0855115354,-0.121376678,0.280452281,0.160878465,0.154247344,0.103306428,0.110648587,0.185712948,0.129556999,0.0431728959,0.112397149,0.0170742963,0.0755763948,0.0715901628,-0.0567937531,0.108669505,0.0769623443,-0.0289250892
C1-PREPROC-P4-COMPENSATED,GOLD-MODEL-C1-B2-R00473,-0.134672031,-0.13113974,0.0186632052,0.175310954,-0.0796335936,0.21050854,0.189541593,0.252425104,-0.066339545,-0.071857214,0.114799581,0.345653534,0.0469019711,0.123309843,0.106307805,-0.044835031,-1.07822764,-1.03320968,-0.912635803,-0.798576355,-0.436406255,0.869717836,0.870428383,0.895582199,-1.10150301,-1.100173,-0.877594769,-0.792726159,-0.314713895,0.884873688,0.885918617,0.931197405,-0.528692305,-0.862107873,-0.204453379,0.0226851162,1.49174666,0.601218879,0.70852989,0.80289793,-0.730941951,-0.896253347,-0.500479162,-0.357332259,-0.615482092,0.785259902,0.884317994,0.93676883,-0.86419028,-0.954696834,-0.757030964,-0.623512626,-0.679508686,0.768368483,0.792346299,0.790631533,-0.885360003,-0.967168868,-0.761283278,-0.597250342,-0.670701623,0.770356894,0.785172284,0.794070065,0.185024127,0.0111099798,0.360027045,0.44003877,2.73826265,-0.0808686838,-0.145411327,0.0721824169,-0.0938766301,-0.190191731,-0.0294400863,0.0467957966,1.56692946,0.19845733,0.145418242,0.233426511,-1.06719315,-1.10256886,-0.896165133,-0.784447253,-0.439294815,0.857334554,0.857754648,0.856830716,-0.796368778,-1.10327435,-0.634620249,-0.569975853,0.0985381827,0.711548448,0.692137539,0.681298733,-0.499145657,-0.852939308,-0.151977062,-0.120086692,1.26622558,0.622599125,0.726045728,0.779730916,-0.607930183,-0.937246144,-0.290875226,-0.196544349,-0.396335781,0.689959943,0.804198444,0.841657579,-0.832309127,-1.00852931,-0.734585524,-0.56864506,-0.716176569,0.742362916,0.762572229,0.738046825,-0.705255747,-1.00212634,-0.638100803,-0.495395124,0.650727689,0.662628233,0.704500556,0.669592679,2.79051018,-6.46750069,-3.01300144,2.8897872,-0.363672435,4.1638732,0.163967609,1.56334518e-05,0.000494680717,0.18108128,0.00699703535,0.647443771,6,0.0107485605,-0.0657462478,0.00510254921,0.0572077967,-0.027751863,0.0625573993,0.0632932931,0.0213852469,0.00108363607,-0.0724518076,0.0372566171,0.135634884,0.0137569616,0.0265025478,0.0265498459,0.00480387732,0.383551508,0.297673583,0.212847829,0.198838592,0.0980602577,0.22249338,0.183894739,0.155790269,0.36269477,0.28235659,0.165818661,0.159208804,0.0437321141,0.22302407,0.181297272,0.0443314128,0.101770498,0.106021807,0.00528720533,-0.00169399066,-0.0479660258,0.0976560861,0.0877394751,-0.236488298,0.145084143,0.0958803594,0.00512300571,5.42583984e-05,0.102723993,0.111950204,0.0641970634,-0.175145864,0.277848303,0.131977662,0.145460963,0.122463718,0.098538436,0.18466416,0.141906455,0.0466721058,0.338435501,0.161303326,0.159663737,0.11036022,0.104553647,0.205467045,0.142696619,-0.00336660328,0.0358540751,0.0151860202,0.150820211,0.203350708,1.27032244,0.000416253431,-0.00818125997,-0.0131824147,-0.00358868553,-0.216409847,-0.00975940377,0.017234128,0.553948998,0.0515141673,0.047369007,-0.00266785477,0.37761873,0.318414211,0.213787138,0.188324422,0.0835842341,0.230031773,0.187579751,0.198339373,0.0380372778,-0.0404911786,0.0388795398,0.0595364831,-0.00707413489,0.0515717454,0.0260067545,0.00641762605,0.014136998,-0.159149095,-0.0260099582,-0.0220653247,0.180059075,0.0152353169,0.0346764065,-0.640065372,0.0879041776,0.00348911271,-0.00567891914,0.00992000103,0.0160298944,0.0963720828,0.0855115429,-0.121376678,0.280452281,0.160878465,0.154247344,0.103306442,0.11064858,0.185712948,0.129556999,0.0431728959,0.112397149,0.0170742944,0.0755763948,0.0715901628,-0.0567937531,0.108669505,0.0769623518,-0.0289250892
C1-PREPROC-P0-BASELINE,GOLD-MODEL-C1-B2-R00495,-0.771032155,-0.691976786,-0.770245969,-0.779151797,-0.681823075,0.753718078,0.70723331,0.552007437,-0.81849426,-0.605380654,-0.813882589,-0.807743013,-0.704340935,0.831158757,0.801192641,0.622070491,0.961928964,1.31461298,2.22791624,3.38635182,2.99400496,-0.915865958,-0.8670367,-0.597348154,1.00401282,1.32344306,2.04943466,2.9703815,2.57395029,-0.994787753,-0.913701594,-0.785155594,0.826919079,-0.118206814,2.31368089,4.98862743,5.40708685,-0.549079299,-0.48353833,-0.174887046,0.39457044,-0.187339365,1.55051184,3.71952605,4.04114485,-0.166473269,-0.106407963,0.0653790012,0.960193217,0.97978729,2.34659314,4.0036664,3.71136189,-0.788128376,-0.769589484,-0.614279151,1.06968033,0.920319378,2.34714007,3.85607338,3.62075067,-0.85488975,-0.79339844,-0.568316221,-0.873513043,-0.824474454,-0.861841381,-0.862336338,-0.799784184,0.888611853,0.85760963,0.679476857,-0.850598156,-0.84646827,-0.850920439,-0.850782871,-0.80973357,0.859240234,0.822850645,0.633400917,0.900264025,1.26932645,2.00973058,2.81144786,2.51466084,-0.833074391,-0.732149065,-0.563262045,0.741551876,1.15877533,1.67681324,2.7432766,2.37363386,-0.839659989,-0.779969037,-0.510964096,0.867801666,0.0953263044,2.14984727,4.25416374,5.12888861,-0.46933049,-0.321127355,-0.0574836954,0.942642272,0.31044808,2.31606579,4.59785557,4.92233467,-0.566896141,-0.486857325,-0.224334419,0.734546542,0.841136575,1.78310895,3.31072617,3.77505994,-0.54717809,-0.458495349,-0.364778131,0.854715884,0.948527753,2.04850292,3.67170596,4.19949913,-0.69758147,-0.660116792,-0.471588939,21.8872986,21.8731766,10.6571703,1.1310811,-24.2010098,-31.3477173,0.503527105,0.496466249,6.68097891e-06,4.87205221e-10,4.85427146e-21,3.82251505e-24,1,0.0600664914,-0.0692946091,0.071775116,0.0790959746,0.0616116412,0.00823973864,0.0198830292,0.100749761,0.10784068,-0.0584466346,0.156072363,0.195699453,0.139675424,0.0643683225,0.0842707306,0.143362954,-0.270838112,-0.231634498,-0.388110399,-0.0753949881,-0.0282005463,0.0454677604,0.00207582046,-0.0213256683,-0.456225067,-0.386951625,-0.57373023,-0.300284952,-0.135447666,-0.0195661355,-0.0660370216,-0.144419983,0.055207856,-0.0403372049,0.0739626512,1.16660798,-1.27961183,-0.00985961128,-0.0178337824,-0.0285241362,0.0479583591,-0.073892571,0.121351257,1.19508243,0.874239266,-0.00276481593,-0.00283015729,0.00190206617,0.101122454,0.171438858,0.0908703804,0.922295988,0.836610973,0.230879486,0.171308056,0.0483328588,0.0498996638,0.0754696354,-0.0123509672,0.796082139,0.661965132,0.217064455,0.158386484,0.021661615,0.177860841,0.22717227,0.189591542,0.189801365,0.145497575,0.11501427,0.122044004,0.189389437,0.0993201286,0.180389255,0.125208348,0.10650751,0.0976035148,-0.012294597,-0.00165722996,0.118290529,-0.345803887,-0.296589583,-0.374668747,-0.072052449,0.0756345689,0.00605142163,-0.0106489863,-0.119925141,-0.314788222,-0.184608921,-0.429457754,-0.240503892,-0.0473438203,-0.0194962658,-0.0144828772,0.027102774,0.183368698,0.0387364104,0.354250908,2.15312099,2.16964793,0.0341878869,0.0228412747,-0.00697232969,0.323921233,0.171612382,0.784714878,2.78978038,1.45183885,0.113701634,0.0961482525,-0.0732720047,-0.0837165713,0.0526269749,-0.205209523,0.474726051,0.636539102,0.0711387992,0.0340870172,0.00673113763,-0.0751926824,0.161225155,-0.139055252,0.643853307,0.566516399,0.127685666,0.0950367078,0.00202498888
C1-PREPROC-P1-RECIPROCAL,GOLD-MODEL-C1-B2-R00495,-0.771032214,-0.691976786,-0.77024591,-0.779151797,-0.681823134,0.753718138,0.70723331,0.552007437,-0.818494201,-0.605380654,-0.813882589,-0.807743013,-0.704340935,0.831158757,0.801192641,0.622070491,0.961928964,1.31461298,2.22791624,3.38635206,2.99400496,-0.915865958,-0.867036641,-0.597348094,1.00401282,1.32344317,2.04943466,2.9703815,2.57395005,-0.994787872,-0.913701594,-0.785155654,0.826919019,-0.118206814,2.31368089,4.98862743,5.40708685,-0.549079299,-0.4835383,-0.174887046,0.39457047,-0.187339365,1.55051184,3.71952605,4.04114437,-0.166473269,-0.106407963,0.0653790012,0.960193217,0.97978729,2.34659314,4.00366592,3.71136165,-0.788128376,-0.769589484,-0.614279151,1.06968033,0.920319378,2.34714031,3.85607338,3.62075067,-0.85488981,-0.79339844,-0.568316221,-0.873513103,-0.824474394,-0.861841321,-0.862336338,-0.799784124,0.888611913,0.85760963,0.679476917,-0.850598097,-0.84646821,-0.850920439,-0.850782871,-0.80973357,0.859240234,0.822850645,0.633400917,0.900264025,1.26932645,2.00973058,2.81144786,2.5146606,-0.833074391,-0.732149065,-0.563262045,0.741551876,1.15877521,1.67681324,2.7432766,2.37363362,-0.839659989,-0.779968977,-0.510964096,0.867801726,0.0953263044,2.14984727,4.25416374,5.12888861,-0.46933046,-0.321127355,-0.0574836992,0.942642272,0.31044808,2.31606579,4.59785557,4.92233467,-0.566896141,-0.486857325,-0.224334419,0.734546542,0.841136575,1.78310907,3.31072617,3.7750597,-0.54717809,-0.458495378,-0.364778131,0.854715884,0.948527694,2.04850268,3.67170596,4.19949913,-0.69758147,-0.660116851,-0.471588969,21.8872986,21.8731785,10.6571703,1.13108158,-24.2010078,-31.3477173,0.503526628,0.496466756,6.68097255e-06,4.87204777e-10,4.85428519e-21,3.8225115e-24,1,0.0600664951,-0.0692946091,0.071775116,0.0790959746,0.0616116486,0.00823973864,0.0198830292,0.100749761,0.107840672,-0.0584466346,0.156072363,0.195699453,0.139675424,0.0643683225,0.0842707306,0.143362954,-0.270838112,-0.231634498,-0.388110399,-0.0753949881,-0.0282005463,0.0454677604,0.00207582023,-0.0213256665,-0.456225067,-0.386951685,-0.57373023,-0.300284952,-0.135447651,-0.0195661373,-0.0660370216,-0.144419998,0.0552078523,-0.0403372049,0.0739626512,1.16660798,-1.27961183,-0.00985961128,-0.0178337805,-0.0285241362,0.0479583628,-0.073892571,0.121351257,1.19508243,0.874239147,-0.00276481593,-0.00283015729,0.00190206617,0.101122454,0.171438858,0.0908703804,0.922295868,0.836610913,0.230879486,0.171308056,0.0483328588,0.0498996638,0.0754696354,-0.0123509681,0.796082139,0.661965132,0.21706447,0.158386484,0.021661615,0.177860841,0.227172256,0.189591527,0.189801365,0.145497561,0.115014277,0.122044004,0.189389452,0.0993201211,0.18038924,0.125208348,0.10650751,0.0976035148,-0.012294597,-0.00165722996,0.118290529,-0.345803887,-0.296589583,-0.374668747,-0.072052449,0.0756345615,0.00605142163,-0.0106489863,-0.119925141,-0.314788222,-0.184608892,-0.429457754,-0.240503892,-0.0473438129,-0.0194962658,-0.0144828763,0.027102774,0.183368713,0.0387364104,0.354250908,2.15312099,2.16964793,0.0341878831,0.0228412747,-0.00697233016,0.323921233,0.171612382,0.784714878,2.78978038,1.45183885,0.113701634,0.0961482525,-0.0732720047,-0.0837165713,0.0526269749,-0.205209538,0.474726051,0.636539042,0.0711387992,0.0340870209,0.00673113763,-0.0751926824,0.16122514,-0.139055237,0.643853307,0.566516399,0.127685666,0.0950367153,0.00202498911
C1-PREPROC-P2-AFFINE,GOLD-MODEL-C1-B2-R00495,-0.771032155,-0.691976726,-0.77024591,-0.779151797,-0.681823134,0.753718078,0.70723331,0.552007437,-0.818494201,-0.605380595,-0.813882589,-0.807743073,-0.704340935,0.831158757,0.801192582,0.622070491,0.961928844,1.31461322,2.22791648,3.38635182,2.9940052,-0.915866017,-0.867036462,-0.597348094,1.0040127,1.32344306,2.04943466,2.9703815,2.57395029,-0.994787812,-0.913701534,-0.785155773,0.82691896,-0.118206978,2.31368113,4.98862743,5.40708685,-0.54907918,-0.48353827,-0.174887061,0.394570589,-0.187339544,1.55051172,3.71952605,4.04114437,-0.166473389,-0.106407881,0.0653791428,0.960193276,0.97978735,2.34659314,4.0036664,3.71136165,-0.788128257,-0.769589543,-0.614279151,1.06968045,0.920319438,2.34714031,3.85607338,3.6207509,-0.854889989,-0.793398499,-0.568316221,-0.873513103,-0.824474454,-0.861841381,-0.862336278,-0.799784124,0.888611913,0.85760951,0.679476917,-0.850598156,-0.84646827,-0.850920439,-0.850782871,-0.809733629,0.859240294,0.822850645,0.633400917,0.900264144,1.26932633,2.00973082,2.8114481,2.5146606,-0.83307445,-0.732149005,-0.563262105,0.741551995,1.15877521,1.67681301,2.7432766,2.37363386,-0.839659929,-0.779968858,-0.510964155,0.867801785,0.0953261852,2.14984703,4.25416374,5.12888813,-0.469330311,-0.321127295,-0.0574837923,0.942642331,0.310447931,2.31606579,4.59785557,4.92233419,-0.5668962,-0.486857295,-0.224334359,0.734546542,0.841136694,1.78310907,3.31072664,3.77505994,-0.54717803,-0.458495498,-0.364778161,0.854715824,0.948527575,2.04850292,3.67170572,4.19949913,-0.69758141,-0.660116792,-0.471588969,21.8872986,21.8731785,10.6571693,1.13108265,-24.2010078,-31.3477173,0.503526628,0.496466756,6.68096618e-06,4.87205665e-10,4.85428519e-21,3.8225115e-24,1,0.0600664914,-0.0692946017,0.071775116,0.0790959746,0.0616116486,0.00823973864,0.0198830292,0.100749761,0.107840672,-0.0584466308,0.156072363,0.195699468,0.139675424,0.0643683225,0.0842707232,0.143362954,-0.270838082,-0.231634542,-0.388110459,-0.0753949881,-0.0282005481,0.0454677604,0.00207581976,-0.0213256665,-0.456225008,-0.386951625,-0.57373023,-0.300284952,-0.135447666,-0.0195661373,-0.0660370216,-0.144420013,0.0552078485,-0.0403372608,0.0739626586,1.16660798,-1.27961183,-0.00985960942,-0.0178337805,-0.028524138,0.0479583777,-0.0738926381,0.121351242,1.19508243,0.874239147,-0.00276481803,-0.00283015496,0.00190207025,0.101122461,0.171438873,0.0908703804,0.922295988,0.836610913,0.230879456,0.171308056,0.0483328588,0.0498996675,0.0754696354,-0.0123509681,0.796082139,0.661965191,0.217064515,0.158386484,0.021661615,0.177860841,0.22717227,0.189591542,0.189801365,0.145497561,0.115014277,0.12204399,0.189389452,0.0993201286,0.180389255,0.125208348,0.10650751,0.0976035222,-0.0122945979,-0.00165722996,0.118290529,-0.345803916,-0.296589553,-0.374668807,-0.0720524564,0.0756345615,0.0060514221,-0.0106489854,-0.119925156,-0.314788252,-0.184608892,-0.429457694,-0.240503892,-0.0473438203,-0.0194962639,-0.0144828744,0.0271027777,0.183368728,0.038736362,0.354250878,2.15312099,2.16964769,0.034187872,0.022841271,-0.00697234133,0.323921263,0.171612307,0.784714878,2.78978038,1.45183873,0.113701649,0.096148245,-0.0732719824,-0.0837165713,0.0526269823,-0.205209538,0.47472614,0.636539102,0.0711387917,0.0340870284,0.0067311381,-0.075192675,0.161225125,-0.139055252,0.643853307,0.566516399,0.127685666,0.0950367078,0.00202498911
C1-PREPROC-P3-SPLIT_MEAN,GOLD-MODEL-C1-B2-R00495,-0.771032155,-0.691976726,-0.770245969,-0.779151797,-0.681823075,0.753718078,0.70723331,0.552007437,-0.81849426,-0.605380595,-0.813882589,-0.807743013,-0.704340935,0.831158757,0.801192641,0.622070491,0.961928964,1.31461298,2.22791624,3.38635182,2.99400496,-0.915865958,-0.867036641,-0.597348094,1.00401282,1.32344306,2.04943466,2.9703815,2.57395029,-0.994787753,-0.913701594,-0.785155654,0.826919079,-0.118206918,2.31368089,4.98862743,5.40708685,-0.549079299,-0.48353833,-0.174887121,0.39457047,-0.18733944,1.55051184,3.71952605,4.04114485,-0.166473344,-0.106407955,0.0653790161,0.960193217,0.97978735,2.34659314,4.0036664,3.71136189,-0.788128316,-0.769589484,-0.614279091,1.06968033,0.920319378,2.34714007,3.85607338,3.62075067,-0.85488975,-0.79339844,-0.568316162,-0.873513043,-0.824474394,-0.861841381,-0.862336278,-0.799784184,0.888611853,0.85760963,0.679476857,-0.850598156,-0.846468329,-0.850920439,-0.850782871,-0.80973357,0.859240234,0.822850645,0.633400917,0.900264025,1.26932645,2.00973058,2.81144786,2.51466084,-0.833074391,-0.732149065,-0.563262045,0.741551816,1.15877533,1.67681324,2.7432766,2.37363386,-0.839659989,-0.779969037,-0.510964096,0.867801666,0.0953263268,2.14984727,4.25416374,5.12888861,-0.4693304,-0.321127355,-0.057483729,0.942642272,0.31044805,2.31606579,4.59785557,4.92233467,-0.566896141,-0.486857295,-0.224334344,0.734546602,0.841136634,1.78310895,3.31072617,3.77505994,-0.54717803,-0.458495408,-0.364778191,0.854715884,0.948527753,2.04850292,3.67170596,4.19949913,-0.69758147,-0.660116732,-0.471588939,21.8872986,21.8731785,10.6571684,1.13108158,-24.2010098,-31.3477173,0.503526628,0.496466756,6.68095981e-06,4.87204777e-10,4.85426661e-21,3.8225115e-24,1,0.0600664914,-0.0692946017,0.071775116,0.0790959746,0.0616116412,0.00823973864,0.0198830292,0.100749761,0.10784068,-0.0584466308,0.156072363,0.195699453,0.139675424,0.0643683225,0.0842707306,0.143362954,-0.270838112,-0.231634498,-0.388110399,-0.0753949881,-0.0282005463,0.0454677604,0.00207582023,-0.0213256665,-0.456225067,-0.386951625,-0.57373023,-0.300284952,-0.135447666,-0.0195661355,-0.0660370216,-0.144419998,0.055207856,-0.0403372422,0.0739626512,1.16660798,-1.27961183,-0.00985961128,-0.0178337824,-0.0285241473,0.0479583628,-0.0738926008,0.121351257,1.19508243,0.874239266,-0.00276481709,-0.00283015706,0.00190206652,0.101122454,0.171438873,0.0908703804,0.922295988,0.836610973,0.230879471,0.171308056,0.0483328514,0.0498996638,0.0754696354,-0.0123509672,0.796082139,0.661965132,0.217064455,0.158386484,0.0216616131,0.177860841,0.227172256,0.189591542,0.189801365,0.145497575,0.11501427,0.122044004,0.189389437,0.0993201286,0.18038927,0.125208348,0.10650751,0.0976035148,-0.012294597,-0.00165722996,0.118290529,-0.345803887,-0.296589583,-0.374668747,-0.072052449,0.0756345689,0.00605142163,-0.0106489863,-0.119925141,-0.314788193,-0.184608921,-0.429457754,-0.240503892,-0.0473438203,-0.0194962658,-0.0144828772,0.027102774,0.183368698,0.0387364216,0.354250908,2.15312099,2.16964793,0.0341878794,0.0228412747,-0.00697233388,0.323921233,0.171612367,0.784714878,2.78978038,1.45183885,0.113701634,0.096148245,-0.0732719824,-0.0837165788,0.0526269786,-0.205209523,0.474726051,0.636539102,0.0711387917,0.0340870209,0.00673113856,-0.0751926824,0.161225155,-0.139055252,0.643853307,0.566516399,0.127685666,0.0950367004,0.00202498888
C1-PREPROC-P4-COMPENSATED,GOLD-MODEL-C1-B2-R00495,-0.771032214,-0.691976726,-0.77024591,-0.779151857,-0.681823134,0.753718138,0.70723331,0.552007437,-0.818494201,-0.605380595,-0.813882649,-0.807743013,-0.704340935,0.831158757,0.801192641,0.622070491,0.961928964,1.31461298,2.22791624,3.38635182,2.99400496,-0.915865898,-0.867036581,-0.597348094,1.00401282,1.32344317,2.04943466,2.9703815,2.57395005,-0.994787812,-0.913701594,-0.785155714,0.826919019,-0.118206918,2.31368089,4.98862743,5.40708685,-0.549079239,-0.48353833,-0.174887121,0.39457047,-0.187339425,1.55051184,3.71952629,4.04114437,-0.166473344,-0.106407948,0.0653790161,0.960193217,0.97978735,2.34659314,4.00366592,3.71136165,-0.788128257,-0.769589484,-0.614279091,1.06968033,0.920319378,2.34714031,3.85607338,3.62075067,-0.85488975,-0.79339844,-0.568316162,-0.873513103,-0.824474394,-0.861841381,-0.862336278,-0.799784184,0.888611913,0.85760963,0.679476917,-0.850598097,-0.84646827,-0.850920439,-0.850782871,-0.80973357,0.859240234,0.822850645,0.633400917,0.900264025,1.26932645,2.00973058,2.81144786,2.5146606,-0.833074391,-0.732149065,-0.563262105,0.741551816,1.15877521,1.67681324,2.7432766,2.37363362,-0.839659989,-0.779969037,-0.510964096,0.867801726,0.0953263268,2.14984727,4.25416374,5.12888861,-0.46933043,-0.321127355,-0.057483729,0.942642272,0.31044805,2.31606579,4.59785557,4.92233467,-0.566896141,-0.486857325,-0.224334344,0.734546602,0.841136634,1.78310907,3.31072617,3.7750597,-0.54717803,-0.458495378,-0.364778191,0.854715884,0.948527753,2.04850268,3.67170596,4.19949913,-0.69758147,-0.660116792,-0.471588969,21.8872986,21.8731785,10.6571684,1.13108158,-24.2010078,-31.3477173,0.503526628,0.496466756,6.68095981e-06,4.87204777e-10,4.85428519e-21,3.8225115e-24,1,0.0600664951,-0.0692946017,0.071775116,0.079095982,0.0616116486,0.00823973864,0.0198830292,0.100749761,0.107840672,-0.0584466308,0.156072378,0.195699453,0.139675424,0.0643683225,0.0842707306,0.143362954,-0.270838112,-0.231634498,-0.388110399,-0.0753949881,-0.0282005463,0.0454677567,0.00207582,-0.0213256665,-0.456225067,-0.386951685,-0.57373023,-0.300284952,-0.135447651,-0.0195661373,-0.0660370216,-0.144419998,0.0552078523,-0.0403372422,0.0739626512,1.16660798,-1.27961183,-0.00985961035,-0.0178337824,-0.0285241473,0.0479583628,-0.0738925934,0.121351257,1.19508243,0.874239147,-0.00276481709,-0.00283015682,0.00190206652,0.101122454,0.171438873,0.0908703804,0.922295868,0.836610913,0.230879456,0.171308056,0.0483328514,0.0498996638,0.0754696354,-0.0123509681,0.796082139,0.661965132,0.217064455,0.158386484,0.0216616131,0.177860841,0.227172256,0.189591542,0.189801365,0.145497575,0.115014277,0.122044004,0.189389452,0.0993201211,0.180389255,0.125208348,0.10650751,0.0976035148,-0.012294597,-0.00165722996,0.118290529,-0.345803887,-0.296589583,-0.374668747,-0.072052449,0.0756345615,0.00605142163,-0.0106489863,-0.119925156,-0.314788193,-0.184608892,-0.429457754,-0.240503892,-0.0473438129,-0.0194962658,-0.0144828772,0.027102774,0.183368713,0.0387364216,0.354250908,2.15312099,2.16964793,0.0341878794,0.0228412747,-0.00697233388,0.323921233,0.171612367,0.784714878,2.78978038,1.45183885,0.113701634,0.0961482525,-0.0732719824,-0.0837165788,0.0526269786,-0.205209538,0.474726051,0.636539042,0.0711387917,0.0340870209,0.00673113856,-0.0751926824,0.161225155,-0.139055237,0.643853307,0.566516399,0.127685666,0.0950367078,0.00202498911
C1-PREPROC-P0-BASELINE,GOLD-MODEL-C1-B2-R00540,-0.697148681,-0.521517813,-0.670595527,-0.686981559,-0.647189617,0.683316052,0.634998202,0.511889338,-0.733579457,-0.294237554,-0.686886728,-0.687806368,-0.669193864,0.736282766,0.698372185,0.56443131,0.545664251,-0.706421256,1.25643492,1.09234905,0.921279669,-0.0348563418,-0.0101346485,-0.24748309,0.849180281,-0.682119131,1.50385332,1.26856959,1.03599358,-0.195415616,-0.140659273,-0.55771035,1.09421372,-0.457807899,2.11600089,2.04595733,1.57585549,-0.604169667,-0.545031726,-0.610714257,0.874930739,-0.440667093,1.67494345,1.46769786,1.18483031,-0.401953638,-0.285060853,-0.260501027,0.346632928,-0.871789515,1.09642792,0.936742067,0.667417824,0.141691074,0.185533047,0.00973224547,0.575508356,-0.824888408,1.31691694,1.11248839,0.822888196,0.0415103771,0.0835907981,-0.113199726,-0.804270446,-0.474669069,-0.767353415,-0.771193683,-0.738312244,0.820082128,0.784968972,0.627329826,-0.778961241,-0.535579681,-0.765442491,-0.771831155,-0.75554651,0.79527241,0.755926549,0.575753987,-0.23293671,-1.00102377,0.273056984,0.205658659,0.202069566,0.249367878,0.259314388,0.0232198536,0.328680575,-1.04662263,0.85292846,0.722382665,0.580547214,0.0341676846,0.05165153,-0.257537723,1.66068745,-0.0675403848,2.49443245,1.81947017,1.59594023,-0.947363675,-0.740580916,-0.875811994,2.09451914,0.140850246,2.78609872,1.90582407,1.60086787,-1.26020527,-0.922867477,-1.31495988,-0.222111821,-1.03904843,0.258444518,0.191259399,0.165647328,0.33621338,0.348490775,0.107345529,-0.16837953,-1.08346367,0.348937392,0.263435334,0.273239106,0.303298175,0.322694272,0.0657972693,12.8039207,1.34434736,12.8019123,-1.69599676,-11.8776436,-13.376544,0.500499368,5.27927023e-06,0.499495149,2.52446398e-07,9.55732455e-12,2.13487149e-12,1,0.054310672,-0.0522248372,0.0624892227,0.0697392672,0.0584820546,0.0074700946,0.0178522244,0.093427591,0.0966527387,-0.0284072421,0.131719291,0.16664128,0.132705539,0.0570207387,0.0734559074,0.130079374,-0.153635755,0.124471262,-0.21887514,-0.0243204627,-0.00867753755,0.00173042761,2.42639217e-05,-0.00883528683,-0.385868907,0.199439719,-0.420997143,-0.12824358,-0.0545165576,-0.00384356198,-0.0101660322,-0.102584146,0.0730533302,-0.15622358,0.0676433071,0.478454292,-0.372933388,-0.0108488481,-0.0201017726,-0.0996076986,0.106344111,-0.17381303,0.131089926,0.47157079,0.256319731,-0.00667571323,-0.00758182956,-0.00757873571,0.036505539,-0.152541891,0.042458497,0.21579057,0.150448576,-0.0415079109,-0.0412990376,-0.000765754841,0.0268469676,-0.067643933,-0.00692979433,0.229672015,0.15044485,-0.0105398707,-0.0166872684,0.0043146559,0.163761973,0.130788341,0.168805674,0.169740751,0.134314537,0.106144376,0.111706719,0.174854577,0.0909554437,0.114136375,0.112630732,0.0966237262,0.0910719261,-0.0113793015,-0.00152244419,0.107524693,0.0894742161,0.233898237,-0.050905291,-0.00527066877,0.00607773615,-0.00181139901,0.0037716846,0.00494378107,-0.139524654,0.166741446,-0.218448147,-0.0633315071,-0.0115794279,0.000793347659,0.000959092926,0.0136604244,0.350907505,-0.0274454374,0.411031514,0.920871794,0.675122559,0.0690097064,0.052676335,-0.106229253,0.719742,0.0778605118,0.943968475,1.15637183,0.472174764,0.252757758,0.182254821,-0.42949158,0.0253141765,-0.0650096312,-0.0297431499,0.0274247453,0.027930947,-0.0437112115,-0.0259086844,-0.00198081369,0.0148130031,-0.184160769,-0.0236863606,0.0461947992,0.0368602127,-0.0555158556,-0.0464581437,-0.000282531517
C1-PREPROC-P1-RECIPROCAL,GOLD-MODEL-C1-B2-R00540,-0.697148681,-0.521517813,-0.670595467,-0.686981499,-0.647189677,0.683316112,0.634998202,0.511889398,-0.733579457,-0.294237554,-0.686886728,-0.687806368,-0.669193864,0.736282766,0.698372185,0.56443131,0.545664191,-0.706421256,1.25643492,1.09234917,0.921279669,-0.0348563418,-0.0101346476,-0.247483075,0.849180281,-0.682119131,1.50385332,1.26856959,1.03599358,-0.195415631,-0.140659288,-0.55771035,1.0942136,-0.457807899,2.11600089,2.04595733,1.57585549,-0.604169607,-0.545031667,-0.610714257,0.874930799,-0.440667093,1.67494345,1.46769786,1.18483019,-0.401953638,-0.285060853,-0.260500997,0.346632928,-0.871789515,1.09642792,0.936742008,0.667417824,0.141691074,0.185533047,0.00973224547,0.575508356,-0.824888408,1.31691706,1.11248839,0.822888196,0.0415103771,0.0835907981,-0.113199726,-0.804270506,-0.474669039,-0.767353415,-0.771193683,-0.738312244,0.820082128,0.784968972,0.627329826,-0.778961241,-0.535579622,-0.765442491,-0.771831095,-0.75554651,0.79527241,0.755926549,0.575754046,-0.232936725,-1.00102377,0.273056984,0.205658659,0.202069566,0.249367878,0.259314388,0.0232198555,0.328680575,-1.04662263,0.85292846,0.722382665,0.580547214,0.0341676846,0.05165153,-0.257537723,1.66068745,-0.0675403848,2.49443245,1.81947017,1.59594035,-0.947363615,-0.740580916,-0.875812054,2.09451914,0.140850261,2.78609848,1.90582407,1.60086775,-1.26020527,-0.922867477,-1.31495976,-0.222111821,-1.03904855,0.258444548,0.191259414,0.165647328,0.33621338,0.348490804,0.107345521,-0.168379515,-1.08346355,0.348937362,0.263435334,0.273239076,0.303298175,0.322694302,0.0657972768,12.8039207,1.34434783,12.8019123,-1.69599676,-11.8776436,-13.376544,0.500499368,5.27927523e-06,0.499495149,2.52446398e-07,9.55732455e-12,2.13487149e-12,1,0.054310672,-0.0522248372,0.062489219,0.0697392598,0.0584820621,0.00747009553,0.0178522244,0.0934276059,0.0966527387,-0.0284072421,0.131719291,0.16664128,0.132705539,0.0570207387,0.0734559074,0.130079374,-0.153635725,0.124471262,-0.21887514,-0.0243204646,-0.00867753755,0.00173042761,2.4263918e-05,-0.0088352859,-0.385868907,0.199439719,-0.420997143,-0.12824358,-0.0545165576,-0.00384356244,-0.0101660332,-0.102584146,0.0730533227,-0.15622358,0.0676433071,0.478454292,-0.372933388,-0.0108488472,-0.0201017689,-0.0996076986,0.106344119,-0.17381303,0.131089926,0.47157079,0.256319702,-0.00667571323,-0.00758182956,-0.00757873477,0.036505539,-0.152541891,0.042458497,0.215790555,0.150448576,-0.0415079109,-0.0412990376,-0.000765754841,0.0268469676,-0.067643933,-0.00692979479,0.229672015,0.15044485,-0.0105398707,-0.0166872684,0.0043146559,0.163761973,0.130788341,0.168805674,0.169740751,0.134314537,0.106144376,0.111706719,0.174854577,0.0909554437,0.114136361,0.112630732,0.0966237187,0.0910719261,-0.0113793015,-0.00152244419,0.107524708,0.0894742236,0.233898237,-0.050905291,-0.00527066877,0.00607773615,-0.00181139901,0.0037716846,0.00494378153,-0.139524654,0.166741446,-0.218448147,-0.0633315071,-0.0115794279,0.000793347659,0.000959092926,0.0136604244,0.350907505,-0.0274454374,0.411031514,0.920871794,0.675122619,0.0690097064,0.052676335,-0.106229261,0.719742,0.0778605193,0.943968415,1.15637183,0.472174704,0.252757758,0.182254821,-0.42949155,0.0253141765,-0.0650096387,-0.0297431536,0.0274247471,0.027930947,-0.0437112115,-0.0259086862,-0.00198081345,0.0148130013,-0.184160739,-0.0236863587,0.0461947992,0.036860209,-0.0555158556,-0.0464581475,-0.000282531546
C1-PREPROC-P2-AFFINE,GOLD-MODEL-C1-B2-R00540,-0.697148681,-0.521517754,-0.670595467,-0.686981559,-0.647189677,0.683316052,0.634998202,0.511889398,-0.733579457,-0.294237494,-0.686886787,-0.687806368,-0.669193864,0.736282825,0.698372126,0.56443131,0.545664072,-0.706421137,1.25643492,1.09234929,0.921279669,-0.0348563194,-0.0101345778,-0.247483015,0.849180341,-0.682119131,1.5038532,1.26856971,1.03599358,-0.195415616,-0.140659332,-0.557710409,1.0942136,-0.457807899,2.11600113,2.04595733,1.57585561,-0.604169488,-0.545031667,-0.610714197,0.874930859,-0.440667152,1.67494333,1.46769786,1.18483007,-0.401953697,-0.285060763,-0.260500908,0.346632957,-0.871789515,1.09642792,0.936742067,0.667417765,0.141691208,0.185532987,0.0097322464,0.575508356,-0.824888468,1.31691718,1.11248839,0.822888255,0.0415102243,0.0835907459,-0.113199711,-0.804270506,-0.474669099,-0.767353475,-0.771193683,-0.738312244,0.820082128,0.784968972,0.627329826,-0.778961241,-0.535579681,-0.765442491,-0.771831155,-0.75554657,0.79527241,0.755926609,0.575754106,-0.232936621,-1.00102389,0.273056984,0.205658674,0.202069521,0.249367893,0.259314477,0.0232198238,0.328680634,-1.04662251,0.852928519,0.722382665,0.580547214,0.0341676474,0.051651597,-0.257537723,1.66068757,-0.0675404072,2.49443245,1.81947017,1.59594035,-0.947363615,-0.740580916,-0.875812292,2.09451914,0.140850067,2.78609848,1.90582407,1.60086775,-1.26020527,-0.922867417,-1.31495976,-0.222111821,-1.03904843,0.258444548,0.191259503,0.165647268,0.33621341,0.348490715,0.107345462,-0.168379545,-1.08346367,0.348937392,0.263435245,0.273239017,0.303298235,0.322694302,0.0657972097,12.8039207,1.34434807,12.8019123,-1.69599676,-11.8776445,-13.3765421,0.500499368,5.27927523e-06,0.499495149,2.52446398e-07,9.55732455e-12,2.13487973e-12,1,0.054310672,-0.0522248298,0.062489219,0.0697392672,0.0584820621,0.0074700946,0.0178522244,0.0934276059,0.0966527387,-0.0284072366,0.131719291,0.16664128,0.132705539,0.0570207424,0.0734559,0.130079374,-0.153635696,0.12447124,-0.21887514,-0.0243204683,-0.00867753755,0.00173042645,2.42637507e-05,-0.00883528404,-0.385868937,0.199439719,-0.420997113,-0.128243595,-0.0545165576,-0.00384356198,-0.0101660369,-0.102584161,0.0730533227,-0.15622358,0.0676433146,0.478454292,-0.372933418,-0.0108488454,-0.0201017689,-0.0996076912,0.106344126,-0.17381306,0.131089926,0.47157079,0.256319672,-0.00667571416,-0.00758182723,-0.00757873245,0.0365055427,-0.152541891,0.042458497,0.21579057,0.150448561,-0.0415079519,-0.0412990227,-0.000765754899,0.0268469676,-0.0676439404,-0.00692979526,0.229672015,0.150444865,-0.0105398316,-0.0166872572,0.00431465544,0.163761973,0.130788356,0.168805689,0.169740751,0.134314537,0.106144376,0.111706719,0.174854577,0.0909554437,0.114136375,0.112630732,0.0966237262,0.0910719335,-0.0113793015,-0.00152244431,0.107524715,0.0894741789,0.233898267,-0.050905291,-0.00527066924,0.00607773475,-0.00181139912,0.003771686,0.00494377501,-0.139524683,0.166741431,-0.218448162,-0.0633315071,-0.0115794279,0.000793346786,0.000959094148,0.0136604244,0.350907505,-0.0274454467,0.411031514,0.920871794,0.675122619,0.0690097064,0.052676335,-0.10622929,0.719742,0.077860415,0.943968415,1.15637183,0.472174704,0.252757758,0.182254806,-0.42949155,0.0253141765,-0.0650096312,-0.0297431536,0.0274247602,0.0279309377,-0.0437112153,-0.0259086806,-0.00198081252,0.0148130041,-0.184160769,-0.0236863606,0.0461947806,0.0368602015,-0.0555158667,-0.0464581475,-0.000282531255
C1-PREPROC-P3-SPLIT_MEAN,GOLD-MODEL-C1-B2-R00540,-0.697148681,-0.521517754,-0.670595527,-0.686981559,-0.647189617,0.683316052,0.634998202,0.511889398,-0.733579457,-0.294237494,-0.686886728,-0.687806427,-0.669193804,0.736282766,0.698372185,0.56443131,0.545664251,-0.706421196,1.25643492,1.09234905,0.921279669,-0.034856353,-0.0101346094,-0.247483045,0.849180281,-0.682119131,1.50385332,1.26856959,1.03599358,-0.195415616,-0.140659273,-0.557710409,1.09421372,-0.457808018,2.11600089,2.04595733,1.57585549,-0.604169607,-0.545031726,-0.610714316,0.874930739,-0.440667152,1.67494345,1.46769786,1.18483031,-0.401953727,-0.285060853,-0.260500997,0.346632987,-0.871789455,1.09642792,0.936742067,0.667417765,0.141691118,0.185533002,0.00973229855,0.575508356,-0.824888408,1.31691694,1.11248839,0.822888196,0.0415103622,0.0835907757,-0.113199696,-0.804270446,-0.474669039,-0.767353415,-0.771193624,-0.738312244,0.820082128,0.784968972,0.627329826,-0.778961241,-0.535579741,-0.765442491,-0.771831155,-0.75554657,0.79527241,0.755926549,0.575753987,-0.232936695,-1.00102377,0.273057014,0.205658615,0.202069581,0.249367908,0.259314388,0.0232198201,0.328680545,-1.04662263,0.85292846,0.722382605,0.580547214,0.0341676623,0.0516515486,-0.257537723,1.66068745,-0.067540355,2.49443245,1.81947017,1.59594023,-0.947363615,-0.740580916,-0.875812054,2.09451914,0.140850216,2.78609872,1.90582407,1.60086787,-1.26020527,-0.922867477,-1.31495988,-0.222111732,-1.03904843,0.258444518,0.191259444,0.165647298,0.33621341,0.348490745,0.107345484,-0.16837956,-1.08346367,0.348937392,0.263435304,0.273239106,0.303298175,0.322694331,0.0657972693,12.8039217,1.34434688,12.8019114,-1.695997,-11.8776436,-13.376544,0.500499845,5.27927023e-06,0.499494672,2.5244637e-07,9.55733322e-12,2.13487344e-12,1,0.054310672,-0.0522248298,0.0624892227,0.0697392672,0.0584820546,0.0074700946,0.0178522244,0.0934276059,0.0966527387,-0.0284072366,0.131719291,0.166641295,0.132705525,0.0570207387,0.0734559074,0.130079374,-0.153635755,0.124471247,-0.21887514,-0.0243204627,-0.00867753755,0.00173042819,2.42638271e-05,-0.00883528497,-0.385868907,0.199439719,-0.420997143,-0.12824358,-0.0545165576,-0.00384356198,-0.0101660322,-0.102584161,0.0730533302,-0.15622361,0.0676433071,0.478454292,-0.372933388,-0.0108488472,-0.0201017726,-0.0996077061,0.106344111,-0.17381306,0.131089926,0.47157079,0.256319731,-0.00667571463,-0.00758182956,-0.00757873477,0.0365055464,-0.152541876,0.042458497,0.21579057,0.150448561,-0.0415079221,-0.0412990265,-0.000765759032,0.0268469676,-0.067643933,-0.00692979433,0.229672015,0.15044485,-0.010539867,-0.0166872628,0.00431465451,0.163761973,0.130788341,0.168805674,0.169740736,0.134314537,0.106144376,0.111706719,0.174854577,0.0909554437,0.114136383,0.112630732,0.0966237262,0.0910719335,-0.0113793015,-0.00152244419,0.107524693,0.0894742087,0.233898237,-0.0509052984,-0.00527066784,0.00607773662,-0.00181139924,0.0037716846,0.00494377408,-0.139524639,0.166741446,-0.218448147,-0.0633314997,-0.0115794279,0.000793347135,0.000959093275,0.0136604244,0.350907505,-0.0274454243,0.411031514,0.920871794,0.675122559,0.0690097064,0.052676335,-0.106229261,0.719742,0.0778604969,0.943968475,1.15637183,0.472174764,0.252757758,0.182254821,-0.42949158,0.0253141653,-0.0650096312,-0.0297431499,0.0274247508,0.0279309414,-0.0437112153,-0.0259086825,-0.00198081275,0.014813005,-0.184160769,-0.0236863606,0.0461947918,0.0368602127,-0.0555158556,-0.0464581549,-0.000282531517
C1-PREPROC-P4-COMPENSATED,GOLD-MODEL-C1-B2-R00540,-0.697148681,-0.521517754,-0.670595467,-0.686981559,-0.647189677,0.683316112,0.634998202,0.511889398,-0.733579457,-0.294237494,-0.686886787,-0.687806427,-0.669193804,0.736282766,0.698372185,0.56443131,0.545664191,-0.706421196,1.25643492,1.09234917,0.921279669,-0.034856353,-0.0101346085,-0.24748303,0.849180281,-0.682119131,1.50385332,1.26856959,1.03599358,-0.195415631,-0.140659288,-0.557710409,1.0942136,-0.457808018,2.11600089,2.04595733,1.57585549,-0.604169607,-0.545031667,-0.610714316,0.874930739,-0.440667123,1.67494345,1.46769786,1.18483019,-0.401953697,-0.285060853,-0.260500968,0.346632957,-0.871789455,1.09642792,0.936742008,0.667417765,0.141691104,0.185533002,0.00973229855,0.575508356,-0.824888408,1.31691706,1.11248839,0.822888196,0.0415103622,0.0835907757,-0.113199696,-0.804270506,-0.474669039,-0.767353475,-0.771193624,-0.738312185,0.820082128,0.784968972,0.627329826,-0.778961241,-0.535579681,-0.765442491,-0.771831095,-0.75554651,0.79527241,0.755926549,0.575754046,-0.232936695,-1.00102377,0.273057044,0.205658615,0.202069595,0.249367923,0.259314388,0.0232198201,0.328680545,-1.04662263,0.85292846,0.722382605,0.580547214,0.0341676623,0.0516515523,-0.257537723,1.66068745,-0.067540355,2.49443245,1.81947017,1.59594035,-0.947363615,-0.740580916,-0.875812054,2.09451914,0.140850216,2.78609848,1.90582407,1.60086775,-1.26020527,-0.922867537,-1.31495976,-0.222111732,-1.03904843,0.258444548,0.191259459,0.165647283,0.33621341,0.348490745,0.107345484,-0.16837956,-1.08346355,0.348937362,0.263435304,0.273239076,0.303298175,0.322694331,0.0657972693,12.8039217,1.34434783,12.8019104,-1.69599676,-11.8776436,-13.376544,0.500500083,5.2792775e-06,0.499494433,2.52446767e-07,9.55733843e-12,2.13487453e-12,1,0.054310672,-0.0522248298,0.062489219,0.0697392672,0.0584820621,0.00747009553,0.0178522244,0.0934276059,0.0966527387,-0.0284072366,0.131719291,0.166641295,0.132705525,0.0570207387,0.0734559074,0.130079374,-0.153635725,0.124471247,-0.21887514,-0.0243204646,-0.00867753755,0.00173042819,2.42638253e-05,-0.00883528497,-0.385868907,0.199439719,-0.420997143,-0.12824358,-0.0545165576,-0.00384356244,-0.0101660332,-0.102584161,0.0730533227,-0.15622361,0.0676433071,0.478454292,-0.372933388,-0.0108488472,-0.0201017689,-0.0996077061,0.106344111,-0.173813045,0.131089926,0.47157079,0.256319702,-0.00667571416,-0.00758182956,-0.00757873384,0.0365055427,-0.152541876,0.042458497,0.215790555,0.150448561,-0.0415079184,-0.0412990265,-0.000765759032,0.0268469676,-0.067643933,-0.00692979479,0.229672015,0.15044485,-0.010539867,-0.0166872628,0.00431465451,0.163761973,0.130788341,0.168805689,0.169740736,0.134314522,0.106144376,0.111706719,0.174854577,0.0909554437,0.114136375,0.112630732,0.0966237187,0.0910719261,-0.0113793015,-0.00152244419,0.107524708,0.0894742087,0.233898237,-0.0509053022,-0.00527066784,0.00607773708,-0.00181139936,0.0037716846,0.00494377408,-0.139524639,0.166741446,-0.218448147,-0.0633314997,-0.0115794279,0.000793347135,0.000959093333,0.0136604244,0.350907505,-0.0274454243,0.411031514,0.920871794,0.675122619,0.0690097064,0.052676335,-0.106229261,0.719742,0.0778604969,0.943968415,1.15637183,0.472174704,0.252757758,0.182254836,-0.42949155,0.0253141653,-0.0650096312,-0.0297431536,0.0274247527,0.0279309396,-0.0437112153,-0.0259086825,-0.00198081275,0.014813005,-0.184160739,-0.0236863587,0.0461947918,0.036860209,-0.0555158556,-0.0464581549,-0.000282531517
C1-PREPROC-P0-BASELINE,GOLD-MODEL-C1-B2-R00778,0.844213367,-0.175522313,1.07290101,1.17928731,1.21153712,-0.813283622,-1.03403604,-2.27387309,0.9193964,-0.163977712,1.15693498,1.23949468,1.29885721,-0.990102768,-1.21116149,-2.77624321,0.533518434,-0.514941156,0.320894569,0.0792729184,0.0256323833,-0.453879416,-0.390864491,-0.737022817,0.53124243,-0.600133181,0.275930792,0.0623555481,0.0177283064,-0.492830276,-0.395009547,-0.650051713,0.908290207,-0.785463452,1.27875865,1.74490523,1.70559514,-0.536439776,-0.436460853,-0.740287721,0.48844856,-0.836990118,0.711389601,1.03045595,1.04468501,-0.135828167,-0.0194982179,-0.435446024,1.2896955,-0.613282084,0.887782812,0.472525835,0.330497324,-0.994930327,-0.8445158,-0.943891943,1.34635818,-0.6316787,0.896540225,0.516402006,0.358489305,-1.04037344,-0.865860581,-1.36558318,0.380829513,-0.194362059,0.499710023,0.469945312,0.659228444,-0.365960866,-0.448087931,-1.24287343,0.244141713,-0.171414435,0.325287908,0.284768194,0.538848102,-0.236446425,-0.342558146,-0.982429981,0.801996768,-0.455662072,0.457173735,0.0512260683,0.154054046,-0.706675053,-0.643188179,-0.997791171,0.931021869,-0.676185668,0.528301895,0.159482852,0.166128874,-0.914144158,-0.795692384,-1.11571109,1.04059112,-0.740190506,1.2125932,1.4237709,1.44331694,-0.562034607,-0.452477902,-1.08658147,0.936953545,-0.770053029,1.00250852,1.12262416,1.06563699,-0.451949596,-0.317469329,-0.837394774,1.49264896,-0.558389544,0.924485266,0.321957111,0.303466141,-1.18288743,-1.00874639,-1.5806725,1.69301248,-0.617663741,1.07828653,0.453913063,0.522423267,-1.35602486,-1.15727866,-1.62410128,3.63684702,-1.43659234,1.90523243,3.17559171,3.65018678,-10.9312677,0.353709251,0.0022145207,0.0626059771,0.223010764,0.358459264,1.66645918e-07,5,0.620912552,0.0372757055,0.0681996197,0.00189477799,0.111517601,0.333285719,0.374897182,0.558464885,0.723403692,0.0403701738,0.0105577279,-0.0939455181,0.139146656,0.424139798,0.467071295,0.784284234,0.0925590545,0.0234019756,-0.0351404436,-0.00972418301,-0.00149081019,0.0213199202,0.00664621824,-0.0223506633,0.0752526894,0.0450564399,-0.0297753848,-0.00648259604,-0.00113818666,0.015850734,0.00313074025,0.0383068621,0.134863347,0.037402086,-0.316275299,-0.515492916,-0.357723832,-0.0307226051,-0.0159122217,-0.0181521401,0.0669224262,0.0518294834,-0.169788897,-0.301181227,-0.170503944,-0.0081610987,-0.0017439255,0.045996163,0.300700694,0.0952341035,-0.121735416,-0.0676517859,-0.0225371048,0.0502489284,0.00849012751,0.0142325507,0.292325914,0.101359479,-0.121365704,-0.0708912164,-0.0240365397,0.0430965163,0.00135831791,-0.0212859605,0.292469382,0.0481155328,0.00175847416,-0.031002935,0.0555446185,0.155227751,0.169406056,0.340212286,0.18662554,0.0440203585,0.00601221994,-0.0105062332,0.0736502856,0.0974741951,0.128213421,0.23076269,0.137708858,0.0361731797,-0.04956837,-0.00545902504,-0.00664851489,0.031652838,0.0055162413,-0.0732709989,0.157499745,0.0850487202,-0.0562805459,-0.0172498468,-0.0119363368,0.0310646314,0.00317829009,-0.0909194127,0.171954975,0.0819506496,-0.350144088,-0.428527325,-0.363475978,-0.0375648513,-0.0120490687,-0.1374311,0.133457437,0.106264964,-0.318985313,-0.340675205,-0.168179736,-0.0456132926,-0.0351132639,0.355081022,0.355319798,0.0946326628,-0.106042817,-0.0381129682,-0.0210814793,0.0723442659,0.0192717668,0.0571133606,0.41503334,0.130662397,-0.148236156,-0.0647837147,-0.0519009009,0.07224904,0.0138941705,-0.123923227
C1-PREPROC-P1-RECIPROCAL,GOLD-MODEL-C1-B2-R00778,0.844213426,-0.175522327,1.07290089,1.17928731,1.21153712,-0.813283682,-1.03403604,-2.27387333,0.9193964,-0.163977712,1.15693486,1.23949468,1.29885721,-0.990102768,-1.21116149,-2.77624321,0.533518374,-0.514941096,0.320894569,0.0792729259,0.0256323852,-0.453879416,-0.390864462,-0.737022758,0.53124243,-0.600133181,0.275930792,0.0623555481,0.0177283064,-0.492830336,-0.395009577,-0.650051773,0.908290148,-0.785463452,1.27875853,1.74490523,1.70559514,-0.536439776,-0.436460853,-0.740287721,0.48844859,-0.836990058,0.711389601,1.03045595,1.04468489,-0.135828167,-0.019498216,-0.435446024,1.2896955,-0.613282144,0.887782812,0.472525805,0.330497295,-0.994930267,-0.8445158,-0.943891943,1.34635818,-0.6316787,0.896540284,0.516402006,0.358489305,-1.04037344,-0.865860581,-1.36558318,0.380829513,-0.194362059,0.499709994,0.469945341,0.659228384,-0.365960866,-0.448087931,-1.24287355,0.244141698,-0.171414435,0.325287908,0.284768194,0.538848042,-0.23644644,-0.342558175,-0.982429981,0.801996768,-0.455662042,0.457173765,0.0512260683,0.154054046,-0.706675053,-0.643188179,-0.997791231,0.931021869,-0.676185668,0.528301895,0.159482852,0.166128874,-0.914144158,-0.795692325,-1.11571109,1.04059124,-0.740190446,1.2125932,1.42377079,1.44331694,-0.562034607,-0.452477902,-1.08658147,0.936953485,-0.770053029,1.0025084,1.12262416,1.06563687,-0.451949567,-0.317469329,-0.837394774,1.49264896,-0.558389544,0.924485326,0.321957111,0.303466111,-1.18288743,-1.00874639,-1.5806725,1.69301248,-0.617663682,1.07828653,0.453913063,0.522423267,-1.35602486,-1.15727866,-1.6241014,3.6368463,-1.43659186,1.90523243,3.17559171,3.65018678,-10.9312677,0.353709131,0.00221452233,0.0626059994,0.223010838,0.358459383,1.66645975e-07,5,0.620912611,0.0372757092,0.0681996122,0.00189477799,0.111517601,0.333285749,0.374897182,0.558464944,0.723403692,0.0403701738,0.010557726,-0.0939455181,0.139146656,0.424139798,0.467071295,0.784284234,0.092559047,0.0234019738,-0.0351404436,-0.00972418394,-0.0014908103,0.0213199202,0.00664621778,-0.0223506615,0.0752526894,0.0450564399,-0.0297753848,-0.00648259604,-0.00113818666,0.0158507358,0.00313074049,0.0383068658,0.134863332,0.037402086,-0.316275269,-0.515492916,-0.357723832,-0.0307226051,-0.0159122217,-0.0181521401,0.0669224337,0.0518294796,-0.169788897,-0.301181227,-0.170503929,-0.0081610987,-0.00174392527,0.045996163,0.300700694,0.095234111,-0.121735416,-0.0676517785,-0.0225371029,0.0502489246,0.00849012751,0.0142325507,0.292325914,0.101359479,-0.121365711,-0.0708912164,-0.0240365397,0.0430965163,0.00135831791,-0.0212859605,0.292469382,0.0481155328,0.00175847404,-0.0310029369,0.0555446148,0.155227751,0.169406056,0.340212315,0.186625525,0.0440203585,0.00601221994,-0.0105062332,0.0736502782,0.0974742025,0.128213435,0.23076269,0.137708858,0.0361731797,-0.0495683737,-0.00545902504,-0.00664851489,0.031652838,0.0055162413,-0.0732709989,0.157499745,0.0850487202,-0.0562805459,-0.0172498468,-0.0119363368,0.0310646314,0.00317828986,-0.0909194127,0.171954989,0.0819506422,-0.350144088,-0.428527296,-0.363475978,-0.0375648513,-0.0120490687,-0.1374311,0.133457422,0.106264964,-0.318985283,-0.340675205,-0.168179721,-0.0456132889,-0.0351132639,0.355081022,0.355319798,0.0946326628,-0.106042825,-0.0381129682,-0.0210814774,0.0723442659,0.0192717668,0.0571133606,0.41503334,0.130662382,-0.148236156,-0.0647837147,-0.0519009009,0.07224904,0.0138941705,-0.123923235
C1-PREPROC-P2-AFFINE,GOLD-MODEL-C1-B2-R00778,0.844213426,-0.175522208,1.07290089,1.1792872,1.21153712,-0.813283741,-1.03403616,-2.27387333,0.919396341,-0.163977623,1.15693498,1.23949456,1.29885721,-0.990102768,-1.21116161,-2.77624321,0.533518314,-0.514940977,0.320894718,0.0792729855,0.0256323814,-0.453879476,-0.390864372,-0.737022758,0.53124249,-0.600133181,0.275930882,0.0623556376,0.0177283287,-0.492830396,-0.395009518,-0.650051832,0.908290029,-0.785463572,1.27875865,1.74490523,1.70559514,-0.536439657,-0.436460733,-0.740287781,0.488448739,-0.836990237,0.711389661,1.03045583,1.04468477,-0.135828257,-0.0194981098,-0.435445905,1.28969538,-0.613282084,0.887782812,0.472525835,0.330497265,-0.994930029,-0.84451592,-0.943891883,1.3463583,-0.63167876,0.896540403,0.516402006,0.358489275,-1.04037368,-0.865860701,-1.3655833,0.380829573,-0.194362164,0.499709964,0.469945431,0.659228325,-0.365960836,-0.448087931,-1.24287343,0.244141698,-0.171414495,0.325287998,0.284768105,0.538847983,-0.23644644,-0.342558205,-0.982429981,0.801996827,-0.455662131,0.457173824,0.0512260199,0.154053926,-0.706675053,-0.643188119,-0.997791171,0.93102181,-0.676185608,0.528301954,0.159482837,0.166128874,-0.914144039,-0.795692325,-1.11571109,1.04059112,-0.740190506,1.2125932,1.42377067,1.44331694,-0.562034369,-0.452477932,-1.08658171,0.936953664,-0.770053148,1.00250852,1.12262428,1.06563687,-0.451949477,-0.317469239,-0.837394714,1.49264896,-0.558389485,0.924485326,0.321957231,0.303466082,-1.18288755,-1.0087465,-1.5806725,1.69301248,-0.61766386,1.07828653,0.453912973,0.522423267,-1.35602486,-1.15727866,-1.62410128,3.6368475,-1.43659163,1.90523171,3.17559218,3.65018725,-10.9312668,0.35370931,0.0022145221,0.06260591,0.223010793,0.358459324,1.66645947e-07,5,0.620912611,0.0372756831,0.0681996122,0.00189477776,0.111517601,0.333285779,0.374897212,0.558464944,0.723403633,0.0403701514,0.0105577279,-0.0939455107,0.139146656,0.424139798,0.467071354,0.784284234,0.0925590396,0.0234019682,-0.0351404585,-0.00972419139,-0.00149081019,0.0213199221,0.00664621638,-0.0223506615,0.0752526969,0.0450564399,-0.0297753941,-0.00648260536,-0.00113818818,0.0158507377,0.00313074002,0.0383068696,0.134863317,0.0374020934,-0.316275299,-0.515492916,-0.357723832,-0.0307225976,-0.015912218,-0.0181521401,0.066922456,0.0518294908,-0.169788912,-0.301181197,-0.170503914,-0.00816110428,-0.00174391584,0.0459961481,0.300700665,0.0952341035,-0.121735416,-0.0676517859,-0.0225371011,0.0502489135,0.00849012844,0.0142325498,0.292325944,0.101359494,-0.121365733,-0.0708912164,-0.0240365379,0.0430965275,0.00135831803,-0.0212859623,0.292469442,0.0481155589,0.00175847393,-0.0310029425,0.0555446111,0.155227736,0.169406056,0.340212286,0.186625525,0.0440203771,0.0060122218,-0.0105062295,0.0736502707,0.0974742025,0.128213435,0.23076269,0.137708873,0.0361731835,-0.0495683812,-0.00545901991,-0.00664850976,0.031652838,0.00551624084,-0.0732709989,0.157499731,0.0850487128,-0.0562805533,-0.017249845,-0.0119363368,0.0310646277,0.00317828986,-0.0909194127,0.171954975,0.0819506496,-0.350144088,-0.428527266,-0.363475978,-0.0375648364,-0.0120490696,-0.13743113,0.133457452,0.106264979,-0.318985313,-0.340675235,-0.168179721,-0.0456132814,-0.0351132527,0.355081022,0.355319798,0.0946326554,-0.106042825,-0.0381129831,-0.0210814755,0.0723442733,0.0192717705,0.0571133606,0.41503334,0.130662411,-0.148236156,-0.0647837073,-0.0519009009,0.07224904,0.0138941705,-0.123923227
C1-PREPROC-P3-SPLIT_MEAN,GOLD-MODEL-C1-B2-R00778,0.844213367,-0.175522283,1.07290101,1.17928731,1.21153712,-0.813283622,-1.03403604,-2.27387309,0.9193964,-0.163977668,1.15693498,1.23949468,1.29885721,-0.990102768,-1.21116149,-2.77624321,0.533518434,-0.514941096,0.320894599,0.0792729035,0.0256323889,-0.453879416,-0.390864462,-0.737022817,0.531242371,-0.600133181,0.275930792,0.0623555928,0.0177282784,-0.492830276,-0.395009547,-0.650051773,0.908290207,-0.785463572,1.27875865,1.74490523,1.70559514,-0.536439717,-0.436460853,-0.740287781,0.48844862,-0.836990178,0.711389601,1.03045595,1.04468501,-0.135828242,-0.0194982085,-0.435446024,1.2896955,-0.613282025,0.887782812,0.472525835,0.330497295,-0.994930267,-0.8445158,-0.943891883,1.34635818,-0.63167876,0.896540284,0.516401947,0.358489305,-1.04037344,-0.865860581,-1.36558318,0.380829513,-0.194362015,0.499710023,0.469945371,0.659228504,-0.365960866,-0.44808796,-1.24287343,0.244141743,-0.17141448,0.325287908,0.284768194,0.538848042,-0.236446455,-0.342558146,-0.982429981,0.801996768,-0.455662102,0.457173795,0.0512260385,0.154054061,-0.706675053,-0.643188179,-0.997791171,0.93102181,-0.676185668,0.528301895,0.159482807,0.166128874,-0.914144158,-0.795692384,-1.11571109,1.04059112,-0.740190506,1.21259332,1.4237709,1.44331694,-0.562034547,-0.452477902,-1.08658147,0.936953545,-0.770053029,1.00250852,1.12262428,1.06563699,-0.451949596,-0.317469269,-0.837394714,1.49264896,-0.558389485,0.924485266,0.321957141,0.303466082,-1.18288743,-1.00874639,-1.5806725,1.69301248,-0.617663801,1.07828653,0.453913033,0.522423267,-1.35602486,-1.15727866,-1.62410128,3.63684678,-1.43659234,1.90523148,3.17559171,3.6501863,-10.9312677,0.35370928,0.0022145214,0.0626059324,0.223010823,0.358459204,1.6664589e-07,5,0.620912552,0.0372757018,0.0681996197,0.00189477799,0.111517601,0.333285719,0.374897182,0.558464885,0.723403692,0.0403701626,0.0105577279,-0.0939455181,0.139146656,0.424139798,0.467071295,0.784284234,0.0925590545,0.0234019738,-0.0351404473,-0.00972418115,-0.00149081054,0.0213199202,0.00664621778,-0.0223506633,0.0752526745,0.0450564399,-0.0297753848,-0.0064826007,-0.00113818492,0.015850734,0.00313074025,0.0383068658,0.134863347,0.0374020934,-0.316275299,-0.515492916,-0.357723832,-0.0307226013,-0.0159122217,-0.0181521401,0.0669224337,0.0518294871,-0.169788897,-0.301181227,-0.170503944,-0.00816110335,-0.00174392457,0.045996163,0.300700694,0.0952340961,-0.121735416,-0.0676517859,-0.0225371029,0.0502489246,0.00849012751,0.0142325498,0.292325914,0.101359494,-0.121365711,-0.0708912089,-0.0240365397,0.0430965163,0.00135831791,-0.0212859605,0.292469382,0.0481155217,0.00175847416,-0.0310029387,0.055544626,0.155227751,0.169406056,0.340212286,0.186625555,0.0440203734,0.00601221994,-0.0105062332,0.0736502782,0.09747421,0.128213421,0.23076269,0.137708858,0.0361731835,-0.0495683774,-0.00545902178,-0.00664851582,0.031652838,0.0055162413,-0.0732709989,0.157499731,0.0850487202,-0.0562805459,-0.0172498412,-0.0119363368,0.0310646314,0.00317829009,-0.0909194127,0.171954975,0.0819506496,-0.350144118,-0.428527325,-0.363475978,-0.0375648476,-0.0120490687,-0.1374311,0.133457437,0.106264964,-0.318985313,-0.340675235,-0.168179736,-0.0456132926,-0.0351132564,0.355081022,0.355319798,0.0946326554,-0.106042817,-0.0381129719,-0.0210814755,0.0723442659,0.0192717668,0.0571133606,0.41503334,0.130662397,-0.148236156,-0.0647837147,-0.0519009009,0.07224904,0.0138941705,-0.123923227
C1-PREPROC-P4-COMPENSATED,GOLD-MODEL-C1-B2-R00778,0.844213426,-0.175522283,1.07290089,1.17928731,1.21153712,-0.813283682,-1.03403604,-2.27387333,0.9193964,-0.163977668,1.15693486,1.23949468,1.29885721,-0.990102768,-1.21116149,-2.77624321,0.533518374,-0.514941096,0.320894599,0.079272911,0.0256323889,-0.453879386,-0.390864432,-0.737022758,0.531242371,-0.600133181,0.275930792,0.0623555928,0.0177282766,-0.492830306,-0.395009577,-0.650051773,0.908290148,-0.785463572,1.27875853,1.74490523,1.70559514,-0.536439717,-0.436460853,-0.740287781,0.48844862,-0.836990118,0.711389601,1.03045595,1.04468489,-0.135828227,-0.0194982067,-0.435446054,1.2896955,-0.613282025,0.887782872,0.472525805,0.330497265,-0.994930267,-0.8445158,-0.943891883,1.34635818,-0.63167876,0.896540344,0.516401947,0.358489305,-1.04037344,-0.865860581,-1.36558318,0.380829513,-0.194362029,0.499710023,0.469945371,0.659228444,-0.365960896,-0.44808796,-1.24287355,0.244141743,-0.17141448,0.325287908,0.284768194,0.538847983,-0.236446455,-0.342558175,-0.982429981,0.801996768,-0.455662102,0.457173824,0.0512260385,0.154054061,-0.706675053,-0.643188179,-0.997791171,0.93102181,-0.676185668,0.528301895,0.159482807,0.166128874,-0.914144158,-0.795692384,-1.11571109,1.04059124,-0.740190446,1.21259332,1.42377079,1.44331694,-0.562034488,-0.452477902,-1.08658159,0.936953485,-0.770053029,1.00250852,1.12262428,1.06563687,-0.451949567,-0.317469269,-0.837394714,1.49264896,-0.558389485,0.924485326,0.321957141,0.303466082,-1.18288743,-1.00874639,-1.5806725,1.69301248,-0.617663741,1.07828653,0.453913033,0.522423267,-1.35602486,-1.15727866,-1.6241014,3.63684702,-1.43659186,1.90523148,3.17559171,3.65018678,-10.9312677,0.35370928,0.00221452187,0.0626059175,0.223010778,0.358459294,1.66645933e-07,5,0.620912611,0.0372757018,0.0681996122,0.00189477799,0.111517601,0.333285749,0.374897182,0.558464944,0.723403692,0.0403701626,0.010557726,-0.0939455181,0.139146656,0.424139798,0.467071295,0.784284234,0.092559047,0.0234019738,-0.0351404473,-0.00972418208,-0.00149081054,0.0213199183,0.00664621731,-0.0223506615,0.0752526745,0.0450564399,-0.0297753848,-0.0064826007,-0.0011381848,0.015850734,0.00313074049,0.0383068658,0.134863332,0.0374020934,-0.316275269,-0.515492916,-0.357723832,-0.0307226013,-0.0159122217,-0.0181521401,0.0669224337,0.0518294834,-0.169788897,-0.301181227,-0.170503929,-0.00816110242,-0.00174392445,0.045996163,0.300700694,0.0952340961,-0.121735424,-0.0676517785,-0.0225371011,0.0502489246,0.00849012751,0.0142325498,0.292325914,0.101359494,-0.121365726,-0.0708912089,-0.0240365397,0.0430965163,0.00135831791,-0.0212859605,0.292469382,0.0481155254,0.00175847416,-0.0310029387,0.0555446185,0.155227765,0.169406056,0.340212315,0.186625555,0.0440203734,0.00601221994,-0.0105062332,0.0736502707,0.09747421,0.128213435,0.23076269,0.137708858,0.0361731835,-0.0495683812,-0.00545902178,-0.00664851582,0.031652838,0.0055162413,-0.0732709989,0.157499731,0.0850487202,-0.0562805459,-0.0172498412,-0.0119363368,0.0310646314,0.00317829009,-0.0909194127,0.171954989,0.0819506422,-0.350144118,-0.428527296,-0.363475978,-0.0375648439,-0.0120490687,-0.137431115,0.133457422,0.106264964,-0.318985313,-0.340675235,-0.168179721,-0.0456132889,-0.0351132564,0.355081022,0.355319798,0.0946326554,-0.106042825,-0.0381129719,-0.0210814755,0.0723442659,0.0192717668,0.0571133606,0.41503334,0.130662397,-0.148236156,-0.0647837147,-0.0519009009,0.07224904,0.0138941705,-0.123923235
C1-PREPROC-P0-BASELINE,GOLD-MODEL-C1-B6-R00000,-0.731420875,0.14819397,-0.736213088,-0.75354743,-0.697262824,0.708814919,0.662546396,0.520714521,-0.755744338,0.502735257,-0.753918052,-0.761517823,-0.720612586,0.755433261,0.720171571,0.557715654,2.78541422,1.18189347,4.62313271,6.8300457,6.09683466,-2.68770909,-2.72922301,-4.58094978,3.05575538,1.22300756,4.69412518,6.87826204,6.04176474,-3.09702134,-3.22423053,-5.63224649,0.194226056,-0.588310778,1.1136266,2.94164443,3.48342657,-0.0194866639,-0.133910477,-0.674910545,0.0743799061,-0.584659398,0.846895635,2.20744872,2.72302532,0.0939253047,0.118854359,-0.415403903,2.74141502,0.593044937,4.6190567,7.51717758,7.06381226,-2.3424077,-2.40487552,-3.02862906,3.08231926,0.62318182,5.0995121,8.34248638,8.05937767,-2.70633435,-2.91740465,-4.37179899,-0.829229593,-0.399380028,-0.827914119,-0.831717789,-0.764875114,0.848514497,0.80937463,0.604127586,-0.830908656,-0.526962399,-0.836941063,-0.838967144,-0.792155683,0.845339298,0.803015292,0.594941616,2.59530854,1.02033794,4.17269754,6.08414841,5.69349289,-2.40891886,-2.52238464,-4.81534767,3.17028522,0.907022774,4.37458229,6.19293976,5.52160025,-3.19364691,-3.20125079,-4.93427086,1.59059322,0.223026142,2.82536864,4.70091248,6.03848553,-1.23326862,-1.45704496,-3.09703398,1.81569958,0.420885265,2.89842033,4.40694141,4.93461704,-1.39762759,-1.48910153,-3.1313467,2.5056324,0.387957692,4.27571487,7.30783463,8.29936218,-2.04203534,-2.1309886,-3.95388293,2.77721786,0.399885207,4.31078005,7.02588272,7.89733982,-2.24265909,-2.2713747,-4.01323938,20.7695808,41.5464706,17.377161,-3.28603673,-26.6767082,-49.730484,9.47788403e-10,1,3.18714777e-11,3.38445794e-20,2.34991176e-30,2.2851955e-40,2,0.222237363,-0.0847755149,0.144129992,0.126941174,0.106543094,0.191501096,0.154670343,0.050542634,0.260672301,-0.313993692,0.156829849,0.120023936,0.0976639464,0.249883369,0.213846073,0.0689128712,0.360129327,0.487120301,1.55056083,1.56717801,0.878026664,0.98752743,0.988750577,0.299794406,-0.0175470393,0.385499388,1.37728179,1.36470473,0.665297866,1.07183421,1.15845978,1.12723482,-0.0810073689,0.316235989,-0.00424228376,-0.173393026,0.485241443,-0.00298089511,-0.00758351944,-0.133088976,-0.0301919095,0.293279916,0.00173031678,-0.191988572,-0.248241782,0.0135437008,0.00777056161,-0.0598401204,0.0598731749,0.28437981,1.28026569,0.948321044,0.264675438,0.627764821,0.722929597,0.514316201,-0.0575421751,0.31880784,1.29181767,0.658541739,0.297114253,0.753607154,0.875790596,0.390578151,0.2748501,0.206197709,0.16532968,0.137628987,0.121628463,0.269690454,0.232985795,0.0811908096,0.290114671,0.283804089,0.191011503,0.167802095,0.156870037,0.299586028,0.255146801,0.0918283314,0.248262808,0.349036813,1.30794346,1.33127725,0.732045174,0.810022056,0.819183886,0.987271428,-0.378379613,0.145199984,1.08041418,1.06678665,0.546051502,0.692735195,0.727719247,-0.428458571,-0.78215301,-0.103561126,-0.116674744,-0.882713914,-0.323426992,-0.243144304,-0.20721817,-0.689300299,-0.872771025,-0.187118381,-0.11159391,-0.558453381,0.408709228,-0.26464808,-0.171173245,-0.635824025,-0.0046481248,0.187895775,1.22850335,0.725492358,0.336721063,0.552931845,0.658782423,0.469005018,-0.154538155,0.157223687,1.19315517,0.901823461,0.924903989,0.494821221,0.587762535,0.220172435
C1-PREPROC-P1-RECIPROCAL,GOLD-MODEL-C1-B6-R00000,-0.731420934,0.14819397,-0.736213028,-0.75354737,-0.697262824,0.708814979,0.662546337,0.520714581,-0.755744338,0.502735317,-0.753918052,-0.761517823,-0.720612586,0.755433261,0.720171571,0.557715654,2.78541398,1.18189347,4.62313271,6.83004618,6.09683514,-2.68770933,-2.72922277,-4.58094931,3.05575538,1.22300768,4.69412518,6.87826204,6.04176474,-3.09702158,-3.22423053,-5.63224697,0.194226041,-0.588310778,1.1136266,2.94164443,3.48342657,-0.019486662,-0.133910477,-0.674910545,0.0743799135,-0.584659398,0.846895635,2.20744848,2.72302508,0.0939252973,0.118854359,-0.415403903,2.74141479,0.593044937,4.6190567,7.5171771,7.06381178,-2.34240746,-2.40487552,-3.02862906,3.08231926,0.62318182,5.09951258,8.34248638,8.05937767,-2.70633459,-2.91740465,-4.37179899,-0.829229653,-0.399380028,-0.827914059,-0.831717849,-0.764875054,0.848514497,0.80937463,0.604127586,-0.830908597,-0.52696234,-0.836941063,-0.838967085,-0.792155623,0.845339298,0.803015351,0.594941616,2.59530854,1.02033794,4.17269754,6.08414841,5.69349289,-2.40891886,-2.52238441,-4.81534815,3.17028522,0.907022715,4.37458229,6.19293976,5.52160025,-3.19364691,-3.20125079,-4.93427086,1.59059322,0.223026142,2.82536864,4.70091248,6.03848553,-1.23326862,-1.45704496,-3.09703422,1.81569958,0.420885265,2.89842033,4.40694141,4.93461657,-1.39762747,-1.48910153,-3.13134646,2.5056324,0.387957692,4.27571535,7.30783463,8.29936123,-2.0420351,-2.13098884,-3.95388293,2.77721786,0.399885178,4.31078005,7.02588272,7.89733934,-2.24265909,-2.27137494,-4.01323938,20.7695789,41.5464745,17.3771629,-3.28603578,-26.6767082,-49.730484,9.47782963e-10,1,3.18714187e-11,3.38444502e-20,2.34989371e-30,2.28516747e-40,2,0.222237393,-0.0847755149,0.144129977,0.126941159,0.106543094,0.191501111,0.154670328,0.0505426377,0.260672301,-0.313993722,0.156829849,0.120023936,0.0976639464,0.249883369,0.213846073,0.0689128712,0.360129297,0.487120301,1.55056083,1.56717813,0.878026724,0.98752749,0.988750517,0.299794376,-0.0175470393,0.385499418,1.37728179,1.36470473,0.665297866,1.07183433,1.15845978,1.12723494,-0.0810073689,0.316235989,-0.00424228376,-0.173393026,0.485241443,-0.00298089464,-0.00758351944,-0.133088976,-0.0301919132,0.293279916,0.00173031678,-0.191988558,-0.248241752,0.0135436999,0.00777056161,-0.0598401204,0.0598731674,0.28437981,1.28026569,0.948320985,0.264675409,0.627764702,0.722929597,0.514316201,-0.0575421751,0.31880784,1.29181778,0.658541739,0.297114253,0.753607213,0.875790596,0.390578151,0.27485013,0.206197709,0.165329665,0.137628987,0.121628456,0.269690454,0.232985795,0.0811908096,0.290114641,0.283804059,0.191011503,0.167802081,0.156870022,0.299586028,0.255146801,0.0918283314,0.248262808,0.349036813,1.30794346,1.33127725,0.732045174,0.810022056,0.819183826,0.987271488,-0.378379613,0.145199969,1.08041418,1.06678665,0.546051502,0.692735195,0.727719247,-0.428458571,-0.78215301,-0.103561126,-0.116674744,-0.882713914,-0.323426992,-0.243144304,-0.20721817,-0.689300358,-0.872771025,-0.187118381,-0.11159391,-0.558453381,0.408709198,-0.26464805,-0.171173245,-0.635823965,-0.0046481248,0.187895775,1.22850347,0.725492358,0.336721033,0.552931786,0.658782542,0.469005018,-0.154538155,0.157223672,1.19315517,0.901823461,0.924903929,0.494821221,0.587762594,0.220172435
C1-PREPROC-P2-AFFINE,GOLD-MODEL-C1-B6-R00000,-0.731420934,0.148194075,-0.736213028,-0.75354749,-0.697262764,0.708814919,0.662546337,0.520714581,-0.755744278,0.502735376,-0.753918052,-0.761517882,-0.720612586,0.755433321,0.720171511,0.557715654,2.78541422,1.18189371,4.62313271,6.83004665,6.09683514,-2.68770933,-2.72922277,-4.58094978,3.05575514,1.2230078,4.69412518,6.87826252,6.04176426,-3.09702158,-3.22423077,-5.63224697,0.194226027,-0.588310838,1.1136266,2.94164467,3.48342657,-0.0194865465,-0.133910418,-0.674910545,0.0743800402,-0.584659457,0.846895576,2.20744848,2.72302485,0.0939252377,0.118854403,-0.415403724,2.74141502,0.593044996,4.6190567,7.5171771,7.06381226,-2.34240723,-2.40487576,-3.02862883,3.0823195,0.623181701,5.09951258,8.34248638,8.05937672,-2.70633459,-2.91740441,-4.37179852,-0.829229653,-0.399380088,-0.827914119,-0.831717789,-0.764875114,0.848514557,0.809374571,0.604127645,-0.830908656,-0.526962399,-0.836941004,-0.838967085,-0.792155743,0.845339298,0.803015351,0.594941676,2.59530878,1.02033794,4.17269754,6.08414841,5.69349289,-2.40891886,-2.52238441,-4.81534815,3.17028522,0.907022834,4.37458229,6.19294024,5.52160025,-3.19364691,-3.20125055,-4.93427038,1.59059322,0.223026037,2.82536888,4.70091248,6.03848553,-1.2332685,-1.45704472,-3.09703398,1.8156997,0.420885086,2.89842081,4.40694141,4.93461657,-1.39762735,-1.48910153,-3.13134623,2.5056324,0.387957692,4.27571535,7.3078351,8.29936123,-2.0420351,-2.13098907,-3.95388317,2.77721763,0.399884939,4.31078005,7.0258832,7.89733934,-2.24265909,-2.2713747,-4.01323891,20.7695808,41.5464706,17.3771648,-3.28603554,-26.6767082,-49.7304916,9.47788403e-10,1,3.18715991e-11,3.38447087e-20,2.34991176e-30,2.28516747e-40,2,0.222237393,-0.0847755745,0.144129977,0.126941174,0.106543086,0.191501096,0.154670328,0.0505426377,0.260672301,-0.313993782,0.156829849,0.120023943,0.0976639464,0.249883384,0.213846058,0.0689128712,0.360129327,0.48712042,1.55056083,1.56717825,0.878026724,0.98752749,0.988750517,0.299794406,-0.0175470375,0.385499448,1.37728179,1.36470485,0.665297806,1.07183433,1.1584599,1.12723494,-0.0810073614,0.316236019,-0.00424228376,-0.173393041,0.485241443,-0.00298087718,-0.00758351618,-0.133088976,-0.0301919654,0.293279946,0.00173031667,-0.191988558,-0.248241737,0.0135436915,0.00777056441,-0.0598400943,0.0598731749,0.28437984,1.28026569,0.948320985,0.264675438,0.627764642,0.722929657,0.514316142,-0.0575421788,0.318807781,1.29181778,0.658541739,0.297114193,0.753607213,0.875790477,0.390578121,0.27485013,0.206197739,0.16532968,0.137628987,0.121628463,0.269690484,0.23298578,0.0811908171,0.290114671,0.283804089,0.191011488,0.167802081,0.156870037,0.299586028,0.255146801,0.0918283388,0.248262838,0.349036813,1.30794346,1.33127725,0.732045174,0.810022056,0.819183826,0.987271488,-0.378379613,0.145199984,1.08041418,1.06678677,0.546051502,0.692735195,0.727719188,-0.428458542,-0.78215301,-0.103561074,-0.116674751,-0.882713914,-0.323426992,-0.243144274,-0.207218125,-0.689300299,-0.872771084,-0.187118307,-0.111593932,-0.558453381,0.408709198,-0.26464805,-0.171173245,-0.635823905,-0.0046481248,0.187895775,1.22850347,0.725492418,0.336721033,0.552931786,0.658782601,0.469005048,-0.15453814,0.157223582,1.19315517,0.901823521,0.924903929,0.494821221,0.587762535,0.22017242
C1-PREPROC-P3-SPLIT_MEAN,GOLD-MODEL-C1-B6-R00000,-0.731420875,0.148194,-0.736213088,-0.75354743,-0.697262824,0.708814919,0.662546396,0.520714581,-0.755744338,0.502735376,-0.753918052,-0.761517882,-0.720612586,0.755433261,0.720171571,0.557715654,2.78541422,1.18189347,4.62313271,6.8300457,6.09683466,-2.68770909,-2.72922301,-4.58094978,3.05575538,1.22300756,4.69412518,6.87826204,6.04176474,-3.09702134,-3.22423053,-5.63224649,0.194226027,-0.588310897,1.1136266,2.94164443,3.48342657,-0.0194866098,-0.133910492,-0.674910605,0.0743799359,-0.584659457,0.846895635,2.20744872,2.72302532,0.0939252302,0.118854374,-0.415403903,2.74141502,0.593045056,4.6190567,7.51717758,7.06381226,-2.3424077,-2.40487552,-3.02862906,3.08231926,0.62318176,5.0995121,8.34248638,8.05937767,-2.70633435,-2.91740465,-4.37179899,-0.829229593,-0.399379998,-0.827914119,-0.83171773,-0.764875054,0.848514497,0.80937463,0.604127586,-0.830908656,-0.526962459,-0.836941063,-0.838967144,-0.792155683,0.845339298,0.803015292,0.594941616,2.59530854,1.02033794,4.17269754,6.08414841,5.69349289,-2.40891886,-2.52238464,-4.81534767,3.17028522,0.907022774,4.37458229,6.19293976,5.52160025,-3.19364691,-3.20125079,-4.93427086,1.59059322,0.223026171,2.82536864,4.70091248,6.03848553,-1.23326862,-1.45704496,-3.09703398,1.81569958,0.420885235,2.89842033,4.40694141,4.93461704,-1.39762759,-1.48910153,-3.1313467,2.5056324,0.387957722,4.27571487,7.30783463,8.29936218,-2.04203534,-2.1309886,-3.95388293,2.77721786,0.399885148,4.31078005,7.02588272,7.89733982,-2.24265909,-2.2713747,-4.01323938,20.7695808,41.5464706,17.377161,-3.28603721,-26.6767082,-49.730484,9.47788403e-10,1,3.18714777e-11,3.38445794e-20,2.34991176e-30,2.2851955e-40,2,0.222237363,-0.0847755298,0.144129992,0.126941174,0.106543094,0.191501096,0.154670343,0.0505426377,0.260672301,-0.313993782,0.156829849,0.120023943,0.0976639464,0.249883369,0.213846073,0.0689128712,0.360129327,0.487120301,1.55056083,1.56717801,0.878026664,0.98752743,0.988750577,0.299794406,-0.0175470393,0.385499388,1.37728179,1.36470473,0.665297866,1.07183421,1.15845978,1.12723482,-0.0810073614,0.316236049,-0.00424228376,-0.173393026,0.485241443,-0.00298088673,-0.00758352038,-0.133088976,-0.0301919226,0.293279946,0.00173031678,-0.191988572,-0.248241782,0.0135436906,0.00777056254,-0.0598401204,0.0598731749,0.28437987,1.28026569,0.948321044,0.264675438,0.627764821,0.722929597,0.514316201,-0.0575421751,0.318807811,1.29181767,0.658541739,0.297114253,0.753607154,0.875790596,0.390578151,0.2748501,0.206197694,0.16532968,0.137628973,0.121628456,0.269690454,0.232985795,0.0811908096,0.290114671,0.283804119,0.191011503,0.167802095,0.156870037,0.299586028,0.255146801,0.0918283314,0.248262808,0.349036813,1.30794346,1.33127725,0.732045174,0.810022056,0.819183886,0.987271428,-0.378379613,0.145199984,1.08041418,1.06678665,0.546051502,0.692735195,0.727719247,-0.428458571,-0.78215301,-0.103561133,-0.116674744,-0.882713914,-0.323426992,-0.243144304,-0.20721817,-0.689300299,-0.872771025,-0.187118366,-0.11159391,-0.558453381,0.408709228,-0.26464808,-0.171173245,-0.635824025,-0.0046481248,0.187895775,1.22850335,0.725492358,0.336721063,0.552931845,0.658782423,0.469005018,-0.154538155,0.157223672,1.19315517,0.901823461,0.924903989,0.494821221,0.587762535,0.220172435
C1-PREPROC-P4-COMPENSATED,GOLD-MODEL-C1-B6-R00000,-0.731420934,0.148194015,-0.736213028,-0.75354743,-0.697262824,0.708814979,0.662546337,0.520714581,-0.755744338,0.502735376,-0.753918111,-0.761517882,-0.720612586,0.755433261,0.720171571,0.557715654,2.78541398,1.18189347,4.62313271,6.8300457,6.09683514,-2.68770933,-2.72922277,-4.58094931,3.05575538,1.22300768,4.69412518,6.87826204,6.04176474,-3.09702158,-3.22423053,-5.63224697,0.194226027,-0.588310897,1.1136266,2.94164443,3.48342657,-0.019486608,-0.133910492,-0.674910605,0.0743799433,-0.584659457,0.846895635,2.20744848,2.72302508,0.0939252302,0.118854366,-0.415403932,2.74141479,0.593045056,4.6190567,7.5171771,7.06381178,-2.34240746,-2.40487552,-3.02862906,3.08231926,0.62318176,5.09951258,8.34248638,8.05937767,-2.70633459,-2.91740465,-4.37179899,-0.829229653,-0.399380028,-0.827914119,-0.831717789,-0.764875054,0.848514497,0.80937463,0.604127586,-0.830908597,-0.526962399,-0.836941063,-0.838967085,-0.792155623,0.845339298,0.803015351,0.594941616,2.59530854,1.02033794,4.17269754,6.08414841,5.69349337,-2.40891886,-2.52238441,-4.81534815,3.17028522,0.907022715,4.37458229,6.19293976,5.52160025,-3.19364691,-3.20125103,-4.93427086,1.59059322,0.223026171,2.82536864,4.70091248,6.03848553,-1.23326862,-1.45704496,-3.09703398,1.81569958,0.420885235,2.89842033,4.40694141,4.93461657,-1.39762747,-1.48910153,-3.13134646,2.5056324,0.387957722,4.27571535,7.30783463,8.29936123,-2.0420351,-2.13098884,-3.95388293,2.77721786,0.399885148,4.31078005,7.02588272,7.89733982,-2.24265909,-2.27137494,-4.01323938,20.7695789,41.5464745,17.3771629,-3.28603625,-26.6767082,-49.7304878,9.47782963e-10,1,3.18714187e-11,3.38444502e-20,2.34989371e-30,2.28516747e-40,2,0.222237393,-0.0847755373,0.144129977,0.126941174,0.106543094,0.191501111,0.154670328,0.0505426377,0.260672301,-0.313993782,0.156829864,0.120023943,0.0976639464,0.249883369,0.213846073,0.0689128712,0.360129297,0.487120301,1.55056083,1.56717801,0.878026724,0.98752749,0.988750517,0.299794376,-0.0175470393,0.385499418,1.37728179,1.36470473,0.665297866,1.07183433,1.15845978,1.12723494,-0.0810073614,0.316236049,-0.00424228376,-0.173393026,0.485241443,-0.00298088649,-0.00758352038,-0.133088976,-0.0301919244,0.293279946,0.00173031678,-0.191988558,-0.248241752,0.0135436906,0.00777056208,-0.0598401241,0.0598731674,0.28437987,1.28026569,0.948320985,0.264675409,0.627764702,0.722929597,0.514316201,-0.0575421751,0.318807811,1.29181778,0.658541739,0.297114253,0.753607213,0.875790596,0.390578151,0.27485013,0.206197709,0.16532968,0.137628987,0.121628456,0.269690454,0.232985795,0.0811908096,0.290114641,0.283804089,0.191011503,0.167802081,0.156870022,0.299586028,0.255146801,0.0918283314,0.248262808,0.349036813,1.30794346,1.33127725,0.732045233,0.810022056,0.819183826,0.987271488,-0.378379613,0.145199969,1.08041418,1.06678665,0.546051502,0.692735195,0.727719307,-0.428458571,-0.78215301,-0.103561133,-0.116674744,-0.882713914,-0.323426992,-0.243144304,-0.20721817,-0.689300299,-0.872771025,-0.187118366,-0.11159391,-0.558453381,0.408709198,-0.26464805,-0.171173245,-0.635823965,-0.0046481248,0.187895775,1.22850347,0.725492358,0.336721033,0.552931786,0.658782542,0.469005018,-0.154538155,0.157223672,1.19315517,0.901823461,0.924903989,0.494821221,0.587762594,0.220172435
C1-PREPROC-P0-BASELINE,GOLD-MODEL-C1-B6-R00387,-0.539655745,0.397586763,-0.483317792,-0.44754222,-0.42091772,0.56013912,0.520853221,0.40394333,-0.531976581,0.641920388,-0.432518661,-0.370413542,-0.292529911,0.56113112,0.527499974,0.377069831,0.728900254,8.54528389e-06,0.270915329,0.155118331,0.319804937,-0.0304877255,-0.048177164,-1.22691476,0.958369315,0.00462372927,0.356611699,0.142057389,0.285455346,-0.13262333,-0.139349759,-1.03068757,-0.19537136,-0.601774812,0.229272008,0.338474333,0.514155388,0.545322955,0.490368277,-0.602063298,-0.310703367,-0.616343856,0.0279770195,0.234363049,0.430096865,0.635723293,0.57123673,-0.318964988,0.733072937,-0.296351761,0.542458415,0.422127873,0.424869567,-0.0652869195,-0.0212420803,-0.968188047,0.969122708,-0.288820207,0.623961687,0.457912952,0.548910797,-0.150812268,-0.111520462,-1.06277585,-0.656616747,0.0466365442,-0.636064053,-0.633950651,-0.592170656,0.711211383,0.679548085,0.513969958,-0.675609648,0.0259967484,-0.683471501,-0.686436355,-0.643285811,0.726962507,0.69066292,0.489132136,-0.0139083248,-0.55757916,-0.0880726352,-0.124782912,0.00170758867,0.212561235,0.255244464,-0.0760660768,0.459535539,-0.645183027,0.0652169585,0.0398391224,0.0998851731,-0.0160102192,-0.0163747668,-0.629032254,0.736493945,0.0572356172,1.06086791,1.19121802,1.71996272,0.0816743895,0.245609075,-0.178097785,0.855380774,0.287187666,1.05171847,1.09832191,1.427966,0.0331792012,0.213427559,-0.679188251,0.133030921,-0.635192275,0.058066871,0.0904198438,0.187297121,0.157271355,0.248694032,-0.139919132,0.147080615,-0.655078769,0.121720485,0.129326075,0.232202545,0.135150447,0.197765738,-0.349591315,8.88432884,2.77456307,5.83219719,-1.64140975,-7.14945984,-8.70022297,0.952829063,0.0021163004,0.0450288728,2.55708255e-05,1.03664256e-07,2.19857235e-08,1,0.0420413427,0.0398143716,0.0450378098,0.045432467,0.0380354263,0.00612350926,0.0146431737,0.0737258047,0.0700905547,0.0619743727,0.0829409659,0.0897435546,0.0580106005,0.0434562825,0.0554832928,0.0868998766,-0.205227181,-1.50567701e-06,-0.0471943505,-0.00345361163,-0.00301224412,0.00151354959,0.000115343602,-0.0438015535,-0.435484588,-0.00135189772,-0.0998318791,-0.0143610165,-0.0150213698,-0.00260852231,-0.0100713884,-0.189582646,-0.0130436393,-0.205351233,0.0073292586,0.0791534111,-0.12167722,0.00979216024,0.0180856828,-0.0981967226,-0.0377646722,-0.243105501,0.00218962948,0.0753007606,0.09304481,0.0105581991,0.0151933152,-0.00927962363,0.0772033557,-0.0518543236,0.0210063681,0.0972425789,0.0957736149,0.0191255771,0.00472841598,0.0761791989,0.0452087373,-0.0236843377,-0.00328337029,0.0945356339,0.100354828,0.0382926352,0.0222628787,0.0405081548,0.133697376,-0.0128500396,0.139924079,0.139533386,0.10772831,0.0920530856,0.0967045724,0.143257976,0.0788875893,-0.00554011762,0.100569144,0.0859333575,0.077540271,-0.0104018766,-0.00139100244,0.091347672,0.00534238014,0.1302834,0.0164191481,0.00319796614,5.13599043e-05,-0.00154403702,0.00371248811,-0.0161953662,-0.195072487,0.102786571,-0.0167030692,-0.00349270809,-0.00199228106,-0.000371745118,-0.000304055342,0.0333653949,0.155623049,0.0232580341,0.174809366,0.602900267,0.727587163,-0.00594948465,-0.0174697805,-0.0216018893,0.293935478,0.158754274,0.356336653,0.66641438,0.421177477,-0.00665471004,-0.042149283,-0.22183615,-0.0151615888,-0.0397417583,-0.00668263994,0.0129653299,0.0315814689,-0.0204469003,-0.0184892565,0.00258188415,-0.0129392538,-0.111346424,-0.00826255791,0.0226780213,0.0313243419,-0.0247380082,-0.028472241,0.00150113471
C1-PREPROC-P1-RECIPROCAL,GOLD-MODEL-C1-B6-R00387,-0.539655805,0.397586763,-0.483317763,-0.44754222,-0.42091772,0.56013912,0.520853162,0.40394336,-0.531976521,0.641920388,-0.432518661,-0.370413512,-0.292529911,0.56113112,0.527499974,0.377069831,0.728900254,8.54528389e-06,0.270915329,0.155118346,0.319804937,-0.0304877255,-0.0481771603,-1.22691476,0.958369315,0.00462372927,0.356611699,0.142057389,0.285455346,-0.132623345,-0.139349774,-1.03068769,-0.19537136,-0.601774812,0.229272008,0.338474333,0.514155388,0.545322955,0.490368247,-0.602063298,-0.310703397,-0.616343796,0.0279770195,0.234363049,0.430096835,0.635723233,0.57123673,-0.318964958,0.733072937,-0.296351761,0.542458415,0.422127843,0.424869537,-0.065286912,-0.0212420784,-0.968188047,0.969122708,-0.288820207,0.623961687,0.457912952,0.548910797,-0.150812268,-0.111520462,-1.06277585,-0.656616807,0.0466365404,-0.636063993,-0.63395071,-0.592170596,0.711211383,0.679548025,0.513969958,-0.675609648,0.0259967465,-0.683471501,-0.686436355,-0.643285811,0.726962507,0.69066298,0.489132136,-0.0139083257,-0.55757916,-0.0880726427,-0.124782912,0.00170758867,0.212561235,0.255244464,-0.0760660768,0.459535539,-0.645182967,0.0652169585,0.0398391224,0.0998851731,-0.0160102192,-0.0163747668,-0.629032254,0.736493945,0.0572356172,1.06086791,1.19121802,1.71996284,0.0816743895,0.245609075,-0.178097799,0.855380714,0.287187666,1.05171847,1.09832191,1.42796588,0.0331792012,0.213427559,-0.679188251,0.133030936,-0.635192335,0.058066871,0.0904198438,0.187297106,0.157271355,0.248694047,-0.139919132,0.147080615,-0.655078709,0.121720478,0.129326075,0.232202545,0.135150447,0.197765753,-0.349591345,8.88432884,2.77456307,5.83219767,-1.64140952,-7.14945936,-8.70022297,0.952829063,0.0021163004,0.0450288914,2.55708255e-05,1.03664256e-07,2.19857235e-08,1,0.0420413464,0.0398143716,0.045037806,0.045432467,0.0380354263,0.00612350926,0.0146431718,0.0737258121,0.0700905472,0.0619743727,0.0829409659,0.0897435471,0.0580106005,0.0434562825,0.0554832928,0.0868998766,-0.205227181,-1.50567701e-06,-0.0471943505,-0.00345361209,-0.00301224412,0.00151354959,0.000115343595,-0.0438015535,-0.435484588,-0.00135189772,-0.0998318791,-0.0143610165,-0.0150213698,-0.00260852254,-0.0100713894,-0.189582676,-0.0130436393,-0.205351233,0.0073292586,0.0791534111,-0.12167722,0.00979216024,0.0180856828,-0.0981967226,-0.0377646759,-0.243105486,0.00218962948,0.0753007606,0.0930448025,0.0105581982,0.0151933152,-0.0092796227,0.0772033557,-0.0518543236,0.0210063681,0.0972425714,0.0957736075,0.0191255752,0.00472841552,0.0761791989,0.0452087373,-0.0236843377,-0.00328337029,0.0945356339,0.100354828,0.0382926352,0.0222628787,0.0405081548,0.133697391,-0.0128500387,0.139924064,0.139533386,0.107728295,0.0920530856,0.0967045575,0.143257976,0.0788875893,-0.00554011762,0.100569144,0.0859333575,0.077540271,-0.0104018766,-0.00139100268,0.091347672,0.00534238061,0.1302834,0.0164191499,0.00319796614,5.13599043e-05,-0.00154403702,0.00371248811,-0.0161953662,-0.195072487,0.102786556,-0.0167030692,-0.00349270809,-0.00199228106,-0.000371745118,-0.000304055342,0.0333653949,0.155623049,0.0232580341,0.174809366,0.602900267,0.727587223,-0.00594948465,-0.0174697805,-0.0216018911,0.293935448,0.158754274,0.356336653,0.66641438,0.421177447,-0.00665471004,-0.042149283,-0.22183615,-0.0151615907,-0.039741762,-0.00668263994,0.0129653299,0.0315814652,-0.0204469003,-0.0184892565,0.00258188415,-0.0129392538,-0.111346416,-0.00826255698,0.0226780213,0.0313243419,-0.0247380082,-0.0284722429,0.00150113483
C1-PREPROC-P2-AFFINE,GOLD-MODEL-C1-B6-R00387,-0.539655805,0.397586823,-0.483317763,-0.44754228,-0.420917749,0.56013906,0.520853221,0.40394333,-0.531976521,0.641920447,-0.432518691,-0.370413572,-0.292529941,0.56113112,0.527499974,0.377069861,0.728900194,8.70227814e-06,0.270915389,0.155118346,0.319804907,-0.0304877758,-0.0481771231,-1.22691476,0.958369374,0.00462377071,0.356611729,0.142057419,0.285455346,-0.132623434,-0.139349818,-1.03068781,-0.195371389,-0.601774812,0.229272127,0.338474274,0.514155507,0.545323074,0.490368307,-0.602063179,-0.310703278,-0.616343975,0.0279769897,0.23436296,0.430096745,0.635723174,0.571236789,-0.318964839,0.733072877,-0.29635179,0.542458415,0.422127843,0.424869418,-0.0652867556,-0.0212421417,-0.968187928,0.969122648,-0.288820267,0.623961806,0.457912922,0.548910856,-0.150812387,-0.111520529,-1.06277573,-0.656616807,0.0466364622,-0.636064053,-0.633950651,-0.592170596,0.711211443,0.679547966,0.513969958,-0.675609589,0.025996685,-0.683471441,-0.686436355,-0.643285871,0.726962507,0.69066298,0.489132166,-0.013908267,-0.55757916,-0.0880726576,-0.12478292,0.00170755386,0.21256125,0.255244553,-0.0760661364,0.45953548,-0.645182967,0.0652168989,0.0398391485,0.0998852253,-0.0160101652,-0.0163747072,-0.629032254,0.736493945,0.0572357178,1.06086791,1.1912179,1.71996284,0.0816745758,0.245609045,-0.178097963,0.855380893,0.287187576,1.05171835,1.09832203,1.42796588,0.0331792831,0.213427663,-0.679188013,0.133030891,-0.635192275,0.0580668449,0.0904198885,0.187296987,0.157271385,0.248693943,-0.139919162,0.147080541,-0.655078828,0.121720433,0.129325986,0.23220253,0.135150552,0.197765768,-0.349591374,8.8843298,2.77456355,5.83219671,-1.6414094,-7.14945984,-8.70022297,0.952829182,0.00211630063,0.0450288132,2.55708055e-05,1.03664071e-07,2.19857252e-08,1,0.0420413464,0.0398143753,0.045037806,0.0454324707,0.03803543,0.00612350879,0.0146431737,0.0737258047,0.0700905472,0.0619743802,0.0829409733,0.089743562,0.058010608,0.0434562825,0.0554832928,0.086899884,-0.205227166,-1.5333394e-06,-0.0471943617,-0.00345361209,-0.00301224389,0.00151355204,0.000115343508,-0.0438015535,-0.435484618,-0.00135190983,-0.0998318866,-0.0143610192,-0.0150213698,-0.0026085244,-0.0100713922,-0.189582691,-0.0130436411,-0.205351233,0.00732926233,0.0791533962,-0.12167725,0.00979216211,0.0180856846,-0.0981967077,-0.037764661,-0.243105546,0.00218962715,0.0753007382,0.0930447876,0.0105581973,0.0151933171,-0.00927961897,0.0772033483,-0.0518543273,0.0210063681,0.0972425714,0.0957735851,0.0191255305,0.00472842995,0.0761791915,0.0452087335,-0.0236843433,-0.00328337098,0.0945356265,0.100354843,0.038292665,0.0222628918,0.0405081511,0.133697391,-0.0128500173,0.139924079,0.139533386,0.107728295,0.092053093,0.0967045501,0.143257976,0.0788875818,-0.00554010412,0.100569129,0.0859333575,0.0775402784,-0.0104018766,-0.00139100268,0.091347672,0.00534235779,0.1302834,0.0164191518,0.00319796614,5.13588566e-05,-0.00154403702,0.0037124895,-0.0161953792,-0.195072457,0.102786556,-0.0167030543,-0.00349271018,-0.00199228199,-0.000371743838,-0.000304054236,0.0333653949,0.155623049,0.0232580751,0.174809366,0.602900207,0.727587223,-0.00594949862,-0.0174697787,-0.0216019116,0.293935508,0.15875423,0.356336623,0.66641444,0.421177447,-0.00665472634,-0.0421493016,-0.221836075,-0.015161586,-0.0397417583,-0.00668263715,0.0129653364,0.0315814465,-0.020446904,-0.0184892491,0.00258188485,-0.0129392473,-0.111346439,-0.00826255418,0.0226780046,0.0313243419,-0.0247380268,-0.0284722466,0.00150113495
C1-PREPROC-P3-SPLIT_MEAN,GOLD-MODEL-C1-B6-R00387,-0.539655745,0.397586823,-0.483317792,-0.44754228,-0.420917749,0.56013912,0.520853221,0.40394336,-0.531976521,0.641920447,-0.432518631,-0.370413542,-0.292529881,0.56113112,0.527499974,0.377069831,0.728900254,8.57347186e-06,0.270915329,0.155118316,0.319804937,-0.0304877367,-0.0481771231,-1.22691476,0.958369315,0.00462375535,0.356611639,0.142057434,0.285455316,-0.13262333,-0.139349759,-1.03068757,-0.195371389,-0.601774931,0.229272023,0.338474393,0.514155388,0.545323014,0.490368277,-0.602063358,-0.310703337,-0.616343915,0.0279770475,0.234363094,0.430096895,0.635723233,0.57123673,-0.318964988,0.733072996,-0.296351671,0.542458475,0.422127873,0.424869537,-0.0652868822,-0.0212421138,-0.968187988,0.969122708,-0.288820237,0.623961747,0.457912892,0.548910797,-0.150812283,-0.111520477,-1.06277573,-0.656616747,0.0466365889,-0.636064053,-0.633950591,-0.592170596,0.711211383,0.679548085,0.513969958,-0.675609648,0.0259967018,-0.683471501,-0.686436355,-0.643285871,0.726962507,0.69066292,0.489132136,-0.0139083136,-0.557579219,-0.0880725831,-0.124782942,0.00170760648,0.212561265,0.255244464,-0.0760661066,0.459535509,-0.645183027,0.0652169213,0.0398390777,0.0998851731,-0.0160102434,-0.0163747482,-0.629032254,0.736494005,0.0572356433,1.06086802,1.19121802,1.71996272,0.0816744566,0.245609075,-0.178097814,0.855380774,0.287187636,1.05171847,1.09832203,1.427966,0.0331792012,0.213427603,-0.679188192,0.133030996,-0.635192275,0.0580668859,0.0904198885,0.187297076,0.1572714,0.248694018,-0.139919177,0.147080585,-0.655078828,0.121720463,0.129326031,0.232202545,0.135150462,0.197765782,-0.349591315,8.88432884,2.7745626,5.83219719,-1.64140952,-7.14946032,-8.70022297,0.952829063,0.0021163004,0.0450288728,2.55708255e-05,1.03664256e-07,2.19857235e-08,1,0.0420413427,0.0398143753,0.0450378098,0.0454324707,0.03803543,0.00612350926,0.0146431737,0.0737258121,0.0700905472,0.0619743802,0.0829409584,0.0897435546,0.0580105931,0.0434562825,0.0554832928,0.0868998766,-0.205227181,-1.51064376e-06,-0.0471943505,-0.0034536114,-0.00301224412,0.00151355017,0.000115343508,-0.0438015535,-0.435484588,-0.00135190529,-0.0998318642,-0.0143610211,-0.0150213679,-0.00260852231,-0.0100713884,-0.189582646,-0.0130436411,-0.205351263,0.00732925907,0.079153426,-0.12167722,0.00979216117,0.0180856828,-0.09819673,-0.0377646685,-0.243105531,0.00218963157,0.0753007755,0.0930448174,0.0105581982,0.0151933152,-0.00927962363,0.0772033557,-0.0518543087,0.0210063718,0.0972425789,0.0957736075,0.0191255659,0.00472842343,0.0761791989,0.0452087373,-0.0236843396,-0.00328337075,0.094535619,0.100354828,0.038292639,0.0222628824,0.0405081511,0.133697376,-0.0128500527,0.139924079,0.139533371,0.107728295,0.0920530856,0.0967045724,0.143257976,0.0788875893,-0.00554010784,0.100569144,0.0859333575,0.0775402784,-0.0104018766,-0.00139100244,0.091347672,0.00534237595,0.130283415,0.0164191388,0.00319796684,5.13604391e-05,-0.00154403714,0.00371248811,-0.0161953736,-0.195072472,0.102786571,-0.0167030599,-0.00349270413,-0.00199228106,-0.000371745671,-0.000304054993,0.0333653949,0.155623063,0.0232580435,0.174809381,0.602900267,0.727587163,-0.00594948977,-0.0174697805,-0.021601893,0.293935478,0.158754259,0.356336653,0.66641444,0.421177477,-0.00665471004,-0.0421492904,-0.221836135,-0.0151615972,-0.0397417583,-0.0066826418,0.0129653364,0.0315814614,-0.0204469059,-0.0184892546,0.00258188508,-0.012939252,-0.111346439,-0.00826255605,0.022678012,0.0313243419,-0.02473801,-0.0284722485,0.00150113471
C1-PREPROC-P4-COMPENSATED,GOLD-MODEL-C1-B6-R00387,-0.539655805,0.397586823,-0.483317763,-0.44754228,-0.420917749,0.56013912,0.520853162,0.40394339,-0.531976521,0.641920447,-0.432518661,-0.370413542,-0.292529881,0.56113112,0.527499974,0.377069831,0.728900254,8.57347095e-06,0.270915329,0.155118331,0.319804937,-0.0304877348,-0.0481771193,-1.22691476,0.958369315,0.00462375581,0.356611669,0.142057434,0.285455316,-0.132623345,-0.139349774,-1.03068769,-0.195371374,-0.601774931,0.229272023,0.338474393,0.514155388,0.545322955,0.490368277,-0.602063358,-0.310703367,-0.616343856,0.0279770475,0.234363094,0.430096865,0.635723174,0.57123673,-0.318964988,0.733072937,-0.296351671,0.542458475,0.422127843,0.424869508,-0.0652868748,-0.0212421138,-0.968188047,0.969122708,-0.288820237,0.623961747,0.457912892,0.548910797,-0.150812298,-0.111520484,-1.06277573,-0.656616807,0.0466365889,-0.636064053,-0.633950651,-0.592170596,0.711211383,0.679548025,0.513969958,-0.675609648,0.0259966999,-0.683471501,-0.686436355,-0.643285871,0.726962507,0.69066298,0.489132136,-0.0139083136,-0.557579219,-0.0880725905,-0.124782942,0.0017076066,0.212561265,0.255244464,-0.076066114,0.459535509,-0.645182967,0.0652169213,0.0398390815,0.0998851731,-0.0160102434,-0.0163747463,-0.629032254,0.736494005,0.0572356433,1.06086802,1.19121802,1.71996284,0.0816744566,0.245609075,-0.178097829,0.855380714,0.287187636,1.05171847,1.09832203,1.42796588,0.0331792012,0.213427618,-0.679188132,0.133030996,-0.635192275,0.0580668859,0.0904198885,0.187297061,0.1572714,0.248694003,-0.139919177,0.14708057,-0.655078769,0.121720463,0.129326031,0.23220256,0.135150462,0.197765782,-0.349591345,8.88432884,2.77456307,5.83219719,-1.64140928,-7.14945984,-8.70022297,0.952829063,0.0021163004,0.0450288728,2.5570851e-05,1.03664256e-07,2.19857235e-08,1,0.0420413464,0.0398143753,0.045037806,0.0454324707,0.03803543,0.00612350926,0.0146431718,0.0737258196,0.0700905472,0.0619743802,0.0829409659,0.0897435546,0.0580105931,0.0434562825,0.0554832928,0.0868998766,-0.205227181,-1.51064353e-06,-0.0471943505,-0.00345361163,-0.00301224412,0.00151355006,0.000115343501,-0.0438015535,-0.435484588,-0.0013519054,-0.0998318717,-0.0143610211,-0.0150213679,-0.00260852254,-0.0100713894,-0.189582676,-0.0130436402,-0.205351263,0.00732925907,0.079153426,-0.12167722,0.00979216024,0.0180856828,-0.09819673,-0.0377646722,-0.243105501,0.00218963157,0.0753007755,0.09304481,0.0105581973,0.0151933152,-0.00927962363,0.0772033557,-0.0518543087,0.0210063718,0.0972425714,0.0957736,0.019125564,0.00472842343,0.0761791989,0.0452087373,-0.0236843396,-0.00328337075,0.094535619,0.100354828,0.0382926427,0.0222628824,0.0405081511,0.133697391,-0.0128500527,0.139924079,0.139533386,0.107728295,0.0920530856,0.0967045575,0.143257976,0.0788875893,-0.00554010738,0.100569144,0.0859333575,0.0775402784,-0.0104018766,-0.00139100268,0.091347672,0.00534237595,0.130283415,0.0164191406,0.00319796684,5.13604427e-05,-0.00154403714,0.00371248811,-0.0161953736,-0.195072472,0.102786556,-0.0167030599,-0.00349270436,-0.00199228106,-0.000371745671,-0.000304054964,0.0333653949,0.155623063,0.0232580435,0.174809381,0.602900267,0.727587223,-0.00594948977,-0.0174697805,-0.0216018949,0.293935448,0.158754259,0.356336653,0.66641444,0.421177447,-0.00665471004,-0.0421492942,-0.221836105,-0.0151615972,-0.0397417583,-0.0066826418,0.0129653364,0.0315814577,-0.0204469059,-0.0184892546,0.00258188508,-0.0129392501,-0.111346424,-0.00826255605,0.022678012,0.0313243456,-0.02473801,-0.0284722485,0.00150113483
C1-PREPROC-P0-BASELINE,GOLD-MODEL-C1-B6-R00492,-0.111512788,-0.0973799154,0.0247776452,0.147191986,0.341605604,0.0976112336,0.00874643214,-0.434054285,-0.00775677618,-0.00311800884,0.164470196,0.33019793,0.630790651,-0.0749808326,-0.269827962,-0.797720313,0.514244497,-0.814790606,0.638473988,1.00686622,1.41612244,-0.339922339,-0.477710664,-2.75155616,0.560577691,-0.896539807,0.602979124,0.884492874,1.26301014,-0.401791811,-0.437765121,-2.57569122,-0.478499115,-1.14784729,0.0610601194,0.690316319,1.88074422,0.57744658,0.401735574,-1.4339751,-0.55691582,-1.17072499,-0.0962013006,0.509035408,1.76915455,0.657813847,0.570365071,-1.4827733,0.968932569,-0.906543732,1.20497537,1.57111335,1.90484905,-0.606762052,-0.667864203,-2.90101647,1.06521726,-0.922420204,1.26733387,1.62718558,1.90425742,-0.67377001,-0.753581762,-2.94131255,-0.265335858,-0.221455842,-0.204614565,-0.188595086,0.0639395937,0.275283575,0.182419375,-0.208099052,-0.431674033,-0.272567987,-0.419385105,-0.413998455,-0.244877473,0.433286101,0.359787881,0.156571612,0.761882842,-0.816871524,0.620455205,0.653980613,0.87289685,-0.512304187,-0.479596525,-1.58328533,0.787698865,-1.04327917,0.653713644,0.762254834,0.843702257,-0.596326172,-0.55049032,-1.77382827,0.448418945,-1.04495156,1.20883477,2.07690334,2.78307438,-0.010750277,0.0544503331,-0.949948251,0.360126168,-1.07604229,1.05573356,1.79541981,2.62964678,0.05233844,0.128990442,-1.06438887,1.1704092,-0.878106654,1.00480103,1.19851601,1.53082764,-0.701879978,-0.51510483,-1.68579078,1.19165123,-0.945112526,1.09771514,1.25914419,1.62969267,-0.739289522,-0.563111305,-1.62929451,7.85381222,7.79818344,3.89420891,-0.713856339,-5.19077063,-13.6415777,0.508866191,0.481331557,0.00970442314,9.67636588e-05,1.1000526e-06,2.35111763e-10,1,0.00868729223,-0.00975163281,-0.00230889674,-0.014942266,-0.0308685396,0.001067098,0.000245895615,-0.0792215094,0.00102199381,-0.00030102898,-0.0315392576,-0.0800001398,-0.125089929,-0.0058068214,-0.0283809379,-0.183843389,-0.144789293,0.143565908,-0.111224286,-0.0224172417,-0.0133384634,0.0168752931,0.00114371348,-0.0982321128,-0.254727423,0.262132585,-0.168801352,-0.0894160941,-0.0664627329,-0.00790270418,-0.0316391103,-0.473767608,-0.031946186,-0.391694456,0.00195194082,0.161432892,-0.445086718,0.0103689916,0.0148167461,-0.233881816,-0.0676907524,-0.461770952,-0.00752922241,0.163552895,0.382729262,0.0109250825,0.0151701318,-0.043138206,0.102042839,-0.158623025,0.046661932,0.361926138,0.429388911,0.177748844,0.14866434,0.228258461,0.0496914648,-0.0756419078,-0.00666888151,0.335930705,0.348146588,0.171076462,0.150437862,0.112109385,0.0540265068,0.0610190257,0.045011986,0.0415100269,-0.0116319582,0.0356303379,0.0259595867,-0.0580030978,0.0504044369,0.0580864474,0.0617102534,0.0518274941,0.0295169968,-0.00619975384,-0.000724616635,0.0292404667,-0.292649746,0.190869406,-0.115669824,-0.0167603698,0.0262545068,0.00372135872,-0.00697565172,-0.337100148,-0.334377587,0.166208789,-0.167426154,-0.0668271109,-0.0168282427,-0.01384624,-0.0102217952,0.0940881521,0.0947520658,-0.424622267,0.199191272,1.05116415,1.17730987,0.000783092575,-0.003872965,-0.115221411,0.123750567,-0.594824672,0.35769701,1.08938324,0.775612295,-0.0104974536,-0.0254740044,-0.3476502,-0.133392021,-0.0549400635,-0.115637772,0.171855584,0.258123487,0.0912516415,0.0382956713,0.0311073735,-0.104834199,-0.16064465,-0.0745144486,0.220797688,0.219847083,0.135319933,0.0810708702,0.00699614221
C1-PREPROC-P1-RECIPROCAL,GOLD-MODEL-C1-B6-R00492,-0.111512795,-0.0973799154,0.0247776434,0.147191986,0.341605604,0.097611241,0.00874643214,-0.434054285,-0.00775677618,-0.00311800907,0.164470196,0.33019793,0.630790651,-0.0749808326,-0.269827992,-0.797720373,0.514244437,-0.814790606,0.638473988,1.00686634,1.41612244,-0.339922339,-0.477710634,-2.75155616,0.560577691,-0.896539867,0.602979124,0.884492874,1.26301003,-0.401791841,-0.437765151,-2.57569146,-0.478499085,-1.14784741,0.0610601194,0.690316319,1.88074422,0.57744652,0.401735574,-1.4339751,-0.556915879,-1.17072499,-0.0962013006,0.509035408,1.76915443,0.657813847,0.570365071,-1.48277318,0.968932569,-0.906543732,1.20497537,1.57111323,1.90484905,-0.606761992,-0.667864144,-2.90101647,1.06521726,-0.922420204,1.26733398,1.6271857,1.90425742,-0.67377001,-0.753581762,-2.94131255,-0.265335858,-0.221455827,-0.20461455,-0.188595086,0.0639395937,0.275283575,0.18241936,-0.208099052,-0.431674033,-0.272567958,-0.419385105,-0.413998455,-0.244877458,0.43328613,0.359787881,0.156571627,0.761882842,-0.816871464,0.620455265,0.653980613,0.872896791,-0.512304187,-0.479596496,-1.58328545,0.787698925,-1.04327905,0.653713644,0.762254834,0.843702197,-0.596326172,-0.55049032,-1.77382827,0.448418945,-1.04495156,1.20883465,2.07690334,2.78307438,-0.010750276,0.0544503331,-0.949948311,0.360126138,-1.07604229,1.05573356,1.79541993,2.62964678,0.05233844,0.128990442,-1.06438887,1.1704092,-0.878106654,1.00480103,1.19851601,1.53082764,-0.701879978,-0.51510489,-1.68579078,1.19165123,-0.945112526,1.09771514,1.25914419,1.62969255,-0.739289522,-0.563111305,-1.62929451,7.85381126,7.79818296,3.89420938,-0.713855982,-5.19077063,-13.6415777,0.508866072,0.481331646,0.00970443431,9.67638189e-05,1.10005226e-06,2.35112152e-10,1,0.00868729316,-0.00975163281,-0.00230889651,-0.014942266,-0.0308685396,0.001067098,0.000245895615,-0.0792215094,0.00102199381,-0.000301029009,-0.0315392576,-0.0800001398,-0.125089929,-0.0058068214,-0.0283809416,-0.183843404,-0.144789264,0.143565908,-0.111224286,-0.0224172436,-0.0133384634,0.0168752931,0.00114371337,-0.0982321128,-0.254727423,0.262132615,-0.168801352,-0.0894160941,-0.0664627254,-0.00790270418,-0.031639114,-0.473767638,-0.0319461823,-0.391694486,0.00195194082,0.161432892,-0.445086718,0.0103689907,0.0148167461,-0.233881816,-0.0676907599,-0.461770952,-0.00752922241,0.163552895,0.382729232,0.0109250825,0.0151701318,-0.0431382023,0.102042839,-0.158623025,0.046661932,0.361926109,0.429388911,0.177748829,0.148664325,0.228258461,0.0496914648,-0.0756419078,-0.00666888198,0.335930705,0.348146588,0.171076462,0.150437862,0.112109385,0.0540265068,0.0610190183,0.0450119823,0.0415100269,-0.0116319582,0.0356303379,0.0259595849,-0.0580030978,0.0504044369,0.05808644,0.0617102534,0.0518274941,0.029516995,-0.00619975431,-0.000724616635,0.0292404685,-0.292649746,0.190869391,-0.115669832,-0.0167603698,0.0262545049,0.00372135872,-0.00697565125,-0.337100178,-0.334377587,0.166208759,-0.167426154,-0.0668271109,-0.0168282408,-0.01384624,-0.0102217952,0.0940881521,0.0947520658,-0.424622267,0.199191257,1.05116415,1.17730987,0.000783092517,-0.003872965,-0.115221418,0.12375056,-0.594824672,0.35769701,1.08938336,0.775612295,-0.0104974536,-0.0254740044,-0.3476502,-0.133392021,-0.0549400635,-0.115637772,0.171855584,0.258123487,0.0912516415,0.0382956751,0.0311073735,-0.104834199,-0.16064465,-0.0745144486,0.220797688,0.219847068,0.135319933,0.0810708702,0.00699614221
C1-PREPROC-P2-AFFINE,GOLD-MODEL-C1-B6-R00492,-0.11151278,-0.0973798037,0.0247776508,0.147191942,0.341605604,0.0976111889,0.00874644518,-0.434054255,-0.00775676966,-0.00311791897,0.164470136,0.330197871,0.630790651,-0.0749807954,-0.269827962,-0.797720432,0.514244318,-0.814790487,0.638474107,1.00686646,1.41612244,-0.339922309,-0.477710605,-2.75155592,0.56057775,-0.896539807,0.602979183,0.884492874,1.26301003,-0.40179193,-0.437765121,-2.57569146,-0.478499174,-1.14784741,0.0610601902,0.6903162,1.88074434,0.577446699,0.401735604,-1.43397498,-0.55691576,-1.17072511,-0.0962013006,0.509035349,1.76915443,0.657813728,0.570365131,-1.48277307,0.968932509,-0.906543732,1.20497537,1.57111335,1.90484905,-0.606761932,-0.667864203,-2.90101624,1.06521726,-0.922420263,1.26733398,1.6271857,1.90425742,-0.673770189,-0.753581762,-2.94131231,-0.265335858,-0.221455932,-0.204614639,-0.188595057,0.0639395714,0.275283635,0.1824193,-0.208099067,-0.431674033,-0.272567987,-0.419385046,-0.413998485,-0.244877577,0.43328613,0.359787911,0.156571656,0.761882901,-0.816871524,0.620455265,0.653980613,0.872896791,-0.512304187,-0.479596376,-1.58328545,0.787698865,-1.04327905,0.653713584,0.762254834,0.843702197,-0.596326113,-0.55049026,-1.77382839,0.448418975,-1.04495156,1.20883477,2.07690334,2.78307414,-0.0107501745,0.0544503927,-0.949948311,0.360126138,-1.07604241,1.05573356,1.79542005,2.62964678,0.0523384809,0.128990531,-1.06438875,1.17040908,-0.878106594,1.00480092,1.19851601,1.53082752,-0.701879978,-0.515105009,-1.68579078,1.19165111,-0.945112646,1.09771502,1.25914419,1.62969244,-0.739289403,-0.563111305,-1.62929451,7.85381174,7.79818392,3.89420891,-0.713855624,-5.19077015,-13.6415777,0.508865952,0.481331736,0.00970442314,9.67637898e-05,1.10005203e-06,2.35111652e-10,1,0.00868729129,-0.00975162163,-0.00230889721,-0.0149422614,-0.0308685396,0.00106709742,0.000245895993,-0.0792215094,0.00102199288,-0.000301020307,-0.0315392464,-0.0800001249,-0.125089929,-0.0058068186,-0.0283809379,-0.183843419,-0.144789234,0.143565893,-0.111224309,-0.0224172454,-0.0133384634,0.0168752912,0.00114371325,-0.0982321054,-0.254727453,0.262132585,-0.168801382,-0.0894160941,-0.0664627254,-0.00790270604,-0.0316391103,-0.473767638,-0.0319461897,-0.391694486,0.00195194315,0.161432862,-0.445086747,0.0103689944,0.014816747,-0.233881801,-0.067690745,-0.461771011,-0.00752922241,0.16355288,0.382729232,0.0109250806,0.0151701337,-0.0431381986,0.102042831,-0.158623025,0.046661932,0.361926138,0.429388911,0.177748814,0.14866434,0.228258446,0.0496914648,-0.0756419152,-0.00666888198,0.335930705,0.348146588,0.171076506,0.150437862,0.112109378,0.0540265068,0.0610190481,0.0450120009,0.0415100232,-0.0116319535,0.0356303453,0.0259595755,-0.0580031015,0.0504044369,0.0580864474,0.0617102459,0.0518274978,0.029517008,-0.00619975431,-0.000724616693,0.0292404741,-0.292649776,0.190869406,-0.115669832,-0.0167603698,0.0262545049,0.00372135872,-0.00697564939,-0.337100178,-0.334377587,0.166208759,-0.167426139,-0.0668271109,-0.0168282408,-0.0138462381,-0.0102217942,0.0940881521,0.0947520733,-0.424622267,0.199191272,1.05116415,1.17730975,0.000783085125,-0.00387296919,-0.115221418,0.12375056,-0.594824791,0.35769701,1.08938348,0.775612295,-0.010497462,-0.0254740212,-0.34765017,-0.133392006,-0.0549400598,-0.115637757,0.171855584,0.258123457,0.0912516415,0.0382956862,0.0311073735,-0.104834184,-0.16064468,-0.0745144412,0.220797688,0.219847038,0.135319918,0.0810708702,0.00699614221
C1-PREPROC-P3-SPLIT_MEAN,GOLD-MODEL-C1-B6-R00492,-0.11151278,-0.0973798782,0.0247776285,0.147191957,0.341605574,0.0976112485,0.00874643773,-0.434054255,-0.00775674405,-0.00311795925,0.164470226,0.33019793,0.63079071,-0.0749808252,-0.269828022,-0.797720313,0.514244497,-0.814790547,0.638474047,1.00686622,1.41612244,-0.339922339,-0.477710605,-2.75155616,0.560577631,-0.896539807,0.602979064,0.884492874,1.26301014,-0.401791811,-0.437765121,-2.57569122,-0.478499174,-1.14784741,0.0610601455,0.690316319,1.88074422,0.57744664,0.401735544,-1.4339751,-0.55691582,-1.17072511,-0.0962012783,0.509035408,1.76915455,0.657813787,0.570365071,-1.4827733,0.968932569,-0.906543672,1.20497537,1.57111335,1.90484905,-0.606761992,-0.667864203,-2.90101647,1.06521726,-0.922420204,1.26733387,1.62718558,1.90425742,-0.67377001,-0.753581762,-2.94131255,-0.265335858,-0.221455783,-0.204614565,-0.188595027,0.0639396384,0.275283545,0.18241933,-0.208099037,-0.431674004,-0.272568047,-0.419385105,-0.413998455,-0.244877517,0.433286101,0.359787881,0.156571627,0.761882842,-0.816871524,0.620455325,0.653980613,0.87289685,-0.512304127,-0.479596525,-1.58328533,0.787698805,-1.04327917,0.653713584,0.762254775,0.843702257,-0.596326172,-0.55049026,-1.77382827,0.448419005,-1.04495156,1.20883477,2.07690334,2.78307438,-0.0107502127,0.0544503257,-0.949948311,0.360126138,-1.07604229,1.05573356,1.79541981,2.62964678,0.0523384362,0.128990471,-1.06438887,1.1704092,-0.878106594,1.00480103,1.19851601,1.53082764,-0.701879919,-0.51510489,-1.68579078,1.19165123,-0.945112526,1.09771514,1.25914419,1.62969267,-0.739289522,-0.563111246,-1.62929451,7.85381222,7.79818344,3.89420891,-0.713855982,-5.19077063,-13.6415777,0.508866191,0.481331557,0.00970442314,9.67637461e-05,1.1000526e-06,2.35111763e-10,1,0.00868729129,-0.00975162908,-0.00230889511,-0.0149422633,-0.0308685359,0.00106709811,0.000245895761,-0.0792215094,0.0010219895,-0.000301024207,-0.0315392613,-0.0800001398,-0.125089943,-0.00580682093,-0.0283809435,-0.183843389,-0.144789293,0.143565908,-0.111224301,-0.0224172417,-0.0133384634,0.0168752931,0.00114371325,-0.0982321128,-0.254727393,0.262132585,-0.168801337,-0.0894160941,-0.0664627329,-0.00790270418,-0.0316391103,-0.473767608,-0.0319461897,-0.391694486,0.00195194164,0.161432892,-0.445086718,0.0103689935,0.0148167452,-0.233881816,-0.0676907524,-0.461771011,-0.00752922054,0.163552895,0.382729262,0.0109250816,0.0151701318,-0.043138206,0.102042839,-0.15862301,0.046661932,0.361926138,0.429388911,0.177748829,0.14866434,0.228258461,0.0496914648,-0.0756419078,-0.00666888151,0.335930705,0.348146588,0.171076462,0.150437862,0.112109385,0.0540265068,0.0610190071,0.045011986,0.0415100157,-0.0116319666,0.0356303342,0.0259595793,-0.058003094,0.0504044332,0.0580864623,0.0617102534,0.0518274941,0.0295170024,-0.00619975384,-0.000724616635,0.0292404685,-0.292649746,0.190869406,-0.115669847,-0.0167603698,0.0262545068,0.00372135825,-0.00697565172,-0.337100148,-0.334377557,0.166208789,-0.167426139,-0.0668271109,-0.0168282427,-0.01384624,-0.0102217942,0.0940881521,0.0947520807,-0.424622267,0.199191272,1.05116415,1.17730987,0.000783087919,-0.00387296453,-0.115221418,0.12375056,-0.594824672,0.35769701,1.08938324,0.775612295,-0.0104974536,-0.02547401,-0.3476502,-0.133392021,-0.0549400598,-0.115637772,0.171855584,0.258123487,0.0912516341,0.0382956751,0.0311073735,-0.104834199,-0.16064465,-0.0745144486,0.220797688,0.219847083,0.135319933,0.0810708627,0.00699614221
C1-PREPROC-P4-COMPENSATED,GOLD-MODEL-C1-B6-R00492,-0.11151278,-0.0973798782,0.0247776266,0.147191957,0.341605574,0.0976112485,0.00874643773,-0.434054255,-0.00775674405,-0.00311795902,0.16447024,0.330197901,0.63079071,-0.0749808252,-0.269828022,-0.797720373,0.514244437,-0.814790547,0.638474047,1.00686634,1.41612244,-0.339922339,-0.477710575,-2.75155616,0.560577631,-0.896539867,0.602979064,0.884492874,1.26301003,-0.401791841,-0.437765151,-2.57569146,-0.478499144,-1.14784753,0.0610601455,0.690316319,1.88074422,0.57744658,0.401735544,-1.4339751,-0.55691582,-1.17072511,-0.0962012783,0.509035408,1.76915443,0.657813787,0.570365071,-1.4827733,0.968932569,-0.906543672,1.20497537,1.57111323,1.90484905,-0.606761932,-0.667864203,-2.90101647,1.06521726,-0.922420204,1.26733398,1.6271857,1.90425742,-0.67377001,-0.753581762,-2.94131255,-0.265335858,-0.221455798,-0.204614565,-0.188595042,0.063939631,0.275283545,0.18241933,-0.208099037,-0.431674004,-0.272568017,-0.419385105,-0.413998455,-0.244877517,0.43328613,0.359787881,0.156571642,0.761882842,-0.816871524,0.620455325,0.653980613,0.87289685,-0.512304187,-0.479596496,-1.58328533,0.787698865,-1.04327905,0.653713584,0.762254775,0.843702197,-0.596326172,-0.55049026,-1.77382827,0.448419005,-1.04495156,1.20883477,2.07690334,2.78307438,-0.0107502127,0.0544503257,-0.949948311,0.360126138,-1.07604229,1.05573356,1.79541993,2.62964678,0.0523384325,0.128990471,-1.06438875,1.1704092,-0.878106594,1.00480103,1.19851601,1.53082764,-0.701879919,-0.515104949,-1.68579078,1.19165123,-0.945112586,1.09771514,1.25914419,1.62969255,-0.739289522,-0.563111305,-1.62929451,7.85381126,7.79818296,3.89420891,-0.713855863,-5.19077015,-13.6415777,0.508866072,0.481331646,0.00970442966,9.67638189e-05,1.10005328e-06,2.35112152e-10,1,0.00868729129,-0.00975162908,-0.00230889511,-0.0149422633,-0.0308685359,0.00106709811,0.000245895761,-0.0792215094,0.0010219895,-0.000301024178,-0.0315392651,-0.0800001323,-0.125089943,-0.00580682093,-0.0283809435,-0.183843404,-0.144789264,0.143565908,-0.111224301,-0.0224172436,-0.0133384634,0.0168752931,0.00114371325,-0.0982321128,-0.254727393,0.262132615,-0.168801337,-0.0894160941,-0.0664627254,-0.00790270418,-0.031639114,-0.473767638,-0.031946186,-0.391694516,0.00195194164,0.161432892,-0.445086718,0.0103689916,0.0148167452,-0.233881816,-0.0676907524,-0.461771011,-0.00752922054,0.163552895,0.382729232,0.0109250816,0.0151701318,-0.043138206,0.102042839,-0.15862301,0.046661932,0.361926109,0.429388911,0.177748814,0.14866434,0.228258461,0.0496914648,-0.0756419078,-0.00666888198,0.335930705,0.348146588,0.171076462,0.150437862,0.112109385,0.0540265068,0.0610190108,0.045011986,0.0415100195,-0.0116319647,0.0356303342,0.0259595793,-0.058003094,0.0504044332,0.0580864549,0.0617102534,0.0518274941,0.0295170024,-0.00619975431,-0.000724616635,0.0292404722,-0.292649746,0.190869406,-0.115669847,-0.0167603698,0.0262545068,0.00372135872,-0.00697565125,-0.337100148,-0.334377587,0.166208759,-0.167426139,-0.0668271109,-0.0168282408,-0.01384624,-0.0102217942,0.0940881521,0.0947520807,-0.424622267,0.199191272,1.05116415,1.17730987,0.000783087919,-0.00387296453,-0.115221418,0.12375056,-0.594824672,0.35769701,1.08938336,0.775612295,-0.0104974527,-0.02547401,-0.34765017,-0.133392021,-0.0549400598,-0.115637772,0.171855584,0.258123487,0.0912516341,0.0382956825,0.0311073735,-0.104834199,-0.160644665,-0.0745144486,0.220797688,0.219847068,0.135319933,0.0810708702,0.00699614221
C1-PREPROC-P0-BASELINE,GOLD-MODEL-C1-B6-R00523,-0.421220243,1.16218328,-0.311543912,-0.277873725,-0.152711555,0.347532332,0.291646898,0.183315441,-0.381924033,1.55936682,-0.232027471,-0.196642458,-0.113524675,0.271818519,0.178004518,0.00905468874,0.711809278,-0.324679762,1.13826931,1.33248544,1.33711743,-0.650437951,-0.784856617,-3.04868627,0.797606111,-0.376101822,1.09511483,1.26736915,1.74171042,-0.734450161,-0.843092144,-2.4942987,-0.379701048,-0.911521435,0.277133256,1.06199992,2.51714373,0.454562664,0.24341853,-1.64655924,-0.437627733,-0.910394847,0.180206627,0.997822225,1.64548051,0.529068708,0.370789409,-1.09633803,1.13692224,-0.463409781,1.70296216,1.93748283,2.07030153,-0.876277447,-0.921228647,-2.57083774,1.26036584,-0.482054323,1.74906254,2.00089955,2.19035053,-0.968263388,-1.04551351,-2.97864938,-0.483585089,0.460103065,-0.424290985,-0.432699233,-0.299286515,0.47010392,0.432446808,0.255096138,-0.573629439,0.207070336,-0.558112383,-0.565528929,-0.484070867,0.580182672,0.53839457,0.370569795,0.914269865,-0.317954063,1.08337879,0.922571898,1.11697686,-0.733425975,-0.722546041,-1.99375105,0.954087615,-0.521401882,1.09225941,1.01099336,1.03420806,-0.874484241,-0.822559118,-1.74401271,0.707639694,-0.498747617,1.66428745,2.67857194,3.3968029,-0.309100419,-0.340725332,-1.23915207,0.650630057,-0.492235482,1.5948205,2.41773176,2.81467581,-0.277358949,-0.252623498,-1.15180039,1.27445745,-0.467260212,1.41024411,1.27031338,1.45125318,-0.880855322,-0.67500639,-1.73695302,1.33481824,-0.496736258,1.60554338,1.46950972,1.60953379,-0.953669548,-0.839032471,-1.88953698,11.0625734,10.1010933,4.40204763,-0.373372287,-11.0253553,-14.1669846,0.722742915,0.276323825,0.000925452681,7.80577102e-06,1.84636792e-10,7.97859522e-12,1,0.0328147411,0.116381124,0.0290311165,0.0282084867,0.0137994885,0.00379926595,0.00819930807,0.0334578566,0.0503203869,0.150549486,0.0444942266,0.0476424061,0.0225126874,0.0210507344,0.0187228005,0.00208675233,-0.20041509,0.0572084971,-0.198290288,-0.0296669472,-0.0125943152,0.0322907045,0.00187906856,-0.108839825,-0.362433523,0.109965608,-0.306572586,-0.128122225,-0.0916531309,-0.0144456457,-0.0609337874,-0.458796412,-0.0253500994,-0.311049968,0.00885926373,0.248352408,-0.595693529,0.00816241186,0.00897772238,-0.26855436,-0.0531917885,-0.35908851,0.014103923,0.320599914,0.355974287,0.00878686178,0.00986197218,-0.0318956748,0.119734615,-0.0810853988,0.0659461617,0.44632405,0.466685027,0.256702453,0.205062419,0.20227927,0.058794979,-0.0395302586,-0.00920380279,0.413083524,0.40045169,0.24585107,0.208716318,0.113532491,0.0984654427,-0.126774892,0.0933373421,0.0952376723,0.0544465184,0.0608462058,0.0615402833,0.0711025149,0.0669798702,-0.0441283658,0.0821232274,0.0707972348,0.0583488457,-0.00830165017,-0.00108433247,0.0692056045,-0.351183712,0.0742928386,-0.201971442,-0.0236438904,0.0335958079,0.0053275791,-0.0105093122,-0.424493164,-0.405009478,0.0830665231,-0.279744506,-0.0886340961,-0.0206280164,-0.0203048587,-0.0152737126,0.092506662,0.149526075,-0.202669054,0.274240583,1.35568118,1.43693244,0.0225160941,0.0242352467,-0.150299609,0.223576754,-0.272102535,0.540347099,1.46697533,0.830186486,0.0556295291,0.0498899929,-0.376200497,-0.14525044,-0.0292348377,-0.162298292,0.182150632,0.244705886,0.114520282,0.0501836166,0.0320514552,-0.11742916,-0.0844323039,-0.108986542,0.257686406,0.217127621,0.174560159,0.120795116,0.00811361521
C1-PREPROC-P1-RECIPROCAL,GOLD-MODEL-C1-B6-R00523,-0.421220273,1.16218328,-0.311543882,-0.277873725,-0.152711555,0.347532362,0.291646868,0.183315441,-0.381924033,1.55936682,-0.232027471,-0.196642458,-0.113524675,0.271818519,0.178004518,0.00905468874,0.711809218,-0.324679762,1.13826919,1.33248556,1.33711755,-0.650437951,-0.784856558,-3.04868627,0.797606111,-0.376101851,1.09511483,1.26736915,1.74171031,-0.734450221,-0.843092144,-2.49429893,-0.379701018,-0.911521435,0.277133256,1.06199992,2.51714373,0.454562634,0.243418515,-1.64655924,-0.437627763,-0.910394847,0.180206642,0.997822225,1.64548039,0.529068708,0.370789379,-1.09633803,1.13692224,-0.463409781,1.70296216,1.93748271,2.07030153,-0.876277387,-0.921228588,-2.57083774,1.26036584,-0.482054323,1.74906266,2.00089979,2.19035053,-0.968263388,-1.04551351,-2.97864962,-0.483585119,0.460103035,-0.424290955,-0.432699263,-0.299286485,0.470103949,0.432446778,0.255096167,-0.573629379,0.207070321,-0.558112383,-0.565528929,-0.484070837,0.580182672,0.53839457,0.370569795,0.914269865,-0.317954063,1.08337879,0.922571898,1.11697686,-0.733426034,-0.722545981,-1.99375117,0.954087675,-0.521401882,1.09225941,1.01099336,1.03420806,-0.874484301,-0.822559118,-1.74401271,0.707639694,-0.498747617,1.66428733,2.6785717,3.3968029,-0.309100419,-0.340725332,-1.23915219,0.650630057,-0.492235482,1.59482038,2.41773176,2.81467581,-0.277358949,-0.252623498,-1.15180039,1.27445745,-0.467260212,1.41024423,1.2703135,1.45125318,-0.880855322,-0.675006449,-1.73695302,1.33481812,-0.496736228,1.60554338,1.46950972,1.60953367,-0.953669548,-0.839032531,-1.88953698,11.0625734,10.1010923,4.40204763,-0.373372287,-11.0253544,-14.1669836,0.722743154,0.276323646,0.000925452972,7.80577375e-06,1.84636847e-10,7.97859868e-12,1,0.0328147449,0.116381124,0.0290311147,0.0282084867,0.0137994885,0.00379926641,0.00819930714,0.0334578566,0.0503203869,0.150549486,0.0444942266,0.0476424061,0.0225126874,0.0210507344,0.0187228005,0.00208675233,-0.200415075,0.0572084971,-0.198290274,-0.0296669491,-0.0125943162,0.0322907045,0.00187906832,-0.108839825,-0.362433523,0.109965615,-0.306572586,-0.128122225,-0.0916531235,-0.0144456467,-0.0609337874,-0.458796471,-0.0253500976,-0.311049968,0.00885926373,0.248352408,-0.595693529,0.00816241093,0.00897772238,-0.26855436,-0.0531917922,-0.35908851,0.0141039249,0.320599914,0.355974257,0.00878686178,0.00986197125,-0.0318956748,0.119734615,-0.0810853988,0.0659461617,0.446324021,0.466685027,0.256702423,0.205062404,0.20227927,0.058794979,-0.0395302586,-0.00920380279,0.413083583,0.40045169,0.24585107,0.208716318,0.113532498,0.0984654501,-0.126774877,0.0933373347,0.0952376798,0.054446511,0.0608462095,0.0615402795,0.0711025223,0.0669798627,-0.0441283658,0.0821232274,0.0707972348,0.058348842,-0.00830165017,-0.00108433247,0.0692056045,-0.351183712,0.0742928386,-0.201971442,-0.0236438904,0.0335958079,0.00532757957,-0.0105093112,-0.424493194,-0.405009508,0.0830665231,-0.279744506,-0.0886340961,-0.0206280164,-0.0203048605,-0.0152737126,0.092506662,0.149526075,-0.202669054,0.274240553,1.35568106,1.43693244,0.0225160941,0.0242352467,-0.150299624,0.223576754,-0.272102535,0.54034704,1.46697533,0.830186486,0.0556295291,0.0498899929,-0.376200497,-0.14525044,-0.0292348377,-0.162298307,0.182150647,0.244705886,0.114520282,0.0501836203,0.0320514552,-0.117429145,-0.0844322965,-0.108986542,0.257686406,0.217127606,0.174560159,0.120795123,0.00811361521
C1-PREPROC-P2-AFFINE,GOLD-MODEL-C1-B6-R00523,-0.421220243,1.1621834,-0.311543912,-0.277873755,-0.15271157,0.347532302,0.291646898,0.183315426,-0.381924033,1.55936682,-0.232027471,-0.196642518,-0.113524675,0.271818519,0.178004503,0.0090547204,0.711809158,-0.324679613,1.13826942,1.33248568,1.33711767,-0.650437951,-0.784856558,-3.04868603,0.797606111,-0.376101851,1.09511483,1.26736927,1.74171042,-0.734450221,-0.843092203,-2.49429893,-0.379701018,-0.911521554,0.277133346,1.06200004,2.5171442,0.454562783,0.243418574,-1.64655924,-0.437627673,-0.910394907,0.180206656,0.997822046,1.64548028,0.529068589,0.370789468,-1.0963378,1.13692224,-0.463409781,1.70296216,1.93748283,2.07030153,-0.876277208,-0.921228766,-2.5708375,1.26036596,-0.482054353,1.74906278,2.00089979,2.19035053,-0.968263507,-1.04551363,-2.97864962,-0.483585089,0.460103035,-0.424291015,-0.432699203,-0.299286485,0.470103979,0.432446718,0.255096167,-0.573629379,0.207070231,-0.558112383,-0.56552887,-0.484070927,0.580182672,0.53839457,0.370569855,0.914270043,-0.317954063,1.08337891,0.922571778,1.11697674,-0.733425975,-0.722545862,-1.99375117,0.954087615,-0.521401882,1.09225929,1.01099348,1.03420818,-0.874484301,-0.822558999,-1.74401271,0.707639813,-0.498747587,1.66428745,2.67857146,3.39680266,-0.30910027,-0.340725303,-1.23915243,0.650630116,-0.492235661,1.59482038,2.41773176,2.81467581,-0.27735889,-0.252623439,-1.15180016,1.27445734,-0.467260122,1.41024411,1.27031362,1.45125318,-0.880855322,-0.675006509,-1.73695302,1.33481812,-0.496736407,1.60554326,1.46950972,1.60953367,-0.953669429,-0.839032531,-1.88953698,11.0625715,10.1010914,4.40204811,-0.373372346,-11.0253553,-14.1669846,0.722742915,0.276323825,0.000925454951,7.80578557e-06,1.84637153e-10,7.97859522e-12,1,0.0328147411,0.116381139,0.0290311165,0.0282084886,0.0137994895,0.00379926572,0.00819930807,0.0334578566,0.0503203869,0.150549486,0.0444942266,0.047642421,0.0225126874,0.0210507344,0.0187227987,0.00208675954,-0.20041506,0.057208471,-0.198290318,-0.0296669528,-0.0125943171,0.0322907045,0.00187906832,-0.108839817,-0.362433523,0.109965615,-0.306572586,-0.12812224,-0.0916531309,-0.0144456467,-0.0609337911,-0.458796471,-0.0253500976,-0.311050028,0.00885926746,0.248352423,-0.595693648,0.00816241372,0.00897772424,-0.26855436,-0.053191781,-0.35908854,0.0141039258,0.320599854,0.355974227,0.00878685992,0.00986197311,-0.0318956673,0.119734615,-0.0810853988,0.0659461617,0.44632405,0.466685027,0.256702393,0.205062449,0.20227924,0.0587949827,-0.0395302624,-0.00920380373,0.413083583,0.40045169,0.245851099,0.208716348,0.113532498,0.0984654427,-0.126774877,0.0933373496,0.0952376723,0.054446511,0.0608462133,0.0615402721,0.0711025223,0.0669798627,-0.0441283435,0.0821232274,0.0707972273,0.0583488531,-0.00830165017,-0.00108433247,0.0692056194,-0.351183772,0.0742928386,-0.201971471,-0.0236438885,0.0335958041,0.0053275791,-0.0105093094,-0.424493194,-0.405009478,0.0830665231,-0.279744476,-0.0886341035,-0.0206280202,-0.0203048605,-0.0152737107,0.092506662,0.149526089,-0.202669054,0.274240583,1.35568094,1.43693233,0.022516083,0.0242352448,-0.150299653,0.223576769,-0.272102624,0.54034704,1.46697533,0.830186486,0.0556295179,0.049889978,-0.376200438,-0.145250425,-0.0292348322,-0.162298292,0.182150662,0.244705886,0.114520282,0.050183624,0.0320514552,-0.117429145,-0.0844323263,-0.108986534,0.257686406,0.217127606,0.174560145,0.120795123,0.00811361521
C1-PREPROC-P3-SPLIT_MEAN,GOLD-MODEL-C1-B6-R00523,-0.421220243,1.16218328,-0.311543941,-0.277873755,-0.152711585,0.347532332,0.291646898,0.183315456,-0.381924003,1.55936682,-0.232027441,-0.196642488,-0.113524646,0.271818519,0.178004488,0.00905469712,0.711809278,-0.324679762,1.13826931,1.33248544,1.33711743,-0.650437951,-0.784856617,-3.04868627,0.797606111,-0.376101792,1.09511483,1.26736915,1.74171042,-0.734450161,-0.843092144,-2.4942987,-0.379701048,-0.911521554,0.277133256,1.06199992,2.51714373,0.454562694,0.2434185,-1.64655924,-0.437627703,-0.910394907,0.180206671,0.997822225,1.64548051,0.529068649,0.370789409,-1.09633803,1.13692224,-0.463409692,1.70296216,1.93748283,2.07030153,-0.876277387,-0.921228647,-2.57083774,1.26036584,-0.482054383,1.74906254,2.00089955,2.19035053,-0.968263388,-1.04551351,-2.97864938,-0.483585089,0.460103095,-0.424290985,-0.432699174,-0.299286485,0.47010392,0.432446748,0.255096167,-0.573629439,0.207070291,-0.558112383,-0.565528929,-0.484070897,0.580182672,0.53839457,0.370569795,0.914269865,-0.317954123,1.08337879,0.922571898,1.11697686,-0.733425975,-0.722546041,-1.99375105,0.954087555,-0.521401882,1.09225941,1.01099336,1.03420806,-0.874484241,-0.822559118,-1.74401271,0.707639754,-0.498747587,1.66428745,2.67857194,3.3968029,-0.30910033,-0.340725332,-1.23915207,0.650630057,-0.492235512,1.5948205,2.41773176,2.81467581,-0.277358949,-0.252623469,-1.15180027,1.27445745,-0.467260182,1.41024411,1.27031338,1.45125318,-0.880855262,-0.67500639,-1.73695302,1.33481824,-0.496736288,1.60554338,1.46950972,1.60953379,-0.953669548,-0.839032471,-1.88953698,11.0625725,10.1010914,4.40204763,-0.373372227,-11.0253553,-14.1669846,0.722743154,0.276323646,0.000925453904,7.80578102e-06,1.84636847e-10,7.97859868e-12,1,0.0328147411,0.116381124,0.0290311202,0.0282084886,0.0137994913,0.00379926595,0.00819930807,0.0334578604,0.0503203832,0.150549486,0.0444942191,0.0476424135,0.0225126818,0.0210507344,0.0187227968,0.00208675419,-0.20041509,0.0572084971,-0.198290288,-0.0296669472,-0.0125943152,0.0322907045,0.00187906856,-0.108839825,-0.362433523,0.1099656,-0.306572586,-0.128122225,-0.0916531309,-0.0144456457,-0.0609337874,-0.458796412,-0.0253500994,-0.311050028,0.00885926373,0.248352408,-0.595693529,0.00816241186,0.00897772145,-0.26855436,-0.0531917848,-0.35908854,0.0141039267,0.320599914,0.355974287,0.00878686085,0.00986197218,-0.0318956748,0.119734615,-0.0810853839,0.0659461617,0.44632405,0.466685027,0.256702423,0.205062419,0.20227927,0.058794979,-0.0395302624,-0.00920380279,0.413083524,0.40045169,0.24585107,0.208716318,0.113532491,0.0984654427,-0.126774892,0.0933373421,0.0952376649,0.054446511,0.0608462058,0.0615402758,0.0711025223,0.0669798702,-0.0441283584,0.0821232274,0.0707972348,0.0583488494,-0.00830165017,-0.00108433247,0.0692056045,-0.351183712,0.0742928535,-0.201971442,-0.0236438904,0.0335958079,0.0053275791,-0.0105093122,-0.424493164,-0.405009449,0.0830665231,-0.279744506,-0.0886340961,-0.0206280164,-0.0203048587,-0.0152737126,0.092506662,0.149526089,-0.202669054,0.274240583,1.35568118,1.43693244,0.0225160886,0.0242352467,-0.150299609,0.223576754,-0.272102535,0.540347099,1.46697533,0.830186486,0.0556295291,0.0498899855,-0.376200467,-0.14525044,-0.0292348359,-0.162298292,0.182150632,0.244705886,0.114520274,0.0501836166,0.0320514552,-0.11742916,-0.0844323039,-0.108986542,0.257686406,0.217127621,0.174560159,0.120795116,0.00811361521
C1-PREPROC-P4-COMPENSATED,GOLD-MODEL-C1-B6-R00523,-0.421220273,1.16218328,-0.311543912,-0.277873755,-0.152711585,0.347532362,0.291646868,0.183315456,-0.381924003,1.5593667,-0.232027441,-0.196642488,-0.113524646,0.271818519,0.178004488,0.00905469712,0.711809218,-0.324679732,1.13826919,1.33248556,1.33711755,-0.650437951,-0.784856558,-3.04868627,0.797606051,-0.376101822,1.09511483,1.26736915,1.74171031,-0.734450221,-0.843092144,-2.49429893,-0.379701048,-0.911521554,0.277133256,1.06199992,2.51714373,0.454562664,0.243418515,-1.64655924,-0.437627703,-0.910394907,0.180206671,0.997822285,1.64548039,0.529068649,0.370789379,-1.09633803,1.13692224,-0.463409692,1.70296228,1.93748271,2.07030153,-0.876277387,-0.921228588,-2.57083774,1.26036584,-0.482054383,1.74906266,2.00089979,2.19035053,-0.968263328,-1.04551351,-2.97864962,-0.483585119,0.460103095,-0.424290985,-0.432699203,-0.299286455,0.470103949,0.432446748,0.255096167,-0.573629379,0.207070276,-0.558112383,-0.565528929,-0.484070897,0.580182672,0.53839457,0.370569795,0.914269865,-0.317954123,1.08337891,0.922571898,1.11697686,-0.733426034,-0.722545981,-1.99375105,0.954087615,-0.521401882,1.09225941,1.01099336,1.03420806,-0.874484301,-0.822559178,-1.74401271,0.707639754,-0.498747587,1.66428745,2.6785717,3.3968029,-0.30910033,-0.340725332,-1.23915219,0.650630057,-0.492235512,1.59482038,2.41773176,2.81467581,-0.277358949,-0.252623469,-1.15180027,1.27445745,-0.467260182,1.41024423,1.2703135,1.45125318,-0.880855262,-0.67500639,-1.73695302,1.33481812,-0.496736288,1.60554338,1.46950972,1.60953367,-0.953669548,-0.839032471,-1.88953698,11.0625725,10.1010914,4.40204763,-0.373372227,-11.0253553,-14.1669836,0.722743154,0.276323646,0.000925453904,7.80578102e-06,1.84636847e-10,7.97859868e-12,1,0.0328147449,0.116381124,0.0290311165,0.0282084886,0.0137994913,0.00379926641,0.00819930714,0.0334578604,0.0503203832,0.150549471,0.0444942191,0.0476424135,0.0225126818,0.0210507344,0.0187227968,0.00208675419,-0.200415075,0.0572084934,-0.198290274,-0.0296669491,-0.0125943162,0.0322907045,0.00187906832,-0.108839825,-0.362433493,0.109965608,-0.306572586,-0.128122225,-0.0916531235,-0.0144456467,-0.0609337874,-0.458796471,-0.0253500994,-0.311050028,0.00885926373,0.248352408,-0.595693529,0.00816241186,0.00897772238,-0.26855436,-0.0531917848,-0.35908854,0.0141039267,0.320599943,0.355974257,0.00878686085,0.00986197125,-0.0318956748,0.119734615,-0.0810853839,0.0659461692,0.446324021,0.466685027,0.256702423,0.205062404,0.20227927,0.058794979,-0.0395302624,-0.00920380279,0.413083583,0.40045169,0.245851055,0.208716318,0.113532498,0.0984654501,-0.126774892,0.0933373421,0.0952376723,0.0544465072,0.0608462095,0.0615402758,0.0711025223,0.0669798627,-0.0441283546,0.0821232274,0.0707972348,0.0583488494,-0.00830165017,-0.00108433247,0.0692056045,-0.351183712,0.0742928535,-0.201971471,-0.0236438904,0.0335958079,0.00532757957,-0.0105093112,-0.424493164,-0.405009478,0.0830665231,-0.279744506,-0.0886340961,-0.0206280164,-0.0203048605,-0.0152737135,0.092506662,0.149526089,-0.202669054,0.274240583,1.35568106,1.43693244,0.0225160886,0.0242352467,-0.150299624,0.223576754,-0.272102535,0.54034704,1.46697533,0.830186486,0.0556295291,0.0498899855,-0.376200467,-0.14525044,-0.0292348359,-0.162298307,0.182150647,0.244705886,0.114520274,0.0501836166,0.0320514552,-0.117429145,-0.0844323039,-0.108986542,0.257686406,0.217127606,0.174560159,0.120795116,0.00811361521
C1-PREPROC-P0-BASELINE,GOLD-MODEL-C1-B6-R00677,-0.295238853,-0.42837593,-0.0988171995,-0.00298141153,0.286845386,0.0883275494,0.0204786919,-0.193814605,-0.361765891,-0.508935928,-0.180024862,-0.1172226,0.354628682,0.0852883086,-0.0376078784,-0.17185238,0.387929291,-0.759061277,0.915587544,1.29452705,1.55634546,-0.641342223,-0.770749271,-2.27859449,0.467267126,-0.840372324,0.913974464,1.20740879,1.75005221,-0.770430028,-0.878061235,-2.88628578,-0.269184858,-1.0082407,0.524910152,1.18116283,2.27479482,0.170252427,-0.142673761,-1.6495415,-0.441138685,-1.07191825,0.163607135,0.753028452,1.40688622,0.367229193,0.19262825,-1.55683398,1.01307547,-0.831466675,1.82810366,2.13524485,2.45313048,-1.10340977,-1.26146364,-3.0509429,1.07485998,-0.841561973,1.80478811,2.22956157,2.61822104,-1.16958642,-1.30622625,-3.36504102,-0.339806825,-0.404834062,-0.172493696,-0.140938789,0.151134476,0.178253323,0.125641063,-0.170858294,-0.44113031,-0.357293904,-0.361170948,-0.34694761,-0.144545659,0.326546758,0.282129854,0.0884816572,0.680944145,-0.770206571,1.09508479,1.1257447,1.23528409,-0.838130474,-0.866220593,-1.86608303,0.813727736,-0.972158909,1.25219107,1.43725061,1.54048836,-1.13486254,-1.15124738,-2.06538749,0.802999794,-0.835230291,2.0480628,3.15631366,3.7382338,-0.668163538,-0.696655273,-1.69796193,0.617252409,-0.910742164,1.6430105,2.51134419,2.99923182,-0.526868343,-0.497453958,-1.59665191,1.22730172,-0.792879164,1.84654236,1.88870847,2.10394454,-1.18957639,-1.18182766,-2.03102684,1.38204718,-0.850105464,2.0846436,2.09427071,2.54916167,-1.3477515,-1.29432082,-2.37485194,11.7922039,11.9327021,4.99303961,-2.034899,-8.76059437,-17.9224567,0.464692086,0.534789443,0.000517995213,4.59336434e-07,5.51059365e-10,5.7843121e-14,2,0.0897063613,0.24505578,0.0193456523,0.00050224294,-0.0438305251,0.0238635261,0.00478071626,-0.0188124198,0.124780759,0.317866445,0.0374487303,0.0184756257,-0.0480624922,0.0282117967,-0.0111671956,-0.0212345514,0.050155811,-0.312848985,0.307080567,0.297033787,0.224134788,0.235644192,0.279229224,0.149119705,-0.00268318434,-0.264890432,0.268165052,0.239560008,0.192709595,0.266634673,0.315485716,0.577659667,0.112271026,0.541961849,-0.00199960917,-0.0696227625,0.316879004,0.0260436889,-0.00807979517,-0.325281292,0.179064751,0.537701249,0.000334270444,-0.0654931888,-0.128257319,0.0529531687,0.0125938142,-0.224266395,0.022125816,-0.398708969,0.506696224,0.269369394,0.0919168442,0.295713603,0.379208565,0.518105447,-0.0200659875,-0.430526912,0.457192212,0.175997809,0.0965224355,0.325683594,0.392122716,0.300634027,0.112629779,0.209013596,0.0344459973,0.0233219266,-0.0240330137,0.056655746,0.0361669138,-0.0229622405,0.154022187,0.192426383,0.082428515,0.0693931058,0.0286242757,0.11572732,0.0896427855,0.0136570092,0.06513796,-0.263471961,0.343257338,0.246325076,0.158827588,0.281829387,0.281318694,0.382595509,-0.0971199647,-0.155627236,0.309260368,0.247578666,0.152344599,0.246163473,0.261705488,-0.179344222,-0.39486444,0.387835205,-0.084575586,-0.592676818,-0.200223342,-0.131731361,-0.0990769863,-0.377911806,-0.296701074,0.404900372,-0.0632585883,-0.318240821,0.248411119,-0.0997652709,-0.0571826734,-0.32420224,-0.00227673142,-0.384007424,0.530550659,0.187503368,0.0853610709,0.322107404,0.365354985,0.240918055,-0.0769039467,-0.334237725,0.576996148,0.268814981,0.298547357,0.297368437,0.334930778,0.130288005
C1-PREPROC-P1-RECIPROCAL,GOLD-MODEL-C1-B6-R00677,-0.295238882,-0.42837593,-0.098817192,-0.00298141129,0.286845386,0.0883275568,0.0204786919,-0.19381462,-0.361765862,-0.508935928,-0.180024862,-0.1172226,0.354628712,0.085288316,-0.0376078784,-0.17185238,0.387929261,-0.759061277,0.915587544,1.29452717,1.55634546,-0.641342223,-0.770749211,-2.27859449,0.467267096,-0.840372384,0.913974464,1.20740879,1.75005209,-0.770430088,-0.878061235,-2.88628602,-0.269184828,-1.0082407,0.524910152,1.18116283,2.27479482,0.170252413,-0.142673761,-1.6495415,-0.441138715,-1.07191825,0.163607135,0.753028393,1.4068861,0.367229193,0.19262825,-1.55683386,1.01307547,-0.831466675,1.82810366,2.13524485,2.45313048,-1.10340977,-1.26146364,-3.0509429,1.07485998,-0.841562033,1.80478823,2.22956157,2.61822104,-1.16958642,-1.30622625,-3.36504102,-0.339806855,-0.404834062,-0.172493696,-0.140938804,0.151134461,0.178253323,0.125641048,-0.170858294,-0.44113031,-0.357293874,-0.361170948,-0.346947581,-0.144545659,0.326546788,0.282129884,0.0884816572,0.680944145,-0.770206571,1.09508479,1.1257447,1.23528409,-0.838130534,-0.866220593,-1.86608315,0.813727736,-0.972158909,1.25219107,1.43725061,1.54048824,-1.13486254,-1.15124726,-2.06538749,0.802999794,-0.835230291,2.0480628,3.15631366,3.7382338,-0.668163538,-0.696655273,-1.69796205,0.61725235,-0.910742164,1.6430105,2.51134419,2.99923158,-0.526868284,-0.497453958,-1.59665191,1.22730172,-0.792879164,1.84654236,1.88870847,2.10394454,-1.18957627,-1.18182766,-2.03102684,1.38204718,-0.850105405,2.0846436,2.09427071,2.54916143,-1.34775138,-1.29432094,-2.37485194,11.792201,11.932704,4.99303961,-2.03489852,-8.76059437,-17.9224567,0.464690924,0.534790695,0.000517995388,4.59336604e-07,5.51059587e-10,5.78432498e-14,2,0.0897063687,0.24505578,0.0193456504,0.000502242881,-0.0438305251,0.0238635279,0.00478071626,-0.0188124217,0.124780744,0.317866445,0.0374487303,0.0184756257,-0.0480624959,0.0282117985,-0.0111671956,-0.0212345514,0.0501558073,-0.312848985,0.307080567,0.297033817,0.224134788,0.235644192,0.279229194,0.149119705,-0.00268318411,-0.264890462,0.268165052,0.239560008,0.19270958,0.266634703,0.315485716,0.577659726,0.112271011,0.541961849,-0.00199960917,-0.0696227625,0.316879004,0.026043687,-0.00807979517,-0.325281292,0.179064766,0.537701249,0.000334270444,-0.0654931888,-0.128257319,0.0529531687,0.0125938142,-0.22426638,0.022125816,-0.398708969,0.506696224,0.269369394,0.0919168442,0.295713603,0.379208565,0.518105447,-0.0200659875,-0.430526942,0.457192242,0.175997809,0.0965224355,0.325683594,0.392122716,0.300634027,0.112629786,0.209013596,0.0344459973,0.0233219303,-0.0240330119,0.056655746,0.0361669101,-0.0229622405,0.154022187,0.192426369,0.082428515,0.0693930984,0.0286242757,0.115727328,0.0896427929,0.0136570092,0.06513796,-0.263471961,0.343257338,0.246325076,0.158827588,0.281829417,0.281318694,0.382595539,-0.0971199647,-0.155627236,0.309260368,0.247578666,0.152344584,0.246163473,0.261705458,-0.179344222,-0.39486444,0.387835205,-0.084575586,-0.592676818,-0.200223342,-0.131731361,-0.0990769863,-0.377911836,-0.296701044,0.404900372,-0.0632585883,-0.318240821,0.248411104,-0.0997652635,-0.0571826734,-0.32420224,-0.00227673142,-0.384007424,0.530550659,0.187503368,0.0853610709,0.322107375,0.365354985,0.240918055,-0.0769039467,-0.334237695,0.576996148,0.268814981,0.298547328,0.297368407,0.334930807,0.130288005
C1-PREPROC-P2-AFFINE,GOLD-MODEL-C1-B6-R00677,-0.295238853,-0.42837584,-0.0988172293,-0.00298148394,0.286845386,0.088327527,0.0204787254,-0.193814635,-0.361765862,-0.508935869,-0.180024862,-0.117222667,0.354628742,0.0852883458,-0.0376079082,-0.17185235,0.387929201,-0.759061158,0.915587664,1.29452729,1.55634546,-0.641342163,-0.770749211,-2.27859449,0.467267156,-0.840372384,0.913974643,1.20740891,1.75005221,-0.770430207,-0.878061295,-2.88628602,-0.269184828,-1.00824082,0.524910331,1.18116283,2.27479506,0.170252562,-0.142673731,-1.64954162,-0.441138625,-1.07191837,0.163607121,0.753028393,1.40688598,0.367229104,0.192628264,-1.55683374,1.01307547,-0.831466615,1.82810354,2.13524485,2.45313025,-1.10340953,-1.26146376,-3.0509429,1.0748601,-0.841562033,1.80478835,2.22956133,2.61822128,-1.16958654,-1.30622625,-3.36504078,-0.339806855,-0.404834092,-0.172493756,-0.140938759,0.151134491,0.178253353,0.125640988,-0.170858264,-0.44113031,-0.357293963,-0.361170888,-0.34694761,-0.144545734,0.326546788,0.282129884,0.0884817243,0.680944324,-0.77020663,1.09508479,1.1257447,1.23528409,-0.838130593,-0.866220474,-1.86608326,0.813727736,-0.972158849,1.25219095,1.43725061,1.54048812,-1.13486242,-1.15124738,-2.06538773,0.802999854,-0.83523035,2.0480628,3.15631366,3.7382338,-0.6681633,-0.696655154,-1.69796228,0.617252469,-0.910742283,1.6430105,2.51134443,2.99923182,-0.526868343,-0.497453928,-1.59665179,1.22730172,-0.792879105,1.84654248,1.88870871,2.1039443,-1.18957639,-1.18182766,-2.03102684,1.38204718,-0.850105524,2.08464384,2.09427071,2.54916143,-1.34775126,-1.29432094,-2.3748517,11.7922029,11.932704,4.99304056,-2.03489876,-8.76059532,-17.9224567,0.464691401,0.534790218,0.000517995446,4.59336178e-07,5.51059087e-10,5.78432023e-14,2,0.0897063613,0.245055735,0.0193456579,0.000502255105,-0.0438305251,0.0238635186,0.00478072371,-0.0188124236,0.124780744,0.317866415,0.0374487303,0.018475635,-0.0480624996,0.0282118078,-0.0111672049,-0.0212345477,0.0501557998,-0.312848926,0.307080626,0.297033846,0.224134788,0.235644162,0.279229194,0.149119705,-0.00268318434,-0.264890462,0.268165112,0.239560023,0.192709595,0.266634732,0.315485746,0.577659726,0.112271011,0.541961908,-0.00199960964,-0.0696227625,0.316879034,0.0260437094,-0.0080797933,-0.325281322,0.179064736,0.537701309,0.000334270415,-0.0654931888,-0.128257304,0.0529531538,0.0125938151,-0.224266365,0.022125816,-0.39870894,0.506696165,0.269369394,0.0919168368,0.295713544,0.379208595,0.518105447,-0.0200659912,-0.430526942,0.457192272,0.175997794,0.096522443,0.325683624,0.392122716,0.300633997,0.112629786,0.209013611,0.0344460085,0.0233219229,-0.0240330156,0.0566557534,0.0361668915,-0.0229622368,0.154022187,0.192426428,0.0824285001,0.0693931058,0.0286242906,0.115727328,0.0896427929,0.0136570195,0.0651379749,-0.263471991,0.343257338,0.246325076,0.158827588,0.281829447,0.281318665,0.382595569,-0.0971199647,-0.155627236,0.309260339,0.247578666,0.15234457,0.246163458,0.261705488,-0.179344237,-0.39486447,0.387835205,-0.084575586,-0.592676818,-0.200223342,-0.131731316,-0.0990769714,-0.377911866,-0.296701103,0.404900432,-0.0632585883,-0.318240851,0.248411119,-0.0997652709,-0.0571826696,-0.32420221,-0.00227673142,-0.384007394,0.530550718,0.187503383,0.0853610635,0.322107404,0.365354985,0.240918055,-0.0769039467,-0.334237725,0.576996207,0.268814981,0.298547328,0.297368377,0.334930807,0.13028799
C1-PREPROC-P3-SPLIT_MEAN,GOLD-MODEL-C1-B6-R00677,-0.295238853,-0.42837587,-0.0988172144,-0.00298144668,0.286845356,0.0883275568,0.0204786975,-0.193814591,-0.361765862,-0.508935869,-0.180024832,-0.117222637,0.354628742,0.0852883235,-0.0376079045,-0.171852365,0.387929291,-0.759061217,0.915587544,1.29452705,1.55634546,-0.641342223,-0.770749211,-2.27859449,0.467267066,-0.840372324,0.913974464,1.20740879,1.75005221,-0.770430028,-0.878061235,-2.88628578,-0.269184887,-1.00824082,0.524910212,1.18116283,2.27479482,0.170252487,-0.142673776,-1.6495415,-0.441138625,-1.07191837,0.16360718,0.753028452,1.40688622,0.367229134,0.19262825,-1.55683398,1.01307547,-0.831466556,1.82810366,2.13524485,2.45313048,-1.10340977,-1.26146364,-3.0509429,1.07485998,-0.841561973,1.80478811,2.22956157,2.61822104,-1.16958642,-1.30622625,-3.36504102,-0.339806825,-0.404834032,-0.172493696,-0.140938744,0.151134506,0.178253308,0.125641018,-0.170858279,-0.44113028,-0.357293963,-0.361170948,-0.34694761,-0.144545689,0.326546758,0.282129884,0.0884816647,0.680944145,-0.77020663,1.09508479,1.1257447,1.23528409,-0.838130474,-0.866220593,-1.86608303,0.813727677,-0.972158909,1.25219107,1.43725061,1.54048836,-1.13486254,-1.15124738,-2.06538749,0.802999794,-0.835230291,2.0480628,3.15631366,3.7382338,-0.668163478,-0.696655273,-1.69796193,0.617252409,-0.910742164,1.6430105,2.51134419,2.99923182,-0.526868343,-0.497453928,-1.59665191,1.22730172,-0.792879045,1.84654236,1.88870847,2.10394454,-1.18957639,-1.18182766,-2.03102684,1.38204718,-0.850105464,2.0846436,2.09427071,2.54916167,-1.3477515,-1.29432082,-2.37485194,11.7922039,11.932703,4.99303961,-2.034899,-8.76059437,-17.9224567,0.464691877,0.534789741,0.00051799498,4.59336206e-07,5.51058588e-10,5.78431481e-14,2,0.0897063613,0.24505575,0.0193456542,0.000502248877,-0.0438305214,0.0238635279,0.00478071719,-0.018812418,0.124780744,0.317866415,0.0374487229,0.0184756313,-0.0480624996,0.0282118004,-0.011167204,-0.0212345496,0.050155811,-0.312848955,0.307080567,0.297033787,0.224134788,0.235644192,0.279229194,0.149119705,-0.00268318388,-0.264890432,0.268165052,0.239560008,0.192709595,0.266634673,0.315485716,0.577659667,0.112271033,0.541961908,-0.00199960917,-0.0696227625,0.316879004,0.0260436982,-0.0080797961,-0.325281292,0.179064736,0.537701309,0.000334270531,-0.0654931888,-0.128257319,0.0529531613,0.0125938142,-0.224266395,0.022125816,-0.39870891,0.506696224,0.269369394,0.0919168442,0.295713603,0.379208565,0.518105447,-0.0200659875,-0.430526912,0.457192212,0.175997809,0.0965224355,0.325683594,0.392122716,0.300634027,0.112629779,0.209013581,0.0344459973,0.0233219191,-0.0240330175,0.0566557422,0.0361668989,-0.0229622386,0.154022172,0.192426428,0.082428515,0.0693931058,0.0286242813,0.11572732,0.0896427929,0.0136570102,0.06513796,-0.263471991,0.343257338,0.246325076,0.158827588,0.281829387,0.281318694,0.382595509,-0.0971199572,-0.155627236,0.309260368,0.247578666,0.152344599,0.246163473,0.261705488,-0.179344222,-0.39486444,0.387835205,-0.084575586,-0.592676818,-0.200223342,-0.131731346,-0.0990769863,-0.377911806,-0.296701074,0.404900372,-0.0632585883,-0.318240821,0.248411119,-0.0997652709,-0.0571826696,-0.32420224,-0.00227673142,-0.384007394,0.530550659,0.187503368,0.0853610709,0.322107404,0.365354985,0.240918055,-0.0769039467,-0.334237725,0.576996148,0.268814981,0.298547357,0.297368437,0.334930778,0.130288005
C1-PREPROC-P4-COMPENSATED,GOLD-MODEL-C1-B6-R00677,-0.295238882,-0.4283759,-0.0988172069,-0.00298144692,0.286845356,0.0883275643,0.0204786975,-0.193814591,-0.361765832,-0.508935869,-0.180024832,-0.117222629,0.354628742,0.0852883235,-0.0376079045,-0.171852365,0.387929261,-0.759061217,0.915587544,1.29452717,1.55634546,-0.641342223,-0.770749152,-2.27859449,0.467267066,-0.840372384,0.913974404,1.20740879,1.75005209,-0.770430088,-0.878061235,-2.88628602,-0.269184858,-1.00824082,0.524910212,1.18116283,2.27479482,0.170252472,-0.142673776,-1.6495415,-0.441138625,-1.07191837,0.16360718,0.753028452,1.4068861,0.367229104,0.19262825,-1.55683398,1.01307547,-0.831466556,1.82810378,2.13524485,2.45313048,-1.10340965,-1.26146364,-3.0509429,1.07485998,-0.841562033,1.80478823,2.22956157,2.61822104,-1.16958642,-1.30622625,-3.36504102,-0.339806855,-0.404834062,-0.172493711,-0.140938744,0.151134491,0.178253308,0.125641018,-0.170858279,-0.44113028,-0.357293934,-0.361170948,-0.346947581,-0.144545689,0.326546758,0.282129884,0.0884816647,0.680944145,-0.77020663,1.09508491,1.1257447,1.23528409,-0.838130534,-0.866220593,-1.86608303,0.813727677,-0.972158909,1.25219107,1.43725061,1.54048824,-1.13486254,-1.15124726,-2.06538749,0.802999794,-0.835230291,2.0480628,3.15631366,3.7382338,-0.668163478,-0.696655273,-1.69796193,0.61725235,-0.910742164,1.6430105,2.51134419,2.99923158,-0.526868284,-0.497453958,-1.59665191,1.22730184,-0.792879105,1.84654236,1.88870847,2.10394454,-1.18957627,-1.18182766,-2.03102684,1.38204718,-0.850105464,2.0846436,2.09427071,2.54916143,-1.34775138,-1.29432094,-2.37485194,11.792201,11.932703,4.99303961,-2.03489852,-8.76059437,-17.9224567,0.464691132,0.534790397,0.000517995621,4.59336775e-07,5.51059309e-10,5.78432227e-14,2,0.0897063687,0.245055765,0.0193456523,0.000502248877,-0.0438305214,0.0238635298,0.00478071719,-0.018812418,0.124780737,0.317866415,0.0374487229,0.0184756294,-0.0480624996,0.0282118004,-0.011167204,-0.0212345496,0.0501558073,-0.312848955,0.307080567,0.297033817,0.224134788,0.235644192,0.279229164,0.149119705,-0.00268318388,-0.264890462,0.268165052,0.239560008,0.19270958,0.266634703,0.315485716,0.577659726,0.112271026,0.541961908,-0.00199960917,-0.0696227625,0.316879004,0.0260436963,-0.0080797961,-0.325281292,0.179064736,0.537701309,0.000334270531,-0.0654931888,-0.128257319,0.0529531538,0.0125938142,-0.224266395,0.022125816,-0.39870891,0.506696224,0.269369394,0.0919168442,0.295713574,0.379208565,0.518105447,-0.0200659875,-0.430526942,0.457192242,0.175997809,0.0965224355,0.325683594,0.392122716,0.300634027,0.112629786,0.209013596,0.0344459973,0.0233219191,-0.0240330156,0.0566557422,0.0361668989,-0.0229622386,0.154022172,0.192426398,0.082428515,0.0693930984,0.0286242813,0.11572732,0.0896427929,0.0136570102,0.06513796,-0.263471991,0.343257368,0.246325076,0.158827588,0.281829417,0.281318694,0.382595509,-0.0971199572,-0.155627236,0.309260368,0.247578666,0.152344584,0.246163473,0.261705458,-0.179344222,-0.39486444,0.387835205,-0.084575586,-0.592676818,-0.200223342,-0.131731346,-0.0990769863,-0.377911806,-0.296701044,0.404900372,-0.0632585883,-0.318240821,0.248411104,-0.0997652635,-0.0571826734,-0.32420224,-0.00227673142,-0.384007394,0.530550659,0.187503368,0.0853610709,0.322107375,0.365354985,0.240918055,-0.0769039467,-0.334237725,0.576996148,0.268814981,0.298547328,0.297368407,0.334930807,0.130288005
C1-PREPROC-P0-BASELINE,GOLD-MODEL-C1-B6-R00926,-0.582475424,-0.710265398,-0.536729157,-0.528753102,-0.273040593,0.500005305,0.45642814,0.258633435,-0.614996612,-0.750945866,-0.555656552,-0.542252719,-0.242737502,0.513150275,0.467367738,0.193315044,2.60833025,-0.0584475324,4.4129076,6.56516314,6.25143337,-2.76339722,-3.10527134,-6.17922163,2.93201613,-0.0681327879,4.42790365,6.12598896,5.94849253,-3.16747808,-3.38401318,-6.17680168,-0.533858001,-1.14641643,0.0484884977,0.675914168,2.02444887,0.431727439,0.229161799,-1.41540384,-0.487522513,-1.09416378,-0.105511256,0.561730802,1.32588816,0.424332619,0.280174345,-1.34903038,2.51275682,-0.470216781,4.27678156,6.87915945,6.89216614,-2.41101503,-2.76915336,-5.56814718,2.89653158,-0.461769968,4.61372185,7.12849236,7.50462151,-2.72331572,-3.01041198,-6.09603214,-0.742012024,-0.86080116,-0.734925628,-0.746479392,-0.583535433,0.71717912,0.683891177,0.434702963,-0.766754866,-0.852497339,-0.76995033,-0.777510583,-0.617823184,0.750959396,0.712231576,0.494828969,2.49682021,-0.185324505,3.91320157,5.40826607,5.31603718,-2.4081738,-2.392272,-4.45164919,3.05677366,-0.292084128,4.24012375,6.02559137,5.35178423,-3.34447289,-3.38848543,-5.00479984,1.06688416,-0.699002624,1.91817772,2.89096069,3.731148,-1.02522337,-1.13693166,-1.93409169,1.18888116,-0.617548585,2.06473064,3.07757068,3.56865978,-1.20805907,-1.34506166,-2.41251349,2.35450602,-0.537061989,3.84873962,6.20193243,7.10552788,-1.97618592,-1.92269289,-3.32031035,2.42184687,-0.592526317,3.85110664,6.13484716,7.30900049,-2.14756989,-2.1431632,-4.20945883,14.0010557,41.7283936,15.9543066,-4.60743904,-18.2660618,-48.8102341,9.08177179e-13,1,6.40407909e-12,7.52669653e-21,8.80521458e-27,4.78160871e-40,2,0.176981285,0.406312853,0.105076604,0.0890727416,0.0417211242,0.135086834,0.106552377,0.0251039956,0.212125421,0.469018757,0.115587547,0.0854652449,0.0328979827,0.169740632,0.138779089,0.0238865353,0.337233931,-0.0240892954,1.48005307,1.50639975,0.900290966,1.01533699,1.12498641,0.404391289,-0.0168364923,-0.0214758664,1.29917085,1.21544743,0.655027092,1.09621835,1.21586943,1.23622179,0.222660303,0.616235733,-0.000184713586,-0.0398412533,0.282005787,0.0660417899,0.0129777221,-0.279110521,0.197892636,0.548860192,-0.000215573076,-0.04885545,-0.12087322,0.0611872822,0.0183174778,-0.194331691,0.0548792221,-0.225480646,1.18539727,0.867832601,0.258243978,0.646151543,0.832435131,0.945572436,-0.0540738031,-0.236232638,1.16875648,0.56271112,0.276662797,0.758335769,0.903710902,0.544621766,0.245941639,0.444426894,0.146760404,0.123524107,0.0927922949,0.227947041,0.196864247,0.0584212467,0.267715126,0.459126174,0.175722495,0.155510142,0.122347087,0.266138047,0.226301551,0.0763760954,0.238841578,-0.0633957312,1.22660375,1.18338692,0.683513522,0.809771478,0.776927769,0.912703753,-0.364831805,-0.0467580408,1.04720628,1.03795946,0.529257774,0.725450933,0.77028209,-0.434582829,-0.524626076,0.324578524,-0.079211928,-0.542850196,-0.199843824,-0.202127278,-0.161692262,-0.430466712,-0.571471751,0.274551541,-0.079495497,-0.389993787,0.29557395,-0.2287523,-0.15461576,-0.489863992,-0.00436777482,-0.260109991,1.10582435,0.615702868,0.288284898,0.535101473,0.594389081,0.39385137,-0.134763554,-0.232964784,1.06592488,0.787452519,0.856000125,0.473840684,0.554585278,0.230937332
C1-PREPROC-P1-RECIPROCAL,GOLD-MODEL-C1-B6-R00926,-0.582475483,-0.710265398,-0.536729097,-0.528753102,-0.273040593,0.500005305,0.456428111,0.258633465,-0.614996552,-0.750945866,-0.555656493,-0.542252719,-0.242737517,0.513150275,0.467367738,0.193315044,2.60833001,-0.0584475286,4.4129076,6.56516361,6.25143337,-2.76339722,-3.1052711,-6.17922163,2.93201613,-0.0681327879,4.42790365,6.12598896,5.94849253,-3.16747832,-3.38401318,-6.17680168,-0.533857942,-1.14641643,0.0484884977,0.675914168,2.02444863,0.431727409,0.229161784,-1.41540384,-0.487522542,-1.09416378,-0.105511256,0.561730802,1.32588804,0.424332589,0.280174345,-1.34903026,2.51275682,-0.470216781,4.27678156,6.87915897,6.89216614,-2.41101503,-2.76915336,-5.56814718,2.89653182,-0.461769998,4.61372232,7.12849236,7.50462151,-2.72331595,-3.01041198,-6.09603262,-0.742012024,-0.860801101,-0.734925568,-0.746479392,-0.583535433,0.717179179,0.683891118,0.434702963,-0.766754806,-0.852497339,-0.76995033,-0.777510583,-0.617823124,0.750959396,0.712231576,0.494828969,2.49682021,-0.185324505,3.91320181,5.40826607,5.31603718,-2.4081738,-2.39227176,-4.45164967,3.0567739,-0.292084098,4.24012375,6.02559137,5.35178423,-3.34447312,-3.38848519,-5.00479984,1.06688416,-0.699002624,1.9181776,2.89096069,3.731148,-1.02522337,-1.13693166,-1.93409181,1.18888116,-0.617548585,2.06473064,3.07757068,3.56865954,-1.20805907,-1.34506166,-2.41251349,2.35450602,-0.537061989,3.84873986,6.20193243,7.1055274,-1.97618592,-1.92269289,-3.32031035,2.42184687,-0.592526257,3.85110641,6.13484716,7.30900002,-2.14756989,-2.1431632,-4.20945883,14.0010548,41.7283897,15.9543066,-4.60743856,-18.2660618,-48.8102341,9.08178914e-13,1,6.40410338e-12,7.52672561e-21,8.80521458e-27,4.78163674e-40,2,0.1769813,0.406312853,0.105076589,0.0890727416,0.0417211242,0.135086834,0.10655237,0.0251039974,0.212125406,0.469018757,0.115587533,0.0854652449,0.0328979865,0.169740632,0.138779089,0.0238865353,0.337233901,-0.0240892936,1.48005307,1.50639987,0.900290966,1.01533699,1.12498629,0.404391289,-0.0168364923,-0.0214758664,1.29917085,1.21544743,0.655027092,1.09621835,1.21586943,1.23622179,0.222660288,0.616235733,-0.000184713586,-0.0398412533,0.282005757,0.0660417825,0.0129777212,-0.279110521,0.197892651,0.548860192,-0.000215573076,-0.04885545,-0.120873205,0.0611872785,0.0183174778,-0.194331676,0.0548792221,-0.225480646,1.18539727,0.867832541,0.258243978,0.646151543,0.832435131,0.945572436,-0.0540738106,-0.236232653,1.1687566,0.56271112,0.276662797,0.758335829,0.903710902,0.544621825,0.245941639,0.444426864,0.146760389,0.123524107,0.0927922949,0.227947056,0.196864232,0.0584212467,0.267715126,0.459126174,0.175722495,0.155510142,0.122347079,0.266138047,0.226301551,0.0763760954,0.238841578,-0.0633957312,1.22660387,1.18338692,0.683513522,0.809771478,0.77692771,0.912703872,-0.364831835,-0.0467580371,1.04720628,1.03795946,0.529257774,0.725450993,0.77028203,-0.434582829,-0.524626076,0.324578524,-0.0792119205,-0.542850196,-0.199843824,-0.202127278,-0.161692262,-0.430466712,-0.571471751,0.274551541,-0.079495497,-0.389993787,0.29557392,-0.2287523,-0.15461576,-0.489863992,-0.00436777482,-0.260109991,1.10582435,0.615702868,0.288284898,0.535101473,0.594389081,0.39385137,-0.134763554,-0.232964769,1.06592488,0.787452519,0.856000066,0.473840684,0.554585278,0.230937332
C1-PREPROC-P2-AFFINE,GOLD-MODEL-C1-B6-R00926,-0.582475424,-0.710265338,-0.536729157,-0.528753161,-0.273040652,0.500005245,0.45642814,0.258633435,-0.614996552,-0.750945807,-0.555656552,-0.542252779,-0.242737532,0.513150334,0.467367709,0.193315059,2.60833025,-0.058447361,4.41290808,6.56516361,6.25143337,-2.76339722,-3.10527134,-6.17922163,2.93201637,-0.0681327581,4.42790413,6.12598896,5.94849253,-3.16747856,-3.38401318,-6.17680168,-0.533858001,-1.14641654,0.0484886169,0.675914049,2.02444887,0.431727529,0.229161859,-1.41540384,-0.487522364,-1.09416389,-0.105511308,0.561730742,1.32588804,0.4243325,0.280174375,-1.34903026,2.51275682,-0.470216751,4.27678108,6.87915945,6.89216614,-2.41101456,-2.76915359,-5.56814671,2.89653182,-0.461770058,4.61372232,7.12849236,7.50462103,-2.72331572,-3.01041198,-6.09603262,-0.742012024,-0.86080122,-0.734925628,-0.746479332,-0.583535433,0.717179179,0.683891058,0.434702963,-0.766754806,-0.852497339,-0.769950211,-0.777510524,-0.617823243,0.750959396,0.712231576,0.494828999,2.49682045,-0.18532455,3.91320181,5.40826559,5.31603718,-2.40817356,-2.39227176,-4.45164967,3.05677366,-0.292084098,4.24012375,6.02559137,5.35178423,-3.34447289,-3.38848543,-5.00479937,1.06688416,-0.699002624,1.91817772,2.89096045,3.731148,-1.02522326,-1.13693154,-1.93409204,1.18888128,-0.617548704,2.06473064,3.07757044,3.56865978,-1.20805907,-1.34506166,-2.41251326,2.35450602,-0.53706193,3.8487401,6.20193291,7.10552788,-1.9761858,-1.92269313,-3.32031012,2.42184663,-0.592526436,3.85110617,6.13484716,7.30900049,-2.14757013,-2.1431632,-4.20945883,14.0010548,41.7283936,15.9543047,-4.60743904,-18.2660618,-48.8102379,9.08175445e-13,1,6.40405437e-12,7.52669653e-21,8.80521458e-27,4.78156667e-40,2,0.176981285,0.406312823,0.105076604,0.0890727565,0.0417211354,0.13508682,0.106552377,0.0251039956,0.212125406,0.469018728,0.115587547,0.0854652524,0.0328979902,0.169740647,0.138779074,0.0238865372,0.337233931,-0.0240892246,1.48005331,1.50639987,0.900290966,1.01533699,1.12498641,0.404391289,-0.0168364942,-0.0214758571,1.29917109,1.21544743,0.655027092,1.09621847,1.21586943,1.23622179,0.222660303,0.616235793,-0.000184714052,-0.0398412459,0.282005787,0.0660418049,0.0129777258,-0.279110521,0.197892576,0.548860252,-0.000215573178,-0.0488554426,-0.120873205,0.0611872673,0.0183174796,-0.194331676,0.0548792221,-0.225480631,1.18539703,0.867832601,0.258243978,0.646151423,0.832435191,0.945572376,-0.0540738106,-0.236232683,1.1687566,0.56271112,0.276662767,0.758335769,0.903710902,0.544621825,0.245941639,0.444426924,0.146760404,0.1235241,0.0927922949,0.227947056,0.196864218,0.0584212467,0.267715126,0.459126174,0.175722465,0.155510142,0.122347102,0.266138047,0.226301551,0.0763761029,0.238841608,-0.0633957461,1.22660387,1.1833868,0.683513522,0.809771419,0.77692771,0.912703872,-0.364831805,-0.0467580371,1.04720628,1.03795946,0.529257774,0.725450933,0.77028209,-0.4345828,-0.524626076,0.324578524,-0.079211928,-0.542850137,-0.199843824,-0.202127248,-0.161692247,-0.430466771,-0.57147181,0.27455157,-0.079495497,-0.389993757,0.29557395,-0.2287523,-0.15461576,-0.489863962,-0.00436777482,-0.260109961,1.10582447,0.615702927,0.288284898,0.535101473,0.594389141,0.39385134,-0.134763539,-0.232964844,1.06592476,0.787452519,0.856000125,0.473840743,0.554585278,0.230937332
C1-PREPROC-P3-SPLIT_MEAN,GOLD-MODEL-C1-B6-R00926,-0.582475424,-0.710265338,-0.536729157,-0.528753161,-0.273040622,0.500005305,0.45642814,0.258633465,-0.614996612,-0.750945807,-0.555656493,-0.542252779,-0.242737472,0.513150275,0.467367709,0.193315059,2.60833025,-0.0584475063,4.4129076,6.56516314,6.25143337,-2.76339722,-3.10527134,-6.17922163,2.93201613,-0.0681327581,4.42790365,6.12598896,5.94849253,-3.16747808,-3.38401318,-6.17680168,-0.533858001,-1.14641654,0.0484885275,0.675914228,2.02444887,0.431727499,0.229161769,-1.41540384,-0.487522483,-1.09416389,-0.105511226,0.561730862,1.32588816,0.424332529,0.280174345,-1.34903038,2.51275682,-0.470216721,4.27678156,6.87915945,6.89216614,-2.41101503,-2.76915336,-5.56814718,2.89653158,-0.461770028,4.61372185,7.12849236,7.50462151,-2.72331572,-3.01041198,-6.09603214,-0.742012024,-0.860801101,-0.734925628,-0.746479332,-0.583535433,0.71717912,0.683891177,0.434702963,-0.766754866,-0.852497399,-0.76995033,-0.777510583,-0.617823184,0.750959396,0.712231576,0.494828969,2.49682021,-0.185324565,3.91320157,5.40826607,5.31603718,-2.4081738,-2.392272,-4.45164919,3.05677366,-0.292084098,4.24012375,6.02559137,5.35178423,-3.34447289,-3.38848543,-5.00479984,1.06688416,-0.699002624,1.91817772,2.89096069,3.731148,-1.02522326,-1.13693166,-1.93409169,1.18888116,-0.617548585,2.06473064,3.07757068,3.56865978,-1.20805907,-1.34506166,-2.41251349,2.35450602,-0.53706193,3.84873962,6.20193243,7.10552788,-1.97618592,-1.92269289,-3.32031035,2.42184687,-0.592526317,3.85110664,6.13484716,7.30900049,-2.14756989,-2.1431632,-4.20945883,14.0010557,41.7283936,15.9543066,-4.60743904,-18.2660618,-48.8102341,9.08177179e-13,1,6.40407909e-12,7.52669653e-21,8.80521458e-27,4.78160871e-40,2,0.176981285,0.406312823,0.105076604,0.0890727565,0.0417211317,0.135086834,0.106552377,0.0251039974,0.212125421,0.469018728,0.115587533,0.0854652524,0.032897979,0.169740632,0.138779074,0.0238865372,0.337233931,-0.0240892842,1.48005307,1.50639975,0.900290966,1.01533699,1.12498641,0.404391289,-0.0168364923,-0.0214758571,1.29917085,1.21544743,0.655027092,1.09621835,1.21586943,1.23622179,0.222660303,0.616235793,-0.000184713703,-0.039841257,0.282005787,0.0660417974,0.0129777202,-0.279110521,0.197892621,0.548860252,-0.000215573018,-0.0488554537,-0.12087322,0.061187271,0.0183174778,-0.194331691,0.0548792221,-0.225480616,1.18539727,0.867832601,0.258243978,0.646151543,0.832435131,0.945572436,-0.0540738031,-0.236232668,1.16875648,0.56271112,0.276662797,0.758335769,0.903710902,0.544621766,0.245941639,0.444426864,0.146760404,0.1235241,0.0927922949,0.227947041,0.196864247,0.0584212467,0.267715126,0.459126204,0.175722495,0.155510142,0.122347087,0.266138047,0.226301551,0.0763760954,0.238841578,-0.0633957535,1.22660375,1.18338692,0.683513522,0.809771478,0.776927769,0.912703753,-0.364831805,-0.0467580371,1.04720628,1.03795946,0.529257774,0.725450933,0.77028209,-0.434582829,-0.524626076,0.324578524,-0.079211928,-0.542850196,-0.199843824,-0.202127248,-0.161692262,-0.430466712,-0.571471751,0.274551541,-0.079495497,-0.389993787,0.29557395,-0.2287523,-0.15461576,-0.489863992,-0.00436777482,-0.260109961,1.10582435,0.615702868,0.288284898,0.535101473,0.594389081,0.39385137,-0.134763554,-0.232964784,1.06592488,0.787452519,0.856000125,0.473840684,0.554585278,0.230937332
C1-PREPROC-P4-COMPENSATED,GOLD-MODEL-C1-B6-R00926,-0.582475483,-0.710265398,-0.536729097,-0.528753102,-0.273040652,0.500005305,0.456428111,0.258633465,-0.614996552,-0.750945747,-0.555656493,-0.542252779,-0.242737472,0.513150275,0.467367709,0.193315059,2.60833001,-0.0584475063,4.4129076,6.56516314,6.25143337,-2.76339722,-3.1052711,-6.17922163,2.93201613,-0.0681327656,4.42790365,6.12598896,5.94849253,-3.16747832,-3.38401318,-6.17680168,-0.533858001,-1.14641654,0.0484885238,0.675914228,2.02444863,0.431727469,0.229161769,-1.41540384,-0.487522483,-1.09416389,-0.105511226,0.561730862,1.32588804,0.424332529,0.280174345,-1.34903038,2.51275682,-0.470216721,4.27678156,6.87915897,6.89216614,-2.41101503,-2.76915336,-5.56814718,2.89653182,-0.461770028,4.61372232,7.12849236,7.50462151,-2.72331595,-3.01041198,-6.09603262,-0.742012024,-0.860801101,-0.734925628,-0.746479332,-0.583535373,0.717179179,0.683891118,0.434702992,-0.766754806,-0.852497399,-0.76995033,-0.777510583,-0.617823184,0.750959396,0.712231576,0.494828969,2.49682021,-0.18532455,3.91320181,5.40826607,5.31603718,-2.4081738,-2.39227176,-4.45164967,3.0567739,-0.292084068,4.24012375,6.02559137,5.35178423,-3.34447312,-3.38848543,-5.00479984,1.06688416,-0.699002624,1.91817772,2.89096069,3.731148,-1.02522326,-1.13693166,-1.93409169,1.18888116,-0.617548585,2.06473064,3.07757068,3.56865954,-1.20805907,-1.34506166,-2.41251349,2.35450602,-0.53706193,3.84873986,6.20193243,7.1055274,-1.97618592,-1.92269278,-3.32031035,2.42184687,-0.592526317,3.85110641,6.13484716,7.30900049,-2.14756989,-2.1431632,-4.20945883,14.0010557,41.7283897,15.9543066,-4.60743904,-18.2660618,-48.8102341,9.08180649e-13,1,6.40410338e-12,7.52669653e-21,8.80521458e-27,4.78163674e-40,2,0.1769813,0.406312853,0.105076589,0.0890727416,0.0417211354,0.135086834,0.10655237,0.0251039974,0.212125406,0.469018698,0.115587533,0.0854652524,0.032897979,0.169740632,0.138779074,0.0238865372,0.337233901,-0.0240892842,1.48005307,1.50639975,0.900290966,1.01533699,1.12498629,0.404391289,-0.0168364923,-0.0214758608,1.29917085,1.21544743,0.655027092,1.09621835,1.21586943,1.23622179,0.222660303,0.616235793,-0.000184713688,-0.039841257,0.282005757,0.0660417974,0.0129777202,-0.279110521,0.197892621,0.548860252,-0.000215573018,-0.0488554537,-0.120873205,0.061187271,0.0183174778,-0.194331691,0.0548792221,-0.225480616,1.18539727,0.867832541,0.258243978,0.646151543,0.832435131,0.945572436,-0.0540738106,-0.236232668,1.1687566,0.56271112,0.276662797,0.758335829,0.903710902,0.544621825,0.245941639,0.444426864,0.146760404,0.1235241,0.0927922875,0.227947056,0.196864232,0.0584212504,0.267715126,0.459126204,0.175722495,0.155510142,0.122347087,0.266138047,0.226301551,0.0763760954,0.238841578,-0.0633957461,1.22660387,1.18338692,0.683513522,0.809771478,0.77692771,0.912703872,-0.364831835,-0.0467580333,1.04720628,1.03795946,0.529257774,0.725450993,0.77028209,-0.434582829,-0.524626076,0.324578524,-0.079211928,-0.542850196,-0.199843824,-0.202127248,-0.161692262,-0.430466712,-0.571471751,0.274551541,-0.079495497,-0.389993787,0.29557392,-0.2287523,-0.15461576,-0.489863992,-0.00436777482,-0.260109961,1.10582435,0.615702868,0.288284898,0.535101473,0.594389021,0.39385137,-0.134763554,-0.232964784,1.06592488,0.787452519,0.856000125,0.473840684,0.554585278,0.230937332
C1-PREPROC-P0-BASELINE,GOLD-MODEL-C1-B6-R01279,-0.787265956,-0.957969129,-0.765548944,-0.770299792,-0.649282753,0.762013257,0.699338675,0.498025775,-0.83837992,-0.993709981,-0.804044902,-0.794430315,-0.668594301,0.84233743,0.785813451,0.518168449,-1.23403776,-1.25823629,-0.93251121,-0.765405059,-0.116934821,0.984501362,0.861777186,-0.051952377,-1.26649725,-1.35589743,-0.893605113,-0.729138911,-0.251442522,1.01533067,0.905521631,-0.167212605,-1.37006128,-1.56656432,-1.15200603,-0.898959875,0.534513056,1.23649108,1.00029683,-1.24857473,-1.36335039,-1.55714142,-1.167274,-0.958532751,0.4937042,1.22518921,1.01716495,-0.424144298,-1.18725646,-1.28305864,-0.913108826,-0.709963024,-0.252059102,0.99574995,0.905160606,0.130735025,-1.19301796,-1.2898556,-0.886000514,-0.677488089,-0.279291689,1.00836134,0.894336641,-0.0161447506,-0.888807893,-1.06555128,-0.853608906,-0.846920371,-0.738439918,0.89155668,0.845109105,0.616026163,-0.874357343,-1.05759072,-0.854162693,-0.849258721,-0.772072673,0.868789315,0.81951052,0.590300143,-1.269122,-1.34068406,-0.978899181,-0.84633255,-0.53016293,1.01374066,0.943122804,0.504968047,-1.31314898,-1.54213977,-0.894121468,-0.754330993,-0.330872327,1.11818314,1.02978134,0.387830973,-1.36182189,-1.69258535,-1.0764178,-0.913793147,0.122929797,1.25192714,1.11405587,-0.0286354814,-1.43400419,-1.73413563,-1.13019192,-0.952793062,-0.109686136,1.29910254,1.13268828,-0.0804593042,-1.22342002,-1.29884994,-0.963986218,-0.789994776,-0.55288887,1.02205861,0.987453282,0.527722895,-1.27526081,-1.37388468,-0.99297744,-0.818616688,-0.520816803,1.05021989,0.998026073,0.560975134,2.32806134,2.36655784,1.76279831,-2.31998992,-2.81997418,-1.31745243,0.377507091,0.392323136,0.214503542,0.00361661334,0.00219362136,0.00985595211,2,0.239205524,0.548013687,0.149873137,0.129763246,0.0992116481,0.205873743,0.163259432,0.0483403727,0.289175093,0.620642126,0.167257234,0.125211328,0.0906139538,0.278629661,0.233337626,0.064026311,-0.159550115,-0.518585205,-0.312756628,-0.175624877,-0.0168401953,-0.361728907,-0.312207073,0.00339995697,0.00727259694,-0.427387059,-0.262188584,-0.144667253,-0.027687965,-0.351391256,-0.325352192,0.0334658399,0.5714221,0.842078805,0.00438848743,0.052988518,0.0744576901,0.189147308,0.0566480719,-0.246212661,0.553404212,0.781101465,-0.00238489104,0.0833665282,-0.0450080298,0.176668003,0.0665010735,-0.0610992014,-0.0259299707,-0.615258515,-0.253086716,-0.0895645842,-0.00944445375,-0.266860783,-0.2721003,-0.0222011805,0.0222718176,-0.65986532,-0.224443272,-0.0534797609,-0.0102962712,-0.280788779,-0.268475473,0.00144237804,0.294597477,0.550138235,0.170460775,0.140144631,0.117424808,0.283370912,0.243272275,0.0827899054,0.305284917,0.569582522,0.194941923,0.169860512,0.152893007,0.307896674,0.260387927,0.0911119282,-0.121402055,-0.458620667,-0.306838632,-0.185186684,-0.0681660995,-0.340880007,-0.306293905,-0.103531569,0.156726852,-0.246872142,-0.220826,-0.129939944,-0.0327211879,-0.242545545,-0.234093413,0.0336766094,0.669657767,0.785943925,0.0444511101,0.171587527,-0.0065842364,0.246822909,0.158438906,-0.0063733384,0.689297616,0.770967007,0.0435142331,0.120739184,-0.00908474531,0.245991856,0.130203292,-0.0163373668,0.00226953044,-0.629059315,-0.276973635,-0.0784274936,-0.0224317629,-0.276747793,-0.305265307,-0.0625978783,0.0709618255,-0.540173054,-0.274840325,-0.105075449,-0.0609959252,-0.231720939,-0.25825873,-0.0307759531
C1-PREPROC-P1-RECIPROCAL,GOLD-MODEL-C1-B6-R01279,-0.787265956,-0.957969189,-0.765548885,-0.770299792,-0.649282753,0.762013316,0.699338675,0.498025775,-0.83837986,-0.993710041,-0.804044843,-0.794430315,-0.668594301,0.84233743,0.785813451,0.518168449,-1.23403776,-1.25823629,-0.932511151,-0.765405118,-0.116934828,0.984501362,0.861777127,-0.0519523732,-1.26649714,-1.35589755,-0.893605113,-0.729138911,-0.251442522,1.01533067,0.905521691,-0.16721262,-1.37006128,-1.56656444,-1.15200603,-0.898959875,0.534513056,1.23649096,1.00029683,-1.24857473,-1.36335039,-1.55714142,-1.167274,-0.958532691,0.49370417,1.22518921,1.01716495,-0.424144298,-1.18725634,-1.28305864,-0.913108826,-0.709962964,-0.252059102,0.995749891,0.905160606,0.130735025,-1.19301796,-1.2898556,-0.886000574,-0.677488089,-0.279291719,1.00836134,0.894336641,-0.0161447506,-0.888807893,-1.06555116,-0.853608906,-0.846920371,-0.738439858,0.89155668,0.845109105,0.616026223,-0.874357283,-1.05759072,-0.854162693,-0.849258661,-0.772072673,0.868789315,0.819510579,0.590300143,-1.269122,-1.34068406,-0.97889924,-0.84633255,-0.53016293,1.01374066,0.943122745,0.504968047,-1.31314898,-1.54213965,-0.894121468,-0.754330993,-0.330872327,1.11818314,1.02978122,0.387830943,-1.36182189,-1.69258535,-1.0764178,-0.913793147,0.122929804,1.25192714,1.11405587,-0.0286354832,-1.43400419,-1.73413563,-1.13019192,-0.952793062,-0.109686129,1.29910243,1.13268828,-0.0804592967,-1.22342002,-1.29884994,-0.963986278,-0.789994836,-0.55288887,1.02205861,0.987453341,0.527722895,-1.27526081,-1.37388468,-0.99297744,-0.818616688,-0.520816803,1.05021989,0.998026133,0.560975134,2.32806134,2.36655736,1.76279855,-2.31999087,-2.81997418,-1.31745195,0.37750712,0.392322987,0.214503631,0.00361661054,0.00219362159,0.0098559577,2,0.239205524,0.548013747,0.149873123,0.129763246,0.0992116481,0.205873758,0.163259432,0.0483403727,0.289175063,0.620642126,0.16725722,0.125211328,0.0906139538,0.278629661,0.233337626,0.064026311,-0.159550115,-0.518585205,-0.312756598,-0.175624892,-0.0168401971,-0.361728907,-0.312207043,0.00339995674,0.00727259647,-0.427387118,-0.262188584,-0.144667253,-0.027687965,-0.351391256,-0.325352192,0.0334658436,0.5714221,0.842078865,0.00438848743,0.052988518,0.0744576901,0.189147294,0.0566480719,-0.246212661,0.553404212,0.781101465,-0.00238489104,0.0833665282,-0.0450080298,0.176668003,0.0665010735,-0.0610992014,-0.0259299688,-0.615258515,-0.253086716,-0.0895645767,-0.00944445375,-0.266860783,-0.2721003,-0.0222011805,0.0222718176,-0.65986532,-0.224443287,-0.0534797609,-0.0102962721,-0.280788779,-0.268475473,0.00144237804,0.294597477,0.550138175,0.170460775,0.140144631,0.117424794,0.283370912,0.243272275,0.0827899128,0.305284888,0.569582522,0.194941923,0.169860512,0.152893007,0.307896674,0.260387927,0.0911119282,-0.121402055,-0.458620667,-0.306838661,-0.185186684,-0.0681660995,-0.340880007,-0.306293875,-0.103531569,0.156726852,-0.246872127,-0.220826,-0.129939944,-0.0327211879,-0.242545545,-0.234093383,0.0336766057,0.669657767,0.785943925,0.0444511101,0.171587527,-0.0065842364,0.246822909,0.158438906,-0.00637333887,0.689297616,0.770967007,0.0435142331,0.120739184,-0.00908474438,0.245991826,0.130203292,-0.0163373649,0.00226953044,-0.629059315,-0.276973635,-0.078427501,-0.0224317629,-0.276747793,-0.305265337,-0.0625978783,0.0709618255,-0.540173054,-0.274840325,-0.105075449,-0.0609959252,-0.231720939,-0.25825873,-0.0307759531
C1-PREPROC-P2-AFFINE,GOLD-MODEL-C1-B6-R01279,-0.787265956,-0.957969069,-0.765548944,-0.770299792,-0.649282813,0.762013257,0.699338675,0.498025775,-0.83837986,-0.993709922,-0.804044902,-0.794430315,-0.668594301,0.84233743,0.785813391,0.518168509,-1.23403776,-1.25823617,-0.932511091,-0.765405059,-0.116934836,0.984501362,0.861777186,-0.0519523621,-1.26649725,-1.35589755,-0.893604994,-0.729138911,-0.251442552,1.01533067,0.905521631,-0.167212605,-1.37006128,-1.56656444,-1.15200591,-0.898959935,0.534513116,1.2364912,1.00029683,-1.24857473,-1.36335027,-1.55714154,-1.167274,-0.95853281,0.493704081,1.22518909,1.01716495,-0.424144149,-1.18725634,-1.28305864,-0.913108826,-0.709962964,-0.252059162,0.99575007,0.905160546,0.130735099,-1.19301796,-1.28985572,-0.886000514,-0.677488089,-0.279291749,1.00836134,0.894336581,-0.0161447525,-0.888807893,-1.06555128,-0.853608966,-0.846920311,-0.738439858,0.891556799,0.845109046,0.616026223,-0.874357283,-1.05759072,-0.854162633,-0.849258721,-0.772072732,0.868789315,0.819510579,0.590300202,-1.26912189,-1.34068418,-0.978899181,-0.84633261,-0.53016305,1.01374066,0.943122804,0.504967988,-1.31314898,-1.54213977,-0.894121408,-0.754330933,-0.330872297,1.11818314,1.02978134,0.387830973,-1.36182189,-1.69258547,-1.0764178,-0.913793206,0.122929811,1.25192726,1.11405599,-0.0286356211,-1.43400407,-1.73413587,-1.13019192,-0.952793062,-0.109686136,1.29910254,1.1326884,-0.0804592371,-1.22342014,-1.29884982,-0.963986278,-0.789994717,-0.55288893,1.02205861,0.987453282,0.527722836,-1.27526081,-1.3738848,-0.99297744,-0.818616867,-0.520816803,1.05022001,0.998026133,0.560975134,2.32806015,2.3665576,1.76279891,-2.31999111,-2.81997395,-1.31745148,0.377506763,0.392323196,0.21450375,0.00361661054,0.00219362276,0.00985596515,2,0.239205524,0.548013687,0.149873137,0.129763246,0.0992116556,0.205873743,0.163259432,0.0483403727,0.289175063,0.620642066,0.167257234,0.125211328,0.0906139538,0.278629661,0.233337596,0.0640263185,-0.159550115,-0.518585145,-0.312756598,-0.175624877,-0.0168401971,-0.361728907,-0.312207073,0.00339995604,0.00727259694,-0.427387118,-0.262188554,-0.144667253,-0.0276879687,-0.351391256,-0.325352192,0.0334658399,0.5714221,0.842078865,0.00438848697,0.0529885218,0.0744576976,0.189147338,0.0566480719,-0.246212661,0.553404152,0.781101525,-0.00238489104,0.0833665356,-0.0450080223,0.176667988,0.0665010735,-0.0610991791,-0.0259299688,-0.615258515,-0.253086716,-0.0895645767,-0.00944445655,-0.266860813,-0.2721003,-0.0222011916,0.0222718176,-0.659865379,-0.224443272,-0.0534797609,-0.010296273,-0.280788779,-0.268475443,0.00144237827,0.294597477,0.550138235,0.17046079,0.140144631,0.117424794,0.283370972,0.24327226,0.0827899128,0.305284888,0.569582522,0.194941908,0.169860512,0.152893022,0.307896674,0.260387927,0.0911119357,-0.121402048,-0.458620727,-0.306838632,-0.185186699,-0.0681661144,-0.340880007,-0.306293905,-0.103531562,0.156726852,-0.246872142,-0.220825985,-0.129939929,-0.0327211879,-0.242545545,-0.234093413,0.0336766094,0.669657767,0.785943985,0.0444511101,0.171587527,-0.00658423686,0.246822938,0.158438921,-0.0063733696,0.689297557,0.770967126,0.0435142331,0.120739184,-0.00908474531,0.245991856,0.130203307,-0.0163373519,0.00226953067,-0.629059255,-0.276973635,-0.0784274936,-0.0224317666,-0.276747793,-0.305265307,-0.0625978708,0.0709618255,-0.540173113,-0.274840325,-0.105075471,-0.0609959252,-0.231720969,-0.25825873,-0.0307759531
C1-PREPROC-P3-SPLIT_MEAN,GOLD-MODEL-C1-B6-R01279,-0.787265956,-0.957969129,-0.765548944,-0.770299792,-0.649282753,0.762013257,0.699338675,0.498025805,-0.83837992,-0.993709922,-0.804044902,-0.794430315,-0.668594241,0.84233743,0.785813451,0.518168449,-1.23403776,-1.25823629,-0.93251121,-0.765405059,-0.116934821,0.984501362,0.861777246,-0.0519523434,-1.26649725,-1.35589743,-0.893605113,-0.729138911,-0.251442552,1.01533067,0.905521631,-0.16721262,-1.37006128,-1.56656444,-1.15200603,-0.898959875,0.534513056,1.2364912,1.00029683,-1.24857473,-1.36335039,-1.55714154,-1.167274,-0.958532751,0.493704259,1.22518921,1.01716495,-0.424144298,-1.18725646,-1.28305852,-0.913108826,-0.709963024,-0.252059132,0.99575001,0.905160606,0.13073507,-1.19301796,-1.2898556,-0.886000454,-0.677488148,-0.279291689,1.00836134,0.894336641,-0.0161447152,-0.888807893,-1.06555128,-0.853608906,-0.846920311,-0.738439858,0.89155668,0.845109105,0.616026163,-0.874357343,-1.05759072,-0.854162693,-0.849258721,-0.772072673,0.868789315,0.81951052,0.590300143,-1.269122,-1.34068406,-0.978899121,-0.84633255,-0.53016293,1.01374066,0.943122804,0.504967988,-1.31314898,-1.54213977,-0.894121468,-0.754330993,-0.330872327,1.11818314,1.02978134,0.387830973,-1.36182189,-1.69258535,-1.0764178,-0.913793147,0.122929767,1.25192714,1.11405587,-0.028635513,-1.43400419,-1.73413563,-1.13019192,-0.952793002,-0.109686092,1.29910254,1.13268828,-0.0804592371,-1.22342002,-1.29884994,-0.963986218,-0.789994717,-0.55288893,1.02205861,0.987453282,0.527722836,-1.27526081,-1.37388468,-0.99297744,-0.818616688,-0.520816803,1.05021989,0.998026073,0.560975134,2.3280611,2.36655807,1.76279831,-2.31998992,-2.81997442,-1.31745243,0.377507031,0.392323256,0.214503556,0.00361661287,0.00219362113,0.00985595305,2,0.239205524,0.548013687,0.149873137,0.129763246,0.0992116481,0.205873743,0.163259432,0.0483403765,0.289175093,0.620642066,0.167257234,0.125211328,0.0906139463,0.278629661,0.233337626,0.064026311,-0.159550115,-0.518585205,-0.312756628,-0.175624877,-0.0168401953,-0.361728907,-0.312207073,0.00339995488,0.00727259694,-0.427387059,-0.262188584,-0.144667253,-0.0276879687,-0.351391256,-0.325352192,0.0334658436,0.5714221,0.842078865,0.00438848743,0.052988518,0.0744576901,0.189147338,0.0566480719,-0.246212661,0.553404212,0.781101525,-0.00238489104,0.0833665282,-0.0450080372,0.176668003,0.0665010735,-0.0610992014,-0.0259299707,-0.615258515,-0.253086716,-0.0895645842,-0.00944445562,-0.266860813,-0.2721003,-0.0222011879,0.0222718176,-0.65986532,-0.224443257,-0.0534797646,-0.0102962712,-0.280788779,-0.268475473,0.00144237489,0.294597477,0.550138235,0.170460775,0.140144631,0.117424794,0.283370912,0.243272275,0.0827899054,0.305284917,0.569582522,0.194941923,0.169860512,0.152893007,0.307896674,0.260387927,0.0911119282,-0.121402055,-0.458620667,-0.306838632,-0.185186684,-0.0681660995,-0.340880007,-0.306293905,-0.103531562,0.156726852,-0.246872142,-0.220826,-0.129939944,-0.0327211879,-0.242545545,-0.234093413,0.0336766094,0.669657767,0.785943925,0.0444511101,0.171587527,-0.00658423454,0.246822909,0.158438906,-0.00637334539,0.689297616,0.770967007,0.0435142331,0.120739177,-0.00908474158,0.245991856,0.130203292,-0.0163373519,0.00226953044,-0.629059315,-0.276973635,-0.0784274936,-0.0224317666,-0.276747793,-0.305265307,-0.0625978708,0.0709618255,-0.540173054,-0.274840325,-0.105075449,-0.0609959252,-0.231720939,-0.25825873,-0.0307759531
C1-PREPROC-P4-COMPENSATED,GOLD-MODEL-C1-B6-R01279,-0.787265956,-0.957969189,-0.765548885,-0.770299852,-0.649282753,0.762013316,0.699338675,0.498025805,-0.83837986,-0.993709922,-0.804044902,-0.794430315,-0.668594241,0.84233743,0.785813451,0.518168449,-1.23403776,-1.25823629,-0.932511151,-0.765405059,-0.116934828,0.984501302,0.861777186,-0.0519523434,-1.26649714,-1.35589755,-0.893605053,-0.729138911,-0.251442552,1.01533067,0.905521691,-0.167212635,-1.37006128,-1.56656456,-1.15200603,-0.898959875,0.534513056,1.23649108,1.00029683,-1.24857473,-1.36335039,-1.55714154,-1.167274,-0.958532751,0.49370423,1.22518921,1.01716495,-0.424144328,-1.18725634,-1.28305852,-0.913108885,-0.709962964,-0.252059132,0.99575007,0.905160606,0.13073507,-1.19301796,-1.2898556,-0.886000514,-0.677488148,-0.279291719,1.00836134,0.894336641,-0.0161447171,-0.888807893,-1.06555116,-0.853608966,-0.846920371,-0.738439798,0.89155668,0.845109105,0.616026223,-0.874357283,-1.05759072,-0.854162693,-0.849258661,-0.772072673,0.868789315,0.819510579,0.590300143,-1.269122,-1.34068406,-0.978899181,-0.84633255,-0.53016293,1.01374066,0.943122745,0.504968047,-1.31314898,-1.54213965,-0.894121468,-0.754331052,-0.330872327,1.11818314,1.02978122,0.387830943,-1.36182189,-1.69258535,-1.07641768,-0.913793147,0.122929774,1.25192714,1.11405587,-0.028635513,-1.43400419,-1.73413563,-1.1301918,-0.952793002,-0.109686084,1.29910243,1.13268828,-0.0804592371,-1.22342002,-1.29884994,-0.963986278,-0.789994776,-0.55288893,1.02205861,0.987453282,0.527722836,-1.27526081,-1.37388468,-0.99297744,-0.818616688,-0.520816803,1.05021989,0.998026073,0.560975134,2.32806158,2.36655807,1.76279831,-2.31999087,-2.81997442,-1.31745195,0.37750712,0.392323196,0.214503527,0.00361660868,0.00219362066,0.00985595584,2,0.239205524,0.548013747,0.149873123,0.129763246,0.0992116481,0.205873758,0.163259432,0.0483403765,0.289175063,0.620642066,0.167257234,0.125211328,0.0906139463,0.278629661,0.233337626,0.064026311,-0.159550115,-0.518585205,-0.312756598,-0.175624877,-0.0168401971,-0.361728877,-0.312207073,0.00339995488,0.00727259647,-0.427387118,-0.262188554,-0.144667253,-0.0276879687,-0.351391256,-0.325352192,0.0334658474,0.5714221,0.842078924,0.00438848743,0.052988518,0.0744576901,0.189147308,0.0566480719,-0.246212661,0.553404212,0.781101525,-0.00238489104,0.0833665282,-0.0450080335,0.176668003,0.0665010735,-0.0610992052,-0.0259299688,-0.615258515,-0.253086746,-0.0895645767,-0.00944445562,-0.266860813,-0.2721003,-0.0222011879,0.0222718176,-0.65986532,-0.224443272,-0.0534797646,-0.0102962721,-0.280788779,-0.268475473,0.00144237501,0.294597477,0.550138175,0.17046079,0.140144631,0.117424786,0.283370912,0.243272275,0.0827899128,0.305284888,0.569582522,0.194941923,0.169860512,0.152893007,0.307896674,0.260387927,0.0911119282,-0.121402055,-0.458620667,-0.306838632,-0.185186684,-0.0681660995,-0.340880007,-0.306293875,-0.103531569,0.156726852,-0.246872127,-0.220826,-0.129939958,-0.0327211879,-0.242545545,-0.234093383,0.0336766057,0.669657767,0.785943925,0.0444511063,0.171587527,-0.006584235,0.246822909,0.158438906,-0.00637334539,0.689297616,0.770967007,0.0435142294,0.120739177,-0.00908474065,0.245991826,0.130203292,-0.0163373519,0.00226953044,-0.629059315,-0.276973635,-0.0784274936,-0.0224317666,-0.276747793,-0.305265307,-0.0625978708,0.0709618255,-0.540173054,-0.274840325,-0.105075449,-0.0609959252,-0.231720939,-0.25825873,-0.0307759531
C1-PREPROC-P0-BASELINE,GOLD-MODEL-C1-B6-R01461,-0.499414474,-0.624733448,-0.581546128,-0.574911296,-0.341720551,0.533245623,0.462747186,0.229642317,-0.495921701,-0.612730861,-0.584576249,-0.567507923,-0.313904345,0.532692015,0.44850412,-0.000309226569,-0.915085614,-1.14683425,-0.897212505,-0.712529302,-0.0707980543,0.824025512,0.716779232,-0.36745584,-0.925175428,-1.24164414,-0.864896834,-0.708631277,-0.131617367,0.843233228,0.712817967,-0.52371186,-1.02612746,-1.3829993,-0.997541785,-0.804686904,1.12121856,1.05480623,0.821631312,-0.992120206,-1.06604946,-1.38988912,-1.03524435,-0.818959832,0.247957274,1.0800997,0.872368872,-0.941321015,-0.789496541,-1.18871522,-0.879384637,-0.680151165,-0.238020688,0.799236774,0.724506199,-0.2417963,-0.785959423,-1.20150757,-0.866365314,-0.655907989,-0.194758818,0.807156324,0.729568899,-0.337998331,-0.632585347,-0.709583759,-0.711966991,-0.711528063,-0.526941299,0.687282383,0.627913535,0.306964785,-0.702273846,-0.73679173,-0.765029609,-0.76258868,-0.645048499,0.73360306,0.673832655,0.416419059,-0.870316327,-1.20193791,-0.930405378,-0.799143255,-0.375644386,0.820243776,0.788841426,0.125241593,-0.934019029,-1.42427969,-0.878908455,-0.751309633,-0.358850628,0.912313998,0.838770151,0.1502821,-0.815526366,-1.45891476,-0.859743774,-0.696628034,0.260946929,1.00575066,0.922070146,-0.0927390084,-0.887292504,-1.48902512,-0.918495178,-0.767701983,-0.238393888,1.04931355,0.962164164,0.0047479663,-0.78665024,-1.19462419,-0.925490797,-0.762620509,-0.500694633,0.814603031,0.811791658,0.173797339,-0.8083269,-1.26427615,-0.943115473,-0.778896809,-0.442592114,0.820917964,0.815639019,0.299973696,1.96987426,0.368841648,1.97362161,-1.64389193,-1.11733305,-1.55111659,0.433352202,0.0874019936,0.434979171,0.011678908,0.0197735149,0.0128142759,3,0.124690704,0.287374705,0.076821655,0.0629325658,0.0305447094,0.121517904,0.0875864103,0.0166750681,0.152137101,0.330903798,0.081831947,0.0533270612,0.0309867281,0.138426334,0.0996697173,-2.64108821e-05,-0.407111764,0.0324282497,-0.0828862861,-0.0255868416,-0.00541627267,0.186857566,0.136313543,0.0176135581,-0.707829773,-0.26727429,-0.182698727,-0.0900236219,-0.0201758519,0.106765322,0.072711423,0.0403735973,-0.480917633,-0.49020496,-0.0794564486,0.0638370067,0.205759108,-0.320459604,-0.174409747,0.436184019,-0.460034281,-0.430446476,-0.0599262081,0.0698964298,0.0193628259,-0.329737186,-0.228150517,0.123066038,-0.104726009,0.41077587,0.0389348119,0.0511984825,-0.000217755878,0.283194184,0.228769287,-0.0422079004,-0.204221755,0.333575159,-0.0193323772,0.0127527406,-0.00677078962,0.25338906,0.202229157,-0.00293307984,0.175337315,0.307425559,0.0952454358,0.0784470513,0.0616565645,0.166362286,0.131649464,0.0298891794,0.201537564,0.327111065,0.105779439,0.0954263434,0.0702274218,0.194378957,0.154827803,0.0374989286,-0.488477886,-0.154855162,-0.0985758156,-0.0362030938,-0.033055678,0.127373576,0.0972727984,-0.00911354739,-0.697116494,-0.405134618,-0.163288534,-0.0850152299,-0.0412960164,0.00325688114,0.0209418312,-0.0220345836,-0.299092531,-0.209554866,0.0121730752,0.11213439,-0.0426943637,-0.255260408,-0.199160486,0.0211786572,-0.28051427,-0.109360106,0.091193676,0.181424424,0.0283688456,-0.202857792,-0.13997975,-0.00120568962,-0.254166961,0.24588713,-0.0382295325,0.000101048739,-0.0289122146,0.190261543,0.162021577,0.00880852435,-0.259572744,0.253466755,-0.00423750002,0.0384203903,0.0106274774,0.197063267,0.177223578,-0.00164164719
C1-PREPROC-P1-RECIPROCAL,GOLD-MODEL-C1-B6-R01461,-0.499414504,-0.624733448,-0.581546068,-0.574911296,-0.341720551,0.533245683,0.462747186,0.229642332,-0.495921701,-0.612730861,-0.584576249,-0.567507923,-0.313904345,0.532692015,0.44850412,-0.000309226569,-0.915085554,-1.14683425,-0.897212505,-0.712529361,-0.0707980543,0.824025512,0.716779172,-0.36745581,-0.925175428,-1.24164414,-0.864896834,-0.708631277,-0.131617367,0.843233287,0.712818027,-0.52371186,-1.02612734,-1.3829993,-0.997541785,-0.804686904,1.12121856,1.05480623,0.821631253,-0.992120206,-1.06604958,-1.389889,-1.03524435,-0.818959773,0.247957259,1.0800997,0.872368872,-0.941320956,-0.789496541,-1.18871522,-0.879384637,-0.680151105,-0.238020688,0.799236715,0.724506199,-0.241796285,-0.785959423,-1.20150757,-0.866365373,-0.655907989,-0.194758818,0.807156384,0.729568899,-0.33799836,-0.632585347,-0.7095837,-0.711966932,-0.711528122,-0.526941299,0.687282383,0.627913535,0.306964815,-0.702273846,-0.73679167,-0.76502955,-0.76258862,-0.645048499,0.73360306,0.673832655,0.416419059,-0.870316327,-1.20193791,-0.930405438,-0.799143255,-0.375644386,0.820243776,0.788841367,0.125241593,-0.934019029,-1.42427957,-0.878908455,-0.751309693,-0.358850628,0.912314057,0.838770151,0.1502821,-0.815526366,-1.45891476,-0.859743774,-0.696628034,0.260946959,1.00575066,0.922070146,-0.0927390158,-0.887292504,-1.48902524,-0.918495178,-0.767701983,-0.238393873,1.04931343,0.962164164,0.0047479663,-0.78665024,-1.19462419,-0.925490856,-0.762620509,-0.500694573,0.814603031,0.811791658,0.173797324,-0.80832684,-1.26427615,-0.943115473,-0.778896809,-0.442592084,0.820917964,0.815639079,0.299973696,1.96987343,0.368841141,1.97362208,-1.64389193,-1.11733317,-1.55111611,0.433351904,0.0874019712,0.434979439,0.0116789099,0.0197735168,0.0128142834,3,0.124690711,0.287374705,0.0768216476,0.0629325658,0.0305447094,0.121517919,0.0875864103,0.0166750681,0.152137101,0.330903798,0.081831947,0.0533270612,0.0309867281,0.138426334,0.0996697173,-2.64108821e-05,-0.407111764,0.0324282497,-0.0828862861,-0.0255868435,-0.00541627267,0.186857566,0.136313528,0.0176135562,-0.707829773,-0.26727429,-0.182698727,-0.0900236219,-0.0201758519,0.10676533,0.0727114305,0.0403735973,-0.480917573,-0.49020496,-0.0794564486,0.0638370067,0.205759108,-0.320459604,-0.174409732,0.436184019,-0.460034341,-0.430446446,-0.0599262081,0.0698964298,0.019362824,-0.329737186,-0.228150517,0.12306603,-0.104726009,0.41077587,0.0389348119,0.0511984788,-0.000217755878,0.283194155,0.228769287,-0.0422078967,-0.204221755,0.333575159,-0.0193323791,0.0127527406,-0.00677078962,0.25338906,0.202229157,-0.00293308008,0.175337315,0.307425529,0.0952454284,0.0784470513,0.0616565645,0.166362286,0.131649464,0.0298891813,0.201537564,0.327111036,0.105779432,0.0954263359,0.0702274218,0.194378957,0.154827803,0.0374989286,-0.488477886,-0.154855162,-0.098575823,-0.0362030938,-0.033055678,0.127373576,0.097272791,-0.00911354739,-0.697116494,-0.405134588,-0.163288534,-0.0850152373,-0.0412960164,0.00325688138,0.0209418312,-0.0220345836,-0.299092531,-0.209554866,0.0121730752,0.11213439,-0.0426943675,-0.255260408,-0.199160486,0.0211786572,-0.28051427,-0.109360114,0.091193676,0.181424424,0.0283688437,-0.202857763,-0.13997975,-0.00120568962,-0.254166961,0.24588713,-0.0382295363,0.000101048739,-0.0289122127,0.190261543,0.162021577,0.00880852342,-0.259572715,0.253466755,-0.00423750002,0.0384203903,0.0106274765,0.197063267,0.177223593,-0.00164164719
C1-PREPROC-P2-AFFINE,GOLD-MODEL-C1-B6-R01461,-0.499414474,-0.624733388,-0.581546068,-0.574911356,-0.341720551,0.533245564,0.462747216,0.229642332,-0.495921671,-0.612730801,-0.584576249,-0.567507982,-0.313904345,0.532692075,0.44850409,-0.000309228897,-0.915085614,-1.14683414,-0.897212386,-0.712529302,-0.0707980394,0.824025512,0.716779232,-0.36745584,-0.925175428,-1.24164414,-0.864896774,-0.708631217,-0.131617367,0.843233228,0.712818027,-0.52371192,-1.02612746,-1.38299942,-0.997541666,-0.804686964,1.1212188,1.05480635,0.821631312,-0.992120266,-1.06604946,-1.38988912,-1.03524446,-0.818959892,0.24795723,1.08009958,0.872368932,-0.941320896,-0.789496541,-1.18871522,-0.879384637,-0.680151165,-0.238020778,0.799236894,0.72450614,-0.241796255,-0.785959363,-1.20150757,-0.866365314,-0.655908048,-0.194758832,0.807156265,0.729568839,-0.337998271,-0.632585287,-0.709583759,-0.711966991,-0.711528063,-0.526941299,0.687282383,0.627913475,0.306964815,-0.702273786,-0.73679173,-0.76502949,-0.76258868,-0.645048559,0.73360306,0.673832655,0.416419089,-0.870316267,-1.20193791,-0.930405378,-0.799143255,-0.375644445,0.820243835,0.788841486,0.125241518,-0.934019029,-1.42427957,-0.878908396,-0.751309693,-0.358850598,0.912314057,0.838770151,0.150282145,-0.815526366,-1.45891488,-0.859743714,-0.696628094,0.26094687,1.00575078,0.922070146,-0.0927391052,-0.887292445,-1.48902535,-0.918495178,-0.767701924,-0.238393903,1.04931355,0.962164283,0.004748106,-0.78665024,-1.19462419,-0.925490856,-0.762620449,-0.500694692,0.81460309,0.811791658,0.173797309,-0.80832684,-1.26427627,-0.943115532,-0.778896928,-0.442592144,0.820918024,0.815639138,0.299973667,1.96987319,0.368842423,1.97362161,-1.64389145,-1.11733258,-1.55111563,0.433351874,0.0874020904,0.43497929,0.0116789173,0.0197735298,0.0128142918,3,0.124690704,0.287374675,0.0768216476,0.0629325733,0.0305447094,0.121517889,0.0875864178,0.0166750681,0.152137101,0.330903739,0.081831947,0.0533270687,0.0309867281,0.138426349,0.0996697098,-2.64110804e-05,-0.407111764,0.032428246,-0.0828862712,-0.0255868416,-0.00541627128,0.186857566,0.136313543,0.0176135581,-0.707829773,-0.26727429,-0.182698712,-0.0900236145,-0.0201758519,0.106765322,0.0727114305,0.040373601,-0.480917633,-0.49020499,-0.0794564411,0.0638370141,0.205759153,-0.320459664,-0.174409747,0.436184049,-0.460034281,-0.430446476,-0.0599262156,0.0698964372,0.0193628222,-0.329737157,-0.228150532,0.123066023,-0.104726009,0.41077587,0.0389348119,0.0511984825,-0.000217755965,0.283194244,0.228769273,-0.042207893,-0.20422174,0.333575159,-0.0193323772,0.0127527416,-0.00677079055,0.253389031,0.202229142,-0.00293307914,0.1753373,0.307425559,0.0952454358,0.0784470513,0.0616565645,0.166362286,0.131649464,0.0298891813,0.201537549,0.327111065,0.105779424,0.0954263434,0.0702274293,0.194378957,0.154827803,0.0374989323,-0.488477856,-0.154855162,-0.0985758156,-0.0362030938,-0.0330556855,0.127373576,0.0972728059,-0.0091135418,-0.697116494,-0.405134588,-0.163288519,-0.0850152373,-0.0412960127,0.00325688138,0.0209418312,-0.0220345911,-0.299092531,-0.209554881,0.0121730743,0.112134397,-0.0426943526,-0.255260438,-0.199160486,0.0211786777,-0.28051427,-0.109360121,0.091193676,0.181424409,0.0283688474,-0.202857792,-0.139979765,-0.00120572501,-0.254166961,0.24588713,-0.0382295363,0.000101048732,-0.0289122183,0.190261558,0.162021577,0.00880852249,-0.259572715,0.253466785,-0.00423750002,0.0384203978,0.0106274774,0.197063282,0.177223608,-0.00164164708
C1-PREPROC-P3-SPLIT_MEAN,GOLD-MODEL-C1-B6-R01461,-0.499414474,-0.624733388,-0.581546128,-0.574911356,-0.341720581,0.533245623,0.462747186,0.229642347,-0.495921671,-0.612730801,-0.584576249,-0.567507982,-0.313904315,0.532692015,0.44850409,-0.000309217838,-0.915085614,-1.14683425,-0.897212505,-0.712529302,-0.0707980469,0.824025512,0.716779292,-0.367455781,-0.925175428,-1.24164414,-0.864896834,-0.708631277,-0.131617397,0.843233228,0.712817967,-0.52371192,-1.02612746,-1.38299942,-0.997541785,-0.804686904,1.12121856,1.05480635,0.821631312,-0.992120266,-1.06604946,-1.38988924,-1.03524435,-0.818959832,0.247957304,1.0800997,0.872368872,-0.941321015,-0.789496541,-1.1887151,-0.879384637,-0.680151165,-0.238020718,0.799236834,0.724506199,-0.24179624,-0.785959423,-1.20150757,-0.866365254,-0.655908048,-0.194758832,0.807156324,0.729568899,-0.337998301,-0.632585347,-0.7095837,-0.711966991,-0.711528063,-0.526941299,0.687282383,0.627913475,0.306964815,-0.702273846,-0.73679179,-0.765029609,-0.76258868,-0.645048559,0.73360306,0.673832655,0.416419059,-0.870316327,-1.20193791,-0.930405319,-0.799143255,-0.375644356,0.820243776,0.788841426,0.125241548,-0.934019089,-1.42427969,-0.878908455,-0.751309693,-0.358850628,0.912313998,0.838770151,0.150282085,-0.815526366,-1.45891476,-0.859743714,-0.696628034,0.2609469,1.00575078,0.922070146,-0.0927390456,-0.887292504,-1.48902512,-0.918495119,-0.767701864,-0.238393828,1.04931355,0.962164164,0.00474803429,-0.786650181,-1.19462407,-0.925490797,-0.762620449,-0.500694692,0.81460309,0.811791658,0.173797294,-0.8083269,-1.26427615,-0.943115473,-0.778896809,-0.442592114,0.820917964,0.815639019,0.299973696,1.96987474,0.368842006,1.97362161,-1.64389169,-1.11733341,-1.55111611,0.433352292,0.0874020085,0.434979022,0.0116789099,0.0197735019,0.0128142778,3,0.124690704,0.287374675,0.076821655,0.0629325733,0.0305447131,0.121517904,0.0875864103,0.0166750699,0.152137101,0.330903739,0.081831947,0.0533270687,0.0309867244,0.138426334,0.0996697098,-2.64101363e-05,-0.407111764,0.0324282497,-0.0828862861,-0.0255868416,-0.00541627221,0.186857566,0.136313558,0.0176135562,-0.707829773,-0.26727429,-0.182698727,-0.0900236219,-0.0201758575,0.106765322,0.072711423,0.040373601,-0.480917633,-0.49020499,-0.0794564486,0.0638370067,0.205759108,-0.320459664,-0.174409747,0.436184049,-0.460034281,-0.430446506,-0.0599262081,0.0698964298,0.0193628278,-0.329737186,-0.228150517,0.123066038,-0.104726009,0.41077584,0.0389348119,0.0511984825,-0.000217755907,0.283194214,0.228769287,-0.0422078893,-0.204221755,0.333575159,-0.0193323772,0.0127527416,-0.00677079055,0.25338906,0.202229157,-0.00293307961,0.175337315,0.307425529,0.0952454358,0.0784470513,0.0616565645,0.166362286,0.131649464,0.0298891813,0.201537564,0.327111095,0.105779439,0.0954263434,0.0702274293,0.194378957,0.154827803,0.0374989286,-0.488477886,-0.154855162,-0.0985758081,-0.0362030938,-0.0330556743,0.127373576,0.0972727984,-0.00911354367,-0.697116554,-0.405134618,-0.163288534,-0.0850152373,-0.0412960164,0.00325688114,0.0209418312,-0.0220345818,-0.299092531,-0.209554866,0.0121730743,0.11213439,-0.0426943563,-0.255260438,-0.199160486,0.0211786646,-0.28051427,-0.109360106,0.0911936685,0.181424394,0.0283688381,-0.202857792,-0.13997975,-0.00120570685,-0.254166931,0.245887116,-0.0382295325,0.000101048732,-0.0289122183,0.190261558,0.162021577,0.00880852249,-0.259572744,0.253466755,-0.00423750002,0.0384203903,0.0106274774,0.197063267,0.177223578,-0.00164164719
C1-PREPROC-P4-COMPENSATED,GOLD-MODEL-C1-B6-R01461,-0.499414504,-0.624733448,-0.581546068,-0.574911296,-0.341720581,0.533245683,0.462747186,0.229642347,-0.495921642,-0.612730801,-0.584576249,-0.567507923,-0.313904315,0.532692015,0.44850409,-0.000309217838,-0.915085554,-1.14683425,-0.897212505,-0.712529361,-0.0707980469,0.824025452,0.716779232,-0.367455781,-0.925175428,-1.24164414,-0.864896834,-0.708631277,-0.131617382,0.843233287,0.712818027,-0.52371192,-1.02612734,-1.38299942,-0.997541785,-0.804686904,1.12121856,1.05480635,0.821631253,-0.992120266,-1.06604958,-1.38988912,-1.03524435,-0.818959832,0.247957289,1.08009958,0.872368872,-0.941321015,-0.789496541,-1.1887151,-0.879384696,-0.680151105,-0.238020718,0.799236774,0.724506199,-0.241796255,-0.785959423,-1.20150757,-0.866365314,-0.655908048,-0.194758832,0.807156324,0.729568899,-0.337998331,-0.632585347,-0.7095837,-0.711966991,-0.711528063,-0.52694124,0.687282383,0.627913475,0.306964815,-0.702273846,-0.73679173,-0.76502955,-0.76258862,-0.645048499,0.73360306,0.673832655,0.416419059,-0.870316327,-1.20193791,-0.930405378,-0.799143255,-0.375644386,0.820243776,0.788841367,0.125241563,-0.934019089,-1.42427957,-0.878908455,-0.751309693,-0.358850628,0.912314057,0.838770211,0.150282085,-0.815526366,-1.45891476,-0.859743714,-0.696628034,0.260946929,1.00575066,0.922070146,-0.0927390456,-0.887292504,-1.48902524,-0.918495119,-0.767701924,-0.238393828,1.04931343,0.962164223,0.00474803383,-0.786650181,-1.19462407,-0.925490856,-0.762620449,-0.500694633,0.81460309,0.811791599,0.173797294,-0.80832684,-1.26427615,-0.943115473,-0.778896809,-0.442592114,0.820917964,0.815639019,0.299973696,1.96987474,0.368841648,1.97362161,-1.64389193,-1.11733353,-1.55111635,0.433352321,0.0874019787,0.434979081,0.0116789052,0.0197735,0.0128142796,3,0.124690711,0.287374705,0.0768216476,0.0629325658,0.0305447131,0.121517919,0.0875864103,0.0166750699,0.152137086,0.330903739,0.081831947,0.0533270612,0.0309867244,0.138426334,0.0996697098,-2.64101363e-05,-0.407111764,0.0324282497,-0.0828862861,-0.0255868435,-0.00541627221,0.186857551,0.136313543,0.0176135562,-0.707829773,-0.26727429,-0.182698727,-0.0900236219,-0.0201758537,0.10676533,0.0727114305,0.040373601,-0.480917573,-0.49020499,-0.0794564486,0.0638370067,0.205759108,-0.320459664,-0.174409732,0.436184049,-0.460034341,-0.430446476,-0.0599262081,0.0698964298,0.0193628278,-0.329737157,-0.228150517,0.123066038,-0.104726009,0.41077584,0.0389348119,0.0511984788,-0.000217755907,0.283194184,0.228769287,-0.042207893,-0.204221755,0.333575159,-0.0193323772,0.0127527416,-0.00677079055,0.25338906,0.202229157,-0.00293307984,0.175337315,0.307425529,0.0952454358,0.0784470513,0.061656557,0.166362286,0.131649464,0.0298891813,0.201537564,0.327111065,0.105779432,0.0954263359,0.0702274218,0.194378957,0.154827803,0.0374989286,-0.488477886,-0.154855162,-0.0985758156,-0.0362030938,-0.033055678,0.127373576,0.097272791,-0.0091135446,-0.697116554,-0.405134588,-0.163288534,-0.0850152373,-0.0412960164,0.00325688138,0.020941833,-0.0220345818,-0.299092531,-0.209554866,0.0121730743,0.11213439,-0.0426943637,-0.255260408,-0.199160486,0.0211786646,-0.28051427,-0.109360114,0.0911936685,0.181424409,0.0283688381,-0.202857763,-0.139979765,-0.00120570674,-0.254166931,0.245887116,-0.0382295363,0.000101048732,-0.0289122146,0.190261558,0.162021562,0.00880852249,-0.259572715,0.253466755,-0.00423750002,0.0384203903,0.0106274774,0.197063267,0.177223578,-0.00164164719
C1-PREPROC-P0-BASELINE,GOLD-MODEL-C1-B6-R01464,-0.485647351,-0.62854135,-0.566803813,-0.56104219,-0.334609121,0.520158529,0.438739002,0.186331213,-0.476242661,-0.615820765,-0.562927306,-0.546201885,-0.315457404,0.514753878,0.423692852,0.05367212,-0.874288499,-1.13614523,-0.88377583,-0.698453307,-0.086832881,0.809369326,0.678937316,-0.400999635,-0.882757902,-1.22930646,-0.853054643,-0.70031029,-0.0878388658,0.82278949,0.734851778,-0.381155938,-0.995764613,-1.36898327,-1.00749671,-0.813390434,0.51702553,1.04940605,0.857560635,-1.00382662,-1.04954505,-1.38398993,-1.03899479,-0.885609031,0.265887469,1.0763129,0.863545597,-1.17640054,-0.746192753,-1.18115819,-0.854714811,-0.66899997,-0.185317457,0.781784475,0.724300385,-0.315161049,-0.733556032,-1.19171643,-0.845517218,-0.625319421,-0.123157032,0.791934788,0.699553072,-0.463232845,-0.619504333,-0.71255517,-0.699752748,-0.698718309,-0.493045777,0.675918937,0.610577643,0.3004044,-0.691822886,-0.732758105,-0.757084429,-0.757782578,-0.632005334,0.724844038,0.670222998,0.38451913,-0.82840836,-1.19274378,-0.915761352,-0.791276813,-0.493511826,0.795246124,0.782184005,0.248081088,-0.880901575,-1.40972102,-0.865150094,-0.747268498,-0.355087131,0.893143713,0.854900241,0.161000475,-0.779073358,-1.44618511,-0.866526604,-0.706559122,-0.00247827242,1.00516593,0.923382342,0.0037689188,-0.853585601,-1.47978568,-0.931892753,-0.754015267,-0.168408677,1.04763007,0.989044785,-0.00392324384,-0.731006503,-1.18406296,-0.908987939,-0.757076979,-0.502600908,0.798081875,0.790228486,0.272944421,-0.74696672,-1.25405908,-0.921271861,-0.769858181,-0.489228547,0.803257048,0.797905624,0.279712945,2.00268722,0.237830132,2.0040257,-1.76849771,-0.708231449,-1.76781344,0.437619209,0.0749253333,0.438205361,0.0100760795,0.0290910471,0.0100829769,3,0.121253408,0.289126307,0.0748742074,0.0614143871,0.0299090538,0.118535571,0.083042264,0.0135301091,0.146100044,0.33257249,0.0788014159,0.0513249971,0.0311400369,0.133764893,0.0941559821,0.00458410801,-0.388961583,0.0321260057,-0.0816449746,-0.0250813738,-0.00664298702,0.183534101,0.129116952,0.01922144,-0.675377131,-0.264618486,-0.180197209,-0.0889665335,-0.0134649705,0.104176857,0.074958995,0.0293837842,-0.466687411,-0.485236973,-0.0802493766,0.0645274743,0.0948813334,-0.318818986,-0.182036549,0.441330731,-0.452912122,-0.428619504,-0.0601433069,0.0755847991,0.0207629837,-0.328581125,-0.225842968,0.153799772,-0.0989818051,0.408164442,0.0378425531,0.050359074,-0.000169539737,0.277010292,0.228704304,-0.0550144315,-0.190605387,0.33085683,-0.0188671667,0.0121580111,-0.00428155391,0.248610586,0.193909079,-0.00401983922,0.171711579,0.308712929,0.0936114416,0.0770347565,0.0576905012,0.163611665,0.128014803,0.0292503946,0.198538363,0.325320274,0.104680873,0.0948249325,0.0688073933,0.192058131,0.153998405,0.0346263088,-0.464956403,-0.153670609,-0.0970242918,-0.0358467251,-0.0434276909,0.123491749,0.0964518636,-0.0180522986,-0.657471657,-0.400993407,-0.160732418,-0.0845579505,-0.0408629179,0.00318844477,0.0213445574,-0.023606129,-0.285723448,-0.207726404,0.0122691123,0.113732971,0.000405478087,-0.255112022,-0.199443907,-0.000860701839,-0.269857973,-0.108681522,0.0925238654,0.178189963,0.0200406127,-0.202532336,-0.143890455,0.000996261137,-0.236188442,0.243713334,-0.0375478454,0.00010031421,-0.0290222913,0.186402813,0.157717884,0.0138335694,-0.239868551,0.251418412,-0.00413935445,0.0379745476,0.0117473062,0.192823723,0.173370436,-0.00153076753
C1-PREPROC-P1-RECIPROCAL,GOLD-MODEL-C1-B6-R01464,-0.48564738,-0.62854135,-0.566803753,-0.56104219,-0.334609121,0.520158529,0.438738972,0.186331227,-0.476242661,-0.615820765,-0.562927306,-0.546201885,-0.315457404,0.514753878,0.423692852,0.0536721237,-0.874288499,-1.13614523,-0.88377583,-0.698453307,-0.086832881,0.809369326,0.678937256,-0.400999635,-0.882757902,-1.22930658,-0.853054643,-0.70031029,-0.0878388658,0.82278955,0.734851778,-0.381155968,-0.995764554,-1.36898339,-1.00749671,-0.813390434,0.51702553,1.04940593,0.857560635,-1.00382662,-1.04954505,-1.38398981,-1.03899479,-0.885609031,0.265887439,1.07631278,0.863545597,-1.17640042,-0.746192694,-1.18115819,-0.854714811,-0.66899997,-0.185317442,0.781784415,0.724300385,-0.315161049,-0.733556032,-1.19171643,-0.845517218,-0.625319421,-0.123157032,0.791934788,0.699553072,-0.463232845,-0.619504333,-0.71255517,-0.699752688,-0.698718369,-0.493045747,0.675918937,0.610577643,0.3004044,-0.691822886,-0.732758045,-0.757084429,-0.757782519,-0.632005334,0.724844038,0.670222998,0.38451913,-0.82840842,-1.19274378,-0.915761411,-0.791276813,-0.493511796,0.795246124,0.782183945,0.248081103,-0.880901575,-1.4097209,-0.865150034,-0.747268498,-0.355087101,0.893143713,0.854900181,0.161000475,-0.779073358,-1.44618511,-0.866526544,-0.706559062,-0.00247827242,1.00516593,0.923382342,0.00376891904,-0.853585601,-1.47978568,-0.931892753,-0.754015267,-0.168408662,1.04763007,0.989044785,-0.00392324338,-0.731006503,-1.18406296,-0.908987939,-0.757077038,-0.502600849,0.798081875,0.790228546,0.272944421,-0.74696666,-1.25405896,-0.921271861,-0.769858181,-0.489228517,0.803256989,0.797905684,0.279712975,2.00268722,0.237830132,2.0040257,-1.76849782,-0.70823133,-1.76781344,0.437619209,0.0749253333,0.438205361,0.0100760795,0.0290910564,0.0100829769,3,0.121253416,0.289126307,0.0748741999,0.0614143871,0.0299090538,0.118535571,0.0830422565,0.01353011,0.146100044,0.33257249,0.0788014159,0.0513249971,0.0311400369,0.133764893,0.0941559821,0.00458410848,-0.388961583,0.0321260057,-0.0816449746,-0.0250813738,-0.00664298702,0.183534101,0.129116938,0.01922144,-0.675377131,-0.264618516,-0.180197209,-0.0889665335,-0.0134649705,0.104176864,0.074958995,0.029383786,-0.466687381,-0.485237002,-0.0802493766,0.0645274743,0.0948813334,-0.318818957,-0.182036549,0.441330731,-0.452912122,-0.428619474,-0.0601433069,0.0755847991,0.0207629818,-0.328581095,-0.225842968,0.153799757,-0.0989817977,0.408164442,0.0378425531,0.050359074,-0.000169539722,0.277010292,0.228704304,-0.0550144315,-0.190605387,0.33085683,-0.0188671667,0.0121580111,-0.00428155391,0.248610586,0.193909079,-0.00401983922,0.171711579,0.308712929,0.0936114341,0.0770347565,0.0576904975,0.163611665,0.128014803,0.0292503946,0.198538363,0.325320244,0.104680873,0.0948249251,0.0688073933,0.192058131,0.153998405,0.0346263088,-0.464956462,-0.153670609,-0.0970242992,-0.0358467251,-0.0434276871,0.123491749,0.0964518562,-0.0180523004,-0.657471657,-0.400993377,-0.160732418,-0.0845579505,-0.0408629142,0.00318844477,0.0213445555,-0.023606129,-0.285723448,-0.207726404,0.0122691123,0.113732964,0.000405478087,-0.255112022,-0.199443907,-0.000860701897,-0.269857973,-0.108681522,0.0925238654,0.178189963,0.0200406108,-0.202532336,-0.143890455,0.00099626102,-0.236188442,0.243713334,-0.0375478454,0.000100314217,-0.0290222876,0.186402813,0.157717898,0.0138335694,-0.239868537,0.251418382,-0.00413935445,0.0379745476,0.0117473053,0.192823708,0.173370451,-0.00153076765
C1-PREPROC-P2-AFFINE,GOLD-MODEL-C1-B6-R01464,-0.485647351,-0.628541231,-0.566803694,-0.56104219,-0.334609151,0.520158529,0.438738972,0.186331213,-0.476242632,-0.615820706,-0.562927365,-0.546201885,-0.315457404,0.514753878,0.423692822,0.0536721349,-0.874288559,-1.13614511,-0.88377583,-0.698453307,-0.086832881,0.809369326,0.678937316,-0.400999546,-0.882757962,-1.22930658,-0.853054583,-0.70031023,-0.0878388882,0.82278955,0.734851837,-0.381155968,-0.995764613,-1.36898351,-1.0074966,-0.813390493,0.51702559,1.04940605,0.857560694,-1.00382662,-1.04954493,-1.38399005,-1.03899491,-0.88560909,0.26588738,1.07631278,0.863545656,-1.17640042,-0.746192694,-1.18115819,-0.854714811,-0.66899991,-0.185317516,0.781784534,0.724300325,-0.31516099,-0.733556032,-1.19171643,-0.845517159,-0.625319481,-0.123157024,0.791934669,0.699553072,-0.463232875,-0.619504333,-0.71255523,-0.699752748,-0.698718309,-0.493045807,0.675918937,0.610577583,0.300404429,-0.691822886,-0.732758105,-0.75708437,-0.757782519,-0.632005453,0.724844038,0.670222998,0.38451916,-0.82840836,-1.19274378,-0.915761352,-0.791276813,-0.493511856,0.795246184,0.782184005,0.248081028,-0.880901575,-1.4097209,-0.865150094,-0.747268438,-0.355087101,0.893143713,0.854900241,0.16100049,-0.779073298,-1.44618511,-0.866526544,-0.706559181,-0.00247836113,1.00516605,0.923382401,0.00376880169,-0.853585541,-1.47978592,-0.931892753,-0.754015267,-0.168408632,1.04763007,0.989044845,-0.00392317772,-0.731006503,-1.18406296,-0.908987999,-0.757076859,-0.502600968,0.798081934,0.790228486,0.272944391,-0.74696672,-1.25405908,-0.921271861,-0.769858241,-0.489228547,0.803257108,0.797905684,0.279712975,2.00268745,0.237830013,2.00402498,-1.76849699,-0.70823133,-1.76781392,0.437619358,0.0749253333,0.438205063,0.0100760879,0.0290910508,0.0100829722,3,0.121253408,0.289126247,0.0748741925,0.0614143871,0.0299090575,0.118535571,0.0830422565,0.0135301091,0.146100029,0.33257246,0.0788014233,0.0513249971,0.0311400369,0.133764893,0.0941559747,0.00458410941,-0.388961613,0.032126002,-0.0816449746,-0.0250813738,-0.00664298702,0.183534101,0.129116952,0.0192214362,-0.67537719,-0.264618516,-0.180197194,-0.0889665261,-0.0134649742,0.104176864,0.0749590024,0.029383786,-0.466687411,-0.485237032,-0.0802493691,0.0645274743,0.0948813409,-0.318818986,-0.182036564,0.441330731,-0.452912062,-0.428619564,-0.0601433143,0.0755847991,0.0207629763,-0.328581095,-0.225842983,0.153799757,-0.0989817977,0.408164442,0.0378425531,0.0503590703,-0.000169539795,0.277010322,0.228704289,-0.0550144203,-0.190605387,0.33085683,-0.0188671649,0.012158012,-0.00428155344,0.248610541,0.193909079,-0.00401983922,0.171711579,0.308712959,0.0936114416,0.0770347565,0.0576905049,0.163611665,0.128014788,0.0292503964,0.198538363,0.325320274,0.104680866,0.0948249251,0.0688074082,0.192058131,0.153998405,0.0346263126,-0.464956403,-0.153670609,-0.0970242918,-0.0358467251,-0.0434276946,0.123491757,0.0964518636,-0.0180522949,-0.657471657,-0.400993377,-0.160732418,-0.084557943,-0.0408629142,0.00318844477,0.0213445574,-0.0236061309,-0.285723448,-0.207726404,0.0122691123,0.113732979,0.000405492581,-0.255112052,-0.199443921,-0.000860675122,-0.269857943,-0.108681545,0.0925238654,0.178189963,0.0200406071,-0.202532336,-0.14389047,0.000996244373,-0.236188442,0.243713334,-0.0375478454,0.000100314195,-0.029022295,0.186402813,0.157717884,0.0138335684,-0.239868551,0.251418412,-0.00413935445,0.0379745476,0.0117473062,0.192823738,0.173370451,-0.00153076765
C1-PREPROC-P3-SPLIT_MEAN,GOLD-MODEL-C1-B6-R01464,-0.485647351,-0.628541291,-0.566803813,-0.561042249,-0.334609151,0.520158529,0.438739002,0.186331227,-0.476242632,-0.615820706,-0.562927306,-0.546201885,-0.315457374,0.514753878,0.423692793,0.0536721274,-0.874288499,-1.13614523,-0.88377583,-0.698453307,-0.086832881,0.809369326,0.678937316,-0.400999606,-0.882757902,-1.22930646,-0.853054643,-0.70031023,-0.0878388956,0.82278949,0.734851778,-0.381155968,-0.995764613,-1.36898339,-1.00749671,-0.813390434,0.51702553,1.04940605,0.857560635,-1.00382674,-1.04954505,-1.38399005,-1.03899479,-0.885609031,0.265887499,1.07631278,0.863545597,-1.17640054,-0.746192694,-1.18115807,-0.854714811,-0.66899997,-0.185317487,0.781784534,0.724300385,-0.31516099,-0.733556032,-1.19171643,-0.845517099,-0.625319481,-0.123157039,0.791934788,0.699553072,-0.463232815,-0.619504333,-0.71255511,-0.699752748,-0.69871825,-0.493045747,0.675918937,0.610577643,0.300404429,-0.691822886,-0.732758164,-0.757084429,-0.757782578,-0.632005394,0.724844038,0.670222998,0.38451913,-0.82840836,-1.19274378,-0.915761292,-0.791276813,-0.493511796,0.795246124,0.782184005,0.248081043,-0.880901635,-1.40972102,-0.865150094,-0.747268558,-0.355087131,0.893143713,0.854900241,0.16100046,-0.779073358,-1.44618511,-0.866526544,-0.706559122,-0.00247830409,1.00516605,0.923382342,0.00376888574,-0.853585601,-1.47978568,-0.931892693,-0.754015207,-0.168408617,1.04763007,0.989044785,-0.00392317586,-0.731006384,-1.18406284,-0.908987939,-0.757076919,-0.502600968,0.798081934,0.790228486,0.272944361,-0.746966779,-1.25405908,-0.921271861,-0.769858181,-0.489228547,0.803257048,0.797905624,0.279712945,2.00268722,0.237830132,2.00402522,-1.76849771,-0.708231926,-1.76781321,0.437619299,0.0749253482,0.438205212,0.0100760814,0.0290910378,0.0100829806,3,0.121253408,0.289126277,0.0748742074,0.0614143945,0.0299090575,0.118535571,0.083042264,0.01353011,0.146100029,0.33257246,0.0788014159,0.0513249971,0.0311400332,0.133764893,0.0941559672,0.00458410894,-0.388961583,0.0321260057,-0.0816449746,-0.0250813738,-0.00664298702,0.183534101,0.129116952,0.0192214381,-0.675377131,-0.264618486,-0.180197209,-0.0889665261,-0.0134649752,0.104176857,0.074958995,0.029383786,-0.466687411,-0.485237002,-0.0802493766,0.0645274743,0.0948813334,-0.318818986,-0.182036549,0.441330791,-0.452912122,-0.428619564,-0.0601433069,0.0755847991,0.0207629856,-0.328581095,-0.225842968,0.153799772,-0.0989817977,0.408164412,0.0378425531,0.050359074,-0.000169539766,0.277010322,0.228704304,-0.0550144203,-0.190605387,0.33085683,-0.018867163,0.012158012,-0.00428155437,0.248610586,0.193909079,-0.00401983876,0.171711579,0.3087129,0.0936114416,0.0770347491,0.0576904975,0.163611665,0.128014803,0.0292503964,0.198538363,0.325320303,0.104680873,0.0948249325,0.0688074008,0.192058131,0.153998405,0.0346263088,-0.464956403,-0.153670609,-0.0970242843,-0.0358467251,-0.0434276871,0.123491749,0.0964518636,-0.0180522949,-0.657471716,-0.400993407,-0.160732418,-0.0845579579,-0.0408629179,0.00318844477,0.0213445574,-0.0236061253,-0.285723448,-0.207726404,0.0122691123,0.113732971,0.000405483268,-0.255112052,-0.199443907,-0.000860694272,-0.269857973,-0.108681522,0.092523858,0.178189948,0.0200406052,-0.202532336,-0.143890455,0.000996243907,-0.236188397,0.243713319,-0.0375478454,0.000100314202,-0.029022295,0.186402813,0.157717884,0.0138335666,-0.239868566,0.251418412,-0.00413935445,0.0379745476,0.0117473062,0.192823723,0.173370436,-0.00153076753
C1-PREPROC-P4-COMPENSATED,GOLD-MODEL-C1-B6-R01464,-0.48564738,-0.628541291,-0.566803753,-0.561042249,-0.334609151,0.520158529,0.438738972,0.186331242,-0.476242632,-0.615820706,-0.562927306,-0.546201885,-0.315457374,0.514753878,0.423692822,0.0536721274,-0.874288499,-1.13614523,-0.88377583,-0.698453307,-0.086832881,0.809369266,0.678937316,-0.400999576,-0.882757902,-1.22930658,-0.853054643,-0.70031023,-0.0878388882,0.82278955,0.734851778,-0.381155998,-0.995764554,-1.36898351,-1.00749671,-0.813390434,0.51702553,1.04940605,0.857560635,-1.00382674,-1.04954505,-1.38398993,-1.03899479,-0.88560909,0.265887469,1.07631278,0.863545597,-1.17640054,-0.746192694,-1.18115807,-0.85471487,-0.66899997,-0.185317487,0.781784475,0.724300385,-0.31516099,-0.733556032,-1.19171643,-0.845517159,-0.625319481,-0.123157047,0.791934729,0.699553072,-0.463232815,-0.619504333,-0.71255517,-0.699752748,-0.698718309,-0.493045747,0.675918937,0.610577583,0.300404429,-0.691822886,-0.732758105,-0.757084429,-0.757782519,-0.632005394,0.724844038,0.670222998,0.38451913,-0.82840842,-1.19274378,-0.915761352,-0.791276813,-0.493511796,0.795246124,0.782183945,0.248081043,-0.880901635,-1.4097209,-0.865150034,-0.747268558,-0.355087101,0.893143713,0.854900241,0.16100046,-0.779073358,-1.44618511,-0.866526544,-0.706559062,-0.00247830409,1.00516593,0.923382342,0.00376888574,-0.853585601,-1.47978568,-0.931892633,-0.754015207,-0.168408602,1.04763007,0.989044845,-0.00392317586,-0.731006384,-1.18406284,-0.908987939,-0.757076979,-0.502600908,0.798081934,0.790228486,0.272944361,-0.74696672,-1.25405896,-0.921271861,-0.769858181,-0.489228547,0.803256989,0.797905624,0.279712975,2.00268722,0.237830132,2.00402498,-1.76849782,-0.708231449,-1.76781344,0.437619299,0.0749253556,0.438205123,0.0100760786,0.0290910546,0.0100829788,3,0.121253416,0.289126277,0.0748741999,0.0614143945,0.0299090575,0.118535571,0.0830422565,0.0135301109,0.146100029,0.33257246,0.0788014159,0.0513249971,0.0311400332,0.133764893,0.0941559747,0.00458410894,-0.388961583,0.0321260057,-0.0816449746,-0.0250813738,-0.00664298702,0.183534086,0.129116952,0.0192214381,-0.675377131,-0.264618516,-0.180197209,-0.0889665261,-0.0134649742,0.104176864,0.074958995,0.0293837879,-0.466687381,-0.485237032,-0.0802493766,0.0645274743,0.0948813334,-0.318818986,-0.182036549,0.441330791,-0.452912122,-0.428619504,-0.0601433069,0.0755847991,0.0207629837,-0.328581095,-0.225842968,0.153799772,-0.0989817977,0.408164412,0.0378425568,0.050359074,-0.000169539766,0.277010292,0.228704304,-0.0550144203,-0.190605387,0.33085683,-0.0188671649,0.012158012,-0.00428155437,0.248610556,0.193909079,-0.00401983876,0.171711579,0.308712929,0.0936114416,0.0770347565,0.0576904975,0.163611665,0.128014788,0.0292503964,0.198538363,0.325320274,0.104680873,0.0948249251,0.0688074008,0.192058131,0.153998405,0.0346263088,-0.464956462,-0.153670609,-0.0970242918,-0.0358467251,-0.0434276871,0.123491749,0.0964518562,-0.0180522949,-0.657471716,-0.400993377,-0.160732418,-0.0845579579,-0.0408629142,0.00318844477,0.0213445574,-0.0236061253,-0.285723448,-0.207726404,0.0122691123,0.113732964,0.000405483268,-0.255112022,-0.199443907,-0.000860694272,-0.269857973,-0.108681522,0.092523858,0.178189948,0.0200406034,-0.202532336,-0.14389047,0.000996243907,-0.236188397,0.243713319,-0.0375478454,0.00010031421,-0.0290222913,0.186402813,0.157717884,0.0138335666,-0.239868551,0.251418382,-0.00413935445,0.0379745476,0.0117473062,0.192823708,0.173370436,-0.00153076765
C1-PREPROC-P0-BASELINE,GOLD-MODEL-C1-B6-R01896,-0.401746064,3.04219604,-0.332871348,-0.282612562,-0.220829517,0.368411005,0.32622388,0.165620446,-0.343100309,3.9370234,-0.239767641,-0.179354846,-0.0891619921,0.299907357,0.237220362,0.0104742236,-0.591408134,-0.658351183,-0.349559546,-0.180306703,0.252333611,0.587675214,0.471124828,-0.5780316,-0.562452257,-0.714893937,-0.316849947,-0.177543029,0.170813248,0.571010828,0.479335546,-0.860394478,-0.63409555,-0.793431759,-0.438221395,-0.113909371,1.08363068,0.7968871,0.631476521,-1.39422703,-0.717882931,-0.830799878,-0.522179604,-0.274162322,0.649382114,0.866384864,0.701108098,-0.991976798,-0.177065,-0.664388299,-0.026449807,0.151482835,0.42444557,0.370661676,0.309396982,-0.760706067,-0.166712031,-0.722633064,-0.0102306772,0.197601229,0.557573199,0.354596883,0.309996396,-0.867625356,-0.516892731,2.00200081,-0.469299942,-0.444783181,-0.394037724,0.592342317,0.548358619,0.319757402,-0.647991776,1.16019356,-0.628902614,-0.61112237,-0.564400256,0.701136589,0.651438475,0.433356166,-0.403273642,-0.31849277,-0.299981058,-0.247454733,-0.0352216214,0.531232834,0.498952836,-0.0613692701,-0.0527722575,-0.24843125,-0.0737939775,0.0235866625,0.22748144,0.349419773,0.284055561,-0.419914961,-0.0358252823,-0.345364809,0.435342342,0.899356067,1.78696406,0.531610072,0.515815377,-0.227682263,-0.160116822,-0.321554482,0.290042639,0.636611164,1.16369164,0.620325506,0.580447316,-0.338539094,0.0142120514,-0.250052929,-0.0210083723,0.0279336926,0.248000681,0.352418005,0.357993692,-0.214986339,0.198829979,-0.22073938,0.0951820463,0.0974294767,0.260302812,0.255962342,0.267163306,-0.390406698,6.63024473,-4.60624599,-2.15709853,2.34526491,-7.89862442,5.68645716,0.71271193,9.39654728e-06,0.000108797634,0.0098168226,3.49225644e-07,0.277352631,1,0.0312976241,0.304645747,0.0310185067,0.0286895521,0.0199548379,0.00402751425,0.00917139929,0.0302282516,0.0452051684,0.380100965,0.0459785014,0.0434539765,0.0176814087,0.0232260488,0.0249512177,0.00241389964,0.166515276,0.116001323,0.0608944334,0.00401441474,-0.00237673149,-0.0291748755,-0.00112794596,-0.0206360556,0.255579233,0.209022507,0.088700749,0.0179483686,-0.00898861792,0.0112310145,0.0346435793,-0.158259273,-0.0423343182,-0.270752758,-0.0140088536,-0.0266381055,-0.256446153,0.0143094035,0.0232900139,-0.227398887,-0.0872556195,-0.327693731,-0.0408685356,-0.0880882591,0.140483782,0.0143890651,0.0186475348,-0.0288595017,-0.0186475459,-0.116251737,-0.0010242525,0.0348960161,0.0956780389,-0.108584061,-0.0688707381,0.059854053,-0.00777697191,-0.0592586175,5.38351997e-05,0.0407945588,0.101938538,-0.090035446,-0.0618847162,0.0330699123,0.105247393,-0.551622987,0.103238605,0.0978973657,0.071683757,0.0766676962,0.0780353695,0.0891254395,0.0756627917,-0.247246653,0.0925396234,0.0765049756,0.0680315718,-0.0100323418,-0.00131200405,0.0809312537,0.154902995,0.0744187087,0.0559246764,0.0063418285,-0.0010593764,-0.00385885569,0.00725718588,-0.0130662424,0.0224017836,0.0395785309,0.018899776,-0.00206784997,-0.00453727925,0.00811326131,0.00527449371,0.0222733077,-0.00756997336,-0.140341043,0.0717355236,0.45518288,0.755930364,-0.0387245752,-0.0366891213,-0.027616106,-0.0550211258,-0.177751884,0.0982704237,0.386268198,0.343229949,-0.124417894,-0.114631109,-0.110573478,-0.00161975343,-0.0156449378,0.00241775368,0.00400542095,0.0418171175,-0.0458179787,-0.0266151819,0.00396707607,-0.0174918473,-0.0375199765,-0.00646109087,0.0170847811,0.035115093,-0.0468514785,-0.0384633765,0.00167639472
C1-PREPROC-P1-RECIPROCAL,GOLD-MODEL-C1-B6-R01896,-0.401746094,3.04219604,-0.332871318,-0.282612562,-0.220829517,0.368411034,0.32622388,0.165620446,-0.34310028,3.9370234,-0.239767626,-0.179354846,-0.0891619995,0.299907357,0.237220377,0.0104742236,-0.591408134,-0.658351183,-0.349559546,-0.180306718,0.252333611,0.587675214,0.471124798,-0.5780316,-0.562452257,-0.714893937,-0.316849947,-0.177543029,0.170813248,0.571010888,0.479335576,-0.860394537,-0.63409549,-0.793431818,-0.438221395,-0.113909371,1.08363068,0.79688704,0.631476521,-1.39422703,-0.717882991,-0.830799818,-0.522179604,-0.274162322,0.649382055,0.866384864,0.701108098,-0.991976738,-0.177064985,-0.664388299,-0.026449807,0.151482821,0.42444554,0.370661646,0.309396952,-0.760706067,-0.166712031,-0.722633064,-0.0102306781,0.197601229,0.557573199,0.354596883,0.309996396,-0.867625356,-0.516892731,2.00200081,-0.469299912,-0.444783181,-0.394037694,0.592342317,0.548358619,0.319757432,-0.647991776,1.16019344,-0.628902614,-0.61112231,-0.564400256,0.701136589,0.651438475,0.433356166,-0.403273672,-0.31849277,-0.299981087,-0.247454733,-0.0352216214,0.531232834,0.498952806,-0.0613692738,-0.0527722575,-0.248431236,-0.0737939775,0.0235866625,0.22748144,0.349419773,0.284055531,-0.419914961,-0.0358252823,-0.345364809,0.435342312,0.899356008,1.78696406,0.531610072,0.515815377,-0.227682278,-0.160116822,-0.321554482,0.290042639,0.636611164,1.16369164,0.620325506,0.580447257,-0.338539094,0.0142120514,-0.250052929,-0.0210083742,0.0279336926,0.248000666,0.352417976,0.357993722,-0.214986339,0.198829979,-0.22073938,0.0951820463,0.0974294767,0.260302812,0.255962342,0.267163306,-0.390406698,6.63024473,-4.60624599,-2.15709829,2.34526491,-7.89862442,5.68645716,0.71271193,9.39654728e-06,0.000108797634,0.0098168226,3.49225644e-07,0.277352631,1,0.0312976278,0.304645747,0.0310185049,0.0286895521,0.0199548379,0.00402751472,0.00917139929,0.0302282516,0.0452051647,0.380100965,0.0459784977,0.0434539765,0.0176814087,0.0232260488,0.0249512196,0.00241389964,0.166515276,0.116001323,0.0608944334,0.0040144152,-0.00237673149,-0.0291748755,-0.00112794584,-0.0206360556,0.255579233,0.209022507,0.088700749,0.0179483686,-0.00898861792,0.0112310154,0.034643583,-0.158259287,-0.0423343144,-0.270752758,-0.0140088536,-0.0266381055,-0.256446153,0.0143094026,0.0232900139,-0.227398887,-0.0872556269,-0.327693731,-0.0408685356,-0.0880882591,0.140483782,0.0143890651,0.0186475348,-0.0288595017,-0.0186475441,-0.116251737,-0.0010242525,0.0348960124,0.0956780314,-0.108584046,-0.0688707307,0.059854053,-0.00777697191,-0.0592586175,5.38352069e-05,0.0407945588,0.101938538,-0.090035446,-0.0618847162,0.0330699123,0.105247393,-0.551622987,0.103238598,0.0978973657,0.0716837496,0.0766676962,0.0780353695,0.089125447,0.0756627917,-0.247246623,0.0925396234,0.0765049681,0.0680315718,-0.0100323418,-0.00131200405,0.0809312537,0.154902995,0.0744187087,0.0559246801,0.0063418285,-0.0010593764,-0.00385885569,0.00725718541,-0.0130662434,0.0224017836,0.0395785272,0.018899776,-0.00206784997,-0.00453727925,0.00811326131,0.00527449325,0.0222733077,-0.00756997336,-0.140341043,0.0717355236,0.45518285,0.755930364,-0.0387245752,-0.0366891213,-0.0276161078,-0.0550211258,-0.177751884,0.0982704237,0.386268198,0.343229949,-0.124417894,-0.114631094,-0.110573478,-0.00161975343,-0.0156449378,0.00241775392,0.00400542095,0.0418171175,-0.045817975,-0.0266151838,0.00396707607,-0.0174918473,-0.0375199765,-0.00646109087,0.0170847811,0.035115093,-0.0468514785,-0.0384633765,0.00167639472
C1-PREPROC-P2-AFFINE,GOLD-MODEL-C1-B6-R01896,-0.401746094,3.04219627,-0.332871318,-0.282612622,-0.220829546,0.368410975,0.32622388,0.165620446,-0.34310025,3.93702316,-0.239767671,-0.179354906,-0.0891619921,0.299907386,0.237220347,0.0104742646,-0.591408193,-0.658351064,-0.349559486,-0.180306673,0.252333641,0.587675214,0.471124828,-0.57803154,-0.562452257,-0.714893937,-0.316849887,-0.177542984,0.170813203,0.571010828,0.479335606,-0.860394478,-0.63409555,-0.793431878,-0.438221335,-0.113909364,1.08363068,0.796887219,0.631476581,-1.39422703,-0.717882872,-0.830799937,-0.522179604,-0.274162412,0.649381995,0.866384745,0.701108158,-0.991976738,-0.177065015,-0.664388239,-0.0264497995,0.151482821,0.42444551,0.370661795,0.309396923,-0.760706067,-0.166712046,-0.722633123,-0.0102306604,0.197601199,0.557573199,0.354596794,0.309996367,-0.867625356,-0.516892731,2.00200081,-0.469299972,-0.444783121,-0.394037694,0.592342377,0.54835856,0.319757432,-0.647991776,1.16019332,-0.628902614,-0.61112237,-0.564400315,0.701136589,0.651438475,0.433356196,-0.403273582,-0.31849277,-0.299981058,-0.247454762,-0.0352216959,0.531232834,0.498952866,-0.0613692999,-0.0527722836,-0.248431206,-0.0737940073,0.0235866308,0.227481484,0.349419773,0.284055591,-0.419914961,-0.0358252525,-0.345364809,0.435342312,0.899355888,1.78696418,0.531610191,0.515815377,-0.227682352,-0.160116792,-0.321554661,0.290042639,0.636611104,1.16369152,0.620325565,0.580447376,-0.338538885,0.0142120123,-0.25005281,-0.0210083723,0.027933836,0.248000622,0.352418005,0.357993662,-0.214986324,0.198829889,-0.220739484,0.0951820612,0.0974293947,0.260302782,0.255962431,0.267163336,-0.390406728,6.63024378,-4.60624647,-2.15709782,2.34526467,-7.89862347,5.68645668,0.712711811,9.39654547e-06,0.000108797714,0.00981683005,3.49226241e-07,0.27735272,1,0.0312976278,0.304645777,0.0310185049,0.0286895577,0.0199548416,0.00402751379,0.00917139929,0.0302282516,0.045205161,0.380100936,0.0459785052,0.0434539914,0.0176814087,0.0232260507,0.0249512158,0.00241390895,0.166515291,0.116001301,0.0608944222,0.00401441427,-0.00237673172,-0.0291748755,-0.00112794596,-0.0206360538,0.255579233,0.209022507,0.0887007341,0.017948363,-0.00898861513,0.0112310145,0.034643583,-0.158259273,-0.0423343182,-0.270752788,-0.0140088508,-0.0266381036,-0.256446153,0.0143094053,0.0232900176,-0.227398887,-0.087255612,-0.32769376,-0.0408685356,-0.0880882815,0.140483767,0.0143890632,0.0186475366,-0.0288595017,-0.0186475478,-0.116251722,-0.00102425227,0.0348960124,0.095678024,-0.108584091,-0.0688707232,0.059854053,-0.00777697284,-0.0592586212,5.38351123e-05,0.0407945514,0.101938538,-0.0900354236,-0.0618847124,0.0330699123,0.105247393,-0.551622987,0.103238605,0.0978973582,0.0716837496,0.0766677037,0.0780353621,0.089125447,0.0756627917,-0.247246608,0.0925396234,0.0765049756,0.0680315793,-0.0100323418,-0.00131200405,0.0809312537,0.154902965,0.0744187087,0.0559246764,0.00634182943,-0.00105937861,-0.00385885569,0.00725718634,-0.013066249,0.0224017948,0.0395785235,0.0188997835,-0.00206784718,-0.00453728018,0.00811326131,0.00527449464,0.0222733077,-0.0075699673,-0.140341043,0.0717355236,0.455182791,0.755930424,-0.0387245826,-0.0366891213,-0.0276161171,-0.0550211184,-0.177751988,0.0982704237,0.386268169,0.34322992,-0.124417908,-0.114631124,-0.110573411,-0.00161974889,-0.0156449303,0.00241775368,0.00400544144,0.04181711,-0.0458179787,-0.0266151801,0.00396707561,-0.0174918398,-0.0375199951,-0.00646109227,0.0170847662,0.0351150893,-0.0468514934,-0.0384633802,0.00167639484
C1-PREPROC-P3-SPLIT_MEAN,GOLD-MODEL-C1-B6-R01896,-0.401746064,3.04219604,-0.332871377,-0.282612622,-0.220829546,0.368411005,0.32622388,0.165620461,-0.34310028,3.9370234,-0.239767596,-0.179354891,-0.0891619623,0.299907357,0.237220332,0.010474232,-0.591408134,-0.658351123,-0.349559516,-0.180306718,0.252333611,0.587675214,0.471124887,-0.5780316,-0.562452316,-0.714893937,-0.316849977,-0.177542984,0.170813218,0.571010828,0.479335546,-0.860394478,-0.634095609,-0.793431878,-0.438221365,-0.113909334,1.08363068,0.796887159,0.631476521,-1.39422703,-0.717882931,-0.830799937,-0.522179544,-0.274162292,0.649382174,0.866384804,0.701108098,-0.991976798,-0.17706494,-0.66438818,-0.0264497772,0.151482835,0.42444554,0.370661706,0.309396923,-0.760706007,-0.166712031,-0.722633064,-0.0102306353,0.197601169,0.557573199,0.354596883,0.309996367,-0.867625296,-0.516892731,2.00200081,-0.469299942,-0.444783121,-0.394037664,0.592342317,0.54835856,0.319757432,-0.647991776,1.16019356,-0.628902614,-0.61112237,-0.564400315,0.701136589,0.651438475,0.433356166,-0.403273642,-0.31849283,-0.299980998,-0.247454777,-0.0352216028,0.531232834,0.498952836,-0.0613693036,-0.0527722873,-0.248431221,-0.0737940148,0.0235866215,0.22748144,0.349419743,0.284055561,-0.419914961,-0.03582526,-0.345364779,0.435342401,0.899356067,1.78696406,0.531610131,0.515815377,-0.227682292,-0.160116851,-0.321554512,0.290042698,0.636611223,1.16369164,0.620325506,0.580447316,-0.338539034,0.0142121222,-0.250052869,-0.0210083611,0.0279337354,0.248000622,0.352418035,0.357993662,-0.214986384,0.198829949,-0.220739409,0.0951820314,0.0974294394,0.260302812,0.255962342,0.267163336,-0.390406698,6.63024473,-4.60624599,-2.15709829,2.34526443,-7.89862537,5.68645716,0.71271193,9.39654728e-06,0.000108797634,0.00981681794,3.49225644e-07,0.277352631,1,0.0312976241,0.304645747,0.0310185105,0.0286895577,0.0199548416,0.00402751425,0.00917139929,0.0302282553,0.0452051647,0.380100965,0.045978494,0.0434539877,0.0176814012,0.0232260488,0.0249512158,0.0024139015,0.166515276,0.116001315,0.0608944297,0.0040144152,-0.00237673149,-0.0291748755,-0.00112794607,-0.0206360556,0.255579263,0.209022507,0.0887007639,0.017948363,-0.00898861606,0.0112310145,0.0346435793,-0.158259273,-0.0423343219,-0.270752788,-0.0140088527,-0.0266380962,-0.256446153,0.0143094044,0.0232900139,-0.227398887,-0.0872556195,-0.32769376,-0.0408685319,-0.0880882442,0.140483797,0.0143890642,0.0186475348,-0.0288595017,-0.0186475404,-0.116251715,-0.00102425134,0.0348960161,0.0956780314,-0.108584069,-0.0688707232,0.0598540492,-0.00777697191,-0.0592586175,5.38349814e-05,0.0407945476,0.101938538,-0.090035446,-0.0618847124,0.0330699086,0.105247393,-0.551622987,0.103238605,0.0978973582,0.0716837421,0.0766676962,0.0780353621,0.089125447,0.0756627917,-0.247246653,0.0925396234,0.0765049756,0.0680315793,-0.0100323418,-0.00131200405,0.0809312537,0.154902995,0.0744187236,0.0559246652,0.0063418299,-0.00105937582,-0.00385885569,0.00725718588,-0.0130662499,0.0224017967,0.0395785235,0.0188997872,-0.00206784625,-0.00453727925,0.00811326038,0.00527449371,0.0222733077,-0.0075699687,-0.140341029,0.0717355385,0.45518288,0.755930364,-0.0387245789,-0.0366891213,-0.0276161097,-0.055021137,-0.177751899,0.0982704461,0.386268228,0.343229949,-0.124417894,-0.114631109,-0.110573463,-0.00161976146,-0.015644934,0.00241775229,0.00400542701,0.04181711,-0.0458179824,-0.0266151801,0.00396707701,-0.0174918454,-0.0375199839,-0.00646108994,0.0170847736,0.035115093,-0.0468514785,-0.0384633802,0.00167639472
C1-PREPROC-P4-COMPENSATED,GOLD-MODEL-C1-B6-R01896,-0.401746094,3.04219604,-0.332871348,-0.282612592,-0.220829546,0.368411034,0.32622388,0.165620461,-0.34310025,3.93702316,-0.239767611,-0.179354876,-0.0891619697,0.299907357,0.237220332,0.010474233,-0.591408134,-0.658351123,-0.349559516,-0.180306733,0.252333611,0.587675214,0.471124858,-0.57803154,-0.562452316,-0.714893937,-0.316849977,-0.177542984,0.170813203,0.571010888,0.479335576,-0.860394537,-0.63409555,-0.793431938,-0.438221365,-0.113909334,1.08363068,0.7968871,0.631476521,-1.39422703,-0.717882931,-0.830799878,-0.522179544,-0.274162292,0.649382114,0.866384804,0.701108098,-0.991976798,-0.17706494,-0.66438818,-0.0264497772,0.151482835,0.42444554,0.370661676,0.309396923,-0.760706007,-0.166712031,-0.722633064,-0.0102306362,0.197601169,0.557573199,0.354596883,0.309996367,-0.867625296,-0.516892731,2.00200081,-0.469299942,-0.444783121,-0.394037634,0.592342317,0.54835856,0.319757462,-0.647991776,1.16019344,-0.628902614,-0.61112231,-0.564400256,0.701136589,0.651438475,0.433356166,-0.403273672,-0.31849283,-0.299980998,-0.247454777,-0.0352216028,0.531232834,0.498952806,-0.0613693036,-0.052772291,-0.248431221,-0.0737940148,0.0235866215,0.22748144,0.349419743,0.284055561,-0.419914961,-0.03582526,-0.345364779,0.435342401,0.899356008,1.78696406,0.531610131,0.515815377,-0.227682292,-0.160116836,-0.321554512,0.290042698,0.636611223,1.16369164,0.620325506,0.580447316,-0.338539004,0.0142121231,-0.250052899,-0.0210083611,0.0279337373,0.248000622,0.352418005,0.357993662,-0.214986384,0.198829934,-0.220739409,0.0951820314,0.0974294394,0.260302812,0.255962342,0.267163366,-0.390406698,6.63024473,-4.60624552,-2.15709853,2.34526467,-7.89862442,5.68645668,0.712712049,9.3965491e-06,0.000108797649,0.00981682446,3.49225701e-07,0.277352542,1,0.0312976278,0.304645747,0.0310185067,0.028689554,0.0199548416,0.00402751472,0.00917139929,0.0302282553,0.045205161,0.380100936,0.045978494,0.043453984,0.0176814031,0.0232260488,0.0249512158,0.00241390173,0.166515276,0.116001315,0.0608944297,0.00401441567,-0.00237673149,-0.0291748755,-0.00112794596,-0.0206360538,0.255579263,0.209022507,0.0887007639,0.017948363,-0.00898861513,0.0112310154,0.034643583,-0.158259287,-0.0423343182,-0.270752817,-0.0140088527,-0.0266380962,-0.256446153,0.0143094035,0.0232900139,-0.227398887,-0.0872556195,-0.327693731,-0.0408685319,-0.0880882442,0.140483782,0.0143890642,0.0186475348,-0.0288595017,-0.0186475404,-0.116251715,-0.00102425134,0.0348960161,0.0956780314,-0.108584061,-0.0688707232,0.0598540492,-0.00777697191,-0.0592586175,5.3834985e-05,0.0407945476,0.101938538,-0.090035446,-0.0618847124,0.0330699086,0.105247393,-0.551622987,0.103238605,0.0978973582,0.0716837421,0.0766676962,0.0780353621,0.0891254544,0.0756627917,-0.247246623,0.0925396234,0.0765049681,0.0680315718,-0.0100323418,-0.00131200405,0.0809312537,0.154902995,0.0744187236,0.0559246652,0.0063418299,-0.00105937582,-0.00385885569,0.00725718541,-0.0130662499,0.0224017985,0.0395785235,0.0188997872,-0.00206784625,-0.00453727925,0.00811326038,0.00527449371,0.0222733077,-0.0075699687,-0.140341029,0.0717355385,0.45518285,0.755930364,-0.0387245789,-0.0366891213,-0.0276161097,-0.0550211333,-0.177751899,0.0982704461,0.386268228,0.343229949,-0.124417894,-0.114631109,-0.110573456,-0.00161976158,-0.0156449359,0.00241775229,0.00400542747,0.04181711,-0.0458179787,-0.0266151801,0.00396707701,-0.0174918436,-0.0375199839,-0.00646108994,0.0170847736,0.035115093,-0.0468514785,-0.0384633876,0.00167639472
C1-PREPROC-P0-BASELINE,GOLD-MODEL-C1-B10-R00000,-0.734200239,-0.41558975,-0.669584632,-0.664314628,-0.588918507,0.742149711,0.691661656,0.509162843,-0.782929718,-0.169526234,-0.668651342,-0.64196527,-0.583077312,0.817359984,0.779026985,0.571181059,-1.36533928,-1.2415694,-0.940087855,-0.63574487,-0.279365033,1.09077573,1.0230304,0.674466252,-1.41125488,-1.33909166,-0.891967475,-0.592034638,-0.146373332,1.12973678,1.05072474,0.613671482,-1.27769172,-1.41245306,-0.504568398,0.20649296,1.27244377,1.20629454,1.04803669,-0.0709259287,-1.31449974,-1.33535469,-0.799295306,-0.343995541,0.465942502,1.2280066,1.11579776,0.290479034,-1.3469764,-1.24596012,-0.834605753,-0.43771407,-0.212864891,1.10315883,1.04972124,0.714163423,-1.3729347,-1.25948274,-0.832688391,-0.43073523,-0.153276637,1.12323499,1.05989337,0.685694993,-0.78073436,-0.409592152,-0.670679629,-0.645257473,-0.553589165,0.833960891,0.788383663,0.531399369,-0.78734833,-0.402938664,-0.716551304,-0.70237571,-0.64390862,0.825470388,0.774133503,0.542249978,-1.38719177,-1.30864942,-0.982188225,-0.714513361,-0.420048863,1.10724342,1.02741206,0.512969196,-1.45610583,-1.5117774,-0.910101414,-0.627061546,-0.194214523,1.23971033,1.13779354,0.401317298,-1.38694859,-1.48740494,-0.654660285,-0.0341852494,1.2807157,1.2708627,1.08410406,-0.570537508,-1.46277153,-1.48907065,-0.743244112,-0.121608436,0.993606389,1.32383573,1.15372896,-0.248446018,-1.35158086,-1.25662756,-0.885307431,-0.530724347,-0.298977017,1.10166049,1.03612208,0.709461391,-1.41234303,-1.31255829,-0.875184894,-0.470409721,-0.0668709129,1.13396561,1.06533539,0.630456984,4.97662783,-0.578996956,-0.877517223,-0.0984203294,-5.98468351,2.56299019,0.90703696,0.0035062891,0.00260136975,0.00566969439,1.5746642e-05,0.0811699927,1,0.0571971349,-0.0416171923,0.062395025,0.0674382225,0.0532164983,0.00811327156,0.0194452517,0.0929299667,0.103154875,-0.0163669549,0.128222421,0.155534923,0.115628056,0.0632996857,0.0819393098,0.131634936,0.384421229,0.218764231,0.163766429,0.0141544584,0.00263134041,-0.0541510768,-0.00244929339,0.0240788274,0.641276538,0.391527027,0.249702379,0.0598505922,0.0077025285,0.0222204011,0.0759402588,0.112877533,-0.0853029341,-0.481989205,-0.0161298029,0.0482891016,-0.301129639,0.0216609798,0.038653519,-0.0115680424,-0.15977186,-0.5267061,-0.0625570789,-0.110525645,0.100799464,0.0203949399,0.0296771321,0.00845088344,-0.141856402,-0.218012601,-0.0323195942,-0.100833058,-0.0479837619,-0.323166579,-0.233664438,-0.0561919734,-0.064046219,-0.103282295,0.00438171858,-0.0889248177,-0.0280228611,-0.285199791,-0.211586982,-0.0261355583,0.158969656,0.112857319,0.14753896,0.142022029,0.10070952,0.107940726,0.112192653,0.148116052,0.0919347629,0.0858694986,0.105436653,0.0879287645,0.077615343,-0.0118113942,-0.00155911315,0.101267666,0.532839596,0.305777758,0.18310675,0.0183117185,-0.0126339961,-0.00804297533,0.0149435373,0.109217204,0.618115842,0.240847021,0.233091027,0.0549746752,0.00387374707,0.02878513,0.0211271513,-0.0212868415,-0.293065757,-0.604415834,-0.107874639,-0.0173018686,0.54177469,-0.092574656,-0.0771105886,-0.0692018047,-0.502653837,-0.82314235,-0.251821309,-0.0737867504,0.293063432,-0.265520036,-0.227847084,-0.0811473206,0.154040232,-0.0786227956,0.101885825,-0.0761007294,-0.0504125915,-0.143227234,-0.0770309046,-0.0130914701,0.124249317,-0.223100916,0.0594087802,-0.0824888647,-0.00902094878,-0.207561642,-0.153375849,-0.00270716357
C1-PREPROC-P1-RECIPROCAL,GOLD-MODEL-C1-B10-R00000,-0.734200299,-0.41558975,-0.669584572,-0.664314628,-0.588918507,0.74214977,0.691661596,0.509162843,-0.782929718,-0.169526234,-0.668651342,-0.64196521,-0.583077312,0.817359984,0.779026985,0.571181059,-1.36533916,-1.2415694,-0.940087855,-0.635744929,-0.279365033,1.09077573,1.02303028,0.674466252,-1.41125488,-1.33909178,-0.891967475,-0.592034638,-0.146373317,1.1297369,1.05072486,0.613671541,-1.2776916,-1.41245306,-0.504568398,0.20649296,1.27244377,1.20629454,1.04803658,-0.0709259287,-1.31449986,-1.33535457,-0.799295306,-0.343995541,0.465942472,1.2280066,1.11579776,0.290479004,-1.3469764,-1.24596012,-0.834605753,-0.43771404,-0.212864876,1.10315871,1.04972124,0.714163423,-1.3729347,-1.25948286,-0.832688451,-0.43073526,-0.153276637,1.12323511,1.05989337,0.685695052,-0.78073436,-0.409592152,-0.670679629,-0.645257533,-0.553589106,0.833960891,0.788383663,0.531399369,-0.78734827,-0.402938634,-0.716551244,-0.70237571,-0.64390856,0.825470448,0.774133503,0.542249978,-1.38719189,-1.30864942,-0.982188225,-0.714513361,-0.420048863,1.10724342,1.02741194,0.512969255,-1.45610583,-1.51177728,-0.910101414,-0.627061546,-0.194214508,1.23971045,1.13779342,0.401317298,-1.3869487,-1.48740494,-0.654660285,-0.0341852456,1.2807157,1.2708627,1.08410406,-0.570537567,-1.46277153,-1.48907065,-0.743244112,-0.121608444,0.993606329,1.32383573,1.15372896,-0.248446003,-1.35158086,-1.25662756,-0.885307431,-0.530724347,-0.298976988,1.10166049,1.0361222,0.709461391,-1.41234291,-1.31255817,-0.875184894,-0.470409721,-0.0668709129,1.13396549,1.06533539,0.630456984,4.9766283,-0.578997672,-0.877517223,-0.0984206274,-5.98468399,2.56298995,0.907037079,0.00350628607,0.00260136882,0.00566968974,1.57466293e-05,0.0811699405,1,0.0571971424,-0.0416171923,0.0623950176,0.0674382225,0.0532164983,0.00811327249,0.0194452498,0.0929299667,0.103154875,-0.0163669549,0.128222421,0.155534908,0.115628056,0.0632996857,0.0819393098,0.131634936,0.3844212,0.218764231,0.163766429,0.0141544593,0.00263134041,-0.0541510768,-0.00244929316,0.0240788274,0.641276538,0.391527057,0.249702379,0.0598505922,0.00770252757,0.022220403,0.0759402663,0.11287754,-0.0853029191,-0.481989205,-0.0161298029,0.0482891016,-0.301129639,0.0216609798,0.0386535153,-0.0115680424,-0.15977186,-0.52670604,-0.0625570789,-0.110525645,0.100799456,0.0203949399,0.0296771321,0.00845088251,-0.141856402,-0.218012601,-0.0323195942,-0.100833051,-0.0479837582,-0.323166549,-0.233664438,-0.0561919734,-0.064046219,-0.10328231,0.00438171858,-0.0889248252,-0.0280228611,-0.285199821,-0.211586982,-0.0261355601,0.158969656,0.112857319,0.14753896,0.142022043,0.100709513,0.107940726,0.112192653,0.148116052,0.0919347554,0.0858694911,0.105436645,0.0879287645,0.0776153356,-0.0118113952,-0.00155911315,0.101267666,0.532839596,0.305777758,0.18310675,0.0183117185,-0.0126339961,-0.00804297533,0.0149435354,0.109217212,0.618115842,0.240847006,0.233091027,0.0549746752,0.00387374684,0.0287851337,0.0211271495,-0.0212868415,-0.293065786,-0.604415834,-0.107874639,-0.0173018668,0.54177469,-0.092574656,-0.0771105886,-0.0692018121,-0.502653837,-0.82314235,-0.251821309,-0.0737867579,0.293063432,-0.265520036,-0.227847084,-0.0811473206,0.154040232,-0.0786227956,0.101885825,-0.0761007294,-0.0504125878,-0.143227234,-0.077030912,-0.0130914701,0.124249302,-0.223100901,0.0594087802,-0.0824888647,-0.00902094878,-0.207561627,-0.153375849,-0.00270716357
C1-PREPROC-P2-AFFINE,GOLD-MODEL-C1-B10-R00000,-0.734200299,-0.41558969,-0.669584572,-0.664314687,-0.588918567,0.742149711,0.691661656,0.509162843,-0.782929718,-0.1695261,-0.668651342,-0.64196527,-0.583077312,0.817359984,0.779026985,0.571181059,-1.36533928,-1.2415694,-0.940087795,-0.63574487,-0.279365063,1.09077573,1.0230304,0.674466252,-1.41125488,-1.33909178,-0.891967416,-0.592034578,-0.146373332,1.1297369,1.05072486,0.613671482,-1.2776916,-1.41245306,-0.504568279,0.206492901,1.27244389,1.20629466,1.04803669,-0.070925951,-1.31449974,-1.3353548,-0.799295306,-0.343995571,0.465942383,1.22800648,1.11579788,0.290479183,-1.3469764,-1.24596012,-0.834605753,-0.4377141,-0.212864935,1.10315883,1.04972112,0.714163542,-1.3729347,-1.25948286,-0.832688451,-0.43073529,-0.153276682,1.12323499,1.05989337,0.685695052,-0.78073442,-0.409592211,-0.670679629,-0.645257473,-0.553589106,0.833960891,0.788383603,0.531399369,-0.78734827,-0.402938664,-0.716551185,-0.70237571,-0.643908679,0.825470388,0.774133563,0.542250037,-1.38719177,-1.30864942,-0.982188225,-0.714513421,-0.420048952,1.10724354,1.02741206,0.512969196,-1.45610583,-1.51177728,-0.910101414,-0.627061546,-0.194214523,1.23971033,1.13779354,0.401317298,-1.38694859,-1.48740494,-0.654660225,-0.0341852903,1.2807157,1.27086282,1.08410418,-0.570537567,-1.46277153,-1.48907077,-0.743244112,-0.121608377,0.993606329,1.32383573,1.15372896,-0.248445868,-1.35158098,-1.25662756,-0.885307431,-0.530724227,-0.298977077,1.10166061,1.03612208,0.709461331,-1.41234303,-1.31255841,-0.875184894,-0.470409811,-0.0668709278,1.13396561,1.06533551,0.630456924,4.97662783,-0.578997731,-0.877517462,-0.0984204337,-5.98468351,2.56299067,0.90703696,0.00350628747,0.00260136975,0.00566969207,1.5746642e-05,0.0811700225,1,0.0571971424,-0.0416171849,0.0623950176,0.0674382299,0.0532165021,0.00811327156,0.0194452517,0.0929299667,0.103154875,-0.0163669419,0.128222421,0.155534923,0.115628056,0.0632996857,0.0819393098,0.131634936,0.384421229,0.218764231,0.163766414,0.0141544584,0.00263134087,-0.0541510768,-0.00244929339,0.0240788274,0.641276538,0.391527057,0.249702364,0.0598505884,0.0077025285,0.022220403,0.0759402663,0.112877533,-0.0853029191,-0.481989205,-0.0161297992,0.0482890867,-0.301129669,0.0216609817,0.038653519,-0.0115680462,-0.15977186,-0.526706159,-0.0625570789,-0.110525653,0.100799434,0.0203949381,0.029677134,0.0084508881,-0.141856402,-0.218012601,-0.0323195942,-0.100833066,-0.0479837731,-0.323166579,-0.233664423,-0.0561919846,-0.064046219,-0.10328231,0.00438171858,-0.0889248326,-0.0280228686,-0.285199791,-0.211586982,-0.0261355601,0.158969671,0.112857342,0.14753896,0.142022029,0.100709513,0.107940726,0.112192646,0.148116052,0.0919347554,0.0858694986,0.105436638,0.0879287645,0.0776153505,-0.0118113942,-0.00155911327,0.101267681,0.532839596,0.305777758,0.18310675,0.0183117185,-0.0126339989,-0.00804297626,0.0149435373,0.109217204,0.618115842,0.240847006,0.233091027,0.0549746752,0.00387374707,0.02878513,0.0211271513,-0.0212868415,-0.293065757,-0.604415834,-0.107874632,-0.0173018891,0.54177469,-0.0925746635,-0.077110596,-0.0692018121,-0.502653837,-0.823142409,-0.251821309,-0.0737867206,0.293063432,-0.265520036,-0.227847084,-0.0811472759,0.154040247,-0.0786227956,0.101885825,-0.0761007145,-0.0504126027,-0.143227249,-0.0770309046,-0.0130914692,0.124249317,-0.223100945,0.0594087802,-0.0824888796,-0.00902095158,-0.207561642,-0.153375864,-0.00270716334
C1-PREPROC-P3-SPLIT_MEAN,GOLD-MODEL-C1-B10-R00000,-0.734200239,-0.41558969,-0.669584632,-0.664314687,-0.588918507,0.742149711,0.691661656,0.509162903,-0.782929718,-0.169526175,-0.668651342,-0.64196527,-0.583077252,0.817359984,0.779026985,0.571181059,-1.36533928,-1.2415694,-0.940087855,-0.63574487,-0.279365033,1.09077573,1.0230304,0.674466312,-1.41125488,-1.33909166,-0.891967475,-0.592034638,-0.146373361,1.12973678,1.05072474,0.613671422,-1.27769172,-1.41245317,-0.504568338,0.206493005,1.27244377,1.20629466,1.04803669,-0.0709259883,-1.31449974,-1.3353548,-0.799295306,-0.343995512,0.465942532,1.2280066,1.11579776,0.290479034,-1.3469764,-1.24596,-0.834605753,-0.43771407,-0.21286492,1.10315883,1.04972124,0.714163542,-1.3729347,-1.25948274,-0.832688332,-0.43073532,-0.153276652,1.12323499,1.05989337,0.685695052,-0.78073436,-0.409592122,-0.670679629,-0.645257473,-0.553589106,0.833960891,0.788383663,0.531399369,-0.78734833,-0.402938724,-0.716551304,-0.70237571,-0.64390862,0.825470388,0.774133503,0.542249978,-1.38719177,-1.30864942,-0.982188106,-0.714513361,-0.420048833,1.10724342,1.02741206,0.512969196,-1.45610583,-1.5117774,-0.910101414,-0.627061605,-0.194214523,1.23971033,1.13779354,0.401317298,-1.38694859,-1.48740494,-0.654660225,-0.034185268,1.2807157,1.2708627,1.08410406,-0.570537567,-1.46277153,-1.48907065,-0.743244052,-0.121608384,0.993606389,1.32383573,1.15372896,-0.248445943,-1.35158086,-1.25662744,-0.885307431,-0.530724287,-0.298977077,1.10166049,1.03612208,0.709461331,-1.41234303,-1.31255829,-0.875184894,-0.470409751,-0.0668709129,1.13396561,1.06533539,0.630456984,4.9766283,-0.578997016,-0.877517462,-0.0984204486,-5.98468351,2.56299019,0.907037079,0.0035062877,0.00260136742,0.00566968974,1.57466438e-05,0.0811699629,1,0.0571971349,-0.0416171849,0.062395025,0.0674382299,0.0532164983,0.00811327156,0.0194452517,0.0929299816,0.103154875,-0.0163669493,0.128222421,0.155534923,0.115628041,0.0632996857,0.0819393098,0.131634936,0.384421229,0.218764231,0.163766429,0.0141544584,0.00263134041,-0.0541510768,-0.00244929339,0.0240788292,0.641276538,0.391527027,0.249702379,0.0598505922,0.00770253036,0.0222204011,0.0759402588,0.112877518,-0.0853029341,-0.481989264,-0.016129801,0.0482891127,-0.301129639,0.0216609817,0.038653519,-0.0115680527,-0.15977186,-0.526706159,-0.0625570789,-0.110525638,0.100799471,0.0203949399,0.0296771321,0.00845088344,-0.141856402,-0.218012586,-0.0323195942,-0.100833058,-0.0479837693,-0.323166579,-0.233664438,-0.0561919846,-0.064046219,-0.103282295,0.00438171811,-0.0889248401,-0.028022863,-0.285199791,-0.211586982,-0.0261355601,0.158969656,0.112857312,0.14753896,0.142022029,0.100709513,0.107940726,0.112192653,0.148116052,0.0919347629,0.085869506,0.105436653,0.0879287645,0.077615343,-0.0118113942,-0.00155911315,0.101267666,0.532839596,0.305777758,0.183106735,0.0183117185,-0.0126339952,-0.00804297533,0.0149435373,0.109217204,0.618115842,0.240847021,0.233091027,0.0549746826,0.00387374707,0.02878513,0.0211271513,-0.0212868415,-0.293065757,-0.604415834,-0.107874632,-0.017301878,0.54177469,-0.092574656,-0.0771105886,-0.0692018121,-0.502653837,-0.82314235,-0.25182128,-0.0737867206,0.293063432,-0.265520036,-0.227847084,-0.0811472982,0.154040232,-0.0786227882,0.101885825,-0.076100722,-0.0504126027,-0.143227234,-0.0770309046,-0.0130914692,0.124249317,-0.223100916,0.0594087802,-0.0824888721,-0.00902094878,-0.207561642,-0.153375849,-0.00270716357
C1-PREPROC-P4-COMPENSATED,GOLD-MODEL-C1-B10-R00000,-0.734200299,-0.41558972,-0.669584572,-0.664314687,-0.588918507,0.74214977,0.691661596,0.509162903,-0.782929718,-0.169526175,-0.668651402,-0.64196527,-0.583077252,0.817359984,0.779026985,0.571181059,-1.36533916,-1.2415694,-0.940087855,-0.635744929,-0.279365033,1.09077573,1.02303028,0.674466312,-1.41125488,-1.33909178,-0.891967416,-0.592034638,-0.146373346,1.1297369,1.05072486,0.613671482,-1.2776916,-1.41245317,-0.504568338,0.206493005,1.27244377,1.20629454,1.04803658,-0.0709259883,-1.31449986,-1.33535469,-0.799295306,-0.343995512,0.465942502,1.2280066,1.11579776,0.290479034,-1.3469764,-1.24596,-0.834605813,-0.43771404,-0.21286492,1.10315883,1.04972124,0.714163542,-1.3729347,-1.25948286,-0.832688391,-0.43073532,-0.153276652,1.12323511,1.05989337,0.685695112,-0.78073436,-0.409592152,-0.670679688,-0.645257473,-0.553589046,0.833960891,0.788383663,0.531399369,-0.78734827,-0.402938694,-0.716551244,-0.70237571,-0.64390862,0.825470448,0.774133503,0.542249978,-1.38719189,-1.30864942,-0.982188165,-0.714513361,-0.420048863,1.10724342,1.02741194,0.512969196,-1.45610583,-1.51177728,-0.910101414,-0.627061605,-0.194214508,1.23971045,1.13779342,0.401317298,-1.3869487,-1.48740494,-0.654660165,-0.034185268,1.2807157,1.2708627,1.08410406,-0.570537627,-1.46277153,-1.48907065,-0.743244052,-0.121608391,0.993606389,1.32383573,1.15372896,-0.248445928,-1.35158086,-1.25662756,-0.885307431,-0.530724287,-0.298977047,1.10166049,1.0361222,0.709461331,-1.41234291,-1.31255817,-0.875184894,-0.470409751,-0.0668709055,1.13396549,1.06533539,0.630456984,4.97662926,-0.578996956,-0.877517223,-0.0984206274,-5.98468399,2.56298971,0.907037139,0.00350628467,0.00260136672,0.00566968461,1.57466147e-05,0.0811698437,1,0.0571971424,-0.0416171886,0.0623950176,0.0674382299,0.0532164983,0.00811327249,0.0194452498,0.0929299816,0.103154875,-0.0163669493,0.128222436,0.155534923,0.115628041,0.0632996857,0.0819393098,0.131634936,0.3844212,0.218764231,0.163766429,0.0141544593,0.00263134041,-0.0541510768,-0.00244929316,0.0240788292,0.641276538,0.391527057,0.249702364,0.0598505922,0.00770252943,0.022220403,0.0759402663,0.112877533,-0.0853029191,-0.481989264,-0.016129801,0.0482891127,-0.301129639,0.0216609798,0.0386535153,-0.0115680527,-0.15977186,-0.5267061,-0.0625570789,-0.110525638,0.100799464,0.0203949399,0.0296771321,0.00845088344,-0.141856402,-0.218012586,-0.0323195979,-0.100833051,-0.0479837693,-0.323166579,-0.233664438,-0.0561919846,-0.064046219,-0.10328231,0.00438171858,-0.0889248401,-0.028022863,-0.285199821,-0.211586982,-0.026135562,0.158969656,0.112857319,0.147538975,0.142022029,0.100709498,0.107940726,0.112192653,0.148116052,0.0919347554,0.085869506,0.105436645,0.0879287645,0.077615343,-0.0118113952,-0.00155911315,0.101267666,0.532839596,0.305777758,0.183106735,0.0183117185,-0.0126339961,-0.00804297533,0.0149435354,0.109217204,0.618115842,0.240847006,0.233091027,0.0549746826,0.00387374684,0.0287851337,0.0211271495,-0.0212868415,-0.293065786,-0.604415834,-0.107874624,-0.017301878,0.54177469,-0.092574656,-0.0771105886,-0.0692018196,-0.502653837,-0.82314235,-0.25182128,-0.0737867281,0.293063432,-0.265520036,-0.227847084,-0.0811472908,0.154040232,-0.0786227956,0.101885825,-0.076100722,-0.050412599,-0.143227234,-0.077030912,-0.0130914692,0.124249302,-0.223100901,0.0594087802,-0.0824888721,-0.00902094785,-0.207561627,-0.153375849,-0.00270716357
C1-PREPROC-P0-BASELINE,GOLD-MODEL-C1-B10-R00009,-0.719938338,-0.678396702,-0.721632242,-0.742137372,-0.650609434,0.705927849,0.652539909,0.477389187,-0.803824425,-0.750318646,-0.788763285,-0.792083323,-0.704058349,0.803476334,0.758660078,0.562690437,0.374072939,-0.10584078,0.324665755,0.0951322168,0.329161763,0.156185821,0.0664580464,-0.989477873,0.657635689,-0.0264808591,0.491121739,0.184063494,0.584884644,0.0026882526,-0.0409426726,-1.34536505,0.670562983,0.268582076,0.692030966,0.70460397,1.1127547,-0.575832486,-0.760588646,-2.07374358,0.0942854434,0.360132068,0.0283703487,-0.0720322952,0.563952565,-0.018306179,-0.145163104,-0.855307043,0.133842155,-0.505687773,0.246037051,0.0615950748,0.249838248,0.235360578,0.114230812,-0.5667395,0.315454662,-0.446047395,0.342415452,0.0844164491,0.316867828,0.167550355,0.119201876,-0.611243427,-0.80743289,-0.835210621,-0.791609824,-0.796559989,-0.676267564,0.800205112,0.746517718,0.518150508,-0.784742653,-0.754377484,-0.782998264,-0.78604269,-0.685590446,0.785757124,0.732206404,0.50540483,-0.367830724,-0.650728643,-0.290602833,-0.296649605,-0.0212123003,0.496598423,0.454068691,-0.301508009,0.0551943853,-0.621512294,-0.0378102921,-0.15875791,0.260318428,0.301590919,0.187303901,-1.29801166,0.495034188,0.718833923,0.37505579,0.176416054,1.16346025,-0.382241338,-0.483379751,-1.88184619,0.607367098,1.05161226,0.404669911,0.140421972,1.18420684,-0.582151234,-0.730290711,-1.69417107,-0.496846884,-0.858425081,-0.359432638,-0.27901721,0.108407348,0.540362537,0.458559126,-0.118478335,-0.488254935,-0.868188322,-0.341684461,-0.312200427,0.0198046118,0.50940007,0.421280921,-0.0920626596,8.405303,0.687745631,13.0269041,-4.92377472,-7.04217434,-10.154007,0.00974116568,4.33429568e-06,0.990254462,1.58440283e-08,1.90483251e-09,8.48017212e-11,3,0.179749727,0.312059551,0.0953268856,0.081237942,0.0581547618,0.160869345,0.1235094,0.034664765,0.246594414,0.405207723,0.110415086,0.0744297579,0.0695003569,0.20879285,0.168594733,0.0480591021,0.166421041,0.00299278763,0.0299932715,0.00341618643,0.0251819044,0.0354169868,0.0126386639,0.0474294424,0.503141463,-0.00570022641,0.103743374,0.0233831927,0.0896579698,0.000340371014,-0.00417638198,0.103715859,0.314274371,0.0951990783,0.0551218241,-0.0558972806,0.204205871,0.174943089,0.161452055,0.911717951,0.0406871699,0.111532338,0.00164224755,0.00614779908,0.0440386981,0.00558858411,0.0379644856,0.11182078,0.0177540425,0.174746931,-0.0108933058,-0.00463657873,0.000228567311,0.083395496,0.0360693969,-0.0989299044,0.0819669664,0.123836368,0.00764077809,-0.00164129888,0.0110159097,0.0525987633,0.0330415592,-0.00530424435,0.223800823,0.361853123,0.105899893,0.0878219455,0.0791289955,0.193696156,0.156516239,0.0504523441,0.225204349,0.334918559,0.10826394,0.0983612537,0.0746412873,0.208197951,0.168240443,0.0455121808,-0.206450418,-0.0838385075,-0.0307891723,-0.0134389345,-0.00186662446,0.0771155059,0.0559916496,0.0219400544,0.0411950052,-0.176788405,-0.00702460762,-0.017964419,0.0299570728,0.00107665313,0.00467647426,0.190316394,0.181552708,0.103251502,-0.00531039853,-0.0283972304,-0.190357462,0.0970131978,0.104406528,0.429754138,0.192016885,0.0772347152,-0.0401780419,-0.0331847183,-0.140920475,0.11254397,0.106245808,0.430214584,-0.160531387,0.176687941,-0.0148471948,3.69703375e-05,0.00625989633,0.126208976,0.0915215984,-0.00600480614,-0.156790122,0.174057603,-0.00153521798,0.0153998099,-0.000475546345,0.122282669,0.0915367082,0.000503825548
C1-PREPROC-P1-RECIPROCAL,GOLD-MODEL-C1-B10-R00009,-0.719938338,-0.678396761,-0.721632183,-0.742137313,-0.650609434,0.705927908,0.652539909,0.477389187,-0.803824425,-0.750318646,-0.788763285,-0.792083323,-0.704058349,0.803476334,0.758660078,0.562690437,0.374072939,-0.10584078,0.324665725,0.0951322243,0.329161763,0.156185821,0.0664580464,-0.989477873,0.657635689,-0.026480861,0.491121769,0.184063494,0.584884644,0.00268825283,-0.0409426726,-1.34536517,0.670562923,0.268582076,0.692030966,0.70460397,1.1127547,-0.575832427,-0.760588646,-2.07374358,0.0942854509,0.360132068,0.0283703487,-0.0720322877,0.563952506,-0.018306179,-0.145163104,-0.855306983,0.133842155,-0.505687833,0.246037051,0.0615950711,0.249838248,0.235360578,0.114230812,-0.5667395,0.315454662,-0.446047395,0.342415452,0.0844164491,0.316867828,0.16755037,0.119201884,-0.611243427,-0.80743289,-0.835210621,-0.791609824,-0.796559989,-0.676267564,0.800205112,0.746517658,0.518150508,-0.784742653,-0.754377425,-0.782998264,-0.78604269,-0.685590446,0.785757124,0.732206404,0.50540483,-0.367830753,-0.650728643,-0.290602863,-0.296649605,-0.0212122984,0.496598423,0.454068691,-0.301508009,0.0551943853,-0.621512294,-0.0378102921,-0.15875791,0.260318428,0.301590919,0.187303901,-1.29801166,0.495034188,0.718833923,0.37505576,0.176416054,1.16346025,-0.382241338,-0.483379751,-1.88184631,0.607367098,1.05161226,0.404669911,0.140421972,1.18420684,-0.582151175,-0.730290711,-1.69417095,-0.496846884,-0.858425081,-0.359432638,-0.27901721,0.108407341,0.540362537,0.458559155,-0.118478335,-0.488254935,-0.868188262,-0.341684461,-0.312200427,0.0198046118,0.50940007,0.42128095,-0.0920626596,8.405303,0.687745631,13.0269041,-4.92377472,-7.04217434,-10.154007,0.00974116568,4.33429568e-06,0.990254462,1.58440283e-08,1.90483251e-09,8.48017212e-11,3,0.179749727,0.312059581,0.0953268781,0.0812379345,0.0581547618,0.16086936,0.1235094,0.034664765,0.246594414,0.405207723,0.110415086,0.0744297579,0.0695003569,0.20879285,0.168594733,0.0480591021,0.166421041,0.00299278763,0.0299932696,0.00341618666,0.0251819044,0.0354169868,0.0126386639,0.0474294424,0.503141463,-0.00570022687,0.103743382,0.0233831927,0.0896579698,0.000340371043,-0.00417638198,0.103715867,0.314274341,0.0951990783,0.0551218241,-0.0558972806,0.204205871,0.17494306,0.161452055,0.911717951,0.0406871736,0.111532338,0.00164224755,0.00614779862,0.0440386906,0.00558858411,0.0379644856,0.111820772,0.0177540425,0.17474696,-0.0108933058,-0.00463657826,0.000228567311,0.083395496,0.0360693969,-0.0989299044,0.0819669664,0.123836368,0.00764077809,-0.00164129888,0.0110159097,0.0525987707,0.0330415629,-0.00530424435,0.223800823,0.361853123,0.105899893,0.0878219455,0.0791289955,0.193696156,0.156516224,0.0504523441,0.225204349,0.334918529,0.10826394,0.0983612537,0.0746412873,0.208197951,0.168240443,0.0455121808,-0.206450433,-0.0838385075,-0.030789176,-0.0134389345,-0.00186662422,0.0771155059,0.0559916496,0.0219400544,0.0411950052,-0.176788405,-0.00702460762,-0.017964419,0.0299570728,0.00107665313,0.00467647426,0.190316394,0.181552708,0.103251502,-0.00531039806,-0.0283972304,-0.190357462,0.0970131978,0.104406528,0.429754168,0.192016885,0.0772347152,-0.0401780419,-0.0331847183,-0.140920475,0.112543955,0.106245808,0.430214554,-0.160531387,0.176687941,-0.0148471948,3.69703375e-05,0.00625989633,0.126208976,0.0915216058,-0.00600480614,-0.156790122,0.174057588,-0.00153521798,0.0153998099,-0.000475546345,0.122282669,0.0915367156,0.000503825548
C1-PREPROC-P2-AFFINE,GOLD-MODEL-C1-B10-R00009,-0.719938397,-0.678396642,-0.721632183,-0.742137432,-0.650609493,0.705927849,0.652539909,0.477389187,-0.803824425,-0.750318587,-0.788763285,-0.792083383,-0.704058349,0.803476393,0.758660078,0.562690496,0.374072909,-0.105840683,0.324665785,0.0951322317,0.329161763,0.156185865,0.066458106,-0.989477754,0.65763557,-0.026480794,0.491121769,0.184063554,0.584884644,0.00268816948,-0.0409426689,-1.34536529,0.670562863,0.268582106,0.692031026,0.70460391,1.11275494,-0.575832367,-0.760588646,-2.07374358,0.0942856073,0.360131979,0.0283703804,-0.0720323324,0.563952446,-0.0183062553,-0.145163059,-0.855306864,0.13384223,-0.505687833,0.246037006,0.0615950823,0.249838114,0.235360682,0.114230752,-0.56673944,0.315454721,-0.446047425,0.342415571,0.0844163895,0.316867828,0.167550206,0.119201899,-0.611243486,-0.80743289,-0.835210621,-0.791609883,-0.796559989,-0.676267564,0.800205112,0.746517658,0.518150508,-0.784742653,-0.754377484,-0.782998204,-0.78604275,-0.685590506,0.785757124,0.732206404,0.50540489,-0.367830634,-0.650728703,-0.290602803,-0.296649635,-0.0212123394,0.496598423,0.45406878,-0.301508069,0.0551943779,-0.621512294,-0.0378103256,-0.158757925,0.260318398,0.301590919,0.187303901,-1.29801166,0.495034099,0.718833923,0.37505579,0.17641592,1.16346025,-0.382241249,-0.483379722,-1.88184643,0.607367158,1.05161214,0.404669881,0.140421987,1.18420672,-0.582151175,-0.730290532,-1.69417095,-0.496846914,-0.858425021,-0.359432697,-0.27901715,0.108407259,0.540362537,0.458559096,-0.118478298,-0.488255024,-0.868188441,-0.341684461,-0.312200546,0.0198045969,0.509400189,0.42128098,-0.0920627117,8.405303,0.68774569,13.0269032,-4.9237752,-7.04217482,-10.1540051,0.00974117499,4.33430023e-06,0.990254462,1.58440585e-08,1.90483251e-09,8.48020335e-11,3,0.179749742,0.312059522,0.0953268781,0.0812379494,0.0581547655,0.160869345,0.1235094,0.034664765,0.246594414,0.405207694,0.110415086,0.0744297653,0.0695003569,0.208792865,0.168594733,0.0480591059,0.166421026,0.00299278484,0.0299932733,0.00341618713,0.0251819044,0.035416998,0.012638675,0.0474294387,0.503141403,-0.00570021244,0.103743382,0.0233832002,0.0896579698,0.000340360508,-0.00417638151,0.103715874,0.314274311,0.0951990932,0.0551218279,-0.0558972768,0.204205915,0.174943045,0.161452055,0.911717951,0.0406872407,0.111532308,0.00164224929,0.00614780234,0.0440386869,0.0055886074,0.0379644744,0.111820757,0.0177540518,0.17474696,-0.0108933039,-0.00463657919,0.00022856718,0.0833955333,0.0360693783,-0.0989298895,0.0819669813,0.123836376,0.00764078042,-0.00164129783,0.0110159097,0.0525987186,0.0330415666,-0.00530424481,0.223800823,0.361853123,0.1058999,0.0878219455,0.0791289955,0.193696156,0.156516224,0.0504523441,0.225204349,0.334918559,0.108263932,0.0983612612,0.0746412948,0.208197951,0.168240443,0.0455121882,-0.206450373,-0.083838515,-0.0307891686,-0.0134389354,-0.00186662783,0.0771155059,0.0559916608,0.02194006,0.0411949977,-0.176788405,-0.00702461367,-0.017964419,0.0299570691,0.00107665313,0.00467647426,0.190316394,0.181552678,0.103251502,-0.00531039853,-0.0283972081,-0.190357462,0.0970131755,0.104406521,0.429754198,0.1920169,0.0772347078,-0.0401780382,-0.0331847221,-0.14092046,0.112543955,0.106245786,0.430214554,-0.160531402,0.176687926,-0.0148471966,3.69703303e-05,0.0062598912,0.126208976,0.0915215984,-0.00600480428,-0.156790152,0.174057633,-0.00153521798,0.0153998155,-0.000475545967,0.122282699,0.0915367231,0.000503825839
C1-PREPROC-P3-SPLIT_MEAN,GOLD-MODEL-C1-B10-R00009,-0.719938338,-0.678396702,-0.721632242,-0.742137372,-0.650609434,0.705927849,0.652539909,0.477389216,-0.803824425,-0.750318587,-0.788763285,-0.792083323,-0.704058349,0.803476334,0.758660078,0.562690437,0.374072939,-0.105840757,0.324665755,0.0951321945,0.329161763,0.156185806,0.0664580911,-0.989477873,0.657635629,-0.0264808331,0.491121709,0.184063524,0.584884644,0.00268825493,-0.0409426689,-1.34536505,0.670562923,0.268581957,0.692031026,0.70460397,1.1127547,-0.575832427,-0.760588646,-2.07374358,0.0942854807,0.360132039,0.0283703767,-0.0720322579,0.563952625,-0.0183062423,-0.145163104,-0.855307043,0.1338422,-0.505687714,0.246037096,0.0615950823,0.249838218,0.235360622,0.114230782,-0.56673944,0.315454662,-0.446047425,0.342415482,0.0844163895,0.316867828,0.16755034,0.119201861,-0.611243367,-0.80743289,-0.835210562,-0.791609824,-0.79655993,-0.676267564,0.800205112,0.746517718,0.518150508,-0.784742653,-0.754377544,-0.782998264,-0.78604269,-0.685590506,0.785757124,0.732206404,0.50540483,-0.367830724,-0.650728703,-0.290602773,-0.296649635,-0.0212122817,0.496598452,0.454068691,-0.301508039,0.0551943555,-0.621512294,-0.0378103256,-0.158757955,0.260318428,0.30159089,0.187303916,-1.29801166,0.495034248,0.718833923,0.37505585,0.176416039,1.16346025,-0.382241279,-0.483379751,-1.88184619,0.607367098,1.05161226,0.40466994,0.140422016,1.18420684,-0.582151234,-0.730290651,-1.69417107,-0.496846795,-0.858425021,-0.359432638,-0.27901718,0.108407304,0.540362597,0.458559096,-0.118478373,-0.488254994,-0.868188322,-0.341684461,-0.312200457,0.0198046155,0.50940007,0.42128098,-0.092062667,8.405303,0.687746584,13.0269041,-4.92377472,-7.04217434,-10.154007,0.00974116568,4.33430023e-06,0.990254462,1.58440283e-08,1.90483251e-09,8.48017212e-11,3,0.179749727,0.312059551,0.0953268856,0.081237942,0.0581547618,0.160869345,0.1235094,0.034664765,0.246594414,0.405207694,0.110415086,0.0744297579,0.0695003569,0.20879285,0.168594733,0.0480591021,0.166421041,0.00299278693,0.0299932715,0.00341618573,0.0251819044,0.0354169831,0.0126386723,0.0474294424,0.503141403,-0.00570022082,0.103743367,0.0233831964,0.0896579698,0.000340371334,-0.00417638151,0.103715859,0.314274341,0.0951990411,0.0551218279,-0.0558972806,0.204205871,0.17494306,0.161452055,0.911717951,0.0406871885,0.111532331,0.00164224918,0.00614779582,0.0440387018,0.00558860321,0.0379644856,0.11182078,0.0177540481,0.174746916,-0.0108933086,-0.00463657919,0.000228567282,0.0833955109,0.0360693894,-0.0989298895,0.0819669664,0.123836376,0.00764077855,-0.00164129783,0.0110159097,0.0525987595,0.0330415554,-0.00530424388,0.223800823,0.361853093,0.105899893,0.0878219381,0.0791289955,0.193696156,0.156516239,0.0504523441,0.225204349,0.334918588,0.10826394,0.0983612537,0.0746412948,0.208197951,0.168240443,0.0455121808,-0.206450418,-0.083838515,-0.0307891667,-0.0134389354,-0.00186662283,0.0771155134,0.0559916496,0.0219400562,0.0411949828,-0.176788405,-0.00702461367,-0.0179644227,0.0299570728,0.00107665302,0.00467647426,0.190316394,0.181552738,0.103251502,-0.00531039946,-0.0283972267,-0.190357462,0.0970131829,0.104406528,0.429754138,0.192016885,0.0772347152,-0.0401780419,-0.0331847295,-0.140920475,0.11254397,0.106245801,0.430214584,-0.160531357,0.176687926,-0.0148471948,3.69703339e-05,0.006259894,0.126208991,0.0915215984,-0.006004808,-0.156790137,0.174057603,-0.00153521798,0.0153998109,-0.000475546432,0.122282669,0.0915367231,0.000503825606
C1-PREPROC-P4-COMPENSATED,GOLD-MODEL-C1-B10-R00009,-0.719938338,-0.678396702,-0.721632183,-0.742137313,-0.650609434,0.705927908,0.652539909,0.477389216,-0.803824425,-0.750318527,-0.788763344,-0.792083323,-0.704058349,0.803476334,0.758660078,0.562690437,0.374072939,-0.105840757,0.324665755,0.0951322019,0.329161763,0.156185806,0.0664580837,-0.989477873,0.657635629,-0.0264808349,0.49112168,0.184063539,0.584884644,0.00268825516,-0.0409426689,-1.34536517,0.670562923,0.268581957,0.692031026,0.70460397,1.1127547,-0.575832427,-0.760588646,-2.07374358,0.0942854732,0.360132009,0.0283703767,-0.0720322579,0.563952565,-0.0183062423,-0.145163089,-0.855307043,0.1338422,-0.505687714,0.246037096,0.0615950786,0.249838218,0.235360622,0.114230782,-0.56673944,0.315454662,-0.446047425,0.342415482,0.0844163895,0.316867828,0.16755034,0.119201861,-0.611243367,-0.80743289,-0.835210621,-0.791609883,-0.79655993,-0.676267505,0.800205112,0.746517658,0.518150508,-0.784742653,-0.754377484,-0.782998264,-0.78604269,-0.685590446,0.785757124,0.732206404,0.50540483,-0.367830753,-0.650728703,-0.290602773,-0.296649635,-0.0212122835,0.496598452,0.454068691,-0.301508069,0.0551943555,-0.621512294,-0.0378103256,-0.158757955,0.260318428,0.30159089,0.187303931,-1.29801166,0.495034248,0.718833923,0.375055879,0.176416025,1.16346025,-0.382241249,-0.483379751,-1.88184619,0.607367098,1.05161226,0.40466994,0.140422016,1.18420684,-0.582151175,-0.730290651,-1.69417095,-0.496846795,-0.858425021,-0.359432638,-0.27901718,0.108407304,0.540362597,0.458559096,-0.118478373,-0.488254964,-0.868188322,-0.341684461,-0.312200457,0.0198046155,0.50940007,0.42128098,-0.092062667,8.405303,0.687746584,13.0269041,-4.92377472,-7.04217434,-10.154007,0.00974116568,4.33430023e-06,0.990254462,1.58440283e-08,1.90483251e-09,8.48017212e-11,3,0.179749727,0.312059551,0.0953268781,0.0812379345,0.0581547618,0.16086936,0.1235094,0.034664765,0.246594414,0.405207664,0.110415094,0.0744297579,0.0695003569,0.20879285,0.168594733,0.0480591021,0.166421041,0.00299278693,0.0299932715,0.00341618597,0.0251819044,0.0354169831,0.0126386704,0.0474294424,0.503141403,-0.00570022129,0.103743359,0.0233831983,0.0896579698,0.000340371364,-0.00417638151,0.103715867,0.314274341,0.0951990411,0.0551218279,-0.0558972806,0.204205871,0.17494306,0.161452055,0.911717951,0.0406871848,0.111532316,0.00164224918,0.00614779582,0.0440386981,0.00558860321,0.0379644819,0.11182078,0.0177540481,0.174746916,-0.0108933086,-0.00463657873,0.000228567282,0.0833955109,0.0360693894,-0.0989298895,0.0819669664,0.123836376,0.00764077855,-0.00164129783,0.0110159097,0.0525987595,0.0330415554,-0.00530424388,0.223800823,0.361853123,0.1058999,0.0878219381,0.0791289881,0.193696156,0.156516224,0.0504523441,0.225204349,0.334918559,0.10826394,0.0983612537,0.0746412873,0.208197951,0.168240443,0.0455121808,-0.206450433,-0.083838515,-0.0307891667,-0.0134389354,-0.00186662294,0.0771155134,0.0559916496,0.02194006,0.0411949828,-0.176788405,-0.00702461367,-0.0179644227,0.0299570728,0.00107665302,0.00467647472,0.190316394,0.181552738,0.103251502,-0.00531039992,-0.0283972248,-0.190357462,0.0970131755,0.104406528,0.429754138,0.192016885,0.0772347152,-0.0401780419,-0.0331847295,-0.140920475,0.112543955,0.106245801,0.430214554,-0.160531357,0.176687926,-0.0148471948,3.69703339e-05,0.006259894,0.126208991,0.0915215984,-0.006004808,-0.156790137,0.174057603,-0.00153521798,0.0153998109,-0.000475546432,0.122282669,0.0915367231,0.000503825606
C1-PREPROC-P0-BASELINE,GOLD-MODEL-C1-B10-R00815,-0.745023012,-0.679437518,-0.743872821,-0.764321685,-0.659125388,0.727998793,0.676441669,0.500286937,-0.730503142,-0.191124737,-0.722563744,-0.739145875,-0.673027694,0.738437951,0.707089663,0.494363546,-0.117104299,-0.0606047623,0.3112441,0.46045059,0.58713305,0.111199379,0.0534430258,-0.773648143,-0.053700842,-0.0829844102,0.350272179,0.441755623,0.622068167,0.0295552555,-0.0395086631,-1.1599468,-0.217037365,-0.449971616,0.219949007,0.397151023,1.44387829,0.372748971,0.199643001,-1.35622096,-0.528730869,-0.479905695,-0.264691144,-0.156242818,0.817246735,0.634168506,0.505231321,-0.504390121,-0.178753793,-0.502509236,0.261325955,0.384435922,0.604290903,0.162431225,0.120829053,-0.568079054,-0.138695091,-0.494450867,0.315224886,0.421897292,0.810135722,0.121060506,0.0328214616,-0.562124968,-0.804516077,-0.724170029,-0.792394698,-0.800402164,-0.670363426,0.818783998,0.77228421,0.533842206,-0.801061749,-0.644985616,-0.800099015,-0.804338157,-0.71695888,0.811377764,0.766018212,0.531484246,-0.142168224,-0.128279388,0.23178108,0.34371081,0.651753008,0.148483083,0.105976142,-0.805818319,-0.174365968,-0.503060937,0.205468565,0.376633644,0.877340257,0.154037371,0.0576095805,-0.945514858,-0.437547803,-0.295139045,-0.15618448,-0.078796044,1.24189949,0.53647238,0.316695899,-1.1717962,-0.476413518,-0.214205936,-0.247125655,-0.139119864,0.746315956,0.56000334,0.392651439,-1.41382802,-0.255656093,-0.60513097,0.104688175,0.238078028,0.621392429,0.215321869,0.17626068,-0.508126259,-0.311442405,-0.682430863,0.0493272617,0.179797485,0.553097486,0.239510447,0.208376586,-0.487153322,5.66722918,7.59859419,7.5907836,-2.88491321,-7.31829119,-10.6534042,0.0678225458,0.467902362,0.464262009,1.30986318e-05,1.55537194e-07,5.53876367e-09,2,0.22637029,0.388677508,0.145629555,0.12875618,0.100715622,0.196684018,0.157914162,0.0485598482,0.251966089,0.119370908,0.150307536,0.116497859,0.0912148058,0.244261622,0.209961563,0.061084915,-0.0151405456,-0.024978403,0.104388729,0.105652004,0.0845550969,-0.0408572629,-0.0193614904,0.0506304167,0.00030836591,-0.0261571892,0.102771752,0.0876480117,0.06849996,-0.010228646,0.0141953873,0.232151136,0.0905214623,0.241874233,-0.000837880594,-0.0234097689,0.201132298,0.0570197925,0.0113060353,-0.267439961,0.214619726,0.240732804,-0.000540798064,0.0135889165,-0.0745034516,0.0914448872,0.033031445,-0.0726588443,-0.00390402647,-0.240965679,0.0724318177,0.0484980792,0.0226422995,-0.0435315371,-0.0363224186,0.0964701325,0.00258922484,-0.252951562,0.079853341,0.0333038568,0.029866185,-0.0337105654,-0.0098528415,0.050220456,0.266658753,0.373884976,0.158236653,0.132447004,0.106599458,0.260240972,0.222308978,0.0717449114,0.279693514,0.347367406,0.182603195,0.160875946,0.14197886,0.287550151,0.243391499,0.0820337832,-0.0135995708,-0.0438817628,0.0726524144,0.0752076283,0.0837996379,-0.0499288589,-0.0344174094,0.165213689,0.0208109114,-0.0805320889,0.0507456809,0.0648783594,0.0867634267,-0.0334123075,-0.0130960066,-0.0821020901,0.215158299,0.137046397,0.00644970126,0.0147959283,-0.0665173084,0.105767876,0.0450398885,-0.260804206,0.229002595,0.095232293,0.00951474067,0.0176294502,0.0618135557,0.106039561,0.0451355539,-0.287079602,0.000474260101,-0.293077171,0.0300791264,0.0236354265,0.0252110846,-0.0583037511,-0.0544899404,0.0602733493,0.0173301976,-0.268312752,0.0136529999,0.0230783243,0.0647765025,-0.0528456829,-0.0539215058,0.0267259758
C1-PREPROC-P1-RECIPROCAL,GOLD-MODEL-C1-B10-R00815,-0.745023012,-0.679437518,-0.743872762,-0.764321625,-0.659125388,0.727998853,0.67644161,0.500286937,-0.730503142,-0.191124737,-0.722563744,-0.739145875,-0.673027754,0.738437951,0.707089663,0.494363546,-0.117104299,-0.0606047623,0.3112441,0.460450649,0.58713305,0.111199386,0.0534430221,-0.773648083,-0.053700842,-0.0829844102,0.350272179,0.441755623,0.622068107,0.0295552574,-0.0395086668,-1.15994692,-0.217037365,-0.449971646,0.219949007,0.397151023,1.44387829,0.372748971,0.199642986,-1.35622096,-0.528730929,-0.479905665,-0.264691144,-0.156242818,0.817246675,0.634168506,0.505231321,-0.504390121,-0.178753793,-0.502509236,0.261325955,0.384435892,0.604290903,0.162431225,0.120829053,-0.568079054,-0.138695091,-0.494450897,0.315224916,0.421897322,0.810135722,0.121060513,0.0328214653,-0.562124968,-0.804516137,-0.724170029,-0.792394638,-0.800402224,-0.670363367,0.818783998,0.77228421,0.533842206,-0.801061749,-0.644985557,-0.800099015,-0.804338157,-0.716958821,0.811377764,0.766018212,0.531484246,-0.142168224,-0.128279388,0.231781095,0.34371081,0.651753008,0.148483083,0.105976135,-0.805818319,-0.174365982,-0.503060877,0.205468565,0.376633644,0.877340257,0.154037371,0.0576095767,-0.945514858,-0.437547803,-0.295139045,-0.156184465,-0.078796044,1.24189949,0.536472321,0.316695899,-1.17179632,-0.476413488,-0.21420595,-0.247125655,-0.139119864,0.746315897,0.56000334,0.392651439,-1.4138279,-0.255656093,-0.60513097,0.104688182,0.238078028,0.621392429,0.215321869,0.17626068,-0.508126259,-0.311442405,-0.682430804,0.0493272617,0.179797485,0.553097427,0.239510447,0.208376601,-0.487153322,5.66722918,7.59859514,7.59078312,-2.88491368,-7.31829119,-10.6534042,0.0678225234,0.46790269,0.464261681,1.30986155e-05,1.55537137e-07,5.53876722e-09,2,0.22637029,0.388677508,0.14562954,0.128756166,0.100715622,0.196684033,0.157914147,0.0485598482,0.251966089,0.119370908,0.150307536,0.116497859,0.0912148133,0.244261622,0.209961563,0.061084915,-0.0151405456,-0.024978403,0.104388729,0.105652019,0.0845550969,-0.0408572666,-0.0193614885,0.050630413,0.00030836591,-0.0261571892,0.102771752,0.0876480117,0.0684999526,-0.0102286469,0.0141953882,0.232151151,0.0905214623,0.241874248,-0.000837880594,-0.0234097689,0.201132298,0.0570197925,0.0113060344,-0.267439961,0.214619741,0.240732789,-0.000540798064,0.0135889165,-0.0745034441,0.0914448872,0.033031445,-0.0726588443,-0.00390402647,-0.240965679,0.0724318177,0.0484980755,0.0226422995,-0.0435315371,-0.0363224186,0.0964701325,0.00258922484,-0.252951562,0.0798533484,0.0333038606,0.029866185,-0.0337105691,-0.00985284336,0.050220456,0.266658783,0.373884976,0.158236638,0.132447019,0.10659945,0.260240972,0.222308978,0.0717449114,0.279693514,0.347367376,0.182603195,0.160875946,0.141978845,0.287550151,0.243391499,0.0820337832,-0.0135995708,-0.0438817628,0.0726524219,0.0752076283,0.0837996379,-0.0499288589,-0.0344174094,0.165213689,0.0208109133,-0.080532074,0.0507456809,0.0648783594,0.0867634267,-0.0334123075,-0.0130960057,-0.0821020901,0.215158299,0.137046397,0.0064497008,0.0147959283,-0.0665173084,0.105767861,0.0450398885,-0.260804236,0.22900258,0.0952323005,0.00951474067,0.0176294502,0.0618135519,0.106039561,0.0451355539,-0.287079602,0.000474260101,-0.293077171,0.0300791282,0.0236354265,0.0252110846,-0.0583037511,-0.0544899404,0.0602733493,0.0173301976,-0.268312722,0.0136529999,0.0230783243,0.0647764951,-0.0528456829,-0.0539215133,0.0267259758
C1-PREPROC-P2-AFFINE,GOLD-MODEL-C1-B10-R00815,-0.745023012,-0.679437459,-0.743872762,-0.764321685,-0.659125388,0.727998793,0.676441669,0.500286937,-0.730503082,-0.191124678,-0.722563744,-0.739145875,-0.673027754,0.73843801,0.707089663,0.494363546,-0.117104411,-0.0606046915,0.31124413,0.460450649,0.58713305,0.111199379,0.0534430742,-0.773648024,-0.0537008047,-0.0829844475,0.350272298,0.441755652,0.622068048,0.0295552015,-0.0395087004,-1.15994692,-0.217037439,-0.449971676,0.219949126,0.397150993,1.44387829,0.37274909,0.199643016,-1.35622096,-0.52873075,-0.479905844,-0.264691114,-0.156242847,0.817246556,0.634168446,0.50523138,-0.504390001,-0.178753734,-0.502509236,0.261325955,0.384435892,0.604290843,0.162431359,0.120828986,-0.568078995,-0.138695121,-0.494450927,0.315225005,0.421897292,0.810135722,0.121060371,0.0328214169,-0.562124968,-0.804516077,-0.724170029,-0.792394757,-0.800402164,-0.670363367,0.818784058,0.77228415,0.533842206,-0.801061749,-0.644985616,-0.800098956,-0.804338157,-0.71695888,0.811377764,0.766018271,0.531484246,-0.142168164,-0.128279448,0.231781125,0.34371078,0.651752949,0.148483038,0.105976224,-0.805818439,-0.174365997,-0.503060818,0.205468535,0.376633644,0.877340317,0.154037356,0.0576095581,-0.945514798,-0.437547803,-0.295139074,-0.156184435,-0.0787961483,1.24189949,0.536472499,0.316695929,-1.17179632,-0.476413488,-0.21420598,-0.247125626,-0.139119864,0.746315956,0.56000334,0.392651558,-1.4138279,-0.255656123,-0.605130911,0.104688168,0.238078117,0.621392369,0.215321898,0.176260591,-0.508126259,-0.311442494,-0.682430923,0.0493272543,0.179797411,0.553097367,0.239510536,0.208376586,-0.487153292,5.66722918,7.59859371,7.5907836,-2.88491368,-7.31829119,-10.6534052,0.0678225532,0.467902213,0.464262068,1.30986273e-05,1.55537137e-07,5.53876145e-09,2,0.22637029,0.388677478,0.14562954,0.12875618,0.100715622,0.196684018,0.157914162,0.0485598482,0.251966059,0.11937087,0.150307536,0.116497859,0.0912148133,0.244261652,0.209961563,0.061084915,-0.0151405605,-0.0249783732,0.104388736,0.105652019,0.0845550969,-0.0408572629,-0.0193615071,0.0506304093,0.000308365707,-0.0261572003,0.102771789,0.0876480192,0.0684999451,-0.0102286274,0.0141954003,0.232151151,0.0905214921,0.241874263,-0.00083788106,-0.0234097671,0.201132298,0.0570198111,0.0113060363,-0.267439961,0.214619681,0.240732878,-0.000540798006,0.0135889193,-0.0745034367,0.0914448798,0.0330314487,-0.0726588219,-0.0039040253,-0.240965679,0.0724318177,0.0484980755,0.0226422977,-0.0435315706,-0.0363224,0.096470125,0.0025892253,-0.252951592,0.0798533708,0.0333038568,0.029866185,-0.0337105282,-0.00985282846,0.050220456,0.266658753,0.373884976,0.158236668,0.132447004,0.10659945,0.260241002,0.222308964,0.0717449114,0.279693514,0.347367406,0.18260318,0.160875946,0.14197886,0.287550151,0.243391514,0.0820337832,-0.0135995653,-0.0438817851,0.0726524293,0.0752076209,0.0837996304,-0.049928844,-0.0344174393,0.165213719,0.0208109152,-0.0805320665,0.0507456735,0.0648783594,0.0867634341,-0.0334123038,-0.013096001,-0.0821020827,0.215158299,0.137046412,0.0064496994,0.0147959478,-0.0665173084,0.105767898,0.0450398922,-0.260804236,0.22900258,0.0952323079,0.00951473974,0.0176294502,0.0618135557,0.106039561,0.0451355651,-0.287079602,0.00047426016,-0.293077141,0.0300791245,0.0236354358,0.0252110828,-0.0583037585,-0.0544899143,0.0602733493,0.0173302032,-0.268312782,0.013652998,0.0230783131,0.0647764951,-0.0528457016,-0.0539215058,0.0267259739
C1-PREPROC-P3-SPLIT_MEAN,GOLD-MODEL-C1-B10-R00815,-0.745023012,-0.679437459,-0.743872821,-0.764321685,-0.659125388,0.727998793,0.676441669,0.500286996,-0.730503142,-0.191124693,-0.722563744,-0.739145935,-0.673027694,0.738437951,0.707089663,0.494363546,-0.117104299,-0.0606047362,0.31124413,0.46045059,0.58713305,0.111199372,0.0534430668,-0.773648143,-0.053700868,-0.0829843804,0.350272149,0.441755652,0.622068167,0.0295552574,-0.0395086594,-1.1599468,-0.217037395,-0.449971735,0.219949022,0.397151083,1.44387829,0.372749031,0.199642986,-1.35622096,-0.52873081,-0.479905725,-0.264691114,-0.156242788,0.817246795,0.634168446,0.505231321,-0.504390121,-0.178753749,-0.502509117,0.261325985,0.384435922,0.604290843,0.16243127,0.120829023,-0.568078995,-0.138695091,-0.494450927,0.315224916,0.421897233,0.810135722,0.121060491,0.0328214392,-0.562124908,-0.804516077,-0.72416997,-0.792394698,-0.800402105,-0.670363367,0.818783998,0.77228421,0.533842206,-0.801061749,-0.644985676,-0.800099015,-0.804338157,-0.71695894,0.811377764,0.766018212,0.531484246,-0.142168209,-0.128279433,0.23178114,0.34371075,0.651753008,0.148483112,0.105976142,-0.805818319,-0.174365997,-0.503060937,0.205468521,0.376633584,0.877340257,0.154037341,0.0576095991,-0.945514858,-0.437547773,-0.295138985,-0.156184405,-0.0787960663,1.24189949,0.53647244,0.316695899,-1.1717962,-0.476413518,-0.21420598,-0.247125596,-0.139119804,0.746316016,0.56000334,0.392651498,-1.41382802,-0.255656034,-0.605130911,0.10468819,0.238078073,0.621392369,0.215321913,0.17626065,-0.508126318,-0.311442435,-0.682430863,0.0493272468,0.179797456,0.553097486,0.239510447,0.208376631,-0.487153322,5.66722918,7.59859419,7.59078264,-2.88491321,-7.31829119,-10.6534052,0.0678225681,0.467902541,0.46426174,1.30986364e-05,1.55537251e-07,5.53876545e-09,2,0.22637029,0.388677478,0.145629555,0.12875618,0.100715622,0.196684018,0.157914162,0.0485598557,0.251966089,0.119370878,0.150307536,0.116497867,0.0912148058,0.244261622,0.209961563,0.061084915,-0.0151405456,-0.0249783918,0.104388736,0.105652004,0.0845550969,-0.0408572592,-0.0193615053,0.0506304167,0.000308366056,-0.026157178,0.102771744,0.0876480192,0.06849996,-0.0102286469,0.0141953854,0.232151136,0.0905214772,0.241874307,-0.000837880652,-0.0234097727,0.201132298,0.0570198037,0.0113060344,-0.267439961,0.214619696,0.240732819,-0.000540798006,0.0135889137,-0.074503459,0.0914448798,0.033031445,-0.0726588443,-0.00390402554,-0.24096562,0.0724318251,0.0484980792,0.0226422977,-0.0435315482,-0.0363224111,0.096470125,0.00258922484,-0.252951592,0.0798533484,0.0333038531,0.029866185,-0.0337105617,-0.00985283498,0.0502204485,0.266658753,0.373884946,0.158236653,0.132447004,0.10659945,0.260240972,0.222308978,0.0717449114,0.279693514,0.347367436,0.182603195,0.160875946,0.141978875,0.287550151,0.243391499,0.0820337832,-0.0135995699,-0.0438817777,0.0726524368,0.0752076209,0.0837996379,-0.0499288663,-0.0344174094,0.165213689,0.0208109152,-0.0805320889,0.0507456698,0.0648783445,0.0867634267,-0.0334123001,-0.0130960103,-0.0821020901,0.215158284,0.137046382,0.00644969847,0.0147959329,-0.0665173084,0.105767891,0.0450398885,-0.260804206,0.229002595,0.0952323079,0.00951473881,0.0176294427,0.0618135594,0.106039561,0.0451355577,-0.287079602,0.000474259985,-0.293077141,0.0300791319,0.0236354321,0.0252110828,-0.0583037622,-0.054489933,0.0602733567,0.0173301995,-0.268312752,0.0136529962,0.0230783205,0.0647765025,-0.0528456829,-0.0539215207,0.0267259758
C1-PREPROC-P4-COMPENSATED,GOLD-MODEL-C1-B10-R00815,-0.745023012,-0.679437459,-0.743872762,-0.764321685,-0.659125388,0.727998853,0.67644161,0.500286996,-0.730503142,-0.191124678,-0.722563803,-0.739145875,-0.673027754,0.738437951,0.707089663,0.494363546,-0.117104299,-0.0606047362,0.31124413,0.460450619,0.58713305,0.111199364,0.0534430631,-0.773648083,-0.053700868,-0.0829843879,0.350272149,0.441755652,0.622068107,0.0295552593,-0.0395086631,-1.15994692,-0.21703738,-0.449971765,0.219949022,0.397151083,1.44387829,0.372749001,0.199642971,-1.35622096,-0.528730869,-0.479905725,-0.264691114,-0.156242773,0.817246735,0.634168446,0.505231321,-0.504390121,-0.178753749,-0.502509117,0.261325985,0.384435892,0.604290843,0.162431255,0.120829023,-0.568078995,-0.138695091,-0.494450927,0.315224946,0.421897233,0.810135722,0.121060491,0.0328214392,-0.562124908,-0.804516137,-0.724170029,-0.792394698,-0.800402164,-0.670363307,0.818783998,0.77228421,0.533842206,-0.801061749,-0.644985616,-0.800099015,-0.804338157,-0.71695888,0.811377764,0.766018212,0.531484246,-0.142168224,-0.128279433,0.23178114,0.34371075,0.651753008,0.148483112,0.105976135,-0.80581826,-0.174365997,-0.503060877,0.205468521,0.376633584,0.877340257,0.154037341,0.0576095991,-0.945514858,-0.437547773,-0.295138985,-0.156184405,-0.0787960589,1.24189949,0.53647244,0.316695899,-1.17179632,-0.476413488,-0.21420598,-0.247125596,-0.139119819,0.746315956,0.56000334,0.392651498,-1.4138279,-0.255656034,-0.605130911,0.104688197,0.238078073,0.621392369,0.215321913,0.17626065,-0.508126318,-0.311442435,-0.682430863,0.0493272468,0.179797456,0.553097427,0.239510447,0.208376631,-0.487153322,5.66722918,7.59859419,7.59078264,-2.88491368,-7.31829119,-10.6534052,0.0678225681,0.467902541,0.46426174,1.30986236e-05,1.55537251e-07,5.53876545e-09,2,0.22637029,0.388677478,0.14562954,0.12875618,0.100715622,0.196684033,0.157914147,0.0485598557,0.251966089,0.11937087,0.150307551,0.116497859,0.0912148133,0.244261622,0.209961563,0.061084915,-0.0151405456,-0.0249783918,0.104388736,0.105652012,0.0845550969,-0.0408572555,-0.0193615034,0.050630413,0.000308366056,-0.0261571817,0.102771744,0.0876480192,0.0684999526,-0.0102286469,0.0141953873,0.232151151,0.0905214697,0.241874322,-0.000837880652,-0.0234097727,0.201132298,0.0570197999,0.0113060335,-0.267439961,0.214619726,0.240732819,-0.000540798006,0.0135889128,-0.0745034516,0.0914448798,0.033031445,-0.0726588443,-0.00390402554,-0.24096562,0.0724318251,0.0484980755,0.0226422977,-0.0435315445,-0.0363224111,0.096470125,0.00258922484,-0.252951592,0.0798533559,0.0333038531,0.029866185,-0.0337105617,-0.00985283498,0.0502204485,0.266658783,0.373884976,0.158236653,0.132447004,0.106599443,0.260240972,0.222308978,0.0717449114,0.279693514,0.347367406,0.182603195,0.160875946,0.14197886,0.287550151,0.243391499,0.0820337832,-0.0135995708,-0.0438817777,0.0726524368,0.0752076209,0.0837996379,-0.0499288663,-0.0344174094,0.165213689,0.0208109152,-0.080532074,0.0507456698,0.0648783445,0.0867634267,-0.0334123001,-0.0130960103,-0.0821020901,0.215158284,0.137046382,0.00644969847,0.0147959311,-0.0665173084,0.105767891,0.0450398885,-0.260804236,0.22900258,0.0952323079,0.00951473881,0.0176294446,0.0618135557,0.106039561,0.0451355577,-0.287079602,0.000474259985,-0.293077141,0.0300791338,0.0236354321,0.0252110828,-0.0583037622,-0.054489933,0.0602733567,0.0173301995,-0.268312752,0.0136529962,0.0230783205,0.0647764951,-0.0528456829,-0.0539215207,0.0267259758
C1-PREPROC-P0-BASELINE,GOLD-MODEL-C1-B10-R01737,-0.135813281,0.329119116,-0.160274938,-0.180507421,0.151886269,0.213227451,0.0935273841,-0.862401903,0.14784649,0.591384411,0.0167842805,-0.0427490994,0.447087049,-0.0957292914,-0.422727495,-2.53481674,-0.44975239,0.0786339045,-0.537675977,-0.578099489,-0.116678469,0.369363457,0.251658708,-0.762216389,-0.447536111,-0.0196872894,-0.512797534,-0.565285027,-0.133149058,0.354742914,0.317769825,-0.708199203,0.131318539,0.0490083359,0.118032232,-0.0888536349,0.989926815,0.0894463509,-0.102675326,-1.84401691,-0.25995943,0.0327704437,-0.291338891,-0.401055157,0.648198307,0.41699183,0.287070453,-1.40458477,-0.0439907946,-0.0847548246,-0.186056376,-0.388756931,-0.0393562689,0.0246359073,0.00167754642,-0.973152816,-0.0239466727,-0.113825336,-0.194131702,-0.418570161,-0.0467114672,0.0353118777,0.00534956576,-1.37270617,0.058642175,0.414183795,0.0476840101,0.0373829566,0.765143991,0.0464251041,-0.292513579,-2.65351629,-0.0897278413,0.41295293,-0.0855475888,-0.10750863,0.357819736,0.181547627,-0.0406991579,-1.80550873,-0.44970724,0.0840910524,-0.57333988,-0.623617887,-0.140170708,0.37130639,0.287955344,-1.0506593,-0.344672859,-0.145558581,-0.423612744,-0.484140188,0.142737627,0.27747187,0.148729309,-1.03859293,0.0038548233,0.3053267,-0.0866604224,-0.260220855,0.963161588,0.209963322,6.4553722e-05,-2.45785761,-0.321129143,0.183060423,-0.413500965,-0.41345796,0.800300539,0.469971776,0.283315331,-2.23181891,-0.0674279705,-0.15689905,-0.264004648,-0.452165991,-0.0232151281,0.0562735908,0.0385639779,-1.50601625,0.00482136197,-0.110664293,-0.170862615,-0.406936914,0.0357474387,-0.0518494174,-0.0779560879,-1.37559342,1.38169467,-5.01520872,1.58511877,-0.472764492,1.57341826,0.94774121,0.235678166,0.00039280724,0.288845301,0.0368924849,0.285485357,0.152705878,3,0.0339090154,-0.151393369,0.0211721566,0.0197592154,-0.0135763623,0.0485910289,0.0177023821,-0.0626217797,-0.0453558229,-0.319375694,-0.00234954874,0.004017008,-0.0441337153,-0.0248763915,-0.0939414501,-0.216497391,-0.200090021,-0.00222347723,-0.0496715829,-0.0207594838,-0.00892626774,0.0837575421,0.0478592142,0.0365359336,-0.342399269,-0.00423785346,-0.108322121,-0.0718130916,-0.0204106476,0.044915501,0.0324143022,0.0545959547,0.0615453795,0.0173710342,0.00940153282,0.00704889093,0.181665257,-0.0271746051,0.0217951499,0.810719013,-0.112180769,0.0101489555,-0.0168644581,0.0342291817,0.0506173931,-0.127300948,-0.0750774965,0.183632031,-0.00583533989,0.0292881243,0.00823765807,0.0292637367,-3.60055201e-05,0.00872926041,0.00052970025,-0.169873312,-0.00622224435,0.0316013843,-0.00433192262,0.00813820958,-0.00162392401,0.011085391,0.00148284587,-0.0119120609,-0.0162541885,-0.179444194,-0.00637906604,-0.00412152754,-0.089528285,0.0112375738,-0.0613289177,-0.258373022,0.0257499702,-0.18333739,0.0118285306,0.0134530654,-0.0389563851,0.0481037237,-0.00935152173,-0.162587762,-0.252404809,0.0108341146,-0.060744971,-0.028251376,-0.0123346392,0.0576592274,0.0355080515,0.0764540955,-0.257250786,-0.0414039604,-0.0787011459,-0.0547833927,0.0164260417,0.000990550267,0.0037133703,0.152280033,0.00141374802,0.04385636,0.00122702122,0.041887071,-0.157585949,-0.0532888807,-1.39431368e-05,0.56129694,-0.101523802,0.0134447077,0.0410548411,0.0977089703,-0.0952356681,-0.0908569545,-0.0412179232,0.566743851,-0.0217859987,0.0322942212,-0.0109053217,5.9912898e-05,-0.00134053919,0.0131434575,0.00769679807,-0.0763290226,0.00154825253,0.0221863855,-0.000767700607,0.0200728457,-0.00085836387,-0.012446573,-0.0169384461,0.00752812391
C1-PREPROC-P1-RECIPROCAL,GOLD-MODEL-C1-B10-R01737,-0.135813281,0.329119146,-0.160274923,-0.180507407,0.151886269,0.213227466,0.0935273841,-0.862401962,0.14784649,0.591384411,0.0167842805,-0.0427490994,0.447087079,-0.0957292914,-0.422727495,-2.53481674,-0.44975239,0.0786339045,-0.537675977,-0.578099489,-0.116678476,0.369363457,0.251658678,-0.762216389,-0.447536111,-0.0196872912,-0.512797534,-0.565285027,-0.133149058,0.354742914,0.317769825,-0.708199263,0.131318539,0.0490083396,0.118032232,-0.0888536349,0.989926815,0.0894463435,-0.102675319,-1.84401691,-0.25995943,0.0327704437,-0.291338891,-0.401055157,0.648198247,0.4169918,0.287070423,-1.40458465,-0.0439907946,-0.0847548246,-0.186056361,-0.388756901,-0.0393562689,0.0246359054,0.00167754642,-0.973152816,-0.0239466727,-0.113825336,-0.194131702,-0.418570191,-0.0467114672,0.0353118777,0.00534956576,-1.37270617,0.0586421788,0.414183766,0.0476840101,0.0373829566,0.765143931,0.0464251041,-0.292513579,-2.65351629,-0.0897278413,0.41295293,-0.0855475888,-0.10750863,0.357819736,0.181547627,-0.0406991579,-1.80550873,-0.44970724,0.0840910524,-0.57333988,-0.623617887,-0.140170708,0.37130639,0.287955344,-1.05065942,-0.344672859,-0.145558566,-0.423612744,-0.484140188,0.142737627,0.27747187,0.148729309,-1.03859293,0.0038548233,0.3053267,-0.0866604224,-0.260220855,0.963161588,0.209963322,6.4553722e-05,-2.45785761,-0.321129113,0.183060423,-0.413500965,-0.41345799,0.800300539,0.469971776,0.283315331,-2.23181891,-0.0674279779,-0.15689905,-0.264004678,-0.452166021,-0.0232151281,0.056273587,0.0385639779,-1.50601625,0.00482136151,-0.110664286,-0.1708626,-0.406936914,0.0357474387,-0.0518494174,-0.0779560953,-1.37559354,1.38169515,-5.01520872,1.58511829,-0.472764492,1.57341826,0.94774127,0.235678285,0.000392807269,0.288845181,0.0368924886,0.285485357,0.152705893,3,0.0339090154,-0.151393384,0.0211721547,0.0197592136,-0.0135763623,0.0485910326,0.0177023821,-0.0626217797,-0.0453558229,-0.319375694,-0.00234954874,0.004017008,-0.0441337191,-0.0248763915,-0.0939414501,-0.216497391,-0.200090021,-0.00222347723,-0.0496715829,-0.0207594838,-0.00892626867,0.0837575421,0.0478592068,0.0365359336,-0.342399269,-0.00423785392,-0.108322121,-0.0718130916,-0.0204106476,0.044915501,0.0324143022,0.0545959584,0.0615453795,0.0173710361,0.00940153282,0.00704889093,0.181665257,-0.0271746032,0.021795148,0.810719013,-0.112180769,0.0101489555,-0.0168644581,0.0342291817,0.0506173894,-0.127300933,-0.075077489,0.183632001,-0.00583533989,0.0292881243,0.00823765714,0.0292637348,-3.60055201e-05,0.00872925948,0.00052970025,-0.169873312,-0.00622224435,0.0316013843,-0.00433192262,0.00813821051,-0.00162392401,0.011085391,0.00148284587,-0.0119120609,-0.0162541904,-0.179444179,-0.00637906604,-0.00412152754,-0.0895282775,0.0112375738,-0.0613289177,-0.258373022,0.0257499702,-0.18333739,0.0118285306,0.0134530654,-0.0389563851,0.0481037237,-0.00935152173,-0.162587762,-0.252404809,0.0108341146,-0.060744971,-0.028251376,-0.0123346392,0.0576592274,0.0355080515,0.076454103,-0.257250786,-0.0414039567,-0.0787011459,-0.0547833927,0.0164260417,0.000990550267,0.0037133703,0.152280033,0.00141374802,0.04385636,0.00122702122,0.041887071,-0.157585949,-0.0532888807,-1.39431368e-05,0.56129694,-0.101523794,0.0134447077,0.0410548411,0.0977089778,-0.0952356681,-0.0908569545,-0.0412179232,0.566743851,-0.0217860024,0.0322942212,-0.0109053226,5.99129016e-05,-0.00134053919,0.0131434565,0.00769679807,-0.0763290226,0.00154825242,0.0221863855,-0.000767700549,0.0200728457,-0.00085836387,-0.012446573,-0.0169384461,0.00752812438
C1-PREPROC-P2-AFFINE,GOLD-MODEL-C1-B10-R01737,-0.135813296,0.329119205,-0.160274923,-0.180507481,0.151886225,0.213227391,0.0935273767,-0.862401962,0.14784652,0.59138453,0.0167842507,-0.0427491665,0.447087109,-0.0957292914,-0.422727466,-2.53481674,-0.44975245,0.0786340237,-0.537675858,-0.57809943,-0.116678476,0.369363487,0.251658738,-0.76221633,-0.447536111,-0.019687295,-0.512797475,-0.565284908,-0.133149087,0.354742885,0.317769825,-0.708199263,0.13131845,0.0490083694,0.118032336,-0.0888537169,0.989926934,0.0894464254,-0.102675319,-1.84401703,-0.25995934,0.0327703953,-0.291338921,-0.401055217,0.648198247,0.416991711,0.287070513,-1.40458465,-0.0439907312,-0.0847548246,-0.186056376,-0.388756931,-0.0393563509,0.0246360302,0.00167751312,-0.973152757,-0.0239466429,-0.113825321,-0.194131613,-0.41857022,-0.0467114449,0.0353118181,0.00534951687,-1.37270606,0.0586422086,0.414183736,0.0476839542,0.0373830199,0.765143871,0.0464251637,-0.292513609,-2.65351629,-0.089727819,0.4129529,-0.0855475664,-0.107508659,0.357819617,0.181547642,-0.0406991243,-1.80550873,-0.44970715,0.0840910673,-0.57333982,-0.623617887,-0.140170813,0.371306419,0.287955403,-1.05065954,-0.344672799,-0.145558596,-0.423612773,-0.484140158,0.142737627,0.2774719,0.148729324,-1.03859293,0.0038548708,0.3053267,-0.0866603851,-0.260220885,0.963161469,0.209963441,6.46114349e-05,-2.45785809,-0.321129084,0.183060408,-0.413500905,-0.41345799,0.800300598,0.469971776,0.28331542,-2.23181891,-0.0674279928,-0.156898975,-0.264004707,-0.452165902,-0.0232151747,0.0562735796,0.0385639668,-1.50601625,0.00482130051,-0.110664368,-0.170862675,-0.406937003,0.0357474089,-0.0518493652,-0.0779560804,-1.37559354,1.3816942,-5.01520824,1.58511817,-0.472763747,1.57341826,0.947741747,0.235678077,0.000392807444,0.288845181,0.0368925259,0.285485417,0.152705982,3,0.0339090191,-0.151393414,0.0211721547,0.019759221,-0.0135763586,0.048591014,0.0177023821,-0.0626217797,-0.0453558341,-0.319375753,-0.00234954455,0.00401701452,-0.0441337191,-0.0248763915,-0.0939414501,-0.216497391,-0.200090036,-0.00222348073,-0.0496715717,-0.0207594819,-0.00892626867,0.0837575495,0.047859218,0.0365359336,-0.342399269,-0.00423785485,-0.108322106,-0.0718130767,-0.0204106513,0.0449154973,0.0324143022,0.0545959584,0.0615453348,0.0173710473,0.0094015412,0.00704889745,0.181665272,-0.0271746274,0.021795148,0.810719073,-0.112180732,0.0101489397,-0.01686446,0.0342291854,0.0506173894,-0.127300903,-0.0750775114,0.183632001,-0.00583533151,0.0292881243,0.00823765807,0.0292637367,-3.60055965e-05,0.00872930419,0.000529689714,-0.169873297,-0.0062222369,0.0316013806,-0.00433192076,0.00813821051,-0.00162392331,0.0110853715,0.00148283225,-0.01191206,-0.0162541978,-0.179444164,-0.00637905858,-0.00412153453,-0.0895282701,0.0112375878,-0.0613289252,-0.258373022,0.0257499646,-0.183337376,0.0118285278,0.0134530691,-0.0389563739,0.0481037274,-0.00935151428,-0.162587762,-0.252404779,0.0108341165,-0.0607449636,-0.028251376,-0.0123346485,0.0576592311,0.035508059,0.0764541179,-0.257250756,-0.0414039642,-0.0787011534,-0.054783389,0.0164260417,0.000990550383,0.00371337077,0.152280033,0.00141376548,0.04385636,0.00122702064,0.0418870747,-0.157585934,-0.0532889105,-1.39556023e-05,0.561297059,-0.101523787,0.0134447068,0.0410548337,0.0977089778,-0.0952356756,-0.0908569545,-0.0412179381,0.566743851,-0.0217860062,0.0322942063,-0.0109053236,5.99128871e-05,-0.00134054187,0.0131434547,0.00769679574,-0.0763290226,0.00154823274,0.0221864022,-0.000767700898,0.0200728495,-0.000858363172,-0.0124465609,-0.0169384442,0.00752812438
C1-PREPROC-P3-SPLIT_MEAN,GOLD-MODEL-C1-B10-R01737,-0.135813266,0.329119176,-0.160274953,-0.180507451,0.15188624,0.213227466,0.0935273916,-0.862401903,0.14784652,0.59138447,0.0167843103,-0.042749133,0.447087109,-0.095729284,-0.422727525,-2.53481674,-0.44975239,0.0786339268,-0.537675917,-0.578099489,-0.116678469,0.369363457,0.251658738,-0.762216389,-0.447536141,-0.0196872633,-0.512797594,-0.565284967,-0.133149087,0.354742914,0.317769825,-0.708199263,0.131318524,0.0490082279,0.118032269,-0.0888536051,0.989926815,0.0894463956,-0.102675341,-1.84401691,-0.2599594,0.0327703804,-0.291338861,-0.401055127,0.648198366,0.41699174,0.287070453,-1.40458477,-0.0439907573,-0.0847547427,-0.186056331,-0.388756931,-0.0393563099,0.0246359445,0.00167751196,-0.973152757,-0.0239466671,-0.113825351,-0.194131657,-0.41857025,-0.0467114784,0.0353118628,0.00534954295,-1.37270617,0.0586421713,0.414183825,0.0476840027,0.037383005,0.765143991,0.0464250892,-0.292513609,-2.65351629,-0.089727819,0.41295287,-0.0855475739,-0.107508622,0.357819706,0.181547612,-0.040699143,-1.80550873,-0.44970724,0.0840910077,-0.57333976,-0.623617947,-0.140170693,0.371306419,0.287955344,-1.0506593,-0.344672889,-0.145558551,-0.423612803,-0.484140247,0.142737627,0.27747184,0.148729339,-1.03859293,0.00385484705,0.30532673,-0.0866603553,-0.260220885,0.963161528,0.209963381,6.45478794e-05,-2.45785761,-0.321129143,0.183060378,-0.413500935,-0.41345793,0.800300598,0.469971776,0.283315361,-2.23181891,-0.0674279034,-0.156899005,-0.264004648,-0.452165961,-0.0232151691,0.056273628,0.0385639593,-1.50601625,0.00482133171,-0.110664316,-0.17086263,-0.406936944,0.0357474424,-0.0518494137,-0.0779560506,-1.37559342,1.3816942,-5.01520872,1.58511817,-0.472764224,1.57341814,0.947740912,0.235678136,0.000392807357,0.288845241,0.0368925184,0.285485417,0.152705878,3,0.0339090116,-0.151393399,0.0211721584,0.0197592173,-0.0135763595,0.0485910326,0.0177023839,-0.0626217797,-0.0453558341,-0.319375724,-0.00234955293,0.00401701126,-0.0441337191,-0.0248763897,-0.0939414576,-0.216497391,-0.200090021,-0.00222347793,-0.0496715754,-0.0207594838,-0.00892626774,0.0837575421,0.047859218,0.0365359336,-0.342399299,-0.00423784787,-0.108322129,-0.0718130842,-0.0204106513,0.044915501,0.0324143022,0.0545959584,0.061545372,0.017370997,0.00940153562,0.0070488886,0.181665257,-0.0271746181,0.0217951518,0.810719013,-0.112180762,0.010148935,-0.0168644562,0.034229178,0.0506173968,-0.127300918,-0.0750774965,0.183632031,-0.00583533477,0.0292880945,0.00823765621,0.0292637367,-3.60055601e-05,0.00872927345,0.000529689365,-0.169873297,-0.00622224296,0.0316013917,-0.00433192169,0.00813821144,-0.00162392447,0.0110853855,0.00148283946,-0.0119120609,-0.0162541885,-0.179444209,-0.0063790651,-0.00412153313,-0.089528285,0.0112375701,-0.0613289252,-0.258373022,0.0257499646,-0.183337361,0.0118285287,0.0134530645,-0.0389563814,0.0481037199,-0.00935151894,-0.162587762,-0.252404809,0.010834109,-0.0607449561,-0.0282513797,-0.0123346373,0.0576592311,0.0355080515,0.0764540955,-0.257250816,-0.041403953,-0.0787011534,-0.0547833964,0.0164260417,0.00099055015,0.003713371,0.152280033,0.00141375675,0.0438563675,0.00122702017,0.0418870747,-0.157585934,-0.0532888956,-1.39418753e-05,0.56129694,-0.101523802,0.013444704,0.0410548374,0.0977089629,-0.0952356756,-0.0908569545,-0.0412179269,0.566743851,-0.0217859782,0.0322942138,-0.0109053217,5.99128944e-05,-0.00134054152,0.0131434659,0.00769679435,-0.0763290226,0.00154824287,0.0221863911,-0.000767700665,0.0200728476,-0.000858363986,-0.0124465721,-0.0169384368,0.00752812391
C1-PREPROC-P4-COMPENSATED,GOLD-MODEL-C1-B10-R01737,-0.135813266,0.329119176,-0.160274938,-0.180507451,0.15188624,0.213227481,0.0935273841,-0.862401962,0.14784652,0.59138447,0.0167843103,-0.042749133,0.447087109,-0.095729284,-0.422727525,-2.53481674,-0.44975239,0.0786339268,-0.537675917,-0.578099489,-0.116678476,0.369363427,0.251658708,-0.762216389,-0.447536141,-0.0196872652,-0.512797594,-0.565284967,-0.133149087,0.354742914,0.317769825,-0.708199322,0.13131851,0.0490082316,0.118032269,-0.0888536051,0.989926815,0.0894463956,-0.102675341,-1.84401691,-0.25995943,0.0327703804,-0.291338861,-0.401055157,0.648198307,0.41699174,0.287070423,-1.40458477,-0.0439907573,-0.0847547427,-0.186056346,-0.388756901,-0.0393563099,0.0246359445,0.00167751184,-0.973152816,-0.0239466671,-0.113825358,-0.194131672,-0.41857025,-0.0467114784,0.0353118628,0.00534954295,-1.37270617,0.0586421713,0.414183825,0.0476840027,0.0373830087,0.765143931,0.0464250892,-0.292513609,-2.65351629,-0.089727819,0.41295287,-0.0855475739,-0.107508622,0.357819676,0.181547612,-0.0406991467,-1.80550873,-0.44970724,0.0840910077,-0.57333982,-0.623617947,-0.140170693,0.371306419,0.287955344,-1.05065942,-0.344672889,-0.145558536,-0.423612803,-0.484140247,0.142737627,0.27747184,0.148729324,-1.03859293,0.00385484705,0.30532673,-0.0866603553,-0.260220885,0.963161528,0.209963381,6.45478794e-05,-2.45785761,-0.321129143,0.183060378,-0.413500905,-0.41345793,0.800300598,0.469971776,0.283315361,-2.23181891,-0.0674279034,-0.156899005,-0.264004678,-0.452165991,-0.0232151691,0.0562736243,0.038563963,-1.50601625,0.00482133124,-0.110664316,-0.17086263,-0.406936944,0.0357474424,-0.0518494137,-0.0779560506,-1.37559354,1.38169467,-5.01520872,1.58511841,-0.472763985,1.57341826,0.947740972,0.235678196,0.000392807386,0.288845241,0.0368925221,0.285485417,0.152705878,3,0.0339090116,-0.151393399,0.0211721566,0.0197592173,-0.0135763595,0.0485910363,0.0177023821,-0.0626217797,-0.0453558341,-0.319375724,-0.00234955293,0.00401701126,-0.0441337191,-0.0248763897,-0.0939414576,-0.216497391,-0.200090021,-0.00222347793,-0.0496715754,-0.0207594838,-0.00892626867,0.0837575421,0.0478592142,0.0365359336,-0.342399299,-0.00423784833,-0.108322129,-0.0718130842,-0.0204106513,0.044915501,0.0324143022,0.0545959622,0.0615453646,0.017370997,0.00940153562,0.0070488886,0.181665257,-0.0271746181,0.0217951518,0.810719013,-0.112180769,0.010148935,-0.0168644562,0.0342291817,0.0506173931,-0.127300918,-0.075077489,0.183632031,-0.00583533477,0.0292880945,0.00823765621,0.0292637348,-3.60055601e-05,0.00872927345,0.000529689307,-0.169873312,-0.00622224296,0.0316013917,-0.00433192216,0.00813821144,-0.00162392447,0.0110853855,0.00148283946,-0.0119120609,-0.0162541885,-0.179444209,-0.0063790651,-0.0041215336,-0.0895282775,0.0112375701,-0.0613289252,-0.258373022,0.0257499646,-0.183337361,0.0118285287,0.0134530645,-0.0389563814,0.0481037199,-0.00935151987,-0.162587762,-0.252404809,0.010834109,-0.0607449636,-0.0282513797,-0.0123346373,0.0576592311,0.0355080515,0.076454103,-0.257250816,-0.0414039455,-0.0787011534,-0.0547833964,0.0164260417,0.00099055015,0.00371337077,0.152280033,0.00141375675,0.0438563675,0.00122702017,0.0418870747,-0.157585934,-0.0532888956,-1.39418753e-05,0.56129694,-0.101523802,0.013444704,0.0410548337,0.0977089629,-0.0952356756,-0.0908569545,-0.0412179269,0.566743851,-0.0217859782,0.0322942138,-0.0109053226,5.9912898e-05,-0.00134054152,0.0131434649,0.00769679528,-0.0763290226,0.00154824264,0.0221863911,-0.000767700665,0.0200728476,-0.000858363986,-0.0124465721,-0.0169384368,0.00752812438
C1-PREPROC-P0-BASELINE,GOLD-MODEL-C1-B10-R02287,-0.801448464,-0.927139819,-0.797981083,-0.812883615,-0.717672825,0.772848427,0.719492614,0.544156373,-0.845935583,-0.795862615,-0.838859975,-0.841519654,-0.757096171,0.841689348,0.801038384,0.600821793,-0.629180074,-0.358360261,-0.538286626,-0.531761467,-0.204716817,0.790027499,0.761488974,0.344667971,-0.515874505,-0.313191086,-0.430805475,-0.478938788,-0.167612389,0.749427736,0.728147388,0.293583304,-0.35245651,-0.415488601,-0.0598532632,-0.0215025488,0.880633473,0.59405148,0.548087955,-0.367616683,-0.615678072,-0.4394674,-0.413048536,-0.448903412,0.316731453,0.77181828,0.752770424,-0.263572305,-0.698607206,-0.725793004,-0.554031789,-0.539880693,-0.201236159,0.827650309,0.792798758,0.446461558,-0.633640051,-0.663594186,-0.518209636,-0.522688746,-0.210643336,0.802710652,0.779363871,0.479802459,-0.892956316,-1.03417873,-0.873608053,-0.87138623,-0.743512869,0.901129961,0.859033346,0.644978523,-0.862710774,-0.920005441,-0.856834888,-0.854545712,-0.76960516,0.871331096,0.824933529,0.604503334,-0.912420094,-0.707599401,-0.735655308,-0.70274204,-0.284244746,0.905200183,0.844681382,0.440959632,-0.765245557,-0.854902744,-0.608362317,-0.599803567,-0.109205678,0.932613492,0.861911237,0.316782683,-0.479500175,-0.110424653,-0.265602887,-0.367199451,0.697955132,0.692403972,0.643738925,-0.564743221,-0.518986404,-0.00472566113,-0.325789094,-0.42714867,0.7242226,0.714101434,0.614340901,-0.52183938,-0.973066688,-0.974900961,-0.767517388,-0.688698471,-0.350160211,0.932762921,0.891952395,0.548433363,-0.994882345,-1.02836454,-0.787944913,-0.704696894,-0.359970957,0.9484604,0.897197723,0.578248978,6.21043968,0.587831199,6.21236134,-2.78293276,-5.48842525,-4.73926783,0.498581797,0.00180247193,0.499540806,6.19389975e-05,4.13984344e-06,8.7566641e-06,3,0.200100675,0.426480323,0.105412491,0.0889821649,0.0641492233,0.176119447,0.136181861,0.0395129435,0.25951314,0.42980364,0.117427871,0.0790751427,0.0747359321,0.218722954,0.178012341,0.0513158813,-0.279915482,0.0101331091,-0.0497279949,-0.0190954898,-0.0156614762,0.179148108,0.14481622,-0.016521249,-0.394683361,-0.0674170032,-0.0910023153,-0.0608437769,-0.0256935917,0.0948882177,0.0742751136,-0.0226327013,-0.165186644,-0.147270188,-0.00476744724,0.00170582917,0.161608413,-0.180478185,-0.116344005,0.161622077,-0.265684694,-0.136102363,-0.0239097495,0.0383129269,0.0247333571,-0.235623792,-0.196871951,0.0344588086,-0.0926696211,0.250807136,0.0245297924,0.0406396016,-0.000184103148,0.293261975,0.250333279,0.077934213,-0.164643466,0.184233993,-0.0115635106,0.0101625752,-0.00732301502,0.251993418,0.21603182,0.00416362658,0.247505844,0.448055595,0.116869442,0.0960716531,0.0869972557,0.218125835,0.180106461,0.0628015995,0.24757953,0.408451885,0.118473209,0.106933363,0.0837880969,0.230872035,0.189546525,0.0544360951,-0.51210922,-0.0911656171,-0.0779421777,-0.0318358913,-0.0250127595,0.14056623,0.104158476,-0.0320876352,-0.571150362,-0.243176043,-0.11302495,-0.0678713992,-0.0125672333,0.00332934852,0.0215196032,-0.0464471467,-0.175855651,-0.0158611201,0.00376065983,0.0591071323,-0.114194676,-0.175732747,-0.139042944,0.128969491,-0.164075658,-0.000347071909,0.0323462822,0.100944377,-0.086182408,-0.138053149,-0.0893769339,0.132514909,-0.31439817,0.200661942,-0.0317040756,9.12539253e-05,-0.0202197246,0.217859387,0.178020477,0.0277961027,-0.319480091,0.206170321,-0.00354030519,0.0347603559,0.00864358619,0.227680132,0.194944799,-0.0031645468
C1-PREPROC-P1-RECIPROCAL,GOLD-MODEL-C1-B10-R02287,-0.801448464,-0.927139878,-0.797981024,-0.812883615,-0.717672825,0.772848487,0.719492555,0.544156373,-0.845935583,-0.795862675,-0.838859975,-0.841519654,-0.757096171,0.841689348,0.801038384,0.600821793,-0.629180074,-0.358360261,-0.538286626,-0.531761467,-0.204716817,0.790027499,0.761488914,0.344667941,-0.515874505,-0.313191116,-0.430805475,-0.478938788,-0.167612374,0.749427795,0.728147388,0.293583304,-0.35245648,-0.415488601,-0.0598532632,-0.0215025488,0.880633473,0.59405148,0.548087955,-0.367616683,-0.615678132,-0.439467371,-0.413048565,-0.448903382,0.316731453,0.77181828,0.752770424,-0.263572276,-0.698607206,-0.725793004,-0.554031789,-0.539880693,-0.201236144,0.827650309,0.792798758,0.446461558,-0.633640051,-0.663594186,-0.518209696,-0.522688806,-0.210643336,0.802710712,0.779363871,0.479802489,-0.892956376,-1.03417861,-0.873607993,-0.87138623,-0.743512809,0.901130021,0.859033287,0.644978523,-0.862710714,-0.920005381,-0.856834888,-0.854545712,-0.7696051,0.871331155,0.824933529,0.604503393,-0.912420154,-0.707599401,-0.735655308,-0.70274204,-0.284244716,0.905200183,0.844681323,0.440959632,-0.765245557,-0.854902744,-0.608362317,-0.599803567,-0.109205671,0.932613492,0.861911178,0.316782653,-0.479500204,-0.110424645,-0.265602857,-0.367199451,0.697955132,0.692403972,0.643738925,-0.564743221,-0.518986404,-0.00472566113,-0.325789094,-0.4271487,0.7242226,0.714101434,0.614340901,-0.52183938,-0.973066688,-0.974900961,-0.767517447,-0.68869853,-0.350160211,0.932762921,0.891952455,0.548433304,-0.994882345,-1.02836442,-0.787944913,-0.704696894,-0.359970957,0.9484604,0.897197843,0.578248978,6.21043968,0.58783114,6.21236086,-2.78293276,-5.48842573,-4.73926783,0.498581916,0.00180247228,0.499540687,6.19390412e-05,4.13984253e-06,8.75666956e-06,3,0.200100675,0.426480353,0.105412483,0.0889821649,0.0641492233,0.176119462,0.136181861,0.0395129435,0.25951314,0.429803669,0.117427871,0.0790751427,0.0747359321,0.218722954,0.178012341,0.0513158813,-0.279915482,0.0101331091,-0.0497279949,-0.0190954898,-0.0156614762,0.179148108,0.144816205,-0.0165212471,-0.394683361,-0.0674170032,-0.0910023153,-0.0608437769,-0.025693588,0.0948882252,0.0742751136,-0.0226327013,-0.165186629,-0.147270188,-0.00476744724,0.00170582917,0.161608413,-0.180478185,-0.116344005,0.161622077,-0.265684724,-0.136102349,-0.0239097513,0.0383129232,0.0247333571,-0.235623792,-0.196871951,0.0344588049,-0.0926696211,0.250807136,0.0245297924,0.0406396016,-0.000184103134,0.293261975,0.250333279,0.077934213,-0.164643466,0.184233993,-0.0115635125,0.0101625761,-0.00732301502,0.251993448,0.21603182,0.00416362705,0.247505859,0.448055565,0.116869435,0.0960716531,0.0869972482,0.21812585,0.180106446,0.0628015995,0.247579515,0.408451855,0.118473209,0.106933363,0.0837880969,0.23087205,0.189546525,0.0544361025,-0.51210928,-0.0911656171,-0.0779421777,-0.0318358913,-0.0250127576,0.14056623,0.104158469,-0.0320876352,-0.571150362,-0.243176043,-0.11302495,-0.0678713992,-0.0125672324,0.00332934852,0.0215196013,-0.046447143,-0.175855651,-0.0158611201,0.00376065937,0.0591071323,-0.114194676,-0.175732747,-0.139042944,0.128969491,-0.164075658,-0.000347071909,0.0323462822,0.100944385,-0.086182408,-0.138053149,-0.0893769339,0.132514909,-0.31439817,0.200661942,-0.0317040794,9.12539326e-05,-0.0202197246,0.217859387,0.178020477,0.027796099,-0.319480091,0.206170306,-0.00354030519,0.0347603559,0.00864358619,0.227680132,0.194944829,-0.0031645468
C1-PREPROC-P2-AFFINE,GOLD-MODEL-C1-B10-R02287,-0.801448464,-0.927139759,-0.797981024,-0.812883675,-0.717672825,0.772848487,0.719492555,0.544156373,-0.845935583,-0.795862556,-0.838859975,-0.841519713,-0.757096231,0.841689348,0.801038325,0.600821853,-0.629180133,-0.358360171,-0.538286507,-0.531761467,-0.204716861,0.790027499,0.761488974,0.344667971,-0.515874505,-0.313191056,-0.430805385,-0.478938758,-0.167612374,0.749427795,0.728147388,0.293583274,-0.35245657,-0.41548872,-0.0598531961,-0.021502614,0.880633473,0.5940516,0.548088014,-0.367616653,-0.615677953,-0.439467549,-0.413048506,-0.448903441,0.316731453,0.771818161,0.752770483,-0.263572216,-0.698607147,-0.725792944,-0.554031789,-0.539880693,-0.201236248,0.827650428,0.792798638,0.446461618,-0.633640051,-0.663594186,-0.518209636,-0.522688806,-0.210643351,0.802710652,0.779363871,0.479802489,-0.892956376,-1.03417873,-0.873608053,-0.87138617,-0.743512809,0.901130021,0.859033227,0.644978583,-0.862710774,-0.920005441,-0.856834829,-0.854545712,-0.769605219,0.871331096,0.824933529,0.604503453,-0.912420034,-0.707599461,-0.735655248,-0.70274204,-0.284244835,0.905200243,0.844681501,0.440959573,-0.765245557,-0.854902744,-0.608362377,-0.599803567,-0.109205663,0.932613552,0.861911178,0.316782653,-0.479500175,-0.110424757,-0.265602827,-0.36719954,0.697955132,0.692404091,0.643738985,-0.56474328,-0.518986344,-0.00472569466,-0.325789094,-0.4271487,0.72422266,0.714101434,0.614340961,-0.521839142,-0.973066688,-0.974900842,-0.767517447,-0.688698411,-0.350160301,0.93276298,0.891952395,0.548433304,-0.994882405,-1.02836466,-0.787944913,-0.704697013,-0.359970987,0.94846046,0.897197843,0.578248978,6.21044064,0.587830663,6.21235991,-2.78293276,-5.48842525,-4.73926926,0.498582393,0.00180247147,0.49954021,6.19390485e-05,4.13984662e-06,8.75665319e-06,3,0.200100675,0.426480293,0.105412483,0.0889821723,0.0641492233,0.176119462,0.136181861,0.0395129435,0.25951314,0.42980361,0.117427871,0.0790751502,0.0747359395,0.218722954,0.178012326,0.051315885,-0.279915482,0.0101331063,-0.0497279838,-0.0190954898,-0.0156614799,0.179148108,0.14481622,-0.016521249,-0.394683361,-0.0674169958,-0.0910022929,-0.0608437732,-0.025693588,0.0948882252,0.0742751136,-0.0226326976,-0.165186673,-0.147270232,-0.00476744166,0.00170583441,0.161608413,-0.180478215,-0.11634402,0.161622062,-0.265684634,-0.136102408,-0.0239097476,0.0383129269,0.0247333571,-0.235623747,-0.196871966,0.0344587974,-0.0926696137,0.250807106,0.0245297924,0.0406396016,-0.000184103221,0.293262035,0.25033325,0.0779342279,-0.164643466,0.184233993,-0.0115635106,0.0101625761,-0.00732301548,0.251993418,0.21603182,0.00416362705,0.247505859,0.448055595,0.116869442,0.0960716456,0.0869972482,0.21812585,0.180106431,0.0628015995,0.24757953,0.408451885,0.118473202,0.106933363,0.0837881044,0.230872035,0.189546525,0.0544361062,-0.51210922,-0.0911656246,-0.0779421702,-0.0318358913,-0.0250127688,0.140566245,0.104158491,-0.0320876278,-0.571150362,-0.243176043,-0.113024965,-0.0678713992,-0.0125672314,0.00332934875,0.0215196013,-0.046447143,-0.175855651,-0.015861135,0.0037606589,0.0591071472,-0.114194676,-0.175732777,-0.139042959,0.128969505,-0.164075628,-0.000347074383,0.0323462822,0.100944385,-0.0861824155,-0.138053149,-0.0893769488,0.132514849,-0.31439817,0.200661913,-0.0317040794,9.12539181e-05,-0.0202197302,0.217859402,0.178020477,0.027796099,-0.319480091,0.20617035,-0.00354030519,0.0347603634,0.00864358712,0.227680147,0.194944829,-0.0031645468
C1-PREPROC-P3-SPLIT_MEAN,GOLD-MODEL-C1-B10-R02287,-0.801448464,-0.927139819,-0.797981083,-0.812883615,-0.717672825,0.772848427,0.719492614,0.544156373,-0.845935583,-0.795862556,-0.838859975,-0.841519654,-0.757096171,0.841689348,0.801038384,0.600821793,-0.629180074,-0.358360231,-0.538286567,-0.531761467,-0.204716817,0.790027499,0.761489034,0.344668001,-0.515874565,-0.313191056,-0.430805504,-0.478938758,-0.167612419,0.749427736,0.728147388,0.293583274,-0.35245654,-0.41548872,-0.0598532371,-0.0215025134,0.880633473,0.59405154,0.548087955,-0.367616773,-0.615678012,-0.43946746,-0.413048506,-0.448903352,0.316731483,0.771818221,0.752770424,-0.263572276,-0.698607147,-0.725792885,-0.55403173,-0.539880693,-0.201236203,0.827650368,0.792798758,0.446461618,-0.633640051,-0.663594186,-0.518209636,-0.522688806,-0.210643351,0.802710652,0.779363871,0.479802489,-0.892956316,-1.03417873,-0.873608053,-0.87138617,-0.743512809,0.901129961,0.859033346,0.644978523,-0.862710774,-0.9200055,-0.856834888,-0.854545712,-0.76960516,0.871331096,0.824933529,0.604503334,-0.912420094,-0.707599461,-0.735655189,-0.70274204,-0.284244716,0.905200183,0.844681382,0.440959573,-0.765245616,-0.854902744,-0.608362377,-0.599803627,-0.109205678,0.932613492,0.861911237,0.316782683,-0.479500145,-0.110424623,-0.265602827,-0.367199481,0.697955072,0.692404091,0.643738925,-0.56474328,-0.518986404,-0.00472569466,-0.325789064,-0.42714864,0.72422266,0.714101434,0.614340961,-0.521839321,-0.973066628,-0.974900842,-0.767517388,-0.688698411,-0.350160271,0.93276298,0.891952395,0.548433304,-0.994882345,-1.02836454,-0.787944913,-0.704696894,-0.359970957,0.9484604,0.897197723,0.578248978,6.21043968,0.587831438,6.21236038,-2.782933,-5.48842525,-4.73926926,0.498582035,0.00180247356,0.499540567,6.19390266e-05,4.13984526e-06,8.75665955e-06,3,0.200100675,0.426480323,0.105412491,0.0889821649,0.0641492233,0.176119447,0.136181861,0.0395129435,0.25951314,0.42980361,0.117427871,0.0790751427,0.0747359321,0.218722954,0.178012341,0.0513158813,-0.279915482,0.0101331081,-0.0497279875,-0.0190954898,-0.0156614762,0.179148108,0.144816235,-0.0165212508,-0.394683391,-0.0674169958,-0.0910023153,-0.0608437732,-0.0256935954,0.0948882177,0.0742751136,-0.0226326976,-0.165186659,-0.147270232,-0.00476744492,0.00170582638,0.161608413,-0.1804782,-0.116344005,0.161622107,-0.265684664,-0.136102378,-0.0239097476,0.0383129194,0.0247333609,-0.235623777,-0.196871951,0.0344588049,-0.0926696137,0.250807106,0.0245297905,0.0406396016,-0.000184103192,0.293262005,0.250333279,0.0779342279,-0.164643466,0.184233993,-0.0115635106,0.0101625761,-0.00732301548,0.251993418,0.21603182,0.00416362705,0.247505844,0.448055595,0.116869442,0.0960716456,0.0869972482,0.218125835,0.180106461,0.0628015995,0.24757953,0.408451915,0.118473209,0.106933363,0.0837880969,0.230872035,0.189546525,0.0544360951,-0.51210922,-0.0911656246,-0.0779421702,-0.0318358913,-0.0250127576,0.14056623,0.104158476,-0.0320876278,-0.571150422,-0.243176043,-0.113024965,-0.0678714067,-0.0125672333,0.00332934852,0.0215196032,-0.0464471467,-0.175855637,-0.0158611163,0.0037606589,0.0591071397,-0.114194661,-0.175732777,-0.139042944,0.128969505,-0.164075658,-0.000347074383,0.0323462784,0.10094437,-0.0861824155,-0.138053149,-0.0893769488,0.132514894,-0.31439814,0.200661913,-0.0317040756,9.12539181e-05,-0.0202197284,0.217859402,0.178020477,0.027796099,-0.319480091,0.206170321,-0.00354030519,0.0347603559,0.00864358619,0.227680132,0.194944799,-0.0031645468
C1-PREPROC-P4-COMPENSATED,GOLD-MODEL-C1-B10-R02287,-0.801448464,-0.927139878,-0.797981024,-0.812883675,-0.717672825,0.772848487,0.719492555,0.544156373,-0.845935583,-0.795862556,-0.838860035,-0.841519654,-0.757096171,0.841689348,0.801038384,0.600821793,-0.629180074,-0.358360231,-0.538286567,-0.531761467,-0.204716817,0.79002744,0.761488974,0.344668001,-0.515874565,-0.313191086,-0.430805504,-0.478938758,-0.167612404,0.749427795,0.728147388,0.293583304,-0.35245651,-0.41548872,-0.0598532334,-0.0215025134,0.880633473,0.59405154,0.548087955,-0.367616773,-0.615678072,-0.43946743,-0.413048506,-0.448903382,0.316731483,0.771818161,0.752770424,-0.263572276,-0.698607147,-0.725792885,-0.55403173,-0.539880693,-0.201236188,0.827650368,0.792798758,0.446461648,-0.633640051,-0.663594186,-0.518209636,-0.522688866,-0.210643351,0.802710652,0.779363871,0.479802519,-0.892956376,-1.03417861,-0.873608053,-0.87138617,-0.74351275,0.901130021,0.859033287,0.644978523,-0.862710714,-0.9200055,-0.856834888,-0.854545712,-0.7696051,0.871331155,0.824933529,0.604503393,-0.912420154,-0.707599461,-0.735655248,-0.70274204,-0.284244686,0.905200183,0.844681323,0.440959573,-0.765245616,-0.854902744,-0.608362377,-0.599803627,-0.109205671,0.932613492,0.861911237,0.316782653,-0.479500145,-0.110424623,-0.265602797,-0.367199481,0.697955072,0.692404032,0.643738925,-0.56474328,-0.518986404,-0.00472569466,-0.325789064,-0.42714864,0.72422266,0.714101434,0.614340901,-0.521839261,-0.973066628,-0.974900901,-0.767517447,-0.688698471,-0.350160241,0.93276298,0.891952395,0.548433304,-0.994882345,-1.02836442,-0.787944913,-0.704696894,-0.359970957,0.9484604,0.897197783,0.578248978,6.21043968,0.587831199,6.21236038,-2.782933,-5.48842573,-4.73926926,0.498582035,0.00180247275,0.499540567,6.19390266e-05,4.13984117e-06,8.75665955e-06,3,0.200100675,0.426480353,0.105412483,0.0889821723,0.0641492233,0.176119462,0.136181861,0.0395129435,0.25951314,0.42980361,0.117427878,0.0790751427,0.0747359321,0.218722954,0.178012341,0.0513158813,-0.279915482,0.0101331081,-0.0497279875,-0.0190954898,-0.0156614762,0.179148093,0.14481622,-0.0165212508,-0.394683391,-0.0674170032,-0.0910023153,-0.0608437732,-0.0256935935,0.0948882252,0.0742751136,-0.0226327013,-0.165186644,-0.147270232,-0.00476744492,0.00170582638,0.161608413,-0.1804782,-0.116344005,0.161622107,-0.265684694,-0.136102378,-0.0239097476,0.0383129232,0.0247333609,-0.235623747,-0.196871951,0.0344588049,-0.0926696137,0.250807106,0.0245297905,0.0406396016,-0.000184103177,0.293262005,0.250333279,0.0779342279,-0.164643466,0.184233993,-0.0115635106,0.010162577,-0.00732301548,0.251993418,0.21603182,0.00416362705,0.247505859,0.448055565,0.116869442,0.0960716456,0.0869972482,0.21812585,0.180106446,0.0628015995,0.247579515,0.408451915,0.118473209,0.106933363,0.0837880969,0.23087205,0.189546525,0.0544361025,-0.51210928,-0.0911656246,-0.0779421702,-0.0318358913,-0.0250127558,0.14056623,0.104158469,-0.0320876278,-0.571150422,-0.243176043,-0.113024965,-0.0678714067,-0.0125672324,0.00332934852,0.0215196032,-0.046447143,-0.175855637,-0.0158611163,0.00376065844,0.0591071397,-0.114194661,-0.175732762,-0.139042944,0.128969505,-0.164075658,-0.000347074383,0.0323462784,0.10094437,-0.0861824155,-0.138053149,-0.0893769339,0.132514879,-0.31439814,0.200661927,-0.0317040794,9.12539253e-05,-0.0202197265,0.217859402,0.178020477,0.027796099,-0.319480091,0.206170306,-0.00354030519,0.0347603559,0.00864358619,0.227680132,0.194944814,-0.0031645468
C1-PREPROC-P0-BASELINE,GOLD-MODEL-C1-B10-R02482,-0.207150832,-0.421029001,-0.10482347,-0.0375806578,0.415684044,0.62035656,0.584069073,0.461963087,-0.33006528,-0.672115982,-0.22234112,-0.168050125,0.381185621,0.574518681,0.553131461,0.439792305,0.181474641,-0.441845685,0.192863584,0.305158764,0.734843075,0.779185891,0.741371095,0.435706079,0.220961779,-0.486338764,0.254278094,0.389635593,0.609679282,0.79490608,0.761256933,0.457273304,0.471227765,-0.473859102,1.2779187,2.03158522,3.05440736,0.328978568,0.295352966,-0.545638382,-0.0765413865,-0.560060084,0.428966433,0.8866418,1.69121599,0.596364379,0.585569203,-0.266748905,0.66070044,-0.562402904,1.11025727,1.13202584,1.20439947,0.62703681,0.615119636,0.258654088,0.697289467,-0.578085482,1.10651147,1.1414336,1.14359987,0.631190419,0.62314409,0.291629106,-0.124476418,-0.458400935,0.0256730746,0.127216995,0.97567302,0.652679801,0.61676544,0.229068309,-0.221779212,-0.388644129,-0.0882215798,0.0206188727,0.68244791,0.745384693,0.704806387,0.490228117,0.186606318,-0.495521009,0.166316047,0.18413125,0.523028314,0.80931133,0.772194624,0.390698016,0.390596181,-0.68545419,0.41238755,0.556687176,0.959499419,0.767859399,0.713149846,0.108563274,0.460426301,-0.286509901,1.16627336,1.64036882,2.99703193,0.467980504,0.416602314,-0.928842783,0.114240035,-0.365221202,0.475680172,0.775314927,1.87026739,0.647305369,0.615061939,-0.62808603,0.696338356,-0.567770004,1.04229736,1.10276997,1.36106265,0.648744047,0.639826834,0.268936217,0.738794744,-0.602694035,1.22820747,1.38026905,1.70105529,0.580267847,0.560901165,0.0488925762,8.0280447,0.61425972,8.04718494,-1.28069377,-8.3940649,-7.01472569,0.495045006,0.000298454921,0.504611552,4.48653263e-05,3.65269202e-08,1.45095015e-07,3,0.0517201312,0.193671525,0.0138470745,0.00411376031,-0.0371559411,0.14136906,0.110549591,0.0335446261,0.101256259,0.362974584,0.0311244372,0.0157911796,-0.0376283266,0.149295494,0.122920729,0.0375624336,0.080736123,0.0124937696,0.0178171229,0.0109582143,0.0562177934,0.17668964,0.140990302,-0.0208850522,0.169052616,-0.104688488,0.0537130944,0.0494988114,0.0934587866,0.100646421,0.0776524693,-0.0352517664,0.220851466,-0.167959645,0.101789102,-0.16116868,0.560525954,-0.0999466479,-0.062695317,0.239889026,-0.0330300443,-0.173449725,0.0248311739,-0.0756729394,0.132065982,-0.18206051,-0.153143838,0.0348741077,0.0876413211,0.194345579,-0.0491567105,-0.0852134153,0.00110185833,0.222178444,0.194229513,0.0451505892,0.181181982,0.160494164,0.0246910825,-0.0221927576,0.039757248,0.198148414,0.172729269,0.00253069727,0.0345018469,0.198601171,-0.00343448971,-0.014025867,-0.114161946,0.157986447,0.129312143,0.0223043952,0.0636458918,0.17254509,0.0121982591,-0.00258013746,-0.0742991567,0.197500676,0.161944687,0.0441455059,0.104735546,-0.0638418868,0.017621072,0.00834158435,0.0460250601,0.125675902,0.0952200666,-0.0284302086,0.291526228,-0.194976598,0.0766156614,0.0629925206,0.110417821,0.00274119084,0.017805431,-0.0159177072,0.168860346,-0.041153565,-0.0165132135,-0.264045864,-0.490353972,-0.11877387,-0.0899830833,0.212118313,0.0361165702,-0.0268233418,-0.0472283624,-0.183223531,-0.222561598,-0.125139847,-0.089481838,0.159494981,0.224987149,0.116862983,0.0430544987,-0.00014611923,0.0785934851,0.151522934,0.127699941,0.0136304228,0.237244338,0.120830327,0.00551844295,-0.0680840835,-0.0408455692,0.139294654,0.121873662,-0.000267571333
C1-PREPROC-P1-RECIPROCAL,GOLD-MODEL-C1-B10-R02482,-0.207150832,-0.421029031,-0.104823463,-0.0375806578,0.415684044,0.620356619,0.584069014,0.461963117,-0.33006528,-0.672115982,-0.222341105,-0.168050125,0.381185621,0.57451874,0.553131461,0.439792305,0.181474641,-0.441845655,0.192863584,0.305158794,0.734843135,0.779185891,0.741371036,0.435706049,0.220961779,-0.486338794,0.254278094,0.389635593,0.609679282,0.794906139,0.761256993,0.457273334,0.471227735,-0.473859102,1.2779187,2.03158522,3.05440736,0.328978539,0.295352936,-0.545638382,-0.076541394,-0.560060024,0.428966433,0.8866418,1.69121587,0.596364379,0.585569203,-0.266748905,0.66070044,-0.562402904,1.11025727,1.13202572,1.20439935,0.62703681,0.615119576,0.258654088,0.697289467,-0.578085482,1.10651159,1.1414336,1.14359987,0.631190419,0.62314409,0.291629106,-0.124476425,-0.458400905,0.0256730728,0.127216995,0.97567296,0.652679801,0.61676544,0.229068309,-0.221779212,-0.388644099,-0.0882215798,0.0206188727,0.68244791,0.745384693,0.704806387,0.490228117,0.186606333,-0.495521009,0.166316062,0.18413125,0.523028314,0.80931133,0.772194624,0.390698016,0.390596181,-0.68545419,0.41238755,0.556687176,0.959499359,0.767859399,0.713149786,0.108563267,0.460426331,-0.286509901,1.16627324,1.64036882,2.99703193,0.467980474,0.416602314,-0.928842843,0.114240035,-0.365221202,0.475680172,0.775314927,1.87026727,0.647305369,0.615061939,-0.62808603,0.696338356,-0.567770004,1.04229736,1.10276997,1.36106265,0.648744047,0.639826894,0.268936217,0.738794684,-0.602693975,1.22820735,1.38026905,1.70105517,0.580267847,0.560901225,0.0488925762,8.0280447,0.614259958,8.04718494,-1.28069401,-8.3940649,-7.01472664,0.495045006,0.000298454921,0.504611552,4.48653263e-05,3.65269202e-08,1.45094873e-07,3,0.0517201312,0.193671539,0.0138470735,0.00411376031,-0.0371559411,0.141369075,0.110549584,0.0335446298,0.101256259,0.362974584,0.0311244354,0.0157911796,-0.0376283266,0.149295509,0.122920729,0.0375624336,0.080736123,0.0124937687,0.0178171229,0.0109582152,0.0562177971,0.17668964,0.140990287,-0.0208850503,0.169052616,-0.104688488,0.0537130944,0.0494988114,0.0934587866,0.100646429,0.0776524767,-0.0352517664,0.220851451,-0.167959645,0.101789102,-0.16116868,0.560525954,-0.099946633,-0.0626953095,0.239889026,-0.033030048,-0.17344971,0.0248311739,-0.0756729394,0.132065967,-0.18206051,-0.153143838,0.0348741077,0.0876413211,0.194345579,-0.0491567105,-0.0852134079,0.00110185822,0.222178444,0.194229484,0.0451505892,0.181181982,0.160494164,0.0246910863,-0.0221927576,0.039757248,0.198148414,0.172729269,0.00253069727,0.0345018469,0.198601156,-0.00343448948,-0.014025867,-0.114161938,0.157986447,0.129312143,0.0223043952,0.0636458918,0.172545075,0.0121982591,-0.00258013746,-0.0742991567,0.197500676,0.161944687,0.0441455059,0.104735561,-0.0638418868,0.0176210739,0.00834158435,0.0460250601,0.125675902,0.0952200666,-0.0284302086,0.291526228,-0.194976598,0.0766156614,0.0629925206,0.110417813,0.00274119084,0.0178054292,-0.0159177072,0.168860361,-0.041153565,-0.0165132117,-0.264045864,-0.490353972,-0.118773863,-0.0899830833,0.212118328,0.0361165702,-0.0268233418,-0.0472283624,-0.183223531,-0.222561583,-0.125139847,-0.089481838,0.159494981,0.224987149,0.116862983,0.0430544987,-0.00014611923,0.0785934851,0.151522934,0.127699956,0.0136304228,0.237244323,0.120830312,0.00551844249,-0.0680840835,-0.0408455655,0.139294654,0.121873669,-0.000267571333
C1-PREPROC-P2-AFFINE,GOLD-MODEL-C1-B10-R02482,-0.207150817,-0.421028912,-0.10482347,-0.0375807285,0.415684044,0.6203565,0.584069073,0.461963117,-0.33006525,-0.672115922,-0.22234112,-0.16805017,0.381185591,0.57451874,0.553131461,0.439792335,0.181474566,-0.441845536,0.192863703,0.305158854,0.734843135,0.779185891,0.741371036,0.435706079,0.220961809,-0.486338735,0.254278183,0.389635682,0.609679222,0.79490608,0.761256933,0.457273304,0.471227765,-0.473859191,1.2779187,2.03158522,3.05440712,0.328978658,0.295352936,-0.545638323,-0.0765413046,-0.560060143,0.428966403,0.886641741,1.69121587,0.59636426,0.585569263,-0.266748786,0.66070044,-0.562402844,1.11025739,1.13202572,1.20439935,0.627036929,0.615119517,0.258654118,0.697289467,-0.578085482,1.10651159,1.1414336,1.14359987,0.6311903,0.62314409,0.291629136,-0.124476433,-0.458400965,0.0256730318,0.127217054,0.97567296,0.652679861,0.61676538,0.229068309,-0.221779227,-0.388644159,-0.08822155,0.020618856,0.682447851,0.745384693,0.704806447,0.490228176,0.186606407,-0.495521069,0.166316032,0.184131265,0.523028255,0.80931133,0.772194684,0.390697956,0.390596271,-0.68545413,0.41238749,0.556687236,0.959499359,0.767859399,0.713149786,0.108563304,0.46042645,-0.286509991,1.16627324,1.6403687,2.99703193,0.467980623,0.416602373,-0.928843021,0.11424005,-0.365221262,0.475680232,0.775314927,1.87026715,0.647305369,0.615062058,-0.628085852,0.696338296,-0.567769945,1.04229748,1.10276997,1.36106253,0.648744047,0.639826775,0.268936217,0.738794565,-0.602694154,1.22820747,1.38026893,1.70105517,0.580267966,0.560901225,0.0488926172,8.02804565,0.614260554,8.04718494,-1.28069401,-8.39406586,-7.01472664,0.495045215,0.000298455067,0.504611254,4.48653045e-05,3.65269024e-08,1.45094802e-07,3,0.0517201275,0.19367148,0.0138470745,0.00411376823,-0.0371559411,0.141369045,0.110549591,0.0335446298,0.101256251,0.362974554,0.0311244372,0.0157911833,-0.0376283228,0.149295509,0.122920729,0.0375624374,0.0807360858,0.012493765,0.017817134,0.010958218,0.0562177971,0.17668964,0.140990287,-0.0208850522,0.169052646,-0.10468848,0.0537131131,0.0494988225,0.0934587717,0.100646421,0.0776524693,-0.0352517664,0.220851466,-0.167959675,0.101789102,-0.16116868,0.560525894,-0.0999466702,-0.0626953095,0.239888996,-0.0330300108,-0.173449755,0.0248311721,-0.0756729394,0.132065967,-0.18206048,-0.153143853,0.0348740928,0.0876413211,0.194345564,-0.049156718,-0.0852134079,0.00110185822,0.222178489,0.194229469,0.0451505966,0.181181982,0.160494164,0.0246910863,-0.0221927576,0.039757248,0.19814837,0.172729269,0.0025306975,0.0345018506,0.198601186,-0.00343448389,-0.0140258735,-0.114161938,0.157986462,0.129312128,0.0223043952,0.0636458918,0.172545105,0.0121982545,-0.00258013536,-0.0742991492,0.197500676,0.161944702,0.0441455096,0.104735598,-0.0638418943,0.0176210701,0.00834158529,0.0460250564,0.125675902,0.0952200741,-0.0284302048,0.291526288,-0.194976583,0.0766156539,0.0629925281,0.110417813,0.00274119084,0.0178054292,-0.0159177128,0.168860406,-0.0411535762,-0.0165132117,-0.264045864,-0.490353972,-0.1187739,-0.0899830982,0.212118372,0.036116574,-0.0268233456,-0.0472283699,-0.183223531,-0.222561568,-0.125139847,-0.0894818529,0.159494936,0.224987134,0.116862968,0.0430545025,-0.00014611923,0.0785934776,0.151522934,0.127699941,0.0136304228,0.237244278,0.12083035,0.00551844295,-0.068084076,-0.0408455655,0.139294669,0.121873669,-0.000267571566
C1-PREPROC-P3-SPLIT_MEAN,GOLD-MODEL-C1-B10-R02482,-0.207150817,-0.421028972,-0.104823485,-0.037580695,0.415684015,0.62035656,0.584069073,0.461963117,-0.33006525,-0.672115922,-0.222341076,-0.168050155,0.381185651,0.574518681,0.553131402,0.439792305,0.181474641,-0.441845626,0.192863598,0.305158764,0.734843075,0.779185891,0.741371095,0.435706109,0.22096175,-0.486338764,0.254278064,0.389635652,0.609679282,0.79490608,0.761256933,0.457273245,0.471227735,-0.473859221,1.2779187,2.03158522,3.05440736,0.328978628,0.295352936,-0.545638442,-0.0765413642,-0.560060143,0.428966463,0.8866418,1.69121599,0.596364319,0.585569203,-0.266748905,0.6607005,-0.562402785,1.11025727,1.13202584,1.20439947,0.62703687,0.615119576,0.258654147,0.697289467,-0.578085482,1.10651159,1.14143348,1.14359987,0.631190419,0.623144031,0.291629136,-0.124476418,-0.458400905,0.0256730653,0.127217039,0.97567302,0.652679801,0.61676544,0.229068324,-0.221779183,-0.388644189,-0.0882215649,0.020618882,0.682447851,0.745384693,0.704806387,0.490228117,0.186606348,-0.495521069,0.166316107,0.184131205,0.523028314,0.80931133,0.772194624,0.390697956,0.390596151,-0.68545419,0.41238752,0.556687117,0.959499419,0.767859399,0.713149846,0.108563259,0.46042636,-0.286509871,1.16627336,1.64036882,2.99703193,0.467980564,0.416602314,-0.928842843,0.114240013,-0.365221232,0.475680202,0.775314987,1.87026739,0.647305369,0.615061998,-0.628085971,0.696338415,-0.567769945,1.04229736,1.10276997,1.36106265,0.648744106,0.639826834,0.268936157,0.738794684,-0.602694094,1.22820747,1.38026905,1.70105529,0.580267847,0.560901225,0.0488925725,8.0280447,0.614260316,8.04718399,-1.28069389,-8.3940649,-7.01472569,0.495045215,0.000298455212,0.504611254,4.48653445e-05,3.65269024e-08,1.45095086e-07,3,0.0517201275,0.19367151,0.0138470763,0.0041137645,-0.0371559374,0.14136906,0.110549591,0.0335446298,0.101256251,0.362974554,0.0311244316,0.0157911815,-0.0376283303,0.149295494,0.122920722,0.0375624336,0.080736123,0.0124937678,0.0178171247,0.0109582143,0.0562177934,0.17668964,0.140990302,-0.020885054,0.169052586,-0.104688488,0.053713087,0.0494988188,0.0934587866,0.100646421,0.0776524693,-0.0352517627,0.220851451,-0.16795969,0.101789102,-0.16116868,0.560525954,-0.0999466628,-0.0626953095,0.239889041,-0.0330300368,-0.173449755,0.0248311758,-0.0756729394,0.132065982,-0.182060495,-0.153143838,0.0348741077,0.087641336,0.194345534,-0.0491567105,-0.0852134153,0.00110185833,0.222178459,0.194229484,0.0451506004,0.181181982,0.160494164,0.0246910863,-0.0221927539,0.039757248,0.198148414,0.172729254,0.0025306975,0.0345018469,0.198601156,-0.00343448832,-0.0140258716,-0.114161946,0.157986447,0.129312143,0.0223043952,0.0636458769,0.17254512,0.0121982573,-0.00258013862,-0.0742991492,0.197500676,0.161944687,0.0441455059,0.104735568,-0.0638418943,0.0176210776,0.00834158249,0.0460250601,0.125675902,0.0952200666,-0.0284302048,0.291526198,-0.194976598,0.0766156614,0.0629925132,0.110417821,0.00274119084,0.017805431,-0.0159177054,0.168860361,-0.0411535613,-0.0165132135,-0.264045864,-0.490353972,-0.118773885,-0.0899830833,0.212118328,0.0361165628,-0.0268233437,-0.0472283661,-0.183223546,-0.222561598,-0.125139847,-0.0894818455,0.159494966,0.224987164,0.116862968,0.0430544987,-0.00014611923,0.0785934851,0.151522949,0.127699941,0.01363042,0.237244323,0.120830342,0.00551844295,-0.0680840835,-0.0408455692,0.139294654,0.121873669,-0.000267571304
C1-PREPROC-P4-COMPENSATED,GOLD-MODEL-C1-B10-R02482,-0.207150832,-0.421028972,-0.104823478,-0.0375806913,0.415684015,0.620356619,0.584069014,0.461963147,-0.33006525,-0.672115922,-0.22234109,-0.168050155,0.381185651,0.57451874,0.553131402,0.439792305,0.181474641,-0.441845626,0.192863598,0.305158764,0.734843135,0.779185832,0.741371036,0.435706109,0.22096175,-0.486338794,0.254278064,0.389635652,0.609679282,0.794906139,0.761256993,0.457273275,0.471227705,-0.473859221,1.2779187,2.03158522,3.05440736,0.328978598,0.295352906,-0.545638442,-0.0765413716,-0.560060084,0.428966463,0.88664186,1.69121587,0.596364319,0.585569203,-0.266748875,0.6607005,-0.562402785,1.11025727,1.13202572,1.20439935,0.62703687,0.615119576,0.258654147,0.697289467,-0.578085482,1.10651171,1.1414336,1.14359987,0.631190419,0.62314409,0.291629136,-0.124476425,-0.458400905,0.0256730653,0.127217039,0.97567302,0.652679801,0.61676538,0.229068324,-0.221779183,-0.388644159,-0.0882215649,0.020618882,0.682447851,0.745384693,0.704806387,0.490228117,0.186606348,-0.495521069,0.166316107,0.184131205,0.523028314,0.80931133,0.772194624,0.390697956,0.390596151,-0.68545419,0.41238752,0.556687117,0.959499359,0.767859399,0.713149846,0.108563259,0.46042636,-0.286509871,1.16627336,1.64036882,2.99703193,0.467980564,0.416602314,-0.928842843,0.114240013,-0.365221232,0.475680202,0.775314987,1.87026739,0.647305369,0.615061998,-0.628085971,0.696338415,-0.567769945,1.04229736,1.10276997,1.36106265,0.648744106,0.639826834,0.268936157,0.738794625,-0.602694035,1.22820735,1.38026905,1.70105529,0.580267847,0.560901284,0.0488925725,8.0280447,0.614260316,8.04718494,-1.28069389,-8.3940649,-7.01472569,0.495045006,0.000298455096,0.504611552,4.48653263e-05,3.65269202e-08,1.45095015e-07,3,0.0517201312,0.19367151,0.0138470754,0.00411376404,-0.0371559374,0.141369075,0.110549584,0.0335446298,0.101256251,0.362974554,0.0311244335,0.0157911815,-0.0376283303,0.149295509,0.122920722,0.0375624336,0.080736123,0.0124937678,0.0178171247,0.0109582143,0.0562177971,0.176689625,0.140990287,-0.020885054,0.169052586,-0.104688488,0.053713087,0.0494988188,0.0934587866,0.100646429,0.0776524767,-0.0352517627,0.220851436,-0.16795969,0.101789102,-0.16116868,0.560525954,-0.0999466553,-0.0626953021,0.239889041,-0.0330300406,-0.173449725,0.0248311758,-0.0756729469,0.132065967,-0.182060495,-0.153143838,0.034874104,0.087641336,0.194345534,-0.0491567105,-0.0852134079,0.00110185822,0.222178459,0.194229484,0.0451506004,0.181181982,0.160494164,0.0246910881,-0.0221927576,0.039757248,0.198148414,0.172729269,0.0025306975,0.0345018469,0.198601156,-0.00343448832,-0.0140258716,-0.114161946,0.157986447,0.129312128,0.0223043952,0.0636458769,0.172545105,0.0121982573,-0.00258013862,-0.0742991492,0.197500676,0.161944687,0.0441455059,0.104735568,-0.0638418943,0.0176210776,0.00834158249,0.0460250601,0.125675902,0.0952200666,-0.0284302048,0.291526198,-0.194976598,0.0766156614,0.0629925132,0.110417813,0.00274119084,0.017805431,-0.0159177054,0.168860361,-0.0411535613,-0.0165132135,-0.264045864,-0.490353972,-0.118773885,-0.0899830833,0.212118328,0.0361165628,-0.0268233437,-0.0472283661,-0.183223546,-0.222561598,-0.125139847,-0.0894818455,0.159494966,0.224987164,0.116862968,0.0430544987,-0.00014611923,0.0785934851,0.151522949,0.127699941,0.01363042,0.237244308,0.120830327,0.00551844249,-0.0680840835,-0.0408455692,0.139294654,0.121873684,-0.000267571304
C1-PREPROC-P0-BASELINE,GOLD-MODEL-C1-B10-R02540,-0.795218587,-0.965334296,-0.728992164,-0.722984254,-0.636064887,0.731541753,0.651643991,0.401866823,-0.854167163,-1.00249732,-0.737733483,-0.708126068,-0.606772244,0.820751548,0.714018941,0.300426334,-1.4982388,-1.37645316,-1.20529652,-0.999444306,-0.621670604,1.08100975,0.980536759,0.280663967,-1.55388451,-1.47983682,-1.16274786,-0.982305646,-0.589976072,1.11374521,1.01506925,0.383915663,-1.49572814,-1.64111984,-0.923952937,-0.532087326,0.24964495,1.18803108,0.986324251,-0.438692421,-1.4748373,-1.62362409,-1.0753113,-0.79003036,0.0134243788,1.21066225,1.02328134,-0.70046258,-1.50080943,-1.37544096,-1.16849661,-0.899768829,-0.517387629,1.08029103,1.00630248,0.459231019,-1.53468013,-1.38779128,-1.15125966,-0.872816265,-0.552774906,1.09701371,1.01123631,0.527038097,-0.879974723,-1.02231693,-0.783050835,-0.759733975,-0.625985205,0.825098336,0.717514634,0.233606189,-0.867250979,-1.016096,-0.819002032,-0.803352535,-0.710887074,0.812830985,0.710940063,0.350525439,-1.53452766,-1.46472359,-1.24077058,-1.04761398,-0.55204922,1.09537601,0.998361945,0.325603992,-1.60569692,-1.66018581,-1.1604681,-0.957025409,-0.408009231,1.20458603,1.04248118,0.0918094292,-1.61777306,-1.82711732,-1.08028829,-0.751437128,0.314824551,1.23067427,0.984878719,-1.19623744,-1.68644273,-1.84992385,-1.18915379,-0.784904957,0.526963294,1.30995464,1.06636965,-1.31130815,-1.50959516,-1.3870033,-1.19899201,-0.942607522,-0.627256393,1.06520498,0.986593008,0.497928828,-1.5832386,-1.46725416,-1.22045887,-0.941777527,-0.693106472,1.0890063,1.00871897,0.397343874,2.26357985,0.0856825858,0.099369444,-2.35181451,-2.28522825,2.18840718,0.459520489,0.052054245,0.0527715981,0.00454846118,0.00486163795,0.426243544,1,0.0619507097,-0.0966686532,0.0679308996,0.0733940974,0.0574767888,0.0079973042,0.018320201,0.0733468086,0.112540767,-0.0967863649,0.141469792,0.171564326,0.120326914,0.0635623485,0.0751016587,0.0692365393,0.421840072,0.242530718,0.20996666,0.0222519971,0.00585551839,-0.0536662489,-0.00234755711,0.010019863,0.706087649,0.432678461,0.325506151,0.0993042812,0.0310460068,0.0219058692,0.0733632892,0.0706166923,-0.0998597667,-0.560020089,-0.0295364875,-0.124430485,-0.0590796173,0.0213330295,0.0363774523,-0.0715508759,-0.179260194,-0.640408695,-0.0841595456,-0.253836483,0.00290415692,0.0201068819,0.0272164512,-0.0203785021,-0.158057287,-0.240668595,-0.0452493131,-0.207273304,-0.11662893,-0.316467524,-0.223999575,-0.0361333229,-0.0715915039,-0.11380408,0.00605808338,-0.180191964,-0.101061285,-0.278541982,-0.201873556,-0.0200882815,0.179176539,0.281684965,0.172258854,0.167218462,0.113879889,0.106793627,0.10210748,0.0651126578,0.101264596,0.216538295,0.120511726,0.100569814,0.0856887773,-0.0116305416,-0.00143184082,0.0654622316,0.589433312,0.342245877,0.231313571,0.0268484987,-0.0166042298,-0.00795677118,0.0145210084,0.069324933,0.681617141,0.264490545,0.297213793,0.0839027092,0.00813803449,0.0279695708,0.0193573423,-0.00486979447,-0.341839582,-0.742460012,-0.17800945,-0.380318016,0.133178636,-0.0896471739,-0.0700528473,-0.145094395,-0.579514265,-1.02261817,-0.40290162,-0.476246476,0.155427426,-0.262735933,-0.210594714,-0.428298861,0.17204918,-0.0867799446,0.137986287,-0.135160789,-0.105766058,-0.138487637,-0.0733486488,-0.00918812584,0.139283657,-0.249395207,0.0828464627,-0.16514574,-0.0935007185,-0.199332267,-0.145224795,-0.00170618284
C1-PREPROC-P1-RECIPROCAL,GOLD-MODEL-C1-B10-R02540,-0.795218587,-0.965334356,-0.728992105,-0.722984254,-0.636064887,0.731541753,0.651643991,0.401866823,-0.854167163,-1.00249732,-0.737733424,-0.708126009,-0.606772304,0.820751548,0.714018941,0.300426364,-1.4982388,-1.37645316,-1.20529652,-0.999444425,-0.621670604,1.08100975,0.980536699,0.280663967,-1.55388451,-1.47983694,-1.16274798,-0.982305646,-0.589976072,1.11374533,1.01506925,0.383915693,-1.49572802,-1.64111996,-0.923952878,-0.532087326,0.24964495,1.18803096,0.986324191,-0.438692421,-1.47483742,-1.62362397,-1.0753113,-0.79003036,0.0134243779,1.21066225,1.02328134,-0.70046252,-1.50080943,-1.37544096,-1.16849649,-0.89976877,-0.517387629,1.08029103,1.00630248,0.459231019,-1.53468025,-1.38779128,-1.15125978,-0.872816265,-0.552774906,1.09701371,1.01123631,0.527038097,-0.879974723,-1.02231681,-0.783050835,-0.759734035,-0.625985146,0.825098336,0.717514634,0.233606204,-0.867250919,-1.01609588,-0.819002032,-0.803352535,-0.710887074,0.812831044,0.710940123,0.350525439,-1.53452766,-1.46472359,-1.2407707,-1.04761398,-0.55204922,1.09537601,0.998361886,0.325604022,-1.60569704,-1.66018581,-1.1604681,-0.957025409,-0.408009201,1.20458603,1.04248118,0.0918094292,-1.61777306,-1.82711732,-1.08028817,-0.751437128,0.314824551,1.23067427,0.984878719,-1.19623756,-1.68644261,-1.84992385,-1.18915379,-0.784904957,0.526963234,1.30995452,1.06636953,-1.31130815,-1.50959516,-1.3870033,-1.19899201,-0.942607522,-0.627256334,1.06520498,0.986593068,0.497928828,-1.58323848,-1.46725404,-1.22045887,-0.941777527,-0.693106413,1.0890063,1.00871909,0.397343904,2.26358032,0.0856830329,0.0993690267,-2.35181451,-2.28522849,2.18840742,0.459520549,0.0520542488,0.0527715571,0.00454846164,0.00486163376,0.426243484,1,0.0619507097,-0.0966686606,0.0679308921,0.0733940974,0.0574767888,0.0079973042,0.018320201,0.0733468086,0.112540767,-0.0967863649,0.141469792,0.171564311,0.120326929,0.0635623485,0.0751016587,0.0692365468,0.421840072,0.242530718,0.20996666,0.022251999,0.00585551839,-0.0536662489,-0.00234755687,0.010019863,0.706087649,0.432678491,0.325506181,0.0993042812,0.0310460068,0.0219058711,0.0733632892,0.0706166998,-0.0998597592,-0.560020089,-0.0295364857,-0.124430485,-0.0590796173,0.0213330276,0.0363774486,-0.0715508759,-0.179260209,-0.640408635,-0.0841595456,-0.253836483,0.00290415669,0.0201068819,0.0272164512,-0.0203785002,-0.158057287,-0.240668595,-0.0452493094,-0.20727329,-0.11662893,-0.316467524,-0.223999575,-0.0361333229,-0.0715915039,-0.11380408,0.00605808385,-0.180191964,-0.101061285,-0.278541982,-0.201873556,-0.0200882815,0.179176539,0.281684935,0.172258854,0.167218462,0.113879874,0.106793627,0.10210748,0.0651126653,0.101264596,0.216538265,0.120511726,0.100569814,0.0856887773,-0.0116305426,-0.00143184105,0.0654622316,0.589433312,0.342245877,0.231313601,0.0268484987,-0.0166042298,-0.00795677118,0.0145210074,0.0693249404,0.6816172,0.264490545,0.297213793,0.0839027092,0.00813803449,0.0279695708,0.0193573423,-0.00486979447,-0.341839582,-0.742460012,-0.178009421,-0.380318016,0.133178636,-0.0896471739,-0.0700528473,-0.14509441,-0.579514205,-1.02261817,-0.40290162,-0.476246476,0.155427396,-0.262735903,-0.210594684,-0.428298861,0.17204918,-0.0867799446,0.137986287,-0.135160789,-0.105766051,-0.138487637,-0.0733486488,-0.00918812584,0.139283657,-0.249395192,0.0828464627,-0.16514574,-0.093500711,-0.199332267,-0.145224825,-0.00170618296
C1-PREPROC-P2-AFFINE,GOLD-MODEL-C1-B10-R02540,-0.795218587,-0.965334237,-0.728992105,-0.722984314,-0.636064887,0.731541753,0.651643991,0.401866853,-0.854167163,-1.00249732,-0.737733483,-0.708126068,-0.606772304,0.820751607,0.714018941,0.300426364,-1.4982388,-1.37645304,-1.2052964,-0.999444366,-0.621670604,1.08100975,0.980536699,0.280663967,-1.55388451,-1.47983694,-1.16274786,-0.982305527,-0.589976072,1.11374533,1.01506925,0.383915663,-1.49572802,-1.64112008,-0.923952818,-0.532087326,0.249644995,1.18803108,0.986324191,-0.438692451,-1.47483718,-1.62362409,-1.0753113,-0.79003042,0.0134242773,1.21066201,1.02328134,-0.700462341,-1.50080943,-1.37544096,-1.16849661,-0.89976877,-0.517387688,1.08029115,1.00630248,0.459231079,-1.53468013,-1.38779128,-1.15125966,-0.872816265,-0.552774906,1.09701359,1.01123619,0.527038157,-0.879974723,-1.02231693,-0.783050895,-0.759734035,-0.625985146,0.825098395,0.717514515,0.233606219,-0.867250979,-1.016096,-0.819002032,-0.803352535,-0.710887194,0.812831044,0.710940123,0.350525498,-1.53452766,-1.46472359,-1.24077058,-1.04761398,-0.552049339,1.09537601,0.998361945,0.325603962,-1.60569704,-1.66018581,-1.1604681,-0.957025409,-0.408009171,1.20458603,1.04248118,0.091809392,-1.61777306,-1.8271172,-1.08028817,-0.751437187,0.314824462,1.23067451,0.984878778,-1.19623756,-1.68644249,-1.84992397,-1.18915379,-0.784904957,0.526963234,1.30995464,1.06636965,-1.31130791,-1.50959516,-1.38700318,-1.19899201,-0.942607403,-0.627256393,1.06520498,0.986593008,0.497928798,-1.58323848,-1.46725416,-1.22045887,-0.941777706,-0.693106472,1.08900642,1.00871909,0.397343874,2.2635808,0.0856832117,0.0993692651,-2.35181451,-2.28522921,2.18840718,0.459520727,0.0520542488,0.0527715683,0.00454845931,0.00486163143,0.426243365,1,0.0619507097,-0.0966686457,0.0679308921,0.0733941048,0.0574767888,0.0079973042,0.018320201,0.073346816,0.112540767,-0.0967863649,0.141469792,0.171564326,0.120326929,0.0635623485,0.0751016587,0.0692365468,0.421840072,0.242530704,0.20996663,0.0222519971,0.00585551839,-0.0536662489,-0.00234755687,0.010019863,0.706087649,0.432678491,0.325506151,0.0993042737,0.0310460068,0.0219058711,0.0733632892,0.0706166923,-0.0998597592,-0.560020149,-0.0295364838,-0.124430485,-0.0590796284,0.0213330295,0.0363774486,-0.0715508834,-0.179260194,-0.640408695,-0.0841595456,-0.253836483,0.00290413504,0.0201068781,0.0272164512,-0.0203784946,-0.158057287,-0.240668595,-0.0452493131,-0.20727329,-0.116628945,-0.316467553,-0.223999575,-0.0361333266,-0.0715915039,-0.11380408,0.00605808338,-0.180191964,-0.101061285,-0.278541952,-0.201873526,-0.0200882852,0.179176539,0.281684965,0.172258869,0.167218462,0.113879874,0.106793635,0.102107465,0.0651126653,0.101264596,0.216538295,0.120511726,0.100569814,0.0856887922,-0.0116305426,-0.00143184105,0.0654622465,0.589433312,0.342245877,0.231313571,0.0268484987,-0.0166042335,-0.00795677118,0.0145210084,0.069324933,0.6816172,0.264490545,0.297213793,0.0839027092,0.00813803356,0.0279695708,0.0193573423,-0.00486979261,-0.341839582,-0.742459953,-0.178009421,-0.380318046,0.133178607,-0.0896471888,-0.0700528473,-0.14509441,-0.579514146,-1.02261817,-0.40290162,-0.476246476,0.155427396,-0.262735933,-0.210594714,-0.428298771,0.17204918,-0.0867799371,0.137986287,-0.135160774,-0.105766058,-0.138487637,-0.0733486488,-0.00918812491,0.139283657,-0.249395207,0.0828464627,-0.16514577,-0.0935007185,-0.199332297,-0.145224825,-0.00170618284
C1-PREPROC-P3-SPLIT_MEAN,GOLD-MODEL-C1-B10-R02540,-0.795218587,-0.965334296,-0.728992164,-0.722984254,-0.636064887,0.731541753,0.651643991,0.401866853,-0.854167163,-1.0024972,-0.737733483,-0.708126068,-0.606772244,0.820751548,0.714018941,0.300426334,-1.4982388,-1.37645316,-1.20529652,-0.999444306,-0.621670604,1.08100975,0.980536759,0.280664027,-1.55388451,-1.47983682,-1.16274786,-0.982305646,-0.589976072,1.11374521,1.01506925,0.383915633,-1.49572814,-1.64111996,-0.923952937,-0.532087266,0.249644965,1.1880312,0.986324251,-0.43869251,-1.4748373,-1.62362421,-1.0753113,-0.79003036,0.0134244086,1.21066225,1.02328134,-0.70046258,-1.50080943,-1.37544096,-1.16849661,-0.899768829,-0.517387688,1.08029115,1.00630248,0.459231079,-1.53468013,-1.38779128,-1.15125966,-0.872816324,-0.552774906,1.09701371,1.01123631,0.527038157,-0.879974723,-1.02231681,-0.783050835,-0.759733975,-0.625985146,0.825098336,0.717514634,0.233606204,-0.867250979,-1.016096,-0.819002032,-0.803352535,-0.710887134,0.812830985,0.710940063,0.350525439,-1.53452766,-1.46472359,-1.24077058,-1.04761398,-0.55204922,1.09537601,0.998361945,0.325603962,-1.60569692,-1.66018581,-1.1604681,-0.957025409,-0.408009231,1.20458603,1.04248118,0.0918094218,-1.61777306,-1.82711732,-1.08028817,-0.751437128,0.314824522,1.23067427,0.984878719,-1.19623744,-1.68644273,-1.84992385,-1.18915367,-0.784904897,0.526963294,1.30995464,1.06636965,-1.31130815,-1.50959516,-1.3870033,-1.19899201,-0.942607462,-0.627256393,1.06520498,0.986593008,0.497928768,-1.5832386,-1.46725416,-1.22045887,-0.941777527,-0.693106472,1.0890063,1.00871897,0.397343874,2.26357889,0.0856830627,0.0993688479,-2.35181475,-2.28522921,2.18840718,0.45952028,0.0520542935,0.0527715907,0.0045484635,0.00486163562,0.426243752,1,0.0619507097,-0.0966686532,0.0679308996,0.0733940974,0.0574767888,0.0079973042,0.018320201,0.073346816,0.112540767,-0.0967863575,0.141469792,0.171564326,0.120326914,0.0635623485,0.0751016587,0.0692365393,0.421840072,0.242530718,0.20996666,0.0222519971,0.00585551839,-0.0536662489,-0.00234755711,0.0100198649,0.706087649,0.432678461,0.325506151,0.0993042812,0.0310460068,0.0219058692,0.0733632892,0.0706166923,-0.0998597667,-0.560020089,-0.0295364875,-0.12443047,-0.059079621,0.0213330314,0.0363774523,-0.0715508908,-0.179260194,-0.640408754,-0.0841595456,-0.253836483,0.00290416344,0.0201068819,0.0272164512,-0.0203785021,-0.158057287,-0.240668595,-0.0452493131,-0.207273304,-0.116628945,-0.316467553,-0.223999575,-0.0361333266,-0.0715915039,-0.11380408,0.00605808338,-0.180191979,-0.101061285,-0.278541982,-0.201873556,-0.0200882852,0.179176539,0.281684935,0.172258854,0.167218462,0.113879874,0.106793627,0.10210748,0.0651126653,0.101264596,0.216538295,0.120511726,0.100569814,0.0856887847,-0.0116305416,-0.00143184082,0.0654622316,0.589433312,0.342245877,0.231313571,0.0268484987,-0.0166042298,-0.00795677118,0.0145210084,0.069324933,0.681617141,0.264490545,0.297213793,0.0839027092,0.00813803449,0.0279695708,0.0193573423,-0.00486979401,-0.341839582,-0.742460012,-0.178009421,-0.380318016,0.133178622,-0.0896471739,-0.0700528473,-0.145094395,-0.579514265,-1.02261817,-0.40290159,-0.476246446,0.155427426,-0.262735933,-0.210594714,-0.428298861,0.17204918,-0.0867799446,0.137986287,-0.135160774,-0.105766058,-0.138487637,-0.0733486488,-0.00918812491,0.139283657,-0.249395207,0.0828464627,-0.16514574,-0.0935007185,-0.199332267,-0.145224795,-0.00170618284
C1-PREPROC-P4-COMPENSATED,GOLD-MODEL-C1-B10-R02540,-0.795218587,-0.965334356,-0.728992105,-0.722984254,-0.636064887,0.731541753,0.651643991,0.401866853,-0.854167163,-1.00249732,-0.737733483,-0.708126068,-0.606772244,0.820751548,0.714018941,0.300426364,-1.4982388,-1.37645316,-1.20529652,-0.999444366,-0.621670604,1.08100975,0.980536699,0.280664027,-1.55388451,-1.47983694,-1.16274798,-0.982305646,-0.589976072,1.11374533,1.01506925,0.383915663,-1.49572802,-1.64112008,-0.923952878,-0.532087266,0.249644965,1.18803108,0.986324251,-0.43869251,-1.4748373,-1.62362409,-1.0753113,-0.79003042,0.0134244077,1.21066225,1.02328134,-0.70046258,-1.50080943,-1.37544096,-1.16849649,-0.89976877,-0.517387688,1.08029103,1.00630248,0.459231108,-1.53468025,-1.38779128,-1.15125978,-0.872816324,-0.552774906,1.09701371,1.01123631,0.527038157,-0.879974723,-1.02231681,-0.783050895,-0.759733975,-0.625985086,0.825098336,0.717514634,0.233606219,-0.867250919,-1.016096,-0.819002032,-0.803352535,-0.710887134,0.812831044,0.710940123,0.350525439,-1.53452766,-1.46472359,-1.2407707,-1.04761398,-0.55204922,1.09537601,0.998361886,0.325603992,-1.60569704,-1.66018581,-1.1604681,-0.957025409,-0.408009201,1.20458603,1.04248118,0.0918094218,-1.61777306,-1.82711732,-1.08028817,-0.751437128,0.314824522,1.23067427,0.984878719,-1.19623756,-1.68644261,-1.84992385,-1.18915367,-0.784904897,0.526963294,1.30995452,1.06636953,-1.31130815,-1.50959516,-1.3870033,-1.19899201,-0.942607462,-0.627256393,1.06520498,0.986593008,0.497928768,-1.58323848,-1.46725404,-1.22045887,-0.941777527,-0.693106413,1.0890063,1.00871909,0.397343904,2.26358032,0.0856830329,0.0993689075,-2.35181499,-2.28522944,2.18840742,0.459520578,0.0520542562,0.0527715497,0.00454845792,0.00486163003,0.426243514,1,0.0619507097,-0.0966686606,0.0679308921,0.0733940974,0.0574767888,0.0079973042,0.018320201,0.073346816,0.112540767,-0.0967863649,0.141469792,0.171564326,0.120326914,0.0635623485,0.0751016587,0.0692365468,0.421840072,0.242530718,0.20996666,0.0222519971,0.00585551839,-0.0536662489,-0.00234755687,0.0100198649,0.706087649,0.432678491,0.325506181,0.0993042812,0.0310460068,0.0219058711,0.0733632892,0.0706166923,-0.0998597592,-0.560020149,-0.0295364857,-0.12443047,-0.059079621,0.0213330295,0.0363774523,-0.0715508908,-0.179260194,-0.640408695,-0.0841595456,-0.253836483,0.00290416321,0.0201068819,0.0272164512,-0.0203785021,-0.158057287,-0.240668595,-0.0452493094,-0.20727329,-0.116628945,-0.316467524,-0.223999575,-0.0361333303,-0.0715915039,-0.11380408,0.00605808385,-0.180191979,-0.101061285,-0.278541982,-0.201873556,-0.0200882852,0.179176539,0.281684935,0.172258869,0.167218462,0.113879867,0.106793627,0.10210748,0.0651126653,0.101264596,0.216538295,0.120511726,0.100569814,0.0856887847,-0.0116305426,-0.00143184105,0.0654622316,0.589433312,0.342245877,0.231313601,0.0268484987,-0.0166042298,-0.00795677118,0.0145210074,0.069324933,0.6816172,0.264490545,0.297213793,0.0839027092,0.00813803449,0.0279695708,0.0193573423,-0.00486979401,-0.341839582,-0.742460012,-0.178009421,-0.380318016,0.133178622,-0.0896471739,-0.0700528473,-0.14509441,-0.579514205,-1.02261817,-0.40290159,-0.476246446,0.155427426,-0.262735903,-0.210594684,-0.428298861,0.17204918,-0.0867799446,0.137986287,-0.135160774,-0.105766058,-0.138487637,-0.0733486488,-0.00918812491,0.139283657,-0.249395192,0.0828464627,-0.16514574,-0.093500711,-0.199332267,-0.145224825,-0.00170618296
C1-PREPROC-P0-BASELINE,GOLD-MODEL-C1-B10-R02639,-0.652519166,-0.379617274,-0.617125869,-0.61825937,-0.30577153,-0.618496954,-1.9864769,-7.73600149,-0.637720227,0.0966754407,-0.548229277,-0.520685911,-0.000642468105,-1.16952634,-4.48886061,-11.3953009,0.584479809,0.89167136,1.01388848,1.11168051,0.973454595,-5.12689781,-5.89085102,-17.7964344,0.684648693,0.951478541,1.10633039,1.17499638,1.14022458,-5.50349474,-6.41994572,-24.8201866,0.331805974,0.736853778,0.912279308,1.08738077,2.16844821,-3.58507228,-4.10449171,-7.17734003,-0.155814663,0.481642842,0.187550232,0.289185971,0.781645298,-1.86737871,-2.08510065,-5.46162844,0.449637353,0.19902274,1.19738793,1.43613994,1.46319735,-6.68276215,-7.81971216,-19.0953445,0.577862501,0.231681928,1.33021665,1.5334034,1.3838855,-7.01471758,-8.0553894,-21.4060268,-0.710328758,-0.482769042,-0.657419562,-0.641475022,-0.250156343,-0.861639678,-2.86844778,-8.87475777,-0.735207975,-0.41692704,-0.710098565,-0.693780541,-0.369104713,-0.584696293,-2.00927138,-8.91143322,0.449530989,0.739885211,0.87489903,1.00731111,1.1225301,-5.8687644,-7.08029795,-25.6727371,0.547460854,0.328604966,0.88208425,1.01077414,1.15468276,-6.59217644,-7.78594255,-20.6548538,0.0524020009,1.14421201,0.458369106,0.395458281,1.41460001,-3.47723126,-3.68582964,-7.30092621,0.0376013368,1.3985492,0.337942392,0.336789429,1.01711285,-2.55227065,-2.62762308,-6.28175974,0.366398633,0.0657540858,1.0424583,1.34582984,1.63174713,-7.44408607,-9.09634686,-22.5747929,0.304122448,0.044968918,0.971101105,1.23634505,1.64403129,-7.48110342,-8.78873825,-23.6077747,0.185202986,41.277523,-4.08227396,-0.56769371,6.9623065,-43.775074,1.42505756e-18,1,1.99751403e-20,6.712033e-19,1.25052112e-15,1.15378913e-37,2,0.198263615,0.217163011,0.120816037,0.104150802,0.0467224754,-0.167099819,-0.463739663,-0.750887215,0.219963282,-0.0603806451,0.114042528,0.0820660666,8.70730946e-05,-0.386857688,-1.33291185,-1.40803456,0.0755680501,0.367504567,0.340049893,0.255079001,0.140190631,1.88374257,2.13415408,1.16466498,-0.00393145252,0.299911797,0.324603319,0.233129114,0.125557512,1.90467978,2.30667424,4.96749878,-0.138388902,-0.39608264,-0.00347526511,-0.0640948489,0.302064896,-0.548412204,-0.232442558,-1.41533542,0.0632474869,-0.241604209,0.000383189268,-0.0251513906,-0.0712578818,-0.269269496,-0.136321485,-0.786763191,0.00982018933,0.095436357,0.33188048,0.181174606,0.0548248403,1.79097891,2.35068345,3.2427361,-0.0107878074,0.118524015,0.336972922,0.121044263,0.0510178469,1.95332158,2.41818833,1.91242242,0.23544015,0.249250993,0.131282896,0.106148452,0.0397792161,-0.273862153,-0.825708568,-1.19270957,0.256700426,0.224542782,0.162062779,0.138763279,0.0730935484,-0.207214832,-0.638417661,-1.37546611,0.0430013724,0.25309965,0.27423951,0.220410526,0.144330159,1.97342825,2.29943752,5.26357841,-0.0653405041,0.0526044481,0.217853099,0.174114466,0.114190854,1.42991161,1.76992702,-1.79352725,-0.0257679857,-0.531309366,-0.018928539,-0.0742571875,-0.0757673159,-0.685551345,-0.524191678,-1.62495172,-0.0180742219,-0.621771038,-0.0130113335,-0.0426783971,0.0842422843,-0.483285785,-0.302047074,-1.27551949,-0.000679695338,0.0318460353,0.299520314,0.133608565,0.0662031174,2.01567149,2.81208158,2.67779589,-0.0169228781,0.0176805221,0.268785298,0.158693939,0.192542195,1.65063369,2.27425742,1.29515862
C1-PREPROC-P1-RECIPROCAL,GOLD-MODEL-C1-B10-R02639,-0.652519226,-0.379617274,-0.617125869,-0.61825937,-0.30577153,-0.618497014,-1.98647678,-7.73600149,-0.637720227,0.0966754407,-0.548229218,-0.520685911,-0.000642468105,-1.16952634,-4.48886061,-11.3953009,0.584479749,0.8916713,1.01388848,1.11168063,0.973454654,-5.12689829,-5.89085054,-17.7964325,0.684648633,0.951478601,1.10633039,1.17499638,1.14022458,-5.50349522,-6.41994619,-24.8201885,0.331805944,0.736853838,0.912279308,1.08738077,2.16844821,-3.58507228,-4.10449171,-7.17734003,-0.155814677,0.481642842,0.187550232,0.289185971,0.781645238,-1.86737871,-2.08510065,-5.46162796,0.449637353,0.19902274,1.19738793,1.43613994,1.46319723,-6.68276167,-7.81971169,-19.0953445,0.577862561,0.231681928,1.33021665,1.53340352,1.3838855,-7.01471806,-8.0553894,-21.4060268,-0.710328817,-0.482769012,-0.657419562,-0.641475081,-0.250156313,-0.861639678,-2.86844778,-8.87475777,-0.735207975,-0.41692701,-0.710098565,-0.693780541,-0.369104683,-0.584696293,-2.00927138,-8.91143322,0.449531019,0.739885211,0.87489903,1.00731111,1.1225301,-5.8687644,-7.08029747,-25.672739,0.547460854,0.328604966,0.882084191,1.01077414,1.15468264,-6.59217644,-7.78594255,-20.6548538,0.0524020046,1.14421201,0.458369076,0.395458281,1.41460013,-3.47723126,-3.68582964,-7.30092669,0.0376013368,1.3985492,0.337942392,0.336789429,1.01711273,-2.55227041,-2.62762308,-6.28175974,0.366398633,0.0657540858,1.04245842,1.34582996,1.63174701,-7.4440856,-9.09634781,-22.5747929,0.304122448,0.044968918,0.971101105,1.23634505,1.64403117,-7.48110342,-8.7887392,-23.6077766,0.185202882,41.277523,-4.08227396,-0.56769532,6.96230459,-43.7750702,1.42505756e-18,1,1.99751403e-20,6.71200767e-19,1.25051624e-15,1.15378913e-37,2,0.19826363,0.217163011,0.120816037,0.104150802,0.0467224754,-0.167099833,-0.463739663,-0.750887215,0.219963282,-0.0603806451,0.114042513,0.0820660666,8.70730946e-05,-0.386857688,-1.33291185,-1.40803456,0.0755680427,0.367504537,0.340049893,0.255079031,0.140190631,1.88374281,2.13415384,1.16466486,-0.00393145252,0.299911827,0.324603319,0.233129114,0.125557512,1.90468001,2.30667424,4.96749926,-0.138388887,-0.396082669,-0.00347526511,-0.0640948489,0.302064896,-0.548412204,-0.232442558,-1.41533542,0.0632474944,-0.241604209,0.000383189268,-0.0251513906,-0.0712578744,-0.269269496,-0.136321485,-0.786763132,0.00982018933,0.095436357,0.33188048,0.181174606,0.0548248366,1.79097879,2.35068345,3.2427361,-0.0107878083,0.118524015,0.336972922,0.121044278,0.0510178469,1.9533217,2.41818833,1.91242242,0.235440165,0.249250978,0.131282896,0.106148459,0.0397792086,-0.273862153,-0.825708568,-1.19270957,0.256700426,0.224542752,0.162062779,0.138763279,0.073093541,-0.207214832,-0.638417661,-1.37546611,0.0430013724,0.25309965,0.27423951,0.220410526,0.144330159,1.97342825,2.29943752,5.26357841,-0.0653405041,0.0526044481,0.217853084,0.174114466,0.114190839,1.42991161,1.76992702,-1.79352725,-0.0257679876,-0.531309366,-0.0189285371,-0.0742571875,-0.0757673234,-0.685551345,-0.524191678,-1.62495184,-0.0180742219,-0.621771038,-0.0130113335,-0.0426783971,0.0842422768,-0.483285725,-0.302047074,-1.27551949,-0.000679695338,0.0318460353,0.299520344,0.13360858,0.0662031099,2.01567125,2.81208181,2.67779589,-0.0169228781,0.0176805221,0.268785298,0.158693939,0.19254218,1.65063369,2.27425766,1.29515862
C1-PREPROC-P2-AFFINE,GOLD-MODEL-C1-B10-R02639,-0.652519166,-0.379617214,-0.617125869,-0.61825943,-0.305771559,-0.618497074,-1.9864769,-7.73600101,-0.637720227,0.0966755152,-0.548229218,-0.520685911,-0.000642478466,-1.16952634,-4.48886061,-11.3953009,0.584479809,0.891671538,1.0138886,1.11168075,0.973454714,-5.12689781,-5.89085054,-17.7964325,0.684648633,0.951478601,1.10633051,1.17499638,1.1402247,-5.50349522,-6.41994619,-24.8201885,0.331805944,0.736853838,0.912279487,1.08738065,2.16844797,-3.58507204,-4.10449123,-7.17733955,-0.155814528,0.481642723,0.187550187,0.289185882,0.781645179,-1.86737871,-2.08510065,-5.46162796,0.449637413,0.19902277,1.19738793,1.43613982,1.46319723,-6.68276119,-7.81971216,-19.0953465,0.577862501,0.231681943,1.33021665,1.53340352,1.3838855,-7.01471806,-8.0553894,-21.4060268,-0.710328758,-0.482769072,-0.657419622,-0.641474962,-0.250156343,-0.861639619,-2.86844778,-8.87475777,-0.735207975,-0.416927099,-0.710098565,-0.693780541,-0.369104803,-0.584696233,-2.00927138,-8.91143322,0.449531078,0.739885211,0.87489903,1.00731122,1.12252998,-5.8687644,-7.08029652,-25.672739,0.547460914,0.328605056,0.88208425,1.01077414,1.15468276,-6.59217644,-7.78594208,-20.6548538,0.0524020195,1.14421201,0.458369136,0.395458221,1.41460013,-3.47723126,-3.68582964,-7.30092621,0.0376013517,1.39854908,0.337942362,0.336789489,1.01711273,-2.55227041,-2.62762308,-6.28175974,0.366398573,0.0657541752,1.04245842,1.34583008,1.63174701,-7.44408607,-9.09634781,-22.574791,0.304122448,0.0449688435,0.971101165,1.23634493,1.64403117,-7.48110342,-8.78873825,-23.6077785,0.185202777,41.2775269,-4.08227348,-0.56769371,6.96230507,-43.7750702,1.42505208e-18,1,1.99750644e-20,6.71198234e-19,1.25051159e-15,1.15378913e-37,2,0.198263615,0.217162982,0.120816037,0.104150809,0.0467224792,-0.167099848,-0.463739663,-0.750887156,0.219963282,-0.0603806898,0.114042513,0.0820660666,8.70744989e-05,-0.386857688,-1.33291185,-1.40803456,0.0755680501,0.367504627,0.340049952,0.255079061,0.140190646,1.88374257,2.13415384,1.16466486,-0.00393145252,0.299911827,0.324603349,0.233129114,0.125557527,1.90468001,2.30667424,4.96749926,-0.138388887,-0.396082669,-0.00347526581,-0.0640948415,0.302064866,-0.548412144,-0.232442528,-1.4153353,0.0632474348,-0.241604149,0.000383189181,-0.0251513813,-0.0712578744,-0.269269496,-0.136321485,-0.786763132,0.00982019119,0.0954363719,0.33188048,0.181174591,0.0548248366,1.79097867,2.35068345,3.24273634,-0.0107878074,0.118524022,0.336972922,0.121044278,0.0510178469,1.9533217,2.41818833,1.91242242,0.23544015,0.249251008,0.131282911,0.106148437,0.0397792161,-0.273862123,-0.825708568,-1.19270957,0.256700426,0.224542812,0.162062779,0.138763279,0.0730935633,-0.207214817,-0.638417661,-1.37546611,0.0430013798,0.25309965,0.27423951,0.220410556,0.144330144,1.97342825,2.29943705,5.26357841,-0.0653405115,0.052604463,0.217853099,0.174114466,0.114190854,1.42991161,1.76992691,-1.79352725,-0.025767995,-0.531309366,-0.018928539,-0.0742571726,-0.0757673234,-0.685551345,-0.524191678,-1.62495172,-0.0180742294,-0.621770978,-0.0130113326,-0.0426784046,0.0842422768,-0.483285725,-0.302047074,-1.27551949,-0.000679695222,0.03184608,0.299520344,0.13360858,0.0662031099,2.01567149,2.81208181,2.67779565,-0.0169228781,0.0176804923,0.268785328,0.158693925,0.19254218,1.65063369,2.27425742,1.29515874
C1-PREPROC-P3-SPLIT_MEAN,GOLD-MODEL-C1-B10-R02639,-0.652519166,-0.379617214,-0.617125869,-0.61825943,-0.305771559,-0.618496954,-1.9864769,-7.73600149,-0.637720227,0.0966754854,-0.548229218,-0.520685971,-0.000642433413,-1.16952634,-4.48886061,-11.3953009,0.584479809,0.89167136,1.01388848,1.11168051,0.973454595,-5.12689781,-5.89085102,-17.7964344,0.684648633,0.951478541,1.10633039,1.17499638,1.14022458,-5.50349474,-6.41994572,-24.8201866,0.331805944,0.736853659,0.912279308,1.08738077,2.16844821,-3.58507228,-4.10449171,-7.17734003,-0.155814633,0.481642812,0.187550277,0.289186031,0.781645358,-1.86737871,-2.08510065,-5.46162844,0.449637413,0.19902283,1.19738793,1.43613994,1.46319735,-6.68276215,-7.81971216,-19.0953445,0.577862501,0.231681898,1.33021665,1.5334034,1.3838855,-7.01471758,-8.0553894,-21.4060268,-0.710328758,-0.482769012,-0.657419562,-0.641474962,-0.250156283,-0.861639678,-2.86844778,-8.87475777,-0.735207975,-0.416927099,-0.710098565,-0.693780541,-0.369104743,-0.584696293,-2.00927138,-8.91143322,0.449530989,0.739885151,0.874899089,1.00731111,1.1225301,-5.8687644,-7.08029795,-25.6727371,0.547460794,0.328604996,0.88208425,1.01077414,1.15468276,-6.59217644,-7.78594255,-20.6548538,0.0524020232,1.14421201,0.458369166,0.395458251,1.41460001,-3.47723126,-3.68582964,-7.30092621,0.0376013182,1.3985492,0.337942421,0.336789459,1.01711285,-2.55227065,-2.62762308,-6.28175974,0.366398692,0.0657541305,1.0424583,1.34582984,1.63174713,-7.44408607,-9.09634686,-22.5747929,0.304122448,0.0449688919,0.971101105,1.23634505,1.64403129,-7.48110342,-8.78873825,-23.6077747,0.185203463,41.2775269,-4.08227396,-0.56769371,6.96230555,-43.775074,1.42505208e-18,1,1.99750644e-20,6.71198234e-19,1.25051624e-15,1.15378913e-37,2,0.198263615,0.217162982,0.120816037,0.104150809,0.0467224792,-0.167099819,-0.463739663,-0.750887215,0.219963282,-0.0603806712,0.114042513,0.082066074,8.70683944e-05,-0.386857688,-1.33291185,-1.40803456,0.0755680501,0.367504567,0.340049893,0.255079001,0.140190631,1.88374257,2.13415408,1.16466498,-0.00393145252,0.299911797,0.324603319,0.233129114,0.125557512,1.90467978,2.30667424,4.96749878,-0.138388887,-0.39608258,-0.00347526511,-0.0640948489,0.302064896,-0.548412204,-0.232442558,-1.41533542,0.0632474795,-0.241604194,0.000383189355,-0.0251513943,-0.0712578893,-0.269269496,-0.136321485,-0.786763191,0.00982019119,0.0954364017,0.33188048,0.181174606,0.0548248403,1.79097891,2.35068345,3.2427361,-0.0107878074,0.118524,0.336972922,0.121044263,0.0510178469,1.95332158,2.41818833,1.91242242,0.23544015,0.249250978,0.131282896,0.106148437,0.0397792049,-0.273862153,-0.825708568,-1.19270957,0.256700426,0.224542812,0.162062779,0.138763279,0.0730935484,-0.207214832,-0.638417661,-1.37546611,0.0430013724,0.25309962,0.27423954,0.220410526,0.144330159,1.97342825,2.29943752,5.26357841,-0.0653404966,0.0526044555,0.217853099,0.174114466,0.114190854,1.42991161,1.76992702,-1.79352725,-0.0257679969,-0.531309366,-0.0189285409,-0.0742571801,-0.0757673159,-0.685551345,-0.524191678,-1.62495172,-0.0180742145,-0.621771038,-0.0130113345,-0.0426784009,0.0842422843,-0.483285785,-0.302047074,-1.27551949,-0.000679695455,0.0318460576,0.299520314,0.133608565,0.0662031174,2.01567149,2.81208158,2.67779589,-0.0169228781,0.0176805109,0.268785298,0.158693939,0.192542195,1.65063369,2.27425742,1.29515862
C1-PREPROC-P4-COMPENSATED,GOLD-MODEL-C1-B10-R02639,-0.652519226,-0.379617244,-0.617125869,-0.61825943,-0.305771559,-0.618497014,-1.98647678,-7.73600149,-0.637720227,0.0966754779,-0.548229218,-0.520685911,-0.000642433413,-1.16952634,-4.48886061,-11.3953009,0.584479749,0.8916713,1.01388848,1.11168063,0.973454654,-5.12689829,-5.89085054,-17.7964325,0.684648633,0.951478601,1.10633039,1.17499638,1.14022458,-5.50349522,-6.41994619,-24.8201885,0.331805915,0.736853719,0.912279308,1.08738077,2.16844821,-3.58507228,-4.10449171,-7.17734003,-0.155814648,0.481642783,0.187550277,0.289186001,0.781645298,-1.86737871,-2.08510065,-5.46162844,0.449637413,0.19902283,1.19738793,1.43613994,1.46319723,-6.68276215,-7.81971169,-19.0953445,0.577862561,0.231681913,1.33021665,1.53340352,1.3838855,-7.01471758,-8.0553894,-21.4060268,-0.710328817,-0.482769012,-0.657419622,-0.641475022,-0.250156283,-0.861639678,-2.86844778,-8.87475777,-0.735207975,-0.416927069,-0.710098565,-0.693780541,-0.369104743,-0.584696293,-2.00927138,-8.91143322,0.449531019,0.739885151,0.874899089,1.00731111,1.1225301,-5.8687644,-7.08029747,-25.6727371,0.547460794,0.328604996,0.882084191,1.01077414,1.15468264,-6.59217644,-7.78594303,-20.6548538,0.052402027,1.14421201,0.458369166,0.395458251,1.41460013,-3.47723126,-3.68582964,-7.30092621,0.0376013182,1.3985492,0.337942421,0.336789489,1.01711273,-2.55227041,-2.62762308,-6.28175974,0.366398692,0.0657541379,1.04245842,1.34582996,1.63174701,-7.4440856,-9.09634781,-22.5747929,0.304122418,0.0449688919,0.971101105,1.23634505,1.64403117,-7.48110342,-8.7887392,-23.6077766,0.185203835,41.2775269,-4.08227301,-0.567695796,6.96230555,-43.7750702,1.42505208e-18,1,1.99751403e-20,6.71198234e-19,1.25051624e-15,1.15378913e-37,2,0.19826363,0.217162997,0.120816037,0.104150809,0.0467224792,-0.167099833,-0.463739663,-0.750887215,0.219963282,-0.0603806674,0.114042513,0.0820660666,8.70683944e-05,-0.386857688,-1.33291185,-1.40803456,0.0755680427,0.367504537,0.340049893,0.255079031,0.140190631,1.88374281,2.13415384,1.16466486,-0.00393145252,0.299911827,0.324603319,0.233129114,0.125557512,1.90468001,2.30667424,4.96749926,-0.138388872,-0.39608261,-0.00347526511,-0.0640948489,0.302064896,-0.548412204,-0.232442558,-1.41533542,0.0632474795,-0.241604179,0.000383189355,-0.0251513924,-0.0712578818,-0.269269496,-0.136321485,-0.786763191,0.00982019119,0.0954364017,0.33188048,0.181174606,0.0548248366,1.79097891,2.35068345,3.2427361,-0.0107878083,0.118524007,0.336972922,0.121044278,0.0510178469,1.95332158,2.41818833,1.91242242,0.235440165,0.249250978,0.131282911,0.106148452,0.0397792049,-0.273862153,-0.825708568,-1.19270957,0.256700426,0.224542797,0.162062779,0.138763279,0.0730935484,-0.207214832,-0.638417661,-1.37546611,0.0430013724,0.25309962,0.27423954,0.220410526,0.144330159,1.97342825,2.29943752,5.26357841,-0.0653404966,0.0526044555,0.217853084,0.174114466,0.114190839,1.42991161,1.76992714,-1.79352725,-0.0257679988,-0.531309366,-0.0189285409,-0.0742571801,-0.0757673234,-0.685551345,-0.524191678,-1.62495172,-0.0180742145,-0.621771038,-0.0130113345,-0.0426784046,0.0842422768,-0.483285725,-0.302047074,-1.27551949,-0.000679695455,0.0318460613,0.299520344,0.13360858,0.0662031099,2.01567125,2.81208181,2.67779589,-0.0169228781,0.0176805109,0.268785298,0.158693939,0.19254218,1.65063369,2.27425766,1.29515862
C1-PREPROC-P0-BASELINE,GOLD-MODEL-C1-B10-R02847,-0.769563377,-0.802248716,-0.746964991,-0.757582366,-0.674660504,0.748901963,0.697292686,0.534132242,-0.779716969,-0.465266109,-0.71968013,-0.710639477,-0.653500438,0.75334245,0.721752822,0.546076417,0.808985531,1.32662773,1.82024252,1.90214157,1.82564902,-0.593244851,-0.612331688,-1.42948544,1.14200783,1.62786055,2.11508131,2.17804933,1.98077178,-0.860139191,-0.885873973,-1.77729595,1.9856267,2.21163535,3.48416162,3.72415066,3.40167165,-2.10664606,-2.49983287,-2.7899456,1.21149814,2.2616992,2.15629649,1.89726782,2.01299906,-1.07120216,-1.33958566,-2.00078607,0.655033767,0.544490337,1.9257673,2.46397996,2.35466814,-0.628238678,-0.754379869,-1.34088528,0.869049788,0.67664361,2.13819242,2.59062839,2.38623357,-0.762560129,-0.874991775,-1.61448991,-0.878849387,-0.999251902,-0.840324402,-0.831853628,-0.755212069,0.867963612,0.824068844,0.628894925,-0.854649961,-0.947061539,-0.830267489,-0.824316263,-0.743841052,0.84550333,0.79583782,0.587554812,0.141535357,0.562316298,0.951712012,1.10185874,1.12036335,-0.157177821,-0.205420062,-1.1105994,0.675589025,0.718496025,1.52173924,1.58332753,1.45966947,-0.613977551,-0.729841053,-1.79236627,2.12294912,3.70029974,3.2491889,2.60994554,3.32000756,-2.25676513,-2.43501687,-3.46681905,2.63440323,4.89231777,3.36727571,2.53086901,2.8024621,-2.9923594,-3.10446215,-4.4306345,0.0682115629,-0.0350056142,1.07296705,1.55318975,1.62441838,-0.236680582,-0.320264995,-0.941122711,0.13614969,0.0183264371,1.21897364,1.66599953,2.01598167,-0.342295647,-0.498065025,-1.04006326,21.9053345,3.8214941,21.9107933,-5.80121994,-19.1924915,-22.643919,0.498635292,6.98347113e-09,0.501364708,4.62358992e-13,7.06680508e-19,2.24021076e-20,3,0.192139804,0.369030952,0.0986733213,0.0829286277,0.0603045672,0.170662433,0.131979972,0.038785059,0.239198819,0.251265824,0.100744471,0.0667767152,0.064509593,0.195764974,0.160392955,0.0466401055,0.359908998,-0.0375121497,0.168157637,0.0683056787,0.139667854,-0.134525314,-0.11645022,0.0685206801,0.87372309,0.350410581,0.446784675,0.276696622,0.303635895,-0.108905859,-0.090364106,0.137013942,0.930608451,0.78391552,0.277521312,-0.295442402,0.62425375,0.640017986,0.530645788,1.22659504,0.522800028,0.700444698,0.124819495,-0.16192767,0.15719381,0.327020913,0.350341648,0.261577934,0.0868896469,-0.188155666,-0.0852634683,-0.185476467,0.00215419452,-0.222604305,-0.23820217,-0.234064594,0.225811765,-0.187856913,0.0477123708,-0.0503692776,0.0829574019,-0.239389047,-0.242538914,-0.0140102105,0.243595749,0.432923645,0.112416826,0.091713123,0.0883661658,0.210097641,0.172775745,0.0612355359,0.245266259,0.42046389,0.114799775,0.103150614,0.0809831247,0.224028587,0.182861149,0.052909866,0.0794388056,0.0724476501,0.100833237,0.0499168262,0.0985889137,-0.0244077444,-0.0253305472,0.0808157995,0.504234135,0.204375312,0.282717228,0.179163083,0.167976677,-0.00219184603,-0.0182221662,0.262799382,0.778586984,0.53150177,-0.0460051261,-0.420116097,-0.543197036,0.572769046,0.525946021,0.791711807,0.832856953,0.359311879,-0.334323198,-0.598098576,-0.333492666,0.578495741,0.451650411,1.12510693,0.0220391788,0.00720513659,0.0443213806,-0.000205800752,0.0938007534,-0.0552799478,-0.0639201403,-0.0476986729,0.0437208638,-0.00367415184,0.00547695486,-0.0821782202,-0.0484075472,-0.0821688697,-0.108220503,0.00569188874
C1-PREPROC-P1-RECIPROCAL,GOLD-MODEL-C1-B10-R02847,-0.769563377,-0.802248776,-0.746964991,-0.757582307,-0.674660504,0.748901963,0.697292626,0.534132242,-0.779716969,-0.465266138,-0.719680071,-0.710639417,-0.653500438,0.75334245,0.721752822,0.546076417,0.808985472,1.32662773,1.82024252,1.90214169,1.82564902,-0.593244851,-0.612331688,-1.42948544,1.14200783,1.62786067,2.11508131,2.17804933,1.98077166,-0.860139251,-0.885874033,-1.77729607,1.98562658,2.21163535,3.48416162,3.72415066,3.40167165,-2.10664606,-2.49983263,-2.7899456,1.21149814,2.2616992,2.15629649,1.8972677,2.01299882,-1.07120216,-1.33958566,-2.00078583,0.655033767,0.544490337,1.92576718,2.46397972,2.3546679,-0.628238618,-0.754379869,-1.34088528,0.869049847,0.67664361,2.13819242,2.59062839,2.38623357,-0.762560189,-0.874991775,-1.61448991,-0.878849447,-0.999251842,-0.840324342,-0.831853628,-0.755212009,0.867963672,0.824068785,0.628894985,-0.854649961,-0.947061479,-0.830267489,-0.824316204,-0.743840992,0.84550339,0.79583782,0.587554872,0.141535372,0.562316298,0.951712012,1.10185874,1.12036335,-0.157177836,-0.205420062,-1.11059952,0.675589025,0.718495965,1.52173924,1.58332765,1.45966947,-0.613977551,-0.729841053,-1.79236615,2.12294912,3.70029974,3.24918866,2.60994554,3.3200078,-2.25676513,-2.43501687,-3.46681929,2.63440323,4.89231777,3.36727571,2.53086901,2.8024621,-2.9923594,-3.10446215,-4.4306345,0.0682115629,-0.0350056179,1.07296717,1.55318987,1.62441838,-0.236680567,-0.320264995,-0.941122711,0.13614969,0.0183264352,1.21897364,1.66599953,2.01598167,-0.342295647,-0.498065084,-1.04006326,21.9053345,3.8214941,21.9107914,-5.80121994,-19.1924915,-22.6439152,0.498635769,6.98346492e-09,0.501364231,4.6235948e-13,7.06682576e-19,2.24021723e-20,3,0.192139804,0.369030982,0.0986733213,0.0829286203,0.0603045672,0.170662433,0.131979972,0.038785059,0.239198819,0.251265824,0.100744464,0.0667767078,0.064509593,0.195764974,0.160392955,0.0466401055,0.359908968,-0.0375121497,0.168157637,0.0683056787,0.139667854,-0.134525314,-0.11645022,0.0685206801,0.87372309,0.35041061,0.446784675,0.276696622,0.303635895,-0.108905867,-0.0903641135,0.137013957,0.930608451,0.78391552,0.277521312,-0.295442402,0.62425375,0.640017986,0.530645728,1.22659504,0.522800028,0.700444698,0.124819495,-0.161927655,0.157193795,0.327020913,0.350341648,0.261577904,0.0868896469,-0.188155666,-0.0852634683,-0.185476452,0.00215419428,-0.222604275,-0.23820217,-0.234064594,0.225811779,-0.187856913,0.0477123708,-0.0503692776,0.0829574019,-0.239389062,-0.242538914,-0.0140102105,0.243595764,0.432923615,0.112416811,0.091713123,0.0883661583,0.210097656,0.17277573,0.0612355396,0.245266259,0.42046386,0.114799775,0.103150606,0.0809831172,0.224028602,0.182861149,0.0529098697,0.079438813,0.0724476501,0.100833237,0.0499168262,0.0985889137,-0.0244077463,-0.0253305472,0.0808158144,0.504234135,0.204375297,0.282717228,0.179163098,0.167976677,-0.00219184603,-0.0182221662,0.262799382,0.778586984,0.53150177,-0.0460051224,-0.420116097,-0.543197095,0.572769046,0.525946021,0.791711867,0.832856953,0.359311879,-0.334323198,-0.598098576,-0.333492666,0.578495741,0.451650411,1.12510693,0.0220391788,0.00720513705,0.0443213843,-0.000205800767,0.0938007534,-0.0552799441,-0.0639201403,-0.0476986729,0.0437208638,-0.00367415138,0.00547695486,-0.0821782202,-0.0484075472,-0.0821688697,-0.108220518,0.00569188874
C1-PREPROC-P2-AFFINE,GOLD-MODEL-C1-B10-R02847,-0.769563377,-0.802248657,-0.746964991,-0.757582366,-0.674660563,0.748901963,0.697292686,0.534132242,-0.779716969,-0.465266049,-0.71968013,-0.710639477,-0.653500438,0.75334245,0.721752763,0.546076477,0.808985472,1.32662785,1.82024264,1.90214157,1.82564902,-0.593244791,-0.612331629,-1.42948544,1.14200771,1.62786067,2.11508131,2.17804933,1.98077178,-0.860139251,-0.885874033,-1.77729607,1.98562658,2.21163535,3.48416185,3.72415066,3.40167141,-2.10664606,-2.49983263,-2.7899456,1.21149826,2.2616992,2.15629673,1.89726758,2.01299906,-1.07120228,-1.33958542,-2.00078583,0.655033708,0.544490337,1.92576718,2.46397948,2.3546679,-0.62823844,-0.754379988,-1.34088528,0.869049788,0.676643491,2.13819242,2.59062862,2.38623381,-0.762560248,-0.874991894,-1.61448991,-0.878849447,-0.999251842,-0.840324402,-0.831853569,-0.755212069,0.867963731,0.824068725,0.628894985,-0.854649961,-0.947061539,-0.830267429,-0.824316204,-0.743841052,0.84550339,0.795837879,0.587554932,0.141535401,0.562316298,0.951712012,1.10185874,1.12036324,-0.157177806,-0.205420017,-1.11059964,0.675588965,0.718495965,1.52173936,1.58332753,1.45966947,-0.613977551,-0.729841113,-1.79236639,2.12294912,3.7002995,3.2491889,2.60994554,3.32000756,-2.25676513,-2.43501663,-3.46681929,2.63440323,4.89231777,3.36727571,2.53086901,2.8024621,-2.99235916,-3.10446215,-4.4306345,0.0682115555,-0.0350055695,1.07296717,1.55318987,1.62441826,-0.236680508,-0.320265055,-0.94112277,0.136149645,0.0183262825,1.21897352,1.66599929,2.01598167,-0.342295527,-0.498065114,-1.04006326,21.9053326,3.82149482,21.9107914,-5.80121899,-19.1924915,-22.6439114,0.498635292,6.98348446e-09,0.501364708,4.62360781e-13,7.06683196e-19,2.24022789e-20,3,0.192139804,0.369030923,0.0986733213,0.0829286277,0.0603045709,0.170662433,0.131979972,0.038785059,0.239198819,0.251265764,0.100744471,0.0667767152,0.064509593,0.195764974,0.16039294,0.0466401093,0.359908968,-0.0375121534,0.168157652,0.0683056787,0.139667854,-0.134525299,-0.116450213,0.0685206801,0.87372303,0.35041061,0.446784675,0.276696622,0.303635895,-0.108905867,-0.0903641135,0.137013957,0.930608451,0.78391552,0.277521342,-0.295442402,0.62425369,0.640017986,0.530645728,1.22659504,0.522800088,0.700444698,0.12481951,-0.16192764,0.15719381,0.327020943,0.350341588,0.261577904,0.0868896395,-0.188155666,-0.0852634683,-0.185476437,0.00215419428,-0.222604215,-0.238202199,-0.234064594,0.225811765,-0.187856883,0.0477123708,-0.0503692813,0.0829574093,-0.239389092,-0.242538944,-0.0140102105,0.243595764,0.432923615,0.112416826,0.0917131156,0.0883661658,0.210097671,0.172775716,0.0612355396,0.245266259,0.42046389,0.114799768,0.103150606,0.0809831247,0.224028602,0.182861164,0.0529098772,0.0794388354,0.0724476501,0.100833237,0.0499168262,0.0985888988,-0.0244077425,-0.0253305417,0.0808158219,0.504234076,0.204375297,0.282717258,0.179163083,0.167976677,-0.00219184603,-0.0182221681,0.262799412,0.778586984,0.53150177,-0.0460051261,-0.420116097,-0.543197036,0.572769046,0.525945961,0.791711867,0.832856953,0.359311879,-0.334323198,-0.598098576,-0.333492666,0.578495681,0.451650411,1.12510693,0.0220391769,0.00720512727,0.0443213843,-0.000205800767,0.0938007459,-0.0552799292,-0.0639201552,-0.0476986766,0.0437208489,-0.00367412088,0.00547695393,-0.0821782053,-0.0484075472,-0.0821688399,-0.108220525,0.00569188874
C1-PREPROC-P3-SPLIT_MEAN,GOLD-MODEL-C1-B10-R02847,-0.769563377,-0.802248657,-0.746964991,-0.757582366,-0.674660504,0.748901963,0.697292686,0.534132242,-0.779716969,-0.465266049,-0.71968013,-0.710639477,-0.653500438,0.75334245,0.721752822,0.546076417,0.808985531,1.32662773,1.82024252,1.90214157,1.82564902,-0.593244851,-0.612331688,-1.42948544,1.14200783,1.62786055,2.11508131,2.17804933,1.98077178,-0.860139191,-0.885873973,-1.77729595,1.9856267,2.21163535,3.48416162,3.72415066,3.40167165,-2.10664606,-2.49983287,-2.7899456,1.21149814,2.2616992,2.15629649,1.89726782,2.01299906,-1.07120216,-1.33958566,-2.00078607,0.655033827,0.544490397,1.9257673,2.46397996,2.35466814,-0.628238618,-0.754379869,-1.34088528,0.869049788,0.67664355,2.13819242,2.59062839,2.38623357,-0.762560129,-0.874991775,-1.61448991,-0.878849387,-0.999251842,-0.840324402,-0.831853569,-0.755212009,0.867963612,0.824068844,0.628894925,-0.854649961,-0.947061598,-0.830267489,-0.824316263,-0.743841112,0.84550333,0.79583782,0.587554812,0.141535372,0.562316239,0.951712072,1.10185874,1.12036335,-0.157177791,-0.205420062,-1.1105994,0.675588965,0.718496025,1.52173924,1.58332753,1.45966947,-0.613977551,-0.729841053,-1.79236627,2.12294912,3.70029974,3.2491889,2.60994554,3.32000756,-2.25676513,-2.43501687,-3.46681905,2.63440323,4.89231777,3.36727571,2.53086901,2.8024621,-2.9923594,-3.10446215,-4.4306345,0.0682116374,-0.0350055695,1.07296705,1.55318975,1.62441838,-0.236680537,-0.320265025,-0.941122711,0.13614966,0.0183264129,1.21897364,1.66599953,2.01598167,-0.342295647,-0.498064995,-1.04006326,21.9053345,3.8214941,21.9107933,-5.80121994,-19.1924915,-22.643919,0.498635292,6.98347113e-09,0.501364708,4.62358992e-13,7.06680508e-19,2.24021076e-20,3,0.192139804,0.369030923,0.0986733213,0.0829286277,0.0603045672,0.170662433,0.131979972,0.038785059,0.239198819,0.251265764,0.100744471,0.0667767152,0.064509593,0.195764974,0.160392955,0.0466401055,0.359908998,-0.0375121497,0.168157637,0.0683056787,0.139667854,-0.134525314,-0.11645022,0.0685206801,0.87372309,0.350410581,0.446784675,0.276696622,0.303635895,-0.108905859,-0.090364106,0.137013942,0.930608451,0.78391552,0.277521312,-0.295442402,0.62425375,0.640017986,0.530645788,1.22659504,0.522800028,0.700444698,0.124819495,-0.16192767,0.15719381,0.327020913,0.350341648,0.261577934,0.0868896544,-0.188155681,-0.0852634683,-0.185476467,0.00215419452,-0.222604275,-0.23820217,-0.234064594,0.225811765,-0.187856898,0.0477123708,-0.0503692776,0.0829574019,-0.239389047,-0.242538914,-0.0140102105,0.243595749,0.432923615,0.112416826,0.0917131156,0.0883661583,0.210097641,0.172775745,0.0612355359,0.245266259,0.42046392,0.114799775,0.103150614,0.0809831321,0.224028587,0.182861149,0.052909866,0.079438813,0.0724476427,0.100833245,0.0499168262,0.0985889137,-0.0244077407,-0.0253305472,0.0808157995,0.504234076,0.204375312,0.282717228,0.179163083,0.167976677,-0.00219184603,-0.0182221662,0.262799382,0.778586984,0.53150177,-0.0460051261,-0.420116097,-0.543197036,0.572769046,0.525946021,0.791711807,0.832856953,0.359311879,-0.334323198,-0.598098576,-0.333492666,0.578495741,0.451650411,1.12510693,0.022039203,0.00720512727,0.0443213806,-0.000205800752,0.0938007534,-0.0552799366,-0.0639201477,-0.0476986729,0.0437208526,-0.00367414695,0.00547695486,-0.0821782202,-0.0484075472,-0.0821688697,-0.108220495,0.00569188874
C1-PREPROC-P4-COMPENSATED,GOLD-MODEL-C1-B10-R02847,-0.769563377,-0.802248716,-0.746964991,-0.757582366,-0.674660504,0.748901963,0.697292626,0.534132242,-0.779716969,-0.465266019,-0.71968013,-0.710639477,-0.653500438,0.75334245,0.721752822,0.546076417,0.808985472,1.32662773,1.82024252,1.90214157,1.82564902,-0.593244851,-0.612331629,-1.42948544,1.14200783,1.62786067,2.11508131,2.17804933,1.98077166,-0.860139251,-0.885874033,-1.77729607,1.98562658,2.21163535,3.48416162,3.72415066,3.40167165,-2.10664606,-2.49983263,-2.7899456,1.21149814,2.2616992,2.15629649,1.89726782,2.01299882,-1.07120216,-1.33958566,-2.00078583,0.655033827,0.544490397,1.9257673,2.46397972,2.3546679,-0.628238559,-0.754379869,-1.34088528,0.869049847,0.67664355,2.13819242,2.59062839,2.38623357,-0.762560189,-0.874991775,-1.61448991,-0.878849447,-0.999251842,-0.840324402,-0.831853569,-0.755211949,0.867963672,0.824068785,0.628894985,-0.854649961,-0.947061598,-0.830267489,-0.824316204,-0.743841052,0.84550339,0.79583782,0.587554872,0.141535372,0.562316239,0.951712132,1.10185874,1.12036335,-0.157177791,-0.205420062,-1.11059952,0.675588965,0.718495965,1.52173924,1.58332765,1.45966947,-0.613977551,-0.729841113,-1.79236615,2.12294912,3.70029974,3.2491889,2.60994554,3.3200078,-2.25676513,-2.43501687,-3.46681905,2.63440323,4.89231777,3.36727571,2.53086901,2.8024621,-2.9923594,-3.10446215,-4.4306345,0.0682116374,-0.0350055695,1.07296717,1.55318987,1.62441838,-0.236680523,-0.320264995,-0.941122711,0.136149645,0.018326411,1.21897364,1.66599953,2.01598167,-0.342295647,-0.498064995,-1.04006326,21.9053345,3.8214941,21.9107933,-5.80121994,-19.1924915,-22.6439152,0.498635292,6.98347113e-09,0.501364708,4.62358992e-13,7.06680508e-19,2.24021076e-20,3,0.192139804,0.369030952,0.0986733213,0.0829286277,0.0603045672,0.170662433,0.131979972,0.038785059,0.239198819,0.251265764,0.100744471,0.0667767152,0.064509593,0.195764974,0.160392955,0.0466401055,0.359908968,-0.0375121497,0.168157637,0.0683056787,0.139667854,-0.134525314,-0.116450213,0.0685206801,0.87372309,0.35041061,0.446784675,0.276696622,0.303635895,-0.108905867,-0.0903641135,0.137013957,0.930608451,0.78391552,0.277521312,-0.295442402,0.62425375,0.640017986,0.530645728,1.22659504,0.522800028,0.700444698,0.124819495,-0.16192767,0.157193795,0.327020913,0.350341648,0.261577904,0.0868896544,-0.188155681,-0.0852634683,-0.185476452,0.00215419428,-0.22260426,-0.23820217,-0.234064594,0.225811779,-0.187856898,0.0477123708,-0.0503692776,0.0829574019,-0.239389062,-0.242538914,-0.0140102105,0.243595764,0.432923615,0.112416826,0.0917131156,0.0883661509,0.210097656,0.17277573,0.0612355396,0.245266259,0.42046392,0.114799775,0.103150606,0.0809831247,0.224028602,0.182861149,0.0529098697,0.079438813,0.0724476427,0.100833252,0.0499168262,0.0985889137,-0.0244077407,-0.0253305472,0.0808158144,0.504234076,0.204375297,0.282717228,0.179163098,0.167976677,-0.00219184603,-0.0182221681,0.262799382,0.778586984,0.53150177,-0.0460051261,-0.420116097,-0.543197095,0.572769046,0.525946021,0.791711807,0.832856953,0.359311879,-0.334323198,-0.598098576,-0.333492666,0.578495741,0.451650411,1.12510693,0.022039203,0.00720512727,0.0443213843,-0.000205800767,0.0938007534,-0.0552799329,-0.0639201403,-0.0476986729,0.0437208489,-0.00367414649,0.00547695486,-0.0821782202,-0.0484075472,-0.0821688697,-0.108220495,0.00569188874
C1-PREPROC-P0-BASELINE,GOLD-MODEL-C1-B10-R03522,-0.692843616,-0.798006654,-0.688312232,-0.69584614,-0.508790135,0.661126614,0.595041335,0.324949086,-0.616623342,-0.802238107,-0.573743999,-0.562249601,-0.211176142,0.537574053,0.425656736,-0.05275096,-0.56862855,-0.802629173,-0.477130145,-0.346366882,0.0155148143,0.38663429,0.268703729,-0.937966347,-0.581729174,-0.878446639,-0.4497208,-0.319874048,0.0864771903,0.363937348,0.252632022,-0.882300615,-0.342955142,-0.949018896,0.126509309,0.599403024,1.7720803,0.224759623,-0.153729111,-1.98698199,-0.663739502,-1.04090965,-0.318009943,0.0852875561,1.02511322,0.542816043,0.251490265,-1.48709321,-0.365726888,-0.897474408,-0.213040248,-0.106816694,0.209658325,0.168966979,0.0691663846,-0.981995821,-0.357822061,-0.903506458,-0.192311466,-0.049063392,0.280126899,0.138074309,0.0522688851,-0.909224391,-0.600347281,-0.727042973,-0.555877686,-0.545062482,-0.124634452,0.542296588,0.403290153,-0.415545315,-0.655754626,-0.728510439,-0.640141189,-0.607916713,-0.184922904,0.609720528,0.495175511,-0.0744176507,-0.551244199,-0.846376956,-0.490542889,-0.430851012,0.0698583424,0.383827537,0.275159121,-1.36535847,-0.551765382,-1.07710314,-0.398260444,-0.291658878,0.376227796,0.36654979,0.191884562,-1.38577986,-0.455263466,-0.976642311,-0.0393094979,0.284484357,2.41130829,0.334636778,0.0708722323,-2.71746111,-0.701627254,-1.09731364,-0.37129578,-0.0747824535,1.84821355,0.536413848,0.29557085,-2.22583556,-0.388020098,-0.923447013,-0.289248616,-0.218769759,0.22616908,0.195527807,0.143368796,-0.904360235,-0.40226084,-0.981076598,-0.239855796,-0.158675894,0.392378002,0.169770509,0.0584610477,-1.46645081,5.13596964,2.6600399,5.14390564,-3.89931011,-4.5563879,-4.48421621,0.477943033,0.0401877314,0.481751055,5.69382319e-05,2.9514722e-05,3.17235863e-05,3,0.172984883,0.367079616,0.0909253508,0.0761706829,0.0454782359,0.150659874,0.112626366,0.0235955976,0.189165533,0.433246702,0.0803155974,0.0528329536,0.0208460242,0.139694989,0.0945924073,-0.00450543221,-0.252976745,0.022695398,-0.0440782383,-0.0124379927,0.00118693186,0.08767391,0.0511007495,0.0449603014,-0.445067197,-0.189092979,-0.0949979424,-0.0406363942,0.0132562369,0.0460796468,0.0257698819,0.0680176467,-0.160733625,-0.336380333,0.010076751,-0.0475515351,0.325201213,-0.06828399,0.0326324627,0.873573363,-0.286424726,-0.322368085,-0.0184083395,-0.00727910688,0.0800504386,-0.165713072,-0.065772213,0.194418982,-0.0485133454,0.310133874,0.00943237077,0.0080406433,0.000191808256,0.0598702021,0.0218399018,-0.171416938,-0.0929756016,0.250840962,-0.00429130532,0.00095393369,0.00973861106,0.0433454067,0.0144884093,-0.00789006148,0.166401714,0.314989716,0.0743641406,0.0600939654,0.0145832794,0.131267294,0.0845545307,-0.0404616706,0.18818754,0.323434442,0.088511318,0.0760715082,0.0201328415,0.161554456,0.113777407,-0.00670137955,-0.309393942,-0.109045431,-0.0519726872,-0.0195185784,0.0061473432,0.0596036017,0.0339301378,0.0993540436,-0.411816835,-0.306380659,-0.0739910528,-0.0330029652,0.043295756,0.00130855059,0.00479084067,0.203185096,-0.166966885,-0.140282452,0.000556581479,-0.0457927026,-0.394521862,-0.0849311128,-0.0153078893,0.620582163,-0.221816897,-0.0805912092,0.0368644595,0.0176726952,-0.21993719,-0.103701822,-0.0430009104,0.565224469,-0.125369415,0.19007127,-0.0119480817,2.89874297e-05,0.0130599542,0.0456681624,0.0286142845,-0.0458354503,-0.129175395,0.196689859,-0.00107769296,0.00782695413,-0.00942174066,0.0407538041,0.0127025265,0.00802535377
C1-PREPROC-P1-RECIPROCAL,GOLD-MODEL-C1-B10-R03522,-0.692843676,-0.798006654,-0.688312232,-0.69584614,-0.508790135,0.661126673,0.595041335,0.324949086,-0.616623342,-0.802238107,-0.573743939,-0.562249601,-0.211176142,0.537574053,0.425656736,-0.05275096,-0.56862855,-0.802629173,-0.477130145,-0.346366882,0.0155148152,0.38663429,0.268703729,-0.937966287,-0.581729174,-0.878446698,-0.4497208,-0.319874048,0.0864771903,0.363937378,0.252632052,-0.882300675,-0.342955142,-0.949018955,0.126509309,0.599403024,1.7720803,0.224759623,-0.153729096,-1.98698199,-0.663739562,-1.04090965,-0.318009943,0.0852875486,1.02511322,0.542816043,0.251490265,-1.48709309,-0.365726858,-0.897474408,-0.213040248,-0.106816687,0.209658325,0.168966964,0.0691663846,-0.981995821,-0.357822061,-0.903506458,-0.192311481,-0.0490633957,0.280126899,0.138074309,0.0522688888,-0.909224391,-0.60034734,-0.727042913,-0.555877686,-0.545062482,-0.124634445,0.542296588,0.403290153,-0.415545315,-0.655754626,-0.72851038,-0.640141189,-0.607916713,-0.184922904,0.609720528,0.495175511,-0.0744176507,-0.551244199,-0.846376956,-0.490542889,-0.430851012,0.069858335,0.383827537,0.275159121,-1.36535859,-0.551765442,-1.07710302,-0.398260444,-0.291658878,0.376227766,0.36654979,0.191884547,-1.38577986,-0.455263466,-0.976642311,-0.0393094979,0.284484357,2.41130829,0.334636778,0.0708722323,-2.71746135,-0.701627254,-1.09731364,-0.37129578,-0.0747824535,1.84821343,0.536413848,0.29557085,-2.22583556,-0.388020128,-0.923447013,-0.289248616,-0.218769759,0.22616908,0.195527807,0.143368796,-0.904360235,-0.40226084,-0.981076539,-0.239855796,-0.158675894,0.392378002,0.169770509,0.0584610514,-1.46645081,5.13596964,2.66003942,5.14390516,-3.89930964,-4.55638838,-4.48421717,0.477943152,0.0401877239,0.481750965,5.69382755e-05,2.95147165e-05,3.1723579e-05,3,0.172984898,0.367079616,0.0909253508,0.0761706829,0.0454782359,0.150659889,0.112626366,0.0235955976,0.189165533,0.433246702,0.0803155825,0.0528329536,0.0208460242,0.139694989,0.0945924073,-0.00450543221,-0.252976745,0.022695398,-0.0440782383,-0.0124379927,0.00118693186,0.08767391,0.0511007495,0.0449602976,-0.445067197,-0.189092994,-0.0949979424,-0.0406363942,0.0132562369,0.0460796505,0.0257698838,0.0680176541,-0.160733625,-0.336380363,0.010076751,-0.0475515351,0.325201213,-0.06828399,0.0326324627,0.873573363,-0.286424756,-0.322368085,-0.0184083395,-0.00727910595,0.0800504386,-0.165713072,-0.065772213,0.194418967,-0.0485133417,0.310133874,0.00943237077,0.00804064237,0.000191808256,0.0598701946,0.0218399018,-0.171416938,-0.0929756016,0.250840962,-0.00429130532,0.000953933748,0.00973861106,0.0433454067,0.0144884102,-0.00789006148,0.166401729,0.314989716,0.0743641406,0.0600939654,0.0145832784,0.131267294,0.0845545307,-0.0404616706,0.18818754,0.323434412,0.088511318,0.0760715082,0.0201328415,0.161554456,0.113777407,-0.00670137955,-0.309393942,-0.109045431,-0.0519726872,-0.0195185784,0.00614734227,0.0596036017,0.0339301378,0.0993540511,-0.411816865,-0.30638063,-0.0739910528,-0.0330029652,0.0432957523,0.00130855059,0.00479084067,0.203185096,-0.166966885,-0.140282452,0.000556581479,-0.0457927026,-0.394521862,-0.0849311128,-0.0153078893,0.620582223,-0.221816897,-0.0805912092,0.0368644595,0.0176726952,-0.21993719,-0.103701822,-0.0430009104,0.565224469,-0.12536943,0.19007127,-0.0119480817,2.89874297e-05,0.0130599542,0.0456681624,0.0286142845,-0.0458354503,-0.129175395,0.196689844,-0.00107769296,0.00782695413,-0.00942174066,0.0407538041,0.0127025275,0.00802535377
C1-PREPROC-P2-AFFINE,GOLD-MODEL-C1-B10-R03522,-0.692843676,-0.798006535,-0.688312173,-0.6958462,-0.508790135,0.661126614,0.595041275,0.324949086,-0.616623342,-0.802238047,-0.573744059,-0.56224966,-0.211176157,0.537574053,0.425656706,-0.0527509451,-0.568628609,-0.802629054,-0.477130055,-0.346366823,0.0155148506,0.38663429,0.268703759,-0.937966228,-0.581729174,-0.878446698,-0.44972074,-0.319873989,0.0864771605,0.363937318,0.252632022,-0.882300854,-0.342955112,-0.949018955,0.126509428,0.599402905,1.7720803,0.224759698,-0.153729081,-1.98698211,-0.663739383,-1.04090977,-0.318009973,0.0852874517,1.02511322,0.542815983,0.251490355,-1.48709297,-0.365726829,-0.897474349,-0.213040233,-0.106816769,0.209658265,0.168967128,0.0691663027,-0.981995702,-0.357822061,-0.903506577,-0.192311406,-0.0490634441,0.280126929,0.13807416,0.0522688627,-0.909224391,-0.600347281,-0.727042973,-0.555877686,-0.545062423,-0.124634445,0.542296648,0.403290093,-0.415545285,-0.655754626,-0.728510439,-0.640141129,-0.607916713,-0.184922993,0.609720528,0.495175511,-0.0744175911,-0.55124414,-0.846376956,-0.490542889,-0.430851042,0.0698583126,0.383827567,0.27515918,-1.36535871,-0.551765442,-1.07710302,-0.398260474,-0.291658878,0.376227736,0.36654979,0.191884637,-1.38577998,-0.455263495,-0.976642251,-0.0393095016,0.284484267,2.41130805,0.334636927,0.0708723068,-2.71746159,-0.701627135,-1.09731376,-0.37129581,-0.0747823715,1.84821343,0.536413908,0.29557097,-2.22583532,-0.388020158,-0.923446953,-0.289248586,-0.21876967,0.22616899,0.195527852,0.143368721,-0.904360294,-0.4022609,-0.981076717,-0.239855766,-0.158676028,0.392377973,0.169770598,0.0584610701,-1.46645081,5.13596916,2.66003966,5.14390182,-3.89930964,-4.5563879,-4.48421431,0.477943778,0.0401878059,0.48175025,5.69384065e-05,2.95147838e-05,3.17237136e-05,3,0.172984898,0.367079556,0.0909253433,0.0761706904,0.0454782359,0.150659874,0.112626359,0.0235955976,0.189165533,0.433246672,0.0803156048,0.0528329574,0.020846026,0.139694989,0.0945923999,-0.00450543081,-0.252976775,0.0226953942,-0.0440782271,-0.0124379909,0.00118693465,0.08767391,0.051100757,0.0449602939,-0.445067197,-0.189092994,-0.0949979275,-0.0406363867,0.0132562323,0.0460796431,0.0257698819,0.068017669,-0.16073361,-0.336380363,0.0100767603,-0.0475515239,0.325201213,-0.0682840198,0.032632459,0.873573422,-0.286424696,-0.322368115,-0.0184083413,-0.00727909757,0.0800504386,-0.165713042,-0.0657722354,0.194418952,-0.048513338,0.310133845,0.00943236984,0.00804064889,0.000191808198,0.0598702542,0.0218398757,-0.171416923,-0.0929756016,0.250840992,-0.00429130392,0.000953934679,0.00973861199,0.0433453582,0.0144884028,-0.00789006148,0.166401714,0.314989716,0.0743641406,0.0600939579,0.0145832784,0.131267309,0.0845545158,-0.0404616669,0.18818754,0.323434442,0.0885113031,0.0760715082,0.0201328509,0.161554456,0.113777407,-0.00670137443,-0.309393913,-0.109045431,-0.0519726872,-0.0195185784,0.00614734041,0.0596036091,0.0339301452,0.0993540585,-0.411816865,-0.30638063,-0.0739910603,-0.0330029652,0.0432957485,0.00130855059,0.00479084253,0.203185111,-0.1669669,-0.140282452,0.000556581537,-0.0457926877,-0.394521832,-0.0849311501,-0.0153079052,0.620582283,-0.221816853,-0.0805912167,0.0368644595,0.0176726766,-0.21993719,-0.103701837,-0.0430009253,0.565224409,-0.125369444,0.19007127,-0.0119480807,2.89874188e-05,0.0130599495,0.0456681736,0.0286142696,-0.045835454,-0.129175425,0.196689889,-0.00107769284,0.00782696158,-0.00942173973,0.0407538265,0.0127025312,0.00802535377
C1-PREPROC-P3-SPLIT_MEAN,GOLD-MODEL-C1-B10-R03522,-0.692843616,-0.798006594,-0.688312232,-0.69584614,-0.508790135,0.661126614,0.595041335,0.324949116,-0.616623342,-0.802238047,-0.573743999,-0.56224966,-0.211176097,0.537574053,0.425656706,-0.0527509525,-0.56862855,-0.802629113,-0.477130115,-0.346366882,0.015514818,0.38663429,0.268703759,-0.937966347,-0.581729233,-0.878446639,-0.44972083,-0.319873989,0.0864771679,0.363937348,0.252632022,-0.882300615,-0.342955172,-0.949019015,0.126509354,0.599403083,1.7720803,0.224759698,-0.153729126,-1.98698199,-0.663739443,-1.04090977,-0.318009913,0.0852875933,1.02511322,0.542815983,0.251490265,-1.48709321,-0.365726829,-0.897474289,-0.213040203,-0.106816687,0.209658295,0.168967009,0.0691663548,-0.981995761,-0.357822061,-0.903506458,-0.192311436,-0.0490634516,0.280126899,0.138074294,0.0522688664,-0.909224272,-0.600347281,-0.727042913,-0.555877686,-0.545062423,-0.124634415,0.542296588,0.403290123,-0.415545285,-0.655754626,-0.728510499,-0.640141189,-0.607916713,-0.184922934,0.609720528,0.495175511,-0.0744176432,-0.551244199,-0.846377015,-0.490542799,-0.430851042,0.0698583573,0.383827597,0.275159121,-1.36535847,-0.551765442,-1.07710314,-0.398260504,-0.291658908,0.376227796,0.36654976,0.191884577,-1.38577986,-0.455263436,-0.976642311,-0.0393094309,0.284484357,2.41130829,0.334636867,0.0708722249,-2.71746111,-0.701627254,-1.09731364,-0.37129575,-0.0747824013,1.84821355,0.536413848,0.29557088,-2.22583556,-0.388020039,-0.923446894,-0.289248616,-0.218769714,0.226169035,0.195527852,0.143368781,-0.904360294,-0.4022609,-0.981076598,-0.239855811,-0.158675939,0.392378002,0.169770509,0.0584610924,-1.46645081,5.13596964,2.66004014,5.14390469,-3.89931011,-4.55638838,-4.48421526,0.477943212,0.0401877537,0.481750786,5.69382573e-05,2.95147347e-05,3.17236299e-05,3,0.172984883,0.367079586,0.0909253508,0.0761706829,0.0454782359,0.150659874,0.112626366,0.0235956013,0.189165533,0.433246672,0.0803155974,0.0528329574,0.0208460204,0.139694989,0.0945923999,-0.00450543175,-0.252976745,0.0226953961,-0.0440782346,-0.0124379927,0.00118693209,0.08767391,0.051100757,0.0449603014,-0.445067227,-0.189092979,-0.0949979499,-0.0406363867,0.0132562332,0.0460796468,0.0257698819,0.0680176467,-0.160733625,-0.336380363,0.0100767547,-0.0475515388,0.325201213,-0.0682840198,0.0326324664,0.873573363,-0.286424696,-0.322368115,-0.0184083395,-0.00727910968,0.0800504386,-0.165713042,-0.065772213,0.194418982,-0.048513338,0.310133815,0.00943236891,0.00804064237,0.000191808227,0.0598702133,0.0218398925,-0.171416923,-0.0929756016,0.250840962,-0.00429130439,0.000953934854,0.00973861106,0.0433453992,0.0144884037,-0.00789006054,0.166401714,0.314989716,0.0743641406,0.0600939579,0.0145832747,0.131267294,0.0845545232,-0.0404616669,0.18818754,0.323434472,0.088511318,0.0760715082,0.0201328453,0.161554456,0.113777407,-0.00670137908,-0.309393942,-0.109045438,-0.0519726761,-0.0195185784,0.0061473446,0.0596036129,0.0339301378,0.0993540436,-0.411816865,-0.306380659,-0.0739910603,-0.0330029689,0.043295756,0.00130855048,0.00479084114,0.203185096,-0.16696687,-0.140282452,0.000556580548,-0.0457927026,-0.394521862,-0.0849311352,-0.0153078875,0.620582163,-0.221816897,-0.0805912092,0.0368644558,0.017672684,-0.21993719,-0.103701822,-0.0430009142,0.565224469,-0.1253694,0.190071255,-0.0119480817,2.89874242e-05,0.0130599523,0.0456681736,0.0286142826,-0.045835454,-0.129175425,0.196689859,-0.00107769307,0.00782695692,-0.00942174066,0.0407538041,0.0127025358,0.00802535377
C1-PREPROC-P4-COMPENSATED,GOLD-MODEL-C1-B10-R03522,-0.692843676,-0.798006594,-0.688312232,-0.69584614,-0.508790135,0.661126673,0.595041335,0.324949116,-0.616623342,-0.802237988,-0.573743939,-0.56224966,-0.211176097,0.537574053,0.425656706,-0.0527509525,-0.56862855,-0.802629113,-0.477130115,-0.346366912,0.015514819,0.38663426,0.268703759,-0.937966287,-0.581729174,-0.878446698,-0.4497208,-0.319873989,0.0864771605,0.363937378,0.252632052,-0.882300675,-0.342955172,-0.949019074,0.126509339,0.599403083,1.7720803,0.224759683,-0.153729111,-1.98698199,-0.663739502,-1.04090977,-0.318009913,0.0852875933,1.02511322,0.542815983,0.251490265,-1.48709321,-0.365726829,-0.897474289,-0.213040218,-0.106816679,0.20965828,0.168967009,0.0691663548,-0.981995821,-0.357822061,-0.903506458,-0.192311451,-0.0490634553,0.280126899,0.138074294,0.0522688664,-0.909224331,-0.60034734,-0.727042913,-0.555877686,-0.545062423,-0.124634415,0.542296588,0.403290093,-0.415545285,-0.655754626,-0.728510439,-0.640141189,-0.607916713,-0.184922934,0.609720528,0.495175511,-0.0744176432,-0.551244199,-0.846377015,-0.490542829,-0.430851042,0.0698583573,0.383827597,0.275159121,-1.36535847,-0.551765501,-1.07710302,-0.398260504,-0.291658908,0.376227766,0.36654976,0.191884592,-1.38577986,-0.455263436,-0.97664237,-0.0393094309,0.284484327,2.41130829,0.334636837,0.0708722249,-2.71746135,-0.701627254,-1.09731364,-0.37129575,-0.0747824013,1.84821355,0.536413848,0.29557088,-2.22583556,-0.388020039,-0.923446953,-0.289248616,-0.218769729,0.22616902,0.195527852,0.143368781,-0.904360294,-0.40226087,-0.981076598,-0.239855811,-0.158675939,0.392378002,0.169770509,0.0584610924,-1.46645081,5.13596964,2.66003966,5.14390373,-3.89930964,-4.55638838,-4.48421526,0.47794345,0.0401877575,0.481750578,5.69383374e-05,2.95147202e-05,3.17236736e-05,3,0.172984898,0.367079586,0.0909253508,0.0761706829,0.0454782359,0.150659889,0.112626366,0.0235956013,0.189165533,0.433246642,0.0803155825,0.0528329574,0.0208460204,0.139694989,0.0945923999,-0.00450543175,-0.252976745,0.0226953961,-0.0440782346,-0.0124379946,0.0011869322,0.0876739025,0.051100757,0.0449602976,-0.445067197,-0.189092994,-0.0949979424,-0.0406363867,0.0132562323,0.0460796505,0.0257698838,0.0680176541,-0.160733625,-0.336380392,0.0100767538,-0.0475515388,0.325201213,-0.0682840124,0.0326324627,0.873573363,-0.286424726,-0.322368115,-0.0184083395,-0.00727910968,0.0800504386,-0.165713042,-0.065772213,0.194418982,-0.048513338,0.310133815,0.00943236891,0.00804064143,0.000191808213,0.0598702133,0.0218398925,-0.171416938,-0.0929756016,0.250840962,-0.00429130485,0.000953934912,0.00973861106,0.0433453992,0.0144884037,-0.00789006148,0.166401729,0.314989716,0.0743641406,0.0600939579,0.0145832747,0.131267294,0.0845545158,-0.0404616669,0.18818754,0.323434442,0.088511318,0.0760715082,0.0201328453,0.161554456,0.113777407,-0.00670137908,-0.309393942,-0.109045438,-0.0519726798,-0.0195185784,0.0061473446,0.0596036129,0.0339301378,0.0993540436,-0.411816925,-0.30638063,-0.0739910603,-0.0330029689,0.0432957523,0.00130855048,0.0047908416,0.203185096,-0.16696687,-0.140282467,0.000556580548,-0.0457926951,-0.394521862,-0.0849311277,-0.0153078875,0.620582223,-0.221816897,-0.0805912092,0.0368644558,0.017672684,-0.21993719,-0.103701822,-0.0430009142,0.565224469,-0.1253694,0.19007127,-0.0119480817,2.8987426e-05,0.0130599514,0.0456681736,0.0286142826,-0.045835454,-0.12917541,0.196689859,-0.00107769307,0.00782695692,-0.00942174066,0.0407538041,0.0127025358,0.00802535377
