experiment_id,model_id,method,batch,feature_index,feature_name,importance,importance_std,rank,status
EXP-XAI-0001,MODEL-C3,PERMUTATION_IMPORTANCE_MACRO_F1,2,0,S1:dR,0.008756583675330987,0.0035424944052647534,44,EXECUTED
EXP-XAI-0001,MODEL-C3,PERMUTATION_IMPORTANCE_MACRO_F1,2,1,S1:dR_norm,0.023835635843433622,0.005786928185317056,12,EXECUTED
EXP-XAI-0001,MODEL-C3,PERMUTATION_IMPORTANCE_MACRO_F1,2,2,S1:EMAi_0.001,0.004211303494052054,0.0026178803094307214,70,EXECUTED
EXP-XAI-0001,MODEL-C3,PERMUTATION_IMPORTANCE_MACRO_F1,2,3,S1:EMAi_0.01,-0.0029504126083392144,0.012427834375512035,113,EXECUTED
EXP-XAI-0001,MODEL-C3,PERMUTATION_IMPORTANCE_MACRO_F1,2,4,S1:EMAi_0.1,0.0006215370203485282,0.010032499812334608,93,EXECUTED
EXP-XAI-0001,MODEL-C3,PERMUTATION_IMPORTANCE_MACRO_F1,2,5,S1:EMAd_0.001,0.007350989976495348,0.0036984951668169092,52,EXECUTED
EXP-XAI-0001,MODEL-C3,PERMUTATION_IMPORTANCE_MACRO_F1,2,6,S1:EMAd_0.01,0.008566209500565103,0.003978367290473049,45,EXECUTED
EXP-XAI-0001,MODEL-C3,PERMUTATION_IMPORTANCE_MACRO_F1,2,7,S1:EMAd_0.1,0.031078812025444956,0.0013092378905296648,8,EXECUTED
EXP-XAI-0001,MODEL-C3,PERMUTATION_IMPORTANCE_MACRO_F1,2,8,S2:dR,0.01907046098085068,0.002149669115747236,23,EXECUTED
EXP-XAI-0001,MODEL-C3,PERMUTATION_IMPORTANCE_MACRO_F1,2,9,S2:dR_norm,0.019760385190978825,0.015781376075007354,19,EXECUTED
EXP-XAI-0001,MODEL-C3,PERMUTATION_IMPORTANCE_MACRO_F1,2,10,S2:EMAi_0.001,-5.6038198214158894e-05,0.01263569898640649,100,EXECUTED
EXP-XAI-0001,MODEL-C3,PERMUTATION_IMPORTANCE_MACRO_F1,2,11,S2:EMAi_0.01,-0.0041959786973714275,0.01185500252377774,119,EXECUTED
EXP-XAI-0001,MODEL-C3,PERMUTATION_IMPORTANCE_MACRO_F1,2,12,S2:EMAi_0.1,0.0007302915531610221,0.011757245630373414,92,EXECUTED
EXP-XAI-0001,MODEL-C3,PERMUTATION_IMPORTANCE_MACRO_F1,2,13,S2:EMAd_0.001,0.015254830128480413,0.0027806568522311115,30,EXECUTED
EXP-XAI-0001,MODEL-C3,PERMUTATION_IMPORTANCE_MACRO_F1,2,14,S2:EMAd_0.01,0.017341742273989637,0.001487181986636117,26,EXECUTED
EXP-XAI-0001,MODEL-C3,PERMUTATION_IMPORTANCE_MACRO_F1,2,15,S2:EMAd_0.1,0.03314393915588332,0.01514126531686052,6,EXECUTED
EXP-XAI-0001,MODEL-C3,PERMUTATION_IMPORTANCE_MACRO_F1,2,16,S3:dR,-0.003739222009919718,0.0015380123157746593,117,EXECUTED
EXP-XAI-0001,MODEL-C3,PERMUTATION_IMPORTANCE_MACRO_F1,2,17,S3:dR_norm,0.00683685164300134,0.0033960404892007783,55,EXECUTED
EXP-XAI-0001,MODEL-C3,PERMUTATION_IMPORTANCE_MACRO_F1,2,18,S3:EMAi_0.001,0.0065764968694586035,0.0005758327890413166,58,EXECUTED
EXP-XAI-0001,MODEL-C3,PERMUTATION_IMPORTANCE_MACRO_F1,2,19,S3:EMAi_0.01,0.012314024716269323,0.001849416119424097,35,EXECUTED
EXP-XAI-0001,MODEL-C3,PERMUTATION_IMPORTANCE_MACRO_F1,2,20,S3:EMAi_0.1,0.003044310259171357,0.00026476977453256074,74,EXECUTED
EXP-XAI-0001,MODEL-C3,PERMUTATION_IMPORTANCE_MACRO_F1,2,21,S3:EMAd_0.001,-0.00036041793998755625,0.0012237124824873013,102,EXECUTED
EXP-XAI-0001,MODEL-C3,PERMUTATION_IMPORTANCE_MACRO_F1,2,22,S3:EMAd_0.01,0.001219940461340574,0.001036975346396587,87,EXECUTED
EXP-XAI-0001,MODEL-C3,PERMUTATION_IMPORTANCE_MACRO_F1,2,23,S3:EMAd_0.1,-0.0009312263072192462,0.001262681146895727,107,EXECUTED
EXP-XAI-0001,MODEL-C3,PERMUTATION_IMPORTANCE_MACRO_F1,2,24,S4:dR,0.00651090342868923,0.0023805850139726717,59,EXECUTED
EXP-XAI-0001,MODEL-C3,PERMUTATION_IMPORTANCE_MACRO_F1,2,25,S4:dR_norm,0.007540842219045163,0.0015929711632586678,49,EXECUTED
EXP-XAI-0001,MODEL-C3,PERMUTATION_IMPORTANCE_MACRO_F1,2,26,S4:EMAi_0.001,0.006886713232943498,0.0005132743229622302,54,EXECUTED
EXP-XAI-0001,MODEL-C3,PERMUTATION_IMPORTANCE_MACRO_F1,2,27,S4:EMAi_0.01,0.011831845480636316,0.0007140842507208452,36,EXECUTED
EXP-XAI-0001,MODEL-C3,PERMUTATION_IMPORTANCE_MACRO_F1,2,28,S4:EMAi_0.1,0.011073272084347363,0.0012071817469602262,39,EXECUTED
EXP-XAI-0001,MODEL-C3,PERMUTATION_IMPORTANCE_MACRO_F1,2,29,S4:EMAd_0.001,-0.001533612113802052,0.0010746614572748516,109,EXECUTED
EXP-XAI-0001,MODEL-C3,PERMUTATION_IMPORTANCE_MACRO_F1,2,30,S4:EMAd_0.01,0.0026189712930733576,0.0010287614833303213,77,EXECUTED
EXP-XAI-0001,MODEL-C3,PERMUTATION_IMPORTANCE_MACRO_F1,2,31,S4:EMAd_0.1,0.008337481535153434,0.0024143094064062085,46,EXECUTED
EXP-XAI-0001,MODEL-C3,PERMUTATION_IMPORTANCE_MACRO_F1,2,32,S5:dR,-0.003135172947955067,0.0015193727042728546,114,EXECUTED
EXP-XAI-0001,MODEL-C3,PERMUTATION_IMPORTANCE_MACRO_F1,2,33,S5:dR_norm,0.005486212850999284,0.00048461961608944773,65,EXECUTED
EXP-XAI-0001,MODEL-C3,PERMUTATION_IMPORTANCE_MACRO_F1,2,34,S5:EMAi_0.001,0.01555889433327482,0.0025365018119142624,29,EXECUTED
EXP-XAI-0001,MODEL-C3,PERMUTATION_IMPORTANCE_MACRO_F1,2,35,S5:EMAi_0.01,0.03396795426216357,0.0037966873990860203,5,EXECUTED
EXP-XAI-0001,MODEL-C3,PERMUTATION_IMPORTANCE_MACRO_F1,2,36,S5:EMAi_0.1,0.02184806516048665,0.0012836483740899741,17,EXECUTED
EXP-XAI-0001,MODEL-C3,PERMUTATION_IMPORTANCE_MACRO_F1,2,37,S5:EMAd_0.001,0.0011364146235250728,0.0005072518624293001,90,EXECUTED
EXP-XAI-0001,MODEL-C3,PERMUTATION_IMPORTANCE_MACRO_F1,2,38,S5:EMAd_0.01,0.0011618575936605201,0.00031269218633565317,89,EXECUTED
EXP-XAI-0001,MODEL-C3,PERMUTATION_IMPORTANCE_MACRO_F1,2,39,S5:EMAd_0.1,0.0030074603654567378,0.0017206239930890297,75,EXECUTED
EXP-XAI-0001,MODEL-C3,PERMUTATION_IMPORTANCE_MACRO_F1,2,40,S6:dR,-0.0021602055313263645,0.000692575974834454,111,EXECUTED
EXP-XAI-0001,MODEL-C3,PERMUTATION_IMPORTANCE_MACRO_F1,2,41,S6:dR_norm,0.005404004434922394,0.0006124881372177326,67,EXECUTED
EXP-XAI-0001,MODEL-C3,PERMUTATION_IMPORTANCE_MACRO_F1,2,42,S6:EMAi_0.001,0.018800318472232937,0.001852440774155112,24,EXECUTED
EXP-XAI-0001,MODEL-C3,PERMUTATION_IMPORTANCE_MACRO_F1,2,43,S6:EMAi_0.01,0.03425588992733795,0.0055708767506453,4,EXECUTED
EXP-XAI-0001,MODEL-C3,PERMUTATION_IMPORTANCE_MACRO_F1,2,44,S6:EMAi_0.1,0.013858465358427541,0.0005904261700080849,32,EXECUTED
EXP-XAI-0001,MODEL-C3,PERMUTATION_IMPORTANCE_MACRO_F1,2,45,S6:EMAd_0.001,0.0008023702077800676,0.0004230025670224285,91,EXECUTED
EXP-XAI-0001,MODEL-C3,PERMUTATION_IMPORTANCE_MACRO_F1,2,46,S6:EMAd_0.01,0.002808418161057169,0.000587020478157063,76,EXECUTED
EXP-XAI-0001,MODEL-C3,PERMUTATION_IMPORTANCE_MACRO_F1,2,47,S6:EMAd_0.1,-0.00981811640013639,0.013189416819065597,127,EXECUTED
EXP-XAI-0001,MODEL-C3,PERMUTATION_IMPORTANCE_MACRO_F1,2,48,S7:dR,-0.00841220000253522,0.0012701400088846106,125,EXECUTED
EXP-XAI-0001,MODEL-C3,PERMUTATION_IMPORTANCE_MACRO_F1,2,49,S7:dR_norm,0.02319205059046272,0.00470899989834864,13,EXECUTED
EXP-XAI-0001,MODEL-C3,PERMUTATION_IMPORTANCE_MACRO_F1,2,50,S7:EMAi_0.001,0.015253994186542719,0.0013547206499200156,31,EXECUTED
EXP-XAI-0001,MODEL-C3,PERMUTATION_IMPORTANCE_MACRO_F1,2,51,S7:EMAi_0.01,0.022349216411546146,0.006510717197722754,16,EXECUTED
EXP-XAI-0001,MODEL-C3,PERMUTATION_IMPORTANCE_MACRO_F1,2,52,S7:EMAi_0.1,0.0098975341021301,0.0018251069174746151,41,EXECUTED
EXP-XAI-0001,MODEL-C3,PERMUTATION_IMPORTANCE_MACRO_F1,2,53,S7:EMAd_0.001,0.017360271889790523,0.0019688359607736186,25,EXECUTED
EXP-XAI-0001,MODEL-C3,PERMUTATION_IMPORTANCE_MACRO_F1,2,54,S7:EMAd_0.01,0.012966808013910702,0.00259788748456531,33,EXECUTED
EXP-XAI-0001,MODEL-C3,PERMUTATION_IMPORTANCE_MACRO_F1,2,55,S7:EMAd_0.1,0.0017160459867808565,0.002614011276292862,83,EXECUTED
EXP-XAI-0001,MODEL-C3,PERMUTATION_IMPORTANCE_MACRO_F1,2,56,S8:dR,-0.006386771787277423,0.0032544957118828518,124,EXECUTED
EXP-XAI-0001,MODEL-C3,PERMUTATION_IMPORTANCE_MACRO_F1,2,57,S8:dR_norm,0.019920855622135837,0.005255684554658068,18,EXECUTED
EXP-XAI-0001,MODEL-C3,PERMUTATION_IMPORTANCE_MACRO_F1,2,58,S8:EMAi_0.001,0.011221036468218837,0.001714396470981586,38,EXECUTED
EXP-XAI-0001,MODEL-C3,PERMUTATION_IMPORTANCE_MACRO_F1,2,59,S8:EMAi_0.01,0.019502861838550278,0.004776215542998373,21,EXECUTED
EXP-XAI-0001,MODEL-C3,PERMUTATION_IMPORTANCE_MACRO_F1,2,60,S8:EMAi_0.1,0.006403956529384192,0.0010177315649926232,60,EXECUTED
EXP-XAI-0001,MODEL-C3,PERMUTATION_IMPORTANCE_MACRO_F1,2,61,S8:EMAd_0.001,0.012395598425285325,0.0025332313491309346,34,EXECUTED
EXP-XAI-0001,MODEL-C3,PERMUTATION_IMPORTANCE_MACRO_F1,2,62,S8:EMAd_0.01,0.0100403317981409,0.00249673061410937,40,EXECUTED
EXP-XAI-0001,MODEL-C3,PERMUTATION_IMPORTANCE_MACRO_F1,2,63,S8:EMAd_0.1,0.0013800793067897167,0.002443151621826725,85,EXECUTED
EXP-XAI-0001,MODEL-C3,PERMUTATION_IMPORTANCE_MACRO_F1,2,64,S9:dR,0.007353214504522554,0.0029382491025943085,51,EXECUTED
EXP-XAI-0001,MODEL-C3,PERMUTATION_IMPORTANCE_MACRO_F1,2,65,S9:dR_norm,0.04924545999465631,0.019730534542075073,1,EXECUTED
EXP-XAI-0001,MODEL-C3,PERMUTATION_IMPORTANCE_MACRO_F1,2,66,S9:EMAi_0.001,0.003062343191104966,0.005013453556250461,73,EXECUTED
EXP-XAI-0001,MODEL-C3,PERMUTATION_IMPORTANCE_MACRO_F1,2,67,S9:EMAi_0.01,0.0024720850812186335,0.004802807981809289,79,EXECUTED
EXP-XAI-0001,MODEL-C3,PERMUTATION_IMPORTANCE_MACRO_F1,2,68,S9:EMAi_0.1,0.027125364808063712,0.02138023805052749,10,EXECUTED
EXP-XAI-0001,MODEL-C3,PERMUTATION_IMPORTANCE_MACRO_F1,2,69,S9:EMAd_0.001,0.006068075165293308,0.0012834127906726886,62,EXECUTED
EXP-XAI-0001,MODEL-C3,PERMUTATION_IMPORTANCE_MACRO_F1,2,70,S9:EMAd_0.01,0.00667384462508167,0.0007636442031363024,57,EXECUTED
EXP-XAI-0001,MODEL-C3,PERMUTATION_IMPORTANCE_MACRO_F1,2,71,S9:EMAd_0.1,0.005697576855013908,0.011998983204271747,63,EXECUTED
EXP-XAI-0001,MODEL-C3,PERMUTATION_IMPORTANCE_MACRO_F1,2,72,S10:dR,0.005596051767647814,0.003223685123209272,64,EXECUTED
EXP-XAI-0001,MODEL-C3,PERMUTATION_IMPORTANCE_MACRO_F1,2,73,S10:dR_norm,0.03279659910943984,0.011007997122014562,7,EXECUTED
EXP-XAI-0001,MODEL-C3,PERMUTATION_IMPORTANCE_MACRO_F1,2,74,S10:EMAi_0.001,0.0006130928420408077,0.002325350914880333,94,EXECUTED
EXP-XAI-0001,MODEL-C3,PERMUTATION_IMPORTANCE_MACRO_F1,2,75,S10:EMAi_0.01,0.0026007836862022905,0.004663106733038795,78,EXECUTED
EXP-XAI-0001,MODEL-C3,PERMUTATION_IMPORTANCE_MACRO_F1,2,76,S10:EMAi_0.1,-7.328749554889047e-05,0.013094970157953287,101,EXECUTED
EXP-XAI-0001,MODEL-C3,PERMUTATION_IMPORTANCE_MACRO_F1,2,77,S10:EMAd_0.001,-0.0011586158243315214,0.01564152464728601,108,EXECUTED
EXP-XAI-0001,MODEL-C3,PERMUTATION_IMPORTANCE_MACRO_F1,2,78,S10:EMAd_0.01,0.005046193425136236,0.002809775900428699,69,EXECUTED
EXP-XAI-0001,MODEL-C3,PERMUTATION_IMPORTANCE_MACRO_F1,2,79,S10:EMAd_0.1,0.0054204646204205845,0.0005483813323742619,66,EXECUTED
EXP-XAI-0001,MODEL-C3,PERMUTATION_IMPORTANCE_MACRO_F1,2,80,S11:dR,-0.005982783165567951,0.0022703524097447054,123,EXECUTED
EXP-XAI-0001,MODEL-C3,PERMUTATION_IMPORTANCE_MACRO_F1,2,81,S11:dR_norm,0.009873739878758036,0.005035173711281472,42,EXECUTED
EXP-XAI-0001,MODEL-C3,PERMUTATION_IMPORTANCE_MACRO_F1,2,82,S11:EMAi_0.001,0.00672421140389432,0.00140748067045697,56,EXECUTED
EXP-XAI-0001,MODEL-C3,PERMUTATION_IMPORTANCE_MACRO_F1,2,83,S11:EMAi_0.01,0.00749874123114298,0.0017700637068276668,50,EXECUTED
EXP-XAI-0001,MODEL-C3,PERMUTATION_IMPORTANCE_MACRO_F1,2,84,S11:EMAi_0.1,0.002028113964095568,0.0006526265717220736,81,EXECUTED
EXP-XAI-0001,MODEL-C3,PERMUTATION_IMPORTANCE_MACRO_F1,2,85,S11:EMAd_0.001,-0.001846959631399625,0.0009114042654243704,110,EXECUTED
EXP-XAI-0001,MODEL-C3,PERMUTATION_IMPORTANCE_MACRO_F1,2,86,S11:EMAd_0.01,-0.000889860733288228,0.0005455359792099339,106,EXECUTED
EXP-XAI-0001,MODEL-C3,PERMUTATION_IMPORTANCE_MACRO_F1,2,87,S11:EMAd_0.1,0.0012017435529518838,0.0010372366931732818,88,EXECUTED
EXP-XAI-0001,MODEL-C3,PERMUTATION_IMPORTANCE_MACRO_F1,2,88,S12:dR,-0.0026778632175481487,0.0017068472533946072,112,EXECUTED
EXP-XAI-0001,MODEL-C3,PERMUTATION_IMPORTANCE_MACRO_F1,2,89,S12:dR_norm,0.0016242948297071624,0.014705920678264492,84,EXECUTED
EXP-XAI-0001,MODEL-C3,PERMUTATION_IMPORTANCE_MACRO_F1,2,90,S12:EMAi_0.001,0.004138664350081855,0.0010778955675578743,71,EXECUTED
EXP-XAI-0001,MODEL-C3,PERMUTATION_IMPORTANCE_MACRO_F1,2,91,S12:EMAi_0.01,0.005073382554740058,0.0005923291530645742,68,EXECUTED
EXP-XAI-0001,MODEL-C3,PERMUTATION_IMPORTANCE_MACRO_F1,2,92,S12:EMAi_0.1,0.003739637503114568,0.0005209081582191744,72,EXECUTED
EXP-XAI-0001,MODEL-C3,PERMUTATION_IMPORTANCE_MACRO_F1,2,93,S12:EMAd_0.001,-0.003211841179863684,0.0021104263830958097,115,EXECUTED
EXP-XAI-0001,MODEL-C3,PERMUTATION_IMPORTANCE_MACRO_F1,2,94,S12:EMAd_0.01,-0.0006803113640101888,0.0011947666116043994,104,EXECUTED
EXP-XAI-0001,MODEL-C3,PERMUTATION_IMPORTANCE_MACRO_F1,2,95,S12:EMAd_0.1,-0.0005120834467031932,0.0010176628666431434,103,EXECUTED
EXP-XAI-0001,MODEL-C3,PERMUTATION_IMPORTANCE_MACRO_F1,2,96,S13:dR,-0.004514654052963274,0.0013222357337500058,121,EXECUTED
EXP-XAI-0001,MODEL-C3,PERMUTATION_IMPORTANCE_MACRO_F1,2,97,S13:dR_norm,0.000302919826756809,0.014262304685975684,98,EXECUTED
EXP-XAI-0001,MODEL-C3,PERMUTATION_IMPORTANCE_MACRO_F1,2,98,S13:EMAi_0.001,0.022843256454104142,0.010722547451537393,14,EXECUTED
EXP-XAI-0001,MODEL-C3,PERMUTATION_IMPORTANCE_MACRO_F1,2,99,S13:EMAi_0.01,0.04461163388206464,0.01629600675855609,2,EXECUTED
EXP-XAI-0001,MODEL-C3,PERMUTATION_IMPORTANCE_MACRO_F1,2,100,S13:EMAi_0.1,0.026402513471161626,0.01944801678116642,11,EXECUTED
EXP-XAI-0001,MODEL-C3,PERMUTATION_IMPORTANCE_MACRO_F1,2,101,S13:EMAd_0.001,0.00047845421618577524,0.0002928858009288407,96,EXECUTED
EXP-XAI-0001,MODEL-C3,PERMUTATION_IMPORTANCE_MACRO_F1,2,102,S13:EMAd_0.01,0.0012809239863407651,0.0006634661791117465,86,EXECUTED
EXP-XAI-0001,MODEL-C3,PERMUTATION_IMPORTANCE_MACRO_F1,2,103,S13:EMAd_0.1,-0.030950247053504465,0.008004337368256538,128,EXECUTED
EXP-XAI-0001,MODEL-C3,PERMUTATION_IMPORTANCE_MACRO_F1,2,104,S14:dR,-0.004544301477371571,0.00126443487096739,122,EXECUTED
EXP-XAI-0001,MODEL-C3,PERMUTATION_IMPORTANCE_MACRO_F1,2,105,S14:dR_norm,0.009790244789799795,0.001059563181622739,43,EXECUTED
EXP-XAI-0001,MODEL-C3,PERMUTATION_IMPORTANCE_MACRO_F1,2,106,S14:EMAi_0.001,0.02719126168739543,0.002962283233811042,9,EXECUTED
EXP-XAI-0001,MODEL-C3,PERMUTATION_IMPORTANCE_MACRO_F1,2,107,S14:EMAi_0.01,0.043524671116123015,0.0039060252615188444,3,EXECUTED
EXP-XAI-0001,MODEL-C3,PERMUTATION_IMPORTANCE_MACRO_F1,2,108,S14:EMAi_0.1,0.006892924760887121,0.003764644052597495,53,EXECUTED
EXP-XAI-0001,MODEL-C3,PERMUTATION_IMPORTANCE_MACRO_F1,2,109,S14:EMAd_0.001,0.001828463788264223,0.000588793539344797,82,EXECUTED
EXP-XAI-0001,MODEL-C3,PERMUTATION_IMPORTANCE_MACRO_F1,2,110,S14:EMAd_0.01,0.00233477541116085,0.00046853858781952413,80,EXECUTED
EXP-XAI-0001,MODEL-C3,PERMUTATION_IMPORTANCE_MACRO_F1,2,111,S14:EMAd_0.1,0.008019624581882701,0.010923091633602146,47,EXECUTED
EXP-XAI-0001,MODEL-C3,PERMUTATION_IMPORTANCE_MACRO_F1,2,112,S15:dR,-0.004433442045566949,0.0029072653686901986,120,EXECUTED
EXP-XAI-0001,MODEL-C3,PERMUTATION_IMPORTANCE_MACRO_F1,2,113,S15:dR_norm,0.017306841928094265,0.005137005463717169,27,EXECUTED
EXP-XAI-0001,MODEL-C3,PERMUTATION_IMPORTANCE_MACRO_F1,2,114,S15:EMAi_0.001,0.007915122736097357,0.0015148262420532723,48,EXECUTED
EXP-XAI-0001,MODEL-C3,PERMUTATION_IMPORTANCE_MACRO_F1,2,115,S15:EMAi_0.01,0.019195889743015893,0.005560934762523858,22,EXECUTED
EXP-XAI-0001,MODEL-C3,PERMUTATION_IMPORTANCE_MACRO_F1,2,116,S15:EMAi_0.1,0.006141278648960302,0.0010874797819164443,61,EXECUTED
EXP-XAI-0001,MODEL-C3,PERMUTATION_IMPORTANCE_MACRO_F1,2,117,S15:EMAd_0.001,-0.0008322288960470158,0.0008264609968123174,105,EXECUTED
EXP-XAI-0001,MODEL-C3,PERMUTATION_IMPORTANCE_MACRO_F1,2,118,S15:EMAd_0.01,0.00032151396450721406,0.0006948933811115052,97,EXECUTED
EXP-XAI-0001,MODEL-C3,PERMUTATION_IMPORTANCE_MACRO_F1,2,119,S15:EMAd_0.1,-0.0036004321602893354,0.000969503101092675,116,EXECUTED
EXP-XAI-0001,MODEL-C3,PERMUTATION_IMPORTANCE_MACRO_F1,2,120,S16:dR,-0.009161710137440405,0.0031670669386985105,126,EXECUTED
EXP-XAI-0001,MODEL-C3,PERMUTATION_IMPORTANCE_MACRO_F1,2,121,S16:dR_norm,0.01965025760652548,0.005242833935547689,20,EXECUTED
EXP-XAI-0001,MODEL-C3,PERMUTATION_IMPORTANCE_MACRO_F1,2,122,S16:EMAi_0.001,0.011461334330977934,0.0007395913254184348,37,EXECUTED
EXP-XAI-0001,MODEL-C3,PERMUTATION_IMPORTANCE_MACRO_F1,2,123,S16:EMAi_0.01,0.022522412196956876,0.005343946194605806,15,EXECUTED
EXP-XAI-0001,MODEL-C3,PERMUTATION_IMPORTANCE_MACRO_F1,2,124,S16:EMAi_0.1,0.016366922773754268,0.0028976110139144863,28,EXECUTED
EXP-XAI-0001,MODEL-C3,PERMUTATION_IMPORTANCE_MACRO_F1,2,125,S16:EMAd_0.001,0.0005544241843815634,0.0012690878082093028,95,EXECUTED
EXP-XAI-0001,MODEL-C3,PERMUTATION_IMPORTANCE_MACRO_F1,2,126,S16:EMAd_0.01,-3.9624769649160287e-05,0.0005583910720136501,99,EXECUTED
EXP-XAI-0001,MODEL-C3,PERMUTATION_IMPORTANCE_MACRO_F1,2,127,S16:EMAd_0.1,-0.003866904030797058,0.011281014716476244,118,EXECUTED
EXP-XAI-0001,MODEL-C3,PERMUTATION_IMPORTANCE_MACRO_F1,3,0,S1:dR,0.024534955994064477,0.001059701445186441,7,EXECUTED
EXP-XAI-0001,MODEL-C3,PERMUTATION_IMPORTANCE_MACRO_F1,3,1,S1:dR_norm,-0.001486984222013077,0.002231052106163063,77,EXECUTED
EXP-XAI-0001,MODEL-C3,PERMUTATION_IMPORTANCE_MACRO_F1,3,2,S1:EMAi_0.001,0.015818540305447926,0.0007581343774999385,26,EXECUTED
EXP-XAI-0001,MODEL-C3,PERMUTATION_IMPORTANCE_MACRO_F1,3,3,S1:EMAi_0.01,0.01150840063212164,0.0010055553229808406,33,EXECUTED
EXP-XAI-0001,MODEL-C3,PERMUTATION_IMPORTANCE_MACRO_F1,3,4,S1:EMAi_0.1,0.018870170027407884,0.001063288456090837,21,EXECUTED
EXP-XAI-0001,MODEL-C3,PERMUTATION_IMPORTANCE_MACRO_F1,3,5,S1:EMAd_0.001,0.022924065204466427,0.0014907564520459204,11,EXECUTED
EXP-XAI-0001,MODEL-C3,PERMUTATION_IMPORTANCE_MACRO_F1,3,6,S1:EMAd_0.01,0.023950997707976006,0.0021204659682208015,10,EXECUTED
EXP-XAI-0001,MODEL-C3,PERMUTATION_IMPORTANCE_MACRO_F1,3,7,S1:EMAd_0.1,0.02663974162920667,0.0021042136993818647,2,EXECUTED
EXP-XAI-0001,MODEL-C3,PERMUTATION_IMPORTANCE_MACRO_F1,3,8,S2:dR,0.025662542383022492,0.0014269978820767323,3,EXECUTED
EXP-XAI-0001,MODEL-C3,PERMUTATION_IMPORTANCE_MACRO_F1,3,9,S2:dR_norm,0.00011569745598144499,0.002530694625266354,69,EXECUTED
EXP-XAI-0001,MODEL-C3,PERMUTATION_IMPORTANCE_MACRO_F1,3,10,S2:EMAi_0.001,0.013501692808695776,0.0015079111618009429,28,EXECUTED
EXP-XAI-0001,MODEL-C3,PERMUTATION_IMPORTANCE_MACRO_F1,3,11,S2:EMAi_0.01,0.0077209344663397685,0.0018049612062910145,43,EXECUTED
EXP-XAI-0001,MODEL-C3,PERMUTATION_IMPORTANCE_MACRO_F1,3,12,S2:EMAi_0.1,0.022107202572279848,0.0011459384685045745,15,EXECUTED
EXP-XAI-0001,MODEL-C3,PERMUTATION_IMPORTANCE_MACRO_F1,3,13,S2:EMAd_0.001,0.02464005871549916,0.0011050440161496373,6,EXECUTED
EXP-XAI-0001,MODEL-C3,PERMUTATION_IMPORTANCE_MACRO_F1,3,14,S2:EMAd_0.01,0.025373737844487942,0.0012146690755165171,5,EXECUTED
EXP-XAI-0001,MODEL-C3,PERMUTATION_IMPORTANCE_MACRO_F1,3,15,S2:EMAd_0.1,0.030117201516701664,0.0032029773484351593,1,EXECUTED
EXP-XAI-0001,MODEL-C3,PERMUTATION_IMPORTANCE_MACRO_F1,3,16,S3:dR,-0.06660941556254325,0.005218454827900786,122,EXECUTED
EXP-XAI-0001,MODEL-C3,PERMUTATION_IMPORTANCE_MACRO_F1,3,17,S3:dR_norm,0.004311452013536754,0.002297800019201488,55,EXECUTED
EXP-XAI-0001,MODEL-C3,PERMUTATION_IMPORTANCE_MACRO_F1,3,18,S3:EMAi_0.001,0.00204649295874475,0.0024391541367830994,59,EXECUTED
EXP-XAI-0001,MODEL-C3,PERMUTATION_IMPORTANCE_MACRO_F1,3,19,S3:EMAi_0.01,0.010784100553494736,0.001902439228936597,34,EXECUTED
EXP-XAI-0001,MODEL-C3,PERMUTATION_IMPORTANCE_MACRO_F1,3,20,S3:EMAi_0.1,0.000980789715546404,0.0033569939857773226,64,EXECUTED
EXP-XAI-0001,MODEL-C3,PERMUTATION_IMPORTANCE_MACRO_F1,3,21,S3:EMAd_0.001,-0.004290350443140456,0.0013092916850837562,97,EXECUTED
EXP-XAI-0001,MODEL-C3,PERMUTATION_IMPORTANCE_MACRO_F1,3,22,S3:EMAd_0.01,-0.0026839684751044923,0.0021118740731430985,83,EXECUTED
EXP-XAI-0001,MODEL-C3,PERMUTATION_IMPORTANCE_MACRO_F1,3,23,S3:EMAd_0.1,-0.015279181120742525,0.002242944327656267,111,EXECUTED
EXP-XAI-0001,MODEL-C3,PERMUTATION_IMPORTANCE_MACRO_F1,3,24,S4:dR,-0.07235020381308804,0.005010727326695715,125,EXECUTED
EXP-XAI-0001,MODEL-C3,PERMUTATION_IMPORTANCE_MACRO_F1,3,25,S4:dR_norm,-0.00464623217219895,0.002234506774770307,99,EXECUTED
EXP-XAI-0001,MODEL-C3,PERMUTATION_IMPORTANCE_MACRO_F1,3,26,S4:EMAi_0.001,0.0018007594025089223,0.002248014036315433,61,EXECUTED
EXP-XAI-0001,MODEL-C3,PERMUTATION_IMPORTANCE_MACRO_F1,3,27,S4:EMAi_0.01,0.008428921493150953,0.0022003956024082743,42,EXECUTED
EXP-XAI-0001,MODEL-C3,PERMUTATION_IMPORTANCE_MACRO_F1,3,28,S4:EMAi_0.1,0.00487288888387698,0.002798501973841177,53,EXECUTED
EXP-XAI-0001,MODEL-C3,PERMUTATION_IMPORTANCE_MACRO_F1,3,29,S4:EMAd_0.001,-0.006059603452347051,0.0019641320615573984,102,EXECUTED
EXP-XAI-0001,MODEL-C3,PERMUTATION_IMPORTANCE_MACRO_F1,3,30,S4:EMAd_0.01,-0.003925675670888651,0.002021835181058169,92,EXECUTED
EXP-XAI-0001,MODEL-C3,PERMUTATION_IMPORTANCE_MACRO_F1,3,31,S4:EMAd_0.1,-0.02063305199044819,0.0028332131291909464,114,EXECUTED
EXP-XAI-0001,MODEL-C3,PERMUTATION_IMPORTANCE_MACRO_F1,3,32,S5:dR,-0.02877781623119573,0.005945375142151652,118,EXECUTED
EXP-XAI-0001,MODEL-C3,PERMUTATION_IMPORTANCE_MACRO_F1,3,33,S5:dR_norm,-0.003690814156121347,0.0023574959477747266,88,EXECUTED
EXP-XAI-0001,MODEL-C3,PERMUTATION_IMPORTANCE_MACRO_F1,3,34,S5:EMAi_0.001,0.00598102566202211,0.0024923982380112325,50,EXECUTED
EXP-XAI-0001,MODEL-C3,PERMUTATION_IMPORTANCE_MACRO_F1,3,35,S5:EMAi_0.01,0.0199304516135844,0.00495316867089991,17,EXECUTED
EXP-XAI-0001,MODEL-C3,PERMUTATION_IMPORTANCE_MACRO_F1,3,36,S5:EMAi_0.1,-0.053131960276285806,0.0056922043324777955,120,EXECUTED
EXP-XAI-0001,MODEL-C3,PERMUTATION_IMPORTANCE_MACRO_F1,3,37,S5:EMAd_0.001,-0.0076527180241798606,0.0012092585066586323,106,EXECUTED
EXP-XAI-0001,MODEL-C3,PERMUTATION_IMPORTANCE_MACRO_F1,3,38,S5:EMAd_0.01,-0.006935251607985682,0.0017913719673700876,105,EXECUTED
EXP-XAI-0001,MODEL-C3,PERMUTATION_IMPORTANCE_MACRO_F1,3,39,S5:EMAd_0.1,-0.04398549903892764,0.004444409158545462,119,EXECUTED
EXP-XAI-0001,MODEL-C3,PERMUTATION_IMPORTANCE_MACRO_F1,3,40,S6:dR,-0.01943851147778438,0.0034342635493294685,112,EXECUTED
EXP-XAI-0001,MODEL-C3,PERMUTATION_IMPORTANCE_MACRO_F1,3,41,S6:dR_norm,-0.0006787063105804236,0.0020552345161701127,75,EXECUTED
EXP-XAI-0001,MODEL-C3,PERMUTATION_IMPORTANCE_MACRO_F1,3,42,S6:EMAi_0.001,0.008874698712283224,0.001149257952901237,40,EXECUTED
EXP-XAI-0001,MODEL-C3,PERMUTATION_IMPORTANCE_MACRO_F1,3,43,S6:EMAi_0.01,0.024066149551951334,0.00311789114059394,9,EXECUTED
EXP-XAI-0001,MODEL-C3,PERMUTATION_IMPORTANCE_MACRO_F1,3,44,S6:EMAi_0.1,0.01976544206721349,0.003371234558896977,19,EXECUTED
EXP-XAI-0001,MODEL-C3,PERMUTATION_IMPORTANCE_MACRO_F1,3,45,S6:EMAd_0.001,-0.003604522171196489,0.0015552256267036208,87,EXECUTED
EXP-XAI-0001,MODEL-C3,PERMUTATION_IMPORTANCE_MACRO_F1,3,46,S6:EMAd_0.01,-0.0016011487706780402,0.0013708561507872804,79,EXECUTED
EXP-XAI-0001,MODEL-C3,PERMUTATION_IMPORTANCE_MACRO_F1,3,47,S6:EMAd_0.1,-0.0027311087940984358,0.0018600490109357516,85,EXECUTED
EXP-XAI-0001,MODEL-C3,PERMUTATION_IMPORTANCE_MACRO_F1,3,48,S7:dR,-0.054313118766550386,0.0038476373973920946,121,EXECUTED
EXP-XAI-0001,MODEL-C3,PERMUTATION_IMPORTANCE_MACRO_F1,3,49,S7:dR_norm,0.005748154529461624,0.0008119514177082924,51,EXECUTED
EXP-XAI-0001,MODEL-C3,PERMUTATION_IMPORTANCE_MACRO_F1,3,50,S7:EMAi_0.001,0.001485003371245308,0.0019500917942388357,62,EXECUTED
EXP-XAI-0001,MODEL-C3,PERMUTATION_IMPORTANCE_MACRO_F1,3,51,S7:EMAi_0.01,0.012400558568656971,0.0018015700076792728,31,EXECUTED
EXP-XAI-0001,MODEL-C3,PERMUTATION_IMPORTANCE_MACRO_F1,3,52,S7:EMAi_0.1,0.010473015776388529,0.0016776588271796757,35,EXECUTED
EXP-XAI-0001,MODEL-C3,PERMUTATION_IMPORTANCE_MACRO_F1,3,53,S7:EMAd_0.001,-0.003851353419967574,0.001953918078306749,89,EXECUTED
EXP-XAI-0001,MODEL-C3,PERMUTATION_IMPORTANCE_MACRO_F1,3,54,S7:EMAd_0.01,-0.0029392855517985095,0.0017415875499963546,86,EXECUTED
EXP-XAI-0001,MODEL-C3,PERMUTATION_IMPORTANCE_MACRO_F1,3,55,S7:EMAd_0.1,0.00021551679164527604,0.0016222324290567046,68,EXECUTED
EXP-XAI-0001,MODEL-C3,PERMUTATION_IMPORTANCE_MACRO_F1,3,56,S8:dR,-0.06730653092881289,0.003769702587751098,123,EXECUTED
EXP-XAI-0001,MODEL-C3,PERMUTATION_IMPORTANCE_MACRO_F1,3,57,S8:dR_norm,0.006153662179228481,0.0009919834683664397,48,EXECUTED
EXP-XAI-0001,MODEL-C3,PERMUTATION_IMPORTANCE_MACRO_F1,3,58,S8:EMAi_0.001,0.0014313390107034806,0.002297443034330894,63,EXECUTED
EXP-XAI-0001,MODEL-C3,PERMUTATION_IMPORTANCE_MACRO_F1,3,59,S8:EMAi_0.01,0.008690000265829601,0.0022050721687076106,41,EXECUTED
EXP-XAI-0001,MODEL-C3,PERMUTATION_IMPORTANCE_MACRO_F1,3,60,S8:EMAi_0.1,0.0069500920310100025,0.002041451110553066,46,EXECUTED
EXP-XAI-0001,MODEL-C3,PERMUTATION_IMPORTANCE_MACRO_F1,3,61,S8:EMAd_0.001,-0.0056948242872584265,0.0015070565671303773,101,EXECUTED
EXP-XAI-0001,MODEL-C3,PERMUTATION_IMPORTANCE_MACRO_F1,3,62,S8:EMAd_0.01,-0.006076946997691823,0.0022025299566214105,103,EXECUTED
EXP-XAI-0001,MODEL-C3,PERMUTATION_IMPORTANCE_MACRO_F1,3,63,S8:EMAd_0.1,-0.02049103096833068,0.0016630910664941958,113,EXECUTED
EXP-XAI-0001,MODEL-C3,PERMUTATION_IMPORTANCE_MACRO_F1,3,64,S9:dR,0.021005240139166048,0.0016535051829571093,16,EXECUTED
EXP-XAI-0001,MODEL-C3,PERMUTATION_IMPORTANCE_MACRO_F1,3,65,S9:dR_norm,7.1645804122888455e-06,0.003106087889986374,71,EXECUTED
EXP-XAI-0001,MODEL-C3,PERMUTATION_IMPORTANCE_MACRO_F1,3,66,S9:EMAi_0.001,0.0100088708543975,0.0009617846698017733,37,EXECUTED
EXP-XAI-0001,MODEL-C3,PERMUTATION_IMPORTANCE_MACRO_F1,3,67,S9:EMAi_0.01,0.007096932316922144,0.0021096255500977793,45,EXECUTED
EXP-XAI-0001,MODEL-C3,PERMUTATION_IMPORTANCE_MACRO_F1,3,68,S9:EMAi_0.1,0.0181817615720974,0.0012397379158781442,22,EXECUTED
EXP-XAI-0001,MODEL-C3,PERMUTATION_IMPORTANCE_MACRO_F1,3,69,S9:EMAd_0.001,0.019889992844269243,0.0016503813846006315,18,EXECUTED
EXP-XAI-0001,MODEL-C3,PERMUTATION_IMPORTANCE_MACRO_F1,3,70,S9:EMAd_0.01,0.01959573672374194,0.0014309185785072458,20,EXECUTED
EXP-XAI-0001,MODEL-C3,PERMUTATION_IMPORTANCE_MACRO_F1,3,71,S9:EMAd_0.1,0.02273621903438856,0.0021200879755994763,12,EXECUTED
EXP-XAI-0001,MODEL-C3,PERMUTATION_IMPORTANCE_MACRO_F1,3,72,S10:dR,0.016824626335862312,0.0013245478423225695,23,EXECUTED
EXP-XAI-0001,MODEL-C3,PERMUTATION_IMPORTANCE_MACRO_F1,3,73,S10:dR_norm,5.753300824326013e-05,0.0029865274868008168,70,EXECUTED
EXP-XAI-0001,MODEL-C3,PERMUTATION_IMPORTANCE_MACRO_F1,3,74,S10:EMAi_0.001,0.009097606227336585,0.0010864352015261976,39,EXECUTED
EXP-XAI-0001,MODEL-C3,PERMUTATION_IMPORTANCE_MACRO_F1,3,75,S10:EMAi_0.01,0.00479154603438281,0.0008467446222231731,54,EXECUTED
EXP-XAI-0001,MODEL-C3,PERMUTATION_IMPORTANCE_MACRO_F1,3,76,S10:EMAi_0.1,0.01600198513978588,0.002286329677526477,25,EXECUTED
EXP-XAI-0001,MODEL-C3,PERMUTATION_IMPORTANCE_MACRO_F1,3,77,S10:EMAd_0.001,0.01643729191679737,0.0011495816194080685,24,EXECUTED
EXP-XAI-0001,MODEL-C3,PERMUTATION_IMPORTANCE_MACRO_F1,3,78,S10:EMAd_0.01,0.015600812970181477,0.0008560424913840445,27,EXECUTED
EXP-XAI-0001,MODEL-C3,PERMUTATION_IMPORTANCE_MACRO_F1,3,79,S10:EMAd_0.1,0.022135634522832893,0.0016582285209422066,14,EXECUTED
EXP-XAI-0001,MODEL-C3,PERMUTATION_IMPORTANCE_MACRO_F1,3,80,S11:dR,-0.08312855720317588,0.0025923276925582843,128,EXECUTED
EXP-XAI-0001,MODEL-C3,PERMUTATION_IMPORTANCE_MACRO_F1,3,81,S11:dR_norm,-0.0014633524717994728,0.001234133722495944,76,EXECUTED
EXP-XAI-0001,MODEL-C3,PERMUTATION_IMPORTANCE_MACRO_F1,3,82,S11:EMAi_0.001,0.0008391820202704791,0.001760795818106456,65,EXECUTED
EXP-XAI-0001,MODEL-C3,PERMUTATION_IMPORTANCE_MACRO_F1,3,83,S11:EMAi_0.01,0.007633621076381281,0.002362533480275475,44,EXECUTED
EXP-XAI-0001,MODEL-C3,PERMUTATION_IMPORTANCE_MACRO_F1,3,84,S11:EMAi_0.1,-0.0003787312278985544,0.0031185600882542505,72,EXECUTED
EXP-XAI-0001,MODEL-C3,PERMUTATION_IMPORTANCE_MACRO_F1,3,85,S11:EMAd_0.001,-0.0038575088754015273,0.0010650740634198142,90,EXECUTED
EXP-XAI-0001,MODEL-C3,PERMUTATION_IMPORTANCE_MACRO_F1,3,86,S11:EMAd_0.01,-0.0021460861210635617,0.0014103598732311225,81,EXECUTED
EXP-XAI-0001,MODEL-C3,PERMUTATION_IMPORTANCE_MACRO_F1,3,87,S11:EMAd_0.1,-0.006130590726897134,0.0024023364052670965,104,EXECUTED
EXP-XAI-0001,MODEL-C3,PERMUTATION_IMPORTANCE_MACRO_F1,3,88,S12:dR,-0.08214975903862179,0.003340735836520802,127,EXECUTED
EXP-XAI-0001,MODEL-C3,PERMUTATION_IMPORTANCE_MACRO_F1,3,89,S12:dR_norm,-0.013642503584009058,0.004769157010666212,108,EXECUTED
EXP-XAI-0001,MODEL-C3,PERMUTATION_IMPORTANCE_MACRO_F1,3,90,S12:EMAi_0.001,-0.0005694013870184422,0.0020056054829841585,74,EXECUTED
EXP-XAI-0001,MODEL-C3,PERMUTATION_IMPORTANCE_MACRO_F1,3,91,S12:EMAi_0.01,0.006005623884653854,0.0026240362964678305,49,EXECUTED
EXP-XAI-0001,MODEL-C3,PERMUTATION_IMPORTANCE_MACRO_F1,3,92,S12:EMAi_0.1,0.0032617607116701697,0.003058588351569392,58,EXECUTED
EXP-XAI-0001,MODEL-C3,PERMUTATION_IMPORTANCE_MACRO_F1,3,93,S12:EMAd_0.001,-0.009225440524122285,0.0017731647835824466,107,EXECUTED
EXP-XAI-0001,MODEL-C3,PERMUTATION_IMPORTANCE_MACRO_F1,3,94,S12:EMAd_0.01,-0.004519496066380036,0.0013675800647612395,98,EXECUTED
EXP-XAI-0001,MODEL-C3,PERMUTATION_IMPORTANCE_MACRO_F1,3,95,S12:EMAd_0.1,-0.014149306615387857,0.0031362710215183417,109,EXECUTED
EXP-XAI-0001,MODEL-C3,PERMUTATION_IMPORTANCE_MACRO_F1,3,96,S13:dR,-0.0277181037002444,0.005258599963235033,117,EXECUTED
EXP-XAI-0001,MODEL-C3,PERMUTATION_IMPORTANCE_MACRO_F1,3,97,S13:dR_norm,0.006936102475590722,0.00226520616240985,47,EXECUTED
EXP-XAI-0001,MODEL-C3,PERMUTATION_IMPORTANCE_MACRO_F1,3,98,S13:EMAi_0.001,0.010075148562275715,0.001029579354697279,36,EXECUTED
EXP-XAI-0001,MODEL-C3,PERMUTATION_IMPORTANCE_MACRO_F1,3,99,S13:EMAi_0.01,0.0242170993960655,0.0027210489872894765,8,EXECUTED
EXP-XAI-0001,MODEL-C3,PERMUTATION_IMPORTANCE_MACRO_F1,3,100,S13:EMAi_0.1,0.022240363702379896,0.0026898795202728414,13,EXECUTED
EXP-XAI-0001,MODEL-C3,PERMUTATION_IMPORTANCE_MACRO_F1,3,101,S13:EMAd_0.001,-0.004015463207135417,0.0020860588073575714,93,EXECUTED
EXP-XAI-0001,MODEL-C3,PERMUTATION_IMPORTANCE_MACRO_F1,3,102,S13:EMAd_0.01,-0.005108881900244411,0.0023240344337638556,100,EXECUTED
EXP-XAI-0001,MODEL-C3,PERMUTATION_IMPORTANCE_MACRO_F1,3,103,S13:EMAd_0.1,-0.004031191071170404,0.0015500236904184299,94,EXECUTED
EXP-XAI-0001,MODEL-C3,PERMUTATION_IMPORTANCE_MACRO_F1,3,104,S14:dR,-0.023089823875047533,0.004826675105092891,115,EXECUTED
EXP-XAI-0001,MODEL-C3,PERMUTATION_IMPORTANCE_MACRO_F1,3,105,S14:dR_norm,0.012287961407037595,0.0032880799455464213,32,EXECUTED
EXP-XAI-0001,MODEL-C3,PERMUTATION_IMPORTANCE_MACRO_F1,3,106,S14:EMAi_0.001,0.012643353002757396,0.00204899684619565,29,EXECUTED
EXP-XAI-0001,MODEL-C3,PERMUTATION_IMPORTANCE_MACRO_F1,3,107,S14:EMAi_0.01,0.02556878970487233,0.0030941669825532824,4,EXECUTED
EXP-XAI-0001,MODEL-C3,PERMUTATION_IMPORTANCE_MACRO_F1,3,108,S14:EMAi_0.1,0.002017936780042051,0.0013953700817459776,60,EXECUTED
EXP-XAI-0001,MODEL-C3,PERMUTATION_IMPORTANCE_MACRO_F1,3,109,S14:EMAd_0.001,-0.00150877796917408,0.0022521941985534457,78,EXECUTED
EXP-XAI-0001,MODEL-C3,PERMUTATION_IMPORTANCE_MACRO_F1,3,110,S14:EMAd_0.01,-0.0018481781772036853,0.0014087259610644385,80,EXECUTED
EXP-XAI-0001,MODEL-C3,PERMUTATION_IMPORTANCE_MACRO_F1,3,111,S14:EMAd_0.1,-0.027045881686277185,0.0016411444910691773,116,EXECUTED
EXP-XAI-0001,MODEL-C3,PERMUTATION_IMPORTANCE_MACRO_F1,3,112,S15:dR,-0.07035616465067025,0.0020542786029142516,124,EXECUTED
EXP-XAI-0001,MODEL-C3,PERMUTATION_IMPORTANCE_MACRO_F1,3,113,S15:dR_norm,0.00385611841738035,0.0017206380040532985,56,EXECUTED
EXP-XAI-0001,MODEL-C3,PERMUTATION_IMPORTANCE_MACRO_F1,3,114,S15:EMAi_0.001,-0.00047081548420383477,0.0016607262003944837,73,EXECUTED
EXP-XAI-0001,MODEL-C3,PERMUTATION_IMPORTANCE_MACRO_F1,3,115,S15:EMAi_0.01,0.009346720163758048,0.0020433755912155033,38,EXECUTED
EXP-XAI-0001,MODEL-C3,PERMUTATION_IMPORTANCE_MACRO_F1,3,116,S15:EMAi_0.1,0.0007156663022238385,0.002606775618530957,66,EXECUTED
EXP-XAI-0001,MODEL-C3,PERMUTATION_IMPORTANCE_MACRO_F1,3,117,S15:EMAd_0.001,-0.0026177691179054665,0.0009633942479429951,82,EXECUTED
EXP-XAI-0001,MODEL-C3,PERMUTATION_IMPORTANCE_MACRO_F1,3,118,S15:EMAd_0.01,-0.0038677291817323157,0.0013679603779160117,91,EXECUTED
EXP-XAI-0001,MODEL-C3,PERMUTATION_IMPORTANCE_MACRO_F1,3,119,S15:EMAd_0.1,-0.004145705098299068,0.0015023719386911543,95,EXECUTED
EXP-XAI-0001,MODEL-C3,PERMUTATION_IMPORTANCE_MACRO_F1,3,120,S16:dR,-0.0769178953552111,0.002319577029322372,126,EXECUTED
EXP-XAI-0001,MODEL-C3,PERMUTATION_IMPORTANCE_MACRO_F1,3,121,S16:dR_norm,0.00543720148297957,0.0017625925271995703,52,EXECUTED
EXP-XAI-0001,MODEL-C3,PERMUTATION_IMPORTANCE_MACRO_F1,3,122,S16:EMAi_0.001,0.0003001035892717385,0.0012760265357920787,67,EXECUTED
EXP-XAI-0001,MODEL-C3,PERMUTATION_IMPORTANCE_MACRO_F1,3,123,S16:EMAi_0.01,0.012468674708762895,0.0026186688792730435,30,EXECUTED
EXP-XAI-0001,MODEL-C3,PERMUTATION_IMPORTANCE_MACRO_F1,3,124,S16:EMAi_0.1,0.0036718587162659078,0.0020008537701378787,57,EXECUTED
EXP-XAI-0001,MODEL-C3,PERMUTATION_IMPORTANCE_MACRO_F1,3,125,S16:EMAd_0.001,-0.0027188828728164525,0.0016719281106573455,84,EXECUTED
EXP-XAI-0001,MODEL-C3,PERMUTATION_IMPORTANCE_MACRO_F1,3,126,S16:EMAd_0.01,-0.004213109645244984,0.0013625852962974546,96,EXECUTED
EXP-XAI-0001,MODEL-C3,PERMUTATION_IMPORTANCE_MACRO_F1,3,127,S16:EMAd_0.1,-0.014647440213270534,0.0026643763678203293,110,EXECUTED
EXP-XAI-0001,MODEL-C3,PERMUTATION_IMPORTANCE_MACRO_F1,4,0,S1:dR,0.00022248941397876588,0.00044497882795753175,55,EXECUTED
EXP-XAI-0001,MODEL-C3,PERMUTATION_IMPORTANCE_MACRO_F1,4,1,S1:dR_norm,0.002439644644311706,0.006470909543094918,34,EXECUTED
EXP-XAI-0001,MODEL-C3,PERMUTATION_IMPORTANCE_MACRO_F1,4,2,S1:EMAi_0.001,0.00022248941397876588,0.00044497882795753175,56,EXECUTED
EXP-XAI-0001,MODEL-C3,PERMUTATION_IMPORTANCE_MACRO_F1,4,3,S1:EMAi_0.01,0.00022248941397876588,0.00044497882795753175,57,EXECUTED
EXP-XAI-0001,MODEL-C3,PERMUTATION_IMPORTANCE_MACRO_F1,4,4,S1:EMAi_0.1,0.00022248941397876588,0.00044497882795753175,58,EXECUTED
EXP-XAI-0001,MODEL-C3,PERMUTATION_IMPORTANCE_MACRO_F1,4,5,S1:EMAd_0.001,0.0,0.0,74,EXECUTED
EXP-XAI-0001,MODEL-C3,PERMUTATION_IMPORTANCE_MACRO_F1,4,6,S1:EMAd_0.01,0.0,0.0,75,EXECUTED
EXP-XAI-0001,MODEL-C3,PERMUTATION_IMPORTANCE_MACRO_F1,4,7,S1:EMAd_0.1,0.00040549038950944417,0.0014614857722085592,53,EXECUTED
EXP-XAI-0001,MODEL-C3,PERMUTATION_IMPORTANCE_MACRO_F1,4,8,S2:dR,0.00022248941397876588,0.00044497882795753175,59,EXECUTED
EXP-XAI-0001,MODEL-C3,PERMUTATION_IMPORTANCE_MACRO_F1,4,9,S2:dR_norm,0.004469610200478352,0.005136212980799092,25,EXECUTED
EXP-XAI-0001,MODEL-C3,PERMUTATION_IMPORTANCE_MACRO_F1,4,10,S2:EMAi_0.001,0.00022248941397876588,0.00044497882795753175,60,EXECUTED
EXP-XAI-0001,MODEL-C3,PERMUTATION_IMPORTANCE_MACRO_F1,4,11,S2:EMAi_0.01,0.00022248941397876588,0.00044497882795753175,61,EXECUTED
EXP-XAI-0001,MODEL-C3,PERMUTATION_IMPORTANCE_MACRO_F1,4,12,S2:EMAi_0.1,0.00022248941397876588,0.00044497882795753175,62,EXECUTED
EXP-XAI-0001,MODEL-C3,PERMUTATION_IMPORTANCE_MACRO_F1,4,13,S2:EMAd_0.001,0.00022248941397876588,0.00044497882795753175,63,EXECUTED
EXP-XAI-0001,MODEL-C3,PERMUTATION_IMPORTANCE_MACRO_F1,4,14,S2:EMAd_0.01,0.0,0.0,76,EXECUTED
EXP-XAI-0001,MODEL-C3,PERMUTATION_IMPORTANCE_MACRO_F1,4,15,S2:EMAd_0.1,0.0016816808656999194,0.002157760017421287,37,EXECUTED
EXP-XAI-0001,MODEL-C3,PERMUTATION_IMPORTANCE_MACRO_F1,4,16,S3:dR,-0.011615462650275316,0.008225582431190396,121,EXECUTED
EXP-XAI-0001,MODEL-C3,PERMUTATION_IMPORTANCE_MACRO_F1,4,17,S3:dR_norm,-0.002918261726772442,0.0004363208192995294,112,EXECUTED
EXP-XAI-0001,MODEL-C3,PERMUTATION_IMPORTANCE_MACRO_F1,4,18,S3:EMAi_0.001,-0.0015002412354506224,0.0010447341537346906,104,EXECUTED
EXP-XAI-0001,MODEL-C3,PERMUTATION_IMPORTANCE_MACRO_F1,4,19,S3:EMAi_0.01,0.0011016497683748905,0.0018786129767713218,41,EXECUTED
EXP-XAI-0001,MODEL-C3,PERMUTATION_IMPORTANCE_MACRO_F1,4,20,S3:EMAi_0.1,-0.0001823055993269096,0.0015585919367647359,85,EXECUTED
EXP-XAI-0001,MODEL-C3,PERMUTATION_IMPORTANCE_MACRO_F1,4,21,S3:EMAd_0.001,0.0007516373712667057,0.0031997869766082353,46,EXECUTED
EXP-XAI-0001,MODEL-C3,PERMUTATION_IMPORTANCE_MACRO_F1,4,22,S3:EMAd_0.01,0.0042137232646121845,0.0031661634100387083,26,EXECUTED
EXP-XAI-0001,MODEL-C3,PERMUTATION_IMPORTANCE_MACRO_F1,4,23,S3:EMAd_0.1,0.01251327962357342,0.012746314898130894,6,EXECUTED
EXP-XAI-0001,MODEL-C3,PERMUTATION_IMPORTANCE_MACRO_F1,4,24,S4:dR,-0.015071445280280992,0.011079083222164138,123,EXECUTED
EXP-XAI-0001,MODEL-C3,PERMUTATION_IMPORTANCE_MACRO_F1,4,25,S4:dR_norm,-0.005238467646978351,0.0030459420995219027,118,EXECUTED
EXP-XAI-0001,MODEL-C3,PERMUTATION_IMPORTANCE_MACRO_F1,4,26,S4:EMAi_0.001,-0.0014959702134804797,0.0015882179702331148,102,EXECUTED
EXP-XAI-0001,MODEL-C3,PERMUTATION_IMPORTANCE_MACRO_F1,4,27,S4:EMAi_0.01,0.001305725980301281,0.002043394268458872,39,EXECUTED
EXP-XAI-0001,MODEL-C3,PERMUTATION_IMPORTANCE_MACRO_F1,4,28,S4:EMAi_0.1,-0.00040479501330567547,0.001432158321357586,89,EXECUTED
EXP-XAI-0001,MODEL-C3,PERMUTATION_IMPORTANCE_MACRO_F1,4,29,S4:EMAd_0.001,0.0007516373712667057,0.0031997869766082353,47,EXECUTED
EXP-XAI-0001,MODEL-C3,PERMUTATION_IMPORTANCE_MACRO_F1,4,30,S4:EMAd_0.01,0.002814118180075581,0.003973970551972146,33,EXECUTED
EXP-XAI-0001,MODEL-C3,PERMUTATION_IMPORTANCE_MACRO_F1,4,31,S4:EMAd_0.1,0.012501242135839702,0.015239140048144098,7,EXECUTED
EXP-XAI-0001,MODEL-C3,PERMUTATION_IMPORTANCE_MACRO_F1,4,32,S5:dR,-0.0029868416673105914,0.0024716984257648817,113,EXECUTED
EXP-XAI-0001,MODEL-C3,PERMUTATION_IMPORTANCE_MACRO_F1,4,33,S5:dR_norm,0.00022248941397876588,0.00044497882795753175,64,EXECUTED
EXP-XAI-0001,MODEL-C3,PERMUTATION_IMPORTANCE_MACRO_F1,4,34,S5:EMAi_0.001,-0.001036408444919118,0.001315370141023385,96,EXECUTED
EXP-XAI-0001,MODEL-C3,PERMUTATION_IMPORTANCE_MACRO_F1,4,35,S5:EMAi_0.01,-0.0001765122461651558,0.0022476942057583402,84,EXECUTED
EXP-XAI-0001,MODEL-C3,PERMUTATION_IMPORTANCE_MACRO_F1,4,36,S5:EMAi_0.1,-0.029435749945523414,0.005907007171579902,126,EXECUTED
EXP-XAI-0001,MODEL-C3,PERMUTATION_IMPORTANCE_MACRO_F1,4,37,S5:EMAd_0.001,-0.0001823055993269096,0.0015585919367647359,86,EXECUTED
EXP-XAI-0001,MODEL-C3,PERMUTATION_IMPORTANCE_MACRO_F1,4,38,S5:EMAd_0.01,0.00044497882795753175,0.0005449855374188273,51,EXECUTED
EXP-XAI-0001,MODEL-C3,PERMUTATION_IMPORTANCE_MACRO_F1,4,39,S5:EMAd_0.1,-0.011944976094054205,0.012588139688110482,122,EXECUTED
EXP-XAI-0001,MODEL-C3,PERMUTATION_IMPORTANCE_MACRO_F1,4,40,S6:dR,0.00022248941397876588,0.00044497882795753175,65,EXECUTED
EXP-XAI-0001,MODEL-C3,PERMUTATION_IMPORTANCE_MACRO_F1,4,41,S6:dR_norm,0.00022248941397876588,0.00044497882795753175,66,EXECUTED
EXP-XAI-0001,MODEL-C3,PERMUTATION_IMPORTANCE_MACRO_F1,4,42,S6:EMAi_0.001,-0.0006272844272844413,0.0012545688545688826,93,EXECUTED
EXP-XAI-0001,MODEL-C3,PERMUTATION_IMPORTANCE_MACRO_F1,4,43,S6:EMAi_0.01,0.0008598961987539621,0.001240775269909433,44,EXECUTED
EXP-XAI-0001,MODEL-C3,PERMUTATION_IMPORTANCE_MACRO_F1,4,44,S6:EMAi_0.1,-0.0003990016601439217,0.0021625392006123737,88,EXECUTED
EXP-XAI-0001,MODEL-C3,PERMUTATION_IMPORTANCE_MACRO_F1,4,45,S6:EMAd_0.001,0.00022248941397876588,0.00044497882795753175,67,EXECUTED
EXP-XAI-0001,MODEL-C3,PERMUTATION_IMPORTANCE_MACRO_F1,4,46,S6:EMAd_0.01,0.0,0.0,77,EXECUTED
EXP-XAI-0001,MODEL-C3,PERMUTATION_IMPORTANCE_MACRO_F1,4,47,S6:EMAd_0.1,0.0016878559944225658,0.011720555794694868,36,EXECUTED
EXP-XAI-0001,MODEL-C3,PERMUTATION_IMPORTANCE_MACRO_F1,4,48,S7:dR,0.00044497882795753175,0.0005449855374188273,52,EXECUTED
EXP-XAI-0001,MODEL-C3,PERMUTATION_IMPORTANCE_MACRO_F1,4,49,S7:dR_norm,-0.001881853281853324,0.0015365267704408594,107,EXECUTED
EXP-XAI-0001,MODEL-C3,PERMUTATION_IMPORTANCE_MACRO_F1,4,50,S7:EMAi_0.001,0.0007969191628765471,0.0033142132120794533,45,EXECUTED
EXP-XAI-0001,MODEL-C3,PERMUTATION_IMPORTANCE_MACRO_F1,4,51,S7:EMAi_0.01,0.004663665394670969,0.0007354467783096271,24,EXECUTED
EXP-XAI-0001,MODEL-C3,PERMUTATION_IMPORTANCE_MACRO_F1,4,52,S7:EMAi_0.1,0.0035632875466718728,0.002685180658569844,28,EXECUTED
EXP-XAI-0001,MODEL-C3,PERMUTATION_IMPORTANCE_MACRO_F1,4,53,S7:EMAd_0.001,0.009014899126985044,0.006206866402863704,12,EXECUTED
EXP-XAI-0001,MODEL-C3,PERMUTATION_IMPORTANCE_MACRO_F1,4,54,S7:EMAd_0.01,0.01149051892164989,0.0032768545645312282,10,EXECUTED
EXP-XAI-0001,MODEL-C3,PERMUTATION_IMPORTANCE_MACRO_F1,4,55,S7:EMAd_0.1,0.013681504710362979,0.010110603937427423,3,EXECUTED
EXP-XAI-0001,MODEL-C3,PERMUTATION_IMPORTANCE_MACRO_F1,4,56,S8:dR,-0.009813679139561516,0.0064322174136212254,120,EXECUTED
EXP-XAI-0001,MODEL-C3,PERMUTATION_IMPORTANCE_MACRO_F1,4,57,S8:dR_norm,-0.0012545688545688826,0.0015365267704408594,98,EXECUTED
EXP-XAI-0001,MODEL-C3,PERMUTATION_IMPORTANCE_MACRO_F1,4,58,S8:EMAi_0.001,-0.003103580159249142,0.0011352695398624318,114,EXECUTED
EXP-XAI-0001,MODEL-C3,PERMUTATION_IMPORTANCE_MACRO_F1,4,59,S8:EMAi_0.01,0.0010828677433418865,0.0026858497624154785,42,EXECUTED
EXP-XAI-0001,MODEL-C3,PERMUTATION_IMPORTANCE_MACRO_F1,4,60,S8:EMAi_0.1,0.0035632875466718728,0.002685180658569844,29,EXECUTED
EXP-XAI-0001,MODEL-C3,PERMUTATION_IMPORTANCE_MACRO_F1,4,61,S8:EMAd_0.001,0.007600484712570632,0.005685521343075809,15,EXECUTED
EXP-XAI-0001,MODEL-C3,PERMUTATION_IMPORTANCE_MACRO_F1,4,62,S8:EMAd_0.01,0.00826997947097346,0.0037622371955108153,14,EXECUTED
EXP-XAI-0001,MODEL-C3,PERMUTATION_IMPORTANCE_MACRO_F1,4,63,S8:EMAd_0.1,0.013990757034964075,0.011328009754772996,2,EXECUTED
EXP-XAI-0001,MODEL-C3,PERMUTATION_IMPORTANCE_MACRO_F1,4,64,S9:dR,0.00022248941397876588,0.00044497882795753175,68,EXECUTED
EXP-XAI-0001,MODEL-C3,PERMUTATION_IMPORTANCE_MACRO_F1,4,65,S9:dR_norm,0.0032175882896388563,0.007177706256193504,31,EXECUTED
EXP-XAI-0001,MODEL-C3,PERMUTATION_IMPORTANCE_MACRO_F1,4,66,S9:EMAi_0.001,0.00022248941397876588,0.00044497882795753175,69,EXECUTED
EXP-XAI-0001,MODEL-C3,PERMUTATION_IMPORTANCE_MACRO_F1,4,67,S9:EMAi_0.01,0.00022248941397876588,0.00044497882795753175,70,EXECUTED
EXP-XAI-0001,MODEL-C3,PERMUTATION_IMPORTANCE_MACRO_F1,4,68,S9:EMAi_0.1,0.00022248941397876588,0.00044497882795753175,71,EXECUTED
EXP-XAI-0001,MODEL-C3,PERMUTATION_IMPORTANCE_MACRO_F1,4,69,S9:EMAd_0.001,0.0,0.0,78,EXECUTED
EXP-XAI-0001,MODEL-C3,PERMUTATION_IMPORTANCE_MACRO_F1,4,70,S9:EMAd_0.01,0.0,0.0,79,EXECUTED
EXP-XAI-0001,MODEL-C3,PERMUTATION_IMPORTANCE_MACRO_F1,4,71,S9:EMAd_0.1,0.0014497644704341672,0.0023772016908699995,38,EXECUTED
EXP-XAI-0001,MODEL-C3,PERMUTATION_IMPORTANCE_MACRO_F1,4,72,S10:dR,0.00022248941397876588,0.00044497882795753175,72,EXECUTED
EXP-XAI-0001,MODEL-C3,PERMUTATION_IMPORTANCE_MACRO_F1,4,73,S10:dR_norm,0.005115483297046181,0.006286460690945061,20,EXECUTED
EXP-XAI-0001,MODEL-C3,PERMUTATION_IMPORTANCE_MACRO_F1,4,74,S10:EMAi_0.001,0.00022248941397876588,0.00044497882795753175,73,EXECUTED
EXP-XAI-0001,MODEL-C3,PERMUTATION_IMPORTANCE_MACRO_F1,4,75,S10:EMAi_0.01,-9.42698128698627e-06,0.0007185714304452906,82,EXECUTED
EXP-XAI-0001,MODEL-C3,PERMUTATION_IMPORTANCE_MACRO_F1,4,76,S10:EMAi_0.1,-9.42698128698627e-06,0.0007185714304452906,83,EXECUTED
EXP-XAI-0001,MODEL-C3,PERMUTATION_IMPORTANCE_MACRO_F1,4,77,S10:EMAd_0.001,0.0,0.0,80,EXECUTED
EXP-XAI-0001,MODEL-C3,PERMUTATION_IMPORTANCE_MACRO_F1,4,78,S10:EMAd_0.01,0.0,0.0,81,EXECUTED
EXP-XAI-0001,MODEL-C3,PERMUTATION_IMPORTANCE_MACRO_F1,4,79,S10:EMAd_0.1,0.00040104438506344264,0.0008020887701268853,54,EXECUTED
EXP-XAI-0001,MODEL-C3,PERMUTATION_IMPORTANCE_MACRO_F1,4,80,S11:dR,-0.033302540787364054,0.0070031293389171195,128,EXECUTED
EXP-XAI-0001,MODEL-C3,PERMUTATION_IMPORTANCE_MACRO_F1,4,81,S11:dR_norm,-0.003973776434918713,0.004581748104182828,117,EXECUTED
EXP-XAI-0001,MODEL-C3,PERMUTATION_IMPORTANCE_MACRO_F1,4,82,S11:EMAi_0.001,-0.0014959702134804797,0.0015882179702331148,103,EXECUTED
EXP-XAI-0001,MODEL-C3,PERMUTATION_IMPORTANCE_MACRO_F1,4,83,S11:EMAi_0.01,0.0017420392821588914,0.0019480629010313426,35,EXECUTED
EXP-XAI-0001,MODEL-C3,PERMUTATION_IMPORTANCE_MACRO_F1,4,84,S11:EMAi_0.1,0.0008910031064175538,0.002174459088182197,43,EXECUTED
EXP-XAI-0001,MODEL-C3,PERMUTATION_IMPORTANCE_MACRO_F1,4,85,S11:EMAd_0.001,0.0029602739713926575,0.005141084672025074,32,EXECUTED
EXP-XAI-0001,MODEL-C3,PERMUTATION_IMPORTANCE_MACRO_F1,4,86,S11:EMAd_0.01,0.003811526547346977,0.0029085780951460865,27,EXECUTED
EXP-XAI-0001,MODEL-C3,PERMUTATION_IMPORTANCE_MACRO_F1,4,87,S11:EMAd_0.1,0.013640566230440309,0.013424061765720169,4,EXECUTED
EXP-XAI-0001,MODEL-C3,PERMUTATION_IMPORTANCE_MACRO_F1,4,88,S12:dR,-0.029827419292241954,0.010944551541705799,127,EXECUTED
EXP-XAI-0001,MODEL-C3,PERMUTATION_IMPORTANCE_MACRO_F1,4,89,S12:dR_norm,-0.008911848417111618,0.0036290293267710644,119,EXECUTED
EXP-XAI-0001,MODEL-C3,PERMUTATION_IMPORTANCE_MACRO_F1,4,90,S12:EMAi_0.001,-0.0012640538182147275,0.0017010599852103079,99,EXECUTED
EXP-XAI-0001,MODEL-C3,PERMUTATION_IMPORTANCE_MACRO_F1,4,91,S12:EMAi_0.01,0.0011114364602196392,0.0017586942617220573,40,EXECUTED
EXP-XAI-0001,MODEL-C3,PERMUTATION_IMPORTANCE_MACRO_F1,4,92,S12:EMAi_0.1,0.0004596094468372891,0.0023957610419622598,50,EXECUTED
EXP-XAI-0001,MODEL-C3,PERMUTATION_IMPORTANCE_MACRO_F1,4,93,S12:EMAd_0.001,-0.001891338245499169,0.001697558698044606,108,EXECUTED
EXP-XAI-0001,MODEL-C3,PERMUTATION_IMPORTANCE_MACRO_F1,4,94,S12:EMAd_0.01,0.00048054946352814044,0.003752228639848825,49,EXECUTED
EXP-XAI-0001,MODEL-C3,PERMUTATION_IMPORTANCE_MACRO_F1,4,95,S12:EMAd_0.1,0.011941309707308672,0.012440278145271608,8,EXECUTED
EXP-XAI-0001,MODEL-C3,PERMUTATION_IMPORTANCE_MACRO_F1,4,96,S13:dR,-0.0004099509726225192,0.0019953647318150195,90,EXECUTED
EXP-XAI-0001,MODEL-C3,PERMUTATION_IMPORTANCE_MACRO_F1,4,97,S13:dR_norm,-0.00047325977181849054,0.000911214080739149,92,EXECUTED
EXP-XAI-0001,MODEL-C3,PERMUTATION_IMPORTANCE_MACRO_F1,4,98,S13:EMAi_0.001,-0.0027001013171226774,0.0005343816857184748,109,EXECUTED
EXP-XAI-0001,MODEL-C3,PERMUTATION_IMPORTANCE_MACRO_F1,4,99,S13:EMAi_0.01,0.003531723312173585,0.0019751847546064633,30,EXECUTED
EXP-XAI-0001,MODEL-C3,PERMUTATION_IMPORTANCE_MACRO_F1,4,100,S13:EMAi_0.1,-0.002819666863017767,0.0013396323103253827,111,EXECUTED
EXP-XAI-0001,MODEL-C3,PERMUTATION_IMPORTANCE_MACRO_F1,4,101,S13:EMAd_0.001,-0.001659363867874558,0.0018429068184145944,105,EXECUTED
EXP-XAI-0001,MODEL-C3,PERMUTATION_IMPORTANCE_MACRO_F1,4,102,S13:EMAd_0.01,-0.00111180141368461,0.0041814815787180335,97,EXECUTED
EXP-XAI-0001,MODEL-C3,PERMUTATION_IMPORTANCE_MACRO_F1,4,103,S13:EMAd_0.1,0.008365471841613004,0.012901206806906904,13,EXECUTED
EXP-XAI-0001,MODEL-C3,PERMUTATION_IMPORTANCE_MACRO_F1,4,104,S14:dR,-0.0004099509726225192,0.0019953647318150195,91,EXECUTED
EXP-XAI-0001,MODEL-C3,PERMUTATION_IMPORTANCE_MACRO_F1,4,105,S14:dR_norm,-0.0002413433765527384,0.0008527093380442144,87,EXECUTED
EXP-XAI-0001,MODEL-C3,PERMUTATION_IMPORTANCE_MACRO_F1,4,106,S14:EMAi_0.001,-0.0027001013171226774,0.0005343816857184748,110,EXECUTED
EXP-XAI-0001,MODEL-C3,PERMUTATION_IMPORTANCE_MACRO_F1,4,107,S14:EMAi_0.01,0.0007112168902683513,0.002462096837635802,48,EXECUTED
EXP-XAI-0001,MODEL-C3,PERMUTATION_IMPORTANCE_MACRO_F1,4,108,S14:EMAi_0.1,-0.0013900289079424532,0.0011917155583438003,100,EXECUTED
EXP-XAI-0001,MODEL-C3,PERMUTATION_IMPORTANCE_MACRO_F1,4,109,S14:EMAd_0.001,-0.0010320794405901169,0.0017655529593048067,95,EXECUTED
EXP-XAI-0001,MODEL-C3,PERMUTATION_IMPORTANCE_MACRO_F1,4,110,S14:EMAd_0.01,-0.0007370071319354521,0.0028781394230244484,94,EXECUTED
EXP-XAI-0001,MODEL-C3,PERMUTATION_IMPORTANCE_MACRO_F1,4,111,S14:EMAd_0.1,0.012520989926028032,0.013616503704754366,5,EXECUTED
EXP-XAI-0001,MODEL-C3,PERMUTATION_IMPORTANCE_MACRO_F1,4,112,S15:dR,-0.026235118642663525,0.005357082807372978,124,EXECUTED
EXP-XAI-0001,MODEL-C3,PERMUTATION_IMPORTANCE_MACRO_F1,4,113,S15:dR_norm,-0.0031364221364222067,0.0,115,EXECUTED
EXP-XAI-0001,MODEL-C3,PERMUTATION_IMPORTANCE_MACRO_F1,4,114,S15:EMAi_0.001,-0.001454959443840781,0.001428558772690204,101,EXECUTED
EXP-XAI-0001,MODEL-C3,PERMUTATION_IMPORTANCE_MACRO_F1,4,115,S15:EMAi_0.01,0.0058847795120431255,0.001691011354543305,17,EXECUTED
EXP-XAI-0001,MODEL-C3,PERMUTATION_IMPORTANCE_MACRO_F1,4,116,S15:EMAi_0.1,0.005011802909650737,0.0033630234943193725,22,EXECUTED
EXP-XAI-0001,MODEL-C3,PERMUTATION_IMPORTANCE_MACRO_F1,4,117,S15:EMAd_0.001,0.005575349217727471,0.004294595369889425,18,EXECUTED
EXP-XAI-0001,MODEL-C3,PERMUTATION_IMPORTANCE_MACRO_F1,4,118,S15:EMAd_0.01,0.011688883804946277,0.0035788482956393276,9,EXECUTED
EXP-XAI-0001,MODEL-C3,PERMUTATION_IMPORTANCE_MACRO_F1,4,119,S15:EMAd_0.1,0.017082830820308113,0.014164719392960391,1,EXECUTED
EXP-XAI-0001,MODEL-C3,PERMUTATION_IMPORTANCE_MACRO_F1,4,120,S16:dR,-0.029362984733660023,0.007223017048667,125,EXECUTED
EXP-XAI-0001,MODEL-C3,PERMUTATION_IMPORTANCE_MACRO_F1,4,121,S16:dR_norm,-0.0031364221364222067,0.0,116,EXECUTED
EXP-XAI-0001,MODEL-C3,PERMUTATION_IMPORTANCE_MACRO_F1,4,122,S16:EMAi_0.001,-0.0016731198534905456,0.0015776164174626046,106,EXECUTED
EXP-XAI-0001,MODEL-C3,PERMUTATION_IMPORTANCE_MACRO_F1,4,123,S16:EMAi_0.01,0.00509271964081578,0.0019379778684274571,21,EXECUTED
EXP-XAI-0001,MODEL-C3,PERMUTATION_IMPORTANCE_MACRO_F1,4,124,S16:EMAi_0.1,0.004818544085743487,0.0032791119075668155,23,EXECUTED
EXP-XAI-0001,MODEL-C3,PERMUTATION_IMPORTANCE_MACRO_F1,4,125,S16:EMAd_0.001,0.005575349217727471,0.004294595369889425,19,EXECUTED
EXP-XAI-0001,MODEL-C3,PERMUTATION_IMPORTANCE_MACRO_F1,4,126,S16:EMAd_0.01,0.007323418409987248,0.0036894941955849508,16,EXECUTED
EXP-XAI-0001,MODEL-C3,PERMUTATION_IMPORTANCE_MACRO_F1,4,127,S16:EMAd_0.1,0.009105229519386204,0.013866865793350414,11,EXECUTED
EXP-XAI-0001,MODEL-C3,PERMUTATION_IMPORTANCE_MACRO_F1,5,0,S1:dR,0.001510096575943809,0.0018494830366931792,106,EXECUTED
EXP-XAI-0001,MODEL-C3,PERMUTATION_IMPORTANCE_MACRO_F1,5,1,S1:dR_norm,0.017527293543226054,0.0031936712372266263,2,EXECUTED
EXP-XAI-0001,MODEL-C3,PERMUTATION_IMPORTANCE_MACRO_F1,5,2,S1:EMAi_0.001,0.0022651448639157135,0.0018494830366931792,81,EXECUTED
EXP-XAI-0001,MODEL-C3,PERMUTATION_IMPORTANCE_MACRO_F1,5,3,S1:EMAi_0.01,0.0022651448639157135,0.0018494830366931792,82,EXECUTED
EXP-XAI-0001,MODEL-C3,PERMUTATION_IMPORTANCE_MACRO_F1,5,4,S1:EMAi_0.1,0.0022651448639157135,0.0018494830366931792,83,EXECUTED
EXP-XAI-0001,MODEL-C3,PERMUTATION_IMPORTANCE_MACRO_F1,5,5,S1:EMAd_0.001,0.0022651448639157135,0.0018494830366931792,84,EXECUTED
EXP-XAI-0001,MODEL-C3,PERMUTATION_IMPORTANCE_MACRO_F1,5,6,S1:EMAd_0.01,0.0022651448639157135,0.0018494830366931792,85,EXECUTED
EXP-XAI-0001,MODEL-C3,PERMUTATION_IMPORTANCE_MACRO_F1,5,7,S1:EMAd_0.1,0.003081506514642124,0.002924370487662328,69,EXECUTED
EXP-XAI-0001,MODEL-C3,PERMUTATION_IMPORTANCE_MACRO_F1,5,8,S2:dR,0.001510096575943809,0.0018494830366931792,107,EXECUTED
EXP-XAI-0001,MODEL-C3,PERMUTATION_IMPORTANCE_MACRO_F1,5,9,S2:dR_norm,0.02664407795616185,0.005304554021554592,1,EXECUTED
EXP-XAI-0001,MODEL-C3,PERMUTATION_IMPORTANCE_MACRO_F1,5,10,S2:EMAi_0.001,0.0022651448639157135,0.0018494830366931792,86,EXECUTED
EXP-XAI-0001,MODEL-C3,PERMUTATION_IMPORTANCE_MACRO_F1,5,11,S2:EMAi_0.01,0.003020193151887618,0.0015100965759438092,72,EXECUTED
EXP-XAI-0001,MODEL-C3,PERMUTATION_IMPORTANCE_MACRO_F1,5,12,S2:EMAi_0.1,0.003020193151887618,0.0015100965759438092,73,EXECUTED
EXP-XAI-0001,MODEL-C3,PERMUTATION_IMPORTANCE_MACRO_F1,5,13,S2:EMAd_0.001,0.0022651448639157135,0.0018494830366931792,87,EXECUTED
EXP-XAI-0001,MODEL-C3,PERMUTATION_IMPORTANCE_MACRO_F1,5,14,S2:EMAd_0.01,0.0022651448639157135,0.0018494830366931792,88,EXECUTED
EXP-XAI-0001,MODEL-C3,PERMUTATION_IMPORTANCE_MACRO_F1,5,15,S2:EMAd_0.1,0.0050434959530728405,0.0016567431935670823,41,EXECUTED
EXP-XAI-0001,MODEL-C3,PERMUTATION_IMPORTANCE_MACRO_F1,5,16,S3:dR,0.006641390996151492,0.0018376393637247954,27,EXECUTED
EXP-XAI-0001,MODEL-C3,PERMUTATION_IMPORTANCE_MACRO_F1,5,17,S3:dR_norm,0.00477165863663036,0.0017018578646077287,47,EXECUTED
EXP-XAI-0001,MODEL-C3,PERMUTATION_IMPORTANCE_MACRO_F1,5,18,S3:EMAi_0.001,0.006368859343509547,0.0016046121638910026,30,EXECUTED
EXP-XAI-0001,MODEL-C3,PERMUTATION_IMPORTANCE_MACRO_F1,5,19,S3:EMAi_0.01,0.006692475887297528,0.003640515175150056,25,EXECUTED
EXP-XAI-0001,MODEL-C3,PERMUTATION_IMPORTANCE_MACRO_F1,5,20,S3:EMAi_0.1,0.002371548788146033,0.0015065727118450686,80,EXECUTED
EXP-XAI-0001,MODEL-C3,PERMUTATION_IMPORTANCE_MACRO_F1,5,21,S3:EMAd_0.001,0.006518288962130947,0.0019979117715264966,28,EXECUTED
EXP-XAI-0001,MODEL-C3,PERMUTATION_IMPORTANCE_MACRO_F1,5,22,S3:EMAd_0.01,0.00739160412488124,0.0015004262574594973,18,EXECUTED
EXP-XAI-0001,MODEL-C3,PERMUTATION_IMPORTANCE_MACRO_F1,5,23,S3:EMAd_0.1,0.006256624476436057,0.0036838614341787716,31,EXECUTED
EXP-XAI-0001,MODEL-C3,PERMUTATION_IMPORTANCE_MACRO_F1,5,24,S4:dR,0.005891177867421743,0.0018376393637247954,35,EXECUTED
EXP-XAI-0001,MODEL-C3,PERMUTATION_IMPORTANCE_MACRO_F1,5,25,S4:dR_norm,0.00477165863663036,0.0017018578646077287,48,EXECUTED
EXP-XAI-0001,MODEL-C3,PERMUTATION_IMPORTANCE_MACRO_F1,5,26,S4:EMAi_0.001,0.001984196012165851,0.0017907429493482562,101,EXECUTED
EXP-XAI-0001,MODEL-C3,PERMUTATION_IMPORTANCE_MACRO_F1,5,27,S4:EMAi_0.01,0.00639184647278751,0.0021919196518605435,29,EXECUTED
EXP-XAI-0001,MODEL-C3,PERMUTATION_IMPORTANCE_MACRO_F1,5,28,S4:EMAi_0.1,0.0015968432361856688,0.001960529249739894,105,EXECUTED
EXP-XAI-0001,MODEL-C3,PERMUTATION_IMPORTANCE_MACRO_F1,5,29,S4:EMAd_0.001,0.006900806578868973,0.0015742942398506944,22,EXECUTED
EXP-XAI-0001,MODEL-C3,PERMUTATION_IMPORTANCE_MACRO_F1,5,30,S4:EMAd_0.01,0.008142179213397433,0.001178488652385824,12,EXECUTED
EXP-XAI-0001,MODEL-C3,PERMUTATION_IMPORTANCE_MACRO_F1,5,31,S4:EMAd_0.1,0.005100449465096723,0.0017544960396443847,40,EXECUTED
EXP-XAI-0001,MODEL-C3,PERMUTATION_IMPORTANCE_MACRO_F1,5,32,S5:dR,0.001510096575943809,0.0018494830366931792,108,EXECUTED
EXP-XAI-0001,MODEL-C3,PERMUTATION_IMPORTANCE_MACRO_F1,5,33,S5:dR_norm,0.0007550482879719045,0.0015100965759438092,120,EXECUTED
EXP-XAI-0001,MODEL-C3,PERMUTATION_IMPORTANCE_MACRO_F1,5,34,S5:EMAi_0.001,0.004894760670650905,0.0016466981105035861,44,EXECUTED
EXP-XAI-0001,MODEL-C3,PERMUTATION_IMPORTANCE_MACRO_F1,5,35,S5:EMAi_0.01,0.004894760670650905,0.0016466981105035861,45,EXECUTED
EXP-XAI-0001,MODEL-C3,PERMUTATION_IMPORTANCE_MACRO_F1,5,36,S5:EMAi_0.1,0.002255874025493204,0.0041604851790261275,98,EXECUTED
EXP-XAI-0001,MODEL-C3,PERMUTATION_IMPORTANCE_MACRO_F1,5,37,S5:EMAd_0.001,0.0,0.0,124,EXECUTED
EXP-XAI-0001,MODEL-C3,PERMUTATION_IMPORTANCE_MACRO_F1,5,38,S5:EMAd_0.01,0.0,0.0,125,EXECUTED
EXP-XAI-0001,MODEL-C3,PERMUTATION_IMPORTANCE_MACRO_F1,5,39,S5:EMAd_0.1,0.003946859128012087,0.0019787479751170855,62,EXECUTED
EXP-XAI-0001,MODEL-C3,PERMUTATION_IMPORTANCE_MACRO_F1,5,40,S6:dR,0.0007550482879719045,0.001510096575943809,121,EXECUTED
EXP-XAI-0001,MODEL-C3,PERMUTATION_IMPORTANCE_MACRO_F1,5,41,S6:dR_norm,0.001510096575943809,0.0018494830366931792,109,EXECUTED
EXP-XAI-0001,MODEL-C3,PERMUTATION_IMPORTANCE_MACRO_F1,5,42,S6:EMAi_0.001,0.001510096575943809,0.0018494830366931792,110,EXECUTED
EXP-XAI-0001,MODEL-C3,PERMUTATION_IMPORTANCE_MACRO_F1,5,43,S6:EMAi_0.01,0.003168930588889529,0.0027157757483553748,68,EXECUTED
EXP-XAI-0001,MODEL-C3,PERMUTATION_IMPORTANCE_MACRO_F1,5,44,S6:EMAi_0.1,0.004474082135373597,0.0033604837964759608,53,EXECUTED
EXP-XAI-0001,MODEL-C3,PERMUTATION_IMPORTANCE_MACRO_F1,5,45,S6:EMAd_0.001,0.0,0.0,126,EXECUTED
EXP-XAI-0001,MODEL-C3,PERMUTATION_IMPORTANCE_MACRO_F1,5,46,S6:EMAd_0.01,0.0,0.0,127,EXECUTED
EXP-XAI-0001,MODEL-C3,PERMUTATION_IMPORTANCE_MACRO_F1,5,47,S6:EMAd_0.1,0.0019619894384307114,0.0016948782879641874,103,EXECUTED
EXP-XAI-0001,MODEL-C3,PERMUTATION_IMPORTANCE_MACRO_F1,5,48,S7:dR,0.005891177867421743,0.0018376393637247954,36,EXECUTED
EXP-XAI-0001,MODEL-C3,PERMUTATION_IMPORTANCE_MACRO_F1,5,49,S7:dR_norm,0.00477165863663036,0.0017018578646077287,49,EXECUTED
EXP-XAI-0001,MODEL-C3,PERMUTATION_IMPORTANCE_MACRO_F1,5,50,S7:EMAi_0.001,0.0026616588300462816,0.002278815772036007,77,EXECUTED
EXP-XAI-0001,MODEL-C3,PERMUTATION_IMPORTANCE_MACRO_F1,5,51,S7:EMAi_0.01,0.0074448873535185815,0.0019501286239202158,15,EXECUTED
EXP-XAI-0001,MODEL-C3,PERMUTATION_IMPORTANCE_MACRO_F1,5,52,S7:EMAi_0.1,0.002110726875432617,0.0022069069650410577,99,EXECUTED
EXP-XAI-0001,MODEL-C3,PERMUTATION_IMPORTANCE_MACRO_F1,5,53,S7:EMAd_0.001,0.004139712382679001,0.0025850703071550315,58,EXECUTED
EXP-XAI-0001,MODEL-C3,PERMUTATION_IMPORTANCE_MACRO_F1,5,54,S7:EMAd_0.01,0.005768075833401198,0.001951139647132682,38,EXECUTED
EXP-XAI-0001,MODEL-C3,PERMUTATION_IMPORTANCE_MACRO_F1,5,55,S7:EMAd_0.1,0.009079155248794407,0.0026481904514398455,10,EXECUTED
EXP-XAI-0001,MODEL-C3,PERMUTATION_IMPORTANCE_MACRO_F1,5,56,S8:dR,0.0016331986099643535,0.002009699436814927,104,EXECUTED
EXP-XAI-0001,MODEL-C3,PERMUTATION_IMPORTANCE_MACRO_F1,5,57,S8:dR_norm,0.005521871765360109,0.0021391765333738655,39,EXECUTED
EXP-XAI-0001,MODEL-C3,PERMUTATION_IMPORTANCE_MACRO_F1,5,58,S8:EMAi_0.001,0.0026616588300462816,0.002278815772036007,78,EXECUTED
EXP-XAI-0001,MODEL-C3,PERMUTATION_IMPORTANCE_MACRO_F1,5,59,S8:EMAi_0.01,0.007428413803686878,0.0032237356102736777,16,EXECUTED
EXP-XAI-0001,MODEL-C3,PERMUTATION_IMPORTANCE_MACRO_F1,5,60,S8:EMAi_0.1,0.002500628961159479,0.002365273551196304,79,EXECUTED
EXP-XAI-0001,MODEL-C3,PERMUTATION_IMPORTANCE_MACRO_F1,5,61,S8:EMAd_0.001,0.004139712382679001,0.0025850703071550315,59,EXECUTED
EXP-XAI-0001,MODEL-C3,PERMUTATION_IMPORTANCE_MACRO_F1,5,62,S8:EMAd_0.01,0.005891177867421743,0.0018376393637247954,37,EXECUTED
EXP-XAI-0001,MODEL-C3,PERMUTATION_IMPORTANCE_MACRO_F1,5,63,S8:EMAd_0.1,0.00939429101256215,0.003434457190016295,8,EXECUTED
EXP-XAI-0001,MODEL-C3,PERMUTATION_IMPORTANCE_MACRO_F1,5,64,S9:dR,0.0022651448639157135,0.0018494830366931792,89,EXECUTED
EXP-XAI-0001,MODEL-C3,PERMUTATION_IMPORTANCE_MACRO_F1,5,65,S9:dR_norm,0.01277975877283417,0.0045402743745743225,5,EXECUTED
EXP-XAI-0001,MODEL-C3,PERMUTATION_IMPORTANCE_MACRO_F1,5,66,S9:EMAi_0.001,0.0022651448639157135,0.0018494830366931792,90,EXECUTED
EXP-XAI-0001,MODEL-C3,PERMUTATION_IMPORTANCE_MACRO_F1,5,67,S9:EMAi_0.01,0.0022651448639157135,0.0018494830366931792,91,EXECUTED
EXP-XAI-0001,MODEL-C3,PERMUTATION_IMPORTANCE_MACRO_F1,5,68,S9:EMAi_0.1,0.0022651448639157135,0.0018494830366931792,92,EXECUTED
EXP-XAI-0001,MODEL-C3,PERMUTATION_IMPORTANCE_MACRO_F1,5,69,S9:EMAd_0.001,0.0022651448639157135,0.0018494830366931792,93,EXECUTED
EXP-XAI-0001,MODEL-C3,PERMUTATION_IMPORTANCE_MACRO_F1,5,70,S9:EMAd_0.01,0.0022651448639157135,0.0018494830366931792,94,EXECUTED
EXP-XAI-0001,MODEL-C3,PERMUTATION_IMPORTANCE_MACRO_F1,5,71,S9:EMAd_0.1,0.003020193151887618,0.0015100965759438092,74,EXECUTED
EXP-XAI-0001,MODEL-C3,PERMUTATION_IMPORTANCE_MACRO_F1,5,72,S10:dR,0.0007550482879719045,0.001510096575943809,122,EXECUTED
EXP-XAI-0001,MODEL-C3,PERMUTATION_IMPORTANCE_MACRO_F1,5,73,S10:dR_norm,0.010726276661719852,0.004627932487184356,6,EXECUTED
EXP-XAI-0001,MODEL-C3,PERMUTATION_IMPORTANCE_MACRO_F1,5,74,S10:EMAi_0.001,0.001510096575943809,0.0018494830366931792,111,EXECUTED
EXP-XAI-0001,MODEL-C3,PERMUTATION_IMPORTANCE_MACRO_F1,5,75,S10:EMAi_0.01,0.001510096575943809,0.0018494830366931792,112,EXECUTED
EXP-XAI-0001,MODEL-C3,PERMUTATION_IMPORTANCE_MACRO_F1,5,76,S10:EMAi_0.1,0.0022651448639157135,0.0018494830366931792,95,EXECUTED
EXP-XAI-0001,MODEL-C3,PERMUTATION_IMPORTANCE_MACRO_F1,5,77,S10:EMAd_0.001,0.001510096575943809,0.0018494830366931792,113,EXECUTED
EXP-XAI-0001,MODEL-C3,PERMUTATION_IMPORTANCE_MACRO_F1,5,78,S10:EMAd_0.01,0.0022651448639157135,0.0018494830366931792,96,EXECUTED
EXP-XAI-0001,MODEL-C3,PERMUTATION_IMPORTANCE_MACRO_F1,5,79,S10:EMAd_0.1,0.0022651448639157135,0.0018494830366931792,97,EXECUTED
EXP-XAI-0001,MODEL-C3,PERMUTATION_IMPORTANCE_MACRO_F1,5,80,S11:dR,0.002882440183837437,0.003847249702319342,75,EXECUTED
EXP-XAI-0001,MODEL-C3,PERMUTATION_IMPORTANCE_MACRO_F1,5,81,S11:dR_norm,0.004016610348658456,0.0025848400447725127,60,EXECUTED
EXP-XAI-0001,MODEL-C3,PERMUTATION_IMPORTANCE_MACRO_F1,5,82,S11:EMAi_0.001,0.003234782856535651,0.0033128304536250543,67,EXECUTED
EXP-XAI-0001,MODEL-C3,PERMUTATION_IMPORTANCE_MACRO_F1,5,83,S11:EMAi_0.01,0.009155228106605772,0.0029949039392686136,9,EXECUTED
EXP-XAI-0001,MODEL-C3,PERMUTATION_IMPORTANCE_MACRO_F1,5,84,S11:EMAi_0.1,0.0028259909603796153,0.0016433693715592753,76,EXECUTED
EXP-XAI-0001,MODEL-C3,PERMUTATION_IMPORTANCE_MACRO_F1,5,85,S11:EMAd_0.001,0.007019114297321044,0.0014991264532084455,19,EXECUTED
EXP-XAI-0001,MODEL-C3,PERMUTATION_IMPORTANCE_MACRO_F1,5,86,S11:EMAd_0.01,0.007391966084667684,0.0019080507204589175,17,EXECUTED
EXP-XAI-0001,MODEL-C3,PERMUTATION_IMPORTANCE_MACRO_F1,5,87,S11:EMAd_0.1,0.007002265859194262,0.003950807032747975,21,EXECUTED
EXP-XAI-0001,MODEL-C3,PERMUTATION_IMPORTANCE_MACRO_F1,5,88,S12:dR,-0.0022857240420417813,0.004554305226587349,128,EXECUTED
EXP-XAI-0001,MODEL-C3,PERMUTATION_IMPORTANCE_MACRO_F1,5,89,S12:dR_norm,0.00477165863663036,0.0017018578646077287,50,EXECUTED
EXP-XAI-0001,MODEL-C3,PERMUTATION_IMPORTANCE_MACRO_F1,5,90,S12:EMAi_0.001,0.001984196012165851,0.0017907429493482562,102,EXECUTED
EXP-XAI-0001,MODEL-C3,PERMUTATION_IMPORTANCE_MACRO_F1,5,91,S12:EMAi_0.01,0.0020038532761543102,0.0013335285215285064,100,EXECUTED
EXP-XAI-0001,MODEL-C3,PERMUTATION_IMPORTANCE_MACRO_F1,5,92,S12:EMAi_0.1,0.0007550482879719045,0.001510096575943809,123,EXECUTED
EXP-XAI-0001,MODEL-C3,PERMUTATION_IMPORTANCE_MACRO_F1,5,93,S12:EMAd_0.001,0.006145799134570751,0.001826786957114168,33,EXECUTED
EXP-XAI-0001,MODEL-C3,PERMUTATION_IMPORTANCE_MACRO_F1,5,94,S12:EMAd_0.01,0.007019114297321044,0.0014991264532084455,20,EXECUTED
EXP-XAI-0001,MODEL-C3,PERMUTATION_IMPORTANCE_MACRO_F1,5,95,S12:EMAd_0.1,0.006769252429480566,0.004336749466627121,24,EXECUTED
EXP-XAI-0001,MODEL-C3,PERMUTATION_IMPORTANCE_MACRO_F1,5,96,S13:dR,0.0041445475419211565,0.00030153716964906996,56,EXECUTED
EXP-XAI-0001,MODEL-C3,PERMUTATION_IMPORTANCE_MACRO_F1,5,97,S13:dR_norm,0.003472086014374526,0.0019441250396202883,63,EXECUTED
EXP-XAI-0001,MODEL-C3,PERMUTATION_IMPORTANCE_MACRO_F1,5,98,S13:EMAi_0.001,0.004894760670650905,0.0016466981105035861,46,EXECUTED
EXP-XAI-0001,MODEL-C3,PERMUTATION_IMPORTANCE_MACRO_F1,5,99,S13:EMAi_0.01,0.008556211234883777,0.003920906604018622,11,EXECUTED
EXP-XAI-0001,MODEL-C3,PERMUTATION_IMPORTANCE_MACRO_F1,5,100,S13:EMAi_0.1,0.0044187063800913695,0.0037033851349922804,54,EXECUTED
EXP-XAI-0001,MODEL-C3,PERMUTATION_IMPORTANCE_MACRO_F1,5,101,S13:EMAd_0.001,0.001510096575943809,0.0018494830366931792,114,EXECUTED
EXP-XAI-0001,MODEL-C3,PERMUTATION_IMPORTANCE_MACRO_F1,5,102,S13:EMAd_0.01,0.001510096575943809,0.0018494830366931792,115,EXECUTED
EXP-XAI-0001,MODEL-C3,PERMUTATION_IMPORTANCE_MACRO_F1,5,103,S13:EMAd_0.1,0.004362960439635794,0.004063237614616919,55,EXECUTED
EXP-XAI-0001,MODEL-C3,PERMUTATION_IMPORTANCE_MACRO_F1,5,104,S14:dR,0.003266397219928707,0.001656233151911129,66,EXECUTED
EXP-XAI-0001,MODEL-C3,PERMUTATION_IMPORTANCE_MACRO_F1,5,105,S14:dR_norm,0.003472086014374526,0.0019441250396202883,64,EXECUTED
EXP-XAI-0001,MODEL-C3,PERMUTATION_IMPORTANCE_MACRO_F1,5,106,S14:EMAi_0.001,0.0041445475419211565,0.00030153716964906996,57,EXECUTED
EXP-XAI-0001,MODEL-C3,PERMUTATION_IMPORTANCE_MACRO_F1,5,107,S14:EMAi_0.01,0.007506305242905043,0.0031706301864543036,14,EXECUTED
EXP-XAI-0001,MODEL-C3,PERMUTATION_IMPORTANCE_MACRO_F1,5,108,S14:EMAi_0.1,0.006885451949271931,0.00432709358738422,23,EXECUTED
EXP-XAI-0001,MODEL-C3,PERMUTATION_IMPORTANCE_MACRO_F1,5,109,S14:EMAd_0.001,0.001510096575943809,0.0018494830366931792,116,EXECUTED
EXP-XAI-0001,MODEL-C3,PERMUTATION_IMPORTANCE_MACRO_F1,5,110,S14:EMAd_0.01,0.001510096575943809,0.0018494830366931792,117,EXECUTED
EXP-XAI-0001,MODEL-C3,PERMUTATION_IMPORTANCE_MACRO_F1,5,111,S14:EMAd_0.1,0.003946859128012093,0.003292849285079434,61,EXECUTED
EXP-XAI-0001,MODEL-C3,PERMUTATION_IMPORTANCE_MACRO_F1,5,112,S15:dR,0.001510096575943809,0.0018494830366931792,118,EXECUTED
EXP-XAI-0001,MODEL-C3,PERMUTATION_IMPORTANCE_MACRO_F1,5,113,S15:dR_norm,0.00477165863663036,0.0017018578646077287,51,EXECUTED
EXP-XAI-0001,MODEL-C3,PERMUTATION_IMPORTANCE_MACRO_F1,5,114,S15:EMAi_0.001,0.003031481002911357,0.0028245999935769144,70,EXECUTED
EXP-XAI-0001,MODEL-C3,PERMUTATION_IMPORTANCE_MACRO_F1,5,115,S15:EMAi_0.01,0.013118421638125688,0.002749654041007207,4,EXECUTED
EXP-XAI-0001,MODEL-C3,PERMUTATION_IMPORTANCE_MACRO_F1,5,116,S15:EMAi_0.1,0.013278859355011014,0.003023301167061484,3,EXECUTED
EXP-XAI-0001,MODEL-C3,PERMUTATION_IMPORTANCE_MACRO_F1,5,117,S15:EMAd_0.001,0.0050130275454292935,0.003016075261892615,42,EXECUTED
EXP-XAI-0001,MODEL-C3,PERMUTATION_IMPORTANCE_MACRO_F1,5,118,S15:EMAd_0.01,0.006646624469760848,0.0014021354956184173,26,EXECUTED
EXP-XAI-0001,MODEL-C3,PERMUTATION_IMPORTANCE_MACRO_F1,5,119,S15:EMAd_0.1,0.005963170599430434,0.0025435934477352363,34,EXECUTED
EXP-XAI-0001,MODEL-C3,PERMUTATION_IMPORTANCE_MACRO_F1,5,120,S16:dR,0.001510096575943809,0.0018494830366931792,119,EXECUTED
EXP-XAI-0001,MODEL-C3,PERMUTATION_IMPORTANCE_MACRO_F1,5,121,S16:dR_norm,0.00477165863663036,0.0017018578646077287,52,EXECUTED
EXP-XAI-0001,MODEL-C3,PERMUTATION_IMPORTANCE_MACRO_F1,5,122,S16:EMAi_0.001,0.003031481002911357,0.0028245999935769144,71,EXECUTED
EXP-XAI-0001,MODEL-C3,PERMUTATION_IMPORTANCE_MACRO_F1,5,123,S16:EMAi_0.01,0.007787586079608294,0.0023935826524253893,13,EXECUTED
EXP-XAI-0001,MODEL-C3,PERMUTATION_IMPORTANCE_MACRO_F1,5,124,S16:EMAi_0.1,0.010224111444504492,0.001184762335461906,7,EXECUTED
EXP-XAI-0001,MODEL-C3,PERMUTATION_IMPORTANCE_MACRO_F1,5,125,S16:EMAd_0.001,0.0033846640947070962,0.0030843745694053653,65,EXECUTED
EXP-XAI-0001,MODEL-C3,PERMUTATION_IMPORTANCE_MACRO_F1,5,126,S16:EMAd_0.01,0.0050130275454292935,0.003016075261892615,43,EXECUTED
EXP-XAI-0001,MODEL-C3,PERMUTATION_IMPORTANCE_MACRO_F1,5,127,S16:EMAd_0.1,0.006213334446983787,0.0041516616711928175,32,EXECUTED
EXP-XAI-0001,MODEL-C3,PERMUTATION_IMPORTANCE_MACRO_F1,6,0,S1:dR,0.0003509863741653574,0.000499243814036978,27,EXECUTED
EXP-XAI-0001,MODEL-C3,PERMUTATION_IMPORTANCE_MACRO_F1,6,1,S1:dR_norm,0.00640084826976352,0.0006537697034327468,4,EXECUTED
EXP-XAI-0001,MODEL-C3,PERMUTATION_IMPORTANCE_MACRO_F1,6,2,S1:EMAi_0.001,0.0003172327795356089,0.0004054286064740424,29,EXECUTED
EXP-XAI-0001,MODEL-C3,PERMUTATION_IMPORTANCE_MACRO_F1,6,3,S1:EMAi_0.01,0.0003431638849221874,0.0003381813287773205,28,EXECUTED
EXP-XAI-0001,MODEL-C3,PERMUTATION_IMPORTANCE_MACRO_F1,6,4,S1:EMAi_0.1,-0.0002458842911693071,0.00025033964139204584,42,EXECUTED
EXP-XAI-0001,MODEL-C3,PERMUTATION_IMPORTANCE_MACRO_F1,6,5,S1:EMAd_0.001,0.0002493554071798243,0.00046110506570986334,30,EXECUTED
EXP-XAI-0001,MODEL-C3,PERMUTATION_IMPORTANCE_MACRO_F1,6,6,S1:EMAd_0.01,-0.0002026680154314009,0.0003847012117178867,40,EXECUTED
EXP-XAI-0001,MODEL-C3,PERMUTATION_IMPORTANCE_MACRO_F1,6,7,S1:EMAd_0.1,-0.0004710988242747793,0.0005142955347711731,46,EXECUTED
EXP-XAI-0001,MODEL-C3,PERMUTATION_IMPORTANCE_MACRO_F1,6,8,S2:dR,0.0001853902623294712,0.0004967687878377092,33,EXECUTED
EXP-XAI-0001,MODEL-C3,PERMUTATION_IMPORTANCE_MACRO_F1,6,9,S2:dR_norm,0.003760096759015186,0.0012045777965742517,8,EXECUTED
EXP-XAI-0001,MODEL-C3,PERMUTATION_IMPORTANCE_MACRO_F1,6,10,S2:EMAi_0.001,0.00013617505747733348,0.00037166585968564594,34,EXECUTED
EXP-XAI-0001,MODEL-C3,PERMUTATION_IMPORTANCE_MACRO_F1,6,11,S2:EMAi_0.01,0.00021721008949857624,0.0003457483955011025,31,EXECUTED
EXP-XAI-0001,MODEL-C3,PERMUTATION_IMPORTANCE_MACRO_F1,6,12,S2:EMAi_0.1,-0.00031071459896913066,0.0005850438302974203,45,EXECUTED
EXP-XAI-0001,MODEL-C3,PERMUTATION_IMPORTANCE_MACRO_F1,6,13,S2:EMAd_0.001,-5.885070084005184e-06,0.0005157629819364418,39,EXECUTED
EXP-XAI-0001,MODEL-C3,PERMUTATION_IMPORTANCE_MACRO_F1,6,14,S2:EMAd_0.01,-0.0002423245337181079,0.00045398431746416525,41,EXECUTED
EXP-XAI-0001,MODEL-C3,PERMUTATION_IMPORTANCE_MACRO_F1,6,15,S2:EMAd_0.1,-0.0019408161392183044,0.0005776351880090824,68,EXECUTED
EXP-XAI-0001,MODEL-C3,PERMUTATION_IMPORTANCE_MACRO_F1,6,16,S3:dR,-0.005598108132257873,0.0010629499345522302,86,EXECUTED
EXP-XAI-0001,MODEL-C3,PERMUTATION_IMPORTANCE_MACRO_F1,6,17,S3:dR_norm,-0.0013640875782619465,0.00033857414148699596,64,EXECUTED
EXP-XAI-0001,MODEL-C3,PERMUTATION_IMPORTANCE_MACRO_F1,6,18,S3:EMAi_0.001,-0.00874313849629465,0.0006227196571704084,109,EXECUTED
EXP-XAI-0001,MODEL-C3,PERMUTATION_IMPORTANCE_MACRO_F1,6,19,S3:EMAi_0.01,-0.015465591477302865,0.000923749705798703,123,EXECUTED
EXP-XAI-0001,MODEL-C3,PERMUTATION_IMPORTANCE_MACRO_F1,6,20,S3:EMAi_0.1,-0.004626956134573468,0.0010016834554607676,79,EXECUTED
EXP-XAI-0001,MODEL-C3,PERMUTATION_IMPORTANCE_MACRO_F1,6,21,S3:EMAd_0.001,-0.004279883553152369,0.0014919451873960838,76,EXECUTED
EXP-XAI-0001,MODEL-C3,PERMUTATION_IMPORTANCE_MACRO_F1,6,22,S3:EMAd_0.01,-0.0035923096307440617,0.0014142174568997836,74,EXECUTED
EXP-XAI-0001,MODEL-C3,PERMUTATION_IMPORTANCE_MACRO_F1,6,23,S3:EMAd_0.1,-0.005288151702044358,0.0013017469811573616,84,EXECUTED
EXP-XAI-0001,MODEL-C3,PERMUTATION_IMPORTANCE_MACRO_F1,6,24,S4:dR,-0.005897158921901019,0.0010367203354186636,90,EXECUTED
EXP-XAI-0001,MODEL-C3,PERMUTATION_IMPORTANCE_MACRO_F1,6,25,S4:dR_norm,-0.0019467527721223066,0.00043405166067733583,69,EXECUTED
EXP-XAI-0001,MODEL-C3,PERMUTATION_IMPORTANCE_MACRO_F1,6,26,S4:EMAi_0.001,-0.006069773707475412,0.00048111358895739547,93,EXECUTED
EXP-XAI-0001,MODEL-C3,PERMUTATION_IMPORTANCE_MACRO_F1,6,27,S4:EMAi_0.01,-0.012058773620802533,0.0008720284991077557,116,EXECUTED
EXP-XAI-0001,MODEL-C3,PERMUTATION_IMPORTANCE_MACRO_F1,6,28,S4:EMAi_0.1,-0.0023492278110930076,0.0010972015789925964,71,EXECUTED
EXP-XAI-0001,MODEL-C3,PERMUTATION_IMPORTANCE_MACRO_F1,6,29,S4:EMAd_0.001,-0.00510702893899444,0.0012168607775207467,82,EXECUTED
EXP-XAI-0001,MODEL-C3,PERMUTATION_IMPORTANCE_MACRO_F1,6,30,S4:EMAd_0.01,-0.004606040758646635,0.0012048221297923367,78,EXECUTED
EXP-XAI-0001,MODEL-C3,PERMUTATION_IMPORTANCE_MACRO_F1,6,31,S4:EMAd_0.1,-0.005453799524244152,0.0010451664840002957,85,EXECUTED
EXP-XAI-0001,MODEL-C3,PERMUTATION_IMPORTANCE_MACRO_F1,6,32,S5:dR,-0.0004800522096530979,0.0004703993828124089,47,EXECUTED
EXP-XAI-0001,MODEL-C3,PERMUTATION_IMPORTANCE_MACRO_F1,6,33,S5:dR_norm,8.688782943518935e-05,0.00027467168604955184,37,EXECUTED
EXP-XAI-0001,MODEL-C3,PERMUTATION_IMPORTANCE_MACRO_F1,6,34,S5:EMAi_0.001,-0.0018699642166959073,0.0006043268902203941,66,EXECUTED
EXP-XAI-0001,MODEL-C3,PERMUTATION_IMPORTANCE_MACRO_F1,6,35,S5:EMAi_0.01,-0.009972913282027835,0.0009216098894308186,110,EXECUTED
EXP-XAI-0001,MODEL-C3,PERMUTATION_IMPORTANCE_MACRO_F1,6,36,S5:EMAi_0.1,-0.0009170605838688062,0.0008571370491992787,58,EXECUTED
EXP-XAI-0001,MODEL-C3,PERMUTATION_IMPORTANCE_MACRO_F1,6,37,S5:EMAd_0.001,-0.0008067309010764912,0.00034442048480356005,52,EXECUTED
EXP-XAI-0001,MODEL-C3,PERMUTATION_IMPORTANCE_MACRO_F1,6,38,S5:EMAd_0.01,-0.000707013187000577,0.00016428475098431727,50,EXECUTED
EXP-XAI-0001,MODEL-C3,PERMUTATION_IMPORTANCE_MACRO_F1,6,39,S5:EMAd_0.1,-0.001351450366344531,0.0007429728518236709,63,EXECUTED
EXP-XAI-0001,MODEL-C3,PERMUTATION_IMPORTANCE_MACRO_F1,6,40,S6:dR,0.00011829066704895364,0.0002595401916053432,35,EXECUTED
EXP-XAI-0001,MODEL-C3,PERMUTATION_IMPORTANCE_MACRO_F1,6,41,S6:dR_norm,-0.00030461861660122656,0.0005908641874066665,44,EXECUTED
EXP-XAI-0001,MODEL-C3,PERMUTATION_IMPORTANCE_MACRO_F1,6,42,S6:EMAi_0.001,-0.002951964086474812,0.0005574709850403148,72,EXECUTED
EXP-XAI-0001,MODEL-C3,PERMUTATION_IMPORTANCE_MACRO_F1,6,43,S6:EMAi_0.01,-0.013244049006065971,0.0005223423035263433,120,EXECUTED
EXP-XAI-0001,MODEL-C3,PERMUTATION_IMPORTANCE_MACRO_F1,6,44,S6:EMAi_0.1,-0.0010933674107245829,0.0007003451031114085,59,EXECUTED
EXP-XAI-0001,MODEL-C3,PERMUTATION_IMPORTANCE_MACRO_F1,6,45,S6:EMAd_0.001,-0.0009059981657017103,0.00020191547447290164,57,EXECUTED
EXP-XAI-0001,MODEL-C3,PERMUTATION_IMPORTANCE_MACRO_F1,6,46,S6:EMAd_0.01,-0.0011746415321908232,0.0002662021581056427,60,EXECUTED
EXP-XAI-0001,MODEL-C3,PERMUTATION_IMPORTANCE_MACRO_F1,6,47,S6:EMAd_0.1,0.0019035682852576342,0.0008697219466383813,11,EXECUTED
EXP-XAI-0001,MODEL-C3,PERMUTATION_IMPORTANCE_MACRO_F1,6,48,S7:dR,-0.006651285565464954,0.0011462619185883202,97,EXECUTED
EXP-XAI-0001,MODEL-C3,PERMUTATION_IMPORTANCE_MACRO_F1,6,49,S7:dR_norm,-0.0008308557416111861,0.000465587314297157,54,EXECUTED
EXP-XAI-0001,MODEL-C3,PERMUTATION_IMPORTANCE_MACRO_F1,6,50,S7:EMAi_0.001,-0.011257820174729899,0.0006034032321714654,113,EXECUTED
EXP-XAI-0001,MODEL-C3,PERMUTATION_IMPORTANCE_MACRO_F1,6,51,S7:EMAi_0.01,-0.01631605043969674,0.002080453127739444,124,EXECUTED
EXP-XAI-0001,MODEL-C3,PERMUTATION_IMPORTANCE_MACRO_F1,6,52,S7:EMAi_0.1,-0.0076982932451350235,0.0009170403320683936,107,EXECUTED
EXP-XAI-0001,MODEL-C3,PERMUTATION_IMPORTANCE_MACRO_F1,6,53,S7:EMAd_0.001,-0.005831517374909734,0.0008986201318147642,89,EXECUTED
EXP-XAI-0001,MODEL-C3,PERMUTATION_IMPORTANCE_MACRO_F1,6,54,S7:EMAd_0.01,-0.0059130563697409825,0.0009896852739146027,91,EXECUTED
EXP-XAI-0001,MODEL-C3,PERMUTATION_IMPORTANCE_MACRO_F1,6,55,S7:EMAd_0.1,-0.005788489208127273,0.0009214214961258541,88,EXECUTED
EXP-XAI-0001,MODEL-C3,PERMUTATION_IMPORTANCE_MACRO_F1,6,56,S8:dR,-0.007248371325785941,0.0010704821668392054,103,EXECUTED
EXP-XAI-0001,MODEL-C3,PERMUTATION_IMPORTANCE_MACRO_F1,6,57,S8:dR_norm,-0.0008809097058500359,0.0004888674412231671,56,EXECUTED
EXP-XAI-0001,MODEL-C3,PERMUTATION_IMPORTANCE_MACRO_F1,6,58,S8:EMAi_0.001,-0.010679191492206525,0.0007275453993921868,111,EXECUTED
EXP-XAI-0001,MODEL-C3,PERMUTATION_IMPORTANCE_MACRO_F1,6,59,S8:EMAi_0.01,-0.014513750476013516,0.0018494246542763296,121,EXECUTED
EXP-XAI-0001,MODEL-C3,PERMUTATION_IMPORTANCE_MACRO_F1,6,60,S8:EMAi_0.1,-0.007592961393703223,0.00021750281575636633,105,EXECUTED
EXP-XAI-0001,MODEL-C3,PERMUTATION_IMPORTANCE_MACRO_F1,6,61,S8:EMAd_0.001,-0.006531835355661842,0.0011928045417738834,95,EXECUTED
EXP-XAI-0001,MODEL-C3,PERMUTATION_IMPORTANCE_MACRO_F1,6,62,S8:EMAd_0.01,-0.006563424986689548,0.0010367033713555404,96,EXECUTED
EXP-XAI-0001,MODEL-C3,PERMUTATION_IMPORTANCE_MACRO_F1,6,63,S8:EMAd_0.1,-0.0074256054386974525,0.001174010477903398,104,EXECUTED
EXP-XAI-0001,MODEL-C3,PERMUTATION_IMPORTANCE_MACRO_F1,6,64,S9:dR,0.0005779102087502153,0.000331569846822824,24,EXECUTED
EXP-XAI-0001,MODEL-C3,PERMUTATION_IMPORTANCE_MACRO_F1,6,65,S9:dR_norm,0.0024972789882909243,0.000558179534980918,10,EXECUTED
EXP-XAI-0001,MODEL-C3,PERMUTATION_IMPORTANCE_MACRO_F1,6,66,S9:EMAi_0.001,0.0007115811218577183,0.00027698384620300194,20,EXECUTED
EXP-XAI-0001,MODEL-C3,PERMUTATION_IMPORTANCE_MACRO_F1,6,67,S9:EMAi_0.01,0.0007510785627411421,0.0002565093070258743,18,EXECUTED
EXP-XAI-0001,MODEL-C3,PERMUTATION_IMPORTANCE_MACRO_F1,6,68,S9:EMAi_0.1,0.00047205001328579077,0.00026916683796081173,26,EXECUTED
EXP-XAI-0001,MODEL-C3,PERMUTATION_IMPORTANCE_MACRO_F1,6,69,S9:EMAd_0.001,0.0008039980265988234,0.00046080204729289617,15,EXECUTED
EXP-XAI-0001,MODEL-C3,PERMUTATION_IMPORTANCE_MACRO_F1,6,70,S9:EMAd_0.01,0.0007330931987011901,0.00046595224359918764,19,EXECUTED
EXP-XAI-0001,MODEL-C3,PERMUTATION_IMPORTANCE_MACRO_F1,6,71,S9:EMAd_0.1,-0.0005133195714930372,0.000424637516018106,48,EXECUTED
EXP-XAI-0001,MODEL-C3,PERMUTATION_IMPORTANCE_MACRO_F1,6,72,S10:dR,0.0006228951827292994,0.00025264204605439486,23,EXECUTED
EXP-XAI-0001,MODEL-C3,PERMUTATION_IMPORTANCE_MACRO_F1,6,73,S10:dR_norm,0.003625703103486394,0.0008893720681895824,9,EXECUTED
EXP-XAI-0001,MODEL-C3,PERMUTATION_IMPORTANCE_MACRO_F1,6,74,S10:EMAi_0.001,0.0007594151353277623,0.0002659059477494043,17,EXECUTED
EXP-XAI-0001,MODEL-C3,PERMUTATION_IMPORTANCE_MACRO_F1,6,75,S10:EMAi_0.01,0.0007699172947785271,0.0002570117446388637,16,EXECUTED
EXP-XAI-0001,MODEL-C3,PERMUTATION_IMPORTANCE_MACRO_F1,6,76,S10:EMAi_0.1,0.0006486114661410525,0.00035235566132581,22,EXECUTED
EXP-XAI-0001,MODEL-C3,PERMUTATION_IMPORTANCE_MACRO_F1,6,77,S10:EMAd_0.001,0.0008437773789778558,0.0005013647709519662,13,EXECUTED
EXP-XAI-0001,MODEL-C3,PERMUTATION_IMPORTANCE_MACRO_F1,6,78,S10:EMAd_0.01,0.0005178194471469666,0.0003705187556227419,25,EXECUTED
EXP-XAI-0001,MODEL-C3,PERMUTATION_IMPORTANCE_MACRO_F1,6,79,S10:EMAd_0.1,0.0001947027700163084,0.00023914105197938616,32,EXECUTED
EXP-XAI-0001,MODEL-C3,PERMUTATION_IMPORTANCE_MACRO_F1,6,80,S11:dR,-0.011983650138650432,0.0007220427504480762,115,EXECUTED
EXP-XAI-0001,MODEL-C3,PERMUTATION_IMPORTANCE_MACRO_F1,6,81,S11:dR_norm,-0.002225468138184916,0.00021291640828646,70,EXECUTED
EXP-XAI-0001,MODEL-C3,PERMUTATION_IMPORTANCE_MACRO_F1,6,82,S11:EMAi_0.001,-0.008735824391425224,0.0008148257117726683,108,EXECUTED
EXP-XAI-0001,MODEL-C3,PERMUTATION_IMPORTANCE_MACRO_F1,6,83,S11:EMAi_0.01,-0.014663864911347673,0.0011250450179110456,122,EXECUTED
EXP-XAI-0001,MODEL-C3,PERMUTATION_IMPORTANCE_MACRO_F1,6,84,S11:EMAi_0.1,-0.007035113623421635,0.0008413715427370298,100,EXECUTED
EXP-XAI-0001,MODEL-C3,PERMUTATION_IMPORTANCE_MACRO_F1,6,85,S11:EMAd_0.001,-0.0047497033391731055,0.0010436495694394882,81,EXECUTED
EXP-XAI-0001,MODEL-C3,PERMUTATION_IMPORTANCE_MACRO_F1,6,86,S11:EMAd_0.01,-0.004165524390746067,0.0009933546344368229,75,EXECUTED
EXP-XAI-0001,MODEL-C3,PERMUTATION_IMPORTANCE_MACRO_F1,6,87,S11:EMAd_0.1,-0.0044039377665497535,0.000660039771758643,77,EXECUTED
EXP-XAI-0001,MODEL-C3,PERMUTATION_IMPORTANCE_MACRO_F1,6,88,S12:dR,-0.012415724233047593,0.0014737045769729644,117,EXECUTED
EXP-XAI-0001,MODEL-C3,PERMUTATION_IMPORTANCE_MACRO_F1,6,89,S12:dR_norm,-0.0018825565858282879,0.0003594969077364498,67,EXECUTED
EXP-XAI-0001,MODEL-C3,PERMUTATION_IMPORTANCE_MACRO_F1,6,90,S12:EMAi_0.001,-0.004673782925382913,0.0008375977410951954,80,EXECUTED
EXP-XAI-0001,MODEL-C3,PERMUTATION_IMPORTANCE_MACRO_F1,6,91,S12:EMAi_0.01,-0.007633511891297457,0.0008547932959859008,106,EXECUTED
EXP-XAI-0001,MODEL-C3,PERMUTATION_IMPORTANCE_MACRO_F1,6,92,S12:EMAi_0.1,-0.0007389752122617998,0.0007001030573464262,51,EXECUTED
EXP-XAI-0001,MODEL-C3,PERMUTATION_IMPORTANCE_MACRO_F1,6,93,S12:EMAd_0.001,-0.005999925018569152,0.001180167546206513,92,EXECUTED
EXP-XAI-0001,MODEL-C3,PERMUTATION_IMPORTANCE_MACRO_F1,6,94,S12:EMAd_0.01,-0.005194936235611508,0.0011423148364557935,83,EXECUTED
EXP-XAI-0001,MODEL-C3,PERMUTATION_IMPORTANCE_MACRO_F1,6,95,S12:EMAd_0.1,-0.0034935172510661915,0.0006859736234310616,73,EXECUTED
EXP-XAI-0001,MODEL-C3,PERMUTATION_IMPORTANCE_MACRO_F1,6,96,S13:dR,0.0007079920450802912,0.0007822185750089716,21,EXECUTED
EXP-XAI-0001,MODEL-C3,PERMUTATION_IMPORTANCE_MACRO_F1,6,97,S13:dR_norm,-0.00027402269659627666,7.215189954566058e-05,43,EXECUTED
EXP-XAI-0001,MODEL-C3,PERMUTATION_IMPORTANCE_MACRO_F1,6,98,S13:EMAi_0.001,0.0044290470014185955,0.0006666179817156215,6,EXECUTED
EXP-XAI-0001,MODEL-C3,PERMUTATION_IMPORTANCE_MACRO_F1,6,99,S13:EMAi_0.01,0.006399342046890866,0.0014386299579586875,5,EXECUTED
EXP-XAI-0001,MODEL-C3,PERMUTATION_IMPORTANCE_MACRO_F1,6,100,S13:EMAi_0.1,0.010818144368787353,0.0007015311843466883,1,EXECUTED
EXP-XAI-0001,MODEL-C3,PERMUTATION_IMPORTANCE_MACRO_F1,6,101,S13:EMAd_0.001,-0.0007017239531457553,0.00024131228387703381,49,EXECUTED
EXP-XAI-0001,MODEL-C3,PERMUTATION_IMPORTANCE_MACRO_F1,6,102,S13:EMAd_0.01,-0.0012840470245870262,0.00027638024836923214,62,EXECUTED
EXP-XAI-0001,MODEL-C3,PERMUTATION_IMPORTANCE_MACRO_F1,6,103,S13:EMAd_0.1,0.0012261530273021237,0.0004937138492882802,12,EXECUTED
EXP-XAI-0001,MODEL-C3,PERMUTATION_IMPORTANCE_MACRO_F1,6,104,S14:dR,9.538439632648665e-05,0.0007690685276654567,36,EXECUTED
EXP-XAI-0001,MODEL-C3,PERMUTATION_IMPORTANCE_MACRO_F1,6,105,S14:dR_norm,1.1923818128978249e-07,0.00040631481331430004,38,EXECUTED
EXP-XAI-0001,MODEL-C3,PERMUTATION_IMPORTANCE_MACRO_F1,6,106,S14:EMAi_0.001,0.0037949420288216408,0.0006666556440522346,7,EXECUTED
EXP-XAI-0001,MODEL-C3,PERMUTATION_IMPORTANCE_MACRO_F1,6,107,S14:EMAi_0.01,0.00653469359475895,0.0006058763581601286,3,EXECUTED
EXP-XAI-0001,MODEL-C3,PERMUTATION_IMPORTANCE_MACRO_F1,6,108,S14:EMAi_0.1,0.008518647800010853,0.0005489245739497067,2,EXECUTED
EXP-XAI-0001,MODEL-C3,PERMUTATION_IMPORTANCE_MACRO_F1,6,109,S14:EMAd_0.001,-0.0008465131658169312,0.00024323398880313982,55,EXECUTED
EXP-XAI-0001,MODEL-C3,PERMUTATION_IMPORTANCE_MACRO_F1,6,110,S14:EMAd_0.01,-0.0008278113585377001,0.00024139654151417365,53,EXECUTED
EXP-XAI-0001,MODEL-C3,PERMUTATION_IMPORTANCE_MACRO_F1,6,111,S14:EMAd_0.1,0.0008287287938249122,0.00036869173829394533,14,EXECUTED
EXP-XAI-0001,MODEL-C3,PERMUTATION_IMPORTANCE_MACRO_F1,6,112,S15:dR,-0.011192141902563568,0.0007727612880279672,112,EXECUTED
EXP-XAI-0001,MODEL-C3,PERMUTATION_IMPORTANCE_MACRO_F1,6,113,S15:dR_norm,-0.0011946015108700524,0.00048189621305661743,61,EXECUTED
EXP-XAI-0001,MODEL-C3,PERMUTATION_IMPORTANCE_MACRO_F1,6,114,S15:EMAi_0.001,-0.013036829750595762,0.0009568655692434165,119,EXECUTED
EXP-XAI-0001,MODEL-C3,PERMUTATION_IMPORTANCE_MACRO_F1,6,115,S15:EMAi_0.01,-0.018062846251916325,0.0015729812329639754,127,EXECUTED
EXP-XAI-0001,MODEL-C3,PERMUTATION_IMPORTANCE_MACRO_F1,6,116,S15:EMAi_0.1,-0.02087736609787737,0.0013107384449397405,128,EXECUTED
EXP-XAI-0001,MODEL-C3,PERMUTATION_IMPORTANCE_MACRO_F1,6,117,S15:EMAd_0.001,-0.006873090239713076,0.0009261962952026443,99,EXECUTED
EXP-XAI-0001,MODEL-C3,PERMUTATION_IMPORTANCE_MACRO_F1,6,118,S15:EMAd_0.01,-0.006817418310992735,0.0009704363929604078,98,EXECUTED
EXP-XAI-0001,MODEL-C3,PERMUTATION_IMPORTANCE_MACRO_F1,6,119,S15:EMAd_0.1,-0.005692742290104036,0.0010722322699957194,87,EXECUTED
EXP-XAI-0001,MODEL-C3,PERMUTATION_IMPORTANCE_MACRO_F1,6,120,S16:dR,-0.011543803286675869,0.0012409013489467291,114,EXECUTED
EXP-XAI-0001,MODEL-C3,PERMUTATION_IMPORTANCE_MACRO_F1,6,121,S16:dR_norm,-0.0015294521672558846,0.0004658361084767514,65,EXECUTED
EXP-XAI-0001,MODEL-C3,PERMUTATION_IMPORTANCE_MACRO_F1,6,122,S16:EMAi_0.001,-0.01284239708774267,0.0009988082156131733,118,EXECUTED
EXP-XAI-0001,MODEL-C3,PERMUTATION_IMPORTANCE_MACRO_F1,6,123,S16:EMAi_0.01,-0.017105054570329032,0.0016329179619468301,125,EXECUTED
EXP-XAI-0001,MODEL-C3,PERMUTATION_IMPORTANCE_MACRO_F1,6,124,S16:EMAi_0.1,-0.017288375579028098,0.0015480555825598684,126,EXECUTED
EXP-XAI-0001,MODEL-C3,PERMUTATION_IMPORTANCE_MACRO_F1,6,125,S16:EMAd_0.001,-0.007094770090918512,0.0010201557974751983,101,EXECUTED
EXP-XAI-0001,MODEL-C3,PERMUTATION_IMPORTANCE_MACRO_F1,6,126,S16:EMAd_0.01,-0.0071022224270793684,0.0009152832670787991,102,EXECUTED
EXP-XAI-0001,MODEL-C3,PERMUTATION_IMPORTANCE_MACRO_F1,6,127,S16:EMAd_0.1,-0.006186274909669565,0.0009041293811805716,94,EXECUTED
EXP-XAI-0001,MODEL-C3,PERMUTATION_IMPORTANCE_MACRO_F1,7,0,S1:dR,0.00020855456968621455,0.00018731680078203127,93,EXECUTED
EXP-XAI-0001,MODEL-C3,PERMUTATION_IMPORTANCE_MACRO_F1,7,1,S1:dR_norm,0.031856383584969866,0.0024658876328909327,2,EXECUTED
EXP-XAI-0001,MODEL-C3,PERMUTATION_IMPORTANCE_MACRO_F1,7,2,S1:EMAi_0.001,9.57145671607651e-05,9.989355428744479e-05,99,EXECUTED
EXP-XAI-0001,MODEL-C3,PERMUTATION_IMPORTANCE_MACRO_F1,7,3,S1:EMAi_0.01,0.00022373815940086584,0.0001433246945294763,92,EXECUTED
EXP-XAI-0001,MODEL-C3,PERMUTATION_IMPORTANCE_MACRO_F1,7,4,S1:EMAi_0.1,0.00037167186657087735,0.00033903558011849844,91,EXECUTED
EXP-XAI-0001,MODEL-C3,PERMUTATION_IMPORTANCE_MACRO_F1,7,5,S1:EMAd_0.001,1.1767478568203149e-05,0.0001212613871360701,101,EXECUTED
EXP-XAI-0001,MODEL-C3,PERMUTATION_IMPORTANCE_MACRO_F1,7,6,S1:EMAd_0.01,0.00018300462161503496,0.00020982468056662904,94,EXECUTED
EXP-XAI-0001,MODEL-C3,PERMUTATION_IMPORTANCE_MACRO_F1,7,7,S1:EMAd_0.1,0.0001041619818807793,9.484085086273793e-05,98,EXECUTED
EXP-XAI-0001,MODEL-C3,PERMUTATION_IMPORTANCE_MACRO_F1,7,8,S2:dR,0.002669929383515057,0.0008108672617656149,49,EXECUTED
EXP-XAI-0001,MODEL-C3,PERMUTATION_IMPORTANCE_MACRO_F1,7,9,S2:dR_norm,0.03440804060149573,0.0025562514322513925,1,EXECUTED
EXP-XAI-0001,MODEL-C3,PERMUTATION_IMPORTANCE_MACRO_F1,7,10,S2:EMAi_0.001,0.0020134143519167425,0.0007366449066012299,55,EXECUTED
EXP-XAI-0001,MODEL-C3,PERMUTATION_IMPORTANCE_MACRO_F1,7,11,S2:EMAi_0.01,0.0017000272628628244,0.0007447118513096643,61,EXECUTED
EXP-XAI-0001,MODEL-C3,PERMUTATION_IMPORTANCE_MACRO_F1,7,12,S2:EMAi_0.1,0.0017263547193415163,0.0008957111013896886,60,EXECUTED
EXP-XAI-0001,MODEL-C3,PERMUTATION_IMPORTANCE_MACRO_F1,7,13,S2:EMAd_0.001,0.002085225638872712,0.0007252267985979644,54,EXECUTED
EXP-XAI-0001,MODEL-C3,PERMUTATION_IMPORTANCE_MACRO_F1,7,14,S2:EMAd_0.01,0.0019157000969158289,0.0008530232782289443,56,EXECUTED
EXP-XAI-0001,MODEL-C3,PERMUTATION_IMPORTANCE_MACRO_F1,7,15,S2:EMAd_0.1,0.0008357170243778577,0.0004983391347621464,83,EXECUTED
EXP-XAI-0001,MODEL-C3,PERMUTATION_IMPORTANCE_MACRO_F1,7,16,S3:dR,0.012531075616221405,0.0009577802993793966,13,EXECUTED
EXP-XAI-0001,MODEL-C3,PERMUTATION_IMPORTANCE_MACRO_F1,7,17,S3:dR_norm,0.00010954044305666599,0.0010624809324958613,97,EXECUTED
EXP-XAI-0001,MODEL-C3,PERMUTATION_IMPORTANCE_MACRO_F1,7,18,S3:EMAi_0.001,-0.001071151719357255,0.0006947022045326503,113,EXECUTED
EXP-XAI-0001,MODEL-C3,PERMUTATION_IMPORTANCE_MACRO_F1,7,19,S3:EMAi_0.01,0.0015130949123077885,0.0008556574277341899,66,EXECUTED
EXP-XAI-0001,MODEL-C3,PERMUTATION_IMPORTANCE_MACRO_F1,7,20,S3:EMAi_0.1,-0.0032269697125427155,0.0003631104351873389,127,EXECUTED
EXP-XAI-0001,MODEL-C3,PERMUTATION_IMPORTANCE_MACRO_F1,7,21,S3:EMAd_0.001,0.002198846252144948,0.0011929286541766588,52,EXECUTED
EXP-XAI-0001,MODEL-C3,PERMUTATION_IMPORTANCE_MACRO_F1,7,22,S3:EMAd_0.01,0.001470237045742262,0.001090898185645565,69,EXECUTED
EXP-XAI-0001,MODEL-C3,PERMUTATION_IMPORTANCE_MACRO_F1,7,23,S3:EMAd_0.1,-0.0017241137128614747,0.0005896478507101478,121,EXECUTED
EXP-XAI-0001,MODEL-C3,PERMUTATION_IMPORTANCE_MACRO_F1,7,24,S4:dR,0.027424041817195655,0.0013732446556740702,3,EXECUTED
EXP-XAI-0001,MODEL-C3,PERMUTATION_IMPORTANCE_MACRO_F1,7,25,S4:dR_norm,-0.0009465539730185935,0.0009490943740428432,111,EXECUTED
EXP-XAI-0001,MODEL-C3,PERMUTATION_IMPORTANCE_MACRO_F1,7,26,S4:EMAi_0.001,-0.0014500767926821756,0.0007258960949818803,117,EXECUTED
EXP-XAI-0001,MODEL-C3,PERMUTATION_IMPORTANCE_MACRO_F1,7,27,S4:EMAi_0.01,-0.0026492943339259333,0.0009551135650165221,125,EXECUTED
EXP-XAI-0001,MODEL-C3,PERMUTATION_IMPORTANCE_MACRO_F1,7,28,S4:EMAi_0.1,-0.0015396272709686798,0.0006275014767703639,119,EXECUTED
EXP-XAI-0001,MODEL-C3,PERMUTATION_IMPORTANCE_MACRO_F1,7,29,S4:EMAd_0.001,0.0005090258664208868,0.0009933135936453516,89,EXECUTED
EXP-XAI-0001,MODEL-C3,PERMUTATION_IMPORTANCE_MACRO_F1,7,30,S4:EMAd_0.01,0.0005451996303760031,0.0008157013716966931,88,EXECUTED
EXP-XAI-0001,MODEL-C3,PERMUTATION_IMPORTANCE_MACRO_F1,7,31,S4:EMAd_0.1,0.00040844035691290915,0.0010596648551909088,90,EXECUTED
EXP-XAI-0001,MODEL-C3,PERMUTATION_IMPORTANCE_MACRO_F1,7,32,S5:dR,0.0032834687917126736,0.001063475675085401,38,EXECUTED
EXP-XAI-0001,MODEL-C3,PERMUTATION_IMPORTANCE_MACRO_F1,7,33,S5:dR_norm,0.0008492737956385055,0.0010033158316401648,81,EXECUTED
EXP-XAI-0001,MODEL-C3,PERMUTATION_IMPORTANCE_MACRO_F1,7,34,S5:EMAi_0.001,-9.974340643995606e-05,0.0008986721505111113,103,EXECUTED
EXP-XAI-0001,MODEL-C3,PERMUTATION_IMPORTANCE_MACRO_F1,7,35,S5:EMAi_0.01,0.004372416262912959,0.0018772422070984817,33,EXECUTED
EXP-XAI-0001,MODEL-C3,PERMUTATION_IMPORTANCE_MACRO_F1,7,36,S5:EMAi_0.1,0.00370773757900249,0.0011437841850662097,36,EXECUTED
EXP-XAI-0001,MODEL-C3,PERMUTATION_IMPORTANCE_MACRO_F1,7,37,S5:EMAd_0.001,-0.00021368140339502739,0.0007624013239450592,104,EXECUTED
EXP-XAI-0001,MODEL-C3,PERMUTATION_IMPORTANCE_MACRO_F1,7,38,S5:EMAd_0.01,-0.00022141411858067617,0.0005638982046823746,105,EXECUTED
EXP-XAI-0001,MODEL-C3,PERMUTATION_IMPORTANCE_MACRO_F1,7,39,S5:EMAd_0.1,0.008763076902157402,0.001288300649942356,17,EXECUTED
EXP-XAI-0001,MODEL-C3,PERMUTATION_IMPORTANCE_MACRO_F1,7,40,S6:dR,0.0026845387618303685,0.0007382121860221333,48,EXECUTED
EXP-XAI-0001,MODEL-C3,PERMUTATION_IMPORTANCE_MACRO_F1,7,41,S6:dR_norm,0.0013562839734619137,0.0009991832210978781,72,EXECUTED
EXP-XAI-0001,MODEL-C3,PERMUTATION_IMPORTANCE_MACRO_F1,7,42,S6:EMAi_0.001,-0.00036730459469521695,0.0009244828310540462,107,EXECUTED
EXP-XAI-0001,MODEL-C3,PERMUTATION_IMPORTANCE_MACRO_F1,7,43,S6:EMAi_0.01,0.0029977392485709743,0.0019152439495022887,41,EXECUTED
EXP-XAI-0001,MODEL-C3,PERMUTATION_IMPORTANCE_MACRO_F1,7,44,S6:EMAi_0.1,-0.0002480584421144072,0.00011990299802809758,106,EXECUTED
EXP-XAI-0001,MODEL-C3,PERMUTATION_IMPORTANCE_MACRO_F1,7,45,S6:EMAd_0.001,0.00016744568347480947,0.0007987679696164945,95,EXECUTED
EXP-XAI-0001,MODEL-C3,PERMUTATION_IMPORTANCE_MACRO_F1,7,46,S6:EMAd_0.01,1.3840017245647652e-05,0.00034347002890332197,100,EXECUTED
EXP-XAI-0001,MODEL-C3,PERMUTATION_IMPORTANCE_MACRO_F1,7,47,S6:EMAd_0.1,0.0007091332857629085,0.0004394758879059886,86,EXECUTED
EXP-XAI-0001,MODEL-C3,PERMUTATION_IMPORTANCE_MACRO_F1,7,48,S7:dR,-7.386652338031707e-05,0.001304281006778349,102,EXECUTED
EXP-XAI-0001,MODEL-C3,PERMUTATION_IMPORTANCE_MACRO_F1,7,49,S7:dR_norm,0.004513629118904882,0.00107688556111388,32,EXECUTED
EXP-XAI-0001,MODEL-C3,PERMUTATION_IMPORTANCE_MACRO_F1,7,50,S7:EMAi_0.001,0.007386359187571851,0.0009967973851369729,21,EXECUTED
EXP-XAI-0001,MODEL-C3,PERMUTATION_IMPORTANCE_MACRO_F1,7,51,S7:EMAi_0.01,0.0164534776561516,0.0007959339620558604,9,EXECUTED
EXP-XAI-0001,MODEL-C3,PERMUTATION_IMPORTANCE_MACRO_F1,7,52,S7:EMAi_0.1,0.005815035472016961,0.001523547527579676,27,EXECUTED
EXP-XAI-0001,MODEL-C3,PERMUTATION_IMPORTANCE_MACRO_F1,7,53,S7:EMAd_0.001,0.008478657158080155,0.0012960174791439819,18,EXECUTED
EXP-XAI-0001,MODEL-C3,PERMUTATION_IMPORTANCE_MACRO_F1,7,54,S7:EMAd_0.01,0.007419817964864256,0.0011071398808840556,20,EXECUTED
EXP-XAI-0001,MODEL-C3,PERMUTATION_IMPORTANCE_MACRO_F1,7,55,S7:EMAd_0.1,0.0022217558200562037,0.001334607619923865,51,EXECUTED
EXP-XAI-0001,MODEL-C3,PERMUTATION_IMPORTANCE_MACRO_F1,7,56,S8:dR,0.004335456448919373,0.0008701876427717956,34,EXECUTED
EXP-XAI-0001,MODEL-C3,PERMUTATION_IMPORTANCE_MACRO_F1,7,57,S8:dR_norm,0.002725742994123248,0.0008662731671953934,45,EXECUTED
EXP-XAI-0001,MODEL-C3,PERMUTATION_IMPORTANCE_MACRO_F1,7,58,S8:EMAi_0.001,0.003603730750038403,0.0010876429066116534,37,EXECUTED
EXP-XAI-0001,MODEL-C3,PERMUTATION_IMPORTANCE_MACRO_F1,7,59,S8:EMAi_0.01,0.013723379318948858,0.0015640636581447172,12,EXECUTED
EXP-XAI-0001,MODEL-C3,PERMUTATION_IMPORTANCE_MACRO_F1,7,60,S8:EMAi_0.1,0.000575407426009511,0.0008828442382270491,87,EXECUTED
EXP-XAI-0001,MODEL-C3,PERMUTATION_IMPORTANCE_MACRO_F1,7,61,S8:EMAd_0.001,0.007512499514912308,0.0013194895835228753,19,EXECUTED
EXP-XAI-0001,MODEL-C3,PERMUTATION_IMPORTANCE_MACRO_F1,7,62,S8:EMAd_0.01,0.007031516198764959,0.001484119365867261,24,EXECUTED
EXP-XAI-0001,MODEL-C3,PERMUTATION_IMPORTANCE_MACRO_F1,7,63,S8:EMAd_0.1,-0.0008573145373491076,0.0006113532459930899,110,EXECUTED
EXP-XAI-0001,MODEL-C3,PERMUTATION_IMPORTANCE_MACRO_F1,7,64,S9:dR,0.001806878200734241,0.0006507112748477037,59,EXECUTED
EXP-XAI-0001,MODEL-C3,PERMUTATION_IMPORTANCE_MACRO_F1,7,65,S9:dR_norm,0.017038296230745004,0.0011149944305393596,6,EXECUTED
EXP-XAI-0001,MODEL-C3,PERMUTATION_IMPORTANCE_MACRO_F1,7,66,S9:EMAi_0.001,0.0016839529084450744,0.0006720577259652337,62,EXECUTED
EXP-XAI-0001,MODEL-C3,PERMUTATION_IMPORTANCE_MACRO_F1,7,67,S9:EMAi_0.01,0.0015591043418850426,0.0007604523941585242,64,EXECUTED
EXP-XAI-0001,MODEL-C3,PERMUTATION_IMPORTANCE_MACRO_F1,7,68,S9:EMAi_0.1,0.0018167200008043726,0.0007869493073472177,58,EXECUTED
EXP-XAI-0001,MODEL-C3,PERMUTATION_IMPORTANCE_MACRO_F1,7,69,S9:EMAd_0.001,0.0015839502007715,0.000614183459421085,63,EXECUTED
EXP-XAI-0001,MODEL-C3,PERMUTATION_IMPORTANCE_MACRO_F1,7,70,S9:EMAd_0.01,0.0014924575325941602,0.0007251580946119275,68,EXECUTED
EXP-XAI-0001,MODEL-C3,PERMUTATION_IMPORTANCE_MACRO_F1,7,71,S9:EMAd_0.1,0.000747875504779627,0.000376345141429523,85,EXECUTED
EXP-XAI-0001,MODEL-C3,PERMUTATION_IMPORTANCE_MACRO_F1,7,72,S10:dR,0.0012742588244076592,0.0007369641132384688,74,EXECUTED
EXP-XAI-0001,MODEL-C3,PERMUTATION_IMPORTANCE_MACRO_F1,7,73,S10:dR_norm,0.013945794103842179,0.0009637377600900005,11,EXECUTED
EXP-XAI-0001,MODEL-C3,PERMUTATION_IMPORTANCE_MACRO_F1,7,74,S10:EMAi_0.001,0.0009187142628605983,0.0003753220676628699,80,EXECUTED
EXP-XAI-0001,MODEL-C3,PERMUTATION_IMPORTANCE_MACRO_F1,7,75,S10:EMAi_0.01,0.0007831919931610698,0.0003730527854102092,84,EXECUTED
EXP-XAI-0001,MODEL-C3,PERMUTATION_IMPORTANCE_MACRO_F1,7,76,S10:EMAi_0.1,0.0010889780942509475,0.00041292806539834355,77,EXECUTED
EXP-XAI-0001,MODEL-C3,PERMUTATION_IMPORTANCE_MACRO_F1,7,77,S10:EMAd_0.001,0.0012161930155330958,0.0006388998349475078,76,EXECUTED
EXP-XAI-0001,MODEL-C3,PERMUTATION_IMPORTANCE_MACRO_F1,7,78,S10:EMAd_0.01,0.0009995172559449151,0.0005320597034541333,79,EXECUTED
EXP-XAI-0001,MODEL-C3,PERMUTATION_IMPORTANCE_MACRO_F1,7,79,S10:EMAd_0.1,0.0001395426504943953,0.00016487794006031633,96,EXECUTED
EXP-XAI-0001,MODEL-C3,PERMUTATION_IMPORTANCE_MACRO_F1,7,80,S11:dR,0.008807459875622748,0.0004775781095875257,16,EXECUTED
EXP-XAI-0001,MODEL-C3,PERMUTATION_IMPORTANCE_MACRO_F1,7,81,S11:dR_norm,-0.0011344299617170317,0.0004962450996718702,115,EXECUTED
EXP-XAI-0001,MODEL-C3,PERMUTATION_IMPORTANCE_MACRO_F1,7,82,S11:EMAi_0.001,-0.0010517566348474006,0.0008198848308476999,112,EXECUTED
EXP-XAI-0001,MODEL-C3,PERMUTATION_IMPORTANCE_MACRO_F1,7,83,S11:EMAi_0.01,0.0027876703460507856,0.0008307985237869736,44,EXECUTED
EXP-XAI-0001,MODEL-C3,PERMUTATION_IMPORTANCE_MACRO_F1,7,84,S11:EMAi_0.1,-0.002055630663052077,0.0008540031988897274,123,EXECUTED
EXP-XAI-0001,MODEL-C3,PERMUTATION_IMPORTANCE_MACRO_F1,7,85,S11:EMAd_0.001,0.0015189730279119074,0.001234487898711896,65,EXECUTED
EXP-XAI-0001,MODEL-C3,PERMUTATION_IMPORTANCE_MACRO_F1,7,86,S11:EMAd_0.01,0.0010042369053694157,0.0010547457407749598,78,EXECUTED
EXP-XAI-0001,MODEL-C3,PERMUTATION_IMPORTANCE_MACRO_F1,7,87,S11:EMAd_0.1,-0.0015080373981999906,0.0009926359290703085,118,EXECUTED
EXP-XAI-0001,MODEL-C3,PERMUTATION_IMPORTANCE_MACRO_F1,7,88,S12:dR,0.016408799087092297,0.0010768002787540896,10,EXECUTED
EXP-XAI-0001,MODEL-C3,PERMUTATION_IMPORTANCE_MACRO_F1,7,89,S12:dR_norm,-0.0018641478577066883,0.0008809800737142696,122,EXECUTED
EXP-XAI-0001,MODEL-C3,PERMUTATION_IMPORTANCE_MACRO_F1,7,90,S12:EMAi_0.001,-0.0023834727250925947,0.0007032852593721945,124,EXECUTED
EXP-XAI-0001,MODEL-C3,PERMUTATION_IMPORTANCE_MACRO_F1,7,91,S12:EMAi_0.01,-0.003108157461966088,0.0006732484629641526,126,EXECUTED
EXP-XAI-0001,MODEL-C3,PERMUTATION_IMPORTANCE_MACRO_F1,7,92,S12:EMAi_0.1,-0.0032698569846987937,0.0008196208744127819,128,EXECUTED
EXP-XAI-0001,MODEL-C3,PERMUTATION_IMPORTANCE_MACRO_F1,7,93,S12:EMAd_0.001,-0.0011001432628165997,0.0008667584950494264,114,EXECUTED
EXP-XAI-0001,MODEL-C3,PERMUTATION_IMPORTANCE_MACRO_F1,7,94,S12:EMAd_0.01,-0.0005808378431067518,0.0009129193720685142,108,EXECUTED
EXP-XAI-0001,MODEL-C3,PERMUTATION_IMPORTANCE_MACRO_F1,7,95,S12:EMAd_0.1,-0.0016236940995195237,0.0008512722045239013,120,EXECUTED
EXP-XAI-0001,MODEL-C3,PERMUTATION_IMPORTANCE_MACRO_F1,7,96,S13:dR,0.006470784465587892,0.0009332605150674373,25,EXECUTED
EXP-XAI-0001,MODEL-C3,PERMUTATION_IMPORTANCE_MACRO_F1,7,97,S13:dR_norm,0.0014307807406059858,0.0004021801014549013,70,EXECUTED
EXP-XAI-0001,MODEL-C3,PERMUTATION_IMPORTANCE_MACRO_F1,7,98,S13:EMAi_0.001,0.0026986690708180384,0.0008055584853801313,47,EXECUTED
EXP-XAI-0001,MODEL-C3,PERMUTATION_IMPORTANCE_MACRO_F1,7,99,S13:EMAi_0.01,0.02115459834253173,0.002185839493368174,4,EXECUTED
EXP-XAI-0001,MODEL-C3,PERMUTATION_IMPORTANCE_MACRO_F1,7,100,S13:EMAi_0.1,0.01003373863228219,0.0017034210527880982,14,EXECUTED
EXP-XAI-0001,MODEL-C3,PERMUTATION_IMPORTANCE_MACRO_F1,7,101,S13:EMAd_0.001,0.0012730379364483736,0.0010350707780562634,75,EXECUTED
EXP-XAI-0001,MODEL-C3,PERMUTATION_IMPORTANCE_MACRO_F1,7,102,S13:EMAd_0.01,0.0008364973037610967,0.0008159152150313023,82,EXECUTED
EXP-XAI-0001,MODEL-C3,PERMUTATION_IMPORTANCE_MACRO_F1,7,103,S13:EMAd_0.1,-0.0011353680188806448,0.001045388398138047,116,EXECUTED
EXP-XAI-0001,MODEL-C3,PERMUTATION_IMPORTANCE_MACRO_F1,7,104,S14:dR,0.007296801431922628,0.0005068054679622306,22,EXECUTED
EXP-XAI-0001,MODEL-C3,PERMUTATION_IMPORTANCE_MACRO_F1,7,105,S14:dR_norm,0.0013638701218522508,0.0002829999733035715,71,EXECUTED
EXP-XAI-0001,MODEL-C3,PERMUTATION_IMPORTANCE_MACRO_F1,7,106,S14:EMAi_0.001,0.0018195467899259966,0.000700223987368562,57,EXECUTED
EXP-XAI-0001,MODEL-C3,PERMUTATION_IMPORTANCE_MACRO_F1,7,107,S14:EMAi_0.01,0.016594220431208933,0.001711276547667011,8,EXECUTED
EXP-XAI-0001,MODEL-C3,PERMUTATION_IMPORTANCE_MACRO_F1,7,108,S14:EMAi_0.1,0.0030254111614450795,0.0009977029442539609,40,EXECUTED
EXP-XAI-0001,MODEL-C3,PERMUTATION_IMPORTANCE_MACRO_F1,7,109,S14:EMAd_0.001,0.0021572102742774433,0.0005032303399079946,53,EXECUTED
EXP-XAI-0001,MODEL-C3,PERMUTATION_IMPORTANCE_MACRO_F1,7,110,S14:EMAd_0.01,0.0013466016005438176,0.0006983218975273478,73,EXECUTED
EXP-XAI-0001,MODEL-C3,PERMUTATION_IMPORTANCE_MACRO_F1,7,111,S14:EMAd_0.1,0.0015037635976031915,0.0009466566172025339,67,EXECUTED
EXP-XAI-0001,MODEL-C3,PERMUTATION_IMPORTANCE_MACRO_F1,7,112,S15:dR,0.002802145415467272,0.0011102182122930211,43,EXECUTED
EXP-XAI-0001,MODEL-C3,PERMUTATION_IMPORTANCE_MACRO_F1,7,113,S15:dR_norm,0.0022869032143008282,0.0012018231655383264,50,EXECUTED
EXP-XAI-0001,MODEL-C3,PERMUTATION_IMPORTANCE_MACRO_F1,7,114,S15:EMAi_0.001,0.0052244765112622,0.0008031730922947117,31,EXECUTED
EXP-XAI-0001,MODEL-C3,PERMUTATION_IMPORTANCE_MACRO_F1,7,115,S15:EMAi_0.01,0.01687331054564916,0.001544409136185248,7,EXECUTED
EXP-XAI-0001,MODEL-C3,PERMUTATION_IMPORTANCE_MACRO_F1,7,116,S15:EMAi_0.1,0.0032584356349066425,0.0008402317260973097,39,EXECUTED
EXP-XAI-0001,MODEL-C3,PERMUTATION_IMPORTANCE_MACRO_F1,7,117,S15:EMAd_0.001,0.005523491066507502,0.001294580848023571,29,EXECUTED
EXP-XAI-0001,MODEL-C3,PERMUTATION_IMPORTANCE_MACRO_F1,7,118,S15:EMAd_0.01,0.005329953166683776,0.001328683347261793,30,EXECUTED
EXP-XAI-0001,MODEL-C3,PERMUTATION_IMPORTANCE_MACRO_F1,7,119,S15:EMAd_0.1,0.004068495111489689,0.0008995561911651713,35,EXECUTED
EXP-XAI-0001,MODEL-C3,PERMUTATION_IMPORTANCE_MACRO_F1,7,120,S16:dR,0.002823004870170065,0.0012929252841227463,42,EXECUTED
EXP-XAI-0001,MODEL-C3,PERMUTATION_IMPORTANCE_MACRO_F1,7,121,S16:dR_norm,0.002709452912966448,0.0010805430736341452,46,EXECUTED
EXP-XAI-0001,MODEL-C3,PERMUTATION_IMPORTANCE_MACRO_F1,7,122,S16:EMAi_0.001,0.0071052739871028895,0.0008258356703886376,23,EXECUTED
EXP-XAI-0001,MODEL-C3,PERMUTATION_IMPORTANCE_MACRO_F1,7,123,S16:EMAi_0.01,0.017190764731428453,0.0015286235792631678,5,EXECUTED
EXP-XAI-0001,MODEL-C3,PERMUTATION_IMPORTANCE_MACRO_F1,7,124,S16:EMAi_0.1,0.009202383231881278,0.0008644304645725496,15,EXECUTED
EXP-XAI-0001,MODEL-C3,PERMUTATION_IMPORTANCE_MACRO_F1,7,125,S16:EMAd_0.001,0.006324132252801757,0.0011721467320584978,26,EXECUTED
EXP-XAI-0001,MODEL-C3,PERMUTATION_IMPORTANCE_MACRO_F1,7,126,S16:EMAd_0.01,0.005645137452311688,0.0013081754925006704,28,EXECUTED
EXP-XAI-0001,MODEL-C3,PERMUTATION_IMPORTANCE_MACRO_F1,7,127,S16:EMAd_0.1,-0.0006558624119629153,0.0005165685534137405,109,EXECUTED
EXP-XAI-0001,MODEL-C3,PERMUTATION_IMPORTANCE_MACRO_F1,8,0,S1:dR,0.0,0.0,75,EXECUTED
EXP-XAI-0001,MODEL-C3,PERMUTATION_IMPORTANCE_MACRO_F1,8,1,S1:dR_norm,0.002144423976129606,0.00275628338294075,37,EXECUTED
EXP-XAI-0001,MODEL-C3,PERMUTATION_IMPORTANCE_MACRO_F1,8,2,S1:EMAi_0.001,0.0,0.0,76,EXECUTED
EXP-XAI-0001,MODEL-C3,PERMUTATION_IMPORTANCE_MACRO_F1,8,3,S1:EMAi_0.01,0.0,0.0,77,EXECUTED
EXP-XAI-0001,MODEL-C3,PERMUTATION_IMPORTANCE_MACRO_F1,8,4,S1:EMAi_0.1,0.0,0.0,78,EXECUTED
EXP-XAI-0001,MODEL-C3,PERMUTATION_IMPORTANCE_MACRO_F1,8,5,S1:EMAd_0.001,0.0,0.0,79,EXECUTED
EXP-XAI-0001,MODEL-C3,PERMUTATION_IMPORTANCE_MACRO_F1,8,6,S1:EMAd_0.01,0.0,0.0,80,EXECUTED
EXP-XAI-0001,MODEL-C3,PERMUTATION_IMPORTANCE_MACRO_F1,8,7,S1:EMAd_0.1,0.0,0.0,81,EXECUTED
EXP-XAI-0001,MODEL-C3,PERMUTATION_IMPORTANCE_MACRO_F1,8,8,S2:dR,0.005687463923201597,0.0015800364955384611,13,EXECUTED
EXP-XAI-0001,MODEL-C3,PERMUTATION_IMPORTANCE_MACRO_F1,8,9,S2:dR_norm,0.010044144237665304,0.008045079076455566,6,EXECUTED
EXP-XAI-0001,MODEL-C3,PERMUTATION_IMPORTANCE_MACRO_F1,8,10,S2:EMAi_0.001,0.003403318287746926,0.0008303693061434629,19,EXECUTED
EXP-XAI-0001,MODEL-C3,PERMUTATION_IMPORTANCE_MACRO_F1,8,11,S2:EMAi_0.01,-0.00043077402533854835,0.0013878267394281847,91,EXECUTED
EXP-XAI-0001,MODEL-C3,PERMUTATION_IMPORTANCE_MACRO_F1,8,12,S2:EMAi_0.1,0.003469808176238065,0.001651683437031122,18,EXECUTED
EXP-XAI-0001,MODEL-C3,PERMUTATION_IMPORTANCE_MACRO_F1,8,13,S2:EMAd_0.001,0.004800027035179888,0.00045625491620113846,14,EXECUTED
EXP-XAI-0001,MODEL-C3,PERMUTATION_IMPORTANCE_MACRO_F1,8,14,S2:EMAd_0.01,0.0017485827708282943,0.0006404148546097058,42,EXECUTED
EXP-XAI-0001,MODEL-C3,PERMUTATION_IMPORTANCE_MACRO_F1,8,15,S2:EMAd_0.1,0.0019721884998980532,0.00138939635805215,39,EXECUTED
EXP-XAI-0001,MODEL-C3,PERMUTATION_IMPORTANCE_MACRO_F1,8,16,S3:dR,0.011328035338359022,0.0038133692896879204,5,EXECUTED
EXP-XAI-0001,MODEL-C3,PERMUTATION_IMPORTANCE_MACRO_F1,8,17,S3:dR_norm,-0.0037144487026213755,0.005340982072058693,108,EXECUTED
EXP-XAI-0001,MODEL-C3,PERMUTATION_IMPORTANCE_MACRO_F1,8,18,S3:EMAi_0.001,-0.004570199717570817,0.0062773163305778696,115,EXECUTED
EXP-XAI-0001,MODEL-C3,PERMUTATION_IMPORTANCE_MACRO_F1,8,19,S3:EMAi_0.01,-4.8510942415241895e-05,0.0019676056455861816,86,EXECUTED
EXP-XAI-0001,MODEL-C3,PERMUTATION_IMPORTANCE_MACRO_F1,8,20,S3:EMAi_0.1,0.0,0.0,82,EXECUTED
EXP-XAI-0001,MODEL-C3,PERMUTATION_IMPORTANCE_MACRO_F1,8,21,S3:EMAd_0.001,0.0017862293439773413,0.0007219508944481744,41,EXECUTED
EXP-XAI-0001,MODEL-C3,PERMUTATION_IMPORTANCE_MACRO_F1,8,22,S3:EMAd_0.01,0.001086619701136271,0.0008271423832583919,56,EXECUTED
EXP-XAI-0001,MODEL-C3,PERMUTATION_IMPORTANCE_MACRO_F1,8,23,S3:EMAd_0.1,0.0008072638499079631,0.0038831236803022217,59,EXECUTED
EXP-XAI-0001,MODEL-C3,PERMUTATION_IMPORTANCE_MACRO_F1,8,24,S4:dR,0.02422010726084209,0.0015449983781879346,1,EXECUTED
EXP-XAI-0001,MODEL-C3,PERMUTATION_IMPORTANCE_MACRO_F1,8,25,S4:dR_norm,-0.002564572601183213,0.00512782432669712,106,EXECUTED
EXP-XAI-0001,MODEL-C3,PERMUTATION_IMPORTANCE_MACRO_F1,8,26,S4:EMAi_0.001,-0.004096724617126746,0.005017442464329653,111,EXECUTED
EXP-XAI-0001,MODEL-C3,PERMUTATION_IMPORTANCE_MACRO_F1,8,27,S4:EMAi_0.01,-0.0002732727485156461,0.001190387251800115,88,EXECUTED
EXP-XAI-0001,MODEL-C3,PERMUTATION_IMPORTANCE_MACRO_F1,8,28,S4:EMAi_0.1,0.00019113795725268502,0.00038227591450537004,71,EXECUTED
EXP-XAI-0001,MODEL-C3,PERMUTATION_IMPORTANCE_MACRO_F1,8,29,S4:EMAd_0.001,-1.4776384431647305e-05,0.0010739513424481918,85,EXECUTED
EXP-XAI-0001,MODEL-C3,PERMUTATION_IMPORTANCE_MACRO_F1,8,30,S4:EMAd_0.01,0.00018626188572755663,0.0007230153486206598,74,EXECUTED
EXP-XAI-0001,MODEL-C3,PERMUTATION_IMPORTANCE_MACRO_F1,8,31,S4:EMAd_0.1,0.004192424834012059,0.0013490237354343707,15,EXECUTED
EXP-XAI-0001,MODEL-C3,PERMUTATION_IMPORTANCE_MACRO_F1,8,32,S5:dR,0.003964654870168949,0.0045305522798646915,16,EXECUTED
EXP-XAI-0001,MODEL-C3,PERMUTATION_IMPORTANCE_MACRO_F1,8,33,S5:dR_norm,0.00283399777479737,0.002192394032964759,27,EXECUTED
EXP-XAI-0001,MODEL-C3,PERMUTATION_IMPORTANCE_MACRO_F1,8,34,S5:EMAi_0.001,-0.0005355865344742639,0.0009488232038115654,92,EXECUTED
EXP-XAI-0001,MODEL-C3,PERMUTATION_IMPORTANCE_MACRO_F1,8,35,S5:EMAi_0.01,-0.006767193870748078,0.0057672634872897215,123,EXECUTED
EXP-XAI-0001,MODEL-C3,PERMUTATION_IMPORTANCE_MACRO_F1,8,36,S5:EMAi_0.1,0.016628491548075972,0.001811828128882111,3,EXECUTED
EXP-XAI-0001,MODEL-C3,PERMUTATION_IMPORTANCE_MACRO_F1,8,37,S5:EMAd_0.001,0.0013284974131891336,0.00045659422909293044,52,EXECUTED
EXP-XAI-0001,MODEL-C3,PERMUTATION_IMPORTANCE_MACRO_F1,8,38,S5:EMAd_0.01,0.000573413871758055,0.00046819046574698146,64,EXECUTED
EXP-XAI-0001,MODEL-C3,PERMUTATION_IMPORTANCE_MACRO_F1,8,39,S5:EMAd_0.1,0.01746065633674385,0.00441784364640054,2,EXECUTED
EXP-XAI-0001,MODEL-C3,PERMUTATION_IMPORTANCE_MACRO_F1,8,40,S6:dR,0.0017208543736230264,0.004923716776575663,43,EXECUTED
EXP-XAI-0001,MODEL-C3,PERMUTATION_IMPORTANCE_MACRO_F1,8,41,S6:dR_norm,0.002095666545515129,0.001919227964451597,38,EXECUTED
EXP-XAI-0001,MODEL-C3,PERMUTATION_IMPORTANCE_MACRO_F1,8,42,S6:EMAi_0.001,-0.0013527421866835975,0.0005135274772435379,97,EXECUTED
EXP-XAI-0001,MODEL-C3,PERMUTATION_IMPORTANCE_MACRO_F1,8,43,S6:EMAi_0.01,-0.007600725555224291,0.005125605198509224,125,EXECUTED
EXP-XAI-0001,MODEL-C3,PERMUTATION_IMPORTANCE_MACRO_F1,8,44,S6:EMAi_0.1,-0.004263418956088094,0.0033382643423674188,113,EXECUTED
EXP-XAI-0001,MODEL-C3,PERMUTATION_IMPORTANCE_MACRO_F1,8,45,S6:EMAd_0.001,0.0007645518290107401,0.00038227591450537004,60,EXECUTED
EXP-XAI-0001,MODEL-C3,PERMUTATION_IMPORTANCE_MACRO_F1,8,46,S6:EMAd_0.01,0.000573413871758055,0.00046819046574698146,65,EXECUTED
EXP-XAI-0001,MODEL-C3,PERMUTATION_IMPORTANCE_MACRO_F1,8,47,S6:EMAd_0.1,-0.004101600688651874,0.005050695927610706,112,EXECUTED
EXP-XAI-0001,MODEL-C3,PERMUTATION_IMPORTANCE_MACRO_F1,8,48,S7:dR,0.0015637368868353986,0.002002585736941275,50,EXECUTED
EXP-XAI-0001,MODEL-C3,PERMUTATION_IMPORTANCE_MACRO_F1,8,49,S7:dR_norm,-0.002637087137659083,0.0052357482550052705,107,EXECUTED
EXP-XAI-0001,MODEL-C3,PERMUTATION_IMPORTANCE_MACRO_F1,8,50,S7:EMAi_0.001,-0.004762344243853023,0.005905819955045875,117,EXECUTED
EXP-XAI-0001,MODEL-C3,PERMUTATION_IMPORTANCE_MACRO_F1,8,51,S7:EMAi_0.01,0.0005148536339118992,0.0010553814934912452,67,EXECUTED
EXP-XAI-0001,MODEL-C3,PERMUTATION_IMPORTANCE_MACRO_F1,8,52,S7:EMAi_0.1,-0.0003260997708922797,0.002081219591490219,89,EXECUTED
EXP-XAI-0001,MODEL-C3,PERMUTATION_IMPORTANCE_MACRO_F1,8,53,S7:EMAd_0.001,0.003398482093433408,0.0010136542377245192,20,EXECUTED
EXP-XAI-0001,MODEL-C3,PERMUTATION_IMPORTANCE_MACRO_F1,8,54,S7:EMAd_0.01,0.003398482093433408,0.0010136542377245192,21,EXECUTED
EXP-XAI-0001,MODEL-C3,PERMUTATION_IMPORTANCE_MACRO_F1,8,55,S7:EMAd_0.1,0.001624701615096902,0.001758866655934113,44,EXECUTED
EXP-XAI-0001,MODEL-C3,PERMUTATION_IMPORTANCE_MACRO_F1,8,56,S8:dR,0.008311556453585884,0.003700324547147198,8,EXECUTED
EXP-XAI-0001,MODEL-C3,PERMUTATION_IMPORTANCE_MACRO_F1,8,57,S8:dR_norm,-0.002273688325561318,0.0051951609216588845,102,EXECUTED
EXP-XAI-0001,MODEL-C3,PERMUTATION_IMPORTANCE_MACRO_F1,8,58,S8:EMAi_0.001,-0.004762344243853023,0.005905819955045875,118,EXECUTED
EXP-XAI-0001,MODEL-C3,PERMUTATION_IMPORTANCE_MACRO_F1,8,59,S8:EMAi_0.01,0.0005148536339118992,0.0010553814934912452,68,EXECUTED
EXP-XAI-0001,MODEL-C3,PERMUTATION_IMPORTANCE_MACRO_F1,8,60,S8:EMAi_0.1,0.0006840897901854881,0.0023424285998233023,63,EXECUTED
EXP-XAI-0001,MODEL-C3,PERMUTATION_IMPORTANCE_MACRO_F1,8,61,S8:EMAd_0.001,0.0032192375010473007,0.0006824101986574511,23,EXECUTED
EXP-XAI-0001,MODEL-C3,PERMUTATION_IMPORTANCE_MACRO_F1,8,62,S8:EMAd_0.01,0.0032147697311602275,0.0008899152506546815,24,EXECUTED
EXP-XAI-0001,MODEL-C3,PERMUTATION_IMPORTANCE_MACRO_F1,8,63,S8:EMAd_0.1,0.0025242543221452142,0.0014907616677979404,29,EXECUTED
EXP-XAI-0001,MODEL-C3,PERMUTATION_IMPORTANCE_MACRO_F1,8,64,S9:dR,0.003917849033059817,0.0006640374255803779,17,EXECUTED
EXP-XAI-0001,MODEL-C3,PERMUTATION_IMPORTANCE_MACRO_F1,8,65,S9:dR_norm,0.00966339433573037,0.003274407667330288,7,EXECUTED
EXP-XAI-0001,MODEL-C3,PERMUTATION_IMPORTANCE_MACRO_F1,8,66,S9:EMAi_0.001,0.002298990515813415,0.001149553432414568,34,EXECUTED
EXP-XAI-0001,MODEL-C3,PERMUTATION_IMPORTANCE_MACRO_F1,8,67,S9:EMAi_0.01,0.0015972361298485006,0.0012622880575279796,45,EXECUTED
EXP-XAI-0001,MODEL-C3,PERMUTATION_IMPORTANCE_MACRO_F1,8,68,S9:EMAi_0.1,0.0033683873303074095,0.000821477303699144,22,EXECUTED
EXP-XAI-0001,MODEL-C3,PERMUTATION_IMPORTANCE_MACRO_F1,8,69,S9:EMAd_0.001,0.003184559314575197,0.0006484252304987503,25,EXECUTED
EXP-XAI-0001,MODEL-C3,PERMUTATION_IMPORTANCE_MACRO_F1,8,70,S9:EMAd_0.01,0.003184559314575197,0.0006484252304987503,26,EXECUTED
EXP-XAI-0001,MODEL-C3,PERMUTATION_IMPORTANCE_MACRO_F1,8,71,S9:EMAd_0.1,0.0015972361298485006,0.0012622880575279796,46,EXECUTED
EXP-XAI-0001,MODEL-C3,PERMUTATION_IMPORTANCE_MACRO_F1,8,72,S10:dR,0.0026739428858629675,0.0010640842321670342,28,EXECUTED
EXP-XAI-0001,MODEL-C3,PERMUTATION_IMPORTANCE_MACRO_F1,8,73,S10:dR_norm,0.007204191124579501,0.0009718539768640345,11,EXECUTED
EXP-XAI-0001,MODEL-C3,PERMUTATION_IMPORTANCE_MACRO_F1,8,74,S10:EMAi_0.001,0.0015972361298485006,0.0012622880575279796,47,EXECUTED
EXP-XAI-0001,MODEL-C3,PERMUTATION_IMPORTANCE_MACRO_F1,8,75,S10:EMAi_0.01,0.001086619701136271,0.0008271423832583919,57,EXECUTED
EXP-XAI-0001,MODEL-C3,PERMUTATION_IMPORTANCE_MACRO_F1,8,76,S10:EMAi_0.1,0.0015972361298485006,0.0012622880575279796,48,EXECUTED
EXP-XAI-0001,MODEL-C3,PERMUTATION_IMPORTANCE_MACRO_F1,8,77,S10:EMAd_0.001,0.002296845772689571,0.0008461414523291098,35,EXECUTED
EXP-XAI-0001,MODEL-C3,PERMUTATION_IMPORTANCE_MACRO_F1,8,78,S10:EMAd_0.01,0.0015972361298485006,0.0012622880575279796,49,EXECUTED
EXP-XAI-0001,MODEL-C3,PERMUTATION_IMPORTANCE_MACRO_F1,8,79,S10:EMAd_0.1,0.0,0.0,83,EXECUTED
EXP-XAI-0001,MODEL-C3,PERMUTATION_IMPORTANCE_MACRO_F1,8,80,S11:dR,0.008139443672081003,0.00385328461365041,9,EXECUTED
EXP-XAI-0001,MODEL-C3,PERMUTATION_IMPORTANCE_MACRO_F1,8,81,S11:dR_norm,-0.005954161498915633,0.004874033357026762,121,EXECUTED
EXP-XAI-0001,MODEL-C3,PERMUTATION_IMPORTANCE_MACRO_F1,8,82,S11:EMAi_0.001,-0.004297194414618321,0.0056638862503982,114,EXECUTED
EXP-XAI-0001,MODEL-C3,PERMUTATION_IMPORTANCE_MACRO_F1,8,83,S11:EMAi_0.01,0.0007583535018362119,0.0012324363480110546,61,EXECUTED
EXP-XAI-0001,MODEL-C3,PERMUTATION_IMPORTANCE_MACRO_F1,8,84,S11:EMAi_0.1,-0.00039202805755562676,0.00048013435293286057,90,EXECUTED
EXP-XAI-0001,MODEL-C3,PERMUTATION_IMPORTANCE_MACRO_F1,8,85,S11:EMAd_0.001,0.0014064132803354556,0.0006310691312851868,51,EXECUTED
EXP-XAI-0001,MODEL-C3,PERMUTATION_IMPORTANCE_MACRO_F1,8,86,S11:EMAd_0.01,0.00037739984298024165,0.0007730993703580251,69,EXECUTED
EXP-XAI-0001,MODEL-C3,PERMUTATION_IMPORTANCE_MACRO_F1,8,87,S11:EMAd_0.1,-0.0010978341421652494,0.0036480290016733937,95,EXECUTED
EXP-XAI-0001,MODEL-C3,PERMUTATION_IMPORTANCE_MACRO_F1,8,88,S12:dR,0.014376408955293607,0.002696652059851128,4,EXECUTED
EXP-XAI-0001,MODEL-C3,PERMUTATION_IMPORTANCE_MACRO_F1,8,89,S12:dR_norm,0.00035845734170057985,0.0014151818705915892,70,EXECUTED
EXP-XAI-0001,MODEL-C3,PERMUTATION_IMPORTANCE_MACRO_F1,8,90,S12:EMAi_0.001,-0.0022443763373411864,0.004016693053929671,101,EXECUTED
EXP-XAI-0001,MODEL-C3,PERMUTATION_IMPORTANCE_MACRO_F1,8,91,S12:EMAi_0.01,0.0009543675306140254,0.0009955272496356949,58,EXECUTED
EXP-XAI-0001,MODEL-C3,PERMUTATION_IMPORTANCE_MACRO_F1,8,92,S12:EMAi_0.1,0.0,0.0,84,EXECUTED
EXP-XAI-0001,MODEL-C3,PERMUTATION_IMPORTANCE_MACRO_F1,8,93,S12:EMAd_0.001,0.0005686797279682243,0.0007562809687455826,66,EXECUTED
EXP-XAI-0001,MODEL-C3,PERMUTATION_IMPORTANCE_MACRO_F1,8,94,S12:EMAd_0.01,-0.00019601402877781338,0.00039202805755562676,87,EXECUTED
EXP-XAI-0001,MODEL-C3,PERMUTATION_IMPORTANCE_MACRO_F1,8,95,S12:EMAd_0.1,0.0019696127021674114,0.0016939716740758414,40,EXECUTED
EXP-XAI-0001,MODEL-C3,PERMUTATION_IMPORTANCE_MACRO_F1,8,96,S13:dR,-0.0016941692286804755,0.0046119386945528106,99,EXECUTED
EXP-XAI-0001,MODEL-C3,PERMUTATION_IMPORTANCE_MACRO_F1,8,97,S13:dR_norm,-0.0012889720994179344,0.0035593872694836626,96,EXECUTED
EXP-XAI-0001,MODEL-C3,PERMUTATION_IMPORTANCE_MACRO_F1,8,98,S13:EMAi_0.001,-0.007103888390686192,0.006494765688311014,124,EXECUTED
EXP-XAI-0001,MODEL-C3,PERMUTATION_IMPORTANCE_MACRO_F1,8,99,S13:EMAi_0.01,-0.0049634352949322665,0.006444666843627797,119,EXECUTED
EXP-XAI-0001,MODEL-C3,PERMUTATION_IMPORTANCE_MACRO_F1,8,100,S13:EMAi_0.1,-0.007608689676524316,0.004677125183377083,126,EXECUTED
EXP-XAI-0001,MODEL-C3,PERMUTATION_IMPORTANCE_MACRO_F1,8,101,S13:EMAd_0.001,-0.0057679726310500504,0.0047595927156744424,120,EXECUTED
EXP-XAI-0001,MODEL-C3,PERMUTATION_IMPORTANCE_MACRO_F1,8,102,S13:EMAd_0.01,-0.003719610322486677,0.004594430258996088,109,EXECUTED
EXP-XAI-0001,MODEL-C3,PERMUTATION_IMPORTANCE_MACRO_F1,8,103,S13:EMAd_0.1,0.00019113795725268502,0.00038227591450537004,72,EXECUTED
EXP-XAI-0001,MODEL-C3,PERMUTATION_IMPORTANCE_MACRO_F1,8,104,S14:dR,-0.002517031075148618,0.004049885947361386,105,EXECUTED
EXP-XAI-0001,MODEL-C3,PERMUTATION_IMPORTANCE_MACRO_F1,8,105,S14:dR_norm,-0.0016708205378478335,0.00434741169078756,98,EXECUTED
EXP-XAI-0001,MODEL-C3,PERMUTATION_IMPORTANCE_MACRO_F1,8,106,S14:EMAi_0.001,-0.007836489123286928,0.005875590427338816,127,EXECUTED
EXP-XAI-0001,MODEL-C3,PERMUTATION_IMPORTANCE_MACRO_F1,8,107,S14:EMAi_0.01,-0.006765252535399735,0.00547401461864935,122,EXECUTED
EXP-XAI-0001,MODEL-C3,PERMUTATION_IMPORTANCE_MACRO_F1,8,108,S14:EMAi_0.1,-0.0008710296511451165,0.002690550379475595,94,EXECUTED
EXP-XAI-0001,MODEL-C3,PERMUTATION_IMPORTANCE_MACRO_F1,8,109,S14:EMAd_0.001,-0.008002523807479007,0.0040183073261045995,128,EXECUTED
EXP-XAI-0001,MODEL-C3,PERMUTATION_IMPORTANCE_MACRO_F1,8,110,S14:EMAd_0.01,0.00019113795725268502,0.00038227591450537004,73,EXECUTED
EXP-XAI-0001,MODEL-C3,PERMUTATION_IMPORTANCE_MACRO_F1,8,111,S14:EMAd_0.1,-0.0005889349805013932,0.004853559922454855,93,EXECUTED
EXP-XAI-0001,MODEL-C3,PERMUTATION_IMPORTANCE_MACRO_F1,8,112,S15:dR,0.007520949323139081,0.0026264125266198014,10,EXECUTED
EXP-XAI-0001,MODEL-C3,PERMUTATION_IMPORTANCE_MACRO_F1,8,113,S15:dR_norm,-0.0039869220884046815,0.005593790498152744,110,EXECUTED
EXP-XAI-0001,MODEL-C3,PERMUTATION_IMPORTANCE_MACRO_F1,8,114,S15:EMAi_0.001,-0.002448788027880444,0.005870176335832459,103,EXECUTED
EXP-XAI-0001,MODEL-C3,PERMUTATION_IMPORTANCE_MACRO_F1,8,115,S15:EMAi_0.01,0.00131404441020887,0.0009711241292862699,53,EXECUTED
EXP-XAI-0001,MODEL-C3,PERMUTATION_IMPORTANCE_MACRO_F1,8,116,S15:EMAi_0.1,-0.004745295104791514,0.005055185028082187,116,EXECUTED
EXP-XAI-0001,MODEL-C3,PERMUTATION_IMPORTANCE_MACRO_F1,8,117,S15:EMAd_0.001,0.002460432352075587,0.0007194650509457648,32,EXECUTED
EXP-XAI-0001,MODEL-C3,PERMUTATION_IMPORTANCE_MACRO_F1,8,118,S15:EMAd_0.01,0.002478651443977553,0.0008363024221798287,30,EXECUTED
EXP-XAI-0001,MODEL-C3,PERMUTATION_IMPORTANCE_MACRO_F1,8,119,S15:EMAd_0.1,0.002161181714026894,0.0008464852547230545,36,EXECUTED
EXP-XAI-0001,MODEL-C3,PERMUTATION_IMPORTANCE_MACRO_F1,8,120,S16:dR,0.006688872924307782,0.0019673773136390624,12,EXECUTED
EXP-XAI-0001,MODEL-C3,PERMUTATION_IMPORTANCE_MACRO_F1,8,121,S16:dR_norm,-0.0017543042880336257,0.005684609091578362,100,EXECUTED
EXP-XAI-0001,MODEL-C3,PERMUTATION_IMPORTANCE_MACRO_F1,8,122,S16:EMAi_0.001,-0.002488529746239615,0.0067568680690448845,104,EXECUTED
EXP-XAI-0001,MODEL-C3,PERMUTATION_IMPORTANCE_MACRO_F1,8,123,S16:EMAi_0.01,0.00131404441020887,0.0009711241292862699,54,EXECUTED
EXP-XAI-0001,MODEL-C3,PERMUTATION_IMPORTANCE_MACRO_F1,8,124,S16:EMAi_0.1,0.0012958554728168925,0.0012266977667579734,55,EXECUTED
EXP-XAI-0001,MODEL-C3,PERMUTATION_IMPORTANCE_MACRO_F1,8,125,S16:EMAd_0.001,0.002460432352075587,0.0007194650509457648,33,EXECUTED
EXP-XAI-0001,MODEL-C3,PERMUTATION_IMPORTANCE_MACRO_F1,8,126,S16:EMAd_0.01,0.002478651443977553,0.0008363024221798287,31,EXECUTED
EXP-XAI-0001,MODEL-C3,PERMUTATION_IMPORTANCE_MACRO_F1,8,127,S16:EMAd_0.1,0.0007502074699059502,0.0011123590829178116,62,EXECUTED
EXP-XAI-0001,MODEL-C3,PERMUTATION_IMPORTANCE_MACRO_F1,9,0,S1:dR,0.0,0.0,39,EXECUTED
EXP-XAI-0001,MODEL-C3,PERMUTATION_IMPORTANCE_MACRO_F1,9,1,S1:dR_norm,-8.660536978815636e-05,0.0001732107395763127,71,EXECUTED
EXP-XAI-0001,MODEL-C3,PERMUTATION_IMPORTANCE_MACRO_F1,9,2,S1:EMAi_0.001,0.0,0.0,40,EXECUTED
EXP-XAI-0001,MODEL-C3,PERMUTATION_IMPORTANCE_MACRO_F1,9,3,S1:EMAi_0.01,0.0,0.0,41,EXECUTED
EXP-XAI-0001,MODEL-C3,PERMUTATION_IMPORTANCE_MACRO_F1,9,4,S1:EMAi_0.1,0.0,0.0,42,EXECUTED
EXP-XAI-0001,MODEL-C3,PERMUTATION_IMPORTANCE_MACRO_F1,9,5,S1:EMAd_0.001,-2.817825221952397e-05,5.635650443904794e-05,61,EXECUTED
EXP-XAI-0001,MODEL-C3,PERMUTATION_IMPORTANCE_MACRO_F1,9,6,S1:EMAd_0.01,-2.817825221952397e-05,5.635650443904794e-05,62,EXECUTED
EXP-XAI-0001,MODEL-C3,PERMUTATION_IMPORTANCE_MACRO_F1,9,7,S1:EMAd_0.1,0.0,0.0,43,EXECUTED
EXP-XAI-0001,MODEL-C3,PERMUTATION_IMPORTANCE_MACRO_F1,9,8,S2:dR,-0.00016975908205713042,5.773564191902114e-05,87,EXECUTED
EXP-XAI-0001,MODEL-C3,PERMUTATION_IMPORTANCE_MACRO_F1,9,9,S2:dR_norm,0.00020752061558948487,0.0006287504313098503,24,EXECUTED
EXP-XAI-0001,MODEL-C3,PERMUTATION_IMPORTANCE_MACRO_F1,9,10,S2:EMAi_0.001,-0.00011271300887809588,5.635650443904794e-05,73,EXECUTED
EXP-XAI-0001,MODEL-C3,PERMUTATION_IMPORTANCE_MACRO_F1,9,11,S2:EMAi_0.01,-2.8865997718630077e-05,0.00010433375750880355,64,EXECUTED
EXP-XAI-0001,MODEL-C3,PERMUTATION_IMPORTANCE_MACRO_F1,9,12,S2:EMAi_0.1,-0.00011271300887809588,5.635650443904794e-05,74,EXECUTED
EXP-XAI-0001,MODEL-C3,PERMUTATION_IMPORTANCE_MACRO_F1,9,13,S2:EMAd_0.001,-0.00011340257761808248,0.00010654232350002825,81,EXECUTED
EXP-XAI-0001,MODEL-C3,PERMUTATION_IMPORTANCE_MACRO_F1,9,14,S2:EMAd_0.01,8.247152016125359e-05,6.733771423557557e-05,27,EXECUTED
EXP-XAI-0001,MODEL-C3,PERMUTATION_IMPORTANCE_MACRO_F1,9,15,S2:EMAd_0.1,0.0,0.0,44,EXECUTED
EXP-XAI-0001,MODEL-C3,PERMUTATION_IMPORTANCE_MACRO_F1,9,16,S3:dR,0.000924339006637065,0.00030701687470918807,6,EXECUTED
EXP-XAI-0001,MODEL-C3,PERMUTATION_IMPORTANCE_MACRO_F1,9,17,S3:dR_norm,0.00010927602134624959,0.00010176330465070486,25,EXECUTED
EXP-XAI-0001,MODEL-C3,PERMUTATION_IMPORTANCE_MACRO_F1,9,18,S3:EMAi_0.001,-0.00022749472397615156,7.071143133682237e-05,92,EXECUTED
EXP-XAI-0001,MODEL-C3,PERMUTATION_IMPORTANCE_MACRO_F1,9,19,S3:EMAi_0.01,-0.0004097092593306706,0.0002905690947351965,98,EXECUTED
EXP-XAI-0001,MODEL-C3,PERMUTATION_IMPORTANCE_MACRO_F1,9,20,S3:EMAi_0.1,-0.00011271300887809588,5.635650443904794e-05,75,EXECUTED
EXP-XAI-0001,MODEL-C3,PERMUTATION_IMPORTANCE_MACRO_F1,9,21,S3:EMAd_0.001,-0.0002873067838392862,0.00016191544671025356,95,EXECUTED
EXP-XAI-0001,MODEL-C3,PERMUTATION_IMPORTANCE_MACRO_F1,9,22,S3:EMAd_0.01,-0.00014158082983760644,9.020171517460275e-05,84,EXECUTED
EXP-XAI-0001,MODEL-C3,PERMUTATION_IMPORTANCE_MACRO_F1,9,23,S3:EMAd_0.1,0.0004007102550406483,0.00011528816679744994,17,EXECUTED
EXP-XAI-0001,MODEL-C3,PERMUTATION_IMPORTANCE_MACRO_F1,9,24,S4:dR,0.0005162942322648134,0.00035729809806971834,14,EXECUTED
EXP-XAI-0001,MODEL-C3,PERMUTATION_IMPORTANCE_MACRO_F1,9,25,S4:dR_norm,0.0,0.0,45,EXECUTED
EXP-XAI-0001,MODEL-C3,PERMUTATION_IMPORTANCE_MACRO_F1,9,26,S4:EMAi_0.001,-0.00011271300887809588,5.635650443904794e-05,76,EXECUTED
EXP-XAI-0001,MODEL-C3,PERMUTATION_IMPORTANCE_MACRO_F1,9,27,S4:EMAi_0.01,-0.00020000794740623884,0.00014734545348353854,91,EXECUTED
EXP-XAI-0001,MODEL-C3,PERMUTATION_IMPORTANCE_MACRO_F1,9,28,S4:EMAi_0.1,0.0,0.0,46,EXECUTED
EXP-XAI-0001,MODEL-C3,PERMUTATION_IMPORTANCE_MACRO_F1,9,29,S4:EMAd_0.001,-2.817825221952397e-05,5.635650443904794e-05,63,EXECUTED
EXP-XAI-0001,MODEL-C3,PERMUTATION_IMPORTANCE_MACRO_F1,9,30,S4:EMAd_0.01,2.6802761221311756e-05,0.00010396615352653132,36,EXECUTED
EXP-XAI-0001,MODEL-C3,PERMUTATION_IMPORTANCE_MACRO_F1,9,31,S4:EMAd_0.1,0.00024330018432409118,0.00013174683615756695,23,EXECUTED
EXP-XAI-0001,MODEL-C3,PERMUTATION_IMPORTANCE_MACRO_F1,9,32,S5:dR,0.0009806181378066714,8.393157340329427e-05,3,EXECUTED
EXP-XAI-0001,MODEL-C3,PERMUTATION_IMPORTANCE_MACRO_F1,9,33,S5:dR_norm,0.0004522692786762983,0.00010038695127410068,15,EXECUTED
EXP-XAI-0001,MODEL-C3,PERMUTATION_IMPORTANCE_MACRO_F1,9,34,S5:EMAi_0.001,-0.0006785288263347567,0.00015768174887762586,109,EXECUTED
EXP-XAI-0001,MODEL-C3,PERMUTATION_IMPORTANCE_MACRO_F1,9,35,S5:EMAi_0.01,-0.002968171871994335,0.0006201403461850528,126,EXECUTED
EXP-XAI-0001,MODEL-C3,PERMUTATION_IMPORTANCE_MACRO_F1,9,36,S5:EMAi_0.1,0.0015546275921828167,0.00034776548155333257,1,EXECUTED
EXP-XAI-0001,MODEL-C3,PERMUTATION_IMPORTANCE_MACRO_F1,9,37,S5:EMAd_0.001,8.247152016125359e-05,6.733771423557557e-05,28,EXECUTED
EXP-XAI-0001,MODEL-C3,PERMUTATION_IMPORTANCE_MACRO_F1,9,38,S5:EMAd_0.01,2.7490506720417863e-05,5.4981013440835726e-05,35,EXECUTED
EXP-XAI-0001,MODEL-C3,PERMUTATION_IMPORTANCE_MACRO_F1,9,39,S5:EMAd_0.1,0.0014019568796940884,0.00013041753769706097,2,EXECUTED
EXP-XAI-0001,MODEL-C3,PERMUTATION_IMPORTANCE_MACRO_F1,9,40,S6:dR,0.000795466152164237,0.00011422286030182456,10,EXECUTED
EXP-XAI-0001,MODEL-C3,PERMUTATION_IMPORTANCE_MACRO_F1,9,41,S6:dR_norm,0.00034983549763437647,6.398104612454663e-05,20,EXECUTED
EXP-XAI-0001,MODEL-C3,PERMUTATION_IMPORTANCE_MACRO_F1,9,42,S6:EMAi_0.001,-0.0006173277576583591,0.0001801112873855162,105,EXECUTED
EXP-XAI-0001,MODEL-C3,PERMUTATION_IMPORTANCE_MACRO_F1,9,43,S6:EMAi_0.01,-0.0016040176189715094,0.0002555678026766925,123,EXECUTED
EXP-XAI-0001,MODEL-C3,PERMUTATION_IMPORTANCE_MACRO_F1,9,44,S6:EMAi_0.1,2.4051695947691075e-05,0.00020484110123022756,38,EXECUTED
EXP-XAI-0001,MODEL-C3,PERMUTATION_IMPORTANCE_MACRO_F1,9,45,S6:EMAd_0.001,5.4981013440835726e-05,6.733771423557559e-05,32,EXECUTED
EXP-XAI-0001,MODEL-C3,PERMUTATION_IMPORTANCE_MACRO_F1,9,46,S6:EMAd_0.01,5.4981013440835726e-05,6.733771423557559e-05,33,EXECUTED
EXP-XAI-0001,MODEL-C3,PERMUTATION_IMPORTANCE_MACRO_F1,9,47,S6:EMAd_0.1,0.0004013930290399481,8.152390374664624e-05,16,EXECUTED
EXP-XAI-0001,MODEL-C3,PERMUTATION_IMPORTANCE_MACRO_F1,9,48,S7:dR,0.000525856205747216,0.00017748772474684844,13,EXECUTED
EXP-XAI-0001,MODEL-C3,PERMUTATION_IMPORTANCE_MACRO_F1,9,49,S7:dR_norm,-0.0013771599978349368,0.002612998328234157,121,EXECUTED
EXP-XAI-0001,MODEL-C3,PERMUTATION_IMPORTANCE_MACRO_F1,9,50,S7:EMAi_0.001,-0.0008733139305412863,0.00034132343942254337,115,EXECUTED
EXP-XAI-0001,MODEL-C3,PERMUTATION_IMPORTANCE_MACRO_F1,9,51,S7:EMAi_0.01,-0.0014394762934550776,0.0004475368349992675,122,EXECUTED
EXP-XAI-0001,MODEL-C3,PERMUTATION_IMPORTANCE_MACRO_F1,9,52,S7:EMAi_0.1,-0.0005272608590177307,0.00022828198941160857,104,EXECUTED
EXP-XAI-0001,MODEL-C3,PERMUTATION_IMPORTANCE_MACRO_F1,9,53,S7:EMAd_0.001,-0.0008381633423201085,0.00025690381836235347,114,EXECUTED
EXP-XAI-0001,MODEL-C3,PERMUTATION_IMPORTANCE_MACRO_F1,9,54,S7:EMAd_0.01,-0.0007129747152538002,0.00027333284191522866,110,EXECUTED
EXP-XAI-0001,MODEL-C3,PERMUTATION_IMPORTANCE_MACRO_F1,9,55,S7:EMAd_0.1,-0.0004976995714133292,0.0002460998294737523,103,EXECUTED
EXP-XAI-0001,MODEL-C3,PERMUTATION_IMPORTANCE_MACRO_F1,9,56,S8:dR,0.0008636284781539716,0.00016919345694024524,8,EXECUTED
EXP-XAI-0001,MODEL-C3,PERMUTATION_IMPORTANCE_MACRO_F1,9,57,S8:dR_norm,-8.797539067217919e-05,0.00020859694196113083,72,EXECUTED
EXP-XAI-0001,MODEL-C3,PERMUTATION_IMPORTANCE_MACRO_F1,9,58,S8:EMAi_0.001,-0.0006250210569029524,0.00038398841592434123,106,EXECUTED
EXP-XAI-0001,MODEL-C3,PERMUTATION_IMPORTANCE_MACRO_F1,9,59,S8:EMAi_0.01,-0.0012671478422979165,0.0003860388696983532,119,EXECUTED
EXP-XAI-0001,MODEL-C3,PERMUTATION_IMPORTANCE_MACRO_F1,9,60,S8:EMAi_0.1,-0.0003182550892616709,0.00022006839402757128,96,EXECUTED
EXP-XAI-0001,MODEL-C3,PERMUTATION_IMPORTANCE_MACRO_F1,9,61,S8:EMAd_0.001,-0.0007439230206761849,0.00026566318212369337,111,EXECUTED
EXP-XAI-0001,MODEL-C3,PERMUTATION_IMPORTANCE_MACRO_F1,9,62,S8:EMAd_0.01,-0.0007467276520873756,0.000337314150964627,112,EXECUTED
EXP-XAI-0001,MODEL-C3,PERMUTATION_IMPORTANCE_MACRO_F1,9,63,S8:EMAd_0.1,0.00029691084374694476,9.883344603197862e-05,22,EXECUTED
EXP-XAI-0001,MODEL-C3,PERMUTATION_IMPORTANCE_MACRO_F1,9,64,S9:dR,-8.453475665857191e-05,6.902233978128128e-05,68,EXECUTED
EXP-XAI-0001,MODEL-C3,PERMUTATION_IMPORTANCE_MACRO_F1,9,65,S9:dR_norm,-0.00017182969518671486,0.00016798317787573714,90,EXECUTED
EXP-XAI-0001,MODEL-C3,PERMUTATION_IMPORTANCE_MACRO_F1,9,66,S9:EMAi_0.001,-0.00011271300887809588,5.635650443904794e-05,77,EXECUTED
EXP-XAI-0001,MODEL-C3,PERMUTATION_IMPORTANCE_MACRO_F1,9,67,S9:EMAi_0.01,-5.635650443904794e-05,6.902233978128128e-05,66,EXECUTED
EXP-XAI-0001,MODEL-C3,PERMUTATION_IMPORTANCE_MACRO_F1,9,68,S9:EMAi_0.1,-0.00011271300887809588,5.635650443904794e-05,78,EXECUTED
EXP-XAI-0001,MODEL-C3,PERMUTATION_IMPORTANCE_MACRO_F1,9,69,S9:EMAd_0.001,0.0,0.0,47,EXECUTED
EXP-XAI-0001,MODEL-C3,PERMUTATION_IMPORTANCE_MACRO_F1,9,70,S9:EMAd_0.01,0.0,0.0,48,EXECUTED
EXP-XAI-0001,MODEL-C3,PERMUTATION_IMPORTANCE_MACRO_F1,9,71,S9:EMAd_0.1,0.0,0.0,49,EXECUTED
EXP-XAI-0001,MODEL-C3,PERMUTATION_IMPORTANCE_MACRO_F1,9,72,S10:dR,0.0,0.0,50,EXECUTED
EXP-XAI-0001,MODEL-C3,PERMUTATION_IMPORTANCE_MACRO_F1,9,73,S10:dR_norm,-0.00025774358932526,0.0001410124445560204,93,EXECUTED
EXP-XAI-0001,MODEL-C3,PERMUTATION_IMPORTANCE_MACRO_F1,9,74,S10:EMAi_0.001,0.0,0.0,51,EXECUTED
EXP-XAI-0001,MODEL-C3,PERMUTATION_IMPORTANCE_MACRO_F1,9,75,S10:EMAi_0.01,0.0,0.0,52,EXECUTED
EXP-XAI-0001,MODEL-C3,PERMUTATION_IMPORTANCE_MACRO_F1,9,76,S10:EMAi_0.1,0.0,0.0,53,EXECUTED
EXP-XAI-0001,MODEL-C3,PERMUTATION_IMPORTANCE_MACRO_F1,9,77,S10:EMAd_0.001,0.0,0.0,54,EXECUTED
EXP-XAI-0001,MODEL-C3,PERMUTATION_IMPORTANCE_MACRO_F1,9,78,S10:EMAd_0.01,0.0,0.0,55,EXECUTED
EXP-XAI-0001,MODEL-C3,PERMUTATION_IMPORTANCE_MACRO_F1,9,79,S10:EMAd_0.1,0.0,0.0,56,EXECUTED
EXP-XAI-0001,MODEL-C3,PERMUTATION_IMPORTANCE_MACRO_F1,9,80,S11:dR,0.000933144229867272,0.00015692164945535942,4,EXECUTED
EXP-XAI-0001,MODEL-C3,PERMUTATION_IMPORTANCE_MACRO_F1,9,81,S11:dR_norm,-5.635650443904794e-05,6.902233978128128e-05,67,EXECUTED
EXP-XAI-0001,MODEL-C3,PERMUTATION_IMPORTANCE_MACRO_F1,9,82,S11:EMAi_0.001,-0.00014158082983760644,9.020171517460275e-05,85,EXECUTED
EXP-XAI-0001,MODEL-C3,PERMUTATION_IMPORTANCE_MACRO_F1,9,83,S11:EMAi_0.01,-0.00026120901608263635,0.00025537223318565917,94,EXECUTED
EXP-XAI-0001,MODEL-C3,PERMUTATION_IMPORTANCE_MACRO_F1,9,84,S11:EMAi_0.1,-8.453475665857191e-05,6.902233978128128e-05,69,EXECUTED
EXP-XAI-0001,MODEL-C3,PERMUTATION_IMPORTANCE_MACRO_F1,9,85,S11:EMAd_0.001,-0.00017114012644672827,0.00014185808391741728,89,EXECUTED
EXP-XAI-0001,MODEL-C3,PERMUTATION_IMPORTANCE_MACRO_F1,9,86,S11:EMAd_0.01,-6.877454991061072e-07,8.802406657040275e-05,60,EXECUTED
EXP-XAI-0001,MODEL-C3,PERMUTATION_IMPORTANCE_MACRO_F1,9,87,S11:EMAd_0.1,-2.8865997718630077e-05,0.00010433375750880353,65,EXECUTED
EXP-XAI-0001,MODEL-C3,PERMUTATION_IMPORTANCE_MACRO_F1,9,88,S12:dR,0.0008409080914531352,0.00015592316484102967,9,EXECUTED
EXP-XAI-0001,MODEL-C3,PERMUTATION_IMPORTANCE_MACRO_F1,9,89,S12:dR_norm,-8.52243253985585e-05,0.0001139217107352017,70,EXECUTED
EXP-XAI-0001,MODEL-C3,PERMUTATION_IMPORTANCE_MACRO_F1,9,90,S12:EMAi_0.001,-0.00014158082983760644,9.020171517460275e-05,86,EXECUTED
EXP-XAI-0001,MODEL-C3,PERMUTATION_IMPORTANCE_MACRO_F1,9,91,S12:EMAi_0.01,-0.00040901969059068397,0.00027688234931347945,97,EXECUTED
EXP-XAI-0001,MODEL-C3,PERMUTATION_IMPORTANCE_MACRO_F1,9,92,S12:EMAi_0.1,0.0,0.0,57,EXECUTED
EXP-XAI-0001,MODEL-C3,PERMUTATION_IMPORTANCE_MACRO_F1,9,93,S12:EMAd_0.001,-0.00011271300887809588,5.635650443904794e-05,79,EXECUTED
EXP-XAI-0001,MODEL-C3,PERMUTATION_IMPORTANCE_MACRO_F1,9,94,S12:EMAd_0.01,-0.00011271300887809588,5.635650443904794e-05,80,EXECUTED
EXP-XAI-0001,MODEL-C3,PERMUTATION_IMPORTANCE_MACRO_F1,9,95,S12:EMAd_0.1,8.247152016125359e-05,6.733771423557557e-05,29,EXECUTED
EXP-XAI-0001,MODEL-C3,PERMUTATION_IMPORTANCE_MACRO_F1,9,96,S13:dR,0.0007486695400302334,8.900059262632332e-05,11,EXECUTED
EXP-XAI-0001,MODEL-C3,PERMUTATION_IMPORTANCE_MACRO_F1,9,97,S13:dR_norm,0.0003759556503368122,5.224030540487146e-05,18,EXECUTED
EXP-XAI-0001,MODEL-C3,PERMUTATION_IMPORTANCE_MACRO_F1,9,98,S13:EMAi_0.001,-0.0012340853518368721,0.00039000257240483303,118,EXECUTED
EXP-XAI-0001,MODEL-C3,PERMUTATION_IMPORTANCE_MACRO_F1,9,99,S13:EMAi_0.01,-0.0036498726650301015,0.0009889957233296923,128,EXECUTED
EXP-XAI-0001,MODEL-C3,PERMUTATION_IMPORTANCE_MACRO_F1,9,100,S13:EMAi_0.1,-0.001894712242742691,0.00044195565010396275,124,EXECUTED
EXP-XAI-0001,MODEL-C3,PERMUTATION_IMPORTANCE_MACRO_F1,9,101,S13:EMAd_0.001,8.247152016125359e-05,6.733771423557557e-05,30,EXECUTED
EXP-XAI-0001,MODEL-C3,PERMUTATION_IMPORTANCE_MACRO_F1,9,102,S13:EMAd_0.01,8.247152016125359e-05,6.733771423557557e-05,31,EXECUTED
EXP-XAI-0001,MODEL-C3,PERMUTATION_IMPORTANCE_MACRO_F1,9,103,S13:EMAd_0.1,0.00010927602134624959,0.00010176330465070486,26,EXECUTED
EXP-XAI-0001,MODEL-C3,PERMUTATION_IMPORTANCE_MACRO_F1,9,104,S14:dR,0.0007486695400302334,8.900059262632332e-05,12,EXECUTED
EXP-XAI-0001,MODEL-C3,PERMUTATION_IMPORTANCE_MACRO_F1,9,105,S14:dR_norm,0.00034983549763437647,6.398104612454663e-05,21,EXECUTED
EXP-XAI-0001,MODEL-C3,PERMUTATION_IMPORTANCE_MACRO_F1,9,106,S14:EMAi_0.001,-0.0019298371238782308,0.000405776949032317,125,EXECUTED
EXP-XAI-0001,MODEL-C3,PERMUTATION_IMPORTANCE_MACRO_F1,9,107,S14:EMAi_0.01,-0.0033571045035707403,0.000989551694623941,127,EXECUTED
EXP-XAI-0001,MODEL-C3,PERMUTATION_IMPORTANCE_MACRO_F1,9,108,S14:EMAi_0.1,-0.0011932966463780391,0.00019307633232168228,117,EXECUTED
EXP-XAI-0001,MODEL-C3,PERMUTATION_IMPORTANCE_MACRO_F1,9,109,S14:EMAd_0.001,0.0,0.0,58,EXECUTED
EXP-XAI-0001,MODEL-C3,PERMUTATION_IMPORTANCE_MACRO_F1,9,110,S14:EMAd_0.01,0.0,0.0,59,EXECUTED
EXP-XAI-0001,MODEL-C3,PERMUTATION_IMPORTANCE_MACRO_F1,9,111,S14:EMAd_0.1,0.0003752728763375124,9.664123379096913e-05,19,EXECUTED
EXP-XAI-0001,MODEL-C3,PERMUTATION_IMPORTANCE_MACRO_F1,9,112,S15:dR,0.0009063634037206169,0.0002327468487735835,7,EXECUTED
EXP-XAI-0001,MODEL-C3,PERMUTATION_IMPORTANCE_MACRO_F1,9,113,S15:dR_norm,-0.00014089126109761985,0.0,82,EXECUTED
EXP-XAI-0001,MODEL-C3,PERMUTATION_IMPORTANCE_MACRO_F1,9,114,S15:EMAi_0.001,-0.0004681402748042074,0.00026054461134954415,100,EXECUTED
EXP-XAI-0001,MODEL-C3,PERMUTATION_IMPORTANCE_MACRO_F1,9,115,S15:EMAi_0.01,-0.0009387081248827145,0.00036978298066246956,116,EXECUTED
EXP-XAI-0001,MODEL-C3,PERMUTATION_IMPORTANCE_MACRO_F1,9,116,S15:EMAi_0.1,2.6116755685889893e-05,0.00013426736007095635,37,EXECUTED
EXP-XAI-0001,MODEL-C3,PERMUTATION_IMPORTANCE_MACRO_F1,9,117,S15:EMAd_0.001,-0.0006531626553906656,0.0003231323083489792,108,EXECUTED
EXP-XAI-0001,MODEL-C3,PERMUTATION_IMPORTANCE_MACRO_F1,9,118,S15:EMAd_0.01,-0.000497008095763718,0.00022874214079913232,101,EXECUTED
EXP-XAI-0001,MODEL-C3,PERMUTATION_IMPORTANCE_MACRO_F1,9,119,S15:EMAd_0.1,-0.00014089126109761985,0.0,83,EXECUTED
EXP-XAI-0001,MODEL-C3,PERMUTATION_IMPORTANCE_MACRO_F1,9,120,S16:dR,0.0009304396291537842,0.0002104560870378305,5,EXECUTED
EXP-XAI-0001,MODEL-C3,PERMUTATION_IMPORTANCE_MACRO_F1,9,121,S16:dR_norm,-0.00016975908205713042,5.773564191902114e-05,88,EXECUTED
EXP-XAI-0001,MODEL-C3,PERMUTATION_IMPORTANCE_MACRO_F1,9,122,S16:EMAi_0.001,-0.0007853448034897015,0.0004613543236986789,113,EXECUTED
EXP-XAI-0001,MODEL-C3,PERMUTATION_IMPORTANCE_MACRO_F1,9,123,S16:EMAi_0.01,-0.0013382002031858964,0.00045998738140802574,120,EXECUTED
EXP-XAI-0001,MODEL-C3,PERMUTATION_IMPORTANCE_MACRO_F1,9,124,S16:EMAi_0.1,-0.00043788751155019454,0.00025400132423991813,99,EXECUTED
EXP-XAI-0001,MODEL-C3,PERMUTATION_IMPORTANCE_MACRO_F1,9,125,S16:EMAd_0.001,-0.0006496737144683462,0.00023395430413128656,107,EXECUTED
EXP-XAI-0001,MODEL-C3,PERMUTATION_IMPORTANCE_MACRO_F1,9,126,S16:EMAd_0.01,-0.000497008095763718,0.00022874214079913232,102,EXECUTED
EXP-XAI-0001,MODEL-C3,PERMUTATION_IMPORTANCE_MACRO_F1,9,127,S16:EMAd_0.1,5.4981013440835726e-05,6.733771423557559e-05,34,EXECUTED
EXP-XAI-0001,MODEL-C3,PERMUTATION_IMPORTANCE_MACRO_F1,10,0,S1:dR,0.002022900079733081,0.0012250587909127958,91,EXECUTED
EXP-XAI-0001,MODEL-C3,PERMUTATION_IMPORTANCE_MACRO_F1,10,1,S1:dR_norm,-0.004234003815364329,0.0008499521151816555,121,EXECUTED
EXP-XAI-0001,MODEL-C3,PERMUTATION_IMPORTANCE_MACRO_F1,10,2,S1:EMAi_0.001,0.00164742860173549,0.00124169859586573,98,EXECUTED
EXP-XAI-0001,MODEL-C3,PERMUTATION_IMPORTANCE_MACRO_F1,10,3,S1:EMAi_0.01,0.0017373161198691923,0.0013319075373576011,95,EXECUTED
EXP-XAI-0001,MODEL-C3,PERMUTATION_IMPORTANCE_MACRO_F1,10,4,S1:EMAi_0.1,0.00047707337218947374,0.0014862663634321823,113,EXECUTED
EXP-XAI-0001,MODEL-C3,PERMUTATION_IMPORTANCE_MACRO_F1,10,5,S1:EMAd_0.001,0.0012513622250513335,0.0007814210665499739,105,EXECUTED
EXP-XAI-0001,MODEL-C3,PERMUTATION_IMPORTANCE_MACRO_F1,10,6,S1:EMAd_0.01,0.003256445944353148,0.0007259792594012142,71,EXECUTED
EXP-XAI-0001,MODEL-C3,PERMUTATION_IMPORTANCE_MACRO_F1,10,7,S1:EMAd_0.1,0.005646638334807519,0.0014393880164731876,35,EXECUTED
EXP-XAI-0001,MODEL-C3,PERMUTATION_IMPORTANCE_MACRO_F1,10,8,S2:dR,0.0019175410618502587,0.0018021395292257744,92,EXECUTED
EXP-XAI-0001,MODEL-C3,PERMUTATION_IMPORTANCE_MACRO_F1,10,9,S2:dR_norm,-0.014792794515584805,0.001112457710448079,124,EXECUTED
EXP-XAI-0001,MODEL-C3,PERMUTATION_IMPORTANCE_MACRO_F1,10,10,S2:EMAi_0.001,0.0010796386018789073,0.0012769119408556568,107,EXECUTED
EXP-XAI-0001,MODEL-C3,PERMUTATION_IMPORTANCE_MACRO_F1,10,11,S2:EMAi_0.01,0.00025361743645017085,0.001642222495893831,115,EXECUTED
EXP-XAI-0001,MODEL-C3,PERMUTATION_IMPORTANCE_MACRO_F1,10,12,S2:EMAi_0.1,0.000327497895106732,0.0012226647977024486,114,EXECUTED
EXP-XAI-0001,MODEL-C3,PERMUTATION_IMPORTANCE_MACRO_F1,10,13,S2:EMAd_0.001,0.001252735159341789,0.001365485322288453,104,EXECUTED
EXP-XAI-0001,MODEL-C3,PERMUTATION_IMPORTANCE_MACRO_F1,10,14,S2:EMAd_0.01,0.005708860569811169,0.0025030227371277466,34,EXECUTED
EXP-XAI-0001,MODEL-C3,PERMUTATION_IMPORTANCE_MACRO_F1,10,15,S2:EMAd_0.1,0.0104990607394309,0.0023379695334297384,6,EXECUTED
EXP-XAI-0001,MODEL-C3,PERMUTATION_IMPORTANCE_MACRO_F1,10,16,S3:dR,0.007507486703752619,0.0013127920463967204,15,EXECUTED
EXP-XAI-0001,MODEL-C3,PERMUTATION_IMPORTANCE_MACRO_F1,10,17,S3:dR_norm,0.004739241862662558,0.001894878465084598,46,EXECUTED
EXP-XAI-0001,MODEL-C3,PERMUTATION_IMPORTANCE_MACRO_F1,10,18,S3:EMAi_0.001,0.004102195571270039,0.0012210280770229708,53,EXECUTED
EXP-XAI-0001,MODEL-C3,PERMUTATION_IMPORTANCE_MACRO_F1,10,19,S3:EMAi_0.01,0.004929030499193199,0.0009793368991868174,43,EXECUTED
EXP-XAI-0001,MODEL-C3,PERMUTATION_IMPORTANCE_MACRO_F1,10,20,S3:EMAi_0.1,0.0032465672954872906,0.0011180733621046833,73,EXECUTED
EXP-XAI-0001,MODEL-C3,PERMUTATION_IMPORTANCE_MACRO_F1,10,21,S3:EMAd_0.001,0.0038614828144084568,0.0010612712746212677,62,EXECUTED
EXP-XAI-0001,MODEL-C3,PERMUTATION_IMPORTANCE_MACRO_F1,10,22,S3:EMAd_0.01,0.0040587746326367635,0.0009028812058036824,54,EXECUTED
EXP-XAI-0001,MODEL-C3,PERMUTATION_IMPORTANCE_MACRO_F1,10,23,S3:EMAd_0.1,0.00996504787548902,0.001468734729201562,8,EXECUTED
EXP-XAI-0001,MODEL-C3,PERMUTATION_IMPORTANCE_MACRO_F1,10,24,S4:dR,0.014599466900285208,0.0015503759948226241,3,EXECUTED
EXP-XAI-0001,MODEL-C3,PERMUTATION_IMPORTANCE_MACRO_F1,10,25,S4:dR_norm,0.006180941482423774,0.0015493798927116993,28,EXECUTED
EXP-XAI-0001,MODEL-C3,PERMUTATION_IMPORTANCE_MACRO_F1,10,26,S4:EMAi_0.001,0.004127361984842126,0.0008333954688858236,52,EXECUTED
EXP-XAI-0001,MODEL-C3,PERMUTATION_IMPORTANCE_MACRO_F1,10,27,S4:EMAi_0.01,0.003998738661617684,0.0013692013695882897,57,EXECUTED
EXP-XAI-0001,MODEL-C3,PERMUTATION_IMPORTANCE_MACRO_F1,10,28,S4:EMAi_0.1,0.0021185516664975037,0.00035156491037953853,89,EXECUTED
EXP-XAI-0001,MODEL-C3,PERMUTATION_IMPORTANCE_MACRO_F1,10,29,S4:EMAd_0.001,0.0032884791216233333,0.0009924050327714854,70,EXECUTED
EXP-XAI-0001,MODEL-C3,PERMUTATION_IMPORTANCE_MACRO_F1,10,30,S4:EMAd_0.01,0.0033925876166384095,0.000792010804278732,68,EXECUTED
EXP-XAI-0001,MODEL-C3,PERMUTATION_IMPORTANCE_MACRO_F1,10,31,S4:EMAd_0.1,0.008936799453310273,0.0005065195039492192,10,EXECUTED
EXP-XAI-0001,MODEL-C3,PERMUTATION_IMPORTANCE_MACRO_F1,10,32,S5:dR,0.005943906605933924,0.0012189381269085563,31,EXECUTED
EXP-XAI-0001,MODEL-C3,PERMUTATION_IMPORTANCE_MACRO_F1,10,33,S5:dR_norm,0.0068307948467336566,0.0015744301046882524,22,EXECUTED
EXP-XAI-0001,MODEL-C3,PERMUTATION_IMPORTANCE_MACRO_F1,10,34,S5:EMAi_0.001,0.003771420029063588,0.0012422085902732331,64,EXECUTED
EXP-XAI-0001,MODEL-C3,PERMUTATION_IMPORTANCE_MACRO_F1,10,35,S5:EMAi_0.01,0.005786042367017541,0.001468768269875278,32,EXECUTED
EXP-XAI-0001,MODEL-C3,PERMUTATION_IMPORTANCE_MACRO_F1,10,36,S5:EMAi_0.1,-0.0023479965182022777,0.00042337067063049174,119,EXECUTED
EXP-XAI-0001,MODEL-C3,PERMUTATION_IMPORTANCE_MACRO_F1,10,37,S5:EMAd_0.001,0.003829182474317727,0.0006076300349987805,63,EXECUTED
EXP-XAI-0001,MODEL-C3,PERMUTATION_IMPORTANCE_MACRO_F1,10,38,S5:EMAd_0.01,0.0018487814337889152,0.0007530946441322724,93,EXECUTED
EXP-XAI-0001,MODEL-C3,PERMUTATION_IMPORTANCE_MACRO_F1,10,39,S5:EMAd_0.1,0.0007129116442787797,0.001460566323794106,111,EXECUTED
EXP-XAI-0001,MODEL-C3,PERMUTATION_IMPORTANCE_MACRO_F1,10,40,S6:dR,0.005070683275555632,0.0003478332920361024,39,EXECUTED
EXP-XAI-0001,MODEL-C3,PERMUTATION_IMPORTANCE_MACRO_F1,10,41,S6:dR_norm,0.006546714957592392,0.0012689154896348657,23,EXECUTED
EXP-XAI-0001,MODEL-C3,PERMUTATION_IMPORTANCE_MACRO_F1,10,42,S6:EMAi_0.001,0.0026979553950114755,0.0014722418875697414,81,EXECUTED
EXP-XAI-0001,MODEL-C3,PERMUTATION_IMPORTANCE_MACRO_F1,10,43,S6:EMAi_0.01,0.003317452564880552,0.0012406228138419054,69,EXECUTED
EXP-XAI-0001,MODEL-C3,PERMUTATION_IMPORTANCE_MACRO_F1,10,44,S6:EMAi_0.1,0.002880713208667185,0.0006218108540139267,79,EXECUTED
EXP-XAI-0001,MODEL-C3,PERMUTATION_IMPORTANCE_MACRO_F1,10,45,S6:EMAd_0.001,0.0031282887122598634,0.0010255479980911498,77,EXECUTED
EXP-XAI-0001,MODEL-C3,PERMUTATION_IMPORTANCE_MACRO_F1,10,46,S6:EMAd_0.01,0.002571060269039971,0.0005852831057743695,84,EXECUTED
EXP-XAI-0001,MODEL-C3,PERMUTATION_IMPORTANCE_MACRO_F1,10,47,S6:EMAd_0.1,-0.007879263020898197,0.0020730674473244315,123,EXECUTED
EXP-XAI-0001,MODEL-C3,PERMUTATION_IMPORTANCE_MACRO_F1,10,48,S7:dR,0.006115335832318491,0.0018506330248349604,29,EXECUTED
EXP-XAI-0001,MODEL-C3,PERMUTATION_IMPORTANCE_MACRO_F1,10,49,S7:dR_norm,0.0025916137299402007,0.0010083056970574256,83,EXECUTED
EXP-XAI-0001,MODEL-C3,PERMUTATION_IMPORTANCE_MACRO_F1,10,50,S7:EMAi_0.001,0.0032541656621584147,0.0013588766315143224,72,EXECUTED
EXP-XAI-0001,MODEL-C3,PERMUTATION_IMPORTANCE_MACRO_F1,10,51,S7:EMAi_0.01,0.005147717121708062,0.0014174762122025949,37,EXECUTED
EXP-XAI-0001,MODEL-C3,PERMUTATION_IMPORTANCE_MACRO_F1,10,52,S7:EMAi_0.1,0.001334309948297452,0.0017285514093834929,102,EXECUTED
EXP-XAI-0001,MODEL-C3,PERMUTATION_IMPORTANCE_MACRO_F1,10,53,S7:EMAd_0.001,0.007222736283934106,0.001631659079879356,19,EXECUTED
EXP-XAI-0001,MODEL-C3,PERMUTATION_IMPORTANCE_MACRO_F1,10,54,S7:EMAd_0.01,0.0069890917680140215,0.0016066232913189964,20,EXECUTED
EXP-XAI-0001,MODEL-C3,PERMUTATION_IMPORTANCE_MACRO_F1,10,55,S7:EMAd_0.1,0.007287382864561198,0.0008139201288261613,17,EXECUTED
EXP-XAI-0001,MODEL-C3,PERMUTATION_IMPORTANCE_MACRO_F1,10,56,S8:dR,0.0073231594699209035,0.0018327614142535549,16,EXECUTED
EXP-XAI-0001,MODEL-C3,PERMUTATION_IMPORTANCE_MACRO_F1,10,57,S8:dR_norm,0.001468505458345315,0.0008043272254717055,100,EXECUTED
EXP-XAI-0001,MODEL-C3,PERMUTATION_IMPORTANCE_MACRO_F1,10,58,S8:EMAi_0.001,0.003193825540127382,0.0021484003795406528,76,EXECUTED
EXP-XAI-0001,MODEL-C3,PERMUTATION_IMPORTANCE_MACRO_F1,10,59,S8:EMAi_0.01,0.004658542794272224,0.001366781937960156,47,EXECUTED
EXP-XAI-0001,MODEL-C3,PERMUTATION_IMPORTANCE_MACRO_F1,10,60,S8:EMAi_0.1,0.001663821094911888,0.0011671106654710093,97,EXECUTED
EXP-XAI-0001,MODEL-C3,PERMUTATION_IMPORTANCE_MACRO_F1,10,61,S8:EMAd_0.001,0.007256454497401532,0.0015495599025404018,18,EXECUTED
EXP-XAI-0001,MODEL-C3,PERMUTATION_IMPORTANCE_MACRO_F1,10,62,S8:EMAd_0.01,0.006492407383631338,0.0013561181515487444,24,EXECUTED
EXP-XAI-0001,MODEL-C3,PERMUTATION_IMPORTANCE_MACRO_F1,10,63,S8:EMAd_0.1,0.0078162207243613,0.0016411051809469039,12,EXECUTED
EXP-XAI-0001,MODEL-C3,PERMUTATION_IMPORTANCE_MACRO_F1,10,64,S9:dR,0.0013965846331843502,0.0015097241236723734,101,EXECUTED
EXP-XAI-0001,MODEL-C3,PERMUTATION_IMPORTANCE_MACRO_F1,10,65,S9:dR_norm,-0.01575252121039882,0.001668742160690797,126,EXECUTED
EXP-XAI-0001,MODEL-C3,PERMUTATION_IMPORTANCE_MACRO_F1,10,66,S9:EMAi_0.001,-0.00023492118614194536,0.0015237084914345876,117,EXECUTED
EXP-XAI-0001,MODEL-C3,PERMUTATION_IMPORTANCE_MACRO_F1,10,67,S9:EMAi_0.01,-0.001284268620713347,0.0011940842517688282,118,EXECUTED
EXP-XAI-0001,MODEL-C3,PERMUTATION_IMPORTANCE_MACRO_F1,10,68,S9:EMAi_0.1,-0.004704547946168314,0.0019170291834232432,122,EXECUTED
EXP-XAI-0001,MODEL-C3,PERMUTATION_IMPORTANCE_MACRO_F1,10,69,S9:EMAd_0.001,0.0009123147814690258,0.0016265592011931534,109,EXECUTED
EXP-XAI-0001,MODEL-C3,PERMUTATION_IMPORTANCE_MACRO_F1,10,70,S9:EMAd_0.01,0.003069445211876065,0.001618063760102745,78,EXECUTED
EXP-XAI-0001,MODEL-C3,PERMUTATION_IMPORTANCE_MACRO_F1,10,71,S9:EMAd_0.1,0.004999227433828213,0.0017641604655372547,41,EXECUTED
EXP-XAI-0001,MODEL-C3,PERMUTATION_IMPORTANCE_MACRO_F1,10,72,S10:dR,0.0014868377087705275,0.001735310836757621,99,EXECUTED
EXP-XAI-0001,MODEL-C3,PERMUTATION_IMPORTANCE_MACRO_F1,10,73,S10:dR_norm,-0.01538305809333219,0.0022140397524640903,125,EXECUTED
EXP-XAI-0001,MODEL-C3,PERMUTATION_IMPORTANCE_MACRO_F1,10,74,S10:EMAi_0.001,0.0005886037143132738,0.0011982799961346078,112,EXECUTED
EXP-XAI-0001,MODEL-C3,PERMUTATION_IMPORTANCE_MACRO_F1,10,75,S10:EMAi_0.01,-0.00010737608401916177,0.0014137330353938954,116,EXECUTED
EXP-XAI-0001,MODEL-C3,PERMUTATION_IMPORTANCE_MACRO_F1,10,76,S10:EMAi_0.1,-0.0023638697466513148,0.0021979717062927074,120,EXECUTED
EXP-XAI-0001,MODEL-C3,PERMUTATION_IMPORTANCE_MACRO_F1,10,77,S10:EMAd_0.001,0.0010199246577865084,0.0008027377792071191,108,EXECUTED
EXP-XAI-0001,MODEL-C3,PERMUTATION_IMPORTANCE_MACRO_F1,10,78,S10:EMAd_0.01,0.0036320448309572705,0.0015030118871523542,66,EXECUTED
EXP-XAI-0001,MODEL-C3,PERMUTATION_IMPORTANCE_MACRO_F1,10,79,S10:EMAd_0.1,0.0032406760954212022,0.0011019320931759016,75,EXECUTED
EXP-XAI-0001,MODEL-C3,PERMUTATION_IMPORTANCE_MACRO_F1,10,80,S11:dR,0.010450047905303106,0.001315222190366427,7,EXECUTED
EXP-XAI-0001,MODEL-C3,PERMUTATION_IMPORTANCE_MACRO_F1,10,81,S11:dR_norm,0.006430787282458483,0.0008772176728249787,25,EXECUTED
EXP-XAI-0001,MODEL-C3,PERMUTATION_IMPORTANCE_MACRO_F1,10,82,S11:EMAi_0.001,0.003864386619094573,0.0007014794114827108,61,EXECUTED
EXP-XAI-0001,MODEL-C3,PERMUTATION_IMPORTANCE_MACRO_F1,10,83,S11:EMAi_0.01,0.003982412428304316,0.0011909762004369908,59,EXECUTED
EXP-XAI-0001,MODEL-C3,PERMUTATION_IMPORTANCE_MACRO_F1,10,84,S11:EMAi_0.1,0.0023964402846525347,0.0010626449588029823,87,EXECUTED
EXP-XAI-0001,MODEL-C3,PERMUTATION_IMPORTANCE_MACRO_F1,10,85,S11:EMAd_0.001,0.0037134725057766825,0.001012050589504996,65,EXECUTED
EXP-XAI-0001,MODEL-C3,PERMUTATION_IMPORTANCE_MACRO_F1,10,86,S11:EMAd_0.01,0.004577112595763977,0.0007653040103980881,49,EXECUTED
EXP-XAI-0001,MODEL-C3,PERMUTATION_IMPORTANCE_MACRO_F1,10,87,S11:EMAd_0.1,0.014766591896841508,0.0005918977240429348,2,EXECUTED
EXP-XAI-0001,MODEL-C3,PERMUTATION_IMPORTANCE_MACRO_F1,10,88,S12:dR,0.009784377104413444,0.001174974837664788,9,EXECUTED
EXP-XAI-0001,MODEL-C3,PERMUTATION_IMPORTANCE_MACRO_F1,10,89,S12:dR_norm,0.0039885008055719155,0.00043501188656955617,58,EXECUTED
EXP-XAI-0001,MODEL-C3,PERMUTATION_IMPORTANCE_MACRO_F1,10,90,S12:EMAi_0.001,0.0022233168410911385,0.0006420210565352336,88,EXECUTED
EXP-XAI-0001,MODEL-C3,PERMUTATION_IMPORTANCE_MACRO_F1,10,91,S12:EMAi_0.01,0.002503301188792917,0.0008536083313229062,85,EXECUTED
EXP-XAI-0001,MODEL-C3,PERMUTATION_IMPORTANCE_MACRO_F1,10,92,S12:EMAi_0.1,0.0012769211890115927,0.00034772825991524184,103,EXECUTED
EXP-XAI-0001,MODEL-C3,PERMUTATION_IMPORTANCE_MACRO_F1,10,93,S12:EMAd_0.001,0.00324464477210199,0.0008566833711083638,74,EXECUTED
EXP-XAI-0001,MODEL-C3,PERMUTATION_IMPORTANCE_MACRO_F1,10,94,S12:EMAd_0.01,0.004169870364304629,0.0012864978214909872,51,EXECUTED
EXP-XAI-0001,MODEL-C3,PERMUTATION_IMPORTANCE_MACRO_F1,10,95,S12:EMAd_0.1,0.015091896881867961,0.001474446447225609,1,EXECUTED
EXP-XAI-0001,MODEL-C3,PERMUTATION_IMPORTANCE_MACRO_F1,10,96,S13:dR,0.006233531117752378,0.0014188986734738416,26,EXECUTED
EXP-XAI-0001,MODEL-C3,PERMUTATION_IMPORTANCE_MACRO_F1,10,97,S13:dR_norm,0.004964186706190909,0.0014035300815270952,42,EXECUTED
EXP-XAI-0001,MODEL-C3,PERMUTATION_IMPORTANCE_MACRO_F1,10,98,S13:EMAi_0.001,0.0027606476453396088,0.0007687913420203106,80,EXECUTED
EXP-XAI-0001,MODEL-C3,PERMUTATION_IMPORTANCE_MACRO_F1,10,99,S13:EMAi_0.01,0.005044485272267441,0.0014740094674980094,40,EXECUTED
EXP-XAI-0001,MODEL-C3,PERMUTATION_IMPORTANCE_MACRO_F1,10,100,S13:EMAi_0.1,0.005072664311361152,0.0014620894618365844,38,EXECUTED
EXP-XAI-0001,MODEL-C3,PERMUTATION_IMPORTANCE_MACRO_F1,10,101,S13:EMAd_0.001,0.004209134029372663,0.0012835938850568709,50,EXECUTED
EXP-XAI-0001,MODEL-C3,PERMUTATION_IMPORTANCE_MACRO_F1,10,102,S13:EMAd_0.01,0.00405419664424983,0.0005587427545503317,55,EXECUTED
EXP-XAI-0001,MODEL-C3,PERMUTATION_IMPORTANCE_MACRO_F1,10,103,S13:EMAd_0.1,-0.03077041662194687,0.0023803295792767837,128,EXECUTED
EXP-XAI-0001,MODEL-C3,PERMUTATION_IMPORTANCE_MACRO_F1,10,104,S14:dR,0.007743289013566623,0.0013801897654162072,13,EXECUTED
EXP-XAI-0001,MODEL-C3,PERMUTATION_IMPORTANCE_MACRO_F1,10,105,S14:dR_norm,0.00770344917351593,0.002036450320419374,14,EXECUTED
EXP-XAI-0001,MODEL-C3,PERMUTATION_IMPORTANCE_MACRO_F1,10,106,S14:EMAi_0.001,0.00521855984338182,0.0012979395934428286,36,EXECUTED
EXP-XAI-0001,MODEL-C3,PERMUTATION_IMPORTANCE_MACRO_F1,10,107,S14:EMAi_0.01,0.0059733666921638505,0.0015403879819053518,30,EXECUTED
EXP-XAI-0001,MODEL-C3,PERMUTATION_IMPORTANCE_MACRO_F1,10,108,S14:EMAi_0.1,0.002452875718983172,0.0008790475640461347,86,EXECUTED
EXP-XAI-0001,MODEL-C3,PERMUTATION_IMPORTANCE_MACRO_F1,10,109,S14:EMAd_0.001,0.00479139137043999,0.0009561271643139405,45,EXECUTED
EXP-XAI-0001,MODEL-C3,PERMUTATION_IMPORTANCE_MACRO_F1,10,110,S14:EMAd_0.01,0.004048783631781539,0.000918497399806217,56,EXECUTED
EXP-XAI-0001,MODEL-C3,PERMUTATION_IMPORTANCE_MACRO_F1,10,111,S14:EMAd_0.1,-0.022297083906532622,0.0029542275105777626,127,EXECUTED
EXP-XAI-0001,MODEL-C3,PERMUTATION_IMPORTANCE_MACRO_F1,10,112,S15:dR,0.008355682596626179,0.0018131641336518035,11,EXECUTED
EXP-XAI-0001,MODEL-C3,PERMUTATION_IMPORTANCE_MACRO_F1,10,113,S15:dR_norm,0.0017065766703579176,0.000873612844230643,96,EXECUTED
EXP-XAI-0001,MODEL-C3,PERMUTATION_IMPORTANCE_MACRO_F1,10,114,S15:EMAi_0.001,0.0026190539477640496,0.0014487561112531688,82,EXECUTED
EXP-XAI-0001,MODEL-C3,PERMUTATION_IMPORTANCE_MACRO_F1,10,115,S15:EMAi_0.01,0.0038896869003926526,0.0015463016530491544,60,EXECUTED
EXP-XAI-0001,MODEL-C3,PERMUTATION_IMPORTANCE_MACRO_F1,10,116,S15:EMAi_0.1,0.0021112438023070832,0.0017207269640891895,90,EXECUTED
EXP-XAI-0001,MODEL-C3,PERMUTATION_IMPORTANCE_MACRO_F1,10,117,S15:EMAd_0.001,0.005766496316858738,0.001213026860169183,33,EXECUTED
EXP-XAI-0001,MODEL-C3,PERMUTATION_IMPORTANCE_MACRO_F1,10,118,S15:EMAd_0.01,0.00488517032975766,0.0007740667619767162,44,EXECUTED
EXP-XAI-0001,MODEL-C3,PERMUTATION_IMPORTANCE_MACRO_F1,10,119,S15:EMAd_0.1,0.012450987947629544,0.0013072527582368113,4,EXECUTED
EXP-XAI-0001,MODEL-C3,PERMUTATION_IMPORTANCE_MACRO_F1,10,120,S16:dR,0.006867845763157932,0.0009751805120625428,21,EXECUTED
EXP-XAI-0001,MODEL-C3,PERMUTATION_IMPORTANCE_MACRO_F1,10,121,S16:dR_norm,0.0011338565037952609,0.0010536886883221342,106,EXECUTED
EXP-XAI-0001,MODEL-C3,PERMUTATION_IMPORTANCE_MACRO_F1,10,122,S16:EMAi_0.001,0.0018240376464730534,0.001871472497488198,94,EXECUTED
EXP-XAI-0001,MODEL-C3,PERMUTATION_IMPORTANCE_MACRO_F1,10,123,S16:EMAi_0.01,0.0034113926060771018,0.001030828245988024,67,EXECUTED
EXP-XAI-0001,MODEL-C3,PERMUTATION_IMPORTANCE_MACRO_F1,10,124,S16:EMAi_0.1,0.0007737106071896039,0.001908175145184973,110,EXECUTED
EXP-XAI-0001,MODEL-C3,PERMUTATION_IMPORTANCE_MACRO_F1,10,125,S16:EMAd_0.001,0.006207413896231195,0.0009191952133528913,27,EXECUTED
EXP-XAI-0001,MODEL-C3,PERMUTATION_IMPORTANCE_MACRO_F1,10,126,S16:EMAd_0.01,0.0046565047797744175,0.0011409728100138827,48,EXECUTED
EXP-XAI-0001,MODEL-C3,PERMUTATION_IMPORTANCE_MACRO_F1,10,127,S16:EMAd_0.1,0.01076426888450217,0.0006503240886269406,5,EXECUTED
