experiment_id,scope,model_id,method,batch,category,k,metric_name,estimate,ci_low,ci_high,n,unit,bootstrap_repetitions,measurement_type
EXP-XAI-FIDELITY-001,GLOBAL_FEATURE,MODEL-C1,INTRINSIC_COEFFICIENT,2,ALL,1,selected_minus_random_damage,0.05000596647492668,0.04212104515745164,0.057058456106211956,30,macro_f1_proportion,1000,DERIVED
EXP-XAI-FIDELITY-001,GLOBAL_FEATURE,MODEL-C1,INTRINSIC_COEFFICIENT,2,ALL,3,selected_minus_random_damage,0.23385361689472045,0.2247070519914528,0.24251382637695473,30,macro_f1_proportion,1000,DERIVED
EXP-XAI-FIDELITY-001,GLOBAL_FEATURE,MODEL-C1,INTRINSIC_COEFFICIENT,2,ALL,5,selected_minus_random_damage,0.23075363832350765,0.21238004689515552,0.24902740065228568,30,macro_f1_proportion,1000,DERIVED
EXP-XAI-FIDELITY-001,GLOBAL_FEATURE,MODEL-C1,INTRINSIC_COEFFICIENT,2,ALL,10,selected_minus_random_damage,0.22827531738916979,0.20410718983758805,0.2511153258783743,30,macro_f1_proportion,1000,DERIVED
EXP-XAI-FIDELITY-001,GLOBAL_FEATURE,MODEL-C1,INTRINSIC_COEFFICIENT,2,ALL,20,selected_minus_random_damage,0.1575785295693312,0.1206810564068641,0.19034876610407353,30,macro_f1_proportion,1000,DERIVED
EXP-XAI-FIDELITY-001,GLOBAL_FEATURE,MODEL-C1,INTRINSIC_COEFFICIENT,3,ALL,1,selected_minus_random_damage,0.005969487028973284,0.0005643849726498136,0.013599939095931135,30,macro_f1_proportion,1000,DERIVED
EXP-XAI-FIDELITY-001,GLOBAL_FEATURE,MODEL-C1,INTRINSIC_COEFFICIENT,3,ALL,3,selected_minus_random_damage,0.013900491547157516,0.0054020093234278975,0.024233852814155066,30,macro_f1_proportion,1000,DERIVED
EXP-XAI-FIDELITY-001,GLOBAL_FEATURE,MODEL-C1,INTRINSIC_COEFFICIENT,3,ALL,5,selected_minus_random_damage,0.0031851491572395937,-0.005376213074138151,0.01303552264347564,30,macro_f1_proportion,1000,DERIVED
EXP-XAI-FIDELITY-001,GLOBAL_FEATURE,MODEL-C1,INTRINSIC_COEFFICIENT,3,ALL,10,selected_minus_random_damage,0.009222846821358842,0.00045998880038242395,0.018111609525984777,30,macro_f1_proportion,1000,DERIVED
EXP-XAI-FIDELITY-001,GLOBAL_FEATURE,MODEL-C1,INTRINSIC_COEFFICIENT,3,ALL,20,selected_minus_random_damage,-0.09813846365582639,-0.11675589695954039,-0.07940075942081441,30,macro_f1_proportion,1000,DERIVED
EXP-XAI-FIDELITY-001,GLOBAL_FEATURE,MODEL-C1,INTRINSIC_COEFFICIENT,4,ALL,1,selected_minus_random_damage,-0.0016989601998421756,-0.0038679227910450543,0.0016382264986423232,30,macro_f1_proportion,1000,DERIVED
EXP-XAI-FIDELITY-001,GLOBAL_FEATURE,MODEL-C1,INTRINSIC_COEFFICIENT,4,ALL,3,selected_minus_random_damage,-0.045866518904605046,-0.054222512862130506,-0.036519576710882275,30,macro_f1_proportion,1000,DERIVED
EXP-XAI-FIDELITY-001,GLOBAL_FEATURE,MODEL-C1,INTRINSIC_COEFFICIENT,4,ALL,5,selected_minus_random_damage,-0.03553771502982651,-0.0472061574558234,-0.023144043108925268,30,macro_f1_proportion,1000,DERIVED
EXP-XAI-FIDELITY-001,GLOBAL_FEATURE,MODEL-C1,INTRINSIC_COEFFICIENT,4,ALL,10,selected_minus_random_damage,-0.0361479237953843,-0.04639413880745581,-0.02473526128748268,30,macro_f1_proportion,1000,DERIVED
EXP-XAI-FIDELITY-001,GLOBAL_FEATURE,MODEL-C1,INTRINSIC_COEFFICIENT,4,ALL,20,selected_minus_random_damage,0.016809303304255445,-0.00010442409428353439,0.03435565877569461,30,macro_f1_proportion,1000,DERIVED
EXP-XAI-FIDELITY-001,GLOBAL_FEATURE,MODEL-C1,INTRINSIC_COEFFICIENT,5,ALL,1,selected_minus_random_damage,-0.01968181105332388,-0.02980746721616842,-0.010079731403550923,30,macro_f1_proportion,1000,DERIVED
EXP-XAI-FIDELITY-001,GLOBAL_FEATURE,MODEL-C1,INTRINSIC_COEFFICIENT,5,ALL,3,selected_minus_random_damage,-0.023580144074342127,-0.03537090587161895,-0.009835827887649133,30,macro_f1_proportion,1000,DERIVED
EXP-XAI-FIDELITY-001,GLOBAL_FEATURE,MODEL-C1,INTRINSIC_COEFFICIENT,5,ALL,5,selected_minus_random_damage,0.034605516636428274,0.02054829425905397,0.04971118892344575,30,macro_f1_proportion,1000,DERIVED
EXP-XAI-FIDELITY-001,GLOBAL_FEATURE,MODEL-C1,INTRINSIC_COEFFICIENT,5,ALL,10,selected_minus_random_damage,0.050995044463255854,0.040452369387716826,0.06224554992095324,30,macro_f1_proportion,1000,DERIVED
EXP-XAI-FIDELITY-001,GLOBAL_FEATURE,MODEL-C1,INTRINSIC_COEFFICIENT,5,ALL,20,selected_minus_random_damage,0.025441280641796602,0.01250340003571255,0.03843355519105743,30,macro_f1_proportion,1000,DERIVED
EXP-XAI-FIDELITY-001,GLOBAL_FEATURE,MODEL-C1,INTRINSIC_COEFFICIENT,6,ALL,1,selected_minus_random_damage,0.0007819981478688759,-0.0007599802357308867,0.002191336086396197,30,macro_f1_proportion,1000,DERIVED
EXP-XAI-FIDELITY-001,GLOBAL_FEATURE,MODEL-C1,INTRINSIC_COEFFICIENT,6,ALL,3,selected_minus_random_damage,0.012996964204760509,0.010702822746213876,0.0152595758404319,30,macro_f1_proportion,1000,DERIVED
EXP-XAI-FIDELITY-001,GLOBAL_FEATURE,MODEL-C1,INTRINSIC_COEFFICIENT,6,ALL,5,selected_minus_random_damage,0.014705304148850011,0.012036798094903938,0.017539700246884792,30,macro_f1_proportion,1000,DERIVED
EXP-XAI-FIDELITY-001,GLOBAL_FEATURE,MODEL-C1,INTRINSIC_COEFFICIENT,6,ALL,10,selected_minus_random_damage,-0.017039427829662637,-0.02048669920810074,-0.01392876640780926,30,macro_f1_proportion,1000,DERIVED
EXP-XAI-FIDELITY-001,GLOBAL_FEATURE,MODEL-C1,INTRINSIC_COEFFICIENT,6,ALL,20,selected_minus_random_damage,-0.04988043691767436,-0.054094504702581314,-0.04543345570270233,30,macro_f1_proportion,1000,DERIVED
EXP-XAI-FIDELITY-001,GLOBAL_FEATURE,MODEL-C1,INTRINSIC_COEFFICIENT,7,ALL,1,selected_minus_random_damage,0.013547088391419016,0.007010148169220292,0.020149954251792813,30,macro_f1_proportion,1000,DERIVED
EXP-XAI-FIDELITY-001,GLOBAL_FEATURE,MODEL-C1,INTRINSIC_COEFFICIENT,7,ALL,3,selected_minus_random_damage,0.042566588167851735,0.03245288422221916,0.05119119601966025,30,macro_f1_proportion,1000,DERIVED
EXP-XAI-FIDELITY-001,GLOBAL_FEATURE,MODEL-C1,INTRINSIC_COEFFICIENT,7,ALL,5,selected_minus_random_damage,0.054459878858071686,0.042722067792223935,0.0655157497456415,30,macro_f1_proportion,1000,DERIVED
EXP-XAI-FIDELITY-001,GLOBAL_FEATURE,MODEL-C1,INTRINSIC_COEFFICIENT,7,ALL,10,selected_minus_random_damage,0.02818361580333247,0.01439886098014948,0.042595348103420486,30,macro_f1_proportion,1000,DERIVED
EXP-XAI-FIDELITY-001,GLOBAL_FEATURE,MODEL-C1,INTRINSIC_COEFFICIENT,7,ALL,20,selected_minus_random_damage,0.018238413908259043,0.004115069994681752,0.033233095152311966,30,macro_f1_proportion,1000,DERIVED
EXP-XAI-FIDELITY-001,GLOBAL_FEATURE,MODEL-C1,INTRINSIC_COEFFICIENT,8,ALL,1,selected_minus_random_damage,-0.005234424584173848,-0.016958227109464128,0.0017603535304373046,30,macro_f1_proportion,1000,DERIVED
EXP-XAI-FIDELITY-001,GLOBAL_FEATURE,MODEL-C1,INTRINSIC_COEFFICIENT,8,ALL,3,selected_minus_random_damage,0.04409589059604131,0.02454864202002386,0.060887691487215935,30,macro_f1_proportion,1000,DERIVED
EXP-XAI-FIDELITY-001,GLOBAL_FEATURE,MODEL-C1,INTRINSIC_COEFFICIENT,8,ALL,5,selected_minus_random_damage,0.16508137506618656,0.1403251782224467,0.18675646318961422,30,macro_f1_proportion,1000,DERIVED
EXP-XAI-FIDELITY-001,GLOBAL_FEATURE,MODEL-C1,INTRINSIC_COEFFICIENT,8,ALL,10,selected_minus_random_damage,0.15534149905442704,0.12954729155416803,0.18079584247731065,30,macro_f1_proportion,1000,DERIVED
EXP-XAI-FIDELITY-001,GLOBAL_FEATURE,MODEL-C1,INTRINSIC_COEFFICIENT,8,ALL,20,selected_minus_random_damage,0.13663257979891383,0.10807241093292905,0.16310246495926078,30,macro_f1_proportion,1000,DERIVED
EXP-XAI-FIDELITY-001,GLOBAL_FEATURE,MODEL-C1,INTRINSIC_COEFFICIENT,9,ALL,1,selected_minus_random_damage,0.02143559806462496,0.008987459424609606,0.03666268032840513,30,macro_f1_proportion,1000,DERIVED
EXP-XAI-FIDELITY-001,GLOBAL_FEATURE,MODEL-C1,INTRINSIC_COEFFICIENT,9,ALL,3,selected_minus_random_damage,0.03762946141016756,0.017150821174194354,0.061295130861408954,30,macro_f1_proportion,1000,DERIVED
EXP-XAI-FIDELITY-001,GLOBAL_FEATURE,MODEL-C1,INTRINSIC_COEFFICIENT,9,ALL,5,selected_minus_random_damage,0.0686921695687773,0.04274635611430083,0.09502659034738613,30,macro_f1_proportion,1000,DERIVED
EXP-XAI-FIDELITY-001,GLOBAL_FEATURE,MODEL-C1,INTRINSIC_COEFFICIENT,9,ALL,10,selected_minus_random_damage,0.0319530268238316,0.01561830989106832,0.05308229232610734,30,macro_f1_proportion,1000,DERIVED
EXP-XAI-FIDELITY-001,GLOBAL_FEATURE,MODEL-C1,INTRINSIC_COEFFICIENT,9,ALL,20,selected_minus_random_damage,0.07109366710248251,0.04281102639788051,0.09927885315408322,30,macro_f1_proportion,1000,DERIVED
EXP-XAI-FIDELITY-001,GLOBAL_FEATURE,MODEL-C1,INTRINSIC_COEFFICIENT,10,ALL,1,selected_minus_random_damage,-0.010498111041542729,-0.013309900515646404,-0.008028265708316272,30,macro_f1_proportion,1000,DERIVED
EXP-XAI-FIDELITY-001,GLOBAL_FEATURE,MODEL-C1,INTRINSIC_COEFFICIENT,10,ALL,3,selected_minus_random_damage,-0.014237875980504681,-0.018111374754025408,-0.010158476792940255,30,macro_f1_proportion,1000,DERIVED
EXP-XAI-FIDELITY-001,GLOBAL_FEATURE,MODEL-C1,INTRINSIC_COEFFICIENT,10,ALL,5,selected_minus_random_damage,0.006723444568632009,0.0020365440567922943,0.01156344150839596,30,macro_f1_proportion,1000,DERIVED
EXP-XAI-FIDELITY-001,GLOBAL_FEATURE,MODEL-C1,INTRINSIC_COEFFICIENT,10,ALL,10,selected_minus_random_damage,0.020531857023949808,0.010543020023734598,0.030672309009527353,30,macro_f1_proportion,1000,DERIVED
EXP-XAI-FIDELITY-001,GLOBAL_FEATURE,MODEL-C1,INTRINSIC_COEFFICIENT,10,ALL,20,selected_minus_random_damage,0.015367548302422382,0.0047002480506619145,0.025590082860142655,30,macro_f1_proportion,1000,DERIVED
EXP-XAI-FIDELITY-001,GLOBAL_FEATURE,MODEL-C1,PERMUTATION_IMPORTANCE_MACRO_F1,2,ALL,1,selected_minus_random_damage,0.04644579168378641,0.03836462825144848,0.0536985632280651,30,macro_f1_proportion,1000,DERIVED
EXP-XAI-FIDELITY-001,GLOBAL_FEATURE,MODEL-C1,PERMUTATION_IMPORTANCE_MACRO_F1,2,ALL,3,selected_minus_random_damage,0.212765543169405,0.1972842846374205,0.2256716466565255,30,macro_f1_proportion,1000,DERIVED
EXP-XAI-FIDELITY-001,GLOBAL_FEATURE,MODEL-C1,PERMUTATION_IMPORTANCE_MACRO_F1,2,ALL,5,selected_minus_random_damage,0.24364364899851915,0.22239093755741068,0.2645960173379333,30,macro_f1_proportion,1000,DERIVED
EXP-XAI-FIDELITY-001,GLOBAL_FEATURE,MODEL-C1,PERMUTATION_IMPORTANCE_MACRO_F1,2,ALL,10,selected_minus_random_damage,0.25598159383735286,0.23231373993207002,0.2791709590244376,30,macro_f1_proportion,1000,DERIVED
EXP-XAI-FIDELITY-001,GLOBAL_FEATURE,MODEL-C1,PERMUTATION_IMPORTANCE_MACRO_F1,2,ALL,20,selected_minus_random_damage,0.10745581880720471,0.0802437934040063,0.1349487512938789,30,macro_f1_proportion,1000,DERIVED
EXP-XAI-FIDELITY-001,GLOBAL_FEATURE,MODEL-C1,PERMUTATION_IMPORTANCE_MACRO_F1,3,ALL,1,selected_minus_random_damage,0.00403194873232021,-0.004071943204331305,0.014567273357294819,30,macro_f1_proportion,1000,DERIVED
EXP-XAI-FIDELITY-001,GLOBAL_FEATURE,MODEL-C1,PERMUTATION_IMPORTANCE_MACRO_F1,3,ALL,3,selected_minus_random_damage,-0.03173505756924106,-0.03892500297121731,-0.023052306545550315,30,macro_f1_proportion,1000,DERIVED
EXP-XAI-FIDELITY-001,GLOBAL_FEATURE,MODEL-C1,PERMUTATION_IMPORTANCE_MACRO_F1,3,ALL,5,selected_minus_random_damage,-0.01278409583342452,-0.022296197351082733,-0.0001486278870837268,30,macro_f1_proportion,1000,DERIVED
EXP-XAI-FIDELITY-001,GLOBAL_FEATURE,MODEL-C1,PERMUTATION_IMPORTANCE_MACRO_F1,3,ALL,10,selected_minus_random_damage,0.0743612610497325,0.05886744582776686,0.09168761695268772,30,macro_f1_proportion,1000,DERIVED
EXP-XAI-FIDELITY-001,GLOBAL_FEATURE,MODEL-C1,PERMUTATION_IMPORTANCE_MACRO_F1,3,ALL,20,selected_minus_random_damage,0.13829756738373142,0.11953448740235671,0.15665629521294708,30,macro_f1_proportion,1000,DERIVED
EXP-XAI-FIDELITY-001,GLOBAL_FEATURE,MODEL-C1,PERMUTATION_IMPORTANCE_MACRO_F1,4,ALL,1,selected_minus_random_damage,0.010898806382217284,0.006913192606296342,0.0171857679715624,30,macro_f1_proportion,1000,DERIVED
EXP-XAI-FIDELITY-001,GLOBAL_FEATURE,MODEL-C1,PERMUTATION_IMPORTANCE_MACRO_F1,4,ALL,3,selected_minus_random_damage,0.0215375244841478,0.008555050277660028,0.035886339597536995,30,macro_f1_proportion,1000,DERIVED
EXP-XAI-FIDELITY-001,GLOBAL_FEATURE,MODEL-C1,PERMUTATION_IMPORTANCE_MACRO_F1,4,ALL,5,selected_minus_random_damage,0.018225807086133836,0.005599210579183876,0.032413814582294684,30,macro_f1_proportion,1000,DERIVED
EXP-XAI-FIDELITY-001,GLOBAL_FEATURE,MODEL-C1,PERMUTATION_IMPORTANCE_MACRO_F1,4,ALL,10,selected_minus_random_damage,0.04115955863000185,0.0260787989991778,0.056765775551087305,30,macro_f1_proportion,1000,DERIVED
EXP-XAI-FIDELITY-001,GLOBAL_FEATURE,MODEL-C1,PERMUTATION_IMPORTANCE_MACRO_F1,4,ALL,20,selected_minus_random_damage,0.04892935575812996,0.034476630477886405,0.06465449525433788,30,macro_f1_proportion,1000,DERIVED
EXP-XAI-FIDELITY-001,GLOBAL_FEATURE,MODEL-C1,PERMUTATION_IMPORTANCE_MACRO_F1,5,ALL,1,selected_minus_random_damage,-0.049444232321089646,-0.05752727577343297,-0.04023330858518931,30,macro_f1_proportion,1000,DERIVED
EXP-XAI-FIDELITY-001,GLOBAL_FEATURE,MODEL-C1,PERMUTATION_IMPORTANCE_MACRO_F1,5,ALL,3,selected_minus_random_damage,-0.047733671312085134,-0.05769591329630681,-0.034582090331677286,30,macro_f1_proportion,1000,DERIVED
EXP-XAI-FIDELITY-001,GLOBAL_FEATURE,MODEL-C1,PERMUTATION_IMPORTANCE_MACRO_F1,5,ALL,5,selected_minus_random_damage,-0.06674587339139372,-0.07720390776508455,-0.05451309144760159,30,macro_f1_proportion,1000,DERIVED
EXP-XAI-FIDELITY-001,GLOBAL_FEATURE,MODEL-C1,PERMUTATION_IMPORTANCE_MACRO_F1,5,ALL,10,selected_minus_random_damage,-0.08081814843119184,-0.0951947082897817,-0.06522953492283838,30,macro_f1_proportion,1000,DERIVED
EXP-XAI-FIDELITY-001,GLOBAL_FEATURE,MODEL-C1,PERMUTATION_IMPORTANCE_MACRO_F1,5,ALL,20,selected_minus_random_damage,-0.07312072700200753,-0.09434834060383968,-0.05308405349570818,30,macro_f1_proportion,1000,DERIVED
EXP-XAI-FIDELITY-001,GLOBAL_FEATURE,MODEL-C1,PERMUTATION_IMPORTANCE_MACRO_F1,6,ALL,1,selected_minus_random_damage,0.017891100868310274,0.01613270150431628,0.01928892550800424,30,macro_f1_proportion,1000,DERIVED
EXP-XAI-FIDELITY-001,GLOBAL_FEATURE,MODEL-C1,PERMUTATION_IMPORTANCE_MACRO_F1,6,ALL,3,selected_minus_random_damage,-0.08840118037274111,-0.09086229958399959,-0.08627880374296652,30,macro_f1_proportion,1000,DERIVED
EXP-XAI-FIDELITY-001,GLOBAL_FEATURE,MODEL-C1,PERMUTATION_IMPORTANCE_MACRO_F1,6,ALL,5,selected_minus_random_damage,-0.04850280821450488,-0.05082820538942926,-0.046283623469455325,30,macro_f1_proportion,1000,DERIVED
EXP-XAI-FIDELITY-001,GLOBAL_FEATURE,MODEL-C1,PERMUTATION_IMPORTANCE_MACRO_F1,6,ALL,10,selected_minus_random_damage,0.010878426822912216,0.008183764322270254,0.013659029126586744,30,macro_f1_proportion,1000,DERIVED
EXP-XAI-FIDELITY-001,GLOBAL_FEATURE,MODEL-C1,PERMUTATION_IMPORTANCE_MACRO_F1,6,ALL,20,selected_minus_random_damage,0.03129440769508974,0.027369895989952937,0.035224285401704185,30,macro_f1_proportion,1000,DERIVED
EXP-XAI-FIDELITY-001,GLOBAL_FEATURE,MODEL-C1,PERMUTATION_IMPORTANCE_MACRO_F1,7,ALL,1,selected_minus_random_damage,0.042298783137432135,0.035489306510124,0.048583275631104754,30,macro_f1_proportion,1000,DERIVED
EXP-XAI-FIDELITY-001,GLOBAL_FEATURE,MODEL-C1,PERMUTATION_IMPORTANCE_MACRO_F1,7,ALL,3,selected_minus_random_damage,0.009122164241653267,-0.0016273120406996079,0.01889678028671541,30,macro_f1_proportion,1000,DERIVED
EXP-XAI-FIDELITY-001,GLOBAL_FEATURE,MODEL-C1,PERMUTATION_IMPORTANCE_MACRO_F1,7,ALL,5,selected_minus_random_damage,0.026128898530175373,0.013607427703769213,0.03905233093337454,30,macro_f1_proportion,1000,DERIVED
EXP-XAI-FIDELITY-001,GLOBAL_FEATURE,MODEL-C1,PERMUTATION_IMPORTANCE_MACRO_F1,7,ALL,10,selected_minus_random_damage,0.06136529119497596,0.048244870178939844,0.07529466831369164,30,macro_f1_proportion,1000,DERIVED
EXP-XAI-FIDELITY-001,GLOBAL_FEATURE,MODEL-C1,PERMUTATION_IMPORTANCE_MACRO_F1,7,ALL,20,selected_minus_random_damage,0.08111103523794784,0.0674344266491073,0.09512117559254203,30,macro_f1_proportion,1000,DERIVED
EXP-XAI-FIDELITY-001,GLOBAL_FEATURE,MODEL-C1,PERMUTATION_IMPORTANCE_MACRO_F1,8,ALL,1,selected_minus_random_damage,0.10178001837869807,0.09329026131095475,0.10674703386522807,30,macro_f1_proportion,1000,DERIVED
EXP-XAI-FIDELITY-001,GLOBAL_FEATURE,MODEL-C1,PERMUTATION_IMPORTANCE_MACRO_F1,8,ALL,3,selected_minus_random_damage,0.17046747103526438,0.15522011108675157,0.1824847637586887,30,macro_f1_proportion,1000,DERIVED
EXP-XAI-FIDELITY-001,GLOBAL_FEATURE,MODEL-C1,PERMUTATION_IMPORTANCE_MACRO_F1,8,ALL,5,selected_minus_random_damage,0.13654338997743345,0.11333321495041225,0.15835212990881464,30,macro_f1_proportion,1000,DERIVED
EXP-XAI-FIDELITY-001,GLOBAL_FEATURE,MODEL-C1,PERMUTATION_IMPORTANCE_MACRO_F1,8,ALL,10,selected_minus_random_damage,0.05092276518585565,0.02513425537562866,0.07643318398980736,30,macro_f1_proportion,1000,DERIVED
EXP-XAI-FIDELITY-001,GLOBAL_FEATURE,MODEL-C1,PERMUTATION_IMPORTANCE_MACRO_F1,8,ALL,20,selected_minus_random_damage,0.10604717191885786,0.08126445523463771,0.13036214266194962,30,macro_f1_proportion,1000,DERIVED
EXP-XAI-FIDELITY-001,GLOBAL_FEATURE,MODEL-C1,PERMUTATION_IMPORTANCE_MACRO_F1,9,ALL,1,selected_minus_random_damage,0.010786467559546849,0.0012990731960296855,0.025371738322949474,30,macro_f1_proportion,1000,DERIVED
EXP-XAI-FIDELITY-001,GLOBAL_FEATURE,MODEL-C1,PERMUTATION_IMPORTANCE_MACRO_F1,9,ALL,3,selected_minus_random_damage,0.013576981897228476,-0.007443629035424988,0.03749550868134685,30,macro_f1_proportion,1000,DERIVED
EXP-XAI-FIDELITY-001,GLOBAL_FEATURE,MODEL-C1,PERMUTATION_IMPORTANCE_MACRO_F1,9,ALL,5,selected_minus_random_damage,0.02911914175859387,0.013219071504546279,0.04712044373951939,30,macro_f1_proportion,1000,DERIVED
EXP-XAI-FIDELITY-001,GLOBAL_FEATURE,MODEL-C1,PERMUTATION_IMPORTANCE_MACRO_F1,9,ALL,10,selected_minus_random_damage,0.07363040719740925,0.04706883146006855,0.10409727340944698,30,macro_f1_proportion,1000,DERIVED
EXP-XAI-FIDELITY-001,GLOBAL_FEATURE,MODEL-C1,PERMUTATION_IMPORTANCE_MACRO_F1,9,ALL,20,selected_minus_random_damage,0.03505288698572913,0.016901940417310354,0.05408555233531007,30,macro_f1_proportion,1000,DERIVED
EXP-XAI-FIDELITY-001,GLOBAL_FEATURE,MODEL-C1,PERMUTATION_IMPORTANCE_MACRO_F1,10,ALL,1,selected_minus_random_damage,0.004798532530511632,0.0023133473966043625,0.007485266152658936,30,macro_f1_proportion,1000,DERIVED
EXP-XAI-FIDELITY-001,GLOBAL_FEATURE,MODEL-C1,PERMUTATION_IMPORTANCE_MACRO_F1,10,ALL,3,selected_minus_random_damage,0.0164746395763196,0.012352350177175658,0.020658363805053304,30,macro_f1_proportion,1000,DERIVED
EXP-XAI-FIDELITY-001,GLOBAL_FEATURE,MODEL-C1,PERMUTATION_IMPORTANCE_MACRO_F1,10,ALL,5,selected_minus_random_damage,0.027919324884689196,0.022979278408623086,0.03323273645348894,30,macro_f1_proportion,1000,DERIVED
EXP-XAI-FIDELITY-001,GLOBAL_FEATURE,MODEL-C1,PERMUTATION_IMPORTANCE_MACRO_F1,10,ALL,10,selected_minus_random_damage,0.044164144091520516,0.03685897777036448,0.052361692201088945,30,macro_f1_proportion,1000,DERIVED
EXP-XAI-FIDELITY-001,GLOBAL_FEATURE,MODEL-C1,PERMUTATION_IMPORTANCE_MACRO_F1,10,ALL,20,selected_minus_random_damage,0.024570045266195127,0.011985405533064456,0.03570929354272516,30,macro_f1_proportion,1000,DERIVED
EXP-XAI-FIDELITY-001,GLOBAL_FEATURE,MODEL-C2,INTRINSIC_IMPURITY,2,ALL,1,selected_minus_random_damage,0.019007173291951052,0.016877208258462038,0.021237806395190153,30,macro_f1_proportion,1000,DERIVED
EXP-XAI-FIDELITY-001,GLOBAL_FEATURE,MODEL-C2,INTRINSIC_IMPURITY,2,ALL,3,selected_minus_random_damage,0.0517144163700897,0.044598486274742,0.05810855274534895,30,macro_f1_proportion,1000,DERIVED
EXP-XAI-FIDELITY-001,GLOBAL_FEATURE,MODEL-C2,INTRINSIC_IMPURITY,2,ALL,5,selected_minus_random_damage,0.22240822199732105,0.2151708792261005,0.22863659939124828,30,macro_f1_proportion,1000,DERIVED
EXP-XAI-FIDELITY-001,GLOBAL_FEATURE,MODEL-C2,INTRINSIC_IMPURITY,2,ALL,10,selected_minus_random_damage,0.5313604057436334,0.5165545049894869,0.544423702815258,30,macro_f1_proportion,1000,DERIVED
EXP-XAI-FIDELITY-001,GLOBAL_FEATURE,MODEL-C2,INTRINSIC_IMPURITY,2,ALL,20,selected_minus_random_damage,0.5666757553052739,0.5380874381774956,0.591442365429023,30,macro_f1_proportion,1000,DERIVED
EXP-XAI-FIDELITY-001,GLOBAL_FEATURE,MODEL-C2,INTRINSIC_IMPURITY,3,ALL,1,selected_minus_random_damage,0.04807935202282957,0.034840191867460374,0.05827257960756292,30,macro_f1_proportion,1000,DERIVED
EXP-XAI-FIDELITY-001,GLOBAL_FEATURE,MODEL-C2,INTRINSIC_IMPURITY,3,ALL,3,selected_minus_random_damage,0.23432916271087617,0.21632452147970135,0.25049357713575837,30,macro_f1_proportion,1000,DERIVED
EXP-XAI-FIDELITY-001,GLOBAL_FEATURE,MODEL-C2,INTRINSIC_IMPURITY,3,ALL,5,selected_minus_random_damage,0.28254131861255244,0.25435335865286246,0.30695398242697647,30,macro_f1_proportion,1000,DERIVED
EXP-XAI-FIDELITY-001,GLOBAL_FEATURE,MODEL-C2,INTRINSIC_IMPURITY,3,ALL,10,selected_minus_random_damage,0.46347511059878527,0.43358286949419006,0.48953298170108966,30,macro_f1_proportion,1000,DERIVED
EXP-XAI-FIDELITY-001,GLOBAL_FEATURE,MODEL-C2,INTRINSIC_IMPURITY,3,ALL,20,selected_minus_random_damage,0.364886515276685,0.32513549598559244,0.4066002340935892,30,macro_f1_proportion,1000,DERIVED
EXP-XAI-FIDELITY-001,GLOBAL_FEATURE,MODEL-C2,INTRINSIC_IMPURITY,4,ALL,1,selected_minus_random_damage,0.08882176674108665,0.07410046019932646,0.10222475125109466,30,macro_f1_proportion,1000,DERIVED
EXP-XAI-FIDELITY-001,GLOBAL_FEATURE,MODEL-C2,INTRINSIC_IMPURITY,4,ALL,3,selected_minus_random_damage,0.18042743004651843,0.16594565922624546,0.1929338095281466,30,macro_f1_proportion,1000,DERIVED
EXP-XAI-FIDELITY-001,GLOBAL_FEATURE,MODEL-C2,INTRINSIC_IMPURITY,4,ALL,5,selected_minus_random_damage,0.1731892994660625,0.1499534789103145,0.19402796891349253,30,macro_f1_proportion,1000,DERIVED
EXP-XAI-FIDELITY-001,GLOBAL_FEATURE,MODEL-C2,INTRINSIC_IMPURITY,4,ALL,10,selected_minus_random_damage,0.33751992711342194,0.3086801587835227,0.3661523117684123,30,macro_f1_proportion,1000,DERIVED
EXP-XAI-FIDELITY-001,GLOBAL_FEATURE,MODEL-C2,INTRINSIC_IMPURITY,4,ALL,20,selected_minus_random_damage,0.29498973946668,0.2686455408143593,0.32681135901772285,30,macro_f1_proportion,1000,DERIVED
EXP-XAI-FIDELITY-001,GLOBAL_FEATURE,MODEL-C2,INTRINSIC_IMPURITY,5,ALL,1,selected_minus_random_damage,0.024203784885593996,0.019997488658921307,0.0273491392300747,30,macro_f1_proportion,1000,DERIVED
EXP-XAI-FIDELITY-001,GLOBAL_FEATURE,MODEL-C2,INTRINSIC_IMPURITY,5,ALL,3,selected_minus_random_damage,0.1758667221094117,0.1679524331843475,0.1827033544561217,30,macro_f1_proportion,1000,DERIVED
EXP-XAI-FIDELITY-001,GLOBAL_FEATURE,MODEL-C2,INTRINSIC_IMPURITY,5,ALL,5,selected_minus_random_damage,0.17753689466413278,0.16836729537414702,0.18508487189188924,30,macro_f1_proportion,1000,DERIVED
EXP-XAI-FIDELITY-001,GLOBAL_FEATURE,MODEL-C2,INTRINSIC_IMPURITY,5,ALL,10,selected_minus_random_damage,0.3804786325883027,0.36630187128276903,0.3920850727769357,30,macro_f1_proportion,1000,DERIVED
EXP-XAI-FIDELITY-001,GLOBAL_FEATURE,MODEL-C2,INTRINSIC_IMPURITY,5,ALL,20,selected_minus_random_damage,0.30096761527180255,0.27686660332756335,0.32416259395330776,30,macro_f1_proportion,1000,DERIVED
EXP-XAI-FIDELITY-001,GLOBAL_FEATURE,MODEL-C2,INTRINSIC_IMPURITY,6,ALL,1,selected_minus_random_damage,0.005602036308938496,0.00457499395380591,0.007031560053282451,30,macro_f1_proportion,1000,DERIVED
EXP-XAI-FIDELITY-001,GLOBAL_FEATURE,MODEL-C2,INTRINSIC_IMPURITY,6,ALL,3,selected_minus_random_damage,0.15796529235141646,0.1563238076438801,0.15986419634931548,30,macro_f1_proportion,1000,DERIVED
EXP-XAI-FIDELITY-001,GLOBAL_FEATURE,MODEL-C2,INTRINSIC_IMPURITY,6,ALL,5,selected_minus_random_damage,0.16749292338528746,0.16571667396232043,0.16917517630184797,30,macro_f1_proportion,1000,DERIVED
EXP-XAI-FIDELITY-001,GLOBAL_FEATURE,MODEL-C2,INTRINSIC_IMPURITY,6,ALL,10,selected_minus_random_damage,0.31258999437808777,0.3001261549930207,0.32084489914597875,30,macro_f1_proportion,1000,DERIVED
EXP-XAI-FIDELITY-001,GLOBAL_FEATURE,MODEL-C2,INTRINSIC_IMPURITY,6,ALL,20,selected_minus_random_damage,0.2850871324685185,0.2693104666820189,0.29848838420364454,30,macro_f1_proportion,1000,DERIVED
EXP-XAI-FIDELITY-001,GLOBAL_FEATURE,MODEL-C2,INTRINSIC_IMPURITY,7,ALL,1,selected_minus_random_damage,-0.007332800099223145,-0.009176407181375265,-0.005208695223049762,30,macro_f1_proportion,1000,DERIVED
EXP-XAI-FIDELITY-001,GLOBAL_FEATURE,MODEL-C2,INTRINSIC_IMPURITY,7,ALL,3,selected_minus_random_damage,0.0750356697495961,0.07174372941704564,0.07870211770055847,30,macro_f1_proportion,1000,DERIVED
EXP-XAI-FIDELITY-001,GLOBAL_FEATURE,MODEL-C2,INTRINSIC_IMPURITY,7,ALL,5,selected_minus_random_damage,0.14440918217568566,0.13994964031484616,0.14913827112387176,30,macro_f1_proportion,1000,DERIVED
EXP-XAI-FIDELITY-001,GLOBAL_FEATURE,MODEL-C2,INTRINSIC_IMPURITY,7,ALL,10,selected_minus_random_damage,0.2611459254940309,0.24917820986567735,0.2693287006234352,30,macro_f1_proportion,1000,DERIVED
EXP-XAI-FIDELITY-001,GLOBAL_FEATURE,MODEL-C2,INTRINSIC_IMPURITY,7,ALL,20,selected_minus_random_damage,0.23361990989134526,0.22117174367285214,0.24360970471954638,30,macro_f1_proportion,1000,DERIVED
EXP-XAI-FIDELITY-001,GLOBAL_FEATURE,MODEL-C2,INTRINSIC_IMPURITY,8,ALL,1,selected_minus_random_damage,-0.017139031463882848,-0.02696866492905224,-0.005160842907711774,30,macro_f1_proportion,1000,DERIVED
EXP-XAI-FIDELITY-001,GLOBAL_FEATURE,MODEL-C2,INTRINSIC_IMPURITY,8,ALL,3,selected_minus_random_damage,0.05753984546163433,0.0473091895977318,0.06971423986853255,30,macro_f1_proportion,1000,DERIVED
EXP-XAI-FIDELITY-001,GLOBAL_FEATURE,MODEL-C2,INTRINSIC_IMPURITY,8,ALL,5,selected_minus_random_damage,0.13566241142138813,0.12177406773888272,0.15094458005728098,30,macro_f1_proportion,1000,DERIVED
EXP-XAI-FIDELITY-001,GLOBAL_FEATURE,MODEL-C2,INTRINSIC_IMPURITY,8,ALL,10,selected_minus_random_damage,0.14477274014434188,0.12205258012599056,0.17097439558276992,30,macro_f1_proportion,1000,DERIVED
EXP-XAI-FIDELITY-001,GLOBAL_FEATURE,MODEL-C2,INTRINSIC_IMPURITY,8,ALL,20,selected_minus_random_damage,0.13059590431361548,0.10553416791193554,0.15767260510994427,30,macro_f1_proportion,1000,DERIVED
EXP-XAI-FIDELITY-001,GLOBAL_FEATURE,MODEL-C2,INTRINSIC_IMPURITY,9,ALL,1,selected_minus_random_damage,0.0086539578029718,0.002262402832982076,0.01451823098808629,30,macro_f1_proportion,1000,DERIVED
EXP-XAI-FIDELITY-001,GLOBAL_FEATURE,MODEL-C2,INTRINSIC_IMPURITY,9,ALL,3,selected_minus_random_damage,0.06572737043932582,0.04553224527393585,0.08560204274490195,30,macro_f1_proportion,1000,DERIVED
EXP-XAI-FIDELITY-001,GLOBAL_FEATURE,MODEL-C2,INTRINSIC_IMPURITY,9,ALL,5,selected_minus_random_damage,0.1254917593797634,0.10464792068431189,0.14752482056067692,30,macro_f1_proportion,1000,DERIVED
EXP-XAI-FIDELITY-001,GLOBAL_FEATURE,MODEL-C2,INTRINSIC_IMPURITY,9,ALL,10,selected_minus_random_damage,0.23788739899367609,0.21422797527426185,0.26173786384681225,30,macro_f1_proportion,1000,DERIVED
EXP-XAI-FIDELITY-001,GLOBAL_FEATURE,MODEL-C2,INTRINSIC_IMPURITY,9,ALL,20,selected_minus_random_damage,0.16962355689512598,0.14835593405267472,0.19372222630645097,30,macro_f1_proportion,1000,DERIVED
EXP-XAI-FIDELITY-001,GLOBAL_FEATURE,MODEL-C2,INTRINSIC_IMPURITY,10,ALL,1,selected_minus_random_damage,0.005758625096182228,0.0028443090931539352,0.009692301276859402,30,macro_f1_proportion,1000,DERIVED
EXP-XAI-FIDELITY-001,GLOBAL_FEATURE,MODEL-C2,INTRINSIC_IMPURITY,10,ALL,3,selected_minus_random_damage,0.012827715846951524,0.007852839708828815,0.017973412724142677,30,macro_f1_proportion,1000,DERIVED
EXP-XAI-FIDELITY-001,GLOBAL_FEATURE,MODEL-C2,INTRINSIC_IMPURITY,10,ALL,5,selected_minus_random_damage,0.11447762411241907,0.10935617703977912,0.11976948264767133,30,macro_f1_proportion,1000,DERIVED
EXP-XAI-FIDELITY-001,GLOBAL_FEATURE,MODEL-C2,INTRINSIC_IMPURITY,10,ALL,10,selected_minus_random_damage,0.16724266739923438,0.1615048794500979,0.1728862954914179,30,macro_f1_proportion,1000,DERIVED
EXP-XAI-FIDELITY-001,GLOBAL_FEATURE,MODEL-C2,INTRINSIC_IMPURITY,10,ALL,20,selected_minus_random_damage,0.1145386540407533,0.10822375362043854,0.12192624988987676,30,macro_f1_proportion,1000,DERIVED
EXP-XAI-FIDELITY-001,GLOBAL_FEATURE,MODEL-C2,PERMUTATION_IMPORTANCE_MACRO_F1,2,ALL,1,selected_minus_random_damage,0.02401885918983245,0.02046888619327139,0.026890030218416742,30,macro_f1_proportion,1000,DERIVED
EXP-XAI-FIDELITY-001,GLOBAL_FEATURE,MODEL-C2,PERMUTATION_IMPORTANCE_MACRO_F1,2,ALL,3,selected_minus_random_damage,0.1245242711938501,0.120021906153423,0.12917826190283552,30,macro_f1_proportion,1000,DERIVED
EXP-XAI-FIDELITY-001,GLOBAL_FEATURE,MODEL-C2,PERMUTATION_IMPORTANCE_MACRO_F1,2,ALL,5,selected_minus_random_damage,0.1246986434696649,0.11577818008591735,0.13209116278985467,30,macro_f1_proportion,1000,DERIVED
EXP-XAI-FIDELITY-001,GLOBAL_FEATURE,MODEL-C2,PERMUTATION_IMPORTANCE_MACRO_F1,2,ALL,10,selected_minus_random_damage,0.13878836194668043,0.12657739431946424,0.14911481549883546,30,macro_f1_proportion,1000,DERIVED
EXP-XAI-FIDELITY-001,GLOBAL_FEATURE,MODEL-C2,PERMUTATION_IMPORTANCE_MACRO_F1,2,ALL,20,selected_minus_random_damage,0.14026527837567204,0.11381002995764283,0.1641146151652729,30,macro_f1_proportion,1000,DERIVED
EXP-XAI-FIDELITY-001,GLOBAL_FEATURE,MODEL-C2,PERMUTATION_IMPORTANCE_MACRO_F1,3,ALL,1,selected_minus_random_damage,0.08348901873038095,0.06451488855383224,0.0984305212631831,30,macro_f1_proportion,1000,DERIVED
EXP-XAI-FIDELITY-001,GLOBAL_FEATURE,MODEL-C2,PERMUTATION_IMPORTANCE_MACRO_F1,3,ALL,3,selected_minus_random_damage,0.08011714688369881,0.06036664259446028,0.09636225232560933,30,macro_f1_proportion,1000,DERIVED
EXP-XAI-FIDELITY-001,GLOBAL_FEATURE,MODEL-C2,PERMUTATION_IMPORTANCE_MACRO_F1,3,ALL,5,selected_minus_random_damage,0.20277543207511542,0.17674694223033074,0.227892780642526,30,macro_f1_proportion,1000,DERIVED
EXP-XAI-FIDELITY-001,GLOBAL_FEATURE,MODEL-C2,PERMUTATION_IMPORTANCE_MACRO_F1,3,ALL,10,selected_minus_random_damage,0.16641820391875567,0.1355776566127787,0.19704752349017635,30,macro_f1_proportion,1000,DERIVED
EXP-XAI-FIDELITY-001,GLOBAL_FEATURE,MODEL-C2,PERMUTATION_IMPORTANCE_MACRO_F1,3,ALL,20,selected_minus_random_damage,0.19871160127201423,0.1572226793984786,0.23915286796182067,30,macro_f1_proportion,1000,DERIVED
EXP-XAI-FIDELITY-001,GLOBAL_FEATURE,MODEL-C2,PERMUTATION_IMPORTANCE_MACRO_F1,4,ALL,1,selected_minus_random_damage,0.13400207681918405,0.13101996665224716,0.13693027202340793,30,macro_f1_proportion,1000,DERIVED
EXP-XAI-FIDELITY-001,GLOBAL_FEATURE,MODEL-C2,PERMUTATION_IMPORTANCE_MACRO_F1,4,ALL,3,selected_minus_random_damage,0.2026415801761056,0.18370291591305915,0.2195708260883879,30,macro_f1_proportion,1000,DERIVED
EXP-XAI-FIDELITY-001,GLOBAL_FEATURE,MODEL-C2,PERMUTATION_IMPORTANCE_MACRO_F1,4,ALL,5,selected_minus_random_damage,0.19630229888426692,0.17861449191552323,0.21307512659514524,30,macro_f1_proportion,1000,DERIVED
EXP-XAI-FIDELITY-001,GLOBAL_FEATURE,MODEL-C2,PERMUTATION_IMPORTANCE_MACRO_F1,4,ALL,10,selected_minus_random_damage,0.1610082977380688,0.13188053215507953,0.188942426778146,30,macro_f1_proportion,1000,DERIVED
EXP-XAI-FIDELITY-001,GLOBAL_FEATURE,MODEL-C2,PERMUTATION_IMPORTANCE_MACRO_F1,4,ALL,20,selected_minus_random_damage,0.08168054056038748,0.05520053501043758,0.1084257665491374,30,macro_f1_proportion,1000,DERIVED
EXP-XAI-FIDELITY-001,GLOBAL_FEATURE,MODEL-C2,PERMUTATION_IMPORTANCE_MACRO_F1,5,ALL,1,selected_minus_random_damage,0.05066947313941017,0.04750162944733304,0.05278529830168939,30,macro_f1_proportion,1000,DERIVED
EXP-XAI-FIDELITY-001,GLOBAL_FEATURE,MODEL-C2,PERMUTATION_IMPORTANCE_MACRO_F1,5,ALL,3,selected_minus_random_damage,0.18057474715838168,0.17235393085252593,0.1870060453265309,30,macro_f1_proportion,1000,DERIVED
EXP-XAI-FIDELITY-001,GLOBAL_FEATURE,MODEL-C2,PERMUTATION_IMPORTANCE_MACRO_F1,5,ALL,5,selected_minus_random_damage,0.1717275929950846,0.1587810007027433,0.18267400820672686,30,macro_f1_proportion,1000,DERIVED
EXP-XAI-FIDELITY-001,GLOBAL_FEATURE,MODEL-C2,PERMUTATION_IMPORTANCE_MACRO_F1,5,ALL,10,selected_minus_random_damage,0.1753145659090151,0.1676169529094192,0.18322399950988366,30,macro_f1_proportion,1000,DERIVED
EXP-XAI-FIDELITY-001,GLOBAL_FEATURE,MODEL-C2,PERMUTATION_IMPORTANCE_MACRO_F1,5,ALL,20,selected_minus_random_damage,0.2814834774723588,0.2571348226564773,0.3034729305996178,30,macro_f1_proportion,1000,DERIVED
EXP-XAI-FIDELITY-001,GLOBAL_FEATURE,MODEL-C2,PERMUTATION_IMPORTANCE_MACRO_F1,6,ALL,1,selected_minus_random_damage,0.010618943332806028,0.009212396223338158,0.012026932275501835,30,macro_f1_proportion,1000,DERIVED
EXP-XAI-FIDELITY-001,GLOBAL_FEATURE,MODEL-C2,PERMUTATION_IMPORTANCE_MACRO_F1,6,ALL,3,selected_minus_random_damage,0.04536189640562139,0.04363435839422668,0.047248259509736885,30,macro_f1_proportion,1000,DERIVED
EXP-XAI-FIDELITY-001,GLOBAL_FEATURE,MODEL-C2,PERMUTATION_IMPORTANCE_MACRO_F1,6,ALL,5,selected_minus_random_damage,0.04156890157946159,0.03700791607521261,0.0449814067990435,30,macro_f1_proportion,1000,DERIVED
EXP-XAI-FIDELITY-001,GLOBAL_FEATURE,MODEL-C2,PERMUTATION_IMPORTANCE_MACRO_F1,6,ALL,10,selected_minus_random_damage,0.18863866044281602,0.18480694878616521,0.19215639347023628,30,macro_f1_proportion,1000,DERIVED
EXP-XAI-FIDELITY-001,GLOBAL_FEATURE,MODEL-C2,PERMUTATION_IMPORTANCE_MACRO_F1,6,ALL,20,selected_minus_random_damage,0.14539123645619884,0.12202366141777171,0.16647530543953534,30,macro_f1_proportion,1000,DERIVED
EXP-XAI-FIDELITY-001,GLOBAL_FEATURE,MODEL-C2,PERMUTATION_IMPORTANCE_MACRO_F1,7,ALL,1,selected_minus_random_damage,-0.01631064638656034,-0.018287703966690164,-0.013722986822393951,30,macro_f1_proportion,1000,DERIVED
EXP-XAI-FIDELITY-001,GLOBAL_FEATURE,MODEL-C2,PERMUTATION_IMPORTANCE_MACRO_F1,7,ALL,3,selected_minus_random_damage,0.008896554067158318,0.005347519628619216,0.01257516446447852,30,macro_f1_proportion,1000,DERIVED
EXP-XAI-FIDELITY-001,GLOBAL_FEATURE,MODEL-C2,PERMUTATION_IMPORTANCE_MACRO_F1,7,ALL,5,selected_minus_random_damage,0.1346777510038117,0.13122224530623283,0.1380064973798163,30,macro_f1_proportion,1000,DERIVED
EXP-XAI-FIDELITY-001,GLOBAL_FEATURE,MODEL-C2,PERMUTATION_IMPORTANCE_MACRO_F1,7,ALL,10,selected_minus_random_damage,0.13688937068204074,0.1327346265327667,0.14120176010951965,30,macro_f1_proportion,1000,DERIVED
EXP-XAI-FIDELITY-001,GLOBAL_FEATURE,MODEL-C2,PERMUTATION_IMPORTANCE_MACRO_F1,7,ALL,20,selected_minus_random_damage,0.18124670248724808,0.166349027751586,0.19377411032153227,30,macro_f1_proportion,1000,DERIVED
EXP-XAI-FIDELITY-001,GLOBAL_FEATURE,MODEL-C2,PERMUTATION_IMPORTANCE_MACRO_F1,8,ALL,1,selected_minus_random_damage,0.04479965149697564,0.033697543067866695,0.05613937971662787,30,macro_f1_proportion,1000,DERIVED
EXP-XAI-FIDELITY-001,GLOBAL_FEATURE,MODEL-C2,PERMUTATION_IMPORTANCE_MACRO_F1,8,ALL,3,selected_minus_random_damage,0.0424320124642649,0.02775861914471942,0.05779270014230032,30,macro_f1_proportion,1000,DERIVED
EXP-XAI-FIDELITY-001,GLOBAL_FEATURE,MODEL-C2,PERMUTATION_IMPORTANCE_MACRO_F1,8,ALL,5,selected_minus_random_damage,0.06561581760790776,0.049869920570354824,0.08190686131340451,30,macro_f1_proportion,1000,DERIVED
EXP-XAI-FIDELITY-001,GLOBAL_FEATURE,MODEL-C2,PERMUTATION_IMPORTANCE_MACRO_F1,8,ALL,10,selected_minus_random_damage,0.0601935122996573,0.03871843963955006,0.0828166803541334,30,macro_f1_proportion,1000,DERIVED
EXP-XAI-FIDELITY-001,GLOBAL_FEATURE,MODEL-C2,PERMUTATION_IMPORTANCE_MACRO_F1,8,ALL,20,selected_minus_random_damage,0.1044028499030641,0.08436560488943749,0.12438845904199528,30,macro_f1_proportion,1000,DERIVED
EXP-XAI-FIDELITY-001,GLOBAL_FEATURE,MODEL-C2,PERMUTATION_IMPORTANCE_MACRO_F1,9,ALL,1,selected_minus_random_damage,0.11265928386981652,0.10567062036973257,0.11921674246604462,30,macro_f1_proportion,1000,DERIVED
EXP-XAI-FIDELITY-001,GLOBAL_FEATURE,MODEL-C2,PERMUTATION_IMPORTANCE_MACRO_F1,9,ALL,3,selected_minus_random_damage,0.13986311129806991,0.12405635800002558,0.15349671543521484,30,macro_f1_proportion,1000,DERIVED
EXP-XAI-FIDELITY-001,GLOBAL_FEATURE,MODEL-C2,PERMUTATION_IMPORTANCE_MACRO_F1,9,ALL,5,selected_minus_random_damage,0.10097198076387248,0.08168338201474018,0.12150387739391441,30,macro_f1_proportion,1000,DERIVED
EXP-XAI-FIDELITY-001,GLOBAL_FEATURE,MODEL-C2,PERMUTATION_IMPORTANCE_MACRO_F1,9,ALL,10,selected_minus_random_damage,0.09377831543368798,0.06876393588299795,0.11829204287554353,30,macro_f1_proportion,1000,DERIVED
EXP-XAI-FIDELITY-001,GLOBAL_FEATURE,MODEL-C2,PERMUTATION_IMPORTANCE_MACRO_F1,9,ALL,20,selected_minus_random_damage,0.049397386912432124,0.0266392047667191,0.07708385297488818,30,macro_f1_proportion,1000,DERIVED
EXP-XAI-FIDELITY-001,GLOBAL_FEATURE,MODEL-C2,PERMUTATION_IMPORTANCE_MACRO_F1,10,ALL,1,selected_minus_random_damage,0.017218041268005975,0.014465159920396348,0.02010117857454053,30,macro_f1_proportion,1000,DERIVED
EXP-XAI-FIDELITY-001,GLOBAL_FEATURE,MODEL-C2,PERMUTATION_IMPORTANCE_MACRO_F1,10,ALL,3,selected_minus_random_damage,0.023900143636924085,0.019745996114719735,0.02769551237493704,30,macro_f1_proportion,1000,DERIVED
EXP-XAI-FIDELITY-001,GLOBAL_FEATURE,MODEL-C2,PERMUTATION_IMPORTANCE_MACRO_F1,10,ALL,5,selected_minus_random_damage,0.026940569020366165,0.021086016125925876,0.03357249600119794,30,macro_f1_proportion,1000,DERIVED
EXP-XAI-FIDELITY-001,GLOBAL_FEATURE,MODEL-C2,PERMUTATION_IMPORTANCE_MACRO_F1,10,ALL,10,selected_minus_random_damage,0.03125051468186125,0.02526188664651817,0.037897939005751106,30,macro_f1_proportion,1000,DERIVED
EXP-XAI-FIDELITY-001,GLOBAL_FEATURE,MODEL-C2,PERMUTATION_IMPORTANCE_MACRO_F1,10,ALL,20,selected_minus_random_damage,0.016407292443402652,0.008557535261325497,0.024047057830290455,30,macro_f1_proportion,1000,DERIVED
EXP-XAI-FIDELITY-001,GLOBAL_FEATURE,MODEL-C3,PERMUTATION_IMPORTANCE_MACRO_F1,2,ALL,1,selected_minus_random_damage,0.05264059176361257,0.04663375612908721,0.057378449514772695,30,macro_f1_proportion,1000,DERIVED
EXP-XAI-FIDELITY-001,GLOBAL_FEATURE,MODEL-C3,PERMUTATION_IMPORTANCE_MACRO_F1,2,ALL,3,selected_minus_random_damage,0.0557106386417784,0.04995690247998155,0.060915058926538784,30,macro_f1_proportion,1000,DERIVED
EXP-XAI-FIDELITY-001,GLOBAL_FEATURE,MODEL-C3,PERMUTATION_IMPORTANCE_MACRO_F1,2,ALL,5,selected_minus_random_damage,0.011076166988320809,-0.0047894322261364955,0.025104173714198316,30,macro_f1_proportion,1000,DERIVED
EXP-XAI-FIDELITY-001,GLOBAL_FEATURE,MODEL-C3,PERMUTATION_IMPORTANCE_MACRO_F1,2,ALL,10,selected_minus_random_damage,0.08772789278045301,0.07101022272902116,0.102058291327212,30,macro_f1_proportion,1000,DERIVED
EXP-XAI-FIDELITY-001,GLOBAL_FEATURE,MODEL-C3,PERMUTATION_IMPORTANCE_MACRO_F1,2,ALL,20,selected_minus_random_damage,-0.030827181024201566,-0.0467279745877448,-0.015617392435916606,30,macro_f1_proportion,1000,DERIVED
EXP-XAI-FIDELITY-001,GLOBAL_FEATURE,MODEL-C3,PERMUTATION_IMPORTANCE_MACRO_F1,3,ALL,1,selected_minus_random_damage,0.03976321647985039,0.03450598531110865,0.04468684164433312,30,macro_f1_proportion,1000,DERIVED
EXP-XAI-FIDELITY-001,GLOBAL_FEATURE,MODEL-C3,PERMUTATION_IMPORTANCE_MACRO_F1,3,ALL,3,selected_minus_random_damage,0.050339642834863835,0.043948375200475884,0.0572682395168365,30,macro_f1_proportion,1000,DERIVED
EXP-XAI-FIDELITY-001,GLOBAL_FEATURE,MODEL-C3,PERMUTATION_IMPORTANCE_MACRO_F1,3,ALL,5,selected_minus_random_damage,0.06330178373230522,0.053679627971098584,0.07297289217838068,30,macro_f1_proportion,1000,DERIVED
EXP-XAI-FIDELITY-001,GLOBAL_FEATURE,MODEL-C3,PERMUTATION_IMPORTANCE_MACRO_F1,3,ALL,10,selected_minus_random_damage,0.05984578723655631,0.04992365096020271,0.07202439842745618,30,macro_f1_proportion,1000,DERIVED
EXP-XAI-FIDELITY-001,GLOBAL_FEATURE,MODEL-C3,PERMUTATION_IMPORTANCE_MACRO_F1,3,ALL,20,selected_minus_random_damage,0.047030394292021396,0.036233147568499297,0.05932366393270367,30,macro_f1_proportion,1000,DERIVED
EXP-XAI-FIDELITY-001,GLOBAL_FEATURE,MODEL-C3,PERMUTATION_IMPORTANCE_MACRO_F1,4,ALL,1,selected_minus_random_damage,0.003303618594148958,0.002523838765916176,0.00411248248702733,30,macro_f1_proportion,1000,DERIVED
EXP-XAI-FIDELITY-001,GLOBAL_FEATURE,MODEL-C3,PERMUTATION_IMPORTANCE_MACRO_F1,4,ALL,3,selected_minus_random_damage,0.012694298294347258,0.010152699783840468,0.014855608354801651,30,macro_f1_proportion,1000,DERIVED
EXP-XAI-FIDELITY-001,GLOBAL_FEATURE,MODEL-C3,PERMUTATION_IMPORTANCE_MACRO_F1,4,ALL,5,selected_minus_random_damage,0.018592147925538264,0.015848118437466606,0.020983692607278264,30,macro_f1_proportion,1000,DERIVED
EXP-XAI-FIDELITY-001,GLOBAL_FEATURE,MODEL-C3,PERMUTATION_IMPORTANCE_MACRO_F1,4,ALL,10,selected_minus_random_damage,0.034569301677676065,0.030351404030724095,0.038482301183287305,30,macro_f1_proportion,1000,DERIVED
EXP-XAI-FIDELITY-001,GLOBAL_FEATURE,MODEL-C3,PERMUTATION_IMPORTANCE_MACRO_F1,4,ALL,20,selected_minus_random_damage,0.013102523411696187,0.007536584901146091,0.01873644406188566,30,macro_f1_proportion,1000,DERIVED
EXP-XAI-FIDELITY-001,GLOBAL_FEATURE,MODEL-C3,PERMUTATION_IMPORTANCE_MACRO_F1,5,ALL,1,selected_minus_random_damage,0.030732632009096962,0.02809012117219062,0.03269807211266748,30,macro_f1_proportion,1000,DERIVED
EXP-XAI-FIDELITY-001,GLOBAL_FEATURE,MODEL-C3,PERMUTATION_IMPORTANCE_MACRO_F1,5,ALL,3,selected_minus_random_damage,0.020539886345854644,0.019216214885503062,0.021753469568127678,30,macro_f1_proportion,1000,DERIVED
EXP-XAI-FIDELITY-001,GLOBAL_FEATURE,MODEL-C3,PERMUTATION_IMPORTANCE_MACRO_F1,5,ALL,5,selected_minus_random_damage,0.01027822460150194,0.008327228875911388,0.011788975071680913,30,macro_f1_proportion,1000,DERIVED
EXP-XAI-FIDELITY-001,GLOBAL_FEATURE,MODEL-C3,PERMUTATION_IMPORTANCE_MACRO_F1,5,ALL,10,selected_minus_random_damage,0.019854950113095245,0.018232508704744705,0.021197204349806993,30,macro_f1_proportion,1000,DERIVED
EXP-XAI-FIDELITY-001,GLOBAL_FEATURE,MODEL-C3,PERMUTATION_IMPORTANCE_MACRO_F1,5,ALL,20,selected_minus_random_damage,0.015360413485298348,0.013880093202119918,0.016608736229619624,30,macro_f1_proportion,1000,DERIVED
EXP-XAI-FIDELITY-001,GLOBAL_FEATURE,MODEL-C3,PERMUTATION_IMPORTANCE_MACRO_F1,6,ALL,1,selected_minus_random_damage,0.007736480312743871,0.005385976578928956,0.010158537791831955,30,macro_f1_proportion,1000,DERIVED
EXP-XAI-FIDELITY-001,GLOBAL_FEATURE,MODEL-C3,PERMUTATION_IMPORTANCE_MACRO_F1,6,ALL,3,selected_minus_random_damage,0.02584657720853465,0.01988534546702394,0.03262015352091343,30,macro_f1_proportion,1000,DERIVED
EXP-XAI-FIDELITY-001,GLOBAL_FEATURE,MODEL-C3,PERMUTATION_IMPORTANCE_MACRO_F1,6,ALL,5,selected_minus_random_damage,0.025416446802288377,0.01808952603004765,0.03208806246795792,30,macro_f1_proportion,1000,DERIVED
EXP-XAI-FIDELITY-001,GLOBAL_FEATURE,MODEL-C3,PERMUTATION_IMPORTANCE_MACRO_F1,6,ALL,10,selected_minus_random_damage,0.03866628458614231,0.032560126935772475,0.04406955397693419,30,macro_f1_proportion,1000,DERIVED
EXP-XAI-FIDELITY-001,GLOBAL_FEATURE,MODEL-C3,PERMUTATION_IMPORTANCE_MACRO_F1,6,ALL,20,selected_minus_random_damage,0.045453905622771545,0.04111797117214899,0.049127732077734874,30,macro_f1_proportion,1000,DERIVED
EXP-XAI-FIDELITY-001,GLOBAL_FEATURE,MODEL-C3,PERMUTATION_IMPORTANCE_MACRO_F1,7,ALL,1,selected_minus_random_damage,0.0269638415899644,0.023204995427947902,0.029853068890985664,30,macro_f1_proportion,1000,DERIVED
EXP-XAI-FIDELITY-001,GLOBAL_FEATURE,MODEL-C3,PERMUTATION_IMPORTANCE_MACRO_F1,7,ALL,3,selected_minus_random_damage,0.05924282853162842,0.052434823278806254,0.06493816047969865,30,macro_f1_proportion,1000,DERIVED
EXP-XAI-FIDELITY-001,GLOBAL_FEATURE,MODEL-C3,PERMUTATION_IMPORTANCE_MACRO_F1,7,ALL,5,selected_minus_random_damage,0.0530688602948711,0.04673267002735383,0.05853304838512191,30,macro_f1_proportion,1000,DERIVED
EXP-XAI-FIDELITY-001,GLOBAL_FEATURE,MODEL-C3,PERMUTATION_IMPORTANCE_MACRO_F1,7,ALL,10,selected_minus_random_damage,0.023897259860795973,0.012386678585298013,0.034527275217556344,30,macro_f1_proportion,1000,DERIVED
EXP-XAI-FIDELITY-001,GLOBAL_FEATURE,MODEL-C3,PERMUTATION_IMPORTANCE_MACRO_F1,7,ALL,20,selected_minus_random_damage,0.07156090144784762,0.05696102081943213,0.08409357379479528,30,macro_f1_proportion,1000,DERIVED
EXP-XAI-FIDELITY-001,GLOBAL_FEATURE,MODEL-C3,PERMUTATION_IMPORTANCE_MACRO_F1,8,ALL,1,selected_minus_random_damage,0.039063705635967644,0.030092071825695208,0.04957678372659341,30,macro_f1_proportion,1000,DERIVED
EXP-XAI-FIDELITY-001,GLOBAL_FEATURE,MODEL-C3,PERMUTATION_IMPORTANCE_MACRO_F1,8,ALL,3,selected_minus_random_damage,0.02751087254231422,0.017043209419152362,0.040461162062890084,30,macro_f1_proportion,1000,DERIVED
EXP-XAI-FIDELITY-001,GLOBAL_FEATURE,MODEL-C3,PERMUTATION_IMPORTANCE_MACRO_F1,8,ALL,5,selected_minus_random_damage,0.005500505332357877,-0.009956351128794737,0.023164526974862498,30,macro_f1_proportion,1000,DERIVED
EXP-XAI-FIDELITY-001,GLOBAL_FEATURE,MODEL-C3,PERMUTATION_IMPORTANCE_MACRO_F1,8,ALL,10,selected_minus_random_damage,0.07918929462747569,0.060251832706162564,0.10367927476856527,30,macro_f1_proportion,1000,DERIVED
EXP-XAI-FIDELITY-001,GLOBAL_FEATURE,MODEL-C3,PERMUTATION_IMPORTANCE_MACRO_F1,8,ALL,20,selected_minus_random_damage,0.06114115071063787,0.04979777534774925,0.07467409483096135,30,macro_f1_proportion,1000,DERIVED
EXP-XAI-FIDELITY-001,GLOBAL_FEATURE,MODEL-C3,PERMUTATION_IMPORTANCE_MACRO_F1,9,ALL,1,selected_minus_random_damage,-0.006721344444741531,-0.007327453748383055,-0.005999209876920597,30,macro_f1_proportion,1000,DERIVED
EXP-XAI-FIDELITY-001,GLOBAL_FEATURE,MODEL-C3,PERMUTATION_IMPORTANCE_MACRO_F1,9,ALL,3,selected_minus_random_damage,-0.029390067111661245,-0.0394878961706223,-0.015874212945765145,30,macro_f1_proportion,1000,DERIVED
EXP-XAI-FIDELITY-001,GLOBAL_FEATURE,MODEL-C3,PERMUTATION_IMPORTANCE_MACRO_F1,9,ALL,5,selected_minus_random_damage,-0.005713587078562163,-0.008364203855567184,-0.002641968396862942,30,macro_f1_proportion,1000,DERIVED
EXP-XAI-FIDELITY-001,GLOBAL_FEATURE,MODEL-C3,PERMUTATION_IMPORTANCE_MACRO_F1,9,ALL,10,selected_minus_random_damage,0.012650573141064051,0.006196017443551475,0.02213416570109575,30,macro_f1_proportion,1000,DERIVED
EXP-XAI-FIDELITY-001,GLOBAL_FEATURE,MODEL-C3,PERMUTATION_IMPORTANCE_MACRO_F1,9,ALL,20,selected_minus_random_damage,0.007496795329078085,-0.008022915436308163,0.025152146393472734,30,macro_f1_proportion,1000,DERIVED
EXP-XAI-FIDELITY-001,GLOBAL_FEATURE,MODEL-C3,PERMUTATION_IMPORTANCE_MACRO_F1,10,ALL,1,selected_minus_random_damage,0.005826725789969941,0.00424841216133265,0.007583023251374057,30,macro_f1_proportion,1000,DERIVED
EXP-XAI-FIDELITY-001,GLOBAL_FEATURE,MODEL-C3,PERMUTATION_IMPORTANCE_MACRO_F1,10,ALL,3,selected_minus_random_damage,-0.0007301864841767795,-0.0031604572471229343,0.0018070412852543352,30,macro_f1_proportion,1000,DERIVED
EXP-XAI-FIDELITY-001,GLOBAL_FEATURE,MODEL-C3,PERMUTATION_IMPORTANCE_MACRO_F1,10,ALL,5,selected_minus_random_damage,-0.004582131515797275,-0.007526943149625833,-0.0014518257710980681,30,macro_f1_proportion,1000,DERIVED
EXP-XAI-FIDELITY-001,GLOBAL_FEATURE,MODEL-C3,PERMUTATION_IMPORTANCE_MACRO_F1,10,ALL,10,selected_minus_random_damage,0.030735774113366934,0.026244614689490242,0.03499795272246892,30,macro_f1_proportion,1000,DERIVED
EXP-XAI-FIDELITY-001,GLOBAL_FEATURE,MODEL-C3,PERMUTATION_IMPORTANCE_MACRO_F1,10,ALL,20,selected_minus_random_damage,0.02396137975488312,0.017556914890244864,0.030756835871011017,30,macro_f1_proportion,1000,DERIVED
EXP-XAI-FIDELITY-001,GLOBAL_FEATURE,MODEL-C4,PERMUTATION_IMPORTANCE_MACRO_F1,2,ALL,1,selected_minus_random_damage,0.06526040207727578,0.06261653437352238,0.0680108391700167,30,macro_f1_proportion,1000,DERIVED
EXP-XAI-FIDELITY-001,GLOBAL_FEATURE,MODEL-C4,PERMUTATION_IMPORTANCE_MACRO_F1,2,ALL,3,selected_minus_random_damage,0.06725569513119568,0.0593489156368935,0.07317766259723278,30,macro_f1_proportion,1000,DERIVED
EXP-XAI-FIDELITY-001,GLOBAL_FEATURE,MODEL-C4,PERMUTATION_IMPORTANCE_MACRO_F1,2,ALL,5,selected_minus_random_damage,0.08197054860504789,0.0739256532977772,0.08952519478863119,30,macro_f1_proportion,1000,DERIVED
EXP-XAI-FIDELITY-001,GLOBAL_FEATURE,MODEL-C4,PERMUTATION_IMPORTANCE_MACRO_F1,2,ALL,10,selected_minus_random_damage,0.1400334434928895,0.12931661066322528,0.15101813166370612,30,macro_f1_proportion,1000,DERIVED
EXP-XAI-FIDELITY-001,GLOBAL_FEATURE,MODEL-C4,PERMUTATION_IMPORTANCE_MACRO_F1,2,ALL,20,selected_minus_random_damage,0.1731083354726221,0.15747949934384986,0.1886399987387441,30,macro_f1_proportion,1000,DERIVED
EXP-XAI-FIDELITY-001,GLOBAL_FEATURE,MODEL-C4,PERMUTATION_IMPORTANCE_MACRO_F1,3,ALL,1,selected_minus_random_damage,0.006026292104629486,0.004372960182254887,0.007581960938566475,30,macro_f1_proportion,1000,DERIVED
EXP-XAI-FIDELITY-001,GLOBAL_FEATURE,MODEL-C4,PERMUTATION_IMPORTANCE_MACRO_F1,3,ALL,3,selected_minus_random_damage,0.010609175698298893,0.007595146735034533,0.013670582825721509,30,macro_f1_proportion,1000,DERIVED
EXP-XAI-FIDELITY-001,GLOBAL_FEATURE,MODEL-C4,PERMUTATION_IMPORTANCE_MACRO_F1,3,ALL,5,selected_minus_random_damage,0.012542506113986407,0.009547999859371789,0.015392699821398405,30,macro_f1_proportion,1000,DERIVED
EXP-XAI-FIDELITY-001,GLOBAL_FEATURE,MODEL-C4,PERMUTATION_IMPORTANCE_MACRO_F1,3,ALL,10,selected_minus_random_damage,0.023155952869186265,0.019287990218623065,0.02683281672991876,30,macro_f1_proportion,1000,DERIVED
EXP-XAI-FIDELITY-001,GLOBAL_FEATURE,MODEL-C4,PERMUTATION_IMPORTANCE_MACRO_F1,3,ALL,20,selected_minus_random_damage,0.08195508170077127,0.07732522934624059,0.08663567636113377,30,macro_f1_proportion,1000,DERIVED
EXP-XAI-FIDELITY-001,GLOBAL_FEATURE,MODEL-C4,PERMUTATION_IMPORTANCE_MACRO_F1,4,ALL,1,selected_minus_random_damage,0.06994720742880967,0.06840393998344244,0.07141179280416693,30,macro_f1_proportion,1000,DERIVED
EXP-XAI-FIDELITY-001,GLOBAL_FEATURE,MODEL-C4,PERMUTATION_IMPORTANCE_MACRO_F1,4,ALL,3,selected_minus_random_damage,0.07437226689888933,0.07019974120153781,0.07768301203074393,30,macro_f1_proportion,1000,DERIVED
EXP-XAI-FIDELITY-001,GLOBAL_FEATURE,MODEL-C4,PERMUTATION_IMPORTANCE_MACRO_F1,4,ALL,5,selected_minus_random_damage,0.05266938099803076,0.04652213226293966,0.05841606345194041,30,macro_f1_proportion,1000,DERIVED
EXP-XAI-FIDELITY-001,GLOBAL_FEATURE,MODEL-C4,PERMUTATION_IMPORTANCE_MACRO_F1,4,ALL,10,selected_minus_random_damage,0.0644369896049263,0.055646184125192275,0.07242679015506355,30,macro_f1_proportion,1000,DERIVED
EXP-XAI-FIDELITY-001,GLOBAL_FEATURE,MODEL-C4,PERMUTATION_IMPORTANCE_MACRO_F1,4,ALL,20,selected_minus_random_damage,0.06579380680748612,0.05508738437809054,0.07595667287728085,30,macro_f1_proportion,1000,DERIVED
EXP-XAI-FIDELITY-001,GLOBAL_FEATURE,MODEL-C4,PERMUTATION_IMPORTANCE_MACRO_F1,5,ALL,1,selected_minus_random_damage,0.0,0.0,0.0,30,macro_f1_proportion,1000,DERIVED
EXP-XAI-FIDELITY-001,GLOBAL_FEATURE,MODEL-C4,PERMUTATION_IMPORTANCE_MACRO_F1,5,ALL,3,selected_minus_random_damage,0.000175441641757057,-0.0007867246463737654,0.0013130495716449364,30,macro_f1_proportion,1000,DERIVED
EXP-XAI-FIDELITY-001,GLOBAL_FEATURE,MODEL-C4,PERMUTATION_IMPORTANCE_MACRO_F1,5,ALL,5,selected_minus_random_damage,-0.0005244830975825103,-0.0013112077439562757,0.0,30,macro_f1_proportion,1000,DERIVED
EXP-XAI-FIDELITY-001,GLOBAL_FEATURE,MODEL-C4,PERMUTATION_IMPORTANCE_MACRO_F1,5,ALL,10,selected_minus_random_damage,0.0065862823847380346,0.0004335050561784848,0.010983384069737319,30,macro_f1_proportion,1000,DERIVED
EXP-XAI-FIDELITY-001,GLOBAL_FEATURE,MODEL-C4,PERMUTATION_IMPORTANCE_MACRO_F1,5,ALL,20,selected_minus_random_damage,0.0985820489689282,0.093102036637769,0.10323299624783472,30,macro_f1_proportion,1000,DERIVED
EXP-XAI-FIDELITY-001,GLOBAL_FEATURE,MODEL-C4,PERMUTATION_IMPORTANCE_MACRO_F1,6,ALL,1,selected_minus_random_damage,0.09481680912315023,0.09409957771125003,0.09554356681615347,30,macro_f1_proportion,1000,DERIVED
EXP-XAI-FIDELITY-001,GLOBAL_FEATURE,MODEL-C4,PERMUTATION_IMPORTANCE_MACRO_F1,6,ALL,3,selected_minus_random_damage,0.14052621314937602,0.13843772168173382,0.1425782109450136,30,macro_f1_proportion,1000,DERIVED
EXP-XAI-FIDELITY-001,GLOBAL_FEATURE,MODEL-C4,PERMUTATION_IMPORTANCE_MACRO_F1,6,ALL,5,selected_minus_random_damage,0.14345151090838743,0.13517231106494768,0.14955964031519114,30,macro_f1_proportion,1000,DERIVED
EXP-XAI-FIDELITY-001,GLOBAL_FEATURE,MODEL-C4,PERMUTATION_IMPORTANCE_MACRO_F1,6,ALL,10,selected_minus_random_damage,0.15200997580893502,0.1390423557814121,0.16594114248055314,30,macro_f1_proportion,1000,DERIVED
EXP-XAI-FIDELITY-001,GLOBAL_FEATURE,MODEL-C4,PERMUTATION_IMPORTANCE_MACRO_F1,6,ALL,20,selected_minus_random_damage,0.14098389897721791,0.12301642670958068,0.15596025419523843,30,macro_f1_proportion,1000,DERIVED
EXP-XAI-FIDELITY-001,GLOBAL_FEATURE,MODEL-C4,PERMUTATION_IMPORTANCE_MACRO_F1,7,ALL,1,selected_minus_random_damage,0.019881508932996356,0.019021139386581967,0.020727003020401504,30,macro_f1_proportion,1000,DERIVED
EXP-XAI-FIDELITY-001,GLOBAL_FEATURE,MODEL-C4,PERMUTATION_IMPORTANCE_MACRO_F1,7,ALL,3,selected_minus_random_damage,0.05928425338362431,0.057162063219368724,0.06126588933475119,30,macro_f1_proportion,1000,DERIVED
EXP-XAI-FIDELITY-001,GLOBAL_FEATURE,MODEL-C4,PERMUTATION_IMPORTANCE_MACRO_F1,7,ALL,5,selected_minus_random_damage,0.09468627298972017,0.09133924203692297,0.09753106657969546,30,macro_f1_proportion,1000,DERIVED
EXP-XAI-FIDELITY-001,GLOBAL_FEATURE,MODEL-C4,PERMUTATION_IMPORTANCE_MACRO_F1,7,ALL,10,selected_minus_random_damage,0.13692464488991662,0.13015882059812442,0.14276005225425933,30,macro_f1_proportion,1000,DERIVED
EXP-XAI-FIDELITY-001,GLOBAL_FEATURE,MODEL-C4,PERMUTATION_IMPORTANCE_MACRO_F1,7,ALL,20,selected_minus_random_damage,0.14235555334028305,0.13372724548946543,0.14953707820534085,30,macro_f1_proportion,1000,DERIVED
EXP-XAI-FIDELITY-001,GLOBAL_FEATURE,MODEL-C4,PERMUTATION_IMPORTANCE_MACRO_F1,8,ALL,1,selected_minus_random_damage,0.03026400265954028,0.026642182536039224,0.03353510928742856,30,macro_f1_proportion,1000,DERIVED
EXP-XAI-FIDELITY-001,GLOBAL_FEATURE,MODEL-C4,PERMUTATION_IMPORTANCE_MACRO_F1,8,ALL,3,selected_minus_random_damage,0.13916953174380003,0.12256129641184427,0.15862379736298476,30,macro_f1_proportion,1000,DERIVED
EXP-XAI-FIDELITY-001,GLOBAL_FEATURE,MODEL-C4,PERMUTATION_IMPORTANCE_MACRO_F1,8,ALL,5,selected_minus_random_damage,0.13469507109757606,0.12253774177056068,0.1490365913891143,30,macro_f1_proportion,1000,DERIVED
EXP-XAI-FIDELITY-001,GLOBAL_FEATURE,MODEL-C4,PERMUTATION_IMPORTANCE_MACRO_F1,8,ALL,10,selected_minus_random_damage,0.15043540714033157,0.13345864358010953,0.16845622334773905,30,macro_f1_proportion,1000,DERIVED
EXP-XAI-FIDELITY-001,GLOBAL_FEATURE,MODEL-C4,PERMUTATION_IMPORTANCE_MACRO_F1,8,ALL,20,selected_minus_random_damage,0.13167416330466195,0.11781018929592704,0.14660695293419926,30,macro_f1_proportion,1000,DERIVED
EXP-XAI-FIDELITY-001,GLOBAL_FEATURE,MODEL-C4,PERMUTATION_IMPORTANCE_MACRO_F1,9,ALL,1,selected_minus_random_damage,0.003549246328269066,0.0020640567722290098,0.005216371469471866,30,macro_f1_proportion,1000,DERIVED
EXP-XAI-FIDELITY-001,GLOBAL_FEATURE,MODEL-C4,PERMUTATION_IMPORTANCE_MACRO_F1,9,ALL,3,selected_minus_random_damage,-0.13468959422992832,-0.13775953490072848,-0.13117372277604053,30,macro_f1_proportion,1000,DERIVED
EXP-XAI-FIDELITY-001,GLOBAL_FEATURE,MODEL-C4,PERMUTATION_IMPORTANCE_MACRO_F1,9,ALL,5,selected_minus_random_damage,-0.14232252646979776,-0.14934951923884884,-0.13547195295877829,30,macro_f1_proportion,1000,DERIVED
EXP-XAI-FIDELITY-001,GLOBAL_FEATURE,MODEL-C4,PERMUTATION_IMPORTANCE_MACRO_F1,9,ALL,10,selected_minus_random_damage,-0.07041574207051067,-0.08419062839356278,-0.05408637032779947,30,macro_f1_proportion,1000,DERIVED
EXP-XAI-FIDELITY-001,GLOBAL_FEATURE,MODEL-C4,PERMUTATION_IMPORTANCE_MACRO_F1,9,ALL,20,selected_minus_random_damage,0.048641981823709934,0.02622518821369394,0.07493953719811211,30,macro_f1_proportion,1000,DERIVED
EXP-XAI-FIDELITY-001,GLOBAL_FEATURE,MODEL-C4,PERMUTATION_IMPORTANCE_MACRO_F1,10,ALL,1,selected_minus_random_damage,0.03284171770391669,0.030776061328291023,0.034614535642737115,30,macro_f1_proportion,1000,DERIVED
EXP-XAI-FIDELITY-001,GLOBAL_FEATURE,MODEL-C4,PERMUTATION_IMPORTANCE_MACRO_F1,10,ALL,3,selected_minus_random_damage,0.06326262254988711,0.057151618562290986,0.06978532506185811,30,macro_f1_proportion,1000,DERIVED
EXP-XAI-FIDELITY-001,GLOBAL_FEATURE,MODEL-C4,PERMUTATION_IMPORTANCE_MACRO_F1,10,ALL,5,selected_minus_random_damage,0.0607395803423938,0.05603510358662754,0.06510678994865719,30,macro_f1_proportion,1000,DERIVED
EXP-XAI-FIDELITY-001,GLOBAL_FEATURE,MODEL-C4,PERMUTATION_IMPORTANCE_MACRO_F1,10,ALL,10,selected_minus_random_damage,0.07525138762194819,0.06600472223898533,0.08378860101879276,30,macro_f1_proportion,1000,DERIVED
EXP-XAI-FIDELITY-001,GLOBAL_FEATURE,MODEL-C4,PERMUTATION_IMPORTANCE_MACRO_F1,10,ALL,20,selected_minus_random_damage,0.0866542952573857,0.07510623847874548,0.09833148663887124,30,macro_f1_proportion,1000,DERIVED
EXP-XAI-FIDELITY-001,LOCAL_FEATURE,MODEL-C1,INTRINSIC_COEFFICIENT,2,ALL,1,selected_minus_random_damage,0.04202993309043686,0.022009806044041343,0.0647392473444041,570,probability,1000,DERIVED
EXP-XAI-FIDELITY-001,LOCAL_FEATURE,MODEL-C1,INTRINSIC_COEFFICIENT,2,ALL,3,selected_minus_random_damage,0.11011913446150035,0.08481441321950751,0.13687294287994697,570,probability,1000,DERIVED
EXP-XAI-FIDELITY-001,LOCAL_FEATURE,MODEL-C1,INTRINSIC_COEFFICIENT,2,ALL,5,selected_minus_random_damage,0.12570416674152143,0.09875801383996527,0.15197965398332888,570,probability,1000,DERIVED
EXP-XAI-FIDELITY-001,LOCAL_FEATURE,MODEL-C1,INTRINSIC_COEFFICIENT,2,ALL,10,selected_minus_random_damage,0.1590252171168648,0.1320005146448648,0.18674709615006319,570,probability,1000,DERIVED
EXP-XAI-FIDELITY-001,LOCAL_FEATURE,MODEL-C1,INTRINSIC_COEFFICIENT,6,ALL,1,selected_minus_random_damage,-0.04013015322244953,-0.05361072633270152,-0.028041016309607716,450,probability,1000,DERIVED
EXP-XAI-FIDELITY-001,LOCAL_FEATURE,MODEL-C1,INTRINSIC_COEFFICIENT,6,ALL,3,selected_minus_random_damage,0.04825594795711372,0.011738498095005686,0.08268015449454161,450,probability,1000,DERIVED
EXP-XAI-FIDELITY-001,LOCAL_FEATURE,MODEL-C1,INTRINSIC_COEFFICIENT,6,ALL,5,selected_minus_random_damage,0.08072551428439412,0.03292526013834809,0.1277437490378625,450,probability,1000,DERIVED
EXP-XAI-FIDELITY-001,LOCAL_FEATURE,MODEL-C1,INTRINSIC_COEFFICIENT,6,ALL,10,selected_minus_random_damage,0.1503610437096481,0.10230467319978935,0.19376406353522269,450,probability,1000,DERIVED
EXP-XAI-FIDELITY-001,LOCAL_FEATURE,MODEL-C1,INTRINSIC_COEFFICIENT,10,ALL,1,selected_minus_random_damage,0.1345859372269549,0.11576881742869485,0.15251292991879925,600,probability,1000,DERIVED
EXP-XAI-FIDELITY-001,LOCAL_FEATURE,MODEL-C1,INTRINSIC_COEFFICIENT,10,ALL,3,selected_minus_random_damage,0.18616872222063222,0.1628591095776541,0.20995608263549503,600,probability,1000,DERIVED
EXP-XAI-FIDELITY-001,LOCAL_FEATURE,MODEL-C1,INTRINSIC_COEFFICIENT,10,ALL,5,selected_minus_random_damage,0.2629892073021018,0.2414819224958087,0.2867070266115224,600,probability,1000,DERIVED
EXP-XAI-FIDELITY-001,LOCAL_FEATURE,MODEL-C1,INTRINSIC_COEFFICIENT,10,ALL,10,selected_minus_random_damage,0.3409704762130532,0.31356590869531614,0.3695031378741497,600,probability,1000,DERIVED
EXP-XAI-FIDELITY-001,LOCAL_FEATURE,MODEL-C1,SINGLE_FEATURE_ABLATION_LOCAL,2,ALL,1,selected_minus_random_damage,-0.025752600105561355,-0.04896766168832788,-0.002955266733034808,570,probability,1000,DERIVED
EXP-XAI-FIDELITY-001,LOCAL_FEATURE,MODEL-C1,SINGLE_FEATURE_ABLATION_LOCAL,2,ALL,3,selected_minus_random_damage,-0.008988789797628235,-0.0395234194101732,0.024272520685259223,570,probability,1000,DERIVED
EXP-XAI-FIDELITY-001,LOCAL_FEATURE,MODEL-C1,SINGLE_FEATURE_ABLATION_LOCAL,2,ALL,5,selected_minus_random_damage,-0.016199891729214724,-0.04815899299401266,0.016006301053573136,570,probability,1000,DERIVED
EXP-XAI-FIDELITY-001,LOCAL_FEATURE,MODEL-C1,SINGLE_FEATURE_ABLATION_LOCAL,2,ALL,10,selected_minus_random_damage,0.022650338597580442,-0.011959388565109082,0.05803795942405715,570,probability,1000,DERIVED
EXP-XAI-FIDELITY-001,LOCAL_FEATURE,MODEL-C1,SINGLE_FEATURE_ABLATION_LOCAL,6,ALL,1,selected_minus_random_damage,-0.001054337132926055,-0.015497123618343388,0.013471615974955106,450,probability,1000,DERIVED
EXP-XAI-FIDELITY-001,LOCAL_FEATURE,MODEL-C1,SINGLE_FEATURE_ABLATION_LOCAL,6,ALL,3,selected_minus_random_damage,0.12290618187647444,0.08621832883424711,0.15793683901680952,450,probability,1000,DERIVED
EXP-XAI-FIDELITY-001,LOCAL_FEATURE,MODEL-C1,SINGLE_FEATURE_ABLATION_LOCAL,6,ALL,5,selected_minus_random_damage,0.26598780352104195,0.22819029397878646,0.30896655071587714,450,probability,1000,DERIVED
EXP-XAI-FIDELITY-001,LOCAL_FEATURE,MODEL-C1,SINGLE_FEATURE_ABLATION_LOCAL,6,ALL,10,selected_minus_random_damage,0.4018930180701634,0.3572339581217284,0.4420578939491735,450,probability,1000,DERIVED
EXP-XAI-FIDELITY-001,LOCAL_FEATURE,MODEL-C1,SINGLE_FEATURE_ABLATION_LOCAL,10,ALL,1,selected_minus_random_damage,0.12751604557782448,0.10630583640518941,0.14835710786142367,600,probability,1000,DERIVED
EXP-XAI-FIDELITY-001,LOCAL_FEATURE,MODEL-C1,SINGLE_FEATURE_ABLATION_LOCAL,10,ALL,3,selected_minus_random_damage,0.1670509968956564,0.13941484090896836,0.1947220986301803,600,probability,1000,DERIVED
EXP-XAI-FIDELITY-001,LOCAL_FEATURE,MODEL-C1,SINGLE_FEATURE_ABLATION_LOCAL,10,ALL,5,selected_minus_random_damage,0.2132116979011499,0.18278884466198647,0.2433359644095498,600,probability,1000,DERIVED
EXP-XAI-FIDELITY-001,LOCAL_FEATURE,MODEL-C1,SINGLE_FEATURE_ABLATION_LOCAL,10,ALL,10,selected_minus_random_damage,0.2945251856563239,0.2609440089651714,0.3258051908930585,600,probability,1000,DERIVED
EXP-XAI-FIDELITY-001,LOCAL_FEATURE,MODEL-C2,SINGLE_FEATURE_ABLATION_LOCAL,2,ALL,1,selected_minus_random_damage,0.06606666666666665,0.06363270833333332,0.06859999999999998,600,probability,1000,DERIVED
EXP-XAI-FIDELITY-001,LOCAL_FEATURE,MODEL-C2,SINGLE_FEATURE_ABLATION_LOCAL,2,ALL,3,selected_minus_random_damage,0.16484166666666666,0.16034854166666665,0.16910020833333334,600,probability,1000,DERIVED
EXP-XAI-FIDELITY-001,LOCAL_FEATURE,MODEL-C2,SINGLE_FEATURE_ABLATION_LOCAL,2,ALL,5,selected_minus_random_damage,0.22173333333333337,0.2154060416666667,0.22892625,600,probability,1000,DERIVED
EXP-XAI-FIDELITY-001,LOCAL_FEATURE,MODEL-C2,SINGLE_FEATURE_ABLATION_LOCAL,2,ALL,10,selected_minus_random_damage,0.2796416666666667,0.2695797916666667,0.2897183333333333,600,probability,1000,DERIVED
EXP-XAI-FIDELITY-001,LOCAL_FEATURE,MODEL-C2,SINGLE_FEATURE_ABLATION_LOCAL,6,ALL,1,selected_minus_random_damage,-0.008544444444444447,-0.015446388888888897,-0.0017322222222222298,450,probability,1000,DERIVED
EXP-XAI-FIDELITY-001,LOCAL_FEATURE,MODEL-C2,SINGLE_FEATURE_ABLATION_LOCAL,6,ALL,3,selected_minus_random_damage,-0.015122222222222207,-0.030089999999999992,-0.0010074999999999913,450,probability,1000,DERIVED
EXP-XAI-FIDELITY-001,LOCAL_FEATURE,MODEL-C2,SINGLE_FEATURE_ABLATION_LOCAL,6,ALL,5,selected_minus_random_damage,-0.010311111111111102,-0.031757777777777774,0.012134444444444453,450,probability,1000,DERIVED
EXP-XAI-FIDELITY-001,LOCAL_FEATURE,MODEL-C2,SINGLE_FEATURE_ABLATION_LOCAL,6,ALL,10,selected_minus_random_damage,0.0123111111111111,-0.015501944444444454,0.03962638888888888,450,probability,1000,DERIVED
EXP-XAI-FIDELITY-001,LOCAL_FEATURE,MODEL-C2,SINGLE_FEATURE_ABLATION_LOCAL,10,ALL,1,selected_minus_random_damage,0.01885185185185185,0.01222106481481481,0.025435416666666665,540,probability,1000,DERIVED
EXP-XAI-FIDELITY-001,LOCAL_FEATURE,MODEL-C2,SINGLE_FEATURE_ABLATION_LOCAL,10,ALL,3,selected_minus_random_damage,0.04689814814814816,0.034933101851851854,0.05995532407407407,540,probability,1000,DERIVED
EXP-XAI-FIDELITY-001,LOCAL_FEATURE,MODEL-C2,SINGLE_FEATURE_ABLATION_LOCAL,10,ALL,5,selected_minus_random_damage,0.04319444444444444,0.026911342592592594,0.05918564814814815,540,probability,1000,DERIVED
EXP-XAI-FIDELITY-001,LOCAL_FEATURE,MODEL-C2,SINGLE_FEATURE_ABLATION_LOCAL,10,ALL,10,selected_minus_random_damage,0.09208333333333332,0.07650787037037036,0.10775138888888888,540,probability,1000,DERIVED
EXP-XAI-FIDELITY-001,LOCAL_FEATURE,MODEL-C3,SINGLE_FEATURE_ABLATION_LOCAL,2,ALL,1,selected_minus_random_damage,0.05172723196205551,0.04422170900854518,0.05928702002530025,600,probability,1000,DERIVED
EXP-XAI-FIDELITY-001,LOCAL_FEATURE,MODEL-C3,SINGLE_FEATURE_ABLATION_LOCAL,2,ALL,3,selected_minus_random_damage,0.12329172277949335,0.1124574406514737,0.13391270713139697,600,probability,1000,DERIVED
EXP-XAI-FIDELITY-001,LOCAL_FEATURE,MODEL-C3,SINGLE_FEATURE_ABLATION_LOCAL,2,ALL,5,selected_minus_random_damage,0.17857183739118335,0.16683286424172006,0.1911494501541529,600,probability,1000,DERIVED
EXP-XAI-FIDELITY-001,LOCAL_FEATURE,MODEL-C3,SINGLE_FEATURE_ABLATION_LOCAL,2,ALL,10,selected_minus_random_damage,0.2084931045405987,0.192425380606007,0.22492442542894242,600,probability,1000,DERIVED
EXP-XAI-FIDELITY-001,LOCAL_FEATURE,MODEL-C3,SINGLE_FEATURE_ABLATION_LOCAL,6,ALL,1,selected_minus_random_damage,-0.0023186139447019757,-0.010309111426674653,0.0060268359787773495,450,probability,1000,DERIVED
EXP-XAI-FIDELITY-001,LOCAL_FEATURE,MODEL-C3,SINGLE_FEATURE_ABLATION_LOCAL,6,ALL,3,selected_minus_random_damage,-0.039831646360536606,-0.04949139539380144,-0.03006673336915292,450,probability,1000,DERIVED
EXP-XAI-FIDELITY-001,LOCAL_FEATURE,MODEL-C3,SINGLE_FEATURE_ABLATION_LOCAL,6,ALL,5,selected_minus_random_damage,-0.06020055556606333,-0.07613100947213712,-0.04432819942360459,450,probability,1000,DERIVED
EXP-XAI-FIDELITY-001,LOCAL_FEATURE,MODEL-C3,SINGLE_FEATURE_ABLATION_LOCAL,6,ALL,10,selected_minus_random_damage,-0.05236269166515944,-0.07472740444339393,-0.03373649667454512,450,probability,1000,DERIVED
EXP-XAI-FIDELITY-001,LOCAL_FEATURE,MODEL-C3,SINGLE_FEATURE_ABLATION_LOCAL,10,ALL,1,selected_minus_random_damage,-0.0026389964464756444,-0.010978687539299377,0.005908624274069152,570,probability,1000,DERIVED
EXP-XAI-FIDELITY-001,LOCAL_FEATURE,MODEL-C3,SINGLE_FEATURE_ABLATION_LOCAL,10,ALL,3,selected_minus_random_damage,0.04611513138654305,0.028710239450907987,0.06408903299825719,570,probability,1000,DERIVED
EXP-XAI-FIDELITY-001,LOCAL_FEATURE,MODEL-C3,SINGLE_FEATURE_ABLATION_LOCAL,10,ALL,5,selected_minus_random_damage,0.05966191003123352,0.03886386063518878,0.08022375604545959,570,probability,1000,DERIVED
EXP-XAI-FIDELITY-001,LOCAL_FEATURE,MODEL-C3,SINGLE_FEATURE_ABLATION_LOCAL,10,ALL,10,selected_minus_random_damage,0.12527498768418482,0.10483986752784327,0.14618638639994738,570,probability,1000,DERIVED
EXP-XAI-FIDELITY-001,LOCAL_FEATURE,MODEL-C4,SINGLE_FEATURE_ABLATION_LOCAL,2,ALL,1,selected_minus_random_damage,0.023816461588572774,0.015746620883369068,0.03166362198697003,600,probability,1000,DERIVED
EXP-XAI-FIDELITY-001,LOCAL_FEATURE,MODEL-C4,SINGLE_FEATURE_ABLATION_LOCAL,2,ALL,3,selected_minus_random_damage,0.03764955109293413,0.024390946874432176,0.04987678103847535,600,probability,1000,DERIVED
EXP-XAI-FIDELITY-001,LOCAL_FEATURE,MODEL-C4,SINGLE_FEATURE_ABLATION_LOCAL,2,ALL,5,selected_minus_random_damage,0.06415694203680866,0.04909389557550962,0.07991640194104349,600,probability,1000,DERIVED
EXP-XAI-FIDELITY-001,LOCAL_FEATURE,MODEL-C4,SINGLE_FEATURE_ABLATION_LOCAL,2,ALL,10,selected_minus_random_damage,0.17126002753528696,0.15436472302990273,0.18892178491030204,600,probability,1000,DERIVED
EXP-XAI-FIDELITY-001,LOCAL_FEATURE,MODEL-C4,SINGLE_FEATURE_ABLATION_LOCAL,6,ALL,1,selected_minus_random_damage,0.05147785867716379,0.03948832074813086,0.06332074865725612,570,probability,1000,DERIVED
EXP-XAI-FIDELITY-001,LOCAL_FEATURE,MODEL-C4,SINGLE_FEATURE_ABLATION_LOCAL,6,ALL,3,selected_minus_random_damage,0.13311983302574754,0.11385714786608211,0.1530257604793743,570,probability,1000,DERIVED
EXP-XAI-FIDELITY-001,LOCAL_FEATURE,MODEL-C4,SINGLE_FEATURE_ABLATION_LOCAL,6,ALL,5,selected_minus_random_damage,0.1460106195009246,0.12254670390686385,0.17014257221294726,570,probability,1000,DERIVED
EXP-XAI-FIDELITY-001,LOCAL_FEATURE,MODEL-C4,SINGLE_FEATURE_ABLATION_LOCAL,6,ALL,10,selected_minus_random_damage,0.1766453550299584,0.15028292141936392,0.20375819875148565,570,probability,1000,DERIVED
EXP-XAI-FIDELITY-001,LOCAL_FEATURE,MODEL-C4,SINGLE_FEATURE_ABLATION_LOCAL,10,ALL,1,selected_minus_random_damage,0.04110340446567012,0.033451269272802564,0.048923695270593016,600,probability,1000,DERIVED
EXP-XAI-FIDELITY-001,LOCAL_FEATURE,MODEL-C4,SINGLE_FEATURE_ABLATION_LOCAL,10,ALL,3,selected_minus_random_damage,0.12959247146583916,0.1169038106413597,0.14192298005552886,600,probability,1000,DERIVED
EXP-XAI-FIDELITY-001,LOCAL_FEATURE,MODEL-C4,SINGLE_FEATURE_ABLATION_LOCAL,10,ALL,5,selected_minus_random_damage,0.14914736549593058,0.13385323775228714,0.16444334815575795,600,probability,1000,DERIVED
EXP-XAI-FIDELITY-001,LOCAL_FEATURE,MODEL-C4,SINGLE_FEATURE_ABLATION_LOCAL,10,ALL,10,selected_minus_random_damage,0.1766283896555623,0.15561707863926852,0.19719598934383953,600,probability,1000,DERIVED
EXP-XAI-FIDELITY-001,SENSOR_GROUP,MODEL-C1,INTRINSIC_COEFFICIENT,2,ALL,1,selected_minus_random_damage,0.13556021456305758,0.10296889019790163,0.16439254150771865,30,macro_f1_proportion,1000,DERIVED
EXP-XAI-FIDELITY-001,SENSOR_GROUP,MODEL-C1,INTRINSIC_COEFFICIENT,2,ALL,2,selected_minus_random_damage,0.17956194276028598,0.14309258615274553,0.21342689752247895,30,macro_f1_proportion,1000,DERIVED
EXP-XAI-FIDELITY-001,SENSOR_GROUP,MODEL-C1,INTRINSIC_COEFFICIENT,2,ALL,3,selected_minus_random_damage,0.2135068943890105,0.17088911037720061,0.2528427104458815,30,macro_f1_proportion,1000,DERIVED
EXP-XAI-FIDELITY-001,SENSOR_GROUP,MODEL-C1,INTRINSIC_COEFFICIENT,3,ALL,1,selected_minus_random_damage,0.0009700217761710558,-0.014724659199543176,0.017994153320714006,30,macro_f1_proportion,1000,DERIVED
EXP-XAI-FIDELITY-001,SENSOR_GROUP,MODEL-C1,INTRINSIC_COEFFICIENT,3,ALL,2,selected_minus_random_damage,0.03971801300285112,0.017251881805885317,0.06227467840639531,30,macro_f1_proportion,1000,DERIVED
EXP-XAI-FIDELITY-001,SENSOR_GROUP,MODEL-C1,INTRINSIC_COEFFICIENT,3,ALL,3,selected_minus_random_damage,0.04222861348386642,0.02129318824629657,0.06538054414345644,30,macro_f1_proportion,1000,DERIVED
EXP-XAI-FIDELITY-001,SENSOR_GROUP,MODEL-C1,INTRINSIC_COEFFICIENT,4,ALL,1,selected_minus_random_damage,0.007589601528023486,-0.0013767662226088536,0.018615217486314985,30,macro_f1_proportion,1000,DERIVED
EXP-XAI-FIDELITY-001,SENSOR_GROUP,MODEL-C1,INTRINSIC_COEFFICIENT,4,ALL,2,selected_minus_random_damage,-0.058469964563987044,-0.0708602795050318,-0.04413922445326278,30,macro_f1_proportion,1000,DERIVED
EXP-XAI-FIDELITY-001,SENSOR_GROUP,MODEL-C1,INTRINSIC_COEFFICIENT,4,ALL,3,selected_minus_random_damage,-0.03642866566014984,-0.05350082724343503,-0.019237015951024474,30,macro_f1_proportion,1000,DERIVED
EXP-XAI-FIDELITY-001,SENSOR_GROUP,MODEL-C1,INTRINSIC_COEFFICIENT,5,ALL,1,selected_minus_random_damage,-0.04622711833187855,-0.0723530576651886,-0.016807616769192617,30,macro_f1_proportion,1000,DERIVED
EXP-XAI-FIDELITY-001,SENSOR_GROUP,MODEL-C1,INTRINSIC_COEFFICIENT,5,ALL,2,selected_minus_random_damage,-0.0033758942227112196,-0.02841774783054834,0.021560347079170355,30,macro_f1_proportion,1000,DERIVED
EXP-XAI-FIDELITY-001,SENSOR_GROUP,MODEL-C1,INTRINSIC_COEFFICIENT,5,ALL,3,selected_minus_random_damage,0.02089887320908358,-0.004764181870399143,0.04902253181146671,30,macro_f1_proportion,1000,DERIVED
EXP-XAI-FIDELITY-001,SENSOR_GROUP,MODEL-C1,INTRINSIC_COEFFICIENT,6,ALL,1,selected_minus_random_damage,-0.0013079760439620354,-0.005431918348339626,0.002433363703862569,30,macro_f1_proportion,1000,DERIVED
EXP-XAI-FIDELITY-001,SENSOR_GROUP,MODEL-C1,INTRINSIC_COEFFICIENT,6,ALL,2,selected_minus_random_damage,-0.09382001082093262,-0.09919528498524816,-0.08779204505516963,30,macro_f1_proportion,1000,DERIVED
EXP-XAI-FIDELITY-001,SENSOR_GROUP,MODEL-C1,INTRINSIC_COEFFICIENT,6,ALL,3,selected_minus_random_damage,-0.09457373249645049,-0.10362156743066875,-0.08337939912168986,30,macro_f1_proportion,1000,DERIVED
EXP-XAI-FIDELITY-001,SENSOR_GROUP,MODEL-C1,INTRINSIC_COEFFICIENT,7,ALL,1,selected_minus_random_damage,-0.041871247519676524,-0.053946816755371135,-0.02923822454703522,30,macro_f1_proportion,1000,DERIVED
EXP-XAI-FIDELITY-001,SENSOR_GROUP,MODEL-C1,INTRINSIC_COEFFICIENT,7,ALL,2,selected_minus_random_damage,0.0028429836061602976,-0.00833501149606453,0.014902776121696047,30,macro_f1_proportion,1000,DERIVED
EXP-XAI-FIDELITY-001,SENSOR_GROUP,MODEL-C1,INTRINSIC_COEFFICIENT,7,ALL,3,selected_minus_random_damage,-0.021826816490678816,-0.035875061990252186,-0.006478870011908317,30,macro_f1_proportion,1000,DERIVED
EXP-XAI-FIDELITY-001,SENSOR_GROUP,MODEL-C1,INTRINSIC_COEFFICIENT,8,ALL,1,selected_minus_random_damage,-0.0796765606249474,-0.10663018048829358,-0.05508280706937749,30,macro_f1_proportion,1000,DERIVED
EXP-XAI-FIDELITY-001,SENSOR_GROUP,MODEL-C1,INTRINSIC_COEFFICIENT,8,ALL,2,selected_minus_random_damage,0.04767726624409698,0.023336129253972934,0.07282618714206737,30,macro_f1_proportion,1000,DERIVED
EXP-XAI-FIDELITY-001,SENSOR_GROUP,MODEL-C1,INTRINSIC_COEFFICIENT,8,ALL,3,selected_minus_random_damage,0.04760335821388273,0.02296904357636332,0.07359766291768485,30,macro_f1_proportion,1000,DERIVED
EXP-XAI-FIDELITY-001,SENSOR_GROUP,MODEL-C1,INTRINSIC_COEFFICIENT,9,ALL,1,selected_minus_random_damage,0.06460277932760396,0.03600820090463131,0.09402589046507477,30,macro_f1_proportion,1000,DERIVED
EXP-XAI-FIDELITY-001,SENSOR_GROUP,MODEL-C1,INTRINSIC_COEFFICIENT,9,ALL,2,selected_minus_random_damage,0.06511248318644378,0.040729369543810984,0.09194275357274623,30,macro_f1_proportion,1000,DERIVED
EXP-XAI-FIDELITY-001,SENSOR_GROUP,MODEL-C1,INTRINSIC_COEFFICIENT,9,ALL,3,selected_minus_random_damage,-0.002626794871041838,-0.024566950008525646,0.026659222753777093,30,macro_f1_proportion,1000,DERIVED
EXP-XAI-FIDELITY-001,SENSOR_GROUP,MODEL-C1,INTRINSIC_COEFFICIENT,10,ALL,1,selected_minus_random_damage,-0.05341693653961062,-0.06081745019330343,-0.046123387176773875,30,macro_f1_proportion,1000,DERIVED
EXP-XAI-FIDELITY-001,SENSOR_GROUP,MODEL-C1,INTRINSIC_COEFFICIENT,10,ALL,2,selected_minus_random_damage,-0.05517704724885472,-0.0643824625204698,-0.046282694241569215,30,macro_f1_proportion,1000,DERIVED
EXP-XAI-FIDELITY-001,SENSOR_GROUP,MODEL-C1,INTRINSIC_COEFFICIENT,10,ALL,3,selected_minus_random_damage,-0.056702494362022245,-0.06809970020842573,-0.04584789301924775,30,macro_f1_proportion,1000,DERIVED
EXP-XAI-FIDELITY-001,SENSOR_GROUP,MODEL-C1,PERMUTATION_IMPORTANCE_MACRO_F1,2,ALL,1,selected_minus_random_damage,0.1656694848462668,0.1340923311470497,0.19574655920371423,30,macro_f1_proportion,1000,DERIVED
EXP-XAI-FIDELITY-001,SENSOR_GROUP,MODEL-C1,PERMUTATION_IMPORTANCE_MACRO_F1,2,ALL,2,selected_minus_random_damage,0.1882505401832738,0.1528099400834956,0.22214042977764614,30,macro_f1_proportion,1000,DERIVED
EXP-XAI-FIDELITY-001,SENSOR_GROUP,MODEL-C1,PERMUTATION_IMPORTANCE_MACRO_F1,2,ALL,3,selected_minus_random_damage,0.127480811689605,0.09556232590335076,0.1601576871419033,30,macro_f1_proportion,1000,DERIVED
EXP-XAI-FIDELITY-001,SENSOR_GROUP,MODEL-C1,PERMUTATION_IMPORTANCE_MACRO_F1,3,ALL,1,selected_minus_random_damage,-0.04783679281700167,-0.06390637883572305,-0.030625269773054912,30,macro_f1_proportion,1000,DERIVED
EXP-XAI-FIDELITY-001,SENSOR_GROUP,MODEL-C1,PERMUTATION_IMPORTANCE_MACRO_F1,3,ALL,2,selected_minus_random_damage,-0.08124919958029803,-0.10196410948995399,-0.05970118801068455,30,macro_f1_proportion,1000,DERIVED
EXP-XAI-FIDELITY-001,SENSOR_GROUP,MODEL-C1,PERMUTATION_IMPORTANCE_MACRO_F1,3,ALL,3,selected_minus_random_damage,0.0040804867946837116,-0.012528295186804405,0.020397111776178447,30,macro_f1_proportion,1000,DERIVED
EXP-XAI-FIDELITY-001,SENSOR_GROUP,MODEL-C1,PERMUTATION_IMPORTANCE_MACRO_F1,4,ALL,1,selected_minus_random_damage,0.0425739452043578,0.026641705733455263,0.06017948384388913,30,macro_f1_proportion,1000,DERIVED
EXP-XAI-FIDELITY-001,SENSOR_GROUP,MODEL-C1,PERMUTATION_IMPORTANCE_MACRO_F1,4,ALL,2,selected_minus_random_damage,-0.06055583637105236,-0.07583357596514577,-0.043925361797166745,30,macro_f1_proportion,1000,DERIVED
EXP-XAI-FIDELITY-001,SENSOR_GROUP,MODEL-C1,PERMUTATION_IMPORTANCE_MACRO_F1,4,ALL,3,selected_minus_random_damage,-0.04213199378377892,-0.06290246320866848,-0.022424171485927003,30,macro_f1_proportion,1000,DERIVED
EXP-XAI-FIDELITY-001,SENSOR_GROUP,MODEL-C1,PERMUTATION_IMPORTANCE_MACRO_F1,5,ALL,1,selected_minus_random_damage,0.03206168008253786,0.010125788150661586,0.05686612766768092,30,macro_f1_proportion,1000,DERIVED
EXP-XAI-FIDELITY-001,SENSOR_GROUP,MODEL-C1,PERMUTATION_IMPORTANCE_MACRO_F1,5,ALL,2,selected_minus_random_damage,0.030644218704229658,0.0058222419433990365,0.057963100988991725,30,macro_f1_proportion,1000,DERIVED
EXP-XAI-FIDELITY-001,SENSOR_GROUP,MODEL-C1,PERMUTATION_IMPORTANCE_MACRO_F1,5,ALL,3,selected_minus_random_damage,-0.07691485041769194,-0.10364855592534297,-0.04847028328317332,30,macro_f1_proportion,1000,DERIVED
EXP-XAI-FIDELITY-001,SENSOR_GROUP,MODEL-C1,PERMUTATION_IMPORTANCE_MACRO_F1,6,ALL,1,selected_minus_random_damage,0.017305914318771837,0.013749163036130666,0.021162676810156097,30,macro_f1_proportion,1000,DERIVED
EXP-XAI-FIDELITY-001,SENSOR_GROUP,MODEL-C1,PERMUTATION_IMPORTANCE_MACRO_F1,6,ALL,2,selected_minus_random_damage,-0.04733965822563058,-0.05760011737490209,-0.034126923683267724,30,macro_f1_proportion,1000,DERIVED
EXP-XAI-FIDELITY-001,SENSOR_GROUP,MODEL-C1,PERMUTATION_IMPORTANCE_MACRO_F1,6,ALL,3,selected_minus_random_damage,-0.0031572148482909837,-0.011398491597806641,0.007168637032850797,30,macro_f1_proportion,1000,DERIVED
EXP-XAI-FIDELITY-001,SENSOR_GROUP,MODEL-C1,PERMUTATION_IMPORTANCE_MACRO_F1,7,ALL,1,selected_minus_random_damage,0.02341318675809686,0.012455294801131587,0.03576386649459959,30,macro_f1_proportion,1000,DERIVED
EXP-XAI-FIDELITY-001,SENSOR_GROUP,MODEL-C1,PERMUTATION_IMPORTANCE_MACRO_F1,7,ALL,2,selected_minus_random_damage,0.02921533227441079,0.015063851467121825,0.043694096513997506,30,macro_f1_proportion,1000,DERIVED
EXP-XAI-FIDELITY-001,SENSOR_GROUP,MODEL-C1,PERMUTATION_IMPORTANCE_MACRO_F1,7,ALL,3,selected_minus_random_damage,0.040640853404714385,0.026299064988032753,0.055881646634961604,30,macro_f1_proportion,1000,DERIVED
EXP-XAI-FIDELITY-001,SENSOR_GROUP,MODEL-C1,PERMUTATION_IMPORTANCE_MACRO_F1,8,ALL,1,selected_minus_random_damage,0.12226323656726695,0.0986910316721179,0.14295481051856332,30,macro_f1_proportion,1000,DERIVED
EXP-XAI-FIDELITY-001,SENSOR_GROUP,MODEL-C1,PERMUTATION_IMPORTANCE_MACRO_F1,8,ALL,2,selected_minus_random_damage,0.0483635251519517,0.028667980173510296,0.07288648880826575,30,macro_f1_proportion,1000,DERIVED
EXP-XAI-FIDELITY-001,SENSOR_GROUP,MODEL-C1,PERMUTATION_IMPORTANCE_MACRO_F1,8,ALL,3,selected_minus_random_damage,0.010813539439097929,-0.017820470295353396,0.039025840233284106,30,macro_f1_proportion,1000,DERIVED
EXP-XAI-FIDELITY-001,SENSOR_GROUP,MODEL-C1,PERMUTATION_IMPORTANCE_MACRO_F1,9,ALL,1,selected_minus_random_damage,-0.11008792154395901,-0.1402457524505742,-0.07533006619295361,30,macro_f1_proportion,1000,DERIVED
EXP-XAI-FIDELITY-001,SENSOR_GROUP,MODEL-C1,PERMUTATION_IMPORTANCE_MACRO_F1,9,ALL,2,selected_minus_random_damage,-0.10933832470602542,-0.1353251682426818,-0.0790972902284131,30,macro_f1_proportion,1000,DERIVED
EXP-XAI-FIDELITY-001,SENSOR_GROUP,MODEL-C1,PERMUTATION_IMPORTANCE_MACRO_F1,9,ALL,3,selected_minus_random_damage,0.03131276173293797,0.0016116611561638162,0.05885579155487301,30,macro_f1_proportion,1000,DERIVED
EXP-XAI-FIDELITY-001,SENSOR_GROUP,MODEL-C1,PERMUTATION_IMPORTANCE_MACRO_F1,10,ALL,1,selected_minus_random_damage,-0.04993132074438192,-0.05832829075625701,-0.04096691521735878,30,macro_f1_proportion,1000,DERIVED
EXP-XAI-FIDELITY-001,SENSOR_GROUP,MODEL-C1,PERMUTATION_IMPORTANCE_MACRO_F1,10,ALL,2,selected_minus_random_damage,-0.052350884197585754,-0.06105102602512438,-0.04327611285923815,30,macro_f1_proportion,1000,DERIVED
EXP-XAI-FIDELITY-001,SENSOR_GROUP,MODEL-C1,PERMUTATION_IMPORTANCE_MACRO_F1,10,ALL,3,selected_minus_random_damage,-0.044960324296078776,-0.05458898734215538,-0.03464772623719935,30,macro_f1_proportion,1000,DERIVED
EXP-XAI-FIDELITY-001,SENSOR_GROUP,MODEL-C2,INTRINSIC_IMPURITY,2,ALL,1,selected_minus_random_damage,0.22394057679769752,0.1973840057172477,0.246926014084443,30,macro_f1_proportion,1000,DERIVED
EXP-XAI-FIDELITY-001,SENSOR_GROUP,MODEL-C2,INTRINSIC_IMPURITY,2,ALL,2,selected_minus_random_damage,0.392313094603282,0.34139203697143045,0.43820026182539057,30,macro_f1_proportion,1000,DERIVED
EXP-XAI-FIDELITY-001,SENSOR_GROUP,MODEL-C2,INTRINSIC_IMPURITY,2,ALL,3,selected_minus_random_damage,0.4663434204952116,0.4321479210364736,0.49874471680555965,30,macro_f1_proportion,1000,DERIVED
EXP-XAI-FIDELITY-001,SENSOR_GROUP,MODEL-C2,INTRINSIC_IMPURITY,3,ALL,1,selected_minus_random_damage,0.27653180153613927,0.22006821786962866,0.3257060367780243,30,macro_f1_proportion,1000,DERIVED
EXP-XAI-FIDELITY-001,SENSOR_GROUP,MODEL-C2,INTRINSIC_IMPURITY,3,ALL,2,selected_minus_random_damage,0.27489932811860684,0.22664249427525185,0.32508766377881765,30,macro_f1_proportion,1000,DERIVED
EXP-XAI-FIDELITY-001,SENSOR_GROUP,MODEL-C2,INTRINSIC_IMPURITY,3,ALL,3,selected_minus_random_damage,0.3752456260694114,0.3267168259232927,0.4241272248805313,30,macro_f1_proportion,1000,DERIVED
EXP-XAI-FIDELITY-001,SENSOR_GROUP,MODEL-C2,INTRINSIC_IMPURITY,4,ALL,1,selected_minus_random_damage,0.1426761391076212,0.11831239921270359,0.16383496457294797,30,macro_f1_proportion,1000,DERIVED
EXP-XAI-FIDELITY-001,SENSOR_GROUP,MODEL-C2,INTRINSIC_IMPURITY,4,ALL,2,selected_minus_random_damage,0.1796672680154269,0.14672929318731967,0.21119911438002537,30,macro_f1_proportion,1000,DERIVED
EXP-XAI-FIDELITY-001,SENSOR_GROUP,MODEL-C2,INTRINSIC_IMPURITY,4,ALL,3,selected_minus_random_damage,0.2673353468568411,0.2333672252111365,0.29961577469563866,30,macro_f1_proportion,1000,DERIVED
EXP-XAI-FIDELITY-001,SENSOR_GROUP,MODEL-C2,INTRINSIC_IMPURITY,5,ALL,1,selected_minus_random_damage,0.1520312753721261,0.1337495102616606,0.16720015117003179,30,macro_f1_proportion,1000,DERIVED
EXP-XAI-FIDELITY-001,SENSOR_GROUP,MODEL-C2,INTRINSIC_IMPURITY,5,ALL,2,selected_minus_random_damage,0.19844719879700776,0.1707834902672123,0.22214240427139398,30,macro_f1_proportion,1000,DERIVED
EXP-XAI-FIDELITY-001,SENSOR_GROUP,MODEL-C2,INTRINSIC_IMPURITY,5,ALL,3,selected_minus_random_damage,0.2705267747186141,0.23939619374471913,0.30021713931436195,30,macro_f1_proportion,1000,DERIVED
EXP-XAI-FIDELITY-001,SENSOR_GROUP,MODEL-C2,INTRINSIC_IMPURITY,6,ALL,1,selected_minus_random_damage,0.15841169380305323,0.146248228899805,0.1657696657912741,30,macro_f1_proportion,1000,DERIVED
EXP-XAI-FIDELITY-001,SENSOR_GROUP,MODEL-C2,INTRINSIC_IMPURITY,6,ALL,2,selected_minus_random_damage,0.23644039522046917,0.2053877009036431,0.26389844513698324,30,macro_f1_proportion,1000,DERIVED
EXP-XAI-FIDELITY-001,SENSOR_GROUP,MODEL-C2,INTRINSIC_IMPURITY,6,ALL,3,selected_minus_random_damage,0.20567587659505893,0.1767517801484475,0.23519988591089003,30,macro_f1_proportion,1000,DERIVED
EXP-XAI-FIDELITY-001,SENSOR_GROUP,MODEL-C2,INTRINSIC_IMPURITY,7,ALL,1,selected_minus_random_damage,0.12159228191268613,0.10699361199074654,0.13572967559964386,30,macro_f1_proportion,1000,DERIVED
EXP-XAI-FIDELITY-001,SENSOR_GROUP,MODEL-C2,INTRINSIC_IMPURITY,7,ALL,2,selected_minus_random_damage,0.15781850846904752,0.14000489074636369,0.17420768865573055,30,macro_f1_proportion,1000,DERIVED
EXP-XAI-FIDELITY-001,SENSOR_GROUP,MODEL-C2,INTRINSIC_IMPURITY,7,ALL,3,selected_minus_random_damage,0.15820993849333229,0.13183551539608387,0.1819592855371182,30,macro_f1_proportion,1000,DERIVED
EXP-XAI-FIDELITY-001,SENSOR_GROUP,MODEL-C2,INTRINSIC_IMPURITY,8,ALL,1,selected_minus_random_damage,0.1550033042358914,0.122883843399961,0.18461802618233664,30,macro_f1_proportion,1000,DERIVED
EXP-XAI-FIDELITY-001,SENSOR_GROUP,MODEL-C2,INTRINSIC_IMPURITY,8,ALL,2,selected_minus_random_damage,0.14498370414607242,0.11448943316100756,0.1751561711636618,30,macro_f1_proportion,1000,DERIVED
EXP-XAI-FIDELITY-001,SENSOR_GROUP,MODEL-C2,INTRINSIC_IMPURITY,8,ALL,3,selected_minus_random_damage,0.12082670047588544,0.09342051631953699,0.14899088793588913,30,macro_f1_proportion,1000,DERIVED
EXP-XAI-FIDELITY-001,SENSOR_GROUP,MODEL-C2,INTRINSIC_IMPURITY,9,ALL,1,selected_minus_random_damage,0.2043740839949974,0.17625802106370625,0.23188660393647872,30,macro_f1_proportion,1000,DERIVED
EXP-XAI-FIDELITY-001,SENSOR_GROUP,MODEL-C2,INTRINSIC_IMPURITY,9,ALL,2,selected_minus_random_damage,0.1837272535992713,0.1550421017824844,0.2128493128537162,30,macro_f1_proportion,1000,DERIVED
EXP-XAI-FIDELITY-001,SENSOR_GROUP,MODEL-C2,INTRINSIC_IMPURITY,9,ALL,3,selected_minus_random_damage,0.1452063925106609,0.11573124274942927,0.17816167414976145,30,macro_f1_proportion,1000,DERIVED
EXP-XAI-FIDELITY-001,SENSOR_GROUP,MODEL-C2,INTRINSIC_IMPURITY,10,ALL,1,selected_minus_random_damage,0.10875928955696428,0.09833091889266761,0.11845599399772333,30,macro_f1_proportion,1000,DERIVED
EXP-XAI-FIDELITY-001,SENSOR_GROUP,MODEL-C2,INTRINSIC_IMPURITY,10,ALL,2,selected_minus_random_damage,0.14232577734585902,0.12755334468352003,0.15488220195149247,30,macro_f1_proportion,1000,DERIVED
EXP-XAI-FIDELITY-001,SENSOR_GROUP,MODEL-C2,INTRINSIC_IMPURITY,10,ALL,3,selected_minus_random_damage,0.08295824842344053,0.060623018513511234,0.10315903371953287,30,macro_f1_proportion,1000,DERIVED
EXP-XAI-FIDELITY-001,SENSOR_GROUP,MODEL-C2,PERMUTATION_IMPORTANCE_MACRO_F1,2,ALL,1,selected_minus_random_damage,0.21265117654108381,0.18360233206819804,0.23812101353353138,30,macro_f1_proportion,1000,DERIVED
EXP-XAI-FIDELITY-001,SENSOR_GROUP,MODEL-C2,PERMUTATION_IMPORTANCE_MACRO_F1,2,ALL,2,selected_minus_random_damage,0.2659272856864655,0.23175298841983147,0.29569242020342795,30,macro_f1_proportion,1000,DERIVED
EXP-XAI-FIDELITY-001,SENSOR_GROUP,MODEL-C2,PERMUTATION_IMPORTANCE_MACRO_F1,2,ALL,3,selected_minus_random_damage,0.3487432604026414,0.3011727126043547,0.3939419612883614,30,macro_f1_proportion,1000,DERIVED
EXP-XAI-FIDELITY-001,SENSOR_GROUP,MODEL-C2,PERMUTATION_IMPORTANCE_MACRO_F1,3,ALL,1,selected_minus_random_damage,0.11418154621040726,0.07269685733353282,0.1519996308932912,30,macro_f1_proportion,1000,DERIVED
EXP-XAI-FIDELITY-001,SENSOR_GROUP,MODEL-C2,PERMUTATION_IMPORTANCE_MACRO_F1,3,ALL,2,selected_minus_random_damage,0.12281611103715188,0.07291726755617957,0.1688150284716378,30,macro_f1_proportion,1000,DERIVED
EXP-XAI-FIDELITY-001,SENSOR_GROUP,MODEL-C2,PERMUTATION_IMPORTANCE_MACRO_F1,3,ALL,3,selected_minus_random_damage,0.3592761828499874,0.2955305631748405,0.4227278795665315,30,macro_f1_proportion,1000,DERIVED
EXP-XAI-FIDELITY-001,SENSOR_GROUP,MODEL-C2,PERMUTATION_IMPORTANCE_MACRO_F1,4,ALL,1,selected_minus_random_damage,0.11970231777480901,0.0910080811456652,0.14780091533935208,30,macro_f1_proportion,1000,DERIVED
EXP-XAI-FIDELITY-001,SENSOR_GROUP,MODEL-C2,PERMUTATION_IMPORTANCE_MACRO_F1,4,ALL,2,selected_minus_random_damage,0.21453706800902647,0.1878047173752348,0.24004694293665574,30,macro_f1_proportion,1000,DERIVED
EXP-XAI-FIDELITY-001,SENSOR_GROUP,MODEL-C2,PERMUTATION_IMPORTANCE_MACRO_F1,4,ALL,3,selected_minus_random_damage,0.24765684424755008,0.21294866200494378,0.2816221699247668,30,macro_f1_proportion,1000,DERIVED
EXP-XAI-FIDELITY-001,SENSOR_GROUP,MODEL-C2,PERMUTATION_IMPORTANCE_MACRO_F1,5,ALL,1,selected_minus_random_damage,0.14166749352854796,0.1201624024656788,0.15914607194263194,30,macro_f1_proportion,1000,DERIVED
EXP-XAI-FIDELITY-001,SENSOR_GROUP,MODEL-C2,PERMUTATION_IMPORTANCE_MACRO_F1,5,ALL,2,selected_minus_random_damage,0.32241097214653214,0.2939158004697267,0.34579423086592037,30,macro_f1_proportion,1000,DERIVED
EXP-XAI-FIDELITY-001,SENSOR_GROUP,MODEL-C2,PERMUTATION_IMPORTANCE_MACRO_F1,5,ALL,3,selected_minus_random_damage,0.3099660210720926,0.28277385450653136,0.33560916344509256,30,macro_f1_proportion,1000,DERIVED
EXP-XAI-FIDELITY-001,SENSOR_GROUP,MODEL-C2,PERMUTATION_IMPORTANCE_MACRO_F1,6,ALL,1,selected_minus_random_damage,0.1607558355945453,0.1474516354491521,0.16933457227054752,30,macro_f1_proportion,1000,DERIVED
EXP-XAI-FIDELITY-001,SENSOR_GROUP,MODEL-C2,PERMUTATION_IMPORTANCE_MACRO_F1,6,ALL,2,selected_minus_random_damage,0.10689010677412121,0.0795227636278756,0.1316001450625517,30,macro_f1_proportion,1000,DERIVED
EXP-XAI-FIDELITY-001,SENSOR_GROUP,MODEL-C2,PERMUTATION_IMPORTANCE_MACRO_F1,6,ALL,3,selected_minus_random_damage,0.22490985288831403,0.192314803634442,0.2550233156920792,30,macro_f1_proportion,1000,DERIVED
EXP-XAI-FIDELITY-001,SENSOR_GROUP,MODEL-C2,PERMUTATION_IMPORTANCE_MACRO_F1,7,ALL,1,selected_minus_random_damage,0.004727985572184329,-0.013837807581520582,0.020438727544637877,30,macro_f1_proportion,1000,DERIVED
EXP-XAI-FIDELITY-001,SENSOR_GROUP,MODEL-C2,PERMUTATION_IMPORTANCE_MACRO_F1,7,ALL,2,selected_minus_random_damage,0.2246201474548993,0.19978499523937127,0.24542051918853197,30,macro_f1_proportion,1000,DERIVED
EXP-XAI-FIDELITY-001,SENSOR_GROUP,MODEL-C2,PERMUTATION_IMPORTANCE_MACRO_F1,7,ALL,3,selected_minus_random_damage,0.17540278795749603,0.14270252288463026,0.20287850342099614,30,macro_f1_proportion,1000,DERIVED
EXP-XAI-FIDELITY-001,SENSOR_GROUP,MODEL-C2,PERMUTATION_IMPORTANCE_MACRO_F1,8,ALL,1,selected_minus_random_damage,0.033774883836382254,0.0054619648256288775,0.06265002888226277,30,macro_f1_proportion,1000,DERIVED
EXP-XAI-FIDELITY-001,SENSOR_GROUP,MODEL-C2,PERMUTATION_IMPORTANCE_MACRO_F1,8,ALL,2,selected_minus_random_damage,0.023181979623016664,-0.003539682480145689,0.052308725896203424,30,macro_f1_proportion,1000,DERIVED
EXP-XAI-FIDELITY-001,SENSOR_GROUP,MODEL-C2,PERMUTATION_IMPORTANCE_MACRO_F1,8,ALL,3,selected_minus_random_damage,-0.018000995985636363,-0.038910165132239806,0.005197060010425094,30,macro_f1_proportion,1000,DERIVED
EXP-XAI-FIDELITY-001,SENSOR_GROUP,MODEL-C2,PERMUTATION_IMPORTANCE_MACRO_F1,9,ALL,1,selected_minus_random_damage,0.0935500882727336,0.0595273125666671,0.1223143683512216,30,macro_f1_proportion,1000,DERIVED
EXP-XAI-FIDELITY-001,SENSOR_GROUP,MODEL-C2,PERMUTATION_IMPORTANCE_MACRO_F1,9,ALL,2,selected_minus_random_damage,0.02209753633026244,-0.01254343105799851,0.06046546639194621,30,macro_f1_proportion,1000,DERIVED
EXP-XAI-FIDELITY-001,SENSOR_GROUP,MODEL-C2,PERMUTATION_IMPORTANCE_MACRO_F1,9,ALL,3,selected_minus_random_damage,0.020811437617053397,-0.006447531422138828,0.04887374473298578,30,macro_f1_proportion,1000,DERIVED
EXP-XAI-FIDELITY-001,SENSOR_GROUP,MODEL-C2,PERMUTATION_IMPORTANCE_MACRO_F1,10,ALL,1,selected_minus_random_damage,-0.08038649429250591,-0.09572360094041918,-0.06711136064616537,30,macro_f1_proportion,1000,DERIVED
EXP-XAI-FIDELITY-001,SENSOR_GROUP,MODEL-C2,PERMUTATION_IMPORTANCE_MACRO_F1,10,ALL,2,selected_minus_random_damage,0.045973379430880604,0.031877749693266365,0.059310288905267315,30,macro_f1_proportion,1000,DERIVED
EXP-XAI-FIDELITY-001,SENSOR_GROUP,MODEL-C2,PERMUTATION_IMPORTANCE_MACRO_F1,10,ALL,3,selected_minus_random_damage,0.01661617510464582,-0.004116929530304254,0.03568974721413641,30,macro_f1_proportion,1000,DERIVED
EXP-XAI-FIDELITY-001,SENSOR_GROUP,MODEL-C3,PERMUTATION_IMPORTANCE_MACRO_F1,2,ALL,1,selected_minus_random_damage,-0.10166840421384449,-0.13604491865946797,-0.07296394384932335,30,macro_f1_proportion,1000,DERIVED
EXP-XAI-FIDELITY-001,SENSOR_GROUP,MODEL-C3,PERMUTATION_IMPORTANCE_MACRO_F1,2,ALL,2,selected_minus_random_damage,-0.10391496030906114,-0.13636925558968155,-0.07038624121934796,30,macro_f1_proportion,1000,DERIVED
EXP-XAI-FIDELITY-001,SENSOR_GROUP,MODEL-C3,PERMUTATION_IMPORTANCE_MACRO_F1,2,ALL,3,selected_minus_random_damage,0.0776268425933728,0.051113116048368094,0.10427944531363466,30,macro_f1_proportion,1000,DERIVED
EXP-XAI-FIDELITY-001,SENSOR_GROUP,MODEL-C3,PERMUTATION_IMPORTANCE_MACRO_F1,3,ALL,1,selected_minus_random_damage,-0.10481709412686381,-0.11971796322660755,-0.08823221849858603,30,macro_f1_proportion,1000,DERIVED
EXP-XAI-FIDELITY-001,SENSOR_GROUP,MODEL-C3,PERMUTATION_IMPORTANCE_MACRO_F1,3,ALL,2,selected_minus_random_damage,0.05749572813582279,0.035405228666829984,0.08062723834351504,30,macro_f1_proportion,1000,DERIVED
EXP-XAI-FIDELITY-001,SENSOR_GROUP,MODEL-C3,PERMUTATION_IMPORTANCE_MACRO_F1,3,ALL,3,selected_minus_random_damage,0.08167350269214387,0.0647587731695194,0.09951680076989132,30,macro_f1_proportion,1000,DERIVED
EXP-XAI-FIDELITY-001,SENSOR_GROUP,MODEL-C3,PERMUTATION_IMPORTANCE_MACRO_F1,4,ALL,1,selected_minus_random_damage,-0.01778317078192274,-0.022721576935895542,-0.012664699031242295,30,macro_f1_proportion,1000,DERIVED
EXP-XAI-FIDELITY-001,SENSOR_GROUP,MODEL-C3,PERMUTATION_IMPORTANCE_MACRO_F1,4,ALL,2,selected_minus_random_damage,0.009757529587327396,0.004220577252841807,0.016040950085003083,30,macro_f1_proportion,1000,DERIVED
EXP-XAI-FIDELITY-001,SENSOR_GROUP,MODEL-C3,PERMUTATION_IMPORTANCE_MACRO_F1,4,ALL,3,selected_minus_random_damage,0.0958220031045018,0.08365690168455571,0.10649733250525066,30,macro_f1_proportion,1000,DERIVED
EXP-XAI-FIDELITY-001,SENSOR_GROUP,MODEL-C3,PERMUTATION_IMPORTANCE_MACRO_F1,5,ALL,1,selected_minus_random_damage,-0.004267533229079283,-0.007410427410513825,-0.0015055562408034684,30,macro_f1_proportion,1000,DERIVED
EXP-XAI-FIDELITY-001,SENSOR_GROUP,MODEL-C3,PERMUTATION_IMPORTANCE_MACRO_F1,5,ALL,2,selected_minus_random_damage,-0.0014249181358289903,-0.007628478154189587,0.003922457899418873,30,macro_f1_proportion,1000,DERIVED
EXP-XAI-FIDELITY-001,SENSOR_GROUP,MODEL-C3,PERMUTATION_IMPORTANCE_MACRO_F1,5,ALL,3,selected_minus_random_damage,-0.0022386745034353047,-0.00936901263828508,0.004219612351653262,30,macro_f1_proportion,1000,DERIVED
EXP-XAI-FIDELITY-001,SENSOR_GROUP,MODEL-C3,PERMUTATION_IMPORTANCE_MACRO_F1,6,ALL,1,selected_minus_random_damage,-0.030637950716503833,-0.038830129786253616,-0.022042323725168074,30,macro_f1_proportion,1000,DERIVED
EXP-XAI-FIDELITY-001,SENSOR_GROUP,MODEL-C3,PERMUTATION_IMPORTANCE_MACRO_F1,6,ALL,2,selected_minus_random_damage,-0.02154786353735114,-0.029541789308398694,-0.014638493104853675,30,macro_f1_proportion,1000,DERIVED
EXP-XAI-FIDELITY-001,SENSOR_GROUP,MODEL-C3,PERMUTATION_IMPORTANCE_MACRO_F1,6,ALL,3,selected_minus_random_damage,-0.008364460435990354,-0.01841454303987394,0.0009956230483216687,30,macro_f1_proportion,1000,DERIVED
EXP-XAI-FIDELITY-001,SENSOR_GROUP,MODEL-C3,PERMUTATION_IMPORTANCE_MACRO_F1,7,ALL,1,selected_minus_random_damage,-0.02301902657365704,-0.04088834885776048,-0.009003126169402506,30,macro_f1_proportion,1000,DERIVED
EXP-XAI-FIDELITY-001,SENSOR_GROUP,MODEL-C3,PERMUTATION_IMPORTANCE_MACRO_F1,7,ALL,2,selected_minus_random_damage,-0.012924976186279502,-0.03116635902107647,0.006851680590138034,30,macro_f1_proportion,1000,DERIVED
EXP-XAI-FIDELITY-001,SENSOR_GROUP,MODEL-C3,PERMUTATION_IMPORTANCE_MACRO_F1,7,ALL,3,selected_minus_random_damage,0.028847662237447183,0.008267226749809287,0.048899328343589205,30,macro_f1_proportion,1000,DERIVED
EXP-XAI-FIDELITY-001,SENSOR_GROUP,MODEL-C3,PERMUTATION_IMPORTANCE_MACRO_F1,8,ALL,1,selected_minus_random_damage,0.027487582026301336,0.006071037024853071,0.05041130091782841,30,macro_f1_proportion,1000,DERIVED
EXP-XAI-FIDELITY-001,SENSOR_GROUP,MODEL-C3,PERMUTATION_IMPORTANCE_MACRO_F1,8,ALL,2,selected_minus_random_damage,0.02283335043334099,0.0017610521713183444,0.046069607689082366,30,macro_f1_proportion,1000,DERIVED
EXP-XAI-FIDELITY-001,SENSOR_GROUP,MODEL-C3,PERMUTATION_IMPORTANCE_MACRO_F1,8,ALL,3,selected_minus_random_damage,0.019521757429862664,0.0011751842490004335,0.03892823974282503,30,macro_f1_proportion,1000,DERIVED
EXP-XAI-FIDELITY-001,SENSOR_GROUP,MODEL-C3,PERMUTATION_IMPORTANCE_MACRO_F1,9,ALL,1,selected_minus_random_damage,0.04372525953352312,0.026838142605314013,0.06189590879249143,30,macro_f1_proportion,1000,DERIVED
EXP-XAI-FIDELITY-001,SENSOR_GROUP,MODEL-C3,PERMUTATION_IMPORTANCE_MACRO_F1,9,ALL,2,selected_minus_random_damage,0.0020974284338597057,-0.01716837589438195,0.025343571672504374,30,macro_f1_proportion,1000,DERIVED
EXP-XAI-FIDELITY-001,SENSOR_GROUP,MODEL-C3,PERMUTATION_IMPORTANCE_MACRO_F1,9,ALL,3,selected_minus_random_damage,0.0013095976602368739,-0.01611823575058514,0.024662911882328335,30,macro_f1_proportion,1000,DERIVED
EXP-XAI-FIDELITY-001,SENSOR_GROUP,MODEL-C3,PERMUTATION_IMPORTANCE_MACRO_F1,10,ALL,1,selected_minus_random_damage,-0.010388106204501665,-0.012851681697496061,-0.007835940789512464,30,macro_f1_proportion,1000,DERIVED
EXP-XAI-FIDELITY-001,SENSOR_GROUP,MODEL-C3,PERMUTATION_IMPORTANCE_MACRO_F1,10,ALL,2,selected_minus_random_damage,-0.0022204103030086177,-0.01145655594524708,0.00643788871181399,30,macro_f1_proportion,1000,DERIVED
EXP-XAI-FIDELITY-001,SENSOR_GROUP,MODEL-C3,PERMUTATION_IMPORTANCE_MACRO_F1,10,ALL,3,selected_minus_random_damage,-0.050108824855553874,-0.06133241830231485,-0.03756579592574659,30,macro_f1_proportion,1000,DERIVED
EXP-XAI-FIDELITY-001,SENSOR_GROUP,MODEL-C4,PERMUTATION_IMPORTANCE_MACRO_F1,2,ALL,1,selected_minus_random_damage,0.10688664995178355,0.09228957351107561,0.11998729241279538,30,macro_f1_proportion,1000,DERIVED
EXP-XAI-FIDELITY-001,SENSOR_GROUP,MODEL-C4,PERMUTATION_IMPORTANCE_MACRO_F1,2,ALL,2,selected_minus_random_damage,0.146505380770489,0.1243037245668858,0.1646662810076258,30,macro_f1_proportion,1000,DERIVED
EXP-XAI-FIDELITY-001,SENSOR_GROUP,MODEL-C4,PERMUTATION_IMPORTANCE_MACRO_F1,2,ALL,3,selected_minus_random_damage,0.049641282986595404,0.027864202675296136,0.07087798559814752,30,macro_f1_proportion,1000,DERIVED
EXP-XAI-FIDELITY-001,SENSOR_GROUP,MODEL-C4,PERMUTATION_IMPORTANCE_MACRO_F1,3,ALL,1,selected_minus_random_damage,0.014091411860995292,0.0108033651348386,0.01714648527559736,30,macro_f1_proportion,1000,DERIVED
EXP-XAI-FIDELITY-001,SENSOR_GROUP,MODEL-C4,PERMUTATION_IMPORTANCE_MACRO_F1,3,ALL,2,selected_minus_random_damage,0.02265286297811525,0.017451753548585146,0.02818478904142659,30,macro_f1_proportion,1000,DERIVED
EXP-XAI-FIDELITY-001,SENSOR_GROUP,MODEL-C4,PERMUTATION_IMPORTANCE_MACRO_F1,3,ALL,3,selected_minus_random_damage,-0.007700984188952735,-0.014864189183741732,-0.000634360316168787,30,macro_f1_proportion,1000,DERIVED
EXP-XAI-FIDELITY-001,SENSOR_GROUP,MODEL-C4,PERMUTATION_IMPORTANCE_MACRO_F1,4,ALL,1,selected_minus_random_damage,-0.009770663620944593,-0.018294454222129827,-0.001623459762005767,30,macro_f1_proportion,1000,DERIVED
EXP-XAI-FIDELITY-001,SENSOR_GROUP,MODEL-C4,PERMUTATION_IMPORTANCE_MACRO_F1,4,ALL,2,selected_minus_random_damage,0.017649812716796342,0.004749352556489451,0.029903580861171543,30,macro_f1_proportion,1000,DERIVED
EXP-XAI-FIDELITY-001,SENSOR_GROUP,MODEL-C4,PERMUTATION_IMPORTANCE_MACRO_F1,4,ALL,3,selected_minus_random_damage,0.02213935459530026,0.00923946307275799,0.034385571789455,30,macro_f1_proportion,1000,DERIVED
EXP-XAI-FIDELITY-001,SENSOR_GROUP,MODEL-C4,PERMUTATION_IMPORTANCE_MACRO_F1,5,ALL,1,selected_minus_random_damage,-0.0008672805199085661,-0.002183030405746253,0.0003633713505129088,30,macro_f1_proportion,1000,DERIVED
EXP-XAI-FIDELITY-001,SENSOR_GROUP,MODEL-C4,PERMUTATION_IMPORTANCE_MACRO_F1,5,ALL,2,selected_minus_random_damage,-0.0011729265188859769,-0.003139632004790696,0.001049685607535484,30,macro_f1_proportion,1000,DERIVED
EXP-XAI-FIDELITY-001,SENSOR_GROUP,MODEL-C4,PERMUTATION_IMPORTANCE_MACRO_F1,5,ALL,3,selected_minus_random_damage,-0.0023951456139952015,-0.013417605736782797,0.006351794573256176,30,macro_f1_proportion,1000,DERIVED
EXP-XAI-FIDELITY-001,SENSOR_GROUP,MODEL-C4,PERMUTATION_IMPORTANCE_MACRO_F1,6,ALL,1,selected_minus_random_damage,0.19237524479942195,0.16682898343522878,0.2210714963855768,30,macro_f1_proportion,1000,DERIVED
EXP-XAI-FIDELITY-001,SENSOR_GROUP,MODEL-C4,PERMUTATION_IMPORTANCE_MACRO_F1,6,ALL,2,selected_minus_random_damage,0.15654915920595383,0.12493950959710162,0.18865423879110732,30,macro_f1_proportion,1000,DERIVED
EXP-XAI-FIDELITY-001,SENSOR_GROUP,MODEL-C4,PERMUTATION_IMPORTANCE_MACRO_F1,6,ALL,3,selected_minus_random_damage,0.13621182640252266,0.10570693758123945,0.16624731126629105,30,macro_f1_proportion,1000,DERIVED
EXP-XAI-FIDELITY-001,SENSOR_GROUP,MODEL-C4,PERMUTATION_IMPORTANCE_MACRO_F1,7,ALL,1,selected_minus_random_damage,0.06566603980435086,0.05936542251908607,0.07184751557829772,30,macro_f1_proportion,1000,DERIVED
EXP-XAI-FIDELITY-001,SENSOR_GROUP,MODEL-C4,PERMUTATION_IMPORTANCE_MACRO_F1,7,ALL,2,selected_minus_random_damage,0.03408010560593856,0.018116286760873637,0.04788117964794495,30,macro_f1_proportion,1000,DERIVED
EXP-XAI-FIDELITY-001,SENSOR_GROUP,MODEL-C4,PERMUTATION_IMPORTANCE_MACRO_F1,7,ALL,3,selected_minus_random_damage,0.03416190667346998,0.011035985545010915,0.05507050524239709,30,macro_f1_proportion,1000,DERIVED
EXP-XAI-FIDELITY-001,SENSOR_GROUP,MODEL-C4,PERMUTATION_IMPORTANCE_MACRO_F1,8,ALL,1,selected_minus_random_damage,0.04705134865812171,0.020796302724056276,0.0744512272183573,30,macro_f1_proportion,1000,DERIVED
EXP-XAI-FIDELITY-001,SENSOR_GROUP,MODEL-C4,PERMUTATION_IMPORTANCE_MACRO_F1,8,ALL,2,selected_minus_random_damage,0.010822518203733363,-0.01749448375736207,0.03879543494955002,30,macro_f1_proportion,1000,DERIVED
EXP-XAI-FIDELITY-001,SENSOR_GROUP,MODEL-C4,PERMUTATION_IMPORTANCE_MACRO_F1,8,ALL,3,selected_minus_random_damage,0.15184755634994848,0.1222187021137895,0.1812603911927829,30,macro_f1_proportion,1000,DERIVED
EXP-XAI-FIDELITY-001,SENSOR_GROUP,MODEL-C4,PERMUTATION_IMPORTANCE_MACRO_F1,9,ALL,1,selected_minus_random_damage,0.038007597358380066,0.020827690272426064,0.05558334876587406,30,macro_f1_proportion,1000,DERIVED
EXP-XAI-FIDELITY-001,SENSOR_GROUP,MODEL-C4,PERMUTATION_IMPORTANCE_MACRO_F1,9,ALL,2,selected_minus_random_damage,-0.07044100189553942,-0.09687821819553687,-0.043259410420740926,30,macro_f1_proportion,1000,DERIVED
EXP-XAI-FIDELITY-001,SENSOR_GROUP,MODEL-C4,PERMUTATION_IMPORTANCE_MACRO_F1,9,ALL,3,selected_minus_random_damage,0.0005603830873830031,-0.025969183871173203,0.02974896988846396,30,macro_f1_proportion,1000,DERIVED
EXP-XAI-FIDELITY-001,SENSOR_GROUP,MODEL-C4,PERMUTATION_IMPORTANCE_MACRO_F1,10,ALL,1,selected_minus_random_damage,0.06227103213567811,0.05207283935494947,0.07119040904000788,30,macro_f1_proportion,1000,DERIVED
EXP-XAI-FIDELITY-001,SENSOR_GROUP,MODEL-C4,PERMUTATION_IMPORTANCE_MACRO_F1,10,ALL,2,selected_minus_random_damage,0.006111700428037786,-0.00890042707522032,0.023131726616399395,30,macro_f1_proportion,1000,DERIVED
EXP-XAI-FIDELITY-001,SENSOR_GROUP,MODEL-C4,PERMUTATION_IMPORTANCE_MACRO_F1,10,ALL,3,selected_minus_random_damage,0.007055700093687444,-0.011519635786827935,0.024743044524301008,30,macro_f1_proportion,1000,DERIVED
EXP-XAI-FIDELITY-001,LOCAL_SAMPLE,MODEL-C1,INTRINSIC_COEFFICIENT,2,CORRECT_REPRESENTATIVE,1,selected_minus_random_target_score_drop,0.08704143671709938,-0.026638175609450036,0.20531179179750636,10,probability,1000,DERIVED
EXP-XAI-FIDELITY-001,LOCAL_SAMPLE,MODEL-C1,INTRINSIC_COEFFICIENT,2,CORRECT_REPRESENTATIVE,3,selected_minus_random_target_score_drop,0.18219157575251457,0.08270731374086164,0.3218305303043311,10,probability,1000,DERIVED
EXP-XAI-FIDELITY-001,LOCAL_SAMPLE,MODEL-C1,INTRINSIC_COEFFICIENT,2,CORRECT_REPRESENTATIVE,5,selected_minus_random_target_score_drop,0.1828803925028784,0.07889880758687337,0.29244508211984627,10,probability,1000,DERIVED
EXP-XAI-FIDELITY-001,LOCAL_SAMPLE,MODEL-C1,INTRINSIC_COEFFICIENT,2,CORRECT_REPRESENTATIVE,10,selected_minus_random_target_score_drop,0.25110163666710483,0.15498248872048423,0.35669770337213175,10,probability,1000,DERIVED
EXP-XAI-FIDELITY-001,LOCAL_SAMPLE,MODEL-C1,INTRINSIC_COEFFICIENT,2,MISCLASSIFIED,1,selected_minus_random_target_score_drop,-0.26360354308006395,-0.28116356230281575,-0.2492480367366065,4,probability,1000,DERIVED
EXP-XAI-FIDELITY-001,LOCAL_SAMPLE,MODEL-C1,INTRINSIC_COEFFICIENT,2,MISCLASSIFIED,3,selected_minus_random_target_score_drop,-0.30079003626093154,-0.3680079818811328,-0.24980318994608652,4,probability,1000,DERIVED
EXP-XAI-FIDELITY-001,LOCAL_SAMPLE,MODEL-C1,INTRINSIC_COEFFICIENT,2,MISCLASSIFIED,5,selected_minus_random_target_score_drop,-0.2588359918518161,-0.2842854588976079,-0.2229315567163889,4,probability,1000,DERIVED
EXP-XAI-FIDELITY-001,LOCAL_SAMPLE,MODEL-C1,INTRINSIC_COEFFICIENT,2,MISCLASSIFIED,10,selected_minus_random_target_score_drop,-0.23204763279333823,-0.28328254977754724,-0.13335702564357954,4,probability,1000,DERIVED
EXP-XAI-FIDELITY-001,LOCAL_SAMPLE,MODEL-C1,INTRINSIC_COEFFICIENT,2,"MISCLASSIFIED,NEAR_DECISION_BOUNDARY",1,selected_minus_random_target_score_drop,-0.23159192724917793,-0.23159192724917793,-0.23159192724917793,1,probability,1000,DERIVED
EXP-XAI-FIDELITY-001,LOCAL_SAMPLE,MODEL-C1,INTRINSIC_COEFFICIENT,2,"MISCLASSIFIED,NEAR_DECISION_BOUNDARY",3,selected_minus_random_target_score_drop,-0.28545171021177473,-0.28545171021177473,-0.28545171021177473,1,probability,1000,DERIVED
EXP-XAI-FIDELITY-001,LOCAL_SAMPLE,MODEL-C1,INTRINSIC_COEFFICIENT,2,"MISCLASSIFIED,NEAR_DECISION_BOUNDARY",5,selected_minus_random_target_score_drop,-0.30594251150550456,-0.30594251150550456,-0.30594251150550456,1,probability,1000,DERIVED
EXP-XAI-FIDELITY-001,LOCAL_SAMPLE,MODEL-C1,INTRINSIC_COEFFICIENT,2,"MISCLASSIFIED,NEAR_DECISION_BOUNDARY",10,selected_minus_random_target_score_drop,-0.2791367334593884,-0.2791367334593884,-0.2791367334593884,1,probability,1000,DERIVED
EXP-XAI-FIDELITY-001,LOCAL_SAMPLE,MODEL-C1,INTRINSIC_COEFFICIENT,2,NEAR_DECISION_BOUNDARY,1,selected_minus_random_target_score_drop,0.303540115279185,0.18750940044915992,0.4252138185010256,4,probability,1000,DERIVED
EXP-XAI-FIDELITY-001,LOCAL_SAMPLE,MODEL-C1,INTRINSIC_COEFFICIENT,2,NEAR_DECISION_BOUNDARY,3,selected_minus_random_target_score_drop,0.4397399131247154,0.35528152422533343,0.5178423305879924,4,probability,1000,DERIVED
EXP-XAI-FIDELITY-001,LOCAL_SAMPLE,MODEL-C1,INTRINSIC_COEFFICIENT,2,NEAR_DECISION_BOUNDARY,5,selected_minus_random_target_score_drop,0.47521543049322307,0.3296560965288445,0.5813770444620538,4,probability,1000,DERIVED
EXP-XAI-FIDELITY-001,LOCAL_SAMPLE,MODEL-C1,INTRINSIC_COEFFICIENT,2,NEAR_DECISION_BOUNDARY,10,selected_minus_random_target_score_drop,0.42944750579553104,0.318479320449629,0.5404156911414331,4,probability,1000,DERIVED
EXP-XAI-FIDELITY-001,LOCAL_SAMPLE,MODEL-C1,INTRINSIC_COEFFICIENT,6,CORRECT_REPRESENTATIVE,1,selected_minus_random_target_score_drop,-0.011510078533877931,-0.03527373492768822,0.001108021438433054,5,probability,1000,DERIVED
EXP-XAI-FIDELITY-001,LOCAL_SAMPLE,MODEL-C1,INTRINSIC_COEFFICIENT,6,CORRECT_REPRESENTATIVE,3,selected_minus_random_target_score_drop,0.05889906265046674,-0.1752096104993792,0.35002136361796593,5,probability,1000,DERIVED
EXP-XAI-FIDELITY-001,LOCAL_SAMPLE,MODEL-C1,INTRINSIC_COEFFICIENT,6,CORRECT_REPRESENTATIVE,5,selected_minus_random_target_score_drop,0.1301786463717259,-0.18997400279913806,0.5514316441475859,5,probability,1000,DERIVED
EXP-XAI-FIDELITY-001,LOCAL_SAMPLE,MODEL-C1,INTRINSIC_COEFFICIENT,6,CORRECT_REPRESENTATIVE,10,selected_minus_random_target_score_drop,0.30361081979585325,-0.11007891189614696,0.7376573530329996,5,probability,1000,DERIVED
EXP-XAI-FIDELITY-001,LOCAL_SAMPLE,MODEL-C1,INTRINSIC_COEFFICIENT,6,MISCLASSIFIED,1,selected_minus_random_target_score_drop,0.11266687931599254,0.09142565617265286,0.13291095623203059,5,probability,1000,DERIVED
EXP-XAI-FIDELITY-001,LOCAL_SAMPLE,MODEL-C1,INTRINSIC_COEFFICIENT,6,MISCLASSIFIED,3,selected_minus_random_target_score_drop,0.4696981356863629,0.4187048725829655,0.5037386363105477,5,probability,1000,DERIVED
EXP-XAI-FIDELITY-001,LOCAL_SAMPLE,MODEL-C1,INTRINSIC_COEFFICIENT,6,MISCLASSIFIED,5,selected_minus_random_target_score_drop,0.5756398475037339,0.4166869172719994,0.7007737610980888,5,probability,1000,DERIVED
EXP-XAI-FIDELITY-001,LOCAL_SAMPLE,MODEL-C1,INTRINSIC_COEFFICIENT,6,MISCLASSIFIED,10,selected_minus_random_target_score_drop,0.38993749523077237,0.2833108280086376,0.5032647328287345,5,probability,1000,DERIVED
EXP-XAI-FIDELITY-001,LOCAL_SAMPLE,MODEL-C1,INTRINSIC_COEFFICIENT,6,NEAR_DECISION_BOUNDARY,1,selected_minus_random_target_score_drop,-0.22154726044946318,-0.2375293984160698,-0.19892286430539455,5,probability,1000,DERIVED
EXP-XAI-FIDELITY-001,LOCAL_SAMPLE,MODEL-C1,INTRINSIC_COEFFICIENT,6,NEAR_DECISION_BOUNDARY,3,selected_minus_random_target_score_drop,-0.3838293544654886,-0.44576731821349175,-0.32405362911709956,5,probability,1000,DERIVED
EXP-XAI-FIDELITY-001,LOCAL_SAMPLE,MODEL-C1,INTRINSIC_COEFFICIENT,6,NEAR_DECISION_BOUNDARY,5,selected_minus_random_target_score_drop,-0.46364195102227723,-0.5266377738669662,-0.39997825949839616,5,probability,1000,DERIVED
EXP-XAI-FIDELITY-001,LOCAL_SAMPLE,MODEL-C1,INTRINSIC_COEFFICIENT,6,NEAR_DECISION_BOUNDARY,10,selected_minus_random_target_score_drop,-0.2424651838976815,-0.5641131908876207,0.08435946311705539,5,probability,1000,DERIVED
EXP-XAI-FIDELITY-001,LOCAL_SAMPLE,MODEL-C1,INTRINSIC_COEFFICIENT,10,CORRECT_REPRESENTATIVE,1,selected_minus_random_target_score_drop,0.16998493683285504,0.0635959996672345,0.2866066310502904,10,probability,1000,DERIVED
EXP-XAI-FIDELITY-001,LOCAL_SAMPLE,MODEL-C1,INTRINSIC_COEFFICIENT,10,CORRECT_REPRESENTATIVE,3,selected_minus_random_target_score_drop,0.17496875912410897,0.03641862075574398,0.33400930412974955,10,probability,1000,DERIVED
EXP-XAI-FIDELITY-001,LOCAL_SAMPLE,MODEL-C1,INTRINSIC_COEFFICIENT,10,CORRECT_REPRESENTATIVE,5,selected_minus_random_target_score_drop,0.2529547129713996,0.11352064525261593,0.3910466504850801,10,probability,1000,DERIVED
EXP-XAI-FIDELITY-001,LOCAL_SAMPLE,MODEL-C1,INTRINSIC_COEFFICIENT,10,CORRECT_REPRESENTATIVE,10,selected_minus_random_target_score_drop,0.4020107734139054,0.22939257661012347,0.5751020053074635,10,probability,1000,DERIVED
EXP-XAI-FIDELITY-001,LOCAL_SAMPLE,MODEL-C1,INTRINSIC_COEFFICIENT,10,MISCLASSIFIED,1,selected_minus_random_target_score_drop,-0.021456229497921094,-0.178534764452368,0.11461408871991978,5,probability,1000,DERIVED
EXP-XAI-FIDELITY-001,LOCAL_SAMPLE,MODEL-C1,INTRINSIC_COEFFICIENT,10,MISCLASSIFIED,3,selected_minus_random_target_score_drop,0.07180908049917811,-0.11901702263100108,0.3090990228973969,5,probability,1000,DERIVED
EXP-XAI-FIDELITY-001,LOCAL_SAMPLE,MODEL-C1,INTRINSIC_COEFFICIENT,10,MISCLASSIFIED,5,selected_minus_random_target_score_drop,0.15346384120503095,0.024966570196640125,0.3675785941657688,5,probability,1000,DERIVED
EXP-XAI-FIDELITY-001,LOCAL_SAMPLE,MODEL-C1,INTRINSIC_COEFFICIENT,10,MISCLASSIFIED,10,selected_minus_random_target_score_drop,0.2073714153114361,0.06388545842416676,0.39947572863436653,5,probability,1000,DERIVED
EXP-XAI-FIDELITY-001,LOCAL_SAMPLE,MODEL-C1,INTRINSIC_COEFFICIENT,10,NEAR_DECISION_BOUNDARY,1,selected_minus_random_target_score_drop,0.21983010474003056,-0.01979465123085512,0.3811951006398014,5,probability,1000,DERIVED
EXP-XAI-FIDELITY-001,LOCAL_SAMPLE,MODEL-C1,INTRINSIC_COEFFICIENT,10,NEAR_DECISION_BOUNDARY,3,selected_minus_random_target_score_drop,0.32292829013513286,-0.008678205202973022,0.4990492421753375,5,probability,1000,DERIVED
EXP-XAI-FIDELITY-001,LOCAL_SAMPLE,MODEL-C1,INTRINSIC_COEFFICIENT,10,NEAR_DECISION_BOUNDARY,5,selected_minus_random_target_score_drop,0.3925835620605771,0.13209753806210137,0.5806642915142813,5,probability,1000,DERIVED
EXP-XAI-FIDELITY-001,LOCAL_SAMPLE,MODEL-C1,INTRINSIC_COEFFICIENT,10,NEAR_DECISION_BOUNDARY,10,selected_minus_random_target_score_drop,0.3524889427129658,0.00011139781920035396,0.55731383822774,5,probability,1000,DERIVED
EXP-XAI-FIDELITY-001,LOCAL_SAMPLE,MODEL-C1,SINGLE_FEATURE_ABLATION_LOCAL,2,CORRECT_REPRESENTATIVE,1,selected_minus_random_target_score_drop,-0.0009476812328861161,-0.1257240820789601,0.16157540246718538,10,probability,1000,DERIVED
EXP-XAI-FIDELITY-001,LOCAL_SAMPLE,MODEL-C1,SINGLE_FEATURE_ABLATION_LOCAL,2,CORRECT_REPRESENTATIVE,3,selected_minus_random_target_score_drop,0.04659267941715491,-0.18035602181745283,0.2757498554723309,10,probability,1000,DERIVED
EXP-XAI-FIDELITY-001,LOCAL_SAMPLE,MODEL-C1,SINGLE_FEATURE_ABLATION_LOCAL,2,CORRECT_REPRESENTATIVE,5,selected_minus_random_target_score_drop,0.04351137283454736,-0.16360507705182734,0.2500570455075135,10,probability,1000,DERIVED
EXP-XAI-FIDELITY-001,LOCAL_SAMPLE,MODEL-C1,SINGLE_FEATURE_ABLATION_LOCAL,2,CORRECT_REPRESENTATIVE,10,selected_minus_random_target_score_drop,0.09149838075121344,-0.12615398672032171,0.3071375730136225,10,probability,1000,DERIVED
EXP-XAI-FIDELITY-001,LOCAL_SAMPLE,MODEL-C1,SINGLE_FEATURE_ABLATION_LOCAL,2,MISCLASSIFIED,1,selected_minus_random_target_score_drop,-0.27746423322383706,-0.2993867206194022,-0.24959752667637147,4,probability,1000,DERIVED
EXP-XAI-FIDELITY-001,LOCAL_SAMPLE,MODEL-C1,SINGLE_FEATURE_ABLATION_LOCAL,2,MISCLASSIFIED,3,selected_minus_random_target_score_drop,-0.40350410178834384,-0.4370122826443362,-0.34254008693180804,4,probability,1000,DERIVED
EXP-XAI-FIDELITY-001,LOCAL_SAMPLE,MODEL-C1,SINGLE_FEATURE_ABLATION_LOCAL,2,MISCLASSIFIED,5,selected_minus_random_target_score_drop,-0.415329873571462,-0.4506564930553958,-0.38099664044916387,4,probability,1000,DERIVED
EXP-XAI-FIDELITY-001,LOCAL_SAMPLE,MODEL-C1,SINGLE_FEATURE_ABLATION_LOCAL,2,MISCLASSIFIED,10,selected_minus_random_target_score_drop,-0.3914993851571579,-0.4914426920840389,-0.31063270688810307,4,probability,1000,DERIVED
EXP-XAI-FIDELITY-001,LOCAL_SAMPLE,MODEL-C1,SINGLE_FEATURE_ABLATION_LOCAL,2,"MISCLASSIFIED,NEAR_DECISION_BOUNDARY",1,selected_minus_random_target_score_drop,-0.21672554496155347,-0.21672554496155347,-0.21672554496155347,1,probability,1000,DERIVED
EXP-XAI-FIDELITY-001,LOCAL_SAMPLE,MODEL-C1,SINGLE_FEATURE_ABLATION_LOCAL,2,"MISCLASSIFIED,NEAR_DECISION_BOUNDARY",3,selected_minus_random_target_score_drop,-0.40182602099988296,-0.40182602099988296,-0.40182602099988296,1,probability,1000,DERIVED
EXP-XAI-FIDELITY-001,LOCAL_SAMPLE,MODEL-C1,SINGLE_FEATURE_ABLATION_LOCAL,2,"MISCLASSIFIED,NEAR_DECISION_BOUNDARY",5,selected_minus_random_target_score_drop,-0.4444625194792837,-0.4444625194792837,-0.4444625194792837,1,probability,1000,DERIVED
EXP-XAI-FIDELITY-001,LOCAL_SAMPLE,MODEL-C1,SINGLE_FEATURE_ABLATION_LOCAL,2,"MISCLASSIFIED,NEAR_DECISION_BOUNDARY",10,selected_minus_random_target_score_drop,-0.3959411294891829,-0.3959411294891829,-0.3959411294891829,1,probability,1000,DERIVED
EXP-XAI-FIDELITY-001,LOCAL_SAMPLE,MODEL-C1,SINGLE_FEATURE_ABLATION_LOCAL,2,NEAR_DECISION_BOUNDARY,1,selected_minus_random_target_score_drop,0.21168997204502432,-0.07605048217939961,0.39492793281053795,4,probability,1000,DERIVED
EXP-XAI-FIDELITY-001,LOCAL_SAMPLE,MODEL-C1,SINGLE_FEATURE_ABLATION_LOCAL,2,NEAR_DECISION_BOUNDARY,3,selected_minus_random_target_score_drop,0.3447821569566933,0.01260176550914309,0.5224371378104231,4,probability,1000,DERIVED
EXP-XAI-FIDELITY-001,LOCAL_SAMPLE,MODEL-C1,SINGLE_FEATURE_ABLATION_LOCAL,2,NEAR_DECISION_BOUNDARY,5,selected_minus_random_target_score_drop,0.34071758564114457,0.08084092666768816,0.5139165591473533,4,probability,1000,DERIVED
EXP-XAI-FIDELITY-001,LOCAL_SAMPLE,MODEL-C1,SINGLE_FEATURE_ABLATION_LOCAL,2,NEAR_DECISION_BOUNDARY,10,selected_minus_random_target_score_drop,0.36932782398992725,0.1525185229380854,0.5052180623599767,4,probability,1000,DERIVED
EXP-XAI-FIDELITY-001,LOCAL_SAMPLE,MODEL-C1,SINGLE_FEATURE_ABLATION_LOCAL,6,CORRECT_REPRESENTATIVE,1,selected_minus_random_target_score_drop,0.029114849658850177,2.9820072517372144e-06,0.08648445659825907,5,probability,1000,DERIVED
EXP-XAI-FIDELITY-001,LOCAL_SAMPLE,MODEL-C1,SINGLE_FEATURE_ABLATION_LOCAL,6,CORRECT_REPRESENTATIVE,3,selected_minus_random_target_score_drop,0.0841443295942191,-0.09954109799173157,0.348179600316274,5,probability,1000,DERIVED
EXP-XAI-FIDELITY-001,LOCAL_SAMPLE,MODEL-C1,SINGLE_FEATURE_ABLATION_LOCAL,6,CORRECT_REPRESENTATIVE,5,selected_minus_random_target_score_drop,0.3502286838720542,0.033412489353697054,0.6681299299880503,5,probability,1000,DERIVED
EXP-XAI-FIDELITY-001,LOCAL_SAMPLE,MODEL-C1,SINGLE_FEATURE_ABLATION_LOCAL,6,CORRECT_REPRESENTATIVE,10,selected_minus_random_target_score_drop,0.6605482631870003,0.2303622677769262,0.9880856307170006,5,probability,1000,DERIVED
EXP-XAI-FIDELITY-001,LOCAL_SAMPLE,MODEL-C1,SINGLE_FEATURE_ABLATION_LOCAL,6,MISCLASSIFIED,1,selected_minus_random_target_score_drop,0.1136666851838771,0.09032088296895704,0.13590470337261856,5,probability,1000,DERIVED
EXP-XAI-FIDELITY-001,LOCAL_SAMPLE,MODEL-C1,SINGLE_FEATURE_ABLATION_LOCAL,6,MISCLASSIFIED,3,selected_minus_random_target_score_drop,0.4682439036075189,0.4205540630621146,0.5009158807489064,5,probability,1000,DERIVED
EXP-XAI-FIDELITY-001,LOCAL_SAMPLE,MODEL-C1,SINGLE_FEATURE_ABLATION_LOCAL,6,MISCLASSIFIED,5,selected_minus_random_target_score_drop,0.5535079867614752,0.3703656557485946,0.7041375367797588,5,probability,1000,DERIVED
EXP-XAI-FIDELITY-001,LOCAL_SAMPLE,MODEL-C1,SINGLE_FEATURE_ABLATION_LOCAL,6,MISCLASSIFIED,10,selected_minus_random_target_score_drop,0.5912718997087578,0.4215692315586838,0.6968376054639022,5,probability,1000,DERIVED
EXP-XAI-FIDELITY-001,LOCAL_SAMPLE,MODEL-C1,SINGLE_FEATURE_ABLATION_LOCAL,6,NEAR_DECISION_BOUNDARY,1,selected_minus_random_target_score_drop,-0.1459445462415054,-0.24631512663449465,0.032472317361613476,5,probability,1000,DERIVED
EXP-XAI-FIDELITY-001,LOCAL_SAMPLE,MODEL-C1,SINGLE_FEATURE_ABLATION_LOCAL,6,NEAR_DECISION_BOUNDARY,3,selected_minus_random_target_score_drop,-0.18366968757231456,-0.48311484598569415,0.11926621417930246,5,probability,1000,DERIVED
EXP-XAI-FIDELITY-001,LOCAL_SAMPLE,MODEL-C1,SINGLE_FEATURE_ABLATION_LOCAL,6,NEAR_DECISION_BOUNDARY,5,selected_minus_random_target_score_drop,-0.10577326007040355,-0.37616945529424217,0.16476270961255848,5,probability,1000,DERIVED
EXP-XAI-FIDELITY-001,LOCAL_SAMPLE,MODEL-C1,SINGLE_FEATURE_ABLATION_LOCAL,6,NEAR_DECISION_BOUNDARY,10,selected_minus_random_target_score_drop,-0.04614110868526765,-0.3203790930663807,0.23541634690727356,5,probability,1000,DERIVED
EXP-XAI-FIDELITY-001,LOCAL_SAMPLE,MODEL-C1,SINGLE_FEATURE_ABLATION_LOCAL,10,CORRECT_REPRESENTATIVE,1,selected_minus_random_target_score_drop,0.17389537493414628,0.06737633987823097,0.2879020397246481,10,probability,1000,DERIVED
EXP-XAI-FIDELITY-001,LOCAL_SAMPLE,MODEL-C1,SINGLE_FEATURE_ABLATION_LOCAL,10,CORRECT_REPRESENTATIVE,3,selected_minus_random_target_score_drop,0.2764039495557432,0.131730495092322,0.43816585342590697,10,probability,1000,DERIVED
EXP-XAI-FIDELITY-001,LOCAL_SAMPLE,MODEL-C1,SINGLE_FEATURE_ABLATION_LOCAL,10,CORRECT_REPRESENTATIVE,5,selected_minus_random_target_score_drop,0.33949714836815986,0.1761268766063888,0.5047625337485554,10,probability,1000,DERIVED
EXP-XAI-FIDELITY-001,LOCAL_SAMPLE,MODEL-C1,SINGLE_FEATURE_ABLATION_LOCAL,10,CORRECT_REPRESENTATIVE,10,selected_minus_random_target_score_drop,0.4683644061391621,0.32007544260298515,0.6199770348928507,10,probability,1000,DERIVED
EXP-XAI-FIDELITY-001,LOCAL_SAMPLE,MODEL-C1,SINGLE_FEATURE_ABLATION_LOCAL,10,MISCLASSIFIED,1,selected_minus_random_target_score_drop,0.012648997517172227,-0.14606742153524746,0.1503330058944759,5,probability,1000,DERIVED
EXP-XAI-FIDELITY-001,LOCAL_SAMPLE,MODEL-C1,SINGLE_FEATURE_ABLATION_LOCAL,10,MISCLASSIFIED,3,selected_minus_random_target_score_drop,0.18344795168378653,0.024052545903067865,0.39779369216336946,5,probability,1000,DERIVED
EXP-XAI-FIDELITY-001,LOCAL_SAMPLE,MODEL-C1,SINGLE_FEATURE_ABLATION_LOCAL,10,MISCLASSIFIED,5,selected_minus_random_target_score_drop,0.21655815321603927,0.013879956134449445,0.4600348157947394,5,probability,1000,DERIVED
EXP-XAI-FIDELITY-001,LOCAL_SAMPLE,MODEL-C1,SINGLE_FEATURE_ABLATION_LOCAL,10,MISCLASSIFIED,10,selected_minus_random_target_score_drop,0.205316951290175,0.024233397490912228,0.417682801356637,5,probability,1000,DERIVED
EXP-XAI-FIDELITY-001,LOCAL_SAMPLE,MODEL-C1,SINGLE_FEATURE_ABLATION_LOCAL,10,NEAR_DECISION_BOUNDARY,1,selected_minus_random_target_score_drop,0.1496244349258331,-0.16582909689274788,0.439673046833191,5,probability,1000,DERIVED
EXP-XAI-FIDELITY-001,LOCAL_SAMPLE,MODEL-C1,SINGLE_FEATURE_ABLATION_LOCAL,10,NEAR_DECISION_BOUNDARY,3,selected_minus_random_target_score_drop,-0.06805186321264736,-0.43416850608696594,0.30086525402872977,5,probability,1000,DERIVED
EXP-XAI-FIDELITY-001,LOCAL_SAMPLE,MODEL-C1,SINGLE_FEATURE_ABLATION_LOCAL,10,NEAR_DECISION_BOUNDARY,5,selected_minus_random_target_score_drop,-0.0427056583477593,-0.4182562545036689,0.33838364968092216,5,probability,1000,DERIVED
EXP-XAI-FIDELITY-001,LOCAL_SAMPLE,MODEL-C1,SINGLE_FEATURE_ABLATION_LOCAL,10,NEAR_DECISION_BOUNDARY,10,selected_minus_random_target_score_drop,0.03605497905679631,-0.34942008794553736,0.40279529489091176,5,probability,1000,DERIVED
EXP-XAI-FIDELITY-001,LOCAL_SAMPLE,MODEL-C2,SINGLE_FEATURE_ABLATION_LOCAL,2,CORRECT_REPRESENTATIVE,1,selected_minus_random_target_score_drop,0.07571666666666665,0.055496666666666625,0.09803958333333332,10,probability,1000,DERIVED
EXP-XAI-FIDELITY-001,LOCAL_SAMPLE,MODEL-C2,SINGLE_FEATURE_ABLATION_LOCAL,2,CORRECT_REPRESENTATIVE,3,selected_minus_random_target_score_drop,0.16650000000000004,0.12277541666666665,0.20570333333333335,10,probability,1000,DERIVED
EXP-XAI-FIDELITY-001,LOCAL_SAMPLE,MODEL-C2,SINGLE_FEATURE_ABLATION_LOCAL,2,CORRECT_REPRESENTATIVE,5,selected_minus_random_target_score_drop,0.2195333333333333,0.15048583333333335,0.28640499999999997,10,probability,1000,DERIVED
EXP-XAI-FIDELITY-001,LOCAL_SAMPLE,MODEL-C2,SINGLE_FEATURE_ABLATION_LOCAL,2,CORRECT_REPRESENTATIVE,10,selected_minus_random_target_score_drop,0.3237500000000001,0.24522125,0.41218208333333334,10,probability,1000,DERIVED
EXP-XAI-FIDELITY-001,LOCAL_SAMPLE,MODEL-C2,SINGLE_FEATURE_ABLATION_LOCAL,2,MISCLASSIFIED,1,selected_minus_random_target_score_drop,0.06756666666666665,0.06039999999999999,0.0738,5,probability,1000,DERIVED
EXP-XAI-FIDELITY-001,LOCAL_SAMPLE,MODEL-C2,SINGLE_FEATURE_ABLATION_LOCAL,2,MISCLASSIFIED,3,selected_minus_random_target_score_drop,0.1862333333333333,0.17046666666666668,0.202,5,probability,1000,DERIVED
EXP-XAI-FIDELITY-001,LOCAL_SAMPLE,MODEL-C2,SINGLE_FEATURE_ABLATION_LOCAL,2,MISCLASSIFIED,5,selected_minus_random_target_score_drop,0.25273333333333337,0.23916666666666667,0.26480000000000004,5,probability,1000,DERIVED
EXP-XAI-FIDELITY-001,LOCAL_SAMPLE,MODEL-C2,SINGLE_FEATURE_ABLATION_LOCAL,2,MISCLASSIFIED,10,selected_minus_random_target_score_drop,0.3219,0.3101333333333333,0.33133333333333337,5,probability,1000,DERIVED
EXP-XAI-FIDELITY-001,LOCAL_SAMPLE,MODEL-C2,SINGLE_FEATURE_ABLATION_LOCAL,2,NEAR_DECISION_BOUNDARY,1,selected_minus_random_target_score_drop,0.04526666666666666,0.043066666666666684,0.048399999999999985,5,probability,1000,DERIVED
EXP-XAI-FIDELITY-001,LOCAL_SAMPLE,MODEL-C2,SINGLE_FEATURE_ABLATION_LOCAL,2,NEAR_DECISION_BOUNDARY,3,selected_minus_random_target_score_drop,0.1401333333333333,0.1316,0.14719999999999997,5,probability,1000,DERIVED
EXP-XAI-FIDELITY-001,LOCAL_SAMPLE,MODEL-C2,SINGLE_FEATURE_ABLATION_LOCAL,2,NEAR_DECISION_BOUNDARY,5,selected_minus_random_target_score_drop,0.19513333333333333,0.18580000000000002,0.20433333333333334,5,probability,1000,DERIVED
EXP-XAI-FIDELITY-001,LOCAL_SAMPLE,MODEL-C2,SINGLE_FEATURE_ABLATION_LOCAL,2,NEAR_DECISION_BOUNDARY,10,selected_minus_random_target_score_drop,0.14916666666666664,0.14213333333333333,0.15619999999999998,5,probability,1000,DERIVED
EXP-XAI-FIDELITY-001,LOCAL_SAMPLE,MODEL-C2,SINGLE_FEATURE_ABLATION_LOCAL,6,CORRECT_REPRESENTATIVE,1,selected_minus_random_target_score_drop,0.07186111111111111,0.05810694444444444,0.0854486111111111,6,probability,1000,DERIVED
EXP-XAI-FIDELITY-001,LOCAL_SAMPLE,MODEL-C2,SINGLE_FEATURE_ABLATION_LOCAL,6,CORRECT_REPRESENTATIVE,3,selected_minus_random_target_score_drop,0.15091666666666667,0.07907291666666667,0.2174444444444444,6,probability,1000,DERIVED
EXP-XAI-FIDELITY-001,LOCAL_SAMPLE,MODEL-C2,SINGLE_FEATURE_ABLATION_LOCAL,6,CORRECT_REPRESENTATIVE,5,selected_minus_random_target_score_drop,0.19786111111111113,0.07288888888888889,0.3081944444444444,6,probability,1000,DERIVED
EXP-XAI-FIDELITY-001,LOCAL_SAMPLE,MODEL-C2,SINGLE_FEATURE_ABLATION_LOCAL,6,CORRECT_REPRESENTATIVE,10,selected_minus_random_target_score_drop,0.2578333333333333,0.06966666666666665,0.42828680555555554,6,probability,1000,DERIVED
EXP-XAI-FIDELITY-001,LOCAL_SAMPLE,MODEL-C2,SINGLE_FEATURE_ABLATION_LOCAL,6,MISCLASSIFIED,1,selected_minus_random_target_score_drop,-0.08179166666666667,-0.09095833333333335,-0.0698333333333333,4,probability,1000,DERIVED
EXP-XAI-FIDELITY-001,LOCAL_SAMPLE,MODEL-C2,SINGLE_FEATURE_ABLATION_LOCAL,6,MISCLASSIFIED,3,selected_minus_random_target_score_drop,-0.1843333333333333,-0.18666666666666668,-0.18258333333333326,4,probability,1000,DERIVED
EXP-XAI-FIDELITY-001,LOCAL_SAMPLE,MODEL-C2,SINGLE_FEATURE_ABLATION_LOCAL,6,MISCLASSIFIED,5,selected_minus_random_target_score_drop,-0.24374999999999997,-0.2779583333333333,-0.1830416666666666,4,probability,1000,DERIVED
EXP-XAI-FIDELITY-001,LOCAL_SAMPLE,MODEL-C2,SINGLE_FEATURE_ABLATION_LOCAL,6,MISCLASSIFIED,10,selected_minus_random_target_score_drop,-0.25366666666666665,-0.33825,-0.15933333333333338,4,probability,1000,DERIVED
EXP-XAI-FIDELITY-001,LOCAL_SAMPLE,MODEL-C2,SINGLE_FEATURE_ABLATION_LOCAL,6,"MISCLASSIFIED,NEAR_DECISION_BOUNDARY",1,selected_minus_random_target_score_drop,-0.08400000000000002,-0.08400000000000002,-0.08400000000000002,1,probability,1000,DERIVED
EXP-XAI-FIDELITY-001,LOCAL_SAMPLE,MODEL-C2,SINGLE_FEATURE_ABLATION_LOCAL,6,"MISCLASSIFIED,NEAR_DECISION_BOUNDARY",3,selected_minus_random_target_score_drop,-0.17983333333333332,-0.17983333333333332,-0.17983333333333332,1,probability,1000,DERIVED
EXP-XAI-FIDELITY-001,LOCAL_SAMPLE,MODEL-C2,SINGLE_FEATURE_ABLATION_LOCAL,6,"MISCLASSIFIED,NEAR_DECISION_BOUNDARY",5,selected_minus_random_target_score_drop,-0.20883333333333337,-0.20883333333333337,-0.20883333333333337,1,probability,1000,DERIVED
EXP-XAI-FIDELITY-001,LOCAL_SAMPLE,MODEL-C2,SINGLE_FEATURE_ABLATION_LOCAL,6,"MISCLASSIFIED,NEAR_DECISION_BOUNDARY",10,selected_minus_random_target_score_drop,-0.30716666666666664,-0.30716666666666664,-0.30716666666666664,1,probability,1000,DERIVED
EXP-XAI-FIDELITY-001,LOCAL_SAMPLE,MODEL-C2,SINGLE_FEATURE_ABLATION_LOCAL,6,NEAR_DECISION_BOUNDARY,1,selected_minus_random_target_score_drop,-0.03704166666666667,-0.08275000000000002,0.03633333333333334,4,probability,1000,DERIVED
EXP-XAI-FIDELITY-001,LOCAL_SAMPLE,MODEL-C2,SINGLE_FEATURE_ABLATION_LOCAL,6,NEAR_DECISION_BOUNDARY,3,selected_minus_random_target_score_drop,-0.05379166666666666,-0.169125,0.038166666666666654,4,probability,1000,DERIVED
EXP-XAI-FIDELITY-001,LOCAL_SAMPLE,MODEL-C2,SINGLE_FEATURE_ABLATION_LOCAL,6,NEAR_DECISION_BOUNDARY,5,selected_minus_random_target_score_drop,-0.0395,-0.2041666666666667,0.10275000000000002,4,probability,1000,DERIVED
EXP-XAI-FIDELITY-001,LOCAL_SAMPLE,MODEL-C2,SINGLE_FEATURE_ABLATION_LOCAL,6,NEAR_DECISION_BOUNDARY,10,selected_minus_random_target_score_drop,-0.010125000000000023,-0.2705479166666667,0.12833333333333333,4,probability,1000,DERIVED
EXP-XAI-FIDELITY-001,LOCAL_SAMPLE,MODEL-C2,SINGLE_FEATURE_ABLATION_LOCAL,10,CORRECT_REPRESENTATIVE,1,selected_minus_random_target_score_drop,0.02677083333333333,-0.023911458333333344,0.07029739583333335,8,probability,1000,DERIVED
EXP-XAI-FIDELITY-001,LOCAL_SAMPLE,MODEL-C2,SINGLE_FEATURE_ABLATION_LOCAL,10,CORRECT_REPRESENTATIVE,3,selected_minus_random_target_score_drop,0.09635416666666669,0.019288020833333346,0.16930989583333336,8,probability,1000,DERIVED
EXP-XAI-FIDELITY-001,LOCAL_SAMPLE,MODEL-C2,SINGLE_FEATURE_ABLATION_LOCAL,10,CORRECT_REPRESENTATIVE,5,selected_minus_random_target_score_drop,0.10566666666666666,0.005541666666666667,0.20172760416666663,8,probability,1000,DERIVED
EXP-XAI-FIDELITY-001,LOCAL_SAMPLE,MODEL-C2,SINGLE_FEATURE_ABLATION_LOCAL,10,CORRECT_REPRESENTATIVE,10,selected_minus_random_target_score_drop,0.1355833333333333,0.028446354166666653,0.24625156249999997,8,probability,1000,DERIVED
EXP-XAI-FIDELITY-001,LOCAL_SAMPLE,MODEL-C2,SINGLE_FEATURE_ABLATION_LOCAL,10,MISCLASSIFIED,1,selected_minus_random_target_score_drop,0.05656666666666669,0.04063333333333334,0.07096666666666665,5,probability,1000,DERIVED
EXP-XAI-FIDELITY-001,LOCAL_SAMPLE,MODEL-C2,SINGLE_FEATURE_ABLATION_LOCAL,10,MISCLASSIFIED,3,selected_minus_random_target_score_drop,0.12493333333333337,0.09740000000000003,0.14953333333333335,5,probability,1000,DERIVED
EXP-XAI-FIDELITY-001,LOCAL_SAMPLE,MODEL-C2,SINGLE_FEATURE_ABLATION_LOCAL,10,MISCLASSIFIED,5,selected_minus_random_target_score_drop,0.12143333333333332,0.06560000000000002,0.1864333333333333,5,probability,1000,DERIVED
EXP-XAI-FIDELITY-001,LOCAL_SAMPLE,MODEL-C2,SINGLE_FEATURE_ABLATION_LOCAL,10,MISCLASSIFIED,10,selected_minus_random_target_score_drop,0.15289999999999998,0.10296666666666669,0.23921916666666665,5,probability,1000,DERIVED
EXP-XAI-FIDELITY-001,LOCAL_SAMPLE,MODEL-C2,SINGLE_FEATURE_ABLATION_LOCAL,10,NEAR_DECISION_BOUNDARY,1,selected_minus_random_target_score_drop,-0.031533333333333344,-0.10878500000000003,0.055333333333333325,5,probability,1000,DERIVED
EXP-XAI-FIDELITY-001,LOCAL_SAMPLE,MODEL-C2,SINGLE_FEATURE_ABLATION_LOCAL,10,NEAR_DECISION_BOUNDARY,3,selected_minus_random_target_score_drop,-0.1102666666666667,-0.2327,0.049333333333333326,5,probability,1000,DERIVED
EXP-XAI-FIDELITY-001,LOCAL_SAMPLE,MODEL-C2,SINGLE_FEATURE_ABLATION_LOCAL,10,NEAR_DECISION_BOUNDARY,5,selected_minus_random_target_score_drop,-0.135,-0.2884333333333333,0.04603583333333292,5,probability,1000,DERIVED
EXP-XAI-FIDELITY-001,LOCAL_SAMPLE,MODEL-C2,SINGLE_FEATURE_ABLATION_LOCAL,10,NEAR_DECISION_BOUNDARY,10,selected_minus_random_target_score_drop,-0.038333333333333344,-0.21749000000000004,0.14073333333333332,5,probability,1000,DERIVED
EXP-XAI-FIDELITY-001,LOCAL_SAMPLE,MODEL-C3,SINGLE_FEATURE_ABLATION_LOCAL,2,CORRECT_REPRESENTATIVE,1,selected_minus_random_target_score_drop,0.09627357129893947,0.0465295975995059,0.14968769710350582,10,probability,1000,DERIVED
EXP-XAI-FIDELITY-001,LOCAL_SAMPLE,MODEL-C3,SINGLE_FEATURE_ABLATION_LOCAL,2,CORRECT_REPRESENTATIVE,3,selected_minus_random_target_score_drop,0.19440444832431364,0.10600291018475703,0.28209034169079933,10,probability,1000,DERIVED
EXP-XAI-FIDELITY-001,LOCAL_SAMPLE,MODEL-C3,SINGLE_FEATURE_ABLATION_LOCAL,2,CORRECT_REPRESENTATIVE,5,selected_minus_random_target_score_drop,0.2673100197735529,0.17806495887340812,0.3536040842728864,10,probability,1000,DERIVED
EXP-XAI-FIDELITY-001,LOCAL_SAMPLE,MODEL-C3,SINGLE_FEATURE_ABLATION_LOCAL,2,CORRECT_REPRESENTATIVE,10,selected_minus_random_target_score_drop,0.3041220565882664,0.17929927210929944,0.43612795447401564,10,probability,1000,DERIVED
EXP-XAI-FIDELITY-001,LOCAL_SAMPLE,MODEL-C3,SINGLE_FEATURE_ABLATION_LOCAL,2,MISCLASSIFIED,1,selected_minus_random_target_score_drop,-0.04306288925548023,-0.1291886677664407,0.0,5,probability,1000,DERIVED
EXP-XAI-FIDELITY-001,LOCAL_SAMPLE,MODEL-C3,SINGLE_FEATURE_ABLATION_LOCAL,2,MISCLASSIFIED,3,selected_minus_random_target_score_drop,-0.008321974508320687,-0.02496592352496206,0.0,5,probability,1000,DERIVED
EXP-XAI-FIDELITY-001,LOCAL_SAMPLE,MODEL-C3,SINGLE_FEATURE_ABLATION_LOCAL,2,MISCLASSIFIED,5,selected_minus_random_target_score_drop,0.038240243151162534,0.0,0.11472072945348759,5,probability,1000,DERIVED
EXP-XAI-FIDELITY-001,LOCAL_SAMPLE,MODEL-C3,SINGLE_FEATURE_ABLATION_LOCAL,2,MISCLASSIFIED,10,selected_minus_random_target_score_drop,0.05058544414524788,-1.1102230246251566e-18,0.15175633243574366,5,probability,1000,DERIVED
EXP-XAI-FIDELITY-001,LOCAL_SAMPLE,MODEL-C3,SINGLE_FEATURE_ABLATION_LOCAL,2,NEAR_DECISION_BOUNDARY,1,selected_minus_random_target_score_drop,0.05742467450582334,0.05061083829706716,0.06224945656176382,5,probability,1000,DERIVED
EXP-XAI-FIDELITY-001,LOCAL_SAMPLE,MODEL-C3,SINGLE_FEATURE_ABLATION_LOCAL,2,NEAR_DECISION_BOUNDARY,3,selected_minus_random_target_score_drop,0.11267996897766679,0.10475771677347838,0.11892186858411011,5,probability,1000,DERIVED
EXP-XAI-FIDELITY-001,LOCAL_SAMPLE,MODEL-C3,SINGLE_FEATURE_ABLATION_LOCAL,2,NEAR_DECISION_BOUNDARY,5,selected_minus_random_target_score_drop,0.141427066866465,0.13570885062344298,0.14776302948245884,5,probability,1000,DERIVED
EXP-XAI-FIDELITY-001,LOCAL_SAMPLE,MODEL-C3,SINGLE_FEATURE_ABLATION_LOCAL,2,NEAR_DECISION_BOUNDARY,10,selected_minus_random_target_score_drop,0.17514286084061412,0.16718556084114997,0.18145151895359576,5,probability,1000,DERIVED
EXP-XAI-FIDELITY-001,LOCAL_SAMPLE,MODEL-C3,SINGLE_FEATURE_ABLATION_LOCAL,6,CORRECT_REPRESENTATIVE,1,selected_minus_random_target_score_drop,0.054130165505515616,0.031238160256023245,0.08849347792264632,5,probability,1000,DERIVED
EXP-XAI-FIDELITY-001,LOCAL_SAMPLE,MODEL-C3,SINGLE_FEATURE_ABLATION_LOCAL,6,CORRECT_REPRESENTATIVE,3,selected_minus_random_target_score_drop,0.034827861618098456,-0.04228915109176122,0.08370677877735429,5,probability,1000,DERIVED
EXP-XAI-FIDELITY-001,LOCAL_SAMPLE,MODEL-C3,SINGLE_FEATURE_ABLATION_LOCAL,6,CORRECT_REPRESENTATIVE,5,selected_minus_random_target_score_drop,0.0489710481372533,-0.04592707556100379,0.10900646921035714,5,probability,1000,DERIVED
EXP-XAI-FIDELITY-001,LOCAL_SAMPLE,MODEL-C3,SINGLE_FEATURE_ABLATION_LOCAL,6,CORRECT_REPRESENTATIVE,10,selected_minus_random_target_score_drop,0.05342733957596622,-0.1588261573147884,0.1791501618070534,5,probability,1000,DERIVED
EXP-XAI-FIDELITY-001,LOCAL_SAMPLE,MODEL-C3,SINGLE_FEATURE_ABLATION_LOCAL,6,MISCLASSIFIED,1,selected_minus_random_target_score_drop,-0.003600852964400796,-0.006180743564893254,-0.0007928062088941673,5,probability,1000,DERIVED
EXP-XAI-FIDELITY-001,LOCAL_SAMPLE,MODEL-C3,SINGLE_FEATURE_ABLATION_LOCAL,6,MISCLASSIFIED,3,selected_minus_random_target_score_drop,-0.007956365560300336,-0.013537468387764508,-0.0021089905574522222,5,probability,1000,DERIVED
EXP-XAI-FIDELITY-001,LOCAL_SAMPLE,MODEL-C3,SINGLE_FEATURE_ABLATION_LOCAL,6,MISCLASSIFIED,5,selected_minus_random_target_score_drop,-0.011433945228992284,-0.018799970674986576,-0.00408675520848177,5,probability,1000,DERIVED
EXP-XAI-FIDELITY-001,LOCAL_SAMPLE,MODEL-C3,SINGLE_FEATURE_ABLATION_LOCAL,6,MISCLASSIFIED,10,selected_minus_random_target_score_drop,-0.018062324451058497,-0.029673079362460275,-0.006451569539656721,5,probability,1000,DERIVED
EXP-XAI-FIDELITY-001,LOCAL_SAMPLE,MODEL-C3,SINGLE_FEATURE_ABLATION_LOCAL,6,NEAR_DECISION_BOUNDARY,1,selected_minus_random_target_score_drop,-0.05748515437522077,-0.14825104525466254,0.044589224091613026,5,probability,1000,DERIVED
EXP-XAI-FIDELITY-001,LOCAL_SAMPLE,MODEL-C3,SINGLE_FEATURE_ABLATION_LOCAL,6,NEAR_DECISION_BOUNDARY,3,selected_minus_random_target_score_drop,-0.14636643513940792,-0.21592754561760835,-0.08603574056768973,5,probability,1000,DERIVED
EXP-XAI-FIDELITY-001,LOCAL_SAMPLE,MODEL-C3,SINGLE_FEATURE_ABLATION_LOCAL,6,NEAR_DECISION_BOUNDARY,5,selected_minus_random_target_score_drop,-0.218138769606451,-0.38456086401630774,-0.06262863024454421,5,probability,1000,DERIVED
EXP-XAI-FIDELITY-001,LOCAL_SAMPLE,MODEL-C3,SINGLE_FEATURE_ABLATION_LOCAL,6,NEAR_DECISION_BOUNDARY,10,selected_minus_random_target_score_drop,-0.19245309012038603,-0.42338240396384597,0.024078522609309733,5,probability,1000,DERIVED
EXP-XAI-FIDELITY-001,LOCAL_SAMPLE,MODEL-C3,SINGLE_FEATURE_ABLATION_LOCAL,10,CORRECT_REPRESENTATIVE,1,selected_minus_random_target_score_drop,-0.0020010568864092465,-0.06403698545246388,0.04918382121108143,10,probability,1000,DERIVED
EXP-XAI-FIDELITY-001,LOCAL_SAMPLE,MODEL-C3,SINGLE_FEATURE_ABLATION_LOCAL,10,CORRECT_REPRESENTATIVE,3,selected_minus_random_target_score_drop,0.0021851596524659783,-0.1381815319175587,0.1170397552749402,10,probability,1000,DERIVED
EXP-XAI-FIDELITY-001,LOCAL_SAMPLE,MODEL-C3,SINGLE_FEATURE_ABLATION_LOCAL,10,CORRECT_REPRESENTATIVE,5,selected_minus_random_target_score_drop,0.03303447248089723,-0.13488306099254443,0.17406387542430987,10,probability,1000,DERIVED
EXP-XAI-FIDELITY-001,LOCAL_SAMPLE,MODEL-C3,SINGLE_FEATURE_ABLATION_LOCAL,10,CORRECT_REPRESENTATIVE,10,selected_minus_random_target_score_drop,0.11310900547817812,-0.041285919759844095,0.2670648944041415,10,probability,1000,DERIVED
EXP-XAI-FIDELITY-001,LOCAL_SAMPLE,MODEL-C3,SINGLE_FEATURE_ABLATION_LOCAL,10,MISCLASSIFIED,1,selected_minus_random_target_score_drop,0.010944729695371516,-0.05723292143372252,0.12255709995816802,4,probability,1000,DERIVED
EXP-XAI-FIDELITY-001,LOCAL_SAMPLE,MODEL-C3,SINGLE_FEATURE_ABLATION_LOCAL,10,MISCLASSIFIED,3,selected_minus_random_target_score_drop,0.12248133025004254,-0.05237698674336203,0.3691265982185769,4,probability,1000,DERIVED
EXP-XAI-FIDELITY-001,LOCAL_SAMPLE,MODEL-C3,SINGLE_FEATURE_ABLATION_LOCAL,10,MISCLASSIFIED,5,selected_minus_random_target_score_drop,0.11050604211955813,-0.06547184640185096,0.4302560222755832,4,probability,1000,DERIVED
EXP-XAI-FIDELITY-001,LOCAL_SAMPLE,MODEL-C3,SINGLE_FEATURE_ABLATION_LOCAL,10,MISCLASSIFIED,10,selected_minus_random_target_score_drop,0.11110295708539233,-0.09719703717107075,0.4670350997206575,4,probability,1000,DERIVED
EXP-XAI-FIDELITY-001,LOCAL_SAMPLE,MODEL-C3,SINGLE_FEATURE_ABLATION_LOCAL,10,"MISCLASSIFIED,NEAR_DECISION_BOUNDARY",1,selected_minus_random_target_score_drop,0.13160411451078619,0.13160411451078619,0.13160411451078619,1,probability,1000,DERIVED
EXP-XAI-FIDELITY-001,LOCAL_SAMPLE,MODEL-C3,SINGLE_FEATURE_ABLATION_LOCAL,10,"MISCLASSIFIED,NEAR_DECISION_BOUNDARY",3,selected_minus_random_target_score_drop,0.30084557466554684,0.30084557466554684,0.30084557466554684,1,probability,1000,DERIVED
EXP-XAI-FIDELITY-001,LOCAL_SAMPLE,MODEL-C3,SINGLE_FEATURE_ABLATION_LOCAL,10,"MISCLASSIFIED,NEAR_DECISION_BOUNDARY",5,selected_minus_random_target_score_drop,0.30724390512619226,0.30724390512619226,0.30724390512619226,1,probability,1000,DERIVED
EXP-XAI-FIDELITY-001,LOCAL_SAMPLE,MODEL-C3,SINGLE_FEATURE_ABLATION_LOCAL,10,"MISCLASSIFIED,NEAR_DECISION_BOUNDARY",10,selected_minus_random_target_score_drop,0.2830436515687587,0.2830436515687587,0.2830436515687587,1,probability,1000,DERIVED
EXP-XAI-FIDELITY-001,LOCAL_SAMPLE,MODEL-C3,SINGLE_FEATURE_ABLATION_LOCAL,10,NEAR_DECISION_BOUNDARY,1,selected_minus_random_target_score_drop,-0.051378349227804265,-0.1443206955162224,0.03246472215171706,4,probability,1000,DERIVED
EXP-XAI-FIDELITY-001,LOCAL_SAMPLE,MODEL-C3,SINGLE_FEATURE_ABLATION_LOCAL,10,NEAR_DECISION_BOUNDARY,3,selected_minus_random_target_score_drop,0.01589125103848535,-0.10991250737631376,0.08349673135695494,4,probability,1000,DERIVED
EXP-XAI-FIDELITY-001,LOCAL_SAMPLE,MODEL-C3,SINGLE_FEATURE_ABLATION_LOCAL,10,NEAR_DECISION_BOUNDARY,5,selected_minus_random_target_score_drop,0.01349087304500988,-0.11657889763130713,0.08803006622649526,4,probability,1000,DERIVED
EXP-XAI-FIDELITY-001,LOCAL_SAMPLE,MODEL-C3,SINGLE_FEATURE_ABLATION_LOCAL,10,NEAR_DECISION_BOUNDARY,10,selected_minus_random_target_score_drop,0.13041980782685061,0.063388979446433,0.19745063620726822,4,probability,1000,DERIVED
EXP-XAI-FIDELITY-001,LOCAL_SAMPLE,MODEL-C4,SINGLE_FEATURE_ABLATION_LOCAL,2,CORRECT_REPRESENTATIVE,1,selected_minus_random_target_score_drop,0.06736482744847026,0.03623570141326482,0.09894121847545044,10,probability,1000,DERIVED
EXP-XAI-FIDELITY-001,LOCAL_SAMPLE,MODEL-C4,SINGLE_FEATURE_ABLATION_LOCAL,2,CORRECT_REPRESENTATIVE,3,selected_minus_random_target_score_drop,0.1128909683092025,0.05528862145335741,0.1744024132123469,10,probability,1000,DERIVED
EXP-XAI-FIDELITY-001,LOCAL_SAMPLE,MODEL-C4,SINGLE_FEATURE_ABLATION_LOCAL,2,CORRECT_REPRESENTATIVE,5,selected_minus_random_target_score_drop,0.1693634475897633,0.1038871382715984,0.2477701309196929,10,probability,1000,DERIVED
EXP-XAI-FIDELITY-001,LOCAL_SAMPLE,MODEL-C4,SINGLE_FEATURE_ABLATION_LOCAL,2,CORRECT_REPRESENTATIVE,10,selected_minus_random_target_score_drop,0.2560956141402576,0.1707361415580143,0.3323607350330586,10,probability,1000,DERIVED
EXP-XAI-FIDELITY-001,LOCAL_SAMPLE,MODEL-C4,SINGLE_FEATURE_ABLATION_LOCAL,2,MISCLASSIFIED,1,selected_minus_random_target_score_drop,-0.07384340686563248,-0.13249531091569897,0.030388897474418117,5,probability,1000,DERIVED
EXP-XAI-FIDELITY-001,LOCAL_SAMPLE,MODEL-C4,SINGLE_FEATURE_ABLATION_LOCAL,2,MISCLASSIFIED,3,selected_minus_random_target_score_drop,-0.17963987303173745,-0.2541608691165037,-0.10417956825329511,5,probability,1000,DERIVED
EXP-XAI-FIDELITY-001,LOCAL_SAMPLE,MODEL-C4,SINGLE_FEATURE_ABLATION_LOCAL,2,MISCLASSIFIED,5,selected_minus_random_target_score_drop,-0.17951086230163243,-0.267625077816574,-0.05285365242436424,5,probability,1000,DERIVED
EXP-XAI-FIDELITY-001,LOCAL_SAMPLE,MODEL-C4,SINGLE_FEATURE_ABLATION_LOCAL,2,MISCLASSIFIED,10,selected_minus_random_target_score_drop,0.04754206874798495,-0.13347762306223826,0.30836104559519706,5,probability,1000,DERIVED
EXP-XAI-FIDELITY-001,LOCAL_SAMPLE,MODEL-C4,SINGLE_FEATURE_ABLATION_LOCAL,2,NEAR_DECISION_BOUNDARY,1,selected_minus_random_target_score_drop,0.034379598322983054,-0.07230901167924815,0.09412562986275069,5,probability,1000,DERIVED
EXP-XAI-FIDELITY-001,LOCAL_SAMPLE,MODEL-C4,SINGLE_FEATURE_ABLATION_LOCAL,2,NEAR_DECISION_BOUNDARY,3,selected_minus_random_target_score_drop,0.10445614078506896,0.07069260685080775,0.1382196747193302,5,probability,1000,DERIVED
EXP-XAI-FIDELITY-001,LOCAL_SAMPLE,MODEL-C4,SINGLE_FEATURE_ABLATION_LOCAL,2,NEAR_DECISION_BOUNDARY,5,selected_minus_random_target_score_drop,0.09741173526934052,0.05183224453727535,0.13859299489297586,5,probability,1000,DERIVED
EXP-XAI-FIDELITY-001,LOCAL_SAMPLE,MODEL-C4,SINGLE_FEATURE_ABLATION_LOCAL,2,NEAR_DECISION_BOUNDARY,10,selected_minus_random_target_score_drop,0.12530681311264763,0.08593054410756822,0.16188817588005375,5,probability,1000,DERIVED
EXP-XAI-FIDELITY-001,LOCAL_SAMPLE,MODEL-C4,SINGLE_FEATURE_ABLATION_LOCAL,6,CORRECT_REPRESENTATIVE,1,selected_minus_random_target_score_drop,0.07291464952316422,-0.009521182499337508,0.17707208508357708,9,probability,1000,DERIVED
EXP-XAI-FIDELITY-001,LOCAL_SAMPLE,MODEL-C4,SINGLE_FEATURE_ABLATION_LOCAL,6,CORRECT_REPRESENTATIVE,3,selected_minus_random_target_score_drop,0.19246889904118275,0.04400057057879259,0.36484037688003845,9,probability,1000,DERIVED
EXP-XAI-FIDELITY-001,LOCAL_SAMPLE,MODEL-C4,SINGLE_FEATURE_ABLATION_LOCAL,6,CORRECT_REPRESENTATIVE,5,selected_minus_random_target_score_drop,0.2371676766237261,0.05820133601316785,0.44681811530168425,9,probability,1000,DERIVED
EXP-XAI-FIDELITY-001,LOCAL_SAMPLE,MODEL-C4,SINGLE_FEATURE_ABLATION_LOCAL,6,CORRECT_REPRESENTATIVE,10,selected_minus_random_target_score_drop,0.34057947065812394,0.16536350262111943,0.5192999297588676,9,probability,1000,DERIVED
EXP-XAI-FIDELITY-001,LOCAL_SAMPLE,MODEL-C4,SINGLE_FEATURE_ABLATION_LOCAL,6,MISCLASSIFIED,1,selected_minus_random_target_score_drop,0.05997654370032397,-0.0805931086146034,0.20054619601525134,5,probability,1000,DERIVED
EXP-XAI-FIDELITY-001,LOCAL_SAMPLE,MODEL-C4,SINGLE_FEATURE_ABLATION_LOCAL,6,MISCLASSIFIED,3,selected_minus_random_target_score_drop,0.0491253993434298,-0.15075418817386962,0.3158635959392745,5,probability,1000,DERIVED
EXP-XAI-FIDELITY-001,LOCAL_SAMPLE,MODEL-C4,SINGLE_FEATURE_ABLATION_LOCAL,6,MISCLASSIFIED,5,selected_minus_random_target_score_drop,0.003385276313048191,-0.24552929156957556,0.31672116702603514,5,probability,1000,DERIVED
EXP-XAI-FIDELITY-001,LOCAL_SAMPLE,MODEL-C4,SINGLE_FEATURE_ABLATION_LOCAL,6,MISCLASSIFIED,10,selected_minus_random_target_score_drop,-0.0004422769845565111,-0.307991212782598,0.29637516624617805,5,probability,1000,DERIVED
EXP-XAI-FIDELITY-001,LOCAL_SAMPLE,MODEL-C4,SINGLE_FEATURE_ABLATION_LOCAL,6,NEAR_DECISION_BOUNDARY,1,selected_minus_random_target_score_drop,0.004392950131202844,-0.0773555968702596,0.09705788540449564,5,probability,1000,DERIVED
EXP-XAI-FIDELITY-001,LOCAL_SAMPLE,MODEL-C4,SINGLE_FEATURE_ABLATION_LOCAL,6,NEAR_DECISION_BOUNDARY,3,selected_minus_random_target_score_drop,0.1102859478802819,0.009843783566399826,0.23475134862296707,5,probability,1000,DERIVED
EXP-XAI-FIDELITY-001,LOCAL_SAMPLE,MODEL-C4,SINGLE_FEATURE_ABLATION_LOCAL,6,NEAR_DECISION_BOUNDARY,5,selected_minus_random_target_score_drop,0.12455325986775823,0.013442645185320169,0.23727191048701943,5,probability,1000,DERIVED
EXP-XAI-FIDELITY-001,LOCAL_SAMPLE,MODEL-C4,SINGLE_FEATURE_ABLATION_LOCAL,6,NEAR_DECISION_BOUNDARY,10,selected_minus_random_target_score_drop,0.05865157891377544,-0.041123714484824755,0.1983955371109543,5,probability,1000,DERIVED
EXP-XAI-FIDELITY-001,LOCAL_SAMPLE,MODEL-C4,SINGLE_FEATURE_ABLATION_LOCAL,10,CORRECT_REPRESENTATIVE,1,selected_minus_random_target_score_drop,0.0503259373338383,-0.0009096629847171802,0.10224660371016461,10,probability,1000,DERIVED
EXP-XAI-FIDELITY-001,LOCAL_SAMPLE,MODEL-C4,SINGLE_FEATURE_ABLATION_LOCAL,10,CORRECT_REPRESENTATIVE,3,selected_minus_random_target_score_drop,0.1355556356965348,0.0552308766975529,0.24042175242657593,10,probability,1000,DERIVED
EXP-XAI-FIDELITY-001,LOCAL_SAMPLE,MODEL-C4,SINGLE_FEATURE_ABLATION_LOCAL,10,CORRECT_REPRESENTATIVE,5,selected_minus_random_target_score_drop,0.16645684759973395,0.05616980835568634,0.2876770360161383,10,probability,1000,DERIVED
EXP-XAI-FIDELITY-001,LOCAL_SAMPLE,MODEL-C4,SINGLE_FEATURE_ABLATION_LOCAL,10,CORRECT_REPRESENTATIVE,10,selected_minus_random_target_score_drop,0.22370409314253226,0.07192444012215374,0.39444235077577666,10,probability,1000,DERIVED
EXP-XAI-FIDELITY-001,LOCAL_SAMPLE,MODEL-C4,SINGLE_FEATURE_ABLATION_LOCAL,10,MISCLASSIFIED,1,selected_minus_random_target_score_drop,0.09039541675967418,0.08065319755956941,0.09993810634165862,5,probability,1000,DERIVED
EXP-XAI-FIDELITY-001,LOCAL_SAMPLE,MODEL-C4,SINGLE_FEATURE_ABLATION_LOCAL,10,MISCLASSIFIED,3,selected_minus_random_target_score_drop,0.2312734691412298,0.20093251037470156,0.26282731208190435,5,probability,1000,DERIVED
EXP-XAI-FIDELITY-001,LOCAL_SAMPLE,MODEL-C4,SINGLE_FEATURE_ABLATION_LOCAL,10,MISCLASSIFIED,5,selected_minus_random_target_score_drop,0.23549176188866167,0.12588455247108588,0.3458739720484891,5,probability,1000,DERIVED
EXP-XAI-FIDELITY-001,LOCAL_SAMPLE,MODEL-C4,SINGLE_FEATURE_ABLATION_LOCAL,10,MISCLASSIFIED,10,selected_minus_random_target_score_drop,0.28778186119817395,0.1294026788767037,0.4073889961831626,5,probability,1000,DERIVED
EXP-XAI-FIDELITY-001,LOCAL_SAMPLE,MODEL-C4,SINGLE_FEATURE_ABLATION_LOCAL,10,NEAR_DECISION_BOUNDARY,1,selected_minus_random_target_score_drop,-0.02663367356467027,-0.12066966216626718,0.06740231503692663,5,probability,1000,DERIVED
EXP-XAI-FIDELITY-001,LOCAL_SAMPLE,MODEL-C4,SINGLE_FEATURE_ABLATION_LOCAL,10,NEAR_DECISION_BOUNDARY,3,selected_minus_random_target_score_drop,0.015985145329057364,-0.05692608968230155,0.10483635986998391,5,probability,1000,DERIVED
EXP-XAI-FIDELITY-001,LOCAL_SAMPLE,MODEL-C4,SINGLE_FEATURE_ABLATION_LOCAL,10,NEAR_DECISION_BOUNDARY,5,selected_minus_random_target_score_drop,0.02818400489559274,-0.09398113294618331,0.1755025602209188,5,probability,1000,DERIVED
EXP-XAI-FIDELITY-001,LOCAL_SAMPLE,MODEL-C4,SINGLE_FEATURE_ABLATION_LOCAL,10,NEAR_DECISION_BOUNDARY,10,selected_minus_random_target_score_drop,-0.02867648886098937,-0.15023386334697142,0.13591110580846538,5,probability,1000,DERIVED
