experiment_id,source_experiment_id,model_id,batch,sample_id,true_class,original_predicted_class,correct,category,method,evaluation_label,k,selected_features,original_target_score,deleted_target_score,target_score_drop,deleted_predicted_class,class_flip,retained_target_score,target_score_retained_ratio,retained_predicted_class,random_target_score_drop_mean,selected_minus_random,perturbation_standardized_l2,features_altered,reference_source,unit,measurement_type
EXP-XAI-FIDELITY-001,EXP-XAI-0001,MODEL-C1,2,B2:0,1,1,True,CORRECT_REPRESENTATIVE,INTRINSIC_COEFFICIENT,LOCAL_FIDELITY,1,[106],0.914208755865913,0.9568314825492448,-0.04262272668333178,1,False,0.7041764201601051,0.770257794668712,1,0.002679440615350644,-0.04530216729868242,1.2159551723984585,1,BATCH_1_SAVED_SCALER_MEAN,probability,EXECUTED
EXP-XAI-FIDELITY-001,EXP-XAI-0001,MODEL-C1,2,B2:0,1,1,True,CORRECT_REPRESENTATIVE,INTRINSIC_COEFFICIENT,LOCAL_FIDELITY,3,"[106, 25, 89]",0.914208755865913,0.72714128009236,0.18706747577355298,1,False,0.9150592075201042,1.0009302597997825,1,0.015394186232849882,0.1716732895407031,2.215660594187481,3,BATCH_1_SAVED_SCALER_MEAN,probability,EXECUTED
EXP-XAI-FIDELITY-001,EXP-XAI-0001,MODEL-C1,2,B2:0,1,1,True,CORRECT_REPRESENTATIVE,INTRINSIC_COEFFICIENT,LOCAL_FIDELITY,5,"[106, 25, 89, 98, 81]",0.914208755865913,0.5592523605079609,0.3549563953579521,1,False,0.8948257022542572,0.9787980004705854,1,-0.00024204828015860952,0.3551984436381107,2.8039189682572325,5,BATCH_1_SAVED_SCALER_MEAN,probability,EXECUTED
EXP-XAI-FIDELITY-001,EXP-XAI-0001,MODEL-C1,2,B2:0,1,1,True,CORRECT_REPRESENTATIVE,INTRINSIC_COEFFICIENT,LOCAL_FIDELITY,10,"[106, 25, 89, 98, 81, 108, 42, 100, 34, 105]",0.914208755865913,0.8322609817511329,0.08194777411478005,1,False,0.3013985240685462,0.32968238614502215,2,0.028103260776983933,0.053844513337796114,3.5971169198147663,10,BATCH_1_SAVED_SCALER_MEAN,probability,EXECUTED
EXP-XAI-FIDELITY-001,EXP-XAI-0001,MODEL-C1,2,B2:0,1,1,True,CORRECT_REPRESENTATIVE,SINGLE_FEATURE_ABLATION_LOCAL,ABLATION_CONSISTENCY,1,[25],0.914208755865913,0.8191020937814113,0.09510666208450169,1,False,0.9312372243270148,1.018626455229006,1,0.0038343469744960873,0.09127231511000561,1.2919441126698916,1,BATCH_1_SAVED_SCALER_MEAN,probability,EXECUTED
EXP-XAI-FIDELITY-001,EXP-XAI-0001,MODEL-C1,2,B2:0,1,1,True,CORRECT_REPRESENTATIVE,SINGLE_FEATURE_ABLATION_LOCAL,ABLATION_CONSISTENCY,3,"[25, 89, 81]",0.914208755865913,0.33104750012061257,0.5831612557453004,3,True,0.9742286657782182,1.0656523026356886,1,0.009859014354104523,0.5733022413911959,2.2337456788309478,3,BATCH_1_SAVED_SCALER_MEAN,probability,EXECUTED
EXP-XAI-FIDELITY-001,EXP-XAI-0001,MODEL-C1,2,B2:0,1,1,True,CORRECT_REPRESENTATIVE,SINGLE_FEATURE_ABLATION_LOCAL,ABLATION_CONSISTENCY,5,"[25, 89, 81, 26, 106]",0.914208755865913,0.33183239667571823,0.5823763591901947,3,True,0.9669145268732199,1.0576517897790045,1,0.01473344120429818,0.5676429179858965,2.8246328544282786,5,BATCH_1_SAVED_SCALER_MEAN,probability,EXECUTED
EXP-XAI-FIDELITY-001,EXP-XAI-0001,MODEL-C1,2,B2:0,1,1,True,CORRECT_REPRESENTATIVE,SINGLE_FEATURE_ABLATION_LOCAL,ABLATION_CONSISTENCY,10,"[25, 89, 81, 26, 106, 17, 66, 108, 27, 82]",0.914208755865913,0.1471458806476226,0.7670628752182904,3,True,0.9859693586072247,1.0784947664096063,1,0.024110560420736567,0.7429523147975539,3.6101572968224622,10,BATCH_1_SAVED_SCALER_MEAN,probability,EXECUTED
EXP-XAI-FIDELITY-001,EXP-XAI-0001,MODEL-C1,2,B2:1,1,1,True,CORRECT_REPRESENTATIVE,INTRINSIC_COEFFICIENT,LOCAL_FIDELITY,1,[25],0.9715136026734131,0.9560402748408492,0.015473327832563943,1,False,0.9194634314966619,0.9464236310911968,1,0.0007295507052623903,0.014743777127301553,1.0575317788509893,1,BATCH_1_SAVED_SCALER_MEAN,probability,EXECUTED
EXP-XAI-FIDELITY-001,EXP-XAI-0001,MODEL-C1,2,B2:1,1,1,True,CORRECT_REPRESENTATIVE,INTRINSIC_COEFFICIENT,LOCAL_FIDELITY,3,"[25, 89, 106]",0.9715136026734131,0.9528309146013149,0.018682688072098275,1,False,0.9242934898249765,0.9513953147763488,1,0.002896208143470243,0.01578647992862803,1.6908890895472157,3,BATCH_1_SAVED_SCALER_MEAN,probability,EXECUTED
EXP-XAI-FIDELITY-001,EXP-XAI-0001,MODEL-C1,2,B2:1,1,1,True,CORRECT_REPRESENTATIVE,INTRINSIC_COEFFICIENT,LOCAL_FIDELITY,5,"[25, 89, 106, 81, 112]",0.9715136026734131,0.880354083618941,0.09115951905447217,1,False,0.9537346217081947,0.9816997096939309,1,0.005293511514515222,0.08586600753995695,2.185459902122608,5,BATCH_1_SAVED_SCALER_MEAN,probability,EXECUTED
EXP-XAI-FIDELITY-001,EXP-XAI-0001,MODEL-C1,2,B2:1,1,1,True,CORRECT_REPRESENTATIVE,INTRINSIC_COEFFICIENT,LOCAL_FIDELITY,10,"[25, 89, 106, 81, 112, 42, 17, 98, 105, 26]",0.9715136026734131,0.7928278085367094,0.1786857941367037,1,False,0.9180785011148542,0.9449980922433653,1,0.013648854304407916,0.1650369398322958,2.884065387085694,10,BATCH_1_SAVED_SCALER_MEAN,probability,EXECUTED
EXP-XAI-FIDELITY-001,EXP-XAI-0001,MODEL-C1,2,B2:1,1,1,True,CORRECT_REPRESENTATIVE,SINGLE_FEATURE_ABLATION_LOCAL,ABLATION_CONSISTENCY,1,[25],0.9715136026734131,0.9560402748408492,0.015473327832563943,1,False,0.9194634314966619,0.9464236310911968,1,-0.00019657158144489688,0.01566989941400884,1.0575317788509893,1,BATCH_1_SAVED_SCALER_MEAN,probability,EXECUTED
EXP-XAI-FIDELITY-001,EXP-XAI-0001,MODEL-C1,2,B2:1,1,1,True,CORRECT_REPRESENTATIVE,SINGLE_FEATURE_ABLATION_LOCAL,ABLATION_CONSISTENCY,3,"[25, 81, 26]",0.9715136026734131,0.9066660424240872,0.06484756024932592,1,False,0.9676379416831468,0.9960106981728292,1,0.0030290555085053885,0.06181850474082053,1.7175259136062668,3,BATCH_1_SAVED_SCALER_MEAN,probability,EXECUTED
EXP-XAI-FIDELITY-001,EXP-XAI-0001,MODEL-C1,2,B2:1,1,1,True,CORRECT_REPRESENTATIVE,SINGLE_FEATURE_ABLATION_LOCAL,ABLATION_CONSISTENCY,5,"[25, 81, 26, 88, 89]",0.9715136026734131,0.790374944735188,0.18113865793822514,1,False,0.9837389929803525,1.012583859117667,1,0.008768217090403293,0.17237044084782185,2.19024899320221,5,BATCH_1_SAVED_SCALER_MEAN,probability,EXECUTED
EXP-XAI-FIDELITY-001,EXP-XAI-0001,MODEL-C1,2,B2:1,1,1,True,CORRECT_REPRESENTATIVE,SINGLE_FEATURE_ABLATION_LOCAL,ABLATION_CONSISTENCY,10,"[25, 81, 26, 88, 89, 106, 82, 27, 105, 98]",0.9715136026734131,0.8072093640780744,0.16430423859533871,1,False,0.9705984834335735,0.9990580479395024,1,0.004159643633672365,0.16014459496166636,2.8068936919046727,10,BATCH_1_SAVED_SCALER_MEAN,probability,EXECUTED
EXP-XAI-FIDELITY-001,EXP-XAI-0001,MODEL-C1,2,B2:70,2,2,True,CORRECT_REPRESENTATIVE,INTRINSIC_COEFFICIENT,LOCAL_FIDELITY,1,[58],0.9997354558496439,0.9995252079619383,0.00021024788770551694,2,False,0.01888683851362188,0.01889183623838823,1,5.881072830199082e-05,0.0001514371594035261,1.2565695390425884,1,BATCH_1_SAVED_SCALER_MEAN,probability,EXECUTED
EXP-XAI-FIDELITY-001,EXP-XAI-0001,MODEL-C1,2,B2:70,2,2,True,CORRECT_REPRESENTATIVE,INTRINSIC_COEFFICIENT,LOCAL_FIDELITY,3,"[58, 18, 50]",0.9997354558496439,0.9982064635541817,0.001528992295462106,2,False,0.0652843139505152,0.06530158910392161,1,0.00018936065369220176,0.0013396316417699043,2.32216168566874,3,BATCH_1_SAVED_SCALER_MEAN,probability,EXECUTED
EXP-XAI-FIDELITY-001,EXP-XAI-0001,MODEL-C1,2,B2:70,2,2,True,CORRECT_REPRESENTATIVE,INTRINSIC_COEFFICIENT,LOCAL_FIDELITY,5,"[58, 18, 50, 114, 26]",0.9997354558496439,0.9926560431168672,0.00707941273277668,2,False,0.22225640103465413,0.22231521322384767,1,0.0002822631183843923,0.006797149614392288,3.074034374854204,5,BATCH_1_SAVED_SCALER_MEAN,probability,EXECUTED
EXP-XAI-FIDELITY-001,EXP-XAI-0001,MODEL-C1,2,B2:70,2,2,True,CORRECT_REPRESENTATIVE,INTRINSIC_COEFFICIENT,LOCAL_FIDELITY,10,"[58, 18, 50, 114, 26, 82, 19, 2, 122, 51]",0.9997354558496439,0.911622868137307,0.08811258771233688,2,False,0.7784015850565174,0.778607561132238,2,0.0011346452518809131,0.08697794246045597,4.168074441407985,10,BATCH_1_SAVED_SCALER_MEAN,probability,EXECUTED
EXP-XAI-FIDELITY-001,EXP-XAI-0001,MODEL-C1,2,B2:70,2,2,True,CORRECT_REPRESENTATIVE,SINGLE_FEATURE_ABLATION_LOCAL,ABLATION_CONSISTENCY,1,[26],0.9997354558496439,0.9993017937957744,0.00043366205386941026,2,False,0.024001432692052245,0.024007783810822414,1,3.797831413131873e-05,0.0003956837397380915,1.6763345613282707,1,BATCH_1_SAVED_SCALER_MEAN,probability,EXECUTED
EXP-XAI-FIDELITY-001,EXP-XAI-0001,MODEL-C1,2,B2:70,2,2,True,CORRECT_REPRESENTATIVE,SINGLE_FEATURE_ABLATION_LOCAL,ABLATION_CONSISTENCY,3,"[26, 18, 82]",0.9997354558496439,0.9960623333391088,0.0036731225105350873,2,False,0.09266347048361114,0.09268799054931923,1,0.00012231957340779937,0.003550802937127288,2.710237284170998,3,BATCH_1_SAVED_SCALER_MEAN,probability,EXECUTED
EXP-XAI-FIDELITY-001,EXP-XAI-0001,MODEL-C1,2,B2:70,2,2,True,CORRECT_REPRESENTATIVE,SINGLE_FEATURE_ABLATION_LOCAL,ABLATION_CONSISTENCY,5,"[26, 18, 82, 27, 19]",0.9997354558496439,0.9831412491294452,0.016594206720198623,2,False,0.19720990279678025,0.19726208732806993,3,0.00024835674721626437,0.01634584997298236,3.331419601288653,5,BATCH_1_SAVED_SCALER_MEAN,probability,EXECUTED
EXP-XAI-FIDELITY-001,EXP-XAI-0001,MODEL-C1,2,B2:70,2,2,True,CORRECT_REPRESENTATIVE,SINGLE_FEATURE_ABLATION_LOCAL,ABLATION_CONSISTENCY,10,"[26, 18, 82, 27, 19, 83, 58, 91, 115, 114]",0.9997354558496439,0.8002550693701603,0.19948038647948352,2,False,0.7221774681954105,0.7223685665740989,2,0.0006144231459696485,0.19886596333351386,4.268961550875987,10,BATCH_1_SAVED_SCALER_MEAN,probability,EXECUTED
EXP-XAI-FIDELITY-001,EXP-XAI-0001,MODEL-C1,2,B2:71,2,2,True,CORRECT_REPRESENTATIVE,INTRINSIC_COEFFICIENT,LOCAL_FIDELITY,1,[18],0.9999514351940647,0.9998495559892218,0.00010187920484294732,2,False,0.030670461420574596,0.030671950997922467,1,1.2093608278684886e-05,8.978559656426243e-05,1.9740507927910549,1,BATCH_1_SAVED_SCALER_MEAN,probability,EXECUTED
EXP-XAI-FIDELITY-001,EXP-XAI-0001,MODEL-C1,2,B2:71,2,2,True,CORRECT_REPRESENTATIVE,INTRINSIC_COEFFICIENT,LOCAL_FIDELITY,3,"[18, 58, 50]",0.9999514351940647,0.9994116871265492,0.0005397480675155553,2,False,0.10197565277746945,0.1019806054457821,1,2.8428727741647285e-05,0.000511319339773908,2.9379492178917315,3,BATCH_1_SAVED_SCALER_MEAN,probability,EXECUTED
EXP-XAI-FIDELITY-001,EXP-XAI-0001,MODEL-C1,2,B2:71,2,2,True,CORRECT_REPRESENTATIVE,INTRINSIC_COEFFICIENT,LOCAL_FIDELITY,5,"[18, 58, 50, 114, 26]",0.9999514351940647,0.996921595505819,0.0030298396882456613,2,False,0.38540336903634687,0.38542208698520447,1,9.521762100038745e-05,0.002934622067245274,3.8211234696674725,5,BATCH_1_SAVED_SCALER_MEAN,probability,EXECUTED
EXP-XAI-FIDELITY-001,EXP-XAI-0001,MODEL-C1,2,B2:71,2,2,True,CORRECT_REPRESENTATIVE,INTRINSIC_COEFFICIENT,LOCAL_FIDELITY,10,"[18, 58, 50, 114, 26, 82, 19, 122, 20, 51]",0.9999514351940647,0.935730576063189,0.06422085913087572,2,False,0.9228178237442396,0.9228626423893722,2,0.0005210703217454427,0.06369978880913027,5.506091203943325,10,BATCH_1_SAVED_SCALER_MEAN,probability,EXECUTED
EXP-XAI-FIDELITY-001,EXP-XAI-0001,MODEL-C1,2,B2:71,2,2,True,CORRECT_REPRESENTATIVE,SINGLE_FEATURE_ABLATION_LOCAL,ABLATION_CONSISTENCY,1,[26],0.9999514351940647,0.9998448113184778,0.00010662387558690867,2,False,0.02821507939776629,0.028216449724171328,1,7.931325557171872e-06,9.86925500297368e-05,2.0440126585506286,1,BATCH_1_SAVED_SCALER_MEAN,probability,EXECUTED
EXP-XAI-FIDELITY-001,EXP-XAI-0001,MODEL-C1,2,B2:71,2,2,True,CORRECT_REPRESENTATIVE,SINGLE_FEATURE_ABLATION_LOCAL,ABLATION_CONSISTENCY,3,"[26, 18, 82]",0.9999514351940647,0.9986708970301322,0.0012805381639324764,2,False,0.1377537099086275,0.13776040021572955,3,4.419143934056846e-05,0.0012363467245919079,3.3445055639582373,3,BATCH_1_SAVED_SCALER_MEAN,probability,EXECUTED
EXP-XAI-FIDELITY-001,EXP-XAI-0001,MODEL-C1,2,B2:71,2,2,True,CORRECT_REPRESENTATIVE,SINGLE_FEATURE_ABLATION_LOCAL,ABLATION_CONSISTENCY,5,"[26, 18, 82, 19, 27]",0.9999514351940647,0.992031664427392,0.007919770766672718,2,False,0.2937198757714414,0.2937341409129914,3,5.674055177488091e-05,0.007863030214897837,4.102485645464783,5,BATCH_1_SAVED_SCALER_MEAN,probability,EXECUTED
EXP-XAI-FIDELITY-001,EXP-XAI-0001,MODEL-C1,2,B2:71,2,2,True,CORRECT_REPRESENTATIVE,SINGLE_FEATURE_ABLATION_LOCAL,ABLATION_CONSISTENCY,10,"[26, 18, 82, 19, 27, 58, 83, 91, 114, 50]",0.9999514351940647,0.8451247946489897,0.154826640545075,2,False,0.9256491269410501,0.925694083094551,2,0.0001571942837669112,0.1546694462613081,5.236331176827802,10,BATCH_1_SAVED_SCALER_MEAN,probability,EXECUTED
EXP-XAI-FIDELITY-001,EXP-XAI-0001,MODEL-C1,2,B2:121,2,1,False,MISCLASSIFIED,INTRINSIC_COEFFICIENT,LOCAL_FIDELITY,1,[106],0.6245456345243792,0.8574004992547175,-0.23285486473033834,1,False,0.687652843488879,1.1010449925129313,1,0.011398078857027372,-0.2442529435873657,1.3533623907274588,1,BATCH_1_SAVED_SCALER_MEAN,probability,EXECUTED
EXP-XAI-FIDELITY-001,EXP-XAI-0001,MODEL-C1,2,B2:121,2,1,False,MISCLASSIFIED,INTRINSIC_COEFFICIENT,LOCAL_FIDELITY,3,"[106, 98, 25]",0.6245456345243792,0.8904464812277624,-0.2659008467033832,1,False,0.7266271465489125,1.163449244349091,1,-0.03398822608795249,-0.23191262061543072,2.216289749796104,3,BATCH_1_SAVED_SCALER_MEAN,probability,EXECUTED
EXP-XAI-FIDELITY-001,EXP-XAI-0001,MODEL-C1,2,B2:121,2,1,False,MISCLASSIFIED,INTRINSIC_COEFFICIENT,LOCAL_FIDELITY,5,"[106, 98, 25, 89, 42]",0.6245456345243792,0.8364681765098557,-0.21192254198547655,1,False,0.6685952287099536,1.0705306253867586,1,0.054290297954854,-0.26621283994033057,2.803835581320255,5,BATCH_1_SAVED_SCALER_MEAN,probability,EXECUTED
EXP-XAI-FIDELITY-001,EXP-XAI-0001,MODEL-C1,2,B2:121,2,1,False,MISCLASSIFIED,INTRINSIC_COEFFICIENT,LOCAL_FIDELITY,10,"[106, 98, 25, 89, 42, 105, 81, 34, 108, 107]",0.6245456345243792,0.8564403080771462,-0.23189467355276705,1,False,0.23120528527759357,0.37019758444659895,2,0.04809408873423693,-0.279988762287004,3.700998728727352,10,BATCH_1_SAVED_SCALER_MEAN,probability,EXECUTED
EXP-XAI-FIDELITY-001,EXP-XAI-0001,MODEL-C1,2,B2:121,2,1,False,MISCLASSIFIED,SINGLE_FEATURE_ABLATION_LOCAL,ABLATION_CONSISTENCY,1,[106],0.6245456345243792,0.8574004992547175,-0.23285486473033834,1,False,0.687652843488879,1.1010449925129313,1,-0.0019058900883610452,-0.2309489746419773,1.3533623907274588,1,BATCH_1_SAVED_SCALER_MEAN,probability,EXECUTED
EXP-XAI-FIDELITY-001,EXP-XAI-0001,MODEL-C1,2,B2:121,2,1,False,MISCLASSIFIED,SINGLE_FEATURE_ABLATION_LOCAL,ABLATION_CONSISTENCY,3,"[106, 98, 42]",0.6245456345243792,0.974167471608327,-0.3496218370839478,1,False,0.4211289529686778,0.6742965280501677,1,-0.03506086114224873,-0.3145609759416991,2.2606521995336553,3,BATCH_1_SAVED_SCALER_MEAN,probability,EXECUTED
EXP-XAI-FIDELITY-001,EXP-XAI-0001,MODEL-C1,2,B2:121,2,1,False,MISCLASSIFIED,SINGLE_FEATURE_ABLATION_LOCAL,ABLATION_CONSISTENCY,5,"[106, 98, 42, 105, 34]",0.6245456345243792,0.9883980101222337,-0.36385237559785455,1,False,0.1472633870073757,0.23579283701105955,2,0.005399253454134873,-0.36925162905198944,2.8741067968904512,5,BATCH_1_SAVED_SCALER_MEAN,probability,EXECUTED
EXP-XAI-FIDELITY-001,EXP-XAI-0001,MODEL-C1,2,B2:121,2,1,False,MISCLASSIFIED,SINGLE_FEATURE_ABLATION_LOCAL,ABLATION_CONSISTENCY,10,"[106, 98, 42, 105, 34, 97, 10, 25, 81, 26]",0.6245456345243792,0.9006832781143461,-0.27613764358996695,1,False,0.1730082134699262,0.27701452689150585,2,0.011766050298315628,-0.2879036938882826,3.7548699684678954,10,BATCH_1_SAVED_SCALER_MEAN,probability,EXECUTED
EXP-XAI-FIDELITY-001,EXP-XAI-0001,MODEL-C1,2,B2:122,2,1,False,"MISCLASSIFIED,NEAR_DECISION_BOUNDARY",INTRINSIC_COEFFICIENT,LOCAL_FIDELITY,1,[106],0.49841113157168304,0.7389472753450287,-0.24053614377334565,1,False,0.7216482149312562,1.4478974670080507,1,-0.008944216524167716,-0.23159192724917793,1.0647962623987777,1,BATCH_1_SAVED_SCALER_MEAN,probability,EXECUTED
EXP-XAI-FIDELITY-001,EXP-XAI-0001,MODEL-C1,2,B2:122,2,1,False,"MISCLASSIFIED,NEAR_DECISION_BOUNDARY",INTRINSIC_COEFFICIENT,LOCAL_FIDELITY,3,"[106, 98, 25]",0.49841113157168304,0.8112111572565418,-0.31280002568485876,1,False,0.7640992915754433,1.533070277074155,1,-0.027348315473084046,-0.28545171021177473,1.7458361074095048,3,BATCH_1_SAVED_SCALER_MEAN,probability,EXECUTED
EXP-XAI-FIDELITY-001,EXP-XAI-0001,MODEL-C1,2,B2:122,2,1,False,"MISCLASSIFIED,NEAR_DECISION_BOUNDARY",INTRINSIC_COEFFICIENT,LOCAL_FIDELITY,5,"[106, 98, 25, 89, 42]",0.49841113157168304,0.8435568363840553,-0.3451457048123723,1,False,0.7442303418647884,1.493205698512275,1,-0.03920319330686773,-0.30594251150550456,2.231066813712445,5,BATCH_1_SAVED_SCALER_MEAN,probability,EXECUTED
EXP-XAI-FIDELITY-001,EXP-XAI-0001,MODEL-C1,2,B2:122,2,1,False,"MISCLASSIFIED,NEAR_DECISION_BOUNDARY",INTRINSIC_COEFFICIENT,LOCAL_FIDELITY,10,"[106, 98, 25, 89, 42, 105, 112, 81, 34, 107]",0.49841113157168304,0.8042070044650502,-0.3057958728933672,1,False,0.5203831703951708,1.0440841655245567,1,-0.02665913943397882,-0.2791367334593884,3.1264426830456045,10,BATCH_1_SAVED_SCALER_MEAN,probability,EXECUTED
EXP-XAI-FIDELITY-001,EXP-XAI-0001,MODEL-C1,2,B2:122,2,1,False,"MISCLASSIFIED,NEAR_DECISION_BOUNDARY",SINGLE_FEATURE_ABLATION_LOCAL,ABLATION_CONSISTENCY,1,[106],0.49841113157168304,0.7389472753450287,-0.24053614377334565,1,False,0.7216482149312562,1.4478974670080507,1,-0.02381059881179218,-0.21672554496155347,1.0647962623987777,1,BATCH_1_SAVED_SCALER_MEAN,probability,EXECUTED
EXP-XAI-FIDELITY-001,EXP-XAI-0001,MODEL-C1,2,B2:122,2,1,False,"MISCLASSIFIED,NEAR_DECISION_BOUNDARY",SINGLE_FEATURE_ABLATION_LOCAL,ABLATION_CONSISTENCY,3,"[106, 98, 105]",0.49841113157168304,0.9398321976167278,-0.4414210660450447,1,False,0.5272852519109688,1.0579323343927622,1,-0.039595045045161766,-0.40182602099988296,1.8522809032103023,3,BATCH_1_SAVED_SCALER_MEAN,probability,EXECUTED
EXP-XAI-FIDELITY-001,EXP-XAI-0001,MODEL-C1,2,B2:122,2,1,False,"MISCLASSIFIED,NEAR_DECISION_BOUNDARY",SINGLE_FEATURE_ABLATION_LOCAL,ABLATION_CONSISTENCY,5,"[106, 98, 105, 42, 34]",0.49841113157168304,0.982859401058267,-0.4844482694865839,1,False,0.2970683721134874,0.5960307731826052,2,-0.03998575000730022,-0.4444625194792837,2.311365251523978,5,BATCH_1_SAVED_SCALER_MEAN,probability,EXECUTED
EXP-XAI-FIDELITY-001,EXP-XAI-0001,MODEL-C1,2,B2:122,2,1,False,"MISCLASSIFIED,NEAR_DECISION_BOUNDARY",SINGLE_FEATURE_ABLATION_LOCAL,ABLATION_CONSISTENCY,10,"[106, 98, 105, 42, 34, 97, 10, 2, 41, 33]",0.49841113157168304,0.9935900810015981,-0.495178949429915,1,False,0.03401884747934271,0.0682545900852337,2,-0.0992378199407321,-0.3959411294891829,3.187311431466509,10,BATCH_1_SAVED_SCALER_MEAN,probability,EXECUTED
EXP-XAI-FIDELITY-001,EXP-XAI-0001,MODEL-C1,2,B2:135,2,1,False,MISCLASSIFIED,INTRINSIC_COEFFICIENT,LOCAL_FIDELITY,1,[106],0.5238871176882114,0.8025120667997766,-0.2786249491115652,1,False,0.6864723452023238,1.3103440073723556,1,-0.014391632927236336,-0.2642333161843289,1.3629916052388635,1,BATCH_1_SAVED_SCALER_MEAN,probability,EXECUTED
EXP-XAI-FIDELITY-001,EXP-XAI-0001,MODEL-C1,2,B2:135,2,1,False,MISCLASSIFIED,INTRINSIC_COEFFICIENT,LOCAL_FIDELITY,3,"[106, 98, 25]",0.5238871176882114,0.8514995693725154,-0.327612451684304,1,False,0.7242902554002587,1.382531142579681,1,-0.008297767719239933,-0.319314683965064,2.2170287895000365,3,BATCH_1_SAVED_SCALER_MEAN,probability,EXECUTED
EXP-XAI-FIDELITY-001,EXP-XAI-0001,MODEL-C1,2,B2:135,2,1,False,MISCLASSIFIED,INTRINSIC_COEFFICIENT,LOCAL_FIDELITY,5,"[106, 98, 25, 89, 108]",0.5238871176882114,0.8276478789652589,-0.30376076127704754,1,False,0.7085376812246033,1.3524625006074031,1,-0.013451096060347148,-0.2903096652167004,2.639596238572213,5,BATCH_1_SAVED_SCALER_MEAN,probability,EXECUTED
EXP-XAI-FIDELITY-001,EXP-XAI-0001,MODEL-C1,2,B2:135,2,1,False,MISCLASSIFIED,INTRINSIC_COEFFICIENT,LOCAL_FIDELITY,10,"[106, 98, 25, 89, 108, 42, 105, 81, 34, 112]",0.5238871176882114,0.6308199018159132,-0.1069327841277018,1,False,0.2969071537025079,0.5667387948241374,2,-0.022453004031930422,-0.08447978009577137,3.789642277072544,10,BATCH_1_SAVED_SCALER_MEAN,probability,EXECUTED
EXP-XAI-FIDELITY-001,EXP-XAI-0001,MODEL-C1,2,B2:135,2,1,False,MISCLASSIFIED,SINGLE_FEATURE_ABLATION_LOCAL,ABLATION_CONSISTENCY,1,[106],0.5238871176882114,0.8025120667997766,-0.2786249491115652,1,False,0.6864723452023238,1.3103440073723556,1,0.013822492223304955,-0.29244744133487016,1.3629916052388635,1,BATCH_1_SAVED_SCALER_MEAN,probability,EXECUTED
EXP-XAI-FIDELITY-001,EXP-XAI-0001,MODEL-C1,2,B2:135,2,1,False,MISCLASSIFIED,SINGLE_FEATURE_ABLATION_LOCAL,ABLATION_CONSISTENCY,3,"[106, 98, 42]",0.5238871176882114,0.964055137875122,-0.4401680201869106,1,False,0.4197743591341279,0.801268717937734,1,-0.0026324605530088177,-0.4375355596339018,2.2651494076531162,3,BATCH_1_SAVED_SCALER_MEAN,probability,EXECUTED
EXP-XAI-FIDELITY-001,EXP-XAI-0001,MODEL-C1,2,B2:135,2,1,False,MISCLASSIFIED,SINGLE_FEATURE_ABLATION_LOCAL,ABLATION_CONSISTENCY,5,"[106, 98, 42, 105, 34]",0.5238871176882114,0.9847577607149521,-0.46087064302674075,1,False,0.14539356648492743,0.27752842468529193,2,-0.04842934324777527,-0.4124412997789655,2.88316711197874,5,BATCH_1_SAVED_SCALER_MEAN,probability,EXECUTED
EXP-XAI-FIDELITY-001,EXP-XAI-0001,MODEL-C1,2,B2:135,2,1,False,MISCLASSIFIED,SINGLE_FEATURE_ABLATION_LOCAL,ABLATION_CONSISTENCY,10,"[106, 98, 42, 105, 34, 97, 10, 2, 108, 25]",0.5238871176882114,0.9904747455622195,-0.4665876278740081,1,False,0.020753152289800677,0.039613786232002374,2,-0.13322590798608452,-0.33336171988792357,3.739210592191717,10,BATCH_1_SAVED_SCALER_MEAN,probability,EXECUTED
EXP-XAI-FIDELITY-001,EXP-XAI-0001,MODEL-C1,2,B2:149,2,1,False,MISCLASSIFIED,INTRINSIC_COEFFICIENT,LOCAL_FIDELITY,1,[106],0.49155869310910344,0.78245408221222,-0.2908953891031166,1,False,0.6854964246677198,1.3945362665279344,1,-0.001532220771765728,-0.28936316833135084,1.3709341314329697,1,BATCH_1_SAVED_SCALER_MEAN,probability,EXECUTED
EXP-XAI-FIDELITY-001,EXP-XAI-0001,MODEL-C1,2,B2:149,2,1,False,MISCLASSIFIED,INTRINSIC_COEFFICIENT,LOCAL_FIDELITY,3,"[106, 98, 25]",0.49155869310910344,0.8354991657984077,-0.3439404726893042,1,False,0.720004577856833,1.464737757566267,1,0.040298608497184814,-0.38423908118648903,2.2029240916416977,3,BATCH_1_SAVED_SCALER_MEAN,probability,EXECUTED
EXP-XAI-FIDELITY-001,EXP-XAI-0001,MODEL-C1,2,B2:149,2,1,False,MISCLASSIFIED,INTRINSIC_COEFFICIENT,LOCAL_FIDELITY,5,"[106, 98, 25, 89, 42]",0.49155869310910344,0.7753528051910533,-0.2837941120819499,1,False,0.6604749034053514,1.3436338583046,1,-0.07734172977428884,-0.20645238230766105,2.7768556996299925,5,BATCH_1_SAVED_SCALER_MEAN,probability,EXECUTED
EXP-XAI-FIDELITY-001,EXP-XAI-0001,MODEL-C1,2,B2:149,2,1,False,MISCLASSIFIED,INTRINSIC_COEFFICIENT,LOCAL_FIDELITY,10,"[106, 98, 25, 89, 42, 108, 105, 81, 34, 107]",0.49155869310910344,0.8187759698932423,-0.32721727678413887,1,False,0.21230151784687384,0.4318945444827128,2,-0.0425131716243332,-0.28470410515980565,3.685972079636569,10,BATCH_1_SAVED_SCALER_MEAN,probability,EXECUTED
EXP-XAI-FIDELITY-001,EXP-XAI-0001,MODEL-C1,2,B2:149,2,1,False,MISCLASSIFIED,SINGLE_FEATURE_ABLATION_LOCAL,ABLATION_CONSISTENCY,1,[106],0.49155869310910344,0.78245408221222,-0.2908953891031166,1,False,0.6854964246677198,1.3945362665279344,1,0.014647793676437466,-0.30554318277955406,1.3709341314329697,1,BATCH_1_SAVED_SCALER_MEAN,probability,EXECUTED
EXP-XAI-FIDELITY-001,EXP-XAI-0001,MODEL-C1,2,B2:149,2,1,False,MISCLASSIFIED,SINGLE_FEATURE_ABLATION_LOCAL,ABLATION_CONSISTENCY,3,"[106, 98, 42]",0.49155869310910344,0.9589510010939314,-0.46739230798482795,1,False,0.41896414689905465,0.8523176433908857,1,-0.031949856309188195,-0.4354424516756398,2.2677486524551895,3,BATCH_1_SAVED_SCALER_MEAN,probability,EXECUTED
EXP-XAI-FIDELITY-001,EXP-XAI-0001,MODEL-C1,2,B2:149,2,1,False,MISCLASSIFIED,SINGLE_FEATURE_ABLATION_LOCAL,ABLATION_CONSISTENCY,5,"[106, 98, 42, 105, 34]",0.49155869310910344,0.9819148449121693,-0.49035615180306585,1,False,0.1451020357874297,0.29518760998744803,2,-0.026961260988859908,-0.46339489081420593,2.883687194452117,5,BATCH_1_SAVED_SCALER_MEAN,probability,EXECUTED
EXP-XAI-FIDELITY-001,EXP-XAI-0001,MODEL-C1,2,B2:149,2,1,False,MISCLASSIFIED,SINGLE_FEATURE_ABLATION_LOCAL,ABLATION_CONSISTENCY,10,"[106, 98, 42, 105, 34, 97, 10, 2, 25, 81]",0.49155869310910344,0.9463003747843687,-0.45474168167526524,1,False,0.05936184099889271,0.12076246810615779,2,0.08939466780747884,-0.544136349482744,3.7994560323417566,10,BATCH_1_SAVED_SCALER_MEAN,probability,EXECUTED
EXP-XAI-FIDELITY-001,EXP-XAI-0001,MODEL-C1,2,B2:165,2,1,False,MISCLASSIFIED,INTRINSIC_COEFFICIENT,LOCAL_FIDELITY,1,[106],0.5350287685909961,0.8094005590379074,-0.2743717904469113,1,False,0.6852110554146027,1.280699460739491,1,-0.017807046229700862,-0.2565647442172104,1.3732535551448997,1,BATCH_1_SAVED_SCALER_MEAN,probability,EXECUTED
EXP-XAI-FIDELITY-001,EXP-XAI-0001,MODEL-C1,2,B2:165,2,1,False,MISCLASSIFIED,INTRINSIC_COEFFICIENT,LOCAL_FIDELITY,3,"[106, 108, 25]",0.5350287685909961,0.8135647563172221,-0.278535987726226,1,False,0.7506793227884121,1.4030634740732428,1,-0.010842228449483713,-0.26769375927674227,2.077833726263063,3,BATCH_1_SAVED_SCALER_MEAN,probability,EXECUTED
EXP-XAI-FIDELITY-001,EXP-XAI-0001,MODEL-C1,2,B2:165,2,1,False,MISCLASSIFIED,INTRINSIC_COEFFICIENT,LOCAL_FIDELITY,5,"[106, 108, 25, 89, 98]",0.5350287685909961,0.8228190618581493,-0.2877902932671532,1,False,0.7036570256581662,1.3151760558806107,1,-0.015421213324580818,-0.2723690799425724,2.7875682481455204,5,BATCH_1_SAVED_SCALER_MEAN,probability,EXECUTED
EXP-XAI-FIDELITY-001,EXP-XAI-0001,MODEL-C1,2,B2:165,2,1,False,MISCLASSIFIED,INTRINSIC_COEFFICIENT,LOCAL_FIDELITY,10,"[106, 108, 25, 89, 98, 42, 105, 81, 100, 34]",0.5350287685909961,0.8334818111762783,-0.29845304258528216,1,False,0.16366120458868055,0.3058923448540609,2,-0.01943515895451017,-0.279017883630772,3.8736924951480876,10,BATCH_1_SAVED_SCALER_MEAN,probability,EXECUTED
EXP-XAI-FIDELITY-001,EXP-XAI-0001,MODEL-C1,2,B2:165,2,1,False,MISCLASSIFIED,SINGLE_FEATURE_ABLATION_LOCAL,ABLATION_CONSISTENCY,1,[106],0.5350287685909961,0.8094005590379074,-0.2743717904469113,1,False,0.6852110554146027,1.280699460739491,1,0.006545543692035364,-0.28091733413894665,1.3732535551448997,1,BATCH_1_SAVED_SCALER_MEAN,probability,EXECUTED
EXP-XAI-FIDELITY-001,EXP-XAI-0001,MODEL-C1,2,B2:165,2,1,False,MISCLASSIFIED,SINGLE_FEATURE_ABLATION_LOCAL,ABLATION_CONSISTENCY,3,"[106, 98, 105]",0.5350287685909961,0.9650696483232266,-0.4300408797322305,1,False,0.40200421133299863,0.7513693373754106,1,-0.003563459830095774,-0.4264774199021347,2.369415635110618,3,BATCH_1_SAVED_SCALER_MEAN,probability,EXECUTED
EXP-XAI-FIDELITY-001,EXP-XAI-0001,MODEL-C1,2,B2:165,2,1,False,MISCLASSIFIED,SINGLE_FEATURE_ABLATION_LOCAL,ABLATION_CONSISTENCY,5,"[106, 98, 105, 42, 34]",0.5350287685909961,0.984880007172113,-0.44985123858111686,1,False,0.13473034532834574,0.25181888010089537,2,-0.03361956394042976,-0.4162316746406871,2.9393140333365193,5,BATCH_1_SAVED_SCALER_MEAN,probability,EXECUTED
EXP-XAI-FIDELITY-001,EXP-XAI-0001,MODEL-C1,2,B2:165,2,1,False,MISCLASSIFIED,SINGLE_FEATURE_ABLATION_LOCAL,ABLATION_CONSISTENCY,10,"[106, 98, 105, 42, 34, 97, 10, 108, 25, 81]",0.5350287685909961,0.9523292179624632,-0.41730044937146704,1,False,0.05403309814975646,0.10099101454311174,2,-0.016704672001785683,-0.4005957773696814,3.9339085558796865,10,BATCH_1_SAVED_SCALER_MEAN,probability,EXECUTED
EXP-XAI-FIDELITY-001,EXP-XAI-0001,MODEL-C1,2,B2:211,5,5,True,CORRECT_REPRESENTATIVE,INTRINSIC_COEFFICIENT,LOCAL_FIDELITY,1,[112],0.3026235080256644,0.446281380838139,-0.1436578728124746,5,False,0.0011067453197513976,0.0036571690248780623,1,0.0021280202524526764,-0.14578589306492729,1.2051360349726494,1,BATCH_1_SAVED_SCALER_MEAN,probability,EXECUTED
EXP-XAI-FIDELITY-001,EXP-XAI-0001,MODEL-C1,2,B2:211,5,5,True,CORRECT_REPRESENTATIVE,INTRINSIC_COEFFICIENT,LOCAL_FIDELITY,3,"[112, 107, 99]",0.3026235080256644,0.2088332614468274,0.093790246578837,6,True,0.004184501679749979,0.013827417793977547,1,0.024933292089139074,0.06885695448969792,2.195629614056882,3,BATCH_1_SAVED_SCALER_MEAN,probability,EXECUTED
EXP-XAI-FIDELITY-001,EXP-XAI-0001,MODEL-C1,2,B2:211,5,5,True,CORRECT_REPRESENTATIVE,INTRINSIC_COEFFICIENT,LOCAL_FIDELITY,5,"[112, 107, 99, 108, 100]",0.3026235080256644,0.06295120696662863,0.23967230105903575,1,True,0.01666414154517903,0.055065588439896763,1,-0.009157048652107806,0.24882934971114357,2.7523893059493245,5,BATCH_1_SAVED_SCALER_MEAN,probability,EXECUTED
EXP-XAI-FIDELITY-001,EXP-XAI-0001,MODEL-C1,2,B2:211,5,5,True,CORRECT_REPRESENTATIVE,INTRINSIC_COEFFICIENT,LOCAL_FIDELITY,10,"[112, 107, 99, 108, 100, 36, 44, 35, 121, 101]",0.3026235080256644,0.012091527239229245,0.29053198078643516,1,True,0.06154325814312386,0.20336575484381936,3,0.044401007659381646,0.2461309731270535,3.7845072932181076,10,BATCH_1_SAVED_SCALER_MEAN,probability,EXECUTED
EXP-XAI-FIDELITY-001,EXP-XAI-0001,MODEL-C1,2,B2:211,5,5,True,CORRECT_REPRESENTATIVE,SINGLE_FEATURE_ABLATION_LOCAL,ABLATION_CONSISTENCY,1,[112],0.3026235080256644,0.446281380838139,-0.1436578728124746,5,False,0.0011067453197513976,0.0036571690248780623,1,-0.005072473629067084,-0.1385853991834075,1.2051360349726494,1,BATCH_1_SAVED_SCALER_MEAN,probability,EXECUTED
EXP-XAI-FIDELITY-001,EXP-XAI-0001,MODEL-C1,2,B2:211,5,5,True,CORRECT_REPRESENTATIVE,SINGLE_FEATURE_ABLATION_LOCAL,ABLATION_CONSISTENCY,3,"[112, 81, 25]",0.3026235080256644,0.6872459989575593,-0.38462249093189493,5,False,0.00029147890796621053,0.0009631733828870005,1,0.038837905379636765,-0.4234603963115317,2.1285353581273676,3,BATCH_1_SAVED_SCALER_MEAN,probability,EXECUTED
EXP-XAI-FIDELITY-001,EXP-XAI-0001,MODEL-C1,2,B2:211,5,5,True,CORRECT_REPRESENTATIVE,SINGLE_FEATURE_ABLATION_LOCAL,ABLATION_CONSISTENCY,5,"[112, 81, 25, 108, 17]",0.3026235080256644,0.6697514932851455,-0.3671279852594811,5,False,0.0004907508737402519,0.0016216548309215724,1,0.0010426879567542347,-0.3681706732162353,2.7198016364332376,5,BATCH_1_SAVED_SCALER_MEAN,probability,EXECUTED
EXP-XAI-FIDELITY-001,EXP-XAI-0001,MODEL-C1,2,B2:211,5,5,True,CORRECT_REPRESENTATIVE,SINGLE_FEATURE_ABLATION_LOCAL,ABLATION_CONSISTENCY,10,"[112, 81, 25, 108, 17, 100, 113, 107, 89, 121]",0.3026235080256644,0.6296122986214874,-0.326988790595823,5,False,0.0005908042880453343,0.001952274930324416,1,-0.01788717606656541,-0.30910161452925755,3.8570470703734094,10,BATCH_1_SAVED_SCALER_MEAN,probability,EXECUTED
EXP-XAI-FIDELITY-001,EXP-XAI-0001,MODEL-C1,2,B2:212,5,5,True,CORRECT_REPRESENTATIVE,INTRINSIC_COEFFICIENT,LOCAL_FIDELITY,1,[112],0.5052176954994682,0.6609190493769022,-0.155701353877434,5,False,0.0011413377295632799,0.002259100858363504,1,0.024922324648235565,-0.18062367852566957,1.1617999402736614,1,BATCH_1_SAVED_SCALER_MEAN,probability,EXECUTED
EXP-XAI-FIDELITY-001,EXP-XAI-0001,MODEL-C1,2,B2:212,5,5,True,CORRECT_REPRESENTATIVE,INTRINSIC_COEFFICIENT,LOCAL_FIDELITY,3,"[112, 107, 108]",0.5052176954994682,0.3925310447044985,0.11268665079496964,5,False,0.005461767311499678,0.01081072052731658,1,0.04353851963543369,0.06914813115953596,2.039734431886888,3,BATCH_1_SAVED_SCALER_MEAN,probability,EXECUTED
EXP-XAI-FIDELITY-001,EXP-XAI-0001,MODEL-C1,2,B2:212,5,5,True,CORRECT_REPRESENTATIVE,INTRINSIC_COEFFICIENT,LOCAL_FIDELITY,5,"[112, 107, 108, 99, 100]",0.5052176954994682,0.17869372221385518,0.326523973285613,1,True,0.014861719151717166,0.029416465979135147,1,0.05071777065693097,0.27580620262868205,2.58786277318798,5,BATCH_1_SAVED_SCALER_MEAN,probability,EXECUTED
EXP-XAI-FIDELITY-001,EXP-XAI-0001,MODEL-C1,2,B2:212,5,5,True,CORRECT_REPRESENTATIVE,INTRINSIC_COEFFICIENT,LOCAL_FIDELITY,10,"[112, 107, 108, 99, 100, 36, 44, 35, 101, 43]",0.5052176954994682,0.021993835226287752,0.48322386027318043,1,True,0.08083299108406583,0.15999635761798237,3,0.06061005407087943,0.422613806202301,3.547494290151569,10,BATCH_1_SAVED_SCALER_MEAN,probability,EXECUTED
EXP-XAI-FIDELITY-001,EXP-XAI-0001,MODEL-C1,2,B2:212,5,5,True,CORRECT_REPRESENTATIVE,SINGLE_FEATURE_ABLATION_LOCAL,ABLATION_CONSISTENCY,1,[112],0.5052176954994682,0.6609190493769022,-0.155701353877434,5,False,0.0011413377295632799,0.002259100858363504,1,0.0028615261916856483,-0.15856288006911964,1.1617999402736614,1,BATCH_1_SAVED_SCALER_MEAN,probability,EXECUTED
EXP-XAI-FIDELITY-001,EXP-XAI-0001,MODEL-C1,2,B2:212,5,5,True,CORRECT_REPRESENTATIVE,SINGLE_FEATURE_ABLATION_LOCAL,ABLATION_CONSISTENCY,3,"[112, 108, 107]",0.5052176954994682,0.3925310447044985,0.11268665079496964,5,False,0.005461767311499678,0.01081072052731658,1,0.022713343539090273,0.08997330725587938,2.039734431886888,3,BATCH_1_SAVED_SCALER_MEAN,probability,EXECUTED
EXP-XAI-FIDELITY-001,EXP-XAI-0001,MODEL-C1,2,B2:212,5,5,True,CORRECT_REPRESENTATIVE,SINGLE_FEATURE_ABLATION_LOCAL,ABLATION_CONSISTENCY,5,"[112, 108, 107, 100, 36]",0.5052176954994682,0.17815437214297136,0.3270633233564968,1,True,0.014919516171627858,0.029530866207839634,1,-0.01779902213666039,0.3448623454931572,2.5398927281002144,5,BATCH_1_SAVED_SCALER_MEAN,probability,EXECUTED
EXP-XAI-FIDELITY-001,EXP-XAI-0001,MODEL-C1,2,B2:212,5,5,True,CORRECT_REPRESENTATIVE,SINGLE_FEATURE_ABLATION_LOCAL,ABLATION_CONSISTENCY,10,"[112, 108, 107, 100, 36, 89, 44, 99, 121, 25]",0.5052176954994682,0.2679652754100346,0.23725242008943354,1,True,0.013784958438436289,0.02728518529979083,1,0.0671962025316088,0.17005621755782474,3.5825959833648997,10,BATCH_1_SAVED_SCALER_MEAN,probability,EXECUTED
EXP-XAI-FIDELITY-001,EXP-XAI-0001,MODEL-C1,2,B2:322,2,2,True,NEAR_DECISION_BOUNDARY,INTRINSIC_COEFFICIENT,LOCAL_FIDELITY,1,[10],0.48394176070173134,0.3039320996587902,0.18000966104294114,1,True,0.020836256914565192,0.043055298398617096,1,0.003241176602823128,0.176768484440118,1.1047430061135806,1,BATCH_1_SAVED_SCALER_MEAN,probability,EXECUTED
EXP-XAI-FIDELITY-001,EXP-XAI-0001,MODEL-C1,2,B2:322,2,2,True,NEAR_DECISION_BOUNDARY,INTRINSIC_COEFFICIENT,LOCAL_FIDELITY,3,"[10, 34, 42]",0.48394176070173134,0.047884278629540006,0.4360574820721913,1,True,0.1482935860299873,0.3064285789574282,1,0.018590641269836724,0.4174668408023546,2.0554047736942764,3,BATCH_1_SAVED_SCALER_MEAN,probability,EXECUTED
EXP-XAI-FIDELITY-001,EXP-XAI-0001,MODEL-C1,2,B2:322,2,2,True,NEAR_DECISION_BOUNDARY,INTRINSIC_COEFFICIENT,LOCAL_FIDELITY,5,"[10, 34, 42, 98, 106]",0.48394176070173134,0.0041399211799659835,0.47980183952176536,1,True,0.5590947313754095,1.1552934191186641,2,0.018542304580058722,0.46125953494170663,2.8032728944832987,5,BATCH_1_SAVED_SCALER_MEAN,probability,EXECUTED
EXP-XAI-FIDELITY-001,EXP-XAI-0001,MODEL-C1,2,B2:322,2,2,True,NEAR_DECISION_BOUNDARY,INTRINSIC_COEFFICIENT,LOCAL_FIDELITY,10,"[10, 34, 42, 98, 106, 105, 2, 97, 74, 66]",0.48394176070173134,0.00017855238885722708,0.4837632083128741,1,True,0.9543184223811572,1.9719695630262706,2,0.13633268830444478,0.34743052000842933,3.7569806613277925,10,BATCH_1_SAVED_SCALER_MEAN,probability,EXECUTED
EXP-XAI-FIDELITY-001,EXP-XAI-0001,MODEL-C1,2,B2:322,2,2,True,NEAR_DECISION_BOUNDARY,SINGLE_FEATURE_ABLATION_LOCAL,ABLATION_CONSISTENCY,1,[106],0.48394176070173134,0.200595724772792,0.28334603592893937,1,True,0.034333822849008454,0.07094618740739235,1,0.005278838816177615,0.27806719711276173,1.36398555739135,1,BATCH_1_SAVED_SCALER_MEAN,probability,EXECUTED
EXP-XAI-FIDELITY-001,EXP-XAI-0001,MODEL-C1,2,B2:322,2,2,True,NEAR_DECISION_BOUNDARY,SINGLE_FEATURE_ABLATION_LOCAL,ABLATION_CONSISTENCY,3,"[106, 98, 42]",0.48394176070173134,0.02579957389481664,0.4581421868069147,1,True,0.20194912780424504,0.4173004774611974,1,-0.03156845373874943,0.48971064054566416,2.272033549163038,3,BATCH_1_SAVED_SCALER_MEAN,probability,EXECUTED
EXP-XAI-FIDELITY-001,EXP-XAI-0001,MODEL-C1,2,B2:322,2,2,True,NEAR_DECISION_BOUNDARY,SINGLE_FEATURE_ABLATION_LOCAL,ABLATION_CONSISTENCY,5,"[106, 98, 42, 34, 105]",0.48394176070173134,0.003253134328700989,0.48068862637303034,1,True,0.5860234250769769,1.2109379116760328,2,0.08911892906054847,0.39156969731248187,2.862204916299904,5,BATCH_1_SAVED_SCALER_MEAN,probability,EXECUTED
EXP-XAI-FIDELITY-001,EXP-XAI-0001,MODEL-C1,2,B2:322,2,2,True,NEAR_DECISION_BOUNDARY,SINGLE_FEATURE_ABLATION_LOCAL,ABLATION_CONSISTENCY,10,"[106, 98, 42, 34, 105, 97, 10, 2, 41, 108]",0.48394176070173134,9.56349351127857e-05,0.48384612576661856,1,True,0.9640855823264408,1.9921520741018202,2,0.08857041478315604,0.39527571098346254,3.7259176268567513,10,BATCH_1_SAVED_SCALER_MEAN,probability,EXECUTED
EXP-XAI-FIDELITY-001,EXP-XAI-0001,MODEL-C1,2,B2:473,6,6,True,CORRECT_REPRESENTATIVE,INTRINSIC_COEFFICIENT,LOCAL_FIDELITY,1,[69],0.6474438582771068,0.2635436883950695,0.38390016988203735,1,True,3.398760967579993e-05,5.249506847781879e-05,1,0.0297182890312027,0.35418188085083463,2.738262976224518,1,BATCH_1_SAVED_SCALER_MEAN,probability,EXECUTED
EXP-XAI-FIDELITY-001,EXP-XAI-0001,MODEL-C1,2,B2:473,6,6,True,CORRECT_REPRESENTATIVE,INTRINSIC_COEFFICIENT,LOCAL_FIDELITY,3,"[69, 104, 77]",0.6474438582771068,0.2990078855634005,0.3484359727137063,1,True,3.415707981109474e-05,5.2756821111855336e-05,1,0.06244020316435342,0.2859957695493529,3.2498203996404946,3,BATCH_1_SAVED_SCALER_MEAN,probability,EXECUTED
EXP-XAI-FIDELITY-001,EXP-XAI-0001,MODEL-C1,2,B2:473,6,6,True,CORRECT_REPRESENTATIVE,INTRINSIC_COEFFICIENT,LOCAL_FIDELITY,5,"[69, 104, 77, 17, 81]",0.6474438582771068,0.2449265778931684,0.4025172803839384,1,True,4.1321787075176606e-05,6.382296556976656e-05,1,0.10945142555182151,0.2930658548321169,3.5864758189403494,5,BATCH_1_SAVED_SCALER_MEAN,probability,EXECUTED
EXP-XAI-FIDELITY-001,EXP-XAI-0001,MODEL-C1,2,B2:473,6,6,True,CORRECT_REPRESENTATIVE,INTRINSIC_COEFFICIENT,LOCAL_FIDELITY,10,"[69, 104, 77, 17, 81, 25, 57, 82, 18, 26]",0.6474438582771068,0.08089020128114383,0.566553656995963,4,True,6.494573704120117e-05,0.00010031099408993745,1,0.2554092257282888,0.31114443126767427,4.284103294285982,10,BATCH_1_SAVED_SCALER_MEAN,probability,EXECUTED
EXP-XAI-FIDELITY-001,EXP-XAI-0001,MODEL-C1,2,B2:473,6,6,True,CORRECT_REPRESENTATIVE,SINGLE_FEATURE_ABLATION_LOCAL,ABLATION_CONSISTENCY,1,[69],0.6474438582771068,0.2635436883950695,0.38390016988203735,1,True,3.398760967579993e-05,5.249506847781879e-05,1,0.02444635573888127,0.3594538141431561,2.738262976224518,1,BATCH_1_SAVED_SCALER_MEAN,probability,EXECUTED
EXP-XAI-FIDELITY-001,EXP-XAI-0001,MODEL-C1,2,B2:473,6,6,True,CORRECT_REPRESENTATIVE,SINGLE_FEATURE_ABLATION_LOCAL,ABLATION_CONSISTENCY,3,"[69, 104, 77]",0.6474438582771068,0.2990078855634005,0.3484359727137063,1,True,3.415707981109474e-05,5.2756821111855336e-05,1,0.07375647385701097,0.27467949885669535,3.2498203996404946,3,BATCH_1_SAVED_SCALER_MEAN,probability,EXECUTED
EXP-XAI-FIDELITY-001,EXP-XAI-0001,MODEL-C1,2,B2:473,6,6,True,CORRECT_REPRESENTATIVE,SINGLE_FEATURE_ABLATION_LOCAL,ABLATION_CONSISTENCY,5,"[69, 104, 77, 40, 112]",0.6474438582771068,0.4847323674972558,0.16271149077985103,6,False,1.6909079189003503e-05,2.6116672469485985e-05,1,0.10810478085713279,0.05460670992271824,3.451719180469654,5,BATCH_1_SAVED_SCALER_MEAN,probability,EXECUTED
EXP-XAI-FIDELITY-001,EXP-XAI-0001,MODEL-C1,2,B2:473,6,6,True,CORRECT_REPRESENTATIVE,SINGLE_FEATURE_ABLATION_LOCAL,ABLATION_CONSISTENCY,10,"[69, 104, 77, 40, 112, 57, 62, 82, 18, 54]",0.6474438582771068,0.18623027092488692,0.4612135873522199,1,True,6.712722059540395e-05,0.00010368037280334105,1,0.21193958150232087,0.24927400584989903,4.020602904367085,10,BATCH_1_SAVED_SCALER_MEAN,probability,EXECUTED
EXP-XAI-FIDELITY-001,EXP-XAI-0001,MODEL-C1,2,B2:474,6,6,True,CORRECT_REPRESENTATIVE,INTRINSIC_COEFFICIENT,LOCAL_FIDELITY,1,[66],0.8106486441696413,0.3824740367810369,0.4281746073886044,6,False,5.423663869393779e-05,6.690523580594295e-05,1,0.007848915332004654,0.42032569205659975,1.340804889776539,1,BATCH_1_SAVED_SCALER_MEAN,probability,EXECUTED
EXP-XAI-FIDELITY-001,EXP-XAI-0001,MODEL-C1,2,B2:474,6,6,True,CORRECT_REPRESENTATIVE,INTRINSIC_COEFFICIENT,LOCAL_FIDELITY,3,"[66, 74, 10]",0.8106486441696413,0.10496936171850255,0.7056792824511388,1,True,0.0003597977574230954,0.0004438393378078628,1,0.049886329743364516,0.6557929527077743,1.781607203010199,3,BATCH_1_SAVED_SCALER_MEAN,probability,EXECUTED
EXP-XAI-FIDELITY-001,EXP-XAI-0001,MODEL-C1,2,B2:474,6,6,True,CORRECT_REPRESENTATIVE,INTRINSIC_COEFFICIENT,LOCAL_FIDELITY,5,"[66, 74, 10, 104, 17]",0.8106486441696413,0.18460412585751937,0.6260445183121219,1,True,0.0001956924860370536,0.00024140234791548209,1,0.09058969218905195,0.5354548261230699,2.142322359093851,5,BATCH_1_SAVED_SCALER_MEAN,probability,EXECUTED
EXP-XAI-FIDELITY-001,EXP-XAI-0001,MODEL-C1,2,B2:474,6,6,True,CORRECT_REPRESENTATIVE,INTRINSIC_COEFFICIENT,LOCAL_FIDELITY,10,"[66, 74, 10, 104, 17, 81, 25, 57, 2, 49]",0.8106486441696413,0.09716883184938097,0.7134798123202604,1,True,0.0003905721763892377,0.0004818020472843771,1,0.18154659192458494,0.5319332203956755,2.756323588885487,10,BATCH_1_SAVED_SCALER_MEAN,probability,EXECUTED
EXP-XAI-FIDELITY-001,EXP-XAI-0001,MODEL-C1,2,B2:474,6,6,True,CORRECT_REPRESENTATIVE,SINGLE_FEATURE_ABLATION_LOCAL,ABLATION_CONSISTENCY,1,[66],0.8106486441696413,0.3824740367810369,0.4281746073886044,6,False,5.423663869393779e-05,6.690523580594295e-05,1,0.011716429552869268,0.41645817783573513,1.340804889776539,1,BATCH_1_SAVED_SCALER_MEAN,probability,EXECUTED
EXP-XAI-FIDELITY-001,EXP-XAI-0001,MODEL-C1,2,B2:474,6,6,True,CORRECT_REPRESENTATIVE,SINGLE_FEATURE_ABLATION_LOCAL,ABLATION_CONSISTENCY,3,"[66, 74, 10]",0.8106486441696413,0.10496936171850255,0.7056792824511388,1,True,0.0003597977574230954,0.0004438393378078628,1,0.0367170664297518,0.668962216021387,1.781607203010199,3,BATCH_1_SAVED_SCALER_MEAN,probability,EXECUTED
EXP-XAI-FIDELITY-001,EXP-XAI-0001,MODEL-C1,2,B2:474,6,6,True,CORRECT_REPRESENTATIVE,SINGLE_FEATURE_ABLATION_LOCAL,ABLATION_CONSISTENCY,5,"[66, 74, 10, 104, 40]",0.8106486441696413,0.269624910276305,0.5410237338933364,1,True,0.00012179253165068703,0.00015024083803340078,1,0.10093307368311852,0.4400906602102178,2.0631297373946182,5,BATCH_1_SAVED_SCALER_MEAN,probability,EXECUTED
EXP-XAI-FIDELITY-001,EXP-XAI-0001,MODEL-C1,2,B2:474,6,6,True,CORRECT_REPRESENTATIVE,SINGLE_FEATURE_ABLATION_LOCAL,ABLATION_CONSISTENCY,10,"[66, 74, 10, 104, 40, 112, 62, 54, 48, 88]",0.8106486441696413,0.23830496157576567,0.5723436825938757,1,True,0.00014198796044873657,0.00017515351622425374,1,0.2205735671204356,0.35177011547344006,2.742937208743806,10,BATCH_1_SAVED_SCALER_MEAN,probability,EXECUTED
EXP-XAI-FIDELITY-001,EXP-XAI-0001,MODEL-C1,2,B2:495,2,1,False,NEAR_DECISION_BOUNDARY,INTRINSIC_COEFFICIENT,LOCAL_FIDELITY,1,[108],0.5035285796117553,0.0336237443506494,0.46990483526110594,2,True,0.9910190054549127,1.9681484737550268,1,-0.023802873248166198,0.49370770850927215,4.597855372706694,1,BATCH_1_SAVED_SCALER_MEAN,probability,EXECUTED
EXP-XAI-FIDELITY-001,EXP-XAI-0001,MODEL-C1,2,B2:495,2,1,False,NEAR_DECISION_BOUNDARY,INTRINSIC_COEFFICIENT,LOCAL_FIDELITY,3,"[108, 101, 100]",0.5035285796117553,0.00015770350107710567,0.5033708761106782,2,True,0.9999511048810632,1.9858874855764361,1,-0.028612139725539325,0.5319830158362175,8.095905302480643,3,BATCH_1_SAVED_SCALER_MEAN,probability,EXECUTED
EXP-XAI-FIDELITY-001,EXP-XAI-0001,MODEL-C1,2,B2:495,2,1,False,NEAR_DECISION_BOUNDARY,INTRINSIC_COEFFICIENT,LOCAL_FIDELITY,5,"[108, 101, 100, 109, 37]",0.5035285796117553,0.0004237244657102015,0.5031048551460452,2,True,0.9999282891785956,1.9858421739429133,1,-0.08274228212474824,0.5858471372707934,10.909153956251215,5,BATCH_1_SAVED_SCALER_MEAN,probability,EXECUTED
EXP-XAI-FIDELITY-001,EXP-XAI-0001,MODEL-C1,2,B2:495,2,1,False,NEAR_DECISION_BOUNDARY,INTRINSIC_COEFFICIENT,LOCAL_FIDELITY,10,"[108, 101, 100, 109, 37, 44, 36, 52, 45, 53]",0.5035285796117553,2.0397360178360455e-06,0.5035265398757375,2,True,0.9999955327312232,1.9859757186022444,1,-0.06586285571710312,0.5693893955928406,14.27814140482633,10,BATCH_1_SAVED_SCALER_MEAN,probability,EXECUTED
EXP-XAI-FIDELITY-001,EXP-XAI-0001,MODEL-C1,2,B2:495,2,1,False,NEAR_DECISION_BOUNDARY,SINGLE_FEATURE_ABLATION_LOCAL,ABLATION_CONSISTENCY,1,[108],0.5035285796117553,0.0336237443506494,0.46990483526110594,2,True,0.9910190054549127,1.9681484737550268,1,0.03602332388464262,0.4338815113764633,4.597855372706694,1,BATCH_1_SAVED_SCALER_MEAN,probability,EXECUTED
EXP-XAI-FIDELITY-001,EXP-XAI-0001,MODEL-C1,2,B2:495,2,1,False,NEAR_DECISION_BOUNDARY,SINGLE_FEATURE_ABLATION_LOCAL,ABLATION_CONSISTENCY,3,"[108, 100, 101]",0.5035285796117553,0.00015770350107710567,0.5033708761106782,2,True,0.9999511048810632,1.9858874855764361,1,-0.024727472454384003,0.5280983485650622,8.095905302480643,3,BATCH_1_SAVED_SCALER_MEAN,probability,EXECUTED
EXP-XAI-FIDELITY-001,EXP-XAI-0001,MODEL-C1,2,B2:495,2,1,False,NEAR_DECISION_BOUNDARY,SINGLE_FEATURE_ABLATION_LOCAL,ABLATION_CONSISTENCY,5,"[108, 100, 101, 37, 44]",0.5035285796117553,0.00026371161484954625,0.5032648679969058,2,True,0.9998136097456636,1.9856144223562597,1,-0.031607124499217785,0.5348719924961236,10.421858775353622,5,BATCH_1_SAVED_SCALER_MEAN,probability,EXECUTED
EXP-XAI-FIDELITY-001,EXP-XAI-0001,MODEL-C1,2,B2:495,2,1,False,NEAR_DECISION_BOUNDARY,SINGLE_FEATURE_ABLATION_LOCAL,ABLATION_CONSISTENCY,10,"[108, 100, 101, 37, 44, 36, 45, 27, 19, 109]",0.5035285796117553,6.267292488848135e-05,0.5034659066868669,2,True,0.9999073994112674,1.9858006871868998,1,-0.03106391536604075,0.5345298220529076,13.536083794829588,10,BATCH_1_SAVED_SCALER_MEAN,probability,EXECUTED
EXP-XAI-FIDELITY-001,EXP-XAI-0001,MODEL-C1,2,B2:534,3,3,True,CORRECT_REPRESENTATIVE,INTRINSIC_COEFFICIENT,LOCAL_FIDELITY,1,[25],0.5884755613002841,0.33471121191208714,0.253764349388197,1,True,0.27076346766782544,0.4601099611843723,1,0.022700547486512894,0.23106380190168407,0.8566191719717282,1,BATCH_1_SAVED_SCALER_MEAN,probability,EXECUTED
EXP-XAI-FIDELITY-001,EXP-XAI-0001,MODEL-C1,2,B2:534,3,3,True,CORRECT_REPRESENTATIVE,INTRINSIC_COEFFICIENT,LOCAL_FIDELITY,3,"[25, 105, 97]",0.5884755613002841,0.2942324232269696,0.29424313807331454,1,True,0.3256354882576838,0.5533543101401968,1,0.014714387412109155,0.27952875066120536,2.6368065279230493,3,BATCH_1_SAVED_SCALER_MEAN,probability,EXECUTED
EXP-XAI-FIDELITY-001,EXP-XAI-0001,MODEL-C1,2,B2:534,3,3,True,CORRECT_REPRESENTATIVE,INTRINSIC_COEFFICIENT,LOCAL_FIDELITY,5,"[25, 105, 97, 33, 108]",0.5884755613002841,0.5667708495524298,0.021704711747854266,3,False,0.1346367559946876,0.22878903534616946,1,0.03665876120420018,-0.014954049456345916,3.3812906372820097,5,BATCH_1_SAVED_SCALER_MEAN,probability,EXECUTED
EXP-XAI-FIDELITY-001,EXP-XAI-0001,MODEL-C1,2,B2:534,3,3,True,CORRECT_REPRESENTATIVE,INTRINSIC_COEFFICIENT,LOCAL_FIDELITY,10,"[25, 105, 97, 33, 108, 41, 27, 40, 50, 112]",0.5884755613002841,0.0917901966460807,0.49668536465420343,1,True,0.6671911162491,1.1337618078393732,3,0.03590555378927138,0.460779810864932,4.128300456056121,10,BATCH_1_SAVED_SCALER_MEAN,probability,EXECUTED
EXP-XAI-FIDELITY-001,EXP-XAI-0001,MODEL-C1,2,B2:534,3,3,True,CORRECT_REPRESENTATIVE,SINGLE_FEATURE_ABLATION_LOCAL,ABLATION_CONSISTENCY,1,[108],0.5884755613002841,0.87175374354507,-0.28327818224478585,3,False,0.02855603975687602,0.048525447163479736,1,0.0009642435065972528,-0.2842424257513831,1.8491282173745311,1,BATCH_1_SAVED_SCALER_MEAN,probability,EXECUTED
EXP-XAI-FIDELITY-001,EXP-XAI-0001,MODEL-C1,2,B2:534,3,3,True,CORRECT_REPRESENTATIVE,SINGLE_FEATURE_ABLATION_LOCAL,ABLATION_CONSISTENCY,3,"[108, 25, 100]",0.5884755613002841,0.8888994129518258,-0.30042385165154173,3,False,0.024675277322036993,0.04193084461742979,1,0.012190296989235797,-0.3126141486407775,2.7259760516189497,3,BATCH_1_SAVED_SCALER_MEAN,probability,EXECUTED
EXP-XAI-FIDELITY-001,EXP-XAI-0001,MODEL-C1,2,B2:534,3,3,True,CORRECT_REPRESENTATIVE,SINGLE_FEATURE_ABLATION_LOCAL,ABLATION_CONSISTENCY,5,"[108, 25, 100, 107, 101]",0.5884755613002841,0.9850904675629013,-0.3966149062626172,3,False,0.003080448228823133,0.005234623884833272,1,0.026926401261205813,-0.423541307523823,4.14410438197622,5,BATCH_1_SAVED_SCALER_MEAN,probability,EXECUTED
EXP-XAI-FIDELITY-001,EXP-XAI-0001,MODEL-C1,2,B2:534,3,3,True,CORRECT_REPRESENTATIVE,SINGLE_FEATURE_ABLATION_LOCAL,ABLATION_CONSISTENCY,10,"[108, 25, 100, 107, 101, 27, 112, 37, 109, 36]",0.5884755613002841,0.9679569514008747,-0.37948139010059057,3,False,0.006699342832016251,0.01138423287657607,1,0.007262402190471814,-0.38674379229106237,5.463498520878889,10,BATCH_1_SAVED_SCALER_MEAN,probability,EXECUTED
EXP-XAI-FIDELITY-001,EXP-XAI-0001,MODEL-C1,2,B2:535,3,3,True,CORRECT_REPRESENTATIVE,INTRINSIC_COEFFICIENT,LOCAL_FIDELITY,1,[25],0.5512093158459119,0.3024214855365279,0.248787830309384,1,True,0.2701354060593137,0.4900777223707678,1,0.027218098941498802,0.22156973136788521,0.8539362187250645,1,BATCH_1_SAVED_SCALER_MEAN,probability,EXECUTED
EXP-XAI-FIDELITY-001,EXP-XAI-0001,MODEL-C1,2,B2:535,3,3,True,CORRECT_REPRESENTATIVE,INTRINSIC_COEFFICIENT,LOCAL_FIDELITY,3,"[25, 105, 97]",0.5512093158459119,0.26308844526028125,0.2881208705856307,1,True,0.32646522596660554,0.5922708789230032,1,0.014838392078926258,0.27328247850670445,2.7006129565631207,3,BATCH_1_SAVED_SCALER_MEAN,probability,EXECUTED
EXP-XAI-FIDELITY-001,EXP-XAI-0001,MODEL-C1,2,B2:535,3,3,True,CORRECT_REPRESENTATIVE,INTRINSIC_COEFFICIENT,LOCAL_FIDELITY,5,"[25, 105, 97, 33, 108]",0.5512093158459119,0.5440630702953458,0.007146245550566088,3,False,0.12789042172154527,0.23201788874935572,1,-0.03265927277984619,0.03980551833041228,3.4914522448873067,5,BATCH_1_SAVED_SCALER_MEAN,probability,EXECUTED
EXP-XAI-FIDELITY-001,EXP-XAI-0001,MODEL-C1,2,B2:535,3,3,True,CORRECT_REPRESENTATIVE,INTRINSIC_COEFFICIENT,LOCAL_FIDELITY,10,"[25, 105, 97, 33, 108, 112, 41, 27, 100, 50]",0.5512093158459119,0.2687982523164185,0.2824110635294934,1,True,0.32242164152882113,0.584935036945117,1,0.1135561231557595,0.1688549403737339,4.710002404784483,10,BATCH_1_SAVED_SCALER_MEAN,probability,EXECUTED
EXP-XAI-FIDELITY-001,EXP-XAI-0001,MODEL-C1,2,B2:535,3,3,True,CORRECT_REPRESENTATIVE,SINGLE_FEATURE_ABLATION_LOCAL,ABLATION_CONSISTENCY,1,[108],0.5512093158459119,0.863074328349422,-0.31186501250351006,3,False,0.02653720858747787,0.04814361409467947,1,-0.0004303223858855787,-0.3114346901176245,1.9399776297044082,1,BATCH_1_SAVED_SCALER_MEAN,probability,EXECUTED
EXP-XAI-FIDELITY-001,EXP-XAI-0001,MODEL-C1,2,B2:535,3,3,True,CORRECT_REPRESENTATIVE,SINGLE_FEATURE_ABLATION_LOCAL,ABLATION_CONSISTENCY,3,"[108, 100, 107]",0.5512093158459119,0.9866858584449305,-0.4354765425990186,3,False,0.0023587905385586694,0.004279300931151277,1,0.036045036204820385,-0.47152157880383894,3.873592569408277,3,BATCH_1_SAVED_SCALER_MEAN,probability,EXECUTED
EXP-XAI-FIDELITY-001,EXP-XAI-0001,MODEL-C1,2,B2:535,3,3,True,CORRECT_REPRESENTATIVE,SINGLE_FEATURE_ABLATION_LOCAL,ABLATION_CONSISTENCY,5,"[108, 100, 107, 25, 112]",0.5512093158459119,0.9094270698402788,-0.35821775399436684,3,False,0.01712417606172848,0.031066557783859132,1,0.018738491567792885,-0.37695624556215973,4.29601590505923,5,BATCH_1_SAVED_SCALER_MEAN,probability,EXECUTED
EXP-XAI-FIDELITY-001,EXP-XAI-0001,MODEL-C1,2,B2:535,3,3,True,CORRECT_REPRESENTATIVE,SINGLE_FEATURE_ABLATION_LOCAL,ABLATION_CONSISTENCY,10,"[108, 100, 107, 25, 112, 101, 27, 37, 36, 109]",0.5512093158459119,0.96041828509664,-0.409208969250728,3,False,0.007165755509693705,0.01300006241494086,1,0.007694474652023638,-0.4169034439027517,5.735454706047045,10,BATCH_1_SAVED_SCALER_MEAN,probability,EXECUTED
EXP-XAI-FIDELITY-001,EXP-XAI-0001,MODEL-C1,2,B2:540,3,1,False,NEAR_DECISION_BOUNDARY,INTRINSIC_COEFFICIENT,LOCAL_FIDELITY,1,[108],0.5004983750423656,0.16731693238626263,0.33318144265610294,3,True,0.9489488566842046,1.896007867365961,1,0.009229322965038813,0.32395211969106413,1.9058242650973618,1,BATCH_1_SAVED_SCALER_MEAN,probability,EXECUTED
EXP-XAI-FIDELITY-001,EXP-XAI-0001,MODEL-C1,2,B2:540,3,1,False,NEAR_DECISION_BOUNDARY,INTRINSIC_COEFFICIENT,LOCAL_FIDELITY,3,"[108, 107, 100]",0.5004983750423656,0.017308487989091407,0.4831898870532742,3,True,0.9931611606041019,1.9843444257337177,1,-0.020511758286493036,0.5037016453397672,3.834707675346219,3,BATCH_1_SAVED_SCALER_MEAN,probability,EXECUTED
EXP-XAI-FIDELITY-001,EXP-XAI-0001,MODEL-C1,2,B2:540,3,1,False,NEAR_DECISION_BOUNDARY,INTRINSIC_COEFFICIENT,LOCAL_FIDELITY,5,"[108, 107, 100, 105, 101]",0.5004983750423656,0.0064774389717130515,0.49402093607065256,3,True,0.9984472867758023,1.9949061506768866,1,-0.07394582996518269,0.5679667660358353,4.651775787061938,5,BATCH_1_SAVED_SCALER_MEAN,probability,EXECUTED
EXP-XAI-FIDELITY-001,EXP-XAI-0001,MODEL-C1,2,B2:540,3,1,False,NEAR_DECISION_BOUNDARY,INTRINSIC_COEFFICIENT,LOCAL_FIDELITY,10,"[108, 107, 100, 105, 101, 36, 109, 44, 112, 27]",0.5004983750423656,0.004359039854177895,0.4961393351881877,3,True,0.9988603038313683,1.9957313622583048,1,-0.015302651501837676,0.5114419866900254,5.876441885335302,10,BATCH_1_SAVED_SCALER_MEAN,probability,EXECUTED
EXP-XAI-FIDELITY-001,EXP-XAI-0001,MODEL-C1,2,B2:540,3,1,False,NEAR_DECISION_BOUNDARY,SINGLE_FEATURE_ABLATION_LOCAL,ABLATION_CONSISTENCY,1,[108],0.5004983750423656,0.16731693238626263,0.33318144265610294,3,True,0.9489488566842046,1.896007867365961,1,-0.021136291239004658,0.3543177338951076,1.9058242650973618,1,BATCH_1_SAVED_SCALER_MEAN,probability,EXECUTED
EXP-XAI-FIDELITY-001,EXP-XAI-0001,MODEL-C1,2,B2:540,3,1,False,NEAR_DECISION_BOUNDARY,SINGLE_FEATURE_ABLATION_LOCAL,ABLATION_CONSISTENCY,3,"[108, 107, 100]",0.5004983750423656,0.017308487989091407,0.4831898870532742,3,True,0.9931611606041019,1.9843444257337177,1,-0.03358604000250984,0.516775927055784,3.834707675346219,3,BATCH_1_SAVED_SCALER_MEAN,probability,EXECUTED
EXP-XAI-FIDELITY-001,EXP-XAI-0001,MODEL-C1,2,B2:540,3,1,False,NEAR_DECISION_BOUNDARY,SINGLE_FEATURE_ABLATION_LOCAL,ABLATION_CONSISTENCY,5,"[108, 107, 100, 25, 101]",0.5004983750423656,0.019081203413938284,0.48141717162842734,3,True,0.9946754234391472,1.9873699357264667,1,-0.011543954170155782,0.49296112579858314,4.239471156641979,5,BATCH_1_SAVED_SCALER_MEAN,probability,EXECUTED
EXP-XAI-FIDELITY-001,EXP-XAI-0001,MODEL-C1,2,B2:540,3,1,False,NEAR_DECISION_BOUNDARY,SINGLE_FEATURE_ABLATION_LOCAL,ABLATION_CONSISTENCY,10,"[108, 107, 100, 25, 101, 112, 27, 109, 37, 36]",0.5004983750423656,0.04398069306844557,0.45651768197392006,3,True,0.988372812301193,1.9747772651959767,1,-0.019388620693125688,0.47590630266704576,5.585324538744784,10,BATCH_1_SAVED_SCALER_MEAN,probability,EXECUTED
EXP-XAI-FIDELITY-001,EXP-XAI-0001,MODEL-C1,2,B2:778,5,5,True,NEAR_DECISION_BOUNDARY,INTRINSIC_COEFFICIENT,LOCAL_FIDELITY,1,[16],0.3584592299005199,0.14727078802529686,0.21118844187522307,1,True,0.009462103859603504,0.026396597075292048,1,-0.008543706601062667,0.21973214847628572,2.776243335381631,1,BATCH_1_SAVED_SCALER_MEAN,probability,EXECUTED
EXP-XAI-FIDELITY-001,EXP-XAI-0001,MODEL-C1,2,B2:778,5,5,True,NEAR_DECISION_BOUNDARY,INTRINSIC_COEFFICIENT,LOCAL_FIDELITY,3,"[16, 9, 1]",0.3584592299005199,0.0360743106642936,0.3223849192362263,1,True,0.04349328207120223,0.12133397174142382,1,0.016576768715704137,0.3058081505205222,3.043930554003146,3,BATCH_1_SAVED_SCALER_MEAN,probability,EXECUTED
EXP-XAI-FIDELITY-001,EXP-XAI-0001,MODEL-C1,2,B2:778,5,5,True,NEAR_DECISION_BOUNDARY,INTRINSIC_COEFFICIENT,LOCAL_FIDELITY,5,"[16, 9, 1, 8, 36]",0.3584592299005199,0.0365772876750889,0.32188194222543104,1,True,0.040536264255380414,0.11308472728301651,1,0.03609365850087394,0.2857882837245571,4.180993667735743,5,BATCH_1_SAVED_SCALER_MEAN,probability,EXECUTED
EXP-XAI-FIDELITY-001,EXP-XAI-0001,MODEL-C1,2,B2:778,5,5,True,NEAR_DECISION_BOUNDARY,INTRINSIC_COEFFICIENT,LOCAL_FIDELITY,10,"[16, 9, 1, 8, 36, 15, 100, 14, 121, 7]",0.3584592299005199,0.012775826591681323,0.3456834033088386,1,True,0.08268685206696916,0.23067296130139128,1,0.05615528241800997,0.28952812089082863,5.088277550210995,10,BATCH_1_SAVED_SCALER_MEAN,probability,EXECUTED
EXP-XAI-FIDELITY-001,EXP-XAI-0001,MODEL-C1,2,B2:778,5,5,True,NEAR_DECISION_BOUNDARY,SINGLE_FEATURE_ABLATION_LOCAL,ABLATION_CONSISTENCY,1,[36],0.3584592299005199,0.5727847426608907,-0.21432551276037082,5,False,0.0010721812940818426,0.002991082959084066,1,0.005181041443864526,-0.21950655420423534,1.7449054744737935,1,BATCH_1_SAVED_SCALER_MEAN,probability,EXECUTED
EXP-XAI-FIDELITY-001,EXP-XAI-0001,MODEL-C1,2,B2:778,5,5,True,NEAR_DECISION_BOUNDARY,SINGLE_FEATURE_ABLATION_LOCAL,ABLATION_CONSISTENCY,3,"[36, 16, 100]",0.3584592299005199,0.4757306427726259,-0.11727141287210596,5,False,0.0014602469954575355,0.004073676651770929,1,0.03818487546763125,-0.1554562883397372,3.574821061329271,3,BATCH_1_SAVED_SCALER_MEAN,probability,EXECUTED
EXP-XAI-FIDELITY-001,EXP-XAI-0001,MODEL-C1,2,B2:778,5,5,True,NEAR_DECISION_BOUNDARY,SINGLE_FEATURE_ABLATION_LOCAL,ABLATION_CONSISTENCY,5,"[36, 16, 100, 108, 9]",0.3584592299005199,0.3943878491555718,-0.035928619255051863,5,False,0.0012869676053740822,0.0035902760984317327,1,0.0206038537875583,-0.056532473042610165,3.858098069827552,5,BATCH_1_SAVED_SCALER_MEAN,probability,EXECUTED
EXP-XAI-FIDELITY-001,EXP-XAI-0001,MODEL-C1,2,B2:778,5,5,True,NEAR_DECISION_BOUNDARY,SINGLE_FEATURE_ABLATION_LOCAL,ABLATION_CONSISTENCY,10,"[36, 16, 100, 108, 9, 8, 1, 101, 121, 107]",0.3584592299005199,0.20098869284011808,0.15747053706040184,3,True,0.002366355467285634,0.006601463346172863,1,0.08587107680410881,0.07159946025629303,5.169390153162866,10,BATCH_1_SAVED_SCALER_MEAN,probability,EXECUTED
EXP-XAI-FIDELITY-001,EXP-XAI-0001,MODEL-C1,6,B6:0,2,2,True,CORRECT_REPRESENTATIVE,INTRINSIC_COEFFICIENT,LOCAL_FIDELITY,1,[20],0.9999999990203574,0.9999999945916043,4.42875314199398e-09,2,False,0.0497207388934706,0.04972073894217915,1,1.02240091948147e-09,3.4063522225125097e-09,6.830045937632201,1,BATCH_1_SAVED_SCALER_MEAN,probability,EXECUTED
EXP-XAI-FIDELITY-001,EXP-XAI-0001,MODEL-C1,6,B6:0,2,2,True,CORRECT_REPRESENTATIVE,INTRINSIC_COEFFICIENT,LOCAL_FIDELITY,3,"[20, 19, 27]",0.9999999990203574,0.9999991764982084,8.225221490576473e-07,2,False,0.5019304464759504,0.5019304469676629,2,6.748585116659693e-09,8.157735639409877e-07,9.489872908906875,3,BATCH_1_SAVED_SCALER_MEAN,probability,EXECUTED
EXP-XAI-FIDELITY-001,EXP-XAI-0001,MODEL-C1,6,B6:0,2,2,True,CORRECT_REPRESENTATIVE,INTRINSIC_COEFFICIENT,LOCAL_FIDELITY,5,"[20, 19, 27, 28, 84]",0.9999999990203574,0.9999714268540199,2.8572166337559324e-05,2,False,0.8346907499695034,0.834690750787202,2,2.4288850179280765e-08,2.8547877487380043e-05,13.205492683510354,5,BATCH_1_SAVED_SCALER_MEAN,probability,EXECUTED
EXP-XAI-FIDELITY-001,EXP-XAI-0001,MODEL-C1,6,B6:0,2,2,True,CORRECT_REPRESENTATIVE,INTRINSIC_COEFFICIENT,LOCAL_FIDELITY,10,"[20, 19, 27, 28, 84, 83, 59, 51, 115, 123]",0.9999999990203574,0.9399609129230915,0.06003908609726594,2,False,0.9989542913456702,0.9989542923242883,2,9.283882376309727e-07,0.0600381577090283,16.613299623866464,10,BATCH_1_SAVED_SCALER_MEAN,probability,EXECUTED
EXP-XAI-FIDELITY-001,EXP-XAI-0001,MODEL-C1,6,B6:0,2,2,True,CORRECT_REPRESENTATIVE,SINGLE_FEATURE_ABLATION_LOCAL,ABLATION_CONSISTENCY,1,[27],0.9999999990203574,0.9999999859715718,1.3048785607594482e-08,2,False,0.06481231290676365,0.06481231297025655,3,1.1800549204465939e-09,1.1868730687147888e-08,4.694124603682532,1,BATCH_1_SAVED_SCALER_MEAN,probability,EXECUTED
EXP-XAI-FIDELITY-001,EXP-XAI-0001,MODEL-C1,6,B6:0,2,2,True,CORRECT_REPRESENTATIVE,SINGLE_FEATURE_ABLATION_LOCAL,ABLATION_CONSISTENCY,3,"[27, 19, 91]",0.9999999990203574,0.9999986677598499,1.3312605074977668e-06,2,False,0.3221088809060541,0.3221088812216057,3,7.111482103194788e-09,1.3241490253945721e-06,7.908547745797678,3,BATCH_1_SAVED_SCALER_MEAN,probability,EXECUTED
EXP-XAI-FIDELITY-001,EXP-XAI-0001,MODEL-C1,6,B6:0,2,2,True,CORRECT_REPRESENTATIVE,SINGLE_FEATURE_ABLATION_LOCAL,ABLATION_CONSISTENCY,5,"[27, 19, 91, 32, 83]",0.9999999990203574,0.9999067106649713,9.328835538613411e-05,2,False,0.7088317309115783,0.70883173160598,2,1.1866950792397782e-08,9.327648843534171e-05,10.567816055292075,5,BATCH_1_SAVED_SCALER_MEAN,probability,EXECUTED
EXP-XAI-FIDELITY-001,EXP-XAI-0001,MODEL-C1,6,B6:0,2,2,True,CORRECT_REPRESENTATIVE,SINGLE_FEATURE_ABLATION_LOCAL,ABLATION_CONSISTENCY,10,"[27, 19, 91, 32, 83, 28, 88, 20, 115, 92]",0.9999999990203574,0.539321710376671,0.46067828864368643,2,False,0.9911856543511816,0.9911856553221893,2,3.192565525722557e-07,0.46067796938713385,16.895578403841988,10,BATCH_1_SAVED_SCALER_MEAN,probability,EXECUTED
EXP-XAI-FIDELITY-001,EXP-XAI-0001,MODEL-C1,6,B6:1,2,2,True,CORRECT_REPRESENTATIVE,INTRINSIC_COEFFICIENT,LOCAL_FIDELITY,1,[19],0.9999997247899652,0.9999980961216363,1.6286683289790105e-06,2,False,0.05560996871671448,0.05560998402114012,1,2.1099963190366703e-07,1.4176686970753434e-06,3.8580756798244016,1,BATCH_1_SAVED_SCALER_MEAN,probability,EXECUTED
EXP-XAI-FIDELITY-001,EXP-XAI-0001,MODEL-C1,6,B6:1,2,2,True,CORRECT_REPRESENTATIVE,INTRINSIC_COEFFICIENT,LOCAL_FIDELITY,3,"[19, 20, 84]",0.9999997247899652,0.9999705236657037,2.9201124261524214e-05,2,False,0.3591763170471756,0.35917641589612953,2,1.4786927255909057e-06,2.772243153593331e-05,8.73309911959239,3,BATCH_1_SAVED_SCALER_MEAN,probability,EXECUTED
EXP-XAI-FIDELITY-001,EXP-XAI-0001,MODEL-C1,6,B6:1,2,2,True,CORRECT_REPRESENTATIVE,INTRINSIC_COEFFICIENT,LOCAL_FIDELITY,5,"[19, 20, 84, 28, 83]",0.9999997247899652,0.9989597926533162,0.001039932136648991,2,False,0.7572562310219222,0.7572564394264932,2,7.798763674145744e-07,0.0010391522602815765,11.109201765658511,5,BATCH_1_SAVED_SCALER_MEAN,probability,EXECUTED
EXP-XAI-FIDELITY-001,EXP-XAI-0001,MODEL-C1,6,B6:1,2,2,True,CORRECT_REPRESENTATIVE,INTRINSIC_COEFFICIENT,LOCAL_FIDELITY,10,"[19, 20, 84, 28, 83, 27, 59, 51, 115, 88]",0.9999997247899652,0.2784789458145627,0.7215207789754026,1,True,0.9904389468217284,0.9904392194005404,2,2.749330980108174e-05,0.7214932856656014,14.486167496845983,10,BATCH_1_SAVED_SCALER_MEAN,probability,EXECUTED
EXP-XAI-FIDELITY-001,EXP-XAI-0001,MODEL-C1,6,B6:1,2,2,True,CORRECT_REPRESENTATIVE,SINGLE_FEATURE_ABLATION_LOCAL,ABLATION_CONSISTENCY,1,[27],0.9999997247899652,0.9999975045698997,2.2202200655740967e-06,2,False,0.052145751373815094,0.05214576572485309,1,1.0097339487498877e-07,2.119246670699108e-06,3.919725171142885,1,BATCH_1_SAVED_SCALER_MEAN,probability,EXECUTED
EXP-XAI-FIDELITY-001,EXP-XAI-0001,MODEL-C1,6,B6:1,2,2,True,CORRECT_REPRESENTATIVE,SINGLE_FEATURE_ABLATION_LOCAL,ABLATION_CONSISTENCY,3,"[27, 88, 19]",0.9999997247899652,0.9998548048098566,0.000144919980108682,2,False,0.2777130552697308,0.2777131316991714,3,8.772407410891544e-07,0.00014404273936759285,7.456920008819902,3,BATCH_1_SAVED_SCALER_MEAN,probability,EXECUTED
EXP-XAI-FIDELITY-001,EXP-XAI-0001,MODEL-C1,6,B6:1,2,2,True,CORRECT_REPRESENTATIVE,SINGLE_FEATURE_ABLATION_LOCAL,ABLATION_CONSISTENCY,5,"[27, 88, 19, 83, 91]",0.9999997247899652,0.9944793400309461,0.00552038475901917,2,False,0.5640366119589632,0.5640367671875415,2,1.8502823888044695e-06,0.005518534476630366,9.056087114252657,5,BATCH_1_SAVED_SCALER_MEAN,probability,EXECUTED
EXP-XAI-FIDELITY-001,EXP-XAI-0001,MODEL-C1,6,B6:1,2,2,True,CORRECT_REPRESENTATIVE,SINGLE_FEATURE_ABLATION_LOCAL,ABLATION_CONSISTENCY,10,"[27, 88, 19, 83, 91, 32, 28, 37, 115, 20]",0.9999997247899652,0.051418738661953046,0.9485809861280122,1,True,0.9570652418219727,0.9570655052160036,2,7.157837331306371e-06,0.9485738282906809,14.238064016040404,10,BATCH_1_SAVED_SCALER_MEAN,probability,EXECUTED
EXP-XAI-FIDELITY-001,EXP-XAI-0001,MODEL-C1,6,B6:23,1,1,True,CORRECT_REPRESENTATIVE,INTRINSIC_COEFFICIENT,LOCAL_FIDELITY,1,[108],0.999999794828292,0.9999922541676348,7.540660657223697e-06,1,False,0.9940370410259147,0.9940372449742341,1,2.9991344753603024e-07,7.240747209687667e-06,5.268688146307138,1,BATCH_1_SAVED_SCALER_MEAN,probability,EXECUTED
EXP-XAI-FIDELITY-001,EXP-XAI-0001,MODEL-C1,6,B6:23,1,1,True,CORRECT_REPRESENTATIVE,INTRINSIC_COEFFICIENT,LOCAL_FIDELITY,3,"[108, 100, 101]",0.999999794828292,0.9906553401992423,0.009344454629049759,1,False,0.9999935388086154,0.9999937439790398,1,1.263533154235071e-06,0.009343191095895523,10.252841748036467,3,BATCH_1_SAVED_SCALER_MEAN,probability,EXECUTED
EXP-XAI-FIDELITY-001,EXP-XAI-0001,MODEL-C1,6,B6:23,1,1,True,CORRECT_REPRESENTATIVE,INTRINSIC_COEFFICIENT,LOCAL_FIDELITY,5,"[108, 100, 101, 109, 66]",0.999999794828292,0.9283437635400953,0.07165603128819675,1,False,0.9999972154357666,0.9999974206069453,1,1.0805156125800094e-06,0.07165495077258417,12.438422880348556,5,BATCH_1_SAVED_SCALER_MEAN,probability,EXECUTED
EXP-XAI-FIDELITY-001,EXP-XAI-0001,MODEL-C1,6,B6:23,1,1,True,CORRECT_REPRESENTATIVE,INTRINSIC_COEFFICIENT,LOCAL_FIDELITY,10,"[108, 100, 101, 109, 66, 107, 37, 52, 53, 60]",0.999999794828292,0.7942975992707051,0.20570219555758695,1,False,0.9999993730467058,0.9999995782183273,1,2.2890643101206957e-05,0.20567930491448574,14.647346064985179,10,BATCH_1_SAVED_SCALER_MEAN,probability,EXECUTED
EXP-XAI-FIDELITY-001,EXP-XAI-0001,MODEL-C1,6,B6:23,1,1,True,CORRECT_REPRESENTATIVE,SINGLE_FEATURE_ABLATION_LOCAL,ABLATION_CONSISTENCY,1,[100],0.999999794828292,0.999991021209622,8.773618670021577e-06,1,False,0.9941465505867215,0.9941467545575091,1,1.8050670561968e-07,8.593111964401897e-06,5.708503649705066,1,BATCH_1_SAVED_SCALER_MEAN,probability,EXECUTED
EXP-XAI-FIDELITY-001,EXP-XAI-0001,MODEL-C1,6,B6:23,1,1,True,CORRECT_REPRESENTATIVE,SINGLE_FEATURE_ABLATION_LOCAL,ABLATION_CONSISTENCY,3,"[100, 108, 101]",0.999999794828292,0.9906553401992423,0.009344454629049759,1,False,0.9999935388086154,0.9999937439790398,1,1.1593152634955158e-06,0.009343295313786264,10.252841748036467,3,BATCH_1_SAVED_SCALER_MEAN,probability,EXECUTED
EXP-XAI-FIDELITY-001,EXP-XAI-0001,MODEL-C1,6,B6:23,1,1,True,CORRECT_REPRESENTATIVE,SINGLE_FEATURE_ABLATION_LOCAL,ABLATION_CONSISTENCY,5,"[100, 108, 101, 10, 2]",0.999999794828292,0.3277761776690012,0.6722236171592908,2,True,0.9999080143079168,0.999908219460794,1,1.0798996475121688e-06,0.6722225372596433,11.65289806751346,5,BATCH_1_SAVED_SCALER_MEAN,probability,EXECUTED
EXP-XAI-FIDELITY-001,EXP-XAI-0001,MODEL-C1,6,B6:23,1,1,True,CORRECT_REPRESENTATIVE,SINGLE_FEATURE_ABLATION_LOCAL,ABLATION_CONSISTENCY,10,"[100, 108, 101, 10, 2, 109, 107, 105, 106, 97]",0.999999794828292,0.0025140321291852456,0.9974857626991068,2,True,0.9999990988984175,0.9999993040699827,1,4.902719365799483e-06,0.997480859979741,13.588438685010507,10,BATCH_1_SAVED_SCALER_MEAN,probability,EXECUTED
EXP-XAI-FIDELITY-001,EXP-XAI-0001,MODEL-C1,6,B6:24,1,1,True,CORRECT_REPRESENTATIVE,INTRINSIC_COEFFICIENT,LOCAL_FIDELITY,1,[108],0.9999405957672404,0.9979663407463911,0.001974255020849247,1,False,0.9921631283019324,0.9922220704927572,1,0.00012849773592554052,0.0018457572849237065,4.8191929862836265,1,BATCH_1_SAVED_SCALER_MEAN,probability,EXECUTED
EXP-XAI-FIDELITY-001,EXP-XAI-0001,MODEL-C1,6,B6:24,1,1,True,CORRECT_REPRESENTATIVE,INTRINSIC_COEFFICIENT,LOCAL_FIDELITY,3,"[108, 100, 101]",0.9999405957672404,0.4196064682470386,0.5803341275202017,2,True,0.9999848688870577,1.0000442757499843,1,7.985711341157442e-05,0.5802542704067901,9.340946265266275,3,BATCH_1_SAVED_SCALER_MEAN,probability,EXECUTED
EXP-XAI-FIDELITY-001,EXP-XAI-0001,MODEL-C1,6,B6:24,1,1,True,CORRECT_REPRESENTATIVE,INTRINSIC_COEFFICIENT,LOCAL_FIDELITY,5,"[108, 100, 101, 109, 107]",0.9999405957672404,0.08101251585562566,0.9189280799116147,2,True,0.9999988180102524,1.000058225701865,1,0.00023966141475108746,0.9186884184968637,11.011004186601665,5,BATCH_1_SAVED_SCALER_MEAN,probability,EXECUTED
EXP-XAI-FIDELITY-001,EXP-XAI-0001,MODEL-C1,6,B6:24,1,1,True,CORRECT_REPRESENTATIVE,INTRINSIC_COEFFICIENT,LOCAL_FIDELITY,10,"[108, 100, 101, 109, 107, 52, 53, 60, 37, 44]",0.9999405957672404,0.02832405895222733,0.971616536815013,2,True,0.9999996510925003,1.0000590588336047,1,0.002698096218223452,0.9689184405967896,12.822741019031795,10,BATCH_1_SAVED_SCALER_MEAN,probability,EXECUTED
EXP-XAI-FIDELITY-001,EXP-XAI-0001,MODEL-C1,6,B6:24,1,1,True,CORRECT_REPRESENTATIVE,SINGLE_FEATURE_ABLATION_LOCAL,ABLATION_CONSISTENCY,1,[100],0.9999405957672404,0.9977452533903458,0.00219534237689456,1,False,0.9922092211288105,0.992268166057907,1,6.119183784929113e-05,0.002134150539045269,5.244134493412625,1,BATCH_1_SAVED_SCALER_MEAN,probability,EXECUTED
EXP-XAI-FIDELITY-001,EXP-XAI-0001,MODEL-C1,6,B6:24,1,1,True,CORRECT_REPRESENTATIVE,SINGLE_FEATURE_ABLATION_LOCAL,ABLATION_CONSISTENCY,3,"[100, 108, 101]",0.9999405957672404,0.4196064682470386,0.5803341275202017,2,True,0.9999848688870577,1.0000442757499843,1,3.6865747348309906e-05,0.5802972617728535,9.340946265266275,3,BATCH_1_SAVED_SCALER_MEAN,probability,EXECUTED
EXP-XAI-FIDELITY-001,EXP-XAI-0001,MODEL-C1,6,B6:24,1,1,True,CORRECT_REPRESENTATIVE,SINGLE_FEATURE_ABLATION_LOCAL,ABLATION_CONSISTENCY,5,"[100, 108, 101, 109, 10]",0.9999405957672404,0.07698421744867052,0.9229563783185698,2,True,0.9999971753906455,1.000056582984674,1,6.087403316663946e-05,0.9228955042854031,10.78946275695927,5,BATCH_1_SAVED_SCALER_MEAN,probability,EXECUTED
EXP-XAI-FIDELITY-001,EXP-XAI-0001,MODEL-C1,6,B6:24,1,1,True,CORRECT_REPRESENTATIVE,SINGLE_FEATURE_ABLATION_LOCAL,ABLATION_CONSISTENCY,10,"[100, 108, 101, 109, 10, 107, 105, 97, 2, 44]",0.9999405957672404,0.0012608113207451155,0.9986797844464953,2,True,0.9999993099912465,1.0000587177120868,1,0.00023348177907495845,0.9984463026674203,11.432952442150675,10,BATCH_1_SAVED_SCALER_MEAN,probability,EXECUTED
EXP-XAI-FIDELITY-001,EXP-XAI-0001,MODEL-C1,6,B6:387,3,1,False,MISCLASSIFIED,INTRINSIC_COEFFICIENT,LOCAL_FIDELITY,1,[101],0.952829000765461,0.8812673787253498,0.07156162204011118,1,False,0.9247355123558259,0.970515708078715,1,0.00039074330765094257,0.07117087873246024,1.7199628258697783,1,BATCH_1_SAVED_SCALER_MEAN,probability,EXECUTED
EXP-XAI-FIDELITY-001,EXP-XAI-0001,MODEL-C1,6,B6:387,3,1,False,MISCLASSIFIED,INTRINSIC_COEFFICIENT,LOCAL_FIDELITY,3,"[101, 108, 100]",0.952829000765461,0.5713200863167979,0.3815089144486631,1,False,0.9828989346742752,1.0315585838431214,1,0.006333023248628881,0.3751758912000342,2.362960775276278,3,BATCH_1_SAVED_SCALER_MEAN,probability,EXECUTED
EXP-XAI-FIDELITY-001,EXP-XAI-0001,MODEL-C1,6,B6:387,3,1,False,MISCLASSIFIED,INTRINSIC_COEFFICIENT,LOCAL_FIDELITY,5,"[101, 108, 100, 25, 109]",0.952829000765461,0.699547866400802,0.25328113436465893,1,False,0.9768452485036476,1.0252052023174074,1,0.0024795759170897305,0.2508015584475692,2.9225232857040333,5,BATCH_1_SAVED_SCALER_MEAN,probability,EXECUTED
EXP-XAI-FIDELITY-001,EXP-XAI-0001,MODEL-C1,6,B6:387,3,1,False,MISCLASSIFIED,INTRINSIC_COEFFICIENT,LOCAL_FIDELITY,10,"[101, 108, 100, 25, 109, 107, 105, 42, 112, 34]",0.952829000765461,0.6910039461073756,0.26182505465808537,1,False,0.9784987297212844,1.026940541204352,1,0.01958202745848403,0.24224302719960134,3.4032689617259444,10,BATCH_1_SAVED_SCALER_MEAN,probability,EXECUTED
EXP-XAI-FIDELITY-001,EXP-XAI-0001,MODEL-C1,6,B6:387,3,1,False,MISCLASSIFIED,SINGLE_FEATURE_ABLATION_LOCAL,ABLATION_CONSISTENCY,1,[101],0.952829000765461,0.8812673787253498,0.07156162204011118,1,False,0.9247355123558259,0.970515708078715,1,0.003384212611965831,0.06817740942814535,1.7199628258697783,1,BATCH_1_SAVED_SCALER_MEAN,probability,EXECUTED
EXP-XAI-FIDELITY-001,EXP-XAI-0001,MODEL-C1,6,B6:387,3,1,False,MISCLASSIFIED,SINGLE_FEATURE_ABLATION_LOCAL,ABLATION_CONSISTENCY,3,"[101, 108, 100]",0.952829000765461,0.5713200863167979,0.3815089144486631,1,False,0.9828989346742752,1.0315585838431214,1,0.009540129315483644,0.37196878513317944,2.362960775276278,3,BATCH_1_SAVED_SCALER_MEAN,probability,EXECUTED
EXP-XAI-FIDELITY-001,EXP-XAI-0001,MODEL-C1,6,B6:387,3,1,False,MISCLASSIFIED,SINGLE_FEATURE_ABLATION_LOCAL,ABLATION_CONSISTENCY,5,"[101, 108, 100, 109, 25]",0.952829000765461,0.699547866400802,0.25328113436465893,1,False,0.9768452485036476,1.0252052023174074,1,0.014036640976552701,0.23924449338810624,2.9225232857040333,5,BATCH_1_SAVED_SCALER_MEAN,probability,EXECUTED
EXP-XAI-FIDELITY-001,EXP-XAI-0001,MODEL-C1,6,B6:387,3,1,False,MISCLASSIFIED,SINGLE_FEATURE_ABLATION_LOCAL,ABLATION_CONSISTENCY,10,"[101, 108, 100, 109, 25, 107, 10, 17, 89, 90]",0.952829000765461,0.6726295815725704,0.2801994191928906,1,False,0.9783567540036697,1.0267915368000984,1,0.019985770705624316,0.2602136484872663,3.3493350542606763,10,BATCH_1_SAVED_SCALER_MEAN,probability,EXECUTED
EXP-XAI-FIDELITY-001,EXP-XAI-0001,MODEL-C1,6,B6:388,3,1,False,MISCLASSIFIED,INTRINSIC_COEFFICIENT,LOCAL_FIDELITY,1,[108],0.9327496602453603,0.8215972750295844,0.11115238521577597,1,False,0.9247091769576598,0.9913798057180899,1,0.0029160981145762155,0.10823628710119976,1.3204668789897411,1,BATCH_1_SAVED_SCALER_MEAN,probability,EXECUTED
EXP-XAI-FIDELITY-001,EXP-XAI-0001,MODEL-C1,6,B6:388,3,1,False,MISCLASSIFIED,INTRINSIC_COEFFICIENT,LOCAL_FIDELITY,3,"[108, 100, 101]",0.9327496602453603,0.41290049999120015,0.5198491602541602,3,True,0.9864074188247953,1.0575264305808703,1,0.001166711260393231,0.5186824489937669,2.5204743248808583,3,BATCH_1_SAVED_SCALER_MEAN,probability,EXECUTED
EXP-XAI-FIDELITY-001,EXP-XAI-0001,MODEL-C1,6,B6:388,3,1,False,MISCLASSIFIED,INTRINSIC_COEFFICIENT,LOCAL_FIDELITY,5,"[108, 100, 101, 109, 107]",0.9327496602453603,0.19498844404286597,0.7377612162024944,3,True,0.9945952601045472,1.0663046072221762,1,0.016718557913847968,0.7210426582886463,3.122351233689902,5,BATCH_1_SAVED_SCALER_MEAN,probability,EXECUTED
EXP-XAI-FIDELITY-001,EXP-XAI-0001,MODEL-C1,6,B6:388,3,1,False,MISCLASSIFIED,INTRINSIC_COEFFICIENT,LOCAL_FIDELITY,10,"[108, 100, 101, 109, 107, 42, 25, 34, 32, 105]",0.9327496602453603,0.4730486726130964,0.4597009876322639,3,True,0.9839206896318903,1.0548604106412318,1,0.01727068317943665,0.44243030445282727,3.802279848872526,10,BATCH_1_SAVED_SCALER_MEAN,probability,EXECUTED
EXP-XAI-FIDELITY-001,EXP-XAI-0001,MODEL-C1,6,B6:388,3,1,False,MISCLASSIFIED,SINGLE_FEATURE_ABLATION_LOCAL,ABLATION_CONSISTENCY,1,[108],0.9327496602453603,0.8215972750295844,0.11115238521577597,1,False,0.9247091769576598,0.9913798057180899,1,0.0035366876850472053,0.10761569753072876,1.3204668789897411,1,BATCH_1_SAVED_SCALER_MEAN,probability,EXECUTED
EXP-XAI-FIDELITY-001,EXP-XAI-0001,MODEL-C1,6,B6:388,3,1,False,MISCLASSIFIED,SINGLE_FEATURE_ABLATION_LOCAL,ABLATION_CONSISTENCY,3,"[108, 101, 100]",0.9327496602453603,0.41290049999120015,0.5198491602541602,3,True,0.9864074188247953,1.0575264305808703,1,0.006047494494764971,0.5138016657593952,2.5204743248808583,3,BATCH_1_SAVED_SCALER_MEAN,probability,EXECUTED
EXP-XAI-FIDELITY-001,EXP-XAI-0001,MODEL-C1,6,B6:388,3,1,False,MISCLASSIFIED,SINGLE_FEATURE_ABLATION_LOCAL,ABLATION_CONSISTENCY,5,"[108, 101, 100, 109, 90]",0.9327496602453603,0.18926848552863107,0.7434811747167293,3,True,0.9937881596991179,1.0654393156655788,1,0.011468295496665327,0.732012879220064,3.1486919891368186,5,BATCH_1_SAVED_SCALER_MEAN,probability,EXECUTED
EXP-XAI-FIDELITY-001,EXP-XAI-0001,MODEL-C1,6,B6:388,3,1,False,MISCLASSIFIED,SINGLE_FEATURE_ABLATION_LOCAL,ABLATION_CONSISTENCY,10,"[108, 101, 100, 109, 90, 25, 107, 26, 40, 82]",0.9327496602453603,0.21136728996206636,0.721382370283294,3,True,0.9953551667768763,1.0671193024235972,1,0.0012983118470706434,0.7200840584362234,3.704611049765457,10,BATCH_1_SAVED_SCALER_MEAN,probability,EXECUTED
EXP-XAI-FIDELITY-001,EXP-XAI-0001,MODEL-C1,6,B6:389,3,1,False,MISCLASSIFIED,INTRINSIC_COEFFICIENT,LOCAL_FIDELITY,1,[101],0.9216476197507023,0.8074227104891787,0.11422490926152362,1,False,0.92669221769234,1.0054734562684622,1,0.006163752280809591,0.10806115698071403,1.770652424047338,1,BATCH_1_SAVED_SCALER_MEAN,probability,EXECUTED
EXP-XAI-FIDELITY-001,EXP-XAI-0001,MODEL-C1,6,B6:389,3,1,False,MISCLASSIFIED,INTRINSIC_COEFFICIENT,LOCAL_FIDELITY,3,"[101, 108, 100]",0.9216476197507023,0.4295358733488337,0.4921117464018686,3,True,0.9833257921028672,1.06692164231797,1,0.00012524273529300004,0.4919865036665756,2.3963232520723166,3,BATCH_1_SAVED_SCALER_MEAN,probability,EXECUTED
EXP-XAI-FIDELITY-001,EXP-XAI-0001,MODEL-C1,6,B6:389,3,1,False,MISCLASSIFIED,INTRINSIC_COEFFICIENT,LOCAL_FIDELITY,5,"[101, 108, 100, 107, 109]",0.9216476197507023,0.2160856530117897,0.7055619667389126,3,True,0.992933096116714,1.0773456957283671,1,0.018300803767862153,0.6872611629710504,2.931710380658194,5,BATCH_1_SAVED_SCALER_MEAN,probability,EXECUTED
EXP-XAI-FIDELITY-001,EXP-XAI-0001,MODEL-C1,6,B6:389,3,1,False,MISCLASSIFIED,INTRINSIC_COEFFICIENT,LOCAL_FIDELITY,10,"[101, 108, 100, 107, 109, 42, 25, 34, 105, 26]",0.9216476197507023,0.3073984760349606,0.6142491437157417,3,True,0.989771221937627,1.0739150199350067,1,0.019732768323146212,0.5945163753925955,3.4045697297580046,10,BATCH_1_SAVED_SCALER_MEAN,probability,EXECUTED
EXP-XAI-FIDELITY-001,EXP-XAI-0001,MODEL-C1,6,B6:389,3,1,False,MISCLASSIFIED,SINGLE_FEATURE_ABLATION_LOCAL,ABLATION_CONSISTENCY,1,[101],0.9216476197507023,0.8074227104891787,0.11422490926152362,1,False,0.92669221769234,1.0054734562684622,1,0.008667788203593948,0.10555712105792968,1.770652424047338,1,BATCH_1_SAVED_SCALER_MEAN,probability,EXECUTED
EXP-XAI-FIDELITY-001,EXP-XAI-0001,MODEL-C1,6,B6:389,3,1,False,MISCLASSIFIED,SINGLE_FEATURE_ABLATION_LOCAL,ABLATION_CONSISTENCY,3,"[101, 108, 100]",0.9216476197507023,0.4295358733488337,0.4921117464018686,3,True,0.9833257921028672,1.06692164231797,1,-0.00021361100671191864,0.4923253574085805,2.3963232520723166,3,BATCH_1_SAVED_SCALER_MEAN,probability,EXECUTED
EXP-XAI-FIDELITY-001,EXP-XAI-0001,MODEL-C1,6,B6:389,3,1,False,MISCLASSIFIED,SINGLE_FEATURE_ABLATION_LOCAL,ABLATION_CONSISTENCY,5,"[101, 108, 100, 109, 90]",0.9216476197507023,0.21361415202418868,0.7080334677265137,3,True,0.9917598623306569,1.0760727213714494,1,0.005462726856224047,0.7025707408702896,2.9402768681875613,5,BATCH_1_SAVED_SCALER_MEAN,probability,EXECUTED
EXP-XAI-FIDELITY-001,EXP-XAI-0001,MODEL-C1,6,B6:389,3,1,False,MISCLASSIFIED,SINGLE_FEATURE_ABLATION_LOCAL,ABLATION_CONSISTENCY,10,"[101, 108, 100, 109, 90, 107, 25, 26, 82, 50]",0.9216476197507023,0.21255315931958263,0.7090944604311197,3,True,0.9937622427330348,1.0782453309018896,1,0.011554709727834496,0.6975397507032852,3.5407009989951166,10,BATCH_1_SAVED_SCALER_MEAN,probability,EXECUTED
EXP-XAI-FIDELITY-001,EXP-XAI-0001,MODEL-C1,6,B6:390,3,1,False,MISCLASSIFIED,INTRINSIC_COEFFICIENT,LOCAL_FIDELITY,1,[108],0.8488606346246175,0.7088859305309457,0.13997470409367174,1,False,0.9066556908858799,1.0680854476033284,1,0.004420216408502217,0.13555448768516953,0.9946434150197337,1,BATCH_1_SAVED_SCALER_MEAN,probability,EXECUTED
EXP-XAI-FIDELITY-001,EXP-XAI-0001,MODEL-C1,6,B6:390,3,1,False,MISCLASSIFIED,INTRINSIC_COEFFICIENT,LOCAL_FIDELITY,3,"[108, 101, 100]",0.8488606346246175,0.360677535476631,0.48818309914798647,3,True,0.9748926077371626,1.148471925745831,1,0.0015474502246976848,0.48663564892328875,1.945810312300434,3,BATCH_1_SAVED_SCALER_MEAN,probability,EXECUTED
EXP-XAI-FIDELITY-001,EXP-XAI-0001,MODEL-C1,6,B6:390,3,1,False,MISCLASSIFIED,INTRINSIC_COEFFICIENT,LOCAL_FIDELITY,5,"[108, 101, 100, 107, 109]",0.8488606346246175,0.176537196734091,0.6723234378905265,3,True,0.9889642932403314,1.1650490703667398,1,0.00680848238188179,0.6655149555086447,2.5286646781277,5,BATCH_1_SAVED_SCALER_MEAN,probability,EXECUTED
EXP-XAI-FIDELITY-001,EXP-XAI-0001,MODEL-C1,6,B6:390,3,1,False,MISCLASSIFIED,INTRINSIC_COEFFICIENT,LOCAL_FIDELITY,10,"[108, 101, 100, 107, 109, 42, 25, 34, 32, 105]",0.8488606346246175,0.42123618052473105,0.4276244540998864,3,True,0.9692408427443422,1.1418138657978398,1,0.018697001526196123,0.4089274525736903,3.3062632372133782,10,BATCH_1_SAVED_SCALER_MEAN,probability,EXECUTED
EXP-XAI-FIDELITY-001,EXP-XAI-0001,MODEL-C1,6,B6:390,3,1,False,MISCLASSIFIED,SINGLE_FEATURE_ABLATION_LOCAL,ABLATION_CONSISTENCY,1,[108],0.8488606346246175,0.7088859305309457,0.13997470409367174,1,False,0.9066556908858799,1.0680854476033284,1,-0.0015403614087477222,0.14151506550241946,0.9946434150197337,1,BATCH_1_SAVED_SCALER_MEAN,probability,EXECUTED
EXP-XAI-FIDELITY-001,EXP-XAI-0001,MODEL-C1,6,B6:390,3,1,False,MISCLASSIFIED,SINGLE_FEATURE_ABLATION_LOCAL,ABLATION_CONSISTENCY,3,"[108, 101, 100]",0.8488606346246175,0.360677535476631,0.48818309914798647,3,True,0.9748926077371626,1.148471925745831,1,-0.00187831643681264,0.4900614155847991,1.945810312300434,3,BATCH_1_SAVED_SCALER_MEAN,probability,EXECUTED
EXP-XAI-FIDELITY-001,EXP-XAI-0001,MODEL-C1,6,B6:390,3,1,False,MISCLASSIFIED,SINGLE_FEATURE_ABLATION_LOCAL,ABLATION_CONSISTENCY,5,"[108, 101, 100, 90, 107]",0.8488606346246175,0.17016165963880392,0.6786989749858136,3,True,0.9865983730818269,1.1622618988782767,1,0.0165112123652621,0.6621877626205515,2.5382380305737664,5,BATCH_1_SAVED_SCALER_MEAN,probability,EXECUTED
EXP-XAI-FIDELITY-001,EXP-XAI-0001,MODEL-C1,6,B6:390,3,1,False,MISCLASSIFIED,SINGLE_FEATURE_ABLATION_LOCAL,ABLATION_CONSISTENCY,10,"[108, 101, 100, 90, 107, 25, 109, 26, 40, 82]",0.8488606346246175,0.1853728557039127,0.6634877789207048,3,True,0.9909860400836081,1.1674307885909225,1,0.0146311996320258,0.648856579288679,3.2390391631881554,10,BATCH_1_SAVED_SCALER_MEAN,probability,EXECUTED
EXP-XAI-FIDELITY-001,EXP-XAI-0001,MODEL-C1,6,B6:391,3,1,False,MISCLASSIFIED,INTRINSIC_COEFFICIENT,LOCAL_FIDELITY,1,[108],0.7990090070265624,0.6484096683308088,0.1505993386957536,1,False,0.9015516447726734,1.1283372738534123,1,0.010287752615334505,0.14031158608041908,0.9134800440539751,1,BATCH_1_SAVED_SCALER_MEAN,probability,EXECUTED
EXP-XAI-FIDELITY-001,EXP-XAI-0001,MODEL-C1,6,B6:391,3,1,False,MISCLASSIFIED,INTRINSIC_COEFFICIENT,LOCAL_FIDELITY,3,"[108, 101, 100]",0.7990090070265624,0.32060674593512206,0.47840226109144035,3,True,0.9708973037047386,1.2151268573527632,1,0.002392075443291101,0.47601018564814923,1.8087375977903415,3,BATCH_1_SAVED_SCALER_MEAN,probability,EXECUTED
EXP-XAI-FIDELITY-001,EXP-XAI-0001,MODEL-C1,6,B6:391,3,1,False,MISCLASSIFIED,INTRINSIC_COEFFICIENT,LOCAL_FIDELITY,5,"[108, 101, 100, 107, 42]",0.7990090070265624,0.2357218318523757,0.5632871751741867,3,True,0.9751632245050351,1.2204658720106476,1,0.009708272871428317,0.5535789023027584,2.2998508384423135,5,BATCH_1_SAVED_SCALER_MEAN,probability,EXECUTED
EXP-XAI-FIDELITY-001,EXP-XAI-0001,MODEL-C1,6,B6:391,3,1,False,MISCLASSIFIED,INTRINSIC_COEFFICIENT,LOCAL_FIDELITY,10,"[108, 101, 100, 107, 42, 109, 34, 25, 32, 37]",0.7990090070265624,0.495551030403745,0.3034579766228174,3,True,0.932126595947365,1.1666033646055973,1,0.041887660087669906,0.2615703165351475,3.3080726164503615,10,BATCH_1_SAVED_SCALER_MEAN,probability,EXECUTED
EXP-XAI-FIDELITY-001,EXP-XAI-0001,MODEL-C1,6,B6:391,3,1,False,MISCLASSIFIED,SINGLE_FEATURE_ABLATION_LOCAL,ABLATION_CONSISTENCY,1,[108],0.7990090070265624,0.6484096683308088,0.1505993386957536,1,False,0.9015516447726734,1.1283372738534123,1,0.005131206295591402,0.14546813240016218,0.9134800440539751,1,BATCH_1_SAVED_SCALER_MEAN,probability,EXECUTED
EXP-XAI-FIDELITY-001,EXP-XAI-0001,MODEL-C1,6,B6:391,3,1,False,MISCLASSIFIED,SINGLE_FEATURE_ABLATION_LOCAL,ABLATION_CONSISTENCY,3,"[108, 101, 100]",0.7990090070265624,0.32060674593512206,0.47840226109144035,3,True,0.9708973037047386,1.2151268573527632,1,0.005339966939800386,0.47306229415164,1.8087375977903415,3,BATCH_1_SAVED_SCALER_MEAN,probability,EXECUTED
EXP-XAI-FIDELITY-001,EXP-XAI-0001,MODEL-C1,6,B6:391,3,1,False,MISCLASSIFIED,SINGLE_FEATURE_ABLATION_LOCAL,ABLATION_CONSISTENCY,5,"[108, 101, 100, 90, 25]",0.7990090070265624,0.3719159520674471,0.4270930549591153,3,True,0.9638873118046857,1.2063534995577867,1,-0.004431002749249343,0.43152405770836466,2.2360662141149295,5,BATCH_1_SAVED_SCALER_MEAN,probability,EXECUTED
EXP-XAI-FIDELITY-001,EXP-XAI-0001,MODEL-C1,6,B6:391,3,1,False,MISCLASSIFIED,SINGLE_FEATURE_ABLATION_LOCAL,ABLATION_CONSISTENCY,10,"[108, 101, 100, 90, 25, 107, 109, 26, 37, 81]",0.7990090070265624,0.14513340907143557,0.6538755979551268,3,True,0.9860091909022941,1.2340401450186844,1,0.02421013632679188,0.6296654616283349,3.095883702017101,10,BATCH_1_SAVED_SCALER_MEAN,probability,EXECUTED
EXP-XAI-FIDELITY-001,EXP-XAI-0001,MODEL-C1,6,B6:488,3,3,True,CORRECT_REPRESENTATIVE,INTRINSIC_COEFFICIENT,LOCAL_FIDELITY,1,[34],0.5062630276208412,0.552954538379412,-0.04669151075857081,3,False,0.1104727386474675,0.21821213997519992,1,0.012713301018001532,-0.05940481177657234,1.3611286535076002,1,BATCH_1_SAVED_SCALER_MEAN,probability,EXECUTED
EXP-XAI-FIDELITY-001,EXP-XAI-0001,MODEL-C1,6,B6:488,3,3,True,CORRECT_REPRESENTATIVE,INTRINSIC_COEFFICIENT,LOCAL_FIDELITY,3,"[34, 33, 25]",0.5062630276208412,0.7859529768946515,-0.2796899492738103,3,False,0.04024670593115947,0.07949762027912038,1,0.015440737181641542,-0.2951306864554518,1.7562542922094424,3,BATCH_1_SAVED_SCALER_MEAN,probability,EXECUTED
EXP-XAI-FIDELITY-001,EXP-XAI-0001,MODEL-C1,6,B6:488,3,3,True,CORRECT_REPRESENTATIVE,INTRINSIC_COEFFICIENT,LOCAL_FIDELITY,5,"[34, 33, 25, 42, 41]",0.5062630276208412,0.8250265058874663,-0.3187634782666251,3,False,0.02622892488966966,0.051808888776514524,1,0.021754359281962173,-0.3405178375485873,2.417360819559767,5,BATCH_1_SAVED_SCALER_MEAN,probability,EXECUTED
EXP-XAI-FIDELITY-001,EXP-XAI-0001,MODEL-C1,6,B6:488,3,3,True,CORRECT_REPRESENTATIVE,INTRINSIC_COEFFICIENT,LOCAL_FIDELITY,10,"[34, 33, 25, 42, 41, 89, 40, 50, 90, 46]",0.5062630276208412,0.879601726780842,-0.37333869916000084,3,False,0.01902997072647277,0.037589098330769295,1,0.06473639074663773,-0.43807508990663857,3.32548032483444,10,BATCH_1_SAVED_SCALER_MEAN,probability,EXECUTED
EXP-XAI-FIDELITY-001,EXP-XAI-0001,MODEL-C1,6,B6:488,3,3,True,CORRECT_REPRESENTATIVE,SINGLE_FEATURE_ABLATION_LOCAL,ABLATION_CONSISTENCY,1,[50],0.5062630276208412,0.34778308136489555,0.15847994625594564,1,True,0.19180183120191036,0.3788580653485084,1,0.015050572728105803,0.14342937352783983,1.1191951548600234,1,BATCH_1_SAVED_SCALER_MEAN,probability,EXECUTED
EXP-XAI-FIDELITY-001,EXP-XAI-0001,MODEL-C1,6,B6:488,3,3,True,CORRECT_REPRESENTATIVE,SINGLE_FEATURE_ABLATION_LOCAL,ABLATION_CONSISTENCY,3,"[50, 25, 89]",0.5062630276208412,0.6396391211522915,-0.1333760935314503,3,False,0.05898171973245997,0.11650410263937648,1,0.035688182472486916,-0.16906427600393722,1.3750213169662473,3,BATCH_1_SAVED_SCALER_MEAN,probability,EXECUTED
EXP-XAI-FIDELITY-001,EXP-XAI-0001,MODEL-C1,6,B6:488,3,3,True,CORRECT_REPRESENTATIVE,SINGLE_FEATURE_ABLATION_LOCAL,ABLATION_CONSISTENCY,5,"[50, 25, 89, 40, 58]",0.5062630276208412,0.35835306701080205,0.14790996061003914,3,False,0.13988899249678363,0.27631682517719147,1,-0.0025036062401196935,0.15041356685015883,1.9948687397254934,5,BATCH_1_SAVED_SCALER_MEAN,probability,EXECUTED
EXP-XAI-FIDELITY-001,EXP-XAI-0001,MODEL-C1,6,B6:488,3,3,True,CORRECT_REPRESENTATIVE,SINGLE_FEATURE_ABLATION_LOCAL,ABLATION_CONSISTENCY,10,"[50, 25, 89, 40, 58, 122, 90, 106, 33, 81]",0.5062630276208412,0.5368219822313464,-0.030558954610505173,3,False,0.0908460815309293,0.1794444321914166,1,0.07187868977946922,-0.1024376443899744,3.214114215274407,10,BATCH_1_SAVED_SCALER_MEAN,probability,EXECUTED
EXP-XAI-FIDELITY-001,EXP-XAI-0001,MODEL-C1,6,B6:1461,5,3,False,NEAR_DECISION_BOUNDARY,INTRINSIC_COEFFICIENT,LOCAL_FIDELITY,1,[25],0.43497882498153856,0.6807447467660808,-0.2457659217845422,3,False,0.042291666548470934,0.09722695478398491,1,-0.0032615042575406335,-0.24250441752700158,0.925175474034272,1,BATCH_1_SAVED_SCALER_MEAN,probability,EXECUTED
EXP-XAI-FIDELITY-001,EXP-XAI-0001,MODEL-C1,6,B6:1461,5,3,False,NEAR_DECISION_BOUNDARY,INTRINSIC_COEFFICIENT,LOCAL_FIDELITY,3,"[25, 89, 34]",0.43497882498153856,0.8828286661361191,-0.44784984115458054,3,False,0.013920014165458365,0.03200159034419471,1,0.033510862032781044,-0.48136070318736157,1.9081479881656063,3,BATCH_1_SAVED_SCALER_MEAN,probability,EXECUTED
EXP-XAI-FIDELITY-001,EXP-XAI-0001,MODEL-C1,6,B6:1461,5,3,False,NEAR_DECISION_BOUNDARY,INTRINSIC_COEFFICIENT,LOCAL_FIDELITY,5,"[25, 89, 34, 81, 33]",0.43497882498153856,0.9614110304894503,-0.5264322055079118,3,False,0.004107078892967739,0.009442020294073056,1,0.008181280426996942,-0.5346134859349088,2.334826915372529,5,BATCH_1_SAVED_SCALER_MEAN,probability,EXECUTED
EXP-XAI-FIDELITY-001,EXP-XAI-0001,MODEL-C1,6,B6:1461,5,3,False,NEAR_DECISION_BOUNDARY,INTRINSIC_COEFFICIENT,LOCAL_FIDELITY,10,"[25, 89, 34, 81, 33, 41, 40, 42, 50, 17]",0.43497882498153856,0.9535580664966143,-0.5185792415150758,3,False,0.005288367187765769,0.012157757766691788,1,0.05431091108343809,-0.572890152598514,3.4284687264894926,10,BATCH_1_SAVED_SCALER_MEAN,probability,EXECUTED
EXP-XAI-FIDELITY-001,EXP-XAI-0001,MODEL-C1,6,B6:1461,5,3,False,NEAR_DECISION_BOUNDARY,SINGLE_FEATURE_ABLATION_LOCAL,ABLATION_CONSISTENCY,1,[25],0.43497882498153856,0.6807447467660808,-0.2457659217845422,3,False,0.042291666548470934,0.09722695478398491,1,0.019124602746765078,-0.2648905245313073,0.925175474034272,1,BATCH_1_SAVED_SCALER_MEAN,probability,EXECUTED
EXP-XAI-FIDELITY-001,EXP-XAI-0001,MODEL-C1,6,B6:1461,5,3,False,NEAR_DECISION_BOUNDARY,SINGLE_FEATURE_ABLATION_LOCAL,ABLATION_CONSISTENCY,3,"[25, 89, 81]",0.43497882498153856,0.9156866540680828,-0.48070782908654425,3,False,0.00656290270695427,0.015087867109928429,1,-0.008444011219023937,-0.4722638178675203,1.5766393908954168,3,BATCH_1_SAVED_SCALER_MEAN,probability,EXECUTED
EXP-XAI-FIDELITY-001,EXP-XAI-0001,MODEL-C1,6,B6:1461,5,3,False,NEAR_DECISION_BOUNDARY,SINGLE_FEATURE_ABLATION_LOCAL,ABLATION_CONSISTENCY,5,"[25, 89, 81, 50, 17]",0.43497882498153856,0.8946601941264807,-0.4596813691449421,3,False,0.006270709333221166,0.014416125505620436,1,0.04522343856640727,-0.5049048077113494,2.1762851687271207,5,BATCH_1_SAVED_SCALER_MEAN,probability,EXECUTED
EXP-XAI-FIDELITY-001,EXP-XAI-0001,MODEL-C1,6,B6:1461,5,3,False,NEAR_DECISION_BOUNDARY,SINGLE_FEATURE_ABLATION_LOCAL,ABLATION_CONSISTENCY,10,"[25, 89, 81, 50, 17, 40, 90, 108, 106, 58]",0.43497882498153856,0.7167996269671526,-0.28182080198561404,3,False,0.03287865829932976,0.07558680195691181,1,0.049374748579924695,-0.33119555056553873,3.463997025881236,10,BATCH_1_SAVED_SCALER_MEAN,probability,EXECUTED
EXP-XAI-FIDELITY-001,EXP-XAI-0001,MODEL-C1,6,B6:1463,5,3,False,NEAR_DECISION_BOUNDARY,INTRINSIC_COEFFICIENT,LOCAL_FIDELITY,1,[25],0.44109496783586166,0.6832984751827821,-0.24220350734692042,3,False,0.04304493969729686,0.0975865580795167,1,-0.005711136407196083,-0.23649237093972433,0.909831703880887,1,BATCH_1_SAVED_SCALER_MEAN,probability,EXECUTED
EXP-XAI-FIDELITY-001,EXP-XAI-0001,MODEL-C1,6,B6:1463,5,3,False,NEAR_DECISION_BOUNDARY,INTRINSIC_COEFFICIENT,LOCAL_FIDELITY,3,"[25, 89, 40]",0.44109496783586166,0.7384720895713573,-0.2973771217354957,3,False,0.03053211746742028,0.06921892039988486,1,0.04032840601394602,-0.33770552774944174,1.729121519123591,3,BATCH_1_SAVED_SCALER_MEAN,probability,EXECUTED
EXP-XAI-FIDELITY-001,EXP-XAI-0001,MODEL-C1,6,B6:1463,5,3,False,NEAR_DECISION_BOUNDARY,INTRINSIC_COEFFICIENT,LOCAL_FIDELITY,5,"[25, 89, 40, 34, 81]",0.44109496783586166,0.8831531721978236,-0.44205820436196197,3,False,0.01341602334324004,0.030415271815643,1,-0.010137485177503115,-0.43192071918445885,2.3688558205002,5,BATCH_1_SAVED_SCALER_MEAN,probability,EXECUTED
EXP-XAI-FIDELITY-001,EXP-XAI-0001,MODEL-C1,6,B6:1463,5,3,False,NEAR_DECISION_BOUNDARY,INTRINSIC_COEFFICIENT,LOCAL_FIDELITY,10,"[25, 89, 40, 34, 81, 33, 41, 42, 50, 90]",0.44109496783586166,0.9451006527260808,-0.5040056848902191,3,False,0.006366962620897847,0.014434448554550488,1,0.03209998951556928,-0.5361056744057884,3.6180397795430084,10,BATCH_1_SAVED_SCALER_MEAN,probability,EXECUTED
EXP-XAI-FIDELITY-001,EXP-XAI-0001,MODEL-C1,6,B6:1463,5,3,False,NEAR_DECISION_BOUNDARY,SINGLE_FEATURE_ABLATION_LOCAL,ABLATION_CONSISTENCY,1,[25],0.44109496783586166,0.6832984751827821,-0.24220350734692042,3,False,0.04304493969729686,0.0975865580795167,1,0.001398687676668614,-0.24360219502358904,0.909831703880887,1,BATCH_1_SAVED_SCALER_MEAN,probability,EXECUTED
EXP-XAI-FIDELITY-001,EXP-XAI-0001,MODEL-C1,6,B6:1463,5,3,False,NEAR_DECISION_BOUNDARY,SINGLE_FEATURE_ABLATION_LOCAL,ABLATION_CONSISTENCY,3,"[25, 89, 81]",0.44109496783586166,0.9141290032293181,-0.47303403539345645,3,False,0.006973632901866511,0.015809821943970823,1,0.02561528968800938,-0.4986493250814658,1.5448128005176938,3,BATCH_1_SAVED_SCALER_MEAN,probability,EXECUTED
EXP-XAI-FIDELITY-001,EXP-XAI-0001,MODEL-C1,6,B6:1463,5,3,False,NEAR_DECISION_BOUNDARY,SINGLE_FEATURE_ABLATION_LOCAL,ABLATION_CONSISTENCY,5,"[25, 89, 81, 40, 50]",0.44109496783586166,0.7278036319842279,-0.28670866414836627,3,False,0.025430622888749196,0.05765339607821672,1,-0.021494478612011633,-0.2652141855363546,2.262735092656975,5,BATCH_1_SAVED_SCALER_MEAN,probability,EXECUTED
EXP-XAI-FIDELITY-001,EXP-XAI-0001,MODEL-C1,6,B6:1463,5,3,False,NEAR_DECISION_BOUNDARY,SINGLE_FEATURE_ABLATION_LOCAL,ABLATION_CONSISTENCY,10,"[25, 89, 81, 40, 50, 17, 90, 108, 106, 58]",0.44109496783586166,0.6919168597133236,-0.25082189187746196,3,False,0.03858986507987403,0.0874865230705464,1,0.03366556138984747,-0.2844874532673094,3.4875723904096936,10,BATCH_1_SAVED_SCALER_MEAN,probability,EXECUTED
EXP-XAI-FIDELITY-001,EXP-XAI-0001,MODEL-C1,6,B6:1464,5,3,False,NEAR_DECISION_BOUNDARY,INTRINSIC_COEFFICIENT,LOCAL_FIDELITY,1,[25],0.4382051217671861,0.6736222927731641,-0.23541717100597798,3,False,0.04440526454408125,0.10133442613588006,1,-0.008479219794217322,-0.22693795121176066,0.882758007333766,1,BATCH_1_SAVED_SCALER_MEAN,probability,EXECUTED
EXP-XAI-FIDELITY-001,EXP-XAI-0001,MODEL-C1,6,B6:1464,5,3,False,NEAR_DECISION_BOUNDARY,INTRINSIC_COEFFICIENT,LOCAL_FIDELITY,3,"[25, 89, 34]",0.4382051217671861,0.8701845831710291,-0.43197946140384297,3,False,0.015555568568590177,0.03549837232814155,1,0.02681977106876888,-0.45879923247261184,1.8518545173174612,3,BATCH_1_SAVED_SCALER_MEAN,probability,EXECUTED
EXP-XAI-FIDELITY-001,EXP-XAI-0001,MODEL-C1,6,B6:1464,5,3,False,NEAR_DECISION_BOUNDARY,INTRINSIC_COEFFICIENT,LOCAL_FIDELITY,5,"[25, 89, 34, 33, 81]",0.4382051217671861,0.9539645277489099,-0.5157594059817239,3,False,0.004836028519825502,0.011035992688362127,1,0.051930854856534085,-0.5676902608382579,2.2599055030175137,5,BATCH_1_SAVED_SCALER_MEAN,probability,EXECUTED
EXP-XAI-FIDELITY-001,EXP-XAI-0001,MODEL-C1,6,B6:1464,5,3,False,NEAR_DECISION_BOUNDARY,INTRINSIC_COEFFICIENT,LOCAL_FIDELITY,10,"[25, 89, 34, 33, 81, 41, 40, 42, 50, 90]",0.4382051217671861,0.9436415388109225,-0.5054364170437364,3,False,0.0064078347581841555,0.014622911599806842,1,0.06035340519303699,-0.5657898222367734,3.537550224569198,10,BATCH_1_SAVED_SCALER_MEAN,probability,EXECUTED
EXP-XAI-FIDELITY-001,EXP-XAI-0001,MODEL-C1,6,B6:1464,5,3,False,NEAR_DECISION_BOUNDARY,SINGLE_FEATURE_ABLATION_LOCAL,ABLATION_CONSISTENCY,1,[25],0.4382051217671861,0.6736222927731641,-0.23541717100597798,3,False,0.04440526454408125,0.10133442613588006,1,-0.022178489418562746,-0.21323868158741524,0.882758007333766,1,BATCH_1_SAVED_SCALER_MEAN,probability,EXECUTED
EXP-XAI-FIDELITY-001,EXP-XAI-0001,MODEL-C1,6,B6:1464,5,3,False,NEAR_DECISION_BOUNDARY,SINGLE_FEATURE_ABLATION_LOCAL,ABLATION_CONSISTENCY,3,"[25, 89, 81]",0.4382051217671861,0.9057855517062652,-0.46758042993907906,3,False,0.007634823519463852,0.017422944507527127,1,0.006167514091419535,-0.4737479440304986,1.4971672799161573,3,BATCH_1_SAVED_SCALER_MEAN,probability,EXECUTED
EXP-XAI-FIDELITY-001,EXP-XAI-0001,MODEL-C1,6,B6:1464,5,3,False,NEAR_DECISION_BOUNDARY,SINGLE_FEATURE_ABLATION_LOCAL,ABLATION_CONSISTENCY,5,"[25, 89, 81, 50, 40]",0.4382051217671861,0.7300435333205244,-0.2918384115533383,3,False,0.025390953533939258,0.05794307796208099,1,0.011073326202740468,-0.30291173775607877,2.1550667312837164,5,BATCH_1_SAVED_SCALER_MEAN,probability,EXECUTED
EXP-XAI-FIDELITY-001,EXP-XAI-0001,MODEL-C1,6,B6:1464,5,3,False,NEAR_DECISION_BOUNDARY,SINGLE_FEATURE_ABLATION_LOCAL,ABLATION_CONSISTENCY,10,"[25, 89, 81, 50, 40, 17, 90, 106, 108, 58]",0.4382051217671861,0.6925647524203025,-0.25435963065311634,3,False,0.03875529822825769,0.08844099784129858,1,0.07314882481364204,-0.3275084554667584,3.4021315906101264,10,BATCH_1_SAVED_SCALER_MEAN,probability,EXECUTED
EXP-XAI-FIDELITY-001,EXP-XAI-0001,MODEL-C1,6,B6:1539,5,1,False,NEAR_DECISION_BOUNDARY,INTRINSIC_COEFFICIENT,LOCAL_FIDELITY,1,[106],0.43542729126381424,0.633705981156247,-0.19827868989243275,1,False,0.6708577314550842,1.5406882961055115,1,-0.020118495883223262,-0.1781601940092095,1.4882035155115645,1,BATCH_1_SAVED_SCALER_MEAN,probability,EXECUTED
EXP-XAI-FIDELITY-001,EXP-XAI-0001,MODEL-C1,6,B6:1539,5,1,False,NEAR_DECISION_BOUNDARY,INTRINSIC_COEFFICIENT,LOCAL_FIDELITY,3,"[106, 98, 42]",0.43542729126381424,0.7609968913436544,-0.3255696000798402,1,False,0.36439122446563993,0.8368589470081347,1,-0.010243540194574248,-0.31532605988526596,2.4906432938604053,3,BATCH_1_SAVED_SCALER_MEAN,probability,EXECUTED
EXP-XAI-FIDELITY-001,EXP-XAI-0001,MODEL-C1,6,B6:1539,5,1,False,NEAR_DECISION_BOUNDARY,INTRINSIC_COEFFICIENT,LOCAL_FIDELITY,5,"[106, 98, 42, 34, 108]",0.43542729126381424,0.8597774231606973,-0.42435013189688303,1,False,0.1374712097865749,0.3157156488459163,2,-0.0619223059150835,-0.3624278259817995,2.943882630455359,5,BATCH_1_SAVED_SCALER_MEAN,probability,EXECUTED
EXP-XAI-FIDELITY-001,EXP-XAI-0001,MODEL-C1,6,B6:1539,5,1,False,NEAR_DECISION_BOUNDARY,INTRINSIC_COEFFICIENT,LOCAL_FIDELITY,10,"[106, 98, 42, 34, 108, 25, 89, 26, 100, 81]",0.43542729126381424,0.21821222579461363,0.2172150654692006,3,True,0.36934984721425024,0.8482468936253943,2,-0.04534863856549036,0.262563704034691,3.607771480222021,10,BATCH_1_SAVED_SCALER_MEAN,probability,EXECUTED
EXP-XAI-FIDELITY-001,EXP-XAI-0001,MODEL-C1,6,B6:1539,5,1,False,NEAR_DECISION_BOUNDARY,SINGLE_FEATURE_ABLATION_LOCAL,ABLATION_CONSISTENCY,1,[25],0.43542729126381424,0.223432813821656,0.21199447744215824,3,True,0.9108355782497284,2.091820142017411,1,0.005593656302467683,0.20640082113969055,0.9118258069222147,1,BATCH_1_SAVED_SCALER_MEAN,probability,EXECUTED
EXP-XAI-FIDELITY-001,EXP-XAI-0001,MODEL-C1,6,B6:1539,5,1,False,NEAR_DECISION_BOUNDARY,SINGLE_FEATURE_ABLATION_LOCAL,ABLATION_CONSISTENCY,3,"[25, 89, 106]",0.43542729126381424,0.18532345058989505,0.2501038406739192,3,True,0.8660173135130395,1.9888907537225124,1,-0.005067688620932372,0.2551715292948516,1.9602404556854012,3,BATCH_1_SAVED_SCALER_MEAN,probability,EXECUTED
EXP-XAI-FIDELITY-001,EXP-XAI-0001,MODEL-C1,6,B6:1539,5,1,False,NEAR_DECISION_BOUNDARY,SINGLE_FEATURE_ABLATION_LOCAL,ABLATION_CONSISTENCY,5,"[25, 89, 106, 81, 108]",0.43542729126381424,0.16416762690279704,0.2712596643610172,3,True,0.8565343435789062,1.9671122154351919,1,-0.0011719871126737891,0.272431651473691,2.2718629303890787,5,BATCH_1_SAVED_SCALER_MEAN,probability,EXECUTED
EXP-XAI-FIDELITY-001,EXP-XAI-0001,MODEL-C1,6,B6:1539,5,1,False,NEAR_DECISION_BOUNDARY,SINGLE_FEATURE_ABLATION_LOCAL,ABLATION_CONSISTENCY,10,"[25, 89, 106, 81, 108, 26, 40, 17, 90, 98]",0.43542729126381424,0.08672908373069434,0.3486982075331199,3,True,0.8739172021390855,2.007033595902011,1,-0.027449339967661635,0.37614754750078155,3.6244691766982515,10,BATCH_1_SAVED_SCALER_MEAN,probability,EXECUTED
EXP-XAI-FIDELITY-001,EXP-XAI-0001,MODEL-C1,6,B6:1562,5,1,False,NEAR_DECISION_BOUNDARY,INTRINSIC_COEFFICIENT,LOCAL_FIDELITY,1,[106],0.4248155543425935,0.629827207384107,-0.20501165304151353,1,False,0.6701391951997573,1.5774827177333577,1,0.018629715518106476,-0.22364136855962,1.4938732852594363,1,BATCH_1_SAVED_SCALER_MEAN,probability,EXECUTED
EXP-XAI-FIDELITY-001,EXP-XAI-0001,MODEL-C1,6,B6:1562,5,1,False,NEAR_DECISION_BOUNDARY,INTRINSIC_COEFFICIENT,LOCAL_FIDELITY,3,"[106, 98, 42]",0.4248155543425935,0.7621502993576434,-0.33733474501504995,1,False,0.3608175499248355,0.8493510801015853,1,-0.011379495982287805,-0.32595524903276213,2.505157254239353,3,BATCH_1_SAVED_SCALER_MEAN,probability,EXECUTED
EXP-XAI-FIDELITY-001,EXP-XAI-0001,MODEL-C1,6,B6:1562,5,1,False,NEAR_DECISION_BOUNDARY,INTRINSIC_COEFFICIENT,LOCAL_FIDELITY,5,"[106, 98, 42, 108, 34]",0.4248155543425935,0.8620361315307219,-0.4372205771881284,1,False,0.13412798091530245,0.3157322737931922,2,-0.015663114016167056,-0.42155746317196136,2.9595812715231866,5,BATCH_1_SAVED_SCALER_MEAN,probability,EXECUTED
EXP-XAI-FIDELITY-001,EXP-XAI-0001,MODEL-C1,6,B6:1562,5,1,False,NEAR_DECISION_BOUNDARY,INTRINSIC_COEFFICIENT,LOCAL_FIDELITY,10,"[106, 98, 42, 108, 34, 25, 89, 26, 100, 81]",0.4248155543425935,0.22935108240983804,0.19546447193275546,3,True,0.3591206559087256,0.8453566547591898,2,-0.0044315537852219885,0.19989602571797743,3.6140393812921685,10,BATCH_1_SAVED_SCALER_MEAN,probability,EXECUTED
EXP-XAI-FIDELITY-001,EXP-XAI-0001,MODEL-C1,6,B6:1562,5,1,False,NEAR_DECISION_BOUNDARY,SINGLE_FEATURE_ABLATION_LOCAL,ABLATION_CONSISTENCY,1,[106],0.4248155543425935,0.629827207384107,-0.20501165304151353,1,False,0.6701391951997573,1.5774827177333577,1,0.00938049816339265,-0.21439215120490618,1.4938732852594363,1,BATCH_1_SAVED_SCALER_MEAN,probability,EXECUTED
EXP-XAI-FIDELITY-001,EXP-XAI-0001,MODEL-C1,6,B6:1562,5,1,False,NEAR_DECISION_BOUNDARY,SINGLE_FEATURE_ABLATION_LOCAL,ABLATION_CONSISTENCY,3,"[106, 25, 89]",0.4248155543425935,0.18840436990854664,0.23641118443404685,3,True,0.8643647084529344,2.0346823453546747,1,-0.03472993538901348,0.27114111982306033,1.9549501725877518,3,BATCH_1_SAVED_SCALER_MEAN,probability,EXECUTED
EXP-XAI-FIDELITY-001,EXP-XAI-0001,MODEL-C1,6,B6:1562,5,1,False,NEAR_DECISION_BOUNDARY,SINGLE_FEATURE_ABLATION_LOCAL,ABLATION_CONSISTENCY,5,"[106, 25, 89, 108, 81]",0.4248155543425935,0.17239646767592243,0.25241908666667107,3,True,0.8521868608758693,2.006016145511991,1,-0.0193136925114029,0.271732779178074,2.262604127355494,5,BATCH_1_SAVED_SCALER_MEAN,probability,EXECUTED
EXP-XAI-FIDELITY-001,EXP-XAI-0001,MODEL-C1,6,B6:1562,5,1,False,NEAR_DECISION_BOUNDARY,SINGLE_FEATURE_ABLATION_LOCAL,ABLATION_CONSISTENCY,10,"[106, 25, 89, 108, 81, 26, 17, 98, 90, 100]",0.4248155543425935,0.07029547289991175,0.35452008144268177,3,True,0.7955626042092986,1.872724753311917,1,0.01818171307019518,0.3363383683724866,3.47113847852273,10,BATCH_1_SAVED_SCALER_MEAN,probability,EXECUTED
EXP-XAI-FIDELITY-001,EXP-XAI-0001,MODEL-C1,10,B10:0,4,1,False,MISCLASSIFIED,INTRINSIC_COEFFICIENT,LOCAL_FIDELITY,1,[106],0.9070371593583346,0.9579046717239944,-0.050867512365659784,1,False,0.6707478833798594,0.7394932792548065,1,-0.0015526390058788345,-0.04931487335978095,1.4890707993714472,1,BATCH_1_SAVED_SCALER_MEAN,probability,EXECUTED
EXP-XAI-FIDELITY-001,EXP-XAI-0001,MODEL-C1,10,B10:0,4,1,False,MISCLASSIFIED,INTRINSIC_COEFFICIENT,LOCAL_FIDELITY,3,"[106, 25, 89]",0.9070371593583346,0.8839344161195443,0.023102743238790358,1,False,0.9076961788918734,1.0007265628830522,1,-0.014081593852261091,0.03718433709105145,2.5157934422154393,3,BATCH_1_SAVED_SCALER_MEAN,probability,EXECUTED
EXP-XAI-FIDELITY-001,EXP-XAI-0001,MODEL-C1,10,B10:0,4,1,False,MISCLASSIFIED,INTRINSIC_COEFFICIENT,LOCAL_FIDELITY,5,"[106, 25, 89, 98, 101]",0.9070371593583346,0.8690500845824954,0.03798707477583918,1,False,0.8836532214561226,0.9742194267776697,1,-0.003214324156863113,0.04120139893270229,3.190896942772395,5,BATCH_1_SAVED_SCALER_MEAN,probability,EXECUTED
EXP-XAI-FIDELITY-001,EXP-XAI-0001,MODEL-C1,10,B10:0,4,1,False,MISCLASSIFIED,INTRINSIC_COEFFICIENT,LOCAL_FIDELITY,10,"[106, 25, 89, 98, 101, 81, 42, 105, 34, 26]",0.9070371593583346,0.7090893736707069,0.19794778568762772,1,False,0.6490007730218424,0.7155172931183603,1,-0.01571674140974895,0.21366452709737666,4.45164999751945,10,BATCH_1_SAVED_SCALER_MEAN,probability,EXECUTED
EXP-XAI-FIDELITY-001,EXP-XAI-0001,MODEL-C1,10,B10:0,4,1,False,MISCLASSIFIED,SINGLE_FEATURE_ABLATION_LOCAL,ABLATION_CONSISTENCY,1,[66],0.9070371593583346,0.8411312008736936,0.06590595848464098,1,False,0.8215859027753215,0.9057907873989817,1,-0.003860600068106801,0.06976655855274778,0.4095921146964657,1,BATCH_1_SAVED_SCALER_MEAN,probability,EXECUTED
EXP-XAI-FIDELITY-001,EXP-XAI-0001,MODEL-C1,10,B10:0,4,1,False,MISCLASSIFIED,SINGLE_FEATURE_ABLATION_LOCAL,ABLATION_CONSISTENCY,3,"[66, 89, 106]",0.9070371593583346,0.8737338405276575,0.033303318830677164,1,False,0.8342916177506607,0.9197987195374264,1,-0.007165492570230225,0.04046881140090739,2.122579047963439,3,BATCH_1_SAVED_SCALER_MEAN,probability,EXECUTED
EXP-XAI-FIDELITY-001,EXP-XAI-0001,MODEL-C1,10,B10:0,4,1,False,MISCLASSIFIED,SINGLE_FEATURE_ABLATION_LOCAL,ABLATION_CONSISTENCY,5,"[66, 89, 106, 74, 105]",0.9070371593583346,0.8924433145018333,0.014593844856501281,1,False,0.7181912946502098,0.7917991972437821,1,-0.012288220532212372,0.026882065388713655,2.6090998548547257,5,BATCH_1_SAVED_SCALER_MEAN,probability,EXECUTED
EXP-XAI-FIDELITY-001,EXP-XAI-0001,MODEL-C1,10,B10:0,4,1,False,MISCLASSIFIED,SINGLE_FEATURE_ABLATION_LOCAL,ABLATION_CONSISTENCY,10,"[66, 89, 106, 74, 105, 42, 34, 68, 101, 67]",0.9070371593583346,0.8947442231014495,0.0122929362568851,1,False,0.4768272476518396,0.5256975888277405,1,-0.018640320897102648,0.03093325715398775,3.618286840670632,10,BATCH_1_SAVED_SCALER_MEAN,probability,EXECUTED
EXP-XAI-FIDELITY-001,EXP-XAI-0001,MODEL-C1,10,B10:1,3,1,False,MISCLASSIFIED,INTRINSIC_COEFFICIENT,LOCAL_FIDELITY,1,[106],0.567449922038428,0.8400316899361258,-0.2725817678976977,1,False,0.6352712920446906,1.1195195688152189,1,0.014539585350276074,-0.2871213532479738,1.760477919565254,1,BATCH_1_SAVED_SCALER_MEAN,probability,EXECUTED
EXP-XAI-FIDELITY-001,EXP-XAI-0001,MODEL-C1,10,B10:1,3,1,False,MISCLASSIFIED,INTRINSIC_COEFFICIENT,LOCAL_FIDELITY,3,"[106, 98, 25]",0.567449922038428,0.7495394239565741,-0.1820895019181461,1,False,0.6473120420440475,1.140738621865933,1,0.03694583431466204,-0.21903533623280813,2.870682433012449,3,BATCH_1_SAVED_SCALER_MEAN,probability,EXECUTED
EXP-XAI-FIDELITY-001,EXP-XAI-0001,MODEL-C1,10,B10:1,3,1,False,MISCLASSIFIED,INTRINSIC_COEFFICIENT,LOCAL_FIDELITY,5,"[106, 98, 25, 89, 42]",0.567449922038428,0.4107216233460172,0.15672829869241084,3,True,0.52024164354541,0.9168062649062783,1,0.03961978318997075,0.11710851550244009,3.5883652531124564,5,BATCH_1_SAVED_SCALER_MEAN,probability,EXECUTED
EXP-XAI-FIDELITY-001,EXP-XAI-0001,MODEL-C1,10,B10:1,3,1,False,MISCLASSIFIED,INTRINSIC_COEFFICIENT,LOCAL_FIDELITY,10,"[106, 98, 25, 89, 42, 108, 105, 81, 34, 100]",0.567449922038428,0.44983058751461236,0.11761933452381568,3,True,0.05551956809709816,0.09784047180349836,2,-0.030720816582497954,0.14834015110631363,4.670542407148781,10,BATCH_1_SAVED_SCALER_MEAN,probability,EXECUTED
EXP-XAI-FIDELITY-001,EXP-XAI-0001,MODEL-C1,10,B10:1,3,1,False,MISCLASSIFIED,SINGLE_FEATURE_ABLATION_LOCAL,ABLATION_CONSISTENCY,1,[106],0.567449922038428,0.8400316899361258,-0.2725817678976977,1,False,0.6352712920446906,1.1195195688152189,1,-0.004032345405552438,-0.2685494224921453,1.760477919565254,1,BATCH_1_SAVED_SCALER_MEAN,probability,EXECUTED
EXP-XAI-FIDELITY-001,EXP-XAI-0001,MODEL-C1,10,B10:1,3,1,False,MISCLASSIFIED,SINGLE_FEATURE_ABLATION_LOCAL,ABLATION_CONSISTENCY,3,"[106, 25, 89]",0.567449922038428,0.2587965223176102,0.30865339972081784,3,True,0.8932494125864353,1.5741466830723152,1,0.0412489344628795,0.2674044652579384,2.7176949171615923,3,BATCH_1_SAVED_SCALER_MEAN,probability,EXECUTED
EXP-XAI-FIDELITY-001,EXP-XAI-0001,MODEL-C1,10,B10:1,3,1,False,MISCLASSIFIED,SINGLE_FEATURE_ABLATION_LOCAL,ABLATION_CONSISTENCY,5,"[106, 25, 89, 98, 81]",0.567449922038428,0.13806525042545342,0.4293846716129746,3,True,0.824533262833385,1.453050270711901,1,0.02267708392420597,0.40670758768876863,3.5313165128027415,5,BATCH_1_SAVED_SCALER_MEAN,probability,EXECUTED
EXP-XAI-FIDELITY-001,EXP-XAI-0001,MODEL-C1,10,B10:1,3,1,False,MISCLASSIFIED,SINGLE_FEATURE_ABLATION_LOCAL,ABLATION_CONSISTENCY,10,"[106, 25, 89, 98, 81, 42, 26, 105, 34, 108]",0.567449922038428,0.1798628064269671,0.387587115611461,3,True,0.1896137336094954,0.33415060297894383,2,0.036712410267629926,0.35087470534383103,4.774108380761613,10,BATCH_1_SAVED_SCALER_MEAN,probability,EXECUTED
EXP-XAI-FIDELITY-001,EXP-XAI-0001,MODEL-C1,10,B10:2,4,1,False,MISCLASSIFIED,INTRINSIC_COEFFICIENT,LOCAL_FIDELITY,1,[101],0.9964834307464085,0.9906585500321662,0.005824880714242364,1,False,0.9452882794211569,0.9486241820529777,1,0.00029258677950159127,0.005532293934740773,2.327727458435002,1,BATCH_1_SAVED_SCALER_MEAN,probability,EXECUTED
EXP-XAI-FIDELITY-001,EXP-XAI-0001,MODEL-C1,10,B10:2,4,1,False,MISCLASSIFIED,INTRINSIC_COEFFICIENT,LOCAL_FIDELITY,3,"[101, 100, 108]",0.9964834307464085,0.9713165325842044,0.025166898162204188,1,False,0.9868720811816202,0.9903547321829635,1,0.00033033970983668,0.024836558452367506,2.801914437856919,3,BATCH_1_SAVED_SCALER_MEAN,probability,EXECUTED
EXP-XAI-FIDELITY-001,EXP-XAI-0001,MODEL-C1,10,B10:2,4,1,False,MISCLASSIFIED,INTRINSIC_COEFFICIENT,LOCAL_FIDELITY,5,"[101, 100, 108, 109, 37]",0.9964834307464085,0.9731775570034196,0.02330587374298898,1,False,0.9841279990946248,0.9876009662874886,1,0.0006939063498541194,0.02261196739313486,4.010347076638087,5,BATCH_1_SAVED_SCALER_MEAN,probability,EXECUTED
EXP-XAI-FIDELITY-001,EXP-XAI-0001,MODEL-C1,10,B10:2,4,1,False,MISCLASSIFIED,INTRINSIC_COEFFICIENT,LOCAL_FIDELITY,10,"[101, 100, 108, 109, 37, 66, 112, 36, 74, 10]",0.9964834307464085,0.9792732206677657,0.017210210078642874,1,False,0.9442022868334222,0.9475343570200404,1,0.0014225775428773717,0.0157876325357655,5.842865605146793,10,BATCH_1_SAVED_SCALER_MEAN,probability,EXECUTED
EXP-XAI-FIDELITY-001,EXP-XAI-0001,MODEL-C1,10,B10:2,4,1,False,MISCLASSIFIED,SINGLE_FEATURE_ABLATION_LOCAL,ABLATION_CONSISTENCY,1,[101],0.9964834307464085,0.9906585500321662,0.005824880714242364,1,False,0.9452882794211569,0.9486241820529777,1,0.00028027946679148874,0.0055446012474508755,2.327727458435002,1,BATCH_1_SAVED_SCALER_MEAN,probability,EXECUTED
EXP-XAI-FIDELITY-001,EXP-XAI-0001,MODEL-C1,10,B10:2,4,1,False,MISCLASSIFIED,SINGLE_FEATURE_ABLATION_LOCAL,ABLATION_CONSISTENCY,3,"[101, 109, 108]",0.9964834307464085,0.9692612622650832,0.027222168481325304,1,False,0.9860576100404879,0.9895373867901534,1,0.00048063687440560814,0.026741531606919697,3.130813739886577,3,BATCH_1_SAVED_SCALER_MEAN,probability,EXECUTED
EXP-XAI-FIDELITY-001,EXP-XAI-0001,MODEL-C1,10,B10:2,4,1,False,MISCLASSIFIED,SINGLE_FEATURE_ABLATION_LOCAL,ABLATION_CONSISTENCY,5,"[101, 109, 108, 100, 74]",0.9964834307464085,0.9767979223329118,0.0196855084134967,1,False,0.9911018900001786,0.9945994679086646,1,0.0004349094993001179,0.01925059891419658,3.720444494478808,5,BATCH_1_SAVED_SCALER_MEAN,probability,EXECUTED
EXP-XAI-FIDELITY-001,EXP-XAI-0001,MODEL-C1,10,B10:2,4,1,False,MISCLASSIFIED,SINGLE_FEATURE_ABLATION_LOCAL,ABLATION_CONSISTENCY,10,"[101, 109, 108, 100, 74, 66, 2, 10, 37, 45]",0.9964834307464085,0.9258648028297558,0.07061862791665274,1,False,0.8905281593047903,0.893670814614295,1,0.0018733242800380468,0.0687453036366147,5.850007454361368,10,BATCH_1_SAVED_SCALER_MEAN,probability,EXECUTED
EXP-XAI-FIDELITY-001,EXP-XAI-0001,MODEL-C1,10,B10:3,3,2,False,MISCLASSIFIED,INTRINSIC_COEFFICIENT,LOCAL_FIDELITY,1,[34],0.7199588070795292,0.49043032010873566,0.22952848697079353,2,False,0.027087880049784744,0.037624208195556556,1,0.023910812629247165,0.20561767434154637,1.1124766016861267,1,BATCH_1_SAVED_SCALER_MEAN,probability,EXECUTED
EXP-XAI-FIDELITY-001,EXP-XAI-0001,MODEL-C1,10,B10:3,3,2,False,MISCLASSIFIED,INTRINSIC_COEFFICIENT,LOCAL_FIDELITY,3,"[34, 10, 105]",0.7199588070795292,0.18000203231793752,0.5399567747615917,1,True,0.1142112223921343,0.15863577369853346,1,0.04134944223417518,0.49860733252741646,1.8836905001559792,3,BATCH_1_SAVED_SCALER_MEAN,probability,EXECUTED
EXP-XAI-FIDELITY-001,EXP-XAI-0001,MODEL-C1,10,B10:3,3,2,False,MISCLASSIFIED,INTRINSIC_COEFFICIENT,LOCAL_FIDELITY,5,"[34, 10, 105, 97, 98]",0.7199588070795292,0.03497066641010842,0.6849881406694208,1,True,0.39650046028596747,0.55072659211483,2,0.1177945751046576,0.5671935655647632,2.4986789102675715,5,BATCH_1_SAVED_SCALER_MEAN,probability,EXECUTED
EXP-XAI-FIDELITY-001,EXP-XAI-0001,MODEL-C1,10,B10:3,3,2,False,MISCLASSIFIED,INTRINSIC_COEFFICIENT,LOCAL_FIDELITY,10,"[34, 10, 105, 97, 98, 2, 74, 42, 66, 106]",0.7199588070795292,0.001509743723837131,0.718449063355692,1,True,0.9180681387087435,1.2751675924805104,2,0.12914023550946183,0.5893088278462302,3.433641287111324,10,BATCH_1_SAVED_SCALER_MEAN,probability,EXECUTED
EXP-XAI-FIDELITY-001,EXP-XAI-0001,MODEL-C1,10,B10:3,3,2,False,MISCLASSIFIED,SINGLE_FEATURE_ABLATION_LOCAL,ABLATION_CONSISTENCY,1,[106],0.7199588070795292,0.485786346766396,0.2341724603131332,2,False,0.02925648191063279,0.04063632755505832,1,-0.004526068603630754,0.23869852891676396,1.170215191332515,1,BATCH_1_SAVED_SCALER_MEAN,probability,EXECUTED
EXP-XAI-FIDELITY-001,EXP-XAI-0001,MODEL-C1,10,B10:3,3,2,False,MISCLASSIFIED,SINGLE_FEATURE_ABLATION_LOCAL,ABLATION_CONSISTENCY,3,"[106, 34, 105]",0.7199588070795292,0.11817327039582179,0.6017855366837074,1,True,0.157361063102411,0.21856953697217338,1,0.03231601398083652,0.5694695227028709,2.0050998981791595,3,BATCH_1_SAVED_SCALER_MEAN,probability,EXECUTED
EXP-XAI-FIDELITY-001,EXP-XAI-0001,MODEL-C1,10,B10:3,3,2,False,MISCLASSIFIED,SINGLE_FEATURE_ABLATION_LOCAL,ABLATION_CONSISTENCY,5,"[106, 34, 105, 98, 42]",0.7199588070795292,0.019367350278027003,0.7005914568015021,1,True,0.47889869834968396,0.6651751373002971,2,0.07585282601125803,0.624738630790244,2.5664212506699617,5,BATCH_1_SAVED_SCALER_MEAN,probability,EXECUTED
EXP-XAI-FIDELITY-001,EXP-XAI-0001,MODEL-C1,10,B10:3,3,2,False,MISCLASSIFIED,SINGLE_FEATURE_ABLATION_LOCAL,ABLATION_CONSISTENCY,10,"[106, 34, 105, 98, 42, 97, 41, 33, 10, 2]",0.7199588070795292,0.0008623291269258379,0.7190964779526033,1,True,0.951487709402795,1.321586318615157,2,0.13834257239114728,0.5807539055614561,3.4372704165697834,10,BATCH_1_SAVED_SCALER_MEAN,probability,EXECUTED
EXP-XAI-FIDELITY-001,EXP-XAI-0001,MODEL-C1,10,B10:4,4,1,False,MISCLASSIFIED,INTRINSIC_COEFFICIENT,LOCAL_FIDELITY,1,[101],0.983286758060477,0.9653065258095409,0.017980232250936146,1,False,0.934035701949353,0.9499118078145675,1,-2.4878590925991873e-05,0.018005110841862137,1.9728136121484705,1,BATCH_1_SAVED_SCALER_MEAN,probability,EXECUTED
EXP-XAI-FIDELITY-001,EXP-XAI-0001,MODEL-C1,10,B10:4,4,1,False,MISCLASSIFIED,INTRINSIC_COEFFICIENT,LOCAL_FIDELITY,3,"[101, 109, 37]",0.983286758060477,0.964864627211255,0.018422130849222063,1,False,0.9249548047504242,0.9406765596791805,1,0.0009696201913588331,0.01745251065786323,2.9823638137639708,3,BATCH_1_SAVED_SCALER_MEAN,probability,EXECUTED
EXP-XAI-FIDELITY-001,EXP-XAI-0001,MODEL-C1,10,B10:4,4,1,False,MISCLASSIFIED,INTRINSIC_COEFFICIENT,LOCAL_FIDELITY,5,"[101, 109, 37, 112, 100]",0.983286758060477,0.9671134141289254,0.016173343931551676,1,False,0.9176651754534033,0.9332630262035547,1,-0.003030414700562626,0.019203758632114303,3.268859290923245,5,BATCH_1_SAVED_SCALER_MEAN,probability,EXECUTED
EXP-XAI-FIDELITY-001,EXP-XAI-0001,MODEL-C1,10,B10:4,4,1,False,MISCLASSIFIED,INTRINSIC_COEFFICIENT,LOCAL_FIDELITY,10,"[101, 109, 37, 112, 100, 25, 108, 89, 81, 36]",0.983286758060477,0.915011852231084,0.068274905829393,1,False,0.9864476464362826,1.0032146150142816,1,-0.0014810321421016015,0.0697559379714946,3.6420402136920087,10,BATCH_1_SAVED_SCALER_MEAN,probability,EXECUTED
EXP-XAI-FIDELITY-001,EXP-XAI-0001,MODEL-C1,10,B10:4,4,1,False,MISCLASSIFIED,SINGLE_FEATURE_ABLATION_LOCAL,ABLATION_CONSISTENCY,1,[101],0.983286758060477,0.9653065258095409,0.017980232250936146,1,False,0.934035701949353,0.9499118078145675,1,0.00019551088989231414,0.01778472136104383,1.9728136121484705,1,BATCH_1_SAVED_SCALER_MEAN,probability,EXECUTED
EXP-XAI-FIDELITY-001,EXP-XAI-0001,MODEL-C1,10,B10:4,4,1,False,MISCLASSIFIED,SINGLE_FEATURE_ABLATION_LOCAL,ABLATION_CONSISTENCY,3,"[101, 109, 66]",0.983286758060477,0.9721658679623992,0.011120890098077818,1,False,0.9601878271466726,0.9765084491126812,1,-0.002034537352218446,0.013155427450296265,2.599835840648526,3,BATCH_1_SAVED_SCALER_MEAN,probability,EXECUTED
EXP-XAI-FIDELITY-001,EXP-XAI-0001,MODEL-C1,10,B10:4,4,1,False,MISCLASSIFIED,SINGLE_FEATURE_ABLATION_LOCAL,ABLATION_CONSISTENCY,5,"[101, 109, 66, 74, 10]",0.983286758060477,0.9802323267434183,0.0030544313170587367,1,False,0.9564290855567643,0.972685818980529,1,-0.002157451981214568,0.005211883298273304,3.3030799968148497,5,BATCH_1_SAVED_SCALER_MEAN,probability,EXECUTED
EXP-XAI-FIDELITY-001,EXP-XAI-0001,MODEL-C1,10,B10:4,4,1,False,MISCLASSIFIED,SINGLE_FEATURE_ABLATION_LOCAL,ABLATION_CONSISTENCY,10,"[101, 109, 66, 74, 10, 2, 37, 108, 45, 112]",0.983286758060477,0.9867103403238304,-0.0034235822633533752,1,False,0.8949008858123711,0.9101118045945761,1,0.0012988329816611504,-0.004722415245014526,4.218754599288166,10,BATCH_1_SAVED_SCALER_MEAN,probability,EXECUTED
EXP-XAI-FIDELITY-001,EXP-XAI-0001,MODEL-C1,10,B10:9,3,3,True,CORRECT_REPRESENTATIVE,INTRINSIC_COEFFICIENT,LOCAL_FIDELITY,1,[40],0.9902544648925502,0.9667913742445421,0.02346309064800811,3,False,0.3220007090517131,0.3251696614027915,1,0.0012370074889644514,0.02222608315904366,2.073743721111051,1,BATCH_1_SAVED_SCALER_MEAN,probability,EXECUTED
EXP-XAI-FIDELITY-001,EXP-XAI-0001,MODEL-C1,10,B10:9,3,3,True,CORRECT_REPRESENTATIVE,INTRINSIC_COEFFICIENT,LOCAL_FIDELITY,3,"[40, 25, 112]",0.9902544648925502,0.8300281366504878,0.1602263282420624,3,False,0.7322058333323943,0.7394117969585161,3,0.0014878258198836073,0.1587385024221788,2.7573743246717735,3,BATCH_1_SAVED_SCALER_MEAN,probability,EXECUTED
EXP-XAI-FIDELITY-001,EXP-XAI-0001,MODEL-C1,10,B10:9,3,3,True,CORRECT_REPRESENTATIVE,INTRINSIC_COEFFICIENT,LOCAL_FIDELITY,5,"[40, 25, 112, 104, 10]",0.9902544648925502,0.6106995501648532,0.379554914727697,3,False,0.8963401772800211,0.9051614600670147,3,0.0037620205533250924,0.3757928941743719,3.4216131232302396,5,BATCH_1_SAVED_SCALER_MEAN,probability,EXECUTED
EXP-XAI-FIDELITY-001,EXP-XAI-0001,MODEL-C1,10,B10:9,3,3,True,CORRECT_REPRESENTATIVE,INTRINSIC_COEFFICIENT,LOCAL_FIDELITY,10,"[40, 25, 112, 104, 10, 66, 74, 33, 2, 9]",0.9902544648925502,0.3439555795480876,0.6462988853444627,1,True,0.962525887712656,0.9719985335457155,3,0.013287589122271492,0.6330112962221912,3.8118380112831067,10,BATCH_1_SAVED_SCALER_MEAN,probability,EXECUTED
EXP-XAI-FIDELITY-001,EXP-XAI-0001,MODEL-C1,10,B10:9,3,3,True,CORRECT_REPRESENTATIVE,SINGLE_FEATURE_ABLATION_LOCAL,ABLATION_CONSISTENCY,1,[40],0.9902544648925502,0.9667913742445421,0.02346309064800811,3,False,0.3220007090517131,0.3251696614027915,1,2.4048388557470122e-05,0.023439042259450642,2.073743721111051,1,BATCH_1_SAVED_SCALER_MEAN,probability,EXECUTED
EXP-XAI-FIDELITY-001,EXP-XAI-0001,MODEL-C1,10,B10:9,3,3,True,CORRECT_REPRESENTATIVE,SINGLE_FEATURE_ABLATION_LOCAL,ABLATION_CONSISTENCY,3,"[40, 112, 25]",0.9902544648925502,0.8300281366504878,0.1602263282420624,3,False,0.7322058333323943,0.7394117969585161,3,0.0028439812745967926,0.15738234696746561,2.7573743246717735,3,BATCH_1_SAVED_SCALER_MEAN,probability,EXECUTED
EXP-XAI-FIDELITY-001,EXP-XAI-0001,MODEL-C1,10,B10:9,3,3,True,CORRECT_REPRESENTATIVE,SINGLE_FEATURE_ABLATION_LOCAL,ABLATION_CONSISTENCY,5,"[40, 112, 25, 104, 10]",0.9902544648925502,0.6106995501648532,0.379554914727697,3,False,0.8963401772800211,0.9051614600670147,3,0.0019128215553246767,0.3776420931723723,3.4216131232302396,5,BATCH_1_SAVED_SCALER_MEAN,probability,EXECUTED
EXP-XAI-FIDELITY-001,EXP-XAI-0001,MODEL-C1,10,B10:9,3,3,True,CORRECT_REPRESENTATIVE,SINGLE_FEATURE_ABLATION_LOCAL,ABLATION_CONSISTENCY,10,"[40, 112, 25, 104, 10, 37, 101, 2, 32, 106]",0.9902544648925502,0.6078046333885412,0.382449831504009,3,False,0.9003951795559789,0.9092563694258913,3,0.008322609147691536,0.37412722235631746,4.204214140165801,10,BATCH_1_SAVED_SCALER_MEAN,probability,EXECUTED
EXP-XAI-FIDELITY-001,EXP-XAI-0001,MODEL-C1,10,B10:11,3,3,True,CORRECT_REPRESENTATIVE,INTRINSIC_COEFFICIENT,LOCAL_FIDELITY,1,[40],0.9264962632452202,0.8460127550644403,0.08048350818077987,3,False,0.23699258750804283,0.25579443426780113,1,0.005738382515735707,0.07474512566504417,1.3771994563372068,1,BATCH_1_SAVED_SCALER_MEAN,probability,EXECUTED
EXP-XAI-FIDELITY-001,EXP-XAI-0001,MODEL-C1,10,B10:11,3,3,True,CORRECT_REPRESENTATIVE,INTRINSIC_COEFFICIENT,LOCAL_FIDELITY,3,"[40, 10, 112]",0.9264962632452202,0.5228268963363752,0.4036693669088449,3,False,0.6036943868279895,0.6515885824659897,3,0.016937313232479594,0.3867320536763653,2.428299452751178,3,BATCH_1_SAVED_SCALER_MEAN,probability,EXECUTED
EXP-XAI-FIDELITY-001,EXP-XAI-0001,MODEL-C1,10,B10:11,3,3,True,CORRECT_REPRESENTATIVE,INTRINSIC_COEFFICIENT,LOCAL_FIDELITY,5,"[40, 10, 112, 66, 104]",0.9264962632452202,0.3343067984354387,0.5921894648097814,1,True,0.7728511967888819,0.834165476374218,3,0.006314359231308782,0.5858751055784727,3.170542594130596,5,BATCH_1_SAVED_SCALER_MEAN,probability,EXECUTED
EXP-XAI-FIDELITY-001,EXP-XAI-0001,MODEL-C1,10,B10:11,3,3,True,CORRECT_REPRESENTATIVE,INTRINSIC_COEFFICIENT,LOCAL_FIDELITY,10,"[40, 10, 112, 66, 104, 74, 81, 2, 50, 90]",0.9264962632452202,0.3366463006175559,0.5898499626276643,1,True,0.7720812904953833,0.8333344894355315,3,0.05180432349463302,0.5380456391330313,3.7659860887750147,10,BATCH_1_SAVED_SCALER_MEAN,probability,EXECUTED
EXP-XAI-FIDELITY-001,EXP-XAI-0001,MODEL-C1,10,B10:11,3,3,True,CORRECT_REPRESENTATIVE,SINGLE_FEATURE_ABLATION_LOCAL,ABLATION_CONSISTENCY,1,[112],0.9264962632452202,0.8181503021818765,0.10834596106334371,3,False,0.27018503259494303,0.2916202075641096,1,0.004422949703491412,0.1039230113598523,1.7766300246458846,1,BATCH_1_SAVED_SCALER_MEAN,probability,EXECUTED
EXP-XAI-FIDELITY-001,EXP-XAI-0001,MODEL-C1,10,B10:11,3,3,True,CORRECT_REPRESENTATIVE,SINGLE_FEATURE_ABLATION_LOCAL,ABLATION_CONSISTENCY,3,"[112, 40, 104]",0.9264962632452202,0.5109286841733631,0.41556757907185704,3,False,0.6229297715010174,0.6723500096148187,3,-0.0017286207745080828,0.4172961998463651,2.8785735961464747,3,BATCH_1_SAVED_SCALER_MEAN,probability,EXECUTED
EXP-XAI-FIDELITY-001,EXP-XAI-0001,MODEL-C1,10,B10:11,3,3,True,CORRECT_REPRESENTATIVE,SINGLE_FEATURE_ABLATION_LOCAL,ABLATION_CONSISTENCY,5,"[112, 40, 104, 10, 37]",0.9264962632452202,0.2593189952908095,0.6671772679544107,1,True,0.8268129393863642,0.8924082828896718,3,0.01999746473959271,0.6471798032148179,3.2587270408002915,5,BATCH_1_SAVED_SCALER_MEAN,probability,EXECUTED
EXP-XAI-FIDELITY-001,EXP-XAI-0001,MODEL-C1,10,B10:11,3,3,True,CORRECT_REPRESENTATIVE,SINGLE_FEATURE_ABLATION_LOCAL,ABLATION_CONSISTENCY,10,"[112, 40, 104, 10, 37, 50, 101, 2, 122, 81]",0.9264962632452202,0.2785325144347154,0.6479637488105048,1,True,0.8182055518100726,0.8831180267734272,3,0.037973326263631216,0.6099904225468735,3.991840537448163,10,BATCH_1_SAVED_SCALER_MEAN,probability,EXECUTED
EXP-XAI-FIDELITY-001,EXP-XAI-0001,MODEL-C1,10,B10:123,2,2,True,CORRECT_REPRESENTATIVE,INTRINSIC_COEFFICIENT,LOCAL_FIDELITY,1,[88],0.9255916258844388,0.5102829292539175,0.4153086966305213,2,False,0.08828176002421827,0.09537873675106083,4,0.03178519425651758,0.3835235023740037,9.902810349016596,1,BATCH_1_SAVED_SCALER_MEAN,probability,EXECUTED
EXP-XAI-FIDELITY-001,EXP-XAI-0001,MODEL-C1,10,B10:123,2,2,True,CORRECT_REPRESENTATIVE,INTRINSIC_COEFFICIENT,LOCAL_FIDELITY,3,"[88, 72, 32]",0.9255916258844388,0.761042413375834,0.16454921250860477,2,False,0.11847392962375093,0.12799805692985228,4,0.08101226786660308,0.08353694464200169,16.8880161751439,3,BATCH_1_SAVED_SCALER_MEAN,probability,EXECUTED
EXP-XAI-FIDELITY-001,EXP-XAI-0001,MODEL-C1,10,B10:123,2,2,True,CORRECT_REPRESENTATIVE,INTRINSIC_COEFFICIENT,LOCAL_FIDELITY,5,"[88, 72, 32, 56, 16]",0.9255916258844388,0.30754995737390745,0.6180416685105313,3,True,0.05016662492259646,0.054199523331534355,5,0.22515017217399574,0.3928914963365356,21.433311122360344,5,BATCH_1_SAVED_SCALER_MEAN,probability,EXECUTED
EXP-XAI-FIDELITY-001,EXP-XAI-0001,MODEL-C1,10,B10:123,2,2,True,CORRECT_REPRESENTATIVE,INTRINSIC_COEFFICIENT,LOCAL_FIDELITY,10,"[88, 72, 32, 56, 16, 119, 112, 104, 127, 55]",0.9255916258844388,0.061048935959774904,0.8645426899246639,1,True,0.03386186179901432,0.03658401918519735,5,0.3809634012900137,0.48357928863465016,24.02601499178583,10,BATCH_1_SAVED_SCALER_MEAN,probability,EXECUTED
EXP-XAI-FIDELITY-001,EXP-XAI-0001,MODEL-C1,10,B10:123,2,2,True,CORRECT_REPRESENTATIVE,SINGLE_FEATURE_ABLATION_LOCAL,ABLATION_CONSISTENCY,1,[88],0.9255916258844388,0.5102829292539175,0.4153086966305213,2,False,0.08828176002421827,0.09537873675106083,4,0.036890196595409964,0.3784185000351113,9.902810349016596,1,BATCH_1_SAVED_SCALER_MEAN,probability,EXECUTED
EXP-XAI-FIDELITY-001,EXP-XAI-0001,MODEL-C1,10,B10:123,2,2,True,CORRECT_REPRESENTATIVE,SINGLE_FEATURE_ABLATION_LOCAL,ABLATION_CONSISTENCY,3,"[88, 56, 55]",0.9255916258844388,0.04749548265326485,0.8780961432311739,3,True,0.5474787869929743,0.5914906441270328,2,0.06998972633583225,0.8081064168953417,13.179884027692115,3,BATCH_1_SAVED_SCALER_MEAN,probability,EXECUTED
EXP-XAI-FIDELITY-001,EXP-XAI-0001,MODEL-C1,10,B10:123,2,2,True,CORRECT_REPRESENTATIVE,SINGLE_FEATURE_ABLATION_LOCAL,ABLATION_CONSISTENCY,5,"[88, 56, 55, 127, 119]",0.9255916258844388,0.0010904503484275238,0.9245011755360113,3,True,0.8942730543073542,0.966163726311635,2,0.14412660642247313,0.7803745691135382,14.56419317761376,5,BATCH_1_SAVED_SCALER_MEAN,probability,EXECUTED
EXP-XAI-FIDELITY-001,EXP-XAI-0001,MODEL-C1,10,B10:123,2,2,True,CORRECT_REPRESENTATIVE,SINGLE_FEATURE_ABLATION_LOCAL,ABLATION_CONSISTENCY,10,"[88, 56, 55, 127, 119, 123, 63, 51, 115, 59]",0.9255916258844388,1.853004052829416e-06,0.9255897728803859,3,True,0.9991748010105417,1.079498531607599,2,0.2530660145151355,0.6725237583652504,16.83687355745035,10,BATCH_1_SAVED_SCALER_MEAN,probability,EXECUTED
EXP-XAI-FIDELITY-001,EXP-XAI-0001,MODEL-C1,10,B10:125,2,2,True,CORRECT_REPRESENTATIVE,INTRINSIC_COEFFICIENT,LOCAL_FIDELITY,1,[88],0.9999998549913661,0.9999990920484795,7.629428866451349e-07,2,False,0.099895131957342,0.09989514644300071,4,1.8462478050818022e-07,5.783181061369547e-07,13.60382023141725,1,BATCH_1_SAVED_SCALER_MEAN,probability,EXECUTED
EXP-XAI-FIDELITY-001,EXP-XAI-0001,MODEL-C1,10,B10:125,2,2,True,CORRECT_REPRESENTATIVE,INTRINSIC_COEFFICIENT,LOCAL_FIDELITY,3,"[88, 115, 123]",0.9999998549913661,0.9999245797320994,7.527525926676049e-05,2,False,0.7835447816064098,0.7835448952271846,2,1.6104767674773867e-06,7.36647824992831e-05,17.775052583938688,3,BATCH_1_SAVED_SCALER_MEAN,probability,EXECUTED
EXP-XAI-FIDELITY-001,EXP-XAI-0001,MODEL-C1,10,B10:125,2,2,True,CORRECT_REPRESENTATIVE,INTRINSIC_COEFFICIENT,LOCAL_FIDELITY,5,"[88, 115, 123, 32, 51]",0.9999998549913661,0.9902650897768621,0.009734765214504004,2,False,0.9976871056554885,0.9976872503287537,2,4.5921868356724184e-06,0.009730173027668331,22.196896499912853,5,BATCH_1_SAVED_SCALER_MEAN,probability,EXECUTED
EXP-XAI-FIDELITY-001,EXP-XAI-0001,MODEL-C1,10,B10:125,2,2,True,CORRECT_REPRESENTATIVE,INTRINSIC_COEFFICIENT,LOCAL_FIDELITY,10,"[88, 115, 123, 32, 51, 59, 83, 19, 56, 27]",0.9999998549913661,0.0025321370190211257,0.997467717972345,1,True,0.9999971786743678,0.9999973236826135,2,7.235991279876212e-05,0.9973953580595463,26.56488438382913,10,BATCH_1_SAVED_SCALER_MEAN,probability,EXECUTED
EXP-XAI-FIDELITY-001,EXP-XAI-0001,MODEL-C1,10,B10:125,2,2,True,CORRECT_REPRESENTATIVE,SINGLE_FEATURE_ABLATION_LOCAL,ABLATION_CONSISTENCY,1,[56],0.9999998549913661,0.9999970550220166,2.7999693494873412e-06,2,False,0.026760821881196953,0.026760825761747736,1,1.3246498571373165e-07,2.6675043637736097e-06,8.775178182811404,1,BATCH_1_SAVED_SCALER_MEAN,probability,EXECUTED
EXP-XAI-FIDELITY-001,EXP-XAI-0001,MODEL-C1,10,B10:125,2,2,True,CORRECT_REPRESENTATIVE,SINGLE_FEATURE_ABLATION_LOCAL,ABLATION_CONSISTENCY,3,"[56, 63, 55]",0.9999998549913661,0.9995023675613938,0.0004974874299723542,2,False,0.05804589986968219,0.05804590828684005,1,3.645157208668574e-07,0.0004971229142514874,10.682639360351049,3,BATCH_1_SAVED_SCALER_MEAN,probability,EXECUTED
EXP-XAI-FIDELITY-001,EXP-XAI-0001,MODEL-C1,10,B10:125,2,2,True,CORRECT_REPRESENTATIVE,SINGLE_FEATURE_ABLATION_LOCAL,ABLATION_CONSISTENCY,5,"[56, 63, 55, 51, 62]",0.9999998549913661,0.9412403991412984,0.0587594558500677,2,False,0.2936866964774316,0.29368673906454446,1,1.5953140223105382e-06,0.05875786053604539,13.70964019104114,5,BATCH_1_SAVED_SCALER_MEAN,probability,EXECUTED
EXP-XAI-FIDELITY-001,EXP-XAI-0001,MODEL-C1,10,B10:125,2,2,True,CORRECT_REPRESENTATIVE,SINGLE_FEATURE_ABLATION_LOCAL,ABLATION_CONSISTENCY,10,"[56, 63, 55, 51, 62, 54, 123, 127, 119, 23]",0.9999998549913661,0.00033658510858427854,0.9996632698827819,3,True,0.9901605149412356,0.99016065852308,2,4.899326026682379e-05,0.999614276622515,17.844261724129368,10,BATCH_1_SAVED_SCALER_MEAN,probability,EXECUTED
EXP-XAI-FIDELITY-001,EXP-XAI-0001,MODEL-C1,10,B10:840,1,1,True,CORRECT_REPRESENTATIVE,INTRINSIC_COEFFICIENT,LOCAL_FIDELITY,1,[106],0.9976381300708994,0.9993996171955847,-0.0017614871246852681,1,False,0.6473118373353552,0.6488443232310623,1,0.00017218938695757007,-0.0019336765116428382,1.6701894878795793,1,BATCH_1_SAVED_SCALER_MEAN,probability,EXECUTED
EXP-XAI-FIDELITY-001,EXP-XAI-0001,MODEL-C1,10,B10:840,1,1,True,CORRECT_REPRESENTATIVE,INTRINSIC_COEFFICIENT,LOCAL_FIDELITY,3,"[106, 101, 25]",0.9976381300708994,0.9956145641845648,0.0020235658863345662,1,False,0.9467932346829269,0.9490347312764007,1,0.0004420560470362545,0.0015815098392983119,3.126240544362147,3,BATCH_1_SAVED_SCALER_MEAN,probability,EXECUTED
EXP-XAI-FIDELITY-001,EXP-XAI-0001,MODEL-C1,10,B10:840,1,1,True,CORRECT_REPRESENTATIVE,INTRINSIC_COEFFICIENT,LOCAL_FIDELITY,5,"[106, 101, 25, 89, 98]",0.9976381300708994,0.9914405616726685,0.006197568398230935,1,False,0.9118145458233126,0.9139732317153039,1,0.0012716722982246353,0.004925896100006299,3.842898158553451,5,BATCH_1_SAVED_SCALER_MEAN,probability,EXECUTED
EXP-XAI-FIDELITY-001,EXP-XAI-0001,MODEL-C1,10,B10:840,1,1,True,CORRECT_REPRESENTATIVE,INTRINSIC_COEFFICIENT,LOCAL_FIDELITY,10,"[106, 101, 25, 89, 98, 42, 81, 100, 37, 105]",0.9976381300708994,0.9802630834568353,0.017375046614064082,1,False,0.6746620154874166,0.676259251878705,1,0.001791439885194246,0.015583606728869836,5.344556552503932,10,BATCH_1_SAVED_SCALER_MEAN,probability,EXECUTED
EXP-XAI-FIDELITY-001,EXP-XAI-0001,MODEL-C1,10,B10:840,1,1,True,CORRECT_REPRESENTATIVE,SINGLE_FEATURE_ABLATION_LOCAL,ABLATION_CONSISTENCY,1,[101],0.9976381300708994,0.9933409314417512,0.004297198629148236,1,False,0.9404737330760295,0.9427002684923367,1,0.0002397838617998064,0.004057414767348429,2.1681668657835846,1,BATCH_1_SAVED_SCALER_MEAN,probability,EXECUTED
EXP-XAI-FIDELITY-001,EXP-XAI-0001,MODEL-C1,10,B10:840,1,1,True,CORRECT_REPRESENTATIVE,SINGLE_FEATURE_ABLATION_LOCAL,ABLATION_CONSISTENCY,3,"[101, 25, 26]",0.9976381300708994,0.9674859007647536,0.030152229306145806,1,False,0.9896594261359949,0.992002406790188,1,0.0007157965184552288,0.029436432787690578,3.0035523657719776,3,BATCH_1_SAVED_SCALER_MEAN,probability,EXECUTED
EXP-XAI-FIDELITY-001,EXP-XAI-0001,MODEL-C1,10,B10:840,1,1,True,CORRECT_REPRESENTATIVE,SINGLE_FEATURE_ABLATION_LOCAL,ABLATION_CONSISTENCY,5,"[101, 25, 26, 100, 81]",0.9976381300708994,0.849295311930054,0.14834281814084538,1,False,0.9972213944615272,0.9995822777850897,1,0.0016366049134841558,0.14670621322736122,3.5318619165110867,5,BATCH_1_SAVED_SCALER_MEAN,probability,EXECUTED
EXP-XAI-FIDELITY-001,EXP-XAI-0001,MODEL-C1,10,B10:840,1,1,True,CORRECT_REPRESENTATIVE,SINGLE_FEATURE_ABLATION_LOCAL,ABLATION_CONSISTENCY,10,"[101, 25, 26, 100, 81, 82, 89, 18, 106, 17]",0.9976381300708994,0.4107626195482022,0.5868755105226973,3,True,0.9983118545660526,1.000675319512001,1,0.004512316163316306,0.582363194359381,4.848115106846414,10,BATCH_1_SAVED_SCALER_MEAN,probability,EXECUTED
EXP-XAI-FIDELITY-001,EXP-XAI-0001,MODEL-C1,10,B10:842,1,1,True,CORRECT_REPRESENTATIVE,INTRINSIC_COEFFICIENT,LOCAL_FIDELITY,1,[101],0.9999536203568422,0.9996690249520253,0.00028459540481695633,1,False,0.9782881809049517,0.9783335556661528,1,7.30376271389129e-06,0.00027729164210306504,4.042220184086239,1,BATCH_1_SAVED_SCALER_MEAN,probability,EXECUTED
EXP-XAI-FIDELITY-001,EXP-XAI-0001,MODEL-C1,10,B10:842,1,1,True,CORRECT_REPRESENTATIVE,INTRINSIC_COEFFICIENT,LOCAL_FIDELITY,3,"[101, 100, 108]",0.9999536203568422,0.9960840503834907,0.0038695699733515276,1,False,0.9989340296254609,0.9989803619781711,1,2.4112202369556505e-05,0.003845457770981971,5.269522466205949,3,BATCH_1_SAVED_SCALER_MEAN,probability,EXECUTED
EXP-XAI-FIDELITY-001,EXP-XAI-0001,MODEL-C1,10,B10:842,1,1,True,CORRECT_REPRESENTATIVE,INTRINSIC_COEFFICIENT,LOCAL_FIDELITY,5,"[101, 100, 108, 37, 109]",0.9999536203568422,0.9976179908254024,0.0023356295314398423,1,False,0.9981201964057164,0.9981664910113816,1,1.3300669967941659e-05,0.0023223288614719006,7.298163750212378,5,BATCH_1_SAVED_SCALER_MEAN,probability,EXECUTED
EXP-XAI-FIDELITY-001,EXP-XAI-0001,MODEL-C1,10,B10:842,1,1,True,CORRECT_REPRESENTATIVE,INTRINSIC_COEFFICIENT,LOCAL_FIDELITY,10,"[101, 100, 108, 37, 109, 106, 98, 66, 36, 74]",0.9999536203568422,0.9957102246403909,0.00424339571645127,1,False,0.9980241684828591,0.9980704586345769,1,0.00012563213317107563,0.004117763583280195,9.100140564946217,10,BATCH_1_SAVED_SCALER_MEAN,probability,EXECUTED
EXP-XAI-FIDELITY-001,EXP-XAI-0001,MODEL-C1,10,B10:842,1,1,True,CORRECT_REPRESENTATIVE,SINGLE_FEATURE_ABLATION_LOCAL,ABLATION_CONSISTENCY,1,[101],0.9999536203568422,0.9996690249520253,0.00028459540481695633,1,False,0.9782881809049517,0.9783335556661528,1,9.895932743223905e-06,0.0002746994720737324,4.042220184086239,1,BATCH_1_SAVED_SCALER_MEAN,probability,EXECUTED
EXP-XAI-FIDELITY-001,EXP-XAI-0001,MODEL-C1,10,B10:842,1,1,True,CORRECT_REPRESENTATIVE,SINGLE_FEATURE_ABLATION_LOCAL,ABLATION_CONSISTENCY,3,"[101, 100, 109]",0.9999536203568422,0.995765638072896,0.004187982283946234,1,False,0.9987422148336982,0.9987885382896942,1,2.5590874390383582e-05,0.004162391409555851,5.738388614482232,3,BATCH_1_SAVED_SCALER_MEAN,probability,EXECUTED
EXP-XAI-FIDELITY-001,EXP-XAI-0001,MODEL-C1,10,B10:842,1,1,True,CORRECT_REPRESENTATIVE,SINGLE_FEATURE_ABLATION_LOCAL,ABLATION_CONSISTENCY,5,"[101, 100, 109, 108, 98]",0.9999536203568422,0.9702233582340718,0.029730262122770412,1,False,0.9998461302076791,0.9998925048652509,1,8.266618415481523e-05,0.029647595938615597,6.316813045742639,5,BATCH_1_SAVED_SCALER_MEAN,probability,EXECUTED
EXP-XAI-FIDELITY-001,EXP-XAI-0001,MODEL-C1,10,B10:842,1,1,True,CORRECT_REPRESENTATIVE,SINGLE_FEATURE_ABLATION_LOCAL,ABLATION_CONSISTENCY,10,"[101, 100, 109, 108, 98, 106, 104, 74, 37, 2]",0.9999536203568422,0.9960887833547595,0.0038648370020827327,1,False,0.9985275340591673,0.9985738475578837,1,0.00010593732764380507,0.0037588996744389275,8.984995185871693,10,BATCH_1_SAVED_SCALER_MEAN,probability,EXECUTED
EXP-XAI-FIDELITY-001,EXP-XAI-0001,MODEL-C1,10,B10:1514,6,6,True,CORRECT_REPRESENTATIVE,INTRINSIC_COEFFICIENT,LOCAL_FIDELITY,1,[104],0.5346296967138987,0.29189979601199517,0.24272990070190353,1,True,1.6335507719529666e-05,3.0554807972575895e-05,1,0.015531039492029865,0.22719886120987368,1.0961599419418457,1,BATCH_1_SAVED_SCALER_MEAN,probability,EXECUTED
EXP-XAI-FIDELITY-001,EXP-XAI-0001,MODEL-C1,10,B10:1514,6,6,True,CORRECT_REPRESENTATIVE,INTRINSIC_COEFFICIENT,LOCAL_FIDELITY,3,"[104, 74, 66]",0.5346296967138987,0.6237981975899929,-0.08916850087609418,6,False,3.953843917344395e-06,7.395481286667568e-06,1,0.08685828550765058,-0.17602678638374475,1.2894491212246983,3,BATCH_1_SAVED_SCALER_MEAN,probability,EXECUTED
EXP-XAI-FIDELITY-001,EXP-XAI-0001,MODEL-C1,10,B10:1514,6,6,True,CORRECT_REPRESENTATIVE,INTRINSIC_COEFFICIENT,LOCAL_FIDELITY,5,"[104, 74, 66, 81, 57]",0.5346296967138987,0.4802994732953205,0.05433022341857818,6,False,7.933348651778397e-06,1.483895993907694e-05,1,0.06940655617414608,-0.015076332755567898,2.317914424091411,5,BATCH_1_SAVED_SCALER_MEAN,probability,EXECUTED
EXP-XAI-FIDELITY-001,EXP-XAI-0001,MODEL-C1,10,B10:1514,6,6,True,CORRECT_REPRESENTATIVE,INTRINSIC_COEFFICIENT,LOCAL_FIDELITY,10,"[104, 74, 66, 81, 57, 17, 25, 113, 49, 40]",0.5346296967138987,0.10479691868219303,0.42983277803170566,3,True,3.395733387789603e-05,6.351561480145e-05,1,0.18937717745825655,0.2404556005734491,3.8167241753917276,10,BATCH_1_SAVED_SCALER_MEAN,probability,EXECUTED
EXP-XAI-FIDELITY-001,EXP-XAI-0001,MODEL-C1,10,B10:1514,6,6,True,CORRECT_REPRESENTATIVE,SINGLE_FEATURE_ABLATION_LOCAL,ABLATION_CONSISTENCY,1,[104],0.5346296967138987,0.29189979601199517,0.24272990070190353,1,True,1.6335507719529666e-05,3.0554807972575895e-05,1,0.03310514928080877,0.20962475142109477,1.0961599419418457,1,BATCH_1_SAVED_SCALER_MEAN,probability,EXECUTED
EXP-XAI-FIDELITY-001,EXP-XAI-0001,MODEL-C1,10,B10:1514,6,6,True,CORRECT_REPRESENTATIVE,SINGLE_FEATURE_ABLATION_LOCAL,ABLATION_CONSISTENCY,3,"[104, 74, 105]",0.5346296967138987,0.31412872182432006,0.22050097488957865,1,True,1.3846944861276867e-05,2.5900066805841708e-05,1,0.09640679692644837,0.12409417796313028,1.815896024412971,3,BATCH_1_SAVED_SCALER_MEAN,probability,EXECUTED
EXP-XAI-FIDELITY-001,EXP-XAI-0001,MODEL-C1,10,B10:1514,6,6,True,CORRECT_REPRESENTATIVE,SINGLE_FEATURE_ABLATION_LOCAL,ABLATION_CONSISTENCY,5,"[104, 74, 105, 40, 66]",0.5346296967138987,0.31802768760020267,0.21660200911369604,1,True,1.093537330013711e-05,2.045410752031056e-05,1,0.1355344314253835,0.08106757768831255,2.311055447075686,5,BATCH_1_SAVED_SCALER_MEAN,probability,EXECUTED
EXP-XAI-FIDELITY-001,EXP-XAI-0001,MODEL-C1,10,B10:1514,6,6,True,CORRECT_REPRESENTATIVE,SINGLE_FEATURE_ABLATION_LOCAL,ABLATION_CONSISTENCY,10,"[104, 74, 105, 40, 66, 112, 106, 57, 42, 49]",0.5346296967138987,0.02521506822287176,0.5094146284910269,1,True,9.530419631844687e-05,0.0001782620698106261,3,0.1865159576792551,0.3228986708117718,3.589426424761896,10,BATCH_1_SAVED_SCALER_MEAN,probability,EXECUTED
EXP-XAI-FIDELITY-001,EXP-XAI-0001,MODEL-C1,10,B10:1516,6,6,True,CORRECT_REPRESENTATIVE,INTRINSIC_COEFFICIENT,LOCAL_FIDELITY,1,[104],0.538242339765368,0.2793926145314857,0.2588497252338823,1,True,1.7488969043729736e-05,3.2492741190433986e-05,1,0.013807888840775636,0.24504183639310664,1.172322850348203,1,BATCH_1_SAVED_SCALER_MEAN,probability,EXECUTED
EXP-XAI-FIDELITY-001,EXP-XAI-0001,MODEL-C1,10,B10:1516,6,6,True,CORRECT_REPRESENTATIVE,INTRINSIC_COEFFICIENT,LOCAL_FIDELITY,3,"[104, 10, 81]",0.538242339765368,0.19578234540797432,0.3424599943573936,1,True,3.129808936843392e-05,5.8148694474829816e-05,1,0.06362693103048536,0.27883306332690827,1.8448260277163213,3,BATCH_1_SAVED_SCALER_MEAN,probability,EXECUTED
EXP-XAI-FIDELITY-001,EXP-XAI-0001,MODEL-C1,10,B10:1516,6,6,True,CORRECT_REPRESENTATIVE,INTRINSIC_COEFFICIENT,LOCAL_FIDELITY,5,"[104, 10, 81, 17, 57]",0.538242339765368,0.1079419225104936,0.43030041725487433,1,True,5.802681693831586e-05,0.00010780797542536521,1,0.11990891246216269,0.31039150479271166,2.5224255573767644,5,BATCH_1_SAVED_SCALER_MEAN,probability,EXECUTED
EXP-XAI-FIDELITY-001,EXP-XAI-0001,MODEL-C1,10,B10:1516,6,6,True,CORRECT_REPRESENTATIVE,INTRINSIC_COEFFICIENT,LOCAL_FIDELITY,10,"[104, 10, 81, 17, 57, 25, 113, 49, 40, 82]",0.538242339765368,0.019277589258728904,0.518964750506639,3,True,0.00019895752639494528,0.0003696430245187983,1,0.21196801396644036,0.30699673654019866,3.703666333947246,10,BATCH_1_SAVED_SCALER_MEAN,probability,EXECUTED
EXP-XAI-FIDELITY-001,EXP-XAI-0001,MODEL-C1,10,B10:1516,6,6,True,CORRECT_REPRESENTATIVE,SINGLE_FEATURE_ABLATION_LOCAL,ABLATION_CONSISTENCY,1,[104],0.538242339765368,0.2793926145314857,0.2588497252338823,1,True,1.7488969043729736e-05,3.2492741190433986e-05,1,0.02738954714907545,0.23146017808480682,1.172322850348203,1,BATCH_1_SAVED_SCALER_MEAN,probability,EXECUTED
EXP-XAI-FIDELITY-001,EXP-XAI-0001,MODEL-C1,10,B10:1516,6,6,True,CORRECT_REPRESENTATIVE,SINGLE_FEATURE_ABLATION_LOCAL,ABLATION_CONSISTENCY,3,"[104, 105, 40]",0.538242339765368,0.1115569683938813,0.42668537137148665,1,True,4.4422209251330316e-05,8.253198600224383e-05,1,0.10868665717388425,0.3179987141976024,2.063935972780687,3,BATCH_1_SAVED_SCALER_MEAN,probability,EXECUTED
EXP-XAI-FIDELITY-001,EXP-XAI-0001,MODEL-C1,10,B10:1516,6,6,True,CORRECT_REPRESENTATIVE,SINGLE_FEATURE_ABLATION_LOCAL,ABLATION_CONSISTENCY,5,"[104, 105, 40, 112, 54]",0.538242339765368,0.04178472936974928,0.49645761039561864,1,True,7.038146698112025e-05,0.00013076166957025554,3,0.11279698075268388,0.3836606296429348,2.5583953413471168,5,BATCH_1_SAVED_SCALER_MEAN,probability,EXECUTED
EXP-XAI-FIDELITY-001,EXP-XAI-0001,MODEL-C1,10,B10:1516,6,6,True,CORRECT_REPRESENTATIVE,SINGLE_FEATURE_ABLATION_LOCAL,ABLATION_CONSISTENCY,10,"[104, 105, 40, 112, 54, 62, 57, 49, 10, 106]",0.538242339765368,0.0039629865156233565,0.5342793532497446,1,True,0.000580499866530786,0.0010785102241935092,3,0.18671877416203764,0.347560579087707,3.3176247222672925,10,BATCH_1_SAVED_SCALER_MEAN,probability,EXECUTED
EXP-XAI-FIDELITY-001,EXP-XAI-0001,MODEL-C1,10,B10:1655,5,5,True,CORRECT_REPRESENTATIVE,INTRINSIC_COEFFICIENT,LOCAL_FIDELITY,1,[16],0.7065383494051206,0.1322781731706108,0.5742601762345099,3,True,0.07425817361589246,0.10510140557609522,1,0.03259785116489825,0.5416623250696116,7.615332906173006,1,BATCH_1_SAVED_SCALER_MEAN,probability,EXECUTED
EXP-XAI-FIDELITY-001,EXP-XAI-0001,MODEL-C1,10,B10:1655,5,5,True,CORRECT_REPRESENTATIVE,INTRINSIC_COEFFICIENT,LOCAL_FIDELITY,3,"[16, 112, 72]",0.7065383494051206,0.001345712008597088,0.7051926373965235,1,True,0.8488738864972468,1.2014547932351691,5,-0.011254225358508523,0.716446862755032,10.716048904213585,3,BATCH_1_SAVED_SCALER_MEAN,probability,EXECUTED
EXP-XAI-FIDELITY-001,EXP-XAI-0001,MODEL-C1,10,B10:1655,5,5,True,CORRECT_REPRESENTATIVE,INTRINSIC_COEFFICIENT,LOCAL_FIDELITY,5,"[16, 112, 72, 80, 8]",0.7065383494051206,5.171584173827673e-05,0.7064866335633824,1,True,0.9720414307955038,1.375780142173354,5,0.14426554072648506,0.5622210928368974,12.178663527023978,5,BATCH_1_SAVED_SCALER_MEAN,probability,EXECUTED
EXP-XAI-FIDELITY-001,EXP-XAI-0001,MODEL-C1,10,B10:1655,5,5,True,CORRECT_REPRESENTATIVE,INTRINSIC_COEFFICIENT,LOCAL_FIDELITY,10,"[16, 112, 72, 80, 8, 15, 71, 37, 101, 9]",0.7065383494051206,1.8533198643753387e-05,0.7065198162064769,1,True,0.9565953302602845,1.3539184830741358,5,0.16265736981349432,0.5438624463929825,12.887297377146783,10,BATCH_1_SAVED_SCALER_MEAN,probability,EXECUTED
EXP-XAI-FIDELITY-001,EXP-XAI-0001,MODEL-C1,10,B10:1655,5,5,True,CORRECT_REPRESENTATIVE,SINGLE_FEATURE_ABLATION_LOCAL,ABLATION_CONSISTENCY,1,[16],0.7065383494051206,0.1322781731706108,0.5742601762345099,3,True,0.07425817361589246,0.10510140557609522,1,0.00517409290374183,0.569086083330768,7.615332906173006,1,BATCH_1_SAVED_SCALER_MEAN,probability,EXECUTED
EXP-XAI-FIDELITY-001,EXP-XAI-0001,MODEL-C1,10,B10:1655,5,5,True,CORRECT_REPRESENTATIVE,SINGLE_FEATURE_ABLATION_LOCAL,ABLATION_CONSISTENCY,3,"[16, 72, 112]",0.7065383494051206,0.001345712008597088,0.7051926373965235,1,True,0.8488738864972468,1.2014547932351691,5,0.11307604003014773,0.5921165973663758,10.716048904213585,3,BATCH_1_SAVED_SCALER_MEAN,probability,EXECUTED
EXP-XAI-FIDELITY-001,EXP-XAI-0001,MODEL-C1,10,B10:1655,5,5,True,CORRECT_REPRESENTATIVE,SINGLE_FEATURE_ABLATION_LOCAL,ABLATION_CONSISTENCY,5,"[16, 72, 112, 80, 15]",0.7065383494051206,8.04357458580808e-05,0.7064579136592626,1,True,0.9650622430671741,1.3659021394659203,5,0.1058418468768507,0.6006160667824119,11.862927654217417,5,BATCH_1_SAVED_SCALER_MEAN,probability,EXECUTED
EXP-XAI-FIDELITY-001,EXP-XAI-0001,MODEL-C1,10,B10:1655,5,5,True,CORRECT_REPRESENTATIVE,SINGLE_FEATURE_ABLATION_LOCAL,ABLATION_CONSISTENCY,10,"[16, 72, 112, 80, 15, 8, 71, 9, 37, 56]",0.7065383494051206,5.924636136592416e-06,0.706532424768984,1,True,0.9738132214677702,1.3782878484765693,5,0.2019489937640665,0.5045834310049175,13.269885862512565,10,BATCH_1_SAVED_SCALER_MEAN,probability,EXECUTED
EXP-XAI-FIDELITY-001,EXP-XAI-0001,MODEL-C1,10,B10:1663,5,5,True,CORRECT_REPRESENTATIVE,INTRINSIC_COEFFICIENT,LOCAL_FIDELITY,1,[112],0.32951575811358497,0.1107313066688969,0.21878445144468806,1,True,0.014281088913694827,0.04333962355989087,1,0.011677010435387835,0.20710744100930023,2.8573828137142,1,BATCH_1_SAVED_SCALER_MEAN,probability,EXECUTED
EXP-XAI-FIDELITY-001,EXP-XAI-0001,MODEL-C1,10,B10:1663,5,5,True,CORRECT_REPRESENTATIVE,INTRINSIC_COEFFICIENT,LOCAL_FIDELITY,3,"[112, 72, 16]",0.32951575811358497,0.0078977916244378,0.32161796648914714,1,True,0.15554313616166718,0.4720355015860912,3,0.025691648079578414,0.29592631840956873,5.090639067536439,3,BATCH_1_SAVED_SCALER_MEAN,probability,EXECUTED
EXP-XAI-FIDELITY-001,EXP-XAI-0001,MODEL-C1,10,B10:1663,5,5,True,CORRECT_REPRESENTATIVE,INTRINSIC_COEFFICIENT,LOCAL_FIDELITY,5,"[112, 72, 16, 80, 101]",0.32951575811358497,0.00906833957707298,0.320447418536512,1,True,0.1754711018774763,0.5325120197043534,1,0.019974447775083694,0.3004729707614283,5.7193467324946985,5,BATCH_1_SAVED_SCALER_MEAN,probability,EXECUTED
EXP-XAI-FIDELITY-001,EXP-XAI-0001,MODEL-C1,10,B10:1663,5,5,True,CORRECT_REPRESENTATIVE,INTRINSIC_COEFFICIENT,LOCAL_FIDELITY,10,"[112, 72, 16, 80, 101, 37, 104, 8, 15, 109]",0.32951575811358497,0.008283715535935066,0.3212320425776499,1,True,0.13165897823491568,0.39955290450641356,3,0.06417204430679546,0.25705999827085446,6.5897076865664665,10,BATCH_1_SAVED_SCALER_MEAN,probability,EXECUTED
EXP-XAI-FIDELITY-001,EXP-XAI-0001,MODEL-C1,10,B10:1663,5,5,True,CORRECT_REPRESENTATIVE,SINGLE_FEATURE_ABLATION_LOCAL,ABLATION_CONSISTENCY,1,[112],0.32951575811358497,0.1107313066688969,0.21878445144468806,1,True,0.014281088913694827,0.04333962355989087,1,0.00011705033809512599,0.21866740110659294,2.8573828137142,1,BATCH_1_SAVED_SCALER_MEAN,probability,EXECUTED
EXP-XAI-FIDELITY-001,EXP-XAI-0001,MODEL-C1,10,B10:1663,5,5,True,CORRECT_REPRESENTATIVE,SINGLE_FEATURE_ABLATION_LOCAL,ABLATION_CONSISTENCY,3,"[112, 72, 16]",0.32951575811358497,0.0078977916244378,0.32161796648914714,1,True,0.15554313616166718,0.4720355015860912,3,0.008668871279493732,0.3129490952096534,5.090639067536439,3,BATCH_1_SAVED_SCALER_MEAN,probability,EXECUTED
EXP-XAI-FIDELITY-001,EXP-XAI-0001,MODEL-C1,10,B10:1663,5,5,True,CORRECT_REPRESENTATIVE,SINGLE_FEATURE_ABLATION_LOCAL,ABLATION_CONSISTENCY,5,"[112, 72, 16, 80, 101]",0.32951575811358497,0.00906833957707298,0.320447418536512,1,True,0.1754711018774763,0.5325120197043534,1,0.03112834417132334,0.28931907436518867,5.7193467324946985,5,BATCH_1_SAVED_SCALER_MEAN,probability,EXECUTED
EXP-XAI-FIDELITY-001,EXP-XAI-0001,MODEL-C1,10,B10:1663,5,5,True,CORRECT_REPRESENTATIVE,SINGLE_FEATURE_ABLATION_LOCAL,ABLATION_CONSISTENCY,10,"[112, 72, 16, 80, 101, 104, 37, 8, 40, 15]",0.32951575811358497,0.003943585046709391,0.3255721730668756,1,True,0.0686896711361511,0.20845640745494662,3,0.059348566504427165,0.2662236065624484,6.90275289219418,10,BATCH_1_SAVED_SCALER_MEAN,probability,EXECUTED
EXP-XAI-FIDELITY-001,EXP-XAI-0001,MODEL-C1,10,B10:2287,3,3,True,NEAR_DECISION_BOUNDARY,INTRINSIC_COEFFICIENT,LOCAL_FIDELITY,1,[89],0.49954091280953694,0.7095486320935578,-0.21000771928402084,3,False,0.05217502107035172,0.10444594172859033,1,0.006760918398438983,-0.21676863768245982,0.7652456054367185,1,BATCH_1_SAVED_SCALER_MEAN,probability,EXECUTED
EXP-XAI-FIDELITY-001,EXP-XAI-0001,MODEL-C1,10,B10:2287,3,3,True,NEAR_DECISION_BOUNDARY,INTRINSIC_COEFFICIENT,LOCAL_FIDELITY,3,"[89, 81, 66]",0.49954091280953694,0.8308252421933113,-0.3312843293837744,3,False,0.02730183559518452,0.05465385295797395,1,-0.002902363699019398,-0.328381965684755,1.5772243556382886,3,BATCH_1_SAVED_SCALER_MEAN,probability,EXECUTED
EXP-XAI-FIDELITY-001,EXP-XAI-0001,MODEL-C1,10,B10:2287,3,3,True,NEAR_DECISION_BOUNDARY,INTRINSIC_COEFFICIENT,LOCAL_FIDELITY,5,"[89, 81, 66, 10, 2]",0.49954091280953694,0.6384991489079731,-0.13895823609843616,3,False,0.07213356603855212,0.14439971619712944,1,-0.00949939222482472,-0.12945884387361145,1.9951496381074671,5,BATCH_1_SAVED_SCALER_MEAN,probability,EXECUTED
EXP-XAI-FIDELITY-001,EXP-XAI-0001,MODEL-C1,10,B10:2287,3,3,True,NEAR_DECISION_BOUNDARY,INTRINSIC_COEFFICIENT,LOCAL_FIDELITY,10,"[89, 81, 66, 10, 2, 74, 25, 121, 113, 54]",0.49954091280953694,0.782722067358402,-0.28318115454886505,3,False,0.0368776797292634,0.07382314197620883,1,0.05792097824364793,-0.341102132792513,2.7775552782649795,10,BATCH_1_SAVED_SCALER_MEAN,probability,EXECUTED
EXP-XAI-FIDELITY-001,EXP-XAI-0001,MODEL-C1,10,B10:2287,3,3,True,NEAR_DECISION_BOUNDARY,SINGLE_FEATURE_ABLATION_LOCAL,ABLATION_CONSISTENCY,1,[89],0.49954091280953694,0.7095486320935578,-0.21000771928402084,3,False,0.05217502107035172,0.10444594172859033,1,0.00017560754477731014,-0.21018332682879814,0.7652456054367185,1,BATCH_1_SAVED_SCALER_MEAN,probability,EXECUTED
EXP-XAI-FIDELITY-001,EXP-XAI-0001,MODEL-C1,10,B10:2287,3,3,True,NEAR_DECISION_BOUNDARY,SINGLE_FEATURE_ABLATION_LOCAL,ABLATION_CONSISTENCY,3,"[89, 81, 25]",0.49954091280953694,0.9153251138994066,-0.4157842010898697,3,False,0.012515444292309037,0.02505389242678683,1,0.029419332675165152,-0.44520353376503485,1.2977818476388274,3,BATCH_1_SAVED_SCALER_MEAN,probability,EXECUTED
EXP-XAI-FIDELITY-001,EXP-XAI-0001,MODEL-C1,10,B10:2287,3,3,True,NEAR_DECISION_BOUNDARY,SINGLE_FEATURE_ABLATION_LOCAL,ABLATION_CONSISTENCY,5,"[89, 81, 25, 54, 2]",0.49954091280953694,0.7907703182957906,-0.29122940548625365,3,False,0.0351847770798874,0.07043422506076598,1,0.007663425781441986,-0.2988928312676956,1.7968948234813895,5,BATCH_1_SAVED_SCALER_MEAN,probability,EXECUTED
EXP-XAI-FIDELITY-001,EXP-XAI-0001,MODEL-C1,10,B10:2287,3,3,True,NEAR_DECISION_BOUNDARY,SINGLE_FEATURE_ABLATION_LOCAL,ABLATION_CONSISTENCY,10,"[89, 81, 25, 54, 2, 10, 17, 62, 55, 113]",0.49954091280953694,0.6949291696037483,-0.19538825679421135,3,False,0.05684185842375976,0.11378819425233386,1,0.0103985886331406,-0.20578684542735196,2.545157871935688,10,BATCH_1_SAVED_SCALER_MEAN,probability,EXECUTED
EXP-XAI-FIDELITY-001,EXP-XAI-0001,MODEL-C1,10,B10:2363,3,3,True,NEAR_DECISION_BOUNDARY,INTRINSIC_COEFFICIENT,LOCAL_FIDELITY,1,[40],0.501636769445382,0.2825547046486736,0.21908206479670844,1,True,0.2573724293020944,0.5130653193278668,1,-0.007167920669635003,0.22624998546634345,1.5568199421482447,1,BATCH_1_SAVED_SCALER_MEAN,probability,EXECUTED
EXP-XAI-FIDELITY-001,EXP-XAI-0001,MODEL-C1,10,B10:2363,3,3,True,NEAR_DECISION_BOUNDARY,INTRINSIC_COEFFICIENT,LOCAL_FIDELITY,3,"[40, 37, 112]",0.501636769445382,0.04329020040952678,0.45834656903585524,1,True,0.7297821325783682,1.4548019145112259,3,0.006687970627178524,0.4516585984086767,3.563840705673033,3,BATCH_1_SAVED_SCALER_MEAN,probability,EXECUTED
EXP-XAI-FIDELITY-001,EXP-XAI-0001,MODEL-C1,10,B10:2363,3,3,True,NEAR_DECISION_BOUNDARY,INTRINSIC_COEFFICIENT,LOCAL_FIDELITY,5,"[40, 37, 112, 66, 33]",0.501636769445382,0.02600255490820205,0.47563421453718,1,True,0.8278424581792934,1.650282651916784,3,0.05807483716135118,0.4175593773758288,3.822374153034132,5,BATCH_1_SAVED_SCALER_MEAN,probability,EXECUTED
EXP-XAI-FIDELITY-001,EXP-XAI-0001,MODEL-C1,10,B10:2363,3,3,True,NEAR_DECISION_BOUNDARY,INTRINSIC_COEFFICIENT,LOCAL_FIDELITY,10,"[40, 37, 112, 66, 33, 74, 2, 101, 104, 34]",0.501636769445382,0.029517750546645027,0.47211901889873703,1,True,0.8239077264098361,1.6424388653183501,3,0.02981143896069226,0.44230757993804476,5.125842642644634,10,BATCH_1_SAVED_SCALER_MEAN,probability,EXECUTED
EXP-XAI-FIDELITY-001,EXP-XAI-0001,MODEL-C1,10,B10:2363,3,3,True,NEAR_DECISION_BOUNDARY,SINGLE_FEATURE_ABLATION_LOCAL,ABLATION_CONSISTENCY,1,[101],0.501636769445382,0.809832015215582,-0.30819524577019997,3,False,0.03215348779690066,0.06409715107696369,1,0.03154725388665835,-0.3397424996568583,2.4587376101758642,1,BATCH_1_SAVED_SCALER_MEAN,probability,EXECUTED
EXP-XAI-FIDELITY-001,EXP-XAI-0001,MODEL-C1,10,B10:2363,3,3,True,NEAR_DECISION_BOUNDARY,SINGLE_FEATURE_ABLATION_LOCAL,ABLATION_CONSISTENCY,3,"[101, 106, 108]",0.501636769445382,0.979101900832031,-0.4774651313866489,3,False,0.003062075611062563,0.00610416898754859,1,-0.018496854457384092,-0.45896827692926484,3.8361840781398024,3,BATCH_1_SAVED_SCALER_MEAN,probability,EXECUTED
EXP-XAI-FIDELITY-001,EXP-XAI-0001,MODEL-C1,10,B10:2363,3,3,True,NEAR_DECISION_BOUNDARY,SINGLE_FEATURE_ABLATION_LOCAL,ABLATION_CONSISTENCY,5,"[101, 106, 108, 37, 112]",0.501636769445382,0.8434162057417568,-0.34177943629637475,3,False,0.025944814977104345,0.05172032147043241,1,0.005918343126405382,-0.34769777942278013,4.999358011236535,5,BATCH_1_SAVED_SCALER_MEAN,probability,EXECUTED
EXP-XAI-FIDELITY-001,EXP-XAI-0001,MODEL-C1,10,B10:2363,3,3,True,NEAR_DECISION_BOUNDARY,SINGLE_FEATURE_ABLATION_LOCAL,ABLATION_CONSISTENCY,10,"[101, 106, 108, 37, 112, 40, 100, 109, 107, 36]",0.501636769445382,0.9787383183396507,-0.4771015488942687,3,False,0.0031107153391669406,0.0062011310347249845,1,-0.05274223093308964,-0.42435931796117904,6.344391772613648,10,BATCH_1_SAVED_SCALER_MEAN,probability,EXECUTED
EXP-XAI-FIDELITY-001,EXP-XAI-0001,MODEL-C1,10,B10:2847,3,3,True,NEAR_DECISION_BOUNDARY,INTRINSIC_COEFFICIENT,LOCAL_FIDELITY,1,[40],0.5013642499279357,0.15760207620315897,0.34376217372477674,1,True,0.42345407070661906,0.8446036405018603,1,0.018679502298016352,0.3250826714267604,2.789945715432331,1,BATCH_1_SAVED_SCALER_MEAN,probability,EXECUTED
EXP-XAI-FIDELITY-001,EXP-XAI-0001,MODEL-C1,10,B10:2847,3,3,True,NEAR_DECISION_BOUNDARY,INTRINSIC_COEFFICIENT,LOCAL_FIDELITY,3,"[40, 112, 33]",0.5013642499279357,0.006390960372244727,0.494973289555691,1,True,0.9497246064802736,1.8942806684297566,3,0.004877016924967921,0.49009627263072303,5.5997349709546995,3,BATCH_1_SAVED_SCALER_MEAN,probability,EXECUTED
EXP-XAI-FIDELITY-001,EXP-XAI-0001,MODEL-C1,10,B10:2847,3,3,True,NEAR_DECISION_BOUNDARY,INTRINSIC_COEFFICIENT,LOCAL_FIDELITY,5,"[40, 112, 33, 25, 105]",0.5013642499279357,0.001714861689390619,0.4996493882385451,1,True,0.9860593478968581,1.96675241212071,3,0.053202497466461,0.4464468907720841,6.292955788989973,5,BATCH_1_SAVED_SCALER_MEAN,probability,EXECUTED
EXP-XAI-FIDELITY-001,EXP-XAI-0001,MODEL-C1,10,B10:2847,3,3,True,NEAR_DECISION_BOUNDARY,INTRINSIC_COEFFICIENT,LOCAL_FIDELITY,10,"[40, 112, 33, 25, 105, 104, 34, 97, 42, 38]",0.5013642499279357,0.00021940098729504332,0.5011448489406407,1,True,0.9984466708023889,1.9914596442524612,3,-0.03476449275925342,0.5359093416998941,8.400691065339336,10,BATCH_1_SAVED_SCALER_MEAN,probability,EXECUTED
EXP-XAI-FIDELITY-001,EXP-XAI-0001,MODEL-C1,10,B10:2847,3,3,True,NEAR_DECISION_BOUNDARY,SINGLE_FEATURE_ABLATION_LOCAL,ABLATION_CONSISTENCY,1,[112],0.5013642499279357,0.07130713354614175,0.43005711638179395,1,True,0.6155118723095361,1.2276740361882754,3,-0.0017806928991651798,0.4318378092809591,4.430634473397607,1,BATCH_1_SAVED_SCALER_MEAN,probability,EXECUTED
EXP-XAI-FIDELITY-001,EXP-XAI-0001,MODEL-C1,10,B10:2847,3,3,True,NEAR_DECISION_BOUNDARY,SINGLE_FEATURE_ABLATION_LOCAL,ABLATION_CONSISTENCY,3,"[112, 106, 108]",0.5013642499279357,0.8712483071246706,-0.3698840571967349,3,False,0.02082874763422763,0.04154414208277012,1,0.006035476434619305,-0.3759195336313542,7.068988116142696,3,BATCH_1_SAVED_SCALER_MEAN,probability,EXECUTED
EXP-XAI-FIDELITY-001,EXP-XAI-0001,MODEL-C1,10,B10:2847,3,3,True,NEAR_DECISION_BOUNDARY,SINGLE_FEATURE_ABLATION_LOCAL,ABLATION_CONSISTENCY,5,"[112, 106, 108, 101, 100]",0.5013642499279357,0.9963177864199124,-0.4949535364919767,3,False,0.0005322814556002652,0.0010616661552489502,1,0.053542904710567406,-0.5484964412025441,8.234370620713557,5,BATCH_1_SAVED_SCALER_MEAN,probability,EXECUTED
EXP-XAI-FIDELITY-001,EXP-XAI-0001,MODEL-C1,10,B10:2847,3,3,True,NEAR_DECISION_BOUNDARY,SINGLE_FEATURE_ABLATION_LOCAL,ABLATION_CONSISTENCY,10,"[112, 106, 108, 101, 100, 40, 107, 37, 25, 104]",0.5013642499279357,0.7957588351465076,-0.29439458521857187,3,False,0.035667013597352096,0.071139921927977,1,0.005066016049871045,-0.2994606012684429,10.574572632094537,10,BATCH_1_SAVED_SCALER_MEAN,probability,EXECUTED
EXP-XAI-FIDELITY-001,EXP-XAI-0001,MODEL-C1,10,B10:2927,3,1,False,NEAR_DECISION_BOUNDARY,INTRINSIC_COEFFICIENT,LOCAL_FIDELITY,1,[101],0.5014767306111513,0.04016217415298872,0.46131455645816255,3,True,0.9897978655551056,1.9737662889140157,1,-0.004049188001200232,0.4653637444593628,5.420284675439342,1,BATCH_1_SAVED_SCALER_MEAN,probability,EXECUTED
EXP-XAI-FIDELITY-001,EXP-XAI-0001,MODEL-C1,10,B10:2927,3,1,False,NEAR_DECISION_BOUNDARY,INTRINSIC_COEFFICIENT,LOCAL_FIDELITY,3,"[101, 106, 108]",0.5014767306111513,0.0005194364646284875,0.5009572941465228,3,True,0.9998437622498835,1.9937989167141827,1,0.013473869119725222,0.4874834250267976,7.25319617336645,3,BATCH_1_SAVED_SCALER_MEAN,probability,EXECUTED
EXP-XAI-FIDELITY-001,EXP-XAI-0001,MODEL-C1,10,B10:2927,3,1,False,NEAR_DECISION_BOUNDARY,INTRINSIC_COEFFICIENT,LOCAL_FIDELITY,5,"[101, 106, 108, 100, 112]",0.5014767306111513,0.0007442528539193846,0.5007324777572318,3,True,0.9998776827489454,1.9938665579365793,1,-0.13057236679828066,0.6313048445555125,9.134660171577378,5,BATCH_1_SAVED_SCALER_MEAN,probability,EXECUTED
EXP-XAI-FIDELITY-001,EXP-XAI-0001,MODEL-C1,10,B10:2927,3,1,False,NEAR_DECISION_BOUNDARY,INTRINSIC_COEFFICIENT,LOCAL_FIDELITY,10,"[101, 106, 108, 100, 112, 107, 109, 98, 37, 36]",0.5014767306111513,1.9732685336366376e-05,0.5014569979258149,3,True,0.9999950548974746,1.9941006109670882,1,-0.04231711925809239,0.5437741171839072,12.87071228093966,10,BATCH_1_SAVED_SCALER_MEAN,probability,EXECUTED
EXP-XAI-FIDELITY-001,EXP-XAI-0001,MODEL-C1,10,B10:2927,3,1,False,NEAR_DECISION_BOUNDARY,SINGLE_FEATURE_ABLATION_LOCAL,ABLATION_CONSISTENCY,1,[101],0.5014767306111513,0.04016217415298872,0.46131455645816255,3,True,0.9897978655551056,1.9737662889140157,1,-0.004630294040066744,0.4659448504982293,5.420284675439342,1,BATCH_1_SAVED_SCALER_MEAN,probability,EXECUTED
EXP-XAI-FIDELITY-001,EXP-XAI-0001,MODEL-C1,10,B10:2927,3,1,False,NEAR_DECISION_BOUNDARY,SINGLE_FEATURE_ABLATION_LOCAL,ABLATION_CONSISTENCY,3,"[101, 108, 112]",0.5014767306111513,0.03848105630253067,0.4629956743086206,3,True,0.9932210132062655,1.9805924234925596,1,0.004714605180802837,0.45828106912781774,7.669837413315401,3,BATCH_1_SAVED_SCALER_MEAN,probability,EXECUTED
EXP-XAI-FIDELITY-001,EXP-XAI-0001,MODEL-C1,10,B10:2927,3,1,False,NEAR_DECISION_BOUNDARY,SINGLE_FEATURE_ABLATION_LOCAL,ABLATION_CONSISTENCY,5,"[101, 108, 112, 100, 37]",0.5014767306111513,0.029404741228083325,0.47207198938306794,3,True,0.9947887330398465,1.9837186300299403,1,-0.05695664445351594,0.5290286338365838,9.553483698848614,5,BATCH_1_SAVED_SCALER_MEAN,probability,EXECUTED
EXP-XAI-FIDELITY-001,EXP-XAI-0001,MODEL-C1,10,B10:2927,3,1,False,NEAR_DECISION_BOUNDARY,SINGLE_FEATURE_ABLATION_LOCAL,ABLATION_CONSISTENCY,10,"[101, 108, 112, 100, 37, 25, 106, 40, 107, 109]",0.5014767306111513,0.005872757095244207,0.49560397351590707,3,True,0.99915028855667,1.992416053560456,1,-0.07488629898209077,0.5704902724979979,12.131830032201457,10,BATCH_1_SAVED_SCALER_MEAN,probability,EXECUTED
EXP-XAI-FIDELITY-001,EXP-XAI-0001,MODEL-C1,10,B10:2981,3,1,False,NEAR_DECISION_BOUNDARY,INTRINSIC_COEFFICIENT,LOCAL_FIDELITY,1,[106],0.5016269582716275,0.16186659807741213,0.3397603601942154,3,True,0.9658638711963041,1.9254624482787377,1,0.040537600164069404,0.29922276003014603,3.44409919034449,1,BATCH_1_SAVED_SCALER_MEAN,probability,EXECUTED
EXP-XAI-FIDELITY-001,EXP-XAI-0001,MODEL-C1,10,B10:2981,3,1,False,NEAR_DECISION_BOUNDARY,INTRINSIC_COEFFICIENT,LOCAL_FIDELITY,3,"[106, 101, 108]",0.5016269582716275,0.0013088460859884746,0.500318112185639,3,True,0.9996271769863484,1.9927700465513203,1,-0.013467008108582769,0.5137851202942219,6.235648929493305,3,BATCH_1_SAVED_SCALER_MEAN,probability,EXECUTED
EXP-XAI-FIDELITY-001,EXP-XAI-0001,MODEL-C1,10,B10:2981,3,1,False,NEAR_DECISION_BOUNDARY,INTRINSIC_COEFFICIENT,LOCAL_FIDELITY,5,"[106, 101, 108, 100, 112]",0.5016269582716275,0.0017707004413711107,0.4998562578302564,3,True,0.9997057816070015,1.992926745906004,1,-0.09720928364281506,0.5970655414730714,8.04345915693475,5,BATCH_1_SAVED_SCALER_MEAN,probability,EXECUTED
EXP-XAI-FIDELITY-001,EXP-XAI-0001,MODEL-C1,10,B10:2981,3,1,False,NEAR_DECISION_BOUNDARY,INTRINSIC_COEFFICIENT,LOCAL_FIDELITY,10,"[106, 101, 108, 100, 112, 107, 109, 37, 36, 98]",0.5016269582716275,7.046345925116796e-05,0.5015564948123763,3,True,0.9999824739910544,1.9934783358464776,1,-0.07999931272311983,0.5815558075354961,11.589298505292321,10,BATCH_1_SAVED_SCALER_MEAN,probability,EXECUTED
EXP-XAI-FIDELITY-001,EXP-XAI-0001,MODEL-C1,10,B10:2981,3,1,False,NEAR_DECISION_BOUNDARY,SINGLE_FEATURE_ABLATION_LOCAL,ABLATION_CONSISTENCY,1,[101],0.5016269582716275,0.07523229853826452,0.426394659733363,3,True,0.9810149068986145,1.9556662390688375,1,0.02612931839772943,0.4002653413356336,4.287941159451218,1,BATCH_1_SAVED_SCALER_MEAN,probability,EXECUTED
EXP-XAI-FIDELITY-001,EXP-XAI-0001,MODEL-C1,10,B10:2981,3,1,False,NEAR_DECISION_BOUNDARY,SINGLE_FEATURE_ABLATION_LOCAL,ABLATION_CONSISTENCY,3,"[101, 108, 112]",0.5016269582716275,0.06686016755077648,0.434766790720851,3,True,0.9877963510684394,1.9691851380394803,1,-0.04678416841374831,0.48155095913459933,6.588817644942183,3,BATCH_1_SAVED_SCALER_MEAN,probability,EXECUTED
EXP-XAI-FIDELITY-001,EXP-XAI-0001,MODEL-C1,10,B10:2981,3,1,False,NEAR_DECISION_BOUNDARY,SINGLE_FEATURE_ABLATION_LOCAL,ABLATION_CONSISTENCY,5,"[101, 108, 112, 100, 37]",0.5016269582716275,0.055008035147005155,0.44661892312462237,3,True,0.9899413353205854,1.973461192619036,1,-0.0059112031930172075,0.45253012631763956,8.486031761222264,5,BATCH_1_SAVED_SCALER_MEAN,probability,EXECUTED
EXP-XAI-FIDELITY-001,EXP-XAI-0001,MODEL-C1,10,B10:2981,3,1,False,NEAR_DECISION_BOUNDARY,SINGLE_FEATURE_ABLATION_LOCAL,ABLATION_CONSISTENCY,10,"[101, 108, 112, 100, 37, 106, 107, 40, 109, 25]",0.5016269582716275,0.010077689377614553,0.49154926889401296,3,True,0.9985284472300718,1.9905797141974488,1,-0.0478421185489446,0.5393913874429576,10.881825497658456,10,BATCH_1_SAVED_SCALER_MEAN,probability,EXECUTED
EXP-XAI-FIDELITY-001,EXP-XAI-0001,MODEL-C2,2,B2:0,1,1,True,CORRECT_REPRESENTATIVE,SINGLE_FEATURE_ABLATION_LOCAL,ABLATION_CONSISTENCY,1,[58],0.75,0.685,0.06499999999999995,1,False,0.835,1.1133333333333333,1,0.009166666666666675,0.05583333333333327,1.1466629168059577,1,BATCH_1_SAVED_SCALER_MEAN,probability,EXECUTED
EXP-XAI-FIDELITY-001,EXP-XAI-0001,MODEL-C2,2,B2:0,1,1,True,CORRECT_REPRESENTATIVE,SINGLE_FEATURE_ABLATION_LOCAL,ABLATION_CONSISTENCY,3,"[58, 114, 50]",0.75,0.565,0.18500000000000005,1,False,0.83,1.1066666666666667,1,0.03333333333333334,0.15166666666666673,1.9805850597868377,3,BATCH_1_SAVED_SCALER_MEAN,probability,EXECUTED
EXP-XAI-FIDELITY-001,EXP-XAI-0001,MODEL-C2,2,B2:0,1,1,True,CORRECT_REPRESENTATIVE,SINGLE_FEATURE_ABLATION_LOCAL,ABLATION_CONSISTENCY,5,"[58, 114, 50, 122, 89]",0.75,0.48,0.27,1,False,0.815,1.0866666666666667,1,0.055000000000000014,0.215,2.6666185490900873,5,BATCH_1_SAVED_SCALER_MEAN,probability,EXECUTED
EXP-XAI-FIDELITY-001,EXP-XAI-0001,MODEL-C2,2,B2:0,1,1,True,CORRECT_REPRESENTATIVE,SINGLE_FEATURE_ABLATION_LOCAL,ABLATION_CONSISTENCY,10,"[58, 114, 50, 122, 89, 18, 73, 33, 6, 16]",0.75,0.43,0.32,1,False,0.78,1.04,1,0.09649999999999999,0.22350000000000003,3.265606791599455,10,BATCH_1_SAVED_SCALER_MEAN,probability,EXECUTED
EXP-XAI-FIDELITY-001,EXP-XAI-0001,MODEL-C2,2,B2:1,1,1,True,CORRECT_REPRESENTATIVE,SINGLE_FEATURE_ABLATION_LOCAL,ABLATION_CONSISTENCY,1,[8],0.66,0.595,0.06500000000000006,1,False,0.85,1.2878787878787878,1,0.005500000000000005,0.05950000000000005,0.47176365852288316,1,BATCH_1_SAVED_SCALER_MEAN,probability,EXECUTED
EXP-XAI-FIDELITY-001,EXP-XAI-0001,MODEL-C2,2,B2:1,1,1,True,CORRECT_REPRESENTATIVE,SINGLE_FEATURE_ABLATION_LOCAL,ABLATION_CONSISTENCY,3,"[8, 70, 16]",0.66,0.5,0.16000000000000003,1,False,0.93,1.4090909090909092,1,0.012500000000000011,0.14750000000000002,0.9138935587986955,3,BATCH_1_SAVED_SCALER_MEAN,probability,EXECUTED
EXP-XAI-FIDELITY-001,EXP-XAI-0001,MODEL-C2,2,B2:1,1,1,True,CORRECT_REPRESENTATIVE,SINGLE_FEATURE_ABLATION_LOCAL,ABLATION_CONSISTENCY,5,"[8, 70, 16, 6, 9]",0.66,0.435,0.22500000000000003,1,False,0.91,1.3787878787878787,1,0.023333333333333355,0.2016666666666667,1.180148217933488,5,BATCH_1_SAVED_SCALER_MEAN,probability,EXECUTED
EXP-XAI-FIDELITY-001,EXP-XAI-0001,MODEL-C2,2,B2:1,1,1,True,CORRECT_REPRESENTATIVE,SINGLE_FEATURE_ABLATION_LOCAL,ABLATION_CONSISTENCY,10,"[8, 70, 16, 6, 9, 1, 12, 72, 76, 79]",0.66,0.285,0.37500000000000006,4,True,0.91,1.3787878787878787,1,0.04533333333333338,0.32966666666666666,1.6855025890254731,10,BATCH_1_SAVED_SCALER_MEAN,probability,EXECUTED
EXP-XAI-FIDELITY-001,EXP-XAI-0001,MODEL-C2,2,B2:12,1,4,False,MISCLASSIFIED,SINGLE_FEATURE_ABLATION_LOCAL,ABLATION_CONSISTENCY,1,[70],0.455,0.375,0.08000000000000002,1,True,0.18,0.3956043956043956,1,0.0020000000000000018,0.07800000000000001,0.644374767459685,1,BATCH_1_SAVED_SCALER_MEAN,probability,EXECUTED
EXP-XAI-FIDELITY-001,EXP-XAI-0001,MODEL-C2,2,B2:12,1,4,False,MISCLASSIFIED,SINGLE_FEATURE_ABLATION_LOCAL,ABLATION_CONSISTENCY,3,"[70, 14, 15]",0.455,0.24,0.21500000000000002,1,True,0.35,0.7692307692307692,1,0.0038333333333333422,0.21116666666666667,0.9445470891781509,3,BATCH_1_SAVED_SCALER_MEAN,probability,EXECUTED
EXP-XAI-FIDELITY-001,EXP-XAI-0001,MODEL-C2,2,B2:12,1,4,False,MISCLASSIFIED,SINGLE_FEATURE_ABLATION_LOCAL,ABLATION_CONSISTENCY,5,"[70, 14, 15, 73, 74]",0.455,0.18,0.275,1,True,0.35,0.7692307692307692,1,0.0025000000000000135,0.2725,3.6604094998510632,5,BATCH_1_SAVED_SCALER_MEAN,probability,EXECUTED
EXP-XAI-FIDELITY-001,EXP-XAI-0001,MODEL-C2,2,B2:12,1,4,False,MISCLASSIFIED,SINGLE_FEATURE_ABLATION_LOCAL,ABLATION_CONSISTENCY,10,"[70, 14, 15, 73, 74, 97, 7, 71, 10, 65]",0.455,0.105,0.35000000000000003,1,True,0.49,1.0769230769230769,4,0.013666666666666683,0.3363333333333334,5.114526019222657,10,BATCH_1_SAVED_SCALER_MEAN,probability,EXECUTED
EXP-XAI-FIDELITY-001,EXP-XAI-0001,MODEL-C2,2,B2:13,1,4,False,MISCLASSIFIED,SINGLE_FEATURE_ABLATION_LOCAL,ABLATION_CONSISTENCY,1,[14],0.475,0.405,0.06999999999999995,1,True,0.225,0.4736842105263158,1,0.00416666666666666,0.06583333333333329,0.5895799470412049,1,BATCH_1_SAVED_SCALER_MEAN,probability,EXECUTED
EXP-XAI-FIDELITY-001,EXP-XAI-0001,MODEL-C2,2,B2:13,1,4,False,MISCLASSIFIED,SINGLE_FEATURE_ABLATION_LOCAL,ABLATION_CONSISTENCY,3,"[14, 70, 15]",0.475,0.295,0.18,1,True,0.35,0.7368421052631579,1,0.009999999999999981,0.17,1.0369465495470416,3,BATCH_1_SAVED_SCALER_MEAN,probability,EXECUTED
EXP-XAI-FIDELITY-001,EXP-XAI-0001,MODEL-C2,2,B2:13,1,4,False,MISCLASSIFIED,SINGLE_FEATURE_ABLATION_LOCAL,ABLATION_CONSISTENCY,5,"[14, 70, 15, 73, 74]",0.475,0.24,0.235,1,True,0.35,0.7368421052631579,1,0.0009999999999999842,0.234,3.926216534157541,5,BATCH_1_SAVED_SCALER_MEAN,probability,EXECUTED
EXP-XAI-FIDELITY-001,EXP-XAI-0001,MODEL-C2,2,B2:13,1,4,False,MISCLASSIFIED,SINGLE_FEATURE_ABLATION_LOCAL,ABLATION_CONSISTENCY,10,"[14, 70, 15, 73, 74, 97, 71, 1, 7, 66]",0.475,0.155,0.31999999999999995,1,True,0.475,1.0,4,-0.004500000000000028,0.32449999999999996,5.490172175498619,10,BATCH_1_SAVED_SCALER_MEAN,probability,EXECUTED
EXP-XAI-FIDELITY-001,EXP-XAI-0001,MODEL-C2,2,B2:26,1,4,False,MISCLASSIFIED,SINGLE_FEATURE_ABLATION_LOCAL,ABLATION_CONSISTENCY,1,[14],0.465,0.39,0.07500000000000001,1,True,0.225,0.48387096774193544,1,0.0058333333333333475,0.06916666666666667,0.5428679137673756,1,BATCH_1_SAVED_SCALER_MEAN,probability,EXECUTED
EXP-XAI-FIDELITY-001,EXP-XAI-0001,MODEL-C2,2,B2:26,1,4,False,MISCLASSIFIED,SINGLE_FEATURE_ABLATION_LOCAL,ABLATION_CONSISTENCY,3,"[14, 70, 15]",0.465,0.26,0.20500000000000002,1,True,0.35,0.7526881720430106,1,0.0011666666666666917,0.2038333333333333,0.9590759164390101,3,BATCH_1_SAVED_SCALER_MEAN,probability,EXECUTED
EXP-XAI-FIDELITY-001,EXP-XAI-0001,MODEL-C2,2,B2:26,1,4,False,MISCLASSIFIED,SINGLE_FEATURE_ABLATION_LOCAL,ABLATION_CONSISTENCY,5,"[14, 70, 15, 73, 74]",0.465,0.205,0.26,1,True,0.35,0.7526881720430106,1,0.00316666666666669,0.2568333333333333,4.211558911859581,5,BATCH_1_SAVED_SCALER_MEAN,probability,EXECUTED
EXP-XAI-FIDELITY-001,EXP-XAI-0001,MODEL-C2,2,B2:26,1,4,False,MISCLASSIFIED,SINGLE_FEATURE_ABLATION_LOCAL,ABLATION_CONSISTENCY,10,"[14, 70, 15, 73, 74, 97, 7, 71, 1, 10]",0.465,0.13,0.335,1,True,0.465,1.0,4,0.006833333333333361,0.32816666666666666,5.827705942196671,10,BATCH_1_SAVED_SCALER_MEAN,probability,EXECUTED
EXP-XAI-FIDELITY-001,EXP-XAI-0001,MODEL-C2,2,B2:27,1,4,False,MISCLASSIFIED,SINGLE_FEATURE_ABLATION_LOCAL,ABLATION_CONSISTENCY,1,[1],0.475,0.42,0.05499999999999999,1,True,0.13,0.2736842105263158,1,-0.0006666666666666728,0.05566666666666666,0.519771950897232,1,BATCH_1_SAVED_SCALER_MEAN,probability,EXECUTED
EXP-XAI-FIDELITY-001,EXP-XAI-0001,MODEL-C2,2,B2:27,1,4,False,MISCLASSIFIED,SINGLE_FEATURE_ABLATION_LOCAL,ABLATION_CONSISTENCY,3,"[1, 14, 70]",0.475,0.31,0.16499999999999998,1,True,0.275,0.5789473684210527,1,-0.0011666666666666826,0.16616666666666666,1.0642828942670168,3,BATCH_1_SAVED_SCALER_MEAN,probability,EXECUTED
EXP-XAI-FIDELITY-001,EXP-XAI-0001,MODEL-C2,2,B2:27,1,4,False,MISCLASSIFIED,SINGLE_FEATURE_ABLATION_LOCAL,ABLATION_CONSISTENCY,5,"[1, 14, 70, 15, 74]",0.475,0.235,0.24,1,True,0.355,0.7473684210526316,1,0.004499999999999978,0.23550000000000001,4.432241723982947,5,BATCH_1_SAVED_SCALER_MEAN,probability,EXECUTED
EXP-XAI-FIDELITY-001,EXP-XAI-0001,MODEL-C2,2,B2:27,1,4,False,MISCLASSIFIED,SINGLE_FEATURE_ABLATION_LOCAL,ABLATION_CONSISTENCY,10,"[1, 14, 70, 15, 74, 97, 71, 7, 66, 73]",0.475,0.165,0.30999999999999994,1,True,0.485,1.0210526315789474,4,0.008999999999999975,0.301,6.193958893682031,10,BATCH_1_SAVED_SCALER_MEAN,probability,EXECUTED
EXP-XAI-FIDELITY-001,EXP-XAI-0001,MODEL-C2,2,B2:40,1,4,False,MISCLASSIFIED,SINGLE_FEATURE_ABLATION_LOCAL,ABLATION_CONSISTENCY,1,[70],0.46,0.39,0.07,1,True,0.18,0.3913043478260869,1,0.0008333333333333452,0.06916666666666667,0.6679228388035101,1,BATCH_1_SAVED_SCALER_MEAN,probability,EXECUTED
EXP-XAI-FIDELITY-001,EXP-XAI-0001,MODEL-C2,2,B2:40,1,4,False,MISCLASSIFIED,SINGLE_FEATURE_ABLATION_LOCAL,ABLATION_CONSISTENCY,3,"[70, 14, 15]",0.46,0.275,0.185,1,True,0.35,0.7608695652173912,1,0.005000000000000019,0.17999999999999997,0.9646656846326035,3,BATCH_1_SAVED_SCALER_MEAN,probability,EXECUTED
EXP-XAI-FIDELITY-001,EXP-XAI-0001,MODEL-C2,2,B2:40,1,4,False,MISCLASSIFIED,SINGLE_FEATURE_ABLATION_LOCAL,ABLATION_CONSISTENCY,5,"[70, 14, 15, 73, 71]",0.46,0.195,0.265,1,True,0.375,0.8152173913043478,1,0.00016666666666669087,0.2648333333333333,1.3243907593415145,5,BATCH_1_SAVED_SCALER_MEAN,probability,EXECUTED
EXP-XAI-FIDELITY-001,EXP-XAI-0001,MODEL-C2,2,B2:40,1,4,False,MISCLASSIFIED,SINGLE_FEATURE_ABLATION_LOCAL,ABLATION_CONSISTENCY,10,"[70, 14, 15, 73, 71, 74, 97, 7, 1, 10]",0.46,0.135,0.325,1,True,0.475,1.0326086956521738,4,0.005500000000000021,0.3195,6.575022822795619,10,BATCH_1_SAVED_SCALER_MEAN,probability,EXECUTED
EXP-XAI-FIDELITY-001,EXP-XAI-0001,MODEL-C2,2,B2:70,2,2,True,CORRECT_REPRESENTATIVE,SINGLE_FEATURE_ABLATION_LOCAL,ABLATION_CONSISTENCY,1,[79],0.92,0.81,0.10999999999999999,2,False,0.05,0.05434782608695652,1,0.012666666666666678,0.09733333333333331,0.7703493580055077,1,BATCH_1_SAVED_SCALER_MEAN,probability,EXECUTED
EXP-XAI-FIDELITY-001,EXP-XAI-0001,MODEL-C2,2,B2:70,2,2,True,CORRECT_REPRESENTATIVE,SINGLE_FEATURE_ABLATION_LOCAL,ABLATION_CONSISTENCY,3,"[79, 1, 9]",0.92,0.675,0.245,2,False,0.16,0.17391304347826086,1,0.02566666666666668,0.21933333333333332,1.2985406469003498,3,BATCH_1_SAVED_SCALER_MEAN,probability,EXECUTED
EXP-XAI-FIDELITY-001,EXP-XAI-0001,MODEL-C2,2,B2:70,2,2,True,CORRECT_REPRESENTATIVE,SINGLE_FEATURE_ABLATION_LOCAL,ABLATION_CONSISTENCY,5,"[79, 1, 9, 73, 2]",0.92,0.525,0.395,2,False,0.27,0.29347826086956524,1,0.03116666666666669,0.36383333333333334,1.6814064169503247,5,BATCH_1_SAVED_SCALER_MEAN,probability,EXECUTED
EXP-XAI-FIDELITY-001,EXP-XAI-0001,MODEL-C2,2,B2:70,2,2,True,CORRECT_REPRESENTATIVE,SINGLE_FEATURE_ABLATION_LOCAL,ABLATION_CONSISTENCY,10,"[79, 1, 9, 73, 2, 7, 6, 8, 14, 65]",0.92,0.275,0.645,1,True,0.465,0.5054347826086957,2,0.08066666666666672,0.5643333333333334,2.2943846845485774,10,BATCH_1_SAVED_SCALER_MEAN,probability,EXECUTED
EXP-XAI-FIDELITY-001,EXP-XAI-0001,MODEL-C2,2,B2:71,2,2,True,CORRECT_REPRESENTATIVE,SINGLE_FEATURE_ABLATION_LOCAL,ABLATION_CONSISTENCY,1,[1],0.88,0.775,0.10499999999999998,2,False,0.045,0.05113636363636363,1,0.007666666666666673,0.09733333333333331,0.7195919210846203,1,BATCH_1_SAVED_SCALER_MEAN,probability,EXECUTED
EXP-XAI-FIDELITY-001,EXP-XAI-0001,MODEL-C2,2,B2:71,2,2,True,CORRECT_REPRESENTATIVE,SINGLE_FEATURE_ABLATION_LOCAL,ABLATION_CONSISTENCY,3,"[1, 79, 9]",0.88,0.63,0.25,2,False,0.16,0.18181818181818182,1,0.030833333333333334,0.21916666666666668,1.2876621266734847,3,BATCH_1_SAVED_SCALER_MEAN,probability,EXECUTED
EXP-XAI-FIDELITY-001,EXP-XAI-0001,MODEL-C2,2,B2:71,2,2,True,CORRECT_REPRESENTATIVE,SINGLE_FEATURE_ABLATION_LOCAL,ABLATION_CONSISTENCY,5,"[1, 79, 9, 73, 6]",0.88,0.475,0.405,2,False,0.255,0.2897727272727273,1,0.04816666666666668,0.35683333333333334,1.6626927866969388,5,BATCH_1_SAVED_SCALER_MEAN,probability,EXECUTED
EXP-XAI-FIDELITY-001,EXP-XAI-0001,MODEL-C2,2,B2:71,2,2,True,CORRECT_REPRESENTATIVE,SINGLE_FEATURE_ABLATION_LOCAL,ABLATION_CONSISTENCY,10,"[1, 79, 9, 73, 6, 7, 8, 14, 65, 3]",0.88,0.25,0.63,1,True,0.45,0.5113636363636364,2,0.08116666666666665,0.5488333333333334,2.277674559954506,10,BATCH_1_SAVED_SCALER_MEAN,probability,EXECUTED
EXP-XAI-FIDELITY-001,EXP-XAI-0001,MODEL-C2,2,B2:211,5,5,True,CORRECT_REPRESENTATIVE,SINGLE_FEATURE_ABLATION_LOCAL,ABLATION_CONSISTENCY,1,[20],0.49,0.45,0.03999999999999998,5,False,0.02,0.04081632653061225,1,0.003833333333333333,0.036166666666666646,1.0703607461254792,1,BATCH_1_SAVED_SCALER_MEAN,probability,EXECUTED
EXP-XAI-FIDELITY-001,EXP-XAI-0001,MODEL-C2,2,B2:211,5,5,True,CORRECT_REPRESENTATIVE,SINGLE_FEATURE_ABLATION_LOCAL,ABLATION_CONSISTENCY,3,"[20, 72, 2]",0.49,0.455,0.034999999999999976,5,False,0.02,0.04081632653061225,1,0.013999999999999995,0.02099999999999998,1.2088165185325925,3,BATCH_1_SAVED_SCALER_MEAN,probability,EXECUTED
EXP-XAI-FIDELITY-001,EXP-XAI-0001,MODEL-C2,2,B2:211,5,5,True,CORRECT_REPRESENTATIVE,SINGLE_FEATURE_ABLATION_LOCAL,ABLATION_CONSISTENCY,5,"[20, 72, 2, 86, 71]",0.49,0.435,0.05499999999999999,5,False,0.03,0.061224489795918366,1,0.030333333333333323,0.02466666666666667,1.7076713593551343,5,BATCH_1_SAVED_SCALER_MEAN,probability,EXECUTED
EXP-XAI-FIDELITY-001,EXP-XAI-0001,MODEL-C2,2,B2:211,5,5,True,CORRECT_REPRESENTATIVE,SINGLE_FEATURE_ABLATION_LOCAL,ABLATION_CONSISTENCY,10,"[20, 72, 2, 86, 71, 10, 29, 61, 66, 19]",0.49,0.34,0.14999999999999997,5,False,0.07,0.14285714285714288,1,0.048666666666666664,0.1013333333333333,2.496647028661054,10,BATCH_1_SAVED_SCALER_MEAN,probability,EXECUTED
EXP-XAI-FIDELITY-001,EXP-XAI-0001,MODEL-C2,2,B2:212,5,5,True,CORRECT_REPRESENTATIVE,SINGLE_FEATURE_ABLATION_LOCAL,ABLATION_CONSISTENCY,1,[2],0.6,0.54,0.05999999999999994,5,False,0.02,0.03333333333333333,1,0.010166666666666673,0.04983333333333327,0.18003097902840123,1,BATCH_1_SAVED_SCALER_MEAN,probability,EXECUTED
EXP-XAI-FIDELITY-001,EXP-XAI-0001,MODEL-C2,2,B2:212,5,5,True,CORRECT_REPRESENTATIVE,SINGLE_FEATURE_ABLATION_LOCAL,ABLATION_CONSISTENCY,3,"[2, 20, 66]",0.6,0.445,0.15499999999999997,5,False,0.02,0.03333333333333333,1,0.03333333333333332,0.12166666666666665,1.0787071683859004,3,BATCH_1_SAVED_SCALER_MEAN,probability,EXECUTED
EXP-XAI-FIDELITY-001,EXP-XAI-0001,MODEL-C2,2,B2:212,5,5,True,CORRECT_REPRESENTATIVE,SINGLE_FEATURE_ABLATION_LOCAL,ABLATION_CONSISTENCY,5,"[2, 20, 66, 10, 86]",0.6,0.395,0.20499999999999996,5,False,0.04,0.06666666666666667,1,0.04599999999999997,0.15899999999999997,1.497243078418577,5,BATCH_1_SAVED_SCALER_MEAN,probability,EXECUTED
EXP-XAI-FIDELITY-001,EXP-XAI-0001,MODEL-C2,2,B2:212,5,5,True,CORRECT_REPRESENTATIVE,SINGLE_FEATURE_ABLATION_LOCAL,ABLATION_CONSISTENCY,10,"[2, 20, 66, 10, 86, 12, 84, 4, 30, 53]",0.6,0.29,0.31,5,False,0.075,0.125,1,0.07733333333333331,0.2326666666666667,2.4090694812687494,10,BATCH_1_SAVED_SCALER_MEAN,probability,EXECUTED
EXP-XAI-FIDELITY-001,EXP-XAI-0001,MODEL-C2,2,B2:473,6,6,True,CORRECT_REPRESENTATIVE,SINGLE_FEATURE_ABLATION_LOCAL,ABLATION_CONSISTENCY,1,[84],0.435,0.39,0.044999999999999984,6,False,0.04,0.09195402298850575,1,0.0033333333333333344,0.04166666666666665,0.7844472670057315,1,BATCH_1_SAVED_SCALER_MEAN,probability,EXECUTED
EXP-XAI-FIDELITY-001,EXP-XAI-0001,MODEL-C2,2,B2:473,6,6,True,CORRECT_REPRESENTATIVE,SINGLE_FEATURE_ABLATION_LOCAL,ABLATION_CONSISTENCY,3,"[84, 28, 86]",0.435,0.335,0.09999999999999998,4,True,0.11,0.25287356321839083,1,0.008500000000000004,0.09149999999999997,1.4066964196258855,3,BATCH_1_SAVED_SCALER_MEAN,probability,EXECUTED
EXP-XAI-FIDELITY-001,EXP-XAI-0001,MODEL-C2,2,B2:473,6,6,True,CORRECT_REPRESENTATIVE,SINGLE_FEATURE_ABLATION_LOCAL,ABLATION_CONSISTENCY,5,"[84, 28, 86, 20, 25]",0.435,0.265,0.16999999999999998,4,True,0.175,0.4022988505747126,1,0.02,0.15,1.9569947040307276,5,BATCH_1_SAVED_SCALER_MEAN,probability,EXECUTED
EXP-XAI-FIDELITY-001,EXP-XAI-0001,MODEL-C2,2,B2:473,6,6,True,CORRECT_REPRESENTATIVE,SINGLE_FEATURE_ABLATION_LOCAL,ABLATION_CONSISTENCY,10,"[84, 28, 86, 20, 25, 17, 22, 30, 19, 59]",0.435,0.155,0.28,1,True,0.28,0.6436781609195403,1,0.04033333333333334,0.2396666666666667,2.818558203132576,10,BATCH_1_SAVED_SCALER_MEAN,probability,EXECUTED
EXP-XAI-FIDELITY-001,EXP-XAI-0001,MODEL-C2,2,B2:474,6,6,True,CORRECT_REPRESENTATIVE,SINGLE_FEATURE_ABLATION_LOCAL,ABLATION_CONSISTENCY,1,[66],0.7,0.53,0.16999999999999993,6,False,0.03,0.04285714285714286,1,0.009666666666666638,0.1603333333333333,1.340804889776539,1,BATCH_1_SAVED_SCALER_MEAN,probability,EXECUTED
EXP-XAI-FIDELITY-001,EXP-XAI-0001,MODEL-C2,2,B2:474,6,6,True,CORRECT_REPRESENTATIVE,SINGLE_FEATURE_ABLATION_LOCAL,ABLATION_CONSISTENCY,3,"[66, 10, 84]",0.7,0.41,0.29,6,False,0.075,0.10714285714285715,1,0.018666666666666623,0.27133333333333337,1.6788449073789091,3,BATCH_1_SAVED_SCALER_MEAN,probability,EXECUTED
EXP-XAI-FIDELITY-001,EXP-XAI-0001,MODEL-C2,2,B2:474,6,6,True,CORRECT_REPRESENTATIVE,SINGLE_FEATURE_ABLATION_LOCAL,ABLATION_CONSISTENCY,5,"[66, 10, 84, 74, 20]",0.7,0.315,0.38499999999999995,4,True,0.135,0.1928571428571429,1,0.03516666666666662,0.34983333333333333,2.0503198401291076,5,BATCH_1_SAVED_SCALER_MEAN,probability,EXECUTED
EXP-XAI-FIDELITY-001,EXP-XAI-0001,MODEL-C2,2,B2:474,6,6,True,CORRECT_REPRESENTATIVE,SINGLE_FEATURE_ABLATION_LOCAL,ABLATION_CONSISTENCY,10,"[66, 10, 84, 74, 20, 85, 86, 17, 25, 81]",0.7,0.215,0.485,1,True,0.33,0.4714285714285715,1,0.09633333333333328,0.3886666666666667,2.8189216824450973,10,BATCH_1_SAVED_SCALER_MEAN,probability,EXECUTED
EXP-XAI-FIDELITY-001,EXP-XAI-0001,MODEL-C2,2,B2:514,3,3,True,CORRECT_REPRESENTATIVE,SINGLE_FEATURE_ABLATION_LOCAL,ABLATION_CONSISTENCY,1,[58],0.58,0.495,0.08499999999999996,3,False,0.01,0.01724137931034483,1,0.00033333333333333365,0.08466666666666663,0.8430683449734542,1,BATCH_1_SAVED_SCALER_MEAN,probability,EXECUTED
EXP-XAI-FIDELITY-001,EXP-XAI-0001,MODEL-C2,2,B2:514,3,3,True,CORRECT_REPRESENTATIVE,SINGLE_FEATURE_ABLATION_LOCAL,ABLATION_CONSISTENCY,3,"[58, 50, 114]",0.58,0.35,0.22999999999999998,2,True,0.02,0.03448275862068966,1,0.01916666666666664,0.21083333333333334,1.5763055983061938,3,BATCH_1_SAVED_SCALER_MEAN,probability,EXECUTED
EXP-XAI-FIDELITY-001,EXP-XAI-0001,MODEL-C2,2,B2:514,3,3,True,CORRECT_REPRESENTATIVE,SINGLE_FEATURE_ABLATION_LOCAL,ABLATION_CONSISTENCY,5,"[58, 50, 114, 122, 79]",0.58,0.365,0.21499999999999997,2,True,0.05,0.08620689655172414,1,0.023499999999999965,0.1915,2.0262609359804586,5,BATCH_1_SAVED_SCALER_MEAN,probability,EXECUTED
EXP-XAI-FIDELITY-001,EXP-XAI-0001,MODEL-C2,2,B2:514,3,3,True,CORRECT_REPRESENTATIVE,SINGLE_FEATURE_ABLATION_LOCAL,ABLATION_CONSISTENCY,10,"[58, 50, 114, 122, 79, 1, 65, 73, 18, 9]",0.58,0.22,0.36,1,True,0.315,0.5431034482758621,1,0.06233333333333326,0.29766666666666675,2.6177008131368757,10,BATCH_1_SAVED_SCALER_MEAN,probability,EXECUTED
EXP-XAI-FIDELITY-001,EXP-XAI-0001,MODEL-C2,2,B2:515,3,3,True,CORRECT_REPRESENTATIVE,SINGLE_FEATURE_ABLATION_LOCAL,ABLATION_CONSISTENCY,1,[58],0.595,0.515,0.07999999999999996,3,False,0.01,0.016806722689075633,1,0.005500000000000001,0.07449999999999996,0.8278366392517047,1,BATCH_1_SAVED_SCALER_MEAN,probability,EXECUTED
EXP-XAI-FIDELITY-001,EXP-XAI-0001,MODEL-C2,2,B2:515,3,3,True,CORRECT_REPRESENTATIVE,SINGLE_FEATURE_ABLATION_LOCAL,ABLATION_CONSISTENCY,3,"[58, 50, 114]",0.595,0.37,0.22499999999999998,2,True,0.02,0.033613445378151266,1,0.013999999999999993,0.211,1.5611981748282404,3,BATCH_1_SAVED_SCALER_MEAN,probability,EXECUTED
EXP-XAI-FIDELITY-001,EXP-XAI-0001,MODEL-C2,2,B2:515,3,3,True,CORRECT_REPRESENTATIVE,SINGLE_FEATURE_ABLATION_LOCAL,ABLATION_CONSISTENCY,5,"[58, 50, 114, 122, 79]",0.595,0.385,0.20999999999999996,2,True,0.045,0.07563025210084033,1,0.026999999999999975,0.183,2.0152678190492503,5,BATCH_1_SAVED_SCALER_MEAN,probability,EXECUTED
EXP-XAI-FIDELITY-001,EXP-XAI-0001,MODEL-C2,2,B2:515,3,3,True,CORRECT_REPRESENTATIVE,SINGLE_FEATURE_ABLATION_LOCAL,ABLATION_CONSISTENCY,10,"[58, 50, 114, 122, 79, 65, 1, 18, 73, 9]",0.595,0.245,0.35,1,True,0.31,0.5210084033613446,1,0.038833333333333296,0.3111666666666667,2.6014466834726737,10,BATCH_1_SAVED_SCALER_MEAN,probability,EXECUTED
EXP-XAI-FIDELITY-001,EXP-XAI-0001,MODEL-C2,2,B2:720,5,4,False,NEAR_DECISION_BOUNDARY,SINGLE_FEATURE_ABLATION_LOCAL,ABLATION_CONSISTENCY,1,[14],0.44,0.395,0.044999999999999984,4,False,0.23,0.5227272727272727,1,0.0006666666666666673,0.044333333333333315,1.232217124703906,1,BATCH_1_SAVED_SCALER_MEAN,probability,EXECUTED
EXP-XAI-FIDELITY-001,EXP-XAI-0001,MODEL-C2,2,B2:720,5,4,False,NEAR_DECISION_BOUNDARY,SINGLE_FEATURE_ABLATION_LOCAL,ABLATION_CONSISTENCY,3,"[14, 15, 100]",0.44,0.315,0.125,5,True,0.31,0.7045454545454546,1,0.0008333333333333304,0.12416666666666668,3.1782012914134725,3,BATCH_1_SAVED_SCALER_MEAN,probability,EXECUTED
EXP-XAI-FIDELITY-001,EXP-XAI-0001,MODEL-C2,2,B2:720,5,4,False,NEAR_DECISION_BOUNDARY,SINGLE_FEATURE_ABLATION_LOCAL,ABLATION_CONSISTENCY,5,"[14, 15, 100, 7, 101]",0.44,0.26,0.18,5,True,0.385,0.875,1,-0.00016666666666666867,0.18016666666666667,4.415996536789917,5,BATCH_1_SAVED_SCALER_MEAN,probability,EXECUTED
EXP-XAI-FIDELITY-001,EXP-XAI-0001,MODEL-C2,2,B2:720,5,4,False,NEAR_DECISION_BOUNDARY,SINGLE_FEATURE_ABLATION_LOCAL,ABLATION_CONSISTENCY,10,"[14, 15, 100, 7, 101, 109, 72, 8, 9, 16]",0.44,0.29,0.15000000000000002,1,True,0.4,0.9090909090909092,4,0.007166666666666669,0.14283333333333334,6.926661235786352,10,BATCH_1_SAVED_SCALER_MEAN,probability,EXECUTED
EXP-XAI-FIDELITY-001,EXP-XAI-0001,MODEL-C2,2,B2:732,5,4,False,NEAR_DECISION_BOUNDARY,SINGLE_FEATURE_ABLATION_LOCAL,ABLATION_CONSISTENCY,1,[14],0.43,0.385,0.044999999999999984,4,False,0.23,0.5348837209302326,1,0.0006666666666666636,0.04433333333333332,1.2049503494434577,1,BATCH_1_SAVED_SCALER_MEAN,probability,EXECUTED
EXP-XAI-FIDELITY-001,EXP-XAI-0001,MODEL-C2,2,B2:732,5,4,False,NEAR_DECISION_BOUNDARY,SINGLE_FEATURE_ABLATION_LOCAL,ABLATION_CONSISTENCY,3,"[14, 7, 15]",0.43,0.29,0.14,1,True,0.37,0.8604651162790697,1,0.002999999999999997,0.137,2.1471651676141086,3,BATCH_1_SAVED_SCALER_MEAN,probability,EXECUTED
EXP-XAI-FIDELITY-001,EXP-XAI-0001,MODEL-C2,2,B2:732,5,4,False,NEAR_DECISION_BOUNDARY,SINGLE_FEATURE_ABLATION_LOCAL,ABLATION_CONSISTENCY,5,"[14, 7, 15, 100, 109]",0.43,0.245,0.185,1,True,0.4,0.930232558139535,1,0.001999999999999987,0.18300000000000002,3.9857212211411657,5,BATCH_1_SAVED_SCALER_MEAN,probability,EXECUTED
EXP-XAI-FIDELITY-001,EXP-XAI-0001,MODEL-C2,2,B2:732,5,4,False,NEAR_DECISION_BOUNDARY,SINGLE_FEATURE_ABLATION_LOCAL,ABLATION_CONSISTENCY,10,"[14, 7, 15, 100, 109, 8, 72, 9, 101, 16]",0.43,0.28,0.14999999999999997,1,True,0.4,0.930232558139535,4,0.00933333333333333,0.14066666666666663,6.487041409068315,10,BATCH_1_SAVED_SCALER_MEAN,probability,EXECUTED
EXP-XAI-FIDELITY-001,EXP-XAI-0001,MODEL-C2,2,B2:744,5,4,False,NEAR_DECISION_BOUNDARY,SINGLE_FEATURE_ABLATION_LOCAL,ABLATION_CONSISTENCY,1,[7],0.405,0.36,0.04500000000000004,4,False,0.195,0.48148148148148145,1,0.0030000000000000118,0.04200000000000003,1.2104960424085054,1,BATCH_1_SAVED_SCALER_MEAN,probability,EXECUTED
EXP-XAI-FIDELITY-001,EXP-XAI-0001,MODEL-C2,2,B2:744,5,4,False,NEAR_DECISION_BOUNDARY,SINGLE_FEATURE_ABLATION_LOCAL,ABLATION_CONSISTENCY,3,"[7, 14, 15]",0.405,0.26,0.14500000000000002,1,True,0.37,0.9135802469135802,1,0.0020000000000000256,0.143,2.2680209587821047,3,BATCH_1_SAVED_SCALER_MEAN,probability,EXECUTED
EXP-XAI-FIDELITY-001,EXP-XAI-0001,MODEL-C2,2,B2:744,5,4,False,NEAR_DECISION_BOUNDARY,SINGLE_FEATURE_ABLATION_LOCAL,ABLATION_CONSISTENCY,5,"[7, 14, 15, 9, 100]",0.405,0.2,0.20500000000000002,1,True,0.42,1.037037037037037,4,0.001333333333333366,0.20366666666666666,3.299162591221243,5,BATCH_1_SAVED_SCALER_MEAN,probability,EXECUTED
EXP-XAI-FIDELITY-001,EXP-XAI-0001,MODEL-C2,2,B2:744,5,4,False,NEAR_DECISION_BOUNDARY,SINGLE_FEATURE_ABLATION_LOCAL,ABLATION_CONSISTENCY,10,"[7, 14, 15, 9, 100, 109, 16, 101, 8, 72]",0.405,0.245,0.16000000000000003,1,True,0.4,0.9876543209876543,4,0.0016666666666666921,0.15833333333333333,6.563985154001086,10,BATCH_1_SAVED_SCALER_MEAN,probability,EXECUTED
EXP-XAI-FIDELITY-001,EXP-XAI-0001,MODEL-C2,2,B2:746,5,4,False,NEAR_DECISION_BOUNDARY,SINGLE_FEATURE_ABLATION_LOCAL,ABLATION_CONSISTENCY,1,[7],0.425,0.38,0.044999999999999984,4,False,0.195,0.45882352941176474,1,0.0003333333333333299,0.04466666666666665,1.2504364444039402,1,BATCH_1_SAVED_SCALER_MEAN,probability,EXECUTED
EXP-XAI-FIDELITY-001,EXP-XAI-0001,MODEL-C2,2,B2:746,5,4,False,NEAR_DECISION_BOUNDARY,SINGLE_FEATURE_ABLATION_LOCAL,ABLATION_CONSISTENCY,3,"[7, 14, 15]",0.425,0.275,0.14999999999999997,1,True,0.37,0.8705882352941177,1,0.001499999999999994,0.14849999999999997,2.2761644473411438,3,BATCH_1_SAVED_SCALER_MEAN,probability,EXECUTED
EXP-XAI-FIDELITY-001,EXP-XAI-0001,MODEL-C2,2,B2:746,5,4,False,NEAR_DECISION_BOUNDARY,SINGLE_FEATURE_ABLATION_LOCAL,ABLATION_CONSISTENCY,5,"[7, 14, 15, 100, 9]",0.425,0.215,0.21,1,True,0.42,0.9882352941176471,4,0.004499999999999989,0.20550000000000002,3.3090147609591196,5,BATCH_1_SAVED_SCALER_MEAN,probability,EXECUTED
EXP-XAI-FIDELITY-001,EXP-XAI-0001,MODEL-C2,2,B2:746,5,4,False,NEAR_DECISION_BOUNDARY,SINGLE_FEATURE_ABLATION_LOCAL,ABLATION_CONSISTENCY,10,"[7, 14, 15, 100, 9, 109, 16, 8, 72, 113]",0.425,0.265,0.15999999999999998,1,True,0.385,0.9058823529411765,4,-0.0003333333333333466,0.16033333333333333,6.268893335732579,10,BATCH_1_SAVED_SCALER_MEAN,probability,EXECUTED
EXP-XAI-FIDELITY-001,EXP-XAI-0001,MODEL-C2,2,B2:748,5,4,False,NEAR_DECISION_BOUNDARY,SINGLE_FEATURE_ABLATION_LOCAL,ABLATION_CONSISTENCY,1,[14],0.41,0.36,0.04999999999999999,4,False,0.23,0.5609756097560976,1,-0.0010000000000000065,0.051,1.1986017254005472,1,BATCH_1_SAVED_SCALER_MEAN,probability,EXECUTED
EXP-XAI-FIDELITY-001,EXP-XAI-0001,MODEL-C2,2,B2:748,5,4,False,NEAR_DECISION_BOUNDARY,SINGLE_FEATURE_ABLATION_LOCAL,ABLATION_CONSISTENCY,3,"[14, 7, 15]",0.41,0.265,0.14499999999999996,1,True,0.37,0.9024390243902439,1,-0.0030000000000000157,0.14799999999999996,2.204544256449297,3,BATCH_1_SAVED_SCALER_MEAN,probability,EXECUTED
EXP-XAI-FIDELITY-001,EXP-XAI-0001,MODEL-C2,2,B2:748,5,4,False,NEAR_DECISION_BOUNDARY,SINGLE_FEATURE_ABLATION_LOCAL,ABLATION_CONSISTENCY,5,"[14, 7, 15, 100, 9]",0.41,0.21,0.19999999999999998,1,True,0.42,1.024390243902439,4,-0.0033333333333333565,0.20333333333333334,3.200248760569988,5,BATCH_1_SAVED_SCALER_MEAN,probability,EXECUTED
EXP-XAI-FIDELITY-001,EXP-XAI-0001,MODEL-C2,2,B2:748,5,4,False,NEAR_DECISION_BOUNDARY,SINGLE_FEATURE_ABLATION_LOCAL,ABLATION_CONSISTENCY,10,"[14, 7, 15, 100, 9, 109, 8, 16, 72, 113]",0.41,0.265,0.14499999999999996,1,True,0.385,0.9390243902439025,4,0.0013333333333333123,0.14366666666666664,6.220521159158931,10,BATCH_1_SAVED_SCALER_MEAN,probability,EXECUTED
EXP-XAI-FIDELITY-001,EXP-XAI-0001,MODEL-C2,6,B6:0,2,2,True,CORRECT_REPRESENTATIVE,SINGLE_FEATURE_ABLATION_LOCAL,ABLATION_CONSISTENCY,1,[1],0.88,0.78,0.09999999999999998,2,False,0.045,0.05113636363636363,1,0.00883333333333334,0.09116666666666663,0.7314208999436081,1,BATCH_1_SAVED_SCALER_MEAN,probability,EXECUTED
EXP-XAI-FIDELITY-001,EXP-XAI-0001,MODEL-C2,6,B6:0,2,2,True,CORRECT_REPRESENTATIVE,SINGLE_FEATURE_ABLATION_LOCAL,ABLATION_CONSISTENCY,3,"[1, 79, 73]",0.88,0.615,0.265,2,False,0.17,0.1931818181818182,1,0.02000000000000001,0.245,1.3675596335449327,3,BATCH_1_SAVED_SCALER_MEAN,probability,EXECUTED
EXP-XAI-FIDELITY-001,EXP-XAI-0001,MODEL-C2,6,B6:0,2,2,True,CORRECT_REPRESENTATIVE,SINGLE_FEATURE_ABLATION_LOCAL,ABLATION_CONSISTENCY,5,"[1, 79, 73, 9, 7]",0.88,0.51,0.37,2,False,0.26,0.29545454545454547,1,0.04466666666666668,0.3253333333333333,1.6971553945329516,5,BATCH_1_SAVED_SCALER_MEAN,probability,EXECUTED
EXP-XAI-FIDELITY-001,EXP-XAI-0001,MODEL-C2,6,B6:0,2,2,True,CORRECT_REPRESENTATIVE,SINGLE_FEATURE_ABLATION_LOCAL,ABLATION_CONSISTENCY,10,"[1, 79, 73, 9, 7, 6, 14, 65, 8, 78]",0.88,0.27,0.61,1,True,0.445,0.5056818181818182,2,0.10249999999999998,0.5075000000000001,2.372087338364511,10,BATCH_1_SAVED_SCALER_MEAN,probability,EXECUTED
EXP-XAI-FIDELITY-001,EXP-XAI-0001,MODEL-C2,6,B6:1,2,2,True,CORRECT_REPRESENTATIVE,SINGLE_FEATURE_ABLATION_LOCAL,ABLATION_CONSISTENCY,1,[1],0.9,0.8,0.09999999999999998,2,False,0.045,0.049999999999999996,1,0.009833333333333338,0.09016666666666664,0.726433563657048,1,BATCH_1_SAVED_SCALER_MEAN,probability,EXECUTED
EXP-XAI-FIDELITY-001,EXP-XAI-0001,MODEL-C2,6,B6:1,2,2,True,CORRECT_REPRESENTATIVE,SINGLE_FEATURE_ABLATION_LOCAL,ABLATION_CONSISTENCY,3,"[1, 79, 9]",0.9,0.65,0.25,2,False,0.16,0.17777777777777778,1,0.023000000000000013,0.22699999999999998,1.3100091546724246,3,BATCH_1_SAVED_SCALER_MEAN,probability,EXECUTED
EXP-XAI-FIDELITY-001,EXP-XAI-0001,MODEL-C2,6,B6:1,2,2,True,CORRECT_REPRESENTATIVE,SINGLE_FEATURE_ABLATION_LOCAL,ABLATION_CONSISTENCY,5,"[1, 79, 9, 73, 7]",0.9,0.515,0.385,2,False,0.26,0.2888888888888889,1,0.03550000000000001,0.3495,1.6798078940898442,5,BATCH_1_SAVED_SCALER_MEAN,probability,EXECUTED
EXP-XAI-FIDELITY-001,EXP-XAI-0001,MODEL-C2,6,B6:1,2,2,True,CORRECT_REPRESENTATIVE,SINGLE_FEATURE_ABLATION_LOCAL,ABLATION_CONSISTENCY,10,"[1, 79, 9, 73, 7, 6, 14, 65, 8, 78]",0.9,0.275,0.625,1,True,0.445,0.49444444444444446,2,0.0886666666666667,0.5363333333333333,2.3419538191688414,10,BATCH_1_SAVED_SCALER_MEAN,probability,EXECUTED
EXP-XAI-FIDELITY-001,EXP-XAI-0001,MODEL-C2,6,B6:23,1,1,True,CORRECT_REPRESENTATIVE,SINGLE_FEATURE_ABLATION_LOCAL,ABLATION_CONSISTENCY,1,[16],0.71,0.66,0.04999999999999993,1,False,0.935,1.3169014084507045,1,0.002333333333333328,0.04766666666666661,0.1553858513553831,1,BATCH_1_SAVED_SCALER_MEAN,probability,EXECUTED
EXP-XAI-FIDELITY-001,EXP-XAI-0001,MODEL-C2,6,B6:23,1,1,True,CORRECT_REPRESENTATIVE,SINGLE_FEATURE_ABLATION_LOCAL,ABLATION_CONSISTENCY,3,"[16, 19, 28]",0.71,0.705,0.0050000000000000044,1,False,0.88,1.23943661971831,1,-0.00750000000000001,0.012500000000000015,2.803127816709002,3,BATCH_1_SAVED_SCALER_MEAN,probability,EXECUTED
EXP-XAI-FIDELITY-001,EXP-XAI-0001,MODEL-C2,6,B6:23,1,1,True,CORRECT_REPRESENTATIVE,SINGLE_FEATURE_ABLATION_LOCAL,ABLATION_CONSISTENCY,5,"[16, 19, 28, 83, 91]",0.71,0.755,-0.04500000000000004,1,False,0.83,1.1690140845070423,1,-0.00750000000000001,-0.03750000000000003,3.5148310352240975,5,BATCH_1_SAVED_SCALER_MEAN,probability,EXECUTED
EXP-XAI-FIDELITY-001,EXP-XAI-0001,MODEL-C2,6,B6:23,1,1,True,CORRECT_REPRESENTATIVE,SINGLE_FEATURE_ABLATION_LOCAL,ABLATION_CONSISTENCY,10,"[16, 19, 28, 83, 91, 84, 107, 8, 27, 66]",0.71,0.775,-0.06500000000000006,1,False,0.81,1.1408450704225352,1,-0.010166666666666687,-0.05483333333333337,6.239372302024081,10,BATCH_1_SAVED_SCALER_MEAN,probability,EXECUTED
EXP-XAI-FIDELITY-001,EXP-XAI-0001,MODEL-C2,6,B6:24,1,1,True,CORRECT_REPRESENTATIVE,SINGLE_FEATURE_ABLATION_LOCAL,ABLATION_CONSISTENCY,1,[16],0.77,0.72,0.050000000000000044,1,False,0.935,1.2142857142857144,1,-0.0011666666666666676,0.051166666666666714,0.20449699235427235,1,BATCH_1_SAVED_SCALER_MEAN,probability,EXECUTED
EXP-XAI-FIDELITY-001,EXP-XAI-0001,MODEL-C2,6,B6:24,1,1,True,CORRECT_REPRESENTATIVE,SINGLE_FEATURE_ABLATION_LOCAL,ABLATION_CONSISTENCY,3,"[16, 8, 28]",0.77,0.71,0.06000000000000005,1,False,0.94,1.2207792207792207,1,-0.000833333333333334,0.060833333333333385,2.2220599998928456,3,BATCH_1_SAVED_SCALER_MEAN,probability,EXECUTED
EXP-XAI-FIDELITY-001,EXP-XAI-0001,MODEL-C2,6,B6:24,1,1,True,CORRECT_REPRESENTATIVE,SINGLE_FEATURE_ABLATION_LOCAL,ABLATION_CONSISTENCY,5,"[16, 8, 28, 83, 84]",0.77,0.75,0.020000000000000018,1,False,0.9,1.1688311688311688,1,-0.006166666666666672,0.02616666666666669,3.2062579762238204,5,BATCH_1_SAVED_SCALER_MEAN,probability,EXECUTED
EXP-XAI-FIDELITY-001,EXP-XAI-0001,MODEL-C2,6,B6:24,1,1,True,CORRECT_REPRESENTATIVE,SINGLE_FEATURE_ABLATION_LOCAL,ABLATION_CONSISTENCY,10,"[16, 8, 28, 83, 84, 99, 116, 36, 52, 66]",0.77,0.79,-0.020000000000000018,1,False,0.84,1.0909090909090908,1,-0.016166666666666676,-0.0038333333333333414,6.732521507053952,10,BATCH_1_SAVED_SCALER_MEAN,probability,EXECUTED
EXP-XAI-FIDELITY-001,EXP-XAI-0001,MODEL-C2,6,B6:387,3,1,False,MISCLASSIFIED,SINGLE_FEATURE_ABLATION_LOCAL,ABLATION_CONSISTENCY,1,[73],0.675,0.76,-0.08499999999999996,1,False,0.775,1.1481481481481481,1,-0.001166666666666664,-0.0838333333333333,0.6756095975998372,1,BATCH_1_SAVED_SCALER_MEAN,probability,EXECUTED
EXP-XAI-FIDELITY-001,EXP-XAI-0001,MODEL-C2,6,B6:387,3,1,False,MISCLASSIFIED,SINGLE_FEATURE_ABLATION_LOCAL,ABLATION_CONSISTENCY,3,"[73, 6, 65]",0.675,0.86,-0.18499999999999994,1,False,0.695,1.0296296296296295,1,-0.002499999999999991,-0.18249999999999994,1.0960610093614491,3,BATCH_1_SAVED_SCALER_MEAN,probability,EXECUTED
EXP-XAI-FIDELITY-001,EXP-XAI-0001,MODEL-C2,6,B6:387,3,1,False,MISCLASSIFIED,SINGLE_FEATURE_ABLATION_LOCAL,ABLATION_CONSISTENCY,5,"[73, 6, 65, 16, 7]",0.675,0.83,-0.15499999999999992,1,False,0.715,1.0592592592592591,1,-0.000833333333333323,-0.1541666666666666,1.2707554789111286,5,BATCH_1_SAVED_SCALER_MEAN,probability,EXECUTED
EXP-XAI-FIDELITY-001,EXP-XAI-0001,MODEL-C2,6,B6:387,3,1,False,MISCLASSIFIED,SINGLE_FEATURE_ABLATION_LOCAL,ABLATION_CONSISTENCY,10,"[73, 6, 65, 16, 7, 8, 72, 14, 1, 68]",0.675,0.805,-0.13,1,False,0.715,1.0592592592592591,1,-0.021833333333333305,-0.1081666666666667,1.7464663667601288,10,BATCH_1_SAVED_SCALER_MEAN,probability,EXECUTED
EXP-XAI-FIDELITY-001,EXP-XAI-0001,MODEL-C2,6,B6:388,3,1,False,MISCLASSIFIED,SINGLE_FEATURE_ABLATION_LOCAL,ABLATION_CONSISTENCY,1,[73],0.53,0.6,-0.06999999999999995,1,False,0.77,1.4528301886792452,1,-0.005333333333333327,-0.06466666666666662,0.715455003450385,1,BATCH_1_SAVED_SCALER_MEAN,probability,EXECUTED
EXP-XAI-FIDELITY-001,EXP-XAI-0001,MODEL-C2,6,B6:388,3,1,False,MISCLASSIFIED,SINGLE_FEATURE_ABLATION_LOCAL,ABLATION_CONSISTENCY,3,"[73, 1, 6]",0.53,0.72,-0.18999999999999995,1,False,0.68,1.2830188679245282,1,-0.007333333333333325,-0.18266666666666662,1.11711067801049,3,BATCH_1_SAVED_SCALER_MEAN,probability,EXECUTED
EXP-XAI-FIDELITY-001,EXP-XAI-0001,MODEL-C2,6,B6:388,3,1,False,MISCLASSIFIED,SINGLE_FEATURE_ABLATION_LOCAL,ABLATION_CONSISTENCY,5,"[73, 1, 6, 65, 7]",0.53,0.81,-0.28,1,False,0.585,1.1037735849056602,1,-0.00916666666666666,-0.27083333333333337,1.4444549653490095,5,BATCH_1_SAVED_SCALER_MEAN,probability,EXECUTED
EXP-XAI-FIDELITY-001,EXP-XAI-0001,MODEL-C2,6,B6:388,3,1,False,MISCLASSIFIED,SINGLE_FEATURE_ABLATION_LOCAL,ABLATION_CONSISTENCY,10,"[73, 1, 6, 65, 7, 9, 8, 14, 16, 122]",0.53,0.775,-0.245,1,False,0.57,1.0754716981132073,1,-0.014999999999999984,-0.23,2.0318631404459215,10,BATCH_1_SAVED_SCALER_MEAN,probability,EXECUTED
EXP-XAI-FIDELITY-001,EXP-XAI-0001,MODEL-C2,6,B6:389,3,1,False,MISCLASSIFIED,SINGLE_FEATURE_ABLATION_LOCAL,ABLATION_CONSISTENCY,1,[1],0.43,0.525,-0.09500000000000003,1,False,0.755,1.755813953488372,1,-0.0016666666666666663,-0.09333333333333337,0.6397966281716461,1,BATCH_1_SAVED_SCALER_MEAN,probability,EXECUTED
EXP-XAI-FIDELITY-001,EXP-XAI-0001,MODEL-C2,6,B6:389,3,1,False,MISCLASSIFIED,SINGLE_FEATURE_ABLATION_LOCAL,ABLATION_CONSISTENCY,3,"[1, 6, 65]",0.43,0.63,-0.2,1,False,0.645,1.5,1,-0.01583333333333333,-0.18416666666666667,1.17241688022622,3,BATCH_1_SAVED_SCALER_MEAN,probability,EXECUTED
EXP-XAI-FIDELITY-001,EXP-XAI-0001,MODEL-C2,6,B6:389,3,1,False,MISCLASSIFIED,SINGLE_FEATURE_ABLATION_LOCAL,ABLATION_CONSISTENCY,5,"[1, 6, 65, 73, 7]",0.43,0.72,-0.29,1,False,0.53,1.232558139534884,1,-0.009666666666666672,-0.2803333333333333,1.507539316241887,5,BATCH_1_SAVED_SCALER_MEAN,probability,EXECUTED
EXP-XAI-FIDELITY-001,EXP-XAI-0001,MODEL-C2,6,B6:389,3,1,False,MISCLASSIFIED,SINGLE_FEATURE_ABLATION_LOCAL,ABLATION_CONSISTENCY,10,"[1, 6, 65, 73, 7, 9, 14, 79, 114, 122]",0.43,0.815,-0.38499999999999995,1,False,0.44,1.0232558139534884,1,-0.021333333333333333,-0.36366666666666664,2.362923878939227,10,BATCH_1_SAVED_SCALER_MEAN,probability,EXECUTED
EXP-XAI-FIDELITY-001,EXP-XAI-0001,MODEL-C2,6,B6:390,3,1,False,MISCLASSIFIED,SINGLE_FEATURE_ABLATION_LOCAL,ABLATION_CONSISTENCY,1,[1],0.44,0.53,-0.09000000000000002,1,False,0.755,1.7159090909090908,1,-0.004666666666666665,-0.08533333333333336,0.6596555334494312,1,BATCH_1_SAVED_SCALER_MEAN,probability,EXECUTED
EXP-XAI-FIDELITY-001,EXP-XAI-0001,MODEL-C2,6,B6:390,3,1,False,MISCLASSIFIED,SINGLE_FEATURE_ABLATION_LOCAL,ABLATION_CONSISTENCY,3,"[1, 6, 65]",0.44,0.63,-0.19,1,False,0.645,1.465909090909091,1,-0.001999999999999996,-0.188,1.1969257104183133,3,BATCH_1_SAVED_SCALER_MEAN,probability,EXECUTED
EXP-XAI-FIDELITY-001,EXP-XAI-0001,MODEL-C2,6,B6:390,3,1,False,MISCLASSIFIED,SINGLE_FEATURE_ABLATION_LOCAL,ABLATION_CONSISTENCY,5,"[1, 6, 65, 73, 7]",0.44,0.715,-0.27499999999999997,1,False,0.53,1.2045454545454546,1,-0.005333333333333334,-0.2696666666666666,1.5349777488994574,5,BATCH_1_SAVED_SCALER_MEAN,probability,EXECUTED
EXP-XAI-FIDELITY-001,EXP-XAI-0001,MODEL-C2,6,B6:390,3,1,False,MISCLASSIFIED,SINGLE_FEATURE_ABLATION_LOCAL,ABLATION_CONSISTENCY,10,"[1, 6, 65, 73, 7, 9, 122, 14, 114, 2]",0.44,0.775,-0.335,1,False,0.44,1.0,1,-0.022166666666666668,-0.31283333333333335,2.334304640478345,10,BATCH_1_SAVED_SCALER_MEAN,probability,EXECUTED
EXP-XAI-FIDELITY-001,EXP-XAI-0001,MODEL-C2,6,B6:391,3,1,False,"MISCLASSIFIED,NEAR_DECISION_BOUNDARY",SINGLE_FEATURE_ABLATION_LOCAL,ABLATION_CONSISTENCY,1,[1],0.425,0.51,-0.08500000000000002,1,False,0.75,1.7647058823529411,1,-0.0010000000000000009,-0.08400000000000002,0.6742264848016747,1,BATCH_1_SAVED_SCALER_MEAN,probability,EXECUTED
EXP-XAI-FIDELITY-001,EXP-XAI-0001,MODEL-C2,6,B6:391,3,1,False,"MISCLASSIFIED,NEAR_DECISION_BOUNDARY",SINGLE_FEATURE_ABLATION_LOCAL,ABLATION_CONSISTENCY,3,"[1, 6, 73]",0.425,0.61,-0.185,1,False,0.615,1.4470588235294117,1,-0.005166666666666669,-0.17983333333333332,1.216021287630669,3,BATCH_1_SAVED_SCALER_MEAN,probability,EXECUTED
EXP-XAI-FIDELITY-001,EXP-XAI-0001,MODEL-C2,6,B6:391,3,1,False,"MISCLASSIFIED,NEAR_DECISION_BOUNDARY",SINGLE_FEATURE_ABLATION_LOCAL,ABLATION_CONSISTENCY,5,"[1, 6, 73, 65, 122]",0.425,0.645,-0.22000000000000003,1,False,0.56,1.3176470588235296,1,-0.011166666666666668,-0.20883333333333337,1.7747512831546228,5,BATCH_1_SAVED_SCALER_MEAN,probability,EXECUTED
EXP-XAI-FIDELITY-001,EXP-XAI-0001,MODEL-C2,6,B6:391,3,1,False,"MISCLASSIFIED,NEAR_DECISION_BOUNDARY",SINGLE_FEATURE_ABLATION_LOCAL,ABLATION_CONSISTENCY,10,"[1, 6, 73, 65, 122, 7, 9, 14, 114, 3]",0.425,0.75,-0.325,1,False,0.43,1.011764705882353,1,-0.017833333333333347,-0.30716666666666664,2.4216272047509877,10,BATCH_1_SAVED_SCALER_MEAN,probability,EXECUTED
EXP-XAI-FIDELITY-001,EXP-XAI-0001,MODEL-C2,6,B6:392,3,3,True,CORRECT_REPRESENTATIVE,SINGLE_FEATURE_ABLATION_LOCAL,ABLATION_CONSISTENCY,1,[58],0.45,0.37,0.08000000000000002,3,False,0.01,0.022222222222222223,1,0.005000000000000003,0.07500000000000001,0.8902733120727119,1,BATCH_1_SAVED_SCALER_MEAN,probability,EXECUTED
EXP-XAI-FIDELITY-001,EXP-XAI-0001,MODEL-C2,6,B6:392,3,3,True,CORRECT_REPRESENTATIVE,SINGLE_FEATURE_ABLATION_LOCAL,ABLATION_CONSISTENCY,3,"[58, 122, 1]",0.45,0.26,0.19,1,True,0.12,0.26666666666666666,1,0.009666666666666676,0.18033333333333332,1.5333983632954598,3,BATCH_1_SAVED_SCALER_MEAN,probability,EXECUTED
EXP-XAI-FIDELITY-001,EXP-XAI-0001,MODEL-C2,6,B6:392,3,3,True,CORRECT_REPRESENTATIVE,SINGLE_FEATURE_ABLATION_LOCAL,ABLATION_CONSISTENCY,5,"[58, 122, 1, 114, 50]",0.45,0.155,0.29500000000000004,2,True,0.135,0.3,1,0.029166666666666674,0.26583333333333337,2.034171185555114,5,BATCH_1_SAVED_SCALER_MEAN,probability,EXECUTED
EXP-XAI-FIDELITY-001,EXP-XAI-0001,MODEL-C2,6,B6:392,3,3,True,CORRECT_REPRESENTATIVE,SINGLE_FEATURE_ABLATION_LOCAL,ABLATION_CONSISTENCY,10,"[58, 122, 1, 114, 50, 79, 9, 18, 65, 6]",0.45,0.125,0.325,1,True,0.3,0.6666666666666666,1,0.03083333333333334,0.2941666666666667,2.6190621167765737,10,BATCH_1_SAVED_SCALER_MEAN,probability,EXECUTED
EXP-XAI-FIDELITY-001,EXP-XAI-0001,MODEL-C2,6,B6:393,3,3,True,CORRECT_REPRESENTATIVE,SINGLE_FEATURE_ABLATION_LOCAL,ABLATION_CONSISTENCY,1,[58],0.445,0.365,0.08000000000000002,3,False,0.01,0.02247191011235955,1,0.004,0.07600000000000001,0.9012457881429541,1,BATCH_1_SAVED_SCALER_MEAN,probability,EXECUTED
EXP-XAI-FIDELITY-001,EXP-XAI-0001,MODEL-C2,6,B6:393,3,3,True,CORRECT_REPRESENTATIVE,SINGLE_FEATURE_ABLATION_LOCAL,ABLATION_CONSISTENCY,3,"[58, 122, 1]",0.445,0.26,0.185,1,True,0.12,0.2696629213483146,1,0.005166666666666666,0.17983333333333335,1.5490864207727513,3,BATCH_1_SAVED_SCALER_MEAN,probability,EXECUTED
EXP-XAI-FIDELITY-001,EXP-XAI-0001,MODEL-C2,6,B6:393,3,3,True,CORRECT_REPRESENTATIVE,SINGLE_FEATURE_ABLATION_LOCAL,ABLATION_CONSISTENCY,5,"[58, 122, 1, 50, 114]",0.445,0.155,0.29000000000000004,2,True,0.135,0.30337078651685395,1,0.03216666666666667,0.25783333333333336,2.054889853429547,5,BATCH_1_SAVED_SCALER_MEAN,probability,EXECUTED
EXP-XAI-FIDELITY-001,EXP-XAI-0001,MODEL-C2,6,B6:393,3,3,True,CORRECT_REPRESENTATIVE,SINGLE_FEATURE_ABLATION_LOCAL,ABLATION_CONSISTENCY,10,"[58, 122, 1, 50, 114, 79, 9, 18, 6, 65]",0.445,0.125,0.32,1,True,0.305,0.6853932584269663,1,0.05233333333333334,0.26766666666666666,2.644608080164283,10,BATCH_1_SAVED_SCALER_MEAN,probability,EXECUTED
EXP-XAI-FIDELITY-001,EXP-XAI-0001,MODEL-C2,6,B6:926,2,3,False,NEAR_DECISION_BOUNDARY,SINGLE_FEATURE_ABLATION_LOCAL,ABLATION_CONSISTENCY,1,[79],0.39,0.445,-0.05499999999999999,3,False,0.01,0.02564102564102564,1,0.0031666666666666675,-0.05816666666666666,0.7122315794341632,1,BATCH_1_SAVED_SCALER_MEAN,probability,EXECUTED
EXP-XAI-FIDELITY-001,EXP-XAI-0001,MODEL-C2,6,B6:926,2,3,False,NEAR_DECISION_BOUNDARY,SINGLE_FEATURE_ABLATION_LOCAL,ABLATION_CONSISTENCY,3,"[79, 2, 114]",0.39,0.335,0.05499999999999999,2,True,0.085,0.21794871794871795,1,0.011166666666666674,0.04383333333333332,1.1402570709382016,3,BATCH_1_SAVED_SCALER_MEAN,probability,EXECUTED
EXP-XAI-FIDELITY-001,EXP-XAI-0001,MODEL-C2,6,B6:926,2,3,False,NEAR_DECISION_BOUNDARY,SINGLE_FEATURE_ABLATION_LOCAL,ABLATION_CONSISTENCY,5,"[79, 2, 114, 73, 122]",0.39,0.285,0.10500000000000004,1,True,0.15,0.3846153846153846,1,0.012666666666666677,0.09233333333333336,1.496391159087743,5,BATCH_1_SAVED_SCALER_MEAN,probability,EXECUTED
EXP-XAI-FIDELITY-001,EXP-XAI-0001,MODEL-C2,6,B6:926,2,3,False,NEAR_DECISION_BOUNDARY,SINGLE_FEATURE_ABLATION_LOCAL,ABLATION_CONSISTENCY,10,"[79, 2, 114, 73, 122, 28, 78, 126, 10, 48]",0.39,0.265,0.125,1,True,0.2,0.5128205128205129,1,0.01266666666666668,0.11233333333333331,6.8794425420870144,10,BATCH_1_SAVED_SCALER_MEAN,probability,EXECUTED
EXP-XAI-FIDELITY-001,EXP-XAI-0001,MODEL-C2,6,B6:928,2,3,False,NEAR_DECISION_BOUNDARY,SINGLE_FEATURE_ABLATION_LOCAL,ABLATION_CONSISTENCY,1,[79],0.415,0.495,-0.08000000000000002,3,False,0.01,0.024096385542168676,1,0.001166666666666664,-0.08116666666666668,0.7333926580644945,1,BATCH_1_SAVED_SCALER_MEAN,probability,EXECUTED
EXP-XAI-FIDELITY-001,EXP-XAI-0001,MODEL-C2,6,B6:928,2,3,False,NEAR_DECISION_BOUNDARY,SINGLE_FEATURE_ABLATION_LOCAL,ABLATION_CONSISTENCY,3,"[79, 114, 50]",0.415,0.38,0.034999999999999976,2,True,0.015,0.03614457831325301,1,0.0024999999999999857,0.03249999999999999,1.2597928537004721,3,BATCH_1_SAVED_SCALER_MEAN,probability,EXECUTED
EXP-XAI-FIDELITY-001,EXP-XAI-0001,MODEL-C2,6,B6:928,2,3,False,NEAR_DECISION_BOUNDARY,SINGLE_FEATURE_ABLATION_LOCAL,ABLATION_CONSISTENCY,5,"[79, 114, 50, 58, 122]",0.415,0.3,0.11499999999999999,2,True,0.04,0.0963855421686747,1,0.0018333333333333164,0.11316666666666668,1.6539651065481702,5,BATCH_1_SAVED_SCALER_MEAN,probability,EXECUTED
EXP-XAI-FIDELITY-001,EXP-XAI-0001,MODEL-C2,6,B6:928,2,3,False,NEAR_DECISION_BOUNDARY,SINGLE_FEATURE_ABLATION_LOCAL,ABLATION_CONSISTENCY,10,"[79, 114, 50, 58, 122, 73, 78, 2, 65, 34]",0.415,0.275,0.13999999999999996,2,True,0.235,0.5662650602409639,1,0.005999999999999981,0.13399999999999998,2.6312770774197425,10,BATCH_1_SAVED_SCALER_MEAN,probability,EXECUTED
EXP-XAI-FIDELITY-001,EXP-XAI-0001,MODEL-C2,6,B6:932,2,2,True,NEAR_DECISION_BOUNDARY,SINGLE_FEATURE_ABLATION_LOCAL,ABLATION_CONSISTENCY,1,[79],0.435,0.355,0.08000000000000002,3,True,0.05,0.1149425287356322,1,0.0045000000000000005,0.07550000000000001,0.7360479189042126,1,BATCH_1_SAVED_SCALER_MEAN,probability,EXECUTED
EXP-XAI-FIDELITY-001,EXP-XAI-0001,MODEL-C2,6,B6:932,2,2,True,NEAR_DECISION_BOUNDARY,SINGLE_FEATURE_ABLATION_LOCAL,ABLATION_CONSISTENCY,3,"[79, 114, 122]",0.435,0.48,-0.044999999999999984,2,False,0.05,0.1149425287356322,1,0.010166666666666664,-0.05516666666666665,1.2326098729698982,3,BATCH_1_SAVED_SCALER_MEAN,probability,EXECUTED
EXP-XAI-FIDELITY-001,EXP-XAI-0001,MODEL-C2,6,B6:932,2,2,True,NEAR_DECISION_BOUNDARY,SINGLE_FEATURE_ABLATION_LOCAL,ABLATION_CONSISTENCY,5,"[79, 114, 122, 58, 78]",0.435,0.49,-0.05499999999999999,2,False,0.075,0.17241379310344826,1,0.005500000000000001,-0.0605,1.579081998602313,5,BATCH_1_SAVED_SCALER_MEAN,probability,EXECUTED
EXP-XAI-FIDELITY-001,EXP-XAI-0001,MODEL-C2,6,B6:932,2,2,True,NEAR_DECISION_BOUNDARY,SINGLE_FEATURE_ABLATION_LOCAL,ABLATION_CONSISTENCY,10,"[79, 114, 122, 58, 78, 73, 1, 50, 9, 14]",0.435,0.31,0.125,1,True,0.15,0.3448275862068965,1,0.013666666666666666,0.11133333333333334,2.1814055598826867,10,BATCH_1_SAVED_SCALER_MEAN,probability,EXECUTED
EXP-XAI-FIDELITY-001,EXP-XAI-0001,MODEL-C2,6,B6:1338,2,1,False,NEAR_DECISION_BOUNDARY,SINGLE_FEATURE_ABLATION_LOCAL,ABLATION_CONSISTENCY,1,[1],0.345,0.44,-0.09500000000000003,1,False,0.745,2.1594202898550727,1,-0.010666666666666673,-0.08433333333333336,0.7001455824264176,1,BATCH_1_SAVED_SCALER_MEAN,probability,EXECUTED
EXP-XAI-FIDELITY-001,EXP-XAI-0001,MODEL-C2,6,B6:1338,2,1,False,NEAR_DECISION_BOUNDARY,SINGLE_FEATURE_ABLATION_LOCAL,ABLATION_CONSISTENCY,3,"[1, 73, 6]",0.345,0.59,-0.245,1,False,0.615,1.782608695652174,1,-0.008666666666666673,-0.2363333333333333,1.2051520650529703,3,BATCH_1_SAVED_SCALER_MEAN,probability,EXECUTED
EXP-XAI-FIDELITY-001,EXP-XAI-0001,MODEL-C2,6,B6:1338,2,1,False,NEAR_DECISION_BOUNDARY,SINGLE_FEATURE_ABLATION_LOCAL,ABLATION_CONSISTENCY,5,"[1, 73, 6, 7, 91]",0.345,0.66,-0.31500000000000006,1,False,0.54,1.5652173913043481,1,-0.012000000000000012,-0.30300000000000005,2.5446344454233327,5,BATCH_1_SAVED_SCALER_MEAN,probability,EXECUTED
EXP-XAI-FIDELITY-001,EXP-XAI-0001,MODEL-C2,6,B6:1338,2,1,False,NEAR_DECISION_BOUNDARY,SINGLE_FEATURE_ABLATION_LOCAL,ABLATION_CONSISTENCY,10,"[1, 73, 6, 7, 91, 27, 19, 28, 65, 3]",0.345,0.79,-0.44500000000000006,1,False,0.435,1.2608695652173914,1,-0.04683333333333335,-0.3981666666666667,5.440940827858642,10,BATCH_1_SAVED_SCALER_MEAN,probability,EXECUTED
EXP-XAI-FIDELITY-001,EXP-XAI-0001,MODEL-C2,10,B10:0,4,1,False,MISCLASSIFIED,SINGLE_FEATURE_ABLATION_LOCAL,ABLATION_CONSISTENCY,1,[58],0.56,0.5,0.06000000000000005,1,False,0.835,1.4910714285714284,1,0.006500000000000039,0.05350000000000001,1.2594828609926718,1,BATCH_1_SAVED_SCALER_MEAN,probability,EXECUTED
EXP-XAI-FIDELITY-001,EXP-XAI-0001,MODEL-C2,10,B10:0,4,1,False,MISCLASSIFIED,SINGLE_FEATURE_ABLATION_LOCAL,ABLATION_CONSISTENCY,3,"[58, 114, 50]",0.56,0.39,0.17000000000000004,1,False,0.83,1.482142857142857,1,0.01333333333333338,0.15666666666666665,2.1720557751376894,3,BATCH_1_SAVED_SCALER_MEAN,probability,EXECUTED
EXP-XAI-FIDELITY-001,EXP-XAI-0001,MODEL-C2,10,B10:0,4,1,False,MISCLASSIFIED,SINGLE_FEATURE_ABLATION_LOCAL,ABLATION_CONSISTENCY,5,"[58, 114, 50, 1, 18]",0.56,0.435,0.12500000000000006,1,False,0.73,1.3035714285714284,1,0.02033333333333337,0.10466666666666669,2.607368594414899,5,BATCH_1_SAVED_SCALER_MEAN,probability,EXECUTED
EXP-XAI-FIDELITY-001,EXP-XAI-0001,MODEL-C2,10,B10:0,4,1,False,MISCLASSIFIED,SINGLE_FEATURE_ABLATION_LOCAL,ABLATION_CONSISTENCY,10,"[58, 114, 50, 1, 18, 89, 122, 8, 97, 7]",0.56,0.395,0.16500000000000004,1,False,0.685,1.2232142857142856,1,0.043000000000000045,0.122,3.6472858224207614,10,BATCH_1_SAVED_SCALER_MEAN,probability,EXECUTED
EXP-XAI-FIDELITY-001,EXP-XAI-0001,MODEL-C2,10,B10:1,3,2,False,MISCLASSIFIED,SINGLE_FEATURE_ABLATION_LOCAL,ABLATION_CONSISTENCY,1,[74],0.535,0.46,0.07500000000000001,2,False,0.035,0.06542056074766356,1,0.014000000000000016,0.061,1.0903622718258577,1,BATCH_1_SAVED_SCALER_MEAN,probability,EXECUTED
EXP-XAI-FIDELITY-001,EXP-XAI-0001,MODEL-C2,10,B10:1,3,2,False,MISCLASSIFIED,SINGLE_FEATURE_ABLATION_LOCAL,ABLATION_CONSISTENCY,3,"[74, 2, 10]",0.535,0.345,0.19000000000000006,2,False,0.11,0.205607476635514,1,0.03400000000000003,0.15600000000000003,1.8763892755253238,3,BATCH_1_SAVED_SCALER_MEAN,probability,EXECUTED
EXP-XAI-FIDELITY-001,EXP-XAI-0001,MODEL-C2,10,B10:1,3,2,False,MISCLASSIFIED,SINGLE_FEATURE_ABLATION_LOCAL,ABLATION_CONSISTENCY,5,"[74, 2, 10, 33, 79]",0.535,0.26,0.275,1,True,0.18,0.3364485981308411,1,0.03850000000000004,0.2365,2.496166904075223,5,BATCH_1_SAVED_SCALER_MEAN,probability,EXECUTED
EXP-XAI-FIDELITY-001,EXP-XAI-0001,MODEL-C2,10,B10:1,3,2,False,MISCLASSIFIED,SINGLE_FEATURE_ABLATION_LOCAL,ABLATION_CONSISTENCY,10,"[74, 2, 10, 33, 79, 73, 1, 15, 66, 78]",0.535,0.125,0.41000000000000003,1,True,0.38,0.7102803738317757,1,0.0861666666666667,0.3238333333333333,3.220478654099893,10,BATCH_1_SAVED_SCALER_MEAN,probability,EXECUTED
EXP-XAI-FIDELITY-001,EXP-XAI-0001,MODEL-C2,10,B10:2,4,1,False,MISCLASSIFIED,SINGLE_FEATURE_ABLATION_LOCAL,ABLATION_CONSISTENCY,1,[16],0.955,0.88,0.07499999999999996,1,False,0.92,0.9633507853403143,1,-0.00016666666666666682,0.07516666666666662,0.09332309736663273,1,BATCH_1_SAVED_SCALER_MEAN,probability,EXECUTED
EXP-XAI-FIDELITY-001,EXP-XAI-0001,MODEL-C2,10,B10:2,4,1,False,MISCLASSIFIED,SINGLE_FEATURE_ABLATION_LOCAL,ABLATION_CONSISTENCY,3,"[16, 8, 125]",0.955,0.83,0.125,1,False,0.96,1.0052356020942408,1,0.002666666666666662,0.12233333333333334,0.9044983662437295,3,BATCH_1_SAVED_SCALER_MEAN,probability,EXECUTED
EXP-XAI-FIDELITY-001,EXP-XAI-0001,MODEL-C2,10,B10:2,4,1,False,MISCLASSIFIED,SINGLE_FEATURE_ABLATION_LOCAL,ABLATION_CONSISTENCY,5,"[16, 8, 125, 10, 35]",0.955,0.825,0.13,1,False,0.97,1.0157068062827226,1,0.011999999999999992,0.11800000000000001,3.1503451258043853,5,BATCH_1_SAVED_SCALER_MEAN,probability,EXECUTED
EXP-XAI-FIDELITY-001,EXP-XAI-0001,MODEL-C2,10,B10:2,4,1,False,MISCLASSIFIED,SINGLE_FEATURE_ABLATION_LOCAL,ABLATION_CONSISTENCY,10,"[16, 8, 125, 10, 35, 36, 37, 45, 61, 66]",0.955,0.835,0.12,1,False,0.95,0.9947643979057592,1,0.0058333333333333275,0.11416666666666667,4.699095817719835,10,BATCH_1_SAVED_SCALER_MEAN,probability,EXECUTED
EXP-XAI-FIDELITY-001,EXP-XAI-0001,MODEL-C2,10,B10:3,3,3,True,CORRECT_REPRESENTATIVE,SINGLE_FEATURE_ABLATION_LOCAL,ABLATION_CONSISTENCY,1,[58],0.405,0.31,0.09500000000000003,2,True,0.01,0.024691358024691357,1,0.005333333333333347,0.08966666666666669,0.9101361596635685,1,BATCH_1_SAVED_SCALER_MEAN,probability,EXECUTED
EXP-XAI-FIDELITY-001,EXP-XAI-0001,MODEL-C2,10,B10:3,3,3,True,CORRECT_REPRESENTATIVE,SINGLE_FEATURE_ABLATION_LOCAL,ABLATION_CONSISTENCY,3,"[58, 114, 50]",0.405,0.16,0.24500000000000002,2,True,0.02,0.04938271604938271,1,0.001166666666666688,0.24383333333333335,1.6099284153209674,3,BATCH_1_SAVED_SCALER_MEAN,probability,EXECUTED
EXP-XAI-FIDELITY-001,EXP-XAI-0001,MODEL-C2,10,B10:3,3,3,True,CORRECT_REPRESENTATIVE,SINGLE_FEATURE_ABLATION_LOCAL,ABLATION_CONSISTENCY,5,"[58, 114, 50, 122, 89]",0.405,0.15,0.255,2,True,0.035,0.08641975308641976,1,0.012333333333333361,0.24266666666666664,2.1019461593582935,5,BATCH_1_SAVED_SCALER_MEAN,probability,EXECUTED
EXP-XAI-FIDELITY-001,EXP-XAI-0001,MODEL-C2,10,B10:3,3,3,True,CORRECT_REPRESENTATIVE,SINGLE_FEATURE_ABLATION_LOCAL,ABLATION_CONSISTENCY,10,"[58, 114, 50, 122, 89, 2, 9, 97, 1, 79]",0.405,0.15,0.255,2,True,0.275,0.6790123456790124,1,0.025333333333333364,0.22966666666666663,2.9356713324700863,10,BATCH_1_SAVED_SCALER_MEAN,probability,EXECUTED
EXP-XAI-FIDELITY-001,EXP-XAI-0001,MODEL-C2,10,B10:4,4,1,False,MISCLASSIFIED,SINGLE_FEATURE_ABLATION_LOCAL,ABLATION_CONSISTENCY,1,[16],0.93,0.86,0.07000000000000006,1,False,0.935,1.0053763440860215,1,0.001666666666666668,0.0683333333333334,0.24396787711535464,1,BATCH_1_SAVED_SCALER_MEAN,probability,EXECUTED
EXP-XAI-FIDELITY-001,EXP-XAI-0001,MODEL-C2,10,B10:4,4,1,False,MISCLASSIFIED,SINGLE_FEATURE_ABLATION_LOCAL,ABLATION_CONSISTENCY,3,"[16, 8, 80]",0.93,0.805,0.125,1,False,0.98,1.053763440860215,1,0.006000000000000005,0.119,0.35728533151857544,3,BATCH_1_SAVED_SCALER_MEAN,probability,EXECUTED
EXP-XAI-FIDELITY-001,EXP-XAI-0001,MODEL-C2,10,B10:4,4,1,False,MISCLASSIFIED,SINGLE_FEATURE_ABLATION_LOCAL,ABLATION_CONSISTENCY,5,"[16, 8, 80, 3, 6]",0.93,0.805,0.125,1,False,0.975,1.0483870967741935,1,0.009000000000000008,0.11599999999999999,0.7054033435691334,5,BATCH_1_SAVED_SCALER_MEAN,probability,EXECUTED
EXP-XAI-FIDELITY-001,EXP-XAI-0001,MODEL-C2,10,B10:4,4,1,False,MISCLASSIFIED,SINGLE_FEATURE_ABLATION_LOCAL,ABLATION_CONSISTENCY,10,"[16, 8, 80, 3, 6, 14, 37, 41, 50, 58]",0.93,0.825,0.1050000000000001,1,False,0.945,1.0161290322580645,1,0.010833333333333361,0.09416666666666673,2.2236506877500246,10,BATCH_1_SAVED_SCALER_MEAN,probability,EXECUTED
EXP-XAI-FIDELITY-001,EXP-XAI-0001,MODEL-C2,10,B10:5,3,3,True,CORRECT_REPRESENTATIVE,SINGLE_FEATURE_ABLATION_LOCAL,ABLATION_CONSISTENCY,1,[114],0.445,0.34,0.10499999999999998,2,True,0.0,0.0,1,-0.003333333333333331,0.10833333333333331,0.7898266275621252,1,BATCH_1_SAVED_SCALER_MEAN,probability,EXECUTED
EXP-XAI-FIDELITY-001,EXP-XAI-0001,MODEL-C2,10,B10:5,3,3,True,CORRECT_REPRESENTATIVE,SINGLE_FEATURE_ABLATION_LOCAL,ABLATION_CONSISTENCY,3,"[114, 79, 58]",0.445,0.345,0.10000000000000003,2,True,0.02,0.0449438202247191,1,0.007833333333333331,0.0921666666666667,1.3206958082141131,3,BATCH_1_SAVED_SCALER_MEAN,probability,EXECUTED
EXP-XAI-FIDELITY-001,EXP-XAI-0001,MODEL-C2,10,B10:5,3,3,True,CORRECT_REPRESENTATIVE,SINGLE_FEATURE_ABLATION_LOCAL,ABLATION_CONSISTENCY,5,"[114, 79, 58, 50, 122]",0.445,0.235,0.21000000000000002,2,True,0.04,0.0898876404494382,1,0.010666666666666675,0.19933333333333333,1.722832317697523,5,BATCH_1_SAVED_SCALER_MEAN,probability,EXECUTED
EXP-XAI-FIDELITY-001,EXP-XAI-0001,MODEL-C2,10,B10:5,3,3,True,CORRECT_REPRESENTATIVE,SINGLE_FEATURE_ABLATION_LOCAL,ABLATION_CONSISTENCY,10,"[114, 79, 58, 50, 122, 1, 2, 97, 9, 18]",0.445,0.135,0.31,2,True,0.275,0.6179775280898877,1,0.010666666666666675,0.29933333333333334,2.440274509632303,10,BATCH_1_SAVED_SCALER_MEAN,probability,EXECUTED
EXP-XAI-FIDELITY-001,EXP-XAI-0001,MODEL-C2,10,B10:6,4,1,False,MISCLASSIFIED,SINGLE_FEATURE_ABLATION_LOCAL,ABLATION_CONSISTENCY,1,[9],0.655,0.625,0.030000000000000027,1,False,0.795,1.213740458015267,1,0.005166666666666671,0.024833333333333357,0.6607958859669085,1,BATCH_1_SAVED_SCALER_MEAN,probability,EXECUTED
EXP-XAI-FIDELITY-001,EXP-XAI-0001,MODEL-C2,10,B10:6,4,1,False,MISCLASSIFIED,SINGLE_FEATURE_ABLATION_LOCAL,ABLATION_CONSISTENCY,3,"[9, 16, 18]",0.655,0.575,0.08000000000000007,1,False,0.885,1.3511450381679388,1,0.009333333333333341,0.07066666666666672,1.376104438986811,3,BATCH_1_SAVED_SCALER_MEAN,probability,EXECUTED
EXP-XAI-FIDELITY-001,EXP-XAI-0001,MODEL-C2,10,B10:6,4,1,False,MISCLASSIFIED,SINGLE_FEATURE_ABLATION_LOCAL,ABLATION_CONSISTENCY,5,"[9, 16, 18, 1, 58]",0.655,0.6,0.05500000000000005,1,False,0.77,1.1755725190839694,1,0.02300000000000002,0.03200000000000003,1.8762392156333099,5,BATCH_1_SAVED_SCALER_MEAN,probability,EXECUTED
EXP-XAI-FIDELITY-001,EXP-XAI-0001,MODEL-C2,10,B10:6,4,1,False,MISCLASSIFIED,SINGLE_FEATURE_ABLATION_LOCAL,ABLATION_CONSISTENCY,10,"[9, 16, 18, 1, 58, 70, 73, 114, 12, 22]",0.655,0.5,0.15500000000000003,1,False,0.71,1.0839694656488548,1,0.044666666666666695,0.11033333333333334,2.604502290377157,10,BATCH_1_SAVED_SCALER_MEAN,probability,EXECUTED
EXP-XAI-FIDELITY-001,EXP-XAI-0001,MODEL-C2,10,B10:7,3,2,False,NEAR_DECISION_BOUNDARY,SINGLE_FEATURE_ABLATION_LOCAL,ABLATION_CONSISTENCY,1,[58],0.38,0.465,-0.08500000000000002,2,False,0.0,0.0,1,0.0038333333333333366,-0.08883333333333336,1.0449673039645802,1,BATCH_1_SAVED_SCALER_MEAN,probability,EXECUTED
EXP-XAI-FIDELITY-001,EXP-XAI-0001,MODEL-C2,10,B10:7,3,2,False,NEAR_DECISION_BOUNDARY,SINGLE_FEATURE_ABLATION_LOCAL,ABLATION_CONSISTENCY,3,"[58, 50, 114]",0.38,0.63,-0.25,2,False,0.0,0.0,1,0.019999999999999997,-0.27,1.8587690426346992,3,BATCH_1_SAVED_SCALER_MEAN,probability,EXECUTED
EXP-XAI-FIDELITY-001,EXP-XAI-0001,MODEL-C2,10,B10:7,3,2,False,NEAR_DECISION_BOUNDARY,SINGLE_FEATURE_ABLATION_LOCAL,ABLATION_CONSISTENCY,5,"[58, 50, 114, 74, 122]",0.38,0.605,-0.22499999999999998,2,False,0.005,0.013157894736842105,1,0.02516666666666667,-0.25016666666666665,2.4183032454016526,5,BATCH_1_SAVED_SCALER_MEAN,probability,EXECUTED
EXP-XAI-FIDELITY-001,EXP-XAI-0001,MODEL-C2,10,B10:7,3,2,False,NEAR_DECISION_BOUNDARY,SINGLE_FEATURE_ABLATION_LOCAL,ABLATION_CONSISTENCY,10,"[58, 50, 114, 74, 122, 18, 6, 66, 73, 78]",0.38,0.465,-0.08500000000000002,2,False,0.045,0.11842105263157894,1,0.03166666666666666,-0.11666666666666668,3.1448069686219395,10,BATCH_1_SAVED_SCALER_MEAN,probability,EXECUTED
EXP-XAI-FIDELITY-001,EXP-XAI-0001,MODEL-C2,10,B10:93,3,2,False,NEAR_DECISION_BOUNDARY,SINGLE_FEATURE_ABLATION_LOCAL,ABLATION_CONSISTENCY,1,[114],0.445,0.56,-0.11500000000000005,2,False,0.0,0.0,1,-0.0021666666666666687,-0.11283333333333338,0.8742690821504819,1,BATCH_1_SAVED_SCALER_MEAN,probability,EXECUTED
EXP-XAI-FIDELITY-001,EXP-XAI-0001,MODEL-C2,10,B10:93,3,2,False,NEAR_DECISION_BOUNDARY,SINGLE_FEATURE_ABLATION_LOCAL,ABLATION_CONSISTENCY,3,"[114, 79, 122]",0.445,0.53,-0.08500000000000002,2,False,0.04,0.0898876404494382,1,0.0036666666666666735,-0.0886666666666667,1.452913415963902,3,BATCH_1_SAVED_SCALER_MEAN,probability,EXECUTED
EXP-XAI-FIDELITY-001,EXP-XAI-0001,MODEL-C2,10,B10:93,3,2,False,NEAR_DECISION_BOUNDARY,SINGLE_FEATURE_ABLATION_LOCAL,ABLATION_CONSISTENCY,5,"[114, 79, 122, 58, 1]",0.445,0.53,-0.08500000000000002,2,False,0.07,0.15730337078651688,1,-0.0003333333333333299,-0.0846666666666667,1.696465941095419,5,BATCH_1_SAVED_SCALER_MEAN,probability,EXECUTED
EXP-XAI-FIDELITY-001,EXP-XAI-0001,MODEL-C2,10,B10:93,3,2,False,NEAR_DECISION_BOUNDARY,SINGLE_FEATURE_ABLATION_LOCAL,ABLATION_CONSISTENCY,10,"[114, 79, 122, 58, 1, 9, 15, 6, 8, 71]",0.445,0.31,0.135,3,True,0.16,0.3595505617977528,1,-0.008833333333333325,0.14383333333333334,2.3175555933489607,10,BATCH_1_SAVED_SCALER_MEAN,probability,EXECUTED
EXP-XAI-FIDELITY-001,EXP-XAI-0001,MODEL-C2,10,B10:187,2,2,True,CORRECT_REPRESENTATIVE,SINGLE_FEATURE_ABLATION_LOCAL,ABLATION_CONSISTENCY,1,[58],0.365,0.445,-0.08000000000000002,2,False,0.0,0.0,1,0.00016666666666666682,-0.08016666666666668,1.134627276201546,1,BATCH_1_SAVED_SCALER_MEAN,probability,EXECUTED
EXP-XAI-FIDELITY-001,EXP-XAI-0001,MODEL-C2,10,B10:187,2,2,True,CORRECT_REPRESENTATIVE,SINGLE_FEATURE_ABLATION_LOCAL,ABLATION_CONSISTENCY,3,"[58, 74, 2]",0.365,0.345,0.020000000000000018,1,True,0.065,0.17808219178082194,1,0.00949999999999999,0.010500000000000028,1.7385958260864405,3,BATCH_1_SAVED_SCALER_MEAN,probability,EXECUTED
EXP-XAI-FIDELITY-001,EXP-XAI-0001,MODEL-C2,10,B10:187,2,2,True,CORRECT_REPRESENTATIVE,SINGLE_FEATURE_ABLATION_LOCAL,ABLATION_CONSISTENCY,5,"[58, 74, 2, 50, 114]",0.365,0.445,-0.08000000000000002,2,False,0.035,0.09589041095890412,1,0.024833333333333322,-0.10483333333333333,2.372154819937148,5,BATCH_1_SAVED_SCALER_MEAN,probability,EXECUTED
EXP-XAI-FIDELITY-001,EXP-XAI-0001,MODEL-C2,10,B10:187,2,2,True,CORRECT_REPRESENTATIVE,SINGLE_FEATURE_ABLATION_LOCAL,ABLATION_CONSISTENCY,10,"[58, 74, 2, 50, 114, 122, 18, 71, 73, 79]",0.365,0.4,-0.03500000000000003,2,False,0.08,0.21917808219178084,1,0.04416666666666666,-0.07916666666666669,3.2139262397162374,10,BATCH_1_SAVED_SCALER_MEAN,probability,EXECUTED
EXP-XAI-FIDELITY-001,EXP-XAI-0001,MODEL-C2,10,B10:201,2,2,True,CORRECT_REPRESENTATIVE,SINGLE_FEATURE_ABLATION_LOCAL,ABLATION_CONSISTENCY,1,[58],0.37,0.45,-0.08000000000000002,2,False,0.0,0.0,1,0.0026666666666666653,-0.08266666666666668,1.1371066909855434,1,BATCH_1_SAVED_SCALER_MEAN,probability,EXECUTED
EXP-XAI-FIDELITY-001,EXP-XAI-0001,MODEL-C2,10,B10:201,2,2,True,CORRECT_REPRESENTATIVE,SINGLE_FEATURE_ABLATION_LOCAL,ABLATION_CONSISTENCY,3,"[58, 74, 122]",0.37,0.425,-0.05499999999999999,2,False,0.015,0.04054054054054054,1,0.01883333333333333,-0.07383333333333332,1.9181716737872505,3,BATCH_1_SAVED_SCALER_MEAN,probability,EXECUTED
EXP-XAI-FIDELITY-001,EXP-XAI-0001,MODEL-C2,10,B10:201,2,2,True,CORRECT_REPRESENTATIVE,SINGLE_FEATURE_ABLATION_LOCAL,ABLATION_CONSISTENCY,5,"[58, 74, 122, 2, 50]",0.37,0.435,-0.065,2,False,0.04,0.10810810810810811,1,0.02916666666666666,-0.09416666666666666,2.4023520188988514,5,BATCH_1_SAVED_SCALER_MEAN,probability,EXECUTED
EXP-XAI-FIDELITY-001,EXP-XAI-0001,MODEL-C2,10,B10:201,2,2,True,CORRECT_REPRESENTATIVE,SINGLE_FEATURE_ABLATION_LOCAL,ABLATION_CONSISTENCY,10,"[58, 74, 122, 2, 50, 79, 114, 18, 73, 1]",0.37,0.365,0.0050000000000000044,2,False,0.085,0.22972972972972974,1,0.03116666666666667,-0.026166666666666664,3.190026649534451,10,BATCH_1_SAVED_SCALER_MEAN,probability,EXECUTED
EXP-XAI-FIDELITY-001,EXP-XAI-0001,MODEL-C2,10,B10:523,2,2,True,NEAR_DECISION_BOUNDARY,SINGLE_FEATURE_ABLATION_LOCAL,ABLATION_CONSISTENCY,1,[79],0.47,0.35,0.12,3,True,0.05,0.10638297872340427,1,0.005499999999999988,0.1145,0.7862455226243048,1,BATCH_1_SAVED_SCALER_MEAN,probability,EXECUTED
EXP-XAI-FIDELITY-001,EXP-XAI-0001,MODEL-C2,10,B10:523,2,2,True,NEAR_DECISION_BOUNDARY,SINGLE_FEATURE_ABLATION_LOCAL,ABLATION_CONSISTENCY,3,"[79, 58, 114]",0.47,0.53,-0.06000000000000005,2,False,0.05,0.10638297872340427,1,0.009166666666666648,-0.0691666666666667,1.2010334101235989,3,BATCH_1_SAVED_SCALER_MEAN,probability,EXECUTED
EXP-XAI-FIDELITY-001,EXP-XAI-0001,MODEL-C2,10,B10:523,2,2,True,NEAR_DECISION_BOUNDARY,SINGLE_FEATURE_ABLATION_LOCAL,ABLATION_CONSISTENCY,5,"[79, 58, 114, 122, 50]",0.47,0.665,-0.19500000000000006,2,False,0.05,0.10638297872340427,1,0.015999999999999973,-0.21100000000000002,1.5291758595163865,5,BATCH_1_SAVED_SCALER_MEAN,probability,EXECUTED
EXP-XAI-FIDELITY-001,EXP-XAI-0001,MODEL-C2,10,B10:523,2,2,True,NEAR_DECISION_BOUNDARY,SINGLE_FEATURE_ABLATION_LOCAL,ABLATION_CONSISTENCY,10,"[79, 58, 114, 122, 50, 1, 7, 78, 15, 18]",0.47,0.505,-0.03500000000000003,2,False,0.165,0.3510638297872341,1,0.028333333333333315,-0.06333333333333335,2.173128776420228,10,BATCH_1_SAVED_SCALER_MEAN,probability,EXECUTED
EXP-XAI-FIDELITY-001,EXP-XAI-0001,MODEL-C2,10,B10:840,1,1,True,CORRECT_REPRESENTATIVE,SINGLE_FEATURE_ABLATION_LOCAL,ABLATION_CONSISTENCY,1,[114],0.405,0.34,0.065,2,True,0.845,2.0864197530864197,1,0.002000000000000009,0.06299999999999999,1.3248543077472195,1,BATCH_1_SAVED_SCALER_MEAN,probability,EXECUTED
EXP-XAI-FIDELITY-001,EXP-XAI-0001,MODEL-C2,10,B10:840,1,1,True,CORRECT_REPRESENTATIVE,SINGLE_FEATURE_ABLATION_LOCAL,ABLATION_CONSISTENCY,3,"[114, 50, 58]",0.405,0.235,0.17000000000000004,2,True,0.83,2.0493827160493825,1,-0.0006666666666666469,0.1706666666666667,2.305785949238714,3,BATCH_1_SAVED_SCALER_MEAN,probability,EXECUTED
EXP-XAI-FIDELITY-001,EXP-XAI-0001,MODEL-C2,10,B10:840,1,1,True,CORRECT_REPRESENTATIVE,SINGLE_FEATURE_ABLATION_LOCAL,ABLATION_CONSISTENCY,5,"[114, 50, 58, 1, 89]",0.405,0.27,0.135,2,True,0.73,1.802469135802469,1,0.006333333333333354,0.12866666666666665,2.8886449725107766,5,BATCH_1_SAVED_SCALER_MEAN,probability,EXECUTED
EXP-XAI-FIDELITY-001,EXP-XAI-0001,MODEL-C2,10,B10:840,1,1,True,CORRECT_REPRESENTATIVE,SINGLE_FEATURE_ABLATION_LOCAL,ABLATION_CONSISTENCY,10,"[114, 50, 58, 1, 89, 14, 18, 78, 122, 7]",0.405,0.335,0.07,2,True,0.64,1.5802469135802468,1,0.0033333333333333604,0.06666666666666665,3.752686784742141,10,BATCH_1_SAVED_SCALER_MEAN,probability,EXECUTED
EXP-XAI-FIDELITY-001,EXP-XAI-0001,MODEL-C2,10,B10:842,1,1,True,CORRECT_REPRESENTATIVE,SINGLE_FEATURE_ABLATION_LOCAL,ABLATION_CONSISTENCY,1,[116],0.83,0.845,-0.015000000000000013,1,False,0.83,1.0,1,0.0,-0.015000000000000013,1.0588394239213492,1,BATCH_1_SAVED_SCALER_MEAN,probability,EXECUTED
EXP-XAI-FIDELITY-001,EXP-XAI-0001,MODEL-C2,10,B10:842,1,1,True,CORRECT_REPRESENTATIVE,SINGLE_FEATURE_ABLATION_LOCAL,ABLATION_CONSISTENCY,3,"[116, 16, 36]",0.83,0.845,-0.015000000000000013,1,False,0.835,1.0060240963855422,1,-0.00016666666666666682,-0.014833333333333346,3.1941178267134833,3,BATCH_1_SAVED_SCALER_MEAN,probability,EXECUTED
EXP-XAI-FIDELITY-001,EXP-XAI-0001,MODEL-C2,10,B10:842,1,1,True,CORRECT_REPRESENTATIVE,SINGLE_FEATURE_ABLATION_LOCAL,ABLATION_CONSISTENCY,5,"[116, 16, 36, 100, 10]",0.83,0.85,-0.020000000000000018,1,False,0.825,0.9939759036144579,1,0.00033333333333333365,-0.020333333333333353,5.422820445363721,5,BATCH_1_SAVED_SCALER_MEAN,probability,EXECUTED
EXP-XAI-FIDELITY-001,EXP-XAI-0001,MODEL-C2,10,B10:842,1,1,True,CORRECT_REPRESENTATIVE,SINGLE_FEATURE_ABLATION_LOCAL,ABLATION_CONSISTENCY,10,"[116, 16, 36, 100, 10, 25, 35, 52, 58, 61]",0.83,0.845,-0.015000000000000013,1,False,0.82,0.9879518072289156,1,0.002166666666666665,-0.017166666666666677,5.85818300447437,10,BATCH_1_SAVED_SCALER_MEAN,probability,EXECUTED
EXP-XAI-FIDELITY-001,EXP-XAI-0001,MODEL-C2,10,B10:1191,2,1,False,NEAR_DECISION_BOUNDARY,SINGLE_FEATURE_ABLATION_LOCAL,ABLATION_CONSISTENCY,1,[1],0.355,0.475,-0.12,1,False,0.755,2.126760563380282,1,-0.0035000000000000014,-0.11649999999999999,0.6553395443970309,1,BATCH_1_SAVED_SCALER_MEAN,probability,EXECUTED
EXP-XAI-FIDELITY-001,EXP-XAI-0001,MODEL-C2,10,B10:1191,2,1,False,NEAR_DECISION_BOUNDARY,SINGLE_FEATURE_ABLATION_LOCAL,ABLATION_CONSISTENCY,3,"[1, 73, 6]",0.355,0.63,-0.275,1,False,0.625,1.7605633802816902,1,-0.010166666666666673,-0.26483333333333337,1.1589354189230348,3,BATCH_1_SAVED_SCALER_MEAN,probability,EXECUTED
EXP-XAI-FIDELITY-001,EXP-XAI-0001,MODEL-C2,10,B10:1191,2,1,False,NEAR_DECISION_BOUNDARY,SINGLE_FEATURE_ABLATION_LOCAL,ABLATION_CONSISTENCY,5,"[1, 73, 6, 7, 65]",0.355,0.72,-0.365,1,False,0.545,1.535211267605634,1,-0.019166666666666676,-0.3458333333333333,1.4680101370165957,5,BATCH_1_SAVED_SCALER_MEAN,probability,EXECUTED
EXP-XAI-FIDELITY-001,EXP-XAI-0001,MODEL-C2,10,B10:1191,2,1,False,NEAR_DECISION_BOUNDARY,SINGLE_FEATURE_ABLATION_LOCAL,ABLATION_CONSISTENCY,10,"[1, 73, 6, 7, 65, 8, 14, 28, 83, 3]",0.355,0.79,-0.43500000000000005,1,False,0.465,1.3098591549295775,1,-0.03983333333333335,-0.3951666666666667,2.6456061765715098,10,BATCH_1_SAVED_SCALER_MEAN,probability,EXECUTED
EXP-XAI-FIDELITY-001,EXP-XAI-0001,MODEL-C2,10,B10:1323,5,5,True,CORRECT_REPRESENTATIVE,SINGLE_FEATURE_ABLATION_LOCAL,ABLATION_CONSISTENCY,1,[14],0.345,0.275,0.06999999999999995,4,True,0.065,0.1884057971014493,1,0.007999999999999988,0.061999999999999965,0.658430471897906,1,BATCH_1_SAVED_SCALER_MEAN,probability,EXECUTED
EXP-XAI-FIDELITY-001,EXP-XAI-0001,MODEL-C2,10,B10:1323,5,5,True,CORRECT_REPRESENTATIVE,SINGLE_FEATURE_ABLATION_LOCAL,ABLATION_CONSISTENCY,3,"[14, 9, 7]",0.345,0.18,0.16499999999999998,1,True,0.185,0.5362318840579711,1,0.0063333333333333115,0.15866666666666668,1.4415253406242083,3,BATCH_1_SAVED_SCALER_MEAN,probability,EXECUTED
EXP-XAI-FIDELITY-001,EXP-XAI-0001,MODEL-C2,10,B10:1323,5,5,True,CORRECT_REPRESENTATIVE,SINGLE_FEATURE_ABLATION_LOCAL,ABLATION_CONSISTENCY,5,"[14, 9, 7, 15, 79]",0.345,0.105,0.24,1,True,0.225,0.6521739130434784,4,0.018999999999999972,0.22100000000000003,2.4553975136773225,5,BATCH_1_SAVED_SCALER_MEAN,probability,EXECUTED
EXP-XAI-FIDELITY-001,EXP-XAI-0001,MODEL-C2,10,B10:1323,5,5,True,CORRECT_REPRESENTATIVE,SINGLE_FEATURE_ABLATION_LOCAL,ABLATION_CONSISTENCY,10,"[14, 9, 7, 15, 79, 100, 8, 71, 72, 80]",0.345,0.05,0.295,1,True,0.325,0.9420289855072465,4,0.0313333333333333,0.26366666666666666,10.610734740468539,10,BATCH_1_SAVED_SCALER_MEAN,probability,EXECUTED
EXP-XAI-FIDELITY-001,EXP-XAI-0001,MODEL-C2,10,B10:1325,5,5,True,CORRECT_REPRESENTATIVE,SINGLE_FEATURE_ABLATION_LOCAL,ABLATION_CONSISTENCY,1,[9],0.555,0.48,0.07500000000000007,5,False,0.085,0.15315315315315314,1,0.006000000000000009,0.06900000000000006,1.2239648114017052,1,BATCH_1_SAVED_SCALER_MEAN,probability,EXECUTED
EXP-XAI-FIDELITY-001,EXP-XAI-0001,MODEL-C2,10,B10:1325,5,5,True,CORRECT_REPRESENTATIVE,SINGLE_FEATURE_ABLATION_LOCAL,ABLATION_CONSISTENCY,3,"[9, 14, 15]",0.555,0.35,0.20500000000000007,5,False,0.155,0.27927927927927926,1,0.021333333333333367,0.1836666666666667,3.867228788263508,3,BATCH_1_SAVED_SCALER_MEAN,probability,EXECUTED
EXP-XAI-FIDELITY-001,EXP-XAI-0001,MODEL-C2,10,B10:1325,5,5,True,CORRECT_REPRESENTATIVE,SINGLE_FEATURE_ABLATION_LOCAL,ABLATION_CONSISTENCY,5,"[9, 14, 15, 6, 7]",0.555,0.255,0.30000000000000004,5,False,0.24,0.4324324324324324,4,0.027000000000000038,0.273,4.398049698835789,5,BATCH_1_SAVED_SCALER_MEAN,probability,EXECUTED
EXP-XAI-FIDELITY-001,EXP-XAI-0001,MODEL-C2,10,B10:1325,5,5,True,CORRECT_REPRESENTATIVE,SINGLE_FEATURE_ABLATION_LOCAL,ABLATION_CONSISTENCY,10,"[9, 14, 15, 6, 7, 1, 8, 100, 70, 73]",0.555,0.15,0.405,3,True,0.475,0.8558558558558558,5,0.057166666666666706,0.3478333333333333,10.429320979427454,10,BATCH_1_SAVED_SCALER_MEAN,probability,EXECUTED
EXP-XAI-FIDELITY-001,EXP-XAI-0001,MODEL-C2,10,B10:1437,5,4,False,NEAR_DECISION_BOUNDARY,SINGLE_FEATURE_ABLATION_LOCAL,ABLATION_CONSISTENCY,1,[7],0.35,0.3,0.04999999999999999,5,True,0.2,0.5714285714285715,1,0.003999999999999994,0.04599999999999999,0.7971126577298547,1,BATCH_1_SAVED_SCALER_MEAN,probability,EXECUTED
EXP-XAI-FIDELITY-001,EXP-XAI-0001,MODEL-C2,10,B10:1437,5,4,False,NEAR_DECISION_BOUNDARY,SINGLE_FEATURE_ABLATION_LOCAL,ABLATION_CONSISTENCY,3,"[7, 14, 70]",0.35,0.21,0.13999999999999999,1,True,0.36,1.0285714285714287,1,-0.0013333333333333474,0.14133333333333334,1.3228553307581257,3,BATCH_1_SAVED_SCALER_MEAN,probability,EXECUTED
EXP-XAI-FIDELITY-001,EXP-XAI-0001,MODEL-C2,10,B10:1437,5,4,False,NEAR_DECISION_BOUNDARY,SINGLE_FEATURE_ABLATION_LOCAL,ABLATION_CONSISTENCY,5,"[7, 14, 70, 9, 15]",0.35,0.135,0.21499999999999997,1,True,0.455,1.3,4,-0.001666666666666683,0.21666666666666665,2.876054056844233,5,BATCH_1_SAVED_SCALER_MEAN,probability,EXECUTED
EXP-XAI-FIDELITY-001,EXP-XAI-0001,MODEL-C2,10,B10:1437,5,4,False,NEAR_DECISION_BOUNDARY,SINGLE_FEATURE_ABLATION_LOCAL,ABLATION_CONSISTENCY,10,"[7, 14, 70, 9, 15, 71, 100, 8, 16, 125]",0.35,0.11,0.24,1,True,0.415,1.1857142857142857,4,0.00033333333333331326,0.23966666666666667,11.081415134594913,10,BATCH_1_SAVED_SCALER_MEAN,probability,EXECUTED
EXP-XAI-FIDELITY-001,EXP-XAI-0001,MODEL-C3,2,B2:0,1,1,True,CORRECT_REPRESENTATIVE,SINGLE_FEATURE_ABLATION_LOCAL,ABLATION_CONSISTENCY,1,[66],0.9014363781936517,0.8271359609293998,0.07430041726425196,1,False,0.9300235292943466,1.0317128882217728,1,-0.00383920673069067,0.07813962399494263,0.6391351444065477,1,BATCH_1_SAVED_SCALER_MEAN,probability,EXECUTED
EXP-XAI-FIDELITY-001,EXP-XAI-0001,MODEL-C3,2,B2:0,1,1,True,CORRECT_REPRESENTATIVE,SINGLE_FEATURE_ABLATION_LOCAL,ABLATION_CONSISTENCY,3,"[66, 74, 10]",0.9014363781936517,0.6095542323747355,0.29188214581891625,1,False,0.9211323456267754,1.0218495369274885,1,0.0005018075361477914,0.29138033828276844,1.0845797808094924,3,BATCH_1_SAVED_SCALER_MEAN,probability,EXECUTED
EXP-XAI-FIDELITY-001,EXP-XAI-0001,MODEL-C3,2,B2:0,1,1,True,CORRECT_REPRESENTATIVE,SINGLE_FEATURE_ABLATION_LOCAL,ABLATION_CONSISTENCY,5,"[66, 74, 10, 112, 2]",0.9014363781936517,0.4037220291961855,0.49771434899746625,6,True,0.9160170921507681,1.0161749784120473,1,0.006611426683400379,0.4911029223140659,1.4940275651259016,5,BATCH_1_SAVED_SCALER_MEAN,probability,EXECUTED
EXP-XAI-FIDELITY-001,EXP-XAI-0001,MODEL-C3,2,B2:0,1,1,True,CORRECT_REPRESENTATIVE,SINGLE_FEATURE_ABLATION_LOCAL,ABLATION_CONSISTENCY,10,"[66, 74, 10, 112, 2, 65, 104, 9, 73, 70]",0.9014363781936517,0.10999377745348249,0.7914426007401693,6,True,0.8754956266434198,0.9712228703236789,1,0.023244893980250477,0.7681977067599188,2.179109186902024,10,BATCH_1_SAVED_SCALER_MEAN,probability,EXECUTED
EXP-XAI-FIDELITY-001,EXP-XAI-0001,MODEL-C3,2,B2:1,1,1,True,CORRECT_REPRESENTATIVE,SINGLE_FEATURE_ABLATION_LOCAL,ABLATION_CONSISTENCY,1,[112],0.9203681821327987,0.8916017096087555,0.028766472524043185,1,False,0.9346218277268685,1.0154868952129998,1,0.0005933944399543645,0.02817307808408882,0.940883473355373,1,BATCH_1_SAVED_SCALER_MEAN,probability,EXECUTED
EXP-XAI-FIDELITY-001,EXP-XAI-0001,MODEL-C3,2,B2:1,1,1,True,CORRECT_REPRESENTATIVE,SINGLE_FEATURE_ABLATION_LOCAL,ABLATION_CONSISTENCY,3,"[112, 104, 65]",0.9203681821327987,0.8099387159175204,0.11042946621527827,1,False,0.9385211578027762,1.0197236019479847,1,-0.0011426921976348055,0.11157215841291308,1.392731812654332,3,BATCH_1_SAVED_SCALER_MEAN,probability,EXECUTED
EXP-XAI-FIDELITY-001,EXP-XAI-0001,MODEL-C3,2,B2:1,1,1,True,CORRECT_REPRESENTATIVE,SINGLE_FEATURE_ABLATION_LOCAL,ABLATION_CONSISTENCY,5,"[112, 104, 65, 70, 71]",0.9203681821327987,0.7228001677909021,0.19756801434189664,1,False,0.9422625957959674,1.0237887555091616,1,0.0031570999833984295,0.1944109143584982,1.610894703585164,5,BATCH_1_SAVED_SCALER_MEAN,probability,EXECUTED
EXP-XAI-FIDELITY-001,EXP-XAI-0001,MODEL-C3,2,B2:1,1,1,True,CORRECT_REPRESENTATIVE,SINGLE_FEATURE_ABLATION_LOCAL,ABLATION_CONSISTENCY,10,"[112, 104, 65, 70, 71, 9, 14, 15, 67, 72]",0.9203681821327987,0.4593837395732682,0.46098444255953047,1,False,0.9363991750383686,1.017418021631757,1,-0.005861384530972809,0.46684582709050326,2.016615931938842,10,BATCH_1_SAVED_SCALER_MEAN,probability,EXECUTED
EXP-XAI-FIDELITY-001,EXP-XAI-0001,MODEL-C3,2,B2:70,2,2,True,CORRECT_REPRESENTATIVE,SINGLE_FEATURE_ABLATION_LOCAL,ABLATION_CONSISTENCY,1,[18],0.9072638314255433,0.8932557359246481,0.014008095500895212,2,False,0.012076613367816284,0.01331102701277184,1,0.0025528468253747066,0.011455248675520505,1.5583197565365918,1,BATCH_1_SAVED_SCALER_MEAN,probability,EXECUTED
EXP-XAI-FIDELITY-001,EXP-XAI-0001,MODEL-C3,2,B2:70,2,2,True,CORRECT_REPRESENTATIVE,SINGLE_FEATURE_ABLATION_LOCAL,ABLATION_CONSISTENCY,3,"[18, 26, 58]",0.9072638314255433,0.8605306755872673,0.046733155838276086,2,False,0.035988394386038826,0.039666955894727844,1,0.010438121499652963,0.03629503433862312,2.611019921709831,3,BATCH_1_SAVED_SCALER_MEAN,probability,EXECUTED
EXP-XAI-FIDELITY-001,EXP-XAI-0001,MODEL-C3,2,B2:70,2,2,True,CORRECT_REPRESENTATIVE,SINGLE_FEATURE_ABLATION_LOCAL,ABLATION_CONSISTENCY,5,"[18, 26, 58, 82, 50]",0.9072638314255433,0.8205949880467663,0.086668843378777,2,False,0.08750438043968826,0.0964486595946369,1,0.017104906861079253,0.06956393651769775,3.210834870759661,5,BATCH_1_SAVED_SCALER_MEAN,probability,EXECUTED
EXP-XAI-FIDELITY-001,EXP-XAI-0001,MODEL-C3,2,B2:70,2,2,True,CORRECT_REPRESENTATIVE,SINGLE_FEATURE_ABLATION_LOCAL,ABLATION_CONSISTENCY,10,"[18, 26, 58, 82, 50, 52, 114, 20, 60, 19]",0.9072638314255433,0.7068183387470782,0.20044549267846512,2,False,0.21203659976594608,0.23370996662876153,1,0.04358918916995951,0.1568563035085056,4.950435038319718,10,BATCH_1_SAVED_SCALER_MEAN,probability,EXECUTED
EXP-XAI-FIDELITY-001,EXP-XAI-0001,MODEL-C3,2,B2:71,2,2,True,CORRECT_REPRESENTATIVE,SINGLE_FEATURE_ABLATION_LOCAL,ABLATION_CONSISTENCY,1,[52],0.9191892426151815,0.904218266789045,0.01497097582613649,2,False,0.009047721960020638,0.009843154750461398,1,0.0014022429965511174,0.013568732829585373,2.3054922947970096,1,BATCH_1_SAVED_SCALER_MEAN,probability,EXECUTED
EXP-XAI-FIDELITY-001,EXP-XAI-0001,MODEL-C3,2,B2:71,2,2,True,CORRECT_REPRESENTATIVE,SINGLE_FEATURE_ABLATION_LOCAL,ABLATION_CONSISTENCY,3,"[52, 116, 60]",0.9191892426151815,0.873960875100888,0.04522836751429349,2,False,0.013732243231077735,0.014939516907321702,1,0.011948233261709322,0.033280134252584165,3.9799319974149414,3,BATCH_1_SAVED_SCALER_MEAN,probability,EXECUTED
EXP-XAI-FIDELITY-001,EXP-XAI-0001,MODEL-C3,2,B2:71,2,2,True,CORRECT_REPRESENTATIVE,SINGLE_FEATURE_ABLATION_LOCAL,ABLATION_CONSISTENCY,5,"[52, 116, 60, 20, 124]",0.9191892426151815,0.8435331347973405,0.07565610781784105,2,False,0.023840532397063907,0.025936478900944606,1,0.019333017460651764,0.056323090357189284,4.986632409943105,5,BATCH_1_SAVED_SCALER_MEAN,probability,EXECUTED
EXP-XAI-FIDELITY-001,EXP-XAI-0001,MODEL-C3,2,B2:71,2,2,True,CORRECT_REPRESENTATIVE,SINGLE_FEATURE_ABLATION_LOCAL,ABLATION_CONSISTENCY,10,"[52, 116, 60, 20, 124, 117, 18, 125, 84, 26]",0.9191892426151815,0.7588024983913026,0.16038674422387889,2,False,0.12643703741280035,0.1375527818983987,1,0.046265523266807336,0.11412122095707156,6.791140760475361,10,BATCH_1_SAVED_SCALER_MEAN,probability,EXECUTED
EXP-XAI-FIDELITY-001,EXP-XAI-0001,MODEL-C3,2,B2:210,5,6,False,MISCLASSIFIED,SINGLE_FEATURE_ABLATION_LOCAL,ABLATION_CONSISTENCY,1,[104],0.5070629435811909,0.7108873401975495,-0.20382439661635865,6,False,0.003885535377777214,0.007662826532609876,1,0.011490049661042511,-0.21531444627740115,1.104143810406124,1,BATCH_1_SAVED_SCALER_MEAN,probability,EXECUTED
EXP-XAI-FIDELITY-001,EXP-XAI-0001,MODEL-C3,2,B2:210,5,6,False,MISCLASSIFIED,SINGLE_FEATURE_ABLATION_LOCAL,ABLATION_CONSISTENCY,3,"[104, 25, 57]",0.5070629435811909,0.44084688503188096,0.0662160585493099,6,False,0.004868690024207476,0.00960174685576861,1,0.10782593109091333,-0.041609872541603435,2.1718924593313056,3,BATCH_1_SAVED_SCALER_MEAN,probability,EXECUTED
EXP-XAI-FIDELITY-001,EXP-XAI-0001,MODEL-C3,2,B2:210,5,6,False,MISCLASSIFIED,SINGLE_FEATURE_ABLATION_LOCAL,ABLATION_CONSISTENCY,5,"[104, 25, 57, 81, 17]",0.5070629435811909,0.20172315055786602,0.3053397930233248,6,False,0.006379062655454898,0.012580415777185428,1,0.11413857726751214,0.19120121575581267,2.8472999190109203,5,BATCH_1_SAVED_SCALER_MEAN,probability,EXECUTED
EXP-XAI-FIDELITY-001,EXP-XAI-0001,MODEL-C3,2,B2:210,5,6,False,MISCLASSIFIED,SINGLE_FEATURE_ABLATION_LOCAL,ABLATION_CONSISTENCY,10,"[104, 25, 57, 81, 17, 49, 113, 121, 89, 82]",0.5070629435811909,0.03083090764306789,0.47623203593812297,3,True,0.010416566654294693,0.020542945971808713,1,0.22330481521188353,0.2529272207262394,3.9971376001674934,10,BATCH_1_SAVED_SCALER_MEAN,probability,EXECUTED
EXP-XAI-FIDELITY-001,EXP-XAI-0001,MODEL-C3,2,B2:211,5,5,True,CORRECT_REPRESENTATIVE,SINGLE_FEATURE_ABLATION_LOCAL,ABLATION_CONSISTENCY,1,[104],0.4835244361481747,0.28007154072065676,0.20345289542751793,6,True,0.013993039842632655,0.028939674598668117,1,0.017325251886678935,0.186127643540839,1.145073205804221,1,BATCH_1_SAVED_SCALER_MEAN,probability,EXECUTED
EXP-XAI-FIDELITY-001,EXP-XAI-0001,MODEL-C3,2,B2:211,5,5,True,CORRECT_REPRESENTATIVE,SINGLE_FEATURE_ABLATION_LOCAL,ABLATION_CONSISTENCY,3,"[104, 112, 107]",0.4835244361481747,0.29598613688039266,0.18753829926778204,6,True,0.01215175461529952,0.0251316246022686,1,0.06271205714282388,0.12482624212495816,2.127856275231522,3,BATCH_1_SAVED_SCALER_MEAN,probability,EXECUTED
EXP-XAI-FIDELITY-001,EXP-XAI-0001,MODEL-C3,2,B2:211,5,5,True,CORRECT_REPRESENTATIVE,SINGLE_FEATURE_ABLATION_LOCAL,ABLATION_CONSISTENCY,5,"[104, 112, 107, 99, 100]",0.4835244361481747,0.13716471793610466,0.34635971821207,6,True,0.017067164723354376,0.03529741921486713,1,0.06016990898904764,0.2861898092230224,2.733552939501108,5,BATCH_1_SAVED_SCALER_MEAN,probability,EXECUTED
EXP-XAI-FIDELITY-001,EXP-XAI-0001,MODEL-C3,2,B2:211,5,5,True,CORRECT_REPRESENTATIVE,SINGLE_FEATURE_ABLATION_LOCAL,ABLATION_CONSISTENCY,10,"[104, 112, 107, 99, 100, 121, 113, 49, 57, 108]",0.4835244361481747,0.45305197253930524,0.03047246360886946,5,False,0.015998282761923086,0.03308681333536669,1,0.08159691457030745,-0.05112445096143799,3.7922692749932456,10,BATCH_1_SAVED_SCALER_MEAN,probability,EXECUTED
EXP-XAI-FIDELITY-001,EXP-XAI-0001,MODEL-C3,2,B2:212,5,5,True,CORRECT_REPRESENTATIVE,SINGLE_FEATURE_ABLATION_LOCAL,ABLATION_CONSISTENCY,1,[107],0.6461390031094197,0.4848888267853063,0.16125017632411343,5,False,0.01669265436032502,0.025834463296589172,1,0.015033051925471719,0.1462171243986417,1.244119480110266,1,BATCH_1_SAVED_SCALER_MEAN,probability,EXECUTED
EXP-XAI-FIDELITY-001,EXP-XAI-0001,MODEL-C3,2,B2:212,5,5,True,CORRECT_REPRESENTATIVE,SINGLE_FEATURE_ABLATION_LOCAL,ABLATION_CONSISTENCY,3,"[107, 104, 99]",0.6461390031094197,0.23857401117232788,0.40756499193709184,6,True,0.01978163933460417,0.030615145099442742,1,0.0462456382464777,0.36131935369061413,2.0216876819387037,3,BATCH_1_SAVED_SCALER_MEAN,probability,EXECUTED
EXP-XAI-FIDELITY-001,EXP-XAI-0001,MODEL-C3,2,B2:212,5,5,True,CORRECT_REPRESENTATIVE,SINGLE_FEATURE_ABLATION_LOCAL,ABLATION_CONSISTENCY,5,"[107, 104, 99, 100, 35]",0.6461390031094197,0.11859438149059674,0.527544621618823,4,True,0.025947261299996784,0.04015739829221046,1,0.08368058330658329,0.4438640383122397,2.5470813447261813,5,BATCH_1_SAVED_SCALER_MEAN,probability,EXECUTED
EXP-XAI-FIDELITY-001,EXP-XAI-0001,MODEL-C3,2,B2:212,5,5,True,CORRECT_REPRESENTATIVE,SINGLE_FEATURE_ABLATION_LOCAL,ABLATION_CONSISTENCY,10,"[107, 104, 99, 100, 35, 108, 36, 112, 43, 44]",0.6461390031094197,0.048477654258977106,0.5976613488504426,4,True,0.03170481535805762,0.049068103311337485,1,0.19412821297329025,0.4035331358771524,3.549451000574786,10,BATCH_1_SAVED_SCALER_MEAN,probability,EXECUTED
EXP-XAI-FIDELITY-001,EXP-XAI-0001,MODEL-C3,2,B2:217,1,3,False,MISCLASSIFIED,SINGLE_FEATURE_ABLATION_LOCAL,ABLATION_CONSISTENCY,1,[1],0.4079004270857036,0.4079004270857036,0.0,3,False,0.023510316424861046,0.05763739104867697,1,0.0,0.0,0.7817025750357828,1,BATCH_1_SAVED_SCALER_MEAN,probability,EXECUTED
EXP-XAI-FIDELITY-001,EXP-XAI-0001,MODEL-C3,2,B2:217,1,3,False,MISCLASSIFIED,SINGLE_FEATURE_ABLATION_LOCAL,ABLATION_CONSISTENCY,3,"[1, 2, 3]",0.4079004270857036,0.4079004270857036,0.0,3,False,0.03126443075211873,0.0766472125942388,1,0.0,0.0,1.2812457755952718,3,BATCH_1_SAVED_SCALER_MEAN,probability,EXECUTED
EXP-XAI-FIDELITY-001,EXP-XAI-0001,MODEL-C3,2,B2:217,1,3,False,MISCLASSIFIED,SINGLE_FEATURE_ABLATION_LOCAL,ABLATION_CONSISTENCY,5,"[1, 2, 3, 4, 5]",0.4079004270857036,0.4079004270857036,0.0,3,False,0.3297700637361463,0.8084572651522588,3,0.0,0.0,16.954816416230567,5,BATCH_1_SAVED_SCALER_MEAN,probability,EXECUTED
EXP-XAI-FIDELITY-001,EXP-XAI-0001,MODEL-C3,2,B2:217,1,3,False,MISCLASSIFIED,SINGLE_FEATURE_ABLATION_LOCAL,ABLATION_CONSISTENCY,10,"[1, 2, 3, 4, 5, 6, 7, 8, 9, 10]",0.4079004270857036,0.4079004270857036,0.0,3,False,0.3474853371853099,0.8518876522585744,3,1.8503717077085942e-18,-1.8503717077085942e-18,17.044714591046386,10,BATCH_1_SAVED_SCALER_MEAN,probability,EXECUTED
EXP-XAI-FIDELITY-001,EXP-XAI-0001,MODEL-C3,2,B2:218,1,3,False,MISCLASSIFIED,SINGLE_FEATURE_ABLATION_LOCAL,ABLATION_CONSISTENCY,1,[1],0.4079004270857036,0.4079004270857036,0.0,3,False,0.023608841821793087,0.0578789338135031,1,0.0,0.0,0.8154874945838099,1,BATCH_1_SAVED_SCALER_MEAN,probability,EXECUTED
EXP-XAI-FIDELITY-001,EXP-XAI-0001,MODEL-C3,2,B2:218,1,3,False,MISCLASSIFIED,SINGLE_FEATURE_ABLATION_LOCAL,ABLATION_CONSISTENCY,3,"[1, 2, 3]",0.4079004270857036,0.4079004270857036,0.0,3,False,0.03288205780456144,0.08061295262545194,1,0.0,0.0,1.415942759332848,3,BATCH_1_SAVED_SCALER_MEAN,probability,EXECUTED
EXP-XAI-FIDELITY-001,EXP-XAI-0001,MODEL-C3,2,B2:218,1,3,False,MISCLASSIFIED,SINGLE_FEATURE_ABLATION_LOCAL,ABLATION_CONSISTENCY,5,"[1, 2, 3, 4, 5]",0.4079004270857036,0.4079004270857036,0.0,3,False,0.1113550468718938,0.2729956613860007,1,0.0,0.0,8.147946677889266,5,BATCH_1_SAVED_SCALER_MEAN,probability,EXECUTED
EXP-XAI-FIDELITY-001,EXP-XAI-0001,MODEL-C3,2,B2:218,1,3,False,MISCLASSIFIED,SINGLE_FEATURE_ABLATION_LOCAL,ABLATION_CONSISTENCY,10,"[1, 2, 3, 4, 5, 6, 7, 8, 9, 10]",0.4079004270857036,0.4079004270857036,0.0,3,False,0.1556001309796992,0.381465967298451,1,0.0,0.0,8.359461650309978,10,BATCH_1_SAVED_SCALER_MEAN,probability,EXECUTED
EXP-XAI-FIDELITY-001,EXP-XAI-0001,MODEL-C3,2,B2:219,1,3,False,MISCLASSIFIED,SINGLE_FEATURE_ABLATION_LOCAL,ABLATION_CONSISTENCY,1,[1],0.4079004270857036,0.4079004270857036,0.0,3,False,0.02336017481021012,0.05726930706376027,1,0.0,0.0,0.7280526187264114,1,BATCH_1_SAVED_SCALER_MEAN,probability,EXECUTED
EXP-XAI-FIDELITY-001,EXP-XAI-0001,MODEL-C3,2,B2:219,1,3,False,MISCLASSIFIED,SINGLE_FEATURE_ABLATION_LOCAL,ABLATION_CONSISTENCY,3,"[1, 2, 3]",0.4079004270857036,0.4079004270857036,0.0,3,False,0.030866095530049164,0.07567066244714649,1,0.0,0.0,1.3094680551108346,3,BATCH_1_SAVED_SCALER_MEAN,probability,EXECUTED
EXP-XAI-FIDELITY-001,EXP-XAI-0001,MODEL-C3,2,B2:219,1,3,False,MISCLASSIFIED,SINGLE_FEATURE_ABLATION_LOCAL,ABLATION_CONSISTENCY,5,"[1, 2, 3, 4, 5]",0.4079004270857036,0.4079004270857036,0.0,3,False,0.03468768193588808,0.0850395822914887,1,0.0,0.0,1.6642770639512101,5,BATCH_1_SAVED_SCALER_MEAN,probability,EXECUTED
EXP-XAI-FIDELITY-001,EXP-XAI-0001,MODEL-C3,2,B2:219,1,3,False,MISCLASSIFIED,SINGLE_FEATURE_ABLATION_LOCAL,ABLATION_CONSISTENCY,10,"[1, 2, 3, 4, 5, 6, 7, 8, 9, 10]",0.4079004270857036,0.4079004270857036,0.0,3,False,0.05555469923249617,0.13619671749160395,1,0.0,0.0,2.0673820785753216,10,BATCH_1_SAVED_SCALER_MEAN,probability,EXECUTED
EXP-XAI-FIDELITY-001,EXP-XAI-0001,MODEL-C3,2,B2:220,1,3,False,MISCLASSIFIED,SINGLE_FEATURE_ABLATION_LOCAL,ABLATION_CONSISTENCY,1,[1],0.4079004270857036,0.4079004270857036,0.0,3,False,0.023347454358411877,0.05723812187503879,1,0.0,0.0,0.723376673425249,1,BATCH_1_SAVED_SCALER_MEAN,probability,EXECUTED
EXP-XAI-FIDELITY-001,EXP-XAI-0001,MODEL-C3,2,B2:220,1,3,False,MISCLASSIFIED,SINGLE_FEATURE_ABLATION_LOCAL,ABLATION_CONSISTENCY,3,"[1, 2, 3]",0.4079004270857036,0.4079004270857036,0.0,3,False,0.03063279141473881,0.07509869904672245,1,0.0,0.0,1.2938814885762777,3,BATCH_1_SAVED_SCALER_MEAN,probability,EXECUTED
EXP-XAI-FIDELITY-001,EXP-XAI-0001,MODEL-C3,2,B2:220,1,3,False,MISCLASSIFIED,SINGLE_FEATURE_ABLATION_LOCAL,ABLATION_CONSISTENCY,5,"[1, 2, 3, 4, 5]",0.4079004270857036,0.4079004270857036,0.0,3,False,0.03444351354771167,0.08444098427108235,1,0.0,0.0,1.6557655853666111,5,BATCH_1_SAVED_SCALER_MEAN,probability,EXECUTED
EXP-XAI-FIDELITY-001,EXP-XAI-0001,MODEL-C3,2,B2:220,1,3,False,MISCLASSIFIED,SINGLE_FEATURE_ABLATION_LOCAL,ABLATION_CONSISTENCY,10,"[1, 2, 3, 4, 5, 6, 7, 8, 9, 10]",0.4079004270857036,0.4079004270857036,0.0,3,False,0.061102435123717866,0.14979742865255613,1,0.0,0.0,3.4346217687342646,10,BATCH_1_SAVED_SCALER_MEAN,probability,EXECUTED
EXP-XAI-FIDELITY-001,EXP-XAI-0001,MODEL-C3,2,B2:469,4,4,True,CORRECT_REPRESENTATIVE,SINGLE_FEATURE_ABLATION_LOCAL,ABLATION_CONSISTENCY,1,[74],0.6215438210811427,0.44397998356219587,0.17756383751894683,1,True,0.03722091071853654,0.05988461224470501,1,0.008120879147661401,0.16944295837128542,1.136838622278097,1,BATCH_1_SAVED_SCALER_MEAN,probability,EXECUTED
EXP-XAI-FIDELITY-001,EXP-XAI-0001,MODEL-C3,2,B2:469,4,4,True,CORRECT_REPRESENTATIVE,SINGLE_FEATURE_ABLATION_LOCAL,ABLATION_CONSISTENCY,3,"[74, 66, 10]",0.6215438210811427,0.23225541866410665,0.38928840241703605,1,True,0.07006311966633377,0.11272434426982585,1,0.03015974190451823,0.3591286605125178,1.648442469784803,3,BATCH_1_SAVED_SCALER_MEAN,probability,EXECUTED
EXP-XAI-FIDELITY-001,EXP-XAI-0001,MODEL-C3,2,B2:469,4,4,True,CORRECT_REPRESENTATIVE,SINGLE_FEATURE_ABLATION_LOCAL,ABLATION_CONSISTENCY,5,"[74, 66, 10, 2, 42]",0.6215438210811427,0.17339523392803746,0.44814858715310524,1,True,0.09034645740888357,0.14535814586931406,1,0.05222183950652372,0.39592674764658153,1.8258619566797178,5,BATCH_1_SAVED_SCALER_MEAN,probability,EXECUTED
EXP-XAI-FIDELITY-001,EXP-XAI-0001,MODEL-C3,2,B2:469,4,4,True,CORRECT_REPRESENTATIVE,SINGLE_FEATURE_ABLATION_LOCAL,ABLATION_CONSISTENCY,10,"[74, 66, 10, 2, 42, 72, 25, 34, 17, 57]",0.6215438210811427,0.14171628772020042,0.4798275333609423,1,True,0.1051586254944972,0.16918939892537152,1,0.10527414294784783,0.3745533904130945,2.3001848326059737,10,BATCH_1_SAVED_SCALER_MEAN,probability,EXECUTED
EXP-XAI-FIDELITY-001,EXP-XAI-0001,MODEL-C3,2,B2:476,6,6,True,CORRECT_REPRESENTATIVE,SINGLE_FEATURE_ABLATION_LOCAL,ABLATION_CONSISTENCY,1,[66],0.6095132993486241,0.33701600689422145,0.27249729245440263,4,True,0.009206695852389585,0.01510499584213932,1,0.016799463517046764,0.2556978289373559,1.2026942709860937,1,BATCH_1_SAVED_SCALER_MEAN,probability,EXECUTED
EXP-XAI-FIDELITY-001,EXP-XAI-0001,MODEL-C3,2,B2:476,6,6,True,CORRECT_REPRESENTATIVE,SINGLE_FEATURE_ABLATION_LOCAL,ABLATION_CONSISTENCY,3,"[66, 69, 13]",0.6095132993486241,0.13419840672363267,0.4753148926249914,1,True,0.022324192045503687,0.03662625913062299,1,0.060856879542904044,0.41445801308208735,3.6843701491382386,3,BATCH_1_SAVED_SCALER_MEAN,probability,EXECUTED
EXP-XAI-FIDELITY-001,EXP-XAI-0001,MODEL-C3,2,B2:476,6,6,True,CORRECT_REPRESENTATIVE,SINGLE_FEATURE_ABLATION_LOCAL,ABLATION_CONSISTENCY,5,"[66, 69, 13, 74, 5]",0.6095132993486241,0.11319673914618122,0.49631656020244286,1,True,0.036186369353237935,0.0593692859399617,1,0.11017307667172746,0.38614348353071537,4.163416889400207,5,BATCH_1_SAVED_SCALER_MEAN,probability,EXECUTED
EXP-XAI-FIDELITY-001,EXP-XAI-0001,MODEL-C3,2,B2:476,6,6,True,CORRECT_REPRESENTATIVE,SINGLE_FEATURE_ABLATION_LOCAL,ABLATION_CONSISTENCY,10,"[66, 69, 13, 74, 5, 10, 77, 109, 17, 81]",0.6095132993486241,0.09313702734522811,0.516376272003396,1,True,0.044995305565433345,0.07382169611970571,1,0.2220066096019867,0.29436966240140927,4.903149548973732,10,BATCH_1_SAVED_SCALER_MEAN,probability,EXECUTED
EXP-XAI-FIDELITY-001,EXP-XAI-0001,MODEL-C3,2,B2:514,3,3,True,CORRECT_REPRESENTATIVE,SINGLE_FEATURE_ABLATION_LOCAL,ABLATION_CONSISTENCY,1,[105],0.7940029605586746,0.7526270343363428,0.04137592622233177,3,False,0.03896294057639369,0.04907153060106813,1,0.0038981636970867204,0.037477762525245054,2.3889234811411852,1,BATCH_1_SAVED_SCALER_MEAN,probability,EXECUTED
EXP-XAI-FIDELITY-001,EXP-XAI-0001,MODEL-C3,2,B2:514,3,3,True,CORRECT_REPRESENTATIVE,SINGLE_FEATURE_ABLATION_LOCAL,ABLATION_CONSISTENCY,3,"[105, 97, 33]",0.7940029605586746,0.6706899847052616,0.12331297585341294,3,False,0.07866032003036574,0.09906804374510007,1,0.014667603373451639,0.10864537247996131,3.2588499398660637,3,BATCH_1_SAVED_SCALER_MEAN,probability,EXECUTED
EXP-XAI-FIDELITY-001,EXP-XAI-0001,MODEL-C3,2,B2:514,3,3,True,CORRECT_REPRESENTATIVE,SINGLE_FEATURE_ABLATION_LOCAL,ABLATION_CONSISTENCY,5,"[105, 97, 33, 110, 41]",0.7940029605586746,0.5925656000242475,0.20143736053442707,3,False,0.11398589701942415,0.1435585289747807,1,0.02371465663439001,0.17772270390003705,3.8035028971174847,5,BATCH_1_SAVED_SCALER_MEAN,probability,EXECUTED
EXP-XAI-FIDELITY-001,EXP-XAI-0001,MODEL-C3,2,B2:514,3,3,True,CORRECT_REPRESENTATIVE,SINGLE_FEATURE_ABLATION_LOCAL,ABLATION_CONSISTENCY,10,"[105, 97, 33, 110, 41, 40, 102, 37, 100, 35]",0.7940029605586746,0.4692426045950984,0.32476035596357616,3,False,0.1679465061214688,0.21151874043806923,1,0.05891100282291572,0.26584935314066044,5.499498107900852,10,BATCH_1_SAVED_SCALER_MEAN,probability,EXECUTED
EXP-XAI-FIDELITY-001,EXP-XAI-0001,MODEL-C3,2,B2:515,3,3,True,CORRECT_REPRESENTATIVE,SINGLE_FEATURE_ABLATION_LOCAL,ABLATION_CONSISTENCY,1,[105],0.796529614705963,0.7564397744677205,0.04008984023824247,3,False,0.03942636240254885,0.04949767299876603,1,0.003654128606352114,0.036435711631890355,2.429436881561357,1,BATCH_1_SAVED_SCALER_MEAN,probability,EXECUTED
EXP-XAI-FIDELITY-001,EXP-XAI-0001,MODEL-C3,2,B2:515,3,3,True,CORRECT_REPRESENTATIVE,SINGLE_FEATURE_ABLATION_LOCAL,ABLATION_CONSISTENCY,3,"[105, 97, 33]",0.796529614705963,0.675725617688826,0.12080399701713695,3,False,0.0811833037966475,0.1019212623081392,1,0.017664820951028018,0.10313917606610894,3.3328046424824063,3,BATCH_1_SAVED_SCALER_MEAN,probability,EXECUTED
EXP-XAI-FIDELITY-001,EXP-XAI-0001,MODEL-C3,2,B2:515,3,3,True,CORRECT_REPRESENTATIVE,SINGLE_FEATURE_ABLATION_LOCAL,ABLATION_CONSISTENCY,5,"[105, 97, 33, 110, 41]",0.796529614705963,0.5981510283274439,0.19837858637851902,3,False,0.11870659605982876,0.14902973331838895,1,0.02652603480303674,0.17185255157548227,3.8970060340587254,5,BATCH_1_SAVED_SCALER_MEAN,probability,EXECUTED
EXP-XAI-FIDELITY-001,EXP-XAI-0001,MODEL-C3,2,B2:515,3,3,True,CORRECT_REPRESENTATIVE,SINGLE_FEATURE_ABLATION_LOCAL,ABLATION_CONSISTENCY,10,"[105, 97, 33, 110, 41, 102, 37, 35, 27, 100]",0.796529614705963,0.48606210012447365,0.3104675145814893,3,False,0.15792867431118837,0.19827093857582104,1,0.06244909788570344,0.24801841669578586,5.813979334178412,10,BATCH_1_SAVED_SCALER_MEAN,probability,EXECUTED
EXP-XAI-FIDELITY-001,EXP-XAI-0001,MODEL-C3,2,B2:900,5,5,True,NEAR_DECISION_BOUNDARY,SINGLE_FEATURE_ABLATION_LOCAL,ABLATION_CONSISTENCY,1,[16],0.3018707606399135,0.25215058185791484,0.04972017878199869,5,False,0.030353309056479313,0.10055067603147644,1,0.004471707169161413,0.04524847161283728,2.9608264244019677,1,BATCH_1_SAVED_SCALER_MEAN,probability,EXECUTED
EXP-XAI-FIDELITY-001,EXP-XAI-0001,MODEL-C3,2,B2:900,5,5,True,NEAR_DECISION_BOUNDARY,SINGLE_FEATURE_ABLATION_LOCAL,ABLATION_CONSISTENCY,3,"[16, 8, 13]",0.3018707606399135,0.19038104564008484,0.11148971499982868,1,True,0.060204406111755954,0.19943768645937446,1,0.011246490530702518,0.10024322446912616,4.274816233931688,3,BATCH_1_SAVED_SCALER_MEAN,probability,EXECUTED
EXP-XAI-FIDELITY-001,EXP-XAI-0001,MODEL-C3,2,B2:900,5,5,True,NEAR_DECISION_BOUNDARY,SINGLE_FEATURE_ABLATION_LOCAL,ABLATION_CONSISTENCY,5,"[16, 8, 13, 72, 5]",0.3018707606399135,0.1547943330185731,0.14707642762134043,1,True,0.08342124276772782,0.27634754220941865,1,0.012021132668424528,0.1350552949529159,4.901130024144046,5,BATCH_1_SAVED_SCALER_MEAN,probability,EXECUTED
EXP-XAI-FIDELITY-001,EXP-XAI-0001,MODEL-C3,2,B2:900,5,5,True,NEAR_DECISION_BOUNDARY,SINGLE_FEATURE_ABLATION_LOCAL,ABLATION_CONSISTENCY,10,"[16, 8, 13, 72, 5, 15, 80, 14, 11, 69]",0.3018707606399135,0.10172430877202863,0.20014645186788488,1,True,0.11603225609553633,0.38437726081707324,4,0.029070317094920143,0.17107613477296474,5.791583192384654,10,BATCH_1_SAVED_SCALER_MEAN,probability,EXECUTED
EXP-XAI-FIDELITY-001,EXP-XAI-0001,MODEL-C3,2,B2:904,5,5,True,NEAR_DECISION_BOUNDARY,SINGLE_FEATURE_ABLATION_LOCAL,ABLATION_CONSISTENCY,1,[16],0.3045858788701019,0.24007669497602727,0.06450918389407465,1,True,0.04094890669398983,0.13444125133408924,1,0.0006805612212465636,0.06382862267282809,3.9612743052178923,1,BATCH_1_SAVED_SCALER_MEAN,probability,EXECUTED
EXP-XAI-FIDELITY-001,EXP-XAI-0001,MODEL-C3,2,B2:904,5,5,True,NEAR_DECISION_BOUNDARY,SINGLE_FEATURE_ABLATION_LOCAL,ABLATION_CONSISTENCY,3,"[16, 8, 72]",0.3045858788701019,0.177170645177315,0.1274152336927869,1,True,0.07971099719259765,0.2617028651764659,1,0.011503369307459288,0.1159118643853276,5.059331003766011,3,BATCH_1_SAVED_SCALER_MEAN,probability,EXECUTED
EXP-XAI-FIDELITY-001,EXP-XAI-0001,MODEL-C3,2,B2:904,5,5,True,NEAR_DECISION_BOUNDARY,SINGLE_FEATURE_ABLATION_LOCAL,ABLATION_CONSISTENCY,5,"[16, 8, 72, 13, 15]",0.3045858788701019,0.1475676028619622,0.15701827600813972,1,True,0.10559835987043985,0.34669486406319855,1,0.015606470837729276,0.14141180517041044,5.516326031848528,5,BATCH_1_SAVED_SCALER_MEAN,probability,EXECUTED
EXP-XAI-FIDELITY-001,EXP-XAI-0001,MODEL-C3,2,B2:904,5,5,True,NEAR_DECISION_BOUNDARY,SINGLE_FEATURE_ABLATION_LOCAL,ABLATION_CONSISTENCY,10,"[16, 8, 72, 13, 15, 5, 11, 7, 14, 69]",0.3045858788701019,0.10120165727333012,0.20338422159677177,1,True,0.1316553530925418,0.43224378484299153,4,0.021249883320957695,0.18213433827581407,6.301964069306048,10,BATCH_1_SAVED_SCALER_MEAN,probability,EXECUTED
EXP-XAI-FIDELITY-001,EXP-XAI-0001,MODEL-C3,2,B2:959,5,5,True,NEAR_DECISION_BOUNDARY,SINGLE_FEATURE_ABLATION_LOCAL,ABLATION_CONSISTENCY,1,[16],0.30536488070883394,0.24742900198960327,0.05793587871923067,1,True,0.033434270764529185,0.10948957420027888,1,0.0020533700056745243,0.05588250871355615,3.2822661755445686,1,BATCH_1_SAVED_SCALER_MEAN,probability,EXECUTED
EXP-XAI-FIDELITY-001,EXP-XAI-0001,MODEL-C3,2,B2:959,5,5,True,NEAR_DECISION_BOUNDARY,SINGLE_FEATURE_ABLATION_LOCAL,ABLATION_CONSISTENCY,3,"[16, 8, 72]",0.30536488070883394,0.187008861747904,0.11835601896092995,1,True,0.0661423986629353,0.21660119693332452,1,0.011208972886244168,0.10714704607468578,4.316538215561239,3,BATCH_1_SAVED_SCALER_MEAN,probability,EXECUTED
EXP-XAI-FIDELITY-001,EXP-XAI-0001,MODEL-C3,2,B2:959,5,5,True,NEAR_DECISION_BOUNDARY,SINGLE_FEATURE_ABLATION_LOCAL,ABLATION_CONSISTENCY,5,"[16, 8, 72, 13, 15]",0.30536488070883394,0.15704359852046973,0.1483212821883642,1,True,0.09105357099942166,0.298179577127736,1,0.01635471910030741,0.1319665630880568,4.78724930464674,5,BATCH_1_SAVED_SCALER_MEAN,probability,EXECUTED
EXP-XAI-FIDELITY-001,EXP-XAI-0001,MODEL-C3,2,B2:959,5,5,True,NEAR_DECISION_BOUNDARY,SINGLE_FEATURE_ABLATION_LOCAL,ABLATION_CONSISTENCY,10,"[16, 8, 72, 13, 15, 11, 80, 14, 5, 3]",0.30536488070883394,0.10685945029632876,0.19850543041250518,1,True,0.11060410974377198,0.3622031108719186,4,0.037593508945624174,0.160911921466881,5.6056995150425495,10,BATCH_1_SAVED_SCALER_MEAN,probability,EXECUTED
EXP-XAI-FIDELITY-001,EXP-XAI-0001,MODEL-C3,2,B2:1007,5,5,True,NEAR_DECISION_BOUNDARY,SINGLE_FEATURE_ABLATION_LOCAL,ABLATION_CONSISTENCY,1,[16],0.31780540938097346,0.25312845255550726,0.0646769568254662,1,True,0.035302745423277423,0.11108289658140397,1,0.0032506888921983706,0.06142626793326783,3.4633281670828806,1,BATCH_1_SAVED_SCALER_MEAN,probability,EXECUTED
EXP-XAI-FIDELITY-001,EXP-XAI-0001,MODEL-C3,2,B2:1007,5,5,True,NEAR_DECISION_BOUNDARY,SINGLE_FEATURE_ABLATION_LOCAL,ABLATION_CONSISTENCY,3,"[16, 8, 15]",0.31780540938097346,0.18729133639653678,0.13051407298443668,1,True,0.07078667847039068,0.2227359144335212,1,0.009697042936549303,0.12081703004788738,4.4886780330243985,3,BATCH_1_SAVED_SCALER_MEAN,probability,EXECUTED
EXP-XAI-FIDELITY-001,EXP-XAI-0001,MODEL-C3,2,B2:1007,5,5,True,NEAR_DECISION_BOUNDARY,SINGLE_FEATURE_ABLATION_LOCAL,ABLATION_CONSISTENCY,5,"[16, 8, 15, 9, 72]",0.31780540938097346,0.15250058893993387,0.16530482044103958,1,True,0.10363800920279563,0.32610523969577304,1,0.014404367637443485,0.1509004528035961,4.796654191061435,5,BATCH_1_SAVED_SCALER_MEAN,probability,EXECUTED
EXP-XAI-FIDELITY-001,EXP-XAI-0001,MODEL-C3,2,B2:1007,5,5,True,NEAR_DECISION_BOUNDARY,SINGLE_FEATURE_ABLATION_LOCAL,ABLATION_CONSISTENCY,10,"[16, 8, 15, 9, 72, 7, 1, 14, 121, 36]",0.31780540938097346,0.11482963437764286,0.20297577500333058,1,True,0.1495783127258152,0.47066005898756186,1,0.022780873844859852,0.18019490115847073,5.555666893245158,10,BATCH_1_SAVED_SCALER_MEAN,probability,EXECUTED
EXP-XAI-FIDELITY-001,EXP-XAI-0001,MODEL-C3,2,B2:1011,5,5,True,NEAR_DECISION_BOUNDARY,SINGLE_FEATURE_ABLATION_LOCAL,ABLATION_CONSISTENCY,1,[16],0.31368905575436146,0.25326219201669203,0.06042686373766942,5,False,0.03307316217083032,0.10543294885215478,1,-0.00031063785895787954,0.0607375015966273,3.2461516218282602,1,BATCH_1_SAVED_SCALER_MEAN,probability,EXECUTED
EXP-XAI-FIDELITY-001,EXP-XAI-0001,MODEL-C3,2,B2:1011,5,5,True,NEAR_DECISION_BOUNDARY,SINGLE_FEATURE_ABLATION_LOCAL,ABLATION_CONSISTENCY,3,"[16, 8, 72]",0.31368905575436146,0.18476270676405207,0.1289263489903094,1,True,0.0689934011192085,0.21994200898495717,1,0.009645669079002371,0.11928067991130702,4.4340893260618355,3,BATCH_1_SAVED_SCALER_MEAN,probability,EXECUTED
EXP-XAI-FIDELITY-001,EXP-XAI-0001,MODEL-C3,2,B2:1011,5,5,True,NEAR_DECISION_BOUNDARY,SINGLE_FEATURE_ABLATION_LOCAL,ABLATION_CONSISTENCY,5,"[16, 8, 72, 15, 13]",0.31368905575436146,0.15358500928526156,0.1601040464690999,1,True,0.09120963360141757,0.29076447497371577,1,0.012302828151754125,0.14780121831734577,4.819485496188373,5,BATCH_1_SAVED_SCALER_MEAN,probability,EXECUTED
EXP-XAI-FIDELITY-001,EXP-XAI-0001,MODEL-C3,2,B2:1011,5,5,True,NEAR_DECISION_BOUNDARY,SINGLE_FEATURE_ABLATION_LOCAL,ABLATION_CONSISTENCY,10,"[16, 8, 72, 15, 13, 14, 80, 9, 11, 5]",0.31368905575436146,0.10141839443766686,0.2122706613166946,1,True,0.1219069395441595,0.38862350250312977,1,0.03087365278775455,0.18139700852894003,5.351638067678606,10,BATCH_1_SAVED_SCALER_MEAN,probability,EXECUTED
EXP-XAI-FIDELITY-001,EXP-XAI-0001,MODEL-C3,6,B6:0,2,3,False,MISCLASSIFIED,SINGLE_FEATURE_ABLATION_LOCAL,ABLATION_CONSISTENCY,1,[28],0.4036080672610889,0.40260475900284637,0.001003308258242519,3,False,0.07731251473382153,0.19155344257231868,1,-7.794396367819534e-05,0.0010812522219207144,6.878261920242612,1,BATCH_1_SAVED_SCALER_MEAN,probability,EXECUTED
EXP-XAI-FIDELITY-001,EXP-XAI-0001,MODEL-C3,6,B6:0,2,3,False,MISCLASSIFIED,SINGLE_FEATURE_ABLATION_LOCAL,ABLATION_CONSISTENCY,3,"[28, 53, 60]",0.4036080672610889,0.40281997896996763,0.0007880882911212583,3,False,0.2140328461367519,0.530298731611568,1,-0.0002123979777468532,0.0010004862688681115,12.915300922956863,3,BATCH_1_SAVED_SCALER_MEAN,probability,EXECUTED
EXP-XAI-FIDELITY-001,EXP-XAI-0001,MODEL-C3,6,B6:0,2,3,False,MISCLASSIFIED,SINGLE_FEATURE_ABLATION_LOCAL,ABLATION_CONSISTENCY,5,"[28, 53, 60, 92, 100]",0.4036080672610889,0.4026405075567834,0.0009675597043055095,3,False,0.2803591301468896,0.6946321267793909,1,-0.00031563784842711937,0.001283197552732629,15.075015233009754,5,BATCH_1_SAVED_SCALER_MEAN,probability,EXECUTED
EXP-XAI-FIDELITY-001,EXP-XAI-0001,MODEL-C3,6,B6:0,2,3,False,MISCLASSIFIED,SINGLE_FEATURE_ABLATION_LOCAL,ABLATION_CONSISTENCY,10,"[28, 53, 60, 92, 100, 88, 101, 61, 108, 20]",0.4036080672610889,0.4044473571029255,-0.0008392898418366213,3,False,0.37924154663778337,0.9396282616731169,3,-0.0004026061185001891,-0.00043668372333643214,20.443365432135113,10,BATCH_1_SAVED_SCALER_MEAN,probability,EXECUTED
EXP-XAI-FIDELITY-001,EXP-XAI-0001,MODEL-C3,6,B6:1,2,3,False,MISCLASSIFIED,SINGLE_FEATURE_ABLATION_LOCAL,ABLATION_CONSISTENCY,1,[64],0.37667495943311097,0.38277824444198394,-0.006103285008872972,3,False,0.03461426080559816,0.09189424446395905,1,-0.001373814832264094,-0.004729470176608878,3.3131193327922386,1,BATCH_1_SAVED_SCALER_MEAN,probability,EXECUTED
EXP-XAI-FIDELITY-001,EXP-XAI-0001,MODEL-C3,6,B6:1,2,3,False,MISCLASSIFIED,SINGLE_FEATURE_ABLATION_LOCAL,ABLATION_CONSISTENCY,3,"[64, 88, 56]",0.37667495943311097,0.3906614103189133,-0.01398645088580236,3,False,0.08949538741196378,0.23759314276333293,1,-0.0035738853947486176,-0.010412565491053741,6.925113310844075,3,BATCH_1_SAVED_SCALER_MEAN,probability,EXECUTED
EXP-XAI-FIDELITY-001,EXP-XAI-0001,MODEL-C3,6,B6:1,2,3,False,MISCLASSIFIED,SINGLE_FEATURE_ABLATION_LOCAL,ABLATION_CONSISTENCY,5,"[64, 88, 56, 96, 124]",0.37667495943311097,0.3985948629447586,-0.02191990351164763,3,False,0.15780621304713438,0.41894532433116843,1,-0.004362215171454063,-0.01755768834019357,10.149746148351925,5,BATCH_1_SAVED_SCALER_MEAN,probability,EXECUTED
EXP-XAI-FIDELITY-001,EXP-XAI-0001,MODEL-C3,6,B6:1,2,3,False,MISCLASSIFIED,SINGLE_FEATURE_ABLATION_LOCAL,ABLATION_CONSISTENCY,10,"[64, 88, 56, 96, 124, 53, 128, 36, 44, 116]",0.37667495943311097,0.41395667424588406,-0.03728171481277309,3,False,0.23380025234161822,0.620694969194351,1,-0.010098077082495351,-0.02718363773027774,14.42829934029298,10,BATCH_1_SAVED_SCALER_MEAN,probability,EXECUTED
EXP-XAI-FIDELITY-001,EXP-XAI-0001,MODEL-C3,6,B6:2,2,3,False,MISCLASSIFIED,SINGLE_FEATURE_ABLATION_LOCAL,ABLATION_CONSISTENCY,1,[88],0.3626211166221128,0.37008863717208906,-0.0074675205499762365,3,False,0.051579257917965846,0.14224008352970946,1,-0.0016802143237538943,-0.005787306226222342,4.2028326361986625,1,BATCH_1_SAVED_SCALER_MEAN,probability,EXECUTED
EXP-XAI-FIDELITY-001,EXP-XAI-0001,MODEL-C3,6,B6:2,2,3,False,MISCLASSIFIED,SINGLE_FEATURE_ABLATION_LOCAL,ABLATION_CONSISTENCY,3,"[88, 53, 64]",0.3626211166221128,0.38283808190458707,-0.020216965282474242,3,False,0.08352092461523286,0.23032559546792733,1,-0.006227537861290492,-0.01398942742118375,7.494352450449437,3,BATCH_1_SAVED_SCALER_MEAN,probability,EXECUTED
EXP-XAI-FIDELITY-001,EXP-XAI-0001,MODEL-C3,6,B6:2,2,3,False,MISCLASSIFIED,SINGLE_FEATURE_ABLATION_LOCAL,ABLATION_CONSISTENCY,5,"[88, 53, 64, 124, 44]",0.3626211166221128,0.39178640481056365,-0.029165288188450822,3,False,0.10899777621135465,0.3005830913177104,1,-0.008453598048495818,-0.020711690139955004,10.012414235511834,5,BATCH_1_SAVED_SCALER_MEAN,probability,EXECUTED
EXP-XAI-FIDELITY-001,EXP-XAI-0001,MODEL-C3,6,B6:2,2,3,False,MISCLASSIFIED,SINGLE_FEATURE_ABLATION_LOCAL,ABLATION_CONSISTENCY,10,"[88, 53, 64, 124, 44, 56, 96, 36, 52, 116]",0.3626211166221128,0.40612416359886916,-0.04350304697675633,3,False,0.23129870229836175,0.6378522697545989,1,-0.014998094987267879,-0.028504951989488454,14.707058888530295,10,BATCH_1_SAVED_SCALER_MEAN,probability,EXECUTED
EXP-XAI-FIDELITY-001,EXP-XAI-0001,MODEL-C3,6,B6:3,2,3,False,MISCLASSIFIED,SINGLE_FEATURE_ABLATION_LOCAL,ABLATION_CONSISTENCY,1,[88],0.3658429998665231,0.37455480265471996,-0.008711802788196887,3,False,0.057928462931795356,0.158342411780273,1,-0.0015635436311140485,-0.007148259157082839,4.612625995663151,1,BATCH_1_SAVED_SCALER_MEAN,probability,EXECUTED
EXP-XAI-FIDELITY-001,EXP-XAI-0001,MODEL-C3,6,B6:3,2,3,False,MISCLASSIFIED,SINGLE_FEATURE_ABLATION_LOCAL,ABLATION_CONSISTENCY,3,"[88, 64, 56]",0.3658429998665231,0.38520727585594844,-0.01936427598942536,3,False,0.08675353576700746,0.23713323966471758,1,-0.0040577818052078074,-0.015306494184217555,6.828207439764435,3,BATCH_1_SAVED_SCALER_MEAN,probability,EXECUTED
EXP-XAI-FIDELITY-001,EXP-XAI-0001,MODEL-C3,6,B6:3,2,3,False,MISCLASSIFIED,SINGLE_FEATURE_ABLATION_LOCAL,ABLATION_CONSISTENCY,5,"[88, 64, 56, 96, 128]",0.3658429998665231,0.39040771066498225,-0.024564710798459177,3,False,0.16807450402342747,0.4594170288477545,1,-0.007103614383823444,-0.017461096414635734,9.272707192020443,5,BATCH_1_SAVED_SCALER_MEAN,probability,EXECUTED
EXP-XAI-FIDELITY-001,EXP-XAI-0001,MODEL-C3,6,B6:3,2,3,False,MISCLASSIFIED,SINGLE_FEATURE_ABLATION_LOCAL,ABLATION_CONSISTENCY,10,"[88, 64, 56, 96, 128, 124, 44, 36, 53, 116]",0.3658429998665231,0.4119788699904549,-0.04613587012393183,3,False,0.23244170376524387,0.6353591673205436,1,-0.014049942572408465,-0.03208592755152337,14.36226970100493,10,BATCH_1_SAVED_SCALER_MEAN,probability,EXECUTED
EXP-XAI-FIDELITY-001,EXP-XAI-0001,MODEL-C3,6,B6:4,2,3,False,MISCLASSIFIED,SINGLE_FEATURE_ABLATION_LOCAL,ABLATION_CONSISTENCY,1,[53],0.4013772548774292,0.40290096092314454,-0.001523706045715334,3,False,0.04703145746261622,0.11717519339001528,1,-0.00010322456170469748,-0.0014204814840106364,6.573578439156567,1,BATCH_1_SAVED_SCALER_MEAN,probability,EXECUTED
EXP-XAI-FIDELITY-001,EXP-XAI-0001,MODEL-C3,6,B6:4,2,3,False,MISCLASSIFIED,SINGLE_FEATURE_ABLATION_LOCAL,ABLATION_CONSISTENCY,3,"[53, 28, 100]",0.4013772548774292,0.4027443501594232,-0.001367095281994024,3,False,0.11633335275860719,0.2898354387174544,1,-0.0002932683080792864,-0.0010738269739147376,10.49123687377699,3,BATCH_1_SAVED_SCALER_MEAN,probability,EXECUTED
EXP-XAI-FIDELITY-001,EXP-XAI-0001,MODEL-C3,6,B6:4,2,3,False,MISCLASSIFIED,SINGLE_FEATURE_ABLATION_LOCAL,ABLATION_CONSISTENCY,5,"[53, 28, 100, 88, 61]",0.4013772548774292,0.4045749804797844,-0.003197725602355206,3,False,0.22521254110507752,0.5610994105130643,1,-0.0004752767994454621,-0.0027224488029097436,13.480157430550346,5,BATCH_1_SAVED_SCALER_MEAN,probability,EXECUTED
EXP-XAI-FIDELITY-001,EXP-XAI-0001,MODEL-C3,6,B6:4,2,3,False,MISCLASSIFIED,SINGLE_FEATURE_ABLATION_LOCAL,ABLATION_CONSISTENCY,10,"[53, 28, 100, 88, 61, 101, 108, 60, 92, 36]",0.4013772548774292,0.4048616629859599,-0.003484408108530679,3,False,0.34508225047975694,0.8597454048190564,1,-0.0013839868478641808,-0.002100421260666498,18.728038126029002,10,BATCH_1_SAVED_SCALER_MEAN,probability,EXECUTED
EXP-XAI-FIDELITY-001,EXP-XAI-0001,MODEL-C3,6,B6:10,2,2,True,CORRECT_REPRESENTATIVE,SINGLE_FEATURE_ABLATION_LOCAL,ABLATION_CONSISTENCY,1,[52],0.401722116369674,0.3665036943432989,0.035218422026375096,2,False,0.010667953496757282,0.02655555435474303,1,0.0027042847359336486,0.03251413729044145,3.1155601568310236,1,BATCH_1_SAVED_SCALER_MEAN,probability,EXECUTED
EXP-XAI-FIDELITY-001,EXP-XAI-0001,MODEL-C3,6,B6:10,2,2,True,CORRECT_REPRESENTATIVE,SINGLE_FEATURE_ABLATION_LOCAL,ABLATION_CONSISTENCY,3,"[52, 116, 124]",0.401722116369674,0.31396912114253955,0.08775299522713442,2,False,0.02174235539355014,0.05412287376665695,1,0.01724415320566931,0.07050884202146511,5.433797024195148,3,BATCH_1_SAVED_SCALER_MEAN,probability,EXECUTED
EXP-XAI-FIDELITY-001,EXP-XAI-0001,MODEL-C3,6,B6:10,2,2,True,CORRECT_REPRESENTATIVE,SINGLE_FEATURE_ABLATION_LOCAL,ABLATION_CONSISTENCY,5,"[52, 116, 124, 125, 60]",0.401722116369674,0.284536118709571,0.11718599766010296,2,False,0.04871856177556449,0.12127428336739256,1,0.025089053031800163,0.0920969446283028,7.418080483643386,5,BATCH_1_SAVED_SCALER_MEAN,probability,EXECUTED
EXP-XAI-FIDELITY-001,EXP-XAI-0001,MODEL-C3,6,B6:10,2,2,True,CORRECT_REPRESENTATIVE,SINGLE_FEATURE_ABLATION_LOCAL,ABLATION_CONSISTENCY,10,"[52, 116, 124, 125, 60, 117, 20, 84, 51, 59]",0.401722116369674,0.23082393018555805,0.17089818618411592,1,True,0.13301128073361404,0.33110270834880795,1,0.03706855734784838,0.13382962883626753,9.126246724916053,10,BATCH_1_SAVED_SCALER_MEAN,probability,EXECUTED
EXP-XAI-FIDELITY-001,EXP-XAI-0001,MODEL-C3,6,B6:11,2,2,True,CORRECT_REPRESENTATIVE,SINGLE_FEATURE_ABLATION_LOCAL,ABLATION_CONSISTENCY,1,[116],0.4449200576856063,0.401190485456919,0.043729572228687286,2,False,0.011186336678495895,0.025142351946741165,1,0.006939135416219044,0.03679043681246824,3.5429284331526736,1,BATCH_1_SAVED_SCALER_MEAN,probability,EXECUTED
EXP-XAI-FIDELITY-001,EXP-XAI-0001,MODEL-C3,6,B6:11,2,2,True,CORRECT_REPRESENTATIVE,SINGLE_FEATURE_ABLATION_LOCAL,ABLATION_CONSISTENCY,3,"[116, 52, 124]",0.4449200576856063,0.33768678669759516,0.10723327098801111,2,False,0.02629903173779159,0.0591095665018889,1,0.01626978089891977,0.09096349008909134,5.961438314611727,3,BATCH_1_SAVED_SCALER_MEAN,probability,EXECUTED
EXP-XAI-FIDELITY-001,EXP-XAI-0001,MODEL-C3,6,B6:11,2,2,True,CORRECT_REPRESENTATIVE,SINGLE_FEATURE_ABLATION_LOCAL,ABLATION_CONSISTENCY,5,"[116, 52, 124, 117, 125]",0.4449200576856063,0.3107658284661234,0.1341542292194829,2,False,0.05689108324829799,0.12786810184336286,1,0.028775501234594582,0.10537872798488832,8.29797639586218,5,BATCH_1_SAVED_SCALER_MEAN,probability,EXECUTED
EXP-XAI-FIDELITY-001,EXP-XAI-0001,MODEL-C3,6,B6:11,2,2,True,CORRECT_REPRESENTATIVE,SINGLE_FEATURE_ABLATION_LOCAL,ABLATION_CONSISTENCY,10,"[116, 52, 124, 117, 125, 60, 20, 84, 51, 115]",0.4449200576856063,0.2524287481076874,0.19249130957791888,2,False,0.15982296494336298,0.3592172620284488,1,0.06182348823562984,0.13066782134228905,10.027466948971444,10,BATCH_1_SAVED_SCALER_MEAN,probability,EXECUTED
EXP-XAI-FIDELITY-001,EXP-XAI-0001,MODEL-C3,6,B6:23,1,1,True,CORRECT_REPRESENTATIVE,SINGLE_FEATURE_ABLATION_LOCAL,ABLATION_CONSISTENCY,1,[61],0.38978331514087716,0.3379822014024881,0.05180111373838908,1,False,0.911826127885305,2.33931544133886,1,0.0006030772532016041,0.051198036485187476,3.773772254074865,1,BATCH_1_SAVED_SCALER_MEAN,probability,EXECUTED
EXP-XAI-FIDELITY-001,EXP-XAI-0001,MODEL-C3,6,B6:23,1,1,True,CORRECT_REPRESENTATIVE,SINGLE_FEATURE_ABLATION_LOCAL,ABLATION_CONSISTENCY,3,"[61, 53, 100]",0.38978331514087716,0.2941928324244284,0.09559048271644877,1,False,0.880239055776446,2.2582779241289646,1,0.012541446872886945,0.08304903584356182,7.689358051684867,3,BATCH_1_SAVED_SCALER_MEAN,probability,EXECUTED
EXP-XAI-FIDELITY-001,EXP-XAI-0001,MODEL-C3,6,B6:23,1,1,True,CORRECT_REPRESENTATIVE,SINGLE_FEATURE_ABLATION_LOCAL,ABLATION_CONSISTENCY,5,"[61, 53, 100, 108, 10]",0.38978331514087716,0.24980738181018894,0.13997593333068822,2,True,0.7906505525448111,2.0284361126618538,1,0.018886960603835105,0.12108897272685312,10.25682959660273,5,BATCH_1_SAVED_SCALER_MEAN,probability,EXECUTED
EXP-XAI-FIDELITY-001,EXP-XAI-0001,MODEL-C3,6,B6:23,1,1,True,CORRECT_REPRESENTATIVE,SINGLE_FEATURE_ABLATION_LOCAL,ABLATION_CONSISTENCY,10,"[61, 53, 100, 108, 10, 66, 74, 2, 36, 101]",0.38978331514087716,0.15245640195795876,0.2373269131829184,2,True,0.5736482580626343,1.4717106550733294,1,0.027963062728674434,0.20936385045424397,13.812814767048398,10,BATCH_1_SAVED_SCALER_MEAN,probability,EXECUTED
EXP-XAI-FIDELITY-001,EXP-XAI-0001,MODEL-C3,6,B6:74,1,1,True,CORRECT_REPRESENTATIVE,SINGLE_FEATURE_ABLATION_LOCAL,ABLATION_CONSISTENCY,1,[61],0.3969450027749886,0.3685390546952294,0.028405948079759213,1,False,0.9189946368520776,2.3151686768381285,1,0.0012199031363766728,0.02718604494338254,3.1837304250449554,1,BATCH_1_SAVED_SCALER_MEAN,probability,EXECUTED
EXP-XAI-FIDELITY-001,EXP-XAI-0001,MODEL-C3,6,B6:74,1,1,True,CORRECT_REPRESENTATIVE,SINGLE_FEATURE_ABLATION_LOCAL,ABLATION_CONSISTENCY,3,"[61, 53, 100]",0.3969450027749886,0.34473521030921905,0.05220979246576957,1,False,0.9019948958565275,2.2723422377175773,1,0.0066771901653289644,0.0455326023004406,6.960892141605815,3,BATCH_1_SAVED_SCALER_MEAN,probability,EXECUTED
EXP-XAI-FIDELITY-001,EXP-XAI-0001,MODEL-C3,6,B6:74,1,1,True,CORRECT_REPRESENTATIVE,SINGLE_FEATURE_ABLATION_LOCAL,ABLATION_CONSISTENCY,5,"[61, 53, 100, 108, 74]",0.3969450027749886,0.32421165366408183,0.07273334911090679,1,False,0.8490363505070063,2.138926915747795,1,0.007935280825637298,0.06479806828526949,8.986009609629694,5,BATCH_1_SAVED_SCALER_MEAN,probability,EXECUTED
EXP-XAI-FIDELITY-001,EXP-XAI-0001,MODEL-C3,6,B6:74,1,1,True,CORRECT_REPRESENTATIVE,SINGLE_FEATURE_ABLATION_LOCAL,ABLATION_CONSISTENCY,10,"[61, 53, 100, 108, 74, 10, 66, 2, 44, 36]",0.3969450027749886,0.24458561589474315,0.15235938688024547,2,True,0.5858736488725199,1.4759567314785595,1,0.00515397488438916,0.14720541199585632,11.840310549670356,10,BATCH_1_SAVED_SCALER_MEAN,probability,EXECUTED
EXP-XAI-FIDELITY-001,EXP-XAI-0001,MODEL-C3,6,B6:139,1,1,True,NEAR_DECISION_BOUNDARY,SINGLE_FEATURE_ABLATION_LOCAL,ABLATION_CONSISTENCY,1,[117],0.2984665672361468,0.3207000409646312,-0.022233473728484388,1,False,0.9173835820432995,3.0736560899883485,1,-0.0013618767583664334,-0.020871596970117954,3.394600709664964,1,BATCH_1_SAVED_SCALER_MEAN,probability,EXECUTED
EXP-XAI-FIDELITY-001,EXP-XAI-0001,MODEL-C3,6,B6:139,1,1,True,NEAR_DECISION_BOUNDARY,SINGLE_FEATURE_ABLATION_LOCAL,ABLATION_CONSISTENCY,3,"[117, 125, 60]",0.2984665672361468,0.35913713942424,-0.06067057218809324,1,False,0.8946548435906438,2.9975043834065103,1,-0.006458314484361579,-0.05421225770373166,5.917619931026433,3,BATCH_1_SAVED_SCALER_MEAN,probability,EXECUTED
EXP-XAI-FIDELITY-001,EXP-XAI-0001,MODEL-C3,6,B6:139,1,1,True,NEAR_DECISION_BOUNDARY,SINGLE_FEATURE_ABLATION_LOCAL,ABLATION_CONSISTENCY,5,"[117, 125, 60, 52, 100]",0.2984665672361468,0.36152496595959555,-0.06305839872344876,1,False,0.8617968703608893,2.887415090880298,1,-0.01033262065104515,-0.05272577807240361,8.378983182803331,5,BATCH_1_SAVED_SCALER_MEAN,probability,EXECUTED
EXP-XAI-FIDELITY-001,EXP-XAI-0001,MODEL-C3,6,B6:139,1,1,True,NEAR_DECISION_BOUNDARY,SINGLE_FEATURE_ABLATION_LOCAL,ABLATION_CONSISTENCY,10,"[117, 125, 60, 52, 100, 108, 20, 61, 28, 116]",0.2984665672361468,0.4031599488235726,-0.1046933815874258,1,False,0.7292861873771578,2.443443478880991,1,-0.017996517581610583,-0.08669686400581522,10.878659256913595,10,BATCH_1_SAVED_SCALER_MEAN,probability,EXECUTED
EXP-XAI-FIDELITY-001,EXP-XAI-0001,MODEL-C3,6,B6:488,3,3,True,CORRECT_REPRESENTATIVE,SINGLE_FEATURE_ABLATION_LOCAL,ABLATION_CONSISTENCY,1,[40],0.6041548870049461,0.4682159294285164,0.1359389575764297,3,False,0.032704994518503505,0.05413346018044501,1,0.012976785580331319,0.1229621719960984,0.896820675659395,1,BATCH_1_SAVED_SCALER_MEAN,probability,EXECUTED
EXP-XAI-FIDELITY-001,EXP-XAI-0001,MODEL-C3,6,B6:488,3,3,True,CORRECT_REPRESENTATIVE,SINGLE_FEATURE_ABLATION_LOCAL,ABLATION_CONSISTENCY,3,"[40, 25, 89]",0.6041548870049461,0.6876551458525483,-0.08350025884760215,3,False,0.018284820958182815,0.030265121331432877,1,0.03241440331646446,-0.11591466216406661,1.2009884061636962,3,BATCH_1_SAVED_SCALER_MEAN,probability,EXECUTED
EXP-XAI-FIDELITY-001,EXP-XAI-0001,MODEL-C3,6,B6:488,3,3,True,CORRECT_REPRESENTATIVE,SINGLE_FEATURE_ABLATION_LOCAL,ABLATION_CONSISTENCY,5,"[40, 25, 89, 50, 81]",0.6041548870049461,0.6898470370319691,-0.08569215002702302,3,False,0.019975759110633633,0.033063970084992615,1,0.05281532291202417,-0.1385074729390472,1.728496753649004,5,BATCH_1_SAVED_SCALER_MEAN,probability,EXECUTED
EXP-XAI-FIDELITY-001,EXP-XAI-0001,MODEL-C3,6,B6:488,3,3,True,CORRECT_REPRESENTATIVE,SINGLE_FEATURE_ABLATION_LOCAL,ABLATION_CONSISTENCY,10,"[40, 25, 89, 50, 81, 17, 58, 33, 90, 34]",0.6041548870049461,0.8408535598092449,-0.2366986728042988,3,False,0.01593033894228397,0.026367971665771775,1,0.11723134194452696,-0.35393001474882574,3.0256919661946826,10,BATCH_1_SAVED_SCALER_MEAN,probability,EXECUTED
EXP-XAI-FIDELITY-001,EXP-XAI-0001,MODEL-C3,6,B6:708,1,2,False,NEAR_DECISION_BOUNDARY,SINGLE_FEATURE_ABLATION_LOCAL,ABLATION_CONSISTENCY,1,[10],0.35909286599150525,0.43011916332866507,-0.07102629733715982,2,False,0.007915128226053393,0.022042009117052844,1,0.007159701989012677,-0.0781859993261725,3.25468658013106,1,BATCH_1_SAVED_SCALER_MEAN,probability,EXECUTED
EXP-XAI-FIDELITY-001,EXP-XAI-0001,MODEL-C3,6,B6:708,1,2,False,NEAR_DECISION_BOUNDARY,SINGLE_FEATURE_ABLATION_LOCAL,ABLATION_CONSISTENCY,3,"[10, 2, 117]",0.35909286599150525,0.42825321493084445,-0.0691603489393392,2,False,0.012015216802574582,0.03345991508185188,1,0.011925903076854557,-0.08108625201619375,5.4681366248809855,3,BATCH_1_SAVED_SCALER_MEAN,probability,EXECUTED
EXP-XAI-FIDELITY-001,EXP-XAI-0001,MODEL-C3,6,B6:708,1,2,False,NEAR_DECISION_BOUNDARY,SINGLE_FEATURE_ABLATION_LOCAL,ABLATION_CONSISTENCY,5,"[10, 2, 117, 116, 52]",0.35909286599150525,0.3289405339303654,0.030152332061139875,2,False,0.018507592864913974,0.05153985115747688,1,0.02327282051474772,0.006879511546392155,7.034963832939569,5,BATCH_1_SAVED_SCALER_MEAN,probability,EXECUTED
EXP-XAI-FIDELITY-001,EXP-XAI-0001,MODEL-C3,6,B6:708,1,2,False,NEAR_DECISION_BOUNDARY,SINGLE_FEATURE_ABLATION_LOCAL,ABLATION_CONSISTENCY,10,"[10, 2, 117, 116, 52, 60, 125, 124, 66, 20]",0.35909286599150525,0.23388479849496568,0.12520806749653957,1,True,0.05058014138312887,0.14085532232301548,1,0.044796731640700485,0.08041133585583908,9.686500565935019,10,BATCH_1_SAVED_SCALER_MEAN,probability,EXECUTED
EXP-XAI-FIDELITY-001,EXP-XAI-0001,MODEL-C3,6,B6:1391,5,1,False,NEAR_DECISION_BOUNDARY,SINGLE_FEATURE_ABLATION_LOCAL,ABLATION_CONSISTENCY,1,[40],0.41784049432114073,0.5779011206446809,-0.16006062632354018,1,False,0.903288966127867,2.1618033158691983,1,-0.01420760910305713,-0.14585301722048305,1.3439638610366667,1,BATCH_1_SAVED_SCALER_MEAN,probability,EXECUTED
EXP-XAI-FIDELITY-001,EXP-XAI-0001,MODEL-C3,6,B6:1391,5,1,False,NEAR_DECISION_BOUNDARY,SINGLE_FEATURE_ABLATION_LOCAL,ABLATION_CONSISTENCY,3,"[40, 25, 37]",0.41784049432114073,0.5780773439360017,-0.160236849614861,1,False,0.9010988893371255,2.156561897623464,1,-0.027529160528725293,-0.13270768908613573,1.7948505207361478,3,BATCH_1_SAVED_SCALER_MEAN,probability,EXECUTED
EXP-XAI-FIDELITY-001,EXP-XAI-0001,MODEL-C3,6,B6:1391,5,1,False,NEAR_DECISION_BOUNDARY,SINGLE_FEATURE_ABLATION_LOCAL,ABLATION_CONSISTENCY,5,"[40, 25, 37, 50, 89]",0.41784049432114073,0.5970046979567434,-0.17916420363560265,1,False,0.8932586734208925,2.1377982401446194,1,-0.012273360704653862,-0.16689084293094877,2.102282174496668,5,BATCH_1_SAVED_SCALER_MEAN,probability,EXECUTED
EXP-XAI-FIDELITY-001,EXP-XAI-0001,MODEL-C3,6,B6:1391,5,1,False,NEAR_DECISION_BOUNDARY,SINGLE_FEATURE_ABLATION_LOCAL,ABLATION_CONSISTENCY,10,"[40, 25, 37, 50, 89, 90, 81, 58, 34, 41]",0.41784049432114073,0.4859462544997112,-0.06810576017857045,1,False,0.8825778667979068,2.1122363169510847,1,-0.09123916284891331,0.023133402670342862,3.06461486313328,10,BATCH_1_SAVED_SCALER_MEAN,probability,EXECUTED
EXP-XAI-FIDELITY-001,EXP-XAI-0001,MODEL-C3,6,B6:1465,5,3,False,NEAR_DECISION_BOUNDARY,SINGLE_FEATURE_ABLATION_LOCAL,ABLATION_CONSISTENCY,1,[25],0.3840675673210261,0.5671015419622121,-0.18303397464118598,3,False,0.01427299414643347,0.03716271656571113,1,0.002647621611901039,-0.18568159625308703,0.8814124426969989,1,BATCH_1_SAVED_SCALER_MEAN,probability,EXECUTED
EXP-XAI-FIDELITY-001,EXP-XAI-0001,MODEL-C3,6,B6:1465,5,3,False,NEAR_DECISION_BOUNDARY,SINGLE_FEATURE_ABLATION_LOCAL,ABLATION_CONSISTENCY,3,"[25, 89, 40]",0.3840675673210261,0.5914172431294104,-0.20734967580838426,3,False,0.01529980503870018,0.03983623284158152,1,0.0342023552470796,-0.24155203105546386,1.6751812300316498,3,BATCH_1_SAVED_SCALER_MEAN,probability,EXECUTED
EXP-XAI-FIDELITY-001,EXP-XAI-0001,MODEL-C3,6,B6:1465,5,3,False,NEAR_DECISION_BOUNDARY,SINGLE_FEATURE_ABLATION_LOCAL,ABLATION_CONSISTENCY,5,"[25, 89, 40, 81, 17]",0.3840675673210261,0.796132599651058,-0.4120650323300319,3,False,0.00946895584883148,0.024654401085933857,1,0.019373150638279657,-0.43143818296831155,2.060607211519611,5,BATCH_1_SAVED_SCALER_MEAN,probability,EXECUTED
EXP-XAI-FIDELITY-001,EXP-XAI-0001,MODEL-C3,6,B6:1465,5,3,False,NEAR_DECISION_BOUNDARY,SINGLE_FEATURE_ABLATION_LOCAL,ABLATION_CONSISTENCY,10,"[25, 89, 40, 81, 17, 90, 113, 121, 33, 50]",0.3840675673210261,0.9034902332101152,-0.5194226658890891,3,False,0.008260794064304088,0.021508699945494834,1,0.029696249776708407,-0.5491189156657975,3.1164968583724093,10,BATCH_1_SAVED_SCALER_MEAN,probability,EXECUTED
EXP-XAI-FIDELITY-001,EXP-XAI-0001,MODEL-C3,6,B6:1537,5,3,False,NEAR_DECISION_BOUNDARY,SINGLE_FEATURE_ABLATION_LOCAL,ABLATION_CONSISTENCY,1,[40],0.36475864231342464,0.20768925292488855,0.1570693893885361,1,True,0.03827221620074576,0.10492476876767118,1,0.01390295149477937,0.14316643789375672,1.2327418429118393,1,BATCH_1_SAVED_SCALER_MEAN,probability,EXECUTED
EXP-XAI-FIDELITY-001,EXP-XAI-0001,MODEL-C3,6,B6:1537,5,3,False,NEAR_DECISION_BOUNDARY,SINGLE_FEATURE_ABLATION_LOCAL,ABLATION_CONSISTENCY,3,"[40, 25, 89]",0.36475864231342464,0.5719065400132056,-0.20714789769978098,3,False,0.015688426245754096,0.04301043053086476,1,0.01512604813573371,-0.22227394583551469,1.7845045493011045,3,BATCH_1_SAVED_SCALER_MEAN,probability,EXECUTED
EXP-XAI-FIDELITY-001,EXP-XAI-0001,MODEL-C3,6,B6:1537,5,3,False,NEAR_DECISION_BOUNDARY,SINGLE_FEATURE_ABLATION_LOCAL,ABLATION_CONSISTENCY,5,"[40, 25, 89, 81, 17]",0.36475864231342464,0.7835372618667841,-0.41877861955335943,3,False,0.00955540674125315,0.02619651910274004,1,0.027739936053623914,-0.44651855560698334,2.176640793482443,5,BATCH_1_SAVED_SCALER_MEAN,probability,EXECUTED
EXP-XAI-FIDELITY-001,EXP-XAI-0001,MODEL-C3,6,B6:1537,5,3,False,NEAR_DECISION_BOUNDARY,SINGLE_FEATURE_ABLATION_LOCAL,ABLATION_CONSISTENCY,10,"[40, 25, 89, 81, 17, 50, 113, 121, 58, 122]",0.36475864231342464,0.787690230906215,-0.4229315885927904,3,False,0.015787751489744276,0.043282734549106035,1,0.007062820863708889,-0.4299944094564993,3.1883424495568398,10,BATCH_1_SAVED_SCALER_MEAN,probability,EXECUTED
EXP-XAI-FIDELITY-001,EXP-XAI-0001,MODEL-C3,10,B10:0,4,1,False,MISCLASSIFIED,SINGLE_FEATURE_ABLATION_LOCAL,ABLATION_CONSISTENCY,1,[57],0.7039140211277931,0.7804559860499887,-0.07654196492219556,1,False,0.9293245888946843,1.320224574310573,1,-0.014854911717222752,-0.06168705320497281,1.3729347601323387,1,BATCH_1_SAVED_SCALER_MEAN,probability,EXECUTED
EXP-XAI-FIDELITY-001,EXP-XAI-0001,MODEL-C3,10,B10:0,4,1,False,MISCLASSIFIED,SINGLE_FEATURE_ABLATION_LOCAL,ABLATION_CONSISTENCY,3,"[57, 66, 74]",0.7039140211277931,0.643738725091109,0.060175296036684145,1,False,0.9360408114776892,1.329765828471478,1,-0.03314680340237029,0.09332209943905444,1.4883128569133082,3,BATCH_1_SAVED_SCALER_MEAN,probability,EXECUTED
EXP-XAI-FIDELITY-001,EXP-XAI-0001,MODEL-C3,10,B10:0,4,1,False,MISCLASSIFIED,SINGLE_FEATURE_ABLATION_LOCAL,ABLATION_CONSISTENCY,5,"[57, 66, 74, 42, 34]",0.7039140211277931,0.7901118599202177,-0.0861978387924246,1,False,0.9226703755423938,1.3107714122018976,1,-0.03538799352588498,-0.050809845266539616,2.4481158618745793,5,BATCH_1_SAVED_SCALER_MEAN,probability,EXECUTED
EXP-XAI-FIDELITY-001,EXP-XAI-0001,MODEL-C3,10,B10:0,4,1,False,MISCLASSIFIED,SINGLE_FEATURE_ABLATION_LOCAL,ABLATION_CONSISTENCY,10,"[57, 66, 74, 42, 34, 49, 104, 50, 58, 114]",0.7039140211277931,0.9431147656963949,-0.23920074456860174,1,False,0.8661349646278607,1.230455621895642,1,-0.12574604456271635,-0.1134547000058854,3.584823021252723,10,BATCH_1_SAVED_SCALER_MEAN,probability,EXECUTED
EXP-XAI-FIDELITY-001,EXP-XAI-0001,MODEL-C3,10,B10:1,3,1,False,MISCLASSIFIED,SINGLE_FEATURE_ABLATION_LOCAL,ABLATION_CONSISTENCY,1,[25],0.7203163746903624,0.5383865793890679,0.1819297953012945,1,False,0.937372637498389,1.30133462244466,1,0.0009273988029130598,0.18100239649838143,1.4326783623081225,1,BATCH_1_SAVED_SCALER_MEAN,probability,EXECUTED
EXP-XAI-FIDELITY-001,EXP-XAI-0001,MODEL-C3,10,B10:1,3,1,False,MISCLASSIFIED,SINGLE_FEATURE_ABLATION_LOCAL,ABLATION_CONSISTENCY,3,"[25, 26, 82]",0.7203163746903624,0.2368207768019923,0.48349559788837004,2,True,0.9259426583062502,1.2854666238904802,1,-0.01786159715946973,0.5013571950478398,2.3872064744697257,3,BATCH_1_SAVED_SCALER_MEAN,probability,EXECUTED
EXP-XAI-FIDELITY-001,EXP-XAI-0001,MODEL-C3,10,B10:1,3,1,False,MISCLASSIFIED,SINGLE_FEATURE_ABLATION_LOCAL,ABLATION_CONSISTENCY,5,"[25, 26, 82, 81, 90]",0.7203163746903624,0.09141453921337864,0.6289018354769838,3,True,0.9134163767413878,1.2680766519212228,1,0.03829052402069298,0.5906113114562908,3.178894029283561,5,BATCH_1_SAVED_SCALER_MEAN,probability,EXECUTED
EXP-XAI-FIDELITY-001,EXP-XAI-0001,MODEL-C3,10,B10:1,3,1,False,MISCLASSIFIED,SINGLE_FEATURE_ABLATION_LOCAL,ABLATION_CONSISTENCY,10,"[25, 26, 82, 81, 90, 89, 18, 17, 114, 106]",0.7203163746903624,0.01336608638142469,0.7069502883089377,3,True,0.8406700514625413,1.1670844659388933,1,0.05725703056930899,0.6496932577396287,4.548665758799293,10,BATCH_1_SAVED_SCALER_MEAN,probability,EXECUTED
EXP-XAI-FIDELITY-001,EXP-XAI-0001,MODEL-C3,10,B10:2,4,1,False,MISCLASSIFIED,SINGLE_FEATURE_ABLATION_LOCAL,ABLATION_CONSISTENCY,1,[10],0.889616181247514,0.9124315314363264,-0.022815350188812422,1,False,0.8642474148987824,0.9714834701936775,1,-5.77153393620892e-05,-0.022757634849450332,2.888354922438663,1,BATCH_1_SAVED_SCALER_MEAN,probability,EXECUTED
EXP-XAI-FIDELITY-001,EXP-XAI-0001,MODEL-C3,10,B10:2,4,1,False,MISCLASSIFIED,SINGLE_FEATURE_ABLATION_LOCAL,ABLATION_CONSISTENCY,3,"[10, 66, 74]",0.889616181247514,0.916521693038984,-0.02690551179147005,1,False,0.6713064045784845,0.7546022866143325,1,0.0006596804777418641,-0.027565192269211912,3.6673071476822456,3,BATCH_1_SAVED_SCALER_MEAN,probability,EXECUTED
EXP-XAI-FIDELITY-001,EXP-XAI-0001,MODEL-C3,10,B10:2,4,1,False,MISCLASSIFIED,SINGLE_FEATURE_ABLATION_LOCAL,ABLATION_CONSISTENCY,5,"[10, 66, 74, 2, 101]",0.889616181247514,0.9065474542026947,-0.01693127295518071,1,False,0.6434518242619667,0.7232915023641436,1,0.0007121772191755878,-0.017643450174356298,4.706702282221525,5,BATCH_1_SAVED_SCALER_MEAN,probability,EXECUTED
EXP-XAI-FIDELITY-001,EXP-XAI-0001,MODEL-C3,10,B10:2,4,1,False,MISCLASSIFIED,SINGLE_FEATURE_ABLATION_LOCAL,ABLATION_CONSISTENCY,10,"[10, 66, 74, 2, 101, 100, 109, 112, 108, 128]",0.889616181247514,0.9020289836354016,-0.012412802387887667,1,False,0.7398316323944119,0.8316301434141425,1,-0.0015254473319697573,-0.01088735505591791,5.685386561421438,10,BATCH_1_SAVED_SCALER_MEAN,probability,EXECUTED
EXP-XAI-FIDELITY-001,EXP-XAI-0001,MODEL-C3,10,B10:3,3,2,False,"MISCLASSIFIED,NEAR_DECISION_BOUNDARY",SINGLE_FEATURE_ABLATION_LOCAL,ABLATION_CONSISTENCY,1,[10],0.45391781370713574,0.2913039834365658,0.16261383027056991,1,True,0.010436891894614506,0.02299291100601817,1,0.03100971575978373,0.13160411451078619,0.9472422566192887,1,BATCH_1_SAVED_SCALER_MEAN,probability,EXECUTED
EXP-XAI-FIDELITY-001,EXP-XAI-0001,MODEL-C3,10,B10:3,3,2,False,"MISCLASSIFIED,NEAR_DECISION_BOUNDARY",SINGLE_FEATURE_ABLATION_LOCAL,ABLATION_CONSISTENCY,3,"[10, 2, 66]",0.45391781370713574,0.10497996771793468,0.3489378459892011,1,True,0.020928430610425864,0.04610621125331892,1,0.04809227132365422,0.30084557466554684,1.7022751942329273,3,BATCH_1_SAVED_SCALER_MEAN,probability,EXECUTED
EXP-XAI-FIDELITY-001,EXP-XAI-0001,MODEL-C3,10,B10:3,3,2,False,"MISCLASSIFIED,NEAR_DECISION_BOUNDARY",SINGLE_FEATURE_ABLATION_LOCAL,ABLATION_CONSISTENCY,5,"[10, 2, 66, 74, 114]",0.45391781370713574,0.09789920149656331,0.3560186122105724,1,True,0.024852665888896657,0.05475146631925621,1,0.04877470708438015,0.30724390512619226,2.206269167425483,5,BATCH_1_SAVED_SCALER_MEAN,probability,EXECUTED
EXP-XAI-FIDELITY-001,EXP-XAI-0001,MODEL-C3,10,B10:3,3,2,False,"MISCLASSIFIED,NEAR_DECISION_BOUNDARY",SINGLE_FEATURE_ABLATION_LOCAL,ABLATION_CONSISTENCY,10,"[10, 2, 66, 74, 114, 106, 105, 98, 58, 122]",0.45391781370713574,0.06337127664393118,0.3905465370632046,1,True,0.030439189735642597,0.06705881288739579,1,0.10750288549444588,0.2830436515687587,3.312921784478199,10,BATCH_1_SAVED_SCALER_MEAN,probability,EXECUTED
EXP-XAI-FIDELITY-001,EXP-XAI-0001,MODEL-C3,10,B10:4,4,1,False,MISCLASSIFIED,SINGLE_FEATURE_ABLATION_LOCAL,ABLATION_CONSISTENCY,1,[10],0.8734074134495919,0.9256606283157989,-0.05225321486620693,1,False,0.900243182326407,1.0307253733636461,1,0.0005255747962652972,-0.05277878966247223,1.8220321135243398,1,BATCH_1_SAVED_SCALER_MEAN,probability,EXECUTED
EXP-XAI-FIDELITY-001,EXP-XAI-0001,MODEL-C3,10,B10:4,4,1,False,MISCLASSIFIED,SINGLE_FEATURE_ABLATION_LOCAL,ABLATION_CONSISTENCY,3,"[10, 74, 66]",0.8734074134495919,0.9563120695108924,-0.08290465606130049,1,False,0.8324806974245621,0.9531413228296443,1,-0.005715874843788345,-0.07718878121751215,2.218786482359094,3,BATCH_1_SAVED_SCALER_MEAN,probability,EXECUTED
EXP-XAI-FIDELITY-001,EXP-XAI-0001,MODEL-C3,10,B10:4,4,1,False,MISCLASSIFIED,SINGLE_FEATURE_ABLATION_LOCAL,ABLATION_CONSISTENCY,5,"[10, 74, 66, 101, 2]",0.8734074134495919,0.9567454482374926,-0.0833380347879007,1,False,0.8252655041392243,0.9448803518621083,1,-0.0032041872507383956,-0.0801338475371623,3.1982952218695733,5,BATCH_1_SAVED_SCALER_MEAN,probability,EXECUTED
EXP-XAI-FIDELITY-001,EXP-XAI-0001,MODEL-C3,10,B10:4,4,1,False,MISCLASSIFIED,SINGLE_FEATURE_ABLATION_LOCAL,ABLATION_CONSISTENCY,10,"[10, 74, 66, 101, 2, 109, 112, 104, 73, 9]",0.8734074134495919,0.964900212235,-0.09149279878540806,1,False,0.8589618830501091,0.9834607192736903,1,-0.010553424449151942,-0.08093937433625611,3.8793673902055805,10,BATCH_1_SAVED_SCALER_MEAN,probability,EXECUTED
EXP-XAI-FIDELITY-001,EXP-XAI-0001,MODEL-C3,10,B10:9,3,3,True,CORRECT_REPRESENTATIVE,SINGLE_FEATURE_ABLATION_LOCAL,ABLATION_CONSISTENCY,1,[40],0.9033614002888195,0.8406057236772253,0.0627556766115942,3,False,0.05727777423958822,0.06340516012890918,1,0.002378878912256895,0.060376797699337306,2.073743721111051,1,BATCH_1_SAVED_SCALER_MEAN,probability,EXECUTED
EXP-XAI-FIDELITY-001,EXP-XAI-0001,MODEL-C3,10,B10:9,3,3,True,CORRECT_REPRESENTATIVE,SINGLE_FEATURE_ABLATION_LOCAL,ABLATION_CONSISTENCY,3,"[40, 25, 10]",0.9033614002888195,0.771201708230919,0.13215969205790046,3,False,0.1039266302140951,0.11504435564865627,1,0.010632057731039509,0.12152763432686095,2.301276987703503,3,BATCH_1_SAVED_SCALER_MEAN,probability,EXECUTED
EXP-XAI-FIDELITY-001,EXP-XAI-0001,MODEL-C3,10,B10:9,3,3,True,CORRECT_REPRESENTATIVE,SINGLE_FEATURE_ABLATION_LOCAL,ABLATION_CONSISTENCY,5,"[40, 25, 10, 66, 74]",0.9033614002888195,0.7022739627107757,0.20108743757804382,3,False,0.158461701066274,0.17541340709887668,1,0.016949159614308255,0.18413827796373555,2.56174508901382,5,BATCH_1_SAVED_SCALER_MEAN,probability,EXECUTED
EXP-XAI-FIDELITY-001,EXP-XAI-0001,MODEL-C3,10,B10:9,3,3,True,CORRECT_REPRESENTATIVE,SINGLE_FEATURE_ABLATION_LOCAL,ABLATION_CONSISTENCY,10,"[40, 25, 10, 66, 74, 2, 37, 122, 114, 33]",0.9033614002888195,0.5283124464148441,0.3750489538739754,3,False,0.32121259442894673,0.3555748500281834,1,0.04190587300314316,0.3331430808708322,3.193944606492507,10,BATCH_1_SAVED_SCALER_MEAN,probability,EXECUTED
EXP-XAI-FIDELITY-001,EXP-XAI-0001,MODEL-C3,10,B10:11,3,3,True,CORRECT_REPRESENTATIVE,SINGLE_FEATURE_ABLATION_LOCAL,ABLATION_CONSISTENCY,1,[40],0.7392674381166575,0.6025165777631957,0.13675086035346184,3,False,0.040987837284361416,0.05544385586463971,1,0.010303975438874043,0.1264468849145878,1.3771994563372068,1,BATCH_1_SAVED_SCALER_MEAN,probability,EXECUTED
EXP-XAI-FIDELITY-001,EXP-XAI-0001,MODEL-C3,10,B10:11,3,3,True,CORRECT_REPRESENTATIVE,SINGLE_FEATURE_ABLATION_LOCAL,ABLATION_CONSISTENCY,3,"[40, 10, 81]",0.7392674381166575,0.6101663021209014,0.12910113599575612,3,False,0.040981356109867965,0.05543508884182864,1,0.031589942338062275,0.09751119365769384,1.8020832345876825,3,BATCH_1_SAVED_SCALER_MEAN,probability,EXECUTED
EXP-XAI-FIDELITY-001,EXP-XAI-0001,MODEL-C3,10,B10:11,3,3,True,CORRECT_REPRESENTATIVE,SINGLE_FEATURE_ABLATION_LOCAL,ABLATION_CONSISTENCY,5,"[40, 10, 81, 37, 66]",0.7392674381166575,0.47794423416027176,0.26132320395638575,1,True,0.07221574874803825,0.09768555332561868,1,0.03333014067414826,0.2279930632822375,2.3790088408226304,5,BATCH_1_SAVED_SCALER_MEAN,probability,EXECUTED
EXP-XAI-FIDELITY-001,EXP-XAI-0001,MODEL-C3,10,B10:11,3,3,True,CORRECT_REPRESENTATIVE,SINGLE_FEATURE_ABLATION_LOCAL,ABLATION_CONSISTENCY,10,"[40, 10, 81, 37, 66, 50, 74, 2, 112, 113]",0.7392674381166575,0.30545155786807227,0.43381588024858525,1,True,0.15339666950381523,0.20749820916582695,1,0.06536701999066437,0.3684488602579209,3.444479696779094,10,BATCH_1_SAVED_SCALER_MEAN,probability,EXECUTED
EXP-XAI-FIDELITY-001,EXP-XAI-0001,MODEL-C3,10,B10:120,6,6,True,CORRECT_REPRESENTATIVE,SINGLE_FEATURE_ABLATION_LOCAL,ABLATION_CONSISTENCY,1,[74],0.3117005430782841,0.49127372429567506,-0.17957318121739096,6,False,0.0034970148924840325,0.011219149180647245,1,0.019489471576105165,-0.19906265279349614,1.1011649601083466,1,BATCH_1_SAVED_SCALER_MEAN,probability,EXECUTED
EXP-XAI-FIDELITY-001,EXP-XAI-0001,MODEL-C3,10,B10:120,6,6,True,CORRECT_REPRESENTATIVE,SINGLE_FEATURE_ABLATION_LOCAL,ABLATION_CONSISTENCY,3,"[74, 66, 104]",0.3117005430782841,0.5487218469381858,-0.23702130385990172,6,False,0.00344667049937377,0.011057633924327598,1,0.05447278204557418,-0.2914940859054759,1.9297878111760276,3,BATCH_1_SAVED_SCALER_MEAN,probability,EXECUTED
EXP-XAI-FIDELITY-001,EXP-XAI-0001,MODEL-C3,10,B10:120,6,6,True,CORRECT_REPRESENTATIVE,SINGLE_FEATURE_ABLATION_LOCAL,ABLATION_CONSISTENCY,5,"[74, 66, 104, 10, 112]",0.3117005430782841,0.624526347580432,-0.3128258045021479,6,False,0.0036963407525571956,0.011858627887051366,1,0.05291321446107102,-0.3657390189632189,2.4825344209154636,5,BATCH_1_SAVED_SCALER_MEAN,probability,EXECUTED
EXP-XAI-FIDELITY-001,EXP-XAI-0001,MODEL-C3,10,B10:120,6,6,True,CORRECT_REPRESENTATIVE,SINGLE_FEATURE_ABLATION_LOCAL,ABLATION_CONSISTENCY,10,"[74, 66, 104, 10, 112, 2, 42, 34, 106, 122]",0.3117005430782841,0.41693721167147235,-0.10523666859318825,6,False,0.005276900660645177,0.016929391936670046,1,0.1130503775022512,-0.21828704609543947,4.326133844716232,10,BATCH_1_SAVED_SCALER_MEAN,probability,EXECUTED
EXP-XAI-FIDELITY-001,EXP-XAI-0001,MODEL-C3,10,B10:129,2,2,True,CORRECT_REPRESENTATIVE,SINGLE_FEATURE_ABLATION_LOCAL,ABLATION_CONSISTENCY,1,[117],0.6386826798400084,0.5618025233551169,0.07688015648489144,2,False,0.010417226124246753,0.016310487904347578,1,0.013302326666967205,0.06357782981792423,3.3301190517563666,1,BATCH_1_SAVED_SCALER_MEAN,probability,EXECUTED
EXP-XAI-FIDELITY-001,EXP-XAI-0001,MODEL-C3,10,B10:129,2,2,True,CORRECT_REPRESENTATIVE,SINGLE_FEATURE_ABLATION_LOCAL,ABLATION_CONSISTENCY,3,"[117, 116, 52]",0.6386826798400084,0.42770920610938384,0.21097347373062453,2,False,0.02163271851313118,0.03387083945747555,1,0.04829208405914517,0.16268138967147935,5.69401727762378,3,BATCH_1_SAVED_SCALER_MEAN,probability,EXECUTED
EXP-XAI-FIDELITY-001,EXP-XAI-0001,MODEL-C3,10,B10:129,2,2,True,CORRECT_REPRESENTATIVE,SINGLE_FEATURE_ABLATION_LOCAL,ABLATION_CONSISTENCY,5,"[117, 116, 52, 125, 60]",0.6386826798400084,0.32806862387306945,0.3106140559669389,2,False,0.047210024117070946,0.07391780865092064,1,0.05229218575864498,0.25832187020829395,7.615273280439784,5,BATCH_1_SAVED_SCALER_MEAN,probability,EXECUTED
EXP-XAI-FIDELITY-001,EXP-XAI-0001,MODEL-C3,10,B10:129,2,2,True,CORRECT_REPRESENTATIVE,SINGLE_FEATURE_ABLATION_LOCAL,ABLATION_CONSISTENCY,10,"[117, 116, 52, 125, 60, 124, 20, 84, 88, 28]",0.6386826798400084,0.20426566909076255,0.4344170107492458,1,True,0.15755878576178858,0.24669337487163023,1,0.11497281488787342,0.3194441958613724,9.865252569259301,10,BATCH_1_SAVED_SCALER_MEAN,probability,EXECUTED
EXP-XAI-FIDELITY-001,EXP-XAI-0001,MODEL-C3,10,B10:133,2,2,True,CORRECT_REPRESENTATIVE,SINGLE_FEATURE_ABLATION_LOCAL,ABLATION_CONSISTENCY,1,[117],0.7000598065118391,0.629787972322308,0.07027183418953109,2,False,0.01024742449868966,0.014637927221888522,1,0.011319192089541482,0.058952642099989606,3.2497776924613784,1,BATCH_1_SAVED_SCALER_MEAN,probability,EXECUTED
EXP-XAI-FIDELITY-001,EXP-XAI-0001,MODEL-C3,10,B10:133,2,2,True,CORRECT_REPRESENTATIVE,SINGLE_FEATURE_ABLATION_LOCAL,ABLATION_CONSISTENCY,3,"[117, 52, 116]",0.7000598065118391,0.49756096605763733,0.20249884045420175,2,False,0.020739680267899043,0.02962558352155346,1,0.026135631264535927,0.1763632091896658,5.567764321161835,3,BATCH_1_SAVED_SCALER_MEAN,probability,EXECUTED
EXP-XAI-FIDELITY-001,EXP-XAI-0001,MODEL-C3,10,B10:133,2,2,True,CORRECT_REPRESENTATIVE,SINGLE_FEATURE_ABLATION_LOCAL,ABLATION_CONSISTENCY,5,"[117, 52, 116, 60, 125]",0.7000598065118391,0.38741157591856346,0.3126482305932756,2,False,0.0457070539605272,0.0652902131151765,1,0.04551987948128837,0.26712835111198724,7.520744655857036,5,BATCH_1_SAVED_SCALER_MEAN,probability,EXECUTED
EXP-XAI-FIDELITY-001,EXP-XAI-0001,MODEL-C3,10,B10:133,2,2,True,CORRECT_REPRESENTATIVE,SINGLE_FEATURE_ABLATION_LOCAL,ABLATION_CONSISTENCY,10,"[117, 52, 116, 60, 125, 124, 20, 84, 88, 28]",0.7000598065118391,0.2343334789735924,0.46572632753824666,1,True,0.16812847999912217,0.2401630238377053,1,0.12050609798590577,0.3452202295523409,10.159508563544248,10,BATCH_1_SAVED_SCALER_MEAN,probability,EXECUTED
EXP-XAI-FIDELITY-001,EXP-XAI-0001,MODEL-C3,10,B10:186,6,6,True,CORRECT_REPRESENTATIVE,SINGLE_FEATURE_ABLATION_LOCAL,ABLATION_CONSISTENCY,1,[74],0.23429514231095888,0.38490136664001723,-0.15060622432905835,6,False,0.003575280110248872,0.015259727858564493,1,0.005840674859111517,-0.15644689918816987,1.0323409253839995,1,BATCH_1_SAVED_SCALER_MEAN,probability,EXECUTED
EXP-XAI-FIDELITY-001,EXP-XAI-0001,MODEL-C3,10,B10:186,6,6,True,CORRECT_REPRESENTATIVE,SINGLE_FEATURE_ABLATION_LOCAL,ABLATION_CONSISTENCY,3,"[74, 66, 10]",0.23429514231095888,0.6856672669722182,-0.45137212466125937,6,False,0.002317007158568495,0.00988926674157563,1,0.025083052473081572,-0.47645517713434093,1.7930193577269509,3,BATCH_1_SAVED_SCALER_MEAN,probability,EXECUTED
EXP-XAI-FIDELITY-001,EXP-XAI-0001,MODEL-C3,10,B10:186,6,6,True,CORRECT_REPRESENTATIVE,SINGLE_FEATURE_ABLATION_LOCAL,ABLATION_CONSISTENCY,5,"[74, 66, 10, 2, 112]",0.23429514231095888,0.7201760714730749,-0.48588092916211606,6,False,0.002668664235885241,0.011390181672411128,1,0.02060466411749112,-0.5064855932796072,2.2134646260554196,5,BATCH_1_SAVED_SCALER_MEAN,probability,EXECUTED
EXP-XAI-FIDELITY-001,EXP-XAI-0001,MODEL-C3,10,B10:186,6,6,True,CORRECT_REPRESENTATIVE,SINGLE_FEATURE_ABLATION_LOCAL,ABLATION_CONSISTENCY,10,"[74, 66, 10, 2, 112, 42, 106, 101, 122, 34]",0.23429514231095888,0.5129703606130971,-0.2786752183021382,6,False,0.0036193189774980992,0.015447691069473829,1,0.09775175095343906,-0.3764269692555773,4.328160547020206,10,BATCH_1_SAVED_SCALER_MEAN,probability,EXECUTED
EXP-XAI-FIDELITY-001,EXP-XAI-0001,MODEL-C3,10,B10:195,2,1,False,NEAR_DECISION_BOUNDARY,SINGLE_FEATURE_ABLATION_LOCAL,ABLATION_CONSISTENCY,1,[40],0.45134575217177053,0.6240024634871668,-0.17265671131539628,1,False,0.8949222355446478,1.9827864364259342,1,-0.019236740890277087,-0.1534199704251192,1.6387521916078434,1,BATCH_1_SAVED_SCALER_MEAN,probability,EXECUTED
EXP-XAI-FIDELITY-001,EXP-XAI-0001,MODEL-C3,10,B10:195,2,1,False,NEAR_DECISION_BOUNDARY,SINGLE_FEATURE_ABLATION_LOCAL,ABLATION_CONSISTENCY,3,"[40, 112, 89]",0.45134575217177053,0.6563410436639583,-0.20499529149218776,1,False,0.8183015122140885,1.8130258416670866,1,-0.032160995756855444,-0.17283429573533232,3.7145151158989016,3,BATCH_1_SAVED_SCALER_MEAN,probability,EXECUTED
EXP-XAI-FIDELITY-001,EXP-XAI-0001,MODEL-C3,10,B10:195,2,1,False,NEAR_DECISION_BOUNDARY,SINGLE_FEATURE_ABLATION_LOCAL,ABLATION_CONSISTENCY,5,"[40, 112, 89, 37, 25]",0.45134575217177053,0.668513421018566,-0.2171676688467955,1,False,0.8172859946206535,1.8107758645961858,1,-0.032741355720742195,-0.18442631312605332,4.0181200627322005,5,BATCH_1_SAVED_SCALER_MEAN,probability,EXECUTED
EXP-XAI-FIDELITY-001,EXP-XAI-0001,MODEL-C3,10,B10:195,2,1,False,NEAR_DECISION_BOUNDARY,SINGLE_FEATURE_ABLATION_LOCAL,ABLATION_CONSISTENCY,10,"[40, 112, 89, 37, 25, 101, 81, 17, 121, 41]",0.45134575217177053,0.3342366717189982,0.11710908045277235,3,True,0.8672111453777925,1.9213898462652517,1,-0.0452450252772908,0.16235410573006315,4.707969084534349,10,BATCH_1_SAVED_SCALER_MEAN,probability,EXECUTED
EXP-XAI-FIDELITY-001,EXP-XAI-0001,MODEL-C3,10,B10:840,1,1,True,CORRECT_REPRESENTATIVE,SINGLE_FEATURE_ABLATION_LOCAL,ABLATION_CONSISTENCY,1,[26],0.9235999920004947,0.8816004848507644,0.04199950714973033,1,False,0.9244175820959147,1.000885220985818,1,0.0003932673024587663,0.04160623984727156,1.427403165943022,1,BATCH_1_SAVED_SCALER_MEAN,probability,EXECUTED
EXP-XAI-FIDELITY-001,EXP-XAI-0001,MODEL-C3,10,B10:840,1,1,True,CORRECT_REPRESENTATIVE,SINGLE_FEATURE_ABLATION_LOCAL,ABLATION_CONSISTENCY,3,"[26, 82, 90]",0.9235999920004947,0.7207997294280373,0.20280026257245742,1,False,0.9094771507115377,0.9847089200830683,1,-0.0035426719091647667,0.2063429344816222,2.555071898293128,3,BATCH_1_SAVED_SCALER_MEAN,probability,EXECUTED
EXP-XAI-FIDELITY-001,EXP-XAI-0001,MODEL-C3,10,B10:840,1,1,True,CORRECT_REPRESENTATIVE,SINGLE_FEATURE_ABLATION_LOCAL,ABLATION_CONSISTENCY,5,"[26, 82, 90, 18, 37]",0.9235999920004947,0.7083342442961743,0.2152657477043204,1,False,0.8783694458825007,0.9510279920855934,1,0.0018701881714634939,0.21339555953285688,3.7165862406691015,5,BATCH_1_SAVED_SCALER_MEAN,probability,EXECUTED
EXP-XAI-FIDELITY-001,EXP-XAI-0001,MODEL-C3,10,B10:840,1,1,True,CORRECT_REPRESENTATIVE,SINGLE_FEATURE_ABLATION_LOCAL,ABLATION_CONSISTENCY,10,"[26, 82, 90, 18, 37, 114, 106, 58, 122, 98]",0.9235999920004947,0.6471925070999884,0.27640748490050626,1,False,0.7125409353574773,0.7714821800876496,1,0.0016730233850776655,0.2747344615154286,4.96924336964893,10,BATCH_1_SAVED_SCALER_MEAN,probability,EXECUTED
EXP-XAI-FIDELITY-001,EXP-XAI-0001,MODEL-C3,10,B10:842,1,1,True,CORRECT_REPRESENTATIVE,SINGLE_FEATURE_ABLATION_LOCAL,ABLATION_CONSISTENCY,1,[37],0.8161005312968457,0.8462926126828737,-0.030192081386028025,1,False,0.8451348935086154,1.0355769431562947,1,0.0013873110715839853,-0.03157939245761201,4.106223690748938,1,BATCH_1_SAVED_SCALER_MEAN,probability,EXECUTED
EXP-XAI-FIDELITY-001,EXP-XAI-0001,MODEL-C3,10,B10:842,1,1,True,CORRECT_REPRESENTATIVE,SINGLE_FEATURE_ABLATION_LOCAL,ABLATION_CONSISTENCY,3,"[37, 100, 108]",0.8161005312968457,0.817346130549286,-0.001245599252440277,1,False,0.8987193132593962,1.1012360350155184,1,0.0009753615507693121,-0.0022209608032095892,5.318777679475132,3,BATCH_1_SAVED_SCALER_MEAN,probability,EXECUTED
EXP-XAI-FIDELITY-001,EXP-XAI-0001,MODEL-C3,10,B10:842,1,1,True,CORRECT_REPRESENTATIVE,SINGLE_FEATURE_ABLATION_LOCAL,ABLATION_CONSISTENCY,5,"[37, 100, 108, 44, 109]",0.8161005312968457,0.803712383434931,0.012388147861914667,1,False,0.904835010488108,1.1087298387739761,1,0.004384142660589115,0.008004005201325552,6.3048380833148,5,BATCH_1_SAVED_SCALER_MEAN,probability,EXECUTED
EXP-XAI-FIDELITY-001,EXP-XAI-0001,MODEL-C3,10,B10:842,1,1,True,CORRECT_REPRESENTATIVE,SINGLE_FEATURE_ABLATION_LOCAL,ABLATION_CONSISTENCY,10,"[37, 100, 108, 44, 109, 53, 61, 120, 56, 64]",0.8161005312968457,0.7887761346422952,0.027324396654550442,1,False,0.9031947465139692,1.1067199589721186,1,0.006551415060611735,0.020772981593938707,6.726270553069203,10,BATCH_1_SAVED_SCALER_MEAN,probability,EXECUTED
EXP-XAI-FIDELITY-001,EXP-XAI-0001,MODEL-C3,10,B10:1323,5,5,True,CORRECT_REPRESENTATIVE,SINGLE_FEATURE_ABLATION_LOCAL,ABLATION_CONSISTENCY,1,[56],0.2726027170222013,0.2626987883708754,0.009903928651325888,5,False,0.026789916437822577,0.0982745760220752,1,0.001672467766848712,0.008231460884477177,4.614007119205987,1,BATCH_1_SAVED_SCALER_MEAN,probability,EXECUTED
EXP-XAI-FIDELITY-001,EXP-XAI-0001,MODEL-C3,10,B10:1323,5,5,True,CORRECT_REPRESENTATIVE,SINGLE_FEATURE_ABLATION_LOCAL,ABLATION_CONSISTENCY,3,"[56, 64, 72]",0.2726027170222013,0.24844924924400258,0.02415346777819871,3,True,0.13241784308482515,0.48575393719953563,1,0.008049149998885336,0.016104317779313378,9.875242114344628,3,BATCH_1_SAVED_SCALER_MEAN,probability,EXECUTED
EXP-XAI-FIDELITY-001,EXP-XAI-0001,MODEL-C3,10,B10:1323,5,5,True,CORRECT_REPRESENTATIVE,SINGLE_FEATURE_ABLATION_LOCAL,ABLATION_CONSISTENCY,5,"[56, 64, 72, 16, 32]",0.2726027170222013,0.23051876859875228,0.04208394842344901,3,True,0.2533203856076638,0.9292658135429842,5,0.008439121407734151,0.033644827015714855,13.619639170715402,5,BATCH_1_SAVED_SCALER_MEAN,probability,EXECUTED
EXP-XAI-FIDELITY-001,EXP-XAI-0001,MODEL-C3,10,B10:1323,5,5,True,CORRECT_REPRESENTATIVE,SINGLE_FEATURE_ABLATION_LOCAL,ABLATION_CONSISTENCY,10,"[56, 64, 72, 16, 32, 120, 128, 24, 88, 112]",0.2726027170222013,0.2229554689397917,0.049647248082409584,3,True,0.25181971452095314,0.9237608387463154,3,0.01430266896693056,0.03534457911547902,19.876316302960795,10,BATCH_1_SAVED_SCALER_MEAN,probability,EXECUTED
EXP-XAI-FIDELITY-001,EXP-XAI-0001,MODEL-C3,10,B10:1343,5,5,True,CORRECT_REPRESENTATIVE,SINGLE_FEATURE_ABLATION_LOCAL,ABLATION_CONSISTENCY,1,[56],0.2655360213064181,0.25520368744230926,0.010332333864108867,5,False,0.030944093576293366,0.11653444765817704,1,0.002445813552511015,0.007886520311597853,5.2442059233629434,1,BATCH_1_SAVED_SCALER_MEAN,probability,EXECUTED
EXP-XAI-FIDELITY-001,EXP-XAI-0001,MODEL-C3,10,B10:1343,5,5,True,CORRECT_REPRESENTATIVE,SINGLE_FEATURE_ABLATION_LOCAL,ABLATION_CONSISTENCY,3,"[56, 64, 128]",0.2655360213064181,0.24711840025331283,0.018417621053105293,3,True,0.10044153573325348,0.37825954926600297,1,0.0069264797920546425,0.01149114126105065,10.6557435286928,3,BATCH_1_SAVED_SCALER_MEAN,probability,EXECUTED
EXP-XAI-FIDELITY-001,EXP-XAI-0001,MODEL-C3,10,B10:1343,5,5,True,CORRECT_REPRESENTATIVE,SINGLE_FEATURE_ABLATION_LOCAL,ABLATION_CONSISTENCY,5,"[56, 64, 128, 32, 120]",0.2655360213064181,0.24463228742347068,0.020903733882947445,3,True,0.19668165589544834,0.7406967044538392,1,0.01096035114730064,0.009943382735646804,15.15451618933227,5,BATCH_1_SAVED_SCALER_MEAN,probability,EXECUTED
EXP-XAI-FIDELITY-001,EXP-XAI-0001,MODEL-C3,10,B10:1343,5,5,True,CORRECT_REPRESENTATIVE,SINGLE_FEATURE_ABLATION_LOCAL,ABLATION_CONSISTENCY,10,"[56, 64, 128, 32, 120, 24, 16, 112, 72, 104]",0.2655360213064181,0.21903153483142948,0.04650448647498864,3,True,0.24623187099055655,0.9273011992087306,3,0.017808805109503292,0.02869568136548535,19.798240554119854,10,BATCH_1_SAVED_SCALER_MEAN,probability,EXECUTED
EXP-XAI-FIDELITY-001,EXP-XAI-0001,MODEL-C3,10,B10:1711,5,1,False,NEAR_DECISION_BOUNDARY,SINGLE_FEATURE_ABLATION_LOCAL,ABLATION_CONSISTENCY,1,[104],0.3137258223484449,0.44037009778861125,-0.12664427544016632,1,False,0.9198990688699156,2.93217517762441,1,-0.009621404650634342,-0.11702287078953198,1.3258271255864007,1,BATCH_1_SAVED_SCALER_MEAN,probability,EXECUTED
EXP-XAI-FIDELITY-001,EXP-XAI-0001,MODEL-C3,10,B10:1711,5,1,False,NEAR_DECISION_BOUNDARY,SINGLE_FEATURE_ABLATION_LOCAL,ABLATION_CONSISTENCY,3,"[104, 66, 74]",0.3137258223484449,0.2698602096171077,0.04386561273133721,6,True,0.9223204779525126,2.939893410903619,1,-0.04427499228183073,0.08814060501316795,1.5532085896546628,3,BATCH_1_SAVED_SCALER_MEAN,probability,EXECUTED
EXP-XAI-FIDELITY-001,EXP-XAI-0001,MODEL-C3,10,B10:1711,5,1,False,NEAR_DECISION_BOUNDARY,SINGLE_FEATURE_ABLATION_LOCAL,ABLATION_CONSISTENCY,5,"[104, 66, 74, 25, 81]",0.3137258223484449,0.29683235616061576,0.016893466187829165,1,False,0.9491169741018866,3.0253071519491743,1,-0.07006988266510222,0.08696334885293139,2.3643267495265388,5,BATCH_1_SAVED_SCALER_MEAN,probability,EXECUTED
EXP-XAI-FIDELITY-001,EXP-XAI-0001,MODEL-C3,10,B10:1711,5,1,False,NEAR_DECISION_BOUNDARY,SINGLE_FEATURE_ABLATION_LOCAL,ABLATION_CONSISTENCY,10,"[104, 66, 74, 25, 81, 10, 17, 57, 112, 113]",0.3137258223484449,0.21160050096549654,0.10212532138294839,3,True,0.9404579337990363,2.997706490205644,1,-0.13042184530152487,0.23254716668447326,3.3906945423676365,10,BATCH_1_SAVED_SCALER_MEAN,probability,EXECUTED
EXP-XAI-FIDELITY-001,EXP-XAI-0001,MODEL-C3,10,B10:1953,5,5,True,NEAR_DECISION_BOUNDARY,SINGLE_FEATURE_ABLATION_LOCAL,ABLATION_CONSISTENCY,1,[16],0.30257581538010436,0.26550161198110217,0.03707420339900219,5,False,0.1161198958430975,0.3837712399360946,1,0.00434057593024972,0.03273362746875247,8.108864311685828,1,BATCH_1_SAVED_SCALER_MEAN,probability,EXECUTED
EXP-XAI-FIDELITY-001,EXP-XAI-0001,MODEL-C3,10,B10:1953,5,5,True,NEAR_DECISION_BOUNDARY,SINGLE_FEATURE_ABLATION_LOCAL,ABLATION_CONSISTENCY,3,"[16, 72, 24]",0.30257581538010436,0.22260056172370654,0.07997525365639782,1,True,0.2331934442207507,0.7706942603056575,5,0.010569416481033985,0.06940583717536383,12.160397224428328,3,BATCH_1_SAVED_SCALER_MEAN,probability,EXECUTED
EXP-XAI-FIDELITY-001,EXP-XAI-0001,MODEL-C3,10,B10:1953,5,5,True,NEAR_DECISION_BOUNDARY,SINGLE_FEATURE_ABLATION_LOCAL,ABLATION_CONSISTENCY,5,"[16, 72, 24, 96, 56]",0.30257581538010436,0.22395609760610588,0.07861971777399848,1,True,0.24898319507681357,0.8228787048430615,5,0.01629004492089616,0.06232967285310232,15.011684810829296,5,BATCH_1_SAVED_SCALER_MEAN,probability,EXECUTED
EXP-XAI-FIDELITY-001,EXP-XAI-0001,MODEL-C3,10,B10:1953,5,5,True,NEAR_DECISION_BOUNDARY,SINGLE_FEATURE_ABLATION_LOCAL,ABLATION_CONSISTENCY,10,"[16, 72, 24, 96, 56, 80, 128, 32, 64, 8]",0.30257581538010436,0.20378523911212434,0.09879057626798002,1,True,0.26629759038446343,0.8801020334355963,5,0.0315654675016399,0.06722510876634011,18.982246251705607,10,BATCH_1_SAVED_SCALER_MEAN,probability,EXECUTED
EXP-XAI-FIDELITY-001,EXP-XAI-0001,MODEL-C3,10,B10:2157,5,5,True,NEAR_DECISION_BOUNDARY,SINGLE_FEATURE_ABLATION_LOCAL,ABLATION_CONSISTENCY,1,[16],0.26808941235191264,0.23282548692397104,0.0352639254279416,1,True,0.0634810242773322,0.23679049359100623,1,0.0030681085932599606,0.03219581683468164,5.521383919391913,1,BATCH_1_SAVED_SCALER_MEAN,probability,EXECUTED
EXP-XAI-FIDELITY-001,EXP-XAI-0001,MODEL-C3,10,B10:2157,5,5,True,NEAR_DECISION_BOUNDARY,SINGLE_FEATURE_ABLATION_LOCAL,ABLATION_CONSISTENCY,3,"[16, 72, 80]",0.26808941235191264,0.18320228781772868,0.08488712453418396,1,True,0.1615909235282325,0.6027501127725146,1,0.006034266833442015,0.07885285770074194,8.730422228706582,3,BATCH_1_SAVED_SCALER_MEAN,probability,EXECUTED
EXP-XAI-FIDELITY-001,EXP-XAI-0001,MODEL-C3,10,B10:2157,5,5,True,NEAR_DECISION_BOUNDARY,SINGLE_FEATURE_ABLATION_LOCAL,ABLATION_CONSISTENCY,5,"[16, 72, 80, 8, 96]",0.26808941235191264,0.17239360383865054,0.09569580851326209,1,True,0.2108002319519695,0.7863056959342303,1,0.006599024913202972,0.08909678360005913,11.087328607219469,5,BATCH_1_SAVED_SCALER_MEAN,probability,EXECUTED
EXP-XAI-FIDELITY-001,EXP-XAI-0001,MODEL-C3,10,B10:2157,5,5,True,NEAR_DECISION_BOUNDARY,SINGLE_FEATURE_ABLATION_LOCAL,ABLATION_CONSISTENCY,10,"[16, 72, 80, 8, 96, 101, 24, 37, 120, 36]",0.26808941235191264,0.19287260661670574,0.07521680573520689,1,True,0.2214695626925223,0.8261033539131567,5,0.015663955608680988,0.059552850126525905,14.081538070334503,10,BATCH_1_SAVED_SCALER_MEAN,probability,EXECUTED
EXP-XAI-FIDELITY-001,EXP-XAI-0001,MODEL-C4,2,B2:0,1,1,True,CORRECT_REPRESENTATIVE,SINGLE_FEATURE_ABLATION_LOCAL,ABLATION_CONSISTENCY,1,[121],0.6119591335581885,0.516458646198739,0.09550048735944949,1,False,0.2140227240072214,0.3497336868931149,1,0.009792783018501734,0.08570770434094777,1.2368551847738285,1,BATCH_1_SAVED_SCALER_MEAN,probability,EXECUTED
EXP-XAI-FIDELITY-001,EXP-XAI-0001,MODEL-C4,2,B2:0,1,1,True,CORRECT_REPRESENTATIVE,SINGLE_FEATURE_ABLATION_LOCAL,ABLATION_CONSISTENCY,3,"[121, 112, 19]",0.6119591335581885,0.35910152012082736,0.2528576134373612,1,False,0.272427942099404,0.4451734227993184,1,0.033341668718472633,0.21951594471888855,1.7854198608314535,3,BATCH_1_SAVED_SCALER_MEAN,probability,EXECUTED
EXP-XAI-FIDELITY-001,EXP-XAI-0001,MODEL-C4,2,B2:0,1,1,True,CORRECT_REPRESENTATIVE,SINGLE_FEATURE_ABLATION_LOCAL,ABLATION_CONSISTENCY,5,"[121, 112, 19, 87, 89]",0.6119591335581885,0.23498759328522317,0.37697154027296537,3,True,0.35739276735696945,0.5840141077377784,1,0.0524260176604818,0.3245455226124836,2.422883609629066,5,BATCH_1_SAVED_SCALER_MEAN,probability,EXECUTED
EXP-XAI-FIDELITY-001,EXP-XAI-0001,MODEL-C4,2,B2:0,1,1,True,CORRECT_REPRESENTATIVE,SINGLE_FEATURE_ABLATION_LOCAL,ABLATION_CONSISTENCY,10,"[121, 112, 19, 87, 89, 97, 90, 109, 85, 17]",0.6119591335581885,0.1199711399520094,0.4919879936061791,3,True,0.40427160700901693,0.6606186342189408,1,0.07132541270471572,0.4206625809014634,3.439812000375041,10,BATCH_1_SAVED_SCALER_MEAN,probability,EXECUTED
EXP-XAI-FIDELITY-001,EXP-XAI-0001,MODEL-C4,2,B2:1,1,1,True,CORRECT_REPRESENTATIVE,SINGLE_FEATURE_ABLATION_LOCAL,ABLATION_CONSISTENCY,1,[112],0.7695764258129438,0.7129100637885479,0.0566663620243959,1,False,0.26436650599538214,0.3435220949187964,1,0.011042397184447817,0.045623964839948086,0.940883473355373,1,BATCH_1_SAVED_SCALER_MEAN,probability,EXECUTED
EXP-XAI-FIDELITY-001,EXP-XAI-0001,MODEL-C4,2,B2:1,1,1,True,CORRECT_REPRESENTATIVE,SINGLE_FEATURE_ABLATION_LOCAL,ABLATION_CONSISTENCY,3,"[112, 89, 87]",0.7695764258129438,0.6000329754888887,0.16954345032405516,1,False,0.3566800331829411,0.46347577864818473,1,0.016291202057438184,0.15325224826661699,1.6790203782161848,3,BATCH_1_SAVED_SCALER_MEAN,probability,EXECUTED
EXP-XAI-FIDELITY-001,EXP-XAI-0001,MODEL-C4,2,B2:1,1,1,True,CORRECT_REPRESENTATIVE,SINGLE_FEATURE_ABLATION_LOCAL,ABLATION_CONSISTENCY,5,"[112, 89, 87, 104, 85]",0.7695764258129438,0.5043884708481756,0.2651879549647682,1,False,0.3967980701295431,0.5156058018674163,1,0.01345799642285151,0.2517299585419167,2.0066008050969995,5,BATCH_1_SAVED_SCALER_MEAN,probability,EXECUTED
EXP-XAI-FIDELITY-001,EXP-XAI-0001,MODEL-C4,2,B2:1,1,1,True,CORRECT_REPRESENTATIVE,SINGLE_FEATURE_ABLATION_LOCAL,ABLATION_CONSISTENCY,10,"[112, 89, 87, 104, 85, 90, 16, 22, 97, 122]",0.7695764258129438,0.3941908104241036,0.37538561538884024,1,False,0.4275223597620709,0.5555294385615525,1,0.05318136248123827,0.32220425290760196,2.724253456220902,10,BATCH_1_SAVED_SCALER_MEAN,probability,EXECUTED
EXP-XAI-FIDELITY-001,EXP-XAI-0001,MODEL-C4,2,B2:70,2,2,True,CORRECT_REPRESENTATIVE,SINGLE_FEATURE_ABLATION_LOCAL,ABLATION_CONSISTENCY,1,[20],0.98660800967356,0.9776541298814576,0.008953879792102382,2,False,0.15628244551949408,0.15840378750949266,1,0.0009985813321811698,0.007955298459921212,1.7158564536603045,1,BATCH_1_SAVED_SCALER_MEAN,probability,EXECUTED
EXP-XAI-FIDELITY-001,EXP-XAI-0001,MODEL-C4,2,B2:70,2,2,True,CORRECT_REPRESENTATIVE,SINGLE_FEATURE_ABLATION_LOCAL,ABLATION_CONSISTENCY,3,"[20, 82, 60]",0.98660800967356,0.9557465187502572,0.030861490923302815,2,False,0.22140812117839648,0.22441346411900104,1,0.002137218246257429,0.028724272677045387,3.032246890377209,3,BATCH_1_SAVED_SCALER_MEAN,probability,EXECUTED
EXP-XAI-FIDELITY-001,EXP-XAI-0001,MODEL-C4,2,B2:70,2,2,True,CORRECT_REPRESENTATIVE,SINGLE_FEATURE_ABLATION_LOCAL,ABLATION_CONSISTENCY,5,"[20, 82, 60, 90, 19]",0.98660800967356,0.9254585965336807,0.061149413139879316,2,False,0.41608045032619323,0.4217282307122787,2,0.0037377514914165594,0.05741166164846276,3.61274531084137,5,BATCH_1_SAVED_SCALER_MEAN,probability,EXECUTED
EXP-XAI-FIDELITY-001,EXP-XAI-0001,MODEL-C4,2,B2:70,2,2,True,CORRECT_REPRESENTATIVE,SINGLE_FEATURE_ABLATION_LOCAL,ABLATION_CONSISTENCY,10,"[20, 82, 60, 90, 19, 28, 84, 61, 124, 59]",0.98660800967356,0.7843697235450677,0.20223828612849226,2,False,0.6559641442849861,0.6648680507895183,2,0.010019023167086782,0.19221926296140548,5.1319305167052,10,BATCH_1_SAVED_SCALER_MEAN,probability,EXECUTED
EXP-XAI-FIDELITY-001,EXP-XAI-0001,MODEL-C4,2,B2:71,2,2,True,CORRECT_REPRESENTATIVE,SINGLE_FEATURE_ABLATION_LOCAL,ABLATION_CONSISTENCY,1,[20],0.9935184337150642,0.9883678939787475,0.005150539736316739,2,False,0.16702564831773847,0.1681152987702295,1,0.0002567217577904235,0.0048938179785263155,2.1204317487245627,1,BATCH_1_SAVED_SCALER_MEAN,probability,EXECUTED
EXP-XAI-FIDELITY-001,EXP-XAI-0001,MODEL-C4,2,B2:71,2,2,True,CORRECT_REPRESENTATIVE,SINGLE_FEATURE_ABLATION_LOCAL,ABLATION_CONSISTENCY,3,"[20, 82, 90]",0.9935184337150642,0.9734900028708736,0.020028430844190592,2,False,0.35020513641497863,0.35248982256469696,2,0.0010507373705421763,0.018977693473648416,3.272415585193225,3,BATCH_1_SAVED_SCALER_MEAN,probability,EXECUTED
EXP-XAI-FIDELITY-001,EXP-XAI-0001,MODEL-C4,2,B2:71,2,2,True,CORRECT_REPRESENTATIVE,SINGLE_FEATURE_ABLATION_LOCAL,ABLATION_CONSISTENCY,5,"[20, 82, 90, 19, 28]",0.9935184337150642,0.9424715683896239,0.05104686532544034,2,False,0.5200553589398166,0.5234481226434553,2,0.002497408512948259,0.04854945681249208,4.204487427670001,5,BATCH_1_SAVED_SCALER_MEAN,probability,EXECUTED
EXP-XAI-FIDELITY-001,EXP-XAI-0001,MODEL-C4,2,B2:71,2,2,True,CORRECT_REPRESENTATIVE,SINGLE_FEATURE_ABLATION_LOCAL,ABLATION_CONSISTENCY,10,"[20, 82, 90, 19, 28, 60, 84, 61, 124, 32]",0.9935184337150642,0.7879041599007888,0.20561427381427544,2,False,0.7663726308037997,0.7713723317020923,2,0.006907902414679105,0.19870637139959632,6.068730041873321,10,BATCH_1_SAVED_SCALER_MEAN,probability,EXECUTED
EXP-XAI-FIDELITY-001,EXP-XAI-0001,MODEL-C4,2,B2:119,2,1,False,MISCLASSIFIED,SINGLE_FEATURE_ABLATION_LOCAL,ABLATION_CONSISTENCY,1,[114],0.8992578983795727,0.7685028987016754,0.13075499967789728,1,False,0.23831719313156893,0.26501540165619575,1,-0.0016198807066278669,0.13237488038452513,3.8500961682593493,1,BATCH_1_SAVED_SCALER_MEAN,probability,EXECUTED
EXP-XAI-FIDELITY-001,EXP-XAI-0001,MODEL-C4,2,B2:119,2,1,False,MISCLASSIFIED,SINGLE_FEATURE_ABLATION_LOCAL,ABLATION_CONSISTENCY,3,"[114, 4, 90]",0.8992578983795727,0.9255782508972495,-0.026320352517676837,1,False,0.15521381187677172,0.17260211131474174,2,0.011237565645156423,-0.037557918162833256,6.310474847772395,3,BATCH_1_SAVED_SCALER_MEAN,probability,EXECUTED
EXP-XAI-FIDELITY-001,EXP-XAI-0001,MODEL-C4,2,B2:119,2,1,False,MISCLASSIFIED,SINGLE_FEATURE_ABLATION_LOCAL,ABLATION_CONSISTENCY,5,"[114, 4, 90, 100, 101]",0.8992578983795727,0.8137740298933754,0.08548386848619727,1,False,0.36025754408673843,0.4006164913712833,1,0.03482563503068622,0.05065823345551105,7.001396993017596,5,BATCH_1_SAVED_SCALER_MEAN,probability,EXECUTED
EXP-XAI-FIDELITY-001,EXP-XAI-0001,MODEL-C4,2,B2:119,2,1,False,MISCLASSIFIED,SINGLE_FEATURE_ABLATION_LOCAL,ABLATION_CONSISTENCY,10,"[114, 4, 90, 100, 101, 31, 58, 69, 12, 122]",0.8992578983795727,0.23803612836062796,0.6612217700189448,2,True,0.4096329958115571,0.45552337827635386,1,0.06996151891514427,0.5912602511038005,9.555755503411644,10,BATCH_1_SAVED_SCALER_MEAN,probability,EXECUTED
EXP-XAI-FIDELITY-001,EXP-XAI-0001,MODEL-C4,2,B2:121,2,1,False,MISCLASSIFIED,SINGLE_FEATURE_ABLATION_LOCAL,ABLATION_CONSISTENCY,1,[2],0.4921227050982616,0.6039325099274816,-0.11180980482921998,1,False,0.18680267267116196,0.379585560137615,3,0.004164536367642124,-0.1159743411968621,0.9622504953136256,1,BATCH_1_SAVED_SCALER_MEAN,probability,EXECUTED
EXP-XAI-FIDELITY-001,EXP-XAI-0001,MODEL-C4,2,B2:121,2,1,False,MISCLASSIFIED,SINGLE_FEATURE_ABLATION_LOCAL,ABLATION_CONSISTENCY,3,"[2, 10, 90]",0.4921227050982616,0.6187779388386992,-0.12665523374043763,1,False,0.16748891100988428,0.3403397349375334,3,0.02687682403018295,-0.1535320577706206,1.7438018475204253,3,BATCH_1_SAVED_SCALER_MEAN,probability,EXECUTED
EXP-XAI-FIDELITY-001,EXP-XAI-0001,MODEL-C4,2,B2:121,2,1,False,MISCLASSIFIED,SINGLE_FEATURE_ABLATION_LOCAL,ABLATION_CONSISTENCY,5,"[2, 10, 90, 87, 42]",0.4921227050982616,0.6401073284612215,-0.14798462336295992,1,False,0.174758140208195,0.35511090709237086,3,0.007689538016140257,-0.15567416137910017,2.3333803366603303,5,BATCH_1_SAVED_SCALER_MEAN,probability,EXECUTED
EXP-XAI-FIDELITY-001,EXP-XAI-0001,MODEL-C4,2,B2:121,2,1,False,MISCLASSIFIED,SINGLE_FEATURE_ABLATION_LOCAL,ABLATION_CONSISTENCY,10,"[2, 10, 90, 87, 42, 65, 85, 82, 95, 89]",0.4921227050982616,0.4547092614116017,0.03741344368665994,1,False,0.23866046169564517,0.48496128957917534,3,-0.0007245879389138713,0.03813803162557381,3.169478679734869,10,BATCH_1_SAVED_SCALER_MEAN,probability,EXECUTED
EXP-XAI-FIDELITY-001,EXP-XAI-0001,MODEL-C4,2,B2:135,2,1,False,MISCLASSIFIED,SINGLE_FEATURE_ABLATION_LOCAL,ABLATION_CONSISTENCY,1,[2],0.45895998729389254,0.5853998872915361,-0.1264398999976436,1,False,0.18551480357257802,0.40420692153667986,3,-0.0009630987900322574,-0.12547680120761134,1.0073960619980682,1,BATCH_1_SAVED_SCALER_MEAN,probability,EXECUTED
EXP-XAI-FIDELITY-001,EXP-XAI-0001,MODEL-C4,2,B2:135,2,1,False,MISCLASSIFIED,SINGLE_FEATURE_ABLATION_LOCAL,ABLATION_CONSISTENCY,3,"[2, 10, 90]",0.45895998729389254,0.6067771085203182,-0.14781712122642565,1,False,0.1624069034637312,0.35385852353123504,3,0.0007768804205106745,-0.1485940016469363,1.8138577052575187,3,BATCH_1_SAVED_SCALER_MEAN,probability,EXECUTED
EXP-XAI-FIDELITY-001,EXP-XAI-0001,MODEL-C4,2,B2:135,2,1,False,MISCLASSIFIED,SINGLE_FEATURE_ABLATION_LOCAL,ABLATION_CONSISTENCY,5,"[2, 10, 90, 65, 42]",0.45895998729389254,0.7348773782325433,-0.27591739093865075,1,False,0.12478585009611601,0.27188829865512887,2,0.009100813450392318,-0.2850182043890431,2.3639468083409123,5,BATCH_1_SAVED_SCALER_MEAN,probability,EXECUTED
EXP-XAI-FIDELITY-001,EXP-XAI-0001,MODEL-C4,2,B2:135,2,1,False,MISCLASSIFIED,SINGLE_FEATURE_ABLATION_LOCAL,ABLATION_CONSISTENCY,10,"[2, 10, 90, 65, 42, 85, 69, 87, 82, 95]",0.45895998729389254,0.558000884560466,-0.0990408972665735,1,False,0.21539184966460623,0.46930419999049117,3,0.016946865401134558,-0.11598776266770806,3.095050387731973,10,BATCH_1_SAVED_SCALER_MEAN,probability,EXECUTED
EXP-XAI-FIDELITY-001,EXP-XAI-0001,MODEL-C4,2,B2:165,2,1,False,MISCLASSIFIED,SINGLE_FEATURE_ABLATION_LOCAL,ABLATION_CONSISTENCY,1,[2],0.4962127124769578,0.6215828033533037,-0.12537009087634593,1,False,0.1852928780087357,0.3734142099741953,3,-0.005571122626138919,-0.11979896825020701,1.0151794202389397,1,BATCH_1_SAVED_SCALER_MEAN,probability,EXECUTED
EXP-XAI-FIDELITY-001,EXP-XAI-0001,MODEL-C4,2,B2:165,2,1,False,MISCLASSIFIED,SINGLE_FEATURE_ABLATION_LOCAL,ABLATION_CONSISTENCY,3,"[2, 10, 100]",0.4962127124769578,0.7636755082088111,-0.26746279573185333,1,False,0.11470913522094829,0.23116927949780194,3,0.004495616889381147,-0.2719584126212345,1.72575948164739,3,BATCH_1_SAVED_SCALER_MEAN,probability,EXECUTED
EXP-XAI-FIDELITY-001,EXP-XAI-0001,MODEL-C4,2,B2:165,2,1,False,MISCLASSIFIED,SINGLE_FEATURE_ABLATION_LOCAL,ABLATION_CONSISTENCY,5,"[2, 10, 100, 65, 85]",0.4962127124769578,0.7477145175177636,-0.2515018050408058,1,False,0.12407957989685169,0.25005320657240004,3,-0.004550426954529984,-0.24695137808627585,2.1140821066883624,5,BATCH_1_SAVED_SCALER_MEAN,probability,EXECUTED
EXP-XAI-FIDELITY-001,EXP-XAI-0001,MODEL-C4,2,B2:165,2,1,False,MISCLASSIFIED,SINGLE_FEATURE_ABLATION_LOCAL,ABLATION_CONSISTENCY,10,"[2, 10, 100, 65, 85, 90, 42, 87, 25, 95]",0.4962127124769578,0.6006519297175754,-0.10443921724061761,1,False,0.16858906291960085,0.3397515998291347,3,0.043789538785707946,-0.14822875602632557,3.29544207208619,10,BATCH_1_SAVED_SCALER_MEAN,probability,EXECUTED
EXP-XAI-FIDELITY-001,EXP-XAI-0001,MODEL-C4,2,B2:193,2,1,False,MISCLASSIFIED,SINGLE_FEATURE_ABLATION_LOCAL,ABLATION_CONSISTENCY,1,[2],0.44755714897475374,0.5789371739773158,-0.13138002500256207,1,False,0.1851498406457658,0.41368982948859107,3,0.008961779055445065,-0.14034180405800714,1.0201966410341594,1,BATCH_1_SAVED_SCALER_MEAN,probability,EXECUTED
EXP-XAI-FIDELITY-001,EXP-XAI-0001,MODEL-C4,2,B2:193,2,1,False,MISCLASSIFIED,SINGLE_FEATURE_ABLATION_LOCAL,ABLATION_CONSISTENCY,3,"[2, 10, 100]",0.44755714897475374,0.7375974221842985,-0.29004027320954473,1,False,0.11309613112120342,0.2526965134626485,3,-0.0034832982524820107,-0.2865569749570627,1.7835959370053118,3,BATCH_1_SAVED_SCALER_MEAN,probability,EXECUTED
EXP-XAI-FIDELITY-001,EXP-XAI-0001,MODEL-C4,2,B2:193,2,1,False,MISCLASSIFIED,SINGLE_FEATURE_ABLATION_LOCAL,ABLATION_CONSISTENCY,5,"[2, 10, 100, 85, 65]",0.44755714897475374,0.7191186077797413,-0.2715614588049876,1,False,0.12182307911705004,0.27219558305820285,3,-0.010992657695733429,-0.2605688011092542,2.164909863299528,5,BATCH_1_SAVED_SCALER_MEAN,probability,EXECUTED
EXP-XAI-FIDELITY-001,EXP-XAI-0001,MODEL-C4,2,B2:193,2,1,False,MISCLASSIFIED,SINGLE_FEATURE_ABLATION_LOCAL,ABLATION_CONSISTENCY,10,"[2, 10, 100, 85, 65, 90, 87, 42, 82, 25]",0.44755714897475374,0.5600548841275933,-0.11249773515283956,1,False,0.15969644068223987,0.3568179863690395,3,0.014973685142576444,-0.127471420295416,3.238481475425633,10,BATCH_1_SAVED_SCALER_MEAN,probability,EXECUTED
EXP-XAI-FIDELITY-001,EXP-XAI-0001,MODEL-C4,2,B2:213,5,6,False,NEAR_DECISION_BOUNDARY,SINGLE_FEATURE_ABLATION_LOCAL,ABLATION_CONSISTENCY,1,[25],0.4467268594172721,0.34306677395054574,0.10366008546672634,5,True,0.13628449971629708,0.3050734399406203,1,-0.002359163176103633,0.10601924864282997,1.0855825405213826,1,BATCH_1_SAVED_SCALER_MEAN,probability,EXECUTED
EXP-XAI-FIDELITY-001,EXP-XAI-0001,MODEL-C4,2,B2:213,5,6,False,NEAR_DECISION_BOUNDARY,SINGLE_FEATURE_ABLATION_LOCAL,ABLATION_CONSISTENCY,3,"[25, 34, 91]",0.4467268594172721,0.3507192482078567,0.09600761120941537,5,True,0.12357428847677242,0.2766215773055767,1,0.0010991377278704527,0.09490847348154491,1.8400520245364382,3,BATCH_1_SAVED_SCALER_MEAN,probability,EXECUTED
EXP-XAI-FIDELITY-001,EXP-XAI-0001,MODEL-C4,2,B2:213,5,6,False,NEAR_DECISION_BOUNDARY,SINGLE_FEATURE_ABLATION_LOCAL,ABLATION_CONSISTENCY,5,"[25, 34, 91, 101, 115]",0.4467268594172721,0.35822957750912965,0.08849728190814243,5,True,0.17990020153173522,0.4027073764187899,1,0.012949767431891374,0.07554751447625106,2.4303682901111014,5,BATCH_1_SAVED_SCALER_MEAN,probability,EXECUTED
EXP-XAI-FIDELITY-001,EXP-XAI-0001,MODEL-C4,2,B2:213,5,6,False,NEAR_DECISION_BOUNDARY,SINGLE_FEATURE_ABLATION_LOCAL,ABLATION_CONSISTENCY,10,"[25, 34, 91, 101, 115, 30, 108, 105, 123, 27]",0.4467268594172721,0.34304683960131593,0.10368001981595615,6,False,0.2725611314067839,0.6101292672715566,6,0.005862948405515308,0.09781707141044084,3.400217852200002,10,BATCH_1_SAVED_SCALER_MEAN,probability,EXECUTED
EXP-XAI-FIDELITY-001,EXP-XAI-0001,MODEL-C4,2,B2:214,5,5,True,CORRECT_REPRESENTATIVE,SINGLE_FEATURE_ABLATION_LOCAL,ABLATION_CONSISTENCY,1,[108],0.506368181522043,0.3919988670336689,0.11436931448837412,6,True,0.18638270577826319,0.368077443606416,3,-0.0018873499013204195,0.11625666438969454,1.0674493799156708,1,BATCH_1_SAVED_SCALER_MEAN,probability,EXECUTED
EXP-XAI-FIDELITY-001,EXP-XAI-0001,MODEL-C4,2,B2:214,5,5,True,CORRECT_REPRESENTATIVE,SINGLE_FEATURE_ABLATION_LOCAL,ABLATION_CONSISTENCY,3,"[108, 43, 83]",0.506368181522043,0.24793595427553403,0.25843222724650894,6,True,0.2434871420365501,0.4808500038542622,5,0.0015725739207280987,0.25685965332578087,1.845275957336316,3,BATCH_1_SAVED_SCALER_MEAN,probability,EXECUTED
EXP-XAI-FIDELITY-001,EXP-XAI-0001,MODEL-C4,2,B2:214,5,5,True,CORRECT_REPRESENTATIVE,SINGLE_FEATURE_ABLATION_LOCAL,ABLATION_CONSISTENCY,5,"[108, 43, 83, 25, 123]",0.506368181522043,0.23989369238625916,0.26647448913578387,6,True,0.2728678315926097,0.5388723888069403,5,0.022035296008784417,0.24443919312699944,2.3791880571325663,5,BATCH_1_SAVED_SCALER_MEAN,probability,EXECUTED
EXP-XAI-FIDELITY-001,EXP-XAI-0001,MODEL-C4,2,B2:214,5,5,True,CORRECT_REPRESENTATIVE,SINGLE_FEATURE_ABLATION_LOCAL,ABLATION_CONSISTENCY,10,"[108, 43, 83, 25, 123, 51, 91, 101, 34, 53]",0.506368181522043,0.1104777264183872,0.3958904551036558,6,True,0.37675893359247026,0.74404148471574,5,0.025057457921915584,0.3708329971817402,3.271217989378556,10,BATCH_1_SAVED_SCALER_MEAN,probability,EXECUTED
EXP-XAI-FIDELITY-001,EXP-XAI-0001,MODEL-C4,2,B2:215,5,5,True,CORRECT_REPRESENTATIVE,SINGLE_FEATURE_ABLATION_LOCAL,ABLATION_CONSISTENCY,1,[108],0.5565692950736547,0.45991682733265343,0.09665246774100128,6,True,0.1842238084187387,0.330998871208587,3,0.001086232008891049,0.09556623573211023,1.0192739636847792,1,BATCH_1_SAVED_SCALER_MEAN,probability,EXECUTED
EXP-XAI-FIDELITY-001,EXP-XAI-0001,MODEL-C4,2,B2:215,5,5,True,CORRECT_REPRESENTATIVE,SINGLE_FEATURE_ABLATION_LOCAL,ABLATION_CONSISTENCY,3,"[108, 101, 25]",0.5565692950736547,0.4543412408003073,0.10222805427334741,6,True,0.1854339245180334,0.33317311278103046,3,0.009292528043500687,0.09293552622984673,1.7102790995866748,3,BATCH_1_SAVED_SCALER_MEAN,probability,EXECUTED
EXP-XAI-FIDELITY-001,EXP-XAI-0001,MODEL-C4,2,B2:215,5,5,True,CORRECT_REPRESENTATIVE,SINGLE_FEATURE_ABLATION_LOCAL,ABLATION_CONSISTENCY,5,"[108, 101, 25, 83, 43]",0.5565692950736547,0.32074579583122037,0.23582349924243434,6,True,0.23444870891641434,0.42123902808074976,5,0.012144910542219008,0.22367858870021534,2.199012532317318,5,BATCH_1_SAVED_SCALER_MEAN,probability,EXECUTED
EXP-XAI-FIDELITY-001,EXP-XAI-0001,MODEL-C4,2,B2:215,5,5,True,CORRECT_REPRESENTATIVE,SINGLE_FEATURE_ABLATION_LOCAL,ABLATION_CONSISTENCY,10,"[108, 101, 25, 83, 43, 51, 30, 38, 34, 91]",0.5565692950736547,0.34450997652954485,0.21205931854410986,6,True,0.269637855870034,0.48446412379675197,5,0.022079163791179246,0.18998015475293062,3.0101109076934467,10,BATCH_1_SAVED_SCALER_MEAN,probability,EXECUTED
EXP-XAI-FIDELITY-001,EXP-XAI-0001,MODEL-C4,2,B2:473,6,6,True,CORRECT_REPRESENTATIVE,SINGLE_FEATURE_ABLATION_LOCAL,ABLATION_CONSISTENCY,1,[69],0.7975836578316987,0.6348923956658121,0.16269126216588659,6,False,0.16309681943954535,0.2044886675373194,3,0.006749718421025152,0.15594154374486144,2.738262976224518,1,BATCH_1_SAVED_SCALER_MEAN,probability,EXECUTED
EXP-XAI-FIDELITY-001,EXP-XAI-0001,MODEL-C4,2,B2:473,6,6,True,CORRECT_REPRESENTATIVE,SINGLE_FEATURE_ABLATION_LOCAL,ABLATION_CONSISTENCY,3,"[69, 25, 101]",0.7975836578316987,0.5178492280441901,0.2797344297875086,6,False,0.1999711317988574,0.2507212000086568,5,0.03458240023725543,0.2451520295502532,3.2116538208173906,3,BATCH_1_SAVED_SCALER_MEAN,probability,EXECUTED
EXP-XAI-FIDELITY-001,EXP-XAI-0001,MODEL-C4,2,B2:473,6,6,True,CORRECT_REPRESENTATIVE,SINGLE_FEATURE_ABLATION_LOCAL,ABLATION_CONSISTENCY,5,"[69, 25, 101, 34, 30]",0.7975836578316987,0.4201614234126662,0.3774222344190325,6,False,0.22297949934855185,0.2795687915105247,6,0.02293288381523818,0.35448935060379433,3.441068390276689,5,BATCH_1_SAVED_SCALER_MEAN,probability,EXECUTED
EXP-XAI-FIDELITY-001,EXP-XAI-0001,MODEL-C4,2,B2:473,6,6,True,CORRECT_REPRESENTATIVE,SINGLE_FEATURE_ABLATION_LOCAL,ABLATION_CONSISTENCY,10,"[69, 25, 101, 34, 30, 47, 115, 106, 27, 49]",0.7975836578316987,0.2753417481584852,0.5222419096732135,1,True,0.31962956154435784,0.4007473804231382,6,0.062096640638480353,0.46014526903473313,3.9443648245558904,10,BATCH_1_SAVED_SCALER_MEAN,probability,EXECUTED
EXP-XAI-FIDELITY-001,EXP-XAI-0001,MODEL-C4,2,B2:474,6,6,True,CORRECT_REPRESENTATIVE,SINGLE_FEATURE_ABLATION_LOCAL,ABLATION_CONSISTENCY,1,[66],0.7428022534428389,0.6263384032196427,0.11646385022319616,6,False,0.1324154700435633,0.17826476620099957,1,0.006344748325070116,0.11011910189812604,1.340804889776539,1,BATCH_1_SAVED_SCALER_MEAN,probability,EXECUTED
EXP-XAI-FIDELITY-001,EXP-XAI-0001,MODEL-C4,2,B2:474,6,6,True,CORRECT_REPRESENTATIVE,SINGLE_FEATURE_ABLATION_LOCAL,ABLATION_CONSISTENCY,3,"[66, 25, 112]",0.7428022534428389,0.632286021784374,0.11051623165846491,6,False,0.1351335309292641,0.18192396469306496,1,0.02561665511224494,0.08489957654621998,1.8370501030739157,3,BATCH_1_SAVED_SCALER_MEAN,probability,EXECUTED
EXP-XAI-FIDELITY-001,EXP-XAI-0001,MODEL-C4,2,B2:474,6,6,True,CORRECT_REPRESENTATIVE,SINGLE_FEATURE_ABLATION_LOCAL,ABLATION_CONSISTENCY,5,"[66, 25, 112, 19, 30]",0.7428022534428389,0.6379267655956938,0.10487548784714507,6,False,0.12922455068183797,0.17396898041556927,1,0.03694341551590123,0.06793207233124383,2.1765264047188446,5,BATCH_1_SAVED_SCALER_MEAN,probability,EXECUTED
EXP-XAI-FIDELITY-001,EXP-XAI-0001,MODEL-C4,2,B2:474,6,6,True,CORRECT_REPRESENTATIVE,SINGLE_FEATURE_ABLATION_LOCAL,ABLATION_CONSISTENCY,10,"[66, 25, 112, 19, 30, 115, 10, 34, 53, 74]",0.7428022534428389,0.4110141549429987,0.3317880984998402,6,False,0.20014408398112712,0.26944463759159676,4,0.040950056214329,0.2908380422855112,2.683207698435357,10,BATCH_1_SAVED_SCALER_MEAN,probability,EXECUTED
EXP-XAI-FIDELITY-001,EXP-XAI-0001,MODEL-C4,2,B2:514,3,3,True,CORRECT_REPRESENTATIVE,SINGLE_FEATURE_ABLATION_LOCAL,ABLATION_CONSISTENCY,1,[35],0.9598235993983213,0.9312760946126353,0.028547504785686018,3,False,0.2998361230527044,0.312386696097763,3,0.0006943947163655614,0.027853110069320456,2.2838591384755813,1,BATCH_1_SAVED_SCALER_MEAN,probability,EXECUTED
EXP-XAI-FIDELITY-001,EXP-XAI-0001,MODEL-C4,2,B2:514,3,3,True,CORRECT_REPRESENTATIVE,SINGLE_FEATURE_ABLATION_LOCAL,ABLATION_CONSISTENCY,3,"[35, 122, 107]",0.9598235993983213,0.9426797655883197,0.01714383381000162,3,False,0.3886833926791985,0.40495294439816865,3,0.0026055229932182974,0.01453831081678332,4.03354467314817,3,BATCH_1_SAVED_SCALER_MEAN,probability,EXECUTED
EXP-XAI-FIDELITY-001,EXP-XAI-0001,MODEL-C4,2,B2:514,3,3,True,CORRECT_REPRESENTATIVE,SINGLE_FEATURE_ABLATION_LOCAL,ABLATION_CONSISTENCY,5,"[35, 122, 107, 114, 91]",0.9598235993983213,0.8947654898568254,0.06505810954149593,3,False,0.5057368043110805,0.5269059904633607,3,0.010446450334157639,0.05461165920733829,4.294587844197215,5,BATCH_1_SAVED_SCALER_MEAN,probability,EXECUTED
EXP-XAI-FIDELITY-001,EXP-XAI-0001,MODEL-C4,2,B2:514,3,3,True,CORRECT_REPRESENTATIVE,SINGLE_FEATURE_ABLATION_LOCAL,ABLATION_CONSISTENCY,10,"[35, 122, 107, 114, 91, 70, 92, 99, 36, 101]",0.9598235993983213,0.8825177395064971,0.07730585989182415,3,False,0.4423703877825639,0.46088717558087744,3,0.021078496929481834,0.05622736296234231,6.127651847393648,10,BATCH_1_SAVED_SCALER_MEAN,probability,EXECUTED
EXP-XAI-FIDELITY-001,EXP-XAI-0001,MODEL-C4,2,B2:515,3,3,True,CORRECT_REPRESENTATIVE,SINGLE_FEATURE_ABLATION_LOCAL,ABLATION_CONSISTENCY,1,[35],0.9629657335363487,0.9374499523293944,0.025515781206954302,3,False,0.3031070616128478,0.3147641199025142,3,0.0017849481757077161,0.023730833031246585,2.343706065412872,1,BATCH_1_SAVED_SCALER_MEAN,probability,EXECUTED
EXP-XAI-FIDELITY-001,EXP-XAI-0001,MODEL-C4,2,B2:515,3,3,True,CORRECT_REPRESENTATIVE,SINGLE_FEATURE_ABLATION_LOCAL,ABLATION_CONSISTENCY,3,"[35, 122, 107]",0.9629657335363487,0.9458500430200265,0.017115690516322224,3,False,0.39091997180957916,0.4059541873561623,3,0.00306126302938049,0.014054427486941735,4.084513759846659,3,BATCH_1_SAVED_SCALER_MEAN,probability,EXECUTED
EXP-XAI-FIDELITY-001,EXP-XAI-0001,MODEL-C4,2,B2:515,3,3,True,CORRECT_REPRESENTATIVE,SINGLE_FEATURE_ABLATION_LOCAL,ABLATION_CONSISTENCY,5,"[35, 122, 107, 114, 99]",0.9629657335363487,0.8831800043493067,0.07978572918704208,3,False,0.5543572944109618,0.5756770725113624,3,0.013538716874355549,0.06624701231268652,5.075185929745079,5,BATCH_1_SAVED_SCALER_MEAN,probability,EXECUTED
EXP-XAI-FIDELITY-001,EXP-XAI-0001,MODEL-C4,2,B2:515,3,3,True,CORRECT_REPRESENTATIVE,SINGLE_FEATURE_ABLATION_LOCAL,ABLATION_CONSISTENCY,10,"[35, 122, 107, 114, 99, 92, 70, 91, 36, 20]",0.9629657335363487,0.88415171621517,0.07881401732117876,3,False,0.5417460596799757,0.562580827970372,3,0.019674170305926848,0.05913984701525192,6.014359643211451,10,BATCH_1_SAVED_SCALER_MEAN,probability,EXECUTED
EXP-XAI-FIDELITY-001,EXP-XAI-0001,MODEL-C4,2,B2:722,5,4,False,NEAR_DECISION_BOUNDARY,SINGLE_FEATURE_ABLATION_LOCAL,ABLATION_CONSISTENCY,1,[16],0.37484323776740336,0.2819800858952435,0.09286315187215988,1,True,0.17487277069306925,0.46652241010035456,5,0.00046865288837984463,0.09239449898378004,3.2049558703080634,1,BATCH_1_SAVED_SCALER_MEAN,probability,EXECUTED
EXP-XAI-FIDELITY-001,EXP-XAI-0001,MODEL-C4,2,B2:722,5,4,False,NEAR_DECISION_BOUNDARY,SINGLE_FEATURE_ABLATION_LOCAL,ABLATION_CONSISTENCY,3,"[16, 109, 11]",0.37484323776740336,0.21922991494278937,0.155613322824614,1,True,0.2629578991845632,0.7015143203616576,4,0.0020279932344591687,0.1535853295901548,4.196553075640626,3,BATCH_1_SAVED_SCALER_MEAN,probability,EXECUTED
EXP-XAI-FIDELITY-001,EXP-XAI-0001,MODEL-C4,2,B2:722,5,4,False,NEAR_DECISION_BOUNDARY,SINGLE_FEATURE_ABLATION_LOCAL,ABLATION_CONSISTENCY,5,"[16, 109, 11, 72, 4]",0.37484323776740336,0.2151105642827766,0.15973267348462675,1,True,0.2852432923755926,0.7609668886506389,4,-0.002780479141426719,0.16251315262605345,4.895857781893245,5,BATCH_1_SAVED_SCALER_MEAN,probability,EXECUTED
EXP-XAI-FIDELITY-001,EXP-XAI-0001,MODEL-C4,2,B2:722,5,4,False,NEAR_DECISION_BOUNDARY,SINGLE_FEATURE_ABLATION_LOCAL,ABLATION_CONSISTENCY,10,"[16, 109, 11, 72, 4, 77, 59, 5, 33, 54]",0.37484323776740336,0.21397011999000384,0.16087311777739952,1,True,0.3031881853716083,0.8088399491409306,4,0.004923739723680019,0.1559493780537195,5.713132782056735,10,BATCH_1_SAVED_SCALER_MEAN,probability,EXECUTED
EXP-XAI-FIDELITY-001,EXP-XAI-0001,MODEL-C4,2,B2:731,5,1,False,NEAR_DECISION_BOUNDARY,SINGLE_FEATURE_ABLATION_LOCAL,ABLATION_CONSISTENCY,1,[16],0.3827272735967867,0.5572748548936549,-0.1745475812968682,1,False,0.1274073582684118,0.3328933343868219,5,0.0012386939949402616,-0.17578627529180846,3.080311959551188,1,BATCH_1_SAVED_SCALER_MEAN,probability,EXECUTED
EXP-XAI-FIDELITY-001,EXP-XAI-0001,MODEL-C4,2,B2:731,5,1,False,NEAR_DECISION_BOUNDARY,SINGLE_FEATURE_ABLATION_LOCAL,ABLATION_CONSISTENCY,3,"[16, 109, 108]",0.3827272735967867,0.30269619849977825,0.08003107509700846,5,True,0.23591375280381394,0.6164017280157444,4,0.015212917608682538,0.06481815748832592,4.308008017596824,3,BATCH_1_SAVED_SCALER_MEAN,probability,EXECUTED
EXP-XAI-FIDELITY-001,EXP-XAI-0001,MODEL-C4,2,B2:731,5,1,False,NEAR_DECISION_BOUNDARY,SINGLE_FEATURE_ABLATION_LOCAL,ABLATION_CONSISTENCY,5,"[16, 109, 108, 8, 36]",0.3827272735967867,0.3787234894814599,0.004003784115326814,1,False,0.19070784846121414,0.4982865387903604,4,-0.0024538662241019205,0.006457650339428734,5.705843045969619,5,BATCH_1_SAVED_SCALER_MEAN,probability,EXECUTED
EXP-XAI-FIDELITY-001,EXP-XAI-0001,MODEL-C4,2,B2:731,5,1,False,NEAR_DECISION_BOUNDARY,SINGLE_FEATURE_ABLATION_LOCAL,ABLATION_CONSISTENCY,10,"[16, 109, 108, 8, 36, 37, 100, 5, 45, 13]",0.3827272735967867,0.3085842226115887,0.07414305098519802,5,True,0.32568411894680965,0.8509561283315452,1,0.022377765501785954,0.05176528548341207,7.407064001601937,10,BATCH_1_SAVED_SCALER_MEAN,probability,EXECUTED
EXP-XAI-FIDELITY-001,EXP-XAI-0001,MODEL-C4,2,B2:741,5,4,False,NEAR_DECISION_BOUNDARY,SINGLE_FEATURE_ABLATION_LOCAL,ABLATION_CONSISTENCY,1,[16],0.34579293931727706,0.27076769158944997,0.0750252477278271,1,True,0.17034181245273994,0.4926121764922603,5,0.0012245936672936775,0.07380065406053342,3.544464077352062,1,BATCH_1_SAVED_SCALER_MEAN,probability,EXECUTED
EXP-XAI-FIDELITY-001,EXP-XAI-0001,MODEL-C4,2,B2:741,5,4,False,NEAR_DECISION_BOUNDARY,SINGLE_FEATURE_ABLATION_LOCAL,ABLATION_CONSISTENCY,3,"[16, 109, 59]",0.34579293931727706,0.2869166488379832,0.05887629047929388,1,True,0.18590824628217975,0.5376288094523598,3,-0.005582832418627095,0.06445912289792098,4.261717948795921,3,BATCH_1_SAVED_SCALER_MEAN,probability,EXECUTED
EXP-XAI-FIDELITY-001,EXP-XAI-0001,MODEL-C4,2,B2:741,5,4,False,NEAR_DECISION_BOUNDARY,SINGLE_FEATURE_ABLATION_LOCAL,ABLATION_CONSISTENCY,5,"[16, 109, 59, 36, 1]",0.34579293931727706,0.22542414817158962,0.12036879114568744,5,True,0.2368652629204465,0.6849916119979372,4,0.00047465531164215445,0.11989413583404528,5.083462225101335,5,BATCH_1_SAVED_SCALER_MEAN,probability,EXECUTED
EXP-XAI-FIDELITY-001,EXP-XAI-0001,MODEL-C4,2,B2:741,5,4,False,NEAR_DECISION_BOUNDARY,SINGLE_FEATURE_ABLATION_LOCAL,ABLATION_CONSISTENCY,10,"[16, 109, 59, 36, 1, 11, 33, 4, 44, 72]",0.34579293931727706,0.19670505157954457,0.1490878877377325,1,True,0.2931978083368156,0.8478999279617921,4,0.004625349799230876,0.1444625379385016,6.072082738805833,10,BATCH_1_SAVED_SCALER_MEAN,probability,EXECUTED
EXP-XAI-FIDELITY-001,EXP-XAI-0001,MODEL-C4,2,B2:749,5,4,False,NEAR_DECISION_BOUNDARY,SINGLE_FEATURE_ABLATION_LOCAL,ABLATION_CONSISTENCY,1,[16],0.3539707917780498,0.2806473237707977,0.07332346800725209,1,True,0.16807185266185795,0.47481842164888,5,-0.002146397212328209,0.0754698652195803,3.7162937155982316,1,BATCH_1_SAVED_SCALER_MEAN,probability,EXECUTED
EXP-XAI-FIDELITY-001,EXP-XAI-0001,MODEL-C4,2,B2:749,5,4,False,NEAR_DECISION_BOUNDARY,SINGLE_FEATURE_ABLATION_LOCAL,ABLATION_CONSISTENCY,3,"[16, 109, 36]",0.3539707917780498,0.21829606448996747,0.13567472728808233,5,True,0.24634675841658094,0.6959522201793634,4,-0.008834893179315843,0.14450962046739818,4.8097059538001545,3,BATCH_1_SAVED_SCALER_MEAN,probability,EXECUTED
EXP-XAI-FIDELITY-001,EXP-XAI-0001,MODEL-C4,2,B2:749,5,4,False,NEAR_DECISION_BOUNDARY,SINGLE_FEATURE_ABLATION_LOCAL,ABLATION_CONSISTENCY,5,"[16, 109, 36, 59, 1]",0.3539707917780498,0.2302129235661415,0.12375786821190829,5,True,0.2303663924242794,0.6508062184089075,4,0.0011116451409841706,0.12264622307092411,5.145819192948928,5,BATCH_1_SAVED_SCALER_MEAN,probability,EXECUTED
EXP-XAI-FIDELITY-001,EXP-XAI-0001,MODEL-C4,2,B2:749,5,4,False,NEAR_DECISION_BOUNDARY,SINGLE_FEATURE_ABLATION_LOCAL,ABLATION_CONSISTENCY,10,"[16, 109, 36, 59, 1, 4, 33, 11, 72, 32]",0.3539707917780498,0.17688924874559858,0.17708154303245122,1,True,0.2912265269880348,0.822741688728494,4,0.0005417503552871701,0.17653979267716405,5.993638218312303,10,BATCH_1_SAVED_SCALER_MEAN,probability,EXECUTED
EXP-XAI-FIDELITY-001,EXP-XAI-0001,MODEL-C4,6,B6:0,2,2,True,CORRECT_REPRESENTATIVE,SINGLE_FEATURE_ABLATION_LOCAL,ABLATION_CONSISTENCY,1,[20],0.999989024393512,0.9999681508692517,2.0873524260278664e-05,2,False,0.3114661654430474,0.31146958401063446,2,1.4575491401935813e-06,1.9415975120085084e-05,6.830045937632201,1,BATCH_1_SAVED_SCALER_MEAN,probability,EXECUTED
EXP-XAI-FIDELITY-001,EXP-XAI-0001,MODEL-C4,6,B6:0,2,2,True,CORRECT_REPRESENTATIVE,SINGLE_FEATURE_ABLATION_LOCAL,ABLATION_CONSISTENCY,3,"[20, 117, 19]",0.999989024393512,0.9997809310819629,0.00020809331154914013,2,False,0.6435606013764149,0.6435676649218535,2,5.650418193962429e-06,0.0002024428933551777,11.700524491243204,3,BATCH_1_SAVED_SCALER_MEAN,probability,EXECUTED
EXP-XAI-FIDELITY-001,EXP-XAI-0001,MODEL-C4,6,B6:0,2,2,True,CORRECT_REPRESENTATIVE,SINGLE_FEATURE_ABLATION_LOCAL,ABLATION_CONSISTENCY,5,"[20, 117, 19, 28, 92]",0.999989024393512,0.998635426767832,0.001353597625679992,2,False,0.8336750384186886,0.8336841886082781,2,1.5083169473414e-05,0.001338514456206578,14.918621456449323,5,BATCH_1_SAVED_SCALER_MEAN,probability,EXECUTED
EXP-XAI-FIDELITY-001,EXP-XAI-0001,MODEL-C4,6,B6:0,2,2,True,CORRECT_REPRESENTATIVE,SINGLE_FEATURE_ABLATION_LOCAL,ABLATION_CONSISTENCY,10,"[20, 117, 19, 28, 92, 61, 124, 32, 84, 94]",0.999989024393512,0.7408737763438387,0.25911524804967334,2,False,0.986807319508401,0.9868181504360953,2,4.623818146466767e-05,0.2590690098682087,20.391672566958885,10,BATCH_1_SAVED_SCALER_MEAN,probability,EXECUTED
EXP-XAI-FIDELITY-001,EXP-XAI-0001,MODEL-C4,6,B6:1,2,2,True,CORRECT_REPRESENTATIVE,SINGLE_FEATURE_ABLATION_LOCAL,ABLATION_CONSISTENCY,1,[20],0.9998778551367816,0.9996845178876154,0.00019333724916625883,2,False,0.27041420753266987,0.2704472412739631,2,2.5110027086339138e-05,0.00016822722207991968,5.618743690826018,1,BATCH_1_SAVED_SCALER_MEAN,probability,EXECUTED
EXP-XAI-FIDELITY-001,EXP-XAI-0001,MODEL-C4,6,B6:1,2,2,True,CORRECT_REPRESENTATIVE,SINGLE_FEATURE_ABLATION_LOCAL,ABLATION_CONSISTENCY,3,"[20, 19, 28]",0.9998778551367816,0.9962270320354727,0.003650823101308931,2,False,0.7013648845755196,0.7014505631586111,2,8.295044756063315e-05,0.003567872653748298,8.951617494604138,3,BATCH_1_SAVED_SCALER_MEAN,probability,EXECUTED
EXP-XAI-FIDELITY-001,EXP-XAI-0001,MODEL-C4,6,B6:1,2,2,True,CORRECT_REPRESENTATIVE,SINGLE_FEATURE_ABLATION_LOCAL,ABLATION_CONSISTENCY,5,"[20, 19, 28, 92, 61]",0.9998778551367816,0.9186206469285962,0.08125720820818538,2,False,0.7522428140128559,0.7523347078328385,2,0.00011183095463528359,0.0811453772535501,12.156921044231979,5,BATCH_1_SAVED_SCALER_MEAN,probability,EXECUTED
EXP-XAI-FIDELITY-001,EXP-XAI-0001,MODEL-C4,6,B6:1,2,2,True,CORRECT_REPRESENTATIVE,SINGLE_FEATURE_ABLATION_LOCAL,ABLATION_CONSISTENCY,10,"[20, 19, 28, 92, 61, 124, 117, 84, 88, 32]",0.9998778551367816,0.36619150901810993,0.6336863461186717,1,True,0.9885087160571779,0.9886294720688175,2,0.00031423118216535875,0.6333721149365064,17.628650893015273,10,BATCH_1_SAVED_SCALER_MEAN,probability,EXECUTED
EXP-XAI-FIDELITY-001,EXP-XAI-0001,MODEL-C4,6,B6:23,1,1,True,CORRECT_REPRESENTATIVE,SINGLE_FEATURE_ABLATION_LOCAL,ABLATION_CONSISTENCY,1,[100],0.9857857534063463,0.9227134223770833,0.06307233102926302,1,False,0.5053177976544699,0.5126040784301892,1,0.0007801934124128218,0.06229213761685019,5.708503649705066,1,BATCH_1_SAVED_SCALER_MEAN,probability,EXECUTED
EXP-XAI-FIDELITY-001,EXP-XAI-0001,MODEL-C4,6,B6:23,1,1,True,CORRECT_REPRESENTATIVE,SINGLE_FEATURE_ABLATION_LOCAL,ABLATION_CONSISTENCY,3,"[100, 101, 2]",0.9857857534063463,0.4197919703477238,0.5659937830586226,2,True,0.7299493799814532,0.7404746695305141,1,0.002449068809866639,0.563544714248756,9.471732008725972,3,BATCH_1_SAVED_SCALER_MEAN,probability,EXECUTED
EXP-XAI-FIDELITY-001,EXP-XAI-0001,MODEL-C4,6,B6:23,1,1,True,CORRECT_REPRESENTATIVE,SINGLE_FEATURE_ABLATION_LOCAL,ABLATION_CONSISTENCY,5,"[100, 101, 2, 109, 108]",0.9857857534063463,0.16068422895320617,0.8251015244531401,2,True,0.9194517404867065,0.932709503367821,1,0.007313201617962047,0.8177883228351781,12.424254356274643,5,BATCH_1_SAVED_SCALER_MEAN,probability,EXECUTED
EXP-XAI-FIDELITY-001,EXP-XAI-0001,MODEL-C4,6,B6:23,1,1,True,CORRECT_REPRESENTATIVE,SINGLE_FEATURE_ABLATION_LOCAL,ABLATION_CONSISTENCY,10,"[100, 101, 2, 109, 108, 37, 53, 124, 125, 45]",0.9857857534063463,0.2040981750588405,0.7816875783475058,2,True,0.9624221795754281,0.976299542014899,1,0.027122241427320268,0.7545653369201856,14.782205675095057,10,BATCH_1_SAVED_SCALER_MEAN,probability,EXECUTED
EXP-XAI-FIDELITY-001,EXP-XAI-0001,MODEL-C4,6,B6:24,1,1,True,CORRECT_REPRESENTATIVE,SINGLE_FEATURE_ABLATION_LOCAL,ABLATION_CONSISTENCY,1,[100],0.7820764415872027,0.3139282044408762,0.4681482371463265,2,True,0.48570747307811935,0.6210485922480792,1,0.0023814120653415077,0.465766825080985,5.244134493412625,1,BATCH_1_SAVED_SCALER_MEAN,probability,EXECUTED
EXP-XAI-FIDELITY-001,EXP-XAI-0001,MODEL-C4,6,B6:24,1,1,True,CORRECT_REPRESENTATIVE,SINGLE_FEATURE_ABLATION_LOCAL,ABLATION_CONSISTENCY,3,"[100, 101, 109]",0.7820764415872027,0.035630656420643676,0.746445785166559,2,True,0.7782510298019487,0.995108647209101,1,0.03591274820913057,0.7105330369574284,9.542286769741704,3,BATCH_1_SAVED_SCALER_MEAN,probability,EXECUTED
EXP-XAI-FIDELITY-001,EXP-XAI-0001,MODEL-C4,6,B6:24,1,1,True,CORRECT_REPRESENTATIVE,SINGLE_FEATURE_ABLATION_LOCAL,ABLATION_CONSISTENCY,5,"[100, 101, 109, 2, 108]",0.7820764415872027,0.021510489234565694,0.760565952352637,2,True,0.8824209834695991,1.1283052864739793,1,0.025965878451518216,0.7346000739011188,10.75390446789314,5,BATCH_1_SAVED_SCALER_MEAN,probability,EXECUTED
EXP-XAI-FIDELITY-001,EXP-XAI-0001,MODEL-C4,6,B6:24,1,1,True,CORRECT_REPRESENTATIVE,SINGLE_FEATURE_ABLATION_LOCAL,ABLATION_CONSISTENCY,10,"[100, 101, 109, 2, 108, 61, 10, 28, 36, 113]",0.7820764415872027,0.02691039038424184,0.7551660512029609,2,True,0.9080881901271067,1.1611245932484127,1,0.02394513650732648,0.7312209146956344,11.81299770791231,10,BATCH_1_SAVED_SCALER_MEAN,probability,EXECUTED
EXP-XAI-FIDELITY-001,EXP-XAI-0001,MODEL-C4,6,B6:387,3,3,True,CORRECT_REPRESENTATIVE,SINGLE_FEATURE_ABLATION_LOCAL,ABLATION_CONSISTENCY,1,[101],0.393062276159544,0.4992773607420998,-0.1062150845825558,3,False,0.17666990493069004,0.44947051815010536,1,0.003657059176888755,-0.10987214375944455,1.7199628258697783,1,BATCH_1_SAVED_SCALER_MEAN,probability,EXECUTED
EXP-XAI-FIDELITY-001,EXP-XAI-0001,MODEL-C4,6,B6:387,3,3,True,CORRECT_REPRESENTATIVE,SINGLE_FEATURE_ABLATION_LOCAL,ABLATION_CONSISTENCY,3,"[101, 122, 25]",0.393062276159544,0.3777510487954803,0.015311227364063651,3,False,0.2518854736700503,0.6408284105285392,3,-0.0012808923508057456,0.016592119714869395,2.075059545586505,3,BATCH_1_SAVED_SCALER_MEAN,probability,EXECUTED
EXP-XAI-FIDELITY-001,EXP-XAI-0001,MODEL-C4,6,B6:387,3,3,True,CORRECT_REPRESENTATIVE,SINGLE_FEATURE_ABLATION_LOCAL,ABLATION_CONSISTENCY,5,"[101, 122, 25, 70, 99]",0.393062276159544,0.3036850730717863,0.08937720308775765,1,True,0.35128539558876054,0.8937143473065673,3,0.005507949246649326,0.08386925384110833,2.436623667293252,5,BATCH_1_SAVED_SCALER_MEAN,probability,EXECUTED
EXP-XAI-FIDELITY-001,EXP-XAI-0001,MODEL-C4,6,B6:387,3,3,True,CORRECT_REPRESENTATIVE,SINGLE_FEATURE_ABLATION_LOCAL,ABLATION_CONSISTENCY,10,"[101, 122, 25, 70, 99, 109, 108, 75, 114, 1]",0.393062276159544,0.26296987773561603,0.13009239842392795,1,True,0.38749950124542576,0.9858475990917523,3,-0.002113345013364017,0.13220574343729197,3.2162655489179546,10,BATCH_1_SAVED_SCALER_MEAN,probability,EXECUTED
EXP-XAI-FIDELITY-001,EXP-XAI-0001,MODEL-C4,6,B6:388,3,3,True,CORRECT_REPRESENTATIVE,SINGLE_FEATURE_ABLATION_LOCAL,ABLATION_CONSISTENCY,1,[122],0.6046409730429437,0.4890349995532382,0.11560597348970553,3,False,0.26837755322971546,0.4438626642833455,3,0.009439307345868788,0.10616666614383674,0.9907182428451781,1,BATCH_1_SAVED_SCALER_MEAN,probability,EXECUTED
EXP-XAI-FIDELITY-001,EXP-XAI-0001,MODEL-C4,6,B6:388,3,3,True,CORRECT_REPRESENTATIVE,SINGLE_FEATURE_ABLATION_LOCAL,ABLATION_CONSISTENCY,3,"[122, 99, 108]",0.6046409730429437,0.47135324895022657,0.13328772409271716,3,False,0.30739014061346437,0.5083845692204396,3,0.0058889302073838546,0.12739879388533332,1.951904258718205,3,BATCH_1_SAVED_SCALER_MEAN,probability,EXECUTED
EXP-XAI-FIDELITY-001,EXP-XAI-0001,MODEL-C4,6,B6:388,3,3,True,CORRECT_REPRESENTATIVE,SINGLE_FEATURE_ABLATION_LOCAL,ABLATION_CONSISTENCY,5,"[122, 99, 108, 114, 52]",0.6046409730429437,0.4653859535139787,0.13925501952896502,3,False,0.3628868612717648,0.6001691540113199,3,0.01520352345393217,0.12405149607503285,2.261923089807875,5,BATCH_1_SAVED_SCALER_MEAN,probability,EXECUTED
EXP-XAI-FIDELITY-001,EXP-XAI-0001,MODEL-C4,6,B6:388,3,3,True,CORRECT_REPRESENTATIVE,SINGLE_FEATURE_ABLATION_LOCAL,ABLATION_CONSISTENCY,10,"[122, 99, 108, 114, 52, 18, 75, 1, 26, 60]",0.6046409730429437,0.325353008806511,0.2792879642364327,2,True,0.46333107767527204,0.7662912345213573,3,0.00952755302247339,0.26976041121395933,2.749767551639933,10,BATCH_1_SAVED_SCALER_MEAN,probability,EXECUTED
EXP-XAI-FIDELITY-001,EXP-XAI-0001,MODEL-C4,6,B6:491,3,2,False,MISCLASSIFIED,SINGLE_FEATURE_ABLATION_LOCAL,ABLATION_CONSISTENCY,1,[88],0.39492378159462815,0.272753684193383,0.12217009740124518,2,False,0.1635212530190689,0.41405775149523977,3,0.0061159916460029,0.11605410575524228,2.4709322763898682,1,BATCH_1_SAVED_SCALER_MEAN,probability,EXECUTED
EXP-XAI-FIDELITY-001,EXP-XAI-0001,MODEL-C4,6,B6:491,3,2,False,MISCLASSIFIED,SINGLE_FEATURE_ABLATION_LOCAL,ABLATION_CONSISTENCY,3,"[88, 56, 90]",0.39492378159462815,0.49254158356982447,-0.09761780197519632,2,False,0.10805789380951822,0.2736170847275915,1,0.008509955221331649,-0.10612775719652796,3.7792308885540407,3,BATCH_1_SAVED_SCALER_MEAN,probability,EXECUTED
EXP-XAI-FIDELITY-001,EXP-XAI-0001,MODEL-C4,6,B6:491,3,2,False,MISCLASSIFIED,SINGLE_FEATURE_ABLATION_LOCAL,ABLATION_CONSISTENCY,5,"[88, 56, 90, 40, 96]",0.39492378159462815,0.6485572542940871,-0.2536334726994589,2,False,0.0640191333726897,0.16210503483531039,1,0.0437153951229006,-0.2973488678223595,4.6241719150161105,5,BATCH_1_SAVED_SCALER_MEAN,probability,EXECUTED
EXP-XAI-FIDELITY-001,EXP-XAI-0001,MODEL-C4,6,B6:491,3,2,False,MISCLASSIFIED,SINGLE_FEATURE_ABLATION_LOCAL,ABLATION_CONSISTENCY,10,"[88, 56, 90, 40, 96, 128, 61, 32, 21, 101]",0.39492378159462815,0.48752346843668937,-0.09259968684206121,2,False,0.09281170135743616,0.23501167993145392,1,0.04441095533707658,-0.13701064217913778,6.482948792022837,10,BATCH_1_SAVED_SCALER_MEAN,probability,EXECUTED
EXP-XAI-FIDELITY-001,EXP-XAI-0001,MODEL-C4,6,B6:492,3,2,False,MISCLASSIFIED,SINGLE_FEATURE_ABLATION_LOCAL,ABLATION_CONSISTENCY,1,[56],0.3636562605253246,0.4780333469291525,-0.11437708640382788,2,False,0.09922543798459854,0.272855024800786,1,-0.004731254853433385,-0.10964583155039449,2.901016452004694,1,BATCH_1_SAVED_SCALER_MEAN,probability,EXECUTED
EXP-XAI-FIDELITY-001,EXP-XAI-0001,MODEL-C4,6,B6:492,3,2,False,MISCLASSIFIED,SINGLE_FEATURE_ABLATION_LOCAL,ABLATION_CONSISTENCY,3,"[56, 40, 88]",0.3636562605253246,0.490360261577466,-0.12670400105214136,2,False,0.09080614528038226,0.2497032366477261,1,0.00645167341350808,-0.13315567446564944,3.602634332793589,3,BATCH_1_SAVED_SCALER_MEAN,probability,EXECUTED
EXP-XAI-FIDELITY-001,EXP-XAI-0001,MODEL-C4,6,B6:492,3,2,False,MISCLASSIFIED,SINGLE_FEATURE_ABLATION_LOCAL,ABLATION_CONSISTENCY,5,"[56, 40, 88, 90, 32]",0.3636562605253246,0.5194812709698738,-0.15582501044454922,2,False,0.10910783985104895,0.3000301430076736,5,0.0142108459352416,-0.17003585637979082,4.549900168039843,5,BATCH_1_SAVED_SCALER_MEAN,probability,EXECUTED
EXP-XAI-FIDELITY-001,EXP-XAI-0001,MODEL-C4,6,B6:492,3,2,False,MISCLASSIFIED,SINGLE_FEATURE_ABLATION_LOCAL,ABLATION_CONSISTENCY,10,"[56, 40, 88, 90, 32, 61, 48, 101, 96, 24]",0.3636562605253246,0.6950407960223812,-0.3313845354970566,2,False,0.07796528157506474,0.21439279352000962,5,0.055205663277716935,-0.3865901987747735,6.7074162282792225,10,BATCH_1_SAVED_SCALER_MEAN,probability,EXECUTED
EXP-XAI-FIDELITY-001,EXP-XAI-0001,MODEL-C4,6,B6:493,3,2,False,MISCLASSIFIED,SINGLE_FEATURE_ABLATION_LOCAL,ABLATION_CONSISTENCY,1,[40],0.375470102702453,0.5222995508521513,-0.14682944814969828,2,False,0.09634235953706535,0.25659129407012554,1,0.003034544714036876,-0.14986399286373517,1.8439792606237384,1,BATCH_1_SAVED_SCALER_MEAN,probability,EXECUTED
EXP-XAI-FIDELITY-001,EXP-XAI-0001,MODEL-C4,6,B6:493,3,2,False,MISCLASSIFIED,SINGLE_FEATURE_ABLATION_LOCAL,ABLATION_CONSISTENCY,3,"[40, 56, 32]",0.375470102702453,0.5411359431606109,-0.16566584045815785,2,False,0.10549513771155795,0.2809681435412693,5,0.02500007691260277,-0.19066591737076063,4.7843068372781286,3,BATCH_1_SAVED_SCALER_MEAN,probability,EXECUTED
EXP-XAI-FIDELITY-001,EXP-XAI-0001,MODEL-C4,6,B6:493,3,2,False,MISCLASSIFIED,SINGLE_FEATURE_ABLATION_LOCAL,ABLATION_CONSISTENCY,5,"[40, 56, 32, 88, 100]",0.375470102702453,0.5763367646391953,-0.20086666193674224,2,False,0.1088475258528041,0.2898966524081998,1,0.030589770974941786,-0.23145643291168402,5.792725787365517,5,BATCH_1_SAVED_SCALER_MEAN,probability,EXECUTED
EXP-XAI-FIDELITY-001,EXP-XAI-0001,MODEL-C4,6,B6:493,3,2,False,MISCLASSIFIED,SINGLE_FEATURE_ABLATION_LOCAL,ABLATION_CONSISTENCY,10,"[40, 56, 32, 88, 100, 61, 121, 90, 64, 101]",0.375470102702453,0.6563718079772487,-0.2809017052747957,2,False,0.09769893377241883,0.2602042960790458,1,0.007152075399089475,-0.28805378067388515,7.946842699937928,10,BATCH_1_SAVED_SCALER_MEAN,probability,EXECUTED
EXP-XAI-FIDELITY-001,EXP-XAI-0001,MODEL-C4,6,B6:494,3,1,False,MISCLASSIFIED,SINGLE_FEATURE_ABLATION_LOCAL,ABLATION_CONSISTENCY,1,[100],0.41410430963082856,0.21541308959450037,0.1986912200363282,2,True,0.3848793803930544,0.9294261649587081,1,-0.017205084717649713,0.21589630475397792,2.9786170225587205,1,BATCH_1_SAVED_SCALER_MEAN,probability,EXECUTED
EXP-XAI-FIDELITY-001,EXP-XAI-0001,MODEL-C4,6,B6:494,3,1,False,MISCLASSIFIED,SINGLE_FEATURE_ABLATION_LOCAL,ABLATION_CONSISTENCY,3,"[100, 32, 40]",0.41410430963082856,0.23893615541224883,0.17516815421857973,2,True,0.28670439895323346,0.6923482617431068,1,0.018040462674460127,0.1571276915441196,5.154687354329019,3,BATCH_1_SAVED_SCALER_MEAN,probability,EXECUTED
EXP-XAI-FIDELITY-001,EXP-XAI-0001,MODEL-C4,6,B6:494,3,1,False,MISCLASSIFIED,SINGLE_FEATURE_ABLATION_LOCAL,ABLATION_CONSISTENCY,5,"[100, 32, 40, 56, 61]",0.41410430963082856,0.24459353216034754,0.16951077747048102,2,True,0.25467707906694786,0.6150070722374054,1,0.01744001969845587,0.15207075777202514,6.781468551720962,5,BATCH_1_SAVED_SCALER_MEAN,probability,EXECUTED
EXP-XAI-FIDELITY-001,EXP-XAI-0001,MODEL-C4,6,B6:494,3,1,False,MISCLASSIFIED,SINGLE_FEATURE_ABLATION_LOCAL,ABLATION_CONSISTENCY,10,"[100, 32, 40, 56, 61, 101, 113, 19, 109, 121]",0.41410430963082856,0.07245118576756822,0.34165312386326036,2,True,0.5822689838701735,1.406092548008647,1,0.026733633157365745,0.3149194907058946,8.756942738331839,10,BATCH_1_SAVED_SCALER_MEAN,probability,EXECUTED
EXP-XAI-FIDELITY-001,EXP-XAI-0001,MODEL-C4,6,B6:495,3,1,False,MISCLASSIFIED,SINGLE_FEATURE_ABLATION_LOCAL,ABLATION_CONSISTENCY,1,[100],0.6751008238354896,0.43556423740551853,0.2395365864299711,1,False,0.4015512759705062,0.5948019344564706,1,0.01209445402344182,0.2274421324065293,3.3454728016769733,1,BATCH_1_SAVED_SCALER_MEAN,probability,EXECUTED
EXP-XAI-FIDELITY-001,EXP-XAI-0001,MODEL-C4,6,B6:495,3,1,False,MISCLASSIFIED,SINGLE_FEATURE_ABLATION_LOCAL,ABLATION_CONSISTENCY,3,"[100, 40, 56]",0.6751008238354896,0.12683847408291107,0.5482623497525786,2,True,0.44939690379629565,0.6656737600216673,1,0.029813695546611164,0.5184486542059674,5.883778687102016,3,BATCH_1_SAVED_SCALER_MEAN,probability,EXECUTED
EXP-XAI-FIDELITY-001,EXP-XAI-0001,MODEL-C4,6,B6:495,3,1,False,MISCLASSIFIED,SINGLE_FEATURE_ABLATION_LOCAL,ABLATION_CONSISTENCY,5,"[100, 40, 56, 113, 109]",0.6751008238354896,0.03999409073332166,0.635106733102168,2,True,0.6524064873790545,0.9663837820142175,1,0.0714099521951179,0.5636967809070501,7.056379803569075,5,BATCH_1_SAVED_SCALER_MEAN,probability,EXECUTED
EXP-XAI-FIDELITY-001,EXP-XAI-0001,MODEL-C4,6,B6:495,3,1,False,MISCLASSIFIED,SINGLE_FEATURE_ABLATION_LOCAL,ABLATION_CONSISTENCY,10,"[100, 40, 56, 113, 109, 32, 101, 24, 61, 19]",0.6751008238354896,0.09897522004593609,0.5761256037895536,2,True,0.7150329664698479,1.0591498946890474,1,0.08160185779043429,0.4945237459991193,10.393770080453852,10,BATCH_1_SAVED_SCALER_MEAN,probability,EXECUTED
EXP-XAI-FIDELITY-001,EXP-XAI-0001,MODEL-C4,6,B6:521,4,1,False,NEAR_DECISION_BOUNDARY,SINGLE_FEATURE_ABLATION_LOCAL,ABLATION_CONSISTENCY,1,[101],0.3897856653758799,0.2179033717001912,0.1718822936756887,2,True,0.2679305794538389,0.6873792528913727,1,0.009933055649599624,0.16194923802608907,2.7098007441835117,1,BATCH_1_SAVED_SCALER_MEAN,probability,EXECUTED
EXP-XAI-FIDELITY-001,EXP-XAI-0001,MODEL-C4,6,B6:521,4,1,False,NEAR_DECISION_BOUNDARY,SINGLE_FEATURE_ABLATION_LOCAL,ABLATION_CONSISTENCY,3,"[101, 100, 40]",0.3897856653758799,0.07081718513150932,0.3189684802443706,2,True,0.4485676524315667,1.1508059230423517,1,0.008789153442737424,0.3101793268016332,3.892440894349296,3,BATCH_1_SAVED_SCALER_MEAN,probability,EXECUTED
EXP-XAI-FIDELITY-001,EXP-XAI-0001,MODEL-C4,6,B6:521,4,1,False,NEAR_DECISION_BOUNDARY,SINGLE_FEATURE_ABLATION_LOCAL,ABLATION_CONSISTENCY,5,"[101, 100, 40, 109, 32]",0.3897856653758799,0.08157742981844467,0.3082082355574352,2,True,0.5380510334448783,1.3803766562991033,1,-0.005858607249583864,0.3140668428070191,5.107516077445608,5,BATCH_1_SAVED_SCALER_MEAN,probability,EXECUTED
EXP-XAI-FIDELITY-001,EXP-XAI-0001,MODEL-C4,6,B6:521,4,1,False,NEAR_DECISION_BOUNDARY,SINGLE_FEATURE_ABLATION_LOCAL,ABLATION_CONSISTENCY,10,"[101, 100, 40, 109, 32, 64, 2, 56, 61, 10]",0.3897856653758799,0.05866875772041146,0.3311169076554684,2,True,0.4823053882310961,1.2373605062310262,1,-0.0058499350410992764,0.3369668426965677,6.64416542715919,10,BATCH_1_SAVED_SCALER_MEAN,probability,EXECUTED
EXP-XAI-FIDELITY-001,EXP-XAI-0001,MODEL-C4,6,B6:663,5,2,False,NEAR_DECISION_BOUNDARY,SINGLE_FEATURE_ABLATION_LOCAL,ABLATION_CONSISTENCY,1,[56],0.2356469892593779,0.32689365393045605,-0.09124666467107814,2,False,0.09986655684531141,0.42379729594333054,1,-0.0015651256264138168,-0.08968153904466433,2.814732211585943,1,BATCH_1_SAVED_SCALER_MEAN,probability,EXECUTED
EXP-XAI-FIDELITY-001,EXP-XAI-0001,MODEL-C4,6,B6:663,5,2,False,NEAR_DECISION_BOUNDARY,SINGLE_FEATURE_ABLATION_LOCAL,ABLATION_CONSISTENCY,3,"[56, 40, 32]",0.2356469892593779,0.30758604012216434,-0.07193905086278643,2,False,0.10929560297916643,0.46381073368547976,5,-0.009524340357623196,-0.062414710505163236,4.602210356257436,3,BATCH_1_SAVED_SCALER_MEAN,probability,EXECUTED
EXP-XAI-FIDELITY-001,EXP-XAI-0001,MODEL-C4,6,B6:663,5,2,False,NEAR_DECISION_BOUNDARY,SINGLE_FEATURE_ABLATION_LOCAL,ABLATION_CONSISTENCY,5,"[56, 40, 32, 88, 48]",0.2356469892593779,0.29451920962793365,-0.058872220368555744,2,False,0.1436733847743043,0.609697519267527,4,0.0008311389305198979,-0.059703359299075644,5.18964412592268,5,BATCH_1_SAVED_SCALER_MEAN,probability,EXECUTED
EXP-XAI-FIDELITY-001,EXP-XAI-0001,MODEL-C4,6,B6:663,5,2,False,NEAR_DECISION_BOUNDARY,SINGLE_FEATURE_ABLATION_LOCAL,ABLATION_CONSISTENCY,10,"[56, 40, 32, 88, 48, 90, 64, 24, 113, 57]",0.2356469892593779,0.3147243901310483,-0.0790774008716704,2,False,0.07782720586733254,0.33027031710414817,5,0.0047950504534538495,-0.08387245132512425,7.227744002180166,10,BATCH_1_SAVED_SCALER_MEAN,probability,EXECUTED
EXP-XAI-FIDELITY-001,EXP-XAI-0001,MODEL-C4,6,B6:665,5,2,False,NEAR_DECISION_BOUNDARY,SINGLE_FEATURE_ABLATION_LOCAL,ABLATION_CONSISTENCY,1,[90],0.28376300371910235,0.35224702932008967,-0.06848402560098732,2,False,0.10804850593455843,0.38077023614225586,1,-0.0004953196533039254,-0.0679887059476834,1.2403039758373124,1,BATCH_1_SAVED_SCALER_MEAN,probability,EXECUTED
EXP-XAI-FIDELITY-001,EXP-XAI-0001,MODEL-C4,6,B6:665,5,2,False,NEAR_DECISION_BOUNDARY,SINGLE_FEATURE_ABLATION_LOCAL,ABLATION_CONSISTENCY,3,"[90, 32, 98]",0.28376300371910235,0.21332893500886912,0.07043406871023322,3,True,0.1109211519270349,0.3908936347348367,4,0.009893023349739906,0.06054104536049332,2.264229700693122,3,BATCH_1_SAVED_SCALER_MEAN,probability,EXECUTED
EXP-XAI-FIDELITY-001,EXP-XAI-0001,MODEL-C4,6,B6:665,5,2,False,NEAR_DECISION_BOUNDARY,SINGLE_FEATURE_ABLATION_LOCAL,ABLATION_CONSISTENCY,5,"[90, 32, 98, 40, 46]",0.28376300371910235,0.22462710478715076,0.05913589893195159,3,True,0.10448814153446141,0.36822327140959665,5,0.00680643896227256,0.05232945996967903,2.705624378747537,5,BATCH_1_SAVED_SCALER_MEAN,probability,EXECUTED
EXP-XAI-FIDELITY-001,EXP-XAI-0001,MODEL-C4,6,B6:665,5,2,False,NEAR_DECISION_BOUNDARY,SINGLE_FEATURE_ABLATION_LOCAL,ABLATION_CONSISTENCY,10,"[90, 32, 98, 40, 46, 101, 58, 29, 82, 34]",0.28376300371910235,0.2895849432917829,-0.005821939572680568,3,True,0.09779174471785702,0.3446247165280972,5,0.013128887666263205,-0.01895082723894377,3.7886948017285937,10,BATCH_1_SAVED_SCALER_MEAN,probability,EXECUTED
EXP-XAI-FIDELITY-001,EXP-XAI-0001,MODEL-C4,6,B6:1329,2,1,False,NEAR_DECISION_BOUNDARY,SINGLE_FEATURE_ABLATION_LOCAL,ABLATION_CONSISTENCY,1,[90],0.36718436093850715,0.2848888972194564,0.08229546371905072,3,True,0.24245056182374478,0.6602965366064387,1,-0.006827788269824679,0.0891232519888754,1.5510951016616163,1,BATCH_1_SAVED_SCALER_MEAN,probability,EXECUTED
EXP-XAI-FIDELITY-001,EXP-XAI-0001,MODEL-C4,6,B6:1329,2,1,False,NEAR_DECISION_BOUNDARY,SINGLE_FEATURE_ABLATION_LOCAL,ABLATION_CONSISTENCY,3,"[90, 89, 58]",0.36718436093850715,0.17176188062863312,0.19542248030987402,3,True,0.2692516724718034,0.7332874193868386,1,0.009052049306343884,0.18637043100353015,2.4225944845431497,3,BATCH_1_SAVED_SCALER_MEAN,probability,EXECUTED
EXP-XAI-FIDELITY-001,EXP-XAI-0001,MODEL-C4,6,B6:1329,2,1,False,NEAR_DECISION_BOUNDARY,SINGLE_FEATURE_ABLATION_LOCAL,ABLATION_CONSISTENCY,5,"[90, 89, 58, 10, 41]",0.36718436093850715,0.17125929620600147,0.19592506473250568,3,True,0.28803316261831874,0.7844374468512727,1,0.0019312208783569466,0.19399384385414872,2.966658313439915,5,BATCH_1_SAVED_SCALER_MEAN,probability,EXECUTED
EXP-XAI-FIDELITY-001,EXP-XAI-0001,MODEL-C4,6,B6:1329,2,1,False,NEAR_DECISION_BOUNDARY,SINGLE_FEATURE_ABLATION_LOCAL,ABLATION_CONSISTENCY,10,"[90, 89, 58, 10, 41, 87, 2, 26, 42, 122]",0.36718436093850715,0.3431723722772033,0.02401198866130383,1,False,0.22279767954690524,0.6067733358181272,3,0.02984726701511901,-0.005835278353815181,4.1091691758099,10,BATCH_1_SAVED_SCALER_MEAN,probability,EXECUTED
EXP-XAI-FIDELITY-001,EXP-XAI-0001,MODEL-C4,6,B6:1384,5,5,True,CORRECT_REPRESENTATIVE,SINGLE_FEATURE_ABLATION_LOCAL,ABLATION_CONSISTENCY,1,[56],0.2275510149911812,0.18548332073824428,0.04206769425293691,6,True,0.17447207588815586,0.7667382889718931,1,-0.0037938899295908196,0.04586158418252773,2.2397374425792456,1,BATCH_1_SAVED_SCALER_MEAN,probability,EXECUTED
EXP-XAI-FIDELITY-001,EXP-XAI-0001,MODEL-C4,6,B6:1384,5,5,True,CORRECT_REPRESENTATIVE,SINGLE_FEATURE_ABLATION_LOCAL,ABLATION_CONSISTENCY,3,"[56, 64, 48]",0.2275510149911812,0.20289660593300943,0.02465440905817176,6,True,0.23187141582088633,1.018986515308985,5,-0.0012530764931567527,0.025907485551328515,3.4363729461486616,3,BATCH_1_SAVED_SCALER_MEAN,probability,EXECUTED
EXP-XAI-FIDELITY-001,EXP-XAI-0001,MODEL-C4,6,B6:1384,5,5,True,CORRECT_REPRESENTATIVE,SINGLE_FEATURE_ABLATION_LOCAL,ABLATION_CONSISTENCY,5,"[56, 64, 48, 10, 120]",0.2275510149911812,0.1749964001363346,0.05255461485484658,6,True,0.2423233753443357,1.0649188945772314,5,0.0006101276048897828,0.051944487249956796,3.992848140195269,5,BATCH_1_SAVED_SCALER_MEAN,probability,EXECUTED
EXP-XAI-FIDELITY-001,EXP-XAI-0001,MODEL-C4,6,B6:1384,5,5,True,CORRECT_REPRESENTATIVE,SINGLE_FEATURE_ABLATION_LOCAL,ABLATION_CONSISTENCY,10,"[56, 64, 48, 10, 120, 32, 122, 42, 96, 90]",0.2275510149911812,0.1717253497897776,0.055825665201403585,1,True,0.32725255291620636,1.438150266782546,5,-0.013769734775183139,0.06959539997658673,4.998444019446643,10,BATCH_1_SAVED_SCALER_MEAN,probability,EXECUTED
EXP-XAI-FIDELITY-001,EXP-XAI-0001,MODEL-C4,6,B6:1389,5,5,True,CORRECT_REPRESENTATIVE,SINGLE_FEATURE_ABLATION_LOCAL,ABLATION_CONSISTENCY,1,[64],0.23288729804518504,0.27649421287550957,-0.04360691483032453,5,False,0.16747156191491805,0.7191099013155497,3,-0.001564139130027565,-0.042042775700296964,2.0974562942181807,1,BATCH_1_SAVED_SCALER_MEAN,probability,EXECUTED
EXP-XAI-FIDELITY-001,EXP-XAI-0001,MODEL-C4,6,B6:1389,5,5,True,CORRECT_REPRESENTATIVE,SINGLE_FEATURE_ABLATION_LOCAL,ABLATION_CONSISTENCY,3,"[64, 56, 120]",0.23288729804518504,0.20365606217720597,0.029231235867979072,6,True,0.2317932898897856,0.995302413808815,5,-0.0035148768967761894,0.03274611276475526,3.4701713714571136,3,BATCH_1_SAVED_SCALER_MEAN,probability,EXECUTED
EXP-XAI-FIDELITY-001,EXP-XAI-0001,MODEL-C4,6,B6:1389,5,5,True,CORRECT_REPRESENTATIVE,SINGLE_FEATURE_ABLATION_LOCAL,ABLATION_CONSISTENCY,5,"[64, 56, 120, 32, 122]",0.23288729804518504,0.2606128193447167,-0.027725521299531652,5,False,0.29536738516286054,1.2682846494511395,5,-0.00381737566661585,-0.023908145632915802,4.108792843074583,5,BATCH_1_SAVED_SCALER_MEAN,probability,EXECUTED
EXP-XAI-FIDELITY-001,EXP-XAI-0001,MODEL-C4,6,B6:1389,5,5,True,CORRECT_REPRESENTATIVE,SINGLE_FEATURE_ABLATION_LOCAL,ABLATION_CONSISTENCY,10,"[64, 56, 120, 32, 122, 88, 42, 48, 10, 96]",0.23288729804518504,0.279580800849712,-0.04669350280452694,5,False,0.26726306289109003,1.1476068687921115,5,0.0026495256188067,-0.04934302842333364,4.932347539924545,10,BATCH_1_SAVED_SCALER_MEAN,probability,EXECUTED
EXP-XAI-FIDELITY-001,EXP-XAI-0001,MODEL-C4,6,B6:1811,5,1,False,NEAR_DECISION_BOUNDARY,SINGLE_FEATURE_ABLATION_LOCAL,ABLATION_CONSISTENCY,1,[32],0.21317594924768243,0.2845834938588128,-0.07140754461113039,1,False,0.1486764146323786,0.697435217983414,3,2.994975547212601e-05,-0.07143749436660252,2.186563617716677,1,BATCH_1_SAVED_SCALER_MEAN,probability,EXECUTED
EXP-XAI-FIDELITY-001,EXP-XAI-0001,MODEL-C4,6,B6:1811,5,1,False,NEAR_DECISION_BOUNDARY,SINGLE_FEATURE_ABLATION_LOCAL,ABLATION_CONSISTENCY,3,"[32, 109, 40]",0.21317594924768243,0.14665316897572947,0.06652278027195296,3,True,0.29858015373788677,1.4006277668358162,1,0.009769133531036818,0.056753646740916146,3.3860641104320237,3,BATCH_1_SAVED_SCALER_MEAN,probability,EXECUTED
EXP-XAI-FIDELITY-001,EXP-XAI-0001,MODEL-C4,6,B6:1811,5,1,False,NEAR_DECISION_BOUNDARY,SINGLE_FEATURE_ABLATION_LOCAL,ABLATION_CONSISTENCY,5,"[32, 109, 40, 100, 56]",0.21317594924768243,0.08900168949346621,0.12417425975421623,2,True,0.4315453751216183,2.024362394747539,1,0.0020947477471962533,0.12207951200701997,4.546474264107439,5,BATCH_1_SAVED_SCALER_MEAN,probability,EXECUTED
EXP-XAI-FIDELITY-001,EXP-XAI-0001,MODEL-C4,6,B6:1811,5,1,False,NEAR_DECISION_BOUNDARY,SINGLE_FEATURE_ABLATION_LOCAL,ABLATION_CONSISTENCY,10,"[32, 109, 40, 100, 56, 98, 64, 122, 120, 16]",0.21317594924768243,0.1318176051200294,0.08135834412765303,2,True,0.18061584141240208,0.8472618137731391,5,0.01640873533746029,0.06494960879019274,5.68442428195429,10,BATCH_1_SAVED_SCALER_MEAN,probability,EXECUTED
EXP-XAI-FIDELITY-001,EXP-XAI-0001,MODEL-C4,6,B6:1896,6,6,True,CORRECT_REPRESENTATIVE,SINGLE_FEATURE_ABLATION_LOCAL,ABLATION_CONSISTENCY,1,[66],0.3616038456400901,0.22713890171133855,0.13446494392875158,1,True,0.1504692944302559,0.4161164109411057,1,0.0065930349819317505,0.12787190894681982,2.0020009322103935,1,BATCH_1_SAVED_SCALER_MEAN,probability,EXECUTED
EXP-XAI-FIDELITY-001,EXP-XAI-0001,MODEL-C4,6,B6:1896,6,6,True,CORRECT_REPRESENTATIVE,SINGLE_FEATURE_ABLATION_LOCAL,ABLATION_CONSISTENCY,3,"[66, 2, 10]",0.3616038456400901,0.09677145375813911,0.264832391881951,1,True,0.17491767210824388,0.48372735582669146,4,0.01310487918088083,0.2517275127010702,5.363125463396757,3,BATCH_1_SAVED_SCALER_MEAN,probability,EXECUTED
EXP-XAI-FIDELITY-001,EXP-XAI-0001,MODEL-C4,6,B6:1896,6,6,True,CORRECT_REPRESENTATIVE,SINGLE_FEATURE_ABLATION_LOCAL,ABLATION_CONSISTENCY,5,"[66, 2, 10, 32, 64]",0.3616038456400901,0.06885294566574197,0.29275089997434817,1,True,0.21781483728280518,0.6023576350446218,4,0.029071190340048732,0.26367970963429943,5.50056062236421,5,BATCH_1_SAVED_SCALER_MEAN,probability,EXECUTED
EXP-XAI-FIDELITY-001,EXP-XAI-0001,MODEL-C4,6,B6:1896,6,6,True,CORRECT_REPRESENTATIVE,SINGLE_FEATURE_ABLATION_LOCAL,ABLATION_CONSISTENCY,10,"[66, 2, 10, 32, 64, 42, 108, 39, 78, 34]",0.3616038456400901,0.05596070050515421,0.3056431451349359,1,True,0.28143366547066484,0.7782927888183471,6,0.04087381183685997,0.26476933329807595,5.733372357933639,10,BATCH_1_SAVED_SCALER_MEAN,probability,EXECUTED
EXP-XAI-FIDELITY-001,EXP-XAI-0001,MODEL-C4,10,B10:0,4,1,False,MISCLASSIFIED,SINGLE_FEATURE_ABLATION_LOCAL,ABLATION_CONSISTENCY,1,[89],0.763549748203593,0.6797969463690281,0.0837528018345649,1,False,0.28866361545120395,0.3780547582267484,1,0.006710002260973961,0.07704279957359095,1.4561058577215928,1,BATCH_1_SAVED_SCALER_MEAN,probability,EXECUTED
EXP-XAI-FIDELITY-001,EXP-XAI-0001,MODEL-C4,10,B10:0,4,1,False,MISCLASSIFIED,SINGLE_FEATURE_ABLATION_LOCAL,ABLATION_CONSISTENCY,3,"[89, 41, 22]",0.763549748203593,0.5535715887191363,0.20997815948445675,1,False,0.3003905529816931,0.3934132041670151,1,0.015978189521978582,0.19399996996247817,2.244536820576047,3,BATCH_1_SAVED_SCALER_MEAN,probability,EXECUTED
EXP-XAI-FIDELITY-001,EXP-XAI-0001,MODEL-C4,10,B10:0,4,1,False,MISCLASSIFIED,SINGLE_FEATURE_ABLATION_LOCAL,ABLATION_CONSISTENCY,5,"[89, 41, 22, 58, 19]",0.763549748203593,0.4186047963540558,0.3449449518495372,1,False,0.3510285109268031,0.4597323380076668,1,0.038192511507489625,0.30675244034204757,2.7400744030255044,5,BATCH_1_SAVED_SCALER_MEAN,probability,EXECUTED
EXP-XAI-FIDELITY-001,EXP-XAI-0001,MODEL-C4,10,B10:0,4,1,False,MISCLASSIFIED,SINGLE_FEATURE_ABLATION_LOCAL,ABLATION_CONSISTENCY,10,"[89, 41, 22, 58, 19, 87, 109, 86, 122, 23]",0.763549748203593,0.24499905142831585,0.5185506967752771,6,True,0.42986316592319185,0.5629799065935558,1,0.06183088907603535,0.45671980769924175,3.680519770040146,10,BATCH_1_SAVED_SCALER_MEAN,probability,EXECUTED
EXP-XAI-FIDELITY-001,EXP-XAI-0001,MODEL-C4,10,B10:1,3,1,False,MISCLASSIFIED,SINGLE_FEATURE_ABLATION_LOCAL,ABLATION_CONSISTENCY,1,[90],0.45090982806882635,0.35299070530150417,0.09791912276732218,1,False,0.24245024262682532,0.537691191308028,1,0.00390186436486068,0.0940172584024615,1.5528199132355043,1,BATCH_1_SAVED_SCALER_MEAN,probability,EXECUTED
EXP-XAI-FIDELITY-001,EXP-XAI-0001,MODEL-C4,10,B10:1,3,1,False,MISCLASSIFIED,SINGLE_FEATURE_ABLATION_LOCAL,ABLATION_CONSISTENCY,3,"[90, 89, 58]",0.45090982806882635,0.21096610298514543,0.23994372508368092,2,True,0.27665859687960126,0.6135563690516243,1,0.01078420873547065,0.22915951634821027,2.523334985654686,3,BATCH_1_SAVED_SCALER_MEAN,probability,EXECUTED
EXP-XAI-FIDELITY-001,EXP-XAI-0001,MODEL-C4,10,B10:1,3,1,False,MISCLASSIFIED,SINGLE_FEATURE_ABLATION_LOCAL,ABLATION_CONSISTENCY,5,"[90, 89, 58, 10, 42]",0.45090982806882635,0.364842579613954,0.08606724845487235,1,False,0.22182576420341288,0.4919514953875737,1,0.005432775752141048,0.0806344727027313,3.1630195018031695,5,BATCH_1_SAVED_SCALER_MEAN,probability,EXECUTED
EXP-XAI-FIDELITY-001,EXP-XAI-0001,MODEL-C4,10,B10:1,3,1,False,MISCLASSIFIED,SINGLE_FEATURE_ABLATION_LOCAL,ABLATION_CONSISTENCY,10,"[90, 89, 58, 10, 42, 87, 2, 19, 82, 41]",0.45090982806882635,0.1850954795111085,0.26581434855771785,3,True,0.2938306609648278,0.6516395134327785,1,0.017769855501345667,0.2480444930563722,4.125345292860176,10,BATCH_1_SAVED_SCALER_MEAN,probability,EXECUTED
EXP-XAI-FIDELITY-001,EXP-XAI-0001,MODEL-C4,10,B10:2,4,1,False,MISCLASSIFIED,SINGLE_FEATURE_ABLATION_LOCAL,ABLATION_CONSISTENCY,1,[109],0.6360270971280488,0.5507091231043043,0.08531797402374452,1,False,0.32600056320256465,0.5125576640910509,1,0.0059830109536453515,0.07933496307009917,1.8472683727357617,1,BATCH_1_SAVED_SCALER_MEAN,probability,EXECUTED
EXP-XAI-FIDELITY-001,EXP-XAI-0001,MODEL-C4,10,B10:2,4,1,False,MISCLASSIFIED,SINGLE_FEATURE_ABLATION_LOCAL,ABLATION_CONSISTENCY,3,"[109, 100, 40]",0.6360270971280488,0.38807419183481245,0.24795290529323638,1,False,0.42835781049976074,0.6734898755634638,1,-0.0010390557950227363,0.2489919610882591,2.557384894992431,3,BATCH_1_SAVED_SCALER_MEAN,probability,EXECUTED
EXP-XAI-FIDELITY-001,EXP-XAI-0001,MODEL-C4,10,B10:2,4,1,False,MISCLASSIFIED,SINGLE_FEATURE_ABLATION_LOCAL,ABLATION_CONSISTENCY,5,"[109, 100, 40, 2, 37]",0.6360270971280488,0.30696551229236074,0.3290615848356881,1,False,0.5481063586982028,0.861765734782609,1,0.018434140782382185,0.3106274440533059,3.8269525415831818,5,BATCH_1_SAVED_SCALER_MEAN,probability,EXECUTED
EXP-XAI-FIDELITY-001,EXP-XAI-0001,MODEL-C4,10,B10:2,4,1,False,MISCLASSIFIED,SINGLE_FEATURE_ABLATION_LOCAL,ABLATION_CONSISTENCY,10,"[109, 100, 40, 2, 37, 112, 108, 44, 101, 66]",0.6360270971280488,0.2735317995542898,0.36249529757375903,1,False,0.6226171230478178,0.978916033387912,1,0.029102518664715183,0.33339277890904384,5.070490892461971,10,BATCH_1_SAVED_SCALER_MEAN,probability,EXECUTED
EXP-XAI-FIDELITY-001,EXP-XAI-0001,MODEL-C4,10,B10:3,3,2,False,MISCLASSIFIED,SINGLE_FEATURE_ABLATION_LOCAL,ABLATION_CONSISTENCY,1,[110],0.5987925941481771,0.4808254263744305,0.1179671677737466,2,False,0.14322257014636286,0.23918560708003853,1,0.009187731028502484,0.10877943674524412,1.0334766381737788,1,BATCH_1_SAVED_SCALER_MEAN,probability,EXECUTED
EXP-XAI-FIDELITY-001,EXP-XAI-0001,MODEL-C4,10,B10:3,3,2,False,MISCLASSIFIED,SINGLE_FEATURE_ABLATION_LOCAL,ABLATION_CONSISTENCY,3,"[110, 46, 98]",0.5987925941481771,0.2849362551193408,0.3138563390288363,3,True,0.19793476960848677,0.3305564757193805,4,0.023391988521805566,0.29046435050703073,1.8844054297315886,3,BATCH_1_SAVED_SCALER_MEAN,probability,EXECUTED
EXP-XAI-FIDELITY-001,EXP-XAI-0001,MODEL-C4,10,B10:3,3,2,False,MISCLASSIFIED,SINGLE_FEATURE_ABLATION_LOCAL,ABLATION_CONSISTENCY,5,"[110, 46, 98, 121, 65]",0.5987925941481771,0.1737720973964491,0.425020496751728,3,True,0.2654238971422893,0.443265163490996,2,0.026276732710464122,0.3987437640412639,2.3041676442203114,5,BATCH_1_SAVED_SCALER_MEAN,probability,EXECUTED
EXP-XAI-FIDELITY-001,EXP-XAI-0001,MODEL-C4,10,B10:3,3,2,False,MISCLASSIFIED,SINGLE_FEATURE_ABLATION_LOCAL,ABLATION_CONSISTENCY,10,"[110, 46, 98, 121, 65, 2, 34, 97, 82, 122]",0.5987925941481771,0.15156619591026183,0.44722639823791527,3,True,0.3454489217819343,0.5769091420934468,2,0.03988345076684679,0.4073429474710685,3.237501824762379,10,BATCH_1_SAVED_SCALER_MEAN,probability,EXECUTED
EXP-XAI-FIDELITY-001,EXP-XAI-0001,MODEL-C4,10,B10:4,4,1,False,MISCLASSIFIED,SINGLE_FEATURE_ABLATION_LOCAL,ABLATION_CONSISTENCY,1,[109],0.5067703100942881,0.41333981236610357,0.09343049772818451,1,False,0.30556603350958317,0.6029675129403901,1,0.0006278717212094553,0.09280262600697506,1.4475256345849796,1,BATCH_1_SAVED_SCALER_MEAN,probability,EXECUTED
EXP-XAI-FIDELITY-001,EXP-XAI-0001,MODEL-C4,10,B10:4,4,1,False,MISCLASSIFIED,SINGLE_FEATURE_ABLATION_LOCAL,ABLATION_CONSISTENCY,3,"[109, 37, 89]",0.5067703100942881,0.30701306587101485,0.19975724422327323,6,True,0.3775966074427968,0.7451040440244858,1,0.006005696423102677,0.19375154780017056,2.334199936924883,3,BATCH_1_SAVED_SCALER_MEAN,probability,EXECUTED
EXP-XAI-FIDELITY-001,EXP-XAI-0001,MODEL-C4,10,B10:4,4,1,False,MISCLASSIFIED,SINGLE_FEATURE_ABLATION_LOCAL,ABLATION_CONSISTENCY,5,"[109, 37, 89, 112, 104]",0.5067703100942881,0.4104368695146309,0.0963334405796572,1,False,0.31609659567083714,0.6237472665121704,1,0.015632752275697662,0.08070068830395954,2.777570577499274,5,BATCH_1_SAVED_SCALER_MEAN,probability,EXECUTED
EXP-XAI-FIDELITY-001,EXP-XAI-0001,MODEL-C4,10,B10:4,4,1,False,MISCLASSIFIED,SINGLE_FEATURE_ABLATION_LOCAL,ABLATION_CONSISTENCY,10,"[109, 37, 89, 112, 104, 66, 74, 79, 102, 82]",0.5067703100942881,0.47639076904336447,0.03037954105092361,1,False,0.2597191622119199,0.5124987731889766,1,0.03697026219577994,-0.006590721144856329,3.2053989825923623,10,BATCH_1_SAVED_SCALER_MEAN,probability,EXECUTED
EXP-XAI-FIDELITY-001,EXP-XAI-0001,MODEL-C4,10,B10:7,3,3,True,CORRECT_REPRESENTATIVE,SINGLE_FEATURE_ABLATION_LOCAL,ABLATION_CONSISTENCY,1,[122],0.37660655961176676,0.2792837661827231,0.09732279342904365,1,True,0.28032045654028614,0.7443323792056642,3,0.0077966753362559245,0.08952611809278772,1.188419701212966,1,BATCH_1_SAVED_SCALER_MEAN,probability,EXECUTED
EXP-XAI-FIDELITY-001,EXP-XAI-0001,MODEL-C4,10,B10:7,3,3,True,CORRECT_REPRESENTATIVE,SINGLE_FEATURE_ABLATION_LOCAL,ABLATION_CONSISTENCY,3,"[122, 110, 46]",0.37660655961176676,0.42791898184118093,-0.05131242222941418,3,False,0.19524083536340783,0.5184212286814022,4,-0.005725116648710495,-0.04558730558070368,2.015616473864354,3,BATCH_1_SAVED_SCALER_MEAN,probability,EXECUTED
EXP-XAI-FIDELITY-001,EXP-XAI-0001,MODEL-C4,10,B10:7,3,3,True,CORRECT_REPRESENTATIVE,SINGLE_FEATURE_ABLATION_LOCAL,ABLATION_CONSISTENCY,5,"[122, 110, 46, 114, 121]",0.37660655961176676,0.4217755529122922,-0.04516899330052543,3,False,0.2286782097692769,0.6072071872699587,3,0.023406342582646778,-0.0685753358831722,2.590599770014977,5,BATCH_1_SAVED_SCALER_MEAN,probability,EXECUTED
EXP-XAI-FIDELITY-001,EXP-XAI-0001,MODEL-C4,10,B10:7,3,3,True,CORRECT_REPRESENTATIVE,SINGLE_FEATURE_ABLATION_LOCAL,ABLATION_CONSISTENCY,10,"[122, 110, 46, 114, 121, 97, 33, 41, 98, 26]",0.37660655961176676,0.6185644880649432,-0.24195792845317649,3,False,0.18991882374136593,0.5042897392364806,2,-0.005259018684981779,-0.23669890976819472,3.614065497826944,10,BATCH_1_SAVED_SCALER_MEAN,probability,EXECUTED
EXP-XAI-FIDELITY-001,EXP-XAI-0001,MODEL-C4,10,B10:9,3,3,True,CORRECT_REPRESENTATIVE,SINGLE_FEATURE_ABLATION_LOCAL,ABLATION_CONSISTENCY,1,[122],0.9539115521192801,0.9264227630106286,0.02748878910865149,3,False,0.26071505348501933,0.2733115590285028,3,0.0014967516090813185,0.025992037499570173,0.8681883165774743,1,BATCH_1_SAVED_SCALER_MEAN,probability,EXECUTED
EXP-XAI-FIDELITY-001,EXP-XAI-0001,MODEL-C4,10,B10:9,3,3,True,CORRECT_REPRESENTATIVE,SINGLE_FEATURE_ABLATION_LOCAL,ABLATION_CONSISTENCY,3,"[122, 112, 40]",0.9539115521192801,0.8627321063639217,0.09117944575535841,3,False,0.36649309554843806,0.38420029061835975,3,0.0037003906274652516,0.08747905512789315,2.815027414564386,3,BATCH_1_SAVED_SCALER_MEAN,probability,EXECUTED
EXP-XAI-FIDELITY-001,EXP-XAI-0001,MODEL-C4,10,B10:9,3,3,True,CORRECT_REPRESENTATIVE,SINGLE_FEATURE_ABLATION_LOCAL,ABLATION_CONSISTENCY,5,"[122, 112, 40, 1, 35]",0.9539115521192801,0.8075576576815726,0.14635389443770752,3,False,0.42507764862702574,0.44561536935226537,3,0.009960049842490881,0.13639384459521664,2.9869043418569006,5,BATCH_1_SAVED_SCALER_MEAN,probability,EXECUTED
EXP-XAI-FIDELITY-001,EXP-XAI-0001,MODEL-C4,10,B10:9,3,3,True,CORRECT_REPRESENTATIVE,SINGLE_FEATURE_ABLATION_LOCAL,ABLATION_CONSISTENCY,10,"[122, 112, 40, 1, 35, 67, 70, 66, 75, 25]",0.9539115521192801,0.6412003282831772,0.31271122383610295,3,False,0.7000083278641731,0.7338293852391063,3,0.021194015849086485,0.29151720798701647,3.454232132501081,10,BATCH_1_SAVED_SCALER_MEAN,probability,EXECUTED
EXP-XAI-FIDELITY-001,EXP-XAI-0001,MODEL-C4,10,B10:129,2,2,True,CORRECT_REPRESENTATIVE,SINGLE_FEATURE_ABLATION_LOCAL,ABLATION_CONSISTENCY,1,[19],0.6660038094551299,0.4545744350003257,0.21142937445480425,2,False,0.17222028180702523,0.25858753262676054,3,0.013755781594132469,0.1976735928606718,2.3915264749630927,1,BATCH_1_SAVED_SCALER_MEAN,probability,EXECUTED
EXP-XAI-FIDELITY-001,EXP-XAI-0001,MODEL-C4,10,B10:129,2,2,True,CORRECT_REPRESENTATIVE,SINGLE_FEATURE_ABLATION_LOCAL,ABLATION_CONSISTENCY,3,"[19, 61, 28]",0.6660038094551299,0.16363352760239303,0.5023702818527369,1,True,0.33200946262596365,0.4985098552177753,3,0.0035496623992196034,0.4988206194535173,4.525664350272634,3,BATCH_1_SAVED_SCALER_MEAN,probability,EXECUTED
EXP-XAI-FIDELITY-001,EXP-XAI-0001,MODEL-C4,10,B10:129,2,2,True,CORRECT_REPRESENTATIVE,SINGLE_FEATURE_ABLATION_LOCAL,ABLATION_CONSISTENCY,5,"[19, 61, 28, 32, 92]",0.6660038094551299,0.05758348176375864,0.6084203276913713,1,True,0.40250960094641236,0.604365313279083,2,0.021387962655571753,0.5870323650357996,6.177688818120328,5,BATCH_1_SAVED_SCALER_MEAN,probability,EXECUTED
EXP-XAI-FIDELITY-001,EXP-XAI-0001,MODEL-C4,10,B10:129,2,2,True,CORRECT_REPRESENTATIVE,SINGLE_FEATURE_ABLATION_LOCAL,ABLATION_CONSISTENCY,10,"[19, 61, 28, 32, 92, 20, 40, 123, 88, 59]",0.6660038094551299,0.02377693110374463,0.6422268783513853,1,True,0.6526788113582158,0.979992609790302,2,0.02731257018366828,0.614914308167717,8.737775312692632,10,BATCH_1_SAVED_SCALER_MEAN,probability,EXECUTED
EXP-XAI-FIDELITY-001,EXP-XAI-0001,MODEL-C4,10,B10:131,2,2,True,CORRECT_REPRESENTATIVE,SINGLE_FEATURE_ABLATION_LOCAL,ABLATION_CONSISTENCY,1,[40],0.48080259617718324,0.5797786509034014,-0.09897605472621818,2,False,0.10037546513105607,0.20876647906881549,1,-0.0014111182038253622,-0.09756493652239281,1.6162333496866057,1,BATCH_1_SAVED_SCALER_MEAN,probability,EXECUTED
EXP-XAI-FIDELITY-001,EXP-XAI-0001,MODEL-C4,10,B10:131,2,2,True,CORRECT_REPRESENTATIVE,SINGLE_FEATURE_ABLATION_LOCAL,ABLATION_CONSISTENCY,3,"[40, 88, 93]",0.48080259617718324,0.4849660851106685,-0.004163488933485282,2,False,0.1230208323612383,0.25586557422810424,3,0.007483074138160097,-0.01164656307164538,2.2517085553230225,3,BATCH_1_SAVED_SCALER_MEAN,probability,EXECUTED
EXP-XAI-FIDELITY-001,EXP-XAI-0001,MODEL-C4,10,B10:131,2,2,True,CORRECT_REPRESENTATIVE,SINGLE_FEATURE_ABLATION_LOCAL,ABLATION_CONSISTENCY,5,"[40, 88, 93, 10, 101]",0.48080259617718324,0.565461462297474,-0.08465886612029072,2,False,0.10074809046437522,0.2095414859766023,1,0.020523036985888296,-0.10518190310617902,2.9609812085327847,5,BATCH_1_SAVED_SCALER_MEAN,probability,EXECUTED
EXP-XAI-FIDELITY-001,EXP-XAI-0001,MODEL-C4,10,B10:131,2,2,True,CORRECT_REPRESENTATIVE,SINGLE_FEATURE_ABLATION_LOCAL,ABLATION_CONSISTENCY,10,"[40, 88, 93, 10, 101, 59, 46, 61, 19, 48]",0.48080259617718324,0.46704782789763455,0.01375476827954869,2,False,0.12776770006036273,0.26573837386950866,1,0.04563466623006687,-0.03187989795051818,3.361402003277518,10,BATCH_1_SAVED_SCALER_MEAN,probability,EXECUTED
EXP-XAI-FIDELITY-001,EXP-XAI-0001,MODEL-C4,10,B10:709,2,3,False,NEAR_DECISION_BOUNDARY,SINGLE_FEATURE_ABLATION_LOCAL,ABLATION_CONSISTENCY,1,[110],0.37046370855472893,0.4623124323256031,-0.09184872377087416,3,False,0.19902869119424713,0.5372420741851005,1,-0.007542389349046367,-0.08430633442182779,0.9814256534907531,1,BATCH_1_SAVED_SCALER_MEAN,probability,EXECUTED
EXP-XAI-FIDELITY-001,EXP-XAI-0001,MODEL-C4,10,B10:709,2,3,False,NEAR_DECISION_BOUNDARY,SINGLE_FEATURE_ABLATION_LOCAL,ABLATION_CONSISTENCY,3,"[110, 122, 121]",0.37046370855472893,0.45195931918306365,-0.08149561062833471,3,False,0.2033525524702979,0.5489135582635795,3,-0.011457825947648416,-0.0700377846806863,1.5392780768434564,3,BATCH_1_SAVED_SCALER_MEAN,probability,EXECUTED
EXP-XAI-FIDELITY-001,EXP-XAI-0001,MODEL-C4,10,B10:709,2,3,False,NEAR_DECISION_BOUNDARY,SINGLE_FEATURE_ABLATION_LOCAL,ABLATION_CONSISTENCY,5,"[110, 122, 121, 97, 40]",0.37046370855472893,0.4485707061778305,-0.07810699762310158,3,False,0.21363326678258235,0.576664493307641,3,-0.005271608880567641,-0.07283538874253394,2.0351692703905817,5,BATCH_1_SAVED_SCALER_MEAN,probability,EXECUTED
EXP-XAI-FIDELITY-001,EXP-XAI-0001,MODEL-C4,10,B10:709,2,3,False,NEAR_DECISION_BOUNDARY,SINGLE_FEATURE_ABLATION_LOCAL,ABLATION_CONSISTENCY,10,"[110, 122, 121, 97, 40, 46, 103, 114, 76, 98]",0.37046370855472893,0.5198809666300781,-0.14941725807534917,3,False,0.22050443196895608,0.5952119651050266,3,-0.0443277415520168,-0.10508951652333237,2.7448233448009787,10,BATCH_1_SAVED_SCALER_MEAN,probability,EXECUTED
EXP-XAI-FIDELITY-001,EXP-XAI-0001,MODEL-C4,10,B10:840,1,1,True,CORRECT_REPRESENTATIVE,SINGLE_FEATURE_ABLATION_LOCAL,ABLATION_CONSISTENCY,1,[89],0.8180207470274525,0.7555914633535785,0.062429283673874014,1,False,0.2929712816801162,0.3581465173649003,1,0.0014386601989286134,0.0609906234749454,1.5529980029403672,1,BATCH_1_SAVED_SCALER_MEAN,probability,EXECUTED
EXP-XAI-FIDELITY-001,EXP-XAI-0001,MODEL-C4,10,B10:840,1,1,True,CORRECT_REPRESENTATIVE,SINGLE_FEATURE_ABLATION_LOCAL,ABLATION_CONSISTENCY,3,"[89, 100, 58]",0.8180207470274525,0.5801236227747413,0.23789712425271126,1,False,0.3908949418174745,0.4778545571587516,1,0.011383464498328793,0.22651365975438245,2.3364353008795957,3,BATCH_1_SAVED_SCALER_MEAN,probability,EXECUTED
EXP-XAI-FIDELITY-001,EXP-XAI-0001,MODEL-C4,10,B10:840,1,1,True,CORRECT_REPRESENTATIVE,SINGLE_FEATURE_ABLATION_LOCAL,ABLATION_CONSISTENCY,5,"[89, 100, 58, 90, 82]",0.8180207470274525,0.41064120594860676,0.4073795410788458,2,True,0.3604673260713862,0.44065792631942746,1,0.026015481181185653,0.38136405989766015,3.154337097156773,5,BATCH_1_SAVED_SCALER_MEAN,probability,EXECUTED
EXP-XAI-FIDELITY-001,EXP-XAI-0001,MODEL-C4,10,B10:840,1,1,True,CORRECT_REPRESENTATIVE,SINGLE_FEATURE_ABLATION_LOCAL,ABLATION_CONSISTENCY,10,"[89, 100, 58, 90, 82, 22, 95, 23, 25, 86]",0.8180207470274525,0.1802551743150022,0.6377655727124503,2,True,0.465473626911838,0.5690242314798122,1,0.04613630359197473,0.5916292691204755,4.1614207769119425,10,BATCH_1_SAVED_SCALER_MEAN,probability,EXECUTED
EXP-XAI-FIDELITY-001,EXP-XAI-0001,MODEL-C4,10,B10:842,1,1,True,CORRECT_REPRESENTATIVE,SINGLE_FEATURE_ABLATION_LOCAL,ABLATION_CONSISTENCY,1,[100],0.9594401363791722,0.9334326208119378,0.026007515567234463,1,False,0.3777028846147984,0.3936700897673616,1,0.0024943767263767716,0.023513138840857692,2.820515160318799,1,BATCH_1_SAVED_SCALER_MEAN,probability,EXECUTED
EXP-XAI-FIDELITY-001,EXP-XAI-0001,MODEL-C4,10,B10:842,1,1,True,CORRECT_REPRESENTATIVE,SINGLE_FEATURE_ABLATION_LOCAL,ABLATION_CONSISTENCY,3,"[100, 2, 98]",0.9594401363791722,0.8692931801542761,0.0901469562248961,1,False,0.5431653431092506,0.5661273929597113,1,0.004366572037413419,0.08578038418748268,4.6057077470760195,3,BATCH_1_SAVED_SCALER_MEAN,probability,EXECUTED
EXP-XAI-FIDELITY-001,EXP-XAI-0001,MODEL-C4,10,B10:842,1,1,True,CORRECT_REPRESENTATIVE,SINGLE_FEATURE_ABLATION_LOCAL,ABLATION_CONSISTENCY,5,"[100, 2, 98, 45, 101]",0.9594401363791722,0.8160738245099806,0.1433663118691917,1,False,0.717695734749095,0.7480359717466109,1,0.01366582277658002,0.12970048909261167,6.535760453312304,5,BATCH_1_SAVED_SCALER_MEAN,probability,EXECUTED
EXP-XAI-FIDELITY-001,EXP-XAI-0001,MODEL-C4,10,B10:842,1,1,True,CORRECT_REPRESENTATIVE,SINGLE_FEATURE_ABLATION_LOCAL,ABLATION_CONSISTENCY,10,"[100, 2, 98, 45, 101, 109, 44, 106, 40, 74]",0.9594401363791722,0.578132009312871,0.38130812706630124,1,False,0.8727917502966128,0.9096885956745968,1,0.005536979459456881,0.3757711476068444,8.176784590060002,10,BATCH_1_SAVED_SCALER_MEAN,probability,EXECUTED
EXP-XAI-FIDELITY-001,EXP-XAI-0001,MODEL-C4,10,B10:1327,5,5,True,CORRECT_REPRESENTATIVE,SINGLE_FEATURE_ABLATION_LOCAL,ABLATION_CONSISTENCY,1,[36],0.24969936617768046,0.17959427552575807,0.07010509065192239,3,True,0.17149387906967736,0.6868014192220503,1,-0.0001536088378005183,0.07025869948972291,2.9079554851977982,1,BATCH_1_SAVED_SCALER_MEAN,probability,EXECUTED
EXP-XAI-FIDELITY-001,EXP-XAI-0001,MODEL-C4,10,B10:1327,5,5,True,CORRECT_REPRESENTATIVE,SINGLE_FEATURE_ABLATION_LOCAL,ABLATION_CONSISTENCY,3,"[36, 69, 90]",0.24969936617768046,0.0893523829409006,0.16034698323677987,3,True,0.18397885369919129,0.7368014445350096,4,-0.0029388585400475,0.16328584177682737,3.363164464700596,3,BATCH_1_SAVED_SCALER_MEAN,probability,EXECUTED
EXP-XAI-FIDELITY-001,EXP-XAI-0001,MODEL-C4,10,B10:1327,5,5,True,CORRECT_REPRESENTATIVE,SINGLE_FEATURE_ABLATION_LOCAL,ABLATION_CONSISTENCY,5,"[36, 69, 90, 16, 40]",0.24969936617768046,0.05102750198743043,0.19867186419025,3,True,0.2740056553460345,1.0973422141210332,5,0.009684760836230322,0.1889871033540197,4.289232504039282,5,BATCH_1_SAVED_SCALER_MEAN,probability,EXECUTED
EXP-XAI-FIDELITY-001,EXP-XAI-0001,MODEL-C4,10,B10:1327,5,5,True,CORRECT_REPRESENTATIVE,SINGLE_FEATURE_ABLATION_LOCAL,ABLATION_CONSISTENCY,10,"[36, 69, 90, 16, 40, 37, 82, 109, 122, 45]",0.24969936617768046,0.08531117923782876,0.1643881869398517,2,True,0.15274561507792336,0.6117180728814225,1,0.02923876457774368,0.135149422362108,6.252134827591686,10,BATCH_1_SAVED_SCALER_MEAN,probability,EXECUTED
EXP-XAI-FIDELITY-001,EXP-XAI-0001,MODEL-C4,10,B10:1345,5,5,True,CORRECT_REPRESENTATIVE,SINGLE_FEATURE_ABLATION_LOCAL,ABLATION_CONSISTENCY,1,[36],0.28466978723026903,0.1806908921870681,0.10397889504320093,3,True,0.17186034102601194,0.6037182333192048,1,0.0012798722929185315,0.10269902275028239,2.9501217192571705,1,BATCH_1_SAVED_SCALER_MEAN,probability,EXECUTED
EXP-XAI-FIDELITY-001,EXP-XAI-0001,MODEL-C4,10,B10:1345,5,5,True,CORRECT_REPRESENTATIVE,SINGLE_FEATURE_ABLATION_LOCAL,ABLATION_CONSISTENCY,3,"[36, 100, 69]",0.28466978723026903,0.10404184422281891,0.1806279430074501,3,True,0.17292071543803023,0.6074431611464088,1,0.010566003106557035,0.17006193990089308,4.246867535682798,3,BATCH_1_SAVED_SCALER_MEAN,probability,EXECUTED
EXP-XAI-FIDELITY-001,EXP-XAI-0001,MODEL-C4,10,B10:1345,5,5,True,CORRECT_REPRESENTATIVE,SINGLE_FEATURE_ABLATION_LOCAL,ABLATION_CONSISTENCY,5,"[36, 100, 69, 120, 90]",0.28466978723026903,0.06565014955128318,0.21901963767898586,3,True,0.19133750233015445,0.672138424635073,1,0.019694836923792765,0.1993248007551931,4.620046892037276,5,BATCH_1_SAVED_SCALER_MEAN,probability,EXECUTED
EXP-XAI-FIDELITY-001,EXP-XAI-0001,MODEL-C4,10,B10:1345,5,5,True,CORRECT_REPRESENTATIVE,SINGLE_FEATURE_ABLATION_LOCAL,ABLATION_CONSISTENCY,10,"[36, 100, 69, 120, 90, 16, 117, 125, 96, 21]",0.28466978723026903,0.035831504004323805,0.24883828322594523,3,True,0.34425388574352533,1.2093095269891034,5,0.03161118489704529,0.21722709832889994,6.724486634465461,10,BATCH_1_SAVED_SCALER_MEAN,probability,EXECUTED
EXP-XAI-FIDELITY-001,EXP-XAI-0001,MODEL-C4,10,B10:1754,1,1,True,NEAR_DECISION_BOUNDARY,SINGLE_FEATURE_ABLATION_LOCAL,ABLATION_CONSISTENCY,1,[112],0.3756056275981294,0.5317691725199942,-0.15616354492186485,1,False,0.16380678799545953,0.43611377455377437,3,0.004235978069319685,-0.16039952299118454,1.8208707029368072,1,BATCH_1_SAVED_SCALER_MEAN,probability,EXECUTED
EXP-XAI-FIDELITY-001,EXP-XAI-0001,MODEL-C4,10,B10:1754,1,1,True,NEAR_DECISION_BOUNDARY,SINGLE_FEATURE_ABLATION_LOCAL,ABLATION_CONSISTENCY,3,"[112, 89, 109]",0.3756056275981294,0.34949374785755216,0.026111879740577215,3,True,0.2704595844196966,0.7200626522802491,1,-0.0030999496388374034,0.02921182937941462,2.593021034933479,3,BATCH_1_SAVED_SCALER_MEAN,probability,EXECUTED
EXP-XAI-FIDELITY-001,EXP-XAI-0001,MODEL-C4,10,B10:1754,1,1,True,NEAR_DECISION_BOUNDARY,SINGLE_FEATURE_ABLATION_LOCAL,ABLATION_CONSISTENCY,5,"[112, 89, 109, 122, 58]",0.3756056275981294,0.3487451022116527,0.026860525386476652,3,True,0.20079695326085714,0.5345951671301774,3,0.019815880626297945,0.007044644760178707,3.0350825931541627,5,BATCH_1_SAVED_SCALER_MEAN,probability,EXECUTED
EXP-XAI-FIDELITY-001,EXP-XAI-0001,MODEL-C4,10,B10:1754,1,1,True,NEAR_DECISION_BOUNDARY,SINGLE_FEATURE_ABLATION_LOCAL,ABLATION_CONSISTENCY,10,"[112, 89, 109, 122, 58, 41, 90, 104, 26, 48]",0.3756056275981294,0.46064534660968864,-0.08503971901155927,1,False,0.20204892960922066,0.5379283875517389,3,0.0037263393257267446,-0.08876605833728601,4.0157998061840265,10,BATCH_1_SAVED_SCALER_MEAN,probability,EXECUTED
EXP-XAI-FIDELITY-001,EXP-XAI-0001,MODEL-C4,10,B10:2197,3,3,True,NEAR_DECISION_BOUNDARY,SINGLE_FEATURE_ABLATION_LOCAL,ABLATION_CONSISTENCY,1,[122],0.38495829572487783,0.2799012867661692,0.10505700895870862,1,True,0.2854579940074808,0.7415296596478389,3,-0.0004563624470397746,0.10551337140574839,1.2851414766679534,1,BATCH_1_SAVED_SCALER_MEAN,probability,EXECUTED
EXP-XAI-FIDELITY-001,EXP-XAI-0001,MODEL-C4,10,B10:2197,3,3,True,NEAR_DECISION_BOUNDARY,SINGLE_FEATURE_ABLATION_LOCAL,ABLATION_CONSISTENCY,3,"[122, 121, 33]",0.38495829572487783,0.422999088794234,-0.03804079306935615,3,False,0.2069183081394512,0.5375083754197927,3,-0.008405259436502794,-0.029635533632853355,2.181091720509925,3,BATCH_1_SAVED_SCALER_MEAN,probability,EXECUTED
EXP-XAI-FIDELITY-001,EXP-XAI-0001,MODEL-C4,10,B10:2197,3,3,True,NEAR_DECISION_BOUNDARY,SINGLE_FEATURE_ABLATION_LOCAL,ABLATION_CONSISTENCY,5,"[122, 121, 33, 110, 97]",0.38495829572487783,0.5697203789330838,-0.18476208320820597,3,False,0.17442401166207272,0.453098461831123,4,-0.019122317205192273,-0.1656397660030137,2.776534147545338,5,BATCH_1_SAVED_SCALER_MEAN,probability,EXECUTED
EXP-XAI-FIDELITY-001,EXP-XAI-0001,MODEL-C4,10,B10:2197,3,3,True,NEAR_DECISION_BOUNDARY,SINGLE_FEATURE_ABLATION_LOCAL,ABLATION_CONSISTENCY,10,"[122, 121, 33, 110, 97, 98, 52, 114, 46, 25]",0.38495829572487783,0.5999360019208387,-0.2149777061959609,3,False,0.19606012990538615,0.5093022597063515,2,0.004742465874393559,-0.21972017207035446,3.827418811412759,10,BATCH_1_SAVED_SCALER_MEAN,probability,EXECUTED
EXP-XAI-FIDELITY-001,EXP-XAI-0001,MODEL-C4,10,B10:2524,6,6,True,CORRECT_REPRESENTATIVE,SINGLE_FEATURE_ABLATION_LOCAL,ABLATION_CONSISTENCY,1,[37],0.26359969178485865,0.3334374729564653,-0.06983778117160666,6,False,0.09276148783335966,0.3519028691014879,1,0.0038684020585733245,-0.07370618323017998,1.0957010311659763,1,BATCH_1_SAVED_SCALER_MEAN,probability,EXECUTED
EXP-XAI-FIDELITY-001,EXP-XAI-0001,MODEL-C4,10,B10:2524,6,6,True,CORRECT_REPRESENTATIVE,SINGLE_FEATURE_ABLATION_LOCAL,ABLATION_CONSISTENCY,3,"[37, 25, 18]",0.26359969178485865,0.30174845456744426,-0.03814876278258561,6,False,0.09782297559898566,0.3711042867183075,3,-0.006372973949309369,-0.03177578883327624,1.9347705227389285,3,BATCH_1_SAVED_SCALER_MEAN,probability,EXECUTED
EXP-XAI-FIDELITY-001,EXP-XAI-0001,MODEL-C4,10,B10:2524,6,6,True,CORRECT_REPRESENTATIVE,SINGLE_FEATURE_ABLATION_LOCAL,ABLATION_CONSISTENCY,5,"[37, 25, 18, 105, 89]",0.26359969178485865,0.2802096827048838,-0.01660999092002513,3,True,0.0983596261067091,0.37314014079723196,1,0.01310475071406645,-0.02971474163409158,2.5011265005485055,5,BATCH_1_SAVED_SCALER_MEAN,probability,EXECUTED
EXP-XAI-FIDELITY-001,EXP-XAI-0001,MODEL-C4,10,B10:2524,6,6,True,CORRECT_REPRESENTATIVE,SINGLE_FEATURE_ABLATION_LOCAL,ABLATION_CONSISTENCY,10,"[37, 25, 18, 105, 89, 115, 91, 101, 27, 76]",0.26359969178485865,0.2106779241370623,0.05292176764779635,3,True,0.116185223325394,0.4407638815458879,1,0.020378690638715034,0.03254307700908132,3.2097591244759727,10,BATCH_1_SAVED_SCALER_MEAN,probability,EXECUTED
EXP-XAI-FIDELITY-001,EXP-XAI-0001,MODEL-C4,10,B10:2528,6,6,True,CORRECT_REPRESENTATIVE,SINGLE_FEATURE_ABLATION_LOCAL,ABLATION_CONSISTENCY,1,[25],0.3499883253404363,0.24369892949551678,0.1062893958449195,3,True,0.1416245402078888,0.40465504119352996,1,0.0024121357628017924,0.10387726008211771,1.316466769184363,1,BATCH_1_SAVED_SCALER_MEAN,probability,EXECUTED
EXP-XAI-FIDELITY-001,EXP-XAI-0001,MODEL-C4,10,B10:2528,6,6,True,CORRECT_REPRESENTATIVE,SINGLE_FEATURE_ABLATION_LOCAL,ABLATION_CONSISTENCY,3,"[25, 112, 105]",0.3499883253404363,0.1279110362133358,0.22207728912710048,3,True,0.22884972743307638,0.6538781749661865,6,0.00945277487712314,0.21262451424997733,2.761766590005451,3,BATCH_1_SAVED_SCALER_MEAN,probability,EXECUTED
EXP-XAI-FIDELITY-001,EXP-XAI-0001,MODEL-C4,10,B10:2528,6,6,True,CORRECT_REPRESENTATIVE,SINGLE_FEATURE_ABLATION_LOCAL,ABLATION_CONSISTENCY,5,"[25, 112, 105, 115, 104]",0.3499883253404363,0.07893596270667345,0.2710523626337628,1,True,0.2752753505245127,0.7865272370349791,6,0.025814568743481276,0.24523779389028152,3.52309166723761,5,BATCH_1_SAVED_SCALER_MEAN,probability,EXECUTED
EXP-XAI-FIDELITY-001,EXP-XAI-0001,MODEL-C4,10,B10:2528,6,6,True,CORRECT_REPRESENTATIVE,SINGLE_FEATURE_ABLATION_LOCAL,ABLATION_CONSISTENCY,10,"[25, 112, 105, 115, 104, 28, 37, 34, 101, 89]",0.3499883253404363,0.07852220834055476,0.27146611699988155,3,True,0.3364202647522117,0.9612328194804017,6,0.024597908437988817,0.24686820856189273,4.196854041061833,10,BATCH_1_SAVED_SCALER_MEAN,probability,EXECUTED
EXP-XAI-FIDELITY-001,EXP-XAI-0001,MODEL-C4,10,B10:2610,6,3,False,NEAR_DECISION_BOUNDARY,SINGLE_FEATURE_ABLATION_LOCAL,ABLATION_CONSISTENCY,1,[25],0.32301190335582963,0.4224912400898929,-0.09947933673406328,3,False,0.18893175286208402,0.5849064721740517,1,-0.0003578715204937614,-0.09912146521356953,1.402820030658214,1,BATCH_1_SAVED_SCALER_MEAN,probability,EXECUTED
EXP-XAI-FIDELITY-001,EXP-XAI-0001,MODEL-C4,10,B10:2610,6,3,False,NEAR_DECISION_BOUNDARY,SINGLE_FEATURE_ABLATION_LOCAL,ABLATION_CONSISTENCY,3,"[25, 48, 105]",0.32301190335582963,0.384983693064376,-0.06197178970854639,3,False,0.187856900871966,0.5815788796644531,5,-0.0045121169999054805,-0.057459672708640906,2.4319826646542757,3,BATCH_1_SAVED_SCALER_MEAN,probability,EXECUTED
EXP-XAI-FIDELITY-001,EXP-XAI-0001,MODEL-C4,10,B10:2610,6,3,False,NEAR_DECISION_BOUNDARY,SINGLE_FEATURE_ABLATION_LOCAL,ABLATION_CONSISTENCY,5,"[25, 48, 105, 52, 18]",0.32301190335582963,0.23933771037759932,0.08367419297823031,6,True,0.2777440793037723,0.8598571025347314,3,0.00032248620679539524,0.08335170677143491,2.8120838201014777,5,BATCH_1_SAVED_SCALER_MEAN,probability,EXECUTED
EXP-XAI-FIDELITY-001,EXP-XAI-0001,MODEL-C4,10,B10:2610,6,3,False,NEAR_DECISION_BOUNDARY,SINGLE_FEATURE_ABLATION_LOCAL,ABLATION_CONSISTENCY,10,"[25, 48, 105, 52, 18, 98, 33, 23, 40, 115]",0.32301190335582963,0.29354216352524476,0.029469739830584873,3,False,0.21745836608749333,0.6732209055712147,3,0.016298265447050053,0.013171474383534821,4.023560783930481,10,BATCH_1_SAVED_SCALER_MEAN,probability,EXECUTED
EXP-XAI-FIDELITY-001,EXP-XAI-0001,MODEL-C4,10,B10:3217,3,1,False,NEAR_DECISION_BOUNDARY,SINGLE_FEATURE_ABLATION_LOCAL,ABLATION_CONSISTENCY,1,[89],0.40122940664895246,0.30347895051810375,0.0977504561308487,3,True,0.28798719617547736,0.7177619371938158,1,-0.007395127266633367,0.10514558339748208,1.4408500000383884,1,BATCH_1_SAVED_SCALER_MEAN,probability,EXECUTED
EXP-XAI-FIDELITY-001,EXP-XAI-0001,MODEL-C4,10,B10:3217,3,1,False,NEAR_DECISION_BOUNDARY,SINGLE_FEATURE_ABLATION_LOCAL,ABLATION_CONSISTENCY,3,"[89, 121, 90]",0.40122940664895246,0.17576487161887766,0.2254645350300748,3,True,0.2900131765023686,0.7228113684999906,1,0.01761764674202201,0.20784688828805278,2.4681958718430397,3,BATCH_1_SAVED_SCALER_MEAN,probability,EXECUTED
EXP-XAI-FIDELITY-001,EXP-XAI-0001,MODEL-C4,10,B10:3217,3,1,False,NEAR_DECISION_BOUNDARY,SINGLE_FEATURE_ABLATION_LOCAL,ABLATION_CONSISTENCY,5,"[89, 121, 90, 87, 19]",0.40122940664895246,0.10159635037572116,0.2996330562732313,3,True,0.3458617414595653,0.8620049670540973,1,0.010634228581333543,0.2889988276918977,2.914975954736868,5,BATCH_1_SAVED_SCALER_MEAN,probability,EXECUTED
EXP-XAI-FIDELITY-001,EXP-XAI-0001,MODEL-C4,10,B10:3217,3,1,False,NEAR_DECISION_BOUNDARY,SINGLE_FEATURE_ABLATION_LOCAL,ABLATION_CONSISTENCY,10,"[89, 121, 90, 87, 19, 122, 58, 41, 10, 97]",0.40122940664895246,0.09021068913311409,0.31101871751583837,3,True,0.36990539905626596,0.9219299306740675,1,0.053996889273347184,0.2570218282424912,3.9123422302706725,10,BATCH_1_SAVED_SCALER_MEAN,probability,EXECUTED
