experiment_id,sample_id,model_id,reference_method,candidate_method,top_k,reference_features,candidate_features
EXP-XAI-0001,B2:0,MODEL-C1,SINGLE_FEATURE_ABLATION_LOCAL,INTRINSIC_COEFFICIENT,1,"[25, 89, 81, 26, 106, 17, 66, 108, 27, 82, 98, 42, 91, 100, 90, 74, 105, 54, 12, 34, 112, 68, 62, 37, 67, 107, 83, 18, 101, 19, 55, 109, 44, 63, 11, 126, 104, 88, 52, 69, 50, 122, 40, 13, 111, 110, 97, 53, 60, 49, 72, 127, 75, 118, 76, 45, 115, 124, 117, 61, 113, 36, 32, 125, 116, 16, 77, 4, 28, 65, 71, 121, 10, 99, 119, 70, 92, 80, 3, 56, 123, 15, 58, 41, 5, 8, 22, 57, 38, 114, 39, 2, 47, 14, 46, 31, 103, 24, 9, 102, 29, 51, 84, 43, 86, 20, 64, 96, 85, 73, 120, 48, 23, 93, 33, 59, 35, 7, 21, 78, 87, 128, 30, 79, 1, 6, 94, 95]",[106]
EXP-XAI-0001,B2:0,MODEL-C1,SINGLE_FEATURE_ABLATION_LOCAL,INTRINSIC_COEFFICIENT,3,"[25, 89, 81, 26, 106, 17, 66, 108, 27, 82, 98, 42, 91, 100, 90, 74, 105, 54, 12, 34, 112, 68, 62, 37, 67, 107, 83, 18, 101, 19, 55, 109, 44, 63, 11, 126, 104, 88, 52, 69, 50, 122, 40, 13, 111, 110, 97, 53, 60, 49, 72, 127, 75, 118, 76, 45, 115, 124, 117, 61, 113, 36, 32, 125, 116, 16, 77, 4, 28, 65, 71, 121, 10, 99, 119, 70, 92, 80, 3, 56, 123, 15, 58, 41, 5, 8, 22, 57, 38, 114, 39, 2, 47, 14, 46, 31, 103, 24, 9, 102, 29, 51, 84, 43, 86, 20, 64, 96, 85, 73, 120, 48, 23, 93, 33, 59, 35, 7, 21, 78, 87, 128, 30, 79, 1, 6, 94, 95]","[106, 25, 89]"
EXP-XAI-0001,B2:0,MODEL-C1,SINGLE_FEATURE_ABLATION_LOCAL,INTRINSIC_COEFFICIENT,5,"[25, 89, 81, 26, 106, 17, 66, 108, 27, 82, 98, 42, 91, 100, 90, 74, 105, 54, 12, 34, 112, 68, 62, 37, 67, 107, 83, 18, 101, 19, 55, 109, 44, 63, 11, 126, 104, 88, 52, 69, 50, 122, 40, 13, 111, 110, 97, 53, 60, 49, 72, 127, 75, 118, 76, 45, 115, 124, 117, 61, 113, 36, 32, 125, 116, 16, 77, 4, 28, 65, 71, 121, 10, 99, 119, 70, 92, 80, 3, 56, 123, 15, 58, 41, 5, 8, 22, 57, 38, 114, 39, 2, 47, 14, 46, 31, 103, 24, 9, 102, 29, 51, 84, 43, 86, 20, 64, 96, 85, 73, 120, 48, 23, 93, 33, 59, 35, 7, 21, 78, 87, 128, 30, 79, 1, 6, 94, 95]","[106, 25, 89, 98, 81]"
EXP-XAI-0001,B2:0,MODEL-C1,SINGLE_FEATURE_ABLATION_LOCAL,INTRINSIC_COEFFICIENT,10,"[25, 89, 81, 26, 106, 17, 66, 108, 27, 82, 98, 42, 91, 100, 90, 74, 105, 54, 12, 34, 112, 68, 62, 37, 67, 107, 83, 18, 101, 19, 55, 109, 44, 63, 11, 126, 104, 88, 52, 69, 50, 122, 40, 13, 111, 110, 97, 53, 60, 49, 72, 127, 75, 118, 76, 45, 115, 124, 117, 61, 113, 36, 32, 125, 116, 16, 77, 4, 28, 65, 71, 121, 10, 99, 119, 70, 92, 80, 3, 56, 123, 15, 58, 41, 5, 8, 22, 57, 38, 114, 39, 2, 47, 14, 46, 31, 103, 24, 9, 102, 29, 51, 84, 43, 86, 20, 64, 96, 85, 73, 120, 48, 23, 93, 33, 59, 35, 7, 21, 78, 87, 128, 30, 79, 1, 6, 94, 95]","[106, 25, 89, 98, 81, 108, 42, 100, 34, 105]"
EXP-XAI-0001,B2:1,MODEL-C1,SINGLE_FEATURE_ABLATION_LOCAL,INTRINSIC_COEFFICIENT,1,"[25, 81, 26, 88, 89, 106, 82, 27, 105, 98, 12, 15, 42, 54, 14, 68, 83, 67, 11, 17, 71, 91, 18, 49, 62, 122, 97, 55, 19, 63, 34, 70, 126, 79, 127, 72, 75, 50, 7, 13, 78, 8, 115, 111, 6, 76, 112, 16, 80, 101, 57, 53, 110, 2, 117, 41, 118, 61, 52, 24, 28, 69, 4, 3, 100, 48, 119, 107, 60, 125, 64, 103, 121, 94, 95, 56, 124, 58, 114, 38, 33, 104, 32, 123, 20, 108, 116, 102, 84, 77, 9, 92, 120, 22, 39, 46, 109, 44, 65, 96, 31, 99, 90, 45, 35, 37, 59, 85, 21, 73, 47, 5, 113, 29, 128, 1, 23, 86, 51, 93, 40, 66, 10, 43, 87, 30, 36, 74]",[25]
EXP-XAI-0001,B2:1,MODEL-C1,SINGLE_FEATURE_ABLATION_LOCAL,INTRINSIC_COEFFICIENT,3,"[25, 81, 26, 88, 89, 106, 82, 27, 105, 98, 12, 15, 42, 54, 14, 68, 83, 67, 11, 17, 71, 91, 18, 49, 62, 122, 97, 55, 19, 63, 34, 70, 126, 79, 127, 72, 75, 50, 7, 13, 78, 8, 115, 111, 6, 76, 112, 16, 80, 101, 57, 53, 110, 2, 117, 41, 118, 61, 52, 24, 28, 69, 4, 3, 100, 48, 119, 107, 60, 125, 64, 103, 121, 94, 95, 56, 124, 58, 114, 38, 33, 104, 32, 123, 20, 108, 116, 102, 84, 77, 9, 92, 120, 22, 39, 46, 109, 44, 65, 96, 31, 99, 90, 45, 35, 37, 59, 85, 21, 73, 47, 5, 113, 29, 128, 1, 23, 86, 51, 93, 40, 66, 10, 43, 87, 30, 36, 74]","[25, 89, 106]"
EXP-XAI-0001,B2:1,MODEL-C1,SINGLE_FEATURE_ABLATION_LOCAL,INTRINSIC_COEFFICIENT,5,"[25, 81, 26, 88, 89, 106, 82, 27, 105, 98, 12, 15, 42, 54, 14, 68, 83, 67, 11, 17, 71, 91, 18, 49, 62, 122, 97, 55, 19, 63, 34, 70, 126, 79, 127, 72, 75, 50, 7, 13, 78, 8, 115, 111, 6, 76, 112, 16, 80, 101, 57, 53, 110, 2, 117, 41, 118, 61, 52, 24, 28, 69, 4, 3, 100, 48, 119, 107, 60, 125, 64, 103, 121, 94, 95, 56, 124, 58, 114, 38, 33, 104, 32, 123, 20, 108, 116, 102, 84, 77, 9, 92, 120, 22, 39, 46, 109, 44, 65, 96, 31, 99, 90, 45, 35, 37, 59, 85, 21, 73, 47, 5, 113, 29, 128, 1, 23, 86, 51, 93, 40, 66, 10, 43, 87, 30, 36, 74]","[25, 89, 106, 81, 112]"
EXP-XAI-0001,B2:1,MODEL-C1,SINGLE_FEATURE_ABLATION_LOCAL,INTRINSIC_COEFFICIENT,10,"[25, 81, 26, 88, 89, 106, 82, 27, 105, 98, 12, 15, 42, 54, 14, 68, 83, 67, 11, 17, 71, 91, 18, 49, 62, 122, 97, 55, 19, 63, 34, 70, 126, 79, 127, 72, 75, 50, 7, 13, 78, 8, 115, 111, 6, 76, 112, 16, 80, 101, 57, 53, 110, 2, 117, 41, 118, 61, 52, 24, 28, 69, 4, 3, 100, 48, 119, 107, 60, 125, 64, 103, 121, 94, 95, 56, 124, 58, 114, 38, 33, 104, 32, 123, 20, 108, 116, 102, 84, 77, 9, 92, 120, 22, 39, 46, 109, 44, 65, 96, 31, 99, 90, 45, 35, 37, 59, 85, 21, 73, 47, 5, 113, 29, 128, 1, 23, 86, 51, 93, 40, 66, 10, 43, 87, 30, 36, 74]","[25, 89, 106, 81, 112, 42, 17, 98, 105, 26]"
EXP-XAI-0001,B2:70,MODEL-C1,SINGLE_FEATURE_ABLATION_LOCAL,INTRINSIC_COEFFICIENT,1,"[26, 18, 82, 27, 19, 83, 58, 91, 115, 114, 2, 28, 123, 50, 20, 100, 10, 90, 59, 84, 108, 51, 31, 37, 92, 101, 30, 44, 32, 78, 25, 122, 17, 98, 23, 22, 106, 81, 36, 79, 45, 34, 86, 42, 74, 53, 21, 87, 29, 117, 14, 61, 60, 73, 6, 94, 66, 95, 1, 9, 70, 107, 15, 7, 109, 89, 52, 85, 119, 71, 88, 93, 65, 99, 63, 118, 72, 3, 127, 75, 55, 77, 76, 116, 16, 12, 57, 4, 62, 49, 5, 124, 113, 43, 8, 13, 126, 68, 104, 24, 96, 110, 111, 120, 56, 105, 48, 35, 64, 54, 102, 40, 112, 103, 41, 11, 80, 69, 128, 33, 67, 46, 38, 125, 97, 47, 39, 121]",[58]
EXP-XAI-0001,B2:70,MODEL-C1,SINGLE_FEATURE_ABLATION_LOCAL,INTRINSIC_COEFFICIENT,3,"[26, 18, 82, 27, 19, 83, 58, 91, 115, 114, 2, 28, 123, 50, 20, 100, 10, 90, 59, 84, 108, 51, 31, 37, 92, 101, 30, 44, 32, 78, 25, 122, 17, 98, 23, 22, 106, 81, 36, 79, 45, 34, 86, 42, 74, 53, 21, 87, 29, 117, 14, 61, 60, 73, 6, 94, 66, 95, 1, 9, 70, 107, 15, 7, 109, 89, 52, 85, 119, 71, 88, 93, 65, 99, 63, 118, 72, 3, 127, 75, 55, 77, 76, 116, 16, 12, 57, 4, 62, 49, 5, 124, 113, 43, 8, 13, 126, 68, 104, 24, 96, 110, 111, 120, 56, 105, 48, 35, 64, 54, 102, 40, 112, 103, 41, 11, 80, 69, 128, 33, 67, 46, 38, 125, 97, 47, 39, 121]","[58, 18, 50]"
EXP-XAI-0001,B2:70,MODEL-C1,SINGLE_FEATURE_ABLATION_LOCAL,INTRINSIC_COEFFICIENT,5,"[26, 18, 82, 27, 19, 83, 58, 91, 115, 114, 2, 28, 123, 50, 20, 100, 10, 90, 59, 84, 108, 51, 31, 37, 92, 101, 30, 44, 32, 78, 25, 122, 17, 98, 23, 22, 106, 81, 36, 79, 45, 34, 86, 42, 74, 53, 21, 87, 29, 117, 14, 61, 60, 73, 6, 94, 66, 95, 1, 9, 70, 107, 15, 7, 109, 89, 52, 85, 119, 71, 88, 93, 65, 99, 63, 118, 72, 3, 127, 75, 55, 77, 76, 116, 16, 12, 57, 4, 62, 49, 5, 124, 113, 43, 8, 13, 126, 68, 104, 24, 96, 110, 111, 120, 56, 105, 48, 35, 64, 54, 102, 40, 112, 103, 41, 11, 80, 69, 128, 33, 67, 46, 38, 125, 97, 47, 39, 121]","[58, 18, 50, 114, 26]"
EXP-XAI-0001,B2:70,MODEL-C1,SINGLE_FEATURE_ABLATION_LOCAL,INTRINSIC_COEFFICIENT,10,"[26, 18, 82, 27, 19, 83, 58, 91, 115, 114, 2, 28, 123, 50, 20, 100, 10, 90, 59, 84, 108, 51, 31, 37, 92, 101, 30, 44, 32, 78, 25, 122, 17, 98, 23, 22, 106, 81, 36, 79, 45, 34, 86, 42, 74, 53, 21, 87, 29, 117, 14, 61, 60, 73, 6, 94, 66, 95, 1, 9, 70, 107, 15, 7, 109, 89, 52, 85, 119, 71, 88, 93, 65, 99, 63, 118, 72, 3, 127, 75, 55, 77, 76, 116, 16, 12, 57, 4, 62, 49, 5, 124, 113, 43, 8, 13, 126, 68, 104, 24, 96, 110, 111, 120, 56, 105, 48, 35, 64, 54, 102, 40, 112, 103, 41, 11, 80, 69, 128, 33, 67, 46, 38, 125, 97, 47, 39, 121]","[58, 18, 50, 114, 26, 82, 19, 2, 122, 51]"
EXP-XAI-0001,B2:71,MODEL-C1,SINGLE_FEATURE_ABLATION_LOCAL,INTRINSIC_COEFFICIENT,1,"[26, 18, 82, 19, 27, 58, 83, 91, 114, 50, 115, 28, 123, 20, 90, 31, 84, 59, 32, 51, 100, 30, 2, 37, 92, 122, 23, 108, 22, 106, 17, 101, 25, 34, 10, 98, 44, 81, 86, 42, 87, 29, 45, 78, 36, 94, 21, 95, 79, 53, 117, 74, 61, 119, 88, 60, 89, 107, 14, 73, 6, 1, 85, 63, 9, 66, 70, 109, 118, 105, 15, 93, 7, 99, 52, 71, 55, 127, 65, 62, 33, 97, 96, 72, 57, 126, 3, 49, 75, 77, 24, 76, 120, 54, 116, 56, 41, 16, 43, 4, 12, 110, 113, 5, 103, 8, 13, 64, 68, 102, 35, 124, 38, 128, 46, 11, 104, 40, 47, 80, 69, 112, 125, 121, 67, 39, 111, 48]",[18]
EXP-XAI-0001,B2:71,MODEL-C1,SINGLE_FEATURE_ABLATION_LOCAL,INTRINSIC_COEFFICIENT,3,"[26, 18, 82, 19, 27, 58, 83, 91, 114, 50, 115, 28, 123, 20, 90, 31, 84, 59, 32, 51, 100, 30, 2, 37, 92, 122, 23, 108, 22, 106, 17, 101, 25, 34, 10, 98, 44, 81, 86, 42, 87, 29, 45, 78, 36, 94, 21, 95, 79, 53, 117, 74, 61, 119, 88, 60, 89, 107, 14, 73, 6, 1, 85, 63, 9, 66, 70, 109, 118, 105, 15, 93, 7, 99, 52, 71, 55, 127, 65, 62, 33, 97, 96, 72, 57, 126, 3, 49, 75, 77, 24, 76, 120, 54, 116, 56, 41, 16, 43, 4, 12, 110, 113, 5, 103, 8, 13, 64, 68, 102, 35, 124, 38, 128, 46, 11, 104, 40, 47, 80, 69, 112, 125, 121, 67, 39, 111, 48]","[18, 58, 50]"
EXP-XAI-0001,B2:71,MODEL-C1,SINGLE_FEATURE_ABLATION_LOCAL,INTRINSIC_COEFFICIENT,5,"[26, 18, 82, 19, 27, 58, 83, 91, 114, 50, 115, 28, 123, 20, 90, 31, 84, 59, 32, 51, 100, 30, 2, 37, 92, 122, 23, 108, 22, 106, 17, 101, 25, 34, 10, 98, 44, 81, 86, 42, 87, 29, 45, 78, 36, 94, 21, 95, 79, 53, 117, 74, 61, 119, 88, 60, 89, 107, 14, 73, 6, 1, 85, 63, 9, 66, 70, 109, 118, 105, 15, 93, 7, 99, 52, 71, 55, 127, 65, 62, 33, 97, 96, 72, 57, 126, 3, 49, 75, 77, 24, 76, 120, 54, 116, 56, 41, 16, 43, 4, 12, 110, 113, 5, 103, 8, 13, 64, 68, 102, 35, 124, 38, 128, 46, 11, 104, 40, 47, 80, 69, 112, 125, 121, 67, 39, 111, 48]","[18, 58, 50, 114, 26]"
EXP-XAI-0001,B2:71,MODEL-C1,SINGLE_FEATURE_ABLATION_LOCAL,INTRINSIC_COEFFICIENT,10,"[26, 18, 82, 19, 27, 58, 83, 91, 114, 50, 115, 28, 123, 20, 90, 31, 84, 59, 32, 51, 100, 30, 2, 37, 92, 122, 23, 108, 22, 106, 17, 101, 25, 34, 10, 98, 44, 81, 86, 42, 87, 29, 45, 78, 36, 94, 21, 95, 79, 53, 117, 74, 61, 119, 88, 60, 89, 107, 14, 73, 6, 1, 85, 63, 9, 66, 70, 109, 118, 105, 15, 93, 7, 99, 52, 71, 55, 127, 65, 62, 33, 97, 96, 72, 57, 126, 3, 49, 75, 77, 24, 76, 120, 54, 116, 56, 41, 16, 43, 4, 12, 110, 113, 5, 103, 8, 13, 64, 68, 102, 35, 124, 38, 128, 46, 11, 104, 40, 47, 80, 69, 112, 125, 121, 67, 39, 111, 48]","[18, 58, 50, 114, 26, 82, 19, 122, 20, 51]"
EXP-XAI-0001,B2:121,MODEL-C1,SINGLE_FEATURE_ABLATION_LOCAL,INTRINSIC_COEFFICIENT,1,"[106, 98, 42, 105, 34, 97, 10, 25, 81, 26, 2, 82, 27, 17, 41, 18, 89, 19, 108, 83, 33, 91, 110, 100, 31, 88, 32, 107, 114, 90, 30, 111, 58, 115, 23, 87, 101, 86, 123, 22, 78, 102, 37, 74, 44, 94, 95, 79, 50, 103, 28, 45, 119, 59, 66, 99, 51, 14, 20, 73, 84, 6, 122, 92, 36, 1, 9, 109, 70, 113, 15, 7, 112, 96, 38, 48, 118, 46, 21, 53, 71, 72, 65, 29, 24, 49, 104, 127, 12, 120, 61, 16, 3, 60, 117, 63, 93, 85, 56, 52, 43, 121, 13, 68, 77, 57, 75, 76, 8, 54, 4, 55, 5, 128, 64, 124, 67, 80, 116, 35, 69, 47, 125, 126, 40, 62, 39, 11]",[106]
EXP-XAI-0001,B2:121,MODEL-C1,SINGLE_FEATURE_ABLATION_LOCAL,INTRINSIC_COEFFICIENT,3,"[106, 98, 42, 105, 34, 97, 10, 25, 81, 26, 2, 82, 27, 17, 41, 18, 89, 19, 108, 83, 33, 91, 110, 100, 31, 88, 32, 107, 114, 90, 30, 111, 58, 115, 23, 87, 101, 86, 123, 22, 78, 102, 37, 74, 44, 94, 95, 79, 50, 103, 28, 45, 119, 59, 66, 99, 51, 14, 20, 73, 84, 6, 122, 92, 36, 1, 9, 109, 70, 113, 15, 7, 112, 96, 38, 48, 118, 46, 21, 53, 71, 72, 65, 29, 24, 49, 104, 127, 12, 120, 61, 16, 3, 60, 117, 63, 93, 85, 56, 52, 43, 121, 13, 68, 77, 57, 75, 76, 8, 54, 4, 55, 5, 128, 64, 124, 67, 80, 116, 35, 69, 47, 125, 126, 40, 62, 39, 11]","[106, 98, 25]"
EXP-XAI-0001,B2:121,MODEL-C1,SINGLE_FEATURE_ABLATION_LOCAL,INTRINSIC_COEFFICIENT,5,"[106, 98, 42, 105, 34, 97, 10, 25, 81, 26, 2, 82, 27, 17, 41, 18, 89, 19, 108, 83, 33, 91, 110, 100, 31, 88, 32, 107, 114, 90, 30, 111, 58, 115, 23, 87, 101, 86, 123, 22, 78, 102, 37, 74, 44, 94, 95, 79, 50, 103, 28, 45, 119, 59, 66, 99, 51, 14, 20, 73, 84, 6, 122, 92, 36, 1, 9, 109, 70, 113, 15, 7, 112, 96, 38, 48, 118, 46, 21, 53, 71, 72, 65, 29, 24, 49, 104, 127, 12, 120, 61, 16, 3, 60, 117, 63, 93, 85, 56, 52, 43, 121, 13, 68, 77, 57, 75, 76, 8, 54, 4, 55, 5, 128, 64, 124, 67, 80, 116, 35, 69, 47, 125, 126, 40, 62, 39, 11]","[106, 98, 25, 89, 42]"
EXP-XAI-0001,B2:121,MODEL-C1,SINGLE_FEATURE_ABLATION_LOCAL,INTRINSIC_COEFFICIENT,10,"[106, 98, 42, 105, 34, 97, 10, 25, 81, 26, 2, 82, 27, 17, 41, 18, 89, 19, 108, 83, 33, 91, 110, 100, 31, 88, 32, 107, 114, 90, 30, 111, 58, 115, 23, 87, 101, 86, 123, 22, 78, 102, 37, 74, 44, 94, 95, 79, 50, 103, 28, 45, 119, 59, 66, 99, 51, 14, 20, 73, 84, 6, 122, 92, 36, 1, 9, 109, 70, 113, 15, 7, 112, 96, 38, 48, 118, 46, 21, 53, 71, 72, 65, 29, 24, 49, 104, 127, 12, 120, 61, 16, 3, 60, 117, 63, 93, 85, 56, 52, 43, 121, 13, 68, 77, 57, 75, 76, 8, 54, 4, 55, 5, 128, 64, 124, 67, 80, 116, 35, 69, 47, 125, 126, 40, 62, 39, 11]","[106, 98, 25, 89, 42, 105, 81, 34, 108, 107]"
EXP-XAI-0001,B2:122,MODEL-C1,SINGLE_FEATURE_ABLATION_LOCAL,INTRINSIC_COEFFICIENT,1,"[106, 98, 105, 42, 34, 97, 10, 2, 41, 33, 81, 25, 110, 17, 27, 111, 31, 88, 108, 19, 89, 91, 83, 78, 107, 32, 30, 102, 23, 74, 82, 87, 79, 86, 100, 26, 22, 115, 18, 103, 14, 123, 95, 94, 114, 90, 66, 6, 58, 73, 119, 9, 1, 70, 37, 15, 99, 112, 28, 7, 44, 59, 51, 20, 50, 84, 92, 38, 45, 71, 46, 48, 122, 65, 118, 101, 113, 36, 72, 104, 96, 127, 24, 21, 3, 120, 12, 29, 49, 63, 16, 56, 53, 75, 77, 76, 55, 93, 57, 4, 13, 43, 85, 8, 68, 5, 61, 117, 64, 52, 60, 128, 121, 47, 54, 109, 126, 35, 80, 40, 69, 67, 124, 116, 39, 62, 11, 125]",[106]
EXP-XAI-0001,B2:122,MODEL-C1,SINGLE_FEATURE_ABLATION_LOCAL,INTRINSIC_COEFFICIENT,3,"[106, 98, 105, 42, 34, 97, 10, 2, 41, 33, 81, 25, 110, 17, 27, 111, 31, 88, 108, 19, 89, 91, 83, 78, 107, 32, 30, 102, 23, 74, 82, 87, 79, 86, 100, 26, 22, 115, 18, 103, 14, 123, 95, 94, 114, 90, 66, 6, 58, 73, 119, 9, 1, 70, 37, 15, 99, 112, 28, 7, 44, 59, 51, 20, 50, 84, 92, 38, 45, 71, 46, 48, 122, 65, 118, 101, 113, 36, 72, 104, 96, 127, 24, 21, 3, 120, 12, 29, 49, 63, 16, 56, 53, 75, 77, 76, 55, 93, 57, 4, 13, 43, 85, 8, 68, 5, 61, 117, 64, 52, 60, 128, 121, 47, 54, 109, 126, 35, 80, 40, 69, 67, 124, 116, 39, 62, 11, 125]","[106, 98, 25]"
EXP-XAI-0001,B2:122,MODEL-C1,SINGLE_FEATURE_ABLATION_LOCAL,INTRINSIC_COEFFICIENT,5,"[106, 98, 105, 42, 34, 97, 10, 2, 41, 33, 81, 25, 110, 17, 27, 111, 31, 88, 108, 19, 89, 91, 83, 78, 107, 32, 30, 102, 23, 74, 82, 87, 79, 86, 100, 26, 22, 115, 18, 103, 14, 123, 95, 94, 114, 90, 66, 6, 58, 73, 119, 9, 1, 70, 37, 15, 99, 112, 28, 7, 44, 59, 51, 20, 50, 84, 92, 38, 45, 71, 46, 48, 122, 65, 118, 101, 113, 36, 72, 104, 96, 127, 24, 21, 3, 120, 12, 29, 49, 63, 16, 56, 53, 75, 77, 76, 55, 93, 57, 4, 13, 43, 85, 8, 68, 5, 61, 117, 64, 52, 60, 128, 121, 47, 54, 109, 126, 35, 80, 40, 69, 67, 124, 116, 39, 62, 11, 125]","[106, 98, 25, 89, 42]"
EXP-XAI-0001,B2:122,MODEL-C1,SINGLE_FEATURE_ABLATION_LOCAL,INTRINSIC_COEFFICIENT,10,"[106, 98, 105, 42, 34, 97, 10, 2, 41, 33, 81, 25, 110, 17, 27, 111, 31, 88, 108, 19, 89, 91, 83, 78, 107, 32, 30, 102, 23, 74, 82, 87, 79, 86, 100, 26, 22, 115, 18, 103, 14, 123, 95, 94, 114, 90, 66, 6, 58, 73, 119, 9, 1, 70, 37, 15, 99, 112, 28, 7, 44, 59, 51, 20, 50, 84, 92, 38, 45, 71, 46, 48, 122, 65, 118, 101, 113, 36, 72, 104, 96, 127, 24, 21, 3, 120, 12, 29, 49, 63, 16, 56, 53, 75, 77, 76, 55, 93, 57, 4, 13, 43, 85, 8, 68, 5, 61, 117, 64, 52, 60, 128, 121, 47, 54, 109, 126, 35, 80, 40, 69, 67, 124, 116, 39, 62, 11, 125]","[106, 98, 25, 89, 42, 105, 112, 81, 34, 107]"
EXP-XAI-0001,B2:135,MODEL-C1,SINGLE_FEATURE_ABLATION_LOCAL,INTRINSIC_COEFFICIENT,1,"[106, 98, 42, 105, 34, 97, 10, 2, 108, 25, 81, 41, 26, 82, 27, 33, 17, 18, 110, 100, 19, 83, 89, 91, 31, 107, 111, 32, 88, 114, 90, 30, 101, 115, 58, 23, 74, 87, 78, 86, 102, 37, 123, 44, 22, 79, 94, 95, 103, 66, 50, 45, 28, 36, 59, 119, 14, 99, 73, 51, 6, 20, 84, 122, 112, 92, 9, 109, 1, 70, 15, 113, 7, 38, 96, 48, 118, 46, 71, 53, 21, 65, 72, 24, 29, 127, 49, 104, 61, 12, 120, 117, 60, 3, 63, 93, 16, 52, 85, 56, 43, 75, 77, 57, 76, 121, 13, 68, 8, 55, 4, 54, 5, 128, 64, 124, 116, 35, 80, 67, 47, 69, 126, 125, 39, 11, 40, 62]",[106]
EXP-XAI-0001,B2:135,MODEL-C1,SINGLE_FEATURE_ABLATION_LOCAL,INTRINSIC_COEFFICIENT,3,"[106, 98, 42, 105, 34, 97, 10, 2, 108, 25, 81, 41, 26, 82, 27, 33, 17, 18, 110, 100, 19, 83, 89, 91, 31, 107, 111, 32, 88, 114, 90, 30, 101, 115, 58, 23, 74, 87, 78, 86, 102, 37, 123, 44, 22, 79, 94, 95, 103, 66, 50, 45, 28, 36, 59, 119, 14, 99, 73, 51, 6, 20, 84, 122, 112, 92, 9, 109, 1, 70, 15, 113, 7, 38, 96, 48, 118, 46, 71, 53, 21, 65, 72, 24, 29, 127, 49, 104, 61, 12, 120, 117, 60, 3, 63, 93, 16, 52, 85, 56, 43, 75, 77, 57, 76, 121, 13, 68, 8, 55, 4, 54, 5, 128, 64, 124, 116, 35, 80, 67, 47, 69, 126, 125, 39, 11, 40, 62]","[106, 98, 25]"
EXP-XAI-0001,B2:135,MODEL-C1,SINGLE_FEATURE_ABLATION_LOCAL,INTRINSIC_COEFFICIENT,5,"[106, 98, 42, 105, 34, 97, 10, 2, 108, 25, 81, 41, 26, 82, 27, 33, 17, 18, 110, 100, 19, 83, 89, 91, 31, 107, 111, 32, 88, 114, 90, 30, 101, 115, 58, 23, 74, 87, 78, 86, 102, 37, 123, 44, 22, 79, 94, 95, 103, 66, 50, 45, 28, 36, 59, 119, 14, 99, 73, 51, 6, 20, 84, 122, 112, 92, 9, 109, 1, 70, 15, 113, 7, 38, 96, 48, 118, 46, 71, 53, 21, 65, 72, 24, 29, 127, 49, 104, 61, 12, 120, 117, 60, 3, 63, 93, 16, 52, 85, 56, 43, 75, 77, 57, 76, 121, 13, 68, 8, 55, 4, 54, 5, 128, 64, 124, 116, 35, 80, 67, 47, 69, 126, 125, 39, 11, 40, 62]","[106, 98, 25, 89, 108]"
EXP-XAI-0001,B2:135,MODEL-C1,SINGLE_FEATURE_ABLATION_LOCAL,INTRINSIC_COEFFICIENT,10,"[106, 98, 42, 105, 34, 97, 10, 2, 108, 25, 81, 41, 26, 82, 27, 33, 17, 18, 110, 100, 19, 83, 89, 91, 31, 107, 111, 32, 88, 114, 90, 30, 101, 115, 58, 23, 74, 87, 78, 86, 102, 37, 123, 44, 22, 79, 94, 95, 103, 66, 50, 45, 28, 36, 59, 119, 14, 99, 73, 51, 6, 20, 84, 122, 112, 92, 9, 109, 1, 70, 15, 113, 7, 38, 96, 48, 118, 46, 71, 53, 21, 65, 72, 24, 29, 127, 49, 104, 61, 12, 120, 117, 60, 3, 63, 93, 16, 52, 85, 56, 43, 75, 77, 57, 76, 121, 13, 68, 8, 55, 4, 54, 5, 128, 64, 124, 116, 35, 80, 67, 47, 69, 126, 125, 39, 11, 40, 62]","[106, 98, 25, 89, 108, 42, 105, 81, 34, 112]"
EXP-XAI-0001,B2:149,MODEL-C1,SINGLE_FEATURE_ABLATION_LOCAL,INTRINSIC_COEFFICIENT,1,"[106, 98, 42, 105, 34, 97, 10, 2, 25, 81, 108, 41, 26, 82, 33, 27, 17, 110, 18, 100, 89, 19, 83, 91, 31, 107, 88, 111, 32, 114, 90, 58, 30, 101, 74, 115, 23, 78, 87, 102, 86, 37, 123, 22, 44, 79, 95, 66, 94, 103, 50, 14, 45, 28, 119, 73, 6, 99, 59, 36, 122, 9, 51, 1, 20, 84, 92, 70, 15, 109, 7, 113, 38, 96, 71, 48, 118, 46, 65, 21, 53, 112, 72, 29, 24, 127, 104, 49, 120, 12, 3, 117, 61, 63, 16, 60, 56, 52, 43, 75, 93, 85, 77, 76, 121, 57, 13, 68, 8, 4, 55, 54, 5, 64, 128, 124, 116, 35, 80, 67, 47, 69, 126, 125, 11, 40, 39, 62]",[106]
EXP-XAI-0001,B2:149,MODEL-C1,SINGLE_FEATURE_ABLATION_LOCAL,INTRINSIC_COEFFICIENT,3,"[106, 98, 42, 105, 34, 97, 10, 2, 25, 81, 108, 41, 26, 82, 33, 27, 17, 110, 18, 100, 89, 19, 83, 91, 31, 107, 88, 111, 32, 114, 90, 58, 30, 101, 74, 115, 23, 78, 87, 102, 86, 37, 123, 22, 44, 79, 95, 66, 94, 103, 50, 14, 45, 28, 119, 73, 6, 99, 59, 36, 122, 9, 51, 1, 20, 84, 92, 70, 15, 109, 7, 113, 38, 96, 71, 48, 118, 46, 65, 21, 53, 112, 72, 29, 24, 127, 104, 49, 120, 12, 3, 117, 61, 63, 16, 60, 56, 52, 43, 75, 93, 85, 77, 76, 121, 57, 13, 68, 8, 4, 55, 54, 5, 64, 128, 124, 116, 35, 80, 67, 47, 69, 126, 125, 11, 40, 39, 62]","[106, 98, 25]"
EXP-XAI-0001,B2:149,MODEL-C1,SINGLE_FEATURE_ABLATION_LOCAL,INTRINSIC_COEFFICIENT,5,"[106, 98, 42, 105, 34, 97, 10, 2, 25, 81, 108, 41, 26, 82, 33, 27, 17, 110, 18, 100, 89, 19, 83, 91, 31, 107, 88, 111, 32, 114, 90, 58, 30, 101, 74, 115, 23, 78, 87, 102, 86, 37, 123, 22, 44, 79, 95, 66, 94, 103, 50, 14, 45, 28, 119, 73, 6, 99, 59, 36, 122, 9, 51, 1, 20, 84, 92, 70, 15, 109, 7, 113, 38, 96, 71, 48, 118, 46, 65, 21, 53, 112, 72, 29, 24, 127, 104, 49, 120, 12, 3, 117, 61, 63, 16, 60, 56, 52, 43, 75, 93, 85, 77, 76, 121, 57, 13, 68, 8, 4, 55, 54, 5, 64, 128, 124, 116, 35, 80, 67, 47, 69, 126, 125, 11, 40, 39, 62]","[106, 98, 25, 89, 42]"
EXP-XAI-0001,B2:149,MODEL-C1,SINGLE_FEATURE_ABLATION_LOCAL,INTRINSIC_COEFFICIENT,10,"[106, 98, 42, 105, 34, 97, 10, 2, 25, 81, 108, 41, 26, 82, 33, 27, 17, 110, 18, 100, 89, 19, 83, 91, 31, 107, 88, 111, 32, 114, 90, 58, 30, 101, 74, 115, 23, 78, 87, 102, 86, 37, 123, 22, 44, 79, 95, 66, 94, 103, 50, 14, 45, 28, 119, 73, 6, 99, 59, 36, 122, 9, 51, 1, 20, 84, 92, 70, 15, 109, 7, 113, 38, 96, 71, 48, 118, 46, 65, 21, 53, 112, 72, 29, 24, 127, 104, 49, 120, 12, 3, 117, 61, 63, 16, 60, 56, 52, 43, 75, 93, 85, 77, 76, 121, 57, 13, 68, 8, 4, 55, 54, 5, 64, 128, 124, 116, 35, 80, 67, 47, 69, 126, 125, 11, 40, 39, 62]","[106, 98, 25, 89, 42, 108, 105, 81, 34, 107]"
EXP-XAI-0001,B2:165,MODEL-C1,SINGLE_FEATURE_ABLATION_LOCAL,INTRINSIC_COEFFICIENT,1,"[106, 98, 105, 42, 34, 97, 10, 108, 25, 81, 2, 100, 27, 41, 26, 17, 82, 19, 83, 33, 89, 91, 18, 110, 101, 107, 31, 88, 115, 111, 32, 37, 30, 44, 114, 90, 23, 58, 123, 87, 86, 102, 22, 78, 74, 45, 94, 95, 36, 28, 59, 79, 103, 99, 50, 51, 66, 20, 119, 84, 92, 109, 112, 14, 73, 6, 122, 1, 9, 113, 70, 53, 15, 7, 48, 38, 21, 96, 118, 29, 46, 72, 71, 61, 65, 24, 60, 49, 117, 127, 52, 12, 120, 93, 104, 85, 63, 43, 16, 3, 56, 57, 121, 68, 13, 77, 75, 8, 54, 76, 55, 4, 124, 5, 128, 64, 116, 67, 80, 35, 47, 69, 125, 126, 40, 39, 62, 11]",[106]
EXP-XAI-0001,B2:165,MODEL-C1,SINGLE_FEATURE_ABLATION_LOCAL,INTRINSIC_COEFFICIENT,3,"[106, 98, 105, 42, 34, 97, 10, 108, 25, 81, 2, 100, 27, 41, 26, 17, 82, 19, 83, 33, 89, 91, 18, 110, 101, 107, 31, 88, 115, 111, 32, 37, 30, 44, 114, 90, 23, 58, 123, 87, 86, 102, 22, 78, 74, 45, 94, 95, 36, 28, 59, 79, 103, 99, 50, 51, 66, 20, 119, 84, 92, 109, 112, 14, 73, 6, 122, 1, 9, 113, 70, 53, 15, 7, 48, 38, 21, 96, 118, 29, 46, 72, 71, 61, 65, 24, 60, 49, 117, 127, 52, 12, 120, 93, 104, 85, 63, 43, 16, 3, 56, 57, 121, 68, 13, 77, 75, 8, 54, 76, 55, 4, 124, 5, 128, 64, 116, 67, 80, 35, 47, 69, 125, 126, 40, 39, 62, 11]","[106, 108, 25]"
EXP-XAI-0001,B2:165,MODEL-C1,SINGLE_FEATURE_ABLATION_LOCAL,INTRINSIC_COEFFICIENT,5,"[106, 98, 105, 42, 34, 97, 10, 108, 25, 81, 2, 100, 27, 41, 26, 17, 82, 19, 83, 33, 89, 91, 18, 110, 101, 107, 31, 88, 115, 111, 32, 37, 30, 44, 114, 90, 23, 58, 123, 87, 86, 102, 22, 78, 74, 45, 94, 95, 36, 28, 59, 79, 103, 99, 50, 51, 66, 20, 119, 84, 92, 109, 112, 14, 73, 6, 122, 1, 9, 113, 70, 53, 15, 7, 48, 38, 21, 96, 118, 29, 46, 72, 71, 61, 65, 24, 60, 49, 117, 127, 52, 12, 120, 93, 104, 85, 63, 43, 16, 3, 56, 57, 121, 68, 13, 77, 75, 8, 54, 76, 55, 4, 124, 5, 128, 64, 116, 67, 80, 35, 47, 69, 125, 126, 40, 39, 62, 11]","[106, 108, 25, 89, 98]"
EXP-XAI-0001,B2:165,MODEL-C1,SINGLE_FEATURE_ABLATION_LOCAL,INTRINSIC_COEFFICIENT,10,"[106, 98, 105, 42, 34, 97, 10, 108, 25, 81, 2, 100, 27, 41, 26, 17, 82, 19, 83, 33, 89, 91, 18, 110, 101, 107, 31, 88, 115, 111, 32, 37, 30, 44, 114, 90, 23, 58, 123, 87, 86, 102, 22, 78, 74, 45, 94, 95, 36, 28, 59, 79, 103, 99, 50, 51, 66, 20, 119, 84, 92, 109, 112, 14, 73, 6, 122, 1, 9, 113, 70, 53, 15, 7, 48, 38, 21, 96, 118, 29, 46, 72, 71, 61, 65, 24, 60, 49, 117, 127, 52, 12, 120, 93, 104, 85, 63, 43, 16, 3, 56, 57, 121, 68, 13, 77, 75, 8, 54, 76, 55, 4, 124, 5, 128, 64, 116, 67, 80, 35, 47, 69, 125, 126, 40, 39, 62, 11]","[106, 108, 25, 89, 98, 42, 105, 81, 100, 34]"
EXP-XAI-0001,B2:211,MODEL-C1,SINGLE_FEATURE_ABLATION_LOCAL,INTRINSIC_COEFFICIENT,1,"[112, 81, 25, 108, 17, 100, 113, 107, 89, 121, 57, 104, 99, 49, 44, 101, 36, 106, 98, 35, 43, 66, 74, 10, 33, 109, 122, 45, 41, 70, 78, 37, 71, 2, 6, 14, 79, 42, 97, 15, 52, 7, 111, 32, 124, 110, 60, 73, 68, 50, 34, 86, 30, 105, 94, 12, 22, 65, 76, 114, 58, 72, 16, 51, 116, 31, 118, 8, 48, 80, 123, 125, 1, 67, 59, 23, 87, 102, 128, 75, 11, 126, 95, 26, 4, 119, 96, 18, 20, 9, 53, 120, 47, 90, 117, 61, 62, 82, 92, 115, 84, 40, 54, 127, 69, 3, 28, 46, 56, 85, 38, 93, 77, 27, 63, 13, 103, 55, 91, 39, 88, 83, 24, 21, 29, 19, 5, 64]",[112]
EXP-XAI-0001,B2:211,MODEL-C1,SINGLE_FEATURE_ABLATION_LOCAL,INTRINSIC_COEFFICIENT,3,"[112, 81, 25, 108, 17, 100, 113, 107, 89, 121, 57, 104, 99, 49, 44, 101, 36, 106, 98, 35, 43, 66, 74, 10, 33, 109, 122, 45, 41, 70, 78, 37, 71, 2, 6, 14, 79, 42, 97, 15, 52, 7, 111, 32, 124, 110, 60, 73, 68, 50, 34, 86, 30, 105, 94, 12, 22, 65, 76, 114, 58, 72, 16, 51, 116, 31, 118, 8, 48, 80, 123, 125, 1, 67, 59, 23, 87, 102, 128, 75, 11, 126, 95, 26, 4, 119, 96, 18, 20, 9, 53, 120, 47, 90, 117, 61, 62, 82, 92, 115, 84, 40, 54, 127, 69, 3, 28, 46, 56, 85, 38, 93, 77, 27, 63, 13, 103, 55, 91, 39, 88, 83, 24, 21, 29, 19, 5, 64]","[112, 107, 99]"
EXP-XAI-0001,B2:211,MODEL-C1,SINGLE_FEATURE_ABLATION_LOCAL,INTRINSIC_COEFFICIENT,5,"[112, 81, 25, 108, 17, 100, 113, 107, 89, 121, 57, 104, 99, 49, 44, 101, 36, 106, 98, 35, 43, 66, 74, 10, 33, 109, 122, 45, 41, 70, 78, 37, 71, 2, 6, 14, 79, 42, 97, 15, 52, 7, 111, 32, 124, 110, 60, 73, 68, 50, 34, 86, 30, 105, 94, 12, 22, 65, 76, 114, 58, 72, 16, 51, 116, 31, 118, 8, 48, 80, 123, 125, 1, 67, 59, 23, 87, 102, 128, 75, 11, 126, 95, 26, 4, 119, 96, 18, 20, 9, 53, 120, 47, 90, 117, 61, 62, 82, 92, 115, 84, 40, 54, 127, 69, 3, 28, 46, 56, 85, 38, 93, 77, 27, 63, 13, 103, 55, 91, 39, 88, 83, 24, 21, 29, 19, 5, 64]","[112, 107, 99, 108, 100]"
EXP-XAI-0001,B2:211,MODEL-C1,SINGLE_FEATURE_ABLATION_LOCAL,INTRINSIC_COEFFICIENT,10,"[112, 81, 25, 108, 17, 100, 113, 107, 89, 121, 57, 104, 99, 49, 44, 101, 36, 106, 98, 35, 43, 66, 74, 10, 33, 109, 122, 45, 41, 70, 78, 37, 71, 2, 6, 14, 79, 42, 97, 15, 52, 7, 111, 32, 124, 110, 60, 73, 68, 50, 34, 86, 30, 105, 94, 12, 22, 65, 76, 114, 58, 72, 16, 51, 116, 31, 118, 8, 48, 80, 123, 125, 1, 67, 59, 23, 87, 102, 128, 75, 11, 126, 95, 26, 4, 119, 96, 18, 20, 9, 53, 120, 47, 90, 117, 61, 62, 82, 92, 115, 84, 40, 54, 127, 69, 3, 28, 46, 56, 85, 38, 93, 77, 27, 63, 13, 103, 55, 91, 39, 88, 83, 24, 21, 29, 19, 5, 64]","[112, 107, 99, 108, 100, 36, 44, 35, 121, 101]"
EXP-XAI-0001,B2:212,MODEL-C1,SINGLE_FEATURE_ABLATION_LOCAL,INTRINSIC_COEFFICIENT,1,"[112, 108, 107, 100, 36, 89, 44, 99, 121, 25, 81, 17, 113, 57, 49, 101, 35, 106, 43, 104, 98, 37, 45, 33, 97, 109, 122, 41, 52, 105, 66, 48, 74, 124, 60, 110, 32, 94, 10, 111, 51, 42, 50, 59, 123, 68, 58, 116, 114, 2, 34, 12, 20, 9, 76, 70, 30, 86, 115, 22, 95, 78, 71, 118, 84, 125, 88, 79, 126, 72, 6, 31, 96, 67, 16, 7, 120, 128, 83, 14, 11, 23, 80, 102, 75, 15, 119, 8, 47, 1, 87, 92, 28, 19, 4, 38, 53, 54, 127, 62, 46, 61, 117, 65, 27, 77, 91, 24, 40, 56, 63, 55, 21, 90, 64, 3, 93, 5, 13, 82, 39, 85, 26, 18, 29, 73, 103, 69]",[112]
EXP-XAI-0001,B2:212,MODEL-C1,SINGLE_FEATURE_ABLATION_LOCAL,INTRINSIC_COEFFICIENT,3,"[112, 108, 107, 100, 36, 89, 44, 99, 121, 25, 81, 17, 113, 57, 49, 101, 35, 106, 43, 104, 98, 37, 45, 33, 97, 109, 122, 41, 52, 105, 66, 48, 74, 124, 60, 110, 32, 94, 10, 111, 51, 42, 50, 59, 123, 68, 58, 116, 114, 2, 34, 12, 20, 9, 76, 70, 30, 86, 115, 22, 95, 78, 71, 118, 84, 125, 88, 79, 126, 72, 6, 31, 96, 67, 16, 7, 120, 128, 83, 14, 11, 23, 80, 102, 75, 15, 119, 8, 47, 1, 87, 92, 28, 19, 4, 38, 53, 54, 127, 62, 46, 61, 117, 65, 27, 77, 91, 24, 40, 56, 63, 55, 21, 90, 64, 3, 93, 5, 13, 82, 39, 85, 26, 18, 29, 73, 103, 69]","[112, 107, 108]"
EXP-XAI-0001,B2:212,MODEL-C1,SINGLE_FEATURE_ABLATION_LOCAL,INTRINSIC_COEFFICIENT,5,"[112, 108, 107, 100, 36, 89, 44, 99, 121, 25, 81, 17, 113, 57, 49, 101, 35, 106, 43, 104, 98, 37, 45, 33, 97, 109, 122, 41, 52, 105, 66, 48, 74, 124, 60, 110, 32, 94, 10, 111, 51, 42, 50, 59, 123, 68, 58, 116, 114, 2, 34, 12, 20, 9, 76, 70, 30, 86, 115, 22, 95, 78, 71, 118, 84, 125, 88, 79, 126, 72, 6, 31, 96, 67, 16, 7, 120, 128, 83, 14, 11, 23, 80, 102, 75, 15, 119, 8, 47, 1, 87, 92, 28, 19, 4, 38, 53, 54, 127, 62, 46, 61, 117, 65, 27, 77, 91, 24, 40, 56, 63, 55, 21, 90, 64, 3, 93, 5, 13, 82, 39, 85, 26, 18, 29, 73, 103, 69]","[112, 107, 108, 99, 100]"
EXP-XAI-0001,B2:212,MODEL-C1,SINGLE_FEATURE_ABLATION_LOCAL,INTRINSIC_COEFFICIENT,10,"[112, 108, 107, 100, 36, 89, 44, 99, 121, 25, 81, 17, 113, 57, 49, 101, 35, 106, 43, 104, 98, 37, 45, 33, 97, 109, 122, 41, 52, 105, 66, 48, 74, 124, 60, 110, 32, 94, 10, 111, 51, 42, 50, 59, 123, 68, 58, 116, 114, 2, 34, 12, 20, 9, 76, 70, 30, 86, 115, 22, 95, 78, 71, 118, 84, 125, 88, 79, 126, 72, 6, 31, 96, 67, 16, 7, 120, 128, 83, 14, 11, 23, 80, 102, 75, 15, 119, 8, 47, 1, 87, 92, 28, 19, 4, 38, 53, 54, 127, 62, 46, 61, 117, 65, 27, 77, 91, 24, 40, 56, 63, 55, 21, 90, 64, 3, 93, 5, 13, 82, 39, 85, 26, 18, 29, 73, 103, 69]","[112, 107, 108, 99, 100, 36, 44, 35, 101, 43]"
EXP-XAI-0001,B2:322,MODEL-C1,SINGLE_FEATURE_ABLATION_LOCAL,INTRINSIC_COEFFICIENT,1,"[106, 98, 42, 34, 105, 97, 10, 2, 41, 108, 33, 100, 26, 82, 18, 110, 27, 19, 83, 114, 58, 31, 81, 91, 107, 111, 17, 30, 88, 101, 115, 23, 74, 102, 87, 78, 90, 86, 25, 22, 123, 44, 50, 37, 32, 79, 103, 66, 95, 45, 94, 122, 119, 14, 59, 36, 28, 51, 6, 73, 20, 84, 99, 38, 9, 92, 1, 70, 46, 89, 15, 109, 118, 7, 48, 127, 71, 104, 63, 65, 53, 21, 55, 96, 40, 56, 120, 29, 24, 49, 72, 61, 57, 3, 117, 112, 113, 75, 60, 85, 93, 47, 43, 76, 77, 126, 16, 12, 52, 4, 62, 64, 5, 39, 128, 13, 8, 35, 68, 11, 116, 124, 69, 80, 54, 67, 125, 121]",[10]
EXP-XAI-0001,B2:322,MODEL-C1,SINGLE_FEATURE_ABLATION_LOCAL,INTRINSIC_COEFFICIENT,3,"[106, 98, 42, 34, 105, 97, 10, 2, 41, 108, 33, 100, 26, 82, 18, 110, 27, 19, 83, 114, 58, 31, 81, 91, 107, 111, 17, 30, 88, 101, 115, 23, 74, 102, 87, 78, 90, 86, 25, 22, 123, 44, 50, 37, 32, 79, 103, 66, 95, 45, 94, 122, 119, 14, 59, 36, 28, 51, 6, 73, 20, 84, 99, 38, 9, 92, 1, 70, 46, 89, 15, 109, 118, 7, 48, 127, 71, 104, 63, 65, 53, 21, 55, 96, 40, 56, 120, 29, 24, 49, 72, 61, 57, 3, 117, 112, 113, 75, 60, 85, 93, 47, 43, 76, 77, 126, 16, 12, 52, 4, 62, 64, 5, 39, 128, 13, 8, 35, 68, 11, 116, 124, 69, 80, 54, 67, 125, 121]","[10, 34, 42]"
EXP-XAI-0001,B2:322,MODEL-C1,SINGLE_FEATURE_ABLATION_LOCAL,INTRINSIC_COEFFICIENT,5,"[106, 98, 42, 34, 105, 97, 10, 2, 41, 108, 33, 100, 26, 82, 18, 110, 27, 19, 83, 114, 58, 31, 81, 91, 107, 111, 17, 30, 88, 101, 115, 23, 74, 102, 87, 78, 90, 86, 25, 22, 123, 44, 50, 37, 32, 79, 103, 66, 95, 45, 94, 122, 119, 14, 59, 36, 28, 51, 6, 73, 20, 84, 99, 38, 9, 92, 1, 70, 46, 89, 15, 109, 118, 7, 48, 127, 71, 104, 63, 65, 53, 21, 55, 96, 40, 56, 120, 29, 24, 49, 72, 61, 57, 3, 117, 112, 113, 75, 60, 85, 93, 47, 43, 76, 77, 126, 16, 12, 52, 4, 62, 64, 5, 39, 128, 13, 8, 35, 68, 11, 116, 124, 69, 80, 54, 67, 125, 121]","[10, 34, 42, 98, 106]"
EXP-XAI-0001,B2:322,MODEL-C1,SINGLE_FEATURE_ABLATION_LOCAL,INTRINSIC_COEFFICIENT,10,"[106, 98, 42, 34, 105, 97, 10, 2, 41, 108, 33, 100, 26, 82, 18, 110, 27, 19, 83, 114, 58, 31, 81, 91, 107, 111, 17, 30, 88, 101, 115, 23, 74, 102, 87, 78, 90, 86, 25, 22, 123, 44, 50, 37, 32, 79, 103, 66, 95, 45, 94, 122, 119, 14, 59, 36, 28, 51, 6, 73, 20, 84, 99, 38, 9, 92, 1, 70, 46, 89, 15, 109, 118, 7, 48, 127, 71, 104, 63, 65, 53, 21, 55, 96, 40, 56, 120, 29, 24, 49, 72, 61, 57, 3, 117, 112, 113, 75, 60, 85, 93, 47, 43, 76, 77, 126, 16, 12, 52, 4, 62, 64, 5, 39, 128, 13, 8, 35, 68, 11, 116, 124, 69, 80, 54, 67, 125, 121]","[10, 34, 42, 98, 106, 105, 2, 97, 74, 66]"
EXP-XAI-0001,B2:473,MODEL-C1,SINGLE_FEATURE_ABLATION_LOCAL,INTRINSIC_COEFFICIENT,1,"[69, 104, 77, 40, 112, 57, 62, 82, 18, 54, 48, 42, 106, 34, 49, 22, 86, 20, 118, 88, 68, 89, 30, 84, 90, 55, 52, 26, 45, 50, 63, 58, 24, 83, 113, 23, 74, 87, 17, 19, 59, 60, 114, 51, 110, 67, 41, 115, 31, 116, 111, 81, 28, 53, 117, 61, 126, 12, 105, 119, 46, 124, 38, 21, 6, 7, 78, 33, 127, 27, 39, 25, 85, 79, 32, 125, 44, 108, 123, 65, 56, 4, 109, 10, 101, 107, 14, 43, 15, 47, 37, 98, 92, 128, 91, 11, 5, 122, 29, 103, 95, 64, 8, 120, 35, 102, 71, 72, 13, 76, 2, 66, 96, 99, 97, 94, 73, 75, 16, 36, 1, 70, 121, 3, 100, 93, 9, 80]",[69]
EXP-XAI-0001,B2:473,MODEL-C1,SINGLE_FEATURE_ABLATION_LOCAL,INTRINSIC_COEFFICIENT,3,"[69, 104, 77, 40, 112, 57, 62, 82, 18, 54, 48, 42, 106, 34, 49, 22, 86, 20, 118, 88, 68, 89, 30, 84, 90, 55, 52, 26, 45, 50, 63, 58, 24, 83, 113, 23, 74, 87, 17, 19, 59, 60, 114, 51, 110, 67, 41, 115, 31, 116, 111, 81, 28, 53, 117, 61, 126, 12, 105, 119, 46, 124, 38, 21, 6, 7, 78, 33, 127, 27, 39, 25, 85, 79, 32, 125, 44, 108, 123, 65, 56, 4, 109, 10, 101, 107, 14, 43, 15, 47, 37, 98, 92, 128, 91, 11, 5, 122, 29, 103, 95, 64, 8, 120, 35, 102, 71, 72, 13, 76, 2, 66, 96, 99, 97, 94, 73, 75, 16, 36, 1, 70, 121, 3, 100, 93, 9, 80]","[69, 104, 77]"
EXP-XAI-0001,B2:473,MODEL-C1,SINGLE_FEATURE_ABLATION_LOCAL,INTRINSIC_COEFFICIENT,5,"[69, 104, 77, 40, 112, 57, 62, 82, 18, 54, 48, 42, 106, 34, 49, 22, 86, 20, 118, 88, 68, 89, 30, 84, 90, 55, 52, 26, 45, 50, 63, 58, 24, 83, 113, 23, 74, 87, 17, 19, 59, 60, 114, 51, 110, 67, 41, 115, 31, 116, 111, 81, 28, 53, 117, 61, 126, 12, 105, 119, 46, 124, 38, 21, 6, 7, 78, 33, 127, 27, 39, 25, 85, 79, 32, 125, 44, 108, 123, 65, 56, 4, 109, 10, 101, 107, 14, 43, 15, 47, 37, 98, 92, 128, 91, 11, 5, 122, 29, 103, 95, 64, 8, 120, 35, 102, 71, 72, 13, 76, 2, 66, 96, 99, 97, 94, 73, 75, 16, 36, 1, 70, 121, 3, 100, 93, 9, 80]","[69, 104, 77, 17, 81]"
EXP-XAI-0001,B2:473,MODEL-C1,SINGLE_FEATURE_ABLATION_LOCAL,INTRINSIC_COEFFICIENT,10,"[69, 104, 77, 40, 112, 57, 62, 82, 18, 54, 48, 42, 106, 34, 49, 22, 86, 20, 118, 88, 68, 89, 30, 84, 90, 55, 52, 26, 45, 50, 63, 58, 24, 83, 113, 23, 74, 87, 17, 19, 59, 60, 114, 51, 110, 67, 41, 115, 31, 116, 111, 81, 28, 53, 117, 61, 126, 12, 105, 119, 46, 124, 38, 21, 6, 7, 78, 33, 127, 27, 39, 25, 85, 79, 32, 125, 44, 108, 123, 65, 56, 4, 109, 10, 101, 107, 14, 43, 15, 47, 37, 98, 92, 128, 91, 11, 5, 122, 29, 103, 95, 64, 8, 120, 35, 102, 71, 72, 13, 76, 2, 66, 96, 99, 97, 94, 73, 75, 16, 36, 1, 70, 121, 3, 100, 93, 9, 80]","[69, 104, 77, 17, 81, 25, 57, 82, 18, 26]"
EXP-XAI-0001,B2:474,MODEL-C1,SINGLE_FEATURE_ABLATION_LOCAL,INTRINSIC_COEFFICIENT,1,"[66, 74, 10, 104, 40, 112, 62, 54, 48, 88, 22, 86, 57, 20, 118, 30, 84, 24, 82, 18, 49, 52, 55, 23, 21, 83, 68, 87, 63, 19, 89, 42, 60, 34, 17, 67, 110, 59, 79, 51, 69, 116, 45, 31, 113, 28, 7, 26, 115, 106, 81, 111, 126, 46, 85, 41, 119, 124, 38, 53, 117, 61, 90, 58, 65, 50, 6, 78, 114, 12, 27, 15, 105, 39, 25, 127, 32, 29, 33, 44, 72, 125, 13, 123, 14, 11, 56, 4, 2, 16, 47, 98, 8, 43, 92, 95, 108, 64, 128, 107, 103, 3, 5, 91, 109, 120, 102, 93, 94, 121, 35, 36, 96, 80, 71, 122, 77, 70, 37, 76, 99, 97, 1, 73, 101, 9, 75, 100]",[66]
EXP-XAI-0001,B2:474,MODEL-C1,SINGLE_FEATURE_ABLATION_LOCAL,INTRINSIC_COEFFICIENT,3,"[66, 74, 10, 104, 40, 112, 62, 54, 48, 88, 22, 86, 57, 20, 118, 30, 84, 24, 82, 18, 49, 52, 55, 23, 21, 83, 68, 87, 63, 19, 89, 42, 60, 34, 17, 67, 110, 59, 79, 51, 69, 116, 45, 31, 113, 28, 7, 26, 115, 106, 81, 111, 126, 46, 85, 41, 119, 124, 38, 53, 117, 61, 90, 58, 65, 50, 6, 78, 114, 12, 27, 15, 105, 39, 25, 127, 32, 29, 33, 44, 72, 125, 13, 123, 14, 11, 56, 4, 2, 16, 47, 98, 8, 43, 92, 95, 108, 64, 128, 107, 103, 3, 5, 91, 109, 120, 102, 93, 94, 121, 35, 36, 96, 80, 71, 122, 77, 70, 37, 76, 99, 97, 1, 73, 101, 9, 75, 100]","[66, 74, 10]"
EXP-XAI-0001,B2:474,MODEL-C1,SINGLE_FEATURE_ABLATION_LOCAL,INTRINSIC_COEFFICIENT,5,"[66, 74, 10, 104, 40, 112, 62, 54, 48, 88, 22, 86, 57, 20, 118, 30, 84, 24, 82, 18, 49, 52, 55, 23, 21, 83, 68, 87, 63, 19, 89, 42, 60, 34, 17, 67, 110, 59, 79, 51, 69, 116, 45, 31, 113, 28, 7, 26, 115, 106, 81, 111, 126, 46, 85, 41, 119, 124, 38, 53, 117, 61, 90, 58, 65, 50, 6, 78, 114, 12, 27, 15, 105, 39, 25, 127, 32, 29, 33, 44, 72, 125, 13, 123, 14, 11, 56, 4, 2, 16, 47, 98, 8, 43, 92, 95, 108, 64, 128, 107, 103, 3, 5, 91, 109, 120, 102, 93, 94, 121, 35, 36, 96, 80, 71, 122, 77, 70, 37, 76, 99, 97, 1, 73, 101, 9, 75, 100]","[66, 74, 10, 104, 17]"
EXP-XAI-0001,B2:474,MODEL-C1,SINGLE_FEATURE_ABLATION_LOCAL,INTRINSIC_COEFFICIENT,10,"[66, 74, 10, 104, 40, 112, 62, 54, 48, 88, 22, 86, 57, 20, 118, 30, 84, 24, 82, 18, 49, 52, 55, 23, 21, 83, 68, 87, 63, 19, 89, 42, 60, 34, 17, 67, 110, 59, 79, 51, 69, 116, 45, 31, 113, 28, 7, 26, 115, 106, 81, 111, 126, 46, 85, 41, 119, 124, 38, 53, 117, 61, 90, 58, 65, 50, 6, 78, 114, 12, 27, 15, 105, 39, 25, 127, 32, 29, 33, 44, 72, 125, 13, 123, 14, 11, 56, 4, 2, 16, 47, 98, 8, 43, 92, 95, 108, 64, 128, 107, 103, 3, 5, 91, 109, 120, 102, 93, 94, 121, 35, 36, 96, 80, 71, 122, 77, 70, 37, 76, 99, 97, 1, 73, 101, 9, 75, 100]","[66, 74, 10, 104, 17, 81, 25, 57, 2, 49]"
EXP-XAI-0001,B2:495,MODEL-C1,SINGLE_FEATURE_ABLATION_LOCAL,INTRINSIC_COEFFICIENT,1,"[108, 100, 101, 37, 44, 36, 45, 27, 19, 109, 83, 28, 107, 20, 91, 26, 105, 18, 82, 115, 92, 123, 53, 84, 97, 59, 51, 61, 60, 117, 2, 21, 25, 99, 10, 81, 29, 52, 33, 58, 17, 31, 90, 30, 114, 78, 23, 106, 32, 50, 22, 93, 74, 86, 79, 87, 85, 88, 89, 110, 122, 14, 41, 94, 66, 73, 6, 95, 9, 1, 124, 42, 70, 15, 111, 116, 7, 102, 71, 43, 65, 119, 34, 72, 98, 35, 113, 49, 63, 3, 118, 127, 125, 38, 96, 57, 75, 103, 12, 16, 76, 77, 24, 55, 56, 4, 8, 68, 13, 5, 120, 64, 112, 121, 126, 128, 46, 62, 80, 54, 69, 67, 11, 39, 48, 40, 104, 47]",[108]
EXP-XAI-0001,B2:495,MODEL-C1,SINGLE_FEATURE_ABLATION_LOCAL,INTRINSIC_COEFFICIENT,3,"[108, 100, 101, 37, 44, 36, 45, 27, 19, 109, 83, 28, 107, 20, 91, 26, 105, 18, 82, 115, 92, 123, 53, 84, 97, 59, 51, 61, 60, 117, 2, 21, 25, 99, 10, 81, 29, 52, 33, 58, 17, 31, 90, 30, 114, 78, 23, 106, 32, 50, 22, 93, 74, 86, 79, 87, 85, 88, 89, 110, 122, 14, 41, 94, 66, 73, 6, 95, 9, 1, 124, 42, 70, 15, 111, 116, 7, 102, 71, 43, 65, 119, 34, 72, 98, 35, 113, 49, 63, 3, 118, 127, 125, 38, 96, 57, 75, 103, 12, 16, 76, 77, 24, 55, 56, 4, 8, 68, 13, 5, 120, 64, 112, 121, 126, 128, 46, 62, 80, 54, 69, 67, 11, 39, 48, 40, 104, 47]","[108, 101, 100]"
EXP-XAI-0001,B2:495,MODEL-C1,SINGLE_FEATURE_ABLATION_LOCAL,INTRINSIC_COEFFICIENT,5,"[108, 100, 101, 37, 44, 36, 45, 27, 19, 109, 83, 28, 107, 20, 91, 26, 105, 18, 82, 115, 92, 123, 53, 84, 97, 59, 51, 61, 60, 117, 2, 21, 25, 99, 10, 81, 29, 52, 33, 58, 17, 31, 90, 30, 114, 78, 23, 106, 32, 50, 22, 93, 74, 86, 79, 87, 85, 88, 89, 110, 122, 14, 41, 94, 66, 73, 6, 95, 9, 1, 124, 42, 70, 15, 111, 116, 7, 102, 71, 43, 65, 119, 34, 72, 98, 35, 113, 49, 63, 3, 118, 127, 125, 38, 96, 57, 75, 103, 12, 16, 76, 77, 24, 55, 56, 4, 8, 68, 13, 5, 120, 64, 112, 121, 126, 128, 46, 62, 80, 54, 69, 67, 11, 39, 48, 40, 104, 47]","[108, 101, 100, 109, 37]"
EXP-XAI-0001,B2:495,MODEL-C1,SINGLE_FEATURE_ABLATION_LOCAL,INTRINSIC_COEFFICIENT,10,"[108, 100, 101, 37, 44, 36, 45, 27, 19, 109, 83, 28, 107, 20, 91, 26, 105, 18, 82, 115, 92, 123, 53, 84, 97, 59, 51, 61, 60, 117, 2, 21, 25, 99, 10, 81, 29, 52, 33, 58, 17, 31, 90, 30, 114, 78, 23, 106, 32, 50, 22, 93, 74, 86, 79, 87, 85, 88, 89, 110, 122, 14, 41, 94, 66, 73, 6, 95, 9, 1, 124, 42, 70, 15, 111, 116, 7, 102, 71, 43, 65, 119, 34, 72, 98, 35, 113, 49, 63, 3, 118, 127, 125, 38, 96, 57, 75, 103, 12, 16, 76, 77, 24, 55, 56, 4, 8, 68, 13, 5, 120, 64, 112, 121, 126, 128, 46, 62, 80, 54, 69, 67, 11, 39, 48, 40, 104, 47]","[108, 101, 100, 109, 37, 44, 36, 52, 45, 53]"
EXP-XAI-0001,B2:534,MODEL-C1,SINGLE_FEATURE_ABLATION_LOCAL,INTRINSIC_COEFFICIENT,1,"[108, 25, 100, 107, 101, 27, 112, 37, 109, 36, 44, 50, 40, 90, 33, 89, 17, 99, 122, 91, 104, 19, 82, 26, 58, 28, 2, 52, 114, 41, 97, 60, 29, 78, 81, 38, 79, 10, 102, 53, 92, 32, 6, 45, 39, 14, 126, 73, 9, 118, 61, 46, 127, 57, 1, 74, 72, 103, 55, 7, 18, 12, 119, 54, 35, 113, 70, 51, 83, 93, 21, 68, 47, 15, 16, 121, 66, 13, 67, 20, 124, 48, 65, 80, 8, 105, 71, 63, 111, 69, 115, 98, 42, 86, 125, 59, 11, 43, 62, 116, 87, 123, 3, 56, 30, 117, 106, 88, 24, 84, 96, 64, 85, 49, 77, 22, 110, 120, 34, 75, 4, 31, 94, 5, 23, 95, 128, 76]",[25]
EXP-XAI-0001,B2:534,MODEL-C1,SINGLE_FEATURE_ABLATION_LOCAL,INTRINSIC_COEFFICIENT,3,"[108, 25, 100, 107, 101, 27, 112, 37, 109, 36, 44, 50, 40, 90, 33, 89, 17, 99, 122, 91, 104, 19, 82, 26, 58, 28, 2, 52, 114, 41, 97, 60, 29, 78, 81, 38, 79, 10, 102, 53, 92, 32, 6, 45, 39, 14, 126, 73, 9, 118, 61, 46, 127, 57, 1, 74, 72, 103, 55, 7, 18, 12, 119, 54, 35, 113, 70, 51, 83, 93, 21, 68, 47, 15, 16, 121, 66, 13, 67, 20, 124, 48, 65, 80, 8, 105, 71, 63, 111, 69, 115, 98, 42, 86, 125, 59, 11, 43, 62, 116, 87, 123, 3, 56, 30, 117, 106, 88, 24, 84, 96, 64, 85, 49, 77, 22, 110, 120, 34, 75, 4, 31, 94, 5, 23, 95, 128, 76]","[25, 105, 97]"
EXP-XAI-0001,B2:534,MODEL-C1,SINGLE_FEATURE_ABLATION_LOCAL,INTRINSIC_COEFFICIENT,5,"[108, 25, 100, 107, 101, 27, 112, 37, 109, 36, 44, 50, 40, 90, 33, 89, 17, 99, 122, 91, 104, 19, 82, 26, 58, 28, 2, 52, 114, 41, 97, 60, 29, 78, 81, 38, 79, 10, 102, 53, 92, 32, 6, 45, 39, 14, 126, 73, 9, 118, 61, 46, 127, 57, 1, 74, 72, 103, 55, 7, 18, 12, 119, 54, 35, 113, 70, 51, 83, 93, 21, 68, 47, 15, 16, 121, 66, 13, 67, 20, 124, 48, 65, 80, 8, 105, 71, 63, 111, 69, 115, 98, 42, 86, 125, 59, 11, 43, 62, 116, 87, 123, 3, 56, 30, 117, 106, 88, 24, 84, 96, 64, 85, 49, 77, 22, 110, 120, 34, 75, 4, 31, 94, 5, 23, 95, 128, 76]","[25, 105, 97, 33, 108]"
EXP-XAI-0001,B2:534,MODEL-C1,SINGLE_FEATURE_ABLATION_LOCAL,INTRINSIC_COEFFICIENT,10,"[108, 25, 100, 107, 101, 27, 112, 37, 109, 36, 44, 50, 40, 90, 33, 89, 17, 99, 122, 91, 104, 19, 82, 26, 58, 28, 2, 52, 114, 41, 97, 60, 29, 78, 81, 38, 79, 10, 102, 53, 92, 32, 6, 45, 39, 14, 126, 73, 9, 118, 61, 46, 127, 57, 1, 74, 72, 103, 55, 7, 18, 12, 119, 54, 35, 113, 70, 51, 83, 93, 21, 68, 47, 15, 16, 121, 66, 13, 67, 20, 124, 48, 65, 80, 8, 105, 71, 63, 111, 69, 115, 98, 42, 86, 125, 59, 11, 43, 62, 116, 87, 123, 3, 56, 30, 117, 106, 88, 24, 84, 96, 64, 85, 49, 77, 22, 110, 120, 34, 75, 4, 31, 94, 5, 23, 95, 128, 76]","[25, 105, 97, 33, 108, 41, 27, 40, 50, 112]"
EXP-XAI-0001,B2:535,MODEL-C1,SINGLE_FEATURE_ABLATION_LOCAL,INTRINSIC_COEFFICIENT,1,"[108, 100, 107, 25, 112, 101, 27, 37, 36, 109, 44, 50, 90, 33, 99, 122, 17, 40, 89, 91, 82, 19, 104, 26, 28, 58, 2, 52, 114, 41, 97, 60, 78, 29, 81, 38, 79, 10, 102, 45, 53, 6, 92, 39, 32, 14, 61, 73, 126, 9, 46, 118, 57, 1, 74, 72, 127, 103, 18, 7, 35, 12, 47, 55, 54, 113, 70, 51, 119, 83, 68, 93, 16, 15, 21, 48, 66, 121, 13, 67, 20, 124, 65, 80, 8, 105, 71, 111, 69, 115, 125, 86, 42, 59, 11, 43, 106, 63, 88, 98, 116, 123, 87, 62, 3, 96, 24, 30, 117, 84, 85, 64, 56, 22, 49, 77, 110, 120, 75, 34, 4, 31, 23, 94, 5, 95, 128, 76]",[25]
EXP-XAI-0001,B2:535,MODEL-C1,SINGLE_FEATURE_ABLATION_LOCAL,INTRINSIC_COEFFICIENT,3,"[108, 100, 107, 25, 112, 101, 27, 37, 36, 109, 44, 50, 90, 33, 99, 122, 17, 40, 89, 91, 82, 19, 104, 26, 28, 58, 2, 52, 114, 41, 97, 60, 78, 29, 81, 38, 79, 10, 102, 45, 53, 6, 92, 39, 32, 14, 61, 73, 126, 9, 46, 118, 57, 1, 74, 72, 127, 103, 18, 7, 35, 12, 47, 55, 54, 113, 70, 51, 119, 83, 68, 93, 16, 15, 21, 48, 66, 121, 13, 67, 20, 124, 65, 80, 8, 105, 71, 111, 69, 115, 125, 86, 42, 59, 11, 43, 106, 63, 88, 98, 116, 123, 87, 62, 3, 96, 24, 30, 117, 84, 85, 64, 56, 22, 49, 77, 110, 120, 75, 34, 4, 31, 23, 94, 5, 95, 128, 76]","[25, 105, 97]"
EXP-XAI-0001,B2:535,MODEL-C1,SINGLE_FEATURE_ABLATION_LOCAL,INTRINSIC_COEFFICIENT,5,"[108, 100, 107, 25, 112, 101, 27, 37, 36, 109, 44, 50, 90, 33, 99, 122, 17, 40, 89, 91, 82, 19, 104, 26, 28, 58, 2, 52, 114, 41, 97, 60, 78, 29, 81, 38, 79, 10, 102, 45, 53, 6, 92, 39, 32, 14, 61, 73, 126, 9, 46, 118, 57, 1, 74, 72, 127, 103, 18, 7, 35, 12, 47, 55, 54, 113, 70, 51, 119, 83, 68, 93, 16, 15, 21, 48, 66, 121, 13, 67, 20, 124, 65, 80, 8, 105, 71, 111, 69, 115, 125, 86, 42, 59, 11, 43, 106, 63, 88, 98, 116, 123, 87, 62, 3, 96, 24, 30, 117, 84, 85, 64, 56, 22, 49, 77, 110, 120, 75, 34, 4, 31, 23, 94, 5, 95, 128, 76]","[25, 105, 97, 33, 108]"
EXP-XAI-0001,B2:535,MODEL-C1,SINGLE_FEATURE_ABLATION_LOCAL,INTRINSIC_COEFFICIENT,10,"[108, 100, 107, 25, 112, 101, 27, 37, 36, 109, 44, 50, 90, 33, 99, 122, 17, 40, 89, 91, 82, 19, 104, 26, 28, 58, 2, 52, 114, 41, 97, 60, 78, 29, 81, 38, 79, 10, 102, 45, 53, 6, 92, 39, 32, 14, 61, 73, 126, 9, 46, 118, 57, 1, 74, 72, 127, 103, 18, 7, 35, 12, 47, 55, 54, 113, 70, 51, 119, 83, 68, 93, 16, 15, 21, 48, 66, 121, 13, 67, 20, 124, 65, 80, 8, 105, 71, 111, 69, 115, 125, 86, 42, 59, 11, 43, 106, 63, 88, 98, 116, 123, 87, 62, 3, 96, 24, 30, 117, 84, 85, 64, 56, 22, 49, 77, 110, 120, 75, 34, 4, 31, 23, 94, 5, 95, 128, 76]","[25, 105, 97, 33, 108, 112, 41, 27, 100, 50]"
EXP-XAI-0001,B2:540,MODEL-C1,SINGLE_FEATURE_ABLATION_LOCAL,INTRINSIC_COEFFICIENT,1,"[108, 107, 100, 25, 101, 112, 27, 109, 37, 36, 44, 90, 50, 99, 33, 122, 17, 89, 91, 40, 82, 26, 19, 104, 58, 2, 28, 52, 114, 41, 97, 60, 78, 81, 29, 38, 10, 79, 102, 45, 53, 6, 32, 92, 39, 14, 73, 46, 9, 126, 74, 57, 118, 61, 1, 127, 72, 103, 18, 7, 12, 35, 55, 113, 119, 70, 54, 51, 68, 47, 16, 15, 83, 21, 93, 66, 121, 106, 13, 67, 20, 124, 65, 105, 8, 80, 71, 111, 69, 125, 48, 86, 115, 63, 42, 59, 11, 43, 87, 116, 3, 123, 96, 62, 30, 24, 117, 98, 84, 85, 22, 49, 110, 77, 120, 75, 88, 34, 4, 64, 31, 56, 23, 94, 5, 95, 128, 76]",[108]
EXP-XAI-0001,B2:540,MODEL-C1,SINGLE_FEATURE_ABLATION_LOCAL,INTRINSIC_COEFFICIENT,3,"[108, 107, 100, 25, 101, 112, 27, 109, 37, 36, 44, 90, 50, 99, 33, 122, 17, 89, 91, 40, 82, 26, 19, 104, 58, 2, 28, 52, 114, 41, 97, 60, 78, 81, 29, 38, 10, 79, 102, 45, 53, 6, 32, 92, 39, 14, 73, 46, 9, 126, 74, 57, 118, 61, 1, 127, 72, 103, 18, 7, 12, 35, 55, 113, 119, 70, 54, 51, 68, 47, 16, 15, 83, 21, 93, 66, 121, 106, 13, 67, 20, 124, 65, 105, 8, 80, 71, 111, 69, 125, 48, 86, 115, 63, 42, 59, 11, 43, 87, 116, 3, 123, 96, 62, 30, 24, 117, 98, 84, 85, 22, 49, 110, 77, 120, 75, 88, 34, 4, 64, 31, 56, 23, 94, 5, 95, 128, 76]","[108, 107, 100]"
EXP-XAI-0001,B2:540,MODEL-C1,SINGLE_FEATURE_ABLATION_LOCAL,INTRINSIC_COEFFICIENT,5,"[108, 107, 100, 25, 101, 112, 27, 109, 37, 36, 44, 90, 50, 99, 33, 122, 17, 89, 91, 40, 82, 26, 19, 104, 58, 2, 28, 52, 114, 41, 97, 60, 78, 81, 29, 38, 10, 79, 102, 45, 53, 6, 32, 92, 39, 14, 73, 46, 9, 126, 74, 57, 118, 61, 1, 127, 72, 103, 18, 7, 12, 35, 55, 113, 119, 70, 54, 51, 68, 47, 16, 15, 83, 21, 93, 66, 121, 106, 13, 67, 20, 124, 65, 105, 8, 80, 71, 111, 69, 125, 48, 86, 115, 63, 42, 59, 11, 43, 87, 116, 3, 123, 96, 62, 30, 24, 117, 98, 84, 85, 22, 49, 110, 77, 120, 75, 88, 34, 4, 64, 31, 56, 23, 94, 5, 95, 128, 76]","[108, 107, 100, 105, 101]"
EXP-XAI-0001,B2:540,MODEL-C1,SINGLE_FEATURE_ABLATION_LOCAL,INTRINSIC_COEFFICIENT,10,"[108, 107, 100, 25, 101, 112, 27, 109, 37, 36, 44, 90, 50, 99, 33, 122, 17, 89, 91, 40, 82, 26, 19, 104, 58, 2, 28, 52, 114, 41, 97, 60, 78, 81, 29, 38, 10, 79, 102, 45, 53, 6, 32, 92, 39, 14, 73, 46, 9, 126, 74, 57, 118, 61, 1, 127, 72, 103, 18, 7, 12, 35, 55, 113, 119, 70, 54, 51, 68, 47, 16, 15, 83, 21, 93, 66, 121, 106, 13, 67, 20, 124, 65, 105, 8, 80, 71, 111, 69, 125, 48, 86, 115, 63, 42, 59, 11, 43, 87, 116, 3, 123, 96, 62, 30, 24, 117, 98, 84, 85, 22, 49, 110, 77, 120, 75, 88, 34, 4, 64, 31, 56, 23, 94, 5, 95, 128, 76]","[108, 107, 100, 105, 101, 36, 109, 44, 112, 27]"
EXP-XAI-0001,B2:778,MODEL-C1,SINGLE_FEATURE_ABLATION_LOCAL,INTRINSIC_COEFFICIENT,1,"[36, 16, 100, 108, 9, 8, 1, 101, 121, 107, 44, 112, 72, 99, 35, 113, 89, 15, 45, 14, 65, 106, 109, 81, 49, 57, 80, 13, 7, 42, 6, 43, 98, 5, 34, 37, 73, 25, 17, 104, 71, 51, 70, 122, 69, 59, 60, 52, 50, 96, 123, 77, 97, 32, 40, 58, 124, 128, 110, 3, 114, 33, 94, 11, 48, 120, 115, 125, 79, 2, 111, 116, 78, 102, 4, 10, 53, 61, 38, 62, 95, 67, 63, 54, 55, 117, 24, 74, 12, 41, 86, 103, 88, 83, 30, 39, 31, 75, 66, 68, 19, 22, 105, 46, 118, 91, 87, 20, 92, 119, 126, 26, 23, 85, 93, 82, 84, 127, 64, 28, 90, 21, 18, 47, 56, 76, 27, 29]",[16]
EXP-XAI-0001,B2:778,MODEL-C1,SINGLE_FEATURE_ABLATION_LOCAL,INTRINSIC_COEFFICIENT,3,"[36, 16, 100, 108, 9, 8, 1, 101, 121, 107, 44, 112, 72, 99, 35, 113, 89, 15, 45, 14, 65, 106, 109, 81, 49, 57, 80, 13, 7, 42, 6, 43, 98, 5, 34, 37, 73, 25, 17, 104, 71, 51, 70, 122, 69, 59, 60, 52, 50, 96, 123, 77, 97, 32, 40, 58, 124, 128, 110, 3, 114, 33, 94, 11, 48, 120, 115, 125, 79, 2, 111, 116, 78, 102, 4, 10, 53, 61, 38, 62, 95, 67, 63, 54, 55, 117, 24, 74, 12, 41, 86, 103, 88, 83, 30, 39, 31, 75, 66, 68, 19, 22, 105, 46, 118, 91, 87, 20, 92, 119, 126, 26, 23, 85, 93, 82, 84, 127, 64, 28, 90, 21, 18, 47, 56, 76, 27, 29]","[16, 9, 1]"
EXP-XAI-0001,B2:778,MODEL-C1,SINGLE_FEATURE_ABLATION_LOCAL,INTRINSIC_COEFFICIENT,5,"[36, 16, 100, 108, 9, 8, 1, 101, 121, 107, 44, 112, 72, 99, 35, 113, 89, 15, 45, 14, 65, 106, 109, 81, 49, 57, 80, 13, 7, 42, 6, 43, 98, 5, 34, 37, 73, 25, 17, 104, 71, 51, 70, 122, 69, 59, 60, 52, 50, 96, 123, 77, 97, 32, 40, 58, 124, 128, 110, 3, 114, 33, 94, 11, 48, 120, 115, 125, 79, 2, 111, 116, 78, 102, 4, 10, 53, 61, 38, 62, 95, 67, 63, 54, 55, 117, 24, 74, 12, 41, 86, 103, 88, 83, 30, 39, 31, 75, 66, 68, 19, 22, 105, 46, 118, 91, 87, 20, 92, 119, 126, 26, 23, 85, 93, 82, 84, 127, 64, 28, 90, 21, 18, 47, 56, 76, 27, 29]","[16, 9, 1, 8, 36]"
EXP-XAI-0001,B2:778,MODEL-C1,SINGLE_FEATURE_ABLATION_LOCAL,INTRINSIC_COEFFICIENT,10,"[36, 16, 100, 108, 9, 8, 1, 101, 121, 107, 44, 112, 72, 99, 35, 113, 89, 15, 45, 14, 65, 106, 109, 81, 49, 57, 80, 13, 7, 42, 6, 43, 98, 5, 34, 37, 73, 25, 17, 104, 71, 51, 70, 122, 69, 59, 60, 52, 50, 96, 123, 77, 97, 32, 40, 58, 124, 128, 110, 3, 114, 33, 94, 11, 48, 120, 115, 125, 79, 2, 111, 116, 78, 102, 4, 10, 53, 61, 38, 62, 95, 67, 63, 54, 55, 117, 24, 74, 12, 41, 86, 103, 88, 83, 30, 39, 31, 75, 66, 68, 19, 22, 105, 46, 118, 91, 87, 20, 92, 119, 126, 26, 23, 85, 93, 82, 84, 127, 64, 28, 90, 21, 18, 47, 56, 76, 27, 29]","[16, 9, 1, 8, 36, 15, 100, 14, 121, 7]"
EXP-XAI-0001,B6:0,MODEL-C1,SINGLE_FEATURE_ABLATION_LOCAL,INTRINSIC_COEFFICIENT,1,"[27, 19, 91, 32, 83, 28, 88, 20, 115, 92, 123, 84, 31, 25, 59, 37, 81, 30, 51, 17, 23, 29, 89, 21, 22, 87, 86, 95, 94, 26, 18, 100, 108, 93, 101, 82, 105, 85, 53, 119, 42, 34, 97, 61, 117, 107, 60, 44, 24, 109, 45, 36, 96, 120, 63, 112, 99, 110, 52, 118, 111, 56, 78, 127, 106, 90, 58, 55, 113, 10, 102, 79, 104, 103, 64, 116, 128, 50, 73, 49, 14, 6, 62, 57, 124, 74, 114, 1, 98, 9, 70, 15, 126, 7, 71, 65, 122, 66, 2, 33, 72, 3, 75, 121, 76, 77, 43, 125, 12, 16, 54, 4, 48, 5, 13, 8, 68, 35, 41, 40, 80, 69, 67, 11, 46, 47, 39, 38]",[20]
EXP-XAI-0001,B6:0,MODEL-C1,SINGLE_FEATURE_ABLATION_LOCAL,INTRINSIC_COEFFICIENT,3,"[27, 19, 91, 32, 83, 28, 88, 20, 115, 92, 123, 84, 31, 25, 59, 37, 81, 30, 51, 17, 23, 29, 89, 21, 22, 87, 86, 95, 94, 26, 18, 100, 108, 93, 101, 82, 105, 85, 53, 119, 42, 34, 97, 61, 117, 107, 60, 44, 24, 109, 45, 36, 96, 120, 63, 112, 99, 110, 52, 118, 111, 56, 78, 127, 106, 90, 58, 55, 113, 10, 102, 79, 104, 103, 64, 116, 128, 50, 73, 49, 14, 6, 62, 57, 124, 74, 114, 1, 98, 9, 70, 15, 126, 7, 71, 65, 122, 66, 2, 33, 72, 3, 75, 121, 76, 77, 43, 125, 12, 16, 54, 4, 48, 5, 13, 8, 68, 35, 41, 40, 80, 69, 67, 11, 46, 47, 39, 38]","[20, 19, 27]"
EXP-XAI-0001,B6:0,MODEL-C1,SINGLE_FEATURE_ABLATION_LOCAL,INTRINSIC_COEFFICIENT,5,"[27, 19, 91, 32, 83, 28, 88, 20, 115, 92, 123, 84, 31, 25, 59, 37, 81, 30, 51, 17, 23, 29, 89, 21, 22, 87, 86, 95, 94, 26, 18, 100, 108, 93, 101, 82, 105, 85, 53, 119, 42, 34, 97, 61, 117, 107, 60, 44, 24, 109, 45, 36, 96, 120, 63, 112, 99, 110, 52, 118, 111, 56, 78, 127, 106, 90, 58, 55, 113, 10, 102, 79, 104, 103, 64, 116, 128, 50, 73, 49, 14, 6, 62, 57, 124, 74, 114, 1, 98, 9, 70, 15, 126, 7, 71, 65, 122, 66, 2, 33, 72, 3, 75, 121, 76, 77, 43, 125, 12, 16, 54, 4, 48, 5, 13, 8, 68, 35, 41, 40, 80, 69, 67, 11, 46, 47, 39, 38]","[20, 19, 27, 28, 84]"
EXP-XAI-0001,B6:0,MODEL-C1,SINGLE_FEATURE_ABLATION_LOCAL,INTRINSIC_COEFFICIENT,10,"[27, 19, 91, 32, 83, 28, 88, 20, 115, 92, 123, 84, 31, 25, 59, 37, 81, 30, 51, 17, 23, 29, 89, 21, 22, 87, 86, 95, 94, 26, 18, 100, 108, 93, 101, 82, 105, 85, 53, 119, 42, 34, 97, 61, 117, 107, 60, 44, 24, 109, 45, 36, 96, 120, 63, 112, 99, 110, 52, 118, 111, 56, 78, 127, 106, 90, 58, 55, 113, 10, 102, 79, 104, 103, 64, 116, 128, 50, 73, 49, 14, 6, 62, 57, 124, 74, 114, 1, 98, 9, 70, 15, 126, 7, 71, 65, 122, 66, 2, 33, 72, 3, 75, 121, 76, 77, 43, 125, 12, 16, 54, 4, 48, 5, 13, 8, 68, 35, 41, 40, 80, 69, 67, 11, 46, 47, 39, 38]","[20, 19, 27, 28, 84, 83, 59, 51, 115, 123]"
EXP-XAI-0001,B6:1,MODEL-C1,SINGLE_FEATURE_ABLATION_LOCAL,INTRINSIC_COEFFICIENT,1,"[27, 88, 19, 83, 91, 32, 28, 37, 115, 20, 84, 92, 123, 31, 59, 25, 81, 30, 51, 17, 23, 29, 21, 87, 22, 89, 86, 100, 95, 94, 108, 101, 105, 26, 42, 18, 97, 85, 45, 34, 44, 93, 36, 119, 53, 107, 61, 117, 109, 60, 82, 120, 96, 24, 56, 112, 99, 63, 110, 78, 118, 52, 111, 127, 79, 102, 104, 103, 55, 113, 33, 128, 73, 14, 58, 64, 6, 62, 116, 90, 49, 1, 57, 41, 106, 9, 70, 74, 10, 15, 124, 7, 126, 50, 71, 65, 48, 66, 43, 72, 114, 3, 40, 75, 54, 76, 77, 35, 12, 16, 4, 38, 121, 5, 122, 8, 68, 13, 98, 125, 2, 46, 80, 69, 39, 11, 67, 47]",[19]
EXP-XAI-0001,B6:1,MODEL-C1,SINGLE_FEATURE_ABLATION_LOCAL,INTRINSIC_COEFFICIENT,3,"[27, 88, 19, 83, 91, 32, 28, 37, 115, 20, 84, 92, 123, 31, 59, 25, 81, 30, 51, 17, 23, 29, 21, 87, 22, 89, 86, 100, 95, 94, 108, 101, 105, 26, 42, 18, 97, 85, 45, 34, 44, 93, 36, 119, 53, 107, 61, 117, 109, 60, 82, 120, 96, 24, 56, 112, 99, 63, 110, 78, 118, 52, 111, 127, 79, 102, 104, 103, 55, 113, 33, 128, 73, 14, 58, 64, 6, 62, 116, 90, 49, 1, 57, 41, 106, 9, 70, 74, 10, 15, 124, 7, 126, 50, 71, 65, 48, 66, 43, 72, 114, 3, 40, 75, 54, 76, 77, 35, 12, 16, 4, 38, 121, 5, 122, 8, 68, 13, 98, 125, 2, 46, 80, 69, 39, 11, 67, 47]","[19, 20, 84]"
EXP-XAI-0001,B6:1,MODEL-C1,SINGLE_FEATURE_ABLATION_LOCAL,INTRINSIC_COEFFICIENT,5,"[27, 88, 19, 83, 91, 32, 28, 37, 115, 20, 84, 92, 123, 31, 59, 25, 81, 30, 51, 17, 23, 29, 21, 87, 22, 89, 86, 100, 95, 94, 108, 101, 105, 26, 42, 18, 97, 85, 45, 34, 44, 93, 36, 119, 53, 107, 61, 117, 109, 60, 82, 120, 96, 24, 56, 112, 99, 63, 110, 78, 118, 52, 111, 127, 79, 102, 104, 103, 55, 113, 33, 128, 73, 14, 58, 64, 6, 62, 116, 90, 49, 1, 57, 41, 106, 9, 70, 74, 10, 15, 124, 7, 126, 50, 71, 65, 48, 66, 43, 72, 114, 3, 40, 75, 54, 76, 77, 35, 12, 16, 4, 38, 121, 5, 122, 8, 68, 13, 98, 125, 2, 46, 80, 69, 39, 11, 67, 47]","[19, 20, 84, 28, 83]"
EXP-XAI-0001,B6:1,MODEL-C1,SINGLE_FEATURE_ABLATION_LOCAL,INTRINSIC_COEFFICIENT,10,"[27, 88, 19, 83, 91, 32, 28, 37, 115, 20, 84, 92, 123, 31, 59, 25, 81, 30, 51, 17, 23, 29, 21, 87, 22, 89, 86, 100, 95, 94, 108, 101, 105, 26, 42, 18, 97, 85, 45, 34, 44, 93, 36, 119, 53, 107, 61, 117, 109, 60, 82, 120, 96, 24, 56, 112, 99, 63, 110, 78, 118, 52, 111, 127, 79, 102, 104, 103, 55, 113, 33, 128, 73, 14, 58, 64, 6, 62, 116, 90, 49, 1, 57, 41, 106, 9, 70, 74, 10, 15, 124, 7, 126, 50, 71, 65, 48, 66, 43, 72, 114, 3, 40, 75, 54, 76, 77, 35, 12, 16, 4, 38, 121, 5, 122, 8, 68, 13, 98, 125, 2, 46, 80, 69, 39, 11, 67, 47]","[19, 20, 84, 28, 83, 27, 59, 51, 115, 88]"
EXP-XAI-0001,B6:23,MODEL-C1,SINGLE_FEATURE_ABLATION_LOCAL,INTRINSIC_COEFFICIENT,1,"[100, 108, 101, 10, 2, 109, 107, 105, 106, 97, 44, 53, 45, 98, 61, 74, 36, 99, 117, 37, 66, 60, 52, 115, 27, 91, 123, 28, 83, 19, 20, 92, 88, 125, 59, 84, 32, 124, 81, 51, 104, 21, 25, 82, 26, 18, 29, 89, 17, 31, 116, 42, 110, 49, 30, 96, 114, 86, 111, 87, 102, 23, 93, 24, 57, 34, 103, 58, 112, 22, 54, 119, 95, 94, 113, 85, 90, 48, 50, 120, 62, 126, 118, 73, 121, 40, 33, 8, 41, 78, 56, 1, 72, 128, 122, 80, 9, 55, 43, 67, 16, 68, 64, 65, 46, 79, 11, 75, 12, 71, 6, 63, 77, 15, 35, 38, 76, 13, 69, 47, 5, 3, 70, 14, 127, 7, 4, 39]",[108]
EXP-XAI-0001,B6:23,MODEL-C1,SINGLE_FEATURE_ABLATION_LOCAL,INTRINSIC_COEFFICIENT,3,"[100, 108, 101, 10, 2, 109, 107, 105, 106, 97, 44, 53, 45, 98, 61, 74, 36, 99, 117, 37, 66, 60, 52, 115, 27, 91, 123, 28, 83, 19, 20, 92, 88, 125, 59, 84, 32, 124, 81, 51, 104, 21, 25, 82, 26, 18, 29, 89, 17, 31, 116, 42, 110, 49, 30, 96, 114, 86, 111, 87, 102, 23, 93, 24, 57, 34, 103, 58, 112, 22, 54, 119, 95, 94, 113, 85, 90, 48, 50, 120, 62, 126, 118, 73, 121, 40, 33, 8, 41, 78, 56, 1, 72, 128, 122, 80, 9, 55, 43, 67, 16, 68, 64, 65, 46, 79, 11, 75, 12, 71, 6, 63, 77, 15, 35, 38, 76, 13, 69, 47, 5, 3, 70, 14, 127, 7, 4, 39]","[108, 100, 101]"
EXP-XAI-0001,B6:23,MODEL-C1,SINGLE_FEATURE_ABLATION_LOCAL,INTRINSIC_COEFFICIENT,5,"[100, 108, 101, 10, 2, 109, 107, 105, 106, 97, 44, 53, 45, 98, 61, 74, 36, 99, 117, 37, 66, 60, 52, 115, 27, 91, 123, 28, 83, 19, 20, 92, 88, 125, 59, 84, 32, 124, 81, 51, 104, 21, 25, 82, 26, 18, 29, 89, 17, 31, 116, 42, 110, 49, 30, 96, 114, 86, 111, 87, 102, 23, 93, 24, 57, 34, 103, 58, 112, 22, 54, 119, 95, 94, 113, 85, 90, 48, 50, 120, 62, 126, 118, 73, 121, 40, 33, 8, 41, 78, 56, 1, 72, 128, 122, 80, 9, 55, 43, 67, 16, 68, 64, 65, 46, 79, 11, 75, 12, 71, 6, 63, 77, 15, 35, 38, 76, 13, 69, 47, 5, 3, 70, 14, 127, 7, 4, 39]","[108, 100, 101, 109, 66]"
EXP-XAI-0001,B6:23,MODEL-C1,SINGLE_FEATURE_ABLATION_LOCAL,INTRINSIC_COEFFICIENT,10,"[100, 108, 101, 10, 2, 109, 107, 105, 106, 97, 44, 53, 45, 98, 61, 74, 36, 99, 117, 37, 66, 60, 52, 115, 27, 91, 123, 28, 83, 19, 20, 92, 88, 125, 59, 84, 32, 124, 81, 51, 104, 21, 25, 82, 26, 18, 29, 89, 17, 31, 116, 42, 110, 49, 30, 96, 114, 86, 111, 87, 102, 23, 93, 24, 57, 34, 103, 58, 112, 22, 54, 119, 95, 94, 113, 85, 90, 48, 50, 120, 62, 126, 118, 73, 121, 40, 33, 8, 41, 78, 56, 1, 72, 128, 122, 80, 9, 55, 43, 67, 16, 68, 64, 65, 46, 79, 11, 75, 12, 71, 6, 63, 77, 15, 35, 38, 76, 13, 69, 47, 5, 3, 70, 14, 127, 7, 4, 39]","[108, 100, 101, 109, 66, 107, 37, 52, 53, 60]"
EXP-XAI-0001,B6:24,MODEL-C1,SINGLE_FEATURE_ABLATION_LOCAL,INTRINSIC_COEFFICIENT,1,"[100, 108, 101, 109, 10, 107, 105, 97, 2, 44, 45, 36, 99, 53, 37, 61, 115, 123, 117, 91, 60, 27, 83, 28, 19, 32, 20, 92, 42, 59, 52, 51, 88, 34, 84, 81, 21, 29, 25, 31, 110, 66, 74, 89, 30, 93, 96, 17, 86, 94, 87, 111, 102, 95, 119, 23, 124, 22, 85, 116, 112, 56, 104, 78, 103, 24, 113, 118, 120, 127, 79, 58, 41, 26, 73, 114, 49, 48, 90, 63, 64, 57, 82, 128, 125, 55, 9, 1, 18, 6, 14, 70, 50, 98, 43, 106, 121, 65, 122, 7, 126, 71, 46, 35, 15, 75, 72, 76, 54, 77, 62, 16, 40, 8, 38, 3, 47, 80, 68, 67, 13, 12, 11, 69, 5, 39, 33, 4]",[108]
EXP-XAI-0001,B6:24,MODEL-C1,SINGLE_FEATURE_ABLATION_LOCAL,INTRINSIC_COEFFICIENT,3,"[100, 108, 101, 109, 10, 107, 105, 97, 2, 44, 45, 36, 99, 53, 37, 61, 115, 123, 117, 91, 60, 27, 83, 28, 19, 32, 20, 92, 42, 59, 52, 51, 88, 34, 84, 81, 21, 29, 25, 31, 110, 66, 74, 89, 30, 93, 96, 17, 86, 94, 87, 111, 102, 95, 119, 23, 124, 22, 85, 116, 112, 56, 104, 78, 103, 24, 113, 118, 120, 127, 79, 58, 41, 26, 73, 114, 49, 48, 90, 63, 64, 57, 82, 128, 125, 55, 9, 1, 18, 6, 14, 70, 50, 98, 43, 106, 121, 65, 122, 7, 126, 71, 46, 35, 15, 75, 72, 76, 54, 77, 62, 16, 40, 8, 38, 3, 47, 80, 68, 67, 13, 12, 11, 69, 5, 39, 33, 4]","[108, 100, 101]"
EXP-XAI-0001,B6:24,MODEL-C1,SINGLE_FEATURE_ABLATION_LOCAL,INTRINSIC_COEFFICIENT,5,"[100, 108, 101, 109, 10, 107, 105, 97, 2, 44, 45, 36, 99, 53, 37, 61, 115, 123, 117, 91, 60, 27, 83, 28, 19, 32, 20, 92, 42, 59, 52, 51, 88, 34, 84, 81, 21, 29, 25, 31, 110, 66, 74, 89, 30, 93, 96, 17, 86, 94, 87, 111, 102, 95, 119, 23, 124, 22, 85, 116, 112, 56, 104, 78, 103, 24, 113, 118, 120, 127, 79, 58, 41, 26, 73, 114, 49, 48, 90, 63, 64, 57, 82, 128, 125, 55, 9, 1, 18, 6, 14, 70, 50, 98, 43, 106, 121, 65, 122, 7, 126, 71, 46, 35, 15, 75, 72, 76, 54, 77, 62, 16, 40, 8, 38, 3, 47, 80, 68, 67, 13, 12, 11, 69, 5, 39, 33, 4]","[108, 100, 101, 109, 107]"
EXP-XAI-0001,B6:24,MODEL-C1,SINGLE_FEATURE_ABLATION_LOCAL,INTRINSIC_COEFFICIENT,10,"[100, 108, 101, 109, 10, 107, 105, 97, 2, 44, 45, 36, 99, 53, 37, 61, 115, 123, 117, 91, 60, 27, 83, 28, 19, 32, 20, 92, 42, 59, 52, 51, 88, 34, 84, 81, 21, 29, 25, 31, 110, 66, 74, 89, 30, 93, 96, 17, 86, 94, 87, 111, 102, 95, 119, 23, 124, 22, 85, 116, 112, 56, 104, 78, 103, 24, 113, 118, 120, 127, 79, 58, 41, 26, 73, 114, 49, 48, 90, 63, 64, 57, 82, 128, 125, 55, 9, 1, 18, 6, 14, 70, 50, 98, 43, 106, 121, 65, 122, 7, 126, 71, 46, 35, 15, 75, 72, 76, 54, 77, 62, 16, 40, 8, 38, 3, 47, 80, 68, 67, 13, 12, 11, 69, 5, 39, 33, 4]","[108, 100, 101, 109, 107, 52, 53, 60, 37, 44]"
EXP-XAI-0001,B6:387,MODEL-C1,SINGLE_FEATURE_ABLATION_LOCAL,INTRINSIC_COEFFICIENT,1,"[101, 108, 100, 109, 25, 107, 10, 17, 89, 90, 112, 40, 56, 2, 32, 82, 46, 99, 122, 37, 78, 38, 57, 47, 27, 106, 79, 114, 50, 52, 39, 6, 36, 73, 60, 44, 14, 24, 53, 72, 1, 9, 41, 58, 62, 61, 7, 70, 33, 97, 19, 68, 105, 42, 127, 45, 15, 119, 104, 29, 121, 16, 12, 113, 67, 126, 118, 63, 96, 65, 80, 71, 64, 48, 8, 54, 51, 69, 125, 28, 103, 86, 13, 91, 124, 21, 83, 59, 87, 88, 11, 117, 3, 98, 49, 111, 93, 102, 81, 116, 30, 34, 55, 20, 123, 35, 84, 115, 120, 23, 92, 22, 66, 74, 77, 4, 75, 26, 76, 31, 128, 110, 5, 43, 94, 85, 95, 18]",[101]
EXP-XAI-0001,B6:387,MODEL-C1,SINGLE_FEATURE_ABLATION_LOCAL,INTRINSIC_COEFFICIENT,3,"[101, 108, 100, 109, 25, 107, 10, 17, 89, 90, 112, 40, 56, 2, 32, 82, 46, 99, 122, 37, 78, 38, 57, 47, 27, 106, 79, 114, 50, 52, 39, 6, 36, 73, 60, 44, 14, 24, 53, 72, 1, 9, 41, 58, 62, 61, 7, 70, 33, 97, 19, 68, 105, 42, 127, 45, 15, 119, 104, 29, 121, 16, 12, 113, 67, 126, 118, 63, 96, 65, 80, 71, 64, 48, 8, 54, 51, 69, 125, 28, 103, 86, 13, 91, 124, 21, 83, 59, 87, 88, 11, 117, 3, 98, 49, 111, 93, 102, 81, 116, 30, 34, 55, 20, 123, 35, 84, 115, 120, 23, 92, 22, 66, 74, 77, 4, 75, 26, 76, 31, 128, 110, 5, 43, 94, 85, 95, 18]","[101, 108, 100]"
EXP-XAI-0001,B6:387,MODEL-C1,SINGLE_FEATURE_ABLATION_LOCAL,INTRINSIC_COEFFICIENT,5,"[101, 108, 100, 109, 25, 107, 10, 17, 89, 90, 112, 40, 56, 2, 32, 82, 46, 99, 122, 37, 78, 38, 57, 47, 27, 106, 79, 114, 50, 52, 39, 6, 36, 73, 60, 44, 14, 24, 53, 72, 1, 9, 41, 58, 62, 61, 7, 70, 33, 97, 19, 68, 105, 42, 127, 45, 15, 119, 104, 29, 121, 16, 12, 113, 67, 126, 118, 63, 96, 65, 80, 71, 64, 48, 8, 54, 51, 69, 125, 28, 103, 86, 13, 91, 124, 21, 83, 59, 87, 88, 11, 117, 3, 98, 49, 111, 93, 102, 81, 116, 30, 34, 55, 20, 123, 35, 84, 115, 120, 23, 92, 22, 66, 74, 77, 4, 75, 26, 76, 31, 128, 110, 5, 43, 94, 85, 95, 18]","[101, 108, 100, 25, 109]"
EXP-XAI-0001,B6:387,MODEL-C1,SINGLE_FEATURE_ABLATION_LOCAL,INTRINSIC_COEFFICIENT,10,"[101, 108, 100, 109, 25, 107, 10, 17, 89, 90, 112, 40, 56, 2, 32, 82, 46, 99, 122, 37, 78, 38, 57, 47, 27, 106, 79, 114, 50, 52, 39, 6, 36, 73, 60, 44, 14, 24, 53, 72, 1, 9, 41, 58, 62, 61, 7, 70, 33, 97, 19, 68, 105, 42, 127, 45, 15, 119, 104, 29, 121, 16, 12, 113, 67, 126, 118, 63, 96, 65, 80, 71, 64, 48, 8, 54, 51, 69, 125, 28, 103, 86, 13, 91, 124, 21, 83, 59, 87, 88, 11, 117, 3, 98, 49, 111, 93, 102, 81, 116, 30, 34, 55, 20, 123, 35, 84, 115, 120, 23, 92, 22, 66, 74, 77, 4, 75, 26, 76, 31, 128, 110, 5, 43, 94, 85, 95, 18]","[101, 108, 100, 25, 109, 107, 105, 42, 112, 34]"
EXP-XAI-0001,B6:388,MODEL-C1,SINGLE_FEATURE_ABLATION_LOCAL,INTRINSIC_COEFFICIENT,1,"[108, 101, 100, 109, 90, 25, 107, 26, 40, 82, 32, 112, 50, 17, 37, 122, 56, 81, 58, 52, 99, 78, 46, 2, 53, 89, 106, 114, 60, 38, 79, 47, 36, 18, 10, 104, 98, 61, 27, 39, 6, 73, 29, 57, 74, 44, 14, 33, 42, 24, 41, 1, 9, 72, 45, 7, 70, 66, 126, 125, 105, 127, 48, 124, 62, 28, 118, 68, 15, 119, 19, 21, 16, 121, 113, 67, 65, 71, 88, 8, 12, 80, 117, 96, 91, 97, 116, 69, 93, 92, 55, 51, 34, 86, 13, 59, 64, 83, 20, 87, 3, 115, 11, 103, 54, 123, 63, 23, 30, 22, 111, 35, 49, 84, 4, 76, 77, 85, 102, 5, 110, 75, 43, 120, 31, 128, 95, 94]",[108]
EXP-XAI-0001,B6:388,MODEL-C1,SINGLE_FEATURE_ABLATION_LOCAL,INTRINSIC_COEFFICIENT,3,"[108, 101, 100, 109, 90, 25, 107, 26, 40, 82, 32, 112, 50, 17, 37, 122, 56, 81, 58, 52, 99, 78, 46, 2, 53, 89, 106, 114, 60, 38, 79, 47, 36, 18, 10, 104, 98, 61, 27, 39, 6, 73, 29, 57, 74, 44, 14, 33, 42, 24, 41, 1, 9, 72, 45, 7, 70, 66, 126, 125, 105, 127, 48, 124, 62, 28, 118, 68, 15, 119, 19, 21, 16, 121, 113, 67, 65, 71, 88, 8, 12, 80, 117, 96, 91, 97, 116, 69, 93, 92, 55, 51, 34, 86, 13, 59, 64, 83, 20, 87, 3, 115, 11, 103, 54, 123, 63, 23, 30, 22, 111, 35, 49, 84, 4, 76, 77, 85, 102, 5, 110, 75, 43, 120, 31, 128, 95, 94]","[108, 100, 101]"
EXP-XAI-0001,B6:388,MODEL-C1,SINGLE_FEATURE_ABLATION_LOCAL,INTRINSIC_COEFFICIENT,5,"[108, 101, 100, 109, 90, 25, 107, 26, 40, 82, 32, 112, 50, 17, 37, 122, 56, 81, 58, 52, 99, 78, 46, 2, 53, 89, 106, 114, 60, 38, 79, 47, 36, 18, 10, 104, 98, 61, 27, 39, 6, 73, 29, 57, 74, 44, 14, 33, 42, 24, 41, 1, 9, 72, 45, 7, 70, 66, 126, 125, 105, 127, 48, 124, 62, 28, 118, 68, 15, 119, 19, 21, 16, 121, 113, 67, 65, 71, 88, 8, 12, 80, 117, 96, 91, 97, 116, 69, 93, 92, 55, 51, 34, 86, 13, 59, 64, 83, 20, 87, 3, 115, 11, 103, 54, 123, 63, 23, 30, 22, 111, 35, 49, 84, 4, 76, 77, 85, 102, 5, 110, 75, 43, 120, 31, 128, 95, 94]","[108, 100, 101, 109, 107]"
EXP-XAI-0001,B6:388,MODEL-C1,SINGLE_FEATURE_ABLATION_LOCAL,INTRINSIC_COEFFICIENT,10,"[108, 101, 100, 109, 90, 25, 107, 26, 40, 82, 32, 112, 50, 17, 37, 122, 56, 81, 58, 52, 99, 78, 46, 2, 53, 89, 106, 114, 60, 38, 79, 47, 36, 18, 10, 104, 98, 61, 27, 39, 6, 73, 29, 57, 74, 44, 14, 33, 42, 24, 41, 1, 9, 72, 45, 7, 70, 66, 126, 125, 105, 127, 48, 124, 62, 28, 118, 68, 15, 119, 19, 21, 16, 121, 113, 67, 65, 71, 88, 8, 12, 80, 117, 96, 91, 97, 116, 69, 93, 92, 55, 51, 34, 86, 13, 59, 64, 83, 20, 87, 3, 115, 11, 103, 54, 123, 63, 23, 30, 22, 111, 35, 49, 84, 4, 76, 77, 85, 102, 5, 110, 75, 43, 120, 31, 128, 95, 94]","[108, 100, 101, 109, 107, 42, 25, 34, 32, 105]"
EXP-XAI-0001,B6:389,MODEL-C1,SINGLE_FEATURE_ABLATION_LOCAL,INTRINSIC_COEFFICIENT,1,"[101, 108, 100, 109, 90, 107, 25, 26, 82, 50, 81, 122, 40, 17, 112, 37, 32, 58, 99, 2, 46, 114, 10, 78, 53, 56, 38, 47, 27, 79, 52, 106, 6, 18, 45, 104, 36, 74, 73, 60, 98, 41, 33, 14, 39, 126, 127, 9, 89, 57, 44, 1, 24, 72, 118, 113, 121, 7, 48, 61, 66, 42, 119, 70, 29, 68, 15, 16, 12, 19, 97, 67, 65, 105, 8, 80, 71, 125, 83, 96, 86, 88, 21, 69, 13, 28, 124, 51, 93, 87, 54, 117, 11, 64, 103, 3, 55, 59, 84, 116, 20, 92, 35, 102, 34, 30, 62, 91, 49, 111, 123, 77, 4, 23, 63, 75, 115, 22, 94, 76, 43, 31, 120, 110, 5, 128, 85, 95]",[101]
EXP-XAI-0001,B6:389,MODEL-C1,SINGLE_FEATURE_ABLATION_LOCAL,INTRINSIC_COEFFICIENT,3,"[101, 108, 100, 109, 90, 107, 25, 26, 82, 50, 81, 122, 40, 17, 112, 37, 32, 58, 99, 2, 46, 114, 10, 78, 53, 56, 38, 47, 27, 79, 52, 106, 6, 18, 45, 104, 36, 74, 73, 60, 98, 41, 33, 14, 39, 126, 127, 9, 89, 57, 44, 1, 24, 72, 118, 113, 121, 7, 48, 61, 66, 42, 119, 70, 29, 68, 15, 16, 12, 19, 97, 67, 65, 105, 8, 80, 71, 125, 83, 96, 86, 88, 21, 69, 13, 28, 124, 51, 93, 87, 54, 117, 11, 64, 103, 3, 55, 59, 84, 116, 20, 92, 35, 102, 34, 30, 62, 91, 49, 111, 123, 77, 4, 23, 63, 75, 115, 22, 94, 76, 43, 31, 120, 110, 5, 128, 85, 95]","[101, 108, 100]"
EXP-XAI-0001,B6:389,MODEL-C1,SINGLE_FEATURE_ABLATION_LOCAL,INTRINSIC_COEFFICIENT,5,"[101, 108, 100, 109, 90, 107, 25, 26, 82, 50, 81, 122, 40, 17, 112, 37, 32, 58, 99, 2, 46, 114, 10, 78, 53, 56, 38, 47, 27, 79, 52, 106, 6, 18, 45, 104, 36, 74, 73, 60, 98, 41, 33, 14, 39, 126, 127, 9, 89, 57, 44, 1, 24, 72, 118, 113, 121, 7, 48, 61, 66, 42, 119, 70, 29, 68, 15, 16, 12, 19, 97, 67, 65, 105, 8, 80, 71, 125, 83, 96, 86, 88, 21, 69, 13, 28, 124, 51, 93, 87, 54, 117, 11, 64, 103, 3, 55, 59, 84, 116, 20, 92, 35, 102, 34, 30, 62, 91, 49, 111, 123, 77, 4, 23, 63, 75, 115, 22, 94, 76, 43, 31, 120, 110, 5, 128, 85, 95]","[101, 108, 100, 107, 109]"
EXP-XAI-0001,B6:389,MODEL-C1,SINGLE_FEATURE_ABLATION_LOCAL,INTRINSIC_COEFFICIENT,10,"[101, 108, 100, 109, 90, 107, 25, 26, 82, 50, 81, 122, 40, 17, 112, 37, 32, 58, 99, 2, 46, 114, 10, 78, 53, 56, 38, 47, 27, 79, 52, 106, 6, 18, 45, 104, 36, 74, 73, 60, 98, 41, 33, 14, 39, 126, 127, 9, 89, 57, 44, 1, 24, 72, 118, 113, 121, 7, 48, 61, 66, 42, 119, 70, 29, 68, 15, 16, 12, 19, 97, 67, 65, 105, 8, 80, 71, 125, 83, 96, 86, 88, 21, 69, 13, 28, 124, 51, 93, 87, 54, 117, 11, 64, 103, 3, 55, 59, 84, 116, 20, 92, 35, 102, 34, 30, 62, 91, 49, 111, 123, 77, 4, 23, 63, 75, 115, 22, 94, 76, 43, 31, 120, 110, 5, 128, 85, 95]","[101, 108, 100, 107, 109, 42, 25, 34, 105, 26]"
EXP-XAI-0001,B6:390,MODEL-C1,SINGLE_FEATURE_ABLATION_LOCAL,INTRINSIC_COEFFICIENT,1,"[108, 101, 100, 90, 107, 25, 109, 26, 40, 82, 81, 50, 37, 32, 122, 17, 112, 58, 2, 99, 114, 46, 78, 10, 38, 56, 27, 47, 79, 53, 36, 6, 126, 104, 113, 106, 127, 18, 121, 74, 73, 118, 33, 14, 41, 52, 98, 9, 45, 39, 1, 72, 57, 60, 119, 7, 29, 61, 66, 24, 70, 44, 42, 68, 19, 97, 12, 54, 16, 15, 67, 83, 89, 55, 65, 86, 21, 71, 8, 80, 64, 105, 69, 13, 96, 51, 87, 125, 48, 11, 103, 3, 28, 93, 84, 59, 117, 22, 102, 35, 62, 92, 124, 63, 111, 49, 115, 77, 20, 85, 4, 75, 30, 94, 34, 91, 116, 88, 43, 31, 23, 76, 120, 5, 123, 128, 110, 95]",[108]
EXP-XAI-0001,B6:390,MODEL-C1,SINGLE_FEATURE_ABLATION_LOCAL,INTRINSIC_COEFFICIENT,3,"[108, 101, 100, 90, 107, 25, 109, 26, 40, 82, 81, 50, 37, 32, 122, 17, 112, 58, 2, 99, 114, 46, 78, 10, 38, 56, 27, 47, 79, 53, 36, 6, 126, 104, 113, 106, 127, 18, 121, 74, 73, 118, 33, 14, 41, 52, 98, 9, 45, 39, 1, 72, 57, 60, 119, 7, 29, 61, 66, 24, 70, 44, 42, 68, 19, 97, 12, 54, 16, 15, 67, 83, 89, 55, 65, 86, 21, 71, 8, 80, 64, 105, 69, 13, 96, 51, 87, 125, 48, 11, 103, 3, 28, 93, 84, 59, 117, 22, 102, 35, 62, 92, 124, 63, 111, 49, 115, 77, 20, 85, 4, 75, 30, 94, 34, 91, 116, 88, 43, 31, 23, 76, 120, 5, 123, 128, 110, 95]","[108, 101, 100]"
EXP-XAI-0001,B6:390,MODEL-C1,SINGLE_FEATURE_ABLATION_LOCAL,INTRINSIC_COEFFICIENT,5,"[108, 101, 100, 90, 107, 25, 109, 26, 40, 82, 81, 50, 37, 32, 122, 17, 112, 58, 2, 99, 114, 46, 78, 10, 38, 56, 27, 47, 79, 53, 36, 6, 126, 104, 113, 106, 127, 18, 121, 74, 73, 118, 33, 14, 41, 52, 98, 9, 45, 39, 1, 72, 57, 60, 119, 7, 29, 61, 66, 24, 70, 44, 42, 68, 19, 97, 12, 54, 16, 15, 67, 83, 89, 55, 65, 86, 21, 71, 8, 80, 64, 105, 69, 13, 96, 51, 87, 125, 48, 11, 103, 3, 28, 93, 84, 59, 117, 22, 102, 35, 62, 92, 124, 63, 111, 49, 115, 77, 20, 85, 4, 75, 30, 94, 34, 91, 116, 88, 43, 31, 23, 76, 120, 5, 123, 128, 110, 95]","[108, 101, 100, 107, 109]"
EXP-XAI-0001,B6:390,MODEL-C1,SINGLE_FEATURE_ABLATION_LOCAL,INTRINSIC_COEFFICIENT,10,"[108, 101, 100, 90, 107, 25, 109, 26, 40, 82, 81, 50, 37, 32, 122, 17, 112, 58, 2, 99, 114, 46, 78, 10, 38, 56, 27, 47, 79, 53, 36, 6, 126, 104, 113, 106, 127, 18, 121, 74, 73, 118, 33, 14, 41, 52, 98, 9, 45, 39, 1, 72, 57, 60, 119, 7, 29, 61, 66, 24, 70, 44, 42, 68, 19, 97, 12, 54, 16, 15, 67, 83, 89, 55, 65, 86, 21, 71, 8, 80, 64, 105, 69, 13, 96, 51, 87, 125, 48, 11, 103, 3, 28, 93, 84, 59, 117, 22, 102, 35, 62, 92, 124, 63, 111, 49, 115, 77, 20, 85, 4, 75, 30, 94, 34, 91, 116, 88, 43, 31, 23, 76, 120, 5, 123, 128, 110, 95]","[108, 101, 100, 107, 109, 42, 25, 34, 32, 105]"
EXP-XAI-0001,B6:391,MODEL-C1,SINGLE_FEATURE_ABLATION_LOCAL,INTRINSIC_COEFFICIENT,1,"[108, 101, 100, 90, 25, 107, 109, 26, 37, 81, 50, 82, 32, 122, 112, 40, 58, 17, 2, 114, 99, 78, 46, 10, 27, 104, 38, 79, 47, 113, 121, 36, 126, 6, 56, 127, 118, 74, 18, 39, 106, 73, 14, 33, 41, 45, 9, 1, 98, 119, 72, 29, 7, 44, 66, 57, 70, 52, 19, 53, 24, 68, 42, 54, 15, 12, 97, 60, 16, 83, 61, 67, 55, 86, 65, 8, 80, 71, 96, 48, 13, 69, 64, 105, 87, 21, 62, 51, 11, 125, 3, 103, 84, 92, 93, 88, 59, 22, 28, 89, 115, 102, 35, 124, 116, 63, 117, 77, 49, 85, 4, 75, 111, 120, 123, 94, 30, 91, 23, 20, 43, 76, 31, 110, 34, 5, 95, 128]",[108]
EXP-XAI-0001,B6:391,MODEL-C1,SINGLE_FEATURE_ABLATION_LOCAL,INTRINSIC_COEFFICIENT,3,"[108, 101, 100, 90, 25, 107, 109, 26, 37, 81, 50, 82, 32, 122, 112, 40, 58, 17, 2, 114, 99, 78, 46, 10, 27, 104, 38, 79, 47, 113, 121, 36, 126, 6, 56, 127, 118, 74, 18, 39, 106, 73, 14, 33, 41, 45, 9, 1, 98, 119, 72, 29, 7, 44, 66, 57, 70, 52, 19, 53, 24, 68, 42, 54, 15, 12, 97, 60, 16, 83, 61, 67, 55, 86, 65, 8, 80, 71, 96, 48, 13, 69, 64, 105, 87, 21, 62, 51, 11, 125, 3, 103, 84, 92, 93, 88, 59, 22, 28, 89, 115, 102, 35, 124, 116, 63, 117, 77, 49, 85, 4, 75, 111, 120, 123, 94, 30, 91, 23, 20, 43, 76, 31, 110, 34, 5, 95, 128]","[108, 101, 100]"
EXP-XAI-0001,B6:391,MODEL-C1,SINGLE_FEATURE_ABLATION_LOCAL,INTRINSIC_COEFFICIENT,5,"[108, 101, 100, 90, 25, 107, 109, 26, 37, 81, 50, 82, 32, 122, 112, 40, 58, 17, 2, 114, 99, 78, 46, 10, 27, 104, 38, 79, 47, 113, 121, 36, 126, 6, 56, 127, 118, 74, 18, 39, 106, 73, 14, 33, 41, 45, 9, 1, 98, 119, 72, 29, 7, 44, 66, 57, 70, 52, 19, 53, 24, 68, 42, 54, 15, 12, 97, 60, 16, 83, 61, 67, 55, 86, 65, 8, 80, 71, 96, 48, 13, 69, 64, 105, 87, 21, 62, 51, 11, 125, 3, 103, 84, 92, 93, 88, 59, 22, 28, 89, 115, 102, 35, 124, 116, 63, 117, 77, 49, 85, 4, 75, 111, 120, 123, 94, 30, 91, 23, 20, 43, 76, 31, 110, 34, 5, 95, 128]","[108, 101, 100, 107, 42]"
EXP-XAI-0001,B6:391,MODEL-C1,SINGLE_FEATURE_ABLATION_LOCAL,INTRINSIC_COEFFICIENT,10,"[108, 101, 100, 90, 25, 107, 109, 26, 37, 81, 50, 82, 32, 122, 112, 40, 58, 17, 2, 114, 99, 78, 46, 10, 27, 104, 38, 79, 47, 113, 121, 36, 126, 6, 56, 127, 118, 74, 18, 39, 106, 73, 14, 33, 41, 45, 9, 1, 98, 119, 72, 29, 7, 44, 66, 57, 70, 52, 19, 53, 24, 68, 42, 54, 15, 12, 97, 60, 16, 83, 61, 67, 55, 86, 65, 8, 80, 71, 96, 48, 13, 69, 64, 105, 87, 21, 62, 51, 11, 125, 3, 103, 84, 92, 93, 88, 59, 22, 28, 89, 115, 102, 35, 124, 116, 63, 117, 77, 49, 85, 4, 75, 111, 120, 123, 94, 30, 91, 23, 20, 43, 76, 31, 110, 34, 5, 95, 128]","[108, 101, 100, 107, 42, 109, 34, 25, 32, 37]"
EXP-XAI-0001,B6:488,MODEL-C1,SINGLE_FEATURE_ABLATION_LOCAL,INTRINSIC_COEFFICIENT,1,"[50, 25, 89, 40, 58, 122, 90, 106, 33, 81, 108, 114, 26, 41, 54, 17, 46, 38, 62, 55, 100, 107, 37, 27, 44, 126, 47, 56, 91, 127, 118, 82, 63, 22, 48, 10, 39, 102, 2, 36, 119, 34, 98, 32, 78, 86, 103, 104, 23, 97, 121, 113, 83, 124, 52, 30, 101, 79, 19, 74, 87, 73, 28, 92, 6, 51, 99, 60, 116, 112, 14, 57, 12, 9, 105, 1, 66, 68, 110, 70, 31, 88, 35, 42, 7, 67, 24, 125, 115, 64, 65, 96, 72, 15, 95, 45, 71, 29, 80, 13, 69, 11, 117, 93, 94, 59, 8, 49, 85, 3, 109, 84, 75, 77, 111, 18, 120, 76, 16, 61, 123, 5, 53, 20, 21, 43, 128, 4]",[34]
EXP-XAI-0001,B6:488,MODEL-C1,SINGLE_FEATURE_ABLATION_LOCAL,INTRINSIC_COEFFICIENT,3,"[50, 25, 89, 40, 58, 122, 90, 106, 33, 81, 108, 114, 26, 41, 54, 17, 46, 38, 62, 55, 100, 107, 37, 27, 44, 126, 47, 56, 91, 127, 118, 82, 63, 22, 48, 10, 39, 102, 2, 36, 119, 34, 98, 32, 78, 86, 103, 104, 23, 97, 121, 113, 83, 124, 52, 30, 101, 79, 19, 74, 87, 73, 28, 92, 6, 51, 99, 60, 116, 112, 14, 57, 12, 9, 105, 1, 66, 68, 110, 70, 31, 88, 35, 42, 7, 67, 24, 125, 115, 64, 65, 96, 72, 15, 95, 45, 71, 29, 80, 13, 69, 11, 117, 93, 94, 59, 8, 49, 85, 3, 109, 84, 75, 77, 111, 18, 120, 76, 16, 61, 123, 5, 53, 20, 21, 43, 128, 4]","[34, 33, 25]"
EXP-XAI-0001,B6:488,MODEL-C1,SINGLE_FEATURE_ABLATION_LOCAL,INTRINSIC_COEFFICIENT,5,"[50, 25, 89, 40, 58, 122, 90, 106, 33, 81, 108, 114, 26, 41, 54, 17, 46, 38, 62, 55, 100, 107, 37, 27, 44, 126, 47, 56, 91, 127, 118, 82, 63, 22, 48, 10, 39, 102, 2, 36, 119, 34, 98, 32, 78, 86, 103, 104, 23, 97, 121, 113, 83, 124, 52, 30, 101, 79, 19, 74, 87, 73, 28, 92, 6, 51, 99, 60, 116, 112, 14, 57, 12, 9, 105, 1, 66, 68, 110, 70, 31, 88, 35, 42, 7, 67, 24, 125, 115, 64, 65, 96, 72, 15, 95, 45, 71, 29, 80, 13, 69, 11, 117, 93, 94, 59, 8, 49, 85, 3, 109, 84, 75, 77, 111, 18, 120, 76, 16, 61, 123, 5, 53, 20, 21, 43, 128, 4]","[34, 33, 25, 42, 41]"
EXP-XAI-0001,B6:488,MODEL-C1,SINGLE_FEATURE_ABLATION_LOCAL,INTRINSIC_COEFFICIENT,10,"[50, 25, 89, 40, 58, 122, 90, 106, 33, 81, 108, 114, 26, 41, 54, 17, 46, 38, 62, 55, 100, 107, 37, 27, 44, 126, 47, 56, 91, 127, 118, 82, 63, 22, 48, 10, 39, 102, 2, 36, 119, 34, 98, 32, 78, 86, 103, 104, 23, 97, 121, 113, 83, 124, 52, 30, 101, 79, 19, 74, 87, 73, 28, 92, 6, 51, 99, 60, 116, 112, 14, 57, 12, 9, 105, 1, 66, 68, 110, 70, 31, 88, 35, 42, 7, 67, 24, 125, 115, 64, 65, 96, 72, 15, 95, 45, 71, 29, 80, 13, 69, 11, 117, 93, 94, 59, 8, 49, 85, 3, 109, 84, 75, 77, 111, 18, 120, 76, 16, 61, 123, 5, 53, 20, 21, 43, 128, 4]","[34, 33, 25, 42, 41, 89, 40, 50, 90, 46]"
EXP-XAI-0001,B6:1461,MODEL-C1,SINGLE_FEATURE_ABLATION_LOCAL,INTRINSIC_COEFFICIENT,1,"[25, 89, 81, 50, 17, 40, 90, 108, 106, 58, 33, 54, 122, 26, 62, 41, 114, 37, 46, 55, 38, 100, 10, 63, 126, 113, 121, 27, 107, 118, 91, 2, 127, 82, 47, 22, 44, 119, 102, 98, 97, 39, 36, 74, 57, 78, 52, 83, 23, 86, 34, 103, 48, 124, 19, 66, 30, 79, 87, 73, 28, 101, 60, 92, 99, 6, 32, 51, 9, 14, 116, 1, 109, 105, 70, 31, 115, 65, 7, 110, 56, 125, 35, 12, 15, 71, 68, 93, 42, 53, 49, 95, 72, 117, 67, 104, 84, 80, 88, 24, 3, 29, 18, 61, 13, 85, 96, 94, 69, 64, 8, 45, 20, 120, 11, 123, 111, 4, 59, 76, 21, 75, 112, 5, 43, 128, 77, 16]",[25]
EXP-XAI-0001,B6:1461,MODEL-C1,SINGLE_FEATURE_ABLATION_LOCAL,INTRINSIC_COEFFICIENT,3,"[25, 89, 81, 50, 17, 40, 90, 108, 106, 58, 33, 54, 122, 26, 62, 41, 114, 37, 46, 55, 38, 100, 10, 63, 126, 113, 121, 27, 107, 118, 91, 2, 127, 82, 47, 22, 44, 119, 102, 98, 97, 39, 36, 74, 57, 78, 52, 83, 23, 86, 34, 103, 48, 124, 19, 66, 30, 79, 87, 73, 28, 101, 60, 92, 99, 6, 32, 51, 9, 14, 116, 1, 109, 105, 70, 31, 115, 65, 7, 110, 56, 125, 35, 12, 15, 71, 68, 93, 42, 53, 49, 95, 72, 117, 67, 104, 84, 80, 88, 24, 3, 29, 18, 61, 13, 85, 96, 94, 69, 64, 8, 45, 20, 120, 11, 123, 111, 4, 59, 76, 21, 75, 112, 5, 43, 128, 77, 16]","[25, 89, 34]"
EXP-XAI-0001,B6:1461,MODEL-C1,SINGLE_FEATURE_ABLATION_LOCAL,INTRINSIC_COEFFICIENT,5,"[25, 89, 81, 50, 17, 40, 90, 108, 106, 58, 33, 54, 122, 26, 62, 41, 114, 37, 46, 55, 38, 100, 10, 63, 126, 113, 121, 27, 107, 118, 91, 2, 127, 82, 47, 22, 44, 119, 102, 98, 97, 39, 36, 74, 57, 78, 52, 83, 23, 86, 34, 103, 48, 124, 19, 66, 30, 79, 87, 73, 28, 101, 60, 92, 99, 6, 32, 51, 9, 14, 116, 1, 109, 105, 70, 31, 115, 65, 7, 110, 56, 125, 35, 12, 15, 71, 68, 93, 42, 53, 49, 95, 72, 117, 67, 104, 84, 80, 88, 24, 3, 29, 18, 61, 13, 85, 96, 94, 69, 64, 8, 45, 20, 120, 11, 123, 111, 4, 59, 76, 21, 75, 112, 5, 43, 128, 77, 16]","[25, 89, 34, 81, 33]"
EXP-XAI-0001,B6:1461,MODEL-C1,SINGLE_FEATURE_ABLATION_LOCAL,INTRINSIC_COEFFICIENT,10,"[25, 89, 81, 50, 17, 40, 90, 108, 106, 58, 33, 54, 122, 26, 62, 41, 114, 37, 46, 55, 38, 100, 10, 63, 126, 113, 121, 27, 107, 118, 91, 2, 127, 82, 47, 22, 44, 119, 102, 98, 97, 39, 36, 74, 57, 78, 52, 83, 23, 86, 34, 103, 48, 124, 19, 66, 30, 79, 87, 73, 28, 101, 60, 92, 99, 6, 32, 51, 9, 14, 116, 1, 109, 105, 70, 31, 115, 65, 7, 110, 56, 125, 35, 12, 15, 71, 68, 93, 42, 53, 49, 95, 72, 117, 67, 104, 84, 80, 88, 24, 3, 29, 18, 61, 13, 85, 96, 94, 69, 64, 8, 45, 20, 120, 11, 123, 111, 4, 59, 76, 21, 75, 112, 5, 43, 128, 77, 16]","[25, 89, 34, 81, 33, 41, 40, 42, 50, 17]"
EXP-XAI-0001,B6:1463,MODEL-C1,SINGLE_FEATURE_ABLATION_LOCAL,INTRINSIC_COEFFICIENT,1,"[25, 89, 81, 40, 50, 17, 90, 108, 106, 58, 33, 54, 26, 122, 62, 41, 100, 114, 46, 38, 55, 10, 126, 107, 27, 63, 113, 121, 91, 2, 118, 82, 44, 127, 37, 22, 47, 119, 98, 102, 39, 48, 97, 36, 78, 83, 52, 74, 57, 103, 23, 86, 34, 19, 124, 56, 79, 30, 66, 73, 28, 87, 92, 60, 99, 112, 6, 9, 51, 14, 116, 1, 101, 32, 70, 115, 65, 31, 105, 7, 125, 110, 35, 12, 15, 68, 71, 88, 93, 72, 117, 53, 67, 45, 95, 24, 49, 18, 84, 42, 80, 85, 3, 64, 120, 69, 20, 123, 61, 96, 94, 11, 13, 8, 4, 76, 111, 16, 59, 75, 43, 5, 104, 109, 21, 128, 29, 77]",[25]
EXP-XAI-0001,B6:1463,MODEL-C1,SINGLE_FEATURE_ABLATION_LOCAL,INTRINSIC_COEFFICIENT,3,"[25, 89, 81, 40, 50, 17, 90, 108, 106, 58, 33, 54, 26, 122, 62, 41, 100, 114, 46, 38, 55, 10, 126, 107, 27, 63, 113, 121, 91, 2, 118, 82, 44, 127, 37, 22, 47, 119, 98, 102, 39, 48, 97, 36, 78, 83, 52, 74, 57, 103, 23, 86, 34, 19, 124, 56, 79, 30, 66, 73, 28, 87, 92, 60, 99, 112, 6, 9, 51, 14, 116, 1, 101, 32, 70, 115, 65, 31, 105, 7, 125, 110, 35, 12, 15, 68, 71, 88, 93, 72, 117, 53, 67, 45, 95, 24, 49, 18, 84, 42, 80, 85, 3, 64, 120, 69, 20, 123, 61, 96, 94, 11, 13, 8, 4, 76, 111, 16, 59, 75, 43, 5, 104, 109, 21, 128, 29, 77]","[25, 89, 40]"
EXP-XAI-0001,B6:1463,MODEL-C1,SINGLE_FEATURE_ABLATION_LOCAL,INTRINSIC_COEFFICIENT,5,"[25, 89, 81, 40, 50, 17, 90, 108, 106, 58, 33, 54, 26, 122, 62, 41, 100, 114, 46, 38, 55, 10, 126, 107, 27, 63, 113, 121, 91, 2, 118, 82, 44, 127, 37, 22, 47, 119, 98, 102, 39, 48, 97, 36, 78, 83, 52, 74, 57, 103, 23, 86, 34, 19, 124, 56, 79, 30, 66, 73, 28, 87, 92, 60, 99, 112, 6, 9, 51, 14, 116, 1, 101, 32, 70, 115, 65, 31, 105, 7, 125, 110, 35, 12, 15, 68, 71, 88, 93, 72, 117, 53, 67, 45, 95, 24, 49, 18, 84, 42, 80, 85, 3, 64, 120, 69, 20, 123, 61, 96, 94, 11, 13, 8, 4, 76, 111, 16, 59, 75, 43, 5, 104, 109, 21, 128, 29, 77]","[25, 89, 40, 34, 81]"
EXP-XAI-0001,B6:1463,MODEL-C1,SINGLE_FEATURE_ABLATION_LOCAL,INTRINSIC_COEFFICIENT,10,"[25, 89, 81, 40, 50, 17, 90, 108, 106, 58, 33, 54, 26, 122, 62, 41, 100, 114, 46, 38, 55, 10, 126, 107, 27, 63, 113, 121, 91, 2, 118, 82, 44, 127, 37, 22, 47, 119, 98, 102, 39, 48, 97, 36, 78, 83, 52, 74, 57, 103, 23, 86, 34, 19, 124, 56, 79, 30, 66, 73, 28, 87, 92, 60, 99, 112, 6, 9, 51, 14, 116, 1, 101, 32, 70, 115, 65, 31, 105, 7, 125, 110, 35, 12, 15, 68, 71, 88, 93, 72, 117, 53, 67, 45, 95, 24, 49, 18, 84, 42, 80, 85, 3, 64, 120, 69, 20, 123, 61, 96, 94, 11, 13, 8, 4, 76, 111, 16, 59, 75, 43, 5, 104, 109, 21, 128, 29, 77]","[25, 89, 40, 34, 81, 33, 41, 42, 50, 90]"
EXP-XAI-0001,B6:1464,MODEL-C1,SINGLE_FEATURE_ABLATION_LOCAL,INTRINSIC_COEFFICIENT,1,"[25, 89, 81, 50, 40, 17, 90, 106, 108, 58, 26, 54, 33, 122, 62, 41, 46, 100, 114, 55, 38, 10, 27, 107, 126, 63, 91, 2, 113, 82, 121, 118, 127, 44, 47, 22, 119, 98, 102, 39, 36, 48, 97, 78, 83, 37, 74, 52, 103, 86, 57, 23, 34, 19, 124, 79, 73, 66, 30, 28, 87, 92, 60, 99, 6, 9, 14, 1, 51, 70, 116, 115, 65, 56, 32, 31, 7, 105, 125, 35, 110, 109, 12, 71, 15, 88, 68, 93, 117, 18, 95, 67, 72, 53, 84, 49, 42, 24, 85, 3, 80, 120, 64, 123, 96, 20, 13, 45, 29, 69, 94, 11, 61, 8, 4, 76, 111, 21, 16, 43, 75, 5, 77, 112, 59, 104, 101, 128]",[25]
EXP-XAI-0001,B6:1464,MODEL-C1,SINGLE_FEATURE_ABLATION_LOCAL,INTRINSIC_COEFFICIENT,3,"[25, 89, 81, 50, 40, 17, 90, 106, 108, 58, 26, 54, 33, 122, 62, 41, 46, 100, 114, 55, 38, 10, 27, 107, 126, 63, 91, 2, 113, 82, 121, 118, 127, 44, 47, 22, 119, 98, 102, 39, 36, 48, 97, 78, 83, 37, 74, 52, 103, 86, 57, 23, 34, 19, 124, 79, 73, 66, 30, 28, 87, 92, 60, 99, 6, 9, 14, 1, 51, 70, 116, 115, 65, 56, 32, 31, 7, 105, 125, 35, 110, 109, 12, 71, 15, 88, 68, 93, 117, 18, 95, 67, 72, 53, 84, 49, 42, 24, 85, 3, 80, 120, 64, 123, 96, 20, 13, 45, 29, 69, 94, 11, 61, 8, 4, 76, 111, 21, 16, 43, 75, 5, 77, 112, 59, 104, 101, 128]","[25, 89, 34]"
EXP-XAI-0001,B6:1464,MODEL-C1,SINGLE_FEATURE_ABLATION_LOCAL,INTRINSIC_COEFFICIENT,5,"[25, 89, 81, 50, 40, 17, 90, 106, 108, 58, 26, 54, 33, 122, 62, 41, 46, 100, 114, 55, 38, 10, 27, 107, 126, 63, 91, 2, 113, 82, 121, 118, 127, 44, 47, 22, 119, 98, 102, 39, 36, 48, 97, 78, 83, 37, 74, 52, 103, 86, 57, 23, 34, 19, 124, 79, 73, 66, 30, 28, 87, 92, 60, 99, 6, 9, 14, 1, 51, 70, 116, 115, 65, 56, 32, 31, 7, 105, 125, 35, 110, 109, 12, 71, 15, 88, 68, 93, 117, 18, 95, 67, 72, 53, 84, 49, 42, 24, 85, 3, 80, 120, 64, 123, 96, 20, 13, 45, 29, 69, 94, 11, 61, 8, 4, 76, 111, 21, 16, 43, 75, 5, 77, 112, 59, 104, 101, 128]","[25, 89, 34, 33, 81]"
EXP-XAI-0001,B6:1464,MODEL-C1,SINGLE_FEATURE_ABLATION_LOCAL,INTRINSIC_COEFFICIENT,10,"[25, 89, 81, 50, 40, 17, 90, 106, 108, 58, 26, 54, 33, 122, 62, 41, 46, 100, 114, 55, 38, 10, 27, 107, 126, 63, 91, 2, 113, 82, 121, 118, 127, 44, 47, 22, 119, 98, 102, 39, 36, 48, 97, 78, 83, 37, 74, 52, 103, 86, 57, 23, 34, 19, 124, 79, 73, 66, 30, 28, 87, 92, 60, 99, 6, 9, 14, 1, 51, 70, 116, 115, 65, 56, 32, 31, 7, 105, 125, 35, 110, 109, 12, 71, 15, 88, 68, 93, 117, 18, 95, 67, 72, 53, 84, 49, 42, 24, 85, 3, 80, 120, 64, 123, 96, 20, 13, 45, 29, 69, 94, 11, 61, 8, 4, 76, 111, 21, 16, 43, 75, 5, 77, 112, 59, 104, 101, 128]","[25, 89, 34, 33, 81, 41, 40, 42, 50, 90]"
EXP-XAI-0001,B6:1539,MODEL-C1,SINGLE_FEATURE_ABLATION_LOCAL,INTRINSIC_COEFFICIENT,1,"[25, 89, 106, 81, 108, 26, 40, 17, 90, 98, 100, 82, 107, 50, 54, 27, 44, 91, 62, 10, 122, 2, 55, 33, 83, 113, 126, 42, 63, 36, 46, 121, 19, 38, 58, 18, 127, 41, 118, 52, 47, 114, 99, 124, 37, 115, 39, 78, 60, 28, 112, 119, 92, 22, 34, 32, 57, 105, 79, 116, 48, 74, 111, 102, 88, 123, 68, 45, 56, 12, 110, 6, 67, 103, 125, 23, 117, 109, 84, 86, 14, 72, 43, 20, 7, 80, 93, 69, 94, 66, 51, 11, 73, 97, 104, 59, 1, 29, 31, 24, 70, 9, 87, 65, 75, 30, 61, 95, 15, 77, 8, 85, 13, 101, 35, 16, 64, 120, 76, 3, 96, 53, 5, 49, 71, 4, 128, 21]",[106]
EXP-XAI-0001,B6:1539,MODEL-C1,SINGLE_FEATURE_ABLATION_LOCAL,INTRINSIC_COEFFICIENT,3,"[25, 89, 106, 81, 108, 26, 40, 17, 90, 98, 100, 82, 107, 50, 54, 27, 44, 91, 62, 10, 122, 2, 55, 33, 83, 113, 126, 42, 63, 36, 46, 121, 19, 38, 58, 18, 127, 41, 118, 52, 47, 114, 99, 124, 37, 115, 39, 78, 60, 28, 112, 119, 92, 22, 34, 32, 57, 105, 79, 116, 48, 74, 111, 102, 88, 123, 68, 45, 56, 12, 110, 6, 67, 103, 125, 23, 117, 109, 84, 86, 14, 72, 43, 20, 7, 80, 93, 69, 94, 66, 51, 11, 73, 97, 104, 59, 1, 29, 31, 24, 70, 9, 87, 65, 75, 30, 61, 95, 15, 77, 8, 85, 13, 101, 35, 16, 64, 120, 76, 3, 96, 53, 5, 49, 71, 4, 128, 21]","[106, 98, 42]"
EXP-XAI-0001,B6:1539,MODEL-C1,SINGLE_FEATURE_ABLATION_LOCAL,INTRINSIC_COEFFICIENT,5,"[25, 89, 106, 81, 108, 26, 40, 17, 90, 98, 100, 82, 107, 50, 54, 27, 44, 91, 62, 10, 122, 2, 55, 33, 83, 113, 126, 42, 63, 36, 46, 121, 19, 38, 58, 18, 127, 41, 118, 52, 47, 114, 99, 124, 37, 115, 39, 78, 60, 28, 112, 119, 92, 22, 34, 32, 57, 105, 79, 116, 48, 74, 111, 102, 88, 123, 68, 45, 56, 12, 110, 6, 67, 103, 125, 23, 117, 109, 84, 86, 14, 72, 43, 20, 7, 80, 93, 69, 94, 66, 51, 11, 73, 97, 104, 59, 1, 29, 31, 24, 70, 9, 87, 65, 75, 30, 61, 95, 15, 77, 8, 85, 13, 101, 35, 16, 64, 120, 76, 3, 96, 53, 5, 49, 71, 4, 128, 21]","[106, 98, 42, 34, 108]"
EXP-XAI-0001,B6:1539,MODEL-C1,SINGLE_FEATURE_ABLATION_LOCAL,INTRINSIC_COEFFICIENT,10,"[25, 89, 106, 81, 108, 26, 40, 17, 90, 98, 100, 82, 107, 50, 54, 27, 44, 91, 62, 10, 122, 2, 55, 33, 83, 113, 126, 42, 63, 36, 46, 121, 19, 38, 58, 18, 127, 41, 118, 52, 47, 114, 99, 124, 37, 115, 39, 78, 60, 28, 112, 119, 92, 22, 34, 32, 57, 105, 79, 116, 48, 74, 111, 102, 88, 123, 68, 45, 56, 12, 110, 6, 67, 103, 125, 23, 117, 109, 84, 86, 14, 72, 43, 20, 7, 80, 93, 69, 94, 66, 51, 11, 73, 97, 104, 59, 1, 29, 31, 24, 70, 9, 87, 65, 75, 30, 61, 95, 15, 77, 8, 85, 13, 101, 35, 16, 64, 120, 76, 3, 96, 53, 5, 49, 71, 4, 128, 21]","[106, 98, 42, 34, 108, 25, 89, 26, 100, 81]"
EXP-XAI-0001,B6:1562,MODEL-C1,SINGLE_FEATURE_ABLATION_LOCAL,INTRINSIC_COEFFICIENT,1,"[106, 25, 89, 108, 81, 26, 17, 98, 90, 100, 40, 82, 107, 27, 54, 10, 50, 91, 44, 2, 62, 122, 42, 83, 37, 18, 55, 36, 33, 19, 113, 126, 46, 38, 121, 63, 127, 118, 58, 41, 52, 47, 99, 115, 34, 78, 39, 28, 124, 92, 60, 105, 32, 74, 114, 119, 79, 57, 22, 111, 123, 116, 56, 48, 110, 102, 68, 6, 12, 84, 45, 67, 66, 117, 103, 14, 20, 125, 73, 94, 72, 112, 7, 59, 43, 23, 31, 1, 80, 109, 86, 70, 69, 9, 11, 101, 95, 53, 61, 13, 24, 93, 15, 51, 104, 85, 64, 35, 75, 88, 97, 77, 3, 71, 8, 65, 87, 29, 120, 76, 5, 16, 96, 30, 49, 21, 4, 128]",[106]
EXP-XAI-0001,B6:1562,MODEL-C1,SINGLE_FEATURE_ABLATION_LOCAL,INTRINSIC_COEFFICIENT,3,"[106, 25, 89, 108, 81, 26, 17, 98, 90, 100, 40, 82, 107, 27, 54, 10, 50, 91, 44, 2, 62, 122, 42, 83, 37, 18, 55, 36, 33, 19, 113, 126, 46, 38, 121, 63, 127, 118, 58, 41, 52, 47, 99, 115, 34, 78, 39, 28, 124, 92, 60, 105, 32, 74, 114, 119, 79, 57, 22, 111, 123, 116, 56, 48, 110, 102, 68, 6, 12, 84, 45, 67, 66, 117, 103, 14, 20, 125, 73, 94, 72, 112, 7, 59, 43, 23, 31, 1, 80, 109, 86, 70, 69, 9, 11, 101, 95, 53, 61, 13, 24, 93, 15, 51, 104, 85, 64, 35, 75, 88, 97, 77, 3, 71, 8, 65, 87, 29, 120, 76, 5, 16, 96, 30, 49, 21, 4, 128]","[106, 98, 42]"
EXP-XAI-0001,B6:1562,MODEL-C1,SINGLE_FEATURE_ABLATION_LOCAL,INTRINSIC_COEFFICIENT,5,"[106, 25, 89, 108, 81, 26, 17, 98, 90, 100, 40, 82, 107, 27, 54, 10, 50, 91, 44, 2, 62, 122, 42, 83, 37, 18, 55, 36, 33, 19, 113, 126, 46, 38, 121, 63, 127, 118, 58, 41, 52, 47, 99, 115, 34, 78, 39, 28, 124, 92, 60, 105, 32, 74, 114, 119, 79, 57, 22, 111, 123, 116, 56, 48, 110, 102, 68, 6, 12, 84, 45, 67, 66, 117, 103, 14, 20, 125, 73, 94, 72, 112, 7, 59, 43, 23, 31, 1, 80, 109, 86, 70, 69, 9, 11, 101, 95, 53, 61, 13, 24, 93, 15, 51, 104, 85, 64, 35, 75, 88, 97, 77, 3, 71, 8, 65, 87, 29, 120, 76, 5, 16, 96, 30, 49, 21, 4, 128]","[106, 98, 42, 108, 34]"
EXP-XAI-0001,B6:1562,MODEL-C1,SINGLE_FEATURE_ABLATION_LOCAL,INTRINSIC_COEFFICIENT,10,"[106, 25, 89, 108, 81, 26, 17, 98, 90, 100, 40, 82, 107, 27, 54, 10, 50, 91, 44, 2, 62, 122, 42, 83, 37, 18, 55, 36, 33, 19, 113, 126, 46, 38, 121, 63, 127, 118, 58, 41, 52, 47, 99, 115, 34, 78, 39, 28, 124, 92, 60, 105, 32, 74, 114, 119, 79, 57, 22, 111, 123, 116, 56, 48, 110, 102, 68, 6, 12, 84, 45, 67, 66, 117, 103, 14, 20, 125, 73, 94, 72, 112, 7, 59, 43, 23, 31, 1, 80, 109, 86, 70, 69, 9, 11, 101, 95, 53, 61, 13, 24, 93, 15, 51, 104, 85, 64, 35, 75, 88, 97, 77, 3, 71, 8, 65, 87, 29, 120, 76, 5, 16, 96, 30, 49, 21, 4, 128]","[106, 98, 42, 108, 34, 25, 89, 26, 100, 81]"
EXP-XAI-0001,B10:0,MODEL-C1,SINGLE_FEATURE_ABLATION_LOCAL,INTRINSIC_COEFFICIENT,1,"[66, 89, 106, 74, 105, 42, 34, 68, 101, 67, 12, 54, 62, 49, 57, 109, 69, 11, 104, 76, 75, 25, 110, 90, 55, 41, 98, 63, 118, 126, 65, 77, 97, 50, 13, 111, 4, 33, 37, 72, 5, 22, 3, 127, 58, 86, 91, 107, 122, 114, 119, 113, 16, 30, 79, 45, 81, 78, 23, 52, 6, 2, 26, 7, 87, 51, 116, 60, 10, 27, 124, 38, 59, 103, 70, 102, 80, 46, 84, 73, 44, 20, 112, 32, 56, 31, 117, 71, 9, 108, 85, 121, 53, 14, 24, 15, 39, 43, 36, 8, 48, 120, 61, 21, 94, 18, 115, 82, 47, 28, 40, 64, 96, 128, 88, 35, 123, 95, 125, 100, 83, 99, 29, 17, 1, 93, 92, 19]",[106]
EXP-XAI-0001,B10:0,MODEL-C1,SINGLE_FEATURE_ABLATION_LOCAL,INTRINSIC_COEFFICIENT,3,"[66, 89, 106, 74, 105, 42, 34, 68, 101, 67, 12, 54, 62, 49, 57, 109, 69, 11, 104, 76, 75, 25, 110, 90, 55, 41, 98, 63, 118, 126, 65, 77, 97, 50, 13, 111, 4, 33, 37, 72, 5, 22, 3, 127, 58, 86, 91, 107, 122, 114, 119, 113, 16, 30, 79, 45, 81, 78, 23, 52, 6, 2, 26, 7, 87, 51, 116, 60, 10, 27, 124, 38, 59, 103, 70, 102, 80, 46, 84, 73, 44, 20, 112, 32, 56, 31, 117, 71, 9, 108, 85, 121, 53, 14, 24, 15, 39, 43, 36, 8, 48, 120, 61, 21, 94, 18, 115, 82, 47, 28, 40, 64, 96, 128, 88, 35, 123, 95, 125, 100, 83, 99, 29, 17, 1, 93, 92, 19]","[106, 25, 89]"
EXP-XAI-0001,B10:0,MODEL-C1,SINGLE_FEATURE_ABLATION_LOCAL,INTRINSIC_COEFFICIENT,5,"[66, 89, 106, 74, 105, 42, 34, 68, 101, 67, 12, 54, 62, 49, 57, 109, 69, 11, 104, 76, 75, 25, 110, 90, 55, 41, 98, 63, 118, 126, 65, 77, 97, 50, 13, 111, 4, 33, 37, 72, 5, 22, 3, 127, 58, 86, 91, 107, 122, 114, 119, 113, 16, 30, 79, 45, 81, 78, 23, 52, 6, 2, 26, 7, 87, 51, 116, 60, 10, 27, 124, 38, 59, 103, 70, 102, 80, 46, 84, 73, 44, 20, 112, 32, 56, 31, 117, 71, 9, 108, 85, 121, 53, 14, 24, 15, 39, 43, 36, 8, 48, 120, 61, 21, 94, 18, 115, 82, 47, 28, 40, 64, 96, 128, 88, 35, 123, 95, 125, 100, 83, 99, 29, 17, 1, 93, 92, 19]","[106, 25, 89, 98, 101]"
EXP-XAI-0001,B10:0,MODEL-C1,SINGLE_FEATURE_ABLATION_LOCAL,INTRINSIC_COEFFICIENT,10,"[66, 89, 106, 74, 105, 42, 34, 68, 101, 67, 12, 54, 62, 49, 57, 109, 69, 11, 104, 76, 75, 25, 110, 90, 55, 41, 98, 63, 118, 126, 65, 77, 97, 50, 13, 111, 4, 33, 37, 72, 5, 22, 3, 127, 58, 86, 91, 107, 122, 114, 119, 113, 16, 30, 79, 45, 81, 78, 23, 52, 6, 2, 26, 7, 87, 51, 116, 60, 10, 27, 124, 38, 59, 103, 70, 102, 80, 46, 84, 73, 44, 20, 112, 32, 56, 31, 117, 71, 9, 108, 85, 121, 53, 14, 24, 15, 39, 43, 36, 8, 48, 120, 61, 21, 94, 18, 115, 82, 47, 28, 40, 64, 96, 128, 88, 35, 123, 95, 125, 100, 83, 99, 29, 17, 1, 93, 92, 19]","[106, 25, 89, 98, 101, 81, 42, 105, 34, 26]"
EXP-XAI-0001,B10:1,MODEL-C1,SINGLE_FEATURE_ABLATION_LOCAL,INTRINSIC_COEFFICIENT,1,"[106, 25, 89, 98, 81, 42, 26, 105, 34, 108, 82, 17, 18, 100, 90, 97, 27, 2, 91, 107, 10, 83, 19, 44, 110, 114, 58, 115, 31, 41, 101, 123, 78, 30, 111, 113, 79, 87, 36, 86, 23, 94, 99, 121, 28, 95, 33, 54, 22, 32, 6, 14, 92, 59, 50, 102, 66, 73, 84, 1, 88, 20, 9, 51, 62, 7, 12, 52, 15, 122, 60, 103, 70, 72, 68, 119, 49, 53, 112, 126, 124, 67, 13, 16, 71, 109, 55, 43, 61, 116, 29, 69, 47, 117, 65, 8, 39, 21, 40, 24, 11, 63, 80, 3, 125, 45, 120, 37, 93, 96, 85, 104, 128, 35, 74, 118, 64, 57, 46, 4, 48, 127, 77, 75, 5, 76, 38, 56]",[106]
EXP-XAI-0001,B10:1,MODEL-C1,SINGLE_FEATURE_ABLATION_LOCAL,INTRINSIC_COEFFICIENT,3,"[106, 25, 89, 98, 81, 42, 26, 105, 34, 108, 82, 17, 18, 100, 90, 97, 27, 2, 91, 107, 10, 83, 19, 44, 110, 114, 58, 115, 31, 41, 101, 123, 78, 30, 111, 113, 79, 87, 36, 86, 23, 94, 99, 121, 28, 95, 33, 54, 22, 32, 6, 14, 92, 59, 50, 102, 66, 73, 84, 1, 88, 20, 9, 51, 62, 7, 12, 52, 15, 122, 60, 103, 70, 72, 68, 119, 49, 53, 112, 126, 124, 67, 13, 16, 71, 109, 55, 43, 61, 116, 29, 69, 47, 117, 65, 8, 39, 21, 40, 24, 11, 63, 80, 3, 125, 45, 120, 37, 93, 96, 85, 104, 128, 35, 74, 118, 64, 57, 46, 4, 48, 127, 77, 75, 5, 76, 38, 56]","[106, 98, 25]"
EXP-XAI-0001,B10:1,MODEL-C1,SINGLE_FEATURE_ABLATION_LOCAL,INTRINSIC_COEFFICIENT,5,"[106, 25, 89, 98, 81, 42, 26, 105, 34, 108, 82, 17, 18, 100, 90, 97, 27, 2, 91, 107, 10, 83, 19, 44, 110, 114, 58, 115, 31, 41, 101, 123, 78, 30, 111, 113, 79, 87, 36, 86, 23, 94, 99, 121, 28, 95, 33, 54, 22, 32, 6, 14, 92, 59, 50, 102, 66, 73, 84, 1, 88, 20, 9, 51, 62, 7, 12, 52, 15, 122, 60, 103, 70, 72, 68, 119, 49, 53, 112, 126, 124, 67, 13, 16, 71, 109, 55, 43, 61, 116, 29, 69, 47, 117, 65, 8, 39, 21, 40, 24, 11, 63, 80, 3, 125, 45, 120, 37, 93, 96, 85, 104, 128, 35, 74, 118, 64, 57, 46, 4, 48, 127, 77, 75, 5, 76, 38, 56]","[106, 98, 25, 89, 42]"
EXP-XAI-0001,B10:1,MODEL-C1,SINGLE_FEATURE_ABLATION_LOCAL,INTRINSIC_COEFFICIENT,10,"[106, 25, 89, 98, 81, 42, 26, 105, 34, 108, 82, 17, 18, 100, 90, 97, 27, 2, 91, 107, 10, 83, 19, 44, 110, 114, 58, 115, 31, 41, 101, 123, 78, 30, 111, 113, 79, 87, 36, 86, 23, 94, 99, 121, 28, 95, 33, 54, 22, 32, 6, 14, 92, 59, 50, 102, 66, 73, 84, 1, 88, 20, 9, 51, 62, 7, 12, 52, 15, 122, 60, 103, 70, 72, 68, 119, 49, 53, 112, 126, 124, 67, 13, 16, 71, 109, 55, 43, 61, 116, 29, 69, 47, 117, 65, 8, 39, 21, 40, 24, 11, 63, 80, 3, 125, 45, 120, 37, 93, 96, 85, 104, 128, 35, 74, 118, 64, 57, 46, 4, 48, 127, 77, 75, 5, 76, 38, 56]","[106, 98, 25, 89, 42, 108, 105, 81, 34, 100]"
EXP-XAI-0001,B10:2,MODEL-C1,SINGLE_FEATURE_ABLATION_LOCAL,INTRINSIC_COEFFICIENT,1,"[101, 109, 108, 100, 74, 66, 2, 10, 37, 45, 36, 112, 53, 117, 61, 52, 125, 56, 106, 60, 44, 120, 124, 105, 98, 107, 64, 88, 70, 32, 75, 41, 104, 116, 40, 89, 110, 76, 14, 25, 15, 71, 65, 72, 11, 26, 81, 3, 96, 50, 4, 67, 99, 111, 78, 122, 9, 51, 42, 97, 73, 82, 58, 85, 79, 90, 5, 12, 22, 49, 114, 8, 77, 34, 6, 86, 7, 35, 16, 57, 21, 59, 68, 17, 102, 18, 115, 94, 13, 23, 30, 121, 87, 93, 69, 55, 95, 123, 54, 118, 63, 28, 92, 113, 20, 48, 29, 91, 127, 126, 1, 62, 46, 27, 33, 103, 119, 24, 84, 31, 43, 47, 83, 80, 38, 128, 19, 39]",[101]
EXP-XAI-0001,B10:2,MODEL-C1,SINGLE_FEATURE_ABLATION_LOCAL,INTRINSIC_COEFFICIENT,3,"[101, 109, 108, 100, 74, 66, 2, 10, 37, 45, 36, 112, 53, 117, 61, 52, 125, 56, 106, 60, 44, 120, 124, 105, 98, 107, 64, 88, 70, 32, 75, 41, 104, 116, 40, 89, 110, 76, 14, 25, 15, 71, 65, 72, 11, 26, 81, 3, 96, 50, 4, 67, 99, 111, 78, 122, 9, 51, 42, 97, 73, 82, 58, 85, 79, 90, 5, 12, 22, 49, 114, 8, 77, 34, 6, 86, 7, 35, 16, 57, 21, 59, 68, 17, 102, 18, 115, 94, 13, 23, 30, 121, 87, 93, 69, 55, 95, 123, 54, 118, 63, 28, 92, 113, 20, 48, 29, 91, 127, 126, 1, 62, 46, 27, 33, 103, 119, 24, 84, 31, 43, 47, 83, 80, 38, 128, 19, 39]","[101, 100, 108]"
EXP-XAI-0001,B10:2,MODEL-C1,SINGLE_FEATURE_ABLATION_LOCAL,INTRINSIC_COEFFICIENT,5,"[101, 109, 108, 100, 74, 66, 2, 10, 37, 45, 36, 112, 53, 117, 61, 52, 125, 56, 106, 60, 44, 120, 124, 105, 98, 107, 64, 88, 70, 32, 75, 41, 104, 116, 40, 89, 110, 76, 14, 25, 15, 71, 65, 72, 11, 26, 81, 3, 96, 50, 4, 67, 99, 111, 78, 122, 9, 51, 42, 97, 73, 82, 58, 85, 79, 90, 5, 12, 22, 49, 114, 8, 77, 34, 6, 86, 7, 35, 16, 57, 21, 59, 68, 17, 102, 18, 115, 94, 13, 23, 30, 121, 87, 93, 69, 55, 95, 123, 54, 118, 63, 28, 92, 113, 20, 48, 29, 91, 127, 126, 1, 62, 46, 27, 33, 103, 119, 24, 84, 31, 43, 47, 83, 80, 38, 128, 19, 39]","[101, 100, 108, 109, 37]"
EXP-XAI-0001,B10:2,MODEL-C1,SINGLE_FEATURE_ABLATION_LOCAL,INTRINSIC_COEFFICIENT,10,"[101, 109, 108, 100, 74, 66, 2, 10, 37, 45, 36, 112, 53, 117, 61, 52, 125, 56, 106, 60, 44, 120, 124, 105, 98, 107, 64, 88, 70, 32, 75, 41, 104, 116, 40, 89, 110, 76, 14, 25, 15, 71, 65, 72, 11, 26, 81, 3, 96, 50, 4, 67, 99, 111, 78, 122, 9, 51, 42, 97, 73, 82, 58, 85, 79, 90, 5, 12, 22, 49, 114, 8, 77, 34, 6, 86, 7, 35, 16, 57, 21, 59, 68, 17, 102, 18, 115, 94, 13, 23, 30, 121, 87, 93, 69, 55, 95, 123, 54, 118, 63, 28, 92, 113, 20, 48, 29, 91, 127, 126, 1, 62, 46, 27, 33, 103, 119, 24, 84, 31, 43, 47, 83, 80, 38, 128, 19, 39]","[101, 100, 108, 109, 37, 66, 112, 36, 74, 10]"
EXP-XAI-0001,B10:3,MODEL-C1,SINGLE_FEATURE_ABLATION_LOCAL,INTRINSIC_COEFFICIENT,1,"[106, 34, 105, 98, 42, 97, 41, 33, 10, 2, 58, 114, 110, 50, 102, 18, 122, 82, 108, 100, 26, 111, 46, 74, 78, 22, 38, 89, 86, 31, 23, 103, 87, 30, 107, 44, 119, 79, 66, 104, 123, 115, 118, 101, 83, 14, 94, 19, 127, 73, 95, 63, 91, 47, 6, 55, 90, 1, 121, 70, 9, 27, 126, 62, 15, 99, 57, 51, 54, 7, 71, 59, 37, 65, 39, 25, 49, 17, 56, 75, 3, 84, 76, 43, 77, 113, 36, 20, 4, 81, 72, 92, 5, 28, 109, 120, 35, 16, 11, 112, 12, 8, 48, 45, 88, 13, 40, 64, 96, 24, 68, 93, 128, 67, 124, 32, 60, 117, 61, 125, 53, 85, 21, 116, 80, 29, 52, 69]",[34]
EXP-XAI-0001,B10:3,MODEL-C1,SINGLE_FEATURE_ABLATION_LOCAL,INTRINSIC_COEFFICIENT,3,"[106, 34, 105, 98, 42, 97, 41, 33, 10, 2, 58, 114, 110, 50, 102, 18, 122, 82, 108, 100, 26, 111, 46, 74, 78, 22, 38, 89, 86, 31, 23, 103, 87, 30, 107, 44, 119, 79, 66, 104, 123, 115, 118, 101, 83, 14, 94, 19, 127, 73, 95, 63, 91, 47, 6, 55, 90, 1, 121, 70, 9, 27, 126, 62, 15, 99, 57, 51, 54, 7, 71, 59, 37, 65, 39, 25, 49, 17, 56, 75, 3, 84, 76, 43, 77, 113, 36, 20, 4, 81, 72, 92, 5, 28, 109, 120, 35, 16, 11, 112, 12, 8, 48, 45, 88, 13, 40, 64, 96, 24, 68, 93, 128, 67, 124, 32, 60, 117, 61, 125, 53, 85, 21, 116, 80, 29, 52, 69]","[34, 10, 105]"
EXP-XAI-0001,B10:3,MODEL-C1,SINGLE_FEATURE_ABLATION_LOCAL,INTRINSIC_COEFFICIENT,5,"[106, 34, 105, 98, 42, 97, 41, 33, 10, 2, 58, 114, 110, 50, 102, 18, 122, 82, 108, 100, 26, 111, 46, 74, 78, 22, 38, 89, 86, 31, 23, 103, 87, 30, 107, 44, 119, 79, 66, 104, 123, 115, 118, 101, 83, 14, 94, 19, 127, 73, 95, 63, 91, 47, 6, 55, 90, 1, 121, 70, 9, 27, 126, 62, 15, 99, 57, 51, 54, 7, 71, 59, 37, 65, 39, 25, 49, 17, 56, 75, 3, 84, 76, 43, 77, 113, 36, 20, 4, 81, 72, 92, 5, 28, 109, 120, 35, 16, 11, 112, 12, 8, 48, 45, 88, 13, 40, 64, 96, 24, 68, 93, 128, 67, 124, 32, 60, 117, 61, 125, 53, 85, 21, 116, 80, 29, 52, 69]","[34, 10, 105, 97, 98]"
EXP-XAI-0001,B10:3,MODEL-C1,SINGLE_FEATURE_ABLATION_LOCAL,INTRINSIC_COEFFICIENT,10,"[106, 34, 105, 98, 42, 97, 41, 33, 10, 2, 58, 114, 110, 50, 102, 18, 122, 82, 108, 100, 26, 111, 46, 74, 78, 22, 38, 89, 86, 31, 23, 103, 87, 30, 107, 44, 119, 79, 66, 104, 123, 115, 118, 101, 83, 14, 94, 19, 127, 73, 95, 63, 91, 47, 6, 55, 90, 1, 121, 70, 9, 27, 126, 62, 15, 99, 57, 51, 54, 7, 71, 59, 37, 65, 39, 25, 49, 17, 56, 75, 3, 84, 76, 43, 77, 113, 36, 20, 4, 81, 72, 92, 5, 28, 109, 120, 35, 16, 11, 112, 12, 8, 48, 45, 88, 13, 40, 64, 96, 24, 68, 93, 128, 67, 124, 32, 60, 117, 61, 125, 53, 85, 21, 116, 80, 29, 52, 69]","[34, 10, 105, 97, 98, 2, 74, 42, 66, 106]"
EXP-XAI-0001,B10:4,MODEL-C1,SINGLE_FEATURE_ABLATION_LOCAL,INTRINSIC_COEFFICIENT,1,"[101, 109, 66, 74, 10, 2, 37, 108, 45, 112, 100, 105, 36, 89, 104, 12, 75, 76, 34, 67, 68, 11, 110, 41, 54, 49, 25, 62, 50, 42, 57, 4, 106, 97, 111, 122, 53, 3, 126, 26, 55, 65, 63, 58, 90, 118, 77, 13, 5, 70, 22, 114, 81, 61, 40, 127, 91, 86, 71, 98, 16, 27, 119, 125, 33, 117, 82, 69, 30, 113, 23, 73, 87, 15, 9, 103, 102, 14, 121, 8, 94, 44, 72, 83, 52, 107, 46, 60, 88, 51, 95, 31, 19, 18, 84, 80, 17, 59, 38, 48, 124, 6, 43, 20, 7, 96, 79, 47, 116, 64, 39, 93, 78, 120, 85, 1, 115, 92, 24, 21, 99, 56, 29, 32, 123, 35, 128, 28]",[101]
EXP-XAI-0001,B10:4,MODEL-C1,SINGLE_FEATURE_ABLATION_LOCAL,INTRINSIC_COEFFICIENT,3,"[101, 109, 66, 74, 10, 2, 37, 108, 45, 112, 100, 105, 36, 89, 104, 12, 75, 76, 34, 67, 68, 11, 110, 41, 54, 49, 25, 62, 50, 42, 57, 4, 106, 97, 111, 122, 53, 3, 126, 26, 55, 65, 63, 58, 90, 118, 77, 13, 5, 70, 22, 114, 81, 61, 40, 127, 91, 86, 71, 98, 16, 27, 119, 125, 33, 117, 82, 69, 30, 113, 23, 73, 87, 15, 9, 103, 102, 14, 121, 8, 94, 44, 72, 83, 52, 107, 46, 60, 88, 51, 95, 31, 19, 18, 84, 80, 17, 59, 38, 48, 124, 6, 43, 20, 7, 96, 79, 47, 116, 64, 39, 93, 78, 120, 85, 1, 115, 92, 24, 21, 99, 56, 29, 32, 123, 35, 128, 28]","[101, 109, 37]"
EXP-XAI-0001,B10:4,MODEL-C1,SINGLE_FEATURE_ABLATION_LOCAL,INTRINSIC_COEFFICIENT,5,"[101, 109, 66, 74, 10, 2, 37, 108, 45, 112, 100, 105, 36, 89, 104, 12, 75, 76, 34, 67, 68, 11, 110, 41, 54, 49, 25, 62, 50, 42, 57, 4, 106, 97, 111, 122, 53, 3, 126, 26, 55, 65, 63, 58, 90, 118, 77, 13, 5, 70, 22, 114, 81, 61, 40, 127, 91, 86, 71, 98, 16, 27, 119, 125, 33, 117, 82, 69, 30, 113, 23, 73, 87, 15, 9, 103, 102, 14, 121, 8, 94, 44, 72, 83, 52, 107, 46, 60, 88, 51, 95, 31, 19, 18, 84, 80, 17, 59, 38, 48, 124, 6, 43, 20, 7, 96, 79, 47, 116, 64, 39, 93, 78, 120, 85, 1, 115, 92, 24, 21, 99, 56, 29, 32, 123, 35, 128, 28]","[101, 109, 37, 112, 100]"
EXP-XAI-0001,B10:4,MODEL-C1,SINGLE_FEATURE_ABLATION_LOCAL,INTRINSIC_COEFFICIENT,10,"[101, 109, 66, 74, 10, 2, 37, 108, 45, 112, 100, 105, 36, 89, 104, 12, 75, 76, 34, 67, 68, 11, 110, 41, 54, 49, 25, 62, 50, 42, 57, 4, 106, 97, 111, 122, 53, 3, 126, 26, 55, 65, 63, 58, 90, 118, 77, 13, 5, 70, 22, 114, 81, 61, 40, 127, 91, 86, 71, 98, 16, 27, 119, 125, 33, 117, 82, 69, 30, 113, 23, 73, 87, 15, 9, 103, 102, 14, 121, 8, 94, 44, 72, 83, 52, 107, 46, 60, 88, 51, 95, 31, 19, 18, 84, 80, 17, 59, 38, 48, 124, 6, 43, 20, 7, 96, 79, 47, 116, 64, 39, 93, 78, 120, 85, 1, 115, 92, 24, 21, 99, 56, 29, 32, 123, 35, 128, 28]","[101, 109, 37, 112, 100, 25, 108, 89, 81, 36]"
EXP-XAI-0001,B10:9,MODEL-C1,SINGLE_FEATURE_ABLATION_LOCAL,INTRINSIC_COEFFICIENT,1,"[40, 112, 25, 104, 10, 37, 101, 2, 32, 106, 109, 122, 17, 33, 50, 81, 27, 114, 78, 90, 126, 118, 82, 39, 38, 36, 113, 74, 79, 121, 58, 98, 6, 54, 127, 107, 14, 9, 48, 73, 66, 56, 119, 1, 96, 29, 108, 100, 12, 7, 62, 70, 15, 19, 88, 72, 24, 86, 68, 83, 97, 16, 45, 124, 103, 102, 57, 13, 89, 67, 99, 55, 65, 63, 115, 53, 71, 8, 87, 80, 61, 22, 69, 28, 47, 116, 11, 111, 93, 35, 92, 42, 44, 41, 21, 3, 64, 123, 84, 51, 60, 52, 91, 105, 18, 26, 23, 117, 59, 120, 77, 75, 46, 4, 94, 20, 110, 34, 49, 125, 85, 31, 95, 5, 43, 30, 128, 76]",[40]
EXP-XAI-0001,B10:9,MODEL-C1,SINGLE_FEATURE_ABLATION_LOCAL,INTRINSIC_COEFFICIENT,3,"[40, 112, 25, 104, 10, 37, 101, 2, 32, 106, 109, 122, 17, 33, 50, 81, 27, 114, 78, 90, 126, 118, 82, 39, 38, 36, 113, 74, 79, 121, 58, 98, 6, 54, 127, 107, 14, 9, 48, 73, 66, 56, 119, 1, 96, 29, 108, 100, 12, 7, 62, 70, 15, 19, 88, 72, 24, 86, 68, 83, 97, 16, 45, 124, 103, 102, 57, 13, 89, 67, 99, 55, 65, 63, 115, 53, 71, 8, 87, 80, 61, 22, 69, 28, 47, 116, 11, 111, 93, 35, 92, 42, 44, 41, 21, 3, 64, 123, 84, 51, 60, 52, 91, 105, 18, 26, 23, 117, 59, 120, 77, 75, 46, 4, 94, 20, 110, 34, 49, 125, 85, 31, 95, 5, 43, 30, 128, 76]","[40, 25, 112]"
EXP-XAI-0001,B10:9,MODEL-C1,SINGLE_FEATURE_ABLATION_LOCAL,INTRINSIC_COEFFICIENT,5,"[40, 112, 25, 104, 10, 37, 101, 2, 32, 106, 109, 122, 17, 33, 50, 81, 27, 114, 78, 90, 126, 118, 82, 39, 38, 36, 113, 74, 79, 121, 58, 98, 6, 54, 127, 107, 14, 9, 48, 73, 66, 56, 119, 1, 96, 29, 108, 100, 12, 7, 62, 70, 15, 19, 88, 72, 24, 86, 68, 83, 97, 16, 45, 124, 103, 102, 57, 13, 89, 67, 99, 55, 65, 63, 115, 53, 71, 8, 87, 80, 61, 22, 69, 28, 47, 116, 11, 111, 93, 35, 92, 42, 44, 41, 21, 3, 64, 123, 84, 51, 60, 52, 91, 105, 18, 26, 23, 117, 59, 120, 77, 75, 46, 4, 94, 20, 110, 34, 49, 125, 85, 31, 95, 5, 43, 30, 128, 76]","[40, 25, 112, 104, 10]"
EXP-XAI-0001,B10:9,MODEL-C1,SINGLE_FEATURE_ABLATION_LOCAL,INTRINSIC_COEFFICIENT,10,"[40, 112, 25, 104, 10, 37, 101, 2, 32, 106, 109, 122, 17, 33, 50, 81, 27, 114, 78, 90, 126, 118, 82, 39, 38, 36, 113, 74, 79, 121, 58, 98, 6, 54, 127, 107, 14, 9, 48, 73, 66, 56, 119, 1, 96, 29, 108, 100, 12, 7, 62, 70, 15, 19, 88, 72, 24, 86, 68, 83, 97, 16, 45, 124, 103, 102, 57, 13, 89, 67, 99, 55, 65, 63, 115, 53, 71, 8, 87, 80, 61, 22, 69, 28, 47, 116, 11, 111, 93, 35, 92, 42, 44, 41, 21, 3, 64, 123, 84, 51, 60, 52, 91, 105, 18, 26, 23, 117, 59, 120, 77, 75, 46, 4, 94, 20, 110, 34, 49, 125, 85, 31, 95, 5, 43, 30, 128, 76]","[40, 25, 112, 104, 10, 66, 74, 33, 2, 9]"
EXP-XAI-0001,B10:11,MODEL-C1,SINGLE_FEATURE_ABLATION_LOCAL,INTRINSIC_COEFFICIENT,1,"[112, 40, 104, 10, 37, 50, 101, 2, 122, 81, 109, 54, 90, 89, 58, 126, 114, 62, 82, 26, 113, 118, 121, 55, 32, 127, 78, 63, 74, 119, 48, 79, 36, 27, 6, 66, 14, 9, 29, 73, 25, 46, 108, 22, 1, 86, 106, 83, 41, 47, 7, 12, 107, 100, 98, 45, 18, 70, 15, 56, 72, 23, 124, 68, 16, 17, 115, 96, 87, 13, 67, 88, 65, 91, 24, 93, 116, 8, 71, 61, 80, 69, 102, 99, 11, 30, 42, 19, 57, 53, 21, 28, 60, 123, 3, 92, 52, 84, 97, 35, 38, 103, 39, 125, 64, 120, 94, 31, 34, 51, 49, 77, 75, 4, 59, 20, 33, 117, 95, 105, 111, 43, 5, 44, 110, 76, 85, 128]",[40]
EXP-XAI-0001,B10:11,MODEL-C1,SINGLE_FEATURE_ABLATION_LOCAL,INTRINSIC_COEFFICIENT,3,"[112, 40, 104, 10, 37, 50, 101, 2, 122, 81, 109, 54, 90, 89, 58, 126, 114, 62, 82, 26, 113, 118, 121, 55, 32, 127, 78, 63, 74, 119, 48, 79, 36, 27, 6, 66, 14, 9, 29, 73, 25, 46, 108, 22, 1, 86, 106, 83, 41, 47, 7, 12, 107, 100, 98, 45, 18, 70, 15, 56, 72, 23, 124, 68, 16, 17, 115, 96, 87, 13, 67, 88, 65, 91, 24, 93, 116, 8, 71, 61, 80, 69, 102, 99, 11, 30, 42, 19, 57, 53, 21, 28, 60, 123, 3, 92, 52, 84, 97, 35, 38, 103, 39, 125, 64, 120, 94, 31, 34, 51, 49, 77, 75, 4, 59, 20, 33, 117, 95, 105, 111, 43, 5, 44, 110, 76, 85, 128]","[40, 10, 112]"
EXP-XAI-0001,B10:11,MODEL-C1,SINGLE_FEATURE_ABLATION_LOCAL,INTRINSIC_COEFFICIENT,5,"[112, 40, 104, 10, 37, 50, 101, 2, 122, 81, 109, 54, 90, 89, 58, 126, 114, 62, 82, 26, 113, 118, 121, 55, 32, 127, 78, 63, 74, 119, 48, 79, 36, 27, 6, 66, 14, 9, 29, 73, 25, 46, 108, 22, 1, 86, 106, 83, 41, 47, 7, 12, 107, 100, 98, 45, 18, 70, 15, 56, 72, 23, 124, 68, 16, 17, 115, 96, 87, 13, 67, 88, 65, 91, 24, 93, 116, 8, 71, 61, 80, 69, 102, 99, 11, 30, 42, 19, 57, 53, 21, 28, 60, 123, 3, 92, 52, 84, 97, 35, 38, 103, 39, 125, 64, 120, 94, 31, 34, 51, 49, 77, 75, 4, 59, 20, 33, 117, 95, 105, 111, 43, 5, 44, 110, 76, 85, 128]","[40, 10, 112, 66, 104]"
EXP-XAI-0001,B10:11,MODEL-C1,SINGLE_FEATURE_ABLATION_LOCAL,INTRINSIC_COEFFICIENT,10,"[112, 40, 104, 10, 37, 50, 101, 2, 122, 81, 109, 54, 90, 89, 58, 126, 114, 62, 82, 26, 113, 118, 121, 55, 32, 127, 78, 63, 74, 119, 48, 79, 36, 27, 6, 66, 14, 9, 29, 73, 25, 46, 108, 22, 1, 86, 106, 83, 41, 47, 7, 12, 107, 100, 98, 45, 18, 70, 15, 56, 72, 23, 124, 68, 16, 17, 115, 96, 87, 13, 67, 88, 65, 91, 24, 93, 116, 8, 71, 61, 80, 69, 102, 99, 11, 30, 42, 19, 57, 53, 21, 28, 60, 123, 3, 92, 52, 84, 97, 35, 38, 103, 39, 125, 64, 120, 94, 31, 34, 51, 49, 77, 75, 4, 59, 20, 33, 117, 95, 105, 111, 43, 5, 44, 110, 76, 85, 128]","[40, 10, 112, 66, 104, 74, 81, 2, 50, 90]"
EXP-XAI-0001,B10:123,MODEL-C1,SINGLE_FEATURE_ABLATION_LOCAL,INTRINSIC_COEFFICIENT,1,"[88, 56, 55, 127, 119, 123, 63, 51, 115, 59, 54, 62, 32, 118, 128, 120, 126, 87, 31, 23, 64, 86, 83, 95, 22, 19, 30, 125, 124, 37, 114, 50, 58, 91, 52, 122, 112, 27, 18, 72, 16, 80, 82, 94, 97, 33, 8, 15, 71, 101, 116, 105, 35, 36, 99, 121, 60, 84, 89, 20, 40, 79, 9, 26, 109, 98, 113, 24, 7, 41, 92, 34, 57, 21, 77, 5, 106, 48, 65, 14, 107, 10, 42, 28, 117, 93, 13, 85, 1, 25, 2, 69, 49, 73, 70, 53, 74, 90, 43, 102, 96, 66, 38, 29, 103, 81, 61, 11, 44, 6, 78, 67, 108, 3, 110, 4, 75, 104, 100, 39, 46, 76, 17, 68, 12, 111, 47, 45]",[88]
EXP-XAI-0001,B10:123,MODEL-C1,SINGLE_FEATURE_ABLATION_LOCAL,INTRINSIC_COEFFICIENT,3,"[88, 56, 55, 127, 119, 123, 63, 51, 115, 59, 54, 62, 32, 118, 128, 120, 126, 87, 31, 23, 64, 86, 83, 95, 22, 19, 30, 125, 124, 37, 114, 50, 58, 91, 52, 122, 112, 27, 18, 72, 16, 80, 82, 94, 97, 33, 8, 15, 71, 101, 116, 105, 35, 36, 99, 121, 60, 84, 89, 20, 40, 79, 9, 26, 109, 98, 113, 24, 7, 41, 92, 34, 57, 21, 77, 5, 106, 48, 65, 14, 107, 10, 42, 28, 117, 93, 13, 85, 1, 25, 2, 69, 49, 73, 70, 53, 74, 90, 43, 102, 96, 66, 38, 29, 103, 81, 61, 11, 44, 6, 78, 67, 108, 3, 110, 4, 75, 104, 100, 39, 46, 76, 17, 68, 12, 111, 47, 45]","[88, 72, 32]"
EXP-XAI-0001,B10:123,MODEL-C1,SINGLE_FEATURE_ABLATION_LOCAL,INTRINSIC_COEFFICIENT,5,"[88, 56, 55, 127, 119, 123, 63, 51, 115, 59, 54, 62, 32, 118, 128, 120, 126, 87, 31, 23, 64, 86, 83, 95, 22, 19, 30, 125, 124, 37, 114, 50, 58, 91, 52, 122, 112, 27, 18, 72, 16, 80, 82, 94, 97, 33, 8, 15, 71, 101, 116, 105, 35, 36, 99, 121, 60, 84, 89, 20, 40, 79, 9, 26, 109, 98, 113, 24, 7, 41, 92, 34, 57, 21, 77, 5, 106, 48, 65, 14, 107, 10, 42, 28, 117, 93, 13, 85, 1, 25, 2, 69, 49, 73, 70, 53, 74, 90, 43, 102, 96, 66, 38, 29, 103, 81, 61, 11, 44, 6, 78, 67, 108, 3, 110, 4, 75, 104, 100, 39, 46, 76, 17, 68, 12, 111, 47, 45]","[88, 72, 32, 56, 16]"
EXP-XAI-0001,B10:123,MODEL-C1,SINGLE_FEATURE_ABLATION_LOCAL,INTRINSIC_COEFFICIENT,10,"[88, 56, 55, 127, 119, 123, 63, 51, 115, 59, 54, 62, 32, 118, 128, 120, 126, 87, 31, 23, 64, 86, 83, 95, 22, 19, 30, 125, 124, 37, 114, 50, 58, 91, 52, 122, 112, 27, 18, 72, 16, 80, 82, 94, 97, 33, 8, 15, 71, 101, 116, 105, 35, 36, 99, 121, 60, 84, 89, 20, 40, 79, 9, 26, 109, 98, 113, 24, 7, 41, 92, 34, 57, 21, 77, 5, 106, 48, 65, 14, 107, 10, 42, 28, 117, 93, 13, 85, 1, 25, 2, 69, 49, 73, 70, 53, 74, 90, 43, 102, 96, 66, 38, 29, 103, 81, 61, 11, 44, 6, 78, 67, 108, 3, 110, 4, 75, 104, 100, 39, 46, 76, 17, 68, 12, 111, 47, 45]","[88, 72, 32, 56, 16, 119, 112, 104, 127, 55]"
EXP-XAI-0001,B10:125,MODEL-C1,SINGLE_FEATURE_ABLATION_LOCAL,INTRINSIC_COEFFICIENT,1,"[56, 63, 55, 51, 62, 54, 123, 127, 119, 23, 115, 22, 118, 88, 31, 120, 126, 59, 30, 87, 86, 32, 52, 124, 125, 50, 19, 58, 83, 95, 18, 64, 114, 94, 84, 20, 109, 122, 116, 96, 89, 25, 40, 112, 33, 101, 97, 60, 104, 105, 81, 121, 98, 34, 82, 106, 113, 41, 57, 38, 42, 128, 17, 102, 48, 103, 27, 110, 39, 45, 91, 111, 46, 108, 21, 85, 47, 35, 28, 49, 92, 16, 80, 26, 72, 53, 5, 15, 107, 77, 90, 37, 29, 2, 43, 69, 71, 12, 24, 11, 10, 8, 74, 68, 76, 117, 67, 13, 75, 99, 100, 79, 66, 4, 3, 36, 7, 14, 93, 70, 65, 9, 1, 78, 73, 6, 61, 44]",[88]
EXP-XAI-0001,B10:125,MODEL-C1,SINGLE_FEATURE_ABLATION_LOCAL,INTRINSIC_COEFFICIENT,3,"[56, 63, 55, 51, 62, 54, 123, 127, 119, 23, 115, 22, 118, 88, 31, 120, 126, 59, 30, 87, 86, 32, 52, 124, 125, 50, 19, 58, 83, 95, 18, 64, 114, 94, 84, 20, 109, 122, 116, 96, 89, 25, 40, 112, 33, 101, 97, 60, 104, 105, 81, 121, 98, 34, 82, 106, 113, 41, 57, 38, 42, 128, 17, 102, 48, 103, 27, 110, 39, 45, 91, 111, 46, 108, 21, 85, 47, 35, 28, 49, 92, 16, 80, 26, 72, 53, 5, 15, 107, 77, 90, 37, 29, 2, 43, 69, 71, 12, 24, 11, 10, 8, 74, 68, 76, 117, 67, 13, 75, 99, 100, 79, 66, 4, 3, 36, 7, 14, 93, 70, 65, 9, 1, 78, 73, 6, 61, 44]","[88, 115, 123]"
EXP-XAI-0001,B10:125,MODEL-C1,SINGLE_FEATURE_ABLATION_LOCAL,INTRINSIC_COEFFICIENT,5,"[56, 63, 55, 51, 62, 54, 123, 127, 119, 23, 115, 22, 118, 88, 31, 120, 126, 59, 30, 87, 86, 32, 52, 124, 125, 50, 19, 58, 83, 95, 18, 64, 114, 94, 84, 20, 109, 122, 116, 96, 89, 25, 40, 112, 33, 101, 97, 60, 104, 105, 81, 121, 98, 34, 82, 106, 113, 41, 57, 38, 42, 128, 17, 102, 48, 103, 27, 110, 39, 45, 91, 111, 46, 108, 21, 85, 47, 35, 28, 49, 92, 16, 80, 26, 72, 53, 5, 15, 107, 77, 90, 37, 29, 2, 43, 69, 71, 12, 24, 11, 10, 8, 74, 68, 76, 117, 67, 13, 75, 99, 100, 79, 66, 4, 3, 36, 7, 14, 93, 70, 65, 9, 1, 78, 73, 6, 61, 44]","[88, 115, 123, 32, 51]"
EXP-XAI-0001,B10:125,MODEL-C1,SINGLE_FEATURE_ABLATION_LOCAL,INTRINSIC_COEFFICIENT,10,"[56, 63, 55, 51, 62, 54, 123, 127, 119, 23, 115, 22, 118, 88, 31, 120, 126, 59, 30, 87, 86, 32, 52, 124, 125, 50, 19, 58, 83, 95, 18, 64, 114, 94, 84, 20, 109, 122, 116, 96, 89, 25, 40, 112, 33, 101, 97, 60, 104, 105, 81, 121, 98, 34, 82, 106, 113, 41, 57, 38, 42, 128, 17, 102, 48, 103, 27, 110, 39, 45, 91, 111, 46, 108, 21, 85, 47, 35, 28, 49, 92, 16, 80, 26, 72, 53, 5, 15, 107, 77, 90, 37, 29, 2, 43, 69, 71, 12, 24, 11, 10, 8, 74, 68, 76, 117, 67, 13, 75, 99, 100, 79, 66, 4, 3, 36, 7, 14, 93, 70, 65, 9, 1, 78, 73, 6, 61, 44]","[88, 115, 123, 32, 51, 59, 83, 19, 56, 27]"
EXP-XAI-0001,B10:840,MODEL-C1,SINGLE_FEATURE_ABLATION_LOCAL,INTRINSIC_COEFFICIENT,1,"[101, 25, 26, 100, 81, 82, 89, 18, 106, 17, 98, 42, 105, 34, 37, 108, 90, 109, 97, 27, 58, 114, 83, 19, 36, 31, 45, 91, 41, 110, 30, 33, 88, 23, 86, 87, 111, 22, 32, 50, 44, 115, 10, 94, 102, 95, 2, 66, 113, 123, 49, 103, 78, 122, 12, 54, 119, 72, 68, 59, 1, 79, 73, 67, 107, 57, 51, 16, 6, 9, 62, 13, 61, 11, 74, 84, 8, 80, 28, 14, 53, 126, 69, 38, 46, 7, 117, 121, 24, 96, 20, 118, 92, 125, 55, 70, 75, 65, 120, 76, 104, 43, 112, 128, 93, 15, 124, 39, 63, 56, 4, 127, 21, 60, 48, 64, 3, 29, 71, 99, 52, 5, 77, 85, 40, 116, 47, 35]",[106]
EXP-XAI-0001,B10:840,MODEL-C1,SINGLE_FEATURE_ABLATION_LOCAL,INTRINSIC_COEFFICIENT,3,"[101, 25, 26, 100, 81, 82, 89, 18, 106, 17, 98, 42, 105, 34, 37, 108, 90, 109, 97, 27, 58, 114, 83, 19, 36, 31, 45, 91, 41, 110, 30, 33, 88, 23, 86, 87, 111, 22, 32, 50, 44, 115, 10, 94, 102, 95, 2, 66, 113, 123, 49, 103, 78, 122, 12, 54, 119, 72, 68, 59, 1, 79, 73, 67, 107, 57, 51, 16, 6, 9, 62, 13, 61, 11, 74, 84, 8, 80, 28, 14, 53, 126, 69, 38, 46, 7, 117, 121, 24, 96, 20, 118, 92, 125, 55, 70, 75, 65, 120, 76, 104, 43, 112, 128, 93, 15, 124, 39, 63, 56, 4, 127, 21, 60, 48, 64, 3, 29, 71, 99, 52, 5, 77, 85, 40, 116, 47, 35]","[106, 101, 25]"
EXP-XAI-0001,B10:840,MODEL-C1,SINGLE_FEATURE_ABLATION_LOCAL,INTRINSIC_COEFFICIENT,5,"[101, 25, 26, 100, 81, 82, 89, 18, 106, 17, 98, 42, 105, 34, 37, 108, 90, 109, 97, 27, 58, 114, 83, 19, 36, 31, 45, 91, 41, 110, 30, 33, 88, 23, 86, 87, 111, 22, 32, 50, 44, 115, 10, 94, 102, 95, 2, 66, 113, 123, 49, 103, 78, 122, 12, 54, 119, 72, 68, 59, 1, 79, 73, 67, 107, 57, 51, 16, 6, 9, 62, 13, 61, 11, 74, 84, 8, 80, 28, 14, 53, 126, 69, 38, 46, 7, 117, 121, 24, 96, 20, 118, 92, 125, 55, 70, 75, 65, 120, 76, 104, 43, 112, 128, 93, 15, 124, 39, 63, 56, 4, 127, 21, 60, 48, 64, 3, 29, 71, 99, 52, 5, 77, 85, 40, 116, 47, 35]","[106, 101, 25, 89, 98]"
EXP-XAI-0001,B10:840,MODEL-C1,SINGLE_FEATURE_ABLATION_LOCAL,INTRINSIC_COEFFICIENT,10,"[101, 25, 26, 100, 81, 82, 89, 18, 106, 17, 98, 42, 105, 34, 37, 108, 90, 109, 97, 27, 58, 114, 83, 19, 36, 31, 45, 91, 41, 110, 30, 33, 88, 23, 86, 87, 111, 22, 32, 50, 44, 115, 10, 94, 102, 95, 2, 66, 113, 123, 49, 103, 78, 122, 12, 54, 119, 72, 68, 59, 1, 79, 73, 67, 107, 57, 51, 16, 6, 9, 62, 13, 61, 11, 74, 84, 8, 80, 28, 14, 53, 126, 69, 38, 46, 7, 117, 121, 24, 96, 20, 118, 92, 125, 55, 70, 75, 65, 120, 76, 104, 43, 112, 128, 93, 15, 124, 39, 63, 56, 4, 127, 21, 60, 48, 64, 3, 29, 71, 99, 52, 5, 77, 85, 40, 116, 47, 35]","[106, 101, 25, 89, 98, 42, 81, 100, 37, 105]"
EXP-XAI-0001,B10:842,MODEL-C1,SINGLE_FEATURE_ABLATION_LOCAL,INTRINSIC_COEFFICIENT,1,"[101, 100, 109, 108, 98, 106, 104, 74, 37, 2, 66, 10, 45, 117, 44, 97, 125, 53, 61, 42, 105, 124, 34, 52, 107, 36, 88, 60, 99, 72, 127, 126, 54, 112, 116, 55, 62, 63, 122, 40, 48, 33, 35, 56, 82, 49, 14, 64, 15, 120, 103, 115, 118, 26, 119, 57, 121, 111, 50, 78, 7, 18, 102, 85, 6, 28, 80, 123, 110, 79, 92, 68, 69, 96, 41, 32, 91, 114, 9, 81, 70, 25, 128, 75, 39, 11, 20, 93, 38, 67, 58, 24, 95, 3, 51, 94, 73, 84, 17, 76, 65, 4, 113, 29, 83, 21, 1, 71, 59, 8, 89, 16, 90, 13, 5, 19, 77, 43, 27, 46, 31, 22, 12, 47, 86, 30, 23, 87]",[101]
EXP-XAI-0001,B10:842,MODEL-C1,SINGLE_FEATURE_ABLATION_LOCAL,INTRINSIC_COEFFICIENT,3,"[101, 100, 109, 108, 98, 106, 104, 74, 37, 2, 66, 10, 45, 117, 44, 97, 125, 53, 61, 42, 105, 124, 34, 52, 107, 36, 88, 60, 99, 72, 127, 126, 54, 112, 116, 55, 62, 63, 122, 40, 48, 33, 35, 56, 82, 49, 14, 64, 15, 120, 103, 115, 118, 26, 119, 57, 121, 111, 50, 78, 7, 18, 102, 85, 6, 28, 80, 123, 110, 79, 92, 68, 69, 96, 41, 32, 91, 114, 9, 81, 70, 25, 128, 75, 39, 11, 20, 93, 38, 67, 58, 24, 95, 3, 51, 94, 73, 84, 17, 76, 65, 4, 113, 29, 83, 21, 1, 71, 59, 8, 89, 16, 90, 13, 5, 19, 77, 43, 27, 46, 31, 22, 12, 47, 86, 30, 23, 87]","[101, 100, 108]"
EXP-XAI-0001,B10:842,MODEL-C1,SINGLE_FEATURE_ABLATION_LOCAL,INTRINSIC_COEFFICIENT,5,"[101, 100, 109, 108, 98, 106, 104, 74, 37, 2, 66, 10, 45, 117, 44, 97, 125, 53, 61, 42, 105, 124, 34, 52, 107, 36, 88, 60, 99, 72, 127, 126, 54, 112, 116, 55, 62, 63, 122, 40, 48, 33, 35, 56, 82, 49, 14, 64, 15, 120, 103, 115, 118, 26, 119, 57, 121, 111, 50, 78, 7, 18, 102, 85, 6, 28, 80, 123, 110, 79, 92, 68, 69, 96, 41, 32, 91, 114, 9, 81, 70, 25, 128, 75, 39, 11, 20, 93, 38, 67, 58, 24, 95, 3, 51, 94, 73, 84, 17, 76, 65, 4, 113, 29, 83, 21, 1, 71, 59, 8, 89, 16, 90, 13, 5, 19, 77, 43, 27, 46, 31, 22, 12, 47, 86, 30, 23, 87]","[101, 100, 108, 37, 109]"
EXP-XAI-0001,B10:842,MODEL-C1,SINGLE_FEATURE_ABLATION_LOCAL,INTRINSIC_COEFFICIENT,10,"[101, 100, 109, 108, 98, 106, 104, 74, 37, 2, 66, 10, 45, 117, 44, 97, 125, 53, 61, 42, 105, 124, 34, 52, 107, 36, 88, 60, 99, 72, 127, 126, 54, 112, 116, 55, 62, 63, 122, 40, 48, 33, 35, 56, 82, 49, 14, 64, 15, 120, 103, 115, 118, 26, 119, 57, 121, 111, 50, 78, 7, 18, 102, 85, 6, 28, 80, 123, 110, 79, 92, 68, 69, 96, 41, 32, 91, 114, 9, 81, 70, 25, 128, 75, 39, 11, 20, 93, 38, 67, 58, 24, 95, 3, 51, 94, 73, 84, 17, 76, 65, 4, 113, 29, 83, 21, 1, 71, 59, 8, 89, 16, 90, 13, 5, 19, 77, 43, 27, 46, 31, 22, 12, 47, 86, 30, 23, 87]","[101, 100, 108, 37, 109, 106, 98, 66, 36, 74]"
EXP-XAI-0001,B10:1514,MODEL-C1,SINGLE_FEATURE_ABLATION_LOCAL,INTRINSIC_COEFFICIENT,1,"[104, 74, 105, 40, 66, 112, 106, 57, 42, 49, 54, 62, 34, 68, 108, 67, 110, 89, 118, 41, 55, 12, 63, 76, 126, 75, 69, 50, 52, 22, 113, 11, 107, 77, 86, 97, 60, 33, 109, 111, 101, 58, 65, 116, 4, 124, 114, 13, 90, 30, 127, 5, 51, 79, 3, 119, 98, 122, 59, 78, 20, 84, 23, 87, 91, 44, 6, 7, 72, 53, 100, 61, 38, 17, 117, 46, 18, 2, 16, 31, 37, 73, 121, 102, 103, 115, 70, 21, 28, 80, 14, 82, 15, 85, 125, 9, 19, 43, 83, 36, 39, 27, 56, 24, 94, 123, 32, 71, 47, 48, 120, 81, 35, 25, 8, 29, 45, 92, 95, 93, 64, 26, 96, 128, 88, 99, 10, 1]",[104]
EXP-XAI-0001,B10:1514,MODEL-C1,SINGLE_FEATURE_ABLATION_LOCAL,INTRINSIC_COEFFICIENT,3,"[104, 74, 105, 40, 66, 112, 106, 57, 42, 49, 54, 62, 34, 68, 108, 67, 110, 89, 118, 41, 55, 12, 63, 76, 126, 75, 69, 50, 52, 22, 113, 11, 107, 77, 86, 97, 60, 33, 109, 111, 101, 58, 65, 116, 4, 124, 114, 13, 90, 30, 127, 5, 51, 79, 3, 119, 98, 122, 59, 78, 20, 84, 23, 87, 91, 44, 6, 7, 72, 53, 100, 61, 38, 17, 117, 46, 18, 2, 16, 31, 37, 73, 121, 102, 103, 115, 70, 21, 28, 80, 14, 82, 15, 85, 125, 9, 19, 43, 83, 36, 39, 27, 56, 24, 94, 123, 32, 71, 47, 48, 120, 81, 35, 25, 8, 29, 45, 92, 95, 93, 64, 26, 96, 128, 88, 99, 10, 1]","[104, 74, 66]"
EXP-XAI-0001,B10:1514,MODEL-C1,SINGLE_FEATURE_ABLATION_LOCAL,INTRINSIC_COEFFICIENT,5,"[104, 74, 105, 40, 66, 112, 106, 57, 42, 49, 54, 62, 34, 68, 108, 67, 110, 89, 118, 41, 55, 12, 63, 76, 126, 75, 69, 50, 52, 22, 113, 11, 107, 77, 86, 97, 60, 33, 109, 111, 101, 58, 65, 116, 4, 124, 114, 13, 90, 30, 127, 5, 51, 79, 3, 119, 98, 122, 59, 78, 20, 84, 23, 87, 91, 44, 6, 7, 72, 53, 100, 61, 38, 17, 117, 46, 18, 2, 16, 31, 37, 73, 121, 102, 103, 115, 70, 21, 28, 80, 14, 82, 15, 85, 125, 9, 19, 43, 83, 36, 39, 27, 56, 24, 94, 123, 32, 71, 47, 48, 120, 81, 35, 25, 8, 29, 45, 92, 95, 93, 64, 26, 96, 128, 88, 99, 10, 1]","[104, 74, 66, 81, 57]"
EXP-XAI-0001,B10:1514,MODEL-C1,SINGLE_FEATURE_ABLATION_LOCAL,INTRINSIC_COEFFICIENT,10,"[104, 74, 105, 40, 66, 112, 106, 57, 42, 49, 54, 62, 34, 68, 108, 67, 110, 89, 118, 41, 55, 12, 63, 76, 126, 75, 69, 50, 52, 22, 113, 11, 107, 77, 86, 97, 60, 33, 109, 111, 101, 58, 65, 116, 4, 124, 114, 13, 90, 30, 127, 5, 51, 79, 3, 119, 98, 122, 59, 78, 20, 84, 23, 87, 91, 44, 6, 7, 72, 53, 100, 61, 38, 17, 117, 46, 18, 2, 16, 31, 37, 73, 121, 102, 103, 115, 70, 21, 28, 80, 14, 82, 15, 85, 125, 9, 19, 43, 83, 36, 39, 27, 56, 24, 94, 123, 32, 71, 47, 48, 120, 81, 35, 25, 8, 29, 45, 92, 95, 93, 64, 26, 96, 128, 88, 99, 10, 1]","[104, 74, 66, 81, 57, 17, 25, 113, 49, 40]"
EXP-XAI-0001,B10:1516,MODEL-C1,SINGLE_FEATURE_ABLATION_LOCAL,INTRINSIC_COEFFICIENT,1,"[104, 105, 40, 112, 54, 62, 57, 49, 10, 106, 89, 42, 68, 67, 34, 110, 118, 55, 74, 63, 76, 75, 126, 41, 12, 50, 108, 22, 52, 77, 86, 101, 69, 113, 11, 111, 107, 60, 116, 58, 97, 65, 30, 4, 90, 109, 124, 114, 33, 127, 79, 119, 51, 48, 5, 78, 3, 84, 20, 23, 122, 59, 87, 45, 13, 91, 37, 6, 7, 98, 53, 44, 31, 46, 18, 38, 17, 100, 72, 16, 73, 115, 103, 102, 121, 25, 70, 61, 28, 14, 15, 85, 80, 21, 125, 27, 82, 19, 9, 43, 83, 24, 117, 39, 94, 123, 71, 66, 56, 47, 29, 120, 8, 32, 35, 26, 2, 95, 92, 64, 128, 96, 88, 99, 36, 81, 93, 1]",[104]
EXP-XAI-0001,B10:1516,MODEL-C1,SINGLE_FEATURE_ABLATION_LOCAL,INTRINSIC_COEFFICIENT,3,"[104, 105, 40, 112, 54, 62, 57, 49, 10, 106, 89, 42, 68, 67, 34, 110, 118, 55, 74, 63, 76, 75, 126, 41, 12, 50, 108, 22, 52, 77, 86, 101, 69, 113, 11, 111, 107, 60, 116, 58, 97, 65, 30, 4, 90, 109, 124, 114, 33, 127, 79, 119, 51, 48, 5, 78, 3, 84, 20, 23, 122, 59, 87, 45, 13, 91, 37, 6, 7, 98, 53, 44, 31, 46, 18, 38, 17, 100, 72, 16, 73, 115, 103, 102, 121, 25, 70, 61, 28, 14, 15, 85, 80, 21, 125, 27, 82, 19, 9, 43, 83, 24, 117, 39, 94, 123, 71, 66, 56, 47, 29, 120, 8, 32, 35, 26, 2, 95, 92, 64, 128, 96, 88, 99, 36, 81, 93, 1]","[104, 10, 81]"
EXP-XAI-0001,B10:1516,MODEL-C1,SINGLE_FEATURE_ABLATION_LOCAL,INTRINSIC_COEFFICIENT,5,"[104, 105, 40, 112, 54, 62, 57, 49, 10, 106, 89, 42, 68, 67, 34, 110, 118, 55, 74, 63, 76, 75, 126, 41, 12, 50, 108, 22, 52, 77, 86, 101, 69, 113, 11, 111, 107, 60, 116, 58, 97, 65, 30, 4, 90, 109, 124, 114, 33, 127, 79, 119, 51, 48, 5, 78, 3, 84, 20, 23, 122, 59, 87, 45, 13, 91, 37, 6, 7, 98, 53, 44, 31, 46, 18, 38, 17, 100, 72, 16, 73, 115, 103, 102, 121, 25, 70, 61, 28, 14, 15, 85, 80, 21, 125, 27, 82, 19, 9, 43, 83, 24, 117, 39, 94, 123, 71, 66, 56, 47, 29, 120, 8, 32, 35, 26, 2, 95, 92, 64, 128, 96, 88, 99, 36, 81, 93, 1]","[104, 10, 81, 17, 57]"
EXP-XAI-0001,B10:1516,MODEL-C1,SINGLE_FEATURE_ABLATION_LOCAL,INTRINSIC_COEFFICIENT,10,"[104, 105, 40, 112, 54, 62, 57, 49, 10, 106, 89, 42, 68, 67, 34, 110, 118, 55, 74, 63, 76, 75, 126, 41, 12, 50, 108, 22, 52, 77, 86, 101, 69, 113, 11, 111, 107, 60, 116, 58, 97, 65, 30, 4, 90, 109, 124, 114, 33, 127, 79, 119, 51, 48, 5, 78, 3, 84, 20, 23, 122, 59, 87, 45, 13, 91, 37, 6, 7, 98, 53, 44, 31, 46, 18, 38, 17, 100, 72, 16, 73, 115, 103, 102, 121, 25, 70, 61, 28, 14, 15, 85, 80, 21, 125, 27, 82, 19, 9, 43, 83, 24, 117, 39, 94, 123, 71, 66, 56, 47, 29, 120, 8, 32, 35, 26, 2, 95, 92, 64, 128, 96, 88, 99, 36, 81, 93, 1]","[104, 10, 81, 17, 57, 25, 113, 49, 40, 82]"
EXP-XAI-0001,B10:1655,MODEL-C1,SINGLE_FEATURE_ABLATION_LOCAL,INTRINSIC_COEFFICIENT,1,"[16, 72, 112, 80, 15, 8, 71, 9, 37, 56, 96, 88, 65, 79, 69, 54, 35, 126, 127, 120, 55, 14, 62, 118, 7, 77, 63, 128, 99, 40, 36, 45, 119, 13, 38, 73, 5, 48, 70, 1, 24, 10, 123, 39, 89, 101, 115, 90, 59, 25, 43, 98, 117, 102, 49, 33, 104, 93, 82, 106, 91, 34, 26, 103, 42, 85, 107, 51, 111, 81, 100, 22, 44, 29, 27, 86, 23, 21, 47, 121, 83, 125, 60, 124, 87, 116, 110, 19, 61, 2, 66, 109, 78, 92, 30, 41, 52, 46, 32, 17, 74, 53, 31, 6, 95, 94, 67, 11, 97, 50, 108, 57, 84, 3, 20, 75, 105, 28, 64, 113, 4, 18, 76, 58, 122, 68, 12, 114]",[16]
EXP-XAI-0001,B10:1655,MODEL-C1,SINGLE_FEATURE_ABLATION_LOCAL,INTRINSIC_COEFFICIENT,3,"[16, 72, 112, 80, 15, 8, 71, 9, 37, 56, 96, 88, 65, 79, 69, 54, 35, 126, 127, 120, 55, 14, 62, 118, 7, 77, 63, 128, 99, 40, 36, 45, 119, 13, 38, 73, 5, 48, 70, 1, 24, 10, 123, 39, 89, 101, 115, 90, 59, 25, 43, 98, 117, 102, 49, 33, 104, 93, 82, 106, 91, 34, 26, 103, 42, 85, 107, 51, 111, 81, 100, 22, 44, 29, 27, 86, 23, 21, 47, 121, 83, 125, 60, 124, 87, 116, 110, 19, 61, 2, 66, 109, 78, 92, 30, 41, 52, 46, 32, 17, 74, 53, 31, 6, 95, 94, 67, 11, 97, 50, 108, 57, 84, 3, 20, 75, 105, 28, 64, 113, 4, 18, 76, 58, 122, 68, 12, 114]","[16, 112, 72]"
EXP-XAI-0001,B10:1655,MODEL-C1,SINGLE_FEATURE_ABLATION_LOCAL,INTRINSIC_COEFFICIENT,5,"[16, 72, 112, 80, 15, 8, 71, 9, 37, 56, 96, 88, 65, 79, 69, 54, 35, 126, 127, 120, 55, 14, 62, 118, 7, 77, 63, 128, 99, 40, 36, 45, 119, 13, 38, 73, 5, 48, 70, 1, 24, 10, 123, 39, 89, 101, 115, 90, 59, 25, 43, 98, 117, 102, 49, 33, 104, 93, 82, 106, 91, 34, 26, 103, 42, 85, 107, 51, 111, 81, 100, 22, 44, 29, 27, 86, 23, 21, 47, 121, 83, 125, 60, 124, 87, 116, 110, 19, 61, 2, 66, 109, 78, 92, 30, 41, 52, 46, 32, 17, 74, 53, 31, 6, 95, 94, 67, 11, 97, 50, 108, 57, 84, 3, 20, 75, 105, 28, 64, 113, 4, 18, 76, 58, 122, 68, 12, 114]","[16, 112, 72, 80, 8]"
EXP-XAI-0001,B10:1655,MODEL-C1,SINGLE_FEATURE_ABLATION_LOCAL,INTRINSIC_COEFFICIENT,10,"[16, 72, 112, 80, 15, 8, 71, 9, 37, 56, 96, 88, 65, 79, 69, 54, 35, 126, 127, 120, 55, 14, 62, 118, 7, 77, 63, 128, 99, 40, 36, 45, 119, 13, 38, 73, 5, 48, 70, 1, 24, 10, 123, 39, 89, 101, 115, 90, 59, 25, 43, 98, 117, 102, 49, 33, 104, 93, 82, 106, 91, 34, 26, 103, 42, 85, 107, 51, 111, 81, 100, 22, 44, 29, 27, 86, 23, 21, 47, 121, 83, 125, 60, 124, 87, 116, 110, 19, 61, 2, 66, 109, 78, 92, 30, 41, 52, 46, 32, 17, 74, 53, 31, 6, 95, 94, 67, 11, 97, 50, 108, 57, 84, 3, 20, 75, 105, 28, 64, 113, 4, 18, 76, 58, 122, 68, 12, 114]","[16, 112, 72, 80, 8, 15, 71, 37, 101, 9]"
EXP-XAI-0001,B10:1663,MODEL-C1,SINGLE_FEATURE_ABLATION_LOCAL,INTRINSIC_COEFFICIENT,1,"[112, 72, 16, 80, 101, 104, 37, 8, 40, 15, 45, 71, 96, 109, 9, 128, 107, 77, 36, 32, 10, 78, 110, 6, 120, 56, 69, 73, 74, 1, 66, 90, 46, 35, 22, 42, 65, 14, 43, 79, 108, 86, 34, 48, 122, 47, 13, 44, 2, 30, 28, 60, 92, 17, 116, 5, 27, 124, 20, 91, 52, 84, 111, 23, 102, 83, 31, 19, 87, 81, 125, 25, 93, 98, 39, 114, 89, 94, 70, 106, 127, 64, 105, 59, 38, 115, 99, 7, 113, 41, 49, 123, 51, 26, 18, 61, 118, 21, 3, 126, 58, 62, 29, 68, 57, 54, 95, 50, 53, 24, 119, 63, 82, 33, 55, 75, 11, 76, 103, 117, 85, 100, 67, 88, 121, 4, 97, 12]",[112]
EXP-XAI-0001,B10:1663,MODEL-C1,SINGLE_FEATURE_ABLATION_LOCAL,INTRINSIC_COEFFICIENT,3,"[112, 72, 16, 80, 101, 104, 37, 8, 40, 15, 45, 71, 96, 109, 9, 128, 107, 77, 36, 32, 10, 78, 110, 6, 120, 56, 69, 73, 74, 1, 66, 90, 46, 35, 22, 42, 65, 14, 43, 79, 108, 86, 34, 48, 122, 47, 13, 44, 2, 30, 28, 60, 92, 17, 116, 5, 27, 124, 20, 91, 52, 84, 111, 23, 102, 83, 31, 19, 87, 81, 125, 25, 93, 98, 39, 114, 89, 94, 70, 106, 127, 64, 105, 59, 38, 115, 99, 7, 113, 41, 49, 123, 51, 26, 18, 61, 118, 21, 3, 126, 58, 62, 29, 68, 57, 54, 95, 50, 53, 24, 119, 63, 82, 33, 55, 75, 11, 76, 103, 117, 85, 100, 67, 88, 121, 4, 97, 12]","[112, 72, 16]"
EXP-XAI-0001,B10:1663,MODEL-C1,SINGLE_FEATURE_ABLATION_LOCAL,INTRINSIC_COEFFICIENT,5,"[112, 72, 16, 80, 101, 104, 37, 8, 40, 15, 45, 71, 96, 109, 9, 128, 107, 77, 36, 32, 10, 78, 110, 6, 120, 56, 69, 73, 74, 1, 66, 90, 46, 35, 22, 42, 65, 14, 43, 79, 108, 86, 34, 48, 122, 47, 13, 44, 2, 30, 28, 60, 92, 17, 116, 5, 27, 124, 20, 91, 52, 84, 111, 23, 102, 83, 31, 19, 87, 81, 125, 25, 93, 98, 39, 114, 89, 94, 70, 106, 127, 64, 105, 59, 38, 115, 99, 7, 113, 41, 49, 123, 51, 26, 18, 61, 118, 21, 3, 126, 58, 62, 29, 68, 57, 54, 95, 50, 53, 24, 119, 63, 82, 33, 55, 75, 11, 76, 103, 117, 85, 100, 67, 88, 121, 4, 97, 12]","[112, 72, 16, 80, 101]"
EXP-XAI-0001,B10:1663,MODEL-C1,SINGLE_FEATURE_ABLATION_LOCAL,INTRINSIC_COEFFICIENT,10,"[112, 72, 16, 80, 101, 104, 37, 8, 40, 15, 45, 71, 96, 109, 9, 128, 107, 77, 36, 32, 10, 78, 110, 6, 120, 56, 69, 73, 74, 1, 66, 90, 46, 35, 22, 42, 65, 14, 43, 79, 108, 86, 34, 48, 122, 47, 13, 44, 2, 30, 28, 60, 92, 17, 116, 5, 27, 124, 20, 91, 52, 84, 111, 23, 102, 83, 31, 19, 87, 81, 125, 25, 93, 98, 39, 114, 89, 94, 70, 106, 127, 64, 105, 59, 38, 115, 99, 7, 113, 41, 49, 123, 51, 26, 18, 61, 118, 21, 3, 126, 58, 62, 29, 68, 57, 54, 95, 50, 53, 24, 119, 63, 82, 33, 55, 75, 11, 76, 103, 117, 85, 100, 67, 88, 121, 4, 97, 12]","[112, 72, 16, 80, 101, 37, 104, 8, 15, 109]"
EXP-XAI-0001,B10:2287,MODEL-C1,SINGLE_FEATURE_ABLATION_LOCAL,INTRINSIC_COEFFICIENT,1,"[89, 81, 25, 54, 2, 10, 17, 62, 55, 113, 101, 121, 126, 122, 50, 90, 63, 37, 108, 118, 127, 112, 109, 91, 114, 82, 46, 119, 100, 78, 58, 40, 22, 47, 83, 74, 27, 104, 41, 38, 79, 44, 6, 52, 66, 26, 124, 14, 86, 23, 9, 73, 19, 107, 33, 1, 39, 57, 102, 88, 12, 92, 115, 60, 72, 7, 56, 28, 70, 116, 68, 103, 15, 87, 16, 30, 32, 97, 13, 67, 65, 8, 80, 71, 125, 123, 18, 84, 69, 99, 51, 53, 11, 45, 48, 117, 120, 42, 29, 111, 61, 3, 20, 96, 24, 98, 31, 64, 49, 21, 94, 85, 93, 59, 105, 77, 43, 75, 36, 34, 95, 4, 110, 35, 106, 5, 128, 76]",[89]
EXP-XAI-0001,B10:2287,MODEL-C1,SINGLE_FEATURE_ABLATION_LOCAL,INTRINSIC_COEFFICIENT,3,"[89, 81, 25, 54, 2, 10, 17, 62, 55, 113, 101, 121, 126, 122, 50, 90, 63, 37, 108, 118, 127, 112, 109, 91, 114, 82, 46, 119, 100, 78, 58, 40, 22, 47, 83, 74, 27, 104, 41, 38, 79, 44, 6, 52, 66, 26, 124, 14, 86, 23, 9, 73, 19, 107, 33, 1, 39, 57, 102, 88, 12, 92, 115, 60, 72, 7, 56, 28, 70, 116, 68, 103, 15, 87, 16, 30, 32, 97, 13, 67, 65, 8, 80, 71, 125, 123, 18, 84, 69, 99, 51, 53, 11, 45, 48, 117, 120, 42, 29, 111, 61, 3, 20, 96, 24, 98, 31, 64, 49, 21, 94, 85, 93, 59, 105, 77, 43, 75, 36, 34, 95, 4, 110, 35, 106, 5, 128, 76]","[89, 81, 66]"
EXP-XAI-0001,B10:2287,MODEL-C1,SINGLE_FEATURE_ABLATION_LOCAL,INTRINSIC_COEFFICIENT,5,"[89, 81, 25, 54, 2, 10, 17, 62, 55, 113, 101, 121, 126, 122, 50, 90, 63, 37, 108, 118, 127, 112, 109, 91, 114, 82, 46, 119, 100, 78, 58, 40, 22, 47, 83, 74, 27, 104, 41, 38, 79, 44, 6, 52, 66, 26, 124, 14, 86, 23, 9, 73, 19, 107, 33, 1, 39, 57, 102, 88, 12, 92, 115, 60, 72, 7, 56, 28, 70, 116, 68, 103, 15, 87, 16, 30, 32, 97, 13, 67, 65, 8, 80, 71, 125, 123, 18, 84, 69, 99, 51, 53, 11, 45, 48, 117, 120, 42, 29, 111, 61, 3, 20, 96, 24, 98, 31, 64, 49, 21, 94, 85, 93, 59, 105, 77, 43, 75, 36, 34, 95, 4, 110, 35, 106, 5, 128, 76]","[89, 81, 66, 10, 2]"
EXP-XAI-0001,B10:2287,MODEL-C1,SINGLE_FEATURE_ABLATION_LOCAL,INTRINSIC_COEFFICIENT,10,"[89, 81, 25, 54, 2, 10, 17, 62, 55, 113, 101, 121, 126, 122, 50, 90, 63, 37, 108, 118, 127, 112, 109, 91, 114, 82, 46, 119, 100, 78, 58, 40, 22, 47, 83, 74, 27, 104, 41, 38, 79, 44, 6, 52, 66, 26, 124, 14, 86, 23, 9, 73, 19, 107, 33, 1, 39, 57, 102, 88, 12, 92, 115, 60, 72, 7, 56, 28, 70, 116, 68, 103, 15, 87, 16, 30, 32, 97, 13, 67, 65, 8, 80, 71, 125, 123, 18, 84, 69, 99, 51, 53, 11, 45, 48, 117, 120, 42, 29, 111, 61, 3, 20, 96, 24, 98, 31, 64, 49, 21, 94, 85, 93, 59, 105, 77, 43, 75, 36, 34, 95, 4, 110, 35, 106, 5, 128, 76]","[89, 81, 66, 10, 2, 74, 25, 121, 113, 54]"
EXP-XAI-0001,B10:2363,MODEL-C1,SINGLE_FEATURE_ABLATION_LOCAL,INTRINSIC_COEFFICIENT,1,"[101, 106, 108, 37, 112, 40, 100, 109, 107, 36, 104, 25, 98, 27, 2, 26, 10, 44, 33, 52, 91, 99, 81, 60, 53, 78, 39, 19, 38, 28, 29, 74, 122, 45, 79, 32, 113, 48, 126, 66, 6, 61, 121, 17, 118, 125, 14, 73, 114, 9, 124, 1, 97, 92, 102, 54, 103, 127, 72, 12, 7, 93, 18, 41, 119, 70, 68, 35, 83, 15, 117, 16, 88, 42, 51, 116, 21, 67, 55, 13, 96, 89, 65, 47, 24, 86, 56, 8, 80, 62, 71, 115, 111, 69, 20, 46, 57, 11, 50, 87, 85, 123, 3, 59, 82, 105, 63, 84, 22, 64, 43, 34, 90, 23, 77, 30, 75, 110, 4, 120, 94, 31, 49, 5, 95, 58, 128, 76]",[40]
EXP-XAI-0001,B10:2363,MODEL-C1,SINGLE_FEATURE_ABLATION_LOCAL,INTRINSIC_COEFFICIENT,3,"[101, 106, 108, 37, 112, 40, 100, 109, 107, 36, 104, 25, 98, 27, 2, 26, 10, 44, 33, 52, 91, 99, 81, 60, 53, 78, 39, 19, 38, 28, 29, 74, 122, 45, 79, 32, 113, 48, 126, 66, 6, 61, 121, 17, 118, 125, 14, 73, 114, 9, 124, 1, 97, 92, 102, 54, 103, 127, 72, 12, 7, 93, 18, 41, 119, 70, 68, 35, 83, 15, 117, 16, 88, 42, 51, 116, 21, 67, 55, 13, 96, 89, 65, 47, 24, 86, 56, 8, 80, 62, 71, 115, 111, 69, 20, 46, 57, 11, 50, 87, 85, 123, 3, 59, 82, 105, 63, 84, 22, 64, 43, 34, 90, 23, 77, 30, 75, 110, 4, 120, 94, 31, 49, 5, 95, 58, 128, 76]","[40, 37, 112]"
EXP-XAI-0001,B10:2363,MODEL-C1,SINGLE_FEATURE_ABLATION_LOCAL,INTRINSIC_COEFFICIENT,5,"[101, 106, 108, 37, 112, 40, 100, 109, 107, 36, 104, 25, 98, 27, 2, 26, 10, 44, 33, 52, 91, 99, 81, 60, 53, 78, 39, 19, 38, 28, 29, 74, 122, 45, 79, 32, 113, 48, 126, 66, 6, 61, 121, 17, 118, 125, 14, 73, 114, 9, 124, 1, 97, 92, 102, 54, 103, 127, 72, 12, 7, 93, 18, 41, 119, 70, 68, 35, 83, 15, 117, 16, 88, 42, 51, 116, 21, 67, 55, 13, 96, 89, 65, 47, 24, 86, 56, 8, 80, 62, 71, 115, 111, 69, 20, 46, 57, 11, 50, 87, 85, 123, 3, 59, 82, 105, 63, 84, 22, 64, 43, 34, 90, 23, 77, 30, 75, 110, 4, 120, 94, 31, 49, 5, 95, 58, 128, 76]","[40, 37, 112, 66, 33]"
EXP-XAI-0001,B10:2363,MODEL-C1,SINGLE_FEATURE_ABLATION_LOCAL,INTRINSIC_COEFFICIENT,10,"[101, 106, 108, 37, 112, 40, 100, 109, 107, 36, 104, 25, 98, 27, 2, 26, 10, 44, 33, 52, 91, 99, 81, 60, 53, 78, 39, 19, 38, 28, 29, 74, 122, 45, 79, 32, 113, 48, 126, 66, 6, 61, 121, 17, 118, 125, 14, 73, 114, 9, 124, 1, 97, 92, 102, 54, 103, 127, 72, 12, 7, 93, 18, 41, 119, 70, 68, 35, 83, 15, 117, 16, 88, 42, 51, 116, 21, 67, 55, 13, 96, 89, 65, 47, 24, 86, 56, 8, 80, 62, 71, 115, 111, 69, 20, 46, 57, 11, 50, 87, 85, 123, 3, 59, 82, 105, 63, 84, 22, 64, 43, 34, 90, 23, 77, 30, 75, 110, 4, 120, 94, 31, 49, 5, 95, 58, 128, 76]","[40, 37, 112, 66, 33, 74, 2, 101, 104, 34]"
EXP-XAI-0001,B10:2847,MODEL-C1,SINGLE_FEATURE_ABLATION_LOCAL,INTRINSIC_COEFFICIENT,1,"[112, 106, 108, 101, 100, 40, 107, 37, 25, 104, 36, 109, 27, 98, 26, 33, 89, 44, 52, 38, 91, 39, 17, 60, 99, 53, 28, 19, 32, 2, 62, 63, 102, 29, 54, 55, 47, 41, 124, 61, 103, 46, 56, 97, 125, 48, 90, 92, 88, 10, 50, 83, 45, 58, 78, 116, 74, 82, 93, 18, 42, 57, 79, 117, 127, 115, 96, 35, 22, 6, 111, 51, 66, 21, 73, 126, 14, 9, 81, 1, 24, 23, 72, 7, 20, 12, 70, 30, 68, 123, 119, 118, 15, 16, 84, 64, 67, 105, 13, 120, 85, 65, 59, 8, 80, 121, 71, 69, 43, 11, 113, 34, 3, 31, 86, 87, 110, 49, 94, 114, 77, 75, 122, 4, 95, 128, 5, 76]",[40]
EXP-XAI-0001,B10:2847,MODEL-C1,SINGLE_FEATURE_ABLATION_LOCAL,INTRINSIC_COEFFICIENT,3,"[112, 106, 108, 101, 100, 40, 107, 37, 25, 104, 36, 109, 27, 98, 26, 33, 89, 44, 52, 38, 91, 39, 17, 60, 99, 53, 28, 19, 32, 2, 62, 63, 102, 29, 54, 55, 47, 41, 124, 61, 103, 46, 56, 97, 125, 48, 90, 92, 88, 10, 50, 83, 45, 58, 78, 116, 74, 82, 93, 18, 42, 57, 79, 117, 127, 115, 96, 35, 22, 6, 111, 51, 66, 21, 73, 126, 14, 9, 81, 1, 24, 23, 72, 7, 20, 12, 70, 30, 68, 123, 119, 118, 15, 16, 84, 64, 67, 105, 13, 120, 85, 65, 59, 8, 80, 121, 71, 69, 43, 11, 113, 34, 3, 31, 86, 87, 110, 49, 94, 114, 77, 75, 122, 4, 95, 128, 5, 76]","[40, 112, 33]"
EXP-XAI-0001,B10:2847,MODEL-C1,SINGLE_FEATURE_ABLATION_LOCAL,INTRINSIC_COEFFICIENT,5,"[112, 106, 108, 101, 100, 40, 107, 37, 25, 104, 36, 109, 27, 98, 26, 33, 89, 44, 52, 38, 91, 39, 17, 60, 99, 53, 28, 19, 32, 2, 62, 63, 102, 29, 54, 55, 47, 41, 124, 61, 103, 46, 56, 97, 125, 48, 90, 92, 88, 10, 50, 83, 45, 58, 78, 116, 74, 82, 93, 18, 42, 57, 79, 117, 127, 115, 96, 35, 22, 6, 111, 51, 66, 21, 73, 126, 14, 9, 81, 1, 24, 23, 72, 7, 20, 12, 70, 30, 68, 123, 119, 118, 15, 16, 84, 64, 67, 105, 13, 120, 85, 65, 59, 8, 80, 121, 71, 69, 43, 11, 113, 34, 3, 31, 86, 87, 110, 49, 94, 114, 77, 75, 122, 4, 95, 128, 5, 76]","[40, 112, 33, 25, 105]"
EXP-XAI-0001,B10:2847,MODEL-C1,SINGLE_FEATURE_ABLATION_LOCAL,INTRINSIC_COEFFICIENT,10,"[112, 106, 108, 101, 100, 40, 107, 37, 25, 104, 36, 109, 27, 98, 26, 33, 89, 44, 52, 38, 91, 39, 17, 60, 99, 53, 28, 19, 32, 2, 62, 63, 102, 29, 54, 55, 47, 41, 124, 61, 103, 46, 56, 97, 125, 48, 90, 92, 88, 10, 50, 83, 45, 58, 78, 116, 74, 82, 93, 18, 42, 57, 79, 117, 127, 115, 96, 35, 22, 6, 111, 51, 66, 21, 73, 126, 14, 9, 81, 1, 24, 23, 72, 7, 20, 12, 70, 30, 68, 123, 119, 118, 15, 16, 84, 64, 67, 105, 13, 120, 85, 65, 59, 8, 80, 121, 71, 69, 43, 11, 113, 34, 3, 31, 86, 87, 110, 49, 94, 114, 77, 75, 122, 4, 95, 128, 5, 76]","[40, 112, 33, 25, 105, 104, 34, 97, 42, 38]"
EXP-XAI-0001,B10:2927,MODEL-C1,SINGLE_FEATURE_ABLATION_LOCAL,INTRINSIC_COEFFICIENT,1,"[101, 108, 112, 100, 37, 25, 106, 40, 107, 109, 36, 89, 27, 104, 44, 33, 52, 91, 17, 98, 60, 99, 38, 53, 19, 39, 28, 26, 29, 124, 61, 32, 81, 41, 125, 92, 83, 45, 88, 102, 2, 62, 97, 47, 63, 55, 54, 48, 46, 103, 116, 93, 56, 57, 117, 115, 78, 121, 21, 96, 51, 35, 113, 74, 79, 90, 22, 6, 50, 58, 111, 66, 73, 18, 127, 14, 20, 82, 1, 123, 9, 23, 42, 72, 7, 126, 84, 24, 70, 30, 12, 68, 85, 15, 105, 16, 59, 67, 119, 65, 8, 80, 71, 118, 120, 64, 43, 13, 69, 122, 11, 114, 3, 49, 31, 86, 110, 87, 34, 94, 77, 75, 4, 95, 128, 10, 5, 76]",[101]
EXP-XAI-0001,B10:2927,MODEL-C1,SINGLE_FEATURE_ABLATION_LOCAL,INTRINSIC_COEFFICIENT,3,"[101, 108, 112, 100, 37, 25, 106, 40, 107, 109, 36, 89, 27, 104, 44, 33, 52, 91, 17, 98, 60, 99, 38, 53, 19, 39, 28, 26, 29, 124, 61, 32, 81, 41, 125, 92, 83, 45, 88, 102, 2, 62, 97, 47, 63, 55, 54, 48, 46, 103, 116, 93, 56, 57, 117, 115, 78, 121, 21, 96, 51, 35, 113, 74, 79, 90, 22, 6, 50, 58, 111, 66, 73, 18, 127, 14, 20, 82, 1, 123, 9, 23, 42, 72, 7, 126, 84, 24, 70, 30, 12, 68, 85, 15, 105, 16, 59, 67, 119, 65, 8, 80, 71, 118, 120, 64, 43, 13, 69, 122, 11, 114, 3, 49, 31, 86, 110, 87, 34, 94, 77, 75, 4, 95, 128, 10, 5, 76]","[101, 106, 108]"
EXP-XAI-0001,B10:2927,MODEL-C1,SINGLE_FEATURE_ABLATION_LOCAL,INTRINSIC_COEFFICIENT,5,"[101, 108, 112, 100, 37, 25, 106, 40, 107, 109, 36, 89, 27, 104, 44, 33, 52, 91, 17, 98, 60, 99, 38, 53, 19, 39, 28, 26, 29, 124, 61, 32, 81, 41, 125, 92, 83, 45, 88, 102, 2, 62, 97, 47, 63, 55, 54, 48, 46, 103, 116, 93, 56, 57, 117, 115, 78, 121, 21, 96, 51, 35, 113, 74, 79, 90, 22, 6, 50, 58, 111, 66, 73, 18, 127, 14, 20, 82, 1, 123, 9, 23, 42, 72, 7, 126, 84, 24, 70, 30, 12, 68, 85, 15, 105, 16, 59, 67, 119, 65, 8, 80, 71, 118, 120, 64, 43, 13, 69, 122, 11, 114, 3, 49, 31, 86, 110, 87, 34, 94, 77, 75, 4, 95, 128, 10, 5, 76]","[101, 106, 108, 100, 112]"
EXP-XAI-0001,B10:2927,MODEL-C1,SINGLE_FEATURE_ABLATION_LOCAL,INTRINSIC_COEFFICIENT,10,"[101, 108, 112, 100, 37, 25, 106, 40, 107, 109, 36, 89, 27, 104, 44, 33, 52, 91, 17, 98, 60, 99, 38, 53, 19, 39, 28, 26, 29, 124, 61, 32, 81, 41, 125, 92, 83, 45, 88, 102, 2, 62, 97, 47, 63, 55, 54, 48, 46, 103, 116, 93, 56, 57, 117, 115, 78, 121, 21, 96, 51, 35, 113, 74, 79, 90, 22, 6, 50, 58, 111, 66, 73, 18, 127, 14, 20, 82, 1, 123, 9, 23, 42, 72, 7, 126, 84, 24, 70, 30, 12, 68, 85, 15, 105, 16, 59, 67, 119, 65, 8, 80, 71, 118, 120, 64, 43, 13, 69, 122, 11, 114, 3, 49, 31, 86, 110, 87, 34, 94, 77, 75, 4, 95, 128, 10, 5, 76]","[101, 106, 108, 100, 112, 107, 109, 98, 37, 36]"
EXP-XAI-0001,B10:2981,MODEL-C1,SINGLE_FEATURE_ABLATION_LOCAL,INTRINSIC_COEFFICIENT,1,"[101, 108, 112, 100, 37, 106, 107, 40, 109, 25, 36, 104, 27, 44, 33, 89, 52, 91, 38, 98, 60, 99, 39, 17, 28, 53, 29, 19, 2, 26, 102, 61, 124, 32, 41, 45, 92, 47, 46, 103, 97, 48, 62, 63, 83, 125, 55, 54, 88, 93, 78, 116, 117, 74, 10, 21, 79, 57, 56, 35, 115, 51, 6, 111, 66, 73, 81, 122, 14, 1, 9, 20, 72, 7, 22, 96, 114, 12, 42, 70, 85, 24, 18, 127, 123, 68, 84, 15, 16, 23, 105, 30, 67, 65, 64, 59, 13, 8, 80, 71, 120, 126, 121, 58, 69, 43, 90, 119, 11, 3, 50, 113, 31, 110, 118, 49, 34, 82, 77, 75, 94, 4, 87, 95, 86, 128, 5, 76]",[106]
EXP-XAI-0001,B10:2981,MODEL-C1,SINGLE_FEATURE_ABLATION_LOCAL,INTRINSIC_COEFFICIENT,3,"[101, 108, 112, 100, 37, 106, 107, 40, 109, 25, 36, 104, 27, 44, 33, 89, 52, 91, 38, 98, 60, 99, 39, 17, 28, 53, 29, 19, 2, 26, 102, 61, 124, 32, 41, 45, 92, 47, 46, 103, 97, 48, 62, 63, 83, 125, 55, 54, 88, 93, 78, 116, 117, 74, 10, 21, 79, 57, 56, 35, 115, 51, 6, 111, 66, 73, 81, 122, 14, 1, 9, 20, 72, 7, 22, 96, 114, 12, 42, 70, 85, 24, 18, 127, 123, 68, 84, 15, 16, 23, 105, 30, 67, 65, 64, 59, 13, 8, 80, 71, 120, 126, 121, 58, 69, 43, 90, 119, 11, 3, 50, 113, 31, 110, 118, 49, 34, 82, 77, 75, 94, 4, 87, 95, 86, 128, 5, 76]","[106, 101, 108]"
EXP-XAI-0001,B10:2981,MODEL-C1,SINGLE_FEATURE_ABLATION_LOCAL,INTRINSIC_COEFFICIENT,5,"[101, 108, 112, 100, 37, 106, 107, 40, 109, 25, 36, 104, 27, 44, 33, 89, 52, 91, 38, 98, 60, 99, 39, 17, 28, 53, 29, 19, 2, 26, 102, 61, 124, 32, 41, 45, 92, 47, 46, 103, 97, 48, 62, 63, 83, 125, 55, 54, 88, 93, 78, 116, 117, 74, 10, 21, 79, 57, 56, 35, 115, 51, 6, 111, 66, 73, 81, 122, 14, 1, 9, 20, 72, 7, 22, 96, 114, 12, 42, 70, 85, 24, 18, 127, 123, 68, 84, 15, 16, 23, 105, 30, 67, 65, 64, 59, 13, 8, 80, 71, 120, 126, 121, 58, 69, 43, 90, 119, 11, 3, 50, 113, 31, 110, 118, 49, 34, 82, 77, 75, 94, 4, 87, 95, 86, 128, 5, 76]","[106, 101, 108, 100, 112]"
EXP-XAI-0001,B10:2981,MODEL-C1,SINGLE_FEATURE_ABLATION_LOCAL,INTRINSIC_COEFFICIENT,10,"[101, 108, 112, 100, 37, 106, 107, 40, 109, 25, 36, 104, 27, 44, 33, 89, 52, 91, 38, 98, 60, 99, 39, 17, 28, 53, 29, 19, 2, 26, 102, 61, 124, 32, 41, 45, 92, 47, 46, 103, 97, 48, 62, 63, 83, 125, 55, 54, 88, 93, 78, 116, 117, 74, 10, 21, 79, 57, 56, 35, 115, 51, 6, 111, 66, 73, 81, 122, 14, 1, 9, 20, 72, 7, 22, 96, 114, 12, 42, 70, 85, 24, 18, 127, 123, 68, 84, 15, 16, 23, 105, 30, 67, 65, 64, 59, 13, 8, 80, 71, 120, 126, 121, 58, 69, 43, 90, 119, 11, 3, 50, 113, 31, 110, 118, 49, 34, 82, 77, 75, 94, 4, 87, 95, 86, 128, 5, 76]","[106, 101, 108, 100, 112, 107, 109, 37, 36, 98]"
EXP-XAI-0001,B2:0,MODEL-C2,SINGLE_FEATURE_ABLATION_LOCAL,SINGLE_FEATURE_ABLATION_LOCAL,1,"[58, 114, 50, 122, 89, 18, 73, 33, 6, 16, 25, 34, 65, 66, 82, 10, 39, 86, 97, 102, 113, 7, 8, 11, 17, 38, 46, 55, 57, 63, 70, 87, 98, 12, 14, 22, 24, 26, 40, 68, 80, 81, 94, 111, 3, 9, 13, 15, 30, 41, 54, 56, 72, 74, 103, 105, 106, 109, 112, 119, 2, 4, 5, 20, 21, 23, 28, 31, 42, 47, 49, 61, 62, 64, 67, 69, 75, 76, 83, 90, 91, 96, 104, 107, 110, 117, 120, 121, 127, 1, 19, 27, 29, 32, 35, 36, 37, 43, 44, 45, 48, 51, 52, 53, 59, 60, 71, 77, 78, 79, 84, 85, 88, 92, 93, 95, 99, 100, 101, 108, 115, 116, 118, 123, 124, 125, 126, 128]",[58]
EXP-XAI-0001,B2:0,MODEL-C2,SINGLE_FEATURE_ABLATION_LOCAL,SINGLE_FEATURE_ABLATION_LOCAL,3,"[58, 114, 50, 122, 89, 18, 73, 33, 6, 16, 25, 34, 65, 66, 82, 10, 39, 86, 97, 102, 113, 7, 8, 11, 17, 38, 46, 55, 57, 63, 70, 87, 98, 12, 14, 22, 24, 26, 40, 68, 80, 81, 94, 111, 3, 9, 13, 15, 30, 41, 54, 56, 72, 74, 103, 105, 106, 109, 112, 119, 2, 4, 5, 20, 21, 23, 28, 31, 42, 47, 49, 61, 62, 64, 67, 69, 75, 76, 83, 90, 91, 96, 104, 107, 110, 117, 120, 121, 127, 1, 19, 27, 29, 32, 35, 36, 37, 43, 44, 45, 48, 51, 52, 53, 59, 60, 71, 77, 78, 79, 84, 85, 88, 92, 93, 95, 99, 100, 101, 108, 115, 116, 118, 123, 124, 125, 126, 128]","[58, 114, 50]"
EXP-XAI-0001,B2:0,MODEL-C2,SINGLE_FEATURE_ABLATION_LOCAL,SINGLE_FEATURE_ABLATION_LOCAL,5,"[58, 114, 50, 122, 89, 18, 73, 33, 6, 16, 25, 34, 65, 66, 82, 10, 39, 86, 97, 102, 113, 7, 8, 11, 17, 38, 46, 55, 57, 63, 70, 87, 98, 12, 14, 22, 24, 26, 40, 68, 80, 81, 94, 111, 3, 9, 13, 15, 30, 41, 54, 56, 72, 74, 103, 105, 106, 109, 112, 119, 2, 4, 5, 20, 21, 23, 28, 31, 42, 47, 49, 61, 62, 64, 67, 69, 75, 76, 83, 90, 91, 96, 104, 107, 110, 117, 120, 121, 127, 1, 19, 27, 29, 32, 35, 36, 37, 43, 44, 45, 48, 51, 52, 53, 59, 60, 71, 77, 78, 79, 84, 85, 88, 92, 93, 95, 99, 100, 101, 108, 115, 116, 118, 123, 124, 125, 126, 128]","[58, 114, 50, 122, 89]"
EXP-XAI-0001,B2:0,MODEL-C2,SINGLE_FEATURE_ABLATION_LOCAL,SINGLE_FEATURE_ABLATION_LOCAL,10,"[58, 114, 50, 122, 89, 18, 73, 33, 6, 16, 25, 34, 65, 66, 82, 10, 39, 86, 97, 102, 113, 7, 8, 11, 17, 38, 46, 55, 57, 63, 70, 87, 98, 12, 14, 22, 24, 26, 40, 68, 80, 81, 94, 111, 3, 9, 13, 15, 30, 41, 54, 56, 72, 74, 103, 105, 106, 109, 112, 119, 2, 4, 5, 20, 21, 23, 28, 31, 42, 47, 49, 61, 62, 64, 67, 69, 75, 76, 83, 90, 91, 96, 104, 107, 110, 117, 120, 121, 127, 1, 19, 27, 29, 32, 35, 36, 37, 43, 44, 45, 48, 51, 52, 53, 59, 60, 71, 77, 78, 79, 84, 85, 88, 92, 93, 95, 99, 100, 101, 108, 115, 116, 118, 123, 124, 125, 126, 128]","[58, 114, 50, 122, 89, 18, 73, 33, 6, 16]"
EXP-XAI-0001,B2:1,MODEL-C2,SINGLE_FEATURE_ABLATION_LOCAL,SINGLE_FEATURE_ABLATION_LOCAL,1,"[8, 70, 16, 6, 9, 1, 12, 72, 76, 79, 2, 4, 75, 3, 14, 67, 5, 11, 17, 19, 38, 62, 63, 68, 69, 77, 84, 104, 7, 21, 28, 33, 40, 46, 55, 65, 71, 73, 78, 80, 81, 83, 114, 116, 15, 20, 22, 31, 34, 47, 49, 50, 53, 54, 57, 58, 66, 85, 86, 87, 89, 97, 112, 113, 118, 119, 121, 122, 123, 128, 10, 13, 18, 23, 24, 25, 26, 27, 29, 30, 32, 35, 36, 37, 39, 41, 42, 43, 44, 45, 48, 51, 52, 56, 59, 60, 61, 64, 74, 82, 88, 90, 91, 92, 93, 94, 95, 96, 98, 99, 100, 101, 102, 103, 105, 106, 107, 108, 109, 110, 111, 115, 117, 120, 124, 125, 126, 127]",[8]
EXP-XAI-0001,B2:1,MODEL-C2,SINGLE_FEATURE_ABLATION_LOCAL,SINGLE_FEATURE_ABLATION_LOCAL,3,"[8, 70, 16, 6, 9, 1, 12, 72, 76, 79, 2, 4, 75, 3, 14, 67, 5, 11, 17, 19, 38, 62, 63, 68, 69, 77, 84, 104, 7, 21, 28, 33, 40, 46, 55, 65, 71, 73, 78, 80, 81, 83, 114, 116, 15, 20, 22, 31, 34, 47, 49, 50, 53, 54, 57, 58, 66, 85, 86, 87, 89, 97, 112, 113, 118, 119, 121, 122, 123, 128, 10, 13, 18, 23, 24, 25, 26, 27, 29, 30, 32, 35, 36, 37, 39, 41, 42, 43, 44, 45, 48, 51, 52, 56, 59, 60, 61, 64, 74, 82, 88, 90, 91, 92, 93, 94, 95, 96, 98, 99, 100, 101, 102, 103, 105, 106, 107, 108, 109, 110, 111, 115, 117, 120, 124, 125, 126, 127]","[8, 70, 16]"
EXP-XAI-0001,B2:1,MODEL-C2,SINGLE_FEATURE_ABLATION_LOCAL,SINGLE_FEATURE_ABLATION_LOCAL,5,"[8, 70, 16, 6, 9, 1, 12, 72, 76, 79, 2, 4, 75, 3, 14, 67, 5, 11, 17, 19, 38, 62, 63, 68, 69, 77, 84, 104, 7, 21, 28, 33, 40, 46, 55, 65, 71, 73, 78, 80, 81, 83, 114, 116, 15, 20, 22, 31, 34, 47, 49, 50, 53, 54, 57, 58, 66, 85, 86, 87, 89, 97, 112, 113, 118, 119, 121, 122, 123, 128, 10, 13, 18, 23, 24, 25, 26, 27, 29, 30, 32, 35, 36, 37, 39, 41, 42, 43, 44, 45, 48, 51, 52, 56, 59, 60, 61, 64, 74, 82, 88, 90, 91, 92, 93, 94, 95, 96, 98, 99, 100, 101, 102, 103, 105, 106, 107, 108, 109, 110, 111, 115, 117, 120, 124, 125, 126, 127]","[8, 70, 16, 6, 9]"
EXP-XAI-0001,B2:1,MODEL-C2,SINGLE_FEATURE_ABLATION_LOCAL,SINGLE_FEATURE_ABLATION_LOCAL,10,"[8, 70, 16, 6, 9, 1, 12, 72, 76, 79, 2, 4, 75, 3, 14, 67, 5, 11, 17, 19, 38, 62, 63, 68, 69, 77, 84, 104, 7, 21, 28, 33, 40, 46, 55, 65, 71, 73, 78, 80, 81, 83, 114, 116, 15, 20, 22, 31, 34, 47, 49, 50, 53, 54, 57, 58, 66, 85, 86, 87, 89, 97, 112, 113, 118, 119, 121, 122, 123, 128, 10, 13, 18, 23, 24, 25, 26, 27, 29, 30, 32, 35, 36, 37, 39, 41, 42, 43, 44, 45, 48, 51, 52, 56, 59, 60, 61, 64, 74, 82, 88, 90, 91, 92, 93, 94, 95, 96, 98, 99, 100, 101, 102, 103, 105, 106, 107, 108, 109, 110, 111, 115, 117, 120, 124, 125, 126, 127]","[8, 70, 16, 6, 9, 1, 12, 72, 76, 79]"
EXP-XAI-0001,B2:12,MODEL-C2,SINGLE_FEATURE_ABLATION_LOCAL,SINGLE_FEATURE_ABLATION_LOCAL,1,"[70, 14, 15, 73, 74, 97, 7, 71, 10, 65, 78, 21, 36, 45, 93, 108, 50, 66, 20, 27, 33, 37, 2, 6, 16, 34, 41, 44, 67, 84, 85, 89, 99, 123, 125, 11, 12, 18, 19, 35, 43, 49, 52, 53, 56, 60, 61, 69, 75, 76, 77, 79, 83, 91, 96, 105, 106, 109, 114, 115, 116, 122, 124, 1, 3, 4, 5, 8, 9, 13, 17, 22, 23, 24, 25, 26, 28, 29, 30, 31, 32, 38, 39, 40, 42, 46, 47, 48, 51, 54, 55, 57, 58, 59, 62, 63, 64, 68, 72, 80, 81, 82, 86, 87, 88, 90, 92, 94, 95, 98, 100, 101, 102, 103, 104, 107, 110, 111, 112, 113, 117, 118, 119, 120, 121, 126, 127, 128]",[70]
EXP-XAI-0001,B2:12,MODEL-C2,SINGLE_FEATURE_ABLATION_LOCAL,SINGLE_FEATURE_ABLATION_LOCAL,3,"[70, 14, 15, 73, 74, 97, 7, 71, 10, 65, 78, 21, 36, 45, 93, 108, 50, 66, 20, 27, 33, 37, 2, 6, 16, 34, 41, 44, 67, 84, 85, 89, 99, 123, 125, 11, 12, 18, 19, 35, 43, 49, 52, 53, 56, 60, 61, 69, 75, 76, 77, 79, 83, 91, 96, 105, 106, 109, 114, 115, 116, 122, 124, 1, 3, 4, 5, 8, 9, 13, 17, 22, 23, 24, 25, 26, 28, 29, 30, 31, 32, 38, 39, 40, 42, 46, 47, 48, 51, 54, 55, 57, 58, 59, 62, 63, 64, 68, 72, 80, 81, 82, 86, 87, 88, 90, 92, 94, 95, 98, 100, 101, 102, 103, 104, 107, 110, 111, 112, 113, 117, 118, 119, 120, 121, 126, 127, 128]","[70, 14, 15]"
EXP-XAI-0001,B2:12,MODEL-C2,SINGLE_FEATURE_ABLATION_LOCAL,SINGLE_FEATURE_ABLATION_LOCAL,5,"[70, 14, 15, 73, 74, 97, 7, 71, 10, 65, 78, 21, 36, 45, 93, 108, 50, 66, 20, 27, 33, 37, 2, 6, 16, 34, 41, 44, 67, 84, 85, 89, 99, 123, 125, 11, 12, 18, 19, 35, 43, 49, 52, 53, 56, 60, 61, 69, 75, 76, 77, 79, 83, 91, 96, 105, 106, 109, 114, 115, 116, 122, 124, 1, 3, 4, 5, 8, 9, 13, 17, 22, 23, 24, 25, 26, 28, 29, 30, 31, 32, 38, 39, 40, 42, 46, 47, 48, 51, 54, 55, 57, 58, 59, 62, 63, 64, 68, 72, 80, 81, 82, 86, 87, 88, 90, 92, 94, 95, 98, 100, 101, 102, 103, 104, 107, 110, 111, 112, 113, 117, 118, 119, 120, 121, 126, 127, 128]","[70, 14, 15, 73, 74]"
EXP-XAI-0001,B2:12,MODEL-C2,SINGLE_FEATURE_ABLATION_LOCAL,SINGLE_FEATURE_ABLATION_LOCAL,10,"[70, 14, 15, 73, 74, 97, 7, 71, 10, 65, 78, 21, 36, 45, 93, 108, 50, 66, 20, 27, 33, 37, 2, 6, 16, 34, 41, 44, 67, 84, 85, 89, 99, 123, 125, 11, 12, 18, 19, 35, 43, 49, 52, 53, 56, 60, 61, 69, 75, 76, 77, 79, 83, 91, 96, 105, 106, 109, 114, 115, 116, 122, 124, 1, 3, 4, 5, 8, 9, 13, 17, 22, 23, 24, 25, 26, 28, 29, 30, 31, 32, 38, 39, 40, 42, 46, 47, 48, 51, 54, 55, 57, 58, 59, 62, 63, 64, 68, 72, 80, 81, 82, 86, 87, 88, 90, 92, 94, 95, 98, 100, 101, 102, 103, 104, 107, 110, 111, 112, 113, 117, 118, 119, 120, 121, 126, 127, 128]","[70, 14, 15, 73, 74, 97, 7, 71, 10, 65]"
EXP-XAI-0001,B2:13,MODEL-C2,SINGLE_FEATURE_ABLATION_LOCAL,SINGLE_FEATURE_ABLATION_LOCAL,1,"[14, 70, 15, 73, 74, 97, 71, 1, 7, 66, 21, 45, 93, 10, 65, 78, 20, 27, 33, 36, 49, 85, 89, 34, 37, 41, 44, 84, 94, 99, 108, 124, 125, 67, 69, 2, 3, 5, 11, 12, 16, 17, 18, 19, 35, 43, 50, 52, 53, 56, 57, 60, 61, 75, 77, 79, 83, 91, 96, 100, 101, 105, 106, 109, 114, 115, 116, 122, 123, 4, 6, 8, 9, 13, 22, 23, 24, 25, 26, 28, 29, 30, 31, 32, 38, 39, 40, 42, 46, 47, 48, 51, 54, 55, 58, 59, 62, 63, 64, 68, 72, 76, 80, 81, 82, 86, 87, 88, 90, 92, 95, 98, 102, 103, 104, 107, 110, 111, 112, 113, 117, 118, 119, 120, 121, 126, 127, 128]",[14]
EXP-XAI-0001,B2:13,MODEL-C2,SINGLE_FEATURE_ABLATION_LOCAL,SINGLE_FEATURE_ABLATION_LOCAL,3,"[14, 70, 15, 73, 74, 97, 71, 1, 7, 66, 21, 45, 93, 10, 65, 78, 20, 27, 33, 36, 49, 85, 89, 34, 37, 41, 44, 84, 94, 99, 108, 124, 125, 67, 69, 2, 3, 5, 11, 12, 16, 17, 18, 19, 35, 43, 50, 52, 53, 56, 57, 60, 61, 75, 77, 79, 83, 91, 96, 100, 101, 105, 106, 109, 114, 115, 116, 122, 123, 4, 6, 8, 9, 13, 22, 23, 24, 25, 26, 28, 29, 30, 31, 32, 38, 39, 40, 42, 46, 47, 48, 51, 54, 55, 58, 59, 62, 63, 64, 68, 72, 76, 80, 81, 82, 86, 87, 88, 90, 92, 95, 98, 102, 103, 104, 107, 110, 111, 112, 113, 117, 118, 119, 120, 121, 126, 127, 128]","[14, 70, 15]"
EXP-XAI-0001,B2:13,MODEL-C2,SINGLE_FEATURE_ABLATION_LOCAL,SINGLE_FEATURE_ABLATION_LOCAL,5,"[14, 70, 15, 73, 74, 97, 71, 1, 7, 66, 21, 45, 93, 10, 65, 78, 20, 27, 33, 36, 49, 85, 89, 34, 37, 41, 44, 84, 94, 99, 108, 124, 125, 67, 69, 2, 3, 5, 11, 12, 16, 17, 18, 19, 35, 43, 50, 52, 53, 56, 57, 60, 61, 75, 77, 79, 83, 91, 96, 100, 101, 105, 106, 109, 114, 115, 116, 122, 123, 4, 6, 8, 9, 13, 22, 23, 24, 25, 26, 28, 29, 30, 31, 32, 38, 39, 40, 42, 46, 47, 48, 51, 54, 55, 58, 59, 62, 63, 64, 68, 72, 76, 80, 81, 82, 86, 87, 88, 90, 92, 95, 98, 102, 103, 104, 107, 110, 111, 112, 113, 117, 118, 119, 120, 121, 126, 127, 128]","[14, 70, 15, 73, 74]"
EXP-XAI-0001,B2:13,MODEL-C2,SINGLE_FEATURE_ABLATION_LOCAL,SINGLE_FEATURE_ABLATION_LOCAL,10,"[14, 70, 15, 73, 74, 97, 71, 1, 7, 66, 21, 45, 93, 10, 65, 78, 20, 27, 33, 36, 49, 85, 89, 34, 37, 41, 44, 84, 94, 99, 108, 124, 125, 67, 69, 2, 3, 5, 11, 12, 16, 17, 18, 19, 35, 43, 50, 52, 53, 56, 57, 60, 61, 75, 77, 79, 83, 91, 96, 100, 101, 105, 106, 109, 114, 115, 116, 122, 123, 4, 6, 8, 9, 13, 22, 23, 24, 25, 26, 28, 29, 30, 31, 32, 38, 39, 40, 42, 46, 47, 48, 51, 54, 55, 58, 59, 62, 63, 64, 68, 72, 76, 80, 81, 82, 86, 87, 88, 90, 92, 95, 98, 102, 103, 104, 107, 110, 111, 112, 113, 117, 118, 119, 120, 121, 126, 127, 128]","[14, 70, 15, 73, 74, 97, 71, 1, 7, 66]"
EXP-XAI-0001,B2:26,MODEL-C2,SINGLE_FEATURE_ABLATION_LOCAL,SINGLE_FEATURE_ABLATION_LOCAL,1,"[14, 70, 15, 73, 74, 97, 7, 71, 1, 10, 66, 78, 21, 45, 93, 108, 50, 65, 20, 27, 33, 36, 37, 2, 6, 67, 16, 34, 41, 44, 49, 84, 85, 89, 99, 125, 11, 43, 69, 75, 77, 79, 100, 109, 114, 12, 18, 19, 35, 52, 53, 56, 57, 60, 61, 83, 91, 96, 105, 106, 115, 116, 122, 123, 124, 3, 4, 5, 8, 9, 13, 17, 22, 23, 24, 25, 26, 28, 29, 30, 31, 32, 38, 39, 40, 42, 46, 47, 48, 51, 54, 55, 58, 59, 62, 63, 64, 68, 72, 76, 80, 81, 82, 86, 87, 88, 90, 92, 94, 95, 98, 101, 102, 103, 104, 107, 110, 111, 112, 113, 117, 118, 119, 120, 121, 126, 127, 128]",[14]
EXP-XAI-0001,B2:26,MODEL-C2,SINGLE_FEATURE_ABLATION_LOCAL,SINGLE_FEATURE_ABLATION_LOCAL,3,"[14, 70, 15, 73, 74, 97, 7, 71, 1, 10, 66, 78, 21, 45, 93, 108, 50, 65, 20, 27, 33, 36, 37, 2, 6, 67, 16, 34, 41, 44, 49, 84, 85, 89, 99, 125, 11, 43, 69, 75, 77, 79, 100, 109, 114, 12, 18, 19, 35, 52, 53, 56, 57, 60, 61, 83, 91, 96, 105, 106, 115, 116, 122, 123, 124, 3, 4, 5, 8, 9, 13, 17, 22, 23, 24, 25, 26, 28, 29, 30, 31, 32, 38, 39, 40, 42, 46, 47, 48, 51, 54, 55, 58, 59, 62, 63, 64, 68, 72, 76, 80, 81, 82, 86, 87, 88, 90, 92, 94, 95, 98, 101, 102, 103, 104, 107, 110, 111, 112, 113, 117, 118, 119, 120, 121, 126, 127, 128]","[14, 70, 15]"
EXP-XAI-0001,B2:26,MODEL-C2,SINGLE_FEATURE_ABLATION_LOCAL,SINGLE_FEATURE_ABLATION_LOCAL,5,"[14, 70, 15, 73, 74, 97, 7, 71, 1, 10, 66, 78, 21, 45, 93, 108, 50, 65, 20, 27, 33, 36, 37, 2, 6, 67, 16, 34, 41, 44, 49, 84, 85, 89, 99, 125, 11, 43, 69, 75, 77, 79, 100, 109, 114, 12, 18, 19, 35, 52, 53, 56, 57, 60, 61, 83, 91, 96, 105, 106, 115, 116, 122, 123, 124, 3, 4, 5, 8, 9, 13, 17, 22, 23, 24, 25, 26, 28, 29, 30, 31, 32, 38, 39, 40, 42, 46, 47, 48, 51, 54, 55, 58, 59, 62, 63, 64, 68, 72, 76, 80, 81, 82, 86, 87, 88, 90, 92, 94, 95, 98, 101, 102, 103, 104, 107, 110, 111, 112, 113, 117, 118, 119, 120, 121, 126, 127, 128]","[14, 70, 15, 73, 74]"
EXP-XAI-0001,B2:26,MODEL-C2,SINGLE_FEATURE_ABLATION_LOCAL,SINGLE_FEATURE_ABLATION_LOCAL,10,"[14, 70, 15, 73, 74, 97, 7, 71, 1, 10, 66, 78, 21, 45, 93, 108, 50, 65, 20, 27, 33, 36, 37, 2, 6, 67, 16, 34, 41, 44, 49, 84, 85, 89, 99, 125, 11, 43, 69, 75, 77, 79, 100, 109, 114, 12, 18, 19, 35, 52, 53, 56, 57, 60, 61, 83, 91, 96, 105, 106, 115, 116, 122, 123, 124, 3, 4, 5, 8, 9, 13, 17, 22, 23, 24, 25, 26, 28, 29, 30, 31, 32, 38, 39, 40, 42, 46, 47, 48, 51, 54, 55, 58, 59, 62, 63, 64, 68, 72, 76, 80, 81, 82, 86, 87, 88, 90, 92, 94, 95, 98, 101, 102, 103, 104, 107, 110, 111, 112, 113, 117, 118, 119, 120, 121, 126, 127, 128]","[14, 70, 15, 73, 74, 97, 7, 71, 1, 10]"
EXP-XAI-0001,B2:27,MODEL-C2,SINGLE_FEATURE_ABLATION_LOCAL,SINGLE_FEATURE_ABLATION_LOCAL,1,"[1, 14, 70, 15, 74, 97, 71, 7, 66, 73, 17, 21, 45, 93, 113, 10, 65, 78, 20, 27, 33, 36, 49, 85, 89, 108, 5, 34, 37, 41, 60, 84, 94, 99, 109, 124, 125, 9, 67, 69, 77, 2, 3, 11, 12, 16, 19, 35, 43, 44, 50, 52, 53, 56, 57, 61, 75, 79, 81, 83, 91, 100, 101, 105, 106, 115, 116, 122, 123, 4, 6, 8, 13, 18, 22, 23, 24, 25, 26, 28, 29, 30, 31, 32, 38, 39, 40, 42, 46, 47, 48, 51, 54, 55, 58, 59, 62, 63, 64, 68, 72, 76, 80, 82, 86, 87, 88, 90, 92, 95, 96, 98, 102, 103, 104, 107, 110, 111, 112, 114, 117, 118, 119, 120, 121, 126, 127, 128]",[1]
EXP-XAI-0001,B2:27,MODEL-C2,SINGLE_FEATURE_ABLATION_LOCAL,SINGLE_FEATURE_ABLATION_LOCAL,3,"[1, 14, 70, 15, 74, 97, 71, 7, 66, 73, 17, 21, 45, 93, 113, 10, 65, 78, 20, 27, 33, 36, 49, 85, 89, 108, 5, 34, 37, 41, 60, 84, 94, 99, 109, 124, 125, 9, 67, 69, 77, 2, 3, 11, 12, 16, 19, 35, 43, 44, 50, 52, 53, 56, 57, 61, 75, 79, 81, 83, 91, 100, 101, 105, 106, 115, 116, 122, 123, 4, 6, 8, 13, 18, 22, 23, 24, 25, 26, 28, 29, 30, 31, 32, 38, 39, 40, 42, 46, 47, 48, 51, 54, 55, 58, 59, 62, 63, 64, 68, 72, 76, 80, 82, 86, 87, 88, 90, 92, 95, 96, 98, 102, 103, 104, 107, 110, 111, 112, 114, 117, 118, 119, 120, 121, 126, 127, 128]","[1, 14, 70]"
EXP-XAI-0001,B2:27,MODEL-C2,SINGLE_FEATURE_ABLATION_LOCAL,SINGLE_FEATURE_ABLATION_LOCAL,5,"[1, 14, 70, 15, 74, 97, 71, 7, 66, 73, 17, 21, 45, 93, 113, 10, 65, 78, 20, 27, 33, 36, 49, 85, 89, 108, 5, 34, 37, 41, 60, 84, 94, 99, 109, 124, 125, 9, 67, 69, 77, 2, 3, 11, 12, 16, 19, 35, 43, 44, 50, 52, 53, 56, 57, 61, 75, 79, 81, 83, 91, 100, 101, 105, 106, 115, 116, 122, 123, 4, 6, 8, 13, 18, 22, 23, 24, 25, 26, 28, 29, 30, 31, 32, 38, 39, 40, 42, 46, 47, 48, 51, 54, 55, 58, 59, 62, 63, 64, 68, 72, 76, 80, 82, 86, 87, 88, 90, 92, 95, 96, 98, 102, 103, 104, 107, 110, 111, 112, 114, 117, 118, 119, 120, 121, 126, 127, 128]","[1, 14, 70, 15, 74]"
EXP-XAI-0001,B2:27,MODEL-C2,SINGLE_FEATURE_ABLATION_LOCAL,SINGLE_FEATURE_ABLATION_LOCAL,10,"[1, 14, 70, 15, 74, 97, 71, 7, 66, 73, 17, 21, 45, 93, 113, 10, 65, 78, 20, 27, 33, 36, 49, 85, 89, 108, 5, 34, 37, 41, 60, 84, 94, 99, 109, 124, 125, 9, 67, 69, 77, 2, 3, 11, 12, 16, 19, 35, 43, 44, 50, 52, 53, 56, 57, 61, 75, 79, 81, 83, 91, 100, 101, 105, 106, 115, 116, 122, 123, 4, 6, 8, 13, 18, 22, 23, 24, 25, 26, 28, 29, 30, 31, 32, 38, 39, 40, 42, 46, 47, 48, 51, 54, 55, 58, 59, 62, 63, 64, 68, 72, 76, 80, 82, 86, 87, 88, 90, 92, 95, 96, 98, 102, 103, 104, 107, 110, 111, 112, 114, 117, 118, 119, 120, 121, 126, 127, 128]","[1, 14, 70, 15, 74, 97, 71, 7, 66, 73]"
EXP-XAI-0001,B2:40,MODEL-C2,SINGLE_FEATURE_ABLATION_LOCAL,SINGLE_FEATURE_ABLATION_LOCAL,1,"[70, 14, 15, 73, 71, 74, 97, 7, 1, 10, 65, 66, 78, 21, 45, 93, 108, 20, 27, 33, 36, 37, 2, 6, 50, 67, 16, 17, 34, 41, 44, 49, 84, 85, 89, 94, 99, 125, 11, 12, 18, 19, 35, 43, 52, 53, 56, 57, 60, 61, 69, 75, 77, 79, 83, 91, 96, 100, 101, 105, 106, 114, 115, 116, 122, 123, 124, 3, 4, 5, 8, 9, 13, 22, 23, 24, 25, 26, 28, 29, 30, 31, 32, 38, 39, 40, 42, 46, 47, 48, 51, 54, 55, 58, 59, 62, 63, 64, 68, 72, 76, 80, 81, 82, 86, 87, 88, 90, 92, 95, 98, 102, 103, 104, 107, 109, 110, 111, 112, 113, 117, 118, 119, 120, 121, 126, 127, 128]",[70]
EXP-XAI-0001,B2:40,MODEL-C2,SINGLE_FEATURE_ABLATION_LOCAL,SINGLE_FEATURE_ABLATION_LOCAL,3,"[70, 14, 15, 73, 71, 74, 97, 7, 1, 10, 65, 66, 78, 21, 45, 93, 108, 20, 27, 33, 36, 37, 2, 6, 50, 67, 16, 17, 34, 41, 44, 49, 84, 85, 89, 94, 99, 125, 11, 12, 18, 19, 35, 43, 52, 53, 56, 57, 60, 61, 69, 75, 77, 79, 83, 91, 96, 100, 101, 105, 106, 114, 115, 116, 122, 123, 124, 3, 4, 5, 8, 9, 13, 22, 23, 24, 25, 26, 28, 29, 30, 31, 32, 38, 39, 40, 42, 46, 47, 48, 51, 54, 55, 58, 59, 62, 63, 64, 68, 72, 76, 80, 81, 82, 86, 87, 88, 90, 92, 95, 98, 102, 103, 104, 107, 109, 110, 111, 112, 113, 117, 118, 119, 120, 121, 126, 127, 128]","[70, 14, 15]"
EXP-XAI-0001,B2:40,MODEL-C2,SINGLE_FEATURE_ABLATION_LOCAL,SINGLE_FEATURE_ABLATION_LOCAL,5,"[70, 14, 15, 73, 71, 74, 97, 7, 1, 10, 65, 66, 78, 21, 45, 93, 108, 20, 27, 33, 36, 37, 2, 6, 50, 67, 16, 17, 34, 41, 44, 49, 84, 85, 89, 94, 99, 125, 11, 12, 18, 19, 35, 43, 52, 53, 56, 57, 60, 61, 69, 75, 77, 79, 83, 91, 96, 100, 101, 105, 106, 114, 115, 116, 122, 123, 124, 3, 4, 5, 8, 9, 13, 22, 23, 24, 25, 26, 28, 29, 30, 31, 32, 38, 39, 40, 42, 46, 47, 48, 51, 54, 55, 58, 59, 62, 63, 64, 68, 72, 76, 80, 81, 82, 86, 87, 88, 90, 92, 95, 98, 102, 103, 104, 107, 109, 110, 111, 112, 113, 117, 118, 119, 120, 121, 126, 127, 128]","[70, 14, 15, 73, 71]"
EXP-XAI-0001,B2:40,MODEL-C2,SINGLE_FEATURE_ABLATION_LOCAL,SINGLE_FEATURE_ABLATION_LOCAL,10,"[70, 14, 15, 73, 71, 74, 97, 7, 1, 10, 65, 66, 78, 21, 45, 93, 108, 20, 27, 33, 36, 37, 2, 6, 50, 67, 16, 17, 34, 41, 44, 49, 84, 85, 89, 94, 99, 125, 11, 12, 18, 19, 35, 43, 52, 53, 56, 57, 60, 61, 69, 75, 77, 79, 83, 91, 96, 100, 101, 105, 106, 114, 115, 116, 122, 123, 124, 3, 4, 5, 8, 9, 13, 22, 23, 24, 25, 26, 28, 29, 30, 31, 32, 38, 39, 40, 42, 46, 47, 48, 51, 54, 55, 58, 59, 62, 63, 64, 68, 72, 76, 80, 81, 82, 86, 87, 88, 90, 92, 95, 98, 102, 103, 104, 107, 109, 110, 111, 112, 113, 117, 118, 119, 120, 121, 126, 127, 128]","[70, 14, 15, 73, 71, 74, 97, 7, 1, 10]"
EXP-XAI-0001,B2:70,MODEL-C2,SINGLE_FEATURE_ABLATION_LOCAL,SINGLE_FEATURE_ABLATION_LOCAL,1,"[79, 1, 9, 73, 2, 7, 6, 8, 14, 65, 78, 3, 15, 71, 70, 80, 11, 16, 69, 77, 62, 126, 4, 13, 22, 23, 72, 75, 83, 5, 10, 12, 19, 20, 26, 28, 30, 31, 52, 63, 66, 67, 68, 76, 82, 87, 101, 118, 120, 17, 18, 21, 24, 25, 27, 29, 32, 33, 34, 35, 36, 37, 38, 39, 40, 41, 42, 43, 44, 45, 46, 47, 48, 49, 50, 51, 53, 54, 55, 56, 57, 58, 59, 60, 61, 64, 74, 81, 84, 85, 86, 88, 89, 90, 91, 92, 93, 94, 95, 96, 97, 98, 99, 100, 102, 103, 104, 105, 106, 107, 108, 109, 110, 111, 112, 113, 114, 115, 116, 117, 119, 121, 122, 123, 124, 125, 127, 128]",[79]
EXP-XAI-0001,B2:70,MODEL-C2,SINGLE_FEATURE_ABLATION_LOCAL,SINGLE_FEATURE_ABLATION_LOCAL,3,"[79, 1, 9, 73, 2, 7, 6, 8, 14, 65, 78, 3, 15, 71, 70, 80, 11, 16, 69, 77, 62, 126, 4, 13, 22, 23, 72, 75, 83, 5, 10, 12, 19, 20, 26, 28, 30, 31, 52, 63, 66, 67, 68, 76, 82, 87, 101, 118, 120, 17, 18, 21, 24, 25, 27, 29, 32, 33, 34, 35, 36, 37, 38, 39, 40, 41, 42, 43, 44, 45, 46, 47, 48, 49, 50, 51, 53, 54, 55, 56, 57, 58, 59, 60, 61, 64, 74, 81, 84, 85, 86, 88, 89, 90, 91, 92, 93, 94, 95, 96, 97, 98, 99, 100, 102, 103, 104, 105, 106, 107, 108, 109, 110, 111, 112, 113, 114, 115, 116, 117, 119, 121, 122, 123, 124, 125, 127, 128]","[79, 1, 9]"
EXP-XAI-0001,B2:70,MODEL-C2,SINGLE_FEATURE_ABLATION_LOCAL,SINGLE_FEATURE_ABLATION_LOCAL,5,"[79, 1, 9, 73, 2, 7, 6, 8, 14, 65, 78, 3, 15, 71, 70, 80, 11, 16, 69, 77, 62, 126, 4, 13, 22, 23, 72, 75, 83, 5, 10, 12, 19, 20, 26, 28, 30, 31, 52, 63, 66, 67, 68, 76, 82, 87, 101, 118, 120, 17, 18, 21, 24, 25, 27, 29, 32, 33, 34, 35, 36, 37, 38, 39, 40, 41, 42, 43, 44, 45, 46, 47, 48, 49, 50, 51, 53, 54, 55, 56, 57, 58, 59, 60, 61, 64, 74, 81, 84, 85, 86, 88, 89, 90, 91, 92, 93, 94, 95, 96, 97, 98, 99, 100, 102, 103, 104, 105, 106, 107, 108, 109, 110, 111, 112, 113, 114, 115, 116, 117, 119, 121, 122, 123, 124, 125, 127, 128]","[79, 1, 9, 73, 2]"
EXP-XAI-0001,B2:70,MODEL-C2,SINGLE_FEATURE_ABLATION_LOCAL,SINGLE_FEATURE_ABLATION_LOCAL,10,"[79, 1, 9, 73, 2, 7, 6, 8, 14, 65, 78, 3, 15, 71, 70, 80, 11, 16, 69, 77, 62, 126, 4, 13, 22, 23, 72, 75, 83, 5, 10, 12, 19, 20, 26, 28, 30, 31, 52, 63, 66, 67, 68, 76, 82, 87, 101, 118, 120, 17, 18, 21, 24, 25, 27, 29, 32, 33, 34, 35, 36, 37, 38, 39, 40, 41, 42, 43, 44, 45, 46, 47, 48, 49, 50, 51, 53, 54, 55, 56, 57, 58, 59, 60, 61, 64, 74, 81, 84, 85, 86, 88, 89, 90, 91, 92, 93, 94, 95, 96, 97, 98, 99, 100, 102, 103, 104, 105, 106, 107, 108, 109, 110, 111, 112, 113, 114, 115, 116, 117, 119, 121, 122, 123, 124, 125, 127, 128]","[79, 1, 9, 73, 2, 7, 6, 8, 14, 65]"
EXP-XAI-0001,B2:71,MODEL-C2,SINGLE_FEATURE_ABLATION_LOCAL,SINGLE_FEATURE_ABLATION_LOCAL,1,"[1, 79, 9, 73, 6, 7, 8, 14, 65, 3, 78, 15, 71, 70, 16, 77, 80, 2, 11, 69, 4, 13, 23, 62, 72, 75, 82, 83, 126, 5, 10, 12, 19, 20, 22, 24, 26, 28, 30, 31, 52, 63, 67, 68, 76, 87, 101, 116, 118, 120, 17, 18, 21, 25, 27, 29, 32, 33, 34, 35, 36, 37, 38, 39, 40, 41, 42, 43, 44, 45, 46, 47, 48, 49, 50, 51, 53, 54, 55, 56, 57, 58, 59, 60, 61, 64, 66, 74, 81, 84, 85, 86, 88, 89, 90, 91, 92, 93, 94, 95, 96, 97, 98, 99, 100, 102, 103, 104, 105, 106, 107, 108, 109, 110, 111, 112, 113, 114, 115, 117, 119, 121, 122, 123, 124, 125, 127, 128]",[1]
EXP-XAI-0001,B2:71,MODEL-C2,SINGLE_FEATURE_ABLATION_LOCAL,SINGLE_FEATURE_ABLATION_LOCAL,3,"[1, 79, 9, 73, 6, 7, 8, 14, 65, 3, 78, 15, 71, 70, 16, 77, 80, 2, 11, 69, 4, 13, 23, 62, 72, 75, 82, 83, 126, 5, 10, 12, 19, 20, 22, 24, 26, 28, 30, 31, 52, 63, 67, 68, 76, 87, 101, 116, 118, 120, 17, 18, 21, 25, 27, 29, 32, 33, 34, 35, 36, 37, 38, 39, 40, 41, 42, 43, 44, 45, 46, 47, 48, 49, 50, 51, 53, 54, 55, 56, 57, 58, 59, 60, 61, 64, 66, 74, 81, 84, 85, 86, 88, 89, 90, 91, 92, 93, 94, 95, 96, 97, 98, 99, 100, 102, 103, 104, 105, 106, 107, 108, 109, 110, 111, 112, 113, 114, 115, 117, 119, 121, 122, 123, 124, 125, 127, 128]","[1, 79, 9]"
EXP-XAI-0001,B2:71,MODEL-C2,SINGLE_FEATURE_ABLATION_LOCAL,SINGLE_FEATURE_ABLATION_LOCAL,5,"[1, 79, 9, 73, 6, 7, 8, 14, 65, 3, 78, 15, 71, 70, 16, 77, 80, 2, 11, 69, 4, 13, 23, 62, 72, 75, 82, 83, 126, 5, 10, 12, 19, 20, 22, 24, 26, 28, 30, 31, 52, 63, 67, 68, 76, 87, 101, 116, 118, 120, 17, 18, 21, 25, 27, 29, 32, 33, 34, 35, 36, 37, 38, 39, 40, 41, 42, 43, 44, 45, 46, 47, 48, 49, 50, 51, 53, 54, 55, 56, 57, 58, 59, 60, 61, 64, 66, 74, 81, 84, 85, 86, 88, 89, 90, 91, 92, 93, 94, 95, 96, 97, 98, 99, 100, 102, 103, 104, 105, 106, 107, 108, 109, 110, 111, 112, 113, 114, 115, 117, 119, 121, 122, 123, 124, 125, 127, 128]","[1, 79, 9, 73, 6]"
EXP-XAI-0001,B2:71,MODEL-C2,SINGLE_FEATURE_ABLATION_LOCAL,SINGLE_FEATURE_ABLATION_LOCAL,10,"[1, 79, 9, 73, 6, 7, 8, 14, 65, 3, 78, 15, 71, 70, 16, 77, 80, 2, 11, 69, 4, 13, 23, 62, 72, 75, 82, 83, 126, 5, 10, 12, 19, 20, 22, 24, 26, 28, 30, 31, 52, 63, 67, 68, 76, 87, 101, 116, 118, 120, 17, 18, 21, 25, 27, 29, 32, 33, 34, 35, 36, 37, 38, 39, 40, 41, 42, 43, 44, 45, 46, 47, 48, 49, 50, 51, 53, 54, 55, 56, 57, 58, 59, 60, 61, 64, 66, 74, 81, 84, 85, 86, 88, 89, 90, 91, 92, 93, 94, 95, 96, 97, 98, 99, 100, 102, 103, 104, 105, 106, 107, 108, 109, 110, 111, 112, 113, 114, 115, 117, 119, 121, 122, 123, 124, 125, 127, 128]","[1, 79, 9, 73, 6, 7, 8, 14, 65, 3]"
EXP-XAI-0001,B2:211,MODEL-C2,SINGLE_FEATURE_ABLATION_LOCAL,SINGLE_FEATURE_ABLATION_LOCAL,1,"[20, 72, 2, 86, 71, 10, 29, 61, 66, 19, 28, 84, 115, 4, 12, 16, 27, 30, 35, 59, 70, 74, 79, 81, 99, 101, 117, 5, 7, 11, 14, 25, 36, 51, 53, 54, 62, 67, 68, 83, 100, 104, 116, 122, 123, 3, 6, 15, 52, 57, 69, 77, 78, 80, 85, 87, 91, 93, 107, 108, 114, 118, 121, 124, 126, 8, 13, 18, 21, 24, 31, 33, 34, 39, 40, 41, 46, 47, 48, 50, 58, 60, 63, 64, 82, 89, 90, 92, 94, 96, 97, 98, 105, 106, 112, 113, 1, 9, 17, 22, 23, 26, 32, 37, 38, 42, 43, 44, 45, 49, 55, 56, 65, 73, 75, 76, 88, 95, 102, 103, 109, 110, 111, 119, 120, 125, 127, 128]",[20]
EXP-XAI-0001,B2:211,MODEL-C2,SINGLE_FEATURE_ABLATION_LOCAL,SINGLE_FEATURE_ABLATION_LOCAL,3,"[20, 72, 2, 86, 71, 10, 29, 61, 66, 19, 28, 84, 115, 4, 12, 16, 27, 30, 35, 59, 70, 74, 79, 81, 99, 101, 117, 5, 7, 11, 14, 25, 36, 51, 53, 54, 62, 67, 68, 83, 100, 104, 116, 122, 123, 3, 6, 15, 52, 57, 69, 77, 78, 80, 85, 87, 91, 93, 107, 108, 114, 118, 121, 124, 126, 8, 13, 18, 21, 24, 31, 33, 34, 39, 40, 41, 46, 47, 48, 50, 58, 60, 63, 64, 82, 89, 90, 92, 94, 96, 97, 98, 105, 106, 112, 113, 1, 9, 17, 22, 23, 26, 32, 37, 38, 42, 43, 44, 45, 49, 55, 56, 65, 73, 75, 76, 88, 95, 102, 103, 109, 110, 111, 119, 120, 125, 127, 128]","[20, 72, 2]"
EXP-XAI-0001,B2:211,MODEL-C2,SINGLE_FEATURE_ABLATION_LOCAL,SINGLE_FEATURE_ABLATION_LOCAL,5,"[20, 72, 2, 86, 71, 10, 29, 61, 66, 19, 28, 84, 115, 4, 12, 16, 27, 30, 35, 59, 70, 74, 79, 81, 99, 101, 117, 5, 7, 11, 14, 25, 36, 51, 53, 54, 62, 67, 68, 83, 100, 104, 116, 122, 123, 3, 6, 15, 52, 57, 69, 77, 78, 80, 85, 87, 91, 93, 107, 108, 114, 118, 121, 124, 126, 8, 13, 18, 21, 24, 31, 33, 34, 39, 40, 41, 46, 47, 48, 50, 58, 60, 63, 64, 82, 89, 90, 92, 94, 96, 97, 98, 105, 106, 112, 113, 1, 9, 17, 22, 23, 26, 32, 37, 38, 42, 43, 44, 45, 49, 55, 56, 65, 73, 75, 76, 88, 95, 102, 103, 109, 110, 111, 119, 120, 125, 127, 128]","[20, 72, 2, 86, 71]"
EXP-XAI-0001,B2:211,MODEL-C2,SINGLE_FEATURE_ABLATION_LOCAL,SINGLE_FEATURE_ABLATION_LOCAL,10,"[20, 72, 2, 86, 71, 10, 29, 61, 66, 19, 28, 84, 115, 4, 12, 16, 27, 30, 35, 59, 70, 74, 79, 81, 99, 101, 117, 5, 7, 11, 14, 25, 36, 51, 53, 54, 62, 67, 68, 83, 100, 104, 116, 122, 123, 3, 6, 15, 52, 57, 69, 77, 78, 80, 85, 87, 91, 93, 107, 108, 114, 118, 121, 124, 126, 8, 13, 18, 21, 24, 31, 33, 34, 39, 40, 41, 46, 47, 48, 50, 58, 60, 63, 64, 82, 89, 90, 92, 94, 96, 97, 98, 105, 106, 112, 113, 1, 9, 17, 22, 23, 26, 32, 37, 38, 42, 43, 44, 45, 49, 55, 56, 65, 73, 75, 76, 88, 95, 102, 103, 109, 110, 111, 119, 120, 125, 127, 128]","[20, 72, 2, 86, 71, 10, 29, 61, 66, 19]"
EXP-XAI-0001,B2:212,MODEL-C2,SINGLE_FEATURE_ABLATION_LOCAL,SINGLE_FEATURE_ABLATION_LOCAL,1,"[2, 20, 66, 10, 86, 12, 84, 4, 30, 53, 74, 83, 107, 116, 117, 19, 54, 59, 68, 99, 113, 122, 5, 16, 21, 22, 27, 28, 29, 49, 76, 81, 17, 25, 35, 60, 61, 62, 67, 77, 85, 91, 104, 115, 123, 124, 3, 13, 40, 41, 45, 51, 72, 75, 80, 92, 101, 108, 125, 6, 7, 14, 36, 39, 46, 48, 50, 52, 55, 57, 58, 63, 64, 69, 71, 87, 94, 96, 100, 102, 106, 119, 121, 126, 127, 1, 8, 9, 11, 15, 18, 23, 24, 26, 31, 32, 33, 34, 37, 38, 42, 43, 44, 47, 56, 65, 70, 73, 78, 79, 82, 88, 89, 90, 93, 95, 97, 98, 103, 105, 109, 110, 111, 112, 114, 118, 120, 128]",[2]
EXP-XAI-0001,B2:212,MODEL-C2,SINGLE_FEATURE_ABLATION_LOCAL,SINGLE_FEATURE_ABLATION_LOCAL,3,"[2, 20, 66, 10, 86, 12, 84, 4, 30, 53, 74, 83, 107, 116, 117, 19, 54, 59, 68, 99, 113, 122, 5, 16, 21, 22, 27, 28, 29, 49, 76, 81, 17, 25, 35, 60, 61, 62, 67, 77, 85, 91, 104, 115, 123, 124, 3, 13, 40, 41, 45, 51, 72, 75, 80, 92, 101, 108, 125, 6, 7, 14, 36, 39, 46, 48, 50, 52, 55, 57, 58, 63, 64, 69, 71, 87, 94, 96, 100, 102, 106, 119, 121, 126, 127, 1, 8, 9, 11, 15, 18, 23, 24, 26, 31, 32, 33, 34, 37, 38, 42, 43, 44, 47, 56, 65, 70, 73, 78, 79, 82, 88, 89, 90, 93, 95, 97, 98, 103, 105, 109, 110, 111, 112, 114, 118, 120, 128]","[2, 20, 66]"
EXP-XAI-0001,B2:212,MODEL-C2,SINGLE_FEATURE_ABLATION_LOCAL,SINGLE_FEATURE_ABLATION_LOCAL,5,"[2, 20, 66, 10, 86, 12, 84, 4, 30, 53, 74, 83, 107, 116, 117, 19, 54, 59, 68, 99, 113, 122, 5, 16, 21, 22, 27, 28, 29, 49, 76, 81, 17, 25, 35, 60, 61, 62, 67, 77, 85, 91, 104, 115, 123, 124, 3, 13, 40, 41, 45, 51, 72, 75, 80, 92, 101, 108, 125, 6, 7, 14, 36, 39, 46, 48, 50, 52, 55, 57, 58, 63, 64, 69, 71, 87, 94, 96, 100, 102, 106, 119, 121, 126, 127, 1, 8, 9, 11, 15, 18, 23, 24, 26, 31, 32, 33, 34, 37, 38, 42, 43, 44, 47, 56, 65, 70, 73, 78, 79, 82, 88, 89, 90, 93, 95, 97, 98, 103, 105, 109, 110, 111, 112, 114, 118, 120, 128]","[2, 20, 66, 10, 86]"
EXP-XAI-0001,B2:212,MODEL-C2,SINGLE_FEATURE_ABLATION_LOCAL,SINGLE_FEATURE_ABLATION_LOCAL,10,"[2, 20, 66, 10, 86, 12, 84, 4, 30, 53, 74, 83, 107, 116, 117, 19, 54, 59, 68, 99, 113, 122, 5, 16, 21, 22, 27, 28, 29, 49, 76, 81, 17, 25, 35, 60, 61, 62, 67, 77, 85, 91, 104, 115, 123, 124, 3, 13, 40, 41, 45, 51, 72, 75, 80, 92, 101, 108, 125, 6, 7, 14, 36, 39, 46, 48, 50, 52, 55, 57, 58, 63, 64, 69, 71, 87, 94, 96, 100, 102, 106, 119, 121, 126, 127, 1, 8, 9, 11, 15, 18, 23, 24, 26, 31, 32, 33, 34, 37, 38, 42, 43, 44, 47, 56, 65, 70, 73, 78, 79, 82, 88, 89, 90, 93, 95, 97, 98, 103, 105, 109, 110, 111, 112, 114, 118, 120, 128]","[2, 20, 66, 10, 86, 12, 84, 4, 30, 53]"
EXP-XAI-0001,B2:473,MODEL-C2,SINGLE_FEATURE_ABLATION_LOCAL,SINGLE_FEATURE_ABLATION_LOCAL,1,"[84, 28, 86, 20, 25, 17, 22, 30, 19, 59, 57, 61, 65, 69, 83, 88, 117, 2, 4, 6, 41, 53, 54, 74, 113, 116, 118, 8, 10, 18, 23, 24, 27, 32, 40, 46, 47, 48, 51, 55, 56, 62, 67, 75, 77, 81, 87, 96, 98, 104, 105, 109, 122, 1, 3, 5, 7, 9, 11, 12, 13, 14, 15, 16, 21, 26, 29, 31, 33, 34, 35, 36, 37, 38, 39, 42, 43, 44, 45, 49, 50, 52, 58, 60, 63, 64, 66, 68, 70, 71, 72, 73, 76, 78, 79, 80, 82, 85, 89, 90, 91, 92, 93, 94, 95, 97, 99, 100, 101, 102, 103, 106, 107, 108, 110, 111, 112, 114, 115, 119, 120, 121, 123, 124, 125, 126, 127, 128]",[84]
EXP-XAI-0001,B2:473,MODEL-C2,SINGLE_FEATURE_ABLATION_LOCAL,SINGLE_FEATURE_ABLATION_LOCAL,3,"[84, 28, 86, 20, 25, 17, 22, 30, 19, 59, 57, 61, 65, 69, 83, 88, 117, 2, 4, 6, 41, 53, 54, 74, 113, 116, 118, 8, 10, 18, 23, 24, 27, 32, 40, 46, 47, 48, 51, 55, 56, 62, 67, 75, 77, 81, 87, 96, 98, 104, 105, 109, 122, 1, 3, 5, 7, 9, 11, 12, 13, 14, 15, 16, 21, 26, 29, 31, 33, 34, 35, 36, 37, 38, 39, 42, 43, 44, 45, 49, 50, 52, 58, 60, 63, 64, 66, 68, 70, 71, 72, 73, 76, 78, 79, 80, 82, 85, 89, 90, 91, 92, 93, 94, 95, 97, 99, 100, 101, 102, 103, 106, 107, 108, 110, 111, 112, 114, 115, 119, 120, 121, 123, 124, 125, 126, 127, 128]","[84, 28, 86]"
EXP-XAI-0001,B2:473,MODEL-C2,SINGLE_FEATURE_ABLATION_LOCAL,SINGLE_FEATURE_ABLATION_LOCAL,5,"[84, 28, 86, 20, 25, 17, 22, 30, 19, 59, 57, 61, 65, 69, 83, 88, 117, 2, 4, 6, 41, 53, 54, 74, 113, 116, 118, 8, 10, 18, 23, 24, 27, 32, 40, 46, 47, 48, 51, 55, 56, 62, 67, 75, 77, 81, 87, 96, 98, 104, 105, 109, 122, 1, 3, 5, 7, 9, 11, 12, 13, 14, 15, 16, 21, 26, 29, 31, 33, 34, 35, 36, 37, 38, 39, 42, 43, 44, 45, 49, 50, 52, 58, 60, 63, 64, 66, 68, 70, 71, 72, 73, 76, 78, 79, 80, 82, 85, 89, 90, 91, 92, 93, 94, 95, 97, 99, 100, 101, 102, 103, 106, 107, 108, 110, 111, 112, 114, 115, 119, 120, 121, 123, 124, 125, 126, 127, 128]","[84, 28, 86, 20, 25]"
EXP-XAI-0001,B2:473,MODEL-C2,SINGLE_FEATURE_ABLATION_LOCAL,SINGLE_FEATURE_ABLATION_LOCAL,10,"[84, 28, 86, 20, 25, 17, 22, 30, 19, 59, 57, 61, 65, 69, 83, 88, 117, 2, 4, 6, 41, 53, 54, 74, 113, 116, 118, 8, 10, 18, 23, 24, 27, 32, 40, 46, 47, 48, 51, 55, 56, 62, 67, 75, 77, 81, 87, 96, 98, 104, 105, 109, 122, 1, 3, 5, 7, 9, 11, 12, 13, 14, 15, 16, 21, 26, 29, 31, 33, 34, 35, 36, 37, 38, 39, 42, 43, 44, 45, 49, 50, 52, 58, 60, 63, 64, 66, 68, 70, 71, 72, 73, 76, 78, 79, 80, 82, 85, 89, 90, 91, 92, 93, 94, 95, 97, 99, 100, 101, 102, 103, 106, 107, 108, 110, 111, 112, 114, 115, 119, 120, 121, 123, 124, 125, 126, 127, 128]","[84, 28, 86, 20, 25, 17, 22, 30, 19, 59]"
EXP-XAI-0001,B2:474,MODEL-C2,SINGLE_FEATURE_ABLATION_LOCAL,SINGLE_FEATURE_ABLATION_LOCAL,1,"[66, 10, 84, 74, 20, 85, 86, 17, 25, 81, 16, 19, 22, 30, 28, 57, 65, 83, 62, 80, 21, 54, 59, 61, 2, 49, 116, 23, 27, 29, 41, 42, 48, 53, 72, 117, 118, 125, 4, 6, 13, 31, 40, 46, 51, 55, 69, 87, 122, 124, 1, 3, 5, 7, 8, 9, 11, 12, 14, 15, 18, 24, 26, 32, 33, 34, 35, 36, 37, 38, 39, 43, 44, 45, 47, 50, 52, 56, 58, 60, 63, 64, 67, 68, 70, 71, 73, 75, 76, 77, 78, 79, 82, 88, 89, 90, 91, 92, 93, 94, 95, 96, 97, 98, 99, 100, 101, 102, 103, 104, 105, 106, 107, 108, 109, 110, 111, 112, 113, 114, 115, 119, 120, 121, 123, 126, 127, 128]",[66]
EXP-XAI-0001,B2:474,MODEL-C2,SINGLE_FEATURE_ABLATION_LOCAL,SINGLE_FEATURE_ABLATION_LOCAL,3,"[66, 10, 84, 74, 20, 85, 86, 17, 25, 81, 16, 19, 22, 30, 28, 57, 65, 83, 62, 80, 21, 54, 59, 61, 2, 49, 116, 23, 27, 29, 41, 42, 48, 53, 72, 117, 118, 125, 4, 6, 13, 31, 40, 46, 51, 55, 69, 87, 122, 124, 1, 3, 5, 7, 8, 9, 11, 12, 14, 15, 18, 24, 26, 32, 33, 34, 35, 36, 37, 38, 39, 43, 44, 45, 47, 50, 52, 56, 58, 60, 63, 64, 67, 68, 70, 71, 73, 75, 76, 77, 78, 79, 82, 88, 89, 90, 91, 92, 93, 94, 95, 96, 97, 98, 99, 100, 101, 102, 103, 104, 105, 106, 107, 108, 109, 110, 111, 112, 113, 114, 115, 119, 120, 121, 123, 126, 127, 128]","[66, 10, 84]"
EXP-XAI-0001,B2:474,MODEL-C2,SINGLE_FEATURE_ABLATION_LOCAL,SINGLE_FEATURE_ABLATION_LOCAL,5,"[66, 10, 84, 74, 20, 85, 86, 17, 25, 81, 16, 19, 22, 30, 28, 57, 65, 83, 62, 80, 21, 54, 59, 61, 2, 49, 116, 23, 27, 29, 41, 42, 48, 53, 72, 117, 118, 125, 4, 6, 13, 31, 40, 46, 51, 55, 69, 87, 122, 124, 1, 3, 5, 7, 8, 9, 11, 12, 14, 15, 18, 24, 26, 32, 33, 34, 35, 36, 37, 38, 39, 43, 44, 45, 47, 50, 52, 56, 58, 60, 63, 64, 67, 68, 70, 71, 73, 75, 76, 77, 78, 79, 82, 88, 89, 90, 91, 92, 93, 94, 95, 96, 97, 98, 99, 100, 101, 102, 103, 104, 105, 106, 107, 108, 109, 110, 111, 112, 113, 114, 115, 119, 120, 121, 123, 126, 127, 128]","[66, 10, 84, 74, 20]"
EXP-XAI-0001,B2:474,MODEL-C2,SINGLE_FEATURE_ABLATION_LOCAL,SINGLE_FEATURE_ABLATION_LOCAL,10,"[66, 10, 84, 74, 20, 85, 86, 17, 25, 81, 16, 19, 22, 30, 28, 57, 65, 83, 62, 80, 21, 54, 59, 61, 2, 49, 116, 23, 27, 29, 41, 42, 48, 53, 72, 117, 118, 125, 4, 6, 13, 31, 40, 46, 51, 55, 69, 87, 122, 124, 1, 3, 5, 7, 8, 9, 11, 12, 14, 15, 18, 24, 26, 32, 33, 34, 35, 36, 37, 38, 39, 43, 44, 45, 47, 50, 52, 56, 58, 60, 63, 64, 67, 68, 70, 71, 73, 75, 76, 77, 78, 79, 82, 88, 89, 90, 91, 92, 93, 94, 95, 96, 97, 98, 99, 100, 101, 102, 103, 104, 105, 106, 107, 108, 109, 110, 111, 112, 113, 114, 115, 119, 120, 121, 123, 126, 127, 128]","[66, 10, 84, 74, 20, 85, 86, 17, 25, 81]"
EXP-XAI-0001,B2:514,MODEL-C2,SINGLE_FEATURE_ABLATION_LOCAL,SINGLE_FEATURE_ABLATION_LOCAL,1,"[58, 50, 114, 122, 79, 1, 65, 73, 18, 9, 8, 6, 78, 55, 33, 71, 97, 107, 3, 7, 26, 41, 68, 72, 2, 4, 5, 11, 14, 16, 23, 28, 43, 52, 54, 69, 70, 75, 77, 82, 86, 90, 109, 120, 10, 12, 13, 15, 17, 19, 20, 21, 22, 24, 25, 27, 29, 30, 31, 32, 34, 35, 36, 37, 38, 39, 40, 42, 44, 45, 46, 47, 48, 49, 51, 53, 56, 57, 59, 60, 61, 62, 63, 64, 66, 67, 74, 76, 80, 81, 83, 84, 85, 87, 88, 89, 91, 92, 93, 94, 95, 96, 98, 99, 100, 101, 102, 103, 104, 105, 106, 108, 110, 111, 112, 113, 115, 116, 117, 118, 119, 121, 123, 124, 125, 126, 127, 128]",[58]
EXP-XAI-0001,B2:514,MODEL-C2,SINGLE_FEATURE_ABLATION_LOCAL,SINGLE_FEATURE_ABLATION_LOCAL,3,"[58, 50, 114, 122, 79, 1, 65, 73, 18, 9, 8, 6, 78, 55, 33, 71, 97, 107, 3, 7, 26, 41, 68, 72, 2, 4, 5, 11, 14, 16, 23, 28, 43, 52, 54, 69, 70, 75, 77, 82, 86, 90, 109, 120, 10, 12, 13, 15, 17, 19, 20, 21, 22, 24, 25, 27, 29, 30, 31, 32, 34, 35, 36, 37, 38, 39, 40, 42, 44, 45, 46, 47, 48, 49, 51, 53, 56, 57, 59, 60, 61, 62, 63, 64, 66, 67, 74, 76, 80, 81, 83, 84, 85, 87, 88, 89, 91, 92, 93, 94, 95, 96, 98, 99, 100, 101, 102, 103, 104, 105, 106, 108, 110, 111, 112, 113, 115, 116, 117, 118, 119, 121, 123, 124, 125, 126, 127, 128]","[58, 50, 114]"
EXP-XAI-0001,B2:514,MODEL-C2,SINGLE_FEATURE_ABLATION_LOCAL,SINGLE_FEATURE_ABLATION_LOCAL,5,"[58, 50, 114, 122, 79, 1, 65, 73, 18, 9, 8, 6, 78, 55, 33, 71, 97, 107, 3, 7, 26, 41, 68, 72, 2, 4, 5, 11, 14, 16, 23, 28, 43, 52, 54, 69, 70, 75, 77, 82, 86, 90, 109, 120, 10, 12, 13, 15, 17, 19, 20, 21, 22, 24, 25, 27, 29, 30, 31, 32, 34, 35, 36, 37, 38, 39, 40, 42, 44, 45, 46, 47, 48, 49, 51, 53, 56, 57, 59, 60, 61, 62, 63, 64, 66, 67, 74, 76, 80, 81, 83, 84, 85, 87, 88, 89, 91, 92, 93, 94, 95, 96, 98, 99, 100, 101, 102, 103, 104, 105, 106, 108, 110, 111, 112, 113, 115, 116, 117, 118, 119, 121, 123, 124, 125, 126, 127, 128]","[58, 50, 114, 122, 79]"
EXP-XAI-0001,B2:514,MODEL-C2,SINGLE_FEATURE_ABLATION_LOCAL,SINGLE_FEATURE_ABLATION_LOCAL,10,"[58, 50, 114, 122, 79, 1, 65, 73, 18, 9, 8, 6, 78, 55, 33, 71, 97, 107, 3, 7, 26, 41, 68, 72, 2, 4, 5, 11, 14, 16, 23, 28, 43, 52, 54, 69, 70, 75, 77, 82, 86, 90, 109, 120, 10, 12, 13, 15, 17, 19, 20, 21, 22, 24, 25, 27, 29, 30, 31, 32, 34, 35, 36, 37, 38, 39, 40, 42, 44, 45, 46, 47, 48, 49, 51, 53, 56, 57, 59, 60, 61, 62, 63, 64, 66, 67, 74, 76, 80, 81, 83, 84, 85, 87, 88, 89, 91, 92, 93, 94, 95, 96, 98, 99, 100, 101, 102, 103, 104, 105, 106, 108, 110, 111, 112, 113, 115, 116, 117, 118, 119, 121, 123, 124, 125, 126, 127, 128]","[58, 50, 114, 122, 79, 1, 65, 73, 18, 9]"
EXP-XAI-0001,B2:515,MODEL-C2,SINGLE_FEATURE_ABLATION_LOCAL,SINGLE_FEATURE_ABLATION_LOCAL,1,"[58, 50, 114, 122, 79, 65, 1, 18, 73, 9, 8, 6, 55, 71, 78, 7, 19, 33, 97, 107, 3, 16, 26, 41, 68, 70, 72, 77, 2, 4, 5, 11, 14, 22, 23, 27, 28, 43, 52, 69, 75, 82, 86, 90, 109, 10, 12, 13, 15, 17, 20, 21, 24, 25, 29, 30, 31, 32, 34, 35, 36, 37, 38, 39, 40, 42, 44, 45, 46, 47, 48, 49, 51, 53, 54, 56, 57, 59, 60, 61, 62, 63, 64, 66, 67, 74, 76, 80, 81, 83, 84, 85, 87, 88, 89, 91, 92, 93, 94, 95, 96, 98, 99, 100, 101, 102, 103, 104, 105, 106, 108, 110, 111, 112, 113, 115, 116, 117, 118, 119, 120, 121, 123, 124, 125, 126, 127, 128]",[58]
EXP-XAI-0001,B2:515,MODEL-C2,SINGLE_FEATURE_ABLATION_LOCAL,SINGLE_FEATURE_ABLATION_LOCAL,3,"[58, 50, 114, 122, 79, 65, 1, 18, 73, 9, 8, 6, 55, 71, 78, 7, 19, 33, 97, 107, 3, 16, 26, 41, 68, 70, 72, 77, 2, 4, 5, 11, 14, 22, 23, 27, 28, 43, 52, 69, 75, 82, 86, 90, 109, 10, 12, 13, 15, 17, 20, 21, 24, 25, 29, 30, 31, 32, 34, 35, 36, 37, 38, 39, 40, 42, 44, 45, 46, 47, 48, 49, 51, 53, 54, 56, 57, 59, 60, 61, 62, 63, 64, 66, 67, 74, 76, 80, 81, 83, 84, 85, 87, 88, 89, 91, 92, 93, 94, 95, 96, 98, 99, 100, 101, 102, 103, 104, 105, 106, 108, 110, 111, 112, 113, 115, 116, 117, 118, 119, 120, 121, 123, 124, 125, 126, 127, 128]","[58, 50, 114]"
EXP-XAI-0001,B2:515,MODEL-C2,SINGLE_FEATURE_ABLATION_LOCAL,SINGLE_FEATURE_ABLATION_LOCAL,5,"[58, 50, 114, 122, 79, 65, 1, 18, 73, 9, 8, 6, 55, 71, 78, 7, 19, 33, 97, 107, 3, 16, 26, 41, 68, 70, 72, 77, 2, 4, 5, 11, 14, 22, 23, 27, 28, 43, 52, 69, 75, 82, 86, 90, 109, 10, 12, 13, 15, 17, 20, 21, 24, 25, 29, 30, 31, 32, 34, 35, 36, 37, 38, 39, 40, 42, 44, 45, 46, 47, 48, 49, 51, 53, 54, 56, 57, 59, 60, 61, 62, 63, 64, 66, 67, 74, 76, 80, 81, 83, 84, 85, 87, 88, 89, 91, 92, 93, 94, 95, 96, 98, 99, 100, 101, 102, 103, 104, 105, 106, 108, 110, 111, 112, 113, 115, 116, 117, 118, 119, 120, 121, 123, 124, 125, 126, 127, 128]","[58, 50, 114, 122, 79]"
EXP-XAI-0001,B2:515,MODEL-C2,SINGLE_FEATURE_ABLATION_LOCAL,SINGLE_FEATURE_ABLATION_LOCAL,10,"[58, 50, 114, 122, 79, 65, 1, 18, 73, 9, 8, 6, 55, 71, 78, 7, 19, 33, 97, 107, 3, 16, 26, 41, 68, 70, 72, 77, 2, 4, 5, 11, 14, 22, 23, 27, 28, 43, 52, 69, 75, 82, 86, 90, 109, 10, 12, 13, 15, 17, 20, 21, 24, 25, 29, 30, 31, 32, 34, 35, 36, 37, 38, 39, 40, 42, 44, 45, 46, 47, 48, 49, 51, 53, 54, 56, 57, 59, 60, 61, 62, 63, 64, 66, 67, 74, 76, 80, 81, 83, 84, 85, 87, 88, 89, 91, 92, 93, 94, 95, 96, 98, 99, 100, 101, 102, 103, 104, 105, 106, 108, 110, 111, 112, 113, 115, 116, 117, 118, 119, 120, 121, 123, 124, 125, 126, 127, 128]","[58, 50, 114, 122, 79, 65, 1, 18, 73, 9]"
EXP-XAI-0001,B2:720,MODEL-C2,SINGLE_FEATURE_ABLATION_LOCAL,SINGLE_FEATURE_ABLATION_LOCAL,1,"[14, 15, 100, 7, 101, 109, 72, 8, 9, 16, 71, 27, 44, 49, 70, 93, 108, 113, 1, 6, 36, 37, 45, 60, 65, 76, 80, 99, 125, 4, 5, 12, 33, 34, 41, 43, 57, 58, 69, 73, 77, 78, 79, 83, 84, 91, 94, 97, 106, 122, 123, 124, 128, 2, 3, 10, 11, 13, 17, 18, 19, 20, 21, 22, 23, 24, 25, 26, 28, 29, 30, 31, 32, 35, 38, 39, 40, 42, 46, 47, 48, 50, 51, 52, 53, 54, 55, 56, 59, 61, 62, 63, 64, 66, 67, 68, 74, 75, 81, 82, 85, 86, 87, 88, 89, 90, 92, 95, 96, 98, 102, 103, 104, 105, 107, 110, 111, 112, 114, 115, 116, 117, 118, 119, 120, 121, 126, 127]",[14]
EXP-XAI-0001,B2:720,MODEL-C2,SINGLE_FEATURE_ABLATION_LOCAL,SINGLE_FEATURE_ABLATION_LOCAL,3,"[14, 15, 100, 7, 101, 109, 72, 8, 9, 16, 71, 27, 44, 49, 70, 93, 108, 113, 1, 6, 36, 37, 45, 60, 65, 76, 80, 99, 125, 4, 5, 12, 33, 34, 41, 43, 57, 58, 69, 73, 77, 78, 79, 83, 84, 91, 94, 97, 106, 122, 123, 124, 128, 2, 3, 10, 11, 13, 17, 18, 19, 20, 21, 22, 23, 24, 25, 26, 28, 29, 30, 31, 32, 35, 38, 39, 40, 42, 46, 47, 48, 50, 51, 52, 53, 54, 55, 56, 59, 61, 62, 63, 64, 66, 67, 68, 74, 75, 81, 82, 85, 86, 87, 88, 89, 90, 92, 95, 96, 98, 102, 103, 104, 105, 107, 110, 111, 112, 114, 115, 116, 117, 118, 119, 120, 121, 126, 127]","[14, 15, 100]"
EXP-XAI-0001,B2:720,MODEL-C2,SINGLE_FEATURE_ABLATION_LOCAL,SINGLE_FEATURE_ABLATION_LOCAL,5,"[14, 15, 100, 7, 101, 109, 72, 8, 9, 16, 71, 27, 44, 49, 70, 93, 108, 113, 1, 6, 36, 37, 45, 60, 65, 76, 80, 99, 125, 4, 5, 12, 33, 34, 41, 43, 57, 58, 69, 73, 77, 78, 79, 83, 84, 91, 94, 97, 106, 122, 123, 124, 128, 2, 3, 10, 11, 13, 17, 18, 19, 20, 21, 22, 23, 24, 25, 26, 28, 29, 30, 31, 32, 35, 38, 39, 40, 42, 46, 47, 48, 50, 51, 52, 53, 54, 55, 56, 59, 61, 62, 63, 64, 66, 67, 68, 74, 75, 81, 82, 85, 86, 87, 88, 89, 90, 92, 95, 96, 98, 102, 103, 104, 105, 107, 110, 111, 112, 114, 115, 116, 117, 118, 119, 120, 121, 126, 127]","[14, 15, 100, 7, 101]"
EXP-XAI-0001,B2:720,MODEL-C2,SINGLE_FEATURE_ABLATION_LOCAL,SINGLE_FEATURE_ABLATION_LOCAL,10,"[14, 15, 100, 7, 101, 109, 72, 8, 9, 16, 71, 27, 44, 49, 70, 93, 108, 113, 1, 6, 36, 37, 45, 60, 65, 76, 80, 99, 125, 4, 5, 12, 33, 34, 41, 43, 57, 58, 69, 73, 77, 78, 79, 83, 84, 91, 94, 97, 106, 122, 123, 124, 128, 2, 3, 10, 11, 13, 17, 18, 19, 20, 21, 22, 23, 24, 25, 26, 28, 29, 30, 31, 32, 35, 38, 39, 40, 42, 46, 47, 48, 50, 51, 52, 53, 54, 55, 56, 59, 61, 62, 63, 64, 66, 67, 68, 74, 75, 81, 82, 85, 86, 87, 88, 89, 90, 92, 95, 96, 98, 102, 103, 104, 105, 107, 110, 111, 112, 114, 115, 116, 117, 118, 119, 120, 121, 126, 127]","[14, 15, 100, 7, 101, 109, 72, 8, 9, 16]"
EXP-XAI-0001,B2:732,MODEL-C2,SINGLE_FEATURE_ABLATION_LOCAL,SINGLE_FEATURE_ABLATION_LOCAL,1,"[14, 7, 15, 100, 109, 8, 72, 9, 101, 16, 71, 6, 27, 44, 49, 70, 113, 125, 36, 45, 60, 65, 76, 80, 93, 99, 108, 122, 1, 3, 4, 5, 12, 21, 33, 37, 41, 43, 56, 57, 58, 69, 75, 77, 78, 83, 84, 91, 94, 97, 106, 123, 124, 128, 2, 10, 11, 13, 17, 18, 19, 20, 22, 23, 24, 25, 26, 28, 29, 30, 31, 32, 34, 35, 38, 39, 40, 42, 46, 47, 48, 50, 51, 52, 53, 54, 55, 59, 61, 62, 63, 64, 66, 67, 68, 73, 74, 79, 81, 82, 85, 86, 87, 88, 89, 90, 92, 95, 96, 98, 102, 103, 104, 105, 107, 110, 111, 112, 114, 115, 116, 117, 118, 119, 120, 121, 126, 127]",[14]
EXP-XAI-0001,B2:732,MODEL-C2,SINGLE_FEATURE_ABLATION_LOCAL,SINGLE_FEATURE_ABLATION_LOCAL,3,"[14, 7, 15, 100, 109, 8, 72, 9, 101, 16, 71, 6, 27, 44, 49, 70, 113, 125, 36, 45, 60, 65, 76, 80, 93, 99, 108, 122, 1, 3, 4, 5, 12, 21, 33, 37, 41, 43, 56, 57, 58, 69, 75, 77, 78, 83, 84, 91, 94, 97, 106, 123, 124, 128, 2, 10, 11, 13, 17, 18, 19, 20, 22, 23, 24, 25, 26, 28, 29, 30, 31, 32, 34, 35, 38, 39, 40, 42, 46, 47, 48, 50, 51, 52, 53, 54, 55, 59, 61, 62, 63, 64, 66, 67, 68, 73, 74, 79, 81, 82, 85, 86, 87, 88, 89, 90, 92, 95, 96, 98, 102, 103, 104, 105, 107, 110, 111, 112, 114, 115, 116, 117, 118, 119, 120, 121, 126, 127]","[14, 7, 15]"
EXP-XAI-0001,B2:732,MODEL-C2,SINGLE_FEATURE_ABLATION_LOCAL,SINGLE_FEATURE_ABLATION_LOCAL,5,"[14, 7, 15, 100, 109, 8, 72, 9, 101, 16, 71, 6, 27, 44, 49, 70, 113, 125, 36, 45, 60, 65, 76, 80, 93, 99, 108, 122, 1, 3, 4, 5, 12, 21, 33, 37, 41, 43, 56, 57, 58, 69, 75, 77, 78, 83, 84, 91, 94, 97, 106, 123, 124, 128, 2, 10, 11, 13, 17, 18, 19, 20, 22, 23, 24, 25, 26, 28, 29, 30, 31, 32, 34, 35, 38, 39, 40, 42, 46, 47, 48, 50, 51, 52, 53, 54, 55, 59, 61, 62, 63, 64, 66, 67, 68, 73, 74, 79, 81, 82, 85, 86, 87, 88, 89, 90, 92, 95, 96, 98, 102, 103, 104, 105, 107, 110, 111, 112, 114, 115, 116, 117, 118, 119, 120, 121, 126, 127]","[14, 7, 15, 100, 109]"
EXP-XAI-0001,B2:732,MODEL-C2,SINGLE_FEATURE_ABLATION_LOCAL,SINGLE_FEATURE_ABLATION_LOCAL,10,"[14, 7, 15, 100, 109, 8, 72, 9, 101, 16, 71, 6, 27, 44, 49, 70, 113, 125, 36, 45, 60, 65, 76, 80, 93, 99, 108, 122, 1, 3, 4, 5, 12, 21, 33, 37, 41, 43, 56, 57, 58, 69, 75, 77, 78, 83, 84, 91, 94, 97, 106, 123, 124, 128, 2, 10, 11, 13, 17, 18, 19, 20, 22, 23, 24, 25, 26, 28, 29, 30, 31, 32, 34, 35, 38, 39, 40, 42, 46, 47, 48, 50, 51, 52, 53, 54, 55, 59, 61, 62, 63, 64, 66, 67, 68, 73, 74, 79, 81, 82, 85, 86, 87, 88, 89, 90, 92, 95, 96, 98, 102, 103, 104, 105, 107, 110, 111, 112, 114, 115, 116, 117, 118, 119, 120, 121, 126, 127]","[14, 7, 15, 100, 109, 8, 72, 9, 101, 16]"
EXP-XAI-0001,B2:744,MODEL-C2,SINGLE_FEATURE_ABLATION_LOCAL,SINGLE_FEATURE_ABLATION_LOCAL,1,"[7, 14, 15, 9, 100, 109, 16, 101, 8, 72, 113, 44, 71, 27, 36, 108, 6, 37, 49, 60, 79, 97, 99, 122, 125, 11, 43, 45, 65, 69, 70, 75, 77, 4, 5, 12, 20, 21, 33, 41, 56, 57, 58, 78, 80, 83, 84, 91, 93, 94, 98, 106, 123, 124, 128, 1, 2, 3, 10, 13, 17, 18, 19, 22, 23, 24, 25, 26, 28, 29, 30, 31, 32, 34, 35, 38, 39, 40, 42, 46, 47, 48, 50, 51, 52, 53, 54, 55, 59, 61, 62, 63, 64, 66, 67, 68, 73, 74, 76, 81, 82, 85, 86, 87, 88, 89, 90, 92, 95, 96, 102, 103, 104, 105, 107, 110, 111, 112, 114, 115, 116, 117, 118, 119, 120, 121, 126, 127]",[7]
EXP-XAI-0001,B2:744,MODEL-C2,SINGLE_FEATURE_ABLATION_LOCAL,SINGLE_FEATURE_ABLATION_LOCAL,3,"[7, 14, 15, 9, 100, 109, 16, 101, 8, 72, 113, 44, 71, 27, 36, 108, 6, 37, 49, 60, 79, 97, 99, 122, 125, 11, 43, 45, 65, 69, 70, 75, 77, 4, 5, 12, 20, 21, 33, 41, 56, 57, 58, 78, 80, 83, 84, 91, 93, 94, 98, 106, 123, 124, 128, 1, 2, 3, 10, 13, 17, 18, 19, 22, 23, 24, 25, 26, 28, 29, 30, 31, 32, 34, 35, 38, 39, 40, 42, 46, 47, 48, 50, 51, 52, 53, 54, 55, 59, 61, 62, 63, 64, 66, 67, 68, 73, 74, 76, 81, 82, 85, 86, 87, 88, 89, 90, 92, 95, 96, 102, 103, 104, 105, 107, 110, 111, 112, 114, 115, 116, 117, 118, 119, 120, 121, 126, 127]","[7, 14, 15]"
EXP-XAI-0001,B2:744,MODEL-C2,SINGLE_FEATURE_ABLATION_LOCAL,SINGLE_FEATURE_ABLATION_LOCAL,5,"[7, 14, 15, 9, 100, 109, 16, 101, 8, 72, 113, 44, 71, 27, 36, 108, 6, 37, 49, 60, 79, 97, 99, 122, 125, 11, 43, 45, 65, 69, 70, 75, 77, 4, 5, 12, 20, 21, 33, 41, 56, 57, 58, 78, 80, 83, 84, 91, 93, 94, 98, 106, 123, 124, 128, 1, 2, 3, 10, 13, 17, 18, 19, 22, 23, 24, 25, 26, 28, 29, 30, 31, 32, 34, 35, 38, 39, 40, 42, 46, 47, 48, 50, 51, 52, 53, 54, 55, 59, 61, 62, 63, 64, 66, 67, 68, 73, 74, 76, 81, 82, 85, 86, 87, 88, 89, 90, 92, 95, 96, 102, 103, 104, 105, 107, 110, 111, 112, 114, 115, 116, 117, 118, 119, 120, 121, 126, 127]","[7, 14, 15, 9, 100]"
EXP-XAI-0001,B2:744,MODEL-C2,SINGLE_FEATURE_ABLATION_LOCAL,SINGLE_FEATURE_ABLATION_LOCAL,10,"[7, 14, 15, 9, 100, 109, 16, 101, 8, 72, 113, 44, 71, 27, 36, 108, 6, 37, 49, 60, 79, 97, 99, 122, 125, 11, 43, 45, 65, 69, 70, 75, 77, 4, 5, 12, 20, 21, 33, 41, 56, 57, 58, 78, 80, 83, 84, 91, 93, 94, 98, 106, 123, 124, 128, 1, 2, 3, 10, 13, 17, 18, 19, 22, 23, 24, 25, 26, 28, 29, 30, 31, 32, 34, 35, 38, 39, 40, 42, 46, 47, 48, 50, 51, 52, 53, 54, 55, 59, 61, 62, 63, 64, 66, 67, 68, 73, 74, 76, 81, 82, 85, 86, 87, 88, 89, 90, 92, 95, 96, 102, 103, 104, 105, 107, 110, 111, 112, 114, 115, 116, 117, 118, 119, 120, 121, 126, 127]","[7, 14, 15, 9, 100, 109, 16, 101, 8, 72]"
EXP-XAI-0001,B2:746,MODEL-C2,SINGLE_FEATURE_ABLATION_LOCAL,SINGLE_FEATURE_ABLATION_LOCAL,1,"[7, 14, 15, 100, 9, 109, 16, 8, 72, 113, 71, 101, 27, 44, 108, 36, 45, 49, 60, 97, 99, 122, 125, 4, 5, 6, 11, 12, 20, 33, 37, 41, 43, 56, 57, 58, 65, 69, 70, 75, 77, 78, 80, 83, 84, 91, 93, 94, 98, 106, 123, 124, 128, 1, 2, 3, 10, 13, 17, 18, 19, 21, 22, 23, 24, 25, 26, 28, 29, 30, 31, 32, 34, 35, 38, 39, 40, 42, 46, 47, 48, 50, 51, 52, 53, 54, 55, 59, 61, 62, 63, 64, 66, 67, 68, 73, 74, 76, 79, 81, 82, 85, 86, 87, 88, 89, 90, 92, 95, 96, 102, 103, 104, 105, 107, 110, 111, 112, 114, 115, 116, 117, 118, 119, 120, 121, 126, 127]",[7]
EXP-XAI-0001,B2:746,MODEL-C2,SINGLE_FEATURE_ABLATION_LOCAL,SINGLE_FEATURE_ABLATION_LOCAL,3,"[7, 14, 15, 100, 9, 109, 16, 8, 72, 113, 71, 101, 27, 44, 108, 36, 45, 49, 60, 97, 99, 122, 125, 4, 5, 6, 11, 12, 20, 33, 37, 41, 43, 56, 57, 58, 65, 69, 70, 75, 77, 78, 80, 83, 84, 91, 93, 94, 98, 106, 123, 124, 128, 1, 2, 3, 10, 13, 17, 18, 19, 21, 22, 23, 24, 25, 26, 28, 29, 30, 31, 32, 34, 35, 38, 39, 40, 42, 46, 47, 48, 50, 51, 52, 53, 54, 55, 59, 61, 62, 63, 64, 66, 67, 68, 73, 74, 76, 79, 81, 82, 85, 86, 87, 88, 89, 90, 92, 95, 96, 102, 103, 104, 105, 107, 110, 111, 112, 114, 115, 116, 117, 118, 119, 120, 121, 126, 127]","[7, 14, 15]"
EXP-XAI-0001,B2:746,MODEL-C2,SINGLE_FEATURE_ABLATION_LOCAL,SINGLE_FEATURE_ABLATION_LOCAL,5,"[7, 14, 15, 100, 9, 109, 16, 8, 72, 113, 71, 101, 27, 44, 108, 36, 45, 49, 60, 97, 99, 122, 125, 4, 5, 6, 11, 12, 20, 33, 37, 41, 43, 56, 57, 58, 65, 69, 70, 75, 77, 78, 80, 83, 84, 91, 93, 94, 98, 106, 123, 124, 128, 1, 2, 3, 10, 13, 17, 18, 19, 21, 22, 23, 24, 25, 26, 28, 29, 30, 31, 32, 34, 35, 38, 39, 40, 42, 46, 47, 48, 50, 51, 52, 53, 54, 55, 59, 61, 62, 63, 64, 66, 67, 68, 73, 74, 76, 79, 81, 82, 85, 86, 87, 88, 89, 90, 92, 95, 96, 102, 103, 104, 105, 107, 110, 111, 112, 114, 115, 116, 117, 118, 119, 120, 121, 126, 127]","[7, 14, 15, 100, 9]"
EXP-XAI-0001,B2:746,MODEL-C2,SINGLE_FEATURE_ABLATION_LOCAL,SINGLE_FEATURE_ABLATION_LOCAL,10,"[7, 14, 15, 100, 9, 109, 16, 8, 72, 113, 71, 101, 27, 44, 108, 36, 45, 49, 60, 97, 99, 122, 125, 4, 5, 6, 11, 12, 20, 33, 37, 41, 43, 56, 57, 58, 65, 69, 70, 75, 77, 78, 80, 83, 84, 91, 93, 94, 98, 106, 123, 124, 128, 1, 2, 3, 10, 13, 17, 18, 19, 21, 22, 23, 24, 25, 26, 28, 29, 30, 31, 32, 34, 35, 38, 39, 40, 42, 46, 47, 48, 50, 51, 52, 53, 54, 55, 59, 61, 62, 63, 64, 66, 67, 68, 73, 74, 76, 79, 81, 82, 85, 86, 87, 88, 89, 90, 92, 95, 96, 102, 103, 104, 105, 107, 110, 111, 112, 114, 115, 116, 117, 118, 119, 120, 121, 126, 127]","[7, 14, 15, 100, 9, 109, 16, 8, 72, 113]"
EXP-XAI-0001,B2:748,MODEL-C2,SINGLE_FEATURE_ABLATION_LOCAL,SINGLE_FEATURE_ABLATION_LOCAL,1,"[14, 7, 15, 100, 9, 109, 8, 16, 72, 113, 101, 27, 125, 44, 71, 108, 37, 49, 60, 79, 99, 122, 36, 4, 5, 6, 12, 20, 33, 41, 56, 57, 58, 78, 80, 83, 84, 91, 93, 94, 97, 98, 106, 123, 124, 128, 11, 43, 45, 65, 69, 70, 75, 77, 1, 2, 3, 10, 13, 17, 18, 19, 21, 22, 23, 24, 25, 26, 28, 29, 30, 31, 32, 34, 35, 38, 39, 40, 42, 46, 47, 48, 50, 51, 52, 53, 54, 55, 59, 61, 62, 63, 64, 66, 67, 68, 73, 74, 76, 81, 82, 85, 86, 87, 88, 89, 90, 92, 95, 96, 102, 103, 104, 105, 107, 110, 111, 112, 114, 115, 116, 117, 118, 119, 120, 121, 126, 127]",[14]
EXP-XAI-0001,B2:748,MODEL-C2,SINGLE_FEATURE_ABLATION_LOCAL,SINGLE_FEATURE_ABLATION_LOCAL,3,"[14, 7, 15, 100, 9, 109, 8, 16, 72, 113, 101, 27, 125, 44, 71, 108, 37, 49, 60, 79, 99, 122, 36, 4, 5, 6, 12, 20, 33, 41, 56, 57, 58, 78, 80, 83, 84, 91, 93, 94, 97, 98, 106, 123, 124, 128, 11, 43, 45, 65, 69, 70, 75, 77, 1, 2, 3, 10, 13, 17, 18, 19, 21, 22, 23, 24, 25, 26, 28, 29, 30, 31, 32, 34, 35, 38, 39, 40, 42, 46, 47, 48, 50, 51, 52, 53, 54, 55, 59, 61, 62, 63, 64, 66, 67, 68, 73, 74, 76, 81, 82, 85, 86, 87, 88, 89, 90, 92, 95, 96, 102, 103, 104, 105, 107, 110, 111, 112, 114, 115, 116, 117, 118, 119, 120, 121, 126, 127]","[14, 7, 15]"
EXP-XAI-0001,B2:748,MODEL-C2,SINGLE_FEATURE_ABLATION_LOCAL,SINGLE_FEATURE_ABLATION_LOCAL,5,"[14, 7, 15, 100, 9, 109, 8, 16, 72, 113, 101, 27, 125, 44, 71, 108, 37, 49, 60, 79, 99, 122, 36, 4, 5, 6, 12, 20, 33, 41, 56, 57, 58, 78, 80, 83, 84, 91, 93, 94, 97, 98, 106, 123, 124, 128, 11, 43, 45, 65, 69, 70, 75, 77, 1, 2, 3, 10, 13, 17, 18, 19, 21, 22, 23, 24, 25, 26, 28, 29, 30, 31, 32, 34, 35, 38, 39, 40, 42, 46, 47, 48, 50, 51, 52, 53, 54, 55, 59, 61, 62, 63, 64, 66, 67, 68, 73, 74, 76, 81, 82, 85, 86, 87, 88, 89, 90, 92, 95, 96, 102, 103, 104, 105, 107, 110, 111, 112, 114, 115, 116, 117, 118, 119, 120, 121, 126, 127]","[14, 7, 15, 100, 9]"
EXP-XAI-0001,B2:748,MODEL-C2,SINGLE_FEATURE_ABLATION_LOCAL,SINGLE_FEATURE_ABLATION_LOCAL,10,"[14, 7, 15, 100, 9, 109, 8, 16, 72, 113, 101, 27, 125, 44, 71, 108, 37, 49, 60, 79, 99, 122, 36, 4, 5, 6, 12, 20, 33, 41, 56, 57, 58, 78, 80, 83, 84, 91, 93, 94, 97, 98, 106, 123, 124, 128, 11, 43, 45, 65, 69, 70, 75, 77, 1, 2, 3, 10, 13, 17, 18, 19, 21, 22, 23, 24, 25, 26, 28, 29, 30, 31, 32, 34, 35, 38, 39, 40, 42, 46, 47, 48, 50, 51, 52, 53, 54, 55, 59, 61, 62, 63, 64, 66, 67, 68, 73, 74, 76, 81, 82, 85, 86, 87, 88, 89, 90, 92, 95, 96, 102, 103, 104, 105, 107, 110, 111, 112, 114, 115, 116, 117, 118, 119, 120, 121, 126, 127]","[14, 7, 15, 100, 9, 109, 8, 16, 72, 113]"
EXP-XAI-0001,B6:0,MODEL-C2,SINGLE_FEATURE_ABLATION_LOCAL,SINGLE_FEATURE_ABLATION_LOCAL,1,"[1, 79, 73, 9, 7, 6, 14, 65, 8, 78, 15, 71, 80, 70, 97, 3, 11, 16, 19, 23, 77, 83, 4, 13, 27, 28, 62, 69, 72, 75, 82, 87, 91, 105, 126, 12, 18, 20, 22, 24, 25, 26, 31, 37, 45, 51, 52, 58, 63, 67, 68, 76, 84, 89, 93, 94, 95, 102, 107, 109, 116, 118, 120, 121, 125, 128, 2, 5, 10, 17, 21, 29, 30, 32, 33, 34, 35, 36, 38, 39, 40, 41, 42, 43, 44, 46, 47, 48, 49, 50, 53, 54, 55, 56, 57, 59, 60, 61, 64, 66, 74, 81, 85, 86, 88, 90, 92, 96, 98, 99, 100, 101, 103, 104, 106, 108, 110, 111, 112, 113, 114, 115, 117, 119, 122, 123, 124, 127]",[1]
EXP-XAI-0001,B6:0,MODEL-C2,SINGLE_FEATURE_ABLATION_LOCAL,SINGLE_FEATURE_ABLATION_LOCAL,3,"[1, 79, 73, 9, 7, 6, 14, 65, 8, 78, 15, 71, 80, 70, 97, 3, 11, 16, 19, 23, 77, 83, 4, 13, 27, 28, 62, 69, 72, 75, 82, 87, 91, 105, 126, 12, 18, 20, 22, 24, 25, 26, 31, 37, 45, 51, 52, 58, 63, 67, 68, 76, 84, 89, 93, 94, 95, 102, 107, 109, 116, 118, 120, 121, 125, 128, 2, 5, 10, 17, 21, 29, 30, 32, 33, 34, 35, 36, 38, 39, 40, 41, 42, 43, 44, 46, 47, 48, 49, 50, 53, 54, 55, 56, 57, 59, 60, 61, 64, 66, 74, 81, 85, 86, 88, 90, 92, 96, 98, 99, 100, 101, 103, 104, 106, 108, 110, 111, 112, 113, 114, 115, 117, 119, 122, 123, 124, 127]","[1, 79, 73]"
EXP-XAI-0001,B6:0,MODEL-C2,SINGLE_FEATURE_ABLATION_LOCAL,SINGLE_FEATURE_ABLATION_LOCAL,5,"[1, 79, 73, 9, 7, 6, 14, 65, 8, 78, 15, 71, 80, 70, 97, 3, 11, 16, 19, 23, 77, 83, 4, 13, 27, 28, 62, 69, 72, 75, 82, 87, 91, 105, 126, 12, 18, 20, 22, 24, 25, 26, 31, 37, 45, 51, 52, 58, 63, 67, 68, 76, 84, 89, 93, 94, 95, 102, 107, 109, 116, 118, 120, 121, 125, 128, 2, 5, 10, 17, 21, 29, 30, 32, 33, 34, 35, 36, 38, 39, 40, 41, 42, 43, 44, 46, 47, 48, 49, 50, 53, 54, 55, 56, 57, 59, 60, 61, 64, 66, 74, 81, 85, 86, 88, 90, 92, 96, 98, 99, 100, 101, 103, 104, 106, 108, 110, 111, 112, 113, 114, 115, 117, 119, 122, 123, 124, 127]","[1, 79, 73, 9, 7]"
EXP-XAI-0001,B6:0,MODEL-C2,SINGLE_FEATURE_ABLATION_LOCAL,SINGLE_FEATURE_ABLATION_LOCAL,10,"[1, 79, 73, 9, 7, 6, 14, 65, 8, 78, 15, 71, 80, 70, 97, 3, 11, 16, 19, 23, 77, 83, 4, 13, 27, 28, 62, 69, 72, 75, 82, 87, 91, 105, 126, 12, 18, 20, 22, 24, 25, 26, 31, 37, 45, 51, 52, 58, 63, 67, 68, 76, 84, 89, 93, 94, 95, 102, 107, 109, 116, 118, 120, 121, 125, 128, 2, 5, 10, 17, 21, 29, 30, 32, 33, 34, 35, 36, 38, 39, 40, 41, 42, 43, 44, 46, 47, 48, 49, 50, 53, 54, 55, 56, 57, 59, 60, 61, 64, 66, 74, 81, 85, 86, 88, 90, 92, 96, 98, 99, 100, 101, 103, 104, 106, 108, 110, 111, 112, 113, 114, 115, 117, 119, 122, 123, 124, 127]","[1, 79, 73, 9, 7, 6, 14, 65, 8, 78]"
EXP-XAI-0001,B6:1,MODEL-C2,SINGLE_FEATURE_ABLATION_LOCAL,SINGLE_FEATURE_ABLATION_LOCAL,1,"[1, 79, 9, 73, 7, 6, 14, 65, 8, 78, 15, 71, 80, 16, 70, 3, 11, 23, 19, 77, 83, 87, 4, 13, 27, 28, 40, 62, 69, 72, 75, 82, 91, 97, 126, 5, 12, 18, 20, 22, 24, 25, 26, 31, 37, 45, 51, 52, 58, 63, 67, 68, 76, 84, 89, 93, 94, 95, 102, 105, 107, 109, 116, 118, 120, 121, 125, 128, 2, 10, 17, 21, 29, 30, 32, 33, 34, 35, 36, 38, 39, 41, 42, 43, 44, 46, 47, 48, 49, 50, 53, 54, 55, 56, 57, 59, 60, 61, 64, 66, 74, 81, 85, 86, 88, 90, 92, 96, 98, 99, 100, 101, 103, 104, 106, 108, 110, 111, 112, 113, 114, 115, 117, 119, 122, 123, 124, 127]",[1]
EXP-XAI-0001,B6:1,MODEL-C2,SINGLE_FEATURE_ABLATION_LOCAL,SINGLE_FEATURE_ABLATION_LOCAL,3,"[1, 79, 9, 73, 7, 6, 14, 65, 8, 78, 15, 71, 80, 16, 70, 3, 11, 23, 19, 77, 83, 87, 4, 13, 27, 28, 40, 62, 69, 72, 75, 82, 91, 97, 126, 5, 12, 18, 20, 22, 24, 25, 26, 31, 37, 45, 51, 52, 58, 63, 67, 68, 76, 84, 89, 93, 94, 95, 102, 105, 107, 109, 116, 118, 120, 121, 125, 128, 2, 10, 17, 21, 29, 30, 32, 33, 34, 35, 36, 38, 39, 41, 42, 43, 44, 46, 47, 48, 49, 50, 53, 54, 55, 56, 57, 59, 60, 61, 64, 66, 74, 81, 85, 86, 88, 90, 92, 96, 98, 99, 100, 101, 103, 104, 106, 108, 110, 111, 112, 113, 114, 115, 117, 119, 122, 123, 124, 127]","[1, 79, 9]"
EXP-XAI-0001,B6:1,MODEL-C2,SINGLE_FEATURE_ABLATION_LOCAL,SINGLE_FEATURE_ABLATION_LOCAL,5,"[1, 79, 9, 73, 7, 6, 14, 65, 8, 78, 15, 71, 80, 16, 70, 3, 11, 23, 19, 77, 83, 87, 4, 13, 27, 28, 40, 62, 69, 72, 75, 82, 91, 97, 126, 5, 12, 18, 20, 22, 24, 25, 26, 31, 37, 45, 51, 52, 58, 63, 67, 68, 76, 84, 89, 93, 94, 95, 102, 105, 107, 109, 116, 118, 120, 121, 125, 128, 2, 10, 17, 21, 29, 30, 32, 33, 34, 35, 36, 38, 39, 41, 42, 43, 44, 46, 47, 48, 49, 50, 53, 54, 55, 56, 57, 59, 60, 61, 64, 66, 74, 81, 85, 86, 88, 90, 92, 96, 98, 99, 100, 101, 103, 104, 106, 108, 110, 111, 112, 113, 114, 115, 117, 119, 122, 123, 124, 127]","[1, 79, 9, 73, 7]"
EXP-XAI-0001,B6:1,MODEL-C2,SINGLE_FEATURE_ABLATION_LOCAL,SINGLE_FEATURE_ABLATION_LOCAL,10,"[1, 79, 9, 73, 7, 6, 14, 65, 8, 78, 15, 71, 80, 16, 70, 3, 11, 23, 19, 77, 83, 87, 4, 13, 27, 28, 40, 62, 69, 72, 75, 82, 91, 97, 126, 5, 12, 18, 20, 22, 24, 25, 26, 31, 37, 45, 51, 52, 58, 63, 67, 68, 76, 84, 89, 93, 94, 95, 102, 105, 107, 109, 116, 118, 120, 121, 125, 128, 2, 10, 17, 21, 29, 30, 32, 33, 34, 35, 36, 38, 39, 41, 42, 43, 44, 46, 47, 48, 49, 50, 53, 54, 55, 56, 57, 59, 60, 61, 64, 66, 74, 81, 85, 86, 88, 90, 92, 96, 98, 99, 100, 101, 103, 104, 106, 108, 110, 111, 112, 113, 114, 115, 117, 119, 122, 123, 124, 127]","[1, 79, 9, 73, 7, 6, 14, 65, 8, 78]"
EXP-XAI-0001,B6:23,MODEL-C2,SINGLE_FEATURE_ABLATION_LOCAL,SINGLE_FEATURE_ABLATION_LOCAL,1,"[16, 19, 28, 83, 91, 84, 107, 8, 27, 66, 99, 116, 36, 52, 92, 93, 100, 124, 125, 29, 45, 58, 61, 64, 73, 79, 80, 89, 118, 1, 2, 3, 4, 5, 6, 7, 9, 10, 11, 12, 13, 14, 15, 17, 18, 20, 21, 22, 23, 24, 25, 26, 30, 31, 32, 33, 34, 35, 37, 38, 39, 40, 41, 42, 43, 44, 46, 47, 48, 49, 50, 51, 53, 54, 55, 56, 57, 59, 60, 62, 63, 65, 67, 68, 69, 70, 71, 72, 74, 75, 76, 77, 78, 81, 82, 85, 86, 87, 88, 90, 94, 95, 96, 97, 98, 101, 102, 103, 104, 105, 106, 108, 109, 110, 111, 112, 113, 114, 115, 117, 119, 120, 121, 122, 123, 126, 127, 128]",[16]
EXP-XAI-0001,B6:23,MODEL-C2,SINGLE_FEATURE_ABLATION_LOCAL,SINGLE_FEATURE_ABLATION_LOCAL,3,"[16, 19, 28, 83, 91, 84, 107, 8, 27, 66, 99, 116, 36, 52, 92, 93, 100, 124, 125, 29, 45, 58, 61, 64, 73, 79, 80, 89, 118, 1, 2, 3, 4, 5, 6, 7, 9, 10, 11, 12, 13, 14, 15, 17, 18, 20, 21, 22, 23, 24, 25, 26, 30, 31, 32, 33, 34, 35, 37, 38, 39, 40, 41, 42, 43, 44, 46, 47, 48, 49, 50, 51, 53, 54, 55, 56, 57, 59, 60, 62, 63, 65, 67, 68, 69, 70, 71, 72, 74, 75, 76, 77, 78, 81, 82, 85, 86, 87, 88, 90, 94, 95, 96, 97, 98, 101, 102, 103, 104, 105, 106, 108, 109, 110, 111, 112, 113, 114, 115, 117, 119, 120, 121, 122, 123, 126, 127, 128]","[16, 19, 28]"
EXP-XAI-0001,B6:23,MODEL-C2,SINGLE_FEATURE_ABLATION_LOCAL,SINGLE_FEATURE_ABLATION_LOCAL,5,"[16, 19, 28, 83, 91, 84, 107, 8, 27, 66, 99, 116, 36, 52, 92, 93, 100, 124, 125, 29, 45, 58, 61, 64, 73, 79, 80, 89, 118, 1, 2, 3, 4, 5, 6, 7, 9, 10, 11, 12, 13, 14, 15, 17, 18, 20, 21, 22, 23, 24, 25, 26, 30, 31, 32, 33, 34, 35, 37, 38, 39, 40, 41, 42, 43, 44, 46, 47, 48, 49, 50, 51, 53, 54, 55, 56, 57, 59, 60, 62, 63, 65, 67, 68, 69, 70, 71, 72, 74, 75, 76, 77, 78, 81, 82, 85, 86, 87, 88, 90, 94, 95, 96, 97, 98, 101, 102, 103, 104, 105, 106, 108, 109, 110, 111, 112, 113, 114, 115, 117, 119, 120, 121, 122, 123, 126, 127, 128]","[16, 19, 28, 83, 91]"
EXP-XAI-0001,B6:23,MODEL-C2,SINGLE_FEATURE_ABLATION_LOCAL,SINGLE_FEATURE_ABLATION_LOCAL,10,"[16, 19, 28, 83, 91, 84, 107, 8, 27, 66, 99, 116, 36, 52, 92, 93, 100, 124, 125, 29, 45, 58, 61, 64, 73, 79, 80, 89, 118, 1, 2, 3, 4, 5, 6, 7, 9, 10, 11, 12, 13, 14, 15, 17, 18, 20, 21, 22, 23, 24, 25, 26, 30, 31, 32, 33, 34, 35, 37, 38, 39, 40, 41, 42, 43, 44, 46, 47, 48, 49, 50, 51, 53, 54, 55, 56, 57, 59, 60, 62, 63, 65, 67, 68, 69, 70, 71, 72, 74, 75, 76, 77, 78, 81, 82, 85, 86, 87, 88, 90, 94, 95, 96, 97, 98, 101, 102, 103, 104, 105, 106, 108, 109, 110, 111, 112, 113, 114, 115, 117, 119, 120, 121, 122, 123, 126, 127, 128]","[16, 19, 28, 83, 91, 84, 107, 8, 27, 66]"
EXP-XAI-0001,B6:24,MODEL-C2,SINGLE_FEATURE_ABLATION_LOCAL,SINGLE_FEATURE_ABLATION_LOCAL,1,"[16, 8, 28, 83, 84, 99, 116, 36, 52, 66, 91, 92, 93, 100, 124, 125, 19, 27, 29, 45, 61, 64, 73, 79, 80, 107, 118, 1, 2, 3, 4, 5, 6, 7, 9, 10, 11, 12, 13, 14, 15, 17, 18, 20, 21, 22, 23, 24, 25, 26, 30, 31, 32, 33, 34, 35, 37, 38, 39, 40, 41, 42, 43, 44, 46, 47, 48, 49, 50, 51, 53, 54, 55, 56, 57, 58, 59, 60, 62, 63, 65, 67, 68, 69, 70, 71, 72, 74, 75, 76, 77, 78, 81, 82, 85, 86, 87, 88, 89, 90, 94, 95, 96, 97, 98, 101, 102, 103, 104, 105, 106, 108, 109, 110, 111, 112, 113, 114, 115, 117, 119, 120, 121, 122, 123, 126, 127, 128]",[16]
EXP-XAI-0001,B6:24,MODEL-C2,SINGLE_FEATURE_ABLATION_LOCAL,SINGLE_FEATURE_ABLATION_LOCAL,3,"[16, 8, 28, 83, 84, 99, 116, 36, 52, 66, 91, 92, 93, 100, 124, 125, 19, 27, 29, 45, 61, 64, 73, 79, 80, 107, 118, 1, 2, 3, 4, 5, 6, 7, 9, 10, 11, 12, 13, 14, 15, 17, 18, 20, 21, 22, 23, 24, 25, 26, 30, 31, 32, 33, 34, 35, 37, 38, 39, 40, 41, 42, 43, 44, 46, 47, 48, 49, 50, 51, 53, 54, 55, 56, 57, 58, 59, 60, 62, 63, 65, 67, 68, 69, 70, 71, 72, 74, 75, 76, 77, 78, 81, 82, 85, 86, 87, 88, 89, 90, 94, 95, 96, 97, 98, 101, 102, 103, 104, 105, 106, 108, 109, 110, 111, 112, 113, 114, 115, 117, 119, 120, 121, 122, 123, 126, 127, 128]","[16, 8, 28]"
EXP-XAI-0001,B6:24,MODEL-C2,SINGLE_FEATURE_ABLATION_LOCAL,SINGLE_FEATURE_ABLATION_LOCAL,5,"[16, 8, 28, 83, 84, 99, 116, 36, 52, 66, 91, 92, 93, 100, 124, 125, 19, 27, 29, 45, 61, 64, 73, 79, 80, 107, 118, 1, 2, 3, 4, 5, 6, 7, 9, 10, 11, 12, 13, 14, 15, 17, 18, 20, 21, 22, 23, 24, 25, 26, 30, 31, 32, 33, 34, 35, 37, 38, 39, 40, 41, 42, 43, 44, 46, 47, 48, 49, 50, 51, 53, 54, 55, 56, 57, 58, 59, 60, 62, 63, 65, 67, 68, 69, 70, 71, 72, 74, 75, 76, 77, 78, 81, 82, 85, 86, 87, 88, 89, 90, 94, 95, 96, 97, 98, 101, 102, 103, 104, 105, 106, 108, 109, 110, 111, 112, 113, 114, 115, 117, 119, 120, 121, 122, 123, 126, 127, 128]","[16, 8, 28, 83, 84]"
EXP-XAI-0001,B6:24,MODEL-C2,SINGLE_FEATURE_ABLATION_LOCAL,SINGLE_FEATURE_ABLATION_LOCAL,10,"[16, 8, 28, 83, 84, 99, 116, 36, 52, 66, 91, 92, 93, 100, 124, 125, 19, 27, 29, 45, 61, 64, 73, 79, 80, 107, 118, 1, 2, 3, 4, 5, 6, 7, 9, 10, 11, 12, 13, 14, 15, 17, 18, 20, 21, 22, 23, 24, 25, 26, 30, 31, 32, 33, 34, 35, 37, 38, 39, 40, 41, 42, 43, 44, 46, 47, 48, 49, 50, 51, 53, 54, 55, 56, 57, 58, 59, 60, 62, 63, 65, 67, 68, 69, 70, 71, 72, 74, 75, 76, 77, 78, 81, 82, 85, 86, 87, 88, 89, 90, 94, 95, 96, 97, 98, 101, 102, 103, 104, 105, 106, 108, 109, 110, 111, 112, 113, 114, 115, 117, 119, 120, 121, 122, 123, 126, 127, 128]","[16, 8, 28, 83, 84, 99, 116, 36, 52, 66]"
EXP-XAI-0001,B6:387,MODEL-C2,SINGLE_FEATURE_ABLATION_LOCAL,SINGLE_FEATURE_ABLATION_LOCAL,1,"[73, 6, 65, 16, 7, 8, 72, 14, 1, 68, 80, 3, 9, 38, 70, 76, 77, 79, 122, 2, 4, 5, 10, 11, 12, 13, 15, 17, 18, 19, 20, 21, 22, 23, 24, 25, 26, 27, 28, 29, 30, 31, 32, 33, 34, 35, 36, 37, 39, 40, 41, 42, 43, 44, 45, 46, 47, 48, 49, 50, 51, 52, 53, 54, 55, 56, 57, 58, 59, 60, 61, 62, 63, 64, 66, 67, 69, 71, 74, 75, 78, 81, 82, 83, 84, 85, 86, 87, 88, 89, 90, 91, 92, 93, 94, 95, 96, 97, 98, 99, 100, 101, 102, 103, 104, 105, 106, 107, 108, 109, 110, 111, 112, 113, 114, 115, 116, 117, 118, 119, 120, 121, 123, 124, 125, 126, 127, 128]",[73]
EXP-XAI-0001,B6:387,MODEL-C2,SINGLE_FEATURE_ABLATION_LOCAL,SINGLE_FEATURE_ABLATION_LOCAL,3,"[73, 6, 65, 16, 7, 8, 72, 14, 1, 68, 80, 3, 9, 38, 70, 76, 77, 79, 122, 2, 4, 5, 10, 11, 12, 13, 15, 17, 18, 19, 20, 21, 22, 23, 24, 25, 26, 27, 28, 29, 30, 31, 32, 33, 34, 35, 36, 37, 39, 40, 41, 42, 43, 44, 45, 46, 47, 48, 49, 50, 51, 52, 53, 54, 55, 56, 57, 58, 59, 60, 61, 62, 63, 64, 66, 67, 69, 71, 74, 75, 78, 81, 82, 83, 84, 85, 86, 87, 88, 89, 90, 91, 92, 93, 94, 95, 96, 97, 98, 99, 100, 101, 102, 103, 104, 105, 106, 107, 108, 109, 110, 111, 112, 113, 114, 115, 116, 117, 118, 119, 120, 121, 123, 124, 125, 126, 127, 128]","[73, 6, 65]"
EXP-XAI-0001,B6:387,MODEL-C2,SINGLE_FEATURE_ABLATION_LOCAL,SINGLE_FEATURE_ABLATION_LOCAL,5,"[73, 6, 65, 16, 7, 8, 72, 14, 1, 68, 80, 3, 9, 38, 70, 76, 77, 79, 122, 2, 4, 5, 10, 11, 12, 13, 15, 17, 18, 19, 20, 21, 22, 23, 24, 25, 26, 27, 28, 29, 30, 31, 32, 33, 34, 35, 36, 37, 39, 40, 41, 42, 43, 44, 45, 46, 47, 48, 49, 50, 51, 52, 53, 54, 55, 56, 57, 58, 59, 60, 61, 62, 63, 64, 66, 67, 69, 71, 74, 75, 78, 81, 82, 83, 84, 85, 86, 87, 88, 89, 90, 91, 92, 93, 94, 95, 96, 97, 98, 99, 100, 101, 102, 103, 104, 105, 106, 107, 108, 109, 110, 111, 112, 113, 114, 115, 116, 117, 118, 119, 120, 121, 123, 124, 125, 126, 127, 128]","[73, 6, 65, 16, 7]"
EXP-XAI-0001,B6:387,MODEL-C2,SINGLE_FEATURE_ABLATION_LOCAL,SINGLE_FEATURE_ABLATION_LOCAL,10,"[73, 6, 65, 16, 7, 8, 72, 14, 1, 68, 80, 3, 9, 38, 70, 76, 77, 79, 122, 2, 4, 5, 10, 11, 12, 13, 15, 17, 18, 19, 20, 21, 22, 23, 24, 25, 26, 27, 28, 29, 30, 31, 32, 33, 34, 35, 36, 37, 39, 40, 41, 42, 43, 44, 45, 46, 47, 48, 49, 50, 51, 52, 53, 54, 55, 56, 57, 58, 59, 60, 61, 62, 63, 64, 66, 67, 69, 71, 74, 75, 78, 81, 82, 83, 84, 85, 86, 87, 88, 89, 90, 91, 92, 93, 94, 95, 96, 97, 98, 99, 100, 101, 102, 103, 104, 105, 106, 107, 108, 109, 110, 111, 112, 113, 114, 115, 116, 117, 118, 119, 120, 121, 123, 124, 125, 126, 127, 128]","[73, 6, 65, 16, 7, 8, 72, 14, 1, 68]"
EXP-XAI-0001,B6:388,MODEL-C2,SINGLE_FEATURE_ABLATION_LOCAL,SINGLE_FEATURE_ABLATION_LOCAL,1,"[73, 1, 6, 65, 7, 9, 8, 14, 16, 122, 34, 74, 114, 2, 15, 23, 38, 46, 68, 70, 71, 76, 79, 80, 82, 90, 3, 4, 5, 10, 11, 12, 13, 17, 18, 19, 20, 21, 22, 24, 25, 26, 27, 28, 29, 30, 31, 32, 33, 35, 36, 37, 39, 40, 41, 42, 43, 44, 45, 47, 48, 49, 50, 51, 52, 53, 54, 55, 56, 57, 58, 59, 60, 61, 62, 63, 64, 66, 67, 69, 72, 75, 77, 78, 81, 83, 84, 85, 86, 87, 88, 89, 91, 92, 93, 94, 95, 96, 97, 98, 99, 100, 101, 102, 103, 104, 105, 106, 107, 108, 109, 110, 111, 112, 113, 115, 116, 117, 118, 119, 120, 121, 123, 124, 125, 126, 127, 128]",[73]
EXP-XAI-0001,B6:388,MODEL-C2,SINGLE_FEATURE_ABLATION_LOCAL,SINGLE_FEATURE_ABLATION_LOCAL,3,"[73, 1, 6, 65, 7, 9, 8, 14, 16, 122, 34, 74, 114, 2, 15, 23, 38, 46, 68, 70, 71, 76, 79, 80, 82, 90, 3, 4, 5, 10, 11, 12, 13, 17, 18, 19, 20, 21, 22, 24, 25, 26, 27, 28, 29, 30, 31, 32, 33, 35, 36, 37, 39, 40, 41, 42, 43, 44, 45, 47, 48, 49, 50, 51, 52, 53, 54, 55, 56, 57, 58, 59, 60, 61, 62, 63, 64, 66, 67, 69, 72, 75, 77, 78, 81, 83, 84, 85, 86, 87, 88, 89, 91, 92, 93, 94, 95, 96, 97, 98, 99, 100, 101, 102, 103, 104, 105, 106, 107, 108, 109, 110, 111, 112, 113, 115, 116, 117, 118, 119, 120, 121, 123, 124, 125, 126, 127, 128]","[73, 1, 6]"
EXP-XAI-0001,B6:388,MODEL-C2,SINGLE_FEATURE_ABLATION_LOCAL,SINGLE_FEATURE_ABLATION_LOCAL,5,"[73, 1, 6, 65, 7, 9, 8, 14, 16, 122, 34, 74, 114, 2, 15, 23, 38, 46, 68, 70, 71, 76, 79, 80, 82, 90, 3, 4, 5, 10, 11, 12, 13, 17, 18, 19, 20, 21, 22, 24, 25, 26, 27, 28, 29, 30, 31, 32, 33, 35, 36, 37, 39, 40, 41, 42, 43, 44, 45, 47, 48, 49, 50, 51, 52, 53, 54, 55, 56, 57, 58, 59, 60, 61, 62, 63, 64, 66, 67, 69, 72, 75, 77, 78, 81, 83, 84, 85, 86, 87, 88, 89, 91, 92, 93, 94, 95, 96, 97, 98, 99, 100, 101, 102, 103, 104, 105, 106, 107, 108, 109, 110, 111, 112, 113, 115, 116, 117, 118, 119, 120, 121, 123, 124, 125, 126, 127, 128]","[73, 1, 6, 65, 7]"
EXP-XAI-0001,B6:388,MODEL-C2,SINGLE_FEATURE_ABLATION_LOCAL,SINGLE_FEATURE_ABLATION_LOCAL,10,"[73, 1, 6, 65, 7, 9, 8, 14, 16, 122, 34, 74, 114, 2, 15, 23, 38, 46, 68, 70, 71, 76, 79, 80, 82, 90, 3, 4, 5, 10, 11, 12, 13, 17, 18, 19, 20, 21, 22, 24, 25, 26, 27, 28, 29, 30, 31, 32, 33, 35, 36, 37, 39, 40, 41, 42, 43, 44, 45, 47, 48, 49, 50, 51, 52, 53, 54, 55, 56, 57, 58, 59, 60, 61, 62, 63, 64, 66, 67, 69, 72, 75, 77, 78, 81, 83, 84, 85, 86, 87, 88, 89, 91, 92, 93, 94, 95, 96, 97, 98, 99, 100, 101, 102, 103, 104, 105, 106, 107, 108, 109, 110, 111, 112, 113, 115, 116, 117, 118, 119, 120, 121, 123, 124, 125, 126, 127, 128]","[73, 1, 6, 65, 7, 9, 8, 14, 16, 122]"
EXP-XAI-0001,B6:389,MODEL-C2,SINGLE_FEATURE_ABLATION_LOCAL,SINGLE_FEATURE_ABLATION_LOCAL,1,"[1, 6, 65, 73, 7, 9, 14, 79, 114, 122, 90, 2, 16, 34, 38, 46, 68, 74, 8, 11, 15, 42, 50, 55, 58, 69, 70, 71, 75, 76, 77, 78, 80, 82, 3, 4, 5, 10, 12, 13, 17, 18, 19, 20, 21, 22, 23, 24, 25, 26, 27, 28, 29, 30, 31, 32, 33, 35, 36, 37, 39, 40, 41, 43, 44, 45, 47, 48, 49, 51, 52, 53, 54, 56, 57, 59, 60, 61, 62, 63, 64, 66, 67, 72, 81, 83, 84, 85, 86, 87, 88, 89, 91, 92, 93, 94, 95, 96, 97, 98, 99, 100, 101, 102, 103, 104, 105, 106, 107, 108, 109, 110, 111, 112, 113, 115, 116, 117, 118, 119, 120, 121, 123, 124, 125, 126, 127, 128]",[1]
EXP-XAI-0001,B6:389,MODEL-C2,SINGLE_FEATURE_ABLATION_LOCAL,SINGLE_FEATURE_ABLATION_LOCAL,3,"[1, 6, 65, 73, 7, 9, 14, 79, 114, 122, 90, 2, 16, 34, 38, 46, 68, 74, 8, 11, 15, 42, 50, 55, 58, 69, 70, 71, 75, 76, 77, 78, 80, 82, 3, 4, 5, 10, 12, 13, 17, 18, 19, 20, 21, 22, 23, 24, 25, 26, 27, 28, 29, 30, 31, 32, 33, 35, 36, 37, 39, 40, 41, 43, 44, 45, 47, 48, 49, 51, 52, 53, 54, 56, 57, 59, 60, 61, 62, 63, 64, 66, 67, 72, 81, 83, 84, 85, 86, 87, 88, 89, 91, 92, 93, 94, 95, 96, 97, 98, 99, 100, 101, 102, 103, 104, 105, 106, 107, 108, 109, 110, 111, 112, 113, 115, 116, 117, 118, 119, 120, 121, 123, 124, 125, 126, 127, 128]","[1, 6, 65]"
EXP-XAI-0001,B6:389,MODEL-C2,SINGLE_FEATURE_ABLATION_LOCAL,SINGLE_FEATURE_ABLATION_LOCAL,5,"[1, 6, 65, 73, 7, 9, 14, 79, 114, 122, 90, 2, 16, 34, 38, 46, 68, 74, 8, 11, 15, 42, 50, 55, 58, 69, 70, 71, 75, 76, 77, 78, 80, 82, 3, 4, 5, 10, 12, 13, 17, 18, 19, 20, 21, 22, 23, 24, 25, 26, 27, 28, 29, 30, 31, 32, 33, 35, 36, 37, 39, 40, 41, 43, 44, 45, 47, 48, 49, 51, 52, 53, 54, 56, 57, 59, 60, 61, 62, 63, 64, 66, 67, 72, 81, 83, 84, 85, 86, 87, 88, 89, 91, 92, 93, 94, 95, 96, 97, 98, 99, 100, 101, 102, 103, 104, 105, 106, 107, 108, 109, 110, 111, 112, 113, 115, 116, 117, 118, 119, 120, 121, 123, 124, 125, 126, 127, 128]","[1, 6, 65, 73, 7]"
EXP-XAI-0001,B6:389,MODEL-C2,SINGLE_FEATURE_ABLATION_LOCAL,SINGLE_FEATURE_ABLATION_LOCAL,10,"[1, 6, 65, 73, 7, 9, 14, 79, 114, 122, 90, 2, 16, 34, 38, 46, 68, 74, 8, 11, 15, 42, 50, 55, 58, 69, 70, 71, 75, 76, 77, 78, 80, 82, 3, 4, 5, 10, 12, 13, 17, 18, 19, 20, 21, 22, 23, 24, 25, 26, 27, 28, 29, 30, 31, 32, 33, 35, 36, 37, 39, 40, 41, 43, 44, 45, 47, 48, 49, 51, 52, 53, 54, 56, 57, 59, 60, 61, 62, 63, 64, 66, 67, 72, 81, 83, 84, 85, 86, 87, 88, 89, 91, 92, 93, 94, 95, 96, 97, 98, 99, 100, 101, 102, 103, 104, 105, 106, 107, 108, 109, 110, 111, 112, 113, 115, 116, 117, 118, 119, 120, 121, 123, 124, 125, 126, 127, 128]","[1, 6, 65, 73, 7, 9, 14, 79, 114, 122]"
EXP-XAI-0001,B6:390,MODEL-C2,SINGLE_FEATURE_ABLATION_LOCAL,SINGLE_FEATURE_ABLATION_LOCAL,1,"[1, 6, 65, 73, 7, 9, 122, 14, 114, 2, 38, 90, 16, 18, 34, 46, 68, 74, 79, 3, 8, 11, 15, 42, 50, 55, 58, 69, 70, 71, 75, 76, 77, 78, 80, 82, 86, 4, 5, 10, 12, 13, 17, 19, 20, 21, 22, 23, 24, 25, 26, 27, 28, 29, 30, 31, 32, 33, 35, 36, 37, 39, 40, 41, 43, 44, 45, 47, 48, 49, 51, 52, 53, 54, 56, 57, 59, 60, 61, 62, 63, 64, 66, 67, 72, 81, 83, 84, 85, 87, 88, 89, 91, 92, 93, 94, 95, 96, 97, 98, 99, 100, 101, 102, 103, 104, 105, 106, 107, 108, 109, 110, 111, 112, 113, 115, 116, 117, 118, 119, 120, 121, 123, 124, 125, 126, 127, 128]",[1]
EXP-XAI-0001,B6:390,MODEL-C2,SINGLE_FEATURE_ABLATION_LOCAL,SINGLE_FEATURE_ABLATION_LOCAL,3,"[1, 6, 65, 73, 7, 9, 122, 14, 114, 2, 38, 90, 16, 18, 34, 46, 68, 74, 79, 3, 8, 11, 15, 42, 50, 55, 58, 69, 70, 71, 75, 76, 77, 78, 80, 82, 86, 4, 5, 10, 12, 13, 17, 19, 20, 21, 22, 23, 24, 25, 26, 27, 28, 29, 30, 31, 32, 33, 35, 36, 37, 39, 40, 41, 43, 44, 45, 47, 48, 49, 51, 52, 53, 54, 56, 57, 59, 60, 61, 62, 63, 64, 66, 67, 72, 81, 83, 84, 85, 87, 88, 89, 91, 92, 93, 94, 95, 96, 97, 98, 99, 100, 101, 102, 103, 104, 105, 106, 107, 108, 109, 110, 111, 112, 113, 115, 116, 117, 118, 119, 120, 121, 123, 124, 125, 126, 127, 128]","[1, 6, 65]"
EXP-XAI-0001,B6:390,MODEL-C2,SINGLE_FEATURE_ABLATION_LOCAL,SINGLE_FEATURE_ABLATION_LOCAL,5,"[1, 6, 65, 73, 7, 9, 122, 14, 114, 2, 38, 90, 16, 18, 34, 46, 68, 74, 79, 3, 8, 11, 15, 42, 50, 55, 58, 69, 70, 71, 75, 76, 77, 78, 80, 82, 86, 4, 5, 10, 12, 13, 17, 19, 20, 21, 22, 23, 24, 25, 26, 27, 28, 29, 30, 31, 32, 33, 35, 36, 37, 39, 40, 41, 43, 44, 45, 47, 48, 49, 51, 52, 53, 54, 56, 57, 59, 60, 61, 62, 63, 64, 66, 67, 72, 81, 83, 84, 85, 87, 88, 89, 91, 92, 93, 94, 95, 96, 97, 98, 99, 100, 101, 102, 103, 104, 105, 106, 107, 108, 109, 110, 111, 112, 113, 115, 116, 117, 118, 119, 120, 121, 123, 124, 125, 126, 127, 128]","[1, 6, 65, 73, 7]"
EXP-XAI-0001,B6:390,MODEL-C2,SINGLE_FEATURE_ABLATION_LOCAL,SINGLE_FEATURE_ABLATION_LOCAL,10,"[1, 6, 65, 73, 7, 9, 122, 14, 114, 2, 38, 90, 16, 18, 34, 46, 68, 74, 79, 3, 8, 11, 15, 42, 50, 55, 58, 69, 70, 71, 75, 76, 77, 78, 80, 82, 86, 4, 5, 10, 12, 13, 17, 19, 20, 21, 22, 23, 24, 25, 26, 27, 28, 29, 30, 31, 32, 33, 35, 36, 37, 39, 40, 41, 43, 44, 45, 47, 48, 49, 51, 52, 53, 54, 56, 57, 59, 60, 61, 62, 63, 64, 66, 67, 72, 81, 83, 84, 85, 87, 88, 89, 91, 92, 93, 94, 95, 96, 97, 98, 99, 100, 101, 102, 103, 104, 105, 106, 107, 108, 109, 110, 111, 112, 113, 115, 116, 117, 118, 119, 120, 121, 123, 124, 125, 126, 127, 128]","[1, 6, 65, 73, 7, 9, 122, 14, 114, 2]"
EXP-XAI-0001,B6:391,MODEL-C2,SINGLE_FEATURE_ABLATION_LOCAL,SINGLE_FEATURE_ABLATION_LOCAL,1,"[1, 6, 73, 65, 122, 7, 9, 14, 114, 3, 18, 38, 68, 90, 2, 16, 34, 46, 50, 58, 74, 8, 11, 15, 42, 55, 69, 70, 71, 72, 75, 76, 77, 78, 79, 80, 82, 86, 4, 5, 10, 12, 13, 17, 19, 20, 21, 22, 23, 24, 25, 26, 27, 28, 29, 30, 31, 32, 33, 35, 36, 37, 39, 40, 41, 43, 44, 45, 47, 48, 49, 51, 52, 53, 54, 56, 57, 59, 60, 61, 62, 63, 64, 66, 67, 81, 83, 84, 85, 87, 88, 89, 91, 92, 93, 94, 95, 96, 97, 98, 99, 100, 101, 102, 103, 104, 105, 106, 107, 108, 109, 110, 111, 112, 113, 115, 116, 117, 118, 119, 120, 121, 123, 124, 125, 126, 127, 128]",[1]
EXP-XAI-0001,B6:391,MODEL-C2,SINGLE_FEATURE_ABLATION_LOCAL,SINGLE_FEATURE_ABLATION_LOCAL,3,"[1, 6, 73, 65, 122, 7, 9, 14, 114, 3, 18, 38, 68, 90, 2, 16, 34, 46, 50, 58, 74, 8, 11, 15, 42, 55, 69, 70, 71, 72, 75, 76, 77, 78, 79, 80, 82, 86, 4, 5, 10, 12, 13, 17, 19, 20, 21, 22, 23, 24, 25, 26, 27, 28, 29, 30, 31, 32, 33, 35, 36, 37, 39, 40, 41, 43, 44, 45, 47, 48, 49, 51, 52, 53, 54, 56, 57, 59, 60, 61, 62, 63, 64, 66, 67, 81, 83, 84, 85, 87, 88, 89, 91, 92, 93, 94, 95, 96, 97, 98, 99, 100, 101, 102, 103, 104, 105, 106, 107, 108, 109, 110, 111, 112, 113, 115, 116, 117, 118, 119, 120, 121, 123, 124, 125, 126, 127, 128]","[1, 6, 73]"
EXP-XAI-0001,B6:391,MODEL-C2,SINGLE_FEATURE_ABLATION_LOCAL,SINGLE_FEATURE_ABLATION_LOCAL,5,"[1, 6, 73, 65, 122, 7, 9, 14, 114, 3, 18, 38, 68, 90, 2, 16, 34, 46, 50, 58, 74, 8, 11, 15, 42, 55, 69, 70, 71, 72, 75, 76, 77, 78, 79, 80, 82, 86, 4, 5, 10, 12, 13, 17, 19, 20, 21, 22, 23, 24, 25, 26, 27, 28, 29, 30, 31, 32, 33, 35, 36, 37, 39, 40, 41, 43, 44, 45, 47, 48, 49, 51, 52, 53, 54, 56, 57, 59, 60, 61, 62, 63, 64, 66, 67, 81, 83, 84, 85, 87, 88, 89, 91, 92, 93, 94, 95, 96, 97, 98, 99, 100, 101, 102, 103, 104, 105, 106, 107, 108, 109, 110, 111, 112, 113, 115, 116, 117, 118, 119, 120, 121, 123, 124, 125, 126, 127, 128]","[1, 6, 73, 65, 122]"
EXP-XAI-0001,B6:391,MODEL-C2,SINGLE_FEATURE_ABLATION_LOCAL,SINGLE_FEATURE_ABLATION_LOCAL,10,"[1, 6, 73, 65, 122, 7, 9, 14, 114, 3, 18, 38, 68, 90, 2, 16, 34, 46, 50, 58, 74, 8, 11, 15, 42, 55, 69, 70, 71, 72, 75, 76, 77, 78, 79, 80, 82, 86, 4, 5, 10, 12, 13, 17, 19, 20, 21, 22, 23, 24, 25, 26, 27, 28, 29, 30, 31, 32, 33, 35, 36, 37, 39, 40, 41, 43, 44, 45, 47, 48, 49, 51, 52, 53, 54, 56, 57, 59, 60, 61, 62, 63, 64, 66, 67, 81, 83, 84, 85, 87, 88, 89, 91, 92, 93, 94, 95, 96, 97, 98, 99, 100, 101, 102, 103, 104, 105, 106, 107, 108, 109, 110, 111, 112, 113, 115, 116, 117, 118, 119, 120, 121, 123, 124, 125, 126, 127, 128]","[1, 6, 73, 65, 122, 7, 9, 14, 114, 3]"
EXP-XAI-0001,B6:392,MODEL-C2,SINGLE_FEATURE_ABLATION_LOCAL,SINGLE_FEATURE_ABLATION_LOCAL,1,"[58, 122, 1, 114, 50, 79, 9, 18, 65, 6, 73, 34, 8, 7, 26, 38, 55, 78, 90, 3, 46, 68, 2, 11, 14, 24, 42, 52, 54, 70, 71, 72, 74, 75, 81, 82, 87, 97, 4, 5, 10, 12, 13, 15, 16, 17, 19, 20, 21, 22, 23, 25, 27, 28, 29, 30, 31, 32, 33, 35, 36, 37, 39, 40, 41, 43, 44, 45, 47, 48, 49, 51, 53, 56, 57, 59, 60, 61, 62, 63, 64, 66, 67, 69, 76, 77, 80, 83, 84, 85, 86, 88, 89, 91, 92, 93, 94, 95, 96, 98, 99, 100, 101, 102, 103, 104, 105, 106, 107, 108, 109, 110, 111, 112, 113, 115, 116, 117, 118, 119, 120, 121, 123, 124, 125, 126, 127, 128]",[58]
EXP-XAI-0001,B6:392,MODEL-C2,SINGLE_FEATURE_ABLATION_LOCAL,SINGLE_FEATURE_ABLATION_LOCAL,3,"[58, 122, 1, 114, 50, 79, 9, 18, 65, 6, 73, 34, 8, 7, 26, 38, 55, 78, 90, 3, 46, 68, 2, 11, 14, 24, 42, 52, 54, 70, 71, 72, 74, 75, 81, 82, 87, 97, 4, 5, 10, 12, 13, 15, 16, 17, 19, 20, 21, 22, 23, 25, 27, 28, 29, 30, 31, 32, 33, 35, 36, 37, 39, 40, 41, 43, 44, 45, 47, 48, 49, 51, 53, 56, 57, 59, 60, 61, 62, 63, 64, 66, 67, 69, 76, 77, 80, 83, 84, 85, 86, 88, 89, 91, 92, 93, 94, 95, 96, 98, 99, 100, 101, 102, 103, 104, 105, 106, 107, 108, 109, 110, 111, 112, 113, 115, 116, 117, 118, 119, 120, 121, 123, 124, 125, 126, 127, 128]","[58, 122, 1]"
EXP-XAI-0001,B6:392,MODEL-C2,SINGLE_FEATURE_ABLATION_LOCAL,SINGLE_FEATURE_ABLATION_LOCAL,5,"[58, 122, 1, 114, 50, 79, 9, 18, 65, 6, 73, 34, 8, 7, 26, 38, 55, 78, 90, 3, 46, 68, 2, 11, 14, 24, 42, 52, 54, 70, 71, 72, 74, 75, 81, 82, 87, 97, 4, 5, 10, 12, 13, 15, 16, 17, 19, 20, 21, 22, 23, 25, 27, 28, 29, 30, 31, 32, 33, 35, 36, 37, 39, 40, 41, 43, 44, 45, 47, 48, 49, 51, 53, 56, 57, 59, 60, 61, 62, 63, 64, 66, 67, 69, 76, 77, 80, 83, 84, 85, 86, 88, 89, 91, 92, 93, 94, 95, 96, 98, 99, 100, 101, 102, 103, 104, 105, 106, 107, 108, 109, 110, 111, 112, 113, 115, 116, 117, 118, 119, 120, 121, 123, 124, 125, 126, 127, 128]","[58, 122, 1, 114, 50]"
EXP-XAI-0001,B6:392,MODEL-C2,SINGLE_FEATURE_ABLATION_LOCAL,SINGLE_FEATURE_ABLATION_LOCAL,10,"[58, 122, 1, 114, 50, 79, 9, 18, 65, 6, 73, 34, 8, 7, 26, 38, 55, 78, 90, 3, 46, 68, 2, 11, 14, 24, 42, 52, 54, 70, 71, 72, 74, 75, 81, 82, 87, 97, 4, 5, 10, 12, 13, 15, 16, 17, 19, 20, 21, 22, 23, 25, 27, 28, 29, 30, 31, 32, 33, 35, 36, 37, 39, 40, 41, 43, 44, 45, 47, 48, 49, 51, 53, 56, 57, 59, 60, 61, 62, 63, 64, 66, 67, 69, 76, 77, 80, 83, 84, 85, 86, 88, 89, 91, 92, 93, 94, 95, 96, 98, 99, 100, 101, 102, 103, 104, 105, 106, 107, 108, 109, 110, 111, 112, 113, 115, 116, 117, 118, 119, 120, 121, 123, 124, 125, 126, 127, 128]","[58, 122, 1, 114, 50, 79, 9, 18, 65, 6]"
EXP-XAI-0001,B6:393,MODEL-C2,SINGLE_FEATURE_ABLATION_LOCAL,SINGLE_FEATURE_ABLATION_LOCAL,1,"[58, 122, 1, 50, 114, 79, 9, 18, 6, 65, 73, 34, 8, 7, 38, 78, 55, 71, 90, 3, 46, 68, 2, 11, 14, 24, 26, 42, 52, 54, 70, 72, 74, 75, 77, 81, 82, 87, 97, 4, 5, 10, 12, 13, 15, 16, 17, 19, 20, 21, 22, 23, 25, 27, 28, 29, 30, 31, 32, 33, 35, 36, 37, 39, 40, 41, 43, 44, 45, 47, 48, 49, 51, 53, 56, 57, 59, 60, 61, 62, 63, 64, 66, 67, 69, 76, 80, 83, 84, 85, 86, 88, 89, 91, 92, 93, 94, 95, 96, 98, 99, 100, 101, 102, 103, 104, 105, 106, 107, 108, 109, 110, 111, 112, 113, 115, 116, 117, 118, 119, 120, 121, 123, 124, 125, 126, 127, 128]",[58]
EXP-XAI-0001,B6:393,MODEL-C2,SINGLE_FEATURE_ABLATION_LOCAL,SINGLE_FEATURE_ABLATION_LOCAL,3,"[58, 122, 1, 50, 114, 79, 9, 18, 6, 65, 73, 34, 8, 7, 38, 78, 55, 71, 90, 3, 46, 68, 2, 11, 14, 24, 26, 42, 52, 54, 70, 72, 74, 75, 77, 81, 82, 87, 97, 4, 5, 10, 12, 13, 15, 16, 17, 19, 20, 21, 22, 23, 25, 27, 28, 29, 30, 31, 32, 33, 35, 36, 37, 39, 40, 41, 43, 44, 45, 47, 48, 49, 51, 53, 56, 57, 59, 60, 61, 62, 63, 64, 66, 67, 69, 76, 80, 83, 84, 85, 86, 88, 89, 91, 92, 93, 94, 95, 96, 98, 99, 100, 101, 102, 103, 104, 105, 106, 107, 108, 109, 110, 111, 112, 113, 115, 116, 117, 118, 119, 120, 121, 123, 124, 125, 126, 127, 128]","[58, 122, 1]"
EXP-XAI-0001,B6:393,MODEL-C2,SINGLE_FEATURE_ABLATION_LOCAL,SINGLE_FEATURE_ABLATION_LOCAL,5,"[58, 122, 1, 50, 114, 79, 9, 18, 6, 65, 73, 34, 8, 7, 38, 78, 55, 71, 90, 3, 46, 68, 2, 11, 14, 24, 26, 42, 52, 54, 70, 72, 74, 75, 77, 81, 82, 87, 97, 4, 5, 10, 12, 13, 15, 16, 17, 19, 20, 21, 22, 23, 25, 27, 28, 29, 30, 31, 32, 33, 35, 36, 37, 39, 40, 41, 43, 44, 45, 47, 48, 49, 51, 53, 56, 57, 59, 60, 61, 62, 63, 64, 66, 67, 69, 76, 80, 83, 84, 85, 86, 88, 89, 91, 92, 93, 94, 95, 96, 98, 99, 100, 101, 102, 103, 104, 105, 106, 107, 108, 109, 110, 111, 112, 113, 115, 116, 117, 118, 119, 120, 121, 123, 124, 125, 126, 127, 128]","[58, 122, 1, 50, 114]"
EXP-XAI-0001,B6:393,MODEL-C2,SINGLE_FEATURE_ABLATION_LOCAL,SINGLE_FEATURE_ABLATION_LOCAL,10,"[58, 122, 1, 50, 114, 79, 9, 18, 6, 65, 73, 34, 8, 7, 38, 78, 55, 71, 90, 3, 46, 68, 2, 11, 14, 24, 26, 42, 52, 54, 70, 72, 74, 75, 77, 81, 82, 87, 97, 4, 5, 10, 12, 13, 15, 16, 17, 19, 20, 21, 22, 23, 25, 27, 28, 29, 30, 31, 32, 33, 35, 36, 37, 39, 40, 41, 43, 44, 45, 47, 48, 49, 51, 53, 56, 57, 59, 60, 61, 62, 63, 64, 66, 67, 69, 76, 80, 83, 84, 85, 86, 88, 89, 91, 92, 93, 94, 95, 96, 98, 99, 100, 101, 102, 103, 104, 105, 106, 107, 108, 109, 110, 111, 112, 113, 115, 116, 117, 118, 119, 120, 121, 123, 124, 125, 126, 127, 128]","[58, 122, 1, 50, 114, 79, 9, 18, 6, 65]"
EXP-XAI-0001,B6:926,MODEL-C2,SINGLE_FEATURE_ABLATION_LOCAL,SINGLE_FEATURE_ABLATION_LOCAL,1,"[79, 2, 114, 73, 122, 28, 78, 126, 10, 48, 58, 70, 74, 83, 84, 6, 9, 16, 27, 40, 52, 62, 63, 65, 66, 71, 91, 92, 93, 97, 1, 3, 7, 11, 17, 19, 20, 22, 29, 34, 37, 42, 46, 57, 72, 75, 76, 86, 95, 100, 104, 107, 108, 112, 113, 116, 118, 120, 125, 4, 5, 8, 12, 13, 14, 15, 18, 21, 23, 24, 25, 26, 30, 31, 32, 33, 35, 36, 38, 39, 41, 43, 44, 45, 47, 49, 50, 51, 53, 54, 55, 56, 59, 60, 61, 64, 67, 68, 69, 77, 80, 81, 82, 85, 87, 88, 89, 90, 94, 96, 98, 99, 101, 102, 103, 105, 106, 109, 110, 111, 115, 117, 119, 121, 123, 124, 127, 128]",[79]
EXP-XAI-0001,B6:926,MODEL-C2,SINGLE_FEATURE_ABLATION_LOCAL,SINGLE_FEATURE_ABLATION_LOCAL,3,"[79, 2, 114, 73, 122, 28, 78, 126, 10, 48, 58, 70, 74, 83, 84, 6, 9, 16, 27, 40, 52, 62, 63, 65, 66, 71, 91, 92, 93, 97, 1, 3, 7, 11, 17, 19, 20, 22, 29, 34, 37, 42, 46, 57, 72, 75, 76, 86, 95, 100, 104, 107, 108, 112, 113, 116, 118, 120, 125, 4, 5, 8, 12, 13, 14, 15, 18, 21, 23, 24, 25, 26, 30, 31, 32, 33, 35, 36, 38, 39, 41, 43, 44, 45, 47, 49, 50, 51, 53, 54, 55, 56, 59, 60, 61, 64, 67, 68, 69, 77, 80, 81, 82, 85, 87, 88, 89, 90, 94, 96, 98, 99, 101, 102, 103, 105, 106, 109, 110, 111, 115, 117, 119, 121, 123, 124, 127, 128]","[79, 2, 114]"
EXP-XAI-0001,B6:926,MODEL-C2,SINGLE_FEATURE_ABLATION_LOCAL,SINGLE_FEATURE_ABLATION_LOCAL,5,"[79, 2, 114, 73, 122, 28, 78, 126, 10, 48, 58, 70, 74, 83, 84, 6, 9, 16, 27, 40, 52, 62, 63, 65, 66, 71, 91, 92, 93, 97, 1, 3, 7, 11, 17, 19, 20, 22, 29, 34, 37, 42, 46, 57, 72, 75, 76, 86, 95, 100, 104, 107, 108, 112, 113, 116, 118, 120, 125, 4, 5, 8, 12, 13, 14, 15, 18, 21, 23, 24, 25, 26, 30, 31, 32, 33, 35, 36, 38, 39, 41, 43, 44, 45, 47, 49, 50, 51, 53, 54, 55, 56, 59, 60, 61, 64, 67, 68, 69, 77, 80, 81, 82, 85, 87, 88, 89, 90, 94, 96, 98, 99, 101, 102, 103, 105, 106, 109, 110, 111, 115, 117, 119, 121, 123, 124, 127, 128]","[79, 2, 114, 73, 122]"
EXP-XAI-0001,B6:926,MODEL-C2,SINGLE_FEATURE_ABLATION_LOCAL,SINGLE_FEATURE_ABLATION_LOCAL,10,"[79, 2, 114, 73, 122, 28, 78, 126, 10, 48, 58, 70, 74, 83, 84, 6, 9, 16, 27, 40, 52, 62, 63, 65, 66, 71, 91, 92, 93, 97, 1, 3, 7, 11, 17, 19, 20, 22, 29, 34, 37, 42, 46, 57, 72, 75, 76, 86, 95, 100, 104, 107, 108, 112, 113, 116, 118, 120, 125, 4, 5, 8, 12, 13, 14, 15, 18, 21, 23, 24, 25, 26, 30, 31, 32, 33, 35, 36, 38, 39, 41, 43, 44, 45, 47, 49, 50, 51, 53, 54, 55, 56, 59, 60, 61, 64, 67, 68, 69, 77, 80, 81, 82, 85, 87, 88, 89, 90, 94, 96, 98, 99, 101, 102, 103, 105, 106, 109, 110, 111, 115, 117, 119, 121, 123, 124, 127, 128]","[79, 2, 114, 73, 122, 28, 78, 126, 10, 48]"
EXP-XAI-0001,B6:928,MODEL-C2,SINGLE_FEATURE_ABLATION_LOCAL,SINGLE_FEATURE_ABLATION_LOCAL,1,"[79, 114, 50, 58, 122, 73, 78, 2, 65, 34, 70, 1, 18, 74, 14, 42, 98, 126, 6, 28, 83, 22, 33, 62, 71, 120, 10, 16, 72, 4, 9, 11, 17, 20, 26, 27, 29, 31, 38, 39, 41, 46, 48, 52, 57, 63, 66, 68, 76, 80, 82, 84, 85, 91, 95, 100, 104, 113, 118, 3, 5, 7, 8, 12, 13, 15, 19, 21, 23, 24, 25, 30, 32, 35, 36, 37, 40, 43, 44, 45, 47, 49, 51, 53, 54, 55, 56, 59, 60, 61, 64, 67, 69, 75, 77, 81, 86, 87, 88, 89, 90, 92, 93, 94, 96, 97, 99, 101, 102, 103, 105, 106, 107, 108, 109, 110, 111, 112, 115, 116, 117, 119, 121, 123, 124, 125, 127, 128]",[79]
EXP-XAI-0001,B6:928,MODEL-C2,SINGLE_FEATURE_ABLATION_LOCAL,SINGLE_FEATURE_ABLATION_LOCAL,3,"[79, 114, 50, 58, 122, 73, 78, 2, 65, 34, 70, 1, 18, 74, 14, 42, 98, 126, 6, 28, 83, 22, 33, 62, 71, 120, 10, 16, 72, 4, 9, 11, 17, 20, 26, 27, 29, 31, 38, 39, 41, 46, 48, 52, 57, 63, 66, 68, 76, 80, 82, 84, 85, 91, 95, 100, 104, 113, 118, 3, 5, 7, 8, 12, 13, 15, 19, 21, 23, 24, 25, 30, 32, 35, 36, 37, 40, 43, 44, 45, 47, 49, 51, 53, 54, 55, 56, 59, 60, 61, 64, 67, 69, 75, 77, 81, 86, 87, 88, 89, 90, 92, 93, 94, 96, 97, 99, 101, 102, 103, 105, 106, 107, 108, 109, 110, 111, 112, 115, 116, 117, 119, 121, 123, 124, 125, 127, 128]","[79, 114, 50]"
EXP-XAI-0001,B6:928,MODEL-C2,SINGLE_FEATURE_ABLATION_LOCAL,SINGLE_FEATURE_ABLATION_LOCAL,5,"[79, 114, 50, 58, 122, 73, 78, 2, 65, 34, 70, 1, 18, 74, 14, 42, 98, 126, 6, 28, 83, 22, 33, 62, 71, 120, 10, 16, 72, 4, 9, 11, 17, 20, 26, 27, 29, 31, 38, 39, 41, 46, 48, 52, 57, 63, 66, 68, 76, 80, 82, 84, 85, 91, 95, 100, 104, 113, 118, 3, 5, 7, 8, 12, 13, 15, 19, 21, 23, 24, 25, 30, 32, 35, 36, 37, 40, 43, 44, 45, 47, 49, 51, 53, 54, 55, 56, 59, 60, 61, 64, 67, 69, 75, 77, 81, 86, 87, 88, 89, 90, 92, 93, 94, 96, 97, 99, 101, 102, 103, 105, 106, 107, 108, 109, 110, 111, 112, 115, 116, 117, 119, 121, 123, 124, 125, 127, 128]","[79, 114, 50, 58, 122]"
EXP-XAI-0001,B6:928,MODEL-C2,SINGLE_FEATURE_ABLATION_LOCAL,SINGLE_FEATURE_ABLATION_LOCAL,10,"[79, 114, 50, 58, 122, 73, 78, 2, 65, 34, 70, 1, 18, 74, 14, 42, 98, 126, 6, 28, 83, 22, 33, 62, 71, 120, 10, 16, 72, 4, 9, 11, 17, 20, 26, 27, 29, 31, 38, 39, 41, 46, 48, 52, 57, 63, 66, 68, 76, 80, 82, 84, 85, 91, 95, 100, 104, 113, 118, 3, 5, 7, 8, 12, 13, 15, 19, 21, 23, 24, 25, 30, 32, 35, 36, 37, 40, 43, 44, 45, 47, 49, 51, 53, 54, 55, 56, 59, 60, 61, 64, 67, 69, 75, 77, 81, 86, 87, 88, 89, 90, 92, 93, 94, 96, 97, 99, 101, 102, 103, 105, 106, 107, 108, 109, 110, 111, 112, 115, 116, 117, 119, 121, 123, 124, 125, 127, 128]","[79, 114, 50, 58, 122, 73, 78, 2, 65, 34]"
EXP-XAI-0001,B6:932,MODEL-C2,SINGLE_FEATURE_ABLATION_LOCAL,SINGLE_FEATURE_ABLATION_LOCAL,1,"[79, 114, 122, 58, 78, 73, 1, 50, 9, 14, 7, 70, 126, 6, 65, 71, 87, 2, 10, 22, 30, 62, 63, 66, 80, 82, 120, 3, 17, 18, 20, 23, 26, 27, 28, 31, 34, 40, 52, 57, 64, 68, 72, 74, 75, 93, 95, 97, 100, 104, 107, 108, 113, 116, 118, 4, 5, 8, 11, 12, 13, 15, 16, 19, 21, 24, 25, 29, 32, 33, 35, 36, 37, 38, 39, 41, 42, 43, 44, 45, 46, 47, 48, 49, 51, 53, 54, 55, 56, 59, 60, 61, 67, 69, 76, 77, 81, 83, 84, 85, 86, 88, 89, 90, 91, 92, 94, 96, 98, 99, 101, 102, 103, 105, 106, 109, 110, 111, 112, 115, 117, 119, 121, 123, 124, 125, 127, 128]",[79]
EXP-XAI-0001,B6:932,MODEL-C2,SINGLE_FEATURE_ABLATION_LOCAL,SINGLE_FEATURE_ABLATION_LOCAL,3,"[79, 114, 122, 58, 78, 73, 1, 50, 9, 14, 7, 70, 126, 6, 65, 71, 87, 2, 10, 22, 30, 62, 63, 66, 80, 82, 120, 3, 17, 18, 20, 23, 26, 27, 28, 31, 34, 40, 52, 57, 64, 68, 72, 74, 75, 93, 95, 97, 100, 104, 107, 108, 113, 116, 118, 4, 5, 8, 11, 12, 13, 15, 16, 19, 21, 24, 25, 29, 32, 33, 35, 36, 37, 38, 39, 41, 42, 43, 44, 45, 46, 47, 48, 49, 51, 53, 54, 55, 56, 59, 60, 61, 67, 69, 76, 77, 81, 83, 84, 85, 86, 88, 89, 90, 91, 92, 94, 96, 98, 99, 101, 102, 103, 105, 106, 109, 110, 111, 112, 115, 117, 119, 121, 123, 124, 125, 127, 128]","[79, 114, 122]"
EXP-XAI-0001,B6:932,MODEL-C2,SINGLE_FEATURE_ABLATION_LOCAL,SINGLE_FEATURE_ABLATION_LOCAL,5,"[79, 114, 122, 58, 78, 73, 1, 50, 9, 14, 7, 70, 126, 6, 65, 71, 87, 2, 10, 22, 30, 62, 63, 66, 80, 82, 120, 3, 17, 18, 20, 23, 26, 27, 28, 31, 34, 40, 52, 57, 64, 68, 72, 74, 75, 93, 95, 97, 100, 104, 107, 108, 113, 116, 118, 4, 5, 8, 11, 12, 13, 15, 16, 19, 21, 24, 25, 29, 32, 33, 35, 36, 37, 38, 39, 41, 42, 43, 44, 45, 46, 47, 48, 49, 51, 53, 54, 55, 56, 59, 60, 61, 67, 69, 76, 77, 81, 83, 84, 85, 86, 88, 89, 90, 91, 92, 94, 96, 98, 99, 101, 102, 103, 105, 106, 109, 110, 111, 112, 115, 117, 119, 121, 123, 124, 125, 127, 128]","[79, 114, 122, 58, 78]"
EXP-XAI-0001,B6:932,MODEL-C2,SINGLE_FEATURE_ABLATION_LOCAL,SINGLE_FEATURE_ABLATION_LOCAL,10,"[79, 114, 122, 58, 78, 73, 1, 50, 9, 14, 7, 70, 126, 6, 65, 71, 87, 2, 10, 22, 30, 62, 63, 66, 80, 82, 120, 3, 17, 18, 20, 23, 26, 27, 28, 31, 34, 40, 52, 57, 64, 68, 72, 74, 75, 93, 95, 97, 100, 104, 107, 108, 113, 116, 118, 4, 5, 8, 11, 12, 13, 15, 16, 19, 21, 24, 25, 29, 32, 33, 35, 36, 37, 38, 39, 41, 42, 43, 44, 45, 46, 47, 48, 49, 51, 53, 54, 55, 56, 59, 60, 61, 67, 69, 76, 77, 81, 83, 84, 85, 86, 88, 89, 90, 91, 92, 94, 96, 98, 99, 101, 102, 103, 105, 106, 109, 110, 111, 112, 115, 117, 119, 121, 123, 124, 125, 127, 128]","[79, 114, 122, 58, 78, 73, 1, 50, 9, 14]"
EXP-XAI-0001,B6:1338,MODEL-C2,SINGLE_FEATURE_ABLATION_LOCAL,SINGLE_FEATURE_ABLATION_LOCAL,1,"[1, 73, 6, 7, 91, 27, 19, 28, 65, 3, 83, 52, 72, 79, 84, 89, 93, 116, 125, 8, 4, 5, 23, 48, 51, 76, 78, 92, 107, 117, 122, 124, 38, 70, 118, 2, 9, 10, 11, 12, 13, 14, 15, 16, 17, 18, 20, 21, 22, 24, 25, 26, 29, 30, 31, 32, 33, 34, 35, 36, 37, 39, 40, 41, 42, 43, 44, 45, 46, 47, 49, 50, 53, 54, 55, 56, 57, 58, 59, 60, 61, 62, 63, 64, 66, 67, 68, 69, 71, 74, 75, 77, 80, 81, 82, 85, 86, 87, 88, 90, 94, 95, 96, 97, 98, 99, 100, 101, 102, 103, 104, 105, 106, 108, 109, 110, 111, 112, 113, 114, 115, 119, 120, 121, 123, 126, 127, 128]",[1]
EXP-XAI-0001,B6:1338,MODEL-C2,SINGLE_FEATURE_ABLATION_LOCAL,SINGLE_FEATURE_ABLATION_LOCAL,3,"[1, 73, 6, 7, 91, 27, 19, 28, 65, 3, 83, 52, 72, 79, 84, 89, 93, 116, 125, 8, 4, 5, 23, 48, 51, 76, 78, 92, 107, 117, 122, 124, 38, 70, 118, 2, 9, 10, 11, 12, 13, 14, 15, 16, 17, 18, 20, 21, 22, 24, 25, 26, 29, 30, 31, 32, 33, 34, 35, 36, 37, 39, 40, 41, 42, 43, 44, 45, 46, 47, 49, 50, 53, 54, 55, 56, 57, 58, 59, 60, 61, 62, 63, 64, 66, 67, 68, 69, 71, 74, 75, 77, 80, 81, 82, 85, 86, 87, 88, 90, 94, 95, 96, 97, 98, 99, 100, 101, 102, 103, 104, 105, 106, 108, 109, 110, 111, 112, 113, 114, 115, 119, 120, 121, 123, 126, 127, 128]","[1, 73, 6]"
EXP-XAI-0001,B6:1338,MODEL-C2,SINGLE_FEATURE_ABLATION_LOCAL,SINGLE_FEATURE_ABLATION_LOCAL,5,"[1, 73, 6, 7, 91, 27, 19, 28, 65, 3, 83, 52, 72, 79, 84, 89, 93, 116, 125, 8, 4, 5, 23, 48, 51, 76, 78, 92, 107, 117, 122, 124, 38, 70, 118, 2, 9, 10, 11, 12, 13, 14, 15, 16, 17, 18, 20, 21, 22, 24, 25, 26, 29, 30, 31, 32, 33, 34, 35, 36, 37, 39, 40, 41, 42, 43, 44, 45, 46, 47, 49, 50, 53, 54, 55, 56, 57, 58, 59, 60, 61, 62, 63, 64, 66, 67, 68, 69, 71, 74, 75, 77, 80, 81, 82, 85, 86, 87, 88, 90, 94, 95, 96, 97, 98, 99, 100, 101, 102, 103, 104, 105, 106, 108, 109, 110, 111, 112, 113, 114, 115, 119, 120, 121, 123, 126, 127, 128]","[1, 73, 6, 7, 91]"
EXP-XAI-0001,B6:1338,MODEL-C2,SINGLE_FEATURE_ABLATION_LOCAL,SINGLE_FEATURE_ABLATION_LOCAL,10,"[1, 73, 6, 7, 91, 27, 19, 28, 65, 3, 83, 52, 72, 79, 84, 89, 93, 116, 125, 8, 4, 5, 23, 48, 51, 76, 78, 92, 107, 117, 122, 124, 38, 70, 118, 2, 9, 10, 11, 12, 13, 14, 15, 16, 17, 18, 20, 21, 22, 24, 25, 26, 29, 30, 31, 32, 33, 34, 35, 36, 37, 39, 40, 41, 42, 43, 44, 45, 46, 47, 49, 50, 53, 54, 55, 56, 57, 58, 59, 60, 61, 62, 63, 64, 66, 67, 68, 69, 71, 74, 75, 77, 80, 81, 82, 85, 86, 87, 88, 90, 94, 95, 96, 97, 98, 99, 100, 101, 102, 103, 104, 105, 106, 108, 109, 110, 111, 112, 113, 114, 115, 119, 120, 121, 123, 126, 127, 128]","[1, 73, 6, 7, 91, 27, 19, 28, 65, 3]"
EXP-XAI-0001,B10:0,MODEL-C2,SINGLE_FEATURE_ABLATION_LOCAL,SINGLE_FEATURE_ABLATION_LOCAL,1,"[58, 114, 50, 1, 18, 89, 122, 8, 97, 7, 14, 78, 9, 25, 26, 33, 34, 105, 6, 10, 12, 16, 39, 57, 65, 82, 98, 113, 118, 2, 3, 19, 38, 42, 54, 55, 63, 66, 72, 86, 87, 90, 94, 62, 70, 84, 11, 15, 46, 56, 64, 68, 76, 77, 80, 81, 85, 91, 95, 103, 106, 119, 120, 123, 4, 17, 22, 30, 60, 71, 73, 75, 83, 92, 102, 110, 116, 127, 5, 13, 20, 21, 23, 24, 27, 28, 29, 31, 32, 35, 36, 37, 40, 41, 43, 44, 45, 47, 48, 49, 51, 52, 53, 59, 61, 67, 69, 74, 79, 88, 93, 96, 99, 100, 101, 104, 107, 108, 109, 111, 112, 115, 117, 121, 124, 125, 126, 128]",[58]
EXP-XAI-0001,B10:0,MODEL-C2,SINGLE_FEATURE_ABLATION_LOCAL,SINGLE_FEATURE_ABLATION_LOCAL,3,"[58, 114, 50, 1, 18, 89, 122, 8, 97, 7, 14, 78, 9, 25, 26, 33, 34, 105, 6, 10, 12, 16, 39, 57, 65, 82, 98, 113, 118, 2, 3, 19, 38, 42, 54, 55, 63, 66, 72, 86, 87, 90, 94, 62, 70, 84, 11, 15, 46, 56, 64, 68, 76, 77, 80, 81, 85, 91, 95, 103, 106, 119, 120, 123, 4, 17, 22, 30, 60, 71, 73, 75, 83, 92, 102, 110, 116, 127, 5, 13, 20, 21, 23, 24, 27, 28, 29, 31, 32, 35, 36, 37, 40, 41, 43, 44, 45, 47, 48, 49, 51, 52, 53, 59, 61, 67, 69, 74, 79, 88, 93, 96, 99, 100, 101, 104, 107, 108, 109, 111, 112, 115, 117, 121, 124, 125, 126, 128]","[58, 114, 50]"
EXP-XAI-0001,B10:0,MODEL-C2,SINGLE_FEATURE_ABLATION_LOCAL,SINGLE_FEATURE_ABLATION_LOCAL,5,"[58, 114, 50, 1, 18, 89, 122, 8, 97, 7, 14, 78, 9, 25, 26, 33, 34, 105, 6, 10, 12, 16, 39, 57, 65, 82, 98, 113, 118, 2, 3, 19, 38, 42, 54, 55, 63, 66, 72, 86, 87, 90, 94, 62, 70, 84, 11, 15, 46, 56, 64, 68, 76, 77, 80, 81, 85, 91, 95, 103, 106, 119, 120, 123, 4, 17, 22, 30, 60, 71, 73, 75, 83, 92, 102, 110, 116, 127, 5, 13, 20, 21, 23, 24, 27, 28, 29, 31, 32, 35, 36, 37, 40, 41, 43, 44, 45, 47, 48, 49, 51, 52, 53, 59, 61, 67, 69, 74, 79, 88, 93, 96, 99, 100, 101, 104, 107, 108, 109, 111, 112, 115, 117, 121, 124, 125, 126, 128]","[58, 114, 50, 1, 18]"
EXP-XAI-0001,B10:0,MODEL-C2,SINGLE_FEATURE_ABLATION_LOCAL,SINGLE_FEATURE_ABLATION_LOCAL,10,"[58, 114, 50, 1, 18, 89, 122, 8, 97, 7, 14, 78, 9, 25, 26, 33, 34, 105, 6, 10, 12, 16, 39, 57, 65, 82, 98, 113, 118, 2, 3, 19, 38, 42, 54, 55, 63, 66, 72, 86, 87, 90, 94, 62, 70, 84, 11, 15, 46, 56, 64, 68, 76, 77, 80, 81, 85, 91, 95, 103, 106, 119, 120, 123, 4, 17, 22, 30, 60, 71, 73, 75, 83, 92, 102, 110, 116, 127, 5, 13, 20, 21, 23, 24, 27, 28, 29, 31, 32, 35, 36, 37, 40, 41, 43, 44, 45, 47, 48, 49, 51, 52, 53, 59, 61, 67, 69, 74, 79, 88, 93, 96, 99, 100, 101, 104, 107, 108, 109, 111, 112, 115, 117, 121, 124, 125, 126, 128]","[58, 114, 50, 1, 18, 89, 122, 8, 97, 7]"
EXP-XAI-0001,B10:1,MODEL-C2,SINGLE_FEATURE_ABLATION_LOCAL,SINGLE_FEATURE_ABLATION_LOCAL,1,"[74, 2, 10, 33, 79, 73, 1, 15, 66, 78, 89, 97, 98, 6, 71, 9, 102, 58, 7, 14, 34, 41, 46, 18, 114, 122, 8, 65, 113, 55, 17, 42, 49, 80, 50, 70, 106, 3, 25, 26, 38, 39, 54, 75, 4, 5, 11, 12, 16, 63, 76, 81, 82, 103, 105, 111, 121, 20, 22, 27, 28, 29, 30, 52, 53, 57, 68, 69, 72, 77, 85, 87, 90, 91, 94, 96, 99, 118, 120, 126, 13, 19, 21, 23, 24, 31, 32, 35, 36, 37, 40, 43, 44, 45, 47, 48, 51, 56, 59, 60, 61, 62, 64, 67, 83, 84, 86, 88, 92, 93, 95, 100, 101, 104, 107, 108, 109, 110, 112, 115, 116, 117, 119, 123, 124, 125, 127, 128]",[74]
EXP-XAI-0001,B10:1,MODEL-C2,SINGLE_FEATURE_ABLATION_LOCAL,SINGLE_FEATURE_ABLATION_LOCAL,3,"[74, 2, 10, 33, 79, 73, 1, 15, 66, 78, 89, 97, 98, 6, 71, 9, 102, 58, 7, 14, 34, 41, 46, 18, 114, 122, 8, 65, 113, 55, 17, 42, 49, 80, 50, 70, 106, 3, 25, 26, 38, 39, 54, 75, 4, 5, 11, 12, 16, 63, 76, 81, 82, 103, 105, 111, 121, 20, 22, 27, 28, 29, 30, 52, 53, 57, 68, 69, 72, 77, 85, 87, 90, 91, 94, 96, 99, 118, 120, 126, 13, 19, 21, 23, 24, 31, 32, 35, 36, 37, 40, 43, 44, 45, 47, 48, 51, 56, 59, 60, 61, 62, 64, 67, 83, 84, 86, 88, 92, 93, 95, 100, 101, 104, 107, 108, 109, 110, 112, 115, 116, 117, 119, 123, 124, 125, 127, 128]","[74, 2, 10]"
EXP-XAI-0001,B10:1,MODEL-C2,SINGLE_FEATURE_ABLATION_LOCAL,SINGLE_FEATURE_ABLATION_LOCAL,5,"[74, 2, 10, 33, 79, 73, 1, 15, 66, 78, 89, 97, 98, 6, 71, 9, 102, 58, 7, 14, 34, 41, 46, 18, 114, 122, 8, 65, 113, 55, 17, 42, 49, 80, 50, 70, 106, 3, 25, 26, 38, 39, 54, 75, 4, 5, 11, 12, 16, 63, 76, 81, 82, 103, 105, 111, 121, 20, 22, 27, 28, 29, 30, 52, 53, 57, 68, 69, 72, 77, 85, 87, 90, 91, 94, 96, 99, 118, 120, 126, 13, 19, 21, 23, 24, 31, 32, 35, 36, 37, 40, 43, 44, 45, 47, 48, 51, 56, 59, 60, 61, 62, 64, 67, 83, 84, 86, 88, 92, 93, 95, 100, 101, 104, 107, 108, 109, 110, 112, 115, 116, 117, 119, 123, 124, 125, 127, 128]","[74, 2, 10, 33, 79]"
EXP-XAI-0001,B10:1,MODEL-C2,SINGLE_FEATURE_ABLATION_LOCAL,SINGLE_FEATURE_ABLATION_LOCAL,10,"[74, 2, 10, 33, 79, 73, 1, 15, 66, 78, 89, 97, 98, 6, 71, 9, 102, 58, 7, 14, 34, 41, 46, 18, 114, 122, 8, 65, 113, 55, 17, 42, 49, 80, 50, 70, 106, 3, 25, 26, 38, 39, 54, 75, 4, 5, 11, 12, 16, 63, 76, 81, 82, 103, 105, 111, 121, 20, 22, 27, 28, 29, 30, 52, 53, 57, 68, 69, 72, 77, 85, 87, 90, 91, 94, 96, 99, 118, 120, 126, 13, 19, 21, 23, 24, 31, 32, 35, 36, 37, 40, 43, 44, 45, 47, 48, 51, 56, 59, 60, 61, 62, 64, 67, 83, 84, 86, 88, 92, 93, 95, 100, 101, 104, 107, 108, 109, 110, 112, 115, 116, 117, 119, 123, 124, 125, 127, 128]","[74, 2, 10, 33, 79, 73, 1, 15, 66, 78]"
EXP-XAI-0001,B10:2,MODEL-C2,SINGLE_FEATURE_ABLATION_LOCAL,SINGLE_FEATURE_ABLATION_LOCAL,1,"[16, 8, 125, 10, 35, 36, 37, 45, 61, 66, 79, 96, 117, 122, 124, 1, 2, 3, 4, 5, 6, 7, 9, 11, 12, 13, 14, 15, 17, 18, 19, 20, 21, 22, 23, 24, 25, 26, 27, 28, 29, 30, 31, 32, 33, 34, 38, 39, 40, 41, 42, 43, 44, 46, 47, 48, 49, 50, 51, 52, 53, 54, 55, 56, 57, 58, 59, 60, 62, 63, 64, 65, 67, 68, 69, 70, 71, 72, 73, 74, 75, 76, 77, 78, 80, 81, 82, 83, 84, 85, 86, 87, 88, 89, 90, 91, 92, 93, 94, 95, 97, 98, 99, 100, 101, 102, 103, 104, 105, 106, 107, 108, 109, 110, 111, 112, 113, 114, 115, 116, 118, 119, 120, 121, 123, 126, 127, 128]",[16]
EXP-XAI-0001,B10:2,MODEL-C2,SINGLE_FEATURE_ABLATION_LOCAL,SINGLE_FEATURE_ABLATION_LOCAL,3,"[16, 8, 125, 10, 35, 36, 37, 45, 61, 66, 79, 96, 117, 122, 124, 1, 2, 3, 4, 5, 6, 7, 9, 11, 12, 13, 14, 15, 17, 18, 19, 20, 21, 22, 23, 24, 25, 26, 27, 28, 29, 30, 31, 32, 33, 34, 38, 39, 40, 41, 42, 43, 44, 46, 47, 48, 49, 50, 51, 52, 53, 54, 55, 56, 57, 58, 59, 60, 62, 63, 64, 65, 67, 68, 69, 70, 71, 72, 73, 74, 75, 76, 77, 78, 80, 81, 82, 83, 84, 85, 86, 87, 88, 89, 90, 91, 92, 93, 94, 95, 97, 98, 99, 100, 101, 102, 103, 104, 105, 106, 107, 108, 109, 110, 111, 112, 113, 114, 115, 116, 118, 119, 120, 121, 123, 126, 127, 128]","[16, 8, 125]"
EXP-XAI-0001,B10:2,MODEL-C2,SINGLE_FEATURE_ABLATION_LOCAL,SINGLE_FEATURE_ABLATION_LOCAL,5,"[16, 8, 125, 10, 35, 36, 37, 45, 61, 66, 79, 96, 117, 122, 124, 1, 2, 3, 4, 5, 6, 7, 9, 11, 12, 13, 14, 15, 17, 18, 19, 20, 21, 22, 23, 24, 25, 26, 27, 28, 29, 30, 31, 32, 33, 34, 38, 39, 40, 41, 42, 43, 44, 46, 47, 48, 49, 50, 51, 52, 53, 54, 55, 56, 57, 58, 59, 60, 62, 63, 64, 65, 67, 68, 69, 70, 71, 72, 73, 74, 75, 76, 77, 78, 80, 81, 82, 83, 84, 85, 86, 87, 88, 89, 90, 91, 92, 93, 94, 95, 97, 98, 99, 100, 101, 102, 103, 104, 105, 106, 107, 108, 109, 110, 111, 112, 113, 114, 115, 116, 118, 119, 120, 121, 123, 126, 127, 128]","[16, 8, 125, 10, 35]"
EXP-XAI-0001,B10:2,MODEL-C2,SINGLE_FEATURE_ABLATION_LOCAL,SINGLE_FEATURE_ABLATION_LOCAL,10,"[16, 8, 125, 10, 35, 36, 37, 45, 61, 66, 79, 96, 117, 122, 124, 1, 2, 3, 4, 5, 6, 7, 9, 11, 12, 13, 14, 15, 17, 18, 19, 20, 21, 22, 23, 24, 25, 26, 27, 28, 29, 30, 31, 32, 33, 34, 38, 39, 40, 41, 42, 43, 44, 46, 47, 48, 49, 50, 51, 52, 53, 54, 55, 56, 57, 58, 59, 60, 62, 63, 64, 65, 67, 68, 69, 70, 71, 72, 73, 74, 75, 76, 77, 78, 80, 81, 82, 83, 84, 85, 86, 87, 88, 89, 90, 91, 92, 93, 94, 95, 97, 98, 99, 100, 101, 102, 103, 104, 105, 106, 107, 108, 109, 110, 111, 112, 113, 114, 115, 116, 118, 119, 120, 121, 123, 126, 127, 128]","[16, 8, 125, 10, 35, 36, 37, 45, 61, 66]"
EXP-XAI-0001,B10:3,MODEL-C2,SINGLE_FEATURE_ABLATION_LOCAL,SINGLE_FEATURE_ABLATION_LOCAL,1,"[58, 114, 50, 122, 89, 2, 9, 97, 1, 79, 65, 25, 34, 10, 18, 73, 41, 46, 102, 6, 74, 127, 33, 42, 70, 98, 113, 3, 118, 7, 81, 105, 106, 11, 63, 68, 71, 86, 38, 78, 103, 4, 8, 14, 15, 19, 26, 28, 44, 51, 54, 62, 72, 76, 115, 126, 31, 39, 47, 57, 66, 85, 90, 91, 104, 110, 111, 121, 5, 12, 13, 16, 17, 20, 21, 22, 23, 24, 27, 29, 30, 32, 35, 36, 37, 40, 43, 45, 48, 49, 52, 53, 55, 56, 59, 60, 61, 64, 67, 69, 75, 77, 80, 82, 83, 84, 87, 88, 92, 93, 94, 95, 96, 99, 100, 101, 107, 108, 109, 112, 116, 117, 119, 120, 123, 124, 125, 128]",[58]
EXP-XAI-0001,B10:3,MODEL-C2,SINGLE_FEATURE_ABLATION_LOCAL,SINGLE_FEATURE_ABLATION_LOCAL,3,"[58, 114, 50, 122, 89, 2, 9, 97, 1, 79, 65, 25, 34, 10, 18, 73, 41, 46, 102, 6, 74, 127, 33, 42, 70, 98, 113, 3, 118, 7, 81, 105, 106, 11, 63, 68, 71, 86, 38, 78, 103, 4, 8, 14, 15, 19, 26, 28, 44, 51, 54, 62, 72, 76, 115, 126, 31, 39, 47, 57, 66, 85, 90, 91, 104, 110, 111, 121, 5, 12, 13, 16, 17, 20, 21, 22, 23, 24, 27, 29, 30, 32, 35, 36, 37, 40, 43, 45, 48, 49, 52, 53, 55, 56, 59, 60, 61, 64, 67, 69, 75, 77, 80, 82, 83, 84, 87, 88, 92, 93, 94, 95, 96, 99, 100, 101, 107, 108, 109, 112, 116, 117, 119, 120, 123, 124, 125, 128]","[58, 114, 50]"
EXP-XAI-0001,B10:3,MODEL-C2,SINGLE_FEATURE_ABLATION_LOCAL,SINGLE_FEATURE_ABLATION_LOCAL,5,"[58, 114, 50, 122, 89, 2, 9, 97, 1, 79, 65, 25, 34, 10, 18, 73, 41, 46, 102, 6, 74, 127, 33, 42, 70, 98, 113, 3, 118, 7, 81, 105, 106, 11, 63, 68, 71, 86, 38, 78, 103, 4, 8, 14, 15, 19, 26, 28, 44, 51, 54, 62, 72, 76, 115, 126, 31, 39, 47, 57, 66, 85, 90, 91, 104, 110, 111, 121, 5, 12, 13, 16, 17, 20, 21, 22, 23, 24, 27, 29, 30, 32, 35, 36, 37, 40, 43, 45, 48, 49, 52, 53, 55, 56, 59, 60, 61, 64, 67, 69, 75, 77, 80, 82, 83, 84, 87, 88, 92, 93, 94, 95, 96, 99, 100, 101, 107, 108, 109, 112, 116, 117, 119, 120, 123, 124, 125, 128]","[58, 114, 50, 122, 89]"
EXP-XAI-0001,B10:3,MODEL-C2,SINGLE_FEATURE_ABLATION_LOCAL,SINGLE_FEATURE_ABLATION_LOCAL,10,"[58, 114, 50, 122, 89, 2, 9, 97, 1, 79, 65, 25, 34, 10, 18, 73, 41, 46, 102, 6, 74, 127, 33, 42, 70, 98, 113, 3, 118, 7, 81, 105, 106, 11, 63, 68, 71, 86, 38, 78, 103, 4, 8, 14, 15, 19, 26, 28, 44, 51, 54, 62, 72, 76, 115, 126, 31, 39, 47, 57, 66, 85, 90, 91, 104, 110, 111, 121, 5, 12, 13, 16, 17, 20, 21, 22, 23, 24, 27, 29, 30, 32, 35, 36, 37, 40, 43, 45, 48, 49, 52, 53, 55, 56, 59, 60, 61, 64, 67, 69, 75, 77, 80, 82, 83, 84, 87, 88, 92, 93, 94, 95, 96, 99, 100, 101, 107, 108, 109, 112, 116, 117, 119, 120, 123, 124, 125, 128]","[58, 114, 50, 122, 89, 2, 9, 97, 1, 79]"
EXP-XAI-0001,B10:4,MODEL-C2,SINGLE_FEATURE_ABLATION_LOCAL,SINGLE_FEATURE_ABLATION_LOCAL,1,"[16, 8, 80, 3, 6, 14, 37, 41, 50, 58, 61, 66, 70, 74, 78, 79, 122, 1, 2, 4, 5, 7, 9, 10, 11, 12, 13, 15, 17, 18, 19, 20, 21, 22, 23, 24, 25, 26, 27, 28, 29, 30, 31, 32, 33, 34, 35, 36, 38, 39, 40, 42, 43, 44, 45, 46, 47, 48, 49, 51, 52, 53, 54, 55, 56, 57, 59, 60, 62, 63, 64, 65, 67, 68, 69, 71, 72, 73, 75, 76, 77, 81, 82, 83, 84, 85, 86, 87, 88, 89, 90, 91, 92, 93, 94, 95, 96, 97, 98, 99, 100, 101, 102, 103, 104, 105, 106, 107, 108, 109, 110, 111, 112, 113, 114, 115, 116, 117, 118, 119, 120, 121, 123, 124, 125, 126, 127, 128]",[16]
EXP-XAI-0001,B10:4,MODEL-C2,SINGLE_FEATURE_ABLATION_LOCAL,SINGLE_FEATURE_ABLATION_LOCAL,3,"[16, 8, 80, 3, 6, 14, 37, 41, 50, 58, 61, 66, 70, 74, 78, 79, 122, 1, 2, 4, 5, 7, 9, 10, 11, 12, 13, 15, 17, 18, 19, 20, 21, 22, 23, 24, 25, 26, 27, 28, 29, 30, 31, 32, 33, 34, 35, 36, 38, 39, 40, 42, 43, 44, 45, 46, 47, 48, 49, 51, 52, 53, 54, 55, 56, 57, 59, 60, 62, 63, 64, 65, 67, 68, 69, 71, 72, 73, 75, 76, 77, 81, 82, 83, 84, 85, 86, 87, 88, 89, 90, 91, 92, 93, 94, 95, 96, 97, 98, 99, 100, 101, 102, 103, 104, 105, 106, 107, 108, 109, 110, 111, 112, 113, 114, 115, 116, 117, 118, 119, 120, 121, 123, 124, 125, 126, 127, 128]","[16, 8, 80]"
EXP-XAI-0001,B10:4,MODEL-C2,SINGLE_FEATURE_ABLATION_LOCAL,SINGLE_FEATURE_ABLATION_LOCAL,5,"[16, 8, 80, 3, 6, 14, 37, 41, 50, 58, 61, 66, 70, 74, 78, 79, 122, 1, 2, 4, 5, 7, 9, 10, 11, 12, 13, 15, 17, 18, 19, 20, 21, 22, 23, 24, 25, 26, 27, 28, 29, 30, 31, 32, 33, 34, 35, 36, 38, 39, 40, 42, 43, 44, 45, 46, 47, 48, 49, 51, 52, 53, 54, 55, 56, 57, 59, 60, 62, 63, 64, 65, 67, 68, 69, 71, 72, 73, 75, 76, 77, 81, 82, 83, 84, 85, 86, 87, 88, 89, 90, 91, 92, 93, 94, 95, 96, 97, 98, 99, 100, 101, 102, 103, 104, 105, 106, 107, 108, 109, 110, 111, 112, 113, 114, 115, 116, 117, 118, 119, 120, 121, 123, 124, 125, 126, 127, 128]","[16, 8, 80, 3, 6]"
EXP-XAI-0001,B10:4,MODEL-C2,SINGLE_FEATURE_ABLATION_LOCAL,SINGLE_FEATURE_ABLATION_LOCAL,10,"[16, 8, 80, 3, 6, 14, 37, 41, 50, 58, 61, 66, 70, 74, 78, 79, 122, 1, 2, 4, 5, 7, 9, 10, 11, 12, 13, 15, 17, 18, 19, 20, 21, 22, 23, 24, 25, 26, 27, 28, 29, 30, 31, 32, 33, 34, 35, 36, 38, 39, 40, 42, 43, 44, 45, 46, 47, 48, 49, 51, 52, 53, 54, 55, 56, 57, 59, 60, 62, 63, 64, 65, 67, 68, 69, 71, 72, 73, 75, 76, 77, 81, 82, 83, 84, 85, 86, 87, 88, 89, 90, 91, 92, 93, 94, 95, 96, 97, 98, 99, 100, 101, 102, 103, 104, 105, 106, 107, 108, 109, 110, 111, 112, 113, 114, 115, 116, 117, 118, 119, 120, 121, 123, 124, 125, 126, 127, 128]","[16, 8, 80, 3, 6, 14, 37, 41, 50, 58]"
EXP-XAI-0001,B10:5,MODEL-C2,SINGLE_FEATURE_ABLATION_LOCAL,SINGLE_FEATURE_ABLATION_LOCAL,1,"[114, 79, 58, 50, 122, 1, 2, 97, 9, 18, 74, 34, 78, 65, 46, 6, 25, 70, 71, 73, 89, 3, 8, 10, 26, 33, 41, 81, 113, 118, 15, 38, 42, 54, 68, 82, 102, 105, 110, 5, 7, 11, 12, 13, 14, 52, 55, 62, 66, 72, 75, 80, 85, 86, 87, 111, 4, 16, 17, 19, 20, 21, 22, 23, 24, 27, 28, 29, 30, 31, 32, 35, 36, 37, 39, 40, 43, 44, 45, 47, 48, 49, 51, 53, 56, 57, 59, 60, 61, 63, 64, 67, 69, 76, 77, 83, 84, 88, 90, 91, 92, 93, 94, 95, 96, 98, 99, 100, 101, 103, 104, 106, 107, 108, 109, 112, 115, 116, 117, 119, 120, 121, 123, 124, 125, 126, 127, 128]",[114]
EXP-XAI-0001,B10:5,MODEL-C2,SINGLE_FEATURE_ABLATION_LOCAL,SINGLE_FEATURE_ABLATION_LOCAL,3,"[114, 79, 58, 50, 122, 1, 2, 97, 9, 18, 74, 34, 78, 65, 46, 6, 25, 70, 71, 73, 89, 3, 8, 10, 26, 33, 41, 81, 113, 118, 15, 38, 42, 54, 68, 82, 102, 105, 110, 5, 7, 11, 12, 13, 14, 52, 55, 62, 66, 72, 75, 80, 85, 86, 87, 111, 4, 16, 17, 19, 20, 21, 22, 23, 24, 27, 28, 29, 30, 31, 32, 35, 36, 37, 39, 40, 43, 44, 45, 47, 48, 49, 51, 53, 56, 57, 59, 60, 61, 63, 64, 67, 69, 76, 77, 83, 84, 88, 90, 91, 92, 93, 94, 95, 96, 98, 99, 100, 101, 103, 104, 106, 107, 108, 109, 112, 115, 116, 117, 119, 120, 121, 123, 124, 125, 126, 127, 128]","[114, 79, 58]"
EXP-XAI-0001,B10:5,MODEL-C2,SINGLE_FEATURE_ABLATION_LOCAL,SINGLE_FEATURE_ABLATION_LOCAL,5,"[114, 79, 58, 50, 122, 1, 2, 97, 9, 18, 74, 34, 78, 65, 46, 6, 25, 70, 71, 73, 89, 3, 8, 10, 26, 33, 41, 81, 113, 118, 15, 38, 42, 54, 68, 82, 102, 105, 110, 5, 7, 11, 12, 13, 14, 52, 55, 62, 66, 72, 75, 80, 85, 86, 87, 111, 4, 16, 17, 19, 20, 21, 22, 23, 24, 27, 28, 29, 30, 31, 32, 35, 36, 37, 39, 40, 43, 44, 45, 47, 48, 49, 51, 53, 56, 57, 59, 60, 61, 63, 64, 67, 69, 76, 77, 83, 84, 88, 90, 91, 92, 93, 94, 95, 96, 98, 99, 100, 101, 103, 104, 106, 107, 108, 109, 112, 115, 116, 117, 119, 120, 121, 123, 124, 125, 126, 127, 128]","[114, 79, 58, 50, 122]"
EXP-XAI-0001,B10:5,MODEL-C2,SINGLE_FEATURE_ABLATION_LOCAL,SINGLE_FEATURE_ABLATION_LOCAL,10,"[114, 79, 58, 50, 122, 1, 2, 97, 9, 18, 74, 34, 78, 65, 46, 6, 25, 70, 71, 73, 89, 3, 8, 10, 26, 33, 41, 81, 113, 118, 15, 38, 42, 54, 68, 82, 102, 105, 110, 5, 7, 11, 12, 13, 14, 52, 55, 62, 66, 72, 75, 80, 85, 86, 87, 111, 4, 16, 17, 19, 20, 21, 22, 23, 24, 27, 28, 29, 30, 31, 32, 35, 36, 37, 39, 40, 43, 44, 45, 47, 48, 49, 51, 53, 56, 57, 59, 60, 61, 63, 64, 67, 69, 76, 77, 83, 84, 88, 90, 91, 92, 93, 94, 95, 96, 98, 99, 100, 101, 103, 104, 106, 107, 108, 109, 112, 115, 116, 117, 119, 120, 121, 123, 124, 125, 126, 127, 128]","[114, 79, 58, 50, 122, 1, 2, 97, 9, 18]"
EXP-XAI-0001,B10:6,MODEL-C2,SINGLE_FEATURE_ABLATION_LOCAL,SINGLE_FEATURE_ABLATION_LOCAL,1,"[9, 16, 18, 1, 58, 70, 73, 114, 12, 22, 33, 6, 8, 11, 34, 55, 66, 76, 82, 89, 97, 98, 113, 4, 7, 10, 15, 17, 19, 25, 26, 38, 41, 46, 57, 65, 67, 86, 91, 94, 102, 105, 122, 3, 5, 13, 14, 23, 30, 47, 49, 50, 54, 59, 68, 69, 71, 72, 77, 79, 87, 103, 111, 123, 2, 20, 21, 24, 27, 28, 29, 31, 32, 35, 36, 37, 39, 40, 42, 43, 44, 45, 48, 51, 52, 53, 56, 60, 61, 62, 63, 64, 74, 75, 78, 80, 81, 83, 84, 85, 88, 90, 92, 93, 95, 96, 99, 100, 101, 104, 106, 107, 108, 109, 110, 112, 115, 116, 117, 118, 119, 120, 121, 124, 125, 126, 127, 128]",[9]
EXP-XAI-0001,B10:6,MODEL-C2,SINGLE_FEATURE_ABLATION_LOCAL,SINGLE_FEATURE_ABLATION_LOCAL,3,"[9, 16, 18, 1, 58, 70, 73, 114, 12, 22, 33, 6, 8, 11, 34, 55, 66, 76, 82, 89, 97, 98, 113, 4, 7, 10, 15, 17, 19, 25, 26, 38, 41, 46, 57, 65, 67, 86, 91, 94, 102, 105, 122, 3, 5, 13, 14, 23, 30, 47, 49, 50, 54, 59, 68, 69, 71, 72, 77, 79, 87, 103, 111, 123, 2, 20, 21, 24, 27, 28, 29, 31, 32, 35, 36, 37, 39, 40, 42, 43, 44, 45, 48, 51, 52, 53, 56, 60, 61, 62, 63, 64, 74, 75, 78, 80, 81, 83, 84, 85, 88, 90, 92, 93, 95, 96, 99, 100, 101, 104, 106, 107, 108, 109, 110, 112, 115, 116, 117, 118, 119, 120, 121, 124, 125, 126, 127, 128]","[9, 16, 18]"
EXP-XAI-0001,B10:6,MODEL-C2,SINGLE_FEATURE_ABLATION_LOCAL,SINGLE_FEATURE_ABLATION_LOCAL,5,"[9, 16, 18, 1, 58, 70, 73, 114, 12, 22, 33, 6, 8, 11, 34, 55, 66, 76, 82, 89, 97, 98, 113, 4, 7, 10, 15, 17, 19, 25, 26, 38, 41, 46, 57, 65, 67, 86, 91, 94, 102, 105, 122, 3, 5, 13, 14, 23, 30, 47, 49, 50, 54, 59, 68, 69, 71, 72, 77, 79, 87, 103, 111, 123, 2, 20, 21, 24, 27, 28, 29, 31, 32, 35, 36, 37, 39, 40, 42, 43, 44, 45, 48, 51, 52, 53, 56, 60, 61, 62, 63, 64, 74, 75, 78, 80, 81, 83, 84, 85, 88, 90, 92, 93, 95, 96, 99, 100, 101, 104, 106, 107, 108, 109, 110, 112, 115, 116, 117, 118, 119, 120, 121, 124, 125, 126, 127, 128]","[9, 16, 18, 1, 58]"
EXP-XAI-0001,B10:6,MODEL-C2,SINGLE_FEATURE_ABLATION_LOCAL,SINGLE_FEATURE_ABLATION_LOCAL,10,"[9, 16, 18, 1, 58, 70, 73, 114, 12, 22, 33, 6, 8, 11, 34, 55, 66, 76, 82, 89, 97, 98, 113, 4, 7, 10, 15, 17, 19, 25, 26, 38, 41, 46, 57, 65, 67, 86, 91, 94, 102, 105, 122, 3, 5, 13, 14, 23, 30, 47, 49, 50, 54, 59, 68, 69, 71, 72, 77, 79, 87, 103, 111, 123, 2, 20, 21, 24, 27, 28, 29, 31, 32, 35, 36, 37, 39, 40, 42, 43, 44, 45, 48, 51, 52, 53, 56, 60, 61, 62, 63, 64, 74, 75, 78, 80, 81, 83, 84, 85, 88, 90, 92, 93, 95, 96, 99, 100, 101, 104, 106, 107, 108, 109, 110, 112, 115, 116, 117, 118, 119, 120, 121, 124, 125, 126, 127, 128]","[9, 16, 18, 1, 58, 70, 73, 114, 12, 22]"
EXP-XAI-0001,B10:7,MODEL-C2,SINGLE_FEATURE_ABLATION_LOCAL,SINGLE_FEATURE_ABLATION_LOCAL,1,"[58, 50, 114, 74, 122, 18, 6, 66, 73, 78, 79, 89, 97, 1, 2, 8, 9, 14, 15, 33, 41, 71, 55, 82, 7, 10, 17, 3, 25, 26, 34, 42, 46, 65, 81, 102, 113, 11, 54, 68, 70, 80, 105, 111, 4, 12, 16, 75, 86, 103, 106, 121, 19, 22, 23, 28, 29, 30, 31, 44, 47, 49, 57, 59, 62, 67, 76, 77, 91, 96, 99, 120, 127, 5, 13, 20, 21, 24, 27, 32, 35, 36, 37, 38, 39, 40, 43, 45, 48, 51, 52, 53, 56, 60, 61, 63, 64, 69, 72, 83, 84, 85, 87, 88, 90, 92, 93, 94, 95, 98, 100, 101, 104, 107, 108, 109, 110, 112, 115, 116, 117, 118, 119, 123, 124, 125, 126, 128]",[58]
EXP-XAI-0001,B10:7,MODEL-C2,SINGLE_FEATURE_ABLATION_LOCAL,SINGLE_FEATURE_ABLATION_LOCAL,3,"[58, 50, 114, 74, 122, 18, 6, 66, 73, 78, 79, 89, 97, 1, 2, 8, 9, 14, 15, 33, 41, 71, 55, 82, 7, 10, 17, 3, 25, 26, 34, 42, 46, 65, 81, 102, 113, 11, 54, 68, 70, 80, 105, 111, 4, 12, 16, 75, 86, 103, 106, 121, 19, 22, 23, 28, 29, 30, 31, 44, 47, 49, 57, 59, 62, 67, 76, 77, 91, 96, 99, 120, 127, 5, 13, 20, 21, 24, 27, 32, 35, 36, 37, 38, 39, 40, 43, 45, 48, 51, 52, 53, 56, 60, 61, 63, 64, 69, 72, 83, 84, 85, 87, 88, 90, 92, 93, 94, 95, 98, 100, 101, 104, 107, 108, 109, 110, 112, 115, 116, 117, 118, 119, 123, 124, 125, 126, 128]","[58, 50, 114]"
EXP-XAI-0001,B10:7,MODEL-C2,SINGLE_FEATURE_ABLATION_LOCAL,SINGLE_FEATURE_ABLATION_LOCAL,5,"[58, 50, 114, 74, 122, 18, 6, 66, 73, 78, 79, 89, 97, 1, 2, 8, 9, 14, 15, 33, 41, 71, 55, 82, 7, 10, 17, 3, 25, 26, 34, 42, 46, 65, 81, 102, 113, 11, 54, 68, 70, 80, 105, 111, 4, 12, 16, 75, 86, 103, 106, 121, 19, 22, 23, 28, 29, 30, 31, 44, 47, 49, 57, 59, 62, 67, 76, 77, 91, 96, 99, 120, 127, 5, 13, 20, 21, 24, 27, 32, 35, 36, 37, 38, 39, 40, 43, 45, 48, 51, 52, 53, 56, 60, 61, 63, 64, 69, 72, 83, 84, 85, 87, 88, 90, 92, 93, 94, 95, 98, 100, 101, 104, 107, 108, 109, 110, 112, 115, 116, 117, 118, 119, 123, 124, 125, 126, 128]","[58, 50, 114, 74, 122]"
EXP-XAI-0001,B10:7,MODEL-C2,SINGLE_FEATURE_ABLATION_LOCAL,SINGLE_FEATURE_ABLATION_LOCAL,10,"[58, 50, 114, 74, 122, 18, 6, 66, 73, 78, 79, 89, 97, 1, 2, 8, 9, 14, 15, 33, 41, 71, 55, 82, 7, 10, 17, 3, 25, 26, 34, 42, 46, 65, 81, 102, 113, 11, 54, 68, 70, 80, 105, 111, 4, 12, 16, 75, 86, 103, 106, 121, 19, 22, 23, 28, 29, 30, 31, 44, 47, 49, 57, 59, 62, 67, 76, 77, 91, 96, 99, 120, 127, 5, 13, 20, 21, 24, 27, 32, 35, 36, 37, 38, 39, 40, 43, 45, 48, 51, 52, 53, 56, 60, 61, 63, 64, 69, 72, 83, 84, 85, 87, 88, 90, 92, 93, 94, 95, 98, 100, 101, 104, 107, 108, 109, 110, 112, 115, 116, 117, 118, 119, 123, 124, 125, 126, 128]","[58, 50, 114, 74, 122, 18, 6, 66, 73, 78]"
EXP-XAI-0001,B10:93,MODEL-C2,SINGLE_FEATURE_ABLATION_LOCAL,SINGLE_FEATURE_ABLATION_LOCAL,1,"[114, 79, 122, 58, 1, 9, 15, 6, 8, 71, 73, 7, 14, 70, 78, 3, 11, 65, 2, 50, 68, 82, 33, 74, 77, 80, 97, 120, 4, 10, 12, 16, 18, 23, 27, 35, 38, 63, 66, 69, 72, 75, 76, 86, 102, 5, 13, 17, 19, 20, 21, 22, 24, 25, 26, 28, 29, 30, 31, 32, 34, 36, 37, 39, 40, 41, 42, 43, 44, 45, 46, 47, 48, 49, 51, 52, 53, 54, 55, 56, 57, 59, 60, 61, 62, 64, 67, 81, 83, 84, 85, 87, 88, 89, 90, 91, 92, 93, 94, 95, 96, 98, 99, 100, 101, 103, 104, 105, 106, 107, 108, 109, 110, 111, 112, 113, 115, 116, 117, 118, 119, 121, 123, 124, 125, 126, 127, 128]",[114]
EXP-XAI-0001,B10:93,MODEL-C2,SINGLE_FEATURE_ABLATION_LOCAL,SINGLE_FEATURE_ABLATION_LOCAL,3,"[114, 79, 122, 58, 1, 9, 15, 6, 8, 71, 73, 7, 14, 70, 78, 3, 11, 65, 2, 50, 68, 82, 33, 74, 77, 80, 97, 120, 4, 10, 12, 16, 18, 23, 27, 35, 38, 63, 66, 69, 72, 75, 76, 86, 102, 5, 13, 17, 19, 20, 21, 22, 24, 25, 26, 28, 29, 30, 31, 32, 34, 36, 37, 39, 40, 41, 42, 43, 44, 45, 46, 47, 48, 49, 51, 52, 53, 54, 55, 56, 57, 59, 60, 61, 62, 64, 67, 81, 83, 84, 85, 87, 88, 89, 90, 91, 92, 93, 94, 95, 96, 98, 99, 100, 101, 103, 104, 105, 106, 107, 108, 109, 110, 111, 112, 113, 115, 116, 117, 118, 119, 121, 123, 124, 125, 126, 127, 128]","[114, 79, 122]"
EXP-XAI-0001,B10:93,MODEL-C2,SINGLE_FEATURE_ABLATION_LOCAL,SINGLE_FEATURE_ABLATION_LOCAL,5,"[114, 79, 122, 58, 1, 9, 15, 6, 8, 71, 73, 7, 14, 70, 78, 3, 11, 65, 2, 50, 68, 82, 33, 74, 77, 80, 97, 120, 4, 10, 12, 16, 18, 23, 27, 35, 38, 63, 66, 69, 72, 75, 76, 86, 102, 5, 13, 17, 19, 20, 21, 22, 24, 25, 26, 28, 29, 30, 31, 32, 34, 36, 37, 39, 40, 41, 42, 43, 44, 45, 46, 47, 48, 49, 51, 52, 53, 54, 55, 56, 57, 59, 60, 61, 62, 64, 67, 81, 83, 84, 85, 87, 88, 89, 90, 91, 92, 93, 94, 95, 96, 98, 99, 100, 101, 103, 104, 105, 106, 107, 108, 109, 110, 111, 112, 113, 115, 116, 117, 118, 119, 121, 123, 124, 125, 126, 127, 128]","[114, 79, 122, 58, 1]"
EXP-XAI-0001,B10:93,MODEL-C2,SINGLE_FEATURE_ABLATION_LOCAL,SINGLE_FEATURE_ABLATION_LOCAL,10,"[114, 79, 122, 58, 1, 9, 15, 6, 8, 71, 73, 7, 14, 70, 78, 3, 11, 65, 2, 50, 68, 82, 33, 74, 77, 80, 97, 120, 4, 10, 12, 16, 18, 23, 27, 35, 38, 63, 66, 69, 72, 75, 76, 86, 102, 5, 13, 17, 19, 20, 21, 22, 24, 25, 26, 28, 29, 30, 31, 32, 34, 36, 37, 39, 40, 41, 42, 43, 44, 45, 46, 47, 48, 49, 51, 52, 53, 54, 55, 56, 57, 59, 60, 61, 62, 64, 67, 81, 83, 84, 85, 87, 88, 89, 90, 91, 92, 93, 94, 95, 96, 98, 99, 100, 101, 103, 104, 105, 106, 107, 108, 109, 110, 111, 112, 113, 115, 116, 117, 118, 119, 121, 123, 124, 125, 126, 127, 128]","[114, 79, 122, 58, 1, 9, 15, 6, 8, 71]"
EXP-XAI-0001,B10:187,MODEL-C2,SINGLE_FEATURE_ABLATION_LOCAL,SINGLE_FEATURE_ABLATION_LOCAL,1,"[58, 74, 2, 50, 114, 122, 18, 71, 73, 79, 89, 1, 14, 33, 78, 55, 15, 6, 41, 97, 82, 65, 102, 3, 7, 8, 26, 34, 42, 46, 54, 63, 66, 98, 106, 10, 17, 39, 70, 75, 103, 105, 4, 9, 11, 16, 49, 52, 62, 68, 80, 81, 121, 12, 19, 20, 22, 23, 25, 28, 29, 30, 31, 38, 44, 47, 53, 56, 57, 67, 76, 86, 87, 94, 99, 110, 111, 113, 115, 119, 5, 13, 21, 24, 27, 32, 35, 36, 37, 40, 43, 45, 48, 51, 59, 60, 61, 64, 69, 72, 77, 83, 84, 85, 88, 90, 91, 92, 93, 95, 96, 100, 101, 104, 107, 108, 109, 112, 116, 117, 118, 120, 123, 124, 125, 126, 127, 128]",[58]
EXP-XAI-0001,B10:187,MODEL-C2,SINGLE_FEATURE_ABLATION_LOCAL,SINGLE_FEATURE_ABLATION_LOCAL,3,"[58, 74, 2, 50, 114, 122, 18, 71, 73, 79, 89, 1, 14, 33, 78, 55, 15, 6, 41, 97, 82, 65, 102, 3, 7, 8, 26, 34, 42, 46, 54, 63, 66, 98, 106, 10, 17, 39, 70, 75, 103, 105, 4, 9, 11, 16, 49, 52, 62, 68, 80, 81, 121, 12, 19, 20, 22, 23, 25, 28, 29, 30, 31, 38, 44, 47, 53, 56, 57, 67, 76, 86, 87, 94, 99, 110, 111, 113, 115, 119, 5, 13, 21, 24, 27, 32, 35, 36, 37, 40, 43, 45, 48, 51, 59, 60, 61, 64, 69, 72, 77, 83, 84, 85, 88, 90, 91, 92, 93, 95, 96, 100, 101, 104, 107, 108, 109, 112, 116, 117, 118, 120, 123, 124, 125, 126, 127, 128]","[58, 74, 2]"
EXP-XAI-0001,B10:187,MODEL-C2,SINGLE_FEATURE_ABLATION_LOCAL,SINGLE_FEATURE_ABLATION_LOCAL,5,"[58, 74, 2, 50, 114, 122, 18, 71, 73, 79, 89, 1, 14, 33, 78, 55, 15, 6, 41, 97, 82, 65, 102, 3, 7, 8, 26, 34, 42, 46, 54, 63, 66, 98, 106, 10, 17, 39, 70, 75, 103, 105, 4, 9, 11, 16, 49, 52, 62, 68, 80, 81, 121, 12, 19, 20, 22, 23, 25, 28, 29, 30, 31, 38, 44, 47, 53, 56, 57, 67, 76, 86, 87, 94, 99, 110, 111, 113, 115, 119, 5, 13, 21, 24, 27, 32, 35, 36, 37, 40, 43, 45, 48, 51, 59, 60, 61, 64, 69, 72, 77, 83, 84, 85, 88, 90, 91, 92, 93, 95, 96, 100, 101, 104, 107, 108, 109, 112, 116, 117, 118, 120, 123, 124, 125, 126, 127, 128]","[58, 74, 2, 50, 114]"
EXP-XAI-0001,B10:187,MODEL-C2,SINGLE_FEATURE_ABLATION_LOCAL,SINGLE_FEATURE_ABLATION_LOCAL,10,"[58, 74, 2, 50, 114, 122, 18, 71, 73, 79, 89, 1, 14, 33, 78, 55, 15, 6, 41, 97, 82, 65, 102, 3, 7, 8, 26, 34, 42, 46, 54, 63, 66, 98, 106, 10, 17, 39, 70, 75, 103, 105, 4, 9, 11, 16, 49, 52, 62, 68, 80, 81, 121, 12, 19, 20, 22, 23, 25, 28, 29, 30, 31, 38, 44, 47, 53, 56, 57, 67, 76, 86, 87, 94, 99, 110, 111, 113, 115, 119, 5, 13, 21, 24, 27, 32, 35, 36, 37, 40, 43, 45, 48, 51, 59, 60, 61, 64, 69, 72, 77, 83, 84, 85, 88, 90, 91, 92, 93, 95, 96, 100, 101, 104, 107, 108, 109, 112, 116, 117, 118, 120, 123, 124, 125, 126, 127, 128]","[58, 74, 2, 50, 114, 122, 18, 71, 73, 79]"
EXP-XAI-0001,B10:201,MODEL-C2,SINGLE_FEATURE_ABLATION_LOCAL,SINGLE_FEATURE_ABLATION_LOCAL,1,"[58, 74, 122, 2, 50, 79, 114, 18, 73, 1, 14, 15, 33, 71, 78, 89, 55, 6, 41, 97, 65, 82, 102, 3, 7, 8, 42, 46, 54, 63, 66, 98, 106, 9, 10, 17, 34, 39, 70, 75, 103, 105, 4, 11, 16, 26, 49, 52, 57, 68, 81, 87, 113, 121, 12, 19, 20, 22, 23, 25, 28, 29, 30, 31, 38, 44, 47, 53, 56, 62, 67, 76, 80, 84, 86, 94, 99, 110, 111, 115, 5, 13, 21, 24, 27, 32, 35, 36, 37, 40, 43, 45, 48, 51, 59, 60, 61, 64, 69, 72, 77, 83, 85, 88, 90, 91, 92, 93, 95, 96, 100, 101, 104, 107, 108, 109, 112, 116, 117, 118, 119, 120, 123, 124, 125, 126, 127, 128]",[58]
EXP-XAI-0001,B10:201,MODEL-C2,SINGLE_FEATURE_ABLATION_LOCAL,SINGLE_FEATURE_ABLATION_LOCAL,3,"[58, 74, 122, 2, 50, 79, 114, 18, 73, 1, 14, 15, 33, 71, 78, 89, 55, 6, 41, 97, 65, 82, 102, 3, 7, 8, 42, 46, 54, 63, 66, 98, 106, 9, 10, 17, 34, 39, 70, 75, 103, 105, 4, 11, 16, 26, 49, 52, 57, 68, 81, 87, 113, 121, 12, 19, 20, 22, 23, 25, 28, 29, 30, 31, 38, 44, 47, 53, 56, 62, 67, 76, 80, 84, 86, 94, 99, 110, 111, 115, 5, 13, 21, 24, 27, 32, 35, 36, 37, 40, 43, 45, 48, 51, 59, 60, 61, 64, 69, 72, 77, 83, 85, 88, 90, 91, 92, 93, 95, 96, 100, 101, 104, 107, 108, 109, 112, 116, 117, 118, 119, 120, 123, 124, 125, 126, 127, 128]","[58, 74, 122]"
EXP-XAI-0001,B10:201,MODEL-C2,SINGLE_FEATURE_ABLATION_LOCAL,SINGLE_FEATURE_ABLATION_LOCAL,5,"[58, 74, 122, 2, 50, 79, 114, 18, 73, 1, 14, 15, 33, 71, 78, 89, 55, 6, 41, 97, 65, 82, 102, 3, 7, 8, 42, 46, 54, 63, 66, 98, 106, 9, 10, 17, 34, 39, 70, 75, 103, 105, 4, 11, 16, 26, 49, 52, 57, 68, 81, 87, 113, 121, 12, 19, 20, 22, 23, 25, 28, 29, 30, 31, 38, 44, 47, 53, 56, 62, 67, 76, 80, 84, 86, 94, 99, 110, 111, 115, 5, 13, 21, 24, 27, 32, 35, 36, 37, 40, 43, 45, 48, 51, 59, 60, 61, 64, 69, 72, 77, 83, 85, 88, 90, 91, 92, 93, 95, 96, 100, 101, 104, 107, 108, 109, 112, 116, 117, 118, 119, 120, 123, 124, 125, 126, 127, 128]","[58, 74, 122, 2, 50]"
EXP-XAI-0001,B10:201,MODEL-C2,SINGLE_FEATURE_ABLATION_LOCAL,SINGLE_FEATURE_ABLATION_LOCAL,10,"[58, 74, 122, 2, 50, 79, 114, 18, 73, 1, 14, 15, 33, 71, 78, 89, 55, 6, 41, 97, 65, 82, 102, 3, 7, 8, 42, 46, 54, 63, 66, 98, 106, 9, 10, 17, 34, 39, 70, 75, 103, 105, 4, 11, 16, 26, 49, 52, 57, 68, 81, 87, 113, 121, 12, 19, 20, 22, 23, 25, 28, 29, 30, 31, 38, 44, 47, 53, 56, 62, 67, 76, 80, 84, 86, 94, 99, 110, 111, 115, 5, 13, 21, 24, 27, 32, 35, 36, 37, 40, 43, 45, 48, 51, 59, 60, 61, 64, 69, 72, 77, 83, 85, 88, 90, 91, 92, 93, 95, 96, 100, 101, 104, 107, 108, 109, 112, 116, 117, 118, 119, 120, 123, 124, 125, 126, 127, 128]","[58, 74, 122, 2, 50, 79, 114, 18, 73, 1]"
EXP-XAI-0001,B10:523,MODEL-C2,SINGLE_FEATURE_ABLATION_LOCAL,SINGLE_FEATURE_ABLATION_LOCAL,1,"[79, 58, 114, 122, 50, 1, 7, 78, 15, 18, 9, 71, 55, 6, 14, 73, 2, 80, 82, 3, 8, 11, 16, 70, 74, 34, 65, 68, 77, 26, 54, 63, 12, 41, 46, 52, 62, 69, 72, 75, 76, 86, 120, 4, 5, 10, 13, 17, 19, 20, 21, 22, 23, 24, 25, 27, 28, 29, 30, 31, 32, 33, 35, 36, 37, 38, 39, 40, 42, 43, 44, 45, 47, 48, 49, 51, 53, 56, 57, 59, 60, 61, 64, 66, 67, 81, 83, 84, 85, 87, 88, 89, 90, 91, 92, 93, 94, 95, 96, 97, 98, 99, 100, 101, 102, 103, 104, 105, 106, 107, 108, 109, 110, 111, 112, 113, 115, 116, 117, 118, 119, 121, 123, 124, 125, 126, 127, 128]",[79]
EXP-XAI-0001,B10:523,MODEL-C2,SINGLE_FEATURE_ABLATION_LOCAL,SINGLE_FEATURE_ABLATION_LOCAL,3,"[79, 58, 114, 122, 50, 1, 7, 78, 15, 18, 9, 71, 55, 6, 14, 73, 2, 80, 82, 3, 8, 11, 16, 70, 74, 34, 65, 68, 77, 26, 54, 63, 12, 41, 46, 52, 62, 69, 72, 75, 76, 86, 120, 4, 5, 10, 13, 17, 19, 20, 21, 22, 23, 24, 25, 27, 28, 29, 30, 31, 32, 33, 35, 36, 37, 38, 39, 40, 42, 43, 44, 45, 47, 48, 49, 51, 53, 56, 57, 59, 60, 61, 64, 66, 67, 81, 83, 84, 85, 87, 88, 89, 90, 91, 92, 93, 94, 95, 96, 97, 98, 99, 100, 101, 102, 103, 104, 105, 106, 107, 108, 109, 110, 111, 112, 113, 115, 116, 117, 118, 119, 121, 123, 124, 125, 126, 127, 128]","[79, 58, 114]"
EXP-XAI-0001,B10:523,MODEL-C2,SINGLE_FEATURE_ABLATION_LOCAL,SINGLE_FEATURE_ABLATION_LOCAL,5,"[79, 58, 114, 122, 50, 1, 7, 78, 15, 18, 9, 71, 55, 6, 14, 73, 2, 80, 82, 3, 8, 11, 16, 70, 74, 34, 65, 68, 77, 26, 54, 63, 12, 41, 46, 52, 62, 69, 72, 75, 76, 86, 120, 4, 5, 10, 13, 17, 19, 20, 21, 22, 23, 24, 25, 27, 28, 29, 30, 31, 32, 33, 35, 36, 37, 38, 39, 40, 42, 43, 44, 45, 47, 48, 49, 51, 53, 56, 57, 59, 60, 61, 64, 66, 67, 81, 83, 84, 85, 87, 88, 89, 90, 91, 92, 93, 94, 95, 96, 97, 98, 99, 100, 101, 102, 103, 104, 105, 106, 107, 108, 109, 110, 111, 112, 113, 115, 116, 117, 118, 119, 121, 123, 124, 125, 126, 127, 128]","[79, 58, 114, 122, 50]"
EXP-XAI-0001,B10:523,MODEL-C2,SINGLE_FEATURE_ABLATION_LOCAL,SINGLE_FEATURE_ABLATION_LOCAL,10,"[79, 58, 114, 122, 50, 1, 7, 78, 15, 18, 9, 71, 55, 6, 14, 73, 2, 80, 82, 3, 8, 11, 16, 70, 74, 34, 65, 68, 77, 26, 54, 63, 12, 41, 46, 52, 62, 69, 72, 75, 76, 86, 120, 4, 5, 10, 13, 17, 19, 20, 21, 22, 23, 24, 25, 27, 28, 29, 30, 31, 32, 33, 35, 36, 37, 38, 39, 40, 42, 43, 44, 45, 47, 48, 49, 51, 53, 56, 57, 59, 60, 61, 64, 66, 67, 81, 83, 84, 85, 87, 88, 89, 90, 91, 92, 93, 94, 95, 96, 97, 98, 99, 100, 101, 102, 103, 104, 105, 106, 107, 108, 109, 110, 111, 112, 113, 115, 116, 117, 118, 119, 121, 123, 124, 125, 126, 127, 128]","[79, 58, 114, 122, 50, 1, 7, 78, 15, 18]"
EXP-XAI-0001,B10:840,MODEL-C2,SINGLE_FEATURE_ABLATION_LOCAL,SINGLE_FEATURE_ABLATION_LOCAL,1,"[114, 50, 58, 1, 89, 14, 18, 78, 122, 7, 2, 15, 79, 97, 6, 71, 74, 25, 9, 65, 118, 46, 55, 82, 86, 105, 73, 17, 26, 30, 34, 38, 39, 42, 87, 90, 94, 103, 3, 8, 63, 75, 98, 126, 5, 13, 19, 20, 33, 54, 56, 57, 66, 80, 81, 22, 47, 62, 68, 70, 106, 121, 4, 10, 11, 12, 16, 21, 23, 24, 27, 28, 29, 31, 32, 35, 36, 37, 40, 41, 43, 44, 45, 48, 49, 51, 52, 53, 59, 60, 61, 64, 67, 69, 72, 76, 77, 83, 84, 85, 88, 91, 92, 93, 95, 96, 99, 100, 101, 102, 104, 107, 108, 109, 110, 111, 112, 113, 115, 116, 117, 119, 120, 123, 124, 125, 127, 128]",[114]
EXP-XAI-0001,B10:840,MODEL-C2,SINGLE_FEATURE_ABLATION_LOCAL,SINGLE_FEATURE_ABLATION_LOCAL,3,"[114, 50, 58, 1, 89, 14, 18, 78, 122, 7, 2, 15, 79, 97, 6, 71, 74, 25, 9, 65, 118, 46, 55, 82, 86, 105, 73, 17, 26, 30, 34, 38, 39, 42, 87, 90, 94, 103, 3, 8, 63, 75, 98, 126, 5, 13, 19, 20, 33, 54, 56, 57, 66, 80, 81, 22, 47, 62, 68, 70, 106, 121, 4, 10, 11, 12, 16, 21, 23, 24, 27, 28, 29, 31, 32, 35, 36, 37, 40, 41, 43, 44, 45, 48, 49, 51, 52, 53, 59, 60, 61, 64, 67, 69, 72, 76, 77, 83, 84, 85, 88, 91, 92, 93, 95, 96, 99, 100, 101, 102, 104, 107, 108, 109, 110, 111, 112, 113, 115, 116, 117, 119, 120, 123, 124, 125, 127, 128]","[114, 50, 58]"
EXP-XAI-0001,B10:840,MODEL-C2,SINGLE_FEATURE_ABLATION_LOCAL,SINGLE_FEATURE_ABLATION_LOCAL,5,"[114, 50, 58, 1, 89, 14, 18, 78, 122, 7, 2, 15, 79, 97, 6, 71, 74, 25, 9, 65, 118, 46, 55, 82, 86, 105, 73, 17, 26, 30, 34, 38, 39, 42, 87, 90, 94, 103, 3, 8, 63, 75, 98, 126, 5, 13, 19, 20, 33, 54, 56, 57, 66, 80, 81, 22, 47, 62, 68, 70, 106, 121, 4, 10, 11, 12, 16, 21, 23, 24, 27, 28, 29, 31, 32, 35, 36, 37, 40, 41, 43, 44, 45, 48, 49, 51, 52, 53, 59, 60, 61, 64, 67, 69, 72, 76, 77, 83, 84, 85, 88, 91, 92, 93, 95, 96, 99, 100, 101, 102, 104, 107, 108, 109, 110, 111, 112, 113, 115, 116, 117, 119, 120, 123, 124, 125, 127, 128]","[114, 50, 58, 1, 89]"
EXP-XAI-0001,B10:840,MODEL-C2,SINGLE_FEATURE_ABLATION_LOCAL,SINGLE_FEATURE_ABLATION_LOCAL,10,"[114, 50, 58, 1, 89, 14, 18, 78, 122, 7, 2, 15, 79, 97, 6, 71, 74, 25, 9, 65, 118, 46, 55, 82, 86, 105, 73, 17, 26, 30, 34, 38, 39, 42, 87, 90, 94, 103, 3, 8, 63, 75, 98, 126, 5, 13, 19, 20, 33, 54, 56, 57, 66, 80, 81, 22, 47, 62, 68, 70, 106, 121, 4, 10, 11, 12, 16, 21, 23, 24, 27, 28, 29, 31, 32, 35, 36, 37, 40, 41, 43, 44, 45, 48, 49, 51, 52, 53, 59, 60, 61, 64, 67, 69, 72, 76, 77, 83, 84, 85, 88, 91, 92, 93, 95, 96, 99, 100, 101, 102, 104, 107, 108, 109, 110, 111, 112, 113, 115, 116, 117, 119, 120, 123, 124, 125, 127, 128]","[114, 50, 58, 1, 89, 14, 18, 78, 122, 7]"
EXP-XAI-0001,B10:842,MODEL-C2,SINGLE_FEATURE_ABLATION_LOCAL,SINGLE_FEATURE_ABLATION_LOCAL,1,"[116, 16, 36, 100, 10, 25, 35, 52, 58, 61, 85, 96, 109, 110, 117, 118, 127, 1, 2, 3, 4, 5, 6, 7, 8, 9, 11, 12, 13, 14, 15, 17, 18, 19, 20, 21, 22, 23, 24, 26, 27, 28, 29, 30, 31, 32, 33, 34, 37, 38, 39, 40, 41, 42, 43, 44, 45, 46, 47, 48, 49, 50, 51, 53, 54, 55, 56, 57, 59, 60, 62, 63, 64, 65, 66, 67, 68, 69, 70, 71, 72, 73, 74, 75, 76, 77, 78, 79, 80, 81, 82, 83, 84, 86, 87, 88, 89, 90, 91, 92, 93, 94, 95, 97, 98, 99, 101, 102, 103, 104, 105, 106, 107, 108, 111, 112, 113, 114, 115, 119, 120, 121, 122, 123, 124, 125, 126, 128]",[116]
EXP-XAI-0001,B10:842,MODEL-C2,SINGLE_FEATURE_ABLATION_LOCAL,SINGLE_FEATURE_ABLATION_LOCAL,3,"[116, 16, 36, 100, 10, 25, 35, 52, 58, 61, 85, 96, 109, 110, 117, 118, 127, 1, 2, 3, 4, 5, 6, 7, 8, 9, 11, 12, 13, 14, 15, 17, 18, 19, 20, 21, 22, 23, 24, 26, 27, 28, 29, 30, 31, 32, 33, 34, 37, 38, 39, 40, 41, 42, 43, 44, 45, 46, 47, 48, 49, 50, 51, 53, 54, 55, 56, 57, 59, 60, 62, 63, 64, 65, 66, 67, 68, 69, 70, 71, 72, 73, 74, 75, 76, 77, 78, 79, 80, 81, 82, 83, 84, 86, 87, 88, 89, 90, 91, 92, 93, 94, 95, 97, 98, 99, 101, 102, 103, 104, 105, 106, 107, 108, 111, 112, 113, 114, 115, 119, 120, 121, 122, 123, 124, 125, 126, 128]","[116, 16, 36]"
EXP-XAI-0001,B10:842,MODEL-C2,SINGLE_FEATURE_ABLATION_LOCAL,SINGLE_FEATURE_ABLATION_LOCAL,5,"[116, 16, 36, 100, 10, 25, 35, 52, 58, 61, 85, 96, 109, 110, 117, 118, 127, 1, 2, 3, 4, 5, 6, 7, 8, 9, 11, 12, 13, 14, 15, 17, 18, 19, 20, 21, 22, 23, 24, 26, 27, 28, 29, 30, 31, 32, 33, 34, 37, 38, 39, 40, 41, 42, 43, 44, 45, 46, 47, 48, 49, 50, 51, 53, 54, 55, 56, 57, 59, 60, 62, 63, 64, 65, 66, 67, 68, 69, 70, 71, 72, 73, 74, 75, 76, 77, 78, 79, 80, 81, 82, 83, 84, 86, 87, 88, 89, 90, 91, 92, 93, 94, 95, 97, 98, 99, 101, 102, 103, 104, 105, 106, 107, 108, 111, 112, 113, 114, 115, 119, 120, 121, 122, 123, 124, 125, 126, 128]","[116, 16, 36, 100, 10]"
EXP-XAI-0001,B10:842,MODEL-C2,SINGLE_FEATURE_ABLATION_LOCAL,SINGLE_FEATURE_ABLATION_LOCAL,10,"[116, 16, 36, 100, 10, 25, 35, 52, 58, 61, 85, 96, 109, 110, 117, 118, 127, 1, 2, 3, 4, 5, 6, 7, 8, 9, 11, 12, 13, 14, 15, 17, 18, 19, 20, 21, 22, 23, 24, 26, 27, 28, 29, 30, 31, 32, 33, 34, 37, 38, 39, 40, 41, 42, 43, 44, 45, 46, 47, 48, 49, 50, 51, 53, 54, 55, 56, 57, 59, 60, 62, 63, 64, 65, 66, 67, 68, 69, 70, 71, 72, 73, 74, 75, 76, 77, 78, 79, 80, 81, 82, 83, 84, 86, 87, 88, 89, 90, 91, 92, 93, 94, 95, 97, 98, 99, 101, 102, 103, 104, 105, 106, 107, 108, 111, 112, 113, 114, 115, 119, 120, 121, 122, 123, 124, 125, 126, 128]","[116, 16, 36, 100, 10, 25, 35, 52, 58, 61]"
EXP-XAI-0001,B10:1191,MODEL-C2,SINGLE_FEATURE_ABLATION_LOCAL,SINGLE_FEATURE_ABLATION_LOCAL,1,"[1, 73, 6, 7, 65, 8, 14, 28, 83, 3, 9, 79, 80, 116, 125, 4, 5, 11, 13, 15, 27, 29, 37, 40, 52, 72, 76, 78, 84, 91, 92, 93, 101, 118, 124, 2, 10, 12, 16, 17, 18, 19, 20, 21, 22, 23, 24, 25, 26, 30, 31, 32, 33, 34, 35, 36, 38, 39, 41, 42, 43, 44, 45, 46, 47, 48, 49, 50, 51, 53, 54, 55, 56, 57, 58, 59, 60, 61, 62, 63, 64, 66, 67, 68, 69, 70, 71, 74, 75, 77, 81, 82, 85, 86, 87, 88, 89, 90, 94, 95, 96, 97, 98, 99, 100, 102, 103, 104, 105, 106, 107, 108, 109, 110, 111, 112, 113, 114, 115, 117, 119, 120, 121, 122, 123, 126, 127, 128]",[1]
EXP-XAI-0001,B10:1191,MODEL-C2,SINGLE_FEATURE_ABLATION_LOCAL,SINGLE_FEATURE_ABLATION_LOCAL,3,"[1, 73, 6, 7, 65, 8, 14, 28, 83, 3, 9, 79, 80, 116, 125, 4, 5, 11, 13, 15, 27, 29, 37, 40, 52, 72, 76, 78, 84, 91, 92, 93, 101, 118, 124, 2, 10, 12, 16, 17, 18, 19, 20, 21, 22, 23, 24, 25, 26, 30, 31, 32, 33, 34, 35, 36, 38, 39, 41, 42, 43, 44, 45, 46, 47, 48, 49, 50, 51, 53, 54, 55, 56, 57, 58, 59, 60, 61, 62, 63, 64, 66, 67, 68, 69, 70, 71, 74, 75, 77, 81, 82, 85, 86, 87, 88, 89, 90, 94, 95, 96, 97, 98, 99, 100, 102, 103, 104, 105, 106, 107, 108, 109, 110, 111, 112, 113, 114, 115, 117, 119, 120, 121, 122, 123, 126, 127, 128]","[1, 73, 6]"
EXP-XAI-0001,B10:1191,MODEL-C2,SINGLE_FEATURE_ABLATION_LOCAL,SINGLE_FEATURE_ABLATION_LOCAL,5,"[1, 73, 6, 7, 65, 8, 14, 28, 83, 3, 9, 79, 80, 116, 125, 4, 5, 11, 13, 15, 27, 29, 37, 40, 52, 72, 76, 78, 84, 91, 92, 93, 101, 118, 124, 2, 10, 12, 16, 17, 18, 19, 20, 21, 22, 23, 24, 25, 26, 30, 31, 32, 33, 34, 35, 36, 38, 39, 41, 42, 43, 44, 45, 46, 47, 48, 49, 50, 51, 53, 54, 55, 56, 57, 58, 59, 60, 61, 62, 63, 64, 66, 67, 68, 69, 70, 71, 74, 75, 77, 81, 82, 85, 86, 87, 88, 89, 90, 94, 95, 96, 97, 98, 99, 100, 102, 103, 104, 105, 106, 107, 108, 109, 110, 111, 112, 113, 114, 115, 117, 119, 120, 121, 122, 123, 126, 127, 128]","[1, 73, 6, 7, 65]"
EXP-XAI-0001,B10:1191,MODEL-C2,SINGLE_FEATURE_ABLATION_LOCAL,SINGLE_FEATURE_ABLATION_LOCAL,10,"[1, 73, 6, 7, 65, 8, 14, 28, 83, 3, 9, 79, 80, 116, 125, 4, 5, 11, 13, 15, 27, 29, 37, 40, 52, 72, 76, 78, 84, 91, 92, 93, 101, 118, 124, 2, 10, 12, 16, 17, 18, 19, 20, 21, 22, 23, 24, 25, 26, 30, 31, 32, 33, 34, 35, 36, 38, 39, 41, 42, 43, 44, 45, 46, 47, 48, 49, 50, 51, 53, 54, 55, 56, 57, 58, 59, 60, 61, 62, 63, 64, 66, 67, 68, 69, 70, 71, 74, 75, 77, 81, 82, 85, 86, 87, 88, 89, 90, 94, 95, 96, 97, 98, 99, 100, 102, 103, 104, 105, 106, 107, 108, 109, 110, 111, 112, 113, 114, 115, 117, 119, 120, 121, 122, 123, 126, 127, 128]","[1, 73, 6, 7, 65, 8, 14, 28, 83, 3]"
EXP-XAI-0001,B10:1323,MODEL-C2,SINGLE_FEATURE_ABLATION_LOCAL,SINGLE_FEATURE_ABLATION_LOCAL,1,"[14, 9, 7, 15, 79, 100, 8, 71, 72, 80, 113, 109, 16, 70, 36, 108, 20, 85, 94, 43, 44, 59, 61, 91, 101, 102, 104, 1, 5, 17, 27, 33, 37, 45, 54, 55, 60, 65, 67, 83, 84, 86, 93, 99, 124, 125, 2, 3, 4, 6, 10, 11, 12, 13, 18, 19, 21, 22, 23, 24, 25, 26, 28, 29, 30, 31, 32, 34, 35, 38, 39, 40, 41, 42, 46, 47, 48, 49, 50, 51, 52, 53, 56, 57, 58, 62, 63, 64, 66, 68, 69, 73, 74, 75, 76, 77, 78, 81, 82, 87, 88, 89, 90, 92, 95, 96, 97, 98, 103, 105, 106, 107, 110, 111, 112, 114, 115, 116, 117, 118, 119, 120, 121, 122, 123, 126, 127, 128]",[14]
EXP-XAI-0001,B10:1323,MODEL-C2,SINGLE_FEATURE_ABLATION_LOCAL,SINGLE_FEATURE_ABLATION_LOCAL,3,"[14, 9, 7, 15, 79, 100, 8, 71, 72, 80, 113, 109, 16, 70, 36, 108, 20, 85, 94, 43, 44, 59, 61, 91, 101, 102, 104, 1, 5, 17, 27, 33, 37, 45, 54, 55, 60, 65, 67, 83, 84, 86, 93, 99, 124, 125, 2, 3, 4, 6, 10, 11, 12, 13, 18, 19, 21, 22, 23, 24, 25, 26, 28, 29, 30, 31, 32, 34, 35, 38, 39, 40, 41, 42, 46, 47, 48, 49, 50, 51, 52, 53, 56, 57, 58, 62, 63, 64, 66, 68, 69, 73, 74, 75, 76, 77, 78, 81, 82, 87, 88, 89, 90, 92, 95, 96, 97, 98, 103, 105, 106, 107, 110, 111, 112, 114, 115, 116, 117, 118, 119, 120, 121, 122, 123, 126, 127, 128]","[14, 9, 7]"
EXP-XAI-0001,B10:1323,MODEL-C2,SINGLE_FEATURE_ABLATION_LOCAL,SINGLE_FEATURE_ABLATION_LOCAL,5,"[14, 9, 7, 15, 79, 100, 8, 71, 72, 80, 113, 109, 16, 70, 36, 108, 20, 85, 94, 43, 44, 59, 61, 91, 101, 102, 104, 1, 5, 17, 27, 33, 37, 45, 54, 55, 60, 65, 67, 83, 84, 86, 93, 99, 124, 125, 2, 3, 4, 6, 10, 11, 12, 13, 18, 19, 21, 22, 23, 24, 25, 26, 28, 29, 30, 31, 32, 34, 35, 38, 39, 40, 41, 42, 46, 47, 48, 49, 50, 51, 52, 53, 56, 57, 58, 62, 63, 64, 66, 68, 69, 73, 74, 75, 76, 77, 78, 81, 82, 87, 88, 89, 90, 92, 95, 96, 97, 98, 103, 105, 106, 107, 110, 111, 112, 114, 115, 116, 117, 118, 119, 120, 121, 122, 123, 126, 127, 128]","[14, 9, 7, 15, 79]"
EXP-XAI-0001,B10:1323,MODEL-C2,SINGLE_FEATURE_ABLATION_LOCAL,SINGLE_FEATURE_ABLATION_LOCAL,10,"[14, 9, 7, 15, 79, 100, 8, 71, 72, 80, 113, 109, 16, 70, 36, 108, 20, 85, 94, 43, 44, 59, 61, 91, 101, 102, 104, 1, 5, 17, 27, 33, 37, 45, 54, 55, 60, 65, 67, 83, 84, 86, 93, 99, 124, 125, 2, 3, 4, 6, 10, 11, 12, 13, 18, 19, 21, 22, 23, 24, 25, 26, 28, 29, 30, 31, 32, 34, 35, 38, 39, 40, 41, 42, 46, 47, 48, 49, 50, 51, 52, 53, 56, 57, 58, 62, 63, 64, 66, 68, 69, 73, 74, 75, 76, 77, 78, 81, 82, 87, 88, 89, 90, 92, 95, 96, 97, 98, 103, 105, 106, 107, 110, 111, 112, 114, 115, 116, 117, 118, 119, 120, 121, 122, 123, 126, 127, 128]","[14, 9, 7, 15, 79, 100, 8, 71, 72, 80]"
EXP-XAI-0001,B10:1325,MODEL-C2,SINGLE_FEATURE_ABLATION_LOCAL,SINGLE_FEATURE_ABLATION_LOCAL,1,"[9, 14, 15, 6, 7, 1, 8, 100, 70, 73, 16, 65, 71, 79, 113, 78, 80, 37, 122, 5, 72, 83, 85, 94, 44, 50, 109, 20, 27, 60, 67, 89, 93, 99, 45, 105, 108, 114, 3, 4, 17, 21, 22, 28, 29, 33, 36, 41, 43, 46, 49, 55, 59, 61, 68, 69, 81, 84, 86, 97, 101, 102, 104, 118, 124, 125, 127, 128, 2, 10, 11, 12, 13, 18, 19, 23, 24, 25, 26, 30, 31, 32, 34, 35, 38, 39, 40, 42, 47, 48, 51, 52, 53, 54, 56, 57, 58, 62, 63, 64, 66, 74, 75, 76, 77, 82, 87, 88, 90, 91, 92, 95, 96, 98, 103, 106, 107, 110, 111, 112, 115, 116, 117, 119, 120, 121, 123, 126]",[9]
EXP-XAI-0001,B10:1325,MODEL-C2,SINGLE_FEATURE_ABLATION_LOCAL,SINGLE_FEATURE_ABLATION_LOCAL,3,"[9, 14, 15, 6, 7, 1, 8, 100, 70, 73, 16, 65, 71, 79, 113, 78, 80, 37, 122, 5, 72, 83, 85, 94, 44, 50, 109, 20, 27, 60, 67, 89, 93, 99, 45, 105, 108, 114, 3, 4, 17, 21, 22, 28, 29, 33, 36, 41, 43, 46, 49, 55, 59, 61, 68, 69, 81, 84, 86, 97, 101, 102, 104, 118, 124, 125, 127, 128, 2, 10, 11, 12, 13, 18, 19, 23, 24, 25, 26, 30, 31, 32, 34, 35, 38, 39, 40, 42, 47, 48, 51, 52, 53, 54, 56, 57, 58, 62, 63, 64, 66, 74, 75, 76, 77, 82, 87, 88, 90, 91, 92, 95, 96, 98, 103, 106, 107, 110, 111, 112, 115, 116, 117, 119, 120, 121, 123, 126]","[9, 14, 15]"
EXP-XAI-0001,B10:1325,MODEL-C2,SINGLE_FEATURE_ABLATION_LOCAL,SINGLE_FEATURE_ABLATION_LOCAL,5,"[9, 14, 15, 6, 7, 1, 8, 100, 70, 73, 16, 65, 71, 79, 113, 78, 80, 37, 122, 5, 72, 83, 85, 94, 44, 50, 109, 20, 27, 60, 67, 89, 93, 99, 45, 105, 108, 114, 3, 4, 17, 21, 22, 28, 29, 33, 36, 41, 43, 46, 49, 55, 59, 61, 68, 69, 81, 84, 86, 97, 101, 102, 104, 118, 124, 125, 127, 128, 2, 10, 11, 12, 13, 18, 19, 23, 24, 25, 26, 30, 31, 32, 34, 35, 38, 39, 40, 42, 47, 48, 51, 52, 53, 54, 56, 57, 58, 62, 63, 64, 66, 74, 75, 76, 77, 82, 87, 88, 90, 91, 92, 95, 96, 98, 103, 106, 107, 110, 111, 112, 115, 116, 117, 119, 120, 121, 123, 126]","[9, 14, 15, 6, 7]"
EXP-XAI-0001,B10:1325,MODEL-C2,SINGLE_FEATURE_ABLATION_LOCAL,SINGLE_FEATURE_ABLATION_LOCAL,10,"[9, 14, 15, 6, 7, 1, 8, 100, 70, 73, 16, 65, 71, 79, 113, 78, 80, 37, 122, 5, 72, 83, 85, 94, 44, 50, 109, 20, 27, 60, 67, 89, 93, 99, 45, 105, 108, 114, 3, 4, 17, 21, 22, 28, 29, 33, 36, 41, 43, 46, 49, 55, 59, 61, 68, 69, 81, 84, 86, 97, 101, 102, 104, 118, 124, 125, 127, 128, 2, 10, 11, 12, 13, 18, 19, 23, 24, 25, 26, 30, 31, 32, 34, 35, 38, 39, 40, 42, 47, 48, 51, 52, 53, 54, 56, 57, 58, 62, 63, 64, 66, 74, 75, 76, 77, 82, 87, 88, 90, 91, 92, 95, 96, 98, 103, 106, 107, 110, 111, 112, 115, 116, 117, 119, 120, 121, 123, 126]","[9, 14, 15, 6, 7, 1, 8, 100, 70, 73]"
EXP-XAI-0001,B10:1437,MODEL-C2,SINGLE_FEATURE_ABLATION_LOCAL,SINGLE_FEATURE_ABLATION_LOCAL,1,"[7, 14, 70, 9, 15, 71, 100, 8, 16, 125, 20, 37, 84, 93, 113, 1, 27, 33, 45, 49, 72, 94, 112, 124, 11, 36, 44, 76, 122, 2, 4, 5, 12, 17, 21, 29, 39, 41, 43, 54, 55, 60, 67, 69, 74, 77, 78, 79, 80, 83, 85, 86, 88, 89, 91, 96, 97, 99, 109, 114, 116, 118, 120, 123, 3, 6, 10, 13, 18, 19, 22, 23, 24, 25, 26, 28, 30, 31, 32, 34, 35, 38, 40, 42, 46, 47, 48, 50, 51, 52, 53, 56, 57, 58, 59, 61, 62, 63, 64, 65, 66, 68, 73, 75, 81, 82, 87, 90, 92, 95, 98, 101, 102, 103, 104, 105, 106, 107, 108, 110, 111, 115, 117, 119, 121, 126, 127, 128]",[7]
EXP-XAI-0001,B10:1437,MODEL-C2,SINGLE_FEATURE_ABLATION_LOCAL,SINGLE_FEATURE_ABLATION_LOCAL,3,"[7, 14, 70, 9, 15, 71, 100, 8, 16, 125, 20, 37, 84, 93, 113, 1, 27, 33, 45, 49, 72, 94, 112, 124, 11, 36, 44, 76, 122, 2, 4, 5, 12, 17, 21, 29, 39, 41, 43, 54, 55, 60, 67, 69, 74, 77, 78, 79, 80, 83, 85, 86, 88, 89, 91, 96, 97, 99, 109, 114, 116, 118, 120, 123, 3, 6, 10, 13, 18, 19, 22, 23, 24, 25, 26, 28, 30, 31, 32, 34, 35, 38, 40, 42, 46, 47, 48, 50, 51, 52, 53, 56, 57, 58, 59, 61, 62, 63, 64, 65, 66, 68, 73, 75, 81, 82, 87, 90, 92, 95, 98, 101, 102, 103, 104, 105, 106, 107, 108, 110, 111, 115, 117, 119, 121, 126, 127, 128]","[7, 14, 70]"
EXP-XAI-0001,B10:1437,MODEL-C2,SINGLE_FEATURE_ABLATION_LOCAL,SINGLE_FEATURE_ABLATION_LOCAL,5,"[7, 14, 70, 9, 15, 71, 100, 8, 16, 125, 20, 37, 84, 93, 113, 1, 27, 33, 45, 49, 72, 94, 112, 124, 11, 36, 44, 76, 122, 2, 4, 5, 12, 17, 21, 29, 39, 41, 43, 54, 55, 60, 67, 69, 74, 77, 78, 79, 80, 83, 85, 86, 88, 89, 91, 96, 97, 99, 109, 114, 116, 118, 120, 123, 3, 6, 10, 13, 18, 19, 22, 23, 24, 25, 26, 28, 30, 31, 32, 34, 35, 38, 40, 42, 46, 47, 48, 50, 51, 52, 53, 56, 57, 58, 59, 61, 62, 63, 64, 65, 66, 68, 73, 75, 81, 82, 87, 90, 92, 95, 98, 101, 102, 103, 104, 105, 106, 107, 108, 110, 111, 115, 117, 119, 121, 126, 127, 128]","[7, 14, 70, 9, 15]"
EXP-XAI-0001,B10:1437,MODEL-C2,SINGLE_FEATURE_ABLATION_LOCAL,SINGLE_FEATURE_ABLATION_LOCAL,10,"[7, 14, 70, 9, 15, 71, 100, 8, 16, 125, 20, 37, 84, 93, 113, 1, 27, 33, 45, 49, 72, 94, 112, 124, 11, 36, 44, 76, 122, 2, 4, 5, 12, 17, 21, 29, 39, 41, 43, 54, 55, 60, 67, 69, 74, 77, 78, 79, 80, 83, 85, 86, 88, 89, 91, 96, 97, 99, 109, 114, 116, 118, 120, 123, 3, 6, 10, 13, 18, 19, 22, 23, 24, 25, 26, 28, 30, 31, 32, 34, 35, 38, 40, 42, 46, 47, 48, 50, 51, 52, 53, 56, 57, 58, 59, 61, 62, 63, 64, 65, 66, 68, 73, 75, 81, 82, 87, 90, 92, 95, 98, 101, 102, 103, 104, 105, 106, 107, 108, 110, 111, 115, 117, 119, 121, 126, 127, 128]","[7, 14, 70, 9, 15, 71, 100, 8, 16, 125]"
EXP-XAI-0001,B2:0,MODEL-C3,SINGLE_FEATURE_ABLATION_LOCAL,SINGLE_FEATURE_ABLATION_LOCAL,1,"[66, 74, 10, 112, 2, 65, 104, 9, 73, 70, 71, 69, 14, 67, 15, 77, 1, 11, 68, 12, 75, 78, 122, 50, 5, 76, 114, 58, 13, 79, 72, 42, 3, 4, 6, 106, 34, 89, 48, 16, 7, 82, 18, 90, 62, 51, 80, 54, 59, 25, 26, 49, 110, 19, 109, 52, 22, 30, 83, 57, 115, 84, 86, 60, 63, 118, 123, 55, 116, 20, 126, 27, 111, 8, 105, 124, 101, 28, 45, 85, 107, 127, 119, 31, 87, 94, 108, 46, 23, 40, 102, 98, 38, 92, 117, 93, 91, 41, 21, 95, 125, 47, 103, 43, 53, 61, 44, 33, 100, 17, 37, 81, 35, 29, 97, 99, 113, 36, 88, 96, 128, 32, 120, 121, 56, 39, 64, 24]",[66]
EXP-XAI-0001,B2:0,MODEL-C3,SINGLE_FEATURE_ABLATION_LOCAL,SINGLE_FEATURE_ABLATION_LOCAL,3,"[66, 74, 10, 112, 2, 65, 104, 9, 73, 70, 71, 69, 14, 67, 15, 77, 1, 11, 68, 12, 75, 78, 122, 50, 5, 76, 114, 58, 13, 79, 72, 42, 3, 4, 6, 106, 34, 89, 48, 16, 7, 82, 18, 90, 62, 51, 80, 54, 59, 25, 26, 49, 110, 19, 109, 52, 22, 30, 83, 57, 115, 84, 86, 60, 63, 118, 123, 55, 116, 20, 126, 27, 111, 8, 105, 124, 101, 28, 45, 85, 107, 127, 119, 31, 87, 94, 108, 46, 23, 40, 102, 98, 38, 92, 117, 93, 91, 41, 21, 95, 125, 47, 103, 43, 53, 61, 44, 33, 100, 17, 37, 81, 35, 29, 97, 99, 113, 36, 88, 96, 128, 32, 120, 121, 56, 39, 64, 24]","[66, 74, 10]"
EXP-XAI-0001,B2:0,MODEL-C3,SINGLE_FEATURE_ABLATION_LOCAL,SINGLE_FEATURE_ABLATION_LOCAL,5,"[66, 74, 10, 112, 2, 65, 104, 9, 73, 70, 71, 69, 14, 67, 15, 77, 1, 11, 68, 12, 75, 78, 122, 50, 5, 76, 114, 58, 13, 79, 72, 42, 3, 4, 6, 106, 34, 89, 48, 16, 7, 82, 18, 90, 62, 51, 80, 54, 59, 25, 26, 49, 110, 19, 109, 52, 22, 30, 83, 57, 115, 84, 86, 60, 63, 118, 123, 55, 116, 20, 126, 27, 111, 8, 105, 124, 101, 28, 45, 85, 107, 127, 119, 31, 87, 94, 108, 46, 23, 40, 102, 98, 38, 92, 117, 93, 91, 41, 21, 95, 125, 47, 103, 43, 53, 61, 44, 33, 100, 17, 37, 81, 35, 29, 97, 99, 113, 36, 88, 96, 128, 32, 120, 121, 56, 39, 64, 24]","[66, 74, 10, 112, 2]"
EXP-XAI-0001,B2:0,MODEL-C3,SINGLE_FEATURE_ABLATION_LOCAL,SINGLE_FEATURE_ABLATION_LOCAL,10,"[66, 74, 10, 112, 2, 65, 104, 9, 73, 70, 71, 69, 14, 67, 15, 77, 1, 11, 68, 12, 75, 78, 122, 50, 5, 76, 114, 58, 13, 79, 72, 42, 3, 4, 6, 106, 34, 89, 48, 16, 7, 82, 18, 90, 62, 51, 80, 54, 59, 25, 26, 49, 110, 19, 109, 52, 22, 30, 83, 57, 115, 84, 86, 60, 63, 118, 123, 55, 116, 20, 126, 27, 111, 8, 105, 124, 101, 28, 45, 85, 107, 127, 119, 31, 87, 94, 108, 46, 23, 40, 102, 98, 38, 92, 117, 93, 91, 41, 21, 95, 125, 47, 103, 43, 53, 61, 44, 33, 100, 17, 37, 81, 35, 29, 97, 99, 113, 36, 88, 96, 128, 32, 120, 121, 56, 39, 64, 24]","[66, 74, 10, 112, 2, 65, 104, 9, 73, 70]"
EXP-XAI-0001,B2:1,MODEL-C3,SINGLE_FEATURE_ABLATION_LOCAL,SINGLE_FEATURE_ABLATION_LOCAL,1,"[112, 104, 65, 70, 71, 9, 14, 15, 67, 72, 73, 11, 68, 12, 69, 78, 1, 79, 75, 77, 122, 16, 13, 6, 114, 76, 2, 3, 50, 58, 4, 7, 42, 90, 5, 57, 80, 8, 49, 34, 17, 26, 82, 106, 18, 62, 105, 51, 110, 59, 54, 19, 111, 25, 30, 81, 22, 113, 83, 84, 94, 27, 41, 63, 85, 86, 115, 55, 88, 52, 118, 123, 121, 60, 28, 20, 126, 116, 93, 102, 117, 46, 33, 98, 124, 119, 92, 127, 125, 101, 38, 97, 31, 95, 103, 47, 91, 87, 23, 48, 128, 61, 53, 21, 45, 107, 89, 56, 29, 109, 43, 24, 32, 100, 99, 44, 35, 108, 10, 39, 40, 66, 96, 36, 120, 64, 37, 74]",[112]
EXP-XAI-0001,B2:1,MODEL-C3,SINGLE_FEATURE_ABLATION_LOCAL,SINGLE_FEATURE_ABLATION_LOCAL,3,"[112, 104, 65, 70, 71, 9, 14, 15, 67, 72, 73, 11, 68, 12, 69, 78, 1, 79, 75, 77, 122, 16, 13, 6, 114, 76, 2, 3, 50, 58, 4, 7, 42, 90, 5, 57, 80, 8, 49, 34, 17, 26, 82, 106, 18, 62, 105, 51, 110, 59, 54, 19, 111, 25, 30, 81, 22, 113, 83, 84, 94, 27, 41, 63, 85, 86, 115, 55, 88, 52, 118, 123, 121, 60, 28, 20, 126, 116, 93, 102, 117, 46, 33, 98, 124, 119, 92, 127, 125, 101, 38, 97, 31, 95, 103, 47, 91, 87, 23, 48, 128, 61, 53, 21, 45, 107, 89, 56, 29, 109, 43, 24, 32, 100, 99, 44, 35, 108, 10, 39, 40, 66, 96, 36, 120, 64, 37, 74]","[112, 104, 65]"
EXP-XAI-0001,B2:1,MODEL-C3,SINGLE_FEATURE_ABLATION_LOCAL,SINGLE_FEATURE_ABLATION_LOCAL,5,"[112, 104, 65, 70, 71, 9, 14, 15, 67, 72, 73, 11, 68, 12, 69, 78, 1, 79, 75, 77, 122, 16, 13, 6, 114, 76, 2, 3, 50, 58, 4, 7, 42, 90, 5, 57, 80, 8, 49, 34, 17, 26, 82, 106, 18, 62, 105, 51, 110, 59, 54, 19, 111, 25, 30, 81, 22, 113, 83, 84, 94, 27, 41, 63, 85, 86, 115, 55, 88, 52, 118, 123, 121, 60, 28, 20, 126, 116, 93, 102, 117, 46, 33, 98, 124, 119, 92, 127, 125, 101, 38, 97, 31, 95, 103, 47, 91, 87, 23, 48, 128, 61, 53, 21, 45, 107, 89, 56, 29, 109, 43, 24, 32, 100, 99, 44, 35, 108, 10, 39, 40, 66, 96, 36, 120, 64, 37, 74]","[112, 104, 65, 70, 71]"
EXP-XAI-0001,B2:1,MODEL-C3,SINGLE_FEATURE_ABLATION_LOCAL,SINGLE_FEATURE_ABLATION_LOCAL,10,"[112, 104, 65, 70, 71, 9, 14, 15, 67, 72, 73, 11, 68, 12, 69, 78, 1, 79, 75, 77, 122, 16, 13, 6, 114, 76, 2, 3, 50, 58, 4, 7, 42, 90, 5, 57, 80, 8, 49, 34, 17, 26, 82, 106, 18, 62, 105, 51, 110, 59, 54, 19, 111, 25, 30, 81, 22, 113, 83, 84, 94, 27, 41, 63, 85, 86, 115, 55, 88, 52, 118, 123, 121, 60, 28, 20, 126, 116, 93, 102, 117, 46, 33, 98, 124, 119, 92, 127, 125, 101, 38, 97, 31, 95, 103, 47, 91, 87, 23, 48, 128, 61, 53, 21, 45, 107, 89, 56, 29, 109, 43, 24, 32, 100, 99, 44, 35, 108, 10, 39, 40, 66, 96, 36, 120, 64, 37, 74]","[112, 104, 65, 70, 71, 9, 14, 15, 67, 72]"
EXP-XAI-0001,B2:70,MODEL-C3,SINGLE_FEATURE_ABLATION_LOCAL,SINGLE_FEATURE_ABLATION_LOCAL,1,"[18, 26, 58, 82, 50, 52, 114, 20, 60, 19, 51, 122, 116, 59, 124, 84, 115, 123, 83, 28, 30, 22, 31, 125, 2, 90, 27, 74, 117, 66, 23, 10, 86, 78, 73, 65, 70, 61, 87, 53, 9, 14, 79, 71, 77, 76, 75, 21, 1, 15, 62, 92, 68, 67, 12, 11, 94, 17, 6, 69, 63, 4, 54, 85, 13, 3, 95, 55, 5, 7, 91, 34, 118, 119, 98, 32, 24, 126, 42, 101, 127, 81, 72, 80, 45, 106, 16, 88, 49, 25, 29, 100, 96, 64, 57, 8, 56, 40, 120, 99, 113, 112, 128, 37, 35, 48, 104, 43, 121, 107, 44, 89, 111, 103, 102, 110, 46, 109, 105, 93, 38, 41, 47, 36, 39, 33, 108, 97]",[18]
EXP-XAI-0001,B2:70,MODEL-C3,SINGLE_FEATURE_ABLATION_LOCAL,SINGLE_FEATURE_ABLATION_LOCAL,3,"[18, 26, 58, 82, 50, 52, 114, 20, 60, 19, 51, 122, 116, 59, 124, 84, 115, 123, 83, 28, 30, 22, 31, 125, 2, 90, 27, 74, 117, 66, 23, 10, 86, 78, 73, 65, 70, 61, 87, 53, 9, 14, 79, 71, 77, 76, 75, 21, 1, 15, 62, 92, 68, 67, 12, 11, 94, 17, 6, 69, 63, 4, 54, 85, 13, 3, 95, 55, 5, 7, 91, 34, 118, 119, 98, 32, 24, 126, 42, 101, 127, 81, 72, 80, 45, 106, 16, 88, 49, 25, 29, 100, 96, 64, 57, 8, 56, 40, 120, 99, 113, 112, 128, 37, 35, 48, 104, 43, 121, 107, 44, 89, 111, 103, 102, 110, 46, 109, 105, 93, 38, 41, 47, 36, 39, 33, 108, 97]","[18, 26, 58]"
EXP-XAI-0001,B2:70,MODEL-C3,SINGLE_FEATURE_ABLATION_LOCAL,SINGLE_FEATURE_ABLATION_LOCAL,5,"[18, 26, 58, 82, 50, 52, 114, 20, 60, 19, 51, 122, 116, 59, 124, 84, 115, 123, 83, 28, 30, 22, 31, 125, 2, 90, 27, 74, 117, 66, 23, 10, 86, 78, 73, 65, 70, 61, 87, 53, 9, 14, 79, 71, 77, 76, 75, 21, 1, 15, 62, 92, 68, 67, 12, 11, 94, 17, 6, 69, 63, 4, 54, 85, 13, 3, 95, 55, 5, 7, 91, 34, 118, 119, 98, 32, 24, 126, 42, 101, 127, 81, 72, 80, 45, 106, 16, 88, 49, 25, 29, 100, 96, 64, 57, 8, 56, 40, 120, 99, 113, 112, 128, 37, 35, 48, 104, 43, 121, 107, 44, 89, 111, 103, 102, 110, 46, 109, 105, 93, 38, 41, 47, 36, 39, 33, 108, 97]","[18, 26, 58, 82, 50]"
EXP-XAI-0001,B2:70,MODEL-C3,SINGLE_FEATURE_ABLATION_LOCAL,SINGLE_FEATURE_ABLATION_LOCAL,10,"[18, 26, 58, 82, 50, 52, 114, 20, 60, 19, 51, 122, 116, 59, 124, 84, 115, 123, 83, 28, 30, 22, 31, 125, 2, 90, 27, 74, 117, 66, 23, 10, 86, 78, 73, 65, 70, 61, 87, 53, 9, 14, 79, 71, 77, 76, 75, 21, 1, 15, 62, 92, 68, 67, 12, 11, 94, 17, 6, 69, 63, 4, 54, 85, 13, 3, 95, 55, 5, 7, 91, 34, 118, 119, 98, 32, 24, 126, 42, 101, 127, 81, 72, 80, 45, 106, 16, 88, 49, 25, 29, 100, 96, 64, 57, 8, 56, 40, 120, 99, 113, 112, 128, 37, 35, 48, 104, 43, 121, 107, 44, 89, 111, 103, 102, 110, 46, 109, 105, 93, 38, 41, 47, 36, 39, 33, 108, 97]","[18, 26, 58, 82, 50, 52, 114, 20, 60, 19]"
EXP-XAI-0001,B2:71,MODEL-C3,SINGLE_FEATURE_ABLATION_LOCAL,SINGLE_FEATURE_ABLATION_LOCAL,1,"[52, 116, 60, 20, 124, 117, 18, 125, 84, 26, 82, 51, 19, 58, 59, 50, 115, 28, 114, 123, 30, 31, 22, 83, 122, 23, 61, 53, 86, 27, 87, 21, 85, 17, 94, 90, 92, 95, 62, 63, 54, 119, 81, 32, 74, 25, 2, 24, 55, 118, 66, 126, 91, 88, 78, 73, 127, 96, 10, 49, 70, 65, 64, 57, 76, 77, 79, 9, 14, 75, 71, 68, 1, 15, 67, 34, 36, 12, 69, 11, 44, 4, 6, 13, 113, 3, 29, 56, 120, 121, 5, 7, 108, 42, 98, 128, 109, 37, 106, 100, 72, 80, 89, 16, 101, 93, 8, 45, 105, 33, 97, 41, 38, 107, 103, 40, 47, 102, 46, 110, 39, 43, 35, 112, 104, 99, 48, 111]",[52]
EXP-XAI-0001,B2:71,MODEL-C3,SINGLE_FEATURE_ABLATION_LOCAL,SINGLE_FEATURE_ABLATION_LOCAL,3,"[52, 116, 60, 20, 124, 117, 18, 125, 84, 26, 82, 51, 19, 58, 59, 50, 115, 28, 114, 123, 30, 31, 22, 83, 122, 23, 61, 53, 86, 27, 87, 21, 85, 17, 94, 90, 92, 95, 62, 63, 54, 119, 81, 32, 74, 25, 2, 24, 55, 118, 66, 126, 91, 88, 78, 73, 127, 96, 10, 49, 70, 65, 64, 57, 76, 77, 79, 9, 14, 75, 71, 68, 1, 15, 67, 34, 36, 12, 69, 11, 44, 4, 6, 13, 113, 3, 29, 56, 120, 121, 5, 7, 108, 42, 98, 128, 109, 37, 106, 100, 72, 80, 89, 16, 101, 93, 8, 45, 105, 33, 97, 41, 38, 107, 103, 40, 47, 102, 46, 110, 39, 43, 35, 112, 104, 99, 48, 111]","[52, 116, 60]"
EXP-XAI-0001,B2:71,MODEL-C3,SINGLE_FEATURE_ABLATION_LOCAL,SINGLE_FEATURE_ABLATION_LOCAL,5,"[52, 116, 60, 20, 124, 117, 18, 125, 84, 26, 82, 51, 19, 58, 59, 50, 115, 28, 114, 123, 30, 31, 22, 83, 122, 23, 61, 53, 86, 27, 87, 21, 85, 17, 94, 90, 92, 95, 62, 63, 54, 119, 81, 32, 74, 25, 2, 24, 55, 118, 66, 126, 91, 88, 78, 73, 127, 96, 10, 49, 70, 65, 64, 57, 76, 77, 79, 9, 14, 75, 71, 68, 1, 15, 67, 34, 36, 12, 69, 11, 44, 4, 6, 13, 113, 3, 29, 56, 120, 121, 5, 7, 108, 42, 98, 128, 109, 37, 106, 100, 72, 80, 89, 16, 101, 93, 8, 45, 105, 33, 97, 41, 38, 107, 103, 40, 47, 102, 46, 110, 39, 43, 35, 112, 104, 99, 48, 111]","[52, 116, 60, 20, 124]"
EXP-XAI-0001,B2:71,MODEL-C3,SINGLE_FEATURE_ABLATION_LOCAL,SINGLE_FEATURE_ABLATION_LOCAL,10,"[52, 116, 60, 20, 124, 117, 18, 125, 84, 26, 82, 51, 19, 58, 59, 50, 115, 28, 114, 123, 30, 31, 22, 83, 122, 23, 61, 53, 86, 27, 87, 21, 85, 17, 94, 90, 92, 95, 62, 63, 54, 119, 81, 32, 74, 25, 2, 24, 55, 118, 66, 126, 91, 88, 78, 73, 127, 96, 10, 49, 70, 65, 64, 57, 76, 77, 79, 9, 14, 75, 71, 68, 1, 15, 67, 34, 36, 12, 69, 11, 44, 4, 6, 13, 113, 3, 29, 56, 120, 121, 5, 7, 108, 42, 98, 128, 109, 37, 106, 100, 72, 80, 89, 16, 101, 93, 8, 45, 105, 33, 97, 41, 38, 107, 103, 40, 47, 102, 46, 110, 39, 43, 35, 112, 104, 99, 48, 111]","[52, 116, 60, 20, 124, 117, 18, 125, 84, 26]"
EXP-XAI-0001,B2:210,MODEL-C3,SINGLE_FEATURE_ABLATION_LOCAL,SINGLE_FEATURE_ABLATION_LOCAL,1,"[104, 25, 57, 81, 17, 49, 113, 121, 89, 82, 26, 90, 42, 105, 18, 114, 58, 34, 122, 69, 50, 41, 33, 77, 112, 62, 68, 67, 30, 5, 86, 12, 106, 54, 22, 75, 76, 97, 11, 19, 59, 51, 118, 83, 94, 126, 115, 110, 31, 27, 4, 45, 63, 23, 87, 55, 84, 3, 46, 95, 70, 123, 20, 119, 127, 13, 85, 38, 52, 71, 120, 28, 21, 60, 101, 111, 66, 116, 103, 102, 72, 124, 14, 91, 10, 15, 109, 78, 2, 56, 92, 117, 47, 80, 74, 98, 61, 16, 48, 24, 93, 100, 79, 64, 37, 29, 6, 8, 96, 53, 99, 65, 7, 88, 40, 32, 73, 43, 108, 128, 107, 9, 39, 1, 125, 44, 35, 36]",[104]
EXP-XAI-0001,B2:210,MODEL-C3,SINGLE_FEATURE_ABLATION_LOCAL,SINGLE_FEATURE_ABLATION_LOCAL,3,"[104, 25, 57, 81, 17, 49, 113, 121, 89, 82, 26, 90, 42, 105, 18, 114, 58, 34, 122, 69, 50, 41, 33, 77, 112, 62, 68, 67, 30, 5, 86, 12, 106, 54, 22, 75, 76, 97, 11, 19, 59, 51, 118, 83, 94, 126, 115, 110, 31, 27, 4, 45, 63, 23, 87, 55, 84, 3, 46, 95, 70, 123, 20, 119, 127, 13, 85, 38, 52, 71, 120, 28, 21, 60, 101, 111, 66, 116, 103, 102, 72, 124, 14, 91, 10, 15, 109, 78, 2, 56, 92, 117, 47, 80, 74, 98, 61, 16, 48, 24, 93, 100, 79, 64, 37, 29, 6, 8, 96, 53, 99, 65, 7, 88, 40, 32, 73, 43, 108, 128, 107, 9, 39, 1, 125, 44, 35, 36]","[104, 25, 57]"
EXP-XAI-0001,B2:210,MODEL-C3,SINGLE_FEATURE_ABLATION_LOCAL,SINGLE_FEATURE_ABLATION_LOCAL,5,"[104, 25, 57, 81, 17, 49, 113, 121, 89, 82, 26, 90, 42, 105, 18, 114, 58, 34, 122, 69, 50, 41, 33, 77, 112, 62, 68, 67, 30, 5, 86, 12, 106, 54, 22, 75, 76, 97, 11, 19, 59, 51, 118, 83, 94, 126, 115, 110, 31, 27, 4, 45, 63, 23, 87, 55, 84, 3, 46, 95, 70, 123, 20, 119, 127, 13, 85, 38, 52, 71, 120, 28, 21, 60, 101, 111, 66, 116, 103, 102, 72, 124, 14, 91, 10, 15, 109, 78, 2, 56, 92, 117, 47, 80, 74, 98, 61, 16, 48, 24, 93, 100, 79, 64, 37, 29, 6, 8, 96, 53, 99, 65, 7, 88, 40, 32, 73, 43, 108, 128, 107, 9, 39, 1, 125, 44, 35, 36]","[104, 25, 57, 81, 17]"
EXP-XAI-0001,B2:210,MODEL-C3,SINGLE_FEATURE_ABLATION_LOCAL,SINGLE_FEATURE_ABLATION_LOCAL,10,"[104, 25, 57, 81, 17, 49, 113, 121, 89, 82, 26, 90, 42, 105, 18, 114, 58, 34, 122, 69, 50, 41, 33, 77, 112, 62, 68, 67, 30, 5, 86, 12, 106, 54, 22, 75, 76, 97, 11, 19, 59, 51, 118, 83, 94, 126, 115, 110, 31, 27, 4, 45, 63, 23, 87, 55, 84, 3, 46, 95, 70, 123, 20, 119, 127, 13, 85, 38, 52, 71, 120, 28, 21, 60, 101, 111, 66, 116, 103, 102, 72, 124, 14, 91, 10, 15, 109, 78, 2, 56, 92, 117, 47, 80, 74, 98, 61, 16, 48, 24, 93, 100, 79, 64, 37, 29, 6, 8, 96, 53, 99, 65, 7, 88, 40, 32, 73, 43, 108, 128, 107, 9, 39, 1, 125, 44, 35, 36]","[104, 25, 57, 81, 17, 49, 113, 121, 89, 82]"
EXP-XAI-0001,B2:211,MODEL-C3,SINGLE_FEATURE_ABLATION_LOCAL,SINGLE_FEATURE_ABLATION_LOCAL,1,"[104, 112, 107, 99, 100, 121, 113, 49, 57, 108, 35, 44, 36, 81, 43, 17, 48, 89, 25, 101, 97, 105, 37, 33, 41, 122, 106, 109, 123, 74, 66, 51, 98, 125, 59, 70, 78, 110, 14, 10, 79, 115, 111, 71, 73, 124, 15, 6, 114, 52, 91, 120, 19, 65, 83, 60, 50, 27, 58, 7, 102, 2, 47, 116, 90, 20, 16, 96, 92, 45, 93, 68, 1, 80, 84, 12, 53, 76, 72, 38, 46, 67, 128, 28, 75, 11, 9, 42, 117, 8, 39, 29, 4, 13, 88, 5, 69, 24, 34, 61, 86, 22, 118, 3, 30, 62, 54, 40, 21, 126, 64, 23, 56, 31, 32, 18, 85, 95, 77, 103, 94, 82, 26, 119, 127, 55, 87, 63]",[104]
EXP-XAI-0001,B2:211,MODEL-C3,SINGLE_FEATURE_ABLATION_LOCAL,SINGLE_FEATURE_ABLATION_LOCAL,3,"[104, 112, 107, 99, 100, 121, 113, 49, 57, 108, 35, 44, 36, 81, 43, 17, 48, 89, 25, 101, 97, 105, 37, 33, 41, 122, 106, 109, 123, 74, 66, 51, 98, 125, 59, 70, 78, 110, 14, 10, 79, 115, 111, 71, 73, 124, 15, 6, 114, 52, 91, 120, 19, 65, 83, 60, 50, 27, 58, 7, 102, 2, 47, 116, 90, 20, 16, 96, 92, 45, 93, 68, 1, 80, 84, 12, 53, 76, 72, 38, 46, 67, 128, 28, 75, 11, 9, 42, 117, 8, 39, 29, 4, 13, 88, 5, 69, 24, 34, 61, 86, 22, 118, 3, 30, 62, 54, 40, 21, 126, 64, 23, 56, 31, 32, 18, 85, 95, 77, 103, 94, 82, 26, 119, 127, 55, 87, 63]","[104, 112, 107]"
EXP-XAI-0001,B2:211,MODEL-C3,SINGLE_FEATURE_ABLATION_LOCAL,SINGLE_FEATURE_ABLATION_LOCAL,5,"[104, 112, 107, 99, 100, 121, 113, 49, 57, 108, 35, 44, 36, 81, 43, 17, 48, 89, 25, 101, 97, 105, 37, 33, 41, 122, 106, 109, 123, 74, 66, 51, 98, 125, 59, 70, 78, 110, 14, 10, 79, 115, 111, 71, 73, 124, 15, 6, 114, 52, 91, 120, 19, 65, 83, 60, 50, 27, 58, 7, 102, 2, 47, 116, 90, 20, 16, 96, 92, 45, 93, 68, 1, 80, 84, 12, 53, 76, 72, 38, 46, 67, 128, 28, 75, 11, 9, 42, 117, 8, 39, 29, 4, 13, 88, 5, 69, 24, 34, 61, 86, 22, 118, 3, 30, 62, 54, 40, 21, 126, 64, 23, 56, 31, 32, 18, 85, 95, 77, 103, 94, 82, 26, 119, 127, 55, 87, 63]","[104, 112, 107, 99, 100]"
EXP-XAI-0001,B2:211,MODEL-C3,SINGLE_FEATURE_ABLATION_LOCAL,SINGLE_FEATURE_ABLATION_LOCAL,10,"[104, 112, 107, 99, 100, 121, 113, 49, 57, 108, 35, 44, 36, 81, 43, 17, 48, 89, 25, 101, 97, 105, 37, 33, 41, 122, 106, 109, 123, 74, 66, 51, 98, 125, 59, 70, 78, 110, 14, 10, 79, 115, 111, 71, 73, 124, 15, 6, 114, 52, 91, 120, 19, 65, 83, 60, 50, 27, 58, 7, 102, 2, 47, 116, 90, 20, 16, 96, 92, 45, 93, 68, 1, 80, 84, 12, 53, 76, 72, 38, 46, 67, 128, 28, 75, 11, 9, 42, 117, 8, 39, 29, 4, 13, 88, 5, 69, 24, 34, 61, 86, 22, 118, 3, 30, 62, 54, 40, 21, 126, 64, 23, 56, 31, 32, 18, 85, 95, 77, 103, 94, 82, 26, 119, 127, 55, 87, 63]","[104, 112, 107, 99, 100, 121, 113, 49, 57, 108]"
EXP-XAI-0001,B2:212,MODEL-C3,SINGLE_FEATURE_ABLATION_LOCAL,SINGLE_FEATURE_ABLATION_LOCAL,1,"[107, 104, 99, 100, 35, 108, 36, 112, 43, 44, 57, 113, 121, 49, 37, 81, 17, 101, 25, 89, 106, 123, 51, 98, 59, 122, 115, 105, 97, 33, 45, 110, 41, 91, 124, 52, 83, 19, 66, 125, 111, 27, 74, 60, 128, 20, 102, 47, 116, 114, 68, 92, 10, 58, 50, 88, 90, 84, 12, 76, 96, 9, 48, 67, 53, 46, 38, 120, 28, 78, 93, 75, 2, 11, 109, 70, 42, 117, 4, 34, 79, 6, 39, 14, 61, 71, 7, 103, 15, 29, 1, 56, 16, 3, 24, 80, 13, 5, 22, 86, 118, 64, 65, 82, 30, 54, 26, 62, 95, 21, 8, 85, 126, 69, 77, 72, 94, 40, 127, 23, 31, 18, 32, 55, 63, 119, 73, 87]",[107]
EXP-XAI-0001,B2:212,MODEL-C3,SINGLE_FEATURE_ABLATION_LOCAL,SINGLE_FEATURE_ABLATION_LOCAL,3,"[107, 104, 99, 100, 35, 108, 36, 112, 43, 44, 57, 113, 121, 49, 37, 81, 17, 101, 25, 89, 106, 123, 51, 98, 59, 122, 115, 105, 97, 33, 45, 110, 41, 91, 124, 52, 83, 19, 66, 125, 111, 27, 74, 60, 128, 20, 102, 47, 116, 114, 68, 92, 10, 58, 50, 88, 90, 84, 12, 76, 96, 9, 48, 67, 53, 46, 38, 120, 28, 78, 93, 75, 2, 11, 109, 70, 42, 117, 4, 34, 79, 6, 39, 14, 61, 71, 7, 103, 15, 29, 1, 56, 16, 3, 24, 80, 13, 5, 22, 86, 118, 64, 65, 82, 30, 54, 26, 62, 95, 21, 8, 85, 126, 69, 77, 72, 94, 40, 127, 23, 31, 18, 32, 55, 63, 119, 73, 87]","[107, 104, 99]"
EXP-XAI-0001,B2:212,MODEL-C3,SINGLE_FEATURE_ABLATION_LOCAL,SINGLE_FEATURE_ABLATION_LOCAL,5,"[107, 104, 99, 100, 35, 108, 36, 112, 43, 44, 57, 113, 121, 49, 37, 81, 17, 101, 25, 89, 106, 123, 51, 98, 59, 122, 115, 105, 97, 33, 45, 110, 41, 91, 124, 52, 83, 19, 66, 125, 111, 27, 74, 60, 128, 20, 102, 47, 116, 114, 68, 92, 10, 58, 50, 88, 90, 84, 12, 76, 96, 9, 48, 67, 53, 46, 38, 120, 28, 78, 93, 75, 2, 11, 109, 70, 42, 117, 4, 34, 79, 6, 39, 14, 61, 71, 7, 103, 15, 29, 1, 56, 16, 3, 24, 80, 13, 5, 22, 86, 118, 64, 65, 82, 30, 54, 26, 62, 95, 21, 8, 85, 126, 69, 77, 72, 94, 40, 127, 23, 31, 18, 32, 55, 63, 119, 73, 87]","[107, 104, 99, 100, 35]"
EXP-XAI-0001,B2:212,MODEL-C3,SINGLE_FEATURE_ABLATION_LOCAL,SINGLE_FEATURE_ABLATION_LOCAL,10,"[107, 104, 99, 100, 35, 108, 36, 112, 43, 44, 57, 113, 121, 49, 37, 81, 17, 101, 25, 89, 106, 123, 51, 98, 59, 122, 115, 105, 97, 33, 45, 110, 41, 91, 124, 52, 83, 19, 66, 125, 111, 27, 74, 60, 128, 20, 102, 47, 116, 114, 68, 92, 10, 58, 50, 88, 90, 84, 12, 76, 96, 9, 48, 67, 53, 46, 38, 120, 28, 78, 93, 75, 2, 11, 109, 70, 42, 117, 4, 34, 79, 6, 39, 14, 61, 71, 7, 103, 15, 29, 1, 56, 16, 3, 24, 80, 13, 5, 22, 86, 118, 64, 65, 82, 30, 54, 26, 62, 95, 21, 8, 85, 126, 69, 77, 72, 94, 40, 127, 23, 31, 18, 32, 55, 63, 119, 73, 87]","[107, 104, 99, 100, 35, 108, 36, 112, 43, 44]"
EXP-XAI-0001,B2:217,MODEL-C3,SINGLE_FEATURE_ABLATION_LOCAL,SINGLE_FEATURE_ABLATION_LOCAL,1,"[1, 2, 3, 4, 5, 6, 7, 8, 9, 10, 11, 12, 13, 14, 15, 16, 17, 18, 19, 20, 21, 22, 23, 24, 25, 26, 27, 28, 29, 30, 31, 32, 33, 34, 35, 36, 37, 38, 39, 40, 41, 42, 43, 44, 45, 46, 47, 48, 49, 50, 51, 52, 53, 54, 55, 56, 57, 58, 59, 60, 61, 62, 63, 64, 65, 66, 67, 68, 69, 70, 71, 72, 73, 74, 75, 76, 77, 78, 79, 80, 81, 82, 83, 84, 85, 86, 87, 88, 89, 90, 91, 92, 93, 94, 95, 96, 97, 98, 99, 100, 101, 102, 103, 104, 105, 106, 107, 108, 109, 110, 111, 112, 113, 114, 115, 116, 117, 118, 119, 120, 121, 122, 123, 124, 125, 126, 127, 128]",[1]
EXP-XAI-0001,B2:217,MODEL-C3,SINGLE_FEATURE_ABLATION_LOCAL,SINGLE_FEATURE_ABLATION_LOCAL,3,"[1, 2, 3, 4, 5, 6, 7, 8, 9, 10, 11, 12, 13, 14, 15, 16, 17, 18, 19, 20, 21, 22, 23, 24, 25, 26, 27, 28, 29, 30, 31, 32, 33, 34, 35, 36, 37, 38, 39, 40, 41, 42, 43, 44, 45, 46, 47, 48, 49, 50, 51, 52, 53, 54, 55, 56, 57, 58, 59, 60, 61, 62, 63, 64, 65, 66, 67, 68, 69, 70, 71, 72, 73, 74, 75, 76, 77, 78, 79, 80, 81, 82, 83, 84, 85, 86, 87, 88, 89, 90, 91, 92, 93, 94, 95, 96, 97, 98, 99, 100, 101, 102, 103, 104, 105, 106, 107, 108, 109, 110, 111, 112, 113, 114, 115, 116, 117, 118, 119, 120, 121, 122, 123, 124, 125, 126, 127, 128]","[1, 2, 3]"
EXP-XAI-0001,B2:217,MODEL-C3,SINGLE_FEATURE_ABLATION_LOCAL,SINGLE_FEATURE_ABLATION_LOCAL,5,"[1, 2, 3, 4, 5, 6, 7, 8, 9, 10, 11, 12, 13, 14, 15, 16, 17, 18, 19, 20, 21, 22, 23, 24, 25, 26, 27, 28, 29, 30, 31, 32, 33, 34, 35, 36, 37, 38, 39, 40, 41, 42, 43, 44, 45, 46, 47, 48, 49, 50, 51, 52, 53, 54, 55, 56, 57, 58, 59, 60, 61, 62, 63, 64, 65, 66, 67, 68, 69, 70, 71, 72, 73, 74, 75, 76, 77, 78, 79, 80, 81, 82, 83, 84, 85, 86, 87, 88, 89, 90, 91, 92, 93, 94, 95, 96, 97, 98, 99, 100, 101, 102, 103, 104, 105, 106, 107, 108, 109, 110, 111, 112, 113, 114, 115, 116, 117, 118, 119, 120, 121, 122, 123, 124, 125, 126, 127, 128]","[1, 2, 3, 4, 5]"
EXP-XAI-0001,B2:217,MODEL-C3,SINGLE_FEATURE_ABLATION_LOCAL,SINGLE_FEATURE_ABLATION_LOCAL,10,"[1, 2, 3, 4, 5, 6, 7, 8, 9, 10, 11, 12, 13, 14, 15, 16, 17, 18, 19, 20, 21, 22, 23, 24, 25, 26, 27, 28, 29, 30, 31, 32, 33, 34, 35, 36, 37, 38, 39, 40, 41, 42, 43, 44, 45, 46, 47, 48, 49, 50, 51, 52, 53, 54, 55, 56, 57, 58, 59, 60, 61, 62, 63, 64, 65, 66, 67, 68, 69, 70, 71, 72, 73, 74, 75, 76, 77, 78, 79, 80, 81, 82, 83, 84, 85, 86, 87, 88, 89, 90, 91, 92, 93, 94, 95, 96, 97, 98, 99, 100, 101, 102, 103, 104, 105, 106, 107, 108, 109, 110, 111, 112, 113, 114, 115, 116, 117, 118, 119, 120, 121, 122, 123, 124, 125, 126, 127, 128]","[1, 2, 3, 4, 5, 6, 7, 8, 9, 10]"
EXP-XAI-0001,B2:218,MODEL-C3,SINGLE_FEATURE_ABLATION_LOCAL,SINGLE_FEATURE_ABLATION_LOCAL,1,"[1, 2, 3, 4, 5, 6, 7, 8, 9, 10, 11, 12, 13, 14, 15, 16, 17, 18, 19, 20, 21, 22, 23, 24, 25, 26, 27, 28, 29, 30, 31, 32, 33, 34, 35, 36, 37, 38, 39, 40, 41, 42, 43, 44, 45, 46, 47, 48, 49, 50, 51, 52, 53, 54, 55, 56, 57, 58, 59, 60, 61, 62, 63, 64, 65, 66, 67, 68, 69, 70, 71, 72, 73, 74, 75, 76, 77, 78, 79, 80, 81, 82, 83, 84, 85, 86, 87, 88, 89, 90, 91, 92, 93, 94, 95, 96, 97, 98, 99, 100, 101, 102, 103, 104, 105, 106, 107, 108, 109, 110, 111, 112, 113, 114, 115, 116, 117, 118, 119, 120, 121, 122, 123, 124, 125, 126, 127, 128]",[1]
EXP-XAI-0001,B2:218,MODEL-C3,SINGLE_FEATURE_ABLATION_LOCAL,SINGLE_FEATURE_ABLATION_LOCAL,3,"[1, 2, 3, 4, 5, 6, 7, 8, 9, 10, 11, 12, 13, 14, 15, 16, 17, 18, 19, 20, 21, 22, 23, 24, 25, 26, 27, 28, 29, 30, 31, 32, 33, 34, 35, 36, 37, 38, 39, 40, 41, 42, 43, 44, 45, 46, 47, 48, 49, 50, 51, 52, 53, 54, 55, 56, 57, 58, 59, 60, 61, 62, 63, 64, 65, 66, 67, 68, 69, 70, 71, 72, 73, 74, 75, 76, 77, 78, 79, 80, 81, 82, 83, 84, 85, 86, 87, 88, 89, 90, 91, 92, 93, 94, 95, 96, 97, 98, 99, 100, 101, 102, 103, 104, 105, 106, 107, 108, 109, 110, 111, 112, 113, 114, 115, 116, 117, 118, 119, 120, 121, 122, 123, 124, 125, 126, 127, 128]","[1, 2, 3]"
EXP-XAI-0001,B2:218,MODEL-C3,SINGLE_FEATURE_ABLATION_LOCAL,SINGLE_FEATURE_ABLATION_LOCAL,5,"[1, 2, 3, 4, 5, 6, 7, 8, 9, 10, 11, 12, 13, 14, 15, 16, 17, 18, 19, 20, 21, 22, 23, 24, 25, 26, 27, 28, 29, 30, 31, 32, 33, 34, 35, 36, 37, 38, 39, 40, 41, 42, 43, 44, 45, 46, 47, 48, 49, 50, 51, 52, 53, 54, 55, 56, 57, 58, 59, 60, 61, 62, 63, 64, 65, 66, 67, 68, 69, 70, 71, 72, 73, 74, 75, 76, 77, 78, 79, 80, 81, 82, 83, 84, 85, 86, 87, 88, 89, 90, 91, 92, 93, 94, 95, 96, 97, 98, 99, 100, 101, 102, 103, 104, 105, 106, 107, 108, 109, 110, 111, 112, 113, 114, 115, 116, 117, 118, 119, 120, 121, 122, 123, 124, 125, 126, 127, 128]","[1, 2, 3, 4, 5]"
EXP-XAI-0001,B2:218,MODEL-C3,SINGLE_FEATURE_ABLATION_LOCAL,SINGLE_FEATURE_ABLATION_LOCAL,10,"[1, 2, 3, 4, 5, 6, 7, 8, 9, 10, 11, 12, 13, 14, 15, 16, 17, 18, 19, 20, 21, 22, 23, 24, 25, 26, 27, 28, 29, 30, 31, 32, 33, 34, 35, 36, 37, 38, 39, 40, 41, 42, 43, 44, 45, 46, 47, 48, 49, 50, 51, 52, 53, 54, 55, 56, 57, 58, 59, 60, 61, 62, 63, 64, 65, 66, 67, 68, 69, 70, 71, 72, 73, 74, 75, 76, 77, 78, 79, 80, 81, 82, 83, 84, 85, 86, 87, 88, 89, 90, 91, 92, 93, 94, 95, 96, 97, 98, 99, 100, 101, 102, 103, 104, 105, 106, 107, 108, 109, 110, 111, 112, 113, 114, 115, 116, 117, 118, 119, 120, 121, 122, 123, 124, 125, 126, 127, 128]","[1, 2, 3, 4, 5, 6, 7, 8, 9, 10]"
EXP-XAI-0001,B2:219,MODEL-C3,SINGLE_FEATURE_ABLATION_LOCAL,SINGLE_FEATURE_ABLATION_LOCAL,1,"[1, 2, 3, 4, 5, 6, 7, 8, 9, 10, 11, 12, 13, 14, 15, 16, 17, 18, 19, 20, 21, 22, 23, 24, 25, 26, 27, 28, 29, 30, 31, 32, 33, 34, 35, 36, 37, 38, 39, 40, 41, 42, 43, 44, 45, 46, 47, 48, 49, 50, 51, 52, 53, 54, 55, 56, 57, 58, 59, 60, 61, 62, 63, 64, 65, 66, 67, 68, 69, 70, 71, 72, 73, 74, 75, 76, 77, 78, 79, 80, 81, 82, 83, 84, 85, 86, 87, 88, 89, 90, 91, 92, 93, 94, 95, 96, 97, 98, 99, 100, 101, 102, 103, 104, 105, 106, 107, 108, 109, 110, 111, 112, 113, 114, 115, 116, 117, 118, 119, 120, 121, 122, 123, 124, 125, 126, 127, 128]",[1]
EXP-XAI-0001,B2:219,MODEL-C3,SINGLE_FEATURE_ABLATION_LOCAL,SINGLE_FEATURE_ABLATION_LOCAL,3,"[1, 2, 3, 4, 5, 6, 7, 8, 9, 10, 11, 12, 13, 14, 15, 16, 17, 18, 19, 20, 21, 22, 23, 24, 25, 26, 27, 28, 29, 30, 31, 32, 33, 34, 35, 36, 37, 38, 39, 40, 41, 42, 43, 44, 45, 46, 47, 48, 49, 50, 51, 52, 53, 54, 55, 56, 57, 58, 59, 60, 61, 62, 63, 64, 65, 66, 67, 68, 69, 70, 71, 72, 73, 74, 75, 76, 77, 78, 79, 80, 81, 82, 83, 84, 85, 86, 87, 88, 89, 90, 91, 92, 93, 94, 95, 96, 97, 98, 99, 100, 101, 102, 103, 104, 105, 106, 107, 108, 109, 110, 111, 112, 113, 114, 115, 116, 117, 118, 119, 120, 121, 122, 123, 124, 125, 126, 127, 128]","[1, 2, 3]"
EXP-XAI-0001,B2:219,MODEL-C3,SINGLE_FEATURE_ABLATION_LOCAL,SINGLE_FEATURE_ABLATION_LOCAL,5,"[1, 2, 3, 4, 5, 6, 7, 8, 9, 10, 11, 12, 13, 14, 15, 16, 17, 18, 19, 20, 21, 22, 23, 24, 25, 26, 27, 28, 29, 30, 31, 32, 33, 34, 35, 36, 37, 38, 39, 40, 41, 42, 43, 44, 45, 46, 47, 48, 49, 50, 51, 52, 53, 54, 55, 56, 57, 58, 59, 60, 61, 62, 63, 64, 65, 66, 67, 68, 69, 70, 71, 72, 73, 74, 75, 76, 77, 78, 79, 80, 81, 82, 83, 84, 85, 86, 87, 88, 89, 90, 91, 92, 93, 94, 95, 96, 97, 98, 99, 100, 101, 102, 103, 104, 105, 106, 107, 108, 109, 110, 111, 112, 113, 114, 115, 116, 117, 118, 119, 120, 121, 122, 123, 124, 125, 126, 127, 128]","[1, 2, 3, 4, 5]"
EXP-XAI-0001,B2:219,MODEL-C3,SINGLE_FEATURE_ABLATION_LOCAL,SINGLE_FEATURE_ABLATION_LOCAL,10,"[1, 2, 3, 4, 5, 6, 7, 8, 9, 10, 11, 12, 13, 14, 15, 16, 17, 18, 19, 20, 21, 22, 23, 24, 25, 26, 27, 28, 29, 30, 31, 32, 33, 34, 35, 36, 37, 38, 39, 40, 41, 42, 43, 44, 45, 46, 47, 48, 49, 50, 51, 52, 53, 54, 55, 56, 57, 58, 59, 60, 61, 62, 63, 64, 65, 66, 67, 68, 69, 70, 71, 72, 73, 74, 75, 76, 77, 78, 79, 80, 81, 82, 83, 84, 85, 86, 87, 88, 89, 90, 91, 92, 93, 94, 95, 96, 97, 98, 99, 100, 101, 102, 103, 104, 105, 106, 107, 108, 109, 110, 111, 112, 113, 114, 115, 116, 117, 118, 119, 120, 121, 122, 123, 124, 125, 126, 127, 128]","[1, 2, 3, 4, 5, 6, 7, 8, 9, 10]"
EXP-XAI-0001,B2:220,MODEL-C3,SINGLE_FEATURE_ABLATION_LOCAL,SINGLE_FEATURE_ABLATION_LOCAL,1,"[1, 2, 3, 4, 5, 6, 7, 8, 9, 10, 11, 12, 13, 14, 15, 16, 17, 18, 19, 20, 21, 22, 23, 24, 25, 26, 27, 28, 29, 30, 31, 32, 33, 34, 35, 36, 37, 38, 39, 40, 41, 42, 43, 44, 45, 46, 47, 48, 49, 50, 51, 52, 53, 54, 55, 56, 57, 58, 59, 60, 61, 62, 63, 64, 65, 66, 67, 68, 69, 70, 71, 72, 73, 74, 75, 76, 77, 78, 79, 80, 81, 82, 83, 84, 85, 86, 87, 88, 89, 90, 91, 92, 93, 94, 95, 96, 97, 98, 99, 100, 101, 102, 103, 104, 105, 106, 107, 108, 109, 110, 111, 112, 113, 114, 115, 116, 117, 118, 119, 120, 121, 122, 123, 124, 125, 126, 127, 128]",[1]
EXP-XAI-0001,B2:220,MODEL-C3,SINGLE_FEATURE_ABLATION_LOCAL,SINGLE_FEATURE_ABLATION_LOCAL,3,"[1, 2, 3, 4, 5, 6, 7, 8, 9, 10, 11, 12, 13, 14, 15, 16, 17, 18, 19, 20, 21, 22, 23, 24, 25, 26, 27, 28, 29, 30, 31, 32, 33, 34, 35, 36, 37, 38, 39, 40, 41, 42, 43, 44, 45, 46, 47, 48, 49, 50, 51, 52, 53, 54, 55, 56, 57, 58, 59, 60, 61, 62, 63, 64, 65, 66, 67, 68, 69, 70, 71, 72, 73, 74, 75, 76, 77, 78, 79, 80, 81, 82, 83, 84, 85, 86, 87, 88, 89, 90, 91, 92, 93, 94, 95, 96, 97, 98, 99, 100, 101, 102, 103, 104, 105, 106, 107, 108, 109, 110, 111, 112, 113, 114, 115, 116, 117, 118, 119, 120, 121, 122, 123, 124, 125, 126, 127, 128]","[1, 2, 3]"
EXP-XAI-0001,B2:220,MODEL-C3,SINGLE_FEATURE_ABLATION_LOCAL,SINGLE_FEATURE_ABLATION_LOCAL,5,"[1, 2, 3, 4, 5, 6, 7, 8, 9, 10, 11, 12, 13, 14, 15, 16, 17, 18, 19, 20, 21, 22, 23, 24, 25, 26, 27, 28, 29, 30, 31, 32, 33, 34, 35, 36, 37, 38, 39, 40, 41, 42, 43, 44, 45, 46, 47, 48, 49, 50, 51, 52, 53, 54, 55, 56, 57, 58, 59, 60, 61, 62, 63, 64, 65, 66, 67, 68, 69, 70, 71, 72, 73, 74, 75, 76, 77, 78, 79, 80, 81, 82, 83, 84, 85, 86, 87, 88, 89, 90, 91, 92, 93, 94, 95, 96, 97, 98, 99, 100, 101, 102, 103, 104, 105, 106, 107, 108, 109, 110, 111, 112, 113, 114, 115, 116, 117, 118, 119, 120, 121, 122, 123, 124, 125, 126, 127, 128]","[1, 2, 3, 4, 5]"
EXP-XAI-0001,B2:220,MODEL-C3,SINGLE_FEATURE_ABLATION_LOCAL,SINGLE_FEATURE_ABLATION_LOCAL,10,"[1, 2, 3, 4, 5, 6, 7, 8, 9, 10, 11, 12, 13, 14, 15, 16, 17, 18, 19, 20, 21, 22, 23, 24, 25, 26, 27, 28, 29, 30, 31, 32, 33, 34, 35, 36, 37, 38, 39, 40, 41, 42, 43, 44, 45, 46, 47, 48, 49, 50, 51, 52, 53, 54, 55, 56, 57, 58, 59, 60, 61, 62, 63, 64, 65, 66, 67, 68, 69, 70, 71, 72, 73, 74, 75, 76, 77, 78, 79, 80, 81, 82, 83, 84, 85, 86, 87, 88, 89, 90, 91, 92, 93, 94, 95, 96, 97, 98, 99, 100, 101, 102, 103, 104, 105, 106, 107, 108, 109, 110, 111, 112, 113, 114, 115, 116, 117, 118, 119, 120, 121, 122, 123, 124, 125, 126, 127, 128]","[1, 2, 3, 4, 5, 6, 7, 8, 9, 10]"
EXP-XAI-0001,B2:469,MODEL-C3,SINGLE_FEATURE_ABLATION_LOCAL,SINGLE_FEATURE_ABLATION_LOCAL,1,"[74, 66, 10, 2, 42, 72, 25, 34, 17, 57, 89, 106, 49, 111, 80, 125, 90, 98, 51, 81, 110, 41, 117, 59, 19, 52, 8, 93, 47, 94, 116, 27, 124, 122, 79, 60, 92, 71, 84, 85, 46, 28, 83, 102, 105, 53, 115, 20, 123, 30, 121, 113, 54, 62, 95, 91, 61, 114, 40, 16, 22, 97, 78, 55, 63, 7, 58, 70, 29, 103, 86, 127, 50, 31, 126, 119, 38, 6, 77, 15, 118, 26, 33, 109, 9, 21, 45, 87, 23, 1, 68, 69, 76, 82, 43, 13, 14, 12, 39, 36, 65, 18, 88, 75, 4, 5, 67, 3, 11, 73, 44, 107, 108, 104, 96, 101, 99, 24, 37, 56, 48, 100, 128, 120, 112, 32, 35, 64]",[74]
EXP-XAI-0001,B2:469,MODEL-C3,SINGLE_FEATURE_ABLATION_LOCAL,SINGLE_FEATURE_ABLATION_LOCAL,3,"[74, 66, 10, 2, 42, 72, 25, 34, 17, 57, 89, 106, 49, 111, 80, 125, 90, 98, 51, 81, 110, 41, 117, 59, 19, 52, 8, 93, 47, 94, 116, 27, 124, 122, 79, 60, 92, 71, 84, 85, 46, 28, 83, 102, 105, 53, 115, 20, 123, 30, 121, 113, 54, 62, 95, 91, 61, 114, 40, 16, 22, 97, 78, 55, 63, 7, 58, 70, 29, 103, 86, 127, 50, 31, 126, 119, 38, 6, 77, 15, 118, 26, 33, 109, 9, 21, 45, 87, 23, 1, 68, 69, 76, 82, 43, 13, 14, 12, 39, 36, 65, 18, 88, 75, 4, 5, 67, 3, 11, 73, 44, 107, 108, 104, 96, 101, 99, 24, 37, 56, 48, 100, 128, 120, 112, 32, 35, 64]","[74, 66, 10]"
EXP-XAI-0001,B2:469,MODEL-C3,SINGLE_FEATURE_ABLATION_LOCAL,SINGLE_FEATURE_ABLATION_LOCAL,5,"[74, 66, 10, 2, 42, 72, 25, 34, 17, 57, 89, 106, 49, 111, 80, 125, 90, 98, 51, 81, 110, 41, 117, 59, 19, 52, 8, 93, 47, 94, 116, 27, 124, 122, 79, 60, 92, 71, 84, 85, 46, 28, 83, 102, 105, 53, 115, 20, 123, 30, 121, 113, 54, 62, 95, 91, 61, 114, 40, 16, 22, 97, 78, 55, 63, 7, 58, 70, 29, 103, 86, 127, 50, 31, 126, 119, 38, 6, 77, 15, 118, 26, 33, 109, 9, 21, 45, 87, 23, 1, 68, 69, 76, 82, 43, 13, 14, 12, 39, 36, 65, 18, 88, 75, 4, 5, 67, 3, 11, 73, 44, 107, 108, 104, 96, 101, 99, 24, 37, 56, 48, 100, 128, 120, 112, 32, 35, 64]","[74, 66, 10, 2, 42]"
EXP-XAI-0001,B2:469,MODEL-C3,SINGLE_FEATURE_ABLATION_LOCAL,SINGLE_FEATURE_ABLATION_LOCAL,10,"[74, 66, 10, 2, 42, 72, 25, 34, 17, 57, 89, 106, 49, 111, 80, 125, 90, 98, 51, 81, 110, 41, 117, 59, 19, 52, 8, 93, 47, 94, 116, 27, 124, 122, 79, 60, 92, 71, 84, 85, 46, 28, 83, 102, 105, 53, 115, 20, 123, 30, 121, 113, 54, 62, 95, 91, 61, 114, 40, 16, 22, 97, 78, 55, 63, 7, 58, 70, 29, 103, 86, 127, 50, 31, 126, 119, 38, 6, 77, 15, 118, 26, 33, 109, 9, 21, 45, 87, 23, 1, 68, 69, 76, 82, 43, 13, 14, 12, 39, 36, 65, 18, 88, 75, 4, 5, 67, 3, 11, 73, 44, 107, 108, 104, 96, 101, 99, 24, 37, 56, 48, 100, 128, 120, 112, 32, 35, 64]","[74, 66, 10, 2, 42, 72, 25, 34, 17, 57]"
EXP-XAI-0001,B2:476,MODEL-C3,SINGLE_FEATURE_ABLATION_LOCAL,SINGLE_FEATURE_ABLATION_LOCAL,1,"[66, 69, 13, 74, 5, 10, 77, 109, 17, 81, 25, 57, 19, 83, 104, 82, 20, 86, 30, 84, 18, 22, 49, 26, 62, 113, 27, 59, 28, 118, 54, 31, 51, 115, 87, 23, 48, 117, 125, 52, 68, 60, 67, 46, 12, 114, 55, 116, 41, 110, 88, 63, 58, 119, 34, 38, 85, 2, 42, 21, 112, 111, 50, 124, 61, 47, 65, 126, 123, 92, 7, 33, 39, 36, 79, 120, 24, 53, 105, 127, 6, 121, 91, 16, 106, 78, 45, 11, 122, 29, 98, 72, 43, 15, 128, 103, 4, 94, 102, 80, 64, 14, 40, 32, 107, 108, 3, 44, 35, 95, 8, 56, 89, 101, 90, 97, 76, 9, 96, 37, 73, 1, 100, 93, 99, 71, 75, 70]",[66]
EXP-XAI-0001,B2:476,MODEL-C3,SINGLE_FEATURE_ABLATION_LOCAL,SINGLE_FEATURE_ABLATION_LOCAL,3,"[66, 69, 13, 74, 5, 10, 77, 109, 17, 81, 25, 57, 19, 83, 104, 82, 20, 86, 30, 84, 18, 22, 49, 26, 62, 113, 27, 59, 28, 118, 54, 31, 51, 115, 87, 23, 48, 117, 125, 52, 68, 60, 67, 46, 12, 114, 55, 116, 41, 110, 88, 63, 58, 119, 34, 38, 85, 2, 42, 21, 112, 111, 50, 124, 61, 47, 65, 126, 123, 92, 7, 33, 39, 36, 79, 120, 24, 53, 105, 127, 6, 121, 91, 16, 106, 78, 45, 11, 122, 29, 98, 72, 43, 15, 128, 103, 4, 94, 102, 80, 64, 14, 40, 32, 107, 108, 3, 44, 35, 95, 8, 56, 89, 101, 90, 97, 76, 9, 96, 37, 73, 1, 100, 93, 99, 71, 75, 70]","[66, 69, 13]"
EXP-XAI-0001,B2:476,MODEL-C3,SINGLE_FEATURE_ABLATION_LOCAL,SINGLE_FEATURE_ABLATION_LOCAL,5,"[66, 69, 13, 74, 5, 10, 77, 109, 17, 81, 25, 57, 19, 83, 104, 82, 20, 86, 30, 84, 18, 22, 49, 26, 62, 113, 27, 59, 28, 118, 54, 31, 51, 115, 87, 23, 48, 117, 125, 52, 68, 60, 67, 46, 12, 114, 55, 116, 41, 110, 88, 63, 58, 119, 34, 38, 85, 2, 42, 21, 112, 111, 50, 124, 61, 47, 65, 126, 123, 92, 7, 33, 39, 36, 79, 120, 24, 53, 105, 127, 6, 121, 91, 16, 106, 78, 45, 11, 122, 29, 98, 72, 43, 15, 128, 103, 4, 94, 102, 80, 64, 14, 40, 32, 107, 108, 3, 44, 35, 95, 8, 56, 89, 101, 90, 97, 76, 9, 96, 37, 73, 1, 100, 93, 99, 71, 75, 70]","[66, 69, 13, 74, 5]"
EXP-XAI-0001,B2:476,MODEL-C3,SINGLE_FEATURE_ABLATION_LOCAL,SINGLE_FEATURE_ABLATION_LOCAL,10,"[66, 69, 13, 74, 5, 10, 77, 109, 17, 81, 25, 57, 19, 83, 104, 82, 20, 86, 30, 84, 18, 22, 49, 26, 62, 113, 27, 59, 28, 118, 54, 31, 51, 115, 87, 23, 48, 117, 125, 52, 68, 60, 67, 46, 12, 114, 55, 116, 41, 110, 88, 63, 58, 119, 34, 38, 85, 2, 42, 21, 112, 111, 50, 124, 61, 47, 65, 126, 123, 92, 7, 33, 39, 36, 79, 120, 24, 53, 105, 127, 6, 121, 91, 16, 106, 78, 45, 11, 122, 29, 98, 72, 43, 15, 128, 103, 4, 94, 102, 80, 64, 14, 40, 32, 107, 108, 3, 44, 35, 95, 8, 56, 89, 101, 90, 97, 76, 9, 96, 37, 73, 1, 100, 93, 99, 71, 75, 70]","[66, 69, 13, 74, 5, 10, 77, 109, 17, 81]"
EXP-XAI-0001,B2:514,MODEL-C3,SINGLE_FEATURE_ABLATION_LOCAL,SINGLE_FEATURE_ABLATION_LOCAL,1,"[105, 97, 33, 110, 41, 40, 102, 37, 100, 35, 108, 27, 111, 29, 112, 43, 103, 104, 91, 38, 25, 93, 50, 45, 46, 99, 39, 28, 21, 122, 92, 58, 114, 36, 47, 107, 89, 74, 2, 66, 48, 73, 65, 9, 44, 106, 19, 90, 52, 1, 78, 18, 70, 14, 85, 34, 101, 6, 75, 10, 79, 60, 42, 76, 71, 67, 11, 15, 3, 83, 68, 4, 51, 12, 7, 17, 20, 69, 98, 13, 77, 5, 61, 82, 118, 84, 119, 126, 127, 109, 72, 16, 80, 24, 8, 30, 81, 64, 53, 31, 87, 124, 55, 86, 117, 22, 54, 23, 49, 96, 26, 116, 59, 115, 62, 63, 123, 113, 56, 125, 120, 57, 95, 121, 94, 128, 88, 32]",[105]
EXP-XAI-0001,B2:514,MODEL-C3,SINGLE_FEATURE_ABLATION_LOCAL,SINGLE_FEATURE_ABLATION_LOCAL,3,"[105, 97, 33, 110, 41, 40, 102, 37, 100, 35, 108, 27, 111, 29, 112, 43, 103, 104, 91, 38, 25, 93, 50, 45, 46, 99, 39, 28, 21, 122, 92, 58, 114, 36, 47, 107, 89, 74, 2, 66, 48, 73, 65, 9, 44, 106, 19, 90, 52, 1, 78, 18, 70, 14, 85, 34, 101, 6, 75, 10, 79, 60, 42, 76, 71, 67, 11, 15, 3, 83, 68, 4, 51, 12, 7, 17, 20, 69, 98, 13, 77, 5, 61, 82, 118, 84, 119, 126, 127, 109, 72, 16, 80, 24, 8, 30, 81, 64, 53, 31, 87, 124, 55, 86, 117, 22, 54, 23, 49, 96, 26, 116, 59, 115, 62, 63, 123, 113, 56, 125, 120, 57, 95, 121, 94, 128, 88, 32]","[105, 97, 33]"
EXP-XAI-0001,B2:514,MODEL-C3,SINGLE_FEATURE_ABLATION_LOCAL,SINGLE_FEATURE_ABLATION_LOCAL,5,"[105, 97, 33, 110, 41, 40, 102, 37, 100, 35, 108, 27, 111, 29, 112, 43, 103, 104, 91, 38, 25, 93, 50, 45, 46, 99, 39, 28, 21, 122, 92, 58, 114, 36, 47, 107, 89, 74, 2, 66, 48, 73, 65, 9, 44, 106, 19, 90, 52, 1, 78, 18, 70, 14, 85, 34, 101, 6, 75, 10, 79, 60, 42, 76, 71, 67, 11, 15, 3, 83, 68, 4, 51, 12, 7, 17, 20, 69, 98, 13, 77, 5, 61, 82, 118, 84, 119, 126, 127, 109, 72, 16, 80, 24, 8, 30, 81, 64, 53, 31, 87, 124, 55, 86, 117, 22, 54, 23, 49, 96, 26, 116, 59, 115, 62, 63, 123, 113, 56, 125, 120, 57, 95, 121, 94, 128, 88, 32]","[105, 97, 33, 110, 41]"
EXP-XAI-0001,B2:514,MODEL-C3,SINGLE_FEATURE_ABLATION_LOCAL,SINGLE_FEATURE_ABLATION_LOCAL,10,"[105, 97, 33, 110, 41, 40, 102, 37, 100, 35, 108, 27, 111, 29, 112, 43, 103, 104, 91, 38, 25, 93, 50, 45, 46, 99, 39, 28, 21, 122, 92, 58, 114, 36, 47, 107, 89, 74, 2, 66, 48, 73, 65, 9, 44, 106, 19, 90, 52, 1, 78, 18, 70, 14, 85, 34, 101, 6, 75, 10, 79, 60, 42, 76, 71, 67, 11, 15, 3, 83, 68, 4, 51, 12, 7, 17, 20, 69, 98, 13, 77, 5, 61, 82, 118, 84, 119, 126, 127, 109, 72, 16, 80, 24, 8, 30, 81, 64, 53, 31, 87, 124, 55, 86, 117, 22, 54, 23, 49, 96, 26, 116, 59, 115, 62, 63, 123, 113, 56, 125, 120, 57, 95, 121, 94, 128, 88, 32]","[105, 97, 33, 110, 41, 40, 102, 37, 100, 35]"
EXP-XAI-0001,B2:515,MODEL-C3,SINGLE_FEATURE_ABLATION_LOCAL,SINGLE_FEATURE_ABLATION_LOCAL,1,"[105, 97, 33, 110, 41, 102, 37, 35, 27, 100, 108, 111, 29, 43, 112, 103, 91, 38, 40, 104, 25, 93, 99, 46, 50, 28, 45, 21, 39, 92, 122, 114, 107, 58, 47, 36, 89, 48, 2, 74, 66, 73, 106, 65, 9, 19, 44, 90, 52, 1, 78, 18, 70, 14, 101, 10, 34, 85, 6, 79, 42, 75, 76, 71, 60, 83, 67, 15, 11, 20, 3, 98, 68, 4, 51, 17, 7, 12, 69, 13, 77, 5, 61, 82, 84, 119, 118, 64, 127, 109, 72, 126, 30, 16, 80, 8, 31, 81, 22, 53, 24, 23, 117, 49, 86, 63, 62, 87, 124, 26, 115, 55, 123, 96, 56, 125, 54, 95, 116, 113, 59, 94, 121, 120, 57, 32, 88, 128]",[105]
EXP-XAI-0001,B2:515,MODEL-C3,SINGLE_FEATURE_ABLATION_LOCAL,SINGLE_FEATURE_ABLATION_LOCAL,3,"[105, 97, 33, 110, 41, 102, 37, 35, 27, 100, 108, 111, 29, 43, 112, 103, 91, 38, 40, 104, 25, 93, 99, 46, 50, 28, 45, 21, 39, 92, 122, 114, 107, 58, 47, 36, 89, 48, 2, 74, 66, 73, 106, 65, 9, 19, 44, 90, 52, 1, 78, 18, 70, 14, 101, 10, 34, 85, 6, 79, 42, 75, 76, 71, 60, 83, 67, 15, 11, 20, 3, 98, 68, 4, 51, 17, 7, 12, 69, 13, 77, 5, 61, 82, 84, 119, 118, 64, 127, 109, 72, 126, 30, 16, 80, 8, 31, 81, 22, 53, 24, 23, 117, 49, 86, 63, 62, 87, 124, 26, 115, 55, 123, 96, 56, 125, 54, 95, 116, 113, 59, 94, 121, 120, 57, 32, 88, 128]","[105, 97, 33]"
EXP-XAI-0001,B2:515,MODEL-C3,SINGLE_FEATURE_ABLATION_LOCAL,SINGLE_FEATURE_ABLATION_LOCAL,5,"[105, 97, 33, 110, 41, 102, 37, 35, 27, 100, 108, 111, 29, 43, 112, 103, 91, 38, 40, 104, 25, 93, 99, 46, 50, 28, 45, 21, 39, 92, 122, 114, 107, 58, 47, 36, 89, 48, 2, 74, 66, 73, 106, 65, 9, 19, 44, 90, 52, 1, 78, 18, 70, 14, 101, 10, 34, 85, 6, 79, 42, 75, 76, 71, 60, 83, 67, 15, 11, 20, 3, 98, 68, 4, 51, 17, 7, 12, 69, 13, 77, 5, 61, 82, 84, 119, 118, 64, 127, 109, 72, 126, 30, 16, 80, 8, 31, 81, 22, 53, 24, 23, 117, 49, 86, 63, 62, 87, 124, 26, 115, 55, 123, 96, 56, 125, 54, 95, 116, 113, 59, 94, 121, 120, 57, 32, 88, 128]","[105, 97, 33, 110, 41]"
EXP-XAI-0001,B2:515,MODEL-C3,SINGLE_FEATURE_ABLATION_LOCAL,SINGLE_FEATURE_ABLATION_LOCAL,10,"[105, 97, 33, 110, 41, 102, 37, 35, 27, 100, 108, 111, 29, 43, 112, 103, 91, 38, 40, 104, 25, 93, 99, 46, 50, 28, 45, 21, 39, 92, 122, 114, 107, 58, 47, 36, 89, 48, 2, 74, 66, 73, 106, 65, 9, 19, 44, 90, 52, 1, 78, 18, 70, 14, 101, 10, 34, 85, 6, 79, 42, 75, 76, 71, 60, 83, 67, 15, 11, 20, 3, 98, 68, 4, 51, 17, 7, 12, 69, 13, 77, 5, 61, 82, 84, 119, 118, 64, 127, 109, 72, 126, 30, 16, 80, 8, 31, 81, 22, 53, 24, 23, 117, 49, 86, 63, 62, 87, 124, 26, 115, 55, 123, 96, 56, 125, 54, 95, 116, 113, 59, 94, 121, 120, 57, 32, 88, 128]","[105, 97, 33, 110, 41, 102, 37, 35, 27, 100]"
EXP-XAI-0001,B2:900,MODEL-C3,SINGLE_FEATURE_ABLATION_LOCAL,SINGLE_FEATURE_ABLATION_LOCAL,1,"[16, 8, 13, 72, 5, 15, 80, 14, 11, 69, 7, 3, 12, 4, 9, 6, 77, 1, 101, 100, 71, 67, 36, 108, 70, 68, 109, 65, 99, 112, 79, 104, 107, 75, 37, 42, 35, 78, 44, 106, 76, 125, 61, 34, 73, 98, 88, 121, 117, 105, 113, 40, 103, 96, 85, 97, 43, 39, 102, 93, 124, 110, 53, 24, 52, 45, 111, 122, 21, 32, 60, 38, 48, 33, 116, 89, 58, 81, 50, 114, 59, 90, 51, 126, 64, 92, 118, 41, 84, 49, 87, 20, 128, 123, 28, 57, 29, 46, 63, 95, 120, 47, 17, 25, 86, 26, 115, 62, 23, 91, 19, 18, 31, 82, 27, 94, 83, 66, 74, 55, 54, 2, 10, 119, 56, 30, 22, 127]",[16]
EXP-XAI-0001,B2:900,MODEL-C3,SINGLE_FEATURE_ABLATION_LOCAL,SINGLE_FEATURE_ABLATION_LOCAL,3,"[16, 8, 13, 72, 5, 15, 80, 14, 11, 69, 7, 3, 12, 4, 9, 6, 77, 1, 101, 100, 71, 67, 36, 108, 70, 68, 109, 65, 99, 112, 79, 104, 107, 75, 37, 42, 35, 78, 44, 106, 76, 125, 61, 34, 73, 98, 88, 121, 117, 105, 113, 40, 103, 96, 85, 97, 43, 39, 102, 93, 124, 110, 53, 24, 52, 45, 111, 122, 21, 32, 60, 38, 48, 33, 116, 89, 58, 81, 50, 114, 59, 90, 51, 126, 64, 92, 118, 41, 84, 49, 87, 20, 128, 123, 28, 57, 29, 46, 63, 95, 120, 47, 17, 25, 86, 26, 115, 62, 23, 91, 19, 18, 31, 82, 27, 94, 83, 66, 74, 55, 54, 2, 10, 119, 56, 30, 22, 127]","[16, 8, 13]"
EXP-XAI-0001,B2:900,MODEL-C3,SINGLE_FEATURE_ABLATION_LOCAL,SINGLE_FEATURE_ABLATION_LOCAL,5,"[16, 8, 13, 72, 5, 15, 80, 14, 11, 69, 7, 3, 12, 4, 9, 6, 77, 1, 101, 100, 71, 67, 36, 108, 70, 68, 109, 65, 99, 112, 79, 104, 107, 75, 37, 42, 35, 78, 44, 106, 76, 125, 61, 34, 73, 98, 88, 121, 117, 105, 113, 40, 103, 96, 85, 97, 43, 39, 102, 93, 124, 110, 53, 24, 52, 45, 111, 122, 21, 32, 60, 38, 48, 33, 116, 89, 58, 81, 50, 114, 59, 90, 51, 126, 64, 92, 118, 41, 84, 49, 87, 20, 128, 123, 28, 57, 29, 46, 63, 95, 120, 47, 17, 25, 86, 26, 115, 62, 23, 91, 19, 18, 31, 82, 27, 94, 83, 66, 74, 55, 54, 2, 10, 119, 56, 30, 22, 127]","[16, 8, 13, 72, 5]"
EXP-XAI-0001,B2:900,MODEL-C3,SINGLE_FEATURE_ABLATION_LOCAL,SINGLE_FEATURE_ABLATION_LOCAL,10,"[16, 8, 13, 72, 5, 15, 80, 14, 11, 69, 7, 3, 12, 4, 9, 6, 77, 1, 101, 100, 71, 67, 36, 108, 70, 68, 109, 65, 99, 112, 79, 104, 107, 75, 37, 42, 35, 78, 44, 106, 76, 125, 61, 34, 73, 98, 88, 121, 117, 105, 113, 40, 103, 96, 85, 97, 43, 39, 102, 93, 124, 110, 53, 24, 52, 45, 111, 122, 21, 32, 60, 38, 48, 33, 116, 89, 58, 81, 50, 114, 59, 90, 51, 126, 64, 92, 118, 41, 84, 49, 87, 20, 128, 123, 28, 57, 29, 46, 63, 95, 120, 47, 17, 25, 86, 26, 115, 62, 23, 91, 19, 18, 31, 82, 27, 94, 83, 66, 74, 55, 54, 2, 10, 119, 56, 30, 22, 127]","[16, 8, 13, 72, 5, 15, 80, 14, 11, 69]"
EXP-XAI-0001,B2:904,MODEL-C3,SINGLE_FEATURE_ABLATION_LOCAL,SINGLE_FEATURE_ABLATION_LOCAL,1,"[16, 8, 72, 13, 15, 5, 11, 7, 14, 69, 80, 12, 3, 9, 4, 100, 6, 1, 101, 77, 36, 108, 112, 67, 71, 68, 70, 109, 99, 107, 37, 104, 65, 125, 44, 40, 121, 35, 79, 75, 42, 53, 113, 106, 34, 103, 105, 78, 76, 96, 98, 88, 73, 39, 97, 43, 117, 45, 111, 102, 124, 110, 89, 61, 81, 24, 48, 52, 38, 122, 33, 60, 32, 93, 64, 85, 58, 49, 21, 116, 50, 114, 128, 126, 87, 90, 118, 29, 57, 41, 120, 92, 59, 25, 17, 84, 51, 95, 20, 86, 63, 46, 28, 94, 56, 47, 23, 31, 26, 123, 18, 82, 62, 55, 30, 22, 83, 19, 66, 27, 2, 91, 127, 74, 115, 54, 119, 10]",[16]
EXP-XAI-0001,B2:904,MODEL-C3,SINGLE_FEATURE_ABLATION_LOCAL,SINGLE_FEATURE_ABLATION_LOCAL,3,"[16, 8, 72, 13, 15, 5, 11, 7, 14, 69, 80, 12, 3, 9, 4, 100, 6, 1, 101, 77, 36, 108, 112, 67, 71, 68, 70, 109, 99, 107, 37, 104, 65, 125, 44, 40, 121, 35, 79, 75, 42, 53, 113, 106, 34, 103, 105, 78, 76, 96, 98, 88, 73, 39, 97, 43, 117, 45, 111, 102, 124, 110, 89, 61, 81, 24, 48, 52, 38, 122, 33, 60, 32, 93, 64, 85, 58, 49, 21, 116, 50, 114, 128, 126, 87, 90, 118, 29, 57, 41, 120, 92, 59, 25, 17, 84, 51, 95, 20, 86, 63, 46, 28, 94, 56, 47, 23, 31, 26, 123, 18, 82, 62, 55, 30, 22, 83, 19, 66, 27, 2, 91, 127, 74, 115, 54, 119, 10]","[16, 8, 72]"
EXP-XAI-0001,B2:904,MODEL-C3,SINGLE_FEATURE_ABLATION_LOCAL,SINGLE_FEATURE_ABLATION_LOCAL,5,"[16, 8, 72, 13, 15, 5, 11, 7, 14, 69, 80, 12, 3, 9, 4, 100, 6, 1, 101, 77, 36, 108, 112, 67, 71, 68, 70, 109, 99, 107, 37, 104, 65, 125, 44, 40, 121, 35, 79, 75, 42, 53, 113, 106, 34, 103, 105, 78, 76, 96, 98, 88, 73, 39, 97, 43, 117, 45, 111, 102, 124, 110, 89, 61, 81, 24, 48, 52, 38, 122, 33, 60, 32, 93, 64, 85, 58, 49, 21, 116, 50, 114, 128, 126, 87, 90, 118, 29, 57, 41, 120, 92, 59, 25, 17, 84, 51, 95, 20, 86, 63, 46, 28, 94, 56, 47, 23, 31, 26, 123, 18, 82, 62, 55, 30, 22, 83, 19, 66, 27, 2, 91, 127, 74, 115, 54, 119, 10]","[16, 8, 72, 13, 15]"
EXP-XAI-0001,B2:904,MODEL-C3,SINGLE_FEATURE_ABLATION_LOCAL,SINGLE_FEATURE_ABLATION_LOCAL,10,"[16, 8, 72, 13, 15, 5, 11, 7, 14, 69, 80, 12, 3, 9, 4, 100, 6, 1, 101, 77, 36, 108, 112, 67, 71, 68, 70, 109, 99, 107, 37, 104, 65, 125, 44, 40, 121, 35, 79, 75, 42, 53, 113, 106, 34, 103, 105, 78, 76, 96, 98, 88, 73, 39, 97, 43, 117, 45, 111, 102, 124, 110, 89, 61, 81, 24, 48, 52, 38, 122, 33, 60, 32, 93, 64, 85, 58, 49, 21, 116, 50, 114, 128, 126, 87, 90, 118, 29, 57, 41, 120, 92, 59, 25, 17, 84, 51, 95, 20, 86, 63, 46, 28, 94, 56, 47, 23, 31, 26, 123, 18, 82, 62, 55, 30, 22, 83, 19, 66, 27, 2, 91, 127, 74, 115, 54, 119, 10]","[16, 8, 72, 13, 15, 5, 11, 7, 14, 69]"
EXP-XAI-0001,B2:959,MODEL-C3,SINGLE_FEATURE_ABLATION_LOCAL,SINGLE_FEATURE_ABLATION_LOCAL,1,"[16, 8, 72, 13, 15, 11, 80, 14, 5, 3, 12, 9, 7, 4, 1, 6, 69, 100, 101, 67, 71, 68, 70, 108, 77, 36, 65, 99, 109, 75, 107, 79, 104, 121, 88, 35, 113, 76, 78, 73, 44, 42, 37, 112, 96, 34, 105, 106, 125, 40, 103, 97, 98, 32, 43, 24, 110, 102, 124, 39, 111, 45, 52, 117, 48, 53, 60, 89, 38, 61, 33, 81, 122, 116, 59, 85, 51, 58, 93, 50, 126, 49, 118, 114, 92, 41, 90, 87, 64, 84, 21, 123, 57, 63, 20, 95, 46, 29, 28, 17, 25, 62, 86, 47, 26, 91, 23, 19, 128, 115, 27, 94, 31, 18, 55, 82, 83, 56, 2, 54, 120, 10, 66, 127, 30, 119, 74, 22]",[16]
EXP-XAI-0001,B2:959,MODEL-C3,SINGLE_FEATURE_ABLATION_LOCAL,SINGLE_FEATURE_ABLATION_LOCAL,3,"[16, 8, 72, 13, 15, 11, 80, 14, 5, 3, 12, 9, 7, 4, 1, 6, 69, 100, 101, 67, 71, 68, 70, 108, 77, 36, 65, 99, 109, 75, 107, 79, 104, 121, 88, 35, 113, 76, 78, 73, 44, 42, 37, 112, 96, 34, 105, 106, 125, 40, 103, 97, 98, 32, 43, 24, 110, 102, 124, 39, 111, 45, 52, 117, 48, 53, 60, 89, 38, 61, 33, 81, 122, 116, 59, 85, 51, 58, 93, 50, 126, 49, 118, 114, 92, 41, 90, 87, 64, 84, 21, 123, 57, 63, 20, 95, 46, 29, 28, 17, 25, 62, 86, 47, 26, 91, 23, 19, 128, 115, 27, 94, 31, 18, 55, 82, 83, 56, 2, 54, 120, 10, 66, 127, 30, 119, 74, 22]","[16, 8, 72]"
EXP-XAI-0001,B2:959,MODEL-C3,SINGLE_FEATURE_ABLATION_LOCAL,SINGLE_FEATURE_ABLATION_LOCAL,5,"[16, 8, 72, 13, 15, 11, 80, 14, 5, 3, 12, 9, 7, 4, 1, 6, 69, 100, 101, 67, 71, 68, 70, 108, 77, 36, 65, 99, 109, 75, 107, 79, 104, 121, 88, 35, 113, 76, 78, 73, 44, 42, 37, 112, 96, 34, 105, 106, 125, 40, 103, 97, 98, 32, 43, 24, 110, 102, 124, 39, 111, 45, 52, 117, 48, 53, 60, 89, 38, 61, 33, 81, 122, 116, 59, 85, 51, 58, 93, 50, 126, 49, 118, 114, 92, 41, 90, 87, 64, 84, 21, 123, 57, 63, 20, 95, 46, 29, 28, 17, 25, 62, 86, 47, 26, 91, 23, 19, 128, 115, 27, 94, 31, 18, 55, 82, 83, 56, 2, 54, 120, 10, 66, 127, 30, 119, 74, 22]","[16, 8, 72, 13, 15]"
EXP-XAI-0001,B2:959,MODEL-C3,SINGLE_FEATURE_ABLATION_LOCAL,SINGLE_FEATURE_ABLATION_LOCAL,10,"[16, 8, 72, 13, 15, 11, 80, 14, 5, 3, 12, 9, 7, 4, 1, 6, 69, 100, 101, 67, 71, 68, 70, 108, 77, 36, 65, 99, 109, 75, 107, 79, 104, 121, 88, 35, 113, 76, 78, 73, 44, 42, 37, 112, 96, 34, 105, 106, 125, 40, 103, 97, 98, 32, 43, 24, 110, 102, 124, 39, 111, 45, 52, 117, 48, 53, 60, 89, 38, 61, 33, 81, 122, 116, 59, 85, 51, 58, 93, 50, 126, 49, 118, 114, 92, 41, 90, 87, 64, 84, 21, 123, 57, 63, 20, 95, 46, 29, 28, 17, 25, 62, 86, 47, 26, 91, 23, 19, 128, 115, 27, 94, 31, 18, 55, 82, 83, 56, 2, 54, 120, 10, 66, 127, 30, 119, 74, 22]","[16, 8, 72, 13, 15, 11, 80, 14, 5, 3]"
EXP-XAI-0001,B2:1007,MODEL-C3,SINGLE_FEATURE_ABLATION_LOCAL,SINGLE_FEATURE_ABLATION_LOCAL,1,"[16, 8, 15, 9, 72, 7, 1, 14, 121, 36, 5, 6, 80, 13, 113, 100, 101, 37, 49, 3, 11, 65, 108, 71, 57, 99, 35, 106, 107, 69, 44, 70, 42, 98, 4, 109, 77, 79, 34, 122, 73, 120, 89, 58, 45, 90, 50, 114, 67, 56, 123, 78, 43, 59, 81, 64, 12, 126, 51, 128, 96, 115, 26, 40, 39, 104, 103, 24, 118, 124, 17, 60, 75, 82, 52, 110, 102, 18, 68, 38, 54, 111, 32, 83, 125, 91, 25, 116, 117, 88, 19, 27, 61, 53, 76, 93, 85, 94, 92, 62, 84, 112, 95, 86, 20, 105, 28, 63, 87, 21, 97, 29, 46, 55, 66, 74, 22, 10, 23, 48, 2, 127, 47, 30, 41, 119, 31, 33]",[16]
EXP-XAI-0001,B2:1007,MODEL-C3,SINGLE_FEATURE_ABLATION_LOCAL,SINGLE_FEATURE_ABLATION_LOCAL,3,"[16, 8, 15, 9, 72, 7, 1, 14, 121, 36, 5, 6, 80, 13, 113, 100, 101, 37, 49, 3, 11, 65, 108, 71, 57, 99, 35, 106, 107, 69, 44, 70, 42, 98, 4, 109, 77, 79, 34, 122, 73, 120, 89, 58, 45, 90, 50, 114, 67, 56, 123, 78, 43, 59, 81, 64, 12, 126, 51, 128, 96, 115, 26, 40, 39, 104, 103, 24, 118, 124, 17, 60, 75, 82, 52, 110, 102, 18, 68, 38, 54, 111, 32, 83, 125, 91, 25, 116, 117, 88, 19, 27, 61, 53, 76, 93, 85, 94, 92, 62, 84, 112, 95, 86, 20, 105, 28, 63, 87, 21, 97, 29, 46, 55, 66, 74, 22, 10, 23, 48, 2, 127, 47, 30, 41, 119, 31, 33]","[16, 8, 15]"
EXP-XAI-0001,B2:1007,MODEL-C3,SINGLE_FEATURE_ABLATION_LOCAL,SINGLE_FEATURE_ABLATION_LOCAL,5,"[16, 8, 15, 9, 72, 7, 1, 14, 121, 36, 5, 6, 80, 13, 113, 100, 101, 37, 49, 3, 11, 65, 108, 71, 57, 99, 35, 106, 107, 69, 44, 70, 42, 98, 4, 109, 77, 79, 34, 122, 73, 120, 89, 58, 45, 90, 50, 114, 67, 56, 123, 78, 43, 59, 81, 64, 12, 126, 51, 128, 96, 115, 26, 40, 39, 104, 103, 24, 118, 124, 17, 60, 75, 82, 52, 110, 102, 18, 68, 38, 54, 111, 32, 83, 125, 91, 25, 116, 117, 88, 19, 27, 61, 53, 76, 93, 85, 94, 92, 62, 84, 112, 95, 86, 20, 105, 28, 63, 87, 21, 97, 29, 46, 55, 66, 74, 22, 10, 23, 48, 2, 127, 47, 30, 41, 119, 31, 33]","[16, 8, 15, 9, 72]"
EXP-XAI-0001,B2:1007,MODEL-C3,SINGLE_FEATURE_ABLATION_LOCAL,SINGLE_FEATURE_ABLATION_LOCAL,10,"[16, 8, 15, 9, 72, 7, 1, 14, 121, 36, 5, 6, 80, 13, 113, 100, 101, 37, 49, 3, 11, 65, 108, 71, 57, 99, 35, 106, 107, 69, 44, 70, 42, 98, 4, 109, 77, 79, 34, 122, 73, 120, 89, 58, 45, 90, 50, 114, 67, 56, 123, 78, 43, 59, 81, 64, 12, 126, 51, 128, 96, 115, 26, 40, 39, 104, 103, 24, 118, 124, 17, 60, 75, 82, 52, 110, 102, 18, 68, 38, 54, 111, 32, 83, 125, 91, 25, 116, 117, 88, 19, 27, 61, 53, 76, 93, 85, 94, 92, 62, 84, 112, 95, 86, 20, 105, 28, 63, 87, 21, 97, 29, 46, 55, 66, 74, 22, 10, 23, 48, 2, 127, 47, 30, 41, 119, 31, 33]","[16, 8, 15, 9, 72, 7, 1, 14, 121, 36]"
EXP-XAI-0001,B2:1011,MODEL-C3,SINGLE_FEATURE_ABLATION_LOCAL,SINGLE_FEATURE_ABLATION_LOCAL,1,"[16, 8, 72, 15, 13, 14, 80, 9, 11, 5, 7, 1, 3, 12, 6, 4, 69, 71, 101, 100, 67, 65, 70, 42, 88, 36, 106, 109, 108, 34, 99, 98, 79, 107, 68, 35, 37, 77, 121, 75, 73, 113, 122, 78, 44, 104, 105, 24, 40, 45, 76, 58, 50, 125, 59, 114, 97, 51, 32, 90, 43, 103, 96, 102, 117, 110, 123, 52, 60, 111, 124, 39, 38, 33, 63, 53, 56, 61, 89, 62, 115, 85, 81, 116, 26, 48, 112, 93, 41, 54, 127, 55, 66, 91, 92, 18, 120, 74, 82, 119, 83, 19, 49, 84, 21, 27, 2, 10, 20, 30, 94, 128, 22, 57, 46, 29, 17, 28, 25, 87, 118, 47, 86, 31, 95, 126, 23, 64]",[16]
EXP-XAI-0001,B2:1011,MODEL-C3,SINGLE_FEATURE_ABLATION_LOCAL,SINGLE_FEATURE_ABLATION_LOCAL,3,"[16, 8, 72, 15, 13, 14, 80, 9, 11, 5, 7, 1, 3, 12, 6, 4, 69, 71, 101, 100, 67, 65, 70, 42, 88, 36, 106, 109, 108, 34, 99, 98, 79, 107, 68, 35, 37, 77, 121, 75, 73, 113, 122, 78, 44, 104, 105, 24, 40, 45, 76, 58, 50, 125, 59, 114, 97, 51, 32, 90, 43, 103, 96, 102, 117, 110, 123, 52, 60, 111, 124, 39, 38, 33, 63, 53, 56, 61, 89, 62, 115, 85, 81, 116, 26, 48, 112, 93, 41, 54, 127, 55, 66, 91, 92, 18, 120, 74, 82, 119, 83, 19, 49, 84, 21, 27, 2, 10, 20, 30, 94, 128, 22, 57, 46, 29, 17, 28, 25, 87, 118, 47, 86, 31, 95, 126, 23, 64]","[16, 8, 72]"
EXP-XAI-0001,B2:1011,MODEL-C3,SINGLE_FEATURE_ABLATION_LOCAL,SINGLE_FEATURE_ABLATION_LOCAL,5,"[16, 8, 72, 15, 13, 14, 80, 9, 11, 5, 7, 1, 3, 12, 6, 4, 69, 71, 101, 100, 67, 65, 70, 42, 88, 36, 106, 109, 108, 34, 99, 98, 79, 107, 68, 35, 37, 77, 121, 75, 73, 113, 122, 78, 44, 104, 105, 24, 40, 45, 76, 58, 50, 125, 59, 114, 97, 51, 32, 90, 43, 103, 96, 102, 117, 110, 123, 52, 60, 111, 124, 39, 38, 33, 63, 53, 56, 61, 89, 62, 115, 85, 81, 116, 26, 48, 112, 93, 41, 54, 127, 55, 66, 91, 92, 18, 120, 74, 82, 119, 83, 19, 49, 84, 21, 27, 2, 10, 20, 30, 94, 128, 22, 57, 46, 29, 17, 28, 25, 87, 118, 47, 86, 31, 95, 126, 23, 64]","[16, 8, 72, 15, 13]"
EXP-XAI-0001,B2:1011,MODEL-C3,SINGLE_FEATURE_ABLATION_LOCAL,SINGLE_FEATURE_ABLATION_LOCAL,10,"[16, 8, 72, 15, 13, 14, 80, 9, 11, 5, 7, 1, 3, 12, 6, 4, 69, 71, 101, 100, 67, 65, 70, 42, 88, 36, 106, 109, 108, 34, 99, 98, 79, 107, 68, 35, 37, 77, 121, 75, 73, 113, 122, 78, 44, 104, 105, 24, 40, 45, 76, 58, 50, 125, 59, 114, 97, 51, 32, 90, 43, 103, 96, 102, 117, 110, 123, 52, 60, 111, 124, 39, 38, 33, 63, 53, 56, 61, 89, 62, 115, 85, 81, 116, 26, 48, 112, 93, 41, 54, 127, 55, 66, 91, 92, 18, 120, 74, 82, 119, 83, 19, 49, 84, 21, 27, 2, 10, 20, 30, 94, 128, 22, 57, 46, 29, 17, 28, 25, 87, 118, 47, 86, 31, 95, 126, 23, 64]","[16, 8, 72, 15, 13, 14, 80, 9, 11, 5]"
EXP-XAI-0001,B6:0,MODEL-C3,SINGLE_FEATURE_ABLATION_LOCAL,SINGLE_FEATURE_ABLATION_LOCAL,1,"[28, 53, 60, 92, 100, 88, 101, 61, 108, 20, 96, 36, 27, 56, 64, 91, 44, 117, 128, 121, 19, 124, 49, 113, 85, 57, 59, 37, 52, 45, 84, 17, 83, 81, 24, 26, 18, 126, 54, 82, 93, 22, 118, 55, 86, 23, 62, 87, 112, 109, 127, 25, 89, 63, 90, 119, 94, 116, 120, 103, 110, 31, 30, 111, 58, 95, 74, 102, 50, 107, 66, 114, 34, 122, 51, 10, 125, 42, 123, 73, 99, 29, 5, 13, 65, 106, 77, 1, 9, 32, 43, 98, 35, 75, 104, 2, 69, 76, 21, 70, 14, 71, 12, 15, 78, 3, 33, 115, 97, 8, 6, 80, 79, 40, 67, 7, 4, 41, 72, 16, 46, 11, 48, 47, 105, 68, 38, 39]",[28]
EXP-XAI-0001,B6:0,MODEL-C3,SINGLE_FEATURE_ABLATION_LOCAL,SINGLE_FEATURE_ABLATION_LOCAL,3,"[28, 53, 60, 92, 100, 88, 101, 61, 108, 20, 96, 36, 27, 56, 64, 91, 44, 117, 128, 121, 19, 124, 49, 113, 85, 57, 59, 37, 52, 45, 84, 17, 83, 81, 24, 26, 18, 126, 54, 82, 93, 22, 118, 55, 86, 23, 62, 87, 112, 109, 127, 25, 89, 63, 90, 119, 94, 116, 120, 103, 110, 31, 30, 111, 58, 95, 74, 102, 50, 107, 66, 114, 34, 122, 51, 10, 125, 42, 123, 73, 99, 29, 5, 13, 65, 106, 77, 1, 9, 32, 43, 98, 35, 75, 104, 2, 69, 76, 21, 70, 14, 71, 12, 15, 78, 3, 33, 115, 97, 8, 6, 80, 79, 40, 67, 7, 4, 41, 72, 16, 46, 11, 48, 47, 105, 68, 38, 39]","[28, 53, 60]"
EXP-XAI-0001,B6:0,MODEL-C3,SINGLE_FEATURE_ABLATION_LOCAL,SINGLE_FEATURE_ABLATION_LOCAL,5,"[28, 53, 60, 92, 100, 88, 101, 61, 108, 20, 96, 36, 27, 56, 64, 91, 44, 117, 128, 121, 19, 124, 49, 113, 85, 57, 59, 37, 52, 45, 84, 17, 83, 81, 24, 26, 18, 126, 54, 82, 93, 22, 118, 55, 86, 23, 62, 87, 112, 109, 127, 25, 89, 63, 90, 119, 94, 116, 120, 103, 110, 31, 30, 111, 58, 95, 74, 102, 50, 107, 66, 114, 34, 122, 51, 10, 125, 42, 123, 73, 99, 29, 5, 13, 65, 106, 77, 1, 9, 32, 43, 98, 35, 75, 104, 2, 69, 76, 21, 70, 14, 71, 12, 15, 78, 3, 33, 115, 97, 8, 6, 80, 79, 40, 67, 7, 4, 41, 72, 16, 46, 11, 48, 47, 105, 68, 38, 39]","[28, 53, 60, 92, 100]"
EXP-XAI-0001,B6:0,MODEL-C3,SINGLE_FEATURE_ABLATION_LOCAL,SINGLE_FEATURE_ABLATION_LOCAL,10,"[28, 53, 60, 92, 100, 88, 101, 61, 108, 20, 96, 36, 27, 56, 64, 91, 44, 117, 128, 121, 19, 124, 49, 113, 85, 57, 59, 37, 52, 45, 84, 17, 83, 81, 24, 26, 18, 126, 54, 82, 93, 22, 118, 55, 86, 23, 62, 87, 112, 109, 127, 25, 89, 63, 90, 119, 94, 116, 120, 103, 110, 31, 30, 111, 58, 95, 74, 102, 50, 107, 66, 114, 34, 122, 51, 10, 125, 42, 123, 73, 99, 29, 5, 13, 65, 106, 77, 1, 9, 32, 43, 98, 35, 75, 104, 2, 69, 76, 21, 70, 14, 71, 12, 15, 78, 3, 33, 115, 97, 8, 6, 80, 79, 40, 67, 7, 4, 41, 72, 16, 46, 11, 48, 47, 105, 68, 38, 39]","[28, 53, 60, 92, 100, 88, 101, 61, 108, 20]"
EXP-XAI-0001,B6:1,MODEL-C3,SINGLE_FEATURE_ABLATION_LOCAL,SINGLE_FEATURE_ABLATION_LOCAL,1,"[64, 88, 56, 96, 124, 53, 128, 36, 44, 116, 100, 108, 52, 101, 125, 45, 123, 31, 51, 115, 121, 49, 23, 95, 22, 87, 94, 61, 17, 30, 63, 57, 113, 28, 86, 62, 55, 81, 54, 126, 127, 119, 118, 25, 85, 92, 89, 59, 117, 26, 37, 18, 84, 32, 82, 19, 83, 112, 43, 90, 35, 104, 29, 27, 93, 91, 42, 34, 109, 58, 50, 21, 99, 40, 20, 24, 70, 71, 110, 78, 14, 114, 33, 107, 74, 15, 39, 122, 79, 103, 102, 12, 6, 120, 60, 66, 7, 68, 11, 106, 67, 41, 4, 111, 72, 105, 75, 38, 76, 3, 69, 16, 80, 48, 97, 77, 8, 65, 47, 98, 9, 46, 1, 10, 5, 2, 13, 73]",[64]
EXP-XAI-0001,B6:1,MODEL-C3,SINGLE_FEATURE_ABLATION_LOCAL,SINGLE_FEATURE_ABLATION_LOCAL,3,"[64, 88, 56, 96, 124, 53, 128, 36, 44, 116, 100, 108, 52, 101, 125, 45, 123, 31, 51, 115, 121, 49, 23, 95, 22, 87, 94, 61, 17, 30, 63, 57, 113, 28, 86, 62, 55, 81, 54, 126, 127, 119, 118, 25, 85, 92, 89, 59, 117, 26, 37, 18, 84, 32, 82, 19, 83, 112, 43, 90, 35, 104, 29, 27, 93, 91, 42, 34, 109, 58, 50, 21, 99, 40, 20, 24, 70, 71, 110, 78, 14, 114, 33, 107, 74, 15, 39, 122, 79, 103, 102, 12, 6, 120, 60, 66, 7, 68, 11, 106, 67, 41, 4, 111, 72, 105, 75, 38, 76, 3, 69, 16, 80, 48, 97, 77, 8, 65, 47, 98, 9, 46, 1, 10, 5, 2, 13, 73]","[64, 88, 56]"
EXP-XAI-0001,B6:1,MODEL-C3,SINGLE_FEATURE_ABLATION_LOCAL,SINGLE_FEATURE_ABLATION_LOCAL,5,"[64, 88, 56, 96, 124, 53, 128, 36, 44, 116, 100, 108, 52, 101, 125, 45, 123, 31, 51, 115, 121, 49, 23, 95, 22, 87, 94, 61, 17, 30, 63, 57, 113, 28, 86, 62, 55, 81, 54, 126, 127, 119, 118, 25, 85, 92, 89, 59, 117, 26, 37, 18, 84, 32, 82, 19, 83, 112, 43, 90, 35, 104, 29, 27, 93, 91, 42, 34, 109, 58, 50, 21, 99, 40, 20, 24, 70, 71, 110, 78, 14, 114, 33, 107, 74, 15, 39, 122, 79, 103, 102, 12, 6, 120, 60, 66, 7, 68, 11, 106, 67, 41, 4, 111, 72, 105, 75, 38, 76, 3, 69, 16, 80, 48, 97, 77, 8, 65, 47, 98, 9, 46, 1, 10, 5, 2, 13, 73]","[64, 88, 56, 96, 124]"
EXP-XAI-0001,B6:1,MODEL-C3,SINGLE_FEATURE_ABLATION_LOCAL,SINGLE_FEATURE_ABLATION_LOCAL,10,"[64, 88, 56, 96, 124, 53, 128, 36, 44, 116, 100, 108, 52, 101, 125, 45, 123, 31, 51, 115, 121, 49, 23, 95, 22, 87, 94, 61, 17, 30, 63, 57, 113, 28, 86, 62, 55, 81, 54, 126, 127, 119, 118, 25, 85, 92, 89, 59, 117, 26, 37, 18, 84, 32, 82, 19, 83, 112, 43, 90, 35, 104, 29, 27, 93, 91, 42, 34, 109, 58, 50, 21, 99, 40, 20, 24, 70, 71, 110, 78, 14, 114, 33, 107, 74, 15, 39, 122, 79, 103, 102, 12, 6, 120, 60, 66, 7, 68, 11, 106, 67, 41, 4, 111, 72, 105, 75, 38, 76, 3, 69, 16, 80, 48, 97, 77, 8, 65, 47, 98, 9, 46, 1, 10, 5, 2, 13, 73]","[64, 88, 56, 96, 124, 53, 128, 36, 44, 116]"
EXP-XAI-0001,B6:2,MODEL-C3,SINGLE_FEATURE_ABLATION_LOCAL,SINGLE_FEATURE_ABLATION_LOCAL,1,"[88, 53, 64, 124, 44, 56, 96, 36, 52, 116, 128, 100, 51, 108, 123, 45, 115, 61, 31, 23, 22, 30, 94, 17, 49, 95, 121, 87, 125, 63, 59, 86, 57, 113, 62, 85, 55, 54, 81, 126, 127, 118, 19, 119, 25, 84, 20, 26, 21, 89, 101, 18, 37, 82, 83, 60, 117, 90, 43, 35, 58, 114, 32, 104, 50, 122, 109, 29, 99, 42, 34, 40, 107, 92, 27, 112, 70, 106, 39, 33, 78, 71, 28, 14, 79, 15, 6, 10, 98, 7, 12, 38, 24, 68, 11, 67, 41, 4, 75, 72, 76, 3, 65, 16, 120, 103, 80, 69, 9, 47, 1, 110, 77, 102, 74, 73, 8, 46, 48, 105, 93, 66, 13, 97, 5, 111, 91, 2]",[88]
EXP-XAI-0001,B6:2,MODEL-C3,SINGLE_FEATURE_ABLATION_LOCAL,SINGLE_FEATURE_ABLATION_LOCAL,3,"[88, 53, 64, 124, 44, 56, 96, 36, 52, 116, 128, 100, 51, 108, 123, 45, 115, 61, 31, 23, 22, 30, 94, 17, 49, 95, 121, 87, 125, 63, 59, 86, 57, 113, 62, 85, 55, 54, 81, 126, 127, 118, 19, 119, 25, 84, 20, 26, 21, 89, 101, 18, 37, 82, 83, 60, 117, 90, 43, 35, 58, 114, 32, 104, 50, 122, 109, 29, 99, 42, 34, 40, 107, 92, 27, 112, 70, 106, 39, 33, 78, 71, 28, 14, 79, 15, 6, 10, 98, 7, 12, 38, 24, 68, 11, 67, 41, 4, 75, 72, 76, 3, 65, 16, 120, 103, 80, 69, 9, 47, 1, 110, 77, 102, 74, 73, 8, 46, 48, 105, 93, 66, 13, 97, 5, 111, 91, 2]","[88, 53, 64]"
EXP-XAI-0001,B6:2,MODEL-C3,SINGLE_FEATURE_ABLATION_LOCAL,SINGLE_FEATURE_ABLATION_LOCAL,5,"[88, 53, 64, 124, 44, 56, 96, 36, 52, 116, 128, 100, 51, 108, 123, 45, 115, 61, 31, 23, 22, 30, 94, 17, 49, 95, 121, 87, 125, 63, 59, 86, 57, 113, 62, 85, 55, 54, 81, 126, 127, 118, 19, 119, 25, 84, 20, 26, 21, 89, 101, 18, 37, 82, 83, 60, 117, 90, 43, 35, 58, 114, 32, 104, 50, 122, 109, 29, 99, 42, 34, 40, 107, 92, 27, 112, 70, 106, 39, 33, 78, 71, 28, 14, 79, 15, 6, 10, 98, 7, 12, 38, 24, 68, 11, 67, 41, 4, 75, 72, 76, 3, 65, 16, 120, 103, 80, 69, 9, 47, 1, 110, 77, 102, 74, 73, 8, 46, 48, 105, 93, 66, 13, 97, 5, 111, 91, 2]","[88, 53, 64, 124, 44]"
EXP-XAI-0001,B6:2,MODEL-C3,SINGLE_FEATURE_ABLATION_LOCAL,SINGLE_FEATURE_ABLATION_LOCAL,10,"[88, 53, 64, 124, 44, 56, 96, 36, 52, 116, 128, 100, 51, 108, 123, 45, 115, 61, 31, 23, 22, 30, 94, 17, 49, 95, 121, 87, 125, 63, 59, 86, 57, 113, 62, 85, 55, 54, 81, 126, 127, 118, 19, 119, 25, 84, 20, 26, 21, 89, 101, 18, 37, 82, 83, 60, 117, 90, 43, 35, 58, 114, 32, 104, 50, 122, 109, 29, 99, 42, 34, 40, 107, 92, 27, 112, 70, 106, 39, 33, 78, 71, 28, 14, 79, 15, 6, 10, 98, 7, 12, 38, 24, 68, 11, 67, 41, 4, 75, 72, 76, 3, 65, 16, 120, 103, 80, 69, 9, 47, 1, 110, 77, 102, 74, 73, 8, 46, 48, 105, 93, 66, 13, 97, 5, 111, 91, 2]","[88, 53, 64, 124, 44, 56, 96, 36, 52, 116]"
EXP-XAI-0001,B6:3,MODEL-C3,SINGLE_FEATURE_ABLATION_LOCAL,SINGLE_FEATURE_ABLATION_LOCAL,1,"[88, 64, 56, 96, 128, 124, 44, 36, 53, 116, 100, 52, 108, 45, 125, 123, 51, 115, 31, 23, 61, 87, 63, 121, 49, 22, 95, 94, 30, 17, 57, 55, 113, 86, 62, 59, 37, 127, 119, 54, 126, 101, 118, 81, 84, 32, 25, 85, 19, 89, 24, 83, 60, 26, 92, 117, 18, 20, 43, 35, 109, 82, 99, 120, 28, 21, 93, 107, 58, 42, 34, 90, 50, 10, 40, 39, 33, 70, 106, 71, 14, 78, 112, 15, 79, 122, 114, 6, 74, 29, 7, 41, 38, 98, 27, 103, 12, 11, 72, 47, 67, 110, 68, 16, 91, 4, 80, 102, 3, 75, 65, 66, 69, 9, 46, 76, 111, 8, 1, 2, 77, 13, 5, 48, 105, 73, 97, 104]",[88]
EXP-XAI-0001,B6:3,MODEL-C3,SINGLE_FEATURE_ABLATION_LOCAL,SINGLE_FEATURE_ABLATION_LOCAL,3,"[88, 64, 56, 96, 128, 124, 44, 36, 53, 116, 100, 52, 108, 45, 125, 123, 51, 115, 31, 23, 61, 87, 63, 121, 49, 22, 95, 94, 30, 17, 57, 55, 113, 86, 62, 59, 37, 127, 119, 54, 126, 101, 118, 81, 84, 32, 25, 85, 19, 89, 24, 83, 60, 26, 92, 117, 18, 20, 43, 35, 109, 82, 99, 120, 28, 21, 93, 107, 58, 42, 34, 90, 50, 10, 40, 39, 33, 70, 106, 71, 14, 78, 112, 15, 79, 122, 114, 6, 74, 29, 7, 41, 38, 98, 27, 103, 12, 11, 72, 47, 67, 110, 68, 16, 91, 4, 80, 102, 3, 75, 65, 66, 69, 9, 46, 76, 111, 8, 1, 2, 77, 13, 5, 48, 105, 73, 97, 104]","[88, 64, 56]"
EXP-XAI-0001,B6:3,MODEL-C3,SINGLE_FEATURE_ABLATION_LOCAL,SINGLE_FEATURE_ABLATION_LOCAL,5,"[88, 64, 56, 96, 128, 124, 44, 36, 53, 116, 100, 52, 108, 45, 125, 123, 51, 115, 31, 23, 61, 87, 63, 121, 49, 22, 95, 94, 30, 17, 57, 55, 113, 86, 62, 59, 37, 127, 119, 54, 126, 101, 118, 81, 84, 32, 25, 85, 19, 89, 24, 83, 60, 26, 92, 117, 18, 20, 43, 35, 109, 82, 99, 120, 28, 21, 93, 107, 58, 42, 34, 90, 50, 10, 40, 39, 33, 70, 106, 71, 14, 78, 112, 15, 79, 122, 114, 6, 74, 29, 7, 41, 38, 98, 27, 103, 12, 11, 72, 47, 67, 110, 68, 16, 91, 4, 80, 102, 3, 75, 65, 66, 69, 9, 46, 76, 111, 8, 1, 2, 77, 13, 5, 48, 105, 73, 97, 104]","[88, 64, 56, 96, 128]"
EXP-XAI-0001,B6:3,MODEL-C3,SINGLE_FEATURE_ABLATION_LOCAL,SINGLE_FEATURE_ABLATION_LOCAL,10,"[88, 64, 56, 96, 128, 124, 44, 36, 53, 116, 100, 52, 108, 45, 125, 123, 51, 115, 31, 23, 61, 87, 63, 121, 49, 22, 95, 94, 30, 17, 57, 55, 113, 86, 62, 59, 37, 127, 119, 54, 126, 101, 118, 81, 84, 32, 25, 85, 19, 89, 24, 83, 60, 26, 92, 117, 18, 20, 43, 35, 109, 82, 99, 120, 28, 21, 93, 107, 58, 42, 34, 90, 50, 10, 40, 39, 33, 70, 106, 71, 14, 78, 112, 15, 79, 122, 114, 6, 74, 29, 7, 41, 38, 98, 27, 103, 12, 11, 72, 47, 67, 110, 68, 16, 91, 4, 80, 102, 3, 75, 65, 66, 69, 9, 46, 76, 111, 8, 1, 2, 77, 13, 5, 48, 105, 73, 97, 104]","[88, 64, 56, 96, 128, 124, 44, 36, 53, 116]"
EXP-XAI-0001,B6:4,MODEL-C3,SINGLE_FEATURE_ABLATION_LOCAL,SINGLE_FEATURE_ABLATION_LOCAL,1,"[53, 28, 100, 88, 61, 101, 108, 60, 92, 36, 44, 64, 56, 20, 96, 27, 128, 117, 91, 124, 121, 49, 113, 19, 57, 84, 45, 24, 85, 17, 59, 81, 83, 37, 126, 54, 55, 118, 22, 62, 26, 52, 87, 127, 23, 86, 63, 18, 116, 82, 89, 125, 119, 94, 25, 31, 112, 103, 30, 95, 110, 93, 32, 102, 104, 90, 58, 123, 111, 10, 50, 74, 21, 107, 34, 109, 114, 42, 122, 73, 66, 99, 29, 5, 115, 13, 65, 77, 1, 9, 120, 106, 2, 75, 76, 43, 69, 33, 98, 51, 3, 70, 14, 41, 97, 67, 40, 71, 15, 8, 4, 80, 78, 38, 12, 48, 68, 6, 72, 46, 16, 79, 7, 35, 11, 105, 47, 39]",[53]
EXP-XAI-0001,B6:4,MODEL-C3,SINGLE_FEATURE_ABLATION_LOCAL,SINGLE_FEATURE_ABLATION_LOCAL,3,"[53, 28, 100, 88, 61, 101, 108, 60, 92, 36, 44, 64, 56, 20, 96, 27, 128, 117, 91, 124, 121, 49, 113, 19, 57, 84, 45, 24, 85, 17, 59, 81, 83, 37, 126, 54, 55, 118, 22, 62, 26, 52, 87, 127, 23, 86, 63, 18, 116, 82, 89, 125, 119, 94, 25, 31, 112, 103, 30, 95, 110, 93, 32, 102, 104, 90, 58, 123, 111, 10, 50, 74, 21, 107, 34, 109, 114, 42, 122, 73, 66, 99, 29, 5, 115, 13, 65, 77, 1, 9, 120, 106, 2, 75, 76, 43, 69, 33, 98, 51, 3, 70, 14, 41, 97, 67, 40, 71, 15, 8, 4, 80, 78, 38, 12, 48, 68, 6, 72, 46, 16, 79, 7, 35, 11, 105, 47, 39]","[53, 28, 100]"
EXP-XAI-0001,B6:4,MODEL-C3,SINGLE_FEATURE_ABLATION_LOCAL,SINGLE_FEATURE_ABLATION_LOCAL,5,"[53, 28, 100, 88, 61, 101, 108, 60, 92, 36, 44, 64, 56, 20, 96, 27, 128, 117, 91, 124, 121, 49, 113, 19, 57, 84, 45, 24, 85, 17, 59, 81, 83, 37, 126, 54, 55, 118, 22, 62, 26, 52, 87, 127, 23, 86, 63, 18, 116, 82, 89, 125, 119, 94, 25, 31, 112, 103, 30, 95, 110, 93, 32, 102, 104, 90, 58, 123, 111, 10, 50, 74, 21, 107, 34, 109, 114, 42, 122, 73, 66, 99, 29, 5, 115, 13, 65, 77, 1, 9, 120, 106, 2, 75, 76, 43, 69, 33, 98, 51, 3, 70, 14, 41, 97, 67, 40, 71, 15, 8, 4, 80, 78, 38, 12, 48, 68, 6, 72, 46, 16, 79, 7, 35, 11, 105, 47, 39]","[53, 28, 100, 88, 61]"
EXP-XAI-0001,B6:4,MODEL-C3,SINGLE_FEATURE_ABLATION_LOCAL,SINGLE_FEATURE_ABLATION_LOCAL,10,"[53, 28, 100, 88, 61, 101, 108, 60, 92, 36, 44, 64, 56, 20, 96, 27, 128, 117, 91, 124, 121, 49, 113, 19, 57, 84, 45, 24, 85, 17, 59, 81, 83, 37, 126, 54, 55, 118, 22, 62, 26, 52, 87, 127, 23, 86, 63, 18, 116, 82, 89, 125, 119, 94, 25, 31, 112, 103, 30, 95, 110, 93, 32, 102, 104, 90, 58, 123, 111, 10, 50, 74, 21, 107, 34, 109, 114, 42, 122, 73, 66, 99, 29, 5, 115, 13, 65, 77, 1, 9, 120, 106, 2, 75, 76, 43, 69, 33, 98, 51, 3, 70, 14, 41, 97, 67, 40, 71, 15, 8, 4, 80, 78, 38, 12, 48, 68, 6, 72, 46, 16, 79, 7, 35, 11, 105, 47, 39]","[53, 28, 100, 88, 61, 101, 108, 60, 92, 36]"
EXP-XAI-0001,B6:10,MODEL-C3,SINGLE_FEATURE_ABLATION_LOCAL,SINGLE_FEATURE_ABLATION_LOCAL,1,"[52, 116, 124, 125, 60, 117, 20, 84, 51, 59, 115, 123, 101, 28, 53, 19, 112, 44, 83, 61, 36, 114, 88, 122, 58, 27, 108, 85, 92, 50, 21, 90, 96, 128, 82, 100, 37, 64, 26, 18, 91, 120, 32, 31, 24, 63, 30, 74, 95, 56, 104, 87, 45, 78, 70, 2, 73, 66, 65, 93, 71, 79, 94, 77, 14, 62, 9, 75, 15, 76, 23, 10, 1, 22, 34, 67, 6, 86, 68, 69, 99, 107, 11, 13, 4, 42, 41, 7, 12, 3, 5, 29, 57, 72, 33, 80, 55, 54, 16, 126, 49, 119, 121, 35, 118, 8, 47, 127, 17, 43, 113, 25, 39, 81, 97, 105, 40, 89, 98, 102, 48, 110, 46, 38, 103, 111, 106, 109]",[52]
EXP-XAI-0001,B6:10,MODEL-C3,SINGLE_FEATURE_ABLATION_LOCAL,SINGLE_FEATURE_ABLATION_LOCAL,3,"[52, 116, 124, 125, 60, 117, 20, 84, 51, 59, 115, 123, 101, 28, 53, 19, 112, 44, 83, 61, 36, 114, 88, 122, 58, 27, 108, 85, 92, 50, 21, 90, 96, 128, 82, 100, 37, 64, 26, 18, 91, 120, 32, 31, 24, 63, 30, 74, 95, 56, 104, 87, 45, 78, 70, 2, 73, 66, 65, 93, 71, 79, 94, 77, 14, 62, 9, 75, 15, 76, 23, 10, 1, 22, 34, 67, 6, 86, 68, 69, 99, 107, 11, 13, 4, 42, 41, 7, 12, 3, 5, 29, 57, 72, 33, 80, 55, 54, 16, 126, 49, 119, 121, 35, 118, 8, 47, 127, 17, 43, 113, 25, 39, 81, 97, 105, 40, 89, 98, 102, 48, 110, 46, 38, 103, 111, 106, 109]","[52, 116, 124]"
EXP-XAI-0001,B6:10,MODEL-C3,SINGLE_FEATURE_ABLATION_LOCAL,SINGLE_FEATURE_ABLATION_LOCAL,5,"[52, 116, 124, 125, 60, 117, 20, 84, 51, 59, 115, 123, 101, 28, 53, 19, 112, 44, 83, 61, 36, 114, 88, 122, 58, 27, 108, 85, 92, 50, 21, 90, 96, 128, 82, 100, 37, 64, 26, 18, 91, 120, 32, 31, 24, 63, 30, 74, 95, 56, 104, 87, 45, 78, 70, 2, 73, 66, 65, 93, 71, 79, 94, 77, 14, 62, 9, 75, 15, 76, 23, 10, 1, 22, 34, 67, 6, 86, 68, 69, 99, 107, 11, 13, 4, 42, 41, 7, 12, 3, 5, 29, 57, 72, 33, 80, 55, 54, 16, 126, 49, 119, 121, 35, 118, 8, 47, 127, 17, 43, 113, 25, 39, 81, 97, 105, 40, 89, 98, 102, 48, 110, 46, 38, 103, 111, 106, 109]","[52, 116, 124, 125, 60]"
EXP-XAI-0001,B6:10,MODEL-C3,SINGLE_FEATURE_ABLATION_LOCAL,SINGLE_FEATURE_ABLATION_LOCAL,10,"[52, 116, 124, 125, 60, 117, 20, 84, 51, 59, 115, 123, 101, 28, 53, 19, 112, 44, 83, 61, 36, 114, 88, 122, 58, 27, 108, 85, 92, 50, 21, 90, 96, 128, 82, 100, 37, 64, 26, 18, 91, 120, 32, 31, 24, 63, 30, 74, 95, 56, 104, 87, 45, 78, 70, 2, 73, 66, 65, 93, 71, 79, 94, 77, 14, 62, 9, 75, 15, 76, 23, 10, 1, 22, 34, 67, 6, 86, 68, 69, 99, 107, 11, 13, 4, 42, 41, 7, 12, 3, 5, 29, 57, 72, 33, 80, 55, 54, 16, 126, 49, 119, 121, 35, 118, 8, 47, 127, 17, 43, 113, 25, 39, 81, 97, 105, 40, 89, 98, 102, 48, 110, 46, 38, 103, 111, 106, 109]","[52, 116, 124, 125, 60, 117, 20, 84, 51, 59]"
EXP-XAI-0001,B6:11,MODEL-C3,SINGLE_FEATURE_ABLATION_LOCAL,SINGLE_FEATURE_ABLATION_LOCAL,1,"[116, 52, 124, 117, 125, 60, 20, 84, 51, 115, 59, 123, 28, 53, 44, 19, 83, 36, 85, 88, 45, 21, 61, 96, 27, 92, 100, 108, 128, 32, 64, 91, 120, 122, 114, 56, 58, 31, 30, 50, 24, 90, 29, 63, 62, 95, 94, 82, 23, 22, 87, 99, 26, 74, 57, 78, 86, 70, 73, 107, 71, 79, 77, 65, 18, 2, 75, 14, 76, 66, 15, 9, 49, 54, 1, 67, 55, 121, 68, 69, 6, 17, 13, 93, 11, 4, 12, 5, 3, 25, 119, 126, 7, 47, 10, 127, 35, 113, 81, 118, 72, 80, 43, 109, 16, 104, 39, 89, 98, 106, 8, 112, 46, 38, 41, 37, 101, 33, 110, 103, 40, 102, 42, 97, 111, 34, 48, 105]",[116]
EXP-XAI-0001,B6:11,MODEL-C3,SINGLE_FEATURE_ABLATION_LOCAL,SINGLE_FEATURE_ABLATION_LOCAL,3,"[116, 52, 124, 117, 125, 60, 20, 84, 51, 115, 59, 123, 28, 53, 44, 19, 83, 36, 85, 88, 45, 21, 61, 96, 27, 92, 100, 108, 128, 32, 64, 91, 120, 122, 114, 56, 58, 31, 30, 50, 24, 90, 29, 63, 62, 95, 94, 82, 23, 22, 87, 99, 26, 74, 57, 78, 86, 70, 73, 107, 71, 79, 77, 65, 18, 2, 75, 14, 76, 66, 15, 9, 49, 54, 1, 67, 55, 121, 68, 69, 6, 17, 13, 93, 11, 4, 12, 5, 3, 25, 119, 126, 7, 47, 10, 127, 35, 113, 81, 118, 72, 80, 43, 109, 16, 104, 39, 89, 98, 106, 8, 112, 46, 38, 41, 37, 101, 33, 110, 103, 40, 102, 42, 97, 111, 34, 48, 105]","[116, 52, 124]"
EXP-XAI-0001,B6:11,MODEL-C3,SINGLE_FEATURE_ABLATION_LOCAL,SINGLE_FEATURE_ABLATION_LOCAL,5,"[116, 52, 124, 117, 125, 60, 20, 84, 51, 115, 59, 123, 28, 53, 44, 19, 83, 36, 85, 88, 45, 21, 61, 96, 27, 92, 100, 108, 128, 32, 64, 91, 120, 122, 114, 56, 58, 31, 30, 50, 24, 90, 29, 63, 62, 95, 94, 82, 23, 22, 87, 99, 26, 74, 57, 78, 86, 70, 73, 107, 71, 79, 77, 65, 18, 2, 75, 14, 76, 66, 15, 9, 49, 54, 1, 67, 55, 121, 68, 69, 6, 17, 13, 93, 11, 4, 12, 5, 3, 25, 119, 126, 7, 47, 10, 127, 35, 113, 81, 118, 72, 80, 43, 109, 16, 104, 39, 89, 98, 106, 8, 112, 46, 38, 41, 37, 101, 33, 110, 103, 40, 102, 42, 97, 111, 34, 48, 105]","[116, 52, 124, 117, 125]"
EXP-XAI-0001,B6:11,MODEL-C3,SINGLE_FEATURE_ABLATION_LOCAL,SINGLE_FEATURE_ABLATION_LOCAL,10,"[116, 52, 124, 117, 125, 60, 20, 84, 51, 115, 59, 123, 28, 53, 44, 19, 83, 36, 85, 88, 45, 21, 61, 96, 27, 92, 100, 108, 128, 32, 64, 91, 120, 122, 114, 56, 58, 31, 30, 50, 24, 90, 29, 63, 62, 95, 94, 82, 23, 22, 87, 99, 26, 74, 57, 78, 86, 70, 73, 107, 71, 79, 77, 65, 18, 2, 75, 14, 76, 66, 15, 9, 49, 54, 1, 67, 55, 121, 68, 69, 6, 17, 13, 93, 11, 4, 12, 5, 3, 25, 119, 126, 7, 47, 10, 127, 35, 113, 81, 118, 72, 80, 43, 109, 16, 104, 39, 89, 98, 106, 8, 112, 46, 38, 41, 37, 101, 33, 110, 103, 40, 102, 42, 97, 111, 34, 48, 105]","[116, 52, 124, 117, 125, 60, 20, 84, 51, 115]"
EXP-XAI-0001,B6:23,MODEL-C3,SINGLE_FEATURE_ABLATION_LOCAL,SINGLE_FEATURE_ABLATION_LOCAL,1,"[61, 53, 100, 108, 10, 66, 74, 2, 36, 101, 44, 109, 117, 93, 29, 60, 37, 52, 21, 85, 125, 45, 20, 28, 112, 116, 107, 99, 97, 84, 104, 105, 106, 59, 98, 92, 32, 51, 19, 27, 83, 91, 24, 115, 123, 120, 35, 121, 56, 96, 113, 77, 40, 88, 76, 43, 57, 94, 49, 75, 73, 31, 124, 95, 122, 30, 48, 114, 86, 87, 50, 128, 42, 63, 119, 23, 65, 22, 127, 9, 1, 58, 62, 126, 34, 64, 118, 82, 78, 69, 18, 67, 79, 68, 90, 55, 54, 26, 111, 11, 5, 3, 13, 33, 71, 70, 41, 80, 8, 6, 103, 12, 25, 14, 7, 15, 110, 46, 102, 72, 4, 47, 16, 89, 38, 17, 81, 39]",[61]
EXP-XAI-0001,B6:23,MODEL-C3,SINGLE_FEATURE_ABLATION_LOCAL,SINGLE_FEATURE_ABLATION_LOCAL,3,"[61, 53, 100, 108, 10, 66, 74, 2, 36, 101, 44, 109, 117, 93, 29, 60, 37, 52, 21, 85, 125, 45, 20, 28, 112, 116, 107, 99, 97, 84, 104, 105, 106, 59, 98, 92, 32, 51, 19, 27, 83, 91, 24, 115, 123, 120, 35, 121, 56, 96, 113, 77, 40, 88, 76, 43, 57, 94, 49, 75, 73, 31, 124, 95, 122, 30, 48, 114, 86, 87, 50, 128, 42, 63, 119, 23, 65, 22, 127, 9, 1, 58, 62, 126, 34, 64, 118, 82, 78, 69, 18, 67, 79, 68, 90, 55, 54, 26, 111, 11, 5, 3, 13, 33, 71, 70, 41, 80, 8, 6, 103, 12, 25, 14, 7, 15, 110, 46, 102, 72, 4, 47, 16, 89, 38, 17, 81, 39]","[61, 53, 100]"
EXP-XAI-0001,B6:23,MODEL-C3,SINGLE_FEATURE_ABLATION_LOCAL,SINGLE_FEATURE_ABLATION_LOCAL,5,"[61, 53, 100, 108, 10, 66, 74, 2, 36, 101, 44, 109, 117, 93, 29, 60, 37, 52, 21, 85, 125, 45, 20, 28, 112, 116, 107, 99, 97, 84, 104, 105, 106, 59, 98, 92, 32, 51, 19, 27, 83, 91, 24, 115, 123, 120, 35, 121, 56, 96, 113, 77, 40, 88, 76, 43, 57, 94, 49, 75, 73, 31, 124, 95, 122, 30, 48, 114, 86, 87, 50, 128, 42, 63, 119, 23, 65, 22, 127, 9, 1, 58, 62, 126, 34, 64, 118, 82, 78, 69, 18, 67, 79, 68, 90, 55, 54, 26, 111, 11, 5, 3, 13, 33, 71, 70, 41, 80, 8, 6, 103, 12, 25, 14, 7, 15, 110, 46, 102, 72, 4, 47, 16, 89, 38, 17, 81, 39]","[61, 53, 100, 108, 10]"
EXP-XAI-0001,B6:23,MODEL-C3,SINGLE_FEATURE_ABLATION_LOCAL,SINGLE_FEATURE_ABLATION_LOCAL,10,"[61, 53, 100, 108, 10, 66, 74, 2, 36, 101, 44, 109, 117, 93, 29, 60, 37, 52, 21, 85, 125, 45, 20, 28, 112, 116, 107, 99, 97, 84, 104, 105, 106, 59, 98, 92, 32, 51, 19, 27, 83, 91, 24, 115, 123, 120, 35, 121, 56, 96, 113, 77, 40, 88, 76, 43, 57, 94, 49, 75, 73, 31, 124, 95, 122, 30, 48, 114, 86, 87, 50, 128, 42, 63, 119, 23, 65, 22, 127, 9, 1, 58, 62, 126, 34, 64, 118, 82, 78, 69, 18, 67, 79, 68, 90, 55, 54, 26, 111, 11, 5, 3, 13, 33, 71, 70, 41, 80, 8, 6, 103, 12, 25, 14, 7, 15, 110, 46, 102, 72, 4, 47, 16, 89, 38, 17, 81, 39]","[61, 53, 100, 108, 10, 66, 74, 2, 36, 101]"
EXP-XAI-0001,B6:74,MODEL-C3,SINGLE_FEATURE_ABLATION_LOCAL,SINGLE_FEATURE_ABLATION_LOCAL,1,"[61, 53, 100, 108, 74, 10, 66, 2, 44, 36, 117, 60, 93, 29, 37, 45, 52, 125, 85, 112, 21, 20, 28, 104, 107, 101, 120, 32, 77, 56, 99, 97, 116, 76, 34, 92, 105, 75, 40, 128, 24, 96, 73, 84, 42, 59, 88, 27, 121, 48, 64, 69, 91, 19, 113, 68, 43, 5, 49, 67, 9, 65, 57, 35, 83, 51, 1, 3, 109, 11, 4, 13, 78, 33, 106, 38, 115, 12, 79, 41, 123, 39, 98, 46, 70, 14, 47, 6, 71, 55, 15, 126, 80, 127, 54, 124, 7, 103, 63, 118, 90, 62, 58, 111, 31, 102, 119, 8, 72, 110, 16, 30, 18, 81, 17, 25, 114, 23, 87, 94, 82, 86, 26, 22, 89, 122, 50, 95]",[61]
EXP-XAI-0001,B6:74,MODEL-C3,SINGLE_FEATURE_ABLATION_LOCAL,SINGLE_FEATURE_ABLATION_LOCAL,3,"[61, 53, 100, 108, 74, 10, 66, 2, 44, 36, 117, 60, 93, 29, 37, 45, 52, 125, 85, 112, 21, 20, 28, 104, 107, 101, 120, 32, 77, 56, 99, 97, 116, 76, 34, 92, 105, 75, 40, 128, 24, 96, 73, 84, 42, 59, 88, 27, 121, 48, 64, 69, 91, 19, 113, 68, 43, 5, 49, 67, 9, 65, 57, 35, 83, 51, 1, 3, 109, 11, 4, 13, 78, 33, 106, 38, 115, 12, 79, 41, 123, 39, 98, 46, 70, 14, 47, 6, 71, 55, 15, 126, 80, 127, 54, 124, 7, 103, 63, 118, 90, 62, 58, 111, 31, 102, 119, 8, 72, 110, 16, 30, 18, 81, 17, 25, 114, 23, 87, 94, 82, 86, 26, 22, 89, 122, 50, 95]","[61, 53, 100]"
EXP-XAI-0001,B6:74,MODEL-C3,SINGLE_FEATURE_ABLATION_LOCAL,SINGLE_FEATURE_ABLATION_LOCAL,5,"[61, 53, 100, 108, 74, 10, 66, 2, 44, 36, 117, 60, 93, 29, 37, 45, 52, 125, 85, 112, 21, 20, 28, 104, 107, 101, 120, 32, 77, 56, 99, 97, 116, 76, 34, 92, 105, 75, 40, 128, 24, 96, 73, 84, 42, 59, 88, 27, 121, 48, 64, 69, 91, 19, 113, 68, 43, 5, 49, 67, 9, 65, 57, 35, 83, 51, 1, 3, 109, 11, 4, 13, 78, 33, 106, 38, 115, 12, 79, 41, 123, 39, 98, 46, 70, 14, 47, 6, 71, 55, 15, 126, 80, 127, 54, 124, 7, 103, 63, 118, 90, 62, 58, 111, 31, 102, 119, 8, 72, 110, 16, 30, 18, 81, 17, 25, 114, 23, 87, 94, 82, 86, 26, 22, 89, 122, 50, 95]","[61, 53, 100, 108, 74]"
EXP-XAI-0001,B6:74,MODEL-C3,SINGLE_FEATURE_ABLATION_LOCAL,SINGLE_FEATURE_ABLATION_LOCAL,10,"[61, 53, 100, 108, 74, 10, 66, 2, 44, 36, 117, 60, 93, 29, 37, 45, 52, 125, 85, 112, 21, 20, 28, 104, 107, 101, 120, 32, 77, 56, 99, 97, 116, 76, 34, 92, 105, 75, 40, 128, 24, 96, 73, 84, 42, 59, 88, 27, 121, 48, 64, 69, 91, 19, 113, 68, 43, 5, 49, 67, 9, 65, 57, 35, 83, 51, 1, 3, 109, 11, 4, 13, 78, 33, 106, 38, 115, 12, 79, 41, 123, 39, 98, 46, 70, 14, 47, 6, 71, 55, 15, 126, 80, 127, 54, 124, 7, 103, 63, 118, 90, 62, 58, 111, 31, 102, 119, 8, 72, 110, 16, 30, 18, 81, 17, 25, 114, 23, 87, 94, 82, 86, 26, 22, 89, 122, 50, 95]","[61, 53, 100, 108, 74, 10, 66, 2, 44, 36]"
EXP-XAI-0001,B6:139,MODEL-C3,SINGLE_FEATURE_ABLATION_LOCAL,SINGLE_FEATURE_ABLATION_LOCAL,1,"[117, 125, 60, 52, 100, 108, 20, 61, 28, 116, 53, 124, 101, 92, 59, 10, 84, 51, 2, 123, 115, 37, 27, 36, 45, 44, 19, 66, 91, 83, 21, 109, 99, 73, 74, 77, 34, 76, 75, 107, 9, 112, 106, 42, 65, 1, 98, 78, 5, 64, 3, 79, 13, 29, 67, 4, 11, 68, 48, 40, 69, 93, 14, 12, 70, 6, 122, 50, 71, 15, 104, 46, 7, 97, 120, 114, 26, 85, 80, 58, 90, 33, 47, 56, 41, 38, 32, 105, 31, 63, 8, 88, 119, 43, 72, 94, 89, 62, 35, 82, 96, 23, 127, 95, 24, 16, 118, 30, 126, 55, 39, 18, 57, 103, 54, 81, 49, 102, 17, 113, 25, 128, 86, 121, 87, 110, 22, 111]",[117]
EXP-XAI-0001,B6:139,MODEL-C3,SINGLE_FEATURE_ABLATION_LOCAL,SINGLE_FEATURE_ABLATION_LOCAL,3,"[117, 125, 60, 52, 100, 108, 20, 61, 28, 116, 53, 124, 101, 92, 59, 10, 84, 51, 2, 123, 115, 37, 27, 36, 45, 44, 19, 66, 91, 83, 21, 109, 99, 73, 74, 77, 34, 76, 75, 107, 9, 112, 106, 42, 65, 1, 98, 78, 5, 64, 3, 79, 13, 29, 67, 4, 11, 68, 48, 40, 69, 93, 14, 12, 70, 6, 122, 50, 71, 15, 104, 46, 7, 97, 120, 114, 26, 85, 80, 58, 90, 33, 47, 56, 41, 38, 32, 105, 31, 63, 8, 88, 119, 43, 72, 94, 89, 62, 35, 82, 96, 23, 127, 95, 24, 16, 118, 30, 126, 55, 39, 18, 57, 103, 54, 81, 49, 102, 17, 113, 25, 128, 86, 121, 87, 110, 22, 111]","[117, 125, 60]"
EXP-XAI-0001,B6:139,MODEL-C3,SINGLE_FEATURE_ABLATION_LOCAL,SINGLE_FEATURE_ABLATION_LOCAL,5,"[117, 125, 60, 52, 100, 108, 20, 61, 28, 116, 53, 124, 101, 92, 59, 10, 84, 51, 2, 123, 115, 37, 27, 36, 45, 44, 19, 66, 91, 83, 21, 109, 99, 73, 74, 77, 34, 76, 75, 107, 9, 112, 106, 42, 65, 1, 98, 78, 5, 64, 3, 79, 13, 29, 67, 4, 11, 68, 48, 40, 69, 93, 14, 12, 70, 6, 122, 50, 71, 15, 104, 46, 7, 97, 120, 114, 26, 85, 80, 58, 90, 33, 47, 56, 41, 38, 32, 105, 31, 63, 8, 88, 119, 43, 72, 94, 89, 62, 35, 82, 96, 23, 127, 95, 24, 16, 118, 30, 126, 55, 39, 18, 57, 103, 54, 81, 49, 102, 17, 113, 25, 128, 86, 121, 87, 110, 22, 111]","[117, 125, 60, 52, 100]"
EXP-XAI-0001,B6:139,MODEL-C3,SINGLE_FEATURE_ABLATION_LOCAL,SINGLE_FEATURE_ABLATION_LOCAL,10,"[117, 125, 60, 52, 100, 108, 20, 61, 28, 116, 53, 124, 101, 92, 59, 10, 84, 51, 2, 123, 115, 37, 27, 36, 45, 44, 19, 66, 91, 83, 21, 109, 99, 73, 74, 77, 34, 76, 75, 107, 9, 112, 106, 42, 65, 1, 98, 78, 5, 64, 3, 79, 13, 29, 67, 4, 11, 68, 48, 40, 69, 93, 14, 12, 70, 6, 122, 50, 71, 15, 104, 46, 7, 97, 120, 114, 26, 85, 80, 58, 90, 33, 47, 56, 41, 38, 32, 105, 31, 63, 8, 88, 119, 43, 72, 94, 89, 62, 35, 82, 96, 23, 127, 95, 24, 16, 118, 30, 126, 55, 39, 18, 57, 103, 54, 81, 49, 102, 17, 113, 25, 128, 86, 121, 87, 110, 22, 111]","[117, 125, 60, 52, 100, 108, 20, 61, 28, 116]"
EXP-XAI-0001,B6:488,MODEL-C3,SINGLE_FEATURE_ABLATION_LOCAL,SINGLE_FEATURE_ABLATION_LOCAL,1,"[40, 25, 89, 50, 81, 17, 58, 33, 90, 34, 41, 74, 42, 37, 66, 10, 122, 73, 114, 2, 78, 65, 107, 44, 70, 36, 113, 121, 108, 9, 79, 54, 43, 26, 75, 99, 14, 67, 100, 71, 46, 38, 62, 76, 35, 11, 1, 51, 57, 68, 55, 32, 124, 6, 116, 105, 123, 22, 12, 97, 77, 24, 69, 52, 3, 63, 59, 15, 64, 82, 56, 47, 18, 4, 60, 49, 115, 119, 118, 127, 126, 23, 7, 98, 20, 84, 19, 13, 39, 102, 92, 101, 111, 103, 96, 48, 30, 5, 28, 86, 110, 125, 80, 94, 72, 31, 83, 88, 45, 87, 91, 8, 117, 128, 112, 106, 85, 95, 27, 109, 16, 120, 93, 104, 61, 53, 29, 21]",[40]
EXP-XAI-0001,B6:488,MODEL-C3,SINGLE_FEATURE_ABLATION_LOCAL,SINGLE_FEATURE_ABLATION_LOCAL,3,"[40, 25, 89, 50, 81, 17, 58, 33, 90, 34, 41, 74, 42, 37, 66, 10, 122, 73, 114, 2, 78, 65, 107, 44, 70, 36, 113, 121, 108, 9, 79, 54, 43, 26, 75, 99, 14, 67, 100, 71, 46, 38, 62, 76, 35, 11, 1, 51, 57, 68, 55, 32, 124, 6, 116, 105, 123, 22, 12, 97, 77, 24, 69, 52, 3, 63, 59, 15, 64, 82, 56, 47, 18, 4, 60, 49, 115, 119, 118, 127, 126, 23, 7, 98, 20, 84, 19, 13, 39, 102, 92, 101, 111, 103, 96, 48, 30, 5, 28, 86, 110, 125, 80, 94, 72, 31, 83, 88, 45, 87, 91, 8, 117, 128, 112, 106, 85, 95, 27, 109, 16, 120, 93, 104, 61, 53, 29, 21]","[40, 25, 89]"
EXP-XAI-0001,B6:488,MODEL-C3,SINGLE_FEATURE_ABLATION_LOCAL,SINGLE_FEATURE_ABLATION_LOCAL,5,"[40, 25, 89, 50, 81, 17, 58, 33, 90, 34, 41, 74, 42, 37, 66, 10, 122, 73, 114, 2, 78, 65, 107, 44, 70, 36, 113, 121, 108, 9, 79, 54, 43, 26, 75, 99, 14, 67, 100, 71, 46, 38, 62, 76, 35, 11, 1, 51, 57, 68, 55, 32, 124, 6, 116, 105, 123, 22, 12, 97, 77, 24, 69, 52, 3, 63, 59, 15, 64, 82, 56, 47, 18, 4, 60, 49, 115, 119, 118, 127, 126, 23, 7, 98, 20, 84, 19, 13, 39, 102, 92, 101, 111, 103, 96, 48, 30, 5, 28, 86, 110, 125, 80, 94, 72, 31, 83, 88, 45, 87, 91, 8, 117, 128, 112, 106, 85, 95, 27, 109, 16, 120, 93, 104, 61, 53, 29, 21]","[40, 25, 89, 50, 81]"
EXP-XAI-0001,B6:488,MODEL-C3,SINGLE_FEATURE_ABLATION_LOCAL,SINGLE_FEATURE_ABLATION_LOCAL,10,"[40, 25, 89, 50, 81, 17, 58, 33, 90, 34, 41, 74, 42, 37, 66, 10, 122, 73, 114, 2, 78, 65, 107, 44, 70, 36, 113, 121, 108, 9, 79, 54, 43, 26, 75, 99, 14, 67, 100, 71, 46, 38, 62, 76, 35, 11, 1, 51, 57, 68, 55, 32, 124, 6, 116, 105, 123, 22, 12, 97, 77, 24, 69, 52, 3, 63, 59, 15, 64, 82, 56, 47, 18, 4, 60, 49, 115, 119, 118, 127, 126, 23, 7, 98, 20, 84, 19, 13, 39, 102, 92, 101, 111, 103, 96, 48, 30, 5, 28, 86, 110, 125, 80, 94, 72, 31, 83, 88, 45, 87, 91, 8, 117, 128, 112, 106, 85, 95, 27, 109, 16, 120, 93, 104, 61, 53, 29, 21]","[40, 25, 89, 50, 81, 17, 58, 33, 90, 34]"
EXP-XAI-0001,B6:708,MODEL-C3,SINGLE_FEATURE_ABLATION_LOCAL,SINGLE_FEATURE_ABLATION_LOCAL,1,"[10, 2, 117, 116, 52, 60, 125, 124, 66, 20, 40, 84, 28, 51, 115, 59, 123, 74, 88, 19, 92, 83, 96, 85, 95, 31, 94, 53, 63, 27, 61, 21, 87, 23, 30, 48, 24, 119, 32, 91, 86, 104, 62, 22, 45, 109, 55, 112, 127, 44, 118, 54, 126, 101, 97, 29, 108, 128, 100, 36, 120, 56, 17, 64, 81, 25, 105, 89, 49, 57, 99, 37, 113, 121, 93, 107, 43, 35, 72, 13, 69, 73, 82, 26, 16, 5, 4, 18, 78, 9, 75, 8, 76, 1, 68, 79, 65, 15, 12, 39, 102, 90, 77, 103, 67, 98, 106, 33, 58, 50, 34, 3, 38, 42, 114, 71, 122, 110, 11, 41, 7, 47, 14, 80, 6, 46, 111, 70]",[10]
EXP-XAI-0001,B6:708,MODEL-C3,SINGLE_FEATURE_ABLATION_LOCAL,SINGLE_FEATURE_ABLATION_LOCAL,3,"[10, 2, 117, 116, 52, 60, 125, 124, 66, 20, 40, 84, 28, 51, 115, 59, 123, 74, 88, 19, 92, 83, 96, 85, 95, 31, 94, 53, 63, 27, 61, 21, 87, 23, 30, 48, 24, 119, 32, 91, 86, 104, 62, 22, 45, 109, 55, 112, 127, 44, 118, 54, 126, 101, 97, 29, 108, 128, 100, 36, 120, 56, 17, 64, 81, 25, 105, 89, 49, 57, 99, 37, 113, 121, 93, 107, 43, 35, 72, 13, 69, 73, 82, 26, 16, 5, 4, 18, 78, 9, 75, 8, 76, 1, 68, 79, 65, 15, 12, 39, 102, 90, 77, 103, 67, 98, 106, 33, 58, 50, 34, 3, 38, 42, 114, 71, 122, 110, 11, 41, 7, 47, 14, 80, 6, 46, 111, 70]","[10, 2, 117]"
EXP-XAI-0001,B6:708,MODEL-C3,SINGLE_FEATURE_ABLATION_LOCAL,SINGLE_FEATURE_ABLATION_LOCAL,5,"[10, 2, 117, 116, 52, 60, 125, 124, 66, 20, 40, 84, 28, 51, 115, 59, 123, 74, 88, 19, 92, 83, 96, 85, 95, 31, 94, 53, 63, 27, 61, 21, 87, 23, 30, 48, 24, 119, 32, 91, 86, 104, 62, 22, 45, 109, 55, 112, 127, 44, 118, 54, 126, 101, 97, 29, 108, 128, 100, 36, 120, 56, 17, 64, 81, 25, 105, 89, 49, 57, 99, 37, 113, 121, 93, 107, 43, 35, 72, 13, 69, 73, 82, 26, 16, 5, 4, 18, 78, 9, 75, 8, 76, 1, 68, 79, 65, 15, 12, 39, 102, 90, 77, 103, 67, 98, 106, 33, 58, 50, 34, 3, 38, 42, 114, 71, 122, 110, 11, 41, 7, 47, 14, 80, 6, 46, 111, 70]","[10, 2, 117, 116, 52]"
EXP-XAI-0001,B6:708,MODEL-C3,SINGLE_FEATURE_ABLATION_LOCAL,SINGLE_FEATURE_ABLATION_LOCAL,10,"[10, 2, 117, 116, 52, 60, 125, 124, 66, 20, 40, 84, 28, 51, 115, 59, 123, 74, 88, 19, 92, 83, 96, 85, 95, 31, 94, 53, 63, 27, 61, 21, 87, 23, 30, 48, 24, 119, 32, 91, 86, 104, 62, 22, 45, 109, 55, 112, 127, 44, 118, 54, 126, 101, 97, 29, 108, 128, 100, 36, 120, 56, 17, 64, 81, 25, 105, 89, 49, 57, 99, 37, 113, 121, 93, 107, 43, 35, 72, 13, 69, 73, 82, 26, 16, 5, 4, 18, 78, 9, 75, 8, 76, 1, 68, 79, 65, 15, 12, 39, 102, 90, 77, 103, 67, 98, 106, 33, 58, 50, 34, 3, 38, 42, 114, 71, 122, 110, 11, 41, 7, 47, 14, 80, 6, 46, 111, 70]","[10, 2, 117, 116, 52, 60, 125, 124, 66, 20]"
EXP-XAI-0001,B6:1391,MODEL-C3,SINGLE_FEATURE_ABLATION_LOCAL,SINGLE_FEATURE_ABLATION_LOCAL,1,"[40, 25, 37, 50, 89, 90, 81, 58, 34, 41, 33, 17, 42, 122, 73, 114, 32, 74, 78, 44, 65, 70, 43, 79, 46, 26, 24, 107, 75, 38, 66, 35, 76, 71, 36, 54, 64, 67, 51, 68, 9, 56, 99, 14, 62, 1, 124, 6, 55, 47, 116, 82, 22, 11, 59, 123, 18, 77, 12, 108, 63, 119, 101, 115, 52, 4, 3, 118, 7, 127, 126, 20, 84, 112, 23, 113, 15, 39, 19, 102, 105, 60, 69, 111, 96, 97, 92, 103, 128, 10, 98, 88, 110, 100, 30, 13, 80, 28, 121, 57, 45, 86, 109, 31, 49, 94, 87, 83, 125, 72, 48, 120, 106, 2, 53, 91, 61, 16, 117, 5, 85, 8, 27, 95, 93, 21, 104, 29]",[40]
EXP-XAI-0001,B6:1391,MODEL-C3,SINGLE_FEATURE_ABLATION_LOCAL,SINGLE_FEATURE_ABLATION_LOCAL,3,"[40, 25, 37, 50, 89, 90, 81, 58, 34, 41, 33, 17, 42, 122, 73, 114, 32, 74, 78, 44, 65, 70, 43, 79, 46, 26, 24, 107, 75, 38, 66, 35, 76, 71, 36, 54, 64, 67, 51, 68, 9, 56, 99, 14, 62, 1, 124, 6, 55, 47, 116, 82, 22, 11, 59, 123, 18, 77, 12, 108, 63, 119, 101, 115, 52, 4, 3, 118, 7, 127, 126, 20, 84, 112, 23, 113, 15, 39, 19, 102, 105, 60, 69, 111, 96, 97, 92, 103, 128, 10, 98, 88, 110, 100, 30, 13, 80, 28, 121, 57, 45, 86, 109, 31, 49, 94, 87, 83, 125, 72, 48, 120, 106, 2, 53, 91, 61, 16, 117, 5, 85, 8, 27, 95, 93, 21, 104, 29]","[40, 25, 37]"
EXP-XAI-0001,B6:1391,MODEL-C3,SINGLE_FEATURE_ABLATION_LOCAL,SINGLE_FEATURE_ABLATION_LOCAL,5,"[40, 25, 37, 50, 89, 90, 81, 58, 34, 41, 33, 17, 42, 122, 73, 114, 32, 74, 78, 44, 65, 70, 43, 79, 46, 26, 24, 107, 75, 38, 66, 35, 76, 71, 36, 54, 64, 67, 51, 68, 9, 56, 99, 14, 62, 1, 124, 6, 55, 47, 116, 82, 22, 11, 59, 123, 18, 77, 12, 108, 63, 119, 101, 115, 52, 4, 3, 118, 7, 127, 126, 20, 84, 112, 23, 113, 15, 39, 19, 102, 105, 60, 69, 111, 96, 97, 92, 103, 128, 10, 98, 88, 110, 100, 30, 13, 80, 28, 121, 57, 45, 86, 109, 31, 49, 94, 87, 83, 125, 72, 48, 120, 106, 2, 53, 91, 61, 16, 117, 5, 85, 8, 27, 95, 93, 21, 104, 29]","[40, 25, 37, 50, 89]"
EXP-XAI-0001,B6:1391,MODEL-C3,SINGLE_FEATURE_ABLATION_LOCAL,SINGLE_FEATURE_ABLATION_LOCAL,10,"[40, 25, 37, 50, 89, 90, 81, 58, 34, 41, 33, 17, 42, 122, 73, 114, 32, 74, 78, 44, 65, 70, 43, 79, 46, 26, 24, 107, 75, 38, 66, 35, 76, 71, 36, 54, 64, 67, 51, 68, 9, 56, 99, 14, 62, 1, 124, 6, 55, 47, 116, 82, 22, 11, 59, 123, 18, 77, 12, 108, 63, 119, 101, 115, 52, 4, 3, 118, 7, 127, 126, 20, 84, 112, 23, 113, 15, 39, 19, 102, 105, 60, 69, 111, 96, 97, 92, 103, 128, 10, 98, 88, 110, 100, 30, 13, 80, 28, 121, 57, 45, 86, 109, 31, 49, 94, 87, 83, 125, 72, 48, 120, 106, 2, 53, 91, 61, 16, 117, 5, 85, 8, 27, 95, 93, 21, 104, 29]","[40, 25, 37, 50, 89, 90, 81, 58, 34, 41]"
EXP-XAI-0001,B6:1465,MODEL-C3,SINGLE_FEATURE_ABLATION_LOCAL,SINGLE_FEATURE_ABLATION_LOCAL,1,"[25, 89, 40, 81, 17, 90, 113, 121, 33, 50, 10, 41, 74, 34, 66, 57, 42, 2, 58, 73, 49, 37, 26, 65, 78, 107, 122, 70, 105, 9, 108, 97, 114, 79, 44, 54, 100, 99, 75, 82, 71, 46, 38, 14, 67, 1, 62, 36, 76, 43, 55, 68, 11, 6, 63, 47, 51, 124, 15, 77, 35, 52, 116, 12, 69, 3, 24, 60, 22, 98, 64, 7, 94, 123, 4, 59, 119, 102, 32, 118, 126, 39, 127, 111, 23, 103, 110, 115, 20, 18, 80, 95, 84, 48, 92, 13, 125, 72, 19, 5, 96, 28, 56, 128, 106, 88, 31, 30, 27, 8, 86, 112, 101, 109, 45, 87, 91, 117, 104, 53, 120, 93, 16, 85, 29, 61, 83, 21]",[25]
EXP-XAI-0001,B6:1465,MODEL-C3,SINGLE_FEATURE_ABLATION_LOCAL,SINGLE_FEATURE_ABLATION_LOCAL,3,"[25, 89, 40, 81, 17, 90, 113, 121, 33, 50, 10, 41, 74, 34, 66, 57, 42, 2, 58, 73, 49, 37, 26, 65, 78, 107, 122, 70, 105, 9, 108, 97, 114, 79, 44, 54, 100, 99, 75, 82, 71, 46, 38, 14, 67, 1, 62, 36, 76, 43, 55, 68, 11, 6, 63, 47, 51, 124, 15, 77, 35, 52, 116, 12, 69, 3, 24, 60, 22, 98, 64, 7, 94, 123, 4, 59, 119, 102, 32, 118, 126, 39, 127, 111, 23, 103, 110, 115, 20, 18, 80, 95, 84, 48, 92, 13, 125, 72, 19, 5, 96, 28, 56, 128, 106, 88, 31, 30, 27, 8, 86, 112, 101, 109, 45, 87, 91, 117, 104, 53, 120, 93, 16, 85, 29, 61, 83, 21]","[25, 89, 40]"
EXP-XAI-0001,B6:1465,MODEL-C3,SINGLE_FEATURE_ABLATION_LOCAL,SINGLE_FEATURE_ABLATION_LOCAL,5,"[25, 89, 40, 81, 17, 90, 113, 121, 33, 50, 10, 41, 74, 34, 66, 57, 42, 2, 58, 73, 49, 37, 26, 65, 78, 107, 122, 70, 105, 9, 108, 97, 114, 79, 44, 54, 100, 99, 75, 82, 71, 46, 38, 14, 67, 1, 62, 36, 76, 43, 55, 68, 11, 6, 63, 47, 51, 124, 15, 77, 35, 52, 116, 12, 69, 3, 24, 60, 22, 98, 64, 7, 94, 123, 4, 59, 119, 102, 32, 118, 126, 39, 127, 111, 23, 103, 110, 115, 20, 18, 80, 95, 84, 48, 92, 13, 125, 72, 19, 5, 96, 28, 56, 128, 106, 88, 31, 30, 27, 8, 86, 112, 101, 109, 45, 87, 91, 117, 104, 53, 120, 93, 16, 85, 29, 61, 83, 21]","[25, 89, 40, 81, 17]"
EXP-XAI-0001,B6:1465,MODEL-C3,SINGLE_FEATURE_ABLATION_LOCAL,SINGLE_FEATURE_ABLATION_LOCAL,10,"[25, 89, 40, 81, 17, 90, 113, 121, 33, 50, 10, 41, 74, 34, 66, 57, 42, 2, 58, 73, 49, 37, 26, 65, 78, 107, 122, 70, 105, 9, 108, 97, 114, 79, 44, 54, 100, 99, 75, 82, 71, 46, 38, 14, 67, 1, 62, 36, 76, 43, 55, 68, 11, 6, 63, 47, 51, 124, 15, 77, 35, 52, 116, 12, 69, 3, 24, 60, 22, 98, 64, 7, 94, 123, 4, 59, 119, 102, 32, 118, 126, 39, 127, 111, 23, 103, 110, 115, 20, 18, 80, 95, 84, 48, 92, 13, 125, 72, 19, 5, 96, 28, 56, 128, 106, 88, 31, 30, 27, 8, 86, 112, 101, 109, 45, 87, 91, 117, 104, 53, 120, 93, 16, 85, 29, 61, 83, 21]","[25, 89, 40, 81, 17, 90, 113, 121, 33, 50]"
EXP-XAI-0001,B6:1537,MODEL-C3,SINGLE_FEATURE_ABLATION_LOCAL,SINGLE_FEATURE_ABLATION_LOCAL,1,"[40, 25, 89, 81, 17, 50, 113, 121, 58, 122, 33, 107, 41, 57, 114, 90, 108, 100, 37, 44, 99, 10, 43, 34, 49, 54, 36, 51, 2, 52, 62, 124, 116, 35, 97, 55, 60, 26, 59, 105, 123, 42, 63, 66, 74, 106, 115, 32, 22, 20, 119, 84, 126, 118, 127, 18, 38, 46, 82, 19, 92, 23, 125, 75, 24, 28, 76, 67, 47, 94, 64, 11, 78, 68, 45, 12, 79, 83, 3, 39, 30, 14, 4, 91, 31, 70, 103, 6, 69, 117, 86, 96, 77, 53, 88, 71, 87, 48, 101, 7, 128, 15, 95, 98, 110, 93, 27, 85, 111, 102, 9, 109, 56, 61, 80, 65, 1, 13, 5, 72, 21, 112, 104, 29, 8, 73, 16, 120]",[40]
EXP-XAI-0001,B6:1537,MODEL-C3,SINGLE_FEATURE_ABLATION_LOCAL,SINGLE_FEATURE_ABLATION_LOCAL,3,"[40, 25, 89, 81, 17, 50, 113, 121, 58, 122, 33, 107, 41, 57, 114, 90, 108, 100, 37, 44, 99, 10, 43, 34, 49, 54, 36, 51, 2, 52, 62, 124, 116, 35, 97, 55, 60, 26, 59, 105, 123, 42, 63, 66, 74, 106, 115, 32, 22, 20, 119, 84, 126, 118, 127, 18, 38, 46, 82, 19, 92, 23, 125, 75, 24, 28, 76, 67, 47, 94, 64, 11, 78, 68, 45, 12, 79, 83, 3, 39, 30, 14, 4, 91, 31, 70, 103, 6, 69, 117, 86, 96, 77, 53, 88, 71, 87, 48, 101, 7, 128, 15, 95, 98, 110, 93, 27, 85, 111, 102, 9, 109, 56, 61, 80, 65, 1, 13, 5, 72, 21, 112, 104, 29, 8, 73, 16, 120]","[40, 25, 89]"
EXP-XAI-0001,B6:1537,MODEL-C3,SINGLE_FEATURE_ABLATION_LOCAL,SINGLE_FEATURE_ABLATION_LOCAL,5,"[40, 25, 89, 81, 17, 50, 113, 121, 58, 122, 33, 107, 41, 57, 114, 90, 108, 100, 37, 44, 99, 10, 43, 34, 49, 54, 36, 51, 2, 52, 62, 124, 116, 35, 97, 55, 60, 26, 59, 105, 123, 42, 63, 66, 74, 106, 115, 32, 22, 20, 119, 84, 126, 118, 127, 18, 38, 46, 82, 19, 92, 23, 125, 75, 24, 28, 76, 67, 47, 94, 64, 11, 78, 68, 45, 12, 79, 83, 3, 39, 30, 14, 4, 91, 31, 70, 103, 6, 69, 117, 86, 96, 77, 53, 88, 71, 87, 48, 101, 7, 128, 15, 95, 98, 110, 93, 27, 85, 111, 102, 9, 109, 56, 61, 80, 65, 1, 13, 5, 72, 21, 112, 104, 29, 8, 73, 16, 120]","[40, 25, 89, 81, 17]"
EXP-XAI-0001,B6:1537,MODEL-C3,SINGLE_FEATURE_ABLATION_LOCAL,SINGLE_FEATURE_ABLATION_LOCAL,10,"[40, 25, 89, 81, 17, 50, 113, 121, 58, 122, 33, 107, 41, 57, 114, 90, 108, 100, 37, 44, 99, 10, 43, 34, 49, 54, 36, 51, 2, 52, 62, 124, 116, 35, 97, 55, 60, 26, 59, 105, 123, 42, 63, 66, 74, 106, 115, 32, 22, 20, 119, 84, 126, 118, 127, 18, 38, 46, 82, 19, 92, 23, 125, 75, 24, 28, 76, 67, 47, 94, 64, 11, 78, 68, 45, 12, 79, 83, 3, 39, 30, 14, 4, 91, 31, 70, 103, 6, 69, 117, 86, 96, 77, 53, 88, 71, 87, 48, 101, 7, 128, 15, 95, 98, 110, 93, 27, 85, 111, 102, 9, 109, 56, 61, 80, 65, 1, 13, 5, 72, 21, 112, 104, 29, 8, 73, 16, 120]","[40, 25, 89, 81, 17, 50, 113, 121, 58, 122]"
EXP-XAI-0001,B10:0,MODEL-C3,SINGLE_FEATURE_ABLATION_LOCAL,SINGLE_FEATURE_ABLATION_LOCAL,1,"[57, 66, 74, 42, 34, 49, 104, 50, 58, 114, 122, 82, 17, 26, 65, 18, 25, 81, 106, 105, 113, 73, 90, 70, 9, 101, 41, 109, 77, 110, 67, 69, 62, 75, 71, 11, 121, 33, 54, 5, 68, 2, 30, 12, 76, 22, 14, 86, 19, 83, 118, 46, 15, 1, 3, 51, 59, 4, 38, 97, 111, 126, 63, 78, 115, 55, 13, 94, 27, 102, 31, 72, 87, 23, 16, 89, 123, 119, 127, 84, 80, 112, 79, 98, 103, 95, 20, 10, 47, 107, 6, 91, 28, 45, 43, 116, 52, 92, 8, 7, 85, 60, 124, 120, 48, 56, 35, 99, 21, 39, 64, 117, 24, 44, 53, 36, 93, 96, 108, 88, 61, 29, 128, 32, 37, 125, 40, 100]",[57]
EXP-XAI-0001,B10:0,MODEL-C3,SINGLE_FEATURE_ABLATION_LOCAL,SINGLE_FEATURE_ABLATION_LOCAL,3,"[57, 66, 74, 42, 34, 49, 104, 50, 58, 114, 122, 82, 17, 26, 65, 18, 25, 81, 106, 105, 113, 73, 90, 70, 9, 101, 41, 109, 77, 110, 67, 69, 62, 75, 71, 11, 121, 33, 54, 5, 68, 2, 30, 12, 76, 22, 14, 86, 19, 83, 118, 46, 15, 1, 3, 51, 59, 4, 38, 97, 111, 126, 63, 78, 115, 55, 13, 94, 27, 102, 31, 72, 87, 23, 16, 89, 123, 119, 127, 84, 80, 112, 79, 98, 103, 95, 20, 10, 47, 107, 6, 91, 28, 45, 43, 116, 52, 92, 8, 7, 85, 60, 124, 120, 48, 56, 35, 99, 21, 39, 64, 117, 24, 44, 53, 36, 93, 96, 108, 88, 61, 29, 128, 32, 37, 125, 40, 100]","[57, 66, 74]"
EXP-XAI-0001,B10:0,MODEL-C3,SINGLE_FEATURE_ABLATION_LOCAL,SINGLE_FEATURE_ABLATION_LOCAL,5,"[57, 66, 74, 42, 34, 49, 104, 50, 58, 114, 122, 82, 17, 26, 65, 18, 25, 81, 106, 105, 113, 73, 90, 70, 9, 101, 41, 109, 77, 110, 67, 69, 62, 75, 71, 11, 121, 33, 54, 5, 68, 2, 30, 12, 76, 22, 14, 86, 19, 83, 118, 46, 15, 1, 3, 51, 59, 4, 38, 97, 111, 126, 63, 78, 115, 55, 13, 94, 27, 102, 31, 72, 87, 23, 16, 89, 123, 119, 127, 84, 80, 112, 79, 98, 103, 95, 20, 10, 47, 107, 6, 91, 28, 45, 43, 116, 52, 92, 8, 7, 85, 60, 124, 120, 48, 56, 35, 99, 21, 39, 64, 117, 24, 44, 53, 36, 93, 96, 108, 88, 61, 29, 128, 32, 37, 125, 40, 100]","[57, 66, 74, 42, 34]"
EXP-XAI-0001,B10:0,MODEL-C3,SINGLE_FEATURE_ABLATION_LOCAL,SINGLE_FEATURE_ABLATION_LOCAL,10,"[57, 66, 74, 42, 34, 49, 104, 50, 58, 114, 122, 82, 17, 26, 65, 18, 25, 81, 106, 105, 113, 73, 90, 70, 9, 101, 41, 109, 77, 110, 67, 69, 62, 75, 71, 11, 121, 33, 54, 5, 68, 2, 30, 12, 76, 22, 14, 86, 19, 83, 118, 46, 15, 1, 3, 51, 59, 4, 38, 97, 111, 126, 63, 78, 115, 55, 13, 94, 27, 102, 31, 72, 87, 23, 16, 89, 123, 119, 127, 84, 80, 112, 79, 98, 103, 95, 20, 10, 47, 107, 6, 91, 28, 45, 43, 116, 52, 92, 8, 7, 85, 60, 124, 120, 48, 56, 35, 99, 21, 39, 64, 117, 24, 44, 53, 36, 93, 96, 108, 88, 61, 29, 128, 32, 37, 125, 40, 100]","[57, 66, 74, 42, 34, 49, 104, 50, 58, 114]"
EXP-XAI-0001,B10:1,MODEL-C3,SINGLE_FEATURE_ABLATION_LOCAL,SINGLE_FEATURE_ABLATION_LOCAL,1,"[25, 26, 82, 81, 90, 89, 18, 17, 114, 106, 58, 122, 98, 50, 42, 113, 34, 105, 121, 110, 97, 102, 57, 107, 103, 108, 111, 100, 99, 46, 19, 38, 27, 2, 41, 83, 49, 44, 78, 47, 79, 33, 14, 91, 43, 9, 6, 115, 36, 15, 70, 10, 101, 1, 59, 73, 39, 123, 7, 71, 51, 66, 35, 74, 30, 65, 24, 11, 86, 31, 75, 63, 3, 54, 20, 23, 28, 32, 67, 62, 76, 94, 22, 88, 116, 4, 12, 87, 55, 126, 124, 95, 68, 127, 52, 60, 92, 84, 119, 120, 40, 53, 117, 13, 125, 37, 45, 21, 112, 104, 96, 77, 29, 80, 118, 128, 5, 64, 8, 69, 48, 16, 61, 93, 85, 72, 56, 109]",[25]
EXP-XAI-0001,B10:1,MODEL-C3,SINGLE_FEATURE_ABLATION_LOCAL,SINGLE_FEATURE_ABLATION_LOCAL,3,"[25, 26, 82, 81, 90, 89, 18, 17, 114, 106, 58, 122, 98, 50, 42, 113, 34, 105, 121, 110, 97, 102, 57, 107, 103, 108, 111, 100, 99, 46, 19, 38, 27, 2, 41, 83, 49, 44, 78, 47, 79, 33, 14, 91, 43, 9, 6, 115, 36, 15, 70, 10, 101, 1, 59, 73, 39, 123, 7, 71, 51, 66, 35, 74, 30, 65, 24, 11, 86, 31, 75, 63, 3, 54, 20, 23, 28, 32, 67, 62, 76, 94, 22, 88, 116, 4, 12, 87, 55, 126, 124, 95, 68, 127, 52, 60, 92, 84, 119, 120, 40, 53, 117, 13, 125, 37, 45, 21, 112, 104, 96, 77, 29, 80, 118, 128, 5, 64, 8, 69, 48, 16, 61, 93, 85, 72, 56, 109]","[25, 26, 82]"
EXP-XAI-0001,B10:1,MODEL-C3,SINGLE_FEATURE_ABLATION_LOCAL,SINGLE_FEATURE_ABLATION_LOCAL,5,"[25, 26, 82, 81, 90, 89, 18, 17, 114, 106, 58, 122, 98, 50, 42, 113, 34, 105, 121, 110, 97, 102, 57, 107, 103, 108, 111, 100, 99, 46, 19, 38, 27, 2, 41, 83, 49, 44, 78, 47, 79, 33, 14, 91, 43, 9, 6, 115, 36, 15, 70, 10, 101, 1, 59, 73, 39, 123, 7, 71, 51, 66, 35, 74, 30, 65, 24, 11, 86, 31, 75, 63, 3, 54, 20, 23, 28, 32, 67, 62, 76, 94, 22, 88, 116, 4, 12, 87, 55, 126, 124, 95, 68, 127, 52, 60, 92, 84, 119, 120, 40, 53, 117, 13, 125, 37, 45, 21, 112, 104, 96, 77, 29, 80, 118, 128, 5, 64, 8, 69, 48, 16, 61, 93, 85, 72, 56, 109]","[25, 26, 82, 81, 90]"
EXP-XAI-0001,B10:1,MODEL-C3,SINGLE_FEATURE_ABLATION_LOCAL,SINGLE_FEATURE_ABLATION_LOCAL,10,"[25, 26, 82, 81, 90, 89, 18, 17, 114, 106, 58, 122, 98, 50, 42, 113, 34, 105, 121, 110, 97, 102, 57, 107, 103, 108, 111, 100, 99, 46, 19, 38, 27, 2, 41, 83, 49, 44, 78, 47, 79, 33, 14, 91, 43, 9, 6, 115, 36, 15, 70, 10, 101, 1, 59, 73, 39, 123, 7, 71, 51, 66, 35, 74, 30, 65, 24, 11, 86, 31, 75, 63, 3, 54, 20, 23, 28, 32, 67, 62, 76, 94, 22, 88, 116, 4, 12, 87, 55, 126, 124, 95, 68, 127, 52, 60, 92, 84, 119, 120, 40, 53, 117, 13, 125, 37, 45, 21, 112, 104, 96, 77, 29, 80, 118, 128, 5, 64, 8, 69, 48, 16, 61, 93, 85, 72, 56, 109]","[25, 26, 82, 81, 90, 89, 18, 17, 114, 106]"
EXP-XAI-0001,B10:2,MODEL-C3,SINGLE_FEATURE_ABLATION_LOCAL,SINGLE_FEATURE_ABLATION_LOCAL,1,"[10, 66, 74, 2, 101, 100, 109, 112, 108, 128, 104, 37, 120, 40, 36, 32, 9, 45, 73, 44, 56, 70, 65, 14, 1, 78, 15, 53, 99, 125, 52, 6, 71, 79, 88, 61, 96, 124, 117, 60, 107, 72, 7, 110, 24, 64, 116, 47, 46, 75, 35, 106, 89, 3, 51, 105, 98, 58, 11, 8, 76, 111, 50, 59, 41, 114, 5, 102, 4, 122, 81, 25, 67, 16, 48, 77, 123, 22, 115, 20, 85, 42, 86, 12, 34, 94, 93, 23, 30, 28, 13, 90, 97, 87, 17, 68, 38, 95, 92, 43, 21, 69, 18, 31, 84, 49, 55, 121, 82, 118, 63, 103, 54, 113, 127, 26, 57, 126, 119, 62, 80, 33, 29, 91, 83, 27, 39, 19]",[10]
EXP-XAI-0001,B10:2,MODEL-C3,SINGLE_FEATURE_ABLATION_LOCAL,SINGLE_FEATURE_ABLATION_LOCAL,3,"[10, 66, 74, 2, 101, 100, 109, 112, 108, 128, 104, 37, 120, 40, 36, 32, 9, 45, 73, 44, 56, 70, 65, 14, 1, 78, 15, 53, 99, 125, 52, 6, 71, 79, 88, 61, 96, 124, 117, 60, 107, 72, 7, 110, 24, 64, 116, 47, 46, 75, 35, 106, 89, 3, 51, 105, 98, 58, 11, 8, 76, 111, 50, 59, 41, 114, 5, 102, 4, 122, 81, 25, 67, 16, 48, 77, 123, 22, 115, 20, 85, 42, 86, 12, 34, 94, 93, 23, 30, 28, 13, 90, 97, 87, 17, 68, 38, 95, 92, 43, 21, 69, 18, 31, 84, 49, 55, 121, 82, 118, 63, 103, 54, 113, 127, 26, 57, 126, 119, 62, 80, 33, 29, 91, 83, 27, 39, 19]","[10, 66, 74]"
EXP-XAI-0001,B10:2,MODEL-C3,SINGLE_FEATURE_ABLATION_LOCAL,SINGLE_FEATURE_ABLATION_LOCAL,5,"[10, 66, 74, 2, 101, 100, 109, 112, 108, 128, 104, 37, 120, 40, 36, 32, 9, 45, 73, 44, 56, 70, 65, 14, 1, 78, 15, 53, 99, 125, 52, 6, 71, 79, 88, 61, 96, 124, 117, 60, 107, 72, 7, 110, 24, 64, 116, 47, 46, 75, 35, 106, 89, 3, 51, 105, 98, 58, 11, 8, 76, 111, 50, 59, 41, 114, 5, 102, 4, 122, 81, 25, 67, 16, 48, 77, 123, 22, 115, 20, 85, 42, 86, 12, 34, 94, 93, 23, 30, 28, 13, 90, 97, 87, 17, 68, 38, 95, 92, 43, 21, 69, 18, 31, 84, 49, 55, 121, 82, 118, 63, 103, 54, 113, 127, 26, 57, 126, 119, 62, 80, 33, 29, 91, 83, 27, 39, 19]","[10, 66, 74, 2, 101]"
EXP-XAI-0001,B10:2,MODEL-C3,SINGLE_FEATURE_ABLATION_LOCAL,SINGLE_FEATURE_ABLATION_LOCAL,10,"[10, 66, 74, 2, 101, 100, 109, 112, 108, 128, 104, 37, 120, 40, 36, 32, 9, 45, 73, 44, 56, 70, 65, 14, 1, 78, 15, 53, 99, 125, 52, 6, 71, 79, 88, 61, 96, 124, 117, 60, 107, 72, 7, 110, 24, 64, 116, 47, 46, 75, 35, 106, 89, 3, 51, 105, 98, 58, 11, 8, 76, 111, 50, 59, 41, 114, 5, 102, 4, 122, 81, 25, 67, 16, 48, 77, 123, 22, 115, 20, 85, 42, 86, 12, 34, 94, 93, 23, 30, 28, 13, 90, 97, 87, 17, 68, 38, 95, 92, 43, 21, 69, 18, 31, 84, 49, 55, 121, 82, 118, 63, 103, 54, 113, 127, 26, 57, 126, 119, 62, 80, 33, 29, 91, 83, 27, 39, 19]","[10, 66, 74, 2, 101, 100, 109, 112, 108, 128]"
EXP-XAI-0001,B10:3,MODEL-C3,SINGLE_FEATURE_ABLATION_LOCAL,SINGLE_FEATURE_ABLATION_LOCAL,1,"[10, 2, 66, 74, 114, 106, 105, 98, 58, 122, 97, 34, 50, 82, 26, 42, 18, 90, 41, 110, 9, 33, 73, 65, 102, 104, 78, 14, 70, 103, 79, 1, 46, 111, 71, 15, 47, 75, 6, 38, 11, 67, 76, 100, 101, 3, 12, 68, 7, 17, 77, 99, 108, 4, 107, 44, 81, 39, 69, 19, 13, 83, 115, 5, 123, 112, 25, 27, 51, 91, 59, 80, 22, 30, 43, 86, 72, 23, 16, 31, 113, 36, 87, 37, 8, 35, 49, 57, 20, 94, 118, 24, 84, 48, 109, 62, 28, 92, 128, 64, 95, 54, 55, 120, 45, 40, 116, 119, 89, 117, 88, 96, 126, 125, 52, 56, 124, 60, 32, 121, 127, 21, 93, 85, 53, 63, 29, 61]",[10]
EXP-XAI-0001,B10:3,MODEL-C3,SINGLE_FEATURE_ABLATION_LOCAL,SINGLE_FEATURE_ABLATION_LOCAL,3,"[10, 2, 66, 74, 114, 106, 105, 98, 58, 122, 97, 34, 50, 82, 26, 42, 18, 90, 41, 110, 9, 33, 73, 65, 102, 104, 78, 14, 70, 103, 79, 1, 46, 111, 71, 15, 47, 75, 6, 38, 11, 67, 76, 100, 101, 3, 12, 68, 7, 17, 77, 99, 108, 4, 107, 44, 81, 39, 69, 19, 13, 83, 115, 5, 123, 112, 25, 27, 51, 91, 59, 80, 22, 30, 43, 86, 72, 23, 16, 31, 113, 36, 87, 37, 8, 35, 49, 57, 20, 94, 118, 24, 84, 48, 109, 62, 28, 92, 128, 64, 95, 54, 55, 120, 45, 40, 116, 119, 89, 117, 88, 96, 126, 125, 52, 56, 124, 60, 32, 121, 127, 21, 93, 85, 53, 63, 29, 61]","[10, 2, 66]"
EXP-XAI-0001,B10:3,MODEL-C3,SINGLE_FEATURE_ABLATION_LOCAL,SINGLE_FEATURE_ABLATION_LOCAL,5,"[10, 2, 66, 74, 114, 106, 105, 98, 58, 122, 97, 34, 50, 82, 26, 42, 18, 90, 41, 110, 9, 33, 73, 65, 102, 104, 78, 14, 70, 103, 79, 1, 46, 111, 71, 15, 47, 75, 6, 38, 11, 67, 76, 100, 101, 3, 12, 68, 7, 17, 77, 99, 108, 4, 107, 44, 81, 39, 69, 19, 13, 83, 115, 5, 123, 112, 25, 27, 51, 91, 59, 80, 22, 30, 43, 86, 72, 23, 16, 31, 113, 36, 87, 37, 8, 35, 49, 57, 20, 94, 118, 24, 84, 48, 109, 62, 28, 92, 128, 64, 95, 54, 55, 120, 45, 40, 116, 119, 89, 117, 88, 96, 126, 125, 52, 56, 124, 60, 32, 121, 127, 21, 93, 85, 53, 63, 29, 61]","[10, 2, 66, 74, 114]"
EXP-XAI-0001,B10:3,MODEL-C3,SINGLE_FEATURE_ABLATION_LOCAL,SINGLE_FEATURE_ABLATION_LOCAL,10,"[10, 2, 66, 74, 114, 106, 105, 98, 58, 122, 97, 34, 50, 82, 26, 42, 18, 90, 41, 110, 9, 33, 73, 65, 102, 104, 78, 14, 70, 103, 79, 1, 46, 111, 71, 15, 47, 75, 6, 38, 11, 67, 76, 100, 101, 3, 12, 68, 7, 17, 77, 99, 108, 4, 107, 44, 81, 39, 69, 19, 13, 83, 115, 5, 123, 112, 25, 27, 51, 91, 59, 80, 22, 30, 43, 86, 72, 23, 16, 31, 113, 36, 87, 37, 8, 35, 49, 57, 20, 94, 118, 24, 84, 48, 109, 62, 28, 92, 128, 64, 95, 54, 55, 120, 45, 40, 116, 119, 89, 117, 88, 96, 126, 125, 52, 56, 124, 60, 32, 121, 127, 21, 93, 85, 53, 63, 29, 61]","[10, 2, 66, 74, 114, 106, 105, 98, 58, 122]"
EXP-XAI-0001,B10:4,MODEL-C3,SINGLE_FEATURE_ABLATION_LOCAL,SINGLE_FEATURE_ABLATION_LOCAL,1,"[10, 74, 66, 101, 2, 109, 112, 104, 73, 9, 65, 70, 14, 45, 78, 15, 1, 71, 79, 36, 100, 75, 6, 122, 58, 114, 108, 50, 11, 110, 7, 34, 76, 105, 67, 90, 3, 12, 77, 5, 41, 46, 4, 26, 82, 111, 68, 18, 17, 42, 57, 13, 19, 49, 102, 83, 16, 47, 25, 22, 30, 37, 86, 62, 8, 81, 54, 27, 97, 94, 38, 125, 43, 53, 103, 84, 69, 106, 118, 113, 63, 87, 31, 33, 61, 91, 115, 126, 59, 55, 23, 119, 51, 127, 95, 117, 123, 72, 121, 35, 20, 80, 98, 48, 107, 93, 44, 39, 28, 92, 52, 89, 60, 124, 88, 40, 99, 116, 29, 85, 96, 64, 21, 128, 120, 24, 32, 56]",[10]
EXP-XAI-0001,B10:4,MODEL-C3,SINGLE_FEATURE_ABLATION_LOCAL,SINGLE_FEATURE_ABLATION_LOCAL,3,"[10, 74, 66, 101, 2, 109, 112, 104, 73, 9, 65, 70, 14, 45, 78, 15, 1, 71, 79, 36, 100, 75, 6, 122, 58, 114, 108, 50, 11, 110, 7, 34, 76, 105, 67, 90, 3, 12, 77, 5, 41, 46, 4, 26, 82, 111, 68, 18, 17, 42, 57, 13, 19, 49, 102, 83, 16, 47, 25, 22, 30, 37, 86, 62, 8, 81, 54, 27, 97, 94, 38, 125, 43, 53, 103, 84, 69, 106, 118, 113, 63, 87, 31, 33, 61, 91, 115, 126, 59, 55, 23, 119, 51, 127, 95, 117, 123, 72, 121, 35, 20, 80, 98, 48, 107, 93, 44, 39, 28, 92, 52, 89, 60, 124, 88, 40, 99, 116, 29, 85, 96, 64, 21, 128, 120, 24, 32, 56]","[10, 74, 66]"
EXP-XAI-0001,B10:4,MODEL-C3,SINGLE_FEATURE_ABLATION_LOCAL,SINGLE_FEATURE_ABLATION_LOCAL,5,"[10, 74, 66, 101, 2, 109, 112, 104, 73, 9, 65, 70, 14, 45, 78, 15, 1, 71, 79, 36, 100, 75, 6, 122, 58, 114, 108, 50, 11, 110, 7, 34, 76, 105, 67, 90, 3, 12, 77, 5, 41, 46, 4, 26, 82, 111, 68, 18, 17, 42, 57, 13, 19, 49, 102, 83, 16, 47, 25, 22, 30, 37, 86, 62, 8, 81, 54, 27, 97, 94, 38, 125, 43, 53, 103, 84, 69, 106, 118, 113, 63, 87, 31, 33, 61, 91, 115, 126, 59, 55, 23, 119, 51, 127, 95, 117, 123, 72, 121, 35, 20, 80, 98, 48, 107, 93, 44, 39, 28, 92, 52, 89, 60, 124, 88, 40, 99, 116, 29, 85, 96, 64, 21, 128, 120, 24, 32, 56]","[10, 74, 66, 101, 2]"
EXP-XAI-0001,B10:4,MODEL-C3,SINGLE_FEATURE_ABLATION_LOCAL,SINGLE_FEATURE_ABLATION_LOCAL,10,"[10, 74, 66, 101, 2, 109, 112, 104, 73, 9, 65, 70, 14, 45, 78, 15, 1, 71, 79, 36, 100, 75, 6, 122, 58, 114, 108, 50, 11, 110, 7, 34, 76, 105, 67, 90, 3, 12, 77, 5, 41, 46, 4, 26, 82, 111, 68, 18, 17, 42, 57, 13, 19, 49, 102, 83, 16, 47, 25, 22, 30, 37, 86, 62, 8, 81, 54, 27, 97, 94, 38, 125, 43, 53, 103, 84, 69, 106, 118, 113, 63, 87, 31, 33, 61, 91, 115, 126, 59, 55, 23, 119, 51, 127, 95, 117, 123, 72, 121, 35, 20, 80, 98, 48, 107, 93, 44, 39, 28, 92, 52, 89, 60, 124, 88, 40, 99, 116, 29, 85, 96, 64, 21, 128, 120, 24, 32, 56]","[10, 74, 66, 101, 2, 109, 112, 104, 73, 9]"
EXP-XAI-0001,B10:9,MODEL-C3,SINGLE_FEATURE_ABLATION_LOCAL,SINGLE_FEATURE_ABLATION_LOCAL,1,"[40, 25, 10, 66, 74, 2, 37, 122, 114, 33, 9, 65, 50, 73, 101, 109, 112, 14, 36, 78, 70, 11, 81, 1, 75, 67, 12, 76, 58, 68, 15, 79, 6, 71, 4, 3, 118, 126, 113, 17, 38, 105, 13, 69, 56, 121, 119, 97, 77, 7, 127, 39, 5, 54, 42, 107, 111, 90, 86, 110, 35, 124, 59, 34, 87, 103, 99, 48, 102, 116, 51, 100, 123, 24, 62, 115, 64, 57, 16, 53, 72, 61, 108, 80, 29, 8, 55, 98, 63, 22, 104, 19, 89, 41, 47, 84, 96, 82, 93, 60, 18, 120, 44, 52, 23, 95, 20, 94, 117, 28, 106, 21, 45, 31, 128, 49, 27, 83, 32, 46, 88, 92, 125, 43, 91, 85, 30, 26]",[40]
EXP-XAI-0001,B10:9,MODEL-C3,SINGLE_FEATURE_ABLATION_LOCAL,SINGLE_FEATURE_ABLATION_LOCAL,3,"[40, 25, 10, 66, 74, 2, 37, 122, 114, 33, 9, 65, 50, 73, 101, 109, 112, 14, 36, 78, 70, 11, 81, 1, 75, 67, 12, 76, 58, 68, 15, 79, 6, 71, 4, 3, 118, 126, 113, 17, 38, 105, 13, 69, 56, 121, 119, 97, 77, 7, 127, 39, 5, 54, 42, 107, 111, 90, 86, 110, 35, 124, 59, 34, 87, 103, 99, 48, 102, 116, 51, 100, 123, 24, 62, 115, 64, 57, 16, 53, 72, 61, 108, 80, 29, 8, 55, 98, 63, 22, 104, 19, 89, 41, 47, 84, 96, 82, 93, 60, 18, 120, 44, 52, 23, 95, 20, 94, 117, 28, 106, 21, 45, 31, 128, 49, 27, 83, 32, 46, 88, 92, 125, 43, 91, 85, 30, 26]","[40, 25, 10]"
EXP-XAI-0001,B10:9,MODEL-C3,SINGLE_FEATURE_ABLATION_LOCAL,SINGLE_FEATURE_ABLATION_LOCAL,5,"[40, 25, 10, 66, 74, 2, 37, 122, 114, 33, 9, 65, 50, 73, 101, 109, 112, 14, 36, 78, 70, 11, 81, 1, 75, 67, 12, 76, 58, 68, 15, 79, 6, 71, 4, 3, 118, 126, 113, 17, 38, 105, 13, 69, 56, 121, 119, 97, 77, 7, 127, 39, 5, 54, 42, 107, 111, 90, 86, 110, 35, 124, 59, 34, 87, 103, 99, 48, 102, 116, 51, 100, 123, 24, 62, 115, 64, 57, 16, 53, 72, 61, 108, 80, 29, 8, 55, 98, 63, 22, 104, 19, 89, 41, 47, 84, 96, 82, 93, 60, 18, 120, 44, 52, 23, 95, 20, 94, 117, 28, 106, 21, 45, 31, 128, 49, 27, 83, 32, 46, 88, 92, 125, 43, 91, 85, 30, 26]","[40, 25, 10, 66, 74]"
EXP-XAI-0001,B10:9,MODEL-C3,SINGLE_FEATURE_ABLATION_LOCAL,SINGLE_FEATURE_ABLATION_LOCAL,10,"[40, 25, 10, 66, 74, 2, 37, 122, 114, 33, 9, 65, 50, 73, 101, 109, 112, 14, 36, 78, 70, 11, 81, 1, 75, 67, 12, 76, 58, 68, 15, 79, 6, 71, 4, 3, 118, 126, 113, 17, 38, 105, 13, 69, 56, 121, 119, 97, 77, 7, 127, 39, 5, 54, 42, 107, 111, 90, 86, 110, 35, 124, 59, 34, 87, 103, 99, 48, 102, 116, 51, 100, 123, 24, 62, 115, 64, 57, 16, 53, 72, 61, 108, 80, 29, 8, 55, 98, 63, 22, 104, 19, 89, 41, 47, 84, 96, 82, 93, 60, 18, 120, 44, 52, 23, 95, 20, 94, 117, 28, 106, 21, 45, 31, 128, 49, 27, 83, 32, 46, 88, 92, 125, 43, 91, 85, 30, 26]","[40, 25, 10, 66, 74, 2, 37, 122, 114, 33]"
EXP-XAI-0001,B10:11,MODEL-C3,SINGLE_FEATURE_ABLATION_LOCAL,SINGLE_FEATURE_ABLATION_LOCAL,1,"[40, 10, 81, 37, 66, 50, 74, 2, 112, 113, 121, 89, 122, 58, 101, 114, 9, 90, 109, 65, 73, 54, 14, 78, 36, 70, 126, 11, 1, 118, 55, 119, 62, 41, 15, 75, 67, 34, 79, 127, 12, 71, 6, 76, 68, 63, 42, 3, 4, 46, 13, 7, 69, 22, 116, 18, 124, 25, 77, 123, 104, 23, 32, 86, 115, 48, 47, 87, 35, 5, 107, 96, 108, 100, 57, 26, 56, 17, 49, 61, 99, 84, 97, 60, 30, 59, 16, 102, 53, 82, 98, 72, 80, 31, 29, 105, 8, 45, 24, 52, 51, 93, 88, 83, 19, 110, 120, 103, 95, 125, 38, 28, 20, 92, 106, 39, 94, 43, 64, 111, 33, 117, 21, 27, 44, 91, 128, 85]",[40]
EXP-XAI-0001,B10:11,MODEL-C3,SINGLE_FEATURE_ABLATION_LOCAL,SINGLE_FEATURE_ABLATION_LOCAL,3,"[40, 10, 81, 37, 66, 50, 74, 2, 112, 113, 121, 89, 122, 58, 101, 114, 9, 90, 109, 65, 73, 54, 14, 78, 36, 70, 126, 11, 1, 118, 55, 119, 62, 41, 15, 75, 67, 34, 79, 127, 12, 71, 6, 76, 68, 63, 42, 3, 4, 46, 13, 7, 69, 22, 116, 18, 124, 25, 77, 123, 104, 23, 32, 86, 115, 48, 47, 87, 35, 5, 107, 96, 108, 100, 57, 26, 56, 17, 49, 61, 99, 84, 97, 60, 30, 59, 16, 102, 53, 82, 98, 72, 80, 31, 29, 105, 8, 45, 24, 52, 51, 93, 88, 83, 19, 110, 120, 103, 95, 125, 38, 28, 20, 92, 106, 39, 94, 43, 64, 111, 33, 117, 21, 27, 44, 91, 128, 85]","[40, 10, 81]"
EXP-XAI-0001,B10:11,MODEL-C3,SINGLE_FEATURE_ABLATION_LOCAL,SINGLE_FEATURE_ABLATION_LOCAL,5,"[40, 10, 81, 37, 66, 50, 74, 2, 112, 113, 121, 89, 122, 58, 101, 114, 9, 90, 109, 65, 73, 54, 14, 78, 36, 70, 126, 11, 1, 118, 55, 119, 62, 41, 15, 75, 67, 34, 79, 127, 12, 71, 6, 76, 68, 63, 42, 3, 4, 46, 13, 7, 69, 22, 116, 18, 124, 25, 77, 123, 104, 23, 32, 86, 115, 48, 47, 87, 35, 5, 107, 96, 108, 100, 57, 26, 56, 17, 49, 61, 99, 84, 97, 60, 30, 59, 16, 102, 53, 82, 98, 72, 80, 31, 29, 105, 8, 45, 24, 52, 51, 93, 88, 83, 19, 110, 120, 103, 95, 125, 38, 28, 20, 92, 106, 39, 94, 43, 64, 111, 33, 117, 21, 27, 44, 91, 128, 85]","[40, 10, 81, 37, 66]"
EXP-XAI-0001,B10:11,MODEL-C3,SINGLE_FEATURE_ABLATION_LOCAL,SINGLE_FEATURE_ABLATION_LOCAL,10,"[40, 10, 81, 37, 66, 50, 74, 2, 112, 113, 121, 89, 122, 58, 101, 114, 9, 90, 109, 65, 73, 54, 14, 78, 36, 70, 126, 11, 1, 118, 55, 119, 62, 41, 15, 75, 67, 34, 79, 127, 12, 71, 6, 76, 68, 63, 42, 3, 4, 46, 13, 7, 69, 22, 116, 18, 124, 25, 77, 123, 104, 23, 32, 86, 115, 48, 47, 87, 35, 5, 107, 96, 108, 100, 57, 26, 56, 17, 49, 61, 99, 84, 97, 60, 30, 59, 16, 102, 53, 82, 98, 72, 80, 31, 29, 105, 8, 45, 24, 52, 51, 93, 88, 83, 19, 110, 120, 103, 95, 125, 38, 28, 20, 92, 106, 39, 94, 43, 64, 111, 33, 117, 21, 27, 44, 91, 128, 85]","[40, 10, 81, 37, 66, 50, 74, 2, 112, 113]"
EXP-XAI-0001,B10:120,MODEL-C3,SINGLE_FEATURE_ABLATION_LOCAL,SINGLE_FEATURE_ABLATION_LOCAL,1,"[74, 66, 104, 10, 112, 2, 42, 34, 106, 122, 50, 58, 114, 57, 65, 49, 105, 82, 73, 9, 18, 90, 26, 70, 17, 41, 110, 14, 113, 67, 62, 71, 75, 11, 54, 1, 78, 33, 15, 98, 68, 12, 51, 30, 22, 121, 76, 59, 97, 19, 86, 81, 118, 83, 101, 126, 46, 63, 3, 115, 94, 79, 55, 102, 4, 25, 38, 123, 5, 27, 111, 107, 77, 6, 127, 84, 31, 23, 119, 87, 95, 20, 109, 52, 28, 7, 103, 60, 91, 80, 43, 116, 72, 69, 47, 16, 92, 124, 13, 108, 8, 21, 89, 99, 35, 85, 120, 56, 44, 117, 40, 100, 64, 61, 53, 29, 36, 93, 96, 39, 24, 128, 125, 48, 45, 32, 88, 37]",[74]
EXP-XAI-0001,B10:120,MODEL-C3,SINGLE_FEATURE_ABLATION_LOCAL,SINGLE_FEATURE_ABLATION_LOCAL,3,"[74, 66, 104, 10, 112, 2, 42, 34, 106, 122, 50, 58, 114, 57, 65, 49, 105, 82, 73, 9, 18, 90, 26, 70, 17, 41, 110, 14, 113, 67, 62, 71, 75, 11, 54, 1, 78, 33, 15, 98, 68, 12, 51, 30, 22, 121, 76, 59, 97, 19, 86, 81, 118, 83, 101, 126, 46, 63, 3, 115, 94, 79, 55, 102, 4, 25, 38, 123, 5, 27, 111, 107, 77, 6, 127, 84, 31, 23, 119, 87, 95, 20, 109, 52, 28, 7, 103, 60, 91, 80, 43, 116, 72, 69, 47, 16, 92, 124, 13, 108, 8, 21, 89, 99, 35, 85, 120, 56, 44, 117, 40, 100, 64, 61, 53, 29, 36, 93, 96, 39, 24, 128, 125, 48, 45, 32, 88, 37]","[74, 66, 104]"
EXP-XAI-0001,B10:120,MODEL-C3,SINGLE_FEATURE_ABLATION_LOCAL,SINGLE_FEATURE_ABLATION_LOCAL,5,"[74, 66, 104, 10, 112, 2, 42, 34, 106, 122, 50, 58, 114, 57, 65, 49, 105, 82, 73, 9, 18, 90, 26, 70, 17, 41, 110, 14, 113, 67, 62, 71, 75, 11, 54, 1, 78, 33, 15, 98, 68, 12, 51, 30, 22, 121, 76, 59, 97, 19, 86, 81, 118, 83, 101, 126, 46, 63, 3, 115, 94, 79, 55, 102, 4, 25, 38, 123, 5, 27, 111, 107, 77, 6, 127, 84, 31, 23, 119, 87, 95, 20, 109, 52, 28, 7, 103, 60, 91, 80, 43, 116, 72, 69, 47, 16, 92, 124, 13, 108, 8, 21, 89, 99, 35, 85, 120, 56, 44, 117, 40, 100, 64, 61, 53, 29, 36, 93, 96, 39, 24, 128, 125, 48, 45, 32, 88, 37]","[74, 66, 104, 10, 112]"
EXP-XAI-0001,B10:120,MODEL-C3,SINGLE_FEATURE_ABLATION_LOCAL,SINGLE_FEATURE_ABLATION_LOCAL,10,"[74, 66, 104, 10, 112, 2, 42, 34, 106, 122, 50, 58, 114, 57, 65, 49, 105, 82, 73, 9, 18, 90, 26, 70, 17, 41, 110, 14, 113, 67, 62, 71, 75, 11, 54, 1, 78, 33, 15, 98, 68, 12, 51, 30, 22, 121, 76, 59, 97, 19, 86, 81, 118, 83, 101, 126, 46, 63, 3, 115, 94, 79, 55, 102, 4, 25, 38, 123, 5, 27, 111, 107, 77, 6, 127, 84, 31, 23, 119, 87, 95, 20, 109, 52, 28, 7, 103, 60, 91, 80, 43, 116, 72, 69, 47, 16, 92, 124, 13, 108, 8, 21, 89, 99, 35, 85, 120, 56, 44, 117, 40, 100, 64, 61, 53, 29, 36, 93, 96, 39, 24, 128, 125, 48, 45, 32, 88, 37]","[74, 66, 104, 10, 112, 2, 42, 34, 106, 122]"
EXP-XAI-0001,B10:129,MODEL-C3,SINGLE_FEATURE_ABLATION_LOCAL,SINGLE_FEATURE_ABLATION_LOCAL,1,"[117, 116, 52, 125, 60, 124, 20, 84, 88, 28, 51, 64, 115, 59, 19, 123, 96, 83, 56, 61, 53, 92, 85, 128, 27, 31, 21, 101, 30, 23, 95, 40, 63, 10, 87, 45, 91, 94, 100, 44, 22, 48, 62, 29, 36, 55, 127, 86, 119, 37, 54, 17, 25, 126, 109, 118, 69, 81, 72, 108, 57, 13, 49, 2, 74, 89, 112, 26, 66, 16, 121, 113, 18, 12, 82, 104, 5, 11, 77, 80, 68, 106, 93, 43, 67, 90, 98, 32, 8, 107, 78, 99, 73, 35, 58, 4, 33, 6, 79, 1, 97, 50, 120, 70, 34, 65, 3, 76, 7, 24, 71, 114, 103, 42, 105, 75, 122, 14, 39, 9, 111, 110, 47, 102, 41, 38, 15, 46]",[117]
EXP-XAI-0001,B10:129,MODEL-C3,SINGLE_FEATURE_ABLATION_LOCAL,SINGLE_FEATURE_ABLATION_LOCAL,3,"[117, 116, 52, 125, 60, 124, 20, 84, 88, 28, 51, 64, 115, 59, 19, 123, 96, 83, 56, 61, 53, 92, 85, 128, 27, 31, 21, 101, 30, 23, 95, 40, 63, 10, 87, 45, 91, 94, 100, 44, 22, 48, 62, 29, 36, 55, 127, 86, 119, 37, 54, 17, 25, 126, 109, 118, 69, 81, 72, 108, 57, 13, 49, 2, 74, 89, 112, 26, 66, 16, 121, 113, 18, 12, 82, 104, 5, 11, 77, 80, 68, 106, 93, 43, 67, 90, 98, 32, 8, 107, 78, 99, 73, 35, 58, 4, 33, 6, 79, 1, 97, 50, 120, 70, 34, 65, 3, 76, 7, 24, 71, 114, 103, 42, 105, 75, 122, 14, 39, 9, 111, 110, 47, 102, 41, 38, 15, 46]","[117, 116, 52]"
EXP-XAI-0001,B10:129,MODEL-C3,SINGLE_FEATURE_ABLATION_LOCAL,SINGLE_FEATURE_ABLATION_LOCAL,5,"[117, 116, 52, 125, 60, 124, 20, 84, 88, 28, 51, 64, 115, 59, 19, 123, 96, 83, 56, 61, 53, 92, 85, 128, 27, 31, 21, 101, 30, 23, 95, 40, 63, 10, 87, 45, 91, 94, 100, 44, 22, 48, 62, 29, 36, 55, 127, 86, 119, 37, 54, 17, 25, 126, 109, 118, 69, 81, 72, 108, 57, 13, 49, 2, 74, 89, 112, 26, 66, 16, 121, 113, 18, 12, 82, 104, 5, 11, 77, 80, 68, 106, 93, 43, 67, 90, 98, 32, 8, 107, 78, 99, 73, 35, 58, 4, 33, 6, 79, 1, 97, 50, 120, 70, 34, 65, 3, 76, 7, 24, 71, 114, 103, 42, 105, 75, 122, 14, 39, 9, 111, 110, 47, 102, 41, 38, 15, 46]","[117, 116, 52, 125, 60]"
EXP-XAI-0001,B10:129,MODEL-C3,SINGLE_FEATURE_ABLATION_LOCAL,SINGLE_FEATURE_ABLATION_LOCAL,10,"[117, 116, 52, 125, 60, 124, 20, 84, 88, 28, 51, 64, 115, 59, 19, 123, 96, 83, 56, 61, 53, 92, 85, 128, 27, 31, 21, 101, 30, 23, 95, 40, 63, 10, 87, 45, 91, 94, 100, 44, 22, 48, 62, 29, 36, 55, 127, 86, 119, 37, 54, 17, 25, 126, 109, 118, 69, 81, 72, 108, 57, 13, 49, 2, 74, 89, 112, 26, 66, 16, 121, 113, 18, 12, 82, 104, 5, 11, 77, 80, 68, 106, 93, 43, 67, 90, 98, 32, 8, 107, 78, 99, 73, 35, 58, 4, 33, 6, 79, 1, 97, 50, 120, 70, 34, 65, 3, 76, 7, 24, 71, 114, 103, 42, 105, 75, 122, 14, 39, 9, 111, 110, 47, 102, 41, 38, 15, 46]","[117, 116, 52, 125, 60, 124, 20, 84, 88, 28]"
EXP-XAI-0001,B10:133,MODEL-C3,SINGLE_FEATURE_ABLATION_LOCAL,SINGLE_FEATURE_ABLATION_LOCAL,1,"[117, 52, 116, 60, 125, 124, 20, 84, 88, 28, 10, 64, 51, 40, 19, 59, 115, 123, 83, 92, 96, 31, 56, 27, 85, 53, 61, 128, 21, 30, 95, 23, 87, 63, 91, 94, 22, 101, 32, 29, 55, 86, 62, 45, 17, 2, 120, 25, 119, 44, 127, 74, 54, 36, 100, 81, 126, 118, 66, 106, 104, 89, 26, 57, 49, 48, 18, 108, 82, 109, 121, 113, 37, 98, 93, 90, 72, 112, 34, 24, 58, 43, 99, 78, 73, 107, 16, 50, 69, 33, 13, 79, 1, 70, 65, 6, 42, 97, 114, 76, 75, 122, 7, 71, 14, 12, 9, 105, 3, 4, 80, 11, 15, 103, 47, 77, 39, 110, 111, 41, 67, 8, 102, 5, 46, 38, 68, 35]",[117]
EXP-XAI-0001,B10:133,MODEL-C3,SINGLE_FEATURE_ABLATION_LOCAL,SINGLE_FEATURE_ABLATION_LOCAL,3,"[117, 52, 116, 60, 125, 124, 20, 84, 88, 28, 10, 64, 51, 40, 19, 59, 115, 123, 83, 92, 96, 31, 56, 27, 85, 53, 61, 128, 21, 30, 95, 23, 87, 63, 91, 94, 22, 101, 32, 29, 55, 86, 62, 45, 17, 2, 120, 25, 119, 44, 127, 74, 54, 36, 100, 81, 126, 118, 66, 106, 104, 89, 26, 57, 49, 48, 18, 108, 82, 109, 121, 113, 37, 98, 93, 90, 72, 112, 34, 24, 58, 43, 99, 78, 73, 107, 16, 50, 69, 33, 13, 79, 1, 70, 65, 6, 42, 97, 114, 76, 75, 122, 7, 71, 14, 12, 9, 105, 3, 4, 80, 11, 15, 103, 47, 77, 39, 110, 111, 41, 67, 8, 102, 5, 46, 38, 68, 35]","[117, 52, 116]"
EXP-XAI-0001,B10:133,MODEL-C3,SINGLE_FEATURE_ABLATION_LOCAL,SINGLE_FEATURE_ABLATION_LOCAL,5,"[117, 52, 116, 60, 125, 124, 20, 84, 88, 28, 10, 64, 51, 40, 19, 59, 115, 123, 83, 92, 96, 31, 56, 27, 85, 53, 61, 128, 21, 30, 95, 23, 87, 63, 91, 94, 22, 101, 32, 29, 55, 86, 62, 45, 17, 2, 120, 25, 119, 44, 127, 74, 54, 36, 100, 81, 126, 118, 66, 106, 104, 89, 26, 57, 49, 48, 18, 108, 82, 109, 121, 113, 37, 98, 93, 90, 72, 112, 34, 24, 58, 43, 99, 78, 73, 107, 16, 50, 69, 33, 13, 79, 1, 70, 65, 6, 42, 97, 114, 76, 75, 122, 7, 71, 14, 12, 9, 105, 3, 4, 80, 11, 15, 103, 47, 77, 39, 110, 111, 41, 67, 8, 102, 5, 46, 38, 68, 35]","[117, 52, 116, 60, 125]"
EXP-XAI-0001,B10:133,MODEL-C3,SINGLE_FEATURE_ABLATION_LOCAL,SINGLE_FEATURE_ABLATION_LOCAL,10,"[117, 52, 116, 60, 125, 124, 20, 84, 88, 28, 10, 64, 51, 40, 19, 59, 115, 123, 83, 92, 96, 31, 56, 27, 85, 53, 61, 128, 21, 30, 95, 23, 87, 63, 91, 94, 22, 101, 32, 29, 55, 86, 62, 45, 17, 2, 120, 25, 119, 44, 127, 74, 54, 36, 100, 81, 126, 118, 66, 106, 104, 89, 26, 57, 49, 48, 18, 108, 82, 109, 121, 113, 37, 98, 93, 90, 72, 112, 34, 24, 58, 43, 99, 78, 73, 107, 16, 50, 69, 33, 13, 79, 1, 70, 65, 6, 42, 97, 114, 76, 75, 122, 7, 71, 14, 12, 9, 105, 3, 4, 80, 11, 15, 103, 47, 77, 39, 110, 111, 41, 67, 8, 102, 5, 46, 38, 68, 35]","[117, 52, 116, 60, 125, 124, 20, 84, 88, 28]"
EXP-XAI-0001,B10:186,MODEL-C3,SINGLE_FEATURE_ABLATION_LOCAL,SINGLE_FEATURE_ABLATION_LOCAL,1,"[74, 66, 10, 2, 112, 42, 106, 101, 122, 34, 104, 50, 65, 58, 114, 73, 57, 49, 9, 70, 105, 82, 18, 90, 14, 71, 26, 15, 78, 67, 110, 75, 17, 1, 62, 41, 11, 77, 54, 113, 69, 68, 98, 76, 51, 5, 33, 12, 59, 79, 22, 30, 19, 86, 97, 83, 118, 121, 126, 3, 115, 63, 46, 6, 94, 123, 55, 4, 72, 102, 81, 111, 38, 27, 107, 48, 84, 13, 127, 16, 80, 52, 31, 119, 7, 23, 20, 87, 25, 95, 116, 28, 60, 109, 103, 124, 91, 43, 92, 8, 47, 108, 99, 35, 56, 120, 21, 117, 89, 45, 44, 64, 100, 85, 53, 40, 29, 36, 61, 125, 93, 128, 39, 96, 24, 37, 32, 88]",[74]
EXP-XAI-0001,B10:186,MODEL-C3,SINGLE_FEATURE_ABLATION_LOCAL,SINGLE_FEATURE_ABLATION_LOCAL,3,"[74, 66, 10, 2, 112, 42, 106, 101, 122, 34, 104, 50, 65, 58, 114, 73, 57, 49, 9, 70, 105, 82, 18, 90, 14, 71, 26, 15, 78, 67, 110, 75, 17, 1, 62, 41, 11, 77, 54, 113, 69, 68, 98, 76, 51, 5, 33, 12, 59, 79, 22, 30, 19, 86, 97, 83, 118, 121, 126, 3, 115, 63, 46, 6, 94, 123, 55, 4, 72, 102, 81, 111, 38, 27, 107, 48, 84, 13, 127, 16, 80, 52, 31, 119, 7, 23, 20, 87, 25, 95, 116, 28, 60, 109, 103, 124, 91, 43, 92, 8, 47, 108, 99, 35, 56, 120, 21, 117, 89, 45, 44, 64, 100, 85, 53, 40, 29, 36, 61, 125, 93, 128, 39, 96, 24, 37, 32, 88]","[74, 66, 10]"
EXP-XAI-0001,B10:186,MODEL-C3,SINGLE_FEATURE_ABLATION_LOCAL,SINGLE_FEATURE_ABLATION_LOCAL,5,"[74, 66, 10, 2, 112, 42, 106, 101, 122, 34, 104, 50, 65, 58, 114, 73, 57, 49, 9, 70, 105, 82, 18, 90, 14, 71, 26, 15, 78, 67, 110, 75, 17, 1, 62, 41, 11, 77, 54, 113, 69, 68, 98, 76, 51, 5, 33, 12, 59, 79, 22, 30, 19, 86, 97, 83, 118, 121, 126, 3, 115, 63, 46, 6, 94, 123, 55, 4, 72, 102, 81, 111, 38, 27, 107, 48, 84, 13, 127, 16, 80, 52, 31, 119, 7, 23, 20, 87, 25, 95, 116, 28, 60, 109, 103, 124, 91, 43, 92, 8, 47, 108, 99, 35, 56, 120, 21, 117, 89, 45, 44, 64, 100, 85, 53, 40, 29, 36, 61, 125, 93, 128, 39, 96, 24, 37, 32, 88]","[74, 66, 10, 2, 112]"
EXP-XAI-0001,B10:186,MODEL-C3,SINGLE_FEATURE_ABLATION_LOCAL,SINGLE_FEATURE_ABLATION_LOCAL,10,"[74, 66, 10, 2, 112, 42, 106, 101, 122, 34, 104, 50, 65, 58, 114, 73, 57, 49, 9, 70, 105, 82, 18, 90, 14, 71, 26, 15, 78, 67, 110, 75, 17, 1, 62, 41, 11, 77, 54, 113, 69, 68, 98, 76, 51, 5, 33, 12, 59, 79, 22, 30, 19, 86, 97, 83, 118, 121, 126, 3, 115, 63, 46, 6, 94, 123, 55, 4, 72, 102, 81, 111, 38, 27, 107, 48, 84, 13, 127, 16, 80, 52, 31, 119, 7, 23, 20, 87, 25, 95, 116, 28, 60, 109, 103, 124, 91, 43, 92, 8, 47, 108, 99, 35, 56, 120, 21, 117, 89, 45, 44, 64, 100, 85, 53, 40, 29, 36, 61, 125, 93, 128, 39, 96, 24, 37, 32, 88]","[74, 66, 10, 2, 112, 42, 106, 101, 122, 34]"
EXP-XAI-0001,B10:195,MODEL-C3,SINGLE_FEATURE_ABLATION_LOCAL,SINGLE_FEATURE_ABLATION_LOCAL,1,"[40, 112, 89, 37, 25, 101, 81, 17, 121, 41, 113, 33, 109, 50, 97, 105, 66, 57, 73, 107, 74, 65, 108, 9, 58, 122, 46, 78, 54, 2, 42, 34, 44, 70, 14, 114, 1, 62, 38, 55, 99, 75, 79, 100, 67, 90, 11, 49, 6, 76, 96, 71, 15, 68, 63, 12, 126, 104, 118, 102, 3, 10, 22, 119, 43, 4, 47, 7, 124, 52, 116, 127, 69, 51, 123, 110, 77, 13, 88, 60, 23, 103, 32, 115, 36, 59, 111, 5, 35, 86, 39, 125, 20, 30, 45, 24, 84, 19, 48, 87, 31, 98, 18, 26, 56, 80, 28, 92, 8, 72, 16, 94, 64, 128, 83, 61, 82, 120, 117, 29, 93, 106, 91, 95, 85, 53, 27, 21]",[40]
EXP-XAI-0001,B10:195,MODEL-C3,SINGLE_FEATURE_ABLATION_LOCAL,SINGLE_FEATURE_ABLATION_LOCAL,3,"[40, 112, 89, 37, 25, 101, 81, 17, 121, 41, 113, 33, 109, 50, 97, 105, 66, 57, 73, 107, 74, 65, 108, 9, 58, 122, 46, 78, 54, 2, 42, 34, 44, 70, 14, 114, 1, 62, 38, 55, 99, 75, 79, 100, 67, 90, 11, 49, 6, 76, 96, 71, 15, 68, 63, 12, 126, 104, 118, 102, 3, 10, 22, 119, 43, 4, 47, 7, 124, 52, 116, 127, 69, 51, 123, 110, 77, 13, 88, 60, 23, 103, 32, 115, 36, 59, 111, 5, 35, 86, 39, 125, 20, 30, 45, 24, 84, 19, 48, 87, 31, 98, 18, 26, 56, 80, 28, 92, 8, 72, 16, 94, 64, 128, 83, 61, 82, 120, 117, 29, 93, 106, 91, 95, 85, 53, 27, 21]","[40, 112, 89]"
EXP-XAI-0001,B10:195,MODEL-C3,SINGLE_FEATURE_ABLATION_LOCAL,SINGLE_FEATURE_ABLATION_LOCAL,5,"[40, 112, 89, 37, 25, 101, 81, 17, 121, 41, 113, 33, 109, 50, 97, 105, 66, 57, 73, 107, 74, 65, 108, 9, 58, 122, 46, 78, 54, 2, 42, 34, 44, 70, 14, 114, 1, 62, 38, 55, 99, 75, 79, 100, 67, 90, 11, 49, 6, 76, 96, 71, 15, 68, 63, 12, 126, 104, 118, 102, 3, 10, 22, 119, 43, 4, 47, 7, 124, 52, 116, 127, 69, 51, 123, 110, 77, 13, 88, 60, 23, 103, 32, 115, 36, 59, 111, 5, 35, 86, 39, 125, 20, 30, 45, 24, 84, 19, 48, 87, 31, 98, 18, 26, 56, 80, 28, 92, 8, 72, 16, 94, 64, 128, 83, 61, 82, 120, 117, 29, 93, 106, 91, 95, 85, 53, 27, 21]","[40, 112, 89, 37, 25]"
EXP-XAI-0001,B10:195,MODEL-C3,SINGLE_FEATURE_ABLATION_LOCAL,SINGLE_FEATURE_ABLATION_LOCAL,10,"[40, 112, 89, 37, 25, 101, 81, 17, 121, 41, 113, 33, 109, 50, 97, 105, 66, 57, 73, 107, 74, 65, 108, 9, 58, 122, 46, 78, 54, 2, 42, 34, 44, 70, 14, 114, 1, 62, 38, 55, 99, 75, 79, 100, 67, 90, 11, 49, 6, 76, 96, 71, 15, 68, 63, 12, 126, 104, 118, 102, 3, 10, 22, 119, 43, 4, 47, 7, 124, 52, 116, 127, 69, 51, 123, 110, 77, 13, 88, 60, 23, 103, 32, 115, 36, 59, 111, 5, 35, 86, 39, 125, 20, 30, 45, 24, 84, 19, 48, 87, 31, 98, 18, 26, 56, 80, 28, 92, 8, 72, 16, 94, 64, 128, 83, 61, 82, 120, 117, 29, 93, 106, 91, 95, 85, 53, 27, 21]","[40, 112, 89, 37, 25, 101, 81, 17, 121, 41]"
EXP-XAI-0001,B10:840,MODEL-C3,SINGLE_FEATURE_ABLATION_LOCAL,SINGLE_FEATURE_ABLATION_LOCAL,1,"[26, 82, 90, 18, 37, 114, 106, 58, 122, 98, 105, 42, 34, 25, 50, 81, 97, 110, 17, 102, 41, 33, 103, 111, 89, 19, 38, 46, 27, 10, 101, 83, 2, 100, 47, 39, 91, 78, 113, 115, 59, 109, 51, 14, 9, 45, 79, 73, 123, 54, 63, 70, 108, 74, 1, 6, 62, 126, 66, 65, 15, 127, 71, 55, 119, 7, 121, 88, 24, 118, 36, 75, 120, 57, 44, 11, 3, 128, 20, 76, 67, 64, 84, 28, 32, 95, 94, 4, 61, 12, 107, 104, 68, 125, 92, 30, 56, 31, 77, 96, 23, 93, 21, 80, 43, 86, 87, 13, 72, 69, 124, 117, 29, 53, 48, 85, 40, 112, 8, 60, 5, 99, 16, 22, 52, 49, 35, 116]",[26]
EXP-XAI-0001,B10:840,MODEL-C3,SINGLE_FEATURE_ABLATION_LOCAL,SINGLE_FEATURE_ABLATION_LOCAL,3,"[26, 82, 90, 18, 37, 114, 106, 58, 122, 98, 105, 42, 34, 25, 50, 81, 97, 110, 17, 102, 41, 33, 103, 111, 89, 19, 38, 46, 27, 10, 101, 83, 2, 100, 47, 39, 91, 78, 113, 115, 59, 109, 51, 14, 9, 45, 79, 73, 123, 54, 63, 70, 108, 74, 1, 6, 62, 126, 66, 65, 15, 127, 71, 55, 119, 7, 121, 88, 24, 118, 36, 75, 120, 57, 44, 11, 3, 128, 20, 76, 67, 64, 84, 28, 32, 95, 94, 4, 61, 12, 107, 104, 68, 125, 92, 30, 56, 31, 77, 96, 23, 93, 21, 80, 43, 86, 87, 13, 72, 69, 124, 117, 29, 53, 48, 85, 40, 112, 8, 60, 5, 99, 16, 22, 52, 49, 35, 116]","[26, 82, 90]"
EXP-XAI-0001,B10:840,MODEL-C3,SINGLE_FEATURE_ABLATION_LOCAL,SINGLE_FEATURE_ABLATION_LOCAL,5,"[26, 82, 90, 18, 37, 114, 106, 58, 122, 98, 105, 42, 34, 25, 50, 81, 97, 110, 17, 102, 41, 33, 103, 111, 89, 19, 38, 46, 27, 10, 101, 83, 2, 100, 47, 39, 91, 78, 113, 115, 59, 109, 51, 14, 9, 45, 79, 73, 123, 54, 63, 70, 108, 74, 1, 6, 62, 126, 66, 65, 15, 127, 71, 55, 119, 7, 121, 88, 24, 118, 36, 75, 120, 57, 44, 11, 3, 128, 20, 76, 67, 64, 84, 28, 32, 95, 94, 4, 61, 12, 107, 104, 68, 125, 92, 30, 56, 31, 77, 96, 23, 93, 21, 80, 43, 86, 87, 13, 72, 69, 124, 117, 29, 53, 48, 85, 40, 112, 8, 60, 5, 99, 16, 22, 52, 49, 35, 116]","[26, 82, 90, 18, 37]"
EXP-XAI-0001,B10:840,MODEL-C3,SINGLE_FEATURE_ABLATION_LOCAL,SINGLE_FEATURE_ABLATION_LOCAL,10,"[26, 82, 90, 18, 37, 114, 106, 58, 122, 98, 105, 42, 34, 25, 50, 81, 97, 110, 17, 102, 41, 33, 103, 111, 89, 19, 38, 46, 27, 10, 101, 83, 2, 100, 47, 39, 91, 78, 113, 115, 59, 109, 51, 14, 9, 45, 79, 73, 123, 54, 63, 70, 108, 74, 1, 6, 62, 126, 66, 65, 15, 127, 71, 55, 119, 7, 121, 88, 24, 118, 36, 75, 120, 57, 44, 11, 3, 128, 20, 76, 67, 64, 84, 28, 32, 95, 94, 4, 61, 12, 107, 104, 68, 125, 92, 30, 56, 31, 77, 96, 23, 93, 21, 80, 43, 86, 87, 13, 72, 69, 124, 117, 29, 53, 48, 85, 40, 112, 8, 60, 5, 99, 16, 22, 52, 49, 35, 116]","[26, 82, 90, 18, 37, 114, 106, 58, 122, 98]"
EXP-XAI-0001,B10:842,MODEL-C3,SINGLE_FEATURE_ABLATION_LOCAL,SINGLE_FEATURE_ABLATION_LOCAL,1,"[37, 100, 108, 44, 109, 53, 61, 120, 56, 64, 106, 127, 107, 112, 55, 72, 63, 126, 74, 119, 103, 54, 62, 39, 34, 128, 66, 118, 122, 99, 42, 92, 111, 105, 98, 97, 117, 10, 50, 114, 48, 43, 93, 102, 36, 40, 125, 101, 49, 52, 58, 110, 28, 57, 51, 32, 29, 21, 38, 124, 121, 35, 95, 45, 113, 73, 24, 18, 116, 60, 59, 94, 47, 20, 78, 91, 9, 85, 1, 41, 80, 2, 96, 82, 84, 33, 79, 115, 26, 75, 90, 6, 76, 31, 46, 14, 4, 25, 3, 123, 68, 65, 30, 17, 5, 7, 22, 69, 89, 86, 81, 11, 88, 104, 77, 83, 23, 16, 15, 8, 67, 13, 27, 70, 19, 71, 12, 87]",[37]
EXP-XAI-0001,B10:842,MODEL-C3,SINGLE_FEATURE_ABLATION_LOCAL,SINGLE_FEATURE_ABLATION_LOCAL,3,"[37, 100, 108, 44, 109, 53, 61, 120, 56, 64, 106, 127, 107, 112, 55, 72, 63, 126, 74, 119, 103, 54, 62, 39, 34, 128, 66, 118, 122, 99, 42, 92, 111, 105, 98, 97, 117, 10, 50, 114, 48, 43, 93, 102, 36, 40, 125, 101, 49, 52, 58, 110, 28, 57, 51, 32, 29, 21, 38, 124, 121, 35, 95, 45, 113, 73, 24, 18, 116, 60, 59, 94, 47, 20, 78, 91, 9, 85, 1, 41, 80, 2, 96, 82, 84, 33, 79, 115, 26, 75, 90, 6, 76, 31, 46, 14, 4, 25, 3, 123, 68, 65, 30, 17, 5, 7, 22, 69, 89, 86, 81, 11, 88, 104, 77, 83, 23, 16, 15, 8, 67, 13, 27, 70, 19, 71, 12, 87]","[37, 100, 108]"
EXP-XAI-0001,B10:842,MODEL-C3,SINGLE_FEATURE_ABLATION_LOCAL,SINGLE_FEATURE_ABLATION_LOCAL,5,"[37, 100, 108, 44, 109, 53, 61, 120, 56, 64, 106, 127, 107, 112, 55, 72, 63, 126, 74, 119, 103, 54, 62, 39, 34, 128, 66, 118, 122, 99, 42, 92, 111, 105, 98, 97, 117, 10, 50, 114, 48, 43, 93, 102, 36, 40, 125, 101, 49, 52, 58, 110, 28, 57, 51, 32, 29, 21, 38, 124, 121, 35, 95, 45, 113, 73, 24, 18, 116, 60, 59, 94, 47, 20, 78, 91, 9, 85, 1, 41, 80, 2, 96, 82, 84, 33, 79, 115, 26, 75, 90, 6, 76, 31, 46, 14, 4, 25, 3, 123, 68, 65, 30, 17, 5, 7, 22, 69, 89, 86, 81, 11, 88, 104, 77, 83, 23, 16, 15, 8, 67, 13, 27, 70, 19, 71, 12, 87]","[37, 100, 108, 44, 109]"
EXP-XAI-0001,B10:842,MODEL-C3,SINGLE_FEATURE_ABLATION_LOCAL,SINGLE_FEATURE_ABLATION_LOCAL,10,"[37, 100, 108, 44, 109, 53, 61, 120, 56, 64, 106, 127, 107, 112, 55, 72, 63, 126, 74, 119, 103, 54, 62, 39, 34, 128, 66, 118, 122, 99, 42, 92, 111, 105, 98, 97, 117, 10, 50, 114, 48, 43, 93, 102, 36, 40, 125, 101, 49, 52, 58, 110, 28, 57, 51, 32, 29, 21, 38, 124, 121, 35, 95, 45, 113, 73, 24, 18, 116, 60, 59, 94, 47, 20, 78, 91, 9, 85, 1, 41, 80, 2, 96, 82, 84, 33, 79, 115, 26, 75, 90, 6, 76, 31, 46, 14, 4, 25, 3, 123, 68, 65, 30, 17, 5, 7, 22, 69, 89, 86, 81, 11, 88, 104, 77, 83, 23, 16, 15, 8, 67, 13, 27, 70, 19, 71, 12, 87]","[37, 100, 108, 44, 109, 53, 61, 120, 56, 64]"
EXP-XAI-0001,B10:1323,MODEL-C3,SINGLE_FEATURE_ABLATION_LOCAL,SINGLE_FEATURE_ABLATION_LOCAL,1,"[56, 64, 72, 16, 32, 120, 128, 24, 88, 112, 104, 40, 48, 96, 55, 63, 121, 113, 95, 49, 54, 57, 62, 87, 5, 31, 118, 23, 77, 69, 119, 126, 13, 15, 127, 8, 7, 71, 94, 22, 51, 30, 108, 86, 79, 17, 117, 68, 100, 44, 12, 81, 109, 59, 25, 97, 45, 4, 11, 76, 67, 125, 89, 105, 39, 103, 14, 111, 3, 107, 9, 33, 102, 43, 75, 110, 47, 101, 115, 70, 65, 19, 99, 38, 41, 1, 123, 66, 6, 46, 74, 2, 83, 78, 73, 85, 93, 27, 124, 20, 10, 116, 52, 58, 50, 42, 80, 34, 36, 84, 21, 26, 37, 28, 106, 122, 91, 53, 60, 114, 90, 18, 82, 92, 61, 35, 29, 98]",[56]
EXP-XAI-0001,B10:1323,MODEL-C3,SINGLE_FEATURE_ABLATION_LOCAL,SINGLE_FEATURE_ABLATION_LOCAL,3,"[56, 64, 72, 16, 32, 120, 128, 24, 88, 112, 104, 40, 48, 96, 55, 63, 121, 113, 95, 49, 54, 57, 62, 87, 5, 31, 118, 23, 77, 69, 119, 126, 13, 15, 127, 8, 7, 71, 94, 22, 51, 30, 108, 86, 79, 17, 117, 68, 100, 44, 12, 81, 109, 59, 25, 97, 45, 4, 11, 76, 67, 125, 89, 105, 39, 103, 14, 111, 3, 107, 9, 33, 102, 43, 75, 110, 47, 101, 115, 70, 65, 19, 99, 38, 41, 1, 123, 66, 6, 46, 74, 2, 83, 78, 73, 85, 93, 27, 124, 20, 10, 116, 52, 58, 50, 42, 80, 34, 36, 84, 21, 26, 37, 28, 106, 122, 91, 53, 60, 114, 90, 18, 82, 92, 61, 35, 29, 98]","[56, 64, 72]"
EXP-XAI-0001,B10:1323,MODEL-C3,SINGLE_FEATURE_ABLATION_LOCAL,SINGLE_FEATURE_ABLATION_LOCAL,5,"[56, 64, 72, 16, 32, 120, 128, 24, 88, 112, 104, 40, 48, 96, 55, 63, 121, 113, 95, 49, 54, 57, 62, 87, 5, 31, 118, 23, 77, 69, 119, 126, 13, 15, 127, 8, 7, 71, 94, 22, 51, 30, 108, 86, 79, 17, 117, 68, 100, 44, 12, 81, 109, 59, 25, 97, 45, 4, 11, 76, 67, 125, 89, 105, 39, 103, 14, 111, 3, 107, 9, 33, 102, 43, 75, 110, 47, 101, 115, 70, 65, 19, 99, 38, 41, 1, 123, 66, 6, 46, 74, 2, 83, 78, 73, 85, 93, 27, 124, 20, 10, 116, 52, 58, 50, 42, 80, 34, 36, 84, 21, 26, 37, 28, 106, 122, 91, 53, 60, 114, 90, 18, 82, 92, 61, 35, 29, 98]","[56, 64, 72, 16, 32]"
EXP-XAI-0001,B10:1323,MODEL-C3,SINGLE_FEATURE_ABLATION_LOCAL,SINGLE_FEATURE_ABLATION_LOCAL,10,"[56, 64, 72, 16, 32, 120, 128, 24, 88, 112, 104, 40, 48, 96, 55, 63, 121, 113, 95, 49, 54, 57, 62, 87, 5, 31, 118, 23, 77, 69, 119, 126, 13, 15, 127, 8, 7, 71, 94, 22, 51, 30, 108, 86, 79, 17, 117, 68, 100, 44, 12, 81, 109, 59, 25, 97, 45, 4, 11, 76, 67, 125, 89, 105, 39, 103, 14, 111, 3, 107, 9, 33, 102, 43, 75, 110, 47, 101, 115, 70, 65, 19, 99, 38, 41, 1, 123, 66, 6, 46, 74, 2, 83, 78, 73, 85, 93, 27, 124, 20, 10, 116, 52, 58, 50, 42, 80, 34, 36, 84, 21, 26, 37, 28, 106, 122, 91, 53, 60, 114, 90, 18, 82, 92, 61, 35, 29, 98]","[56, 64, 72, 16, 32, 120, 128, 24, 88, 112]"
EXP-XAI-0001,B10:1343,MODEL-C3,SINGLE_FEATURE_ABLATION_LOCAL,SINGLE_FEATURE_ABLATION_LOCAL,1,"[56, 64, 128, 32, 120, 24, 16, 112, 72, 104, 40, 48, 88, 55, 63, 100, 121, 127, 113, 108, 49, 109, 95, 126, 101, 57, 119, 44, 54, 118, 62, 45, 87, 31, 23, 96, 77, 51, 69, 94, 99, 123, 15, 107, 97, 59, 36, 115, 71, 22, 30, 86, 39, 13, 7, 17, 103, 5, 79, 12, 81, 68, 43, 111, 105, 11, 89, 25, 76, 102, 33, 47, 67, 4, 110, 14, 124, 38, 19, 9, 41, 37, 3, 75, 116, 83, 35, 70, 117, 52, 46, 125, 65, 53, 20, 27, 91, 84, 61, 66, 6, 1, 60, 92, 78, 80, 21, 8, 28, 73, 74, 2, 98, 58, 82, 10, 50, 29, 85, 42, 34, 93, 18, 122, 106, 90, 114, 26]",[56]
EXP-XAI-0001,B10:1343,MODEL-C3,SINGLE_FEATURE_ABLATION_LOCAL,SINGLE_FEATURE_ABLATION_LOCAL,3,"[56, 64, 128, 32, 120, 24, 16, 112, 72, 104, 40, 48, 88, 55, 63, 100, 121, 127, 113, 108, 49, 109, 95, 126, 101, 57, 119, 44, 54, 118, 62, 45, 87, 31, 23, 96, 77, 51, 69, 94, 99, 123, 15, 107, 97, 59, 36, 115, 71, 22, 30, 86, 39, 13, 7, 17, 103, 5, 79, 12, 81, 68, 43, 111, 105, 11, 89, 25, 76, 102, 33, 47, 67, 4, 110, 14, 124, 38, 19, 9, 41, 37, 3, 75, 116, 83, 35, 70, 117, 52, 46, 125, 65, 53, 20, 27, 91, 84, 61, 66, 6, 1, 60, 92, 78, 80, 21, 8, 28, 73, 74, 2, 98, 58, 82, 10, 50, 29, 85, 42, 34, 93, 18, 122, 106, 90, 114, 26]","[56, 64, 128]"
EXP-XAI-0001,B10:1343,MODEL-C3,SINGLE_FEATURE_ABLATION_LOCAL,SINGLE_FEATURE_ABLATION_LOCAL,5,"[56, 64, 128, 32, 120, 24, 16, 112, 72, 104, 40, 48, 88, 55, 63, 100, 121, 127, 113, 108, 49, 109, 95, 126, 101, 57, 119, 44, 54, 118, 62, 45, 87, 31, 23, 96, 77, 51, 69, 94, 99, 123, 15, 107, 97, 59, 36, 115, 71, 22, 30, 86, 39, 13, 7, 17, 103, 5, 79, 12, 81, 68, 43, 111, 105, 11, 89, 25, 76, 102, 33, 47, 67, 4, 110, 14, 124, 38, 19, 9, 41, 37, 3, 75, 116, 83, 35, 70, 117, 52, 46, 125, 65, 53, 20, 27, 91, 84, 61, 66, 6, 1, 60, 92, 78, 80, 21, 8, 28, 73, 74, 2, 98, 58, 82, 10, 50, 29, 85, 42, 34, 93, 18, 122, 106, 90, 114, 26]","[56, 64, 128, 32, 120]"
EXP-XAI-0001,B10:1343,MODEL-C3,SINGLE_FEATURE_ABLATION_LOCAL,SINGLE_FEATURE_ABLATION_LOCAL,10,"[56, 64, 128, 32, 120, 24, 16, 112, 72, 104, 40, 48, 88, 55, 63, 100, 121, 127, 113, 108, 49, 109, 95, 126, 101, 57, 119, 44, 54, 118, 62, 45, 87, 31, 23, 96, 77, 51, 69, 94, 99, 123, 15, 107, 97, 59, 36, 115, 71, 22, 30, 86, 39, 13, 7, 17, 103, 5, 79, 12, 81, 68, 43, 111, 105, 11, 89, 25, 76, 102, 33, 47, 67, 4, 110, 14, 124, 38, 19, 9, 41, 37, 3, 75, 116, 83, 35, 70, 117, 52, 46, 125, 65, 53, 20, 27, 91, 84, 61, 66, 6, 1, 60, 92, 78, 80, 21, 8, 28, 73, 74, 2, 98, 58, 82, 10, 50, 29, 85, 42, 34, 93, 18, 122, 106, 90, 114, 26]","[56, 64, 128, 32, 120, 24, 16, 112, 72, 104]"
EXP-XAI-0001,B10:1711,MODEL-C3,SINGLE_FEATURE_ABLATION_LOCAL,SINGLE_FEATURE_ABLATION_LOCAL,1,"[104, 66, 74, 25, 81, 10, 17, 57, 112, 113, 82, 49, 26, 18, 83, 114, 19, 58, 121, 34, 59, 42, 115, 86, 89, 50, 51, 30, 62, 22, 105, 41, 68, 27, 110, 118, 84, 54, 67, 20, 122, 33, 46, 90, 2, 76, 123, 31, 38, 87, 106, 23, 52, 65, 75, 28, 12, 126, 60, 63, 4, 5, 116, 55, 119, 11, 124, 94, 77, 111, 3, 91, 127, 107, 47, 73, 92, 43, 102, 35, 108, 95, 39, 97, 69, 36, 109, 103, 45, 79, 7, 21, 9, 6, 85, 44, 117, 78, 61, 29, 101, 13, 120, 88, 1, 70, 125, 24, 14, 15, 56, 53, 64, 71, 93, 16, 80, 37, 100, 72, 32, 128, 40, 8, 96, 98, 48, 99]",[104]
EXP-XAI-0001,B10:1711,MODEL-C3,SINGLE_FEATURE_ABLATION_LOCAL,SINGLE_FEATURE_ABLATION_LOCAL,3,"[104, 66, 74, 25, 81, 10, 17, 57, 112, 113, 82, 49, 26, 18, 83, 114, 19, 58, 121, 34, 59, 42, 115, 86, 89, 50, 51, 30, 62, 22, 105, 41, 68, 27, 110, 118, 84, 54, 67, 20, 122, 33, 46, 90, 2, 76, 123, 31, 38, 87, 106, 23, 52, 65, 75, 28, 12, 126, 60, 63, 4, 5, 116, 55, 119, 11, 124, 94, 77, 111, 3, 91, 127, 107, 47, 73, 92, 43, 102, 35, 108, 95, 39, 97, 69, 36, 109, 103, 45, 79, 7, 21, 9, 6, 85, 44, 117, 78, 61, 29, 101, 13, 120, 88, 1, 70, 125, 24, 14, 15, 56, 53, 64, 71, 93, 16, 80, 37, 100, 72, 32, 128, 40, 8, 96, 98, 48, 99]","[104, 66, 74]"
EXP-XAI-0001,B10:1711,MODEL-C3,SINGLE_FEATURE_ABLATION_LOCAL,SINGLE_FEATURE_ABLATION_LOCAL,5,"[104, 66, 74, 25, 81, 10, 17, 57, 112, 113, 82, 49, 26, 18, 83, 114, 19, 58, 121, 34, 59, 42, 115, 86, 89, 50, 51, 30, 62, 22, 105, 41, 68, 27, 110, 118, 84, 54, 67, 20, 122, 33, 46, 90, 2, 76, 123, 31, 38, 87, 106, 23, 52, 65, 75, 28, 12, 126, 60, 63, 4, 5, 116, 55, 119, 11, 124, 94, 77, 111, 3, 91, 127, 107, 47, 73, 92, 43, 102, 35, 108, 95, 39, 97, 69, 36, 109, 103, 45, 79, 7, 21, 9, 6, 85, 44, 117, 78, 61, 29, 101, 13, 120, 88, 1, 70, 125, 24, 14, 15, 56, 53, 64, 71, 93, 16, 80, 37, 100, 72, 32, 128, 40, 8, 96, 98, 48, 99]","[104, 66, 74, 25, 81]"
EXP-XAI-0001,B10:1711,MODEL-C3,SINGLE_FEATURE_ABLATION_LOCAL,SINGLE_FEATURE_ABLATION_LOCAL,10,"[104, 66, 74, 25, 81, 10, 17, 57, 112, 113, 82, 49, 26, 18, 83, 114, 19, 58, 121, 34, 59, 42, 115, 86, 89, 50, 51, 30, 62, 22, 105, 41, 68, 27, 110, 118, 84, 54, 67, 20, 122, 33, 46, 90, 2, 76, 123, 31, 38, 87, 106, 23, 52, 65, 75, 28, 12, 126, 60, 63, 4, 5, 116, 55, 119, 11, 124, 94, 77, 111, 3, 91, 127, 107, 47, 73, 92, 43, 102, 35, 108, 95, 39, 97, 69, 36, 109, 103, 45, 79, 7, 21, 9, 6, 85, 44, 117, 78, 61, 29, 101, 13, 120, 88, 1, 70, 125, 24, 14, 15, 56, 53, 64, 71, 93, 16, 80, 37, 100, 72, 32, 128, 40, 8, 96, 98, 48, 99]","[104, 66, 74, 25, 81, 10, 17, 57, 112, 113]"
EXP-XAI-0001,B10:1953,MODEL-C3,SINGLE_FEATURE_ABLATION_LOCAL,SINGLE_FEATURE_ABLATION_LOCAL,1,"[16, 72, 24, 96, 56, 80, 128, 32, 64, 8, 88, 120, 95, 15, 55, 126, 118, 121, 127, 101, 113, 71, 37, 63, 54, 49, 87, 119, 69, 62, 57, 23, 94, 31, 13, 77, 109, 36, 125, 86, 89, 79, 11, 68, 22, 104, 30, 81, 12, 67, 17, 100, 9, 14, 117, 5, 25, 7, 76, 51, 65, 45, 75, 70, 115, 4, 35, 3, 59, 124, 99, 123, 44, 73, 108, 61, 19, 78, 1, 53, 93, 83, 85, 116, 48, 6, 10, 112, 60, 91, 18, 27, 29, 97, 26, 102, 105, 2, 110, 41, 107, 52, 38, 40, 50, 46, 21, 39, 47, 82, 98, 58, 66, 33, 43, 90, 111, 92, 114, 74, 106, 28, 103, 84, 122, 42, 20, 34]",[16]
EXP-XAI-0001,B10:1953,MODEL-C3,SINGLE_FEATURE_ABLATION_LOCAL,SINGLE_FEATURE_ABLATION_LOCAL,3,"[16, 72, 24, 96, 56, 80, 128, 32, 64, 8, 88, 120, 95, 15, 55, 126, 118, 121, 127, 101, 113, 71, 37, 63, 54, 49, 87, 119, 69, 62, 57, 23, 94, 31, 13, 77, 109, 36, 125, 86, 89, 79, 11, 68, 22, 104, 30, 81, 12, 67, 17, 100, 9, 14, 117, 5, 25, 7, 76, 51, 65, 45, 75, 70, 115, 4, 35, 3, 59, 124, 99, 123, 44, 73, 108, 61, 19, 78, 1, 53, 93, 83, 85, 116, 48, 6, 10, 112, 60, 91, 18, 27, 29, 97, 26, 102, 105, 2, 110, 41, 107, 52, 38, 40, 50, 46, 21, 39, 47, 82, 98, 58, 66, 33, 43, 90, 111, 92, 114, 74, 106, 28, 103, 84, 122, 42, 20, 34]","[16, 72, 24]"
EXP-XAI-0001,B10:1953,MODEL-C3,SINGLE_FEATURE_ABLATION_LOCAL,SINGLE_FEATURE_ABLATION_LOCAL,5,"[16, 72, 24, 96, 56, 80, 128, 32, 64, 8, 88, 120, 95, 15, 55, 126, 118, 121, 127, 101, 113, 71, 37, 63, 54, 49, 87, 119, 69, 62, 57, 23, 94, 31, 13, 77, 109, 36, 125, 86, 89, 79, 11, 68, 22, 104, 30, 81, 12, 67, 17, 100, 9, 14, 117, 5, 25, 7, 76, 51, 65, 45, 75, 70, 115, 4, 35, 3, 59, 124, 99, 123, 44, 73, 108, 61, 19, 78, 1, 53, 93, 83, 85, 116, 48, 6, 10, 112, 60, 91, 18, 27, 29, 97, 26, 102, 105, 2, 110, 41, 107, 52, 38, 40, 50, 46, 21, 39, 47, 82, 98, 58, 66, 33, 43, 90, 111, 92, 114, 74, 106, 28, 103, 84, 122, 42, 20, 34]","[16, 72, 24, 96, 56]"
EXP-XAI-0001,B10:1953,MODEL-C3,SINGLE_FEATURE_ABLATION_LOCAL,SINGLE_FEATURE_ABLATION_LOCAL,10,"[16, 72, 24, 96, 56, 80, 128, 32, 64, 8, 88, 120, 95, 15, 55, 126, 118, 121, 127, 101, 113, 71, 37, 63, 54, 49, 87, 119, 69, 62, 57, 23, 94, 31, 13, 77, 109, 36, 125, 86, 89, 79, 11, 68, 22, 104, 30, 81, 12, 67, 17, 100, 9, 14, 117, 5, 25, 7, 76, 51, 65, 45, 75, 70, 115, 4, 35, 3, 59, 124, 99, 123, 44, 73, 108, 61, 19, 78, 1, 53, 93, 83, 85, 116, 48, 6, 10, 112, 60, 91, 18, 27, 29, 97, 26, 102, 105, 2, 110, 41, 107, 52, 38, 40, 50, 46, 21, 39, 47, 82, 98, 58, 66, 33, 43, 90, 111, 92, 114, 74, 106, 28, 103, 84, 122, 42, 20, 34]","[16, 72, 24, 96, 56, 80, 128, 32, 64, 8]"
EXP-XAI-0001,B10:2157,MODEL-C3,SINGLE_FEATURE_ABLATION_LOCAL,SINGLE_FEATURE_ABLATION_LOCAL,1,"[16, 72, 80, 8, 96, 101, 24, 37, 120, 36, 126, 118, 121, 95, 113, 100, 55, 127, 54, 112, 32, 15, 49, 109, 128, 57, 62, 69, 119, 56, 125, 87, 104, 71, 63, 94, 88, 13, 117, 45, 23, 44, 31, 124, 89, 11, 86, 77, 64, 9, 68, 99, 67, 12, 81, 108, 35, 14, 22, 17, 30, 79, 65, 25, 116, 53, 61, 60, 76, 40, 75, 70, 52, 48, 107, 7, 85, 51, 43, 73, 93, 98, 115, 5, 78, 106, 92, 21, 29, 84, 59, 28, 4, 3, 6, 20, 10, 123, 19, 66, 74, 18, 2, 34, 103, 83, 1, 82, 26, 42, 39, 91, 111, 90, 27, 50, 58, 46, 41, 38, 47, 114, 102, 110, 122, 97, 33, 105]",[16]
EXP-XAI-0001,B10:2157,MODEL-C3,SINGLE_FEATURE_ABLATION_LOCAL,SINGLE_FEATURE_ABLATION_LOCAL,3,"[16, 72, 80, 8, 96, 101, 24, 37, 120, 36, 126, 118, 121, 95, 113, 100, 55, 127, 54, 112, 32, 15, 49, 109, 128, 57, 62, 69, 119, 56, 125, 87, 104, 71, 63, 94, 88, 13, 117, 45, 23, 44, 31, 124, 89, 11, 86, 77, 64, 9, 68, 99, 67, 12, 81, 108, 35, 14, 22, 17, 30, 79, 65, 25, 116, 53, 61, 60, 76, 40, 75, 70, 52, 48, 107, 7, 85, 51, 43, 73, 93, 98, 115, 5, 78, 106, 92, 21, 29, 84, 59, 28, 4, 3, 6, 20, 10, 123, 19, 66, 74, 18, 2, 34, 103, 83, 1, 82, 26, 42, 39, 91, 111, 90, 27, 50, 58, 46, 41, 38, 47, 114, 102, 110, 122, 97, 33, 105]","[16, 72, 80]"
EXP-XAI-0001,B10:2157,MODEL-C3,SINGLE_FEATURE_ABLATION_LOCAL,SINGLE_FEATURE_ABLATION_LOCAL,5,"[16, 72, 80, 8, 96, 101, 24, 37, 120, 36, 126, 118, 121, 95, 113, 100, 55, 127, 54, 112, 32, 15, 49, 109, 128, 57, 62, 69, 119, 56, 125, 87, 104, 71, 63, 94, 88, 13, 117, 45, 23, 44, 31, 124, 89, 11, 86, 77, 64, 9, 68, 99, 67, 12, 81, 108, 35, 14, 22, 17, 30, 79, 65, 25, 116, 53, 61, 60, 76, 40, 75, 70, 52, 48, 107, 7, 85, 51, 43, 73, 93, 98, 115, 5, 78, 106, 92, 21, 29, 84, 59, 28, 4, 3, 6, 20, 10, 123, 19, 66, 74, 18, 2, 34, 103, 83, 1, 82, 26, 42, 39, 91, 111, 90, 27, 50, 58, 46, 41, 38, 47, 114, 102, 110, 122, 97, 33, 105]","[16, 72, 80, 8, 96]"
EXP-XAI-0001,B10:2157,MODEL-C3,SINGLE_FEATURE_ABLATION_LOCAL,SINGLE_FEATURE_ABLATION_LOCAL,10,"[16, 72, 80, 8, 96, 101, 24, 37, 120, 36, 126, 118, 121, 95, 113, 100, 55, 127, 54, 112, 32, 15, 49, 109, 128, 57, 62, 69, 119, 56, 125, 87, 104, 71, 63, 94, 88, 13, 117, 45, 23, 44, 31, 124, 89, 11, 86, 77, 64, 9, 68, 99, 67, 12, 81, 108, 35, 14, 22, 17, 30, 79, 65, 25, 116, 53, 61, 60, 76, 40, 75, 70, 52, 48, 107, 7, 85, 51, 43, 73, 93, 98, 115, 5, 78, 106, 92, 21, 29, 84, 59, 28, 4, 3, 6, 20, 10, 123, 19, 66, 74, 18, 2, 34, 103, 83, 1, 82, 26, 42, 39, 91, 111, 90, 27, 50, 58, 46, 41, 38, 47, 114, 102, 110, 122, 97, 33, 105]","[16, 72, 80, 8, 96, 101, 24, 37, 120, 36]"
EXP-XAI-0001,B2:0,MODEL-C4,SINGLE_FEATURE_ABLATION_LOCAL,SINGLE_FEATURE_ABLATION_LOCAL,1,"[121, 112, 19, 87, 89, 97, 90, 109, 85, 17, 58, 41, 59, 100, 122, 53, 22, 86, 48, 9, 82, 104, 84, 33, 20, 27, 16, 25, 68, 126, 26, 13, 32, 95, 42, 15, 2, 62, 36, 107, 71, 38, 124, 111, 108, 60, 1, 93, 81, 10, 51, 123, 119, 45, 63, 78, 5, 30, 47, 65, 57, 34, 12, 35, 61, 23, 69, 125, 8, 43, 24, 46, 39, 64, 50, 117, 106, 73, 80, 110, 92, 49, 55, 103, 113, 116, 77, 44, 18, 14, 52, 120, 6, 115, 70, 83, 54, 79, 94, 118, 67, 99, 21, 91, 101, 74, 11, 28, 75, 114, 37, 4, 40, 29, 7, 76, 66, 98, 128, 72, 105, 31, 3, 88, 96, 56, 127, 102]",[121]
EXP-XAI-0001,B2:0,MODEL-C4,SINGLE_FEATURE_ABLATION_LOCAL,SINGLE_FEATURE_ABLATION_LOCAL,3,"[121, 112, 19, 87, 89, 97, 90, 109, 85, 17, 58, 41, 59, 100, 122, 53, 22, 86, 48, 9, 82, 104, 84, 33, 20, 27, 16, 25, 68, 126, 26, 13, 32, 95, 42, 15, 2, 62, 36, 107, 71, 38, 124, 111, 108, 60, 1, 93, 81, 10, 51, 123, 119, 45, 63, 78, 5, 30, 47, 65, 57, 34, 12, 35, 61, 23, 69, 125, 8, 43, 24, 46, 39, 64, 50, 117, 106, 73, 80, 110, 92, 49, 55, 103, 113, 116, 77, 44, 18, 14, 52, 120, 6, 115, 70, 83, 54, 79, 94, 118, 67, 99, 21, 91, 101, 74, 11, 28, 75, 114, 37, 4, 40, 29, 7, 76, 66, 98, 128, 72, 105, 31, 3, 88, 96, 56, 127, 102]","[121, 112, 19]"
EXP-XAI-0001,B2:0,MODEL-C4,SINGLE_FEATURE_ABLATION_LOCAL,SINGLE_FEATURE_ABLATION_LOCAL,5,"[121, 112, 19, 87, 89, 97, 90, 109, 85, 17, 58, 41, 59, 100, 122, 53, 22, 86, 48, 9, 82, 104, 84, 33, 20, 27, 16, 25, 68, 126, 26, 13, 32, 95, 42, 15, 2, 62, 36, 107, 71, 38, 124, 111, 108, 60, 1, 93, 81, 10, 51, 123, 119, 45, 63, 78, 5, 30, 47, 65, 57, 34, 12, 35, 61, 23, 69, 125, 8, 43, 24, 46, 39, 64, 50, 117, 106, 73, 80, 110, 92, 49, 55, 103, 113, 116, 77, 44, 18, 14, 52, 120, 6, 115, 70, 83, 54, 79, 94, 118, 67, 99, 21, 91, 101, 74, 11, 28, 75, 114, 37, 4, 40, 29, 7, 76, 66, 98, 128, 72, 105, 31, 3, 88, 96, 56, 127, 102]","[121, 112, 19, 87, 89]"
EXP-XAI-0001,B2:0,MODEL-C4,SINGLE_FEATURE_ABLATION_LOCAL,SINGLE_FEATURE_ABLATION_LOCAL,10,"[121, 112, 19, 87, 89, 97, 90, 109, 85, 17, 58, 41, 59, 100, 122, 53, 22, 86, 48, 9, 82, 104, 84, 33, 20, 27, 16, 25, 68, 126, 26, 13, 32, 95, 42, 15, 2, 62, 36, 107, 71, 38, 124, 111, 108, 60, 1, 93, 81, 10, 51, 123, 119, 45, 63, 78, 5, 30, 47, 65, 57, 34, 12, 35, 61, 23, 69, 125, 8, 43, 24, 46, 39, 64, 50, 117, 106, 73, 80, 110, 92, 49, 55, 103, 113, 116, 77, 44, 18, 14, 52, 120, 6, 115, 70, 83, 54, 79, 94, 118, 67, 99, 21, 91, 101, 74, 11, 28, 75, 114, 37, 4, 40, 29, 7, 76, 66, 98, 128, 72, 105, 31, 3, 88, 96, 56, 127, 102]","[121, 112, 19, 87, 89, 97, 90, 109, 85, 17]"
EXP-XAI-0001,B2:1,MODEL-C4,SINGLE_FEATURE_ABLATION_LOCAL,SINGLE_FEATURE_ABLATION_LOCAL,1,"[112, 89, 87, 104, 85, 90, 16, 22, 97, 122, 119, 48, 86, 17, 20, 41, 19, 23, 121, 53, 58, 47, 9, 30, 64, 63, 18, 5, 26, 15, 110, 42, 55, 51, 12, 115, 59, 25, 13, 82, 103, 46, 91, 77, 95, 105, 126, 118, 33, 49, 120, 1, 24, 94, 125, 27, 73, 69, 32, 60, 100, 61, 76, 38, 72, 8, 93, 117, 56, 50, 124, 113, 111, 114, 11, 79, 2, 80, 4, 84, 14, 6, 71, 78, 70, 109, 35, 92, 127, 106, 123, 81, 34, 54, 3, 68, 62, 52, 88, 67, 40, 96, 101, 116, 7, 45, 75, 102, 28, 99, 108, 31, 44, 57, 21, 98, 43, 83, 29, 128, 10, 65, 37, 39, 36, 66, 107, 74]",[112]
EXP-XAI-0001,B2:1,MODEL-C4,SINGLE_FEATURE_ABLATION_LOCAL,SINGLE_FEATURE_ABLATION_LOCAL,3,"[112, 89, 87, 104, 85, 90, 16, 22, 97, 122, 119, 48, 86, 17, 20, 41, 19, 23, 121, 53, 58, 47, 9, 30, 64, 63, 18, 5, 26, 15, 110, 42, 55, 51, 12, 115, 59, 25, 13, 82, 103, 46, 91, 77, 95, 105, 126, 118, 33, 49, 120, 1, 24, 94, 125, 27, 73, 69, 32, 60, 100, 61, 76, 38, 72, 8, 93, 117, 56, 50, 124, 113, 111, 114, 11, 79, 2, 80, 4, 84, 14, 6, 71, 78, 70, 109, 35, 92, 127, 106, 123, 81, 34, 54, 3, 68, 62, 52, 88, 67, 40, 96, 101, 116, 7, 45, 75, 102, 28, 99, 108, 31, 44, 57, 21, 98, 43, 83, 29, 128, 10, 65, 37, 39, 36, 66, 107, 74]","[112, 89, 87]"
EXP-XAI-0001,B2:1,MODEL-C4,SINGLE_FEATURE_ABLATION_LOCAL,SINGLE_FEATURE_ABLATION_LOCAL,5,"[112, 89, 87, 104, 85, 90, 16, 22, 97, 122, 119, 48, 86, 17, 20, 41, 19, 23, 121, 53, 58, 47, 9, 30, 64, 63, 18, 5, 26, 15, 110, 42, 55, 51, 12, 115, 59, 25, 13, 82, 103, 46, 91, 77, 95, 105, 126, 118, 33, 49, 120, 1, 24, 94, 125, 27, 73, 69, 32, 60, 100, 61, 76, 38, 72, 8, 93, 117, 56, 50, 124, 113, 111, 114, 11, 79, 2, 80, 4, 84, 14, 6, 71, 78, 70, 109, 35, 92, 127, 106, 123, 81, 34, 54, 3, 68, 62, 52, 88, 67, 40, 96, 101, 116, 7, 45, 75, 102, 28, 99, 108, 31, 44, 57, 21, 98, 43, 83, 29, 128, 10, 65, 37, 39, 36, 66, 107, 74]","[112, 89, 87, 104, 85]"
EXP-XAI-0001,B2:1,MODEL-C4,SINGLE_FEATURE_ABLATION_LOCAL,SINGLE_FEATURE_ABLATION_LOCAL,10,"[112, 89, 87, 104, 85, 90, 16, 22, 97, 122, 119, 48, 86, 17, 20, 41, 19, 23, 121, 53, 58, 47, 9, 30, 64, 63, 18, 5, 26, 15, 110, 42, 55, 51, 12, 115, 59, 25, 13, 82, 103, 46, 91, 77, 95, 105, 126, 118, 33, 49, 120, 1, 24, 94, 125, 27, 73, 69, 32, 60, 100, 61, 76, 38, 72, 8, 93, 117, 56, 50, 124, 113, 111, 114, 11, 79, 2, 80, 4, 84, 14, 6, 71, 78, 70, 109, 35, 92, 127, 106, 123, 81, 34, 54, 3, 68, 62, 52, 88, 67, 40, 96, 101, 116, 7, 45, 75, 102, 28, 99, 108, 31, 44, 57, 21, 98, 43, 83, 29, 128, 10, 65, 37, 39, 36, 66, 107, 74]","[112, 89, 87, 104, 85, 90, 16, 22, 97, 122]"
EXP-XAI-0001,B2:70,MODEL-C4,SINGLE_FEATURE_ABLATION_LOCAL,SINGLE_FEATURE_ABLATION_LOCAL,1,"[20, 82, 60, 90, 19, 28, 84, 61, 124, 59, 4, 32, 78, 65, 44, 122, 94, 10, 16, 93, 117, 62, 116, 77, 70, 123, 68, 2, 74, 27, 95, 6, 9, 108, 57, 118, 49, 98, 17, 125, 23, 69, 75, 85, 35, 121, 29, 37, 13, 99, 30, 26, 15, 58, 11, 100, 50, 14, 55, 76, 52, 3, 7, 127, 5, 71, 87, 88, 42, 73, 40, 36, 128, 119, 45, 81, 126, 34, 43, 64, 79, 114, 113, 120, 66, 25, 91, 54, 31, 115, 1, 109, 8, 48, 92, 12, 67, 106, 86, 21, 56, 53, 101, 107, 63, 103, 104, 22, 102, 111, 24, 110, 46, 72, 41, 47, 51, 112, 39, 18, 80, 96, 33, 97, 38, 83, 89, 105]",[20]
EXP-XAI-0001,B2:70,MODEL-C4,SINGLE_FEATURE_ABLATION_LOCAL,SINGLE_FEATURE_ABLATION_LOCAL,3,"[20, 82, 60, 90, 19, 28, 84, 61, 124, 59, 4, 32, 78, 65, 44, 122, 94, 10, 16, 93, 117, 62, 116, 77, 70, 123, 68, 2, 74, 27, 95, 6, 9, 108, 57, 118, 49, 98, 17, 125, 23, 69, 75, 85, 35, 121, 29, 37, 13, 99, 30, 26, 15, 58, 11, 100, 50, 14, 55, 76, 52, 3, 7, 127, 5, 71, 87, 88, 42, 73, 40, 36, 128, 119, 45, 81, 126, 34, 43, 64, 79, 114, 113, 120, 66, 25, 91, 54, 31, 115, 1, 109, 8, 48, 92, 12, 67, 106, 86, 21, 56, 53, 101, 107, 63, 103, 104, 22, 102, 111, 24, 110, 46, 72, 41, 47, 51, 112, 39, 18, 80, 96, 33, 97, 38, 83, 89, 105]","[20, 82, 60]"
EXP-XAI-0001,B2:70,MODEL-C4,SINGLE_FEATURE_ABLATION_LOCAL,SINGLE_FEATURE_ABLATION_LOCAL,5,"[20, 82, 60, 90, 19, 28, 84, 61, 124, 59, 4, 32, 78, 65, 44, 122, 94, 10, 16, 93, 117, 62, 116, 77, 70, 123, 68, 2, 74, 27, 95, 6, 9, 108, 57, 118, 49, 98, 17, 125, 23, 69, 75, 85, 35, 121, 29, 37, 13, 99, 30, 26, 15, 58, 11, 100, 50, 14, 55, 76, 52, 3, 7, 127, 5, 71, 87, 88, 42, 73, 40, 36, 128, 119, 45, 81, 126, 34, 43, 64, 79, 114, 113, 120, 66, 25, 91, 54, 31, 115, 1, 109, 8, 48, 92, 12, 67, 106, 86, 21, 56, 53, 101, 107, 63, 103, 104, 22, 102, 111, 24, 110, 46, 72, 41, 47, 51, 112, 39, 18, 80, 96, 33, 97, 38, 83, 89, 105]","[20, 82, 60, 90, 19]"
EXP-XAI-0001,B2:70,MODEL-C4,SINGLE_FEATURE_ABLATION_LOCAL,SINGLE_FEATURE_ABLATION_LOCAL,10,"[20, 82, 60, 90, 19, 28, 84, 61, 124, 59, 4, 32, 78, 65, 44, 122, 94, 10, 16, 93, 117, 62, 116, 77, 70, 123, 68, 2, 74, 27, 95, 6, 9, 108, 57, 118, 49, 98, 17, 125, 23, 69, 75, 85, 35, 121, 29, 37, 13, 99, 30, 26, 15, 58, 11, 100, 50, 14, 55, 76, 52, 3, 7, 127, 5, 71, 87, 88, 42, 73, 40, 36, 128, 119, 45, 81, 126, 34, 43, 64, 79, 114, 113, 120, 66, 25, 91, 54, 31, 115, 1, 109, 8, 48, 92, 12, 67, 106, 86, 21, 56, 53, 101, 107, 63, 103, 104, 22, 102, 111, 24, 110, 46, 72, 41, 47, 51, 112, 39, 18, 80, 96, 33, 97, 38, 83, 89, 105]","[20, 82, 60, 90, 19, 28, 84, 61, 124, 59]"
EXP-XAI-0001,B2:71,MODEL-C4,SINGLE_FEATURE_ABLATION_LOCAL,SINGLE_FEATURE_ABLATION_LOCAL,1,"[20, 82, 90, 19, 28, 60, 84, 61, 124, 32, 122, 94, 59, 117, 4, 93, 62, 44, 78, 116, 65, 17, 123, 68, 16, 125, 77, 49, 95, 10, 88, 23, 75, 57, 27, 118, 35, 30, 70, 74, 98, 50, 108, 52, 58, 2, 29, 6, 69, 127, 42, 85, 55, 128, 121, 34, 73, 119, 45, 71, 36, 100, 9, 13, 99, 87, 81, 64, 15, 120, 76, 14, 43, 5, 54, 126, 11, 113, 37, 115, 92, 3, 1, 79, 91, 7, 40, 31, 97, 8, 26, 109, 51, 106, 66, 83, 53, 24, 56, 21, 25, 103, 47, 33, 86, 41, 80, 63, 72, 46, 12, 89, 110, 107, 67, 102, 101, 39, 38, 105, 104, 114, 96, 112, 48, 18, 111, 22]",[20]
EXP-XAI-0001,B2:71,MODEL-C4,SINGLE_FEATURE_ABLATION_LOCAL,SINGLE_FEATURE_ABLATION_LOCAL,3,"[20, 82, 90, 19, 28, 60, 84, 61, 124, 32, 122, 94, 59, 117, 4, 93, 62, 44, 78, 116, 65, 17, 123, 68, 16, 125, 77, 49, 95, 10, 88, 23, 75, 57, 27, 118, 35, 30, 70, 74, 98, 50, 108, 52, 58, 2, 29, 6, 69, 127, 42, 85, 55, 128, 121, 34, 73, 119, 45, 71, 36, 100, 9, 13, 99, 87, 81, 64, 15, 120, 76, 14, 43, 5, 54, 126, 11, 113, 37, 115, 92, 3, 1, 79, 91, 7, 40, 31, 97, 8, 26, 109, 51, 106, 66, 83, 53, 24, 56, 21, 25, 103, 47, 33, 86, 41, 80, 63, 72, 46, 12, 89, 110, 107, 67, 102, 101, 39, 38, 105, 104, 114, 96, 112, 48, 18, 111, 22]","[20, 82, 90]"
EXP-XAI-0001,B2:71,MODEL-C4,SINGLE_FEATURE_ABLATION_LOCAL,SINGLE_FEATURE_ABLATION_LOCAL,5,"[20, 82, 90, 19, 28, 60, 84, 61, 124, 32, 122, 94, 59, 117, 4, 93, 62, 44, 78, 116, 65, 17, 123, 68, 16, 125, 77, 49, 95, 10, 88, 23, 75, 57, 27, 118, 35, 30, 70, 74, 98, 50, 108, 52, 58, 2, 29, 6, 69, 127, 42, 85, 55, 128, 121, 34, 73, 119, 45, 71, 36, 100, 9, 13, 99, 87, 81, 64, 15, 120, 76, 14, 43, 5, 54, 126, 11, 113, 37, 115, 92, 3, 1, 79, 91, 7, 40, 31, 97, 8, 26, 109, 51, 106, 66, 83, 53, 24, 56, 21, 25, 103, 47, 33, 86, 41, 80, 63, 72, 46, 12, 89, 110, 107, 67, 102, 101, 39, 38, 105, 104, 114, 96, 112, 48, 18, 111, 22]","[20, 82, 90, 19, 28]"
EXP-XAI-0001,B2:71,MODEL-C4,SINGLE_FEATURE_ABLATION_LOCAL,SINGLE_FEATURE_ABLATION_LOCAL,10,"[20, 82, 90, 19, 28, 60, 84, 61, 124, 32, 122, 94, 59, 117, 4, 93, 62, 44, 78, 116, 65, 17, 123, 68, 16, 125, 77, 49, 95, 10, 88, 23, 75, 57, 27, 118, 35, 30, 70, 74, 98, 50, 108, 52, 58, 2, 29, 6, 69, 127, 42, 85, 55, 128, 121, 34, 73, 119, 45, 71, 36, 100, 9, 13, 99, 87, 81, 64, 15, 120, 76, 14, 43, 5, 54, 126, 11, 113, 37, 115, 92, 3, 1, 79, 91, 7, 40, 31, 97, 8, 26, 109, 51, 106, 66, 83, 53, 24, 56, 21, 25, 103, 47, 33, 86, 41, 80, 63, 72, 46, 12, 89, 110, 107, 67, 102, 101, 39, 38, 105, 104, 114, 96, 112, 48, 18, 111, 22]","[20, 82, 90, 19, 28, 60, 84, 61, 124, 32]"
EXP-XAI-0001,B2:119,MODEL-C4,SINGLE_FEATURE_ABLATION_LOCAL,SINGLE_FEATURE_ABLATION_LOCAL,1,"[114, 4, 90, 100, 101, 31, 58, 69, 12, 122, 98, 51, 36, 75, 109, 54, 113, 42, 91, 121, 108, 117, 120, 107, 59, 23, 19, 18, 123, 37, 99, 50, 118, 95, 97, 87, 20, 67, 46, 35, 115, 32, 49, 25, 86, 61, 30, 28, 3, 124, 27, 41, 56, 29, 70, 92, 110, 82, 116, 127, 89, 13, 106, 105, 44, 11, 52, 22, 43, 2, 40, 47, 78, 15, 93, 76, 24, 1, 39, 81, 21, 88, 45, 65, 119, 33, 111, 66, 72, 84, 34, 64, 26, 77, 53, 60, 6, 125, 73, 17, 14, 71, 10, 126, 94, 48, 74, 9, 38, 112, 104, 85, 7, 103, 8, 5, 55, 80, 16, 63, 96, 57, 79, 68, 128, 102, 62, 83]",[114]
EXP-XAI-0001,B2:119,MODEL-C4,SINGLE_FEATURE_ABLATION_LOCAL,SINGLE_FEATURE_ABLATION_LOCAL,3,"[114, 4, 90, 100, 101, 31, 58, 69, 12, 122, 98, 51, 36, 75, 109, 54, 113, 42, 91, 121, 108, 117, 120, 107, 59, 23, 19, 18, 123, 37, 99, 50, 118, 95, 97, 87, 20, 67, 46, 35, 115, 32, 49, 25, 86, 61, 30, 28, 3, 124, 27, 41, 56, 29, 70, 92, 110, 82, 116, 127, 89, 13, 106, 105, 44, 11, 52, 22, 43, 2, 40, 47, 78, 15, 93, 76, 24, 1, 39, 81, 21, 88, 45, 65, 119, 33, 111, 66, 72, 84, 34, 64, 26, 77, 53, 60, 6, 125, 73, 17, 14, 71, 10, 126, 94, 48, 74, 9, 38, 112, 104, 85, 7, 103, 8, 5, 55, 80, 16, 63, 96, 57, 79, 68, 128, 102, 62, 83]","[114, 4, 90]"
EXP-XAI-0001,B2:119,MODEL-C4,SINGLE_FEATURE_ABLATION_LOCAL,SINGLE_FEATURE_ABLATION_LOCAL,5,"[114, 4, 90, 100, 101, 31, 58, 69, 12, 122, 98, 51, 36, 75, 109, 54, 113, 42, 91, 121, 108, 117, 120, 107, 59, 23, 19, 18, 123, 37, 99, 50, 118, 95, 97, 87, 20, 67, 46, 35, 115, 32, 49, 25, 86, 61, 30, 28, 3, 124, 27, 41, 56, 29, 70, 92, 110, 82, 116, 127, 89, 13, 106, 105, 44, 11, 52, 22, 43, 2, 40, 47, 78, 15, 93, 76, 24, 1, 39, 81, 21, 88, 45, 65, 119, 33, 111, 66, 72, 84, 34, 64, 26, 77, 53, 60, 6, 125, 73, 17, 14, 71, 10, 126, 94, 48, 74, 9, 38, 112, 104, 85, 7, 103, 8, 5, 55, 80, 16, 63, 96, 57, 79, 68, 128, 102, 62, 83]","[114, 4, 90, 100, 101]"
EXP-XAI-0001,B2:119,MODEL-C4,SINGLE_FEATURE_ABLATION_LOCAL,SINGLE_FEATURE_ABLATION_LOCAL,10,"[114, 4, 90, 100, 101, 31, 58, 69, 12, 122, 98, 51, 36, 75, 109, 54, 113, 42, 91, 121, 108, 117, 120, 107, 59, 23, 19, 18, 123, 37, 99, 50, 118, 95, 97, 87, 20, 67, 46, 35, 115, 32, 49, 25, 86, 61, 30, 28, 3, 124, 27, 41, 56, 29, 70, 92, 110, 82, 116, 127, 89, 13, 106, 105, 44, 11, 52, 22, 43, 2, 40, 47, 78, 15, 93, 76, 24, 1, 39, 81, 21, 88, 45, 65, 119, 33, 111, 66, 72, 84, 34, 64, 26, 77, 53, 60, 6, 125, 73, 17, 14, 71, 10, 126, 94, 48, 74, 9, 38, 112, 104, 85, 7, 103, 8, 5, 55, 80, 16, 63, 96, 57, 79, 68, 128, 102, 62, 83]","[114, 4, 90, 100, 101, 31, 58, 69, 12, 122]"
EXP-XAI-0001,B2:121,MODEL-C4,SINGLE_FEATURE_ABLATION_LOCAL,SINGLE_FEATURE_ABLATION_LOCAL,1,"[2, 10, 90, 87, 42, 65, 85, 82, 95, 89, 22, 17, 25, 100, 12, 69, 32, 46, 6, 19, 98, 104, 86, 1, 58, 4, 27, 74, 66, 102, 78, 84, 70, 81, 62, 59, 112, 110, 23, 39, 109, 88, 111, 44, 41, 7, 40, 35, 34, 5, 38, 99, 106, 52, 28, 113, 125, 115, 18, 67, 123, 53, 120, 93, 55, 94, 119, 24, 11, 48, 45, 43, 16, 101, 114, 68, 56, 64, 3, 30, 51, 50, 126, 63, 13, 21, 91, 103, 124, 72, 128, 71, 75, 76, 80, 20, 26, 54, 83, 36, 33, 60, 49, 14, 31, 127, 121, 116, 73, 117, 8, 96, 15, 9, 79, 47, 97, 118, 29, 57, 61, 107, 105, 108, 77, 37, 122, 92]",[2]
EXP-XAI-0001,B2:121,MODEL-C4,SINGLE_FEATURE_ABLATION_LOCAL,SINGLE_FEATURE_ABLATION_LOCAL,3,"[2, 10, 90, 87, 42, 65, 85, 82, 95, 89, 22, 17, 25, 100, 12, 69, 32, 46, 6, 19, 98, 104, 86, 1, 58, 4, 27, 74, 66, 102, 78, 84, 70, 81, 62, 59, 112, 110, 23, 39, 109, 88, 111, 44, 41, 7, 40, 35, 34, 5, 38, 99, 106, 52, 28, 113, 125, 115, 18, 67, 123, 53, 120, 93, 55, 94, 119, 24, 11, 48, 45, 43, 16, 101, 114, 68, 56, 64, 3, 30, 51, 50, 126, 63, 13, 21, 91, 103, 124, 72, 128, 71, 75, 76, 80, 20, 26, 54, 83, 36, 33, 60, 49, 14, 31, 127, 121, 116, 73, 117, 8, 96, 15, 9, 79, 47, 97, 118, 29, 57, 61, 107, 105, 108, 77, 37, 122, 92]","[2, 10, 90]"
EXP-XAI-0001,B2:121,MODEL-C4,SINGLE_FEATURE_ABLATION_LOCAL,SINGLE_FEATURE_ABLATION_LOCAL,5,"[2, 10, 90, 87, 42, 65, 85, 82, 95, 89, 22, 17, 25, 100, 12, 69, 32, 46, 6, 19, 98, 104, 86, 1, 58, 4, 27, 74, 66, 102, 78, 84, 70, 81, 62, 59, 112, 110, 23, 39, 109, 88, 111, 44, 41, 7, 40, 35, 34, 5, 38, 99, 106, 52, 28, 113, 125, 115, 18, 67, 123, 53, 120, 93, 55, 94, 119, 24, 11, 48, 45, 43, 16, 101, 114, 68, 56, 64, 3, 30, 51, 50, 126, 63, 13, 21, 91, 103, 124, 72, 128, 71, 75, 76, 80, 20, 26, 54, 83, 36, 33, 60, 49, 14, 31, 127, 121, 116, 73, 117, 8, 96, 15, 9, 79, 47, 97, 118, 29, 57, 61, 107, 105, 108, 77, 37, 122, 92]","[2, 10, 90, 87, 42]"
EXP-XAI-0001,B2:121,MODEL-C4,SINGLE_FEATURE_ABLATION_LOCAL,SINGLE_FEATURE_ABLATION_LOCAL,10,"[2, 10, 90, 87, 42, 65, 85, 82, 95, 89, 22, 17, 25, 100, 12, 69, 32, 46, 6, 19, 98, 104, 86, 1, 58, 4, 27, 74, 66, 102, 78, 84, 70, 81, 62, 59, 112, 110, 23, 39, 109, 88, 111, 44, 41, 7, 40, 35, 34, 5, 38, 99, 106, 52, 28, 113, 125, 115, 18, 67, 123, 53, 120, 93, 55, 94, 119, 24, 11, 48, 45, 43, 16, 101, 114, 68, 56, 64, 3, 30, 51, 50, 126, 63, 13, 21, 91, 103, 124, 72, 128, 71, 75, 76, 80, 20, 26, 54, 83, 36, 33, 60, 49, 14, 31, 127, 121, 116, 73, 117, 8, 96, 15, 9, 79, 47, 97, 118, 29, 57, 61, 107, 105, 108, 77, 37, 122, 92]","[2, 10, 90, 87, 42, 65, 85, 82, 95, 89]"
EXP-XAI-0001,B2:135,MODEL-C4,SINGLE_FEATURE_ABLATION_LOCAL,SINGLE_FEATURE_ABLATION_LOCAL,1,"[2, 10, 90, 65, 42, 85, 69, 87, 82, 95, 25, 46, 100, 32, 17, 12, 89, 98, 22, 1, 6, 74, 66, 112, 86, 27, 58, 110, 4, 84, 81, 44, 19, 104, 40, 70, 23, 39, 102, 78, 7, 41, 109, 35, 99, 38, 62, 59, 5, 106, 111, 28, 88, 34, 125, 18, 113, 52, 115, 67, 53, 43, 119, 114, 64, 24, 123, 120, 101, 13, 55, 91, 93, 126, 103, 48, 11, 124, 94, 68, 16, 36, 83, 20, 21, 50, 45, 3, 128, 49, 26, 30, 15, 96, 80, 127, 122, 54, 51, 71, 47, 56, 63, 29, 8, 72, 117, 60, 75, 14, 73, 33, 76, 77, 37, 9, 79, 105, 107, 121, 116, 118, 108, 97, 31, 57, 61, 92]",[2]
EXP-XAI-0001,B2:135,MODEL-C4,SINGLE_FEATURE_ABLATION_LOCAL,SINGLE_FEATURE_ABLATION_LOCAL,3,"[2, 10, 90, 65, 42, 85, 69, 87, 82, 95, 25, 46, 100, 32, 17, 12, 89, 98, 22, 1, 6, 74, 66, 112, 86, 27, 58, 110, 4, 84, 81, 44, 19, 104, 40, 70, 23, 39, 102, 78, 7, 41, 109, 35, 99, 38, 62, 59, 5, 106, 111, 28, 88, 34, 125, 18, 113, 52, 115, 67, 53, 43, 119, 114, 64, 24, 123, 120, 101, 13, 55, 91, 93, 126, 103, 48, 11, 124, 94, 68, 16, 36, 83, 20, 21, 50, 45, 3, 128, 49, 26, 30, 15, 96, 80, 127, 122, 54, 51, 71, 47, 56, 63, 29, 8, 72, 117, 60, 75, 14, 73, 33, 76, 77, 37, 9, 79, 105, 107, 121, 116, 118, 108, 97, 31, 57, 61, 92]","[2, 10, 90]"
EXP-XAI-0001,B2:135,MODEL-C4,SINGLE_FEATURE_ABLATION_LOCAL,SINGLE_FEATURE_ABLATION_LOCAL,5,"[2, 10, 90, 65, 42, 85, 69, 87, 82, 95, 25, 46, 100, 32, 17, 12, 89, 98, 22, 1, 6, 74, 66, 112, 86, 27, 58, 110, 4, 84, 81, 44, 19, 104, 40, 70, 23, 39, 102, 78, 7, 41, 109, 35, 99, 38, 62, 59, 5, 106, 111, 28, 88, 34, 125, 18, 113, 52, 115, 67, 53, 43, 119, 114, 64, 24, 123, 120, 101, 13, 55, 91, 93, 126, 103, 48, 11, 124, 94, 68, 16, 36, 83, 20, 21, 50, 45, 3, 128, 49, 26, 30, 15, 96, 80, 127, 122, 54, 51, 71, 47, 56, 63, 29, 8, 72, 117, 60, 75, 14, 73, 33, 76, 77, 37, 9, 79, 105, 107, 121, 116, 118, 108, 97, 31, 57, 61, 92]","[2, 10, 90, 65, 42]"
EXP-XAI-0001,B2:135,MODEL-C4,SINGLE_FEATURE_ABLATION_LOCAL,SINGLE_FEATURE_ABLATION_LOCAL,10,"[2, 10, 90, 65, 42, 85, 69, 87, 82, 95, 25, 46, 100, 32, 17, 12, 89, 98, 22, 1, 6, 74, 66, 112, 86, 27, 58, 110, 4, 84, 81, 44, 19, 104, 40, 70, 23, 39, 102, 78, 7, 41, 109, 35, 99, 38, 62, 59, 5, 106, 111, 28, 88, 34, 125, 18, 113, 52, 115, 67, 53, 43, 119, 114, 64, 24, 123, 120, 101, 13, 55, 91, 93, 126, 103, 48, 11, 124, 94, 68, 16, 36, 83, 20, 21, 50, 45, 3, 128, 49, 26, 30, 15, 96, 80, 127, 122, 54, 51, 71, 47, 56, 63, 29, 8, 72, 117, 60, 75, 14, 73, 33, 76, 77, 37, 9, 79, 105, 107, 121, 116, 118, 108, 97, 31, 57, 61, 92]","[2, 10, 90, 65, 42, 85, 69, 87, 82, 95]"
EXP-XAI-0001,B2:165,MODEL-C4,SINGLE_FEATURE_ABLATION_LOCAL,SINGLE_FEATURE_ABLATION_LOCAL,1,"[2, 10, 100, 65, 85, 90, 42, 87, 25, 95, 46, 82, 69, 98, 17, 32, 112, 89, 12, 44, 22, 74, 27, 86, 1, 66, 19, 6, 84, 110, 81, 4, 58, 109, 102, 40, 23, 41, 35, 39, 104, 78, 99, 62, 70, 59, 38, 125, 7, 5, 28, 53, 111, 113, 52, 115, 123, 106, 88, 43, 34, 18, 101, 64, 119, 67, 45, 55, 24, 114, 126, 48, 13, 120, 83, 91, 103, 16, 93, 11, 21, 124, 50, 26, 96, 51, 127, 68, 94, 3, 36, 30, 128, 29, 121, 80, 54, 20, 63, 56, 49, 47, 8, 75, 15, 9, 71, 73, 14, 61, 77, 117, 122, 33, 108, 37, 31, 107, 60, 76, 105, 116, 72, 92, 79, 97, 57, 118]",[2]
EXP-XAI-0001,B2:165,MODEL-C4,SINGLE_FEATURE_ABLATION_LOCAL,SINGLE_FEATURE_ABLATION_LOCAL,3,"[2, 10, 100, 65, 85, 90, 42, 87, 25, 95, 46, 82, 69, 98, 17, 32, 112, 89, 12, 44, 22, 74, 27, 86, 1, 66, 19, 6, 84, 110, 81, 4, 58, 109, 102, 40, 23, 41, 35, 39, 104, 78, 99, 62, 70, 59, 38, 125, 7, 5, 28, 53, 111, 113, 52, 115, 123, 106, 88, 43, 34, 18, 101, 64, 119, 67, 45, 55, 24, 114, 126, 48, 13, 120, 83, 91, 103, 16, 93, 11, 21, 124, 50, 26, 96, 51, 127, 68, 94, 3, 36, 30, 128, 29, 121, 80, 54, 20, 63, 56, 49, 47, 8, 75, 15, 9, 71, 73, 14, 61, 77, 117, 122, 33, 108, 37, 31, 107, 60, 76, 105, 116, 72, 92, 79, 97, 57, 118]","[2, 10, 100]"
EXP-XAI-0001,B2:165,MODEL-C4,SINGLE_FEATURE_ABLATION_LOCAL,SINGLE_FEATURE_ABLATION_LOCAL,5,"[2, 10, 100, 65, 85, 90, 42, 87, 25, 95, 46, 82, 69, 98, 17, 32, 112, 89, 12, 44, 22, 74, 27, 86, 1, 66, 19, 6, 84, 110, 81, 4, 58, 109, 102, 40, 23, 41, 35, 39, 104, 78, 99, 62, 70, 59, 38, 125, 7, 5, 28, 53, 111, 113, 52, 115, 123, 106, 88, 43, 34, 18, 101, 64, 119, 67, 45, 55, 24, 114, 126, 48, 13, 120, 83, 91, 103, 16, 93, 11, 21, 124, 50, 26, 96, 51, 127, 68, 94, 3, 36, 30, 128, 29, 121, 80, 54, 20, 63, 56, 49, 47, 8, 75, 15, 9, 71, 73, 14, 61, 77, 117, 122, 33, 108, 37, 31, 107, 60, 76, 105, 116, 72, 92, 79, 97, 57, 118]","[2, 10, 100, 65, 85]"
EXP-XAI-0001,B2:165,MODEL-C4,SINGLE_FEATURE_ABLATION_LOCAL,SINGLE_FEATURE_ABLATION_LOCAL,10,"[2, 10, 100, 65, 85, 90, 42, 87, 25, 95, 46, 82, 69, 98, 17, 32, 112, 89, 12, 44, 22, 74, 27, 86, 1, 66, 19, 6, 84, 110, 81, 4, 58, 109, 102, 40, 23, 41, 35, 39, 104, 78, 99, 62, 70, 59, 38, 125, 7, 5, 28, 53, 111, 113, 52, 115, 123, 106, 88, 43, 34, 18, 101, 64, 119, 67, 45, 55, 24, 114, 126, 48, 13, 120, 83, 91, 103, 16, 93, 11, 21, 124, 50, 26, 96, 51, 127, 68, 94, 3, 36, 30, 128, 29, 121, 80, 54, 20, 63, 56, 49, 47, 8, 75, 15, 9, 71, 73, 14, 61, 77, 117, 122, 33, 108, 37, 31, 107, 60, 76, 105, 116, 72, 92, 79, 97, 57, 118]","[2, 10, 100, 65, 85, 90, 42, 87, 25, 95]"
EXP-XAI-0001,B2:193,MODEL-C4,SINGLE_FEATURE_ABLATION_LOCAL,SINGLE_FEATURE_ABLATION_LOCAL,1,"[2, 10, 100, 85, 65, 90, 87, 42, 82, 25, 44, 95, 46, 17, 74, 66, 98, 112, 69, 12, 19, 32, 27, 81, 22, 1, 86, 110, 89, 84, 109, 6, 58, 41, 104, 4, 102, 62, 35, 23, 78, 39, 38, 5, 40, 7, 59, 28, 53, 125, 99, 111, 115, 88, 52, 70, 113, 106, 43, 123, 119, 101, 18, 34, 16, 48, 24, 64, 126, 45, 55, 67, 91, 114, 121, 124, 13, 93, 83, 54, 9, 11, 21, 26, 127, 47, 36, 128, 96, 8, 29, 49, 120, 37, 30, 50, 80, 51, 103, 20, 3, 75, 77, 97, 63, 56, 92, 105, 117, 72, 14, 33, 68, 107, 94, 61, 71, 79, 122, 108, 73, 116, 15, 60, 57, 76, 31, 118]",[2]
EXP-XAI-0001,B2:193,MODEL-C4,SINGLE_FEATURE_ABLATION_LOCAL,SINGLE_FEATURE_ABLATION_LOCAL,3,"[2, 10, 100, 85, 65, 90, 87, 42, 82, 25, 44, 95, 46, 17, 74, 66, 98, 112, 69, 12, 19, 32, 27, 81, 22, 1, 86, 110, 89, 84, 109, 6, 58, 41, 104, 4, 102, 62, 35, 23, 78, 39, 38, 5, 40, 7, 59, 28, 53, 125, 99, 111, 115, 88, 52, 70, 113, 106, 43, 123, 119, 101, 18, 34, 16, 48, 24, 64, 126, 45, 55, 67, 91, 114, 121, 124, 13, 93, 83, 54, 9, 11, 21, 26, 127, 47, 36, 128, 96, 8, 29, 49, 120, 37, 30, 50, 80, 51, 103, 20, 3, 75, 77, 97, 63, 56, 92, 105, 117, 72, 14, 33, 68, 107, 94, 61, 71, 79, 122, 108, 73, 116, 15, 60, 57, 76, 31, 118]","[2, 10, 100]"
EXP-XAI-0001,B2:193,MODEL-C4,SINGLE_FEATURE_ABLATION_LOCAL,SINGLE_FEATURE_ABLATION_LOCAL,5,"[2, 10, 100, 85, 65, 90, 87, 42, 82, 25, 44, 95, 46, 17, 74, 66, 98, 112, 69, 12, 19, 32, 27, 81, 22, 1, 86, 110, 89, 84, 109, 6, 58, 41, 104, 4, 102, 62, 35, 23, 78, 39, 38, 5, 40, 7, 59, 28, 53, 125, 99, 111, 115, 88, 52, 70, 113, 106, 43, 123, 119, 101, 18, 34, 16, 48, 24, 64, 126, 45, 55, 67, 91, 114, 121, 124, 13, 93, 83, 54, 9, 11, 21, 26, 127, 47, 36, 128, 96, 8, 29, 49, 120, 37, 30, 50, 80, 51, 103, 20, 3, 75, 77, 97, 63, 56, 92, 105, 117, 72, 14, 33, 68, 107, 94, 61, 71, 79, 122, 108, 73, 116, 15, 60, 57, 76, 31, 118]","[2, 10, 100, 85, 65]"
EXP-XAI-0001,B2:193,MODEL-C4,SINGLE_FEATURE_ABLATION_LOCAL,SINGLE_FEATURE_ABLATION_LOCAL,10,"[2, 10, 100, 85, 65, 90, 87, 42, 82, 25, 44, 95, 46, 17, 74, 66, 98, 112, 69, 12, 19, 32, 27, 81, 22, 1, 86, 110, 89, 84, 109, 6, 58, 41, 104, 4, 102, 62, 35, 23, 78, 39, 38, 5, 40, 7, 59, 28, 53, 125, 99, 111, 115, 88, 52, 70, 113, 106, 43, 123, 119, 101, 18, 34, 16, 48, 24, 64, 126, 45, 55, 67, 91, 114, 121, 124, 13, 93, 83, 54, 9, 11, 21, 26, 127, 47, 36, 128, 96, 8, 29, 49, 120, 37, 30, 50, 80, 51, 103, 20, 3, 75, 77, 97, 63, 56, 92, 105, 117, 72, 14, 33, 68, 107, 94, 61, 71, 79, 122, 108, 73, 116, 15, 60, 57, 76, 31, 118]","[2, 10, 100, 85, 65, 90, 87, 42, 82, 25]"
EXP-XAI-0001,B2:213,MODEL-C4,SINGLE_FEATURE_ABLATION_LOCAL,SINGLE_FEATURE_ABLATION_LOCAL,1,"[25, 34, 91, 101, 115, 30, 108, 105, 123, 27, 43, 127, 51, 35, 44, 83, 121, 40, 47, 38, 48, 94, 52, 58, 85, 106, 120, 92, 90, 113, 89, 61, 63, 97, 125, 114, 118, 49, 124, 100, 39, 111, 107, 31, 29, 64, 36, 67, 62, 103, 23, 53, 22, 99, 13, 32, 95, 41, 42, 56, 37, 116, 117, 55, 69, 28, 81, 86, 109, 5, 119, 96, 76, 104, 84, 45, 110, 54, 126, 11, 19, 78, 50, 82, 18, 66, 74, 87, 59, 16, 57, 17, 72, 112, 1, 10, 21, 68, 7, 73, 8, 46, 122, 77, 102, 2, 80, 6, 128, 3, 12, 26, 88, 33, 98, 9, 65, 60, 79, 24, 71, 70, 75, 4, 93, 15, 20, 14]",[25]
EXP-XAI-0001,B2:213,MODEL-C4,SINGLE_FEATURE_ABLATION_LOCAL,SINGLE_FEATURE_ABLATION_LOCAL,3,"[25, 34, 91, 101, 115, 30, 108, 105, 123, 27, 43, 127, 51, 35, 44, 83, 121, 40, 47, 38, 48, 94, 52, 58, 85, 106, 120, 92, 90, 113, 89, 61, 63, 97, 125, 114, 118, 49, 124, 100, 39, 111, 107, 31, 29, 64, 36, 67, 62, 103, 23, 53, 22, 99, 13, 32, 95, 41, 42, 56, 37, 116, 117, 55, 69, 28, 81, 86, 109, 5, 119, 96, 76, 104, 84, 45, 110, 54, 126, 11, 19, 78, 50, 82, 18, 66, 74, 87, 59, 16, 57, 17, 72, 112, 1, 10, 21, 68, 7, 73, 8, 46, 122, 77, 102, 2, 80, 6, 128, 3, 12, 26, 88, 33, 98, 9, 65, 60, 79, 24, 71, 70, 75, 4, 93, 15, 20, 14]","[25, 34, 91]"
EXP-XAI-0001,B2:213,MODEL-C4,SINGLE_FEATURE_ABLATION_LOCAL,SINGLE_FEATURE_ABLATION_LOCAL,5,"[25, 34, 91, 101, 115, 30, 108, 105, 123, 27, 43, 127, 51, 35, 44, 83, 121, 40, 47, 38, 48, 94, 52, 58, 85, 106, 120, 92, 90, 113, 89, 61, 63, 97, 125, 114, 118, 49, 124, 100, 39, 111, 107, 31, 29, 64, 36, 67, 62, 103, 23, 53, 22, 99, 13, 32, 95, 41, 42, 56, 37, 116, 117, 55, 69, 28, 81, 86, 109, 5, 119, 96, 76, 104, 84, 45, 110, 54, 126, 11, 19, 78, 50, 82, 18, 66, 74, 87, 59, 16, 57, 17, 72, 112, 1, 10, 21, 68, 7, 73, 8, 46, 122, 77, 102, 2, 80, 6, 128, 3, 12, 26, 88, 33, 98, 9, 65, 60, 79, 24, 71, 70, 75, 4, 93, 15, 20, 14]","[25, 34, 91, 101, 115]"
EXP-XAI-0001,B2:213,MODEL-C4,SINGLE_FEATURE_ABLATION_LOCAL,SINGLE_FEATURE_ABLATION_LOCAL,10,"[25, 34, 91, 101, 115, 30, 108, 105, 123, 27, 43, 127, 51, 35, 44, 83, 121, 40, 47, 38, 48, 94, 52, 58, 85, 106, 120, 92, 90, 113, 89, 61, 63, 97, 125, 114, 118, 49, 124, 100, 39, 111, 107, 31, 29, 64, 36, 67, 62, 103, 23, 53, 22, 99, 13, 32, 95, 41, 42, 56, 37, 116, 117, 55, 69, 28, 81, 86, 109, 5, 119, 96, 76, 104, 84, 45, 110, 54, 126, 11, 19, 78, 50, 82, 18, 66, 74, 87, 59, 16, 57, 17, 72, 112, 1, 10, 21, 68, 7, 73, 8, 46, 122, 77, 102, 2, 80, 6, 128, 3, 12, 26, 88, 33, 98, 9, 65, 60, 79, 24, 71, 70, 75, 4, 93, 15, 20, 14]","[25, 34, 91, 101, 115, 30, 108, 105, 123, 27]"
EXP-XAI-0001,B2:214,MODEL-C4,SINGLE_FEATURE_ABLATION_LOCAL,SINGLE_FEATURE_ABLATION_LOCAL,1,"[108, 43, 83, 25, 123, 51, 91, 101, 34, 53, 109, 27, 44, 30, 115, 40, 127, 105, 61, 121, 35, 100, 58, 52, 90, 48, 94, 38, 120, 47, 92, 97, 114, 85, 116, 117, 89, 63, 64, 125, 29, 49, 62, 113, 118, 126, 23, 103, 55, 119, 31, 22, 107, 124, 56, 60, 41, 45, 99, 42, 88, 39, 81, 50, 9, 32, 20, 111, 86, 106, 95, 82, 21, 67, 76, 46, 1, 26, 13, 36, 96, 69, 57, 87, 5, 98, 18, 19, 6, 122, 65, 59, 93, 72, 37, 2, 10, 73, 11, 33, 68, 110, 17, 112, 8, 102, 54, 104, 7, 77, 80, 28, 84, 12, 16, 14, 70, 24, 15, 74, 4, 66, 79, 78, 75, 71, 128, 3]",[108]
EXP-XAI-0001,B2:214,MODEL-C4,SINGLE_FEATURE_ABLATION_LOCAL,SINGLE_FEATURE_ABLATION_LOCAL,3,"[108, 43, 83, 25, 123, 51, 91, 101, 34, 53, 109, 27, 44, 30, 115, 40, 127, 105, 61, 121, 35, 100, 58, 52, 90, 48, 94, 38, 120, 47, 92, 97, 114, 85, 116, 117, 89, 63, 64, 125, 29, 49, 62, 113, 118, 126, 23, 103, 55, 119, 31, 22, 107, 124, 56, 60, 41, 45, 99, 42, 88, 39, 81, 50, 9, 32, 20, 111, 86, 106, 95, 82, 21, 67, 76, 46, 1, 26, 13, 36, 96, 69, 57, 87, 5, 98, 18, 19, 6, 122, 65, 59, 93, 72, 37, 2, 10, 73, 11, 33, 68, 110, 17, 112, 8, 102, 54, 104, 7, 77, 80, 28, 84, 12, 16, 14, 70, 24, 15, 74, 4, 66, 79, 78, 75, 71, 128, 3]","[108, 43, 83]"
EXP-XAI-0001,B2:214,MODEL-C4,SINGLE_FEATURE_ABLATION_LOCAL,SINGLE_FEATURE_ABLATION_LOCAL,5,"[108, 43, 83, 25, 123, 51, 91, 101, 34, 53, 109, 27, 44, 30, 115, 40, 127, 105, 61, 121, 35, 100, 58, 52, 90, 48, 94, 38, 120, 47, 92, 97, 114, 85, 116, 117, 89, 63, 64, 125, 29, 49, 62, 113, 118, 126, 23, 103, 55, 119, 31, 22, 107, 124, 56, 60, 41, 45, 99, 42, 88, 39, 81, 50, 9, 32, 20, 111, 86, 106, 95, 82, 21, 67, 76, 46, 1, 26, 13, 36, 96, 69, 57, 87, 5, 98, 18, 19, 6, 122, 65, 59, 93, 72, 37, 2, 10, 73, 11, 33, 68, 110, 17, 112, 8, 102, 54, 104, 7, 77, 80, 28, 84, 12, 16, 14, 70, 24, 15, 74, 4, 66, 79, 78, 75, 71, 128, 3]","[108, 43, 83, 25, 123]"
EXP-XAI-0001,B2:214,MODEL-C4,SINGLE_FEATURE_ABLATION_LOCAL,SINGLE_FEATURE_ABLATION_LOCAL,10,"[108, 43, 83, 25, 123, 51, 91, 101, 34, 53, 109, 27, 44, 30, 115, 40, 127, 105, 61, 121, 35, 100, 58, 52, 90, 48, 94, 38, 120, 47, 92, 97, 114, 85, 116, 117, 89, 63, 64, 125, 29, 49, 62, 113, 118, 126, 23, 103, 55, 119, 31, 22, 107, 124, 56, 60, 41, 45, 99, 42, 88, 39, 81, 50, 9, 32, 20, 111, 86, 106, 95, 82, 21, 67, 76, 46, 1, 26, 13, 36, 96, 69, 57, 87, 5, 98, 18, 19, 6, 122, 65, 59, 93, 72, 37, 2, 10, 73, 11, 33, 68, 110, 17, 112, 8, 102, 54, 104, 7, 77, 80, 28, 84, 12, 16, 14, 70, 24, 15, 74, 4, 66, 79, 78, 75, 71, 128, 3]","[108, 43, 83, 25, 123, 51, 91, 101, 34, 53]"
EXP-XAI-0001,B2:215,MODEL-C4,SINGLE_FEATURE_ABLATION_LOCAL,SINGLE_FEATURE_ABLATION_LOCAL,1,"[108, 101, 25, 83, 43, 51, 30, 38, 34, 91, 123, 105, 40, 127, 27, 52, 35, 61, 44, 58, 53, 115, 121, 48, 92, 90, 114, 94, 89, 100, 120, 29, 118, 63, 47, 125, 64, 117, 49, 55, 22, 60, 97, 106, 109, 124, 62, 85, 119, 116, 31, 103, 107, 19, 21, 113, 99, 45, 1, 36, 6, 126, 39, 111, 10, 87, 50, 23, 42, 46, 56, 2, 41, 78, 96, 7, 18, 95, 104, 16, 88, 74, 81, 9, 20, 66, 37, 76, 112, 110, 32, 65, 86, 33, 28, 59, 57, 69, 93, 73, 98, 82, 13, 24, 17, 15, 77, 102, 5, 71, 8, 70, 128, 122, 11, 26, 67, 80, 72, 79, 84, 3, 12, 54, 4, 75, 14, 68]",[108]
EXP-XAI-0001,B2:215,MODEL-C4,SINGLE_FEATURE_ABLATION_LOCAL,SINGLE_FEATURE_ABLATION_LOCAL,3,"[108, 101, 25, 83, 43, 51, 30, 38, 34, 91, 123, 105, 40, 127, 27, 52, 35, 61, 44, 58, 53, 115, 121, 48, 92, 90, 114, 94, 89, 100, 120, 29, 118, 63, 47, 125, 64, 117, 49, 55, 22, 60, 97, 106, 109, 124, 62, 85, 119, 116, 31, 103, 107, 19, 21, 113, 99, 45, 1, 36, 6, 126, 39, 111, 10, 87, 50, 23, 42, 46, 56, 2, 41, 78, 96, 7, 18, 95, 104, 16, 88, 74, 81, 9, 20, 66, 37, 76, 112, 110, 32, 65, 86, 33, 28, 59, 57, 69, 93, 73, 98, 82, 13, 24, 17, 15, 77, 102, 5, 71, 8, 70, 128, 122, 11, 26, 67, 80, 72, 79, 84, 3, 12, 54, 4, 75, 14, 68]","[108, 101, 25]"
EXP-XAI-0001,B2:215,MODEL-C4,SINGLE_FEATURE_ABLATION_LOCAL,SINGLE_FEATURE_ABLATION_LOCAL,5,"[108, 101, 25, 83, 43, 51, 30, 38, 34, 91, 123, 105, 40, 127, 27, 52, 35, 61, 44, 58, 53, 115, 121, 48, 92, 90, 114, 94, 89, 100, 120, 29, 118, 63, 47, 125, 64, 117, 49, 55, 22, 60, 97, 106, 109, 124, 62, 85, 119, 116, 31, 103, 107, 19, 21, 113, 99, 45, 1, 36, 6, 126, 39, 111, 10, 87, 50, 23, 42, 46, 56, 2, 41, 78, 96, 7, 18, 95, 104, 16, 88, 74, 81, 9, 20, 66, 37, 76, 112, 110, 32, 65, 86, 33, 28, 59, 57, 69, 93, 73, 98, 82, 13, 24, 17, 15, 77, 102, 5, 71, 8, 70, 128, 122, 11, 26, 67, 80, 72, 79, 84, 3, 12, 54, 4, 75, 14, 68]","[108, 101, 25, 83, 43]"
EXP-XAI-0001,B2:215,MODEL-C4,SINGLE_FEATURE_ABLATION_LOCAL,SINGLE_FEATURE_ABLATION_LOCAL,10,"[108, 101, 25, 83, 43, 51, 30, 38, 34, 91, 123, 105, 40, 127, 27, 52, 35, 61, 44, 58, 53, 115, 121, 48, 92, 90, 114, 94, 89, 100, 120, 29, 118, 63, 47, 125, 64, 117, 49, 55, 22, 60, 97, 106, 109, 124, 62, 85, 119, 116, 31, 103, 107, 19, 21, 113, 99, 45, 1, 36, 6, 126, 39, 111, 10, 87, 50, 23, 42, 46, 56, 2, 41, 78, 96, 7, 18, 95, 104, 16, 88, 74, 81, 9, 20, 66, 37, 76, 112, 110, 32, 65, 86, 33, 28, 59, 57, 69, 93, 73, 98, 82, 13, 24, 17, 15, 77, 102, 5, 71, 8, 70, 128, 122, 11, 26, 67, 80, 72, 79, 84, 3, 12, 54, 4, 75, 14, 68]","[108, 101, 25, 83, 43, 51, 30, 38, 34, 91]"
EXP-XAI-0001,B2:473,MODEL-C4,SINGLE_FEATURE_ABLATION_LOCAL,SINGLE_FEATURE_ABLATION_LOCAL,1,"[69, 25, 101, 34, 30, 47, 115, 106, 27, 49, 39, 37, 122, 18, 127, 26, 77, 113, 104, 19, 42, 105, 91, 111, 40, 112, 88, 110, 38, 92, 31, 67, 118, 124, 81, 114, 41, 120, 54, 85, 64, 102, 55, 48, 56, 22, 119, 63, 125, 126, 28, 58, 7, 24, 35, 60, 74, 78, 44, 53, 43, 95, 23, 84, 116, 57, 97, 94, 107, 52, 61, 83, 6, 2, 50, 46, 17, 121, 62, 51, 98, 89, 82, 68, 14, 108, 12, 59, 10, 29, 71, 117, 86, 32, 109, 79, 33, 99, 123, 9, 103, 15, 96, 80, 13, 65, 8, 21, 73, 5, 1, 70, 4, 45, 128, 76, 87, 93, 72, 66, 11, 90, 36, 20, 16, 75, 100, 3]",[69]
EXP-XAI-0001,B2:473,MODEL-C4,SINGLE_FEATURE_ABLATION_LOCAL,SINGLE_FEATURE_ABLATION_LOCAL,3,"[69, 25, 101, 34, 30, 47, 115, 106, 27, 49, 39, 37, 122, 18, 127, 26, 77, 113, 104, 19, 42, 105, 91, 111, 40, 112, 88, 110, 38, 92, 31, 67, 118, 124, 81, 114, 41, 120, 54, 85, 64, 102, 55, 48, 56, 22, 119, 63, 125, 126, 28, 58, 7, 24, 35, 60, 74, 78, 44, 53, 43, 95, 23, 84, 116, 57, 97, 94, 107, 52, 61, 83, 6, 2, 50, 46, 17, 121, 62, 51, 98, 89, 82, 68, 14, 108, 12, 59, 10, 29, 71, 117, 86, 32, 109, 79, 33, 99, 123, 9, 103, 15, 96, 80, 13, 65, 8, 21, 73, 5, 1, 70, 4, 45, 128, 76, 87, 93, 72, 66, 11, 90, 36, 20, 16, 75, 100, 3]","[69, 25, 101]"
EXP-XAI-0001,B2:473,MODEL-C4,SINGLE_FEATURE_ABLATION_LOCAL,SINGLE_FEATURE_ABLATION_LOCAL,5,"[69, 25, 101, 34, 30, 47, 115, 106, 27, 49, 39, 37, 122, 18, 127, 26, 77, 113, 104, 19, 42, 105, 91, 111, 40, 112, 88, 110, 38, 92, 31, 67, 118, 124, 81, 114, 41, 120, 54, 85, 64, 102, 55, 48, 56, 22, 119, 63, 125, 126, 28, 58, 7, 24, 35, 60, 74, 78, 44, 53, 43, 95, 23, 84, 116, 57, 97, 94, 107, 52, 61, 83, 6, 2, 50, 46, 17, 121, 62, 51, 98, 89, 82, 68, 14, 108, 12, 59, 10, 29, 71, 117, 86, 32, 109, 79, 33, 99, 123, 9, 103, 15, 96, 80, 13, 65, 8, 21, 73, 5, 1, 70, 4, 45, 128, 76, 87, 93, 72, 66, 11, 90, 36, 20, 16, 75, 100, 3]","[69, 25, 101, 34, 30]"
EXP-XAI-0001,B2:473,MODEL-C4,SINGLE_FEATURE_ABLATION_LOCAL,SINGLE_FEATURE_ABLATION_LOCAL,10,"[69, 25, 101, 34, 30, 47, 115, 106, 27, 49, 39, 37, 122, 18, 127, 26, 77, 113, 104, 19, 42, 105, 91, 111, 40, 112, 88, 110, 38, 92, 31, 67, 118, 124, 81, 114, 41, 120, 54, 85, 64, 102, 55, 48, 56, 22, 119, 63, 125, 126, 28, 58, 7, 24, 35, 60, 74, 78, 44, 53, 43, 95, 23, 84, 116, 57, 97, 94, 107, 52, 61, 83, 6, 2, 50, 46, 17, 121, 62, 51, 98, 89, 82, 68, 14, 108, 12, 59, 10, 29, 71, 117, 86, 32, 109, 79, 33, 99, 123, 9, 103, 15, 96, 80, 13, 65, 8, 21, 73, 5, 1, 70, 4, 45, 128, 76, 87, 93, 72, 66, 11, 90, 36, 20, 16, 75, 100, 3]","[69, 25, 101, 34, 30, 47, 115, 106, 27, 49]"
EXP-XAI-0001,B2:474,MODEL-C4,SINGLE_FEATURE_ABLATION_LOCAL,SINGLE_FEATURE_ABLATION_LOCAL,1,"[66, 25, 112, 19, 30, 115, 10, 34, 53, 74, 39, 88, 104, 49, 122, 118, 89, 2, 40, 47, 27, 20, 42, 126, 127, 106, 26, 28, 105, 23, 18, 69, 111, 120, 24, 91, 38, 29, 67, 32, 68, 87, 117, 92, 54, 63, 110, 31, 60, 94, 51, 113, 22, 121, 83, 16, 95, 7, 37, 13, 15, 64, 79, 116, 103, 8, 109, 48, 78, 98, 65, 81, 119, 52, 85, 50, 17, 43, 58, 124, 46, 14, 61, 44, 86, 97, 21, 45, 59, 125, 123, 56, 55, 90, 96, 128, 114, 108, 4, 70, 102, 72, 82, 84, 35, 36, 9, 62, 71, 41, 107, 11, 12, 101, 6, 100, 80, 99, 73, 77, 76, 57, 3, 5, 1, 33, 93, 75]",[66]
EXP-XAI-0001,B2:474,MODEL-C4,SINGLE_FEATURE_ABLATION_LOCAL,SINGLE_FEATURE_ABLATION_LOCAL,3,"[66, 25, 112, 19, 30, 115, 10, 34, 53, 74, 39, 88, 104, 49, 122, 118, 89, 2, 40, 47, 27, 20, 42, 126, 127, 106, 26, 28, 105, 23, 18, 69, 111, 120, 24, 91, 38, 29, 67, 32, 68, 87, 117, 92, 54, 63, 110, 31, 60, 94, 51, 113, 22, 121, 83, 16, 95, 7, 37, 13, 15, 64, 79, 116, 103, 8, 109, 48, 78, 98, 65, 81, 119, 52, 85, 50, 17, 43, 58, 124, 46, 14, 61, 44, 86, 97, 21, 45, 59, 125, 123, 56, 55, 90, 96, 128, 114, 108, 4, 70, 102, 72, 82, 84, 35, 36, 9, 62, 71, 41, 107, 11, 12, 101, 6, 100, 80, 99, 73, 77, 76, 57, 3, 5, 1, 33, 93, 75]","[66, 25, 112]"
EXP-XAI-0001,B2:474,MODEL-C4,SINGLE_FEATURE_ABLATION_LOCAL,SINGLE_FEATURE_ABLATION_LOCAL,5,"[66, 25, 112, 19, 30, 115, 10, 34, 53, 74, 39, 88, 104, 49, 122, 118, 89, 2, 40, 47, 27, 20, 42, 126, 127, 106, 26, 28, 105, 23, 18, 69, 111, 120, 24, 91, 38, 29, 67, 32, 68, 87, 117, 92, 54, 63, 110, 31, 60, 94, 51, 113, 22, 121, 83, 16, 95, 7, 37, 13, 15, 64, 79, 116, 103, 8, 109, 48, 78, 98, 65, 81, 119, 52, 85, 50, 17, 43, 58, 124, 46, 14, 61, 44, 86, 97, 21, 45, 59, 125, 123, 56, 55, 90, 96, 128, 114, 108, 4, 70, 102, 72, 82, 84, 35, 36, 9, 62, 71, 41, 107, 11, 12, 101, 6, 100, 80, 99, 73, 77, 76, 57, 3, 5, 1, 33, 93, 75]","[66, 25, 112, 19, 30]"
EXP-XAI-0001,B2:474,MODEL-C4,SINGLE_FEATURE_ABLATION_LOCAL,SINGLE_FEATURE_ABLATION_LOCAL,10,"[66, 25, 112, 19, 30, 115, 10, 34, 53, 74, 39, 88, 104, 49, 122, 118, 89, 2, 40, 47, 27, 20, 42, 126, 127, 106, 26, 28, 105, 23, 18, 69, 111, 120, 24, 91, 38, 29, 67, 32, 68, 87, 117, 92, 54, 63, 110, 31, 60, 94, 51, 113, 22, 121, 83, 16, 95, 7, 37, 13, 15, 64, 79, 116, 103, 8, 109, 48, 78, 98, 65, 81, 119, 52, 85, 50, 17, 43, 58, 124, 46, 14, 61, 44, 86, 97, 21, 45, 59, 125, 123, 56, 55, 90, 96, 128, 114, 108, 4, 70, 102, 72, 82, 84, 35, 36, 9, 62, 71, 41, 107, 11, 12, 101, 6, 100, 80, 99, 73, 77, 76, 57, 3, 5, 1, 33, 93, 75]","[66, 25, 112, 19, 30, 115, 10, 34, 53, 74]"
EXP-XAI-0001,B2:514,MODEL-C4,SINGLE_FEATURE_ABLATION_LOCAL,SINGLE_FEATURE_ABLATION_LOCAL,1,"[35, 122, 107, 114, 91, 70, 92, 99, 36, 101, 75, 100, 20, 110, 90, 109, 28, 27, 105, 4, 44, 123, 50, 25, 60, 112, 19, 103, 51, 69, 78, 14, 33, 7, 3, 97, 1, 18, 82, 6, 2, 39, 15, 45, 58, 37, 52, 104, 67, 117, 68, 111, 12, 26, 10, 38, 93, 16, 71, 61, 21, 59, 79, 89, 66, 8, 48, 31, 80, 49, 76, 124, 127, 106, 46, 72, 13, 32, 125, 34, 115, 30, 81, 29, 118, 17, 53, 85, 126, 64, 119, 83, 5, 113, 94, 24, 41, 9, 96, 86, 47, 57, 54, 73, 116, 121, 62, 120, 11, 40, 98, 108, 56, 88, 77, 23, 95, 22, 87, 65, 63, 43, 128, 55, 84, 102, 74, 42]",[35]
EXP-XAI-0001,B2:514,MODEL-C4,SINGLE_FEATURE_ABLATION_LOCAL,SINGLE_FEATURE_ABLATION_LOCAL,3,"[35, 122, 107, 114, 91, 70, 92, 99, 36, 101, 75, 100, 20, 110, 90, 109, 28, 27, 105, 4, 44, 123, 50, 25, 60, 112, 19, 103, 51, 69, 78, 14, 33, 7, 3, 97, 1, 18, 82, 6, 2, 39, 15, 45, 58, 37, 52, 104, 67, 117, 68, 111, 12, 26, 10, 38, 93, 16, 71, 61, 21, 59, 79, 89, 66, 8, 48, 31, 80, 49, 76, 124, 127, 106, 46, 72, 13, 32, 125, 34, 115, 30, 81, 29, 118, 17, 53, 85, 126, 64, 119, 83, 5, 113, 94, 24, 41, 9, 96, 86, 47, 57, 54, 73, 116, 121, 62, 120, 11, 40, 98, 108, 56, 88, 77, 23, 95, 22, 87, 65, 63, 43, 128, 55, 84, 102, 74, 42]","[35, 122, 107]"
EXP-XAI-0001,B2:514,MODEL-C4,SINGLE_FEATURE_ABLATION_LOCAL,SINGLE_FEATURE_ABLATION_LOCAL,5,"[35, 122, 107, 114, 91, 70, 92, 99, 36, 101, 75, 100, 20, 110, 90, 109, 28, 27, 105, 4, 44, 123, 50, 25, 60, 112, 19, 103, 51, 69, 78, 14, 33, 7, 3, 97, 1, 18, 82, 6, 2, 39, 15, 45, 58, 37, 52, 104, 67, 117, 68, 111, 12, 26, 10, 38, 93, 16, 71, 61, 21, 59, 79, 89, 66, 8, 48, 31, 80, 49, 76, 124, 127, 106, 46, 72, 13, 32, 125, 34, 115, 30, 81, 29, 118, 17, 53, 85, 126, 64, 119, 83, 5, 113, 94, 24, 41, 9, 96, 86, 47, 57, 54, 73, 116, 121, 62, 120, 11, 40, 98, 108, 56, 88, 77, 23, 95, 22, 87, 65, 63, 43, 128, 55, 84, 102, 74, 42]","[35, 122, 107, 114, 91]"
EXP-XAI-0001,B2:514,MODEL-C4,SINGLE_FEATURE_ABLATION_LOCAL,SINGLE_FEATURE_ABLATION_LOCAL,10,"[35, 122, 107, 114, 91, 70, 92, 99, 36, 101, 75, 100, 20, 110, 90, 109, 28, 27, 105, 4, 44, 123, 50, 25, 60, 112, 19, 103, 51, 69, 78, 14, 33, 7, 3, 97, 1, 18, 82, 6, 2, 39, 15, 45, 58, 37, 52, 104, 67, 117, 68, 111, 12, 26, 10, 38, 93, 16, 71, 61, 21, 59, 79, 89, 66, 8, 48, 31, 80, 49, 76, 124, 127, 106, 46, 72, 13, 32, 125, 34, 115, 30, 81, 29, 118, 17, 53, 85, 126, 64, 119, 83, 5, 113, 94, 24, 41, 9, 96, 86, 47, 57, 54, 73, 116, 121, 62, 120, 11, 40, 98, 108, 56, 88, 77, 23, 95, 22, 87, 65, 63, 43, 128, 55, 84, 102, 74, 42]","[35, 122, 107, 114, 91, 70, 92, 99, 36, 101]"
EXP-XAI-0001,B2:515,MODEL-C4,SINGLE_FEATURE_ABLATION_LOCAL,SINGLE_FEATURE_ABLATION_LOCAL,1,"[35, 122, 107, 114, 99, 92, 70, 91, 36, 20, 100, 110, 101, 75, 27, 90, 28, 109, 44, 105, 25, 4, 60, 112, 123, 50, 103, 19, 33, 51, 69, 14, 78, 7, 3, 82, 18, 1, 37, 6, 2, 39, 97, 15, 45, 52, 58, 67, 111, 68, 117, 10, 26, 38, 12, 104, 93, 59, 48, 61, 16, 79, 71, 21, 31, 49, 66, 8, 89, 46, 80, 72, 127, 76, 106, 29, 124, 13, 125, 32, 30, 34, 64, 81, 115, 118, 17, 53, 119, 85, 126, 83, 94, 41, 5, 113, 24, 62, 47, 57, 43, 96, 9, 86, 88, 121, 11, 23, 56, 95, 73, 116, 54, 22, 98, 102, 120, 63, 77, 108, 87, 74, 84, 55, 42, 65, 40, 128]",[35]
EXP-XAI-0001,B2:515,MODEL-C4,SINGLE_FEATURE_ABLATION_LOCAL,SINGLE_FEATURE_ABLATION_LOCAL,3,"[35, 122, 107, 114, 99, 92, 70, 91, 36, 20, 100, 110, 101, 75, 27, 90, 28, 109, 44, 105, 25, 4, 60, 112, 123, 50, 103, 19, 33, 51, 69, 14, 78, 7, 3, 82, 18, 1, 37, 6, 2, 39, 97, 15, 45, 52, 58, 67, 111, 68, 117, 10, 26, 38, 12, 104, 93, 59, 48, 61, 16, 79, 71, 21, 31, 49, 66, 8, 89, 46, 80, 72, 127, 76, 106, 29, 124, 13, 125, 32, 30, 34, 64, 81, 115, 118, 17, 53, 119, 85, 126, 83, 94, 41, 5, 113, 24, 62, 47, 57, 43, 96, 9, 86, 88, 121, 11, 23, 56, 95, 73, 116, 54, 22, 98, 102, 120, 63, 77, 108, 87, 74, 84, 55, 42, 65, 40, 128]","[35, 122, 107]"
EXP-XAI-0001,B2:515,MODEL-C4,SINGLE_FEATURE_ABLATION_LOCAL,SINGLE_FEATURE_ABLATION_LOCAL,5,"[35, 122, 107, 114, 99, 92, 70, 91, 36, 20, 100, 110, 101, 75, 27, 90, 28, 109, 44, 105, 25, 4, 60, 112, 123, 50, 103, 19, 33, 51, 69, 14, 78, 7, 3, 82, 18, 1, 37, 6, 2, 39, 97, 15, 45, 52, 58, 67, 111, 68, 117, 10, 26, 38, 12, 104, 93, 59, 48, 61, 16, 79, 71, 21, 31, 49, 66, 8, 89, 46, 80, 72, 127, 76, 106, 29, 124, 13, 125, 32, 30, 34, 64, 81, 115, 118, 17, 53, 119, 85, 126, 83, 94, 41, 5, 113, 24, 62, 47, 57, 43, 96, 9, 86, 88, 121, 11, 23, 56, 95, 73, 116, 54, 22, 98, 102, 120, 63, 77, 108, 87, 74, 84, 55, 42, 65, 40, 128]","[35, 122, 107, 114, 99]"
EXP-XAI-0001,B2:515,MODEL-C4,SINGLE_FEATURE_ABLATION_LOCAL,SINGLE_FEATURE_ABLATION_LOCAL,10,"[35, 122, 107, 114, 99, 92, 70, 91, 36, 20, 100, 110, 101, 75, 27, 90, 28, 109, 44, 105, 25, 4, 60, 112, 123, 50, 103, 19, 33, 51, 69, 14, 78, 7, 3, 82, 18, 1, 37, 6, 2, 39, 97, 15, 45, 52, 58, 67, 111, 68, 117, 10, 26, 38, 12, 104, 93, 59, 48, 61, 16, 79, 71, 21, 31, 49, 66, 8, 89, 46, 80, 72, 127, 76, 106, 29, 124, 13, 125, 32, 30, 34, 64, 81, 115, 118, 17, 53, 119, 85, 126, 83, 94, 41, 5, 113, 24, 62, 47, 57, 43, 96, 9, 86, 88, 121, 11, 23, 56, 95, 73, 116, 54, 22, 98, 102, 120, 63, 77, 108, 87, 74, 84, 55, 42, 65, 40, 128]","[35, 122, 107, 114, 99, 92, 70, 91, 36, 20]"
EXP-XAI-0001,B2:722,MODEL-C4,SINGLE_FEATURE_ABLATION_LOCAL,SINGLE_FEATURE_ABLATION_LOCAL,1,"[16, 109, 11, 72, 4, 77, 59, 5, 33, 54, 15, 104, 100, 1, 37, 13, 94, 36, 67, 115, 110, 99, 95, 118, 102, 71, 60, 112, 49, 127, 25, 68, 86, 44, 40, 103, 75, 76, 121, 119, 31, 126, 65, 39, 24, 98, 32, 62, 6, 70, 45, 3, 101, 61, 124, 89, 38, 117, 128, 111, 64, 83, 107, 19, 53, 105, 79, 113, 56, 116, 12, 57, 123, 69, 34, 7, 20, 91, 52, 97, 14, 106, 21, 23, 8, 63, 47, 35, 96, 51, 42, 93, 41, 26, 80, 81, 28, 87, 58, 92, 78, 108, 73, 125, 85, 50, 43, 46, 22, 29, 48, 55, 10, 122, 90, 74, 9, 84, 120, 27, 114, 18, 17, 82, 2, 88, 30, 66]",[16]
EXP-XAI-0001,B2:722,MODEL-C4,SINGLE_FEATURE_ABLATION_LOCAL,SINGLE_FEATURE_ABLATION_LOCAL,3,"[16, 109, 11, 72, 4, 77, 59, 5, 33, 54, 15, 104, 100, 1, 37, 13, 94, 36, 67, 115, 110, 99, 95, 118, 102, 71, 60, 112, 49, 127, 25, 68, 86, 44, 40, 103, 75, 76, 121, 119, 31, 126, 65, 39, 24, 98, 32, 62, 6, 70, 45, 3, 101, 61, 124, 89, 38, 117, 128, 111, 64, 83, 107, 19, 53, 105, 79, 113, 56, 116, 12, 57, 123, 69, 34, 7, 20, 91, 52, 97, 14, 106, 21, 23, 8, 63, 47, 35, 96, 51, 42, 93, 41, 26, 80, 81, 28, 87, 58, 92, 78, 108, 73, 125, 85, 50, 43, 46, 22, 29, 48, 55, 10, 122, 90, 74, 9, 84, 120, 27, 114, 18, 17, 82, 2, 88, 30, 66]","[16, 109, 11]"
EXP-XAI-0001,B2:722,MODEL-C4,SINGLE_FEATURE_ABLATION_LOCAL,SINGLE_FEATURE_ABLATION_LOCAL,5,"[16, 109, 11, 72, 4, 77, 59, 5, 33, 54, 15, 104, 100, 1, 37, 13, 94, 36, 67, 115, 110, 99, 95, 118, 102, 71, 60, 112, 49, 127, 25, 68, 86, 44, 40, 103, 75, 76, 121, 119, 31, 126, 65, 39, 24, 98, 32, 62, 6, 70, 45, 3, 101, 61, 124, 89, 38, 117, 128, 111, 64, 83, 107, 19, 53, 105, 79, 113, 56, 116, 12, 57, 123, 69, 34, 7, 20, 91, 52, 97, 14, 106, 21, 23, 8, 63, 47, 35, 96, 51, 42, 93, 41, 26, 80, 81, 28, 87, 58, 92, 78, 108, 73, 125, 85, 50, 43, 46, 22, 29, 48, 55, 10, 122, 90, 74, 9, 84, 120, 27, 114, 18, 17, 82, 2, 88, 30, 66]","[16, 109, 11, 72, 4]"
EXP-XAI-0001,B2:722,MODEL-C4,SINGLE_FEATURE_ABLATION_LOCAL,SINGLE_FEATURE_ABLATION_LOCAL,10,"[16, 109, 11, 72, 4, 77, 59, 5, 33, 54, 15, 104, 100, 1, 37, 13, 94, 36, 67, 115, 110, 99, 95, 118, 102, 71, 60, 112, 49, 127, 25, 68, 86, 44, 40, 103, 75, 76, 121, 119, 31, 126, 65, 39, 24, 98, 32, 62, 6, 70, 45, 3, 101, 61, 124, 89, 38, 117, 128, 111, 64, 83, 107, 19, 53, 105, 79, 113, 56, 116, 12, 57, 123, 69, 34, 7, 20, 91, 52, 97, 14, 106, 21, 23, 8, 63, 47, 35, 96, 51, 42, 93, 41, 26, 80, 81, 28, 87, 58, 92, 78, 108, 73, 125, 85, 50, 43, 46, 22, 29, 48, 55, 10, 122, 90, 74, 9, 84, 120, 27, 114, 18, 17, 82, 2, 88, 30, 66]","[16, 109, 11, 72, 4, 77, 59, 5, 33, 54]"
EXP-XAI-0001,B2:731,MODEL-C4,SINGLE_FEATURE_ABLATION_LOCAL,SINGLE_FEATURE_ABLATION_LOCAL,1,"[16, 109, 108, 8, 36, 37, 100, 5, 45, 13, 11, 128, 121, 101, 95, 80, 49, 118, 72, 6, 115, 40, 99, 68, 54, 43, 117, 107, 81, 30, 33, 41, 60, 69, 31, 77, 104, 51, 96, 110, 97, 89, 75, 52, 105, 83, 48, 15, 62, 25, 120, 94, 106, 59, 86, 32, 93, 17, 85, 79, 55, 70, 20, 12, 53, 58, 14, 126, 47, 34, 122, 22, 9, 123, 84, 114, 71, 64, 111, 42, 125, 116, 35, 38, 102, 24, 88, 124, 1, 21, 76, 67, 56, 61, 27, 103, 23, 127, 92, 50, 26, 112, 73, 28, 82, 98, 3, 7, 57, 63, 44, 19, 78, 65, 91, 29, 2, 87, 18, 113, 39, 119, 74, 90, 10, 4, 66, 46]",[16]
EXP-XAI-0001,B2:731,MODEL-C4,SINGLE_FEATURE_ABLATION_LOCAL,SINGLE_FEATURE_ABLATION_LOCAL,3,"[16, 109, 108, 8, 36, 37, 100, 5, 45, 13, 11, 128, 121, 101, 95, 80, 49, 118, 72, 6, 115, 40, 99, 68, 54, 43, 117, 107, 81, 30, 33, 41, 60, 69, 31, 77, 104, 51, 96, 110, 97, 89, 75, 52, 105, 83, 48, 15, 62, 25, 120, 94, 106, 59, 86, 32, 93, 17, 85, 79, 55, 70, 20, 12, 53, 58, 14, 126, 47, 34, 122, 22, 9, 123, 84, 114, 71, 64, 111, 42, 125, 116, 35, 38, 102, 24, 88, 124, 1, 21, 76, 67, 56, 61, 27, 103, 23, 127, 92, 50, 26, 112, 73, 28, 82, 98, 3, 7, 57, 63, 44, 19, 78, 65, 91, 29, 2, 87, 18, 113, 39, 119, 74, 90, 10, 4, 66, 46]","[16, 109, 108]"
EXP-XAI-0001,B2:731,MODEL-C4,SINGLE_FEATURE_ABLATION_LOCAL,SINGLE_FEATURE_ABLATION_LOCAL,5,"[16, 109, 108, 8, 36, 37, 100, 5, 45, 13, 11, 128, 121, 101, 95, 80, 49, 118, 72, 6, 115, 40, 99, 68, 54, 43, 117, 107, 81, 30, 33, 41, 60, 69, 31, 77, 104, 51, 96, 110, 97, 89, 75, 52, 105, 83, 48, 15, 62, 25, 120, 94, 106, 59, 86, 32, 93, 17, 85, 79, 55, 70, 20, 12, 53, 58, 14, 126, 47, 34, 122, 22, 9, 123, 84, 114, 71, 64, 111, 42, 125, 116, 35, 38, 102, 24, 88, 124, 1, 21, 76, 67, 56, 61, 27, 103, 23, 127, 92, 50, 26, 112, 73, 28, 82, 98, 3, 7, 57, 63, 44, 19, 78, 65, 91, 29, 2, 87, 18, 113, 39, 119, 74, 90, 10, 4, 66, 46]","[16, 109, 108, 8, 36]"
EXP-XAI-0001,B2:731,MODEL-C4,SINGLE_FEATURE_ABLATION_LOCAL,SINGLE_FEATURE_ABLATION_LOCAL,10,"[16, 109, 108, 8, 36, 37, 100, 5, 45, 13, 11, 128, 121, 101, 95, 80, 49, 118, 72, 6, 115, 40, 99, 68, 54, 43, 117, 107, 81, 30, 33, 41, 60, 69, 31, 77, 104, 51, 96, 110, 97, 89, 75, 52, 105, 83, 48, 15, 62, 25, 120, 94, 106, 59, 86, 32, 93, 17, 85, 79, 55, 70, 20, 12, 53, 58, 14, 126, 47, 34, 122, 22, 9, 123, 84, 114, 71, 64, 111, 42, 125, 116, 35, 38, 102, 24, 88, 124, 1, 21, 76, 67, 56, 61, 27, 103, 23, 127, 92, 50, 26, 112, 73, 28, 82, 98, 3, 7, 57, 63, 44, 19, 78, 65, 91, 29, 2, 87, 18, 113, 39, 119, 74, 90, 10, 4, 66, 46]","[16, 109, 108, 8, 36, 37, 100, 5, 45, 13]"
EXP-XAI-0001,B2:741,MODEL-C4,SINGLE_FEATURE_ABLATION_LOCAL,SINGLE_FEATURE_ABLATION_LOCAL,1,"[16, 109, 59, 36, 1, 11, 33, 4, 44, 72, 15, 49, 32, 98, 112, 5, 56, 54, 94, 127, 100, 62, 119, 102, 110, 77, 104, 8, 101, 24, 67, 105, 25, 80, 65, 108, 38, 30, 71, 57, 39, 51, 75, 31, 115, 37, 103, 14, 124, 99, 60, 19, 111, 116, 121, 117, 70, 21, 96, 118, 107, 55, 113, 9, 20, 63, 61, 26, 120, 13, 86, 7, 53, 34, 76, 126, 88, 85, 52, 50, 89, 123, 128, 35, 42, 69, 78, 114, 28, 45, 97, 58, 47, 68, 83, 18, 40, 17, 29, 93, 22, 90, 12, 48, 23, 73, 46, 125, 122, 82, 87, 10, 3, 81, 41, 91, 74, 6, 95, 43, 79, 64, 92, 106, 27, 2, 66, 84]",[16]
EXP-XAI-0001,B2:741,MODEL-C4,SINGLE_FEATURE_ABLATION_LOCAL,SINGLE_FEATURE_ABLATION_LOCAL,3,"[16, 109, 59, 36, 1, 11, 33, 4, 44, 72, 15, 49, 32, 98, 112, 5, 56, 54, 94, 127, 100, 62, 119, 102, 110, 77, 104, 8, 101, 24, 67, 105, 25, 80, 65, 108, 38, 30, 71, 57, 39, 51, 75, 31, 115, 37, 103, 14, 124, 99, 60, 19, 111, 116, 121, 117, 70, 21, 96, 118, 107, 55, 113, 9, 20, 63, 61, 26, 120, 13, 86, 7, 53, 34, 76, 126, 88, 85, 52, 50, 89, 123, 128, 35, 42, 69, 78, 114, 28, 45, 97, 58, 47, 68, 83, 18, 40, 17, 29, 93, 22, 90, 12, 48, 23, 73, 46, 125, 122, 82, 87, 10, 3, 81, 41, 91, 74, 6, 95, 43, 79, 64, 92, 106, 27, 2, 66, 84]","[16, 109, 59]"
EXP-XAI-0001,B2:741,MODEL-C4,SINGLE_FEATURE_ABLATION_LOCAL,SINGLE_FEATURE_ABLATION_LOCAL,5,"[16, 109, 59, 36, 1, 11, 33, 4, 44, 72, 15, 49, 32, 98, 112, 5, 56, 54, 94, 127, 100, 62, 119, 102, 110, 77, 104, 8, 101, 24, 67, 105, 25, 80, 65, 108, 38, 30, 71, 57, 39, 51, 75, 31, 115, 37, 103, 14, 124, 99, 60, 19, 111, 116, 121, 117, 70, 21, 96, 118, 107, 55, 113, 9, 20, 63, 61, 26, 120, 13, 86, 7, 53, 34, 76, 126, 88, 85, 52, 50, 89, 123, 128, 35, 42, 69, 78, 114, 28, 45, 97, 58, 47, 68, 83, 18, 40, 17, 29, 93, 22, 90, 12, 48, 23, 73, 46, 125, 122, 82, 87, 10, 3, 81, 41, 91, 74, 6, 95, 43, 79, 64, 92, 106, 27, 2, 66, 84]","[16, 109, 59, 36, 1]"
EXP-XAI-0001,B2:741,MODEL-C4,SINGLE_FEATURE_ABLATION_LOCAL,SINGLE_FEATURE_ABLATION_LOCAL,10,"[16, 109, 59, 36, 1, 11, 33, 4, 44, 72, 15, 49, 32, 98, 112, 5, 56, 54, 94, 127, 100, 62, 119, 102, 110, 77, 104, 8, 101, 24, 67, 105, 25, 80, 65, 108, 38, 30, 71, 57, 39, 51, 75, 31, 115, 37, 103, 14, 124, 99, 60, 19, 111, 116, 121, 117, 70, 21, 96, 118, 107, 55, 113, 9, 20, 63, 61, 26, 120, 13, 86, 7, 53, 34, 76, 126, 88, 85, 52, 50, 89, 123, 128, 35, 42, 69, 78, 114, 28, 45, 97, 58, 47, 68, 83, 18, 40, 17, 29, 93, 22, 90, 12, 48, 23, 73, 46, 125, 122, 82, 87, 10, 3, 81, 41, 91, 74, 6, 95, 43, 79, 64, 92, 106, 27, 2, 66, 84]","[16, 109, 59, 36, 1, 11, 33, 4, 44, 72]"
EXP-XAI-0001,B2:749,MODEL-C4,SINGLE_FEATURE_ABLATION_LOCAL,SINGLE_FEATURE_ABLATION_LOCAL,1,"[16, 109, 36, 59, 1, 4, 33, 11, 72, 32, 44, 112, 15, 8, 49, 104, 54, 98, 119, 5, 56, 94, 102, 127, 77, 62, 100, 67, 25, 110, 80, 101, 108, 105, 30, 65, 24, 38, 57, 51, 96, 115, 14, 55, 71, 99, 75, 31, 103, 63, 111, 124, 60, 19, 9, 117, 120, 113, 39, 118, 70, 107, 116, 21, 37, 7, 97, 126, 61, 121, 76, 26, 20, 35, 50, 52, 86, 85, 88, 34, 53, 22, 123, 114, 125, 13, 28, 78, 48, 89, 42, 47, 69, 17, 43, 64, 45, 122, 18, 29, 128, 68, 93, 83, 90, 73, 23, 3, 81, 87, 91, 82, 40, 95, 10, 58, 92, 74, 106, 6, 84, 79, 12, 27, 41, 46, 2, 66]",[16]
EXP-XAI-0001,B2:749,MODEL-C4,SINGLE_FEATURE_ABLATION_LOCAL,SINGLE_FEATURE_ABLATION_LOCAL,3,"[16, 109, 36, 59, 1, 4, 33, 11, 72, 32, 44, 112, 15, 8, 49, 104, 54, 98, 119, 5, 56, 94, 102, 127, 77, 62, 100, 67, 25, 110, 80, 101, 108, 105, 30, 65, 24, 38, 57, 51, 96, 115, 14, 55, 71, 99, 75, 31, 103, 63, 111, 124, 60, 19, 9, 117, 120, 113, 39, 118, 70, 107, 116, 21, 37, 7, 97, 126, 61, 121, 76, 26, 20, 35, 50, 52, 86, 85, 88, 34, 53, 22, 123, 114, 125, 13, 28, 78, 48, 89, 42, 47, 69, 17, 43, 64, 45, 122, 18, 29, 128, 68, 93, 83, 90, 73, 23, 3, 81, 87, 91, 82, 40, 95, 10, 58, 92, 74, 106, 6, 84, 79, 12, 27, 41, 46, 2, 66]","[16, 109, 36]"
EXP-XAI-0001,B2:749,MODEL-C4,SINGLE_FEATURE_ABLATION_LOCAL,SINGLE_FEATURE_ABLATION_LOCAL,5,"[16, 109, 36, 59, 1, 4, 33, 11, 72, 32, 44, 112, 15, 8, 49, 104, 54, 98, 119, 5, 56, 94, 102, 127, 77, 62, 100, 67, 25, 110, 80, 101, 108, 105, 30, 65, 24, 38, 57, 51, 96, 115, 14, 55, 71, 99, 75, 31, 103, 63, 111, 124, 60, 19, 9, 117, 120, 113, 39, 118, 70, 107, 116, 21, 37, 7, 97, 126, 61, 121, 76, 26, 20, 35, 50, 52, 86, 85, 88, 34, 53, 22, 123, 114, 125, 13, 28, 78, 48, 89, 42, 47, 69, 17, 43, 64, 45, 122, 18, 29, 128, 68, 93, 83, 90, 73, 23, 3, 81, 87, 91, 82, 40, 95, 10, 58, 92, 74, 106, 6, 84, 79, 12, 27, 41, 46, 2, 66]","[16, 109, 36, 59, 1]"
EXP-XAI-0001,B2:749,MODEL-C4,SINGLE_FEATURE_ABLATION_LOCAL,SINGLE_FEATURE_ABLATION_LOCAL,10,"[16, 109, 36, 59, 1, 4, 33, 11, 72, 32, 44, 112, 15, 8, 49, 104, 54, 98, 119, 5, 56, 94, 102, 127, 77, 62, 100, 67, 25, 110, 80, 101, 108, 105, 30, 65, 24, 38, 57, 51, 96, 115, 14, 55, 71, 99, 75, 31, 103, 63, 111, 124, 60, 19, 9, 117, 120, 113, 39, 118, 70, 107, 116, 21, 37, 7, 97, 126, 61, 121, 76, 26, 20, 35, 50, 52, 86, 85, 88, 34, 53, 22, 123, 114, 125, 13, 28, 78, 48, 89, 42, 47, 69, 17, 43, 64, 45, 122, 18, 29, 128, 68, 93, 83, 90, 73, 23, 3, 81, 87, 91, 82, 40, 95, 10, 58, 92, 74, 106, 6, 84, 79, 12, 27, 41, 46, 2, 66]","[16, 109, 36, 59, 1, 4, 33, 11, 72, 32]"
EXP-XAI-0001,B6:0,MODEL-C4,SINGLE_FEATURE_ABLATION_LOCAL,SINGLE_FEATURE_ABLATION_LOCAL,1,"[20, 117, 19, 28, 92, 61, 124, 32, 84, 94, 59, 52, 88, 128, 53, 93, 116, 49, 29, 57, 60, 121, 100, 23, 25, 51, 64, 85, 96, 97, 36, 91, 56, 55, 120, 90, 119, 24, 82, 101, 118, 109, 70, 83, 95, 78, 4, 77, 16, 63, 75, 123, 110, 81, 68, 1, 127, 107, 21, 76, 125, 15, 113, 79, 40, 3, 45, 42, 35, 87, 67, 69, 71, 104, 10, 103, 6, 80, 126, 17, 30, 74, 58, 11, 13, 48, 14, 8, 43, 102, 22, 111, 73, 86, 65, 112, 12, 33, 62, 98, 99, 9, 115, 105, 66, 108, 27, 31, 18, 50, 2, 106, 44, 34, 72, 46, 41, 122, 114, 7, 5, 54, 89, 37, 47, 39, 26, 38]",[20]
EXP-XAI-0001,B6:0,MODEL-C4,SINGLE_FEATURE_ABLATION_LOCAL,SINGLE_FEATURE_ABLATION_LOCAL,3,"[20, 117, 19, 28, 92, 61, 124, 32, 84, 94, 59, 52, 88, 128, 53, 93, 116, 49, 29, 57, 60, 121, 100, 23, 25, 51, 64, 85, 96, 97, 36, 91, 56, 55, 120, 90, 119, 24, 82, 101, 118, 109, 70, 83, 95, 78, 4, 77, 16, 63, 75, 123, 110, 81, 68, 1, 127, 107, 21, 76, 125, 15, 113, 79, 40, 3, 45, 42, 35, 87, 67, 69, 71, 104, 10, 103, 6, 80, 126, 17, 30, 74, 58, 11, 13, 48, 14, 8, 43, 102, 22, 111, 73, 86, 65, 112, 12, 33, 62, 98, 99, 9, 115, 105, 66, 108, 27, 31, 18, 50, 2, 106, 44, 34, 72, 46, 41, 122, 114, 7, 5, 54, 89, 37, 47, 39, 26, 38]","[20, 117, 19]"
EXP-XAI-0001,B6:0,MODEL-C4,SINGLE_FEATURE_ABLATION_LOCAL,SINGLE_FEATURE_ABLATION_LOCAL,5,"[20, 117, 19, 28, 92, 61, 124, 32, 84, 94, 59, 52, 88, 128, 53, 93, 116, 49, 29, 57, 60, 121, 100, 23, 25, 51, 64, 85, 96, 97, 36, 91, 56, 55, 120, 90, 119, 24, 82, 101, 118, 109, 70, 83, 95, 78, 4, 77, 16, 63, 75, 123, 110, 81, 68, 1, 127, 107, 21, 76, 125, 15, 113, 79, 40, 3, 45, 42, 35, 87, 67, 69, 71, 104, 10, 103, 6, 80, 126, 17, 30, 74, 58, 11, 13, 48, 14, 8, 43, 102, 22, 111, 73, 86, 65, 112, 12, 33, 62, 98, 99, 9, 115, 105, 66, 108, 27, 31, 18, 50, 2, 106, 44, 34, 72, 46, 41, 122, 114, 7, 5, 54, 89, 37, 47, 39, 26, 38]","[20, 117, 19, 28, 92]"
EXP-XAI-0001,B6:0,MODEL-C4,SINGLE_FEATURE_ABLATION_LOCAL,SINGLE_FEATURE_ABLATION_LOCAL,10,"[20, 117, 19, 28, 92, 61, 124, 32, 84, 94, 59, 52, 88, 128, 53, 93, 116, 49, 29, 57, 60, 121, 100, 23, 25, 51, 64, 85, 96, 97, 36, 91, 56, 55, 120, 90, 119, 24, 82, 101, 118, 109, 70, 83, 95, 78, 4, 77, 16, 63, 75, 123, 110, 81, 68, 1, 127, 107, 21, 76, 125, 15, 113, 79, 40, 3, 45, 42, 35, 87, 67, 69, 71, 104, 10, 103, 6, 80, 126, 17, 30, 74, 58, 11, 13, 48, 14, 8, 43, 102, 22, 111, 73, 86, 65, 112, 12, 33, 62, 98, 99, 9, 115, 105, 66, 108, 27, 31, 18, 50, 2, 106, 44, 34, 72, 46, 41, 122, 114, 7, 5, 54, 89, 37, 47, 39, 26, 38]","[20, 117, 19, 28, 92, 61, 124, 32, 84, 94]"
EXP-XAI-0001,B6:1,MODEL-C4,SINGLE_FEATURE_ABLATION_LOCAL,SINGLE_FEATURE_ABLATION_LOCAL,1,"[20, 19, 28, 92, 61, 124, 117, 84, 88, 32, 29, 116, 59, 52, 94, 53, 93, 128, 125, 100, 91, 57, 23, 85, 36, 56, 25, 49, 96, 121, 51, 123, 120, 97, 64, 101, 21, 70, 24, 40, 4, 119, 55, 90, 83, 60, 35, 75, 78, 118, 110, 82, 77, 1, 16, 63, 48, 127, 109, 107, 15, 87, 30, 68, 76, 69, 115, 71, 79, 3, 104, 81, 67, 45, 95, 6, 86, 42, 33, 80, 13, 126, 43, 74, 14, 105, 37, 8, 65, 11, 99, 111, 12, 17, 41, 89, 10, 54, 66, 9, 103, 27, 102, 18, 58, 73, 108, 31, 39, 22, 46, 7, 44, 122, 26, 62, 34, 98, 5, 72, 2, 114, 113, 106, 50, 38, 47, 112]",[20]
EXP-XAI-0001,B6:1,MODEL-C4,SINGLE_FEATURE_ABLATION_LOCAL,SINGLE_FEATURE_ABLATION_LOCAL,3,"[20, 19, 28, 92, 61, 124, 117, 84, 88, 32, 29, 116, 59, 52, 94, 53, 93, 128, 125, 100, 91, 57, 23, 85, 36, 56, 25, 49, 96, 121, 51, 123, 120, 97, 64, 101, 21, 70, 24, 40, 4, 119, 55, 90, 83, 60, 35, 75, 78, 118, 110, 82, 77, 1, 16, 63, 48, 127, 109, 107, 15, 87, 30, 68, 76, 69, 115, 71, 79, 3, 104, 81, 67, 45, 95, 6, 86, 42, 33, 80, 13, 126, 43, 74, 14, 105, 37, 8, 65, 11, 99, 111, 12, 17, 41, 89, 10, 54, 66, 9, 103, 27, 102, 18, 58, 73, 108, 31, 39, 22, 46, 7, 44, 122, 26, 62, 34, 98, 5, 72, 2, 114, 113, 106, 50, 38, 47, 112]","[20, 19, 28]"
EXP-XAI-0001,B6:1,MODEL-C4,SINGLE_FEATURE_ABLATION_LOCAL,SINGLE_FEATURE_ABLATION_LOCAL,5,"[20, 19, 28, 92, 61, 124, 117, 84, 88, 32, 29, 116, 59, 52, 94, 53, 93, 128, 125, 100, 91, 57, 23, 85, 36, 56, 25, 49, 96, 121, 51, 123, 120, 97, 64, 101, 21, 70, 24, 40, 4, 119, 55, 90, 83, 60, 35, 75, 78, 118, 110, 82, 77, 1, 16, 63, 48, 127, 109, 107, 15, 87, 30, 68, 76, 69, 115, 71, 79, 3, 104, 81, 67, 45, 95, 6, 86, 42, 33, 80, 13, 126, 43, 74, 14, 105, 37, 8, 65, 11, 99, 111, 12, 17, 41, 89, 10, 54, 66, 9, 103, 27, 102, 18, 58, 73, 108, 31, 39, 22, 46, 7, 44, 122, 26, 62, 34, 98, 5, 72, 2, 114, 113, 106, 50, 38, 47, 112]","[20, 19, 28, 92, 61]"
EXP-XAI-0001,B6:1,MODEL-C4,SINGLE_FEATURE_ABLATION_LOCAL,SINGLE_FEATURE_ABLATION_LOCAL,10,"[20, 19, 28, 92, 61, 124, 117, 84, 88, 32, 29, 116, 59, 52, 94, 53, 93, 128, 125, 100, 91, 57, 23, 85, 36, 56, 25, 49, 96, 121, 51, 123, 120, 97, 64, 101, 21, 70, 24, 40, 4, 119, 55, 90, 83, 60, 35, 75, 78, 118, 110, 82, 77, 1, 16, 63, 48, 127, 109, 107, 15, 87, 30, 68, 76, 69, 115, 71, 79, 3, 104, 81, 67, 45, 95, 6, 86, 42, 33, 80, 13, 126, 43, 74, 14, 105, 37, 8, 65, 11, 99, 111, 12, 17, 41, 89, 10, 54, 66, 9, 103, 27, 102, 18, 58, 73, 108, 31, 39, 22, 46, 7, 44, 122, 26, 62, 34, 98, 5, 72, 2, 114, 113, 106, 50, 38, 47, 112]","[20, 19, 28, 92, 61, 124, 117, 84, 88, 32]"
EXP-XAI-0001,B6:23,MODEL-C4,SINGLE_FEATURE_ABLATION_LOCAL,SINGLE_FEATURE_ABLATION_LOCAL,1,"[100, 101, 2, 109, 108, 37, 53, 124, 125, 45, 10, 44, 113, 116, 120, 105, 89, 27, 123, 106, 61, 74, 98, 97, 99, 20, 60, 29, 36, 52, 49, 19, 91, 92, 66, 28, 117, 115, 40, 21, 23, 95, 85, 83, 32, 114, 35, 63, 56, 24, 59, 43, 86, 118, 54, 17, 93, 122, 31, 96, 55, 70, 79, 64, 112, 94, 90, 126, 84, 57, 65, 110, 128, 77, 62, 75, 103, 102, 46, 48, 87, 58, 119, 107, 26, 82, 50, 11, 34, 71, 47, 6, 78, 73, 42, 18, 16, 88, 8, 51, 41, 25, 104, 81, 7, 76, 121, 1, 22, 12, 9, 69, 68, 80, 5, 14, 67, 4, 127, 15, 72, 3, 33, 30, 13, 111, 38, 39]",[100]
EXP-XAI-0001,B6:23,MODEL-C4,SINGLE_FEATURE_ABLATION_LOCAL,SINGLE_FEATURE_ABLATION_LOCAL,3,"[100, 101, 2, 109, 108, 37, 53, 124, 125, 45, 10, 44, 113, 116, 120, 105, 89, 27, 123, 106, 61, 74, 98, 97, 99, 20, 60, 29, 36, 52, 49, 19, 91, 92, 66, 28, 117, 115, 40, 21, 23, 95, 85, 83, 32, 114, 35, 63, 56, 24, 59, 43, 86, 118, 54, 17, 93, 122, 31, 96, 55, 70, 79, 64, 112, 94, 90, 126, 84, 57, 65, 110, 128, 77, 62, 75, 103, 102, 46, 48, 87, 58, 119, 107, 26, 82, 50, 11, 34, 71, 47, 6, 78, 73, 42, 18, 16, 88, 8, 51, 41, 25, 104, 81, 7, 76, 121, 1, 22, 12, 9, 69, 68, 80, 5, 14, 67, 4, 127, 15, 72, 3, 33, 30, 13, 111, 38, 39]","[100, 101, 2]"
EXP-XAI-0001,B6:23,MODEL-C4,SINGLE_FEATURE_ABLATION_LOCAL,SINGLE_FEATURE_ABLATION_LOCAL,5,"[100, 101, 2, 109, 108, 37, 53, 124, 125, 45, 10, 44, 113, 116, 120, 105, 89, 27, 123, 106, 61, 74, 98, 97, 99, 20, 60, 29, 36, 52, 49, 19, 91, 92, 66, 28, 117, 115, 40, 21, 23, 95, 85, 83, 32, 114, 35, 63, 56, 24, 59, 43, 86, 118, 54, 17, 93, 122, 31, 96, 55, 70, 79, 64, 112, 94, 90, 126, 84, 57, 65, 110, 128, 77, 62, 75, 103, 102, 46, 48, 87, 58, 119, 107, 26, 82, 50, 11, 34, 71, 47, 6, 78, 73, 42, 18, 16, 88, 8, 51, 41, 25, 104, 81, 7, 76, 121, 1, 22, 12, 9, 69, 68, 80, 5, 14, 67, 4, 127, 15, 72, 3, 33, 30, 13, 111, 38, 39]","[100, 101, 2, 109, 108]"
EXP-XAI-0001,B6:23,MODEL-C4,SINGLE_FEATURE_ABLATION_LOCAL,SINGLE_FEATURE_ABLATION_LOCAL,10,"[100, 101, 2, 109, 108, 37, 53, 124, 125, 45, 10, 44, 113, 116, 120, 105, 89, 27, 123, 106, 61, 74, 98, 97, 99, 20, 60, 29, 36, 52, 49, 19, 91, 92, 66, 28, 117, 115, 40, 21, 23, 95, 85, 83, 32, 114, 35, 63, 56, 24, 59, 43, 86, 118, 54, 17, 93, 122, 31, 96, 55, 70, 79, 64, 112, 94, 90, 126, 84, 57, 65, 110, 128, 77, 62, 75, 103, 102, 46, 48, 87, 58, 119, 107, 26, 82, 50, 11, 34, 71, 47, 6, 78, 73, 42, 18, 16, 88, 8, 51, 41, 25, 104, 81, 7, 76, 121, 1, 22, 12, 9, 69, 68, 80, 5, 14, 67, 4, 127, 15, 72, 3, 33, 30, 13, 111, 38, 39]","[100, 101, 2, 109, 108, 37, 53, 124, 125, 45]"
EXP-XAI-0001,B6:24,MODEL-C4,SINGLE_FEATURE_ABLATION_LOCAL,SINGLE_FEATURE_ABLATION_LOCAL,1,"[100, 101, 109, 2, 108, 61, 10, 28, 36, 113, 124, 44, 37, 19, 123, 116, 29, 20, 92, 93, 32, 45, 56, 59, 97, 21, 40, 107, 64, 125, 89, 91, 105, 23, 120, 35, 63, 74, 121, 60, 66, 24, 57, 55, 94, 88, 127, 70, 84, 112, 110, 31, 27, 85, 117, 48, 51, 90, 34, 25, 81, 87, 86, 65, 75, 46, 43, 115, 62, 104, 1, 128, 78, 71, 83, 6, 8, 118, 42, 53, 14, 119, 96, 114, 30, 76, 126, 95, 9, 15, 41, 54, 52, 50, 17, 122, 98, 111, 99, 49, 16, 11, 103, 82, 22, 69, 58, 73, 72, 39, 102, 3, 77, 13, 26, 7, 4, 12, 38, 106, 80, 79, 68, 5, 18, 33, 47, 67]",[100]
EXP-XAI-0001,B6:24,MODEL-C4,SINGLE_FEATURE_ABLATION_LOCAL,SINGLE_FEATURE_ABLATION_LOCAL,3,"[100, 101, 109, 2, 108, 61, 10, 28, 36, 113, 124, 44, 37, 19, 123, 116, 29, 20, 92, 93, 32, 45, 56, 59, 97, 21, 40, 107, 64, 125, 89, 91, 105, 23, 120, 35, 63, 74, 121, 60, 66, 24, 57, 55, 94, 88, 127, 70, 84, 112, 110, 31, 27, 85, 117, 48, 51, 90, 34, 25, 81, 87, 86, 65, 75, 46, 43, 115, 62, 104, 1, 128, 78, 71, 83, 6, 8, 118, 42, 53, 14, 119, 96, 114, 30, 76, 126, 95, 9, 15, 41, 54, 52, 50, 17, 122, 98, 111, 99, 49, 16, 11, 103, 82, 22, 69, 58, 73, 72, 39, 102, 3, 77, 13, 26, 7, 4, 12, 38, 106, 80, 79, 68, 5, 18, 33, 47, 67]","[100, 101, 109]"
EXP-XAI-0001,B6:24,MODEL-C4,SINGLE_FEATURE_ABLATION_LOCAL,SINGLE_FEATURE_ABLATION_LOCAL,5,"[100, 101, 109, 2, 108, 61, 10, 28, 36, 113, 124, 44, 37, 19, 123, 116, 29, 20, 92, 93, 32, 45, 56, 59, 97, 21, 40, 107, 64, 125, 89, 91, 105, 23, 120, 35, 63, 74, 121, 60, 66, 24, 57, 55, 94, 88, 127, 70, 84, 112, 110, 31, 27, 85, 117, 48, 51, 90, 34, 25, 81, 87, 86, 65, 75, 46, 43, 115, 62, 104, 1, 128, 78, 71, 83, 6, 8, 118, 42, 53, 14, 119, 96, 114, 30, 76, 126, 95, 9, 15, 41, 54, 52, 50, 17, 122, 98, 111, 99, 49, 16, 11, 103, 82, 22, 69, 58, 73, 72, 39, 102, 3, 77, 13, 26, 7, 4, 12, 38, 106, 80, 79, 68, 5, 18, 33, 47, 67]","[100, 101, 109, 2, 108]"
EXP-XAI-0001,B6:24,MODEL-C4,SINGLE_FEATURE_ABLATION_LOCAL,SINGLE_FEATURE_ABLATION_LOCAL,10,"[100, 101, 109, 2, 108, 61, 10, 28, 36, 113, 124, 44, 37, 19, 123, 116, 29, 20, 92, 93, 32, 45, 56, 59, 97, 21, 40, 107, 64, 125, 89, 91, 105, 23, 120, 35, 63, 74, 121, 60, 66, 24, 57, 55, 94, 88, 127, 70, 84, 112, 110, 31, 27, 85, 117, 48, 51, 90, 34, 25, 81, 87, 86, 65, 75, 46, 43, 115, 62, 104, 1, 128, 78, 71, 83, 6, 8, 118, 42, 53, 14, 119, 96, 114, 30, 76, 126, 95, 9, 15, 41, 54, 52, 50, 17, 122, 98, 111, 99, 49, 16, 11, 103, 82, 22, 69, 58, 73, 72, 39, 102, 3, 77, 13, 26, 7, 4, 12, 38, 106, 80, 79, 68, 5, 18, 33, 47, 67]","[100, 101, 109, 2, 108, 61, 10, 28, 36, 113]"
EXP-XAI-0001,B6:387,MODEL-C4,SINGLE_FEATURE_ABLATION_LOCAL,SINGLE_FEATURE_ABLATION_LOCAL,1,"[101, 122, 25, 70, 99, 109, 108, 75, 114, 1, 2, 100, 107, 64, 67, 10, 14, 52, 60, 16, 69, 112, 71, 47, 78, 90, 6, 97, 65, 89, 49, 46, 82, 56, 59, 48, 34, 17, 12, 8, 24, 7, 57, 38, 35, 19, 103, 4, 127, 29, 50, 79, 106, 36, 39, 125, 45, 68, 105, 51, 41, 111, 33, 27, 123, 96, 119, 20, 32, 42, 28, 117, 73, 121, 44, 76, 120, 53, 31, 87, 58, 126, 86, 3, 21, 15, 37, 40, 5, 93, 80, 113, 124, 63, 92, 62, 66, 110, 88, 118, 77, 72, 11, 54, 61, 128, 91, 104, 84, 23, 115, 98, 55, 9, 30, 102, 116, 13, 94, 83, 95, 74, 81, 26, 43, 22, 85, 18]",[101]
EXP-XAI-0001,B6:387,MODEL-C4,SINGLE_FEATURE_ABLATION_LOCAL,SINGLE_FEATURE_ABLATION_LOCAL,3,"[101, 122, 25, 70, 99, 109, 108, 75, 114, 1, 2, 100, 107, 64, 67, 10, 14, 52, 60, 16, 69, 112, 71, 47, 78, 90, 6, 97, 65, 89, 49, 46, 82, 56, 59, 48, 34, 17, 12, 8, 24, 7, 57, 38, 35, 19, 103, 4, 127, 29, 50, 79, 106, 36, 39, 125, 45, 68, 105, 51, 41, 111, 33, 27, 123, 96, 119, 20, 32, 42, 28, 117, 73, 121, 44, 76, 120, 53, 31, 87, 58, 126, 86, 3, 21, 15, 37, 40, 5, 93, 80, 113, 124, 63, 92, 62, 66, 110, 88, 118, 77, 72, 11, 54, 61, 128, 91, 104, 84, 23, 115, 98, 55, 9, 30, 102, 116, 13, 94, 83, 95, 74, 81, 26, 43, 22, 85, 18]","[101, 122, 25]"
EXP-XAI-0001,B6:387,MODEL-C4,SINGLE_FEATURE_ABLATION_LOCAL,SINGLE_FEATURE_ABLATION_LOCAL,5,"[101, 122, 25, 70, 99, 109, 108, 75, 114, 1, 2, 100, 107, 64, 67, 10, 14, 52, 60, 16, 69, 112, 71, 47, 78, 90, 6, 97, 65, 89, 49, 46, 82, 56, 59, 48, 34, 17, 12, 8, 24, 7, 57, 38, 35, 19, 103, 4, 127, 29, 50, 79, 106, 36, 39, 125, 45, 68, 105, 51, 41, 111, 33, 27, 123, 96, 119, 20, 32, 42, 28, 117, 73, 121, 44, 76, 120, 53, 31, 87, 58, 126, 86, 3, 21, 15, 37, 40, 5, 93, 80, 113, 124, 63, 92, 62, 66, 110, 88, 118, 77, 72, 11, 54, 61, 128, 91, 104, 84, 23, 115, 98, 55, 9, 30, 102, 116, 13, 94, 83, 95, 74, 81, 26, 43, 22, 85, 18]","[101, 122, 25, 70, 99]"
EXP-XAI-0001,B6:387,MODEL-C4,SINGLE_FEATURE_ABLATION_LOCAL,SINGLE_FEATURE_ABLATION_LOCAL,10,"[101, 122, 25, 70, 99, 109, 108, 75, 114, 1, 2, 100, 107, 64, 67, 10, 14, 52, 60, 16, 69, 112, 71, 47, 78, 90, 6, 97, 65, 89, 49, 46, 82, 56, 59, 48, 34, 17, 12, 8, 24, 7, 57, 38, 35, 19, 103, 4, 127, 29, 50, 79, 106, 36, 39, 125, 45, 68, 105, 51, 41, 111, 33, 27, 123, 96, 119, 20, 32, 42, 28, 117, 73, 121, 44, 76, 120, 53, 31, 87, 58, 126, 86, 3, 21, 15, 37, 40, 5, 93, 80, 113, 124, 63, 92, 62, 66, 110, 88, 118, 77, 72, 11, 54, 61, 128, 91, 104, 84, 23, 115, 98, 55, 9, 30, 102, 116, 13, 94, 83, 95, 74, 81, 26, 43, 22, 85, 18]","[101, 122, 25, 70, 99, 109, 108, 75, 114, 1]"
EXP-XAI-0001,B6:388,MODEL-C4,SINGLE_FEATURE_ABLATION_LOCAL,SINGLE_FEATURE_ABLATION_LOCAL,1,"[122, 99, 108, 114, 52, 18, 75, 1, 26, 60, 82, 25, 32, 67, 101, 48, 29, 70, 97, 14, 46, 50, 66, 16, 59, 53, 2, 40, 69, 34, 58, 125, 38, 33, 71, 117, 24, 20, 36, 47, 7, 98, 90, 112, 107, 100, 57, 17, 6, 15, 49, 79, 35, 37, 41, 8, 127, 106, 78, 28, 64, 51, 105, 12, 103, 116, 56, 73, 123, 92, 74, 121, 65, 126, 119, 45, 111, 87, 9, 42, 31, 10, 81, 19, 21, 68, 93, 91, 104, 61, 77, 27, 11, 4, 96, 44, 3, 89, 55, 13, 23, 88, 110, 76, 72, 80, 5, 84, 124, 62, 83, 115, 95, 22, 109, 39, 30, 128, 54, 118, 120, 113, 63, 43, 85, 102, 94, 86]",[122]
EXP-XAI-0001,B6:388,MODEL-C4,SINGLE_FEATURE_ABLATION_LOCAL,SINGLE_FEATURE_ABLATION_LOCAL,3,"[122, 99, 108, 114, 52, 18, 75, 1, 26, 60, 82, 25, 32, 67, 101, 48, 29, 70, 97, 14, 46, 50, 66, 16, 59, 53, 2, 40, 69, 34, 58, 125, 38, 33, 71, 117, 24, 20, 36, 47, 7, 98, 90, 112, 107, 100, 57, 17, 6, 15, 49, 79, 35, 37, 41, 8, 127, 106, 78, 28, 64, 51, 105, 12, 103, 116, 56, 73, 123, 92, 74, 121, 65, 126, 119, 45, 111, 87, 9, 42, 31, 10, 81, 19, 21, 68, 93, 91, 104, 61, 77, 27, 11, 4, 96, 44, 3, 89, 55, 13, 23, 88, 110, 76, 72, 80, 5, 84, 124, 62, 83, 115, 95, 22, 109, 39, 30, 128, 54, 118, 120, 113, 63, 43, 85, 102, 94, 86]","[122, 99, 108]"
EXP-XAI-0001,B6:388,MODEL-C4,SINGLE_FEATURE_ABLATION_LOCAL,SINGLE_FEATURE_ABLATION_LOCAL,5,"[122, 99, 108, 114, 52, 18, 75, 1, 26, 60, 82, 25, 32, 67, 101, 48, 29, 70, 97, 14, 46, 50, 66, 16, 59, 53, 2, 40, 69, 34, 58, 125, 38, 33, 71, 117, 24, 20, 36, 47, 7, 98, 90, 112, 107, 100, 57, 17, 6, 15, 49, 79, 35, 37, 41, 8, 127, 106, 78, 28, 64, 51, 105, 12, 103, 116, 56, 73, 123, 92, 74, 121, 65, 126, 119, 45, 111, 87, 9, 42, 31, 10, 81, 19, 21, 68, 93, 91, 104, 61, 77, 27, 11, 4, 96, 44, 3, 89, 55, 13, 23, 88, 110, 76, 72, 80, 5, 84, 124, 62, 83, 115, 95, 22, 109, 39, 30, 128, 54, 118, 120, 113, 63, 43, 85, 102, 94, 86]","[122, 99, 108, 114, 52]"
EXP-XAI-0001,B6:388,MODEL-C4,SINGLE_FEATURE_ABLATION_LOCAL,SINGLE_FEATURE_ABLATION_LOCAL,10,"[122, 99, 108, 114, 52, 18, 75, 1, 26, 60, 82, 25, 32, 67, 101, 48, 29, 70, 97, 14, 46, 50, 66, 16, 59, 53, 2, 40, 69, 34, 58, 125, 38, 33, 71, 117, 24, 20, 36, 47, 7, 98, 90, 112, 107, 100, 57, 17, 6, 15, 49, 79, 35, 37, 41, 8, 127, 106, 78, 28, 64, 51, 105, 12, 103, 116, 56, 73, 123, 92, 74, 121, 65, 126, 119, 45, 111, 87, 9, 42, 31, 10, 81, 19, 21, 68, 93, 91, 104, 61, 77, 27, 11, 4, 96, 44, 3, 89, 55, 13, 23, 88, 110, 76, 72, 80, 5, 84, 124, 62, 83, 115, 95, 22, 109, 39, 30, 128, 54, 118, 120, 113, 63, 43, 85, 102, 94, 86]","[122, 99, 108, 114, 52, 18, 75, 1, 26, 60]"
EXP-XAI-0001,B6:491,MODEL-C4,SINGLE_FEATURE_ABLATION_LOCAL,SINGLE_FEATURE_ABLATION_LOCAL,1,"[88, 56, 90, 40, 96, 128, 61, 32, 21, 101, 64, 46, 48, 98, 53, 82, 109, 108, 57, 93, 100, 58, 124, 59, 28, 16, 117, 85, 121, 19, 42, 20, 24, 120, 116, 70, 84, 13, 29, 122, 33, 55, 52, 49, 41, 34, 76, 23, 65, 115, 36, 79, 97, 112, 50, 71, 94, 66, 63, 81, 25, 95, 74, 75, 15, 26, 45, 125, 2, 83, 1, 51, 113, 126, 91, 99, 127, 110, 17, 89, 60, 77, 87, 78, 92, 67, 39, 44, 118, 111, 68, 106, 10, 18, 6, 35, 22, 80, 123, 31, 119, 62, 103, 9, 27, 105, 69, 12, 3, 102, 30, 73, 54, 114, 38, 14, 8, 107, 104, 4, 47, 7, 37, 72, 86, 43, 11, 5]",[88]
EXP-XAI-0001,B6:491,MODEL-C4,SINGLE_FEATURE_ABLATION_LOCAL,SINGLE_FEATURE_ABLATION_LOCAL,3,"[88, 56, 90, 40, 96, 128, 61, 32, 21, 101, 64, 46, 48, 98, 53, 82, 109, 108, 57, 93, 100, 58, 124, 59, 28, 16, 117, 85, 121, 19, 42, 20, 24, 120, 116, 70, 84, 13, 29, 122, 33, 55, 52, 49, 41, 34, 76, 23, 65, 115, 36, 79, 97, 112, 50, 71, 94, 66, 63, 81, 25, 95, 74, 75, 15, 26, 45, 125, 2, 83, 1, 51, 113, 126, 91, 99, 127, 110, 17, 89, 60, 77, 87, 78, 92, 67, 39, 44, 118, 111, 68, 106, 10, 18, 6, 35, 22, 80, 123, 31, 119, 62, 103, 9, 27, 105, 69, 12, 3, 102, 30, 73, 54, 114, 38, 14, 8, 107, 104, 4, 47, 7, 37, 72, 86, 43, 11, 5]","[88, 56, 90]"
EXP-XAI-0001,B6:491,MODEL-C4,SINGLE_FEATURE_ABLATION_LOCAL,SINGLE_FEATURE_ABLATION_LOCAL,5,"[88, 56, 90, 40, 96, 128, 61, 32, 21, 101, 64, 46, 48, 98, 53, 82, 109, 108, 57, 93, 100, 58, 124, 59, 28, 16, 117, 85, 121, 19, 42, 20, 24, 120, 116, 70, 84, 13, 29, 122, 33, 55, 52, 49, 41, 34, 76, 23, 65, 115, 36, 79, 97, 112, 50, 71, 94, 66, 63, 81, 25, 95, 74, 75, 15, 26, 45, 125, 2, 83, 1, 51, 113, 126, 91, 99, 127, 110, 17, 89, 60, 77, 87, 78, 92, 67, 39, 44, 118, 111, 68, 106, 10, 18, 6, 35, 22, 80, 123, 31, 119, 62, 103, 9, 27, 105, 69, 12, 3, 102, 30, 73, 54, 114, 38, 14, 8, 107, 104, 4, 47, 7, 37, 72, 86, 43, 11, 5]","[88, 56, 90, 40, 96]"
EXP-XAI-0001,B6:491,MODEL-C4,SINGLE_FEATURE_ABLATION_LOCAL,SINGLE_FEATURE_ABLATION_LOCAL,10,"[88, 56, 90, 40, 96, 128, 61, 32, 21, 101, 64, 46, 48, 98, 53, 82, 109, 108, 57, 93, 100, 58, 124, 59, 28, 16, 117, 85, 121, 19, 42, 20, 24, 120, 116, 70, 84, 13, 29, 122, 33, 55, 52, 49, 41, 34, 76, 23, 65, 115, 36, 79, 97, 112, 50, 71, 94, 66, 63, 81, 25, 95, 74, 75, 15, 26, 45, 125, 2, 83, 1, 51, 113, 126, 91, 99, 127, 110, 17, 89, 60, 77, 87, 78, 92, 67, 39, 44, 118, 111, 68, 106, 10, 18, 6, 35, 22, 80, 123, 31, 119, 62, 103, 9, 27, 105, 69, 12, 3, 102, 30, 73, 54, 114, 38, 14, 8, 107, 104, 4, 47, 7, 37, 72, 86, 43, 11, 5]","[88, 56, 90, 40, 96, 128, 61, 32, 21, 101]"
EXP-XAI-0001,B6:492,MODEL-C4,SINGLE_FEATURE_ABLATION_LOCAL,SINGLE_FEATURE_ABLATION_LOCAL,1,"[56, 40, 88, 90, 32, 61, 48, 101, 96, 24, 98, 100, 121, 64, 19, 28, 120, 46, 37, 20, 128, 21, 57, 42, 124, 59, 93, 82, 29, 85, 53, 97, 122, 84, 16, 116, 117, 13, 45, 34, 41, 49, 55, 36, 23, 81, 94, 115, 51, 113, 58, 92, 52, 83, 70, 75, 109, 89, 33, 65, 118, 63, 107, 25, 15, 126, 26, 87, 125, 104, 76, 78, 4, 31, 95, 17, 106, 91, 12, 74, 66, 119, 44, 79, 71, 99, 54, 39, 62, 2, 30, 8, 1, 112, 114, 80, 22, 67, 123, 108, 86, 50, 105, 14, 127, 69, 35, 68, 77, 6, 110, 11, 27, 72, 111, 60, 43, 5, 103, 47, 3, 18, 73, 9, 10, 102, 7, 38]",[56]
EXP-XAI-0001,B6:492,MODEL-C4,SINGLE_FEATURE_ABLATION_LOCAL,SINGLE_FEATURE_ABLATION_LOCAL,3,"[56, 40, 88, 90, 32, 61, 48, 101, 96, 24, 98, 100, 121, 64, 19, 28, 120, 46, 37, 20, 128, 21, 57, 42, 124, 59, 93, 82, 29, 85, 53, 97, 122, 84, 16, 116, 117, 13, 45, 34, 41, 49, 55, 36, 23, 81, 94, 115, 51, 113, 58, 92, 52, 83, 70, 75, 109, 89, 33, 65, 118, 63, 107, 25, 15, 126, 26, 87, 125, 104, 76, 78, 4, 31, 95, 17, 106, 91, 12, 74, 66, 119, 44, 79, 71, 99, 54, 39, 62, 2, 30, 8, 1, 112, 114, 80, 22, 67, 123, 108, 86, 50, 105, 14, 127, 69, 35, 68, 77, 6, 110, 11, 27, 72, 111, 60, 43, 5, 103, 47, 3, 18, 73, 9, 10, 102, 7, 38]","[56, 40, 88]"
EXP-XAI-0001,B6:492,MODEL-C4,SINGLE_FEATURE_ABLATION_LOCAL,SINGLE_FEATURE_ABLATION_LOCAL,5,"[56, 40, 88, 90, 32, 61, 48, 101, 96, 24, 98, 100, 121, 64, 19, 28, 120, 46, 37, 20, 128, 21, 57, 42, 124, 59, 93, 82, 29, 85, 53, 97, 122, 84, 16, 116, 117, 13, 45, 34, 41, 49, 55, 36, 23, 81, 94, 115, 51, 113, 58, 92, 52, 83, 70, 75, 109, 89, 33, 65, 118, 63, 107, 25, 15, 126, 26, 87, 125, 104, 76, 78, 4, 31, 95, 17, 106, 91, 12, 74, 66, 119, 44, 79, 71, 99, 54, 39, 62, 2, 30, 8, 1, 112, 114, 80, 22, 67, 123, 108, 86, 50, 105, 14, 127, 69, 35, 68, 77, 6, 110, 11, 27, 72, 111, 60, 43, 5, 103, 47, 3, 18, 73, 9, 10, 102, 7, 38]","[56, 40, 88, 90, 32]"
EXP-XAI-0001,B6:492,MODEL-C4,SINGLE_FEATURE_ABLATION_LOCAL,SINGLE_FEATURE_ABLATION_LOCAL,10,"[56, 40, 88, 90, 32, 61, 48, 101, 96, 24, 98, 100, 121, 64, 19, 28, 120, 46, 37, 20, 128, 21, 57, 42, 124, 59, 93, 82, 29, 85, 53, 97, 122, 84, 16, 116, 117, 13, 45, 34, 41, 49, 55, 36, 23, 81, 94, 115, 51, 113, 58, 92, 52, 83, 70, 75, 109, 89, 33, 65, 118, 63, 107, 25, 15, 126, 26, 87, 125, 104, 76, 78, 4, 31, 95, 17, 106, 91, 12, 74, 66, 119, 44, 79, 71, 99, 54, 39, 62, 2, 30, 8, 1, 112, 114, 80, 22, 67, 123, 108, 86, 50, 105, 14, 127, 69, 35, 68, 77, 6, 110, 11, 27, 72, 111, 60, 43, 5, 103, 47, 3, 18, 73, 9, 10, 102, 7, 38]","[56, 40, 88, 90, 32, 61, 48, 101, 96, 24]"
EXP-XAI-0001,B6:493,MODEL-C4,SINGLE_FEATURE_ABLATION_LOCAL,SINGLE_FEATURE_ABLATION_LOCAL,1,"[40, 56, 32, 88, 100, 61, 121, 90, 64, 101, 24, 96, 19, 21, 98, 120, 28, 48, 37, 20, 113, 57, 51, 97, 128, 59, 23, 46, 42, 36, 16, 55, 29, 107, 83, 13, 124, 122, 63, 94, 85, 92, 34, 84, 49, 117, 116, 89, 41, 31, 93, 81, 82, 4, 25, 108, 45, 87, 15, 75, 52, 104, 125, 118, 26, 106, 54, 70, 33, 53, 12, 114, 126, 60, 44, 65, 115, 78, 119, 105, 86, 8, 76, 62, 17, 91, 30, 58, 99, 35, 14, 39, 50, 79, 74, 71, 10, 112, 110, 95, 127, 66, 18, 22, 69, 27, 109, 3, 5, 47, 9, 67, 11, 38, 80, 1, 72, 102, 123, 68, 43, 77, 7, 103, 2, 6, 111, 73]",[40]
EXP-XAI-0001,B6:493,MODEL-C4,SINGLE_FEATURE_ABLATION_LOCAL,SINGLE_FEATURE_ABLATION_LOCAL,3,"[40, 56, 32, 88, 100, 61, 121, 90, 64, 101, 24, 96, 19, 21, 98, 120, 28, 48, 37, 20, 113, 57, 51, 97, 128, 59, 23, 46, 42, 36, 16, 55, 29, 107, 83, 13, 124, 122, 63, 94, 85, 92, 34, 84, 49, 117, 116, 89, 41, 31, 93, 81, 82, 4, 25, 108, 45, 87, 15, 75, 52, 104, 125, 118, 26, 106, 54, 70, 33, 53, 12, 114, 126, 60, 44, 65, 115, 78, 119, 105, 86, 8, 76, 62, 17, 91, 30, 58, 99, 35, 14, 39, 50, 79, 74, 71, 10, 112, 110, 95, 127, 66, 18, 22, 69, 27, 109, 3, 5, 47, 9, 67, 11, 38, 80, 1, 72, 102, 123, 68, 43, 77, 7, 103, 2, 6, 111, 73]","[40, 56, 32]"
EXP-XAI-0001,B6:493,MODEL-C4,SINGLE_FEATURE_ABLATION_LOCAL,SINGLE_FEATURE_ABLATION_LOCAL,5,"[40, 56, 32, 88, 100, 61, 121, 90, 64, 101, 24, 96, 19, 21, 98, 120, 28, 48, 37, 20, 113, 57, 51, 97, 128, 59, 23, 46, 42, 36, 16, 55, 29, 107, 83, 13, 124, 122, 63, 94, 85, 92, 34, 84, 49, 117, 116, 89, 41, 31, 93, 81, 82, 4, 25, 108, 45, 87, 15, 75, 52, 104, 125, 118, 26, 106, 54, 70, 33, 53, 12, 114, 126, 60, 44, 65, 115, 78, 119, 105, 86, 8, 76, 62, 17, 91, 30, 58, 99, 35, 14, 39, 50, 79, 74, 71, 10, 112, 110, 95, 127, 66, 18, 22, 69, 27, 109, 3, 5, 47, 9, 67, 11, 38, 80, 1, 72, 102, 123, 68, 43, 77, 7, 103, 2, 6, 111, 73]","[40, 56, 32, 88, 100]"
EXP-XAI-0001,B6:493,MODEL-C4,SINGLE_FEATURE_ABLATION_LOCAL,SINGLE_FEATURE_ABLATION_LOCAL,10,"[40, 56, 32, 88, 100, 61, 121, 90, 64, 101, 24, 96, 19, 21, 98, 120, 28, 48, 37, 20, 113, 57, 51, 97, 128, 59, 23, 46, 42, 36, 16, 55, 29, 107, 83, 13, 124, 122, 63, 94, 85, 92, 34, 84, 49, 117, 116, 89, 41, 31, 93, 81, 82, 4, 25, 108, 45, 87, 15, 75, 52, 104, 125, 118, 26, 106, 54, 70, 33, 53, 12, 114, 126, 60, 44, 65, 115, 78, 119, 105, 86, 8, 76, 62, 17, 91, 30, 58, 99, 35, 14, 39, 50, 79, 74, 71, 10, 112, 110, 95, 127, 66, 18, 22, 69, 27, 109, 3, 5, 47, 9, 67, 11, 38, 80, 1, 72, 102, 123, 68, 43, 77, 7, 103, 2, 6, 111, 73]","[40, 56, 32, 88, 100, 61, 121, 90, 64, 101]"
EXP-XAI-0001,B6:494,MODEL-C4,SINGLE_FEATURE_ABLATION_LOCAL,SINGLE_FEATURE_ABLATION_LOCAL,1,"[100, 32, 40, 56, 61, 101, 113, 19, 109, 121, 24, 64, 28, 108, 120, 90, 48, 60, 98, 107, 37, 23, 88, 36, 20, 89, 122, 51, 97, 31, 124, 96, 104, 92, 83, 29, 87, 21, 13, 63, 55, 46, 105, 4, 114, 116, 127, 123, 57, 54, 45, 41, 126, 42, 94, 25, 15, 91, 44, 8, 93, 34, 106, 26, 59, 95, 75, 58, 86, 35, 30, 50, 81, 118, 110, 52, 128, 12, 112, 14, 85, 70, 65, 33, 10, 2, 78, 69, 115, 11, 39, 9, 49, 117, 82, 43, 99, 62, 3, 38, 47, 16, 79, 76, 102, 84, 18, 66, 74, 77, 73, 71, 125, 17, 72, 5, 7, 27, 1, 67, 119, 6, 103, 22, 53, 68, 111, 80]",[100]
EXP-XAI-0001,B6:494,MODEL-C4,SINGLE_FEATURE_ABLATION_LOCAL,SINGLE_FEATURE_ABLATION_LOCAL,3,"[100, 32, 40, 56, 61, 101, 113, 19, 109, 121, 24, 64, 28, 108, 120, 90, 48, 60, 98, 107, 37, 23, 88, 36, 20, 89, 122, 51, 97, 31, 124, 96, 104, 92, 83, 29, 87, 21, 13, 63, 55, 46, 105, 4, 114, 116, 127, 123, 57, 54, 45, 41, 126, 42, 94, 25, 15, 91, 44, 8, 93, 34, 106, 26, 59, 95, 75, 58, 86, 35, 30, 50, 81, 118, 110, 52, 128, 12, 112, 14, 85, 70, 65, 33, 10, 2, 78, 69, 115, 11, 39, 9, 49, 117, 82, 43, 99, 62, 3, 38, 47, 16, 79, 76, 102, 84, 18, 66, 74, 77, 73, 71, 125, 17, 72, 5, 7, 27, 1, 67, 119, 6, 103, 22, 53, 68, 111, 80]","[100, 32, 40]"
EXP-XAI-0001,B6:494,MODEL-C4,SINGLE_FEATURE_ABLATION_LOCAL,SINGLE_FEATURE_ABLATION_LOCAL,5,"[100, 32, 40, 56, 61, 101, 113, 19, 109, 121, 24, 64, 28, 108, 120, 90, 48, 60, 98, 107, 37, 23, 88, 36, 20, 89, 122, 51, 97, 31, 124, 96, 104, 92, 83, 29, 87, 21, 13, 63, 55, 46, 105, 4, 114, 116, 127, 123, 57, 54, 45, 41, 126, 42, 94, 25, 15, 91, 44, 8, 93, 34, 106, 26, 59, 95, 75, 58, 86, 35, 30, 50, 81, 118, 110, 52, 128, 12, 112, 14, 85, 70, 65, 33, 10, 2, 78, 69, 115, 11, 39, 9, 49, 117, 82, 43, 99, 62, 3, 38, 47, 16, 79, 76, 102, 84, 18, 66, 74, 77, 73, 71, 125, 17, 72, 5, 7, 27, 1, 67, 119, 6, 103, 22, 53, 68, 111, 80]","[100, 32, 40, 56, 61]"
EXP-XAI-0001,B6:494,MODEL-C4,SINGLE_FEATURE_ABLATION_LOCAL,SINGLE_FEATURE_ABLATION_LOCAL,10,"[100, 32, 40, 56, 61, 101, 113, 19, 109, 121, 24, 64, 28, 108, 120, 90, 48, 60, 98, 107, 37, 23, 88, 36, 20, 89, 122, 51, 97, 31, 124, 96, 104, 92, 83, 29, 87, 21, 13, 63, 55, 46, 105, 4, 114, 116, 127, 123, 57, 54, 45, 41, 126, 42, 94, 25, 15, 91, 44, 8, 93, 34, 106, 26, 59, 95, 75, 58, 86, 35, 30, 50, 81, 118, 110, 52, 128, 12, 112, 14, 85, 70, 65, 33, 10, 2, 78, 69, 115, 11, 39, 9, 49, 117, 82, 43, 99, 62, 3, 38, 47, 16, 79, 76, 102, 84, 18, 66, 74, 77, 73, 71, 125, 17, 72, 5, 7, 27, 1, 67, 119, 6, 103, 22, 53, 68, 111, 80]","[100, 32, 40, 56, 61, 101, 113, 19, 109, 121]"
EXP-XAI-0001,B6:495,MODEL-C4,SINGLE_FEATURE_ABLATION_LOCAL,SINGLE_FEATURE_ABLATION_LOCAL,1,"[100, 40, 56, 113, 109, 32, 101, 24, 61, 19, 121, 108, 37, 48, 60, 28, 128, 64, 107, 120, 90, 31, 89, 63, 97, 123, 98, 23, 105, 51, 13, 49, 36, 55, 83, 127, 118, 124, 96, 4, 29, 95, 54, 104, 21, 114, 58, 91, 15, 122, 117, 92, 20, 45, 87, 50, 46, 8, 53, 44, 88, 116, 34, 59, 86, 57, 41, 42, 110, 2, 85, 52, 119, 94, 14, 11, 35, 106, 30, 75, 25, 69, 43, 22, 26, 16, 82, 99, 93, 10, 33, 126, 5, 39, 38, 17, 9, 70, 3, 81, 76, 12, 27, 78, 47, 125, 102, 7, 65, 1, 111, 103, 84, 6, 73, 79, 72, 18, 68, 77, 112, 115, 74, 71, 62, 80, 66, 67]",[100]
EXP-XAI-0001,B6:495,MODEL-C4,SINGLE_FEATURE_ABLATION_LOCAL,SINGLE_FEATURE_ABLATION_LOCAL,3,"[100, 40, 56, 113, 109, 32, 101, 24, 61, 19, 121, 108, 37, 48, 60, 28, 128, 64, 107, 120, 90, 31, 89, 63, 97, 123, 98, 23, 105, 51, 13, 49, 36, 55, 83, 127, 118, 124, 96, 4, 29, 95, 54, 104, 21, 114, 58, 91, 15, 122, 117, 92, 20, 45, 87, 50, 46, 8, 53, 44, 88, 116, 34, 59, 86, 57, 41, 42, 110, 2, 85, 52, 119, 94, 14, 11, 35, 106, 30, 75, 25, 69, 43, 22, 26, 16, 82, 99, 93, 10, 33, 126, 5, 39, 38, 17, 9, 70, 3, 81, 76, 12, 27, 78, 47, 125, 102, 7, 65, 1, 111, 103, 84, 6, 73, 79, 72, 18, 68, 77, 112, 115, 74, 71, 62, 80, 66, 67]","[100, 40, 56]"
EXP-XAI-0001,B6:495,MODEL-C4,SINGLE_FEATURE_ABLATION_LOCAL,SINGLE_FEATURE_ABLATION_LOCAL,5,"[100, 40, 56, 113, 109, 32, 101, 24, 61, 19, 121, 108, 37, 48, 60, 28, 128, 64, 107, 120, 90, 31, 89, 63, 97, 123, 98, 23, 105, 51, 13, 49, 36, 55, 83, 127, 118, 124, 96, 4, 29, 95, 54, 104, 21, 114, 58, 91, 15, 122, 117, 92, 20, 45, 87, 50, 46, 8, 53, 44, 88, 116, 34, 59, 86, 57, 41, 42, 110, 2, 85, 52, 119, 94, 14, 11, 35, 106, 30, 75, 25, 69, 43, 22, 26, 16, 82, 99, 93, 10, 33, 126, 5, 39, 38, 17, 9, 70, 3, 81, 76, 12, 27, 78, 47, 125, 102, 7, 65, 1, 111, 103, 84, 6, 73, 79, 72, 18, 68, 77, 112, 115, 74, 71, 62, 80, 66, 67]","[100, 40, 56, 113, 109]"
EXP-XAI-0001,B6:495,MODEL-C4,SINGLE_FEATURE_ABLATION_LOCAL,SINGLE_FEATURE_ABLATION_LOCAL,10,"[100, 40, 56, 113, 109, 32, 101, 24, 61, 19, 121, 108, 37, 48, 60, 28, 128, 64, 107, 120, 90, 31, 89, 63, 97, 123, 98, 23, 105, 51, 13, 49, 36, 55, 83, 127, 118, 124, 96, 4, 29, 95, 54, 104, 21, 114, 58, 91, 15, 122, 117, 92, 20, 45, 87, 50, 46, 8, 53, 44, 88, 116, 34, 59, 86, 57, 41, 42, 110, 2, 85, 52, 119, 94, 14, 11, 35, 106, 30, 75, 25, 69, 43, 22, 26, 16, 82, 99, 93, 10, 33, 126, 5, 39, 38, 17, 9, 70, 3, 81, 76, 12, 27, 78, 47, 125, 102, 7, 65, 1, 111, 103, 84, 6, 73, 79, 72, 18, 68, 77, 112, 115, 74, 71, 62, 80, 66, 67]","[100, 40, 56, 113, 109, 32, 101, 24, 61, 19]"
EXP-XAI-0001,B6:521,MODEL-C4,SINGLE_FEATURE_ABLATION_LOCAL,SINGLE_FEATURE_ABLATION_LOCAL,1,"[101, 100, 40, 109, 32, 64, 2, 56, 61, 10, 19, 108, 113, 28, 70, 124, 29, 24, 123, 45, 60, 120, 90, 107, 23, 88, 36, 98, 44, 75, 46, 4, 20, 92, 59, 65, 21, 93, 37, 89, 116, 71, 112, 114, 1, 34, 48, 122, 91, 63, 14, 115, 78, 97, 6, 121, 106, 57, 33, 41, 128, 15, 69, 105, 87, 55, 81, 31, 27, 127, 66, 25, 39, 50, 11, 94, 9, 85, 26, 58, 8, 12, 86, 84, 96, 30, 62, 52, 125, 68, 126, 119, 18, 83, 67, 16, 38, 82, 47, 42, 72, 35, 22, 77, 13, 99, 17, 79, 118, 74, 73, 5, 104, 76, 117, 110, 111, 95, 7, 80, 102, 103, 54, 51, 43, 49, 3, 53]",[101]
EXP-XAI-0001,B6:521,MODEL-C4,SINGLE_FEATURE_ABLATION_LOCAL,SINGLE_FEATURE_ABLATION_LOCAL,3,"[101, 100, 40, 109, 32, 64, 2, 56, 61, 10, 19, 108, 113, 28, 70, 124, 29, 24, 123, 45, 60, 120, 90, 107, 23, 88, 36, 98, 44, 75, 46, 4, 20, 92, 59, 65, 21, 93, 37, 89, 116, 71, 112, 114, 1, 34, 48, 122, 91, 63, 14, 115, 78, 97, 6, 121, 106, 57, 33, 41, 128, 15, 69, 105, 87, 55, 81, 31, 27, 127, 66, 25, 39, 50, 11, 94, 9, 85, 26, 58, 8, 12, 86, 84, 96, 30, 62, 52, 125, 68, 126, 119, 18, 83, 67, 16, 38, 82, 47, 42, 72, 35, 22, 77, 13, 99, 17, 79, 118, 74, 73, 5, 104, 76, 117, 110, 111, 95, 7, 80, 102, 103, 54, 51, 43, 49, 3, 53]","[101, 100, 40]"
EXP-XAI-0001,B6:521,MODEL-C4,SINGLE_FEATURE_ABLATION_LOCAL,SINGLE_FEATURE_ABLATION_LOCAL,5,"[101, 100, 40, 109, 32, 64, 2, 56, 61, 10, 19, 108, 113, 28, 70, 124, 29, 24, 123, 45, 60, 120, 90, 107, 23, 88, 36, 98, 44, 75, 46, 4, 20, 92, 59, 65, 21, 93, 37, 89, 116, 71, 112, 114, 1, 34, 48, 122, 91, 63, 14, 115, 78, 97, 6, 121, 106, 57, 33, 41, 128, 15, 69, 105, 87, 55, 81, 31, 27, 127, 66, 25, 39, 50, 11, 94, 9, 85, 26, 58, 8, 12, 86, 84, 96, 30, 62, 52, 125, 68, 126, 119, 18, 83, 67, 16, 38, 82, 47, 42, 72, 35, 22, 77, 13, 99, 17, 79, 118, 74, 73, 5, 104, 76, 117, 110, 111, 95, 7, 80, 102, 103, 54, 51, 43, 49, 3, 53]","[101, 100, 40, 109, 32]"
EXP-XAI-0001,B6:521,MODEL-C4,SINGLE_FEATURE_ABLATION_LOCAL,SINGLE_FEATURE_ABLATION_LOCAL,10,"[101, 100, 40, 109, 32, 64, 2, 56, 61, 10, 19, 108, 113, 28, 70, 124, 29, 24, 123, 45, 60, 120, 90, 107, 23, 88, 36, 98, 44, 75, 46, 4, 20, 92, 59, 65, 21, 93, 37, 89, 116, 71, 112, 114, 1, 34, 48, 122, 91, 63, 14, 115, 78, 97, 6, 121, 106, 57, 33, 41, 128, 15, 69, 105, 87, 55, 81, 31, 27, 127, 66, 25, 39, 50, 11, 94, 9, 85, 26, 58, 8, 12, 86, 84, 96, 30, 62, 52, 125, 68, 126, 119, 18, 83, 67, 16, 38, 82, 47, 42, 72, 35, 22, 77, 13, 99, 17, 79, 118, 74, 73, 5, 104, 76, 117, 110, 111, 95, 7, 80, 102, 103, 54, 51, 43, 49, 3, 53]","[101, 100, 40, 109, 32, 64, 2, 56, 61, 10]"
EXP-XAI-0001,B6:663,MODEL-C4,SINGLE_FEATURE_ABLATION_LOCAL,SINGLE_FEATURE_ABLATION_LOCAL,1,"[56, 40, 32, 88, 48, 90, 64, 24, 113, 57, 101, 96, 59, 85, 120, 21, 46, 81, 19, 2, 121, 100, 55, 98, 93, 117, 13, 25, 83, 42, 128, 10, 61, 82, 16, 97, 123, 76, 115, 94, 20, 84, 108, 58, 17, 27, 28, 87, 31, 34, 124, 41, 49, 70, 45, 63, 86, 78, 15, 38, 62, 107, 122, 65, 105, 95, 54, 53, 79, 37, 99, 23, 14, 127, 118, 66, 33, 5, 89, 75, 112, 29, 22, 67, 109, 39, 126, 119, 51, 43, 69, 18, 72, 92, 50, 71, 114, 52, 30, 116, 35, 47, 73, 8, 4, 77, 9, 106, 125, 68, 3, 12, 110, 26, 91, 36, 80, 104, 60, 7, 1, 44, 11, 111, 6, 103, 74, 102]",[56]
EXP-XAI-0001,B6:663,MODEL-C4,SINGLE_FEATURE_ABLATION_LOCAL,SINGLE_FEATURE_ABLATION_LOCAL,3,"[56, 40, 32, 88, 48, 90, 64, 24, 113, 57, 101, 96, 59, 85, 120, 21, 46, 81, 19, 2, 121, 100, 55, 98, 93, 117, 13, 25, 83, 42, 128, 10, 61, 82, 16, 97, 123, 76, 115, 94, 20, 84, 108, 58, 17, 27, 28, 87, 31, 34, 124, 41, 49, 70, 45, 63, 86, 78, 15, 38, 62, 107, 122, 65, 105, 95, 54, 53, 79, 37, 99, 23, 14, 127, 118, 66, 33, 5, 89, 75, 112, 29, 22, 67, 109, 39, 126, 119, 51, 43, 69, 18, 72, 92, 50, 71, 114, 52, 30, 116, 35, 47, 73, 8, 4, 77, 9, 106, 125, 68, 3, 12, 110, 26, 91, 36, 80, 104, 60, 7, 1, 44, 11, 111, 6, 103, 74, 102]","[56, 40, 32]"
EXP-XAI-0001,B6:663,MODEL-C4,SINGLE_FEATURE_ABLATION_LOCAL,SINGLE_FEATURE_ABLATION_LOCAL,5,"[56, 40, 32, 88, 48, 90, 64, 24, 113, 57, 101, 96, 59, 85, 120, 21, 46, 81, 19, 2, 121, 100, 55, 98, 93, 117, 13, 25, 83, 42, 128, 10, 61, 82, 16, 97, 123, 76, 115, 94, 20, 84, 108, 58, 17, 27, 28, 87, 31, 34, 124, 41, 49, 70, 45, 63, 86, 78, 15, 38, 62, 107, 122, 65, 105, 95, 54, 53, 79, 37, 99, 23, 14, 127, 118, 66, 33, 5, 89, 75, 112, 29, 22, 67, 109, 39, 126, 119, 51, 43, 69, 18, 72, 92, 50, 71, 114, 52, 30, 116, 35, 47, 73, 8, 4, 77, 9, 106, 125, 68, 3, 12, 110, 26, 91, 36, 80, 104, 60, 7, 1, 44, 11, 111, 6, 103, 74, 102]","[56, 40, 32, 88, 48]"
EXP-XAI-0001,B6:663,MODEL-C4,SINGLE_FEATURE_ABLATION_LOCAL,SINGLE_FEATURE_ABLATION_LOCAL,10,"[56, 40, 32, 88, 48, 90, 64, 24, 113, 57, 101, 96, 59, 85, 120, 21, 46, 81, 19, 2, 121, 100, 55, 98, 93, 117, 13, 25, 83, 42, 128, 10, 61, 82, 16, 97, 123, 76, 115, 94, 20, 84, 108, 58, 17, 27, 28, 87, 31, 34, 124, 41, 49, 70, 45, 63, 86, 78, 15, 38, 62, 107, 122, 65, 105, 95, 54, 53, 79, 37, 99, 23, 14, 127, 118, 66, 33, 5, 89, 75, 112, 29, 22, 67, 109, 39, 126, 119, 51, 43, 69, 18, 72, 92, 50, 71, 114, 52, 30, 116, 35, 47, 73, 8, 4, 77, 9, 106, 125, 68, 3, 12, 110, 26, 91, 36, 80, 104, 60, 7, 1, 44, 11, 111, 6, 103, 74, 102]","[56, 40, 32, 88, 48, 90, 64, 24, 113, 57]"
EXP-XAI-0001,B6:665,MODEL-C4,SINGLE_FEATURE_ABLATION_LOCAL,SINGLE_FEATURE_ABLATION_LOCAL,1,"[90, 32, 98, 40, 46, 101, 58, 29, 82, 34, 21, 56, 110, 100, 47, 52, 42, 48, 106, 108, 64, 103, 53, 88, 2, 114, 102, 66, 74, 41, 65, 10, 33, 59, 60, 61, 93, 20, 18, 85, 71, 128, 45, 122, 38, 70, 99, 78, 117, 97, 121, 69, 1, 39, 22, 15, 9, 13, 116, 16, 24, 120, 4, 79, 28, 26, 124, 6, 95, 3, 57, 50, 96, 73, 76, 75, 44, 80, 87, 112, 14, 68, 94, 83, 17, 109, 23, 125, 30, 123, 107, 43, 19, 86, 35, 12, 37, 127, 119, 49, 55, 51, 84, 77, 115, 81, 5, 126, 89, 118, 105, 91, 11, 54, 113, 92, 104, 31, 36, 8, 27, 63, 7, 111, 67, 25, 62, 72]",[90]
EXP-XAI-0001,B6:665,MODEL-C4,SINGLE_FEATURE_ABLATION_LOCAL,SINGLE_FEATURE_ABLATION_LOCAL,3,"[90, 32, 98, 40, 46, 101, 58, 29, 82, 34, 21, 56, 110, 100, 47, 52, 42, 48, 106, 108, 64, 103, 53, 88, 2, 114, 102, 66, 74, 41, 65, 10, 33, 59, 60, 61, 93, 20, 18, 85, 71, 128, 45, 122, 38, 70, 99, 78, 117, 97, 121, 69, 1, 39, 22, 15, 9, 13, 116, 16, 24, 120, 4, 79, 28, 26, 124, 6, 95, 3, 57, 50, 96, 73, 76, 75, 44, 80, 87, 112, 14, 68, 94, 83, 17, 109, 23, 125, 30, 123, 107, 43, 19, 86, 35, 12, 37, 127, 119, 49, 55, 51, 84, 77, 115, 81, 5, 126, 89, 118, 105, 91, 11, 54, 113, 92, 104, 31, 36, 8, 27, 63, 7, 111, 67, 25, 62, 72]","[90, 32, 98]"
EXP-XAI-0001,B6:665,MODEL-C4,SINGLE_FEATURE_ABLATION_LOCAL,SINGLE_FEATURE_ABLATION_LOCAL,5,"[90, 32, 98, 40, 46, 101, 58, 29, 82, 34, 21, 56, 110, 100, 47, 52, 42, 48, 106, 108, 64, 103, 53, 88, 2, 114, 102, 66, 74, 41, 65, 10, 33, 59, 60, 61, 93, 20, 18, 85, 71, 128, 45, 122, 38, 70, 99, 78, 117, 97, 121, 69, 1, 39, 22, 15, 9, 13, 116, 16, 24, 120, 4, 79, 28, 26, 124, 6, 95, 3, 57, 50, 96, 73, 76, 75, 44, 80, 87, 112, 14, 68, 94, 83, 17, 109, 23, 125, 30, 123, 107, 43, 19, 86, 35, 12, 37, 127, 119, 49, 55, 51, 84, 77, 115, 81, 5, 126, 89, 118, 105, 91, 11, 54, 113, 92, 104, 31, 36, 8, 27, 63, 7, 111, 67, 25, 62, 72]","[90, 32, 98, 40, 46]"
EXP-XAI-0001,B6:665,MODEL-C4,SINGLE_FEATURE_ABLATION_LOCAL,SINGLE_FEATURE_ABLATION_LOCAL,10,"[90, 32, 98, 40, 46, 101, 58, 29, 82, 34, 21, 56, 110, 100, 47, 52, 42, 48, 106, 108, 64, 103, 53, 88, 2, 114, 102, 66, 74, 41, 65, 10, 33, 59, 60, 61, 93, 20, 18, 85, 71, 128, 45, 122, 38, 70, 99, 78, 117, 97, 121, 69, 1, 39, 22, 15, 9, 13, 116, 16, 24, 120, 4, 79, 28, 26, 124, 6, 95, 3, 57, 50, 96, 73, 76, 75, 44, 80, 87, 112, 14, 68, 94, 83, 17, 109, 23, 125, 30, 123, 107, 43, 19, 86, 35, 12, 37, 127, 119, 49, 55, 51, 84, 77, 115, 81, 5, 126, 89, 118, 105, 91, 11, 54, 113, 92, 104, 31, 36, 8, 27, 63, 7, 111, 67, 25, 62, 72]","[90, 32, 98, 40, 46, 101, 58, 29, 82, 34]"
EXP-XAI-0001,B6:1329,MODEL-C4,SINGLE_FEATURE_ABLATION_LOCAL,SINGLE_FEATURE_ABLATION_LOCAL,1,"[90, 89, 58, 10, 41, 87, 2, 26, 42, 122, 97, 100, 19, 17, 33, 82, 111, 121, 25, 1, 85, 35, 78, 38, 59, 27, 22, 12, 65, 48, 86, 102, 95, 44, 9, 62, 36, 123, 126, 81, 47, 16, 124, 66, 20, 92, 127, 75, 84, 63, 73, 30, 51, 119, 39, 114, 60, 15, 11, 115, 6, 108, 110, 67, 70, 103, 55, 23, 53, 50, 107, 93, 5, 8, 34, 46, 54, 4, 74, 28, 72, 45, 18, 94, 113, 125, 80, 106, 57, 13, 40, 71, 116, 76, 88, 98, 117, 83, 32, 109, 52, 120, 56, 7, 43, 14, 64, 68, 101, 105, 61, 31, 21, 37, 3, 96, 29, 118, 69, 104, 24, 128, 91, 112, 79, 77, 99, 49]",[90]
EXP-XAI-0001,B6:1329,MODEL-C4,SINGLE_FEATURE_ABLATION_LOCAL,SINGLE_FEATURE_ABLATION_LOCAL,3,"[90, 89, 58, 10, 41, 87, 2, 26, 42, 122, 97, 100, 19, 17, 33, 82, 111, 121, 25, 1, 85, 35, 78, 38, 59, 27, 22, 12, 65, 48, 86, 102, 95, 44, 9, 62, 36, 123, 126, 81, 47, 16, 124, 66, 20, 92, 127, 75, 84, 63, 73, 30, 51, 119, 39, 114, 60, 15, 11, 115, 6, 108, 110, 67, 70, 103, 55, 23, 53, 50, 107, 93, 5, 8, 34, 46, 54, 4, 74, 28, 72, 45, 18, 94, 113, 125, 80, 106, 57, 13, 40, 71, 116, 76, 88, 98, 117, 83, 32, 109, 52, 120, 56, 7, 43, 14, 64, 68, 101, 105, 61, 31, 21, 37, 3, 96, 29, 118, 69, 104, 24, 128, 91, 112, 79, 77, 99, 49]","[90, 89, 58]"
EXP-XAI-0001,B6:1329,MODEL-C4,SINGLE_FEATURE_ABLATION_LOCAL,SINGLE_FEATURE_ABLATION_LOCAL,5,"[90, 89, 58, 10, 41, 87, 2, 26, 42, 122, 97, 100, 19, 17, 33, 82, 111, 121, 25, 1, 85, 35, 78, 38, 59, 27, 22, 12, 65, 48, 86, 102, 95, 44, 9, 62, 36, 123, 126, 81, 47, 16, 124, 66, 20, 92, 127, 75, 84, 63, 73, 30, 51, 119, 39, 114, 60, 15, 11, 115, 6, 108, 110, 67, 70, 103, 55, 23, 53, 50, 107, 93, 5, 8, 34, 46, 54, 4, 74, 28, 72, 45, 18, 94, 113, 125, 80, 106, 57, 13, 40, 71, 116, 76, 88, 98, 117, 83, 32, 109, 52, 120, 56, 7, 43, 14, 64, 68, 101, 105, 61, 31, 21, 37, 3, 96, 29, 118, 69, 104, 24, 128, 91, 112, 79, 77, 99, 49]","[90, 89, 58, 10, 41]"
EXP-XAI-0001,B6:1329,MODEL-C4,SINGLE_FEATURE_ABLATION_LOCAL,SINGLE_FEATURE_ABLATION_LOCAL,10,"[90, 89, 58, 10, 41, 87, 2, 26, 42, 122, 97, 100, 19, 17, 33, 82, 111, 121, 25, 1, 85, 35, 78, 38, 59, 27, 22, 12, 65, 48, 86, 102, 95, 44, 9, 62, 36, 123, 126, 81, 47, 16, 124, 66, 20, 92, 127, 75, 84, 63, 73, 30, 51, 119, 39, 114, 60, 15, 11, 115, 6, 108, 110, 67, 70, 103, 55, 23, 53, 50, 107, 93, 5, 8, 34, 46, 54, 4, 74, 28, 72, 45, 18, 94, 113, 125, 80, 106, 57, 13, 40, 71, 116, 76, 88, 98, 117, 83, 32, 109, 52, 120, 56, 7, 43, 14, 64, 68, 101, 105, 61, 31, 21, 37, 3, 96, 29, 118, 69, 104, 24, 128, 91, 112, 79, 77, 99, 49]","[90, 89, 58, 10, 41, 87, 2, 26, 42, 122]"
EXP-XAI-0001,B6:1384,MODEL-C4,SINGLE_FEATURE_ABLATION_LOCAL,SINGLE_FEATURE_ABLATION_LOCAL,1,"[56, 64, 48, 10, 120, 32, 122, 42, 96, 90, 78, 88, 16, 79, 93, 18, 17, 24, 53, 128, 57, 104, 105, 123, 36, 106, 101, 98, 70, 21, 29, 34, 81, 59, 58, 82, 47, 102, 8, 67, 45, 69, 66, 27, 6, 83, 25, 61, 37, 76, 68, 121, 65, 63, 85, 99, 2, 91, 77, 125, 100, 75, 111, 110, 114, 117, 80, 89, 97, 71, 60, 73, 54, 43, 72, 5, 26, 51, 94, 44, 4, 127, 40, 103, 38, 115, 35, 74, 15, 62, 13, 52, 124, 23, 33, 46, 19, 126, 49, 112, 1, 41, 39, 31, 20, 87, 113, 12, 7, 108, 118, 30, 86, 3, 28, 50, 11, 14, 84, 9, 92, 109, 95, 116, 107, 119, 55, 22]",[56]
EXP-XAI-0001,B6:1384,MODEL-C4,SINGLE_FEATURE_ABLATION_LOCAL,SINGLE_FEATURE_ABLATION_LOCAL,3,"[56, 64, 48, 10, 120, 32, 122, 42, 96, 90, 78, 88, 16, 79, 93, 18, 17, 24, 53, 128, 57, 104, 105, 123, 36, 106, 101, 98, 70, 21, 29, 34, 81, 59, 58, 82, 47, 102, 8, 67, 45, 69, 66, 27, 6, 83, 25, 61, 37, 76, 68, 121, 65, 63, 85, 99, 2, 91, 77, 125, 100, 75, 111, 110, 114, 117, 80, 89, 97, 71, 60, 73, 54, 43, 72, 5, 26, 51, 94, 44, 4, 127, 40, 103, 38, 115, 35, 74, 15, 62, 13, 52, 124, 23, 33, 46, 19, 126, 49, 112, 1, 41, 39, 31, 20, 87, 113, 12, 7, 108, 118, 30, 86, 3, 28, 50, 11, 14, 84, 9, 92, 109, 95, 116, 107, 119, 55, 22]","[56, 64, 48]"
EXP-XAI-0001,B6:1384,MODEL-C4,SINGLE_FEATURE_ABLATION_LOCAL,SINGLE_FEATURE_ABLATION_LOCAL,5,"[56, 64, 48, 10, 120, 32, 122, 42, 96, 90, 78, 88, 16, 79, 93, 18, 17, 24, 53, 128, 57, 104, 105, 123, 36, 106, 101, 98, 70, 21, 29, 34, 81, 59, 58, 82, 47, 102, 8, 67, 45, 69, 66, 27, 6, 83, 25, 61, 37, 76, 68, 121, 65, 63, 85, 99, 2, 91, 77, 125, 100, 75, 111, 110, 114, 117, 80, 89, 97, 71, 60, 73, 54, 43, 72, 5, 26, 51, 94, 44, 4, 127, 40, 103, 38, 115, 35, 74, 15, 62, 13, 52, 124, 23, 33, 46, 19, 126, 49, 112, 1, 41, 39, 31, 20, 87, 113, 12, 7, 108, 118, 30, 86, 3, 28, 50, 11, 14, 84, 9, 92, 109, 95, 116, 107, 119, 55, 22]","[56, 64, 48, 10, 120]"
EXP-XAI-0001,B6:1384,MODEL-C4,SINGLE_FEATURE_ABLATION_LOCAL,SINGLE_FEATURE_ABLATION_LOCAL,10,"[56, 64, 48, 10, 120, 32, 122, 42, 96, 90, 78, 88, 16, 79, 93, 18, 17, 24, 53, 128, 57, 104, 105, 123, 36, 106, 101, 98, 70, 21, 29, 34, 81, 59, 58, 82, 47, 102, 8, 67, 45, 69, 66, 27, 6, 83, 25, 61, 37, 76, 68, 121, 65, 63, 85, 99, 2, 91, 77, 125, 100, 75, 111, 110, 114, 117, 80, 89, 97, 71, 60, 73, 54, 43, 72, 5, 26, 51, 94, 44, 4, 127, 40, 103, 38, 115, 35, 74, 15, 62, 13, 52, 124, 23, 33, 46, 19, 126, 49, 112, 1, 41, 39, 31, 20, 87, 113, 12, 7, 108, 118, 30, 86, 3, 28, 50, 11, 14, 84, 9, 92, 109, 95, 116, 107, 119, 55, 22]","[56, 64, 48, 10, 120, 32, 122, 42, 96, 90]"
EXP-XAI-0001,B6:1389,MODEL-C4,SINGLE_FEATURE_ABLATION_LOCAL,SINGLE_FEATURE_ABLATION_LOCAL,1,"[64, 56, 120, 32, 122, 88, 42, 48, 10, 96, 78, 70, 24, 105, 106, 101, 114, 16, 37, 79, 17, 18, 93, 90, 125, 117, 25, 66, 123, 98, 67, 82, 29, 36, 81, 53, 59, 40, 21, 76, 50, 65, 68, 26, 99, 51, 104, 128, 94, 112, 91, 77, 46, 27, 110, 83, 33, 34, 61, 15, 41, 115, 6, 118, 58, 69, 2, 75, 80, 72, 102, 113, 31, 23, 109, 63, 121, 97, 100, 38, 103, 39, 126, 8, 119, 45, 5, 43, 62, 111, 86, 60, 35, 95, 85, 44, 74, 52, 4, 73, 13, 1, 47, 19, 89, 57, 55, 71, 127, 54, 116, 84, 22, 28, 108, 9, 49, 124, 12, 7, 92, 3, 87, 11, 20, 107, 14, 30]",[64]
EXP-XAI-0001,B6:1389,MODEL-C4,SINGLE_FEATURE_ABLATION_LOCAL,SINGLE_FEATURE_ABLATION_LOCAL,3,"[64, 56, 120, 32, 122, 88, 42, 48, 10, 96, 78, 70, 24, 105, 106, 101, 114, 16, 37, 79, 17, 18, 93, 90, 125, 117, 25, 66, 123, 98, 67, 82, 29, 36, 81, 53, 59, 40, 21, 76, 50, 65, 68, 26, 99, 51, 104, 128, 94, 112, 91, 77, 46, 27, 110, 83, 33, 34, 61, 15, 41, 115, 6, 118, 58, 69, 2, 75, 80, 72, 102, 113, 31, 23, 109, 63, 121, 97, 100, 38, 103, 39, 126, 8, 119, 45, 5, 43, 62, 111, 86, 60, 35, 95, 85, 44, 74, 52, 4, 73, 13, 1, 47, 19, 89, 57, 55, 71, 127, 54, 116, 84, 22, 28, 108, 9, 49, 124, 12, 7, 92, 3, 87, 11, 20, 107, 14, 30]","[64, 56, 120]"
EXP-XAI-0001,B6:1389,MODEL-C4,SINGLE_FEATURE_ABLATION_LOCAL,SINGLE_FEATURE_ABLATION_LOCAL,5,"[64, 56, 120, 32, 122, 88, 42, 48, 10, 96, 78, 70, 24, 105, 106, 101, 114, 16, 37, 79, 17, 18, 93, 90, 125, 117, 25, 66, 123, 98, 67, 82, 29, 36, 81, 53, 59, 40, 21, 76, 50, 65, 68, 26, 99, 51, 104, 128, 94, 112, 91, 77, 46, 27, 110, 83, 33, 34, 61, 15, 41, 115, 6, 118, 58, 69, 2, 75, 80, 72, 102, 113, 31, 23, 109, 63, 121, 97, 100, 38, 103, 39, 126, 8, 119, 45, 5, 43, 62, 111, 86, 60, 35, 95, 85, 44, 74, 52, 4, 73, 13, 1, 47, 19, 89, 57, 55, 71, 127, 54, 116, 84, 22, 28, 108, 9, 49, 124, 12, 7, 92, 3, 87, 11, 20, 107, 14, 30]","[64, 56, 120, 32, 122]"
EXP-XAI-0001,B6:1389,MODEL-C4,SINGLE_FEATURE_ABLATION_LOCAL,SINGLE_FEATURE_ABLATION_LOCAL,10,"[64, 56, 120, 32, 122, 88, 42, 48, 10, 96, 78, 70, 24, 105, 106, 101, 114, 16, 37, 79, 17, 18, 93, 90, 125, 117, 25, 66, 123, 98, 67, 82, 29, 36, 81, 53, 59, 40, 21, 76, 50, 65, 68, 26, 99, 51, 104, 128, 94, 112, 91, 77, 46, 27, 110, 83, 33, 34, 61, 15, 41, 115, 6, 118, 58, 69, 2, 75, 80, 72, 102, 113, 31, 23, 109, 63, 121, 97, 100, 38, 103, 39, 126, 8, 119, 45, 5, 43, 62, 111, 86, 60, 35, 95, 85, 44, 74, 52, 4, 73, 13, 1, 47, 19, 89, 57, 55, 71, 127, 54, 116, 84, 22, 28, 108, 9, 49, 124, 12, 7, 92, 3, 87, 11, 20, 107, 14, 30]","[64, 56, 120, 32, 122, 88, 42, 48, 10, 96]"
EXP-XAI-0001,B6:1811,MODEL-C4,SINGLE_FEATURE_ABLATION_LOCAL,SINGLE_FEATURE_ABLATION_LOCAL,1,"[32, 109, 40, 100, 56, 98, 64, 122, 120, 16, 101, 60, 53, 37, 45, 61, 114, 42, 24, 90, 113, 88, 75, 58, 124, 26, 108, 36, 34, 106, 19, 63, 104, 82, 2, 125, 47, 87, 46, 35, 28, 107, 8, 99, 73, 48, 31, 52, 85, 115, 41, 4, 39, 127, 15, 118, 54, 94, 29, 18, 78, 84, 89, 66, 50, 65, 51, 77, 11, 70, 43, 57, 23, 95, 86, 97, 59, 72, 117, 44, 12, 49, 14, 126, 33, 27, 110, 17, 30, 68, 74, 76, 55, 67, 105, 112, 38, 62, 96, 5, 20, 123, 93, 79, 71, 10, 111, 92, 83, 9, 22, 119, 69, 91, 3, 80, 121, 25, 116, 1, 13, 103, 6, 128, 7, 81, 102, 21]",[32]
EXP-XAI-0001,B6:1811,MODEL-C4,SINGLE_FEATURE_ABLATION_LOCAL,SINGLE_FEATURE_ABLATION_LOCAL,3,"[32, 109, 40, 100, 56, 98, 64, 122, 120, 16, 101, 60, 53, 37, 45, 61, 114, 42, 24, 90, 113, 88, 75, 58, 124, 26, 108, 36, 34, 106, 19, 63, 104, 82, 2, 125, 47, 87, 46, 35, 28, 107, 8, 99, 73, 48, 31, 52, 85, 115, 41, 4, 39, 127, 15, 118, 54, 94, 29, 18, 78, 84, 89, 66, 50, 65, 51, 77, 11, 70, 43, 57, 23, 95, 86, 97, 59, 72, 117, 44, 12, 49, 14, 126, 33, 27, 110, 17, 30, 68, 74, 76, 55, 67, 105, 112, 38, 62, 96, 5, 20, 123, 93, 79, 71, 10, 111, 92, 83, 9, 22, 119, 69, 91, 3, 80, 121, 25, 116, 1, 13, 103, 6, 128, 7, 81, 102, 21]","[32, 109, 40]"
EXP-XAI-0001,B6:1811,MODEL-C4,SINGLE_FEATURE_ABLATION_LOCAL,SINGLE_FEATURE_ABLATION_LOCAL,5,"[32, 109, 40, 100, 56, 98, 64, 122, 120, 16, 101, 60, 53, 37, 45, 61, 114, 42, 24, 90, 113, 88, 75, 58, 124, 26, 108, 36, 34, 106, 19, 63, 104, 82, 2, 125, 47, 87, 46, 35, 28, 107, 8, 99, 73, 48, 31, 52, 85, 115, 41, 4, 39, 127, 15, 118, 54, 94, 29, 18, 78, 84, 89, 66, 50, 65, 51, 77, 11, 70, 43, 57, 23, 95, 86, 97, 59, 72, 117, 44, 12, 49, 14, 126, 33, 27, 110, 17, 30, 68, 74, 76, 55, 67, 105, 112, 38, 62, 96, 5, 20, 123, 93, 79, 71, 10, 111, 92, 83, 9, 22, 119, 69, 91, 3, 80, 121, 25, 116, 1, 13, 103, 6, 128, 7, 81, 102, 21]","[32, 109, 40, 100, 56]"
EXP-XAI-0001,B6:1811,MODEL-C4,SINGLE_FEATURE_ABLATION_LOCAL,SINGLE_FEATURE_ABLATION_LOCAL,10,"[32, 109, 40, 100, 56, 98, 64, 122, 120, 16, 101, 60, 53, 37, 45, 61, 114, 42, 24, 90, 113, 88, 75, 58, 124, 26, 108, 36, 34, 106, 19, 63, 104, 82, 2, 125, 47, 87, 46, 35, 28, 107, 8, 99, 73, 48, 31, 52, 85, 115, 41, 4, 39, 127, 15, 118, 54, 94, 29, 18, 78, 84, 89, 66, 50, 65, 51, 77, 11, 70, 43, 57, 23, 95, 86, 97, 59, 72, 117, 44, 12, 49, 14, 126, 33, 27, 110, 17, 30, 68, 74, 76, 55, 67, 105, 112, 38, 62, 96, 5, 20, 123, 93, 79, 71, 10, 111, 92, 83, 9, 22, 119, 69, 91, 3, 80, 121, 25, 116, 1, 13, 103, 6, 128, 7, 81, 102, 21]","[32, 109, 40, 100, 56, 98, 64, 122, 120, 16]"
EXP-XAI-0001,B6:1896,MODEL-C4,SINGLE_FEATURE_ABLATION_LOCAL,SINGLE_FEATURE_ABLATION_LOCAL,1,"[66, 2, 10, 32, 64, 42, 108, 39, 78, 34, 109, 79, 100, 53, 74, 101, 58, 99, 71, 47, 25, 76, 43, 111, 77, 37, 9, 96, 106, 24, 110, 112, 63, 68, 102, 81, 107, 98, 69, 48, 122, 86, 1, 30, 40, 118, 5, 73, 33, 44, 120, 46, 65, 127, 114, 117, 87, 67, 23, 36, 45, 31, 75, 83, 126, 105, 38, 7, 72, 14, 8, 27, 50, 54, 103, 49, 56, 22, 26, 21, 119, 104, 57, 12, 80, 29, 82, 121, 41, 55, 60, 89, 123, 6, 95, 28, 88, 84, 18, 94, 35, 61, 20, 93, 4, 62, 13, 70, 11, 115, 51, 125, 19, 17, 92, 97, 85, 91, 124, 113, 128, 16, 15, 116, 3, 59, 90, 52]",[66]
EXP-XAI-0001,B6:1896,MODEL-C4,SINGLE_FEATURE_ABLATION_LOCAL,SINGLE_FEATURE_ABLATION_LOCAL,3,"[66, 2, 10, 32, 64, 42, 108, 39, 78, 34, 109, 79, 100, 53, 74, 101, 58, 99, 71, 47, 25, 76, 43, 111, 77, 37, 9, 96, 106, 24, 110, 112, 63, 68, 102, 81, 107, 98, 69, 48, 122, 86, 1, 30, 40, 118, 5, 73, 33, 44, 120, 46, 65, 127, 114, 117, 87, 67, 23, 36, 45, 31, 75, 83, 126, 105, 38, 7, 72, 14, 8, 27, 50, 54, 103, 49, 56, 22, 26, 21, 119, 104, 57, 12, 80, 29, 82, 121, 41, 55, 60, 89, 123, 6, 95, 28, 88, 84, 18, 94, 35, 61, 20, 93, 4, 62, 13, 70, 11, 115, 51, 125, 19, 17, 92, 97, 85, 91, 124, 113, 128, 16, 15, 116, 3, 59, 90, 52]","[66, 2, 10]"
EXP-XAI-0001,B6:1896,MODEL-C4,SINGLE_FEATURE_ABLATION_LOCAL,SINGLE_FEATURE_ABLATION_LOCAL,5,"[66, 2, 10, 32, 64, 42, 108, 39, 78, 34, 109, 79, 100, 53, 74, 101, 58, 99, 71, 47, 25, 76, 43, 111, 77, 37, 9, 96, 106, 24, 110, 112, 63, 68, 102, 81, 107, 98, 69, 48, 122, 86, 1, 30, 40, 118, 5, 73, 33, 44, 120, 46, 65, 127, 114, 117, 87, 67, 23, 36, 45, 31, 75, 83, 126, 105, 38, 7, 72, 14, 8, 27, 50, 54, 103, 49, 56, 22, 26, 21, 119, 104, 57, 12, 80, 29, 82, 121, 41, 55, 60, 89, 123, 6, 95, 28, 88, 84, 18, 94, 35, 61, 20, 93, 4, 62, 13, 70, 11, 115, 51, 125, 19, 17, 92, 97, 85, 91, 124, 113, 128, 16, 15, 116, 3, 59, 90, 52]","[66, 2, 10, 32, 64]"
EXP-XAI-0001,B6:1896,MODEL-C4,SINGLE_FEATURE_ABLATION_LOCAL,SINGLE_FEATURE_ABLATION_LOCAL,10,"[66, 2, 10, 32, 64, 42, 108, 39, 78, 34, 109, 79, 100, 53, 74, 101, 58, 99, 71, 47, 25, 76, 43, 111, 77, 37, 9, 96, 106, 24, 110, 112, 63, 68, 102, 81, 107, 98, 69, 48, 122, 86, 1, 30, 40, 118, 5, 73, 33, 44, 120, 46, 65, 127, 114, 117, 87, 67, 23, 36, 45, 31, 75, 83, 126, 105, 38, 7, 72, 14, 8, 27, 50, 54, 103, 49, 56, 22, 26, 21, 119, 104, 57, 12, 80, 29, 82, 121, 41, 55, 60, 89, 123, 6, 95, 28, 88, 84, 18, 94, 35, 61, 20, 93, 4, 62, 13, 70, 11, 115, 51, 125, 19, 17, 92, 97, 85, 91, 124, 113, 128, 16, 15, 116, 3, 59, 90, 52]","[66, 2, 10, 32, 64, 42, 108, 39, 78, 34]"
EXP-XAI-0001,B10:0,MODEL-C4,SINGLE_FEATURE_ABLATION_LOCAL,SINGLE_FEATURE_ABLATION_LOCAL,1,"[89, 41, 22, 58, 19, 87, 109, 86, 122, 23, 90, 26, 30, 97, 105, 17, 82, 9, 16, 63, 94, 34, 42, 73, 104, 18, 79, 27, 111, 69, 121, 126, 85, 95, 13, 51, 14, 15, 12, 1, 39, 112, 102, 78, 62, 77, 5, 110, 84, 118, 76, 20, 114, 66, 33, 24, 45, 57, 74, 120, 113, 43, 65, 67, 64, 59, 98, 72, 83, 37, 106, 123, 28, 119, 32, 44, 6, 52, 4, 7, 99, 31, 8, 80, 35, 49, 91, 93, 101, 54, 53, 50, 25, 88, 60, 68, 21, 75, 56, 92, 81, 128, 47, 48, 55, 38, 71, 70, 10, 61, 103, 117, 2, 115, 36, 100, 96, 11, 116, 29, 40, 3, 124, 125, 108, 107, 127, 46]",[89]
EXP-XAI-0001,B10:0,MODEL-C4,SINGLE_FEATURE_ABLATION_LOCAL,SINGLE_FEATURE_ABLATION_LOCAL,3,"[89, 41, 22, 58, 19, 87, 109, 86, 122, 23, 90, 26, 30, 97, 105, 17, 82, 9, 16, 63, 94, 34, 42, 73, 104, 18, 79, 27, 111, 69, 121, 126, 85, 95, 13, 51, 14, 15, 12, 1, 39, 112, 102, 78, 62, 77, 5, 110, 84, 118, 76, 20, 114, 66, 33, 24, 45, 57, 74, 120, 113, 43, 65, 67, 64, 59, 98, 72, 83, 37, 106, 123, 28, 119, 32, 44, 6, 52, 4, 7, 99, 31, 8, 80, 35, 49, 91, 93, 101, 54, 53, 50, 25, 88, 60, 68, 21, 75, 56, 92, 81, 128, 47, 48, 55, 38, 71, 70, 10, 61, 103, 117, 2, 115, 36, 100, 96, 11, 116, 29, 40, 3, 124, 125, 108, 107, 127, 46]","[89, 41, 22]"
EXP-XAI-0001,B10:0,MODEL-C4,SINGLE_FEATURE_ABLATION_LOCAL,SINGLE_FEATURE_ABLATION_LOCAL,5,"[89, 41, 22, 58, 19, 87, 109, 86, 122, 23, 90, 26, 30, 97, 105, 17, 82, 9, 16, 63, 94, 34, 42, 73, 104, 18, 79, 27, 111, 69, 121, 126, 85, 95, 13, 51, 14, 15, 12, 1, 39, 112, 102, 78, 62, 77, 5, 110, 84, 118, 76, 20, 114, 66, 33, 24, 45, 57, 74, 120, 113, 43, 65, 67, 64, 59, 98, 72, 83, 37, 106, 123, 28, 119, 32, 44, 6, 52, 4, 7, 99, 31, 8, 80, 35, 49, 91, 93, 101, 54, 53, 50, 25, 88, 60, 68, 21, 75, 56, 92, 81, 128, 47, 48, 55, 38, 71, 70, 10, 61, 103, 117, 2, 115, 36, 100, 96, 11, 116, 29, 40, 3, 124, 125, 108, 107, 127, 46]","[89, 41, 22, 58, 19]"
EXP-XAI-0001,B10:0,MODEL-C4,SINGLE_FEATURE_ABLATION_LOCAL,SINGLE_FEATURE_ABLATION_LOCAL,10,"[89, 41, 22, 58, 19, 87, 109, 86, 122, 23, 90, 26, 30, 97, 105, 17, 82, 9, 16, 63, 94, 34, 42, 73, 104, 18, 79, 27, 111, 69, 121, 126, 85, 95, 13, 51, 14, 15, 12, 1, 39, 112, 102, 78, 62, 77, 5, 110, 84, 118, 76, 20, 114, 66, 33, 24, 45, 57, 74, 120, 113, 43, 65, 67, 64, 59, 98, 72, 83, 37, 106, 123, 28, 119, 32, 44, 6, 52, 4, 7, 99, 31, 8, 80, 35, 49, 91, 93, 101, 54, 53, 50, 25, 88, 60, 68, 21, 75, 56, 92, 81, 128, 47, 48, 55, 38, 71, 70, 10, 61, 103, 117, 2, 115, 36, 100, 96, 11, 116, 29, 40, 3, 124, 125, 108, 107, 127, 46]","[89, 41, 22, 58, 19, 87, 109, 86, 122, 23]"
EXP-XAI-0001,B10:1,MODEL-C4,SINGLE_FEATURE_ABLATION_LOCAL,SINGLE_FEATURE_ABLATION_LOCAL,1,"[90, 89, 58, 10, 42, 87, 2, 19, 82, 41, 26, 100, 17, 22, 122, 1, 97, 111, 62, 12, 95, 65, 33, 34, 102, 86, 44, 63, 78, 25, 59, 23, 121, 35, 27, 16, 30, 123, 81, 112, 85, 126, 9, 38, 18, 84, 127, 119, 73, 51, 5, 55, 20, 36, 6, 53, 66, 75, 74, 70, 94, 50, 115, 108, 39, 109, 60, 98, 113, 92, 4, 64, 15, 28, 11, 124, 54, 99, 32, 57, 56, 67, 47, 103, 8, 104, 125, 101, 72, 88, 13, 48, 83, 24, 116, 93, 107, 80, 120, 77, 46, 69, 49, 106, 71, 7, 76, 105, 117, 21, 91, 31, 45, 79, 52, 61, 96, 128, 14, 43, 110, 68, 40, 118, 29, 114, 3, 37]",[90]
EXP-XAI-0001,B10:1,MODEL-C4,SINGLE_FEATURE_ABLATION_LOCAL,SINGLE_FEATURE_ABLATION_LOCAL,3,"[90, 89, 58, 10, 42, 87, 2, 19, 82, 41, 26, 100, 17, 22, 122, 1, 97, 111, 62, 12, 95, 65, 33, 34, 102, 86, 44, 63, 78, 25, 59, 23, 121, 35, 27, 16, 30, 123, 81, 112, 85, 126, 9, 38, 18, 84, 127, 119, 73, 51, 5, 55, 20, 36, 6, 53, 66, 75, 74, 70, 94, 50, 115, 108, 39, 109, 60, 98, 113, 92, 4, 64, 15, 28, 11, 124, 54, 99, 32, 57, 56, 67, 47, 103, 8, 104, 125, 101, 72, 88, 13, 48, 83, 24, 116, 93, 107, 80, 120, 77, 46, 69, 49, 106, 71, 7, 76, 105, 117, 21, 91, 31, 45, 79, 52, 61, 96, 128, 14, 43, 110, 68, 40, 118, 29, 114, 3, 37]","[90, 89, 58]"
EXP-XAI-0001,B10:1,MODEL-C4,SINGLE_FEATURE_ABLATION_LOCAL,SINGLE_FEATURE_ABLATION_LOCAL,5,"[90, 89, 58, 10, 42, 87, 2, 19, 82, 41, 26, 100, 17, 22, 122, 1, 97, 111, 62, 12, 95, 65, 33, 34, 102, 86, 44, 63, 78, 25, 59, 23, 121, 35, 27, 16, 30, 123, 81, 112, 85, 126, 9, 38, 18, 84, 127, 119, 73, 51, 5, 55, 20, 36, 6, 53, 66, 75, 74, 70, 94, 50, 115, 108, 39, 109, 60, 98, 113, 92, 4, 64, 15, 28, 11, 124, 54, 99, 32, 57, 56, 67, 47, 103, 8, 104, 125, 101, 72, 88, 13, 48, 83, 24, 116, 93, 107, 80, 120, 77, 46, 69, 49, 106, 71, 7, 76, 105, 117, 21, 91, 31, 45, 79, 52, 61, 96, 128, 14, 43, 110, 68, 40, 118, 29, 114, 3, 37]","[90, 89, 58, 10, 42]"
EXP-XAI-0001,B10:1,MODEL-C4,SINGLE_FEATURE_ABLATION_LOCAL,SINGLE_FEATURE_ABLATION_LOCAL,10,"[90, 89, 58, 10, 42, 87, 2, 19, 82, 41, 26, 100, 17, 22, 122, 1, 97, 111, 62, 12, 95, 65, 33, 34, 102, 86, 44, 63, 78, 25, 59, 23, 121, 35, 27, 16, 30, 123, 81, 112, 85, 126, 9, 38, 18, 84, 127, 119, 73, 51, 5, 55, 20, 36, 6, 53, 66, 75, 74, 70, 94, 50, 115, 108, 39, 109, 60, 98, 113, 92, 4, 64, 15, 28, 11, 124, 54, 99, 32, 57, 56, 67, 47, 103, 8, 104, 125, 101, 72, 88, 13, 48, 83, 24, 116, 93, 107, 80, 120, 77, 46, 69, 49, 106, 71, 7, 76, 105, 117, 21, 91, 31, 45, 79, 52, 61, 96, 128, 14, 43, 110, 68, 40, 118, 29, 114, 3, 37]","[90, 89, 58, 10, 42, 87, 2, 19, 82, 41]"
EXP-XAI-0001,B10:2,MODEL-C4,SINGLE_FEATURE_ABLATION_LOCAL,SINGLE_FEATURE_ABLATION_LOCAL,1,"[109, 100, 40, 2, 37, 112, 108, 44, 101, 66, 74, 45, 128, 120, 53, 99, 36, 32, 89, 104, 79, 48, 29, 35, 123, 107, 98, 6, 88, 102, 78, 105, 73, 64, 125, 46, 117, 47, 70, 58, 10, 25, 110, 106, 65, 4, 95, 23, 96, 11, 124, 15, 18, 5, 86, 82, 51, 24, 56, 14, 115, 93, 31, 16, 72, 113, 7, 9, 8, 17, 114, 77, 87, 1, 41, 97, 34, 76, 52, 49, 81, 122, 30, 94, 43, 20, 92, 85, 116, 22, 42, 12, 28, 57, 55, 111, 121, 69, 26, 90, 127, 3, 63, 13, 91, 118, 61, 21, 60, 59, 38, 103, 50, 68, 84, 67, 75, 126, 33, 54, 27, 62, 80, 71, 119, 39, 83, 19]",[109]
EXP-XAI-0001,B10:2,MODEL-C4,SINGLE_FEATURE_ABLATION_LOCAL,SINGLE_FEATURE_ABLATION_LOCAL,3,"[109, 100, 40, 2, 37, 112, 108, 44, 101, 66, 74, 45, 128, 120, 53, 99, 36, 32, 89, 104, 79, 48, 29, 35, 123, 107, 98, 6, 88, 102, 78, 105, 73, 64, 125, 46, 117, 47, 70, 58, 10, 25, 110, 106, 65, 4, 95, 23, 96, 11, 124, 15, 18, 5, 86, 82, 51, 24, 56, 14, 115, 93, 31, 16, 72, 113, 7, 9, 8, 17, 114, 77, 87, 1, 41, 97, 34, 76, 52, 49, 81, 122, 30, 94, 43, 20, 92, 85, 116, 22, 42, 12, 28, 57, 55, 111, 121, 69, 26, 90, 127, 3, 63, 13, 91, 118, 61, 21, 60, 59, 38, 103, 50, 68, 84, 67, 75, 126, 33, 54, 27, 62, 80, 71, 119, 39, 83, 19]","[109, 100, 40]"
EXP-XAI-0001,B10:2,MODEL-C4,SINGLE_FEATURE_ABLATION_LOCAL,SINGLE_FEATURE_ABLATION_LOCAL,5,"[109, 100, 40, 2, 37, 112, 108, 44, 101, 66, 74, 45, 128, 120, 53, 99, 36, 32, 89, 104, 79, 48, 29, 35, 123, 107, 98, 6, 88, 102, 78, 105, 73, 64, 125, 46, 117, 47, 70, 58, 10, 25, 110, 106, 65, 4, 95, 23, 96, 11, 124, 15, 18, 5, 86, 82, 51, 24, 56, 14, 115, 93, 31, 16, 72, 113, 7, 9, 8, 17, 114, 77, 87, 1, 41, 97, 34, 76, 52, 49, 81, 122, 30, 94, 43, 20, 92, 85, 116, 22, 42, 12, 28, 57, 55, 111, 121, 69, 26, 90, 127, 3, 63, 13, 91, 118, 61, 21, 60, 59, 38, 103, 50, 68, 84, 67, 75, 126, 33, 54, 27, 62, 80, 71, 119, 39, 83, 19]","[109, 100, 40, 2, 37]"
EXP-XAI-0001,B10:2,MODEL-C4,SINGLE_FEATURE_ABLATION_LOCAL,SINGLE_FEATURE_ABLATION_LOCAL,10,"[109, 100, 40, 2, 37, 112, 108, 44, 101, 66, 74, 45, 128, 120, 53, 99, 36, 32, 89, 104, 79, 48, 29, 35, 123, 107, 98, 6, 88, 102, 78, 105, 73, 64, 125, 46, 117, 47, 70, 58, 10, 25, 110, 106, 65, 4, 95, 23, 96, 11, 124, 15, 18, 5, 86, 82, 51, 24, 56, 14, 115, 93, 31, 16, 72, 113, 7, 9, 8, 17, 114, 77, 87, 1, 41, 97, 34, 76, 52, 49, 81, 122, 30, 94, 43, 20, 92, 85, 116, 22, 42, 12, 28, 57, 55, 111, 121, 69, 26, 90, 127, 3, 63, 13, 91, 118, 61, 21, 60, 59, 38, 103, 50, 68, 84, 67, 75, 126, 33, 54, 27, 62, 80, 71, 119, 39, 83, 19]","[109, 100, 40, 2, 37, 112, 108, 44, 101, 66]"
EXP-XAI-0001,B10:3,MODEL-C4,SINGLE_FEATURE_ABLATION_LOCAL,SINGLE_FEATURE_ABLATION_LOCAL,1,"[110, 46, 98, 121, 65, 2, 34, 97, 82, 122, 114, 42, 10, 58, 74, 90, 103, 99, 44, 69, 4, 102, 12, 95, 22, 7, 9, 76, 15, 6, 100, 49, 41, 81, 23, 62, 1, 33, 18, 66, 5, 38, 87, 67, 47, 78, 39, 126, 107, 123, 75, 16, 127, 43, 113, 109, 54, 108, 26, 70, 101, 77, 20, 51, 73, 94, 68, 11, 106, 84, 71, 64, 8, 13, 52, 59, 86, 19, 56, 92, 37, 60, 115, 104, 112, 120, 3, 63, 55, 91, 111, 25, 28, 40, 31, 118, 36, 128, 105, 30, 57, 48, 88, 80, 72, 24, 79, 17, 116, 14, 27, 117, 32, 61, 89, 83, 96, 93, 85, 45, 124, 50, 29, 125, 35, 53, 119, 21]",[110]
EXP-XAI-0001,B10:3,MODEL-C4,SINGLE_FEATURE_ABLATION_LOCAL,SINGLE_FEATURE_ABLATION_LOCAL,3,"[110, 46, 98, 121, 65, 2, 34, 97, 82, 122, 114, 42, 10, 58, 74, 90, 103, 99, 44, 69, 4, 102, 12, 95, 22, 7, 9, 76, 15, 6, 100, 49, 41, 81, 23, 62, 1, 33, 18, 66, 5, 38, 87, 67, 47, 78, 39, 126, 107, 123, 75, 16, 127, 43, 113, 109, 54, 108, 26, 70, 101, 77, 20, 51, 73, 94, 68, 11, 106, 84, 71, 64, 8, 13, 52, 59, 86, 19, 56, 92, 37, 60, 115, 104, 112, 120, 3, 63, 55, 91, 111, 25, 28, 40, 31, 118, 36, 128, 105, 30, 57, 48, 88, 80, 72, 24, 79, 17, 116, 14, 27, 117, 32, 61, 89, 83, 96, 93, 85, 45, 124, 50, 29, 125, 35, 53, 119, 21]","[110, 46, 98]"
EXP-XAI-0001,B10:3,MODEL-C4,SINGLE_FEATURE_ABLATION_LOCAL,SINGLE_FEATURE_ABLATION_LOCAL,5,"[110, 46, 98, 121, 65, 2, 34, 97, 82, 122, 114, 42, 10, 58, 74, 90, 103, 99, 44, 69, 4, 102, 12, 95, 22, 7, 9, 76, 15, 6, 100, 49, 41, 81, 23, 62, 1, 33, 18, 66, 5, 38, 87, 67, 47, 78, 39, 126, 107, 123, 75, 16, 127, 43, 113, 109, 54, 108, 26, 70, 101, 77, 20, 51, 73, 94, 68, 11, 106, 84, 71, 64, 8, 13, 52, 59, 86, 19, 56, 92, 37, 60, 115, 104, 112, 120, 3, 63, 55, 91, 111, 25, 28, 40, 31, 118, 36, 128, 105, 30, 57, 48, 88, 80, 72, 24, 79, 17, 116, 14, 27, 117, 32, 61, 89, 83, 96, 93, 85, 45, 124, 50, 29, 125, 35, 53, 119, 21]","[110, 46, 98, 121, 65]"
EXP-XAI-0001,B10:3,MODEL-C4,SINGLE_FEATURE_ABLATION_LOCAL,SINGLE_FEATURE_ABLATION_LOCAL,10,"[110, 46, 98, 121, 65, 2, 34, 97, 82, 122, 114, 42, 10, 58, 74, 90, 103, 99, 44, 69, 4, 102, 12, 95, 22, 7, 9, 76, 15, 6, 100, 49, 41, 81, 23, 62, 1, 33, 18, 66, 5, 38, 87, 67, 47, 78, 39, 126, 107, 123, 75, 16, 127, 43, 113, 109, 54, 108, 26, 70, 101, 77, 20, 51, 73, 94, 68, 11, 106, 84, 71, 64, 8, 13, 52, 59, 86, 19, 56, 92, 37, 60, 115, 104, 112, 120, 3, 63, 55, 91, 111, 25, 28, 40, 31, 118, 36, 128, 105, 30, 57, 48, 88, 80, 72, 24, 79, 17, 116, 14, 27, 117, 32, 61, 89, 83, 96, 93, 85, 45, 124, 50, 29, 125, 35, 53, 119, 21]","[110, 46, 98, 121, 65, 2, 34, 97, 82, 122]"
EXP-XAI-0001,B10:4,MODEL-C4,SINGLE_FEATURE_ABLATION_LOCAL,SINGLE_FEATURE_ABLATION_LOCAL,1,"[109, 37, 89, 112, 104, 66, 74, 79, 102, 82, 9, 100, 58, 30, 76, 105, 86, 73, 45, 41, 14, 16, 53, 57, 71, 2, 78, 63, 22, 118, 12, 25, 10, 110, 5, 87, 108, 113, 101, 34, 127, 23, 1, 106, 75, 49, 35, 42, 15, 122, 50, 95, 6, 68, 77, 43, 47, 19, 54, 31, 111, 90, 97, 8, 119, 18, 44, 7, 81, 92, 26, 13, 114, 46, 91, 48, 69, 125, 96, 84, 107, 103, 61, 98, 36, 72, 65, 24, 123, 120, 4, 62, 94, 99, 88, 11, 40, 121, 51, 67, 29, 115, 17, 38, 39, 3, 59, 52, 83, 80, 20, 128, 124, 64, 28, 27, 55, 85, 70, 117, 60, 93, 32, 33, 21, 126, 116, 56]",[109]
EXP-XAI-0001,B10:4,MODEL-C4,SINGLE_FEATURE_ABLATION_LOCAL,SINGLE_FEATURE_ABLATION_LOCAL,3,"[109, 37, 89, 112, 104, 66, 74, 79, 102, 82, 9, 100, 58, 30, 76, 105, 86, 73, 45, 41, 14, 16, 53, 57, 71, 2, 78, 63, 22, 118, 12, 25, 10, 110, 5, 87, 108, 113, 101, 34, 127, 23, 1, 106, 75, 49, 35, 42, 15, 122, 50, 95, 6, 68, 77, 43, 47, 19, 54, 31, 111, 90, 97, 8, 119, 18, 44, 7, 81, 92, 26, 13, 114, 46, 91, 48, 69, 125, 96, 84, 107, 103, 61, 98, 36, 72, 65, 24, 123, 120, 4, 62, 94, 99, 88, 11, 40, 121, 51, 67, 29, 115, 17, 38, 39, 3, 59, 52, 83, 80, 20, 128, 124, 64, 28, 27, 55, 85, 70, 117, 60, 93, 32, 33, 21, 126, 116, 56]","[109, 37, 89]"
EXP-XAI-0001,B10:4,MODEL-C4,SINGLE_FEATURE_ABLATION_LOCAL,SINGLE_FEATURE_ABLATION_LOCAL,5,"[109, 37, 89, 112, 104, 66, 74, 79, 102, 82, 9, 100, 58, 30, 76, 105, 86, 73, 45, 41, 14, 16, 53, 57, 71, 2, 78, 63, 22, 118, 12, 25, 10, 110, 5, 87, 108, 113, 101, 34, 127, 23, 1, 106, 75, 49, 35, 42, 15, 122, 50, 95, 6, 68, 77, 43, 47, 19, 54, 31, 111, 90, 97, 8, 119, 18, 44, 7, 81, 92, 26, 13, 114, 46, 91, 48, 69, 125, 96, 84, 107, 103, 61, 98, 36, 72, 65, 24, 123, 120, 4, 62, 94, 99, 88, 11, 40, 121, 51, 67, 29, 115, 17, 38, 39, 3, 59, 52, 83, 80, 20, 128, 124, 64, 28, 27, 55, 85, 70, 117, 60, 93, 32, 33, 21, 126, 116, 56]","[109, 37, 89, 112, 104]"
EXP-XAI-0001,B10:4,MODEL-C4,SINGLE_FEATURE_ABLATION_LOCAL,SINGLE_FEATURE_ABLATION_LOCAL,10,"[109, 37, 89, 112, 104, 66, 74, 79, 102, 82, 9, 100, 58, 30, 76, 105, 86, 73, 45, 41, 14, 16, 53, 57, 71, 2, 78, 63, 22, 118, 12, 25, 10, 110, 5, 87, 108, 113, 101, 34, 127, 23, 1, 106, 75, 49, 35, 42, 15, 122, 50, 95, 6, 68, 77, 43, 47, 19, 54, 31, 111, 90, 97, 8, 119, 18, 44, 7, 81, 92, 26, 13, 114, 46, 91, 48, 69, 125, 96, 84, 107, 103, 61, 98, 36, 72, 65, 24, 123, 120, 4, 62, 94, 99, 88, 11, 40, 121, 51, 67, 29, 115, 17, 38, 39, 3, 59, 52, 83, 80, 20, 128, 124, 64, 28, 27, 55, 85, 70, 117, 60, 93, 32, 33, 21, 126, 116, 56]","[109, 37, 89, 112, 104, 66, 74, 79, 102, 82]"
EXP-XAI-0001,B10:7,MODEL-C4,SINGLE_FEATURE_ABLATION_LOCAL,SINGLE_FEATURE_ABLATION_LOCAL,1,"[122, 110, 46, 114, 121, 97, 33, 41, 98, 26, 20, 66, 111, 10, 75, 52, 36, 38, 103, 67, 127, 25, 47, 92, 64, 76, 112, 60, 89, 11, 90, 99, 17, 126, 55, 87, 34, 82, 51, 19, 108, 59, 105, 23, 18, 40, 16, 124, 2, 27, 63, 35, 39, 58, 77, 14, 1, 9, 73, 117, 8, 42, 109, 7, 107, 94, 115, 78, 91, 100, 15, 56, 70, 79, 119, 50, 12, 85, 54, 53, 69, 4, 32, 71, 72, 116, 95, 102, 57, 43, 29, 31, 3, 22, 86, 28, 44, 30, 84, 49, 93, 118, 101, 123, 83, 81, 61, 48, 120, 13, 80, 68, 104, 5, 21, 74, 113, 125, 88, 62, 24, 96, 37, 128, 65, 6, 106, 45]",[122]
EXP-XAI-0001,B10:7,MODEL-C4,SINGLE_FEATURE_ABLATION_LOCAL,SINGLE_FEATURE_ABLATION_LOCAL,3,"[122, 110, 46, 114, 121, 97, 33, 41, 98, 26, 20, 66, 111, 10, 75, 52, 36, 38, 103, 67, 127, 25, 47, 92, 64, 76, 112, 60, 89, 11, 90, 99, 17, 126, 55, 87, 34, 82, 51, 19, 108, 59, 105, 23, 18, 40, 16, 124, 2, 27, 63, 35, 39, 58, 77, 14, 1, 9, 73, 117, 8, 42, 109, 7, 107, 94, 115, 78, 91, 100, 15, 56, 70, 79, 119, 50, 12, 85, 54, 53, 69, 4, 32, 71, 72, 116, 95, 102, 57, 43, 29, 31, 3, 22, 86, 28, 44, 30, 84, 49, 93, 118, 101, 123, 83, 81, 61, 48, 120, 13, 80, 68, 104, 5, 21, 74, 113, 125, 88, 62, 24, 96, 37, 128, 65, 6, 106, 45]","[122, 110, 46]"
EXP-XAI-0001,B10:7,MODEL-C4,SINGLE_FEATURE_ABLATION_LOCAL,SINGLE_FEATURE_ABLATION_LOCAL,5,"[122, 110, 46, 114, 121, 97, 33, 41, 98, 26, 20, 66, 111, 10, 75, 52, 36, 38, 103, 67, 127, 25, 47, 92, 64, 76, 112, 60, 89, 11, 90, 99, 17, 126, 55, 87, 34, 82, 51, 19, 108, 59, 105, 23, 18, 40, 16, 124, 2, 27, 63, 35, 39, 58, 77, 14, 1, 9, 73, 117, 8, 42, 109, 7, 107, 94, 115, 78, 91, 100, 15, 56, 70, 79, 119, 50, 12, 85, 54, 53, 69, 4, 32, 71, 72, 116, 95, 102, 57, 43, 29, 31, 3, 22, 86, 28, 44, 30, 84, 49, 93, 118, 101, 123, 83, 81, 61, 48, 120, 13, 80, 68, 104, 5, 21, 74, 113, 125, 88, 62, 24, 96, 37, 128, 65, 6, 106, 45]","[122, 110, 46, 114, 121]"
EXP-XAI-0001,B10:7,MODEL-C4,SINGLE_FEATURE_ABLATION_LOCAL,SINGLE_FEATURE_ABLATION_LOCAL,10,"[122, 110, 46, 114, 121, 97, 33, 41, 98, 26, 20, 66, 111, 10, 75, 52, 36, 38, 103, 67, 127, 25, 47, 92, 64, 76, 112, 60, 89, 11, 90, 99, 17, 126, 55, 87, 34, 82, 51, 19, 108, 59, 105, 23, 18, 40, 16, 124, 2, 27, 63, 35, 39, 58, 77, 14, 1, 9, 73, 117, 8, 42, 109, 7, 107, 94, 115, 78, 91, 100, 15, 56, 70, 79, 119, 50, 12, 85, 54, 53, 69, 4, 32, 71, 72, 116, 95, 102, 57, 43, 29, 31, 3, 22, 86, 28, 44, 30, 84, 49, 93, 118, 101, 123, 83, 81, 61, 48, 120, 13, 80, 68, 104, 5, 21, 74, 113, 125, 88, 62, 24, 96, 37, 128, 65, 6, 106, 45]","[122, 110, 46, 114, 121, 97, 33, 41, 98, 26]"
EXP-XAI-0001,B10:9,MODEL-C4,SINGLE_FEATURE_ABLATION_LOCAL,SINGLE_FEATURE_ABLATION_LOCAL,1,"[122, 112, 40, 1, 35, 67, 70, 66, 75, 25, 98, 7, 27, 29, 48, 2, 36, 69, 114, 103, 96, 110, 99, 76, 16, 14, 9, 111, 82, 12, 127, 121, 50, 10, 38, 126, 123, 101, 8, 68, 73, 33, 71, 119, 45, 94, 6, 79, 72, 19, 32, 11, 34, 74, 106, 88, 109, 113, 65, 97, 118, 104, 80, 39, 78, 107, 28, 102, 93, 105, 17, 77, 42, 57, 92, 56, 21, 124, 5, 51, 4, 60, 18, 90, 95, 83, 116, 20, 54, 55, 37, 108, 13, 64, 41, 62, 87, 3, 53, 117, 120, 22, 44, 59, 63, 23, 58, 15, 61, 84, 47, 115, 52, 89, 26, 31, 81, 125, 49, 128, 46, 86, 24, 91, 100, 43, 85, 30]",[122]
EXP-XAI-0001,B10:9,MODEL-C4,SINGLE_FEATURE_ABLATION_LOCAL,SINGLE_FEATURE_ABLATION_LOCAL,3,"[122, 112, 40, 1, 35, 67, 70, 66, 75, 25, 98, 7, 27, 29, 48, 2, 36, 69, 114, 103, 96, 110, 99, 76, 16, 14, 9, 111, 82, 12, 127, 121, 50, 10, 38, 126, 123, 101, 8, 68, 73, 33, 71, 119, 45, 94, 6, 79, 72, 19, 32, 11, 34, 74, 106, 88, 109, 113, 65, 97, 118, 104, 80, 39, 78, 107, 28, 102, 93, 105, 17, 77, 42, 57, 92, 56, 21, 124, 5, 51, 4, 60, 18, 90, 95, 83, 116, 20, 54, 55, 37, 108, 13, 64, 41, 62, 87, 3, 53, 117, 120, 22, 44, 59, 63, 23, 58, 15, 61, 84, 47, 115, 52, 89, 26, 31, 81, 125, 49, 128, 46, 86, 24, 91, 100, 43, 85, 30]","[122, 112, 40]"
EXP-XAI-0001,B10:9,MODEL-C4,SINGLE_FEATURE_ABLATION_LOCAL,SINGLE_FEATURE_ABLATION_LOCAL,5,"[122, 112, 40, 1, 35, 67, 70, 66, 75, 25, 98, 7, 27, 29, 48, 2, 36, 69, 114, 103, 96, 110, 99, 76, 16, 14, 9, 111, 82, 12, 127, 121, 50, 10, 38, 126, 123, 101, 8, 68, 73, 33, 71, 119, 45, 94, 6, 79, 72, 19, 32, 11, 34, 74, 106, 88, 109, 113, 65, 97, 118, 104, 80, 39, 78, 107, 28, 102, 93, 105, 17, 77, 42, 57, 92, 56, 21, 124, 5, 51, 4, 60, 18, 90, 95, 83, 116, 20, 54, 55, 37, 108, 13, 64, 41, 62, 87, 3, 53, 117, 120, 22, 44, 59, 63, 23, 58, 15, 61, 84, 47, 115, 52, 89, 26, 31, 81, 125, 49, 128, 46, 86, 24, 91, 100, 43, 85, 30]","[122, 112, 40, 1, 35]"
EXP-XAI-0001,B10:9,MODEL-C4,SINGLE_FEATURE_ABLATION_LOCAL,SINGLE_FEATURE_ABLATION_LOCAL,10,"[122, 112, 40, 1, 35, 67, 70, 66, 75, 25, 98, 7, 27, 29, 48, 2, 36, 69, 114, 103, 96, 110, 99, 76, 16, 14, 9, 111, 82, 12, 127, 121, 50, 10, 38, 126, 123, 101, 8, 68, 73, 33, 71, 119, 45, 94, 6, 79, 72, 19, 32, 11, 34, 74, 106, 88, 109, 113, 65, 97, 118, 104, 80, 39, 78, 107, 28, 102, 93, 105, 17, 77, 42, 57, 92, 56, 21, 124, 5, 51, 4, 60, 18, 90, 95, 83, 116, 20, 54, 55, 37, 108, 13, 64, 41, 62, 87, 3, 53, 117, 120, 22, 44, 59, 63, 23, 58, 15, 61, 84, 47, 115, 52, 89, 26, 31, 81, 125, 49, 128, 46, 86, 24, 91, 100, 43, 85, 30]","[122, 112, 40, 1, 35, 67, 70, 66, 75, 25]"
EXP-XAI-0001,B10:129,MODEL-C4,SINGLE_FEATURE_ABLATION_LOCAL,SINGLE_FEATURE_ABLATION_LOCAL,1,"[19, 61, 28, 32, 92, 20, 40, 123, 88, 59, 21, 35, 100, 93, 36, 116, 51, 101, 124, 91, 56, 120, 23, 29, 10, 53, 48, 24, 2, 90, 83, 128, 64, 94, 69, 125, 121, 98, 84, 113, 31, 52, 87, 96, 25, 55, 57, 33, 89, 119, 30, 54, 43, 97, 127, 107, 16, 37, 13, 66, 45, 60, 39, 4, 95, 115, 70, 109, 8, 74, 118, 81, 12, 78, 1, 112, 86, 63, 104, 17, 126, 105, 110, 108, 68, 6, 106, 42, 82, 77, 3, 117, 41, 26, 114, 111, 67, 44, 76, 65, 5, 79, 50, 34, 80, 11, 75, 71, 122, 27, 46, 62, 72, 47, 38, 99, 103, 9, 14, 73, 102, 85, 15, 58, 49, 18, 22, 7]",[19]
EXP-XAI-0001,B10:129,MODEL-C4,SINGLE_FEATURE_ABLATION_LOCAL,SINGLE_FEATURE_ABLATION_LOCAL,3,"[19, 61, 28, 32, 92, 20, 40, 123, 88, 59, 21, 35, 100, 93, 36, 116, 51, 101, 124, 91, 56, 120, 23, 29, 10, 53, 48, 24, 2, 90, 83, 128, 64, 94, 69, 125, 121, 98, 84, 113, 31, 52, 87, 96, 25, 55, 57, 33, 89, 119, 30, 54, 43, 97, 127, 107, 16, 37, 13, 66, 45, 60, 39, 4, 95, 115, 70, 109, 8, 74, 118, 81, 12, 78, 1, 112, 86, 63, 104, 17, 126, 105, 110, 108, 68, 6, 106, 42, 82, 77, 3, 117, 41, 26, 114, 111, 67, 44, 76, 65, 5, 79, 50, 34, 80, 11, 75, 71, 122, 27, 46, 62, 72, 47, 38, 99, 103, 9, 14, 73, 102, 85, 15, 58, 49, 18, 22, 7]","[19, 61, 28]"
EXP-XAI-0001,B10:129,MODEL-C4,SINGLE_FEATURE_ABLATION_LOCAL,SINGLE_FEATURE_ABLATION_LOCAL,5,"[19, 61, 28, 32, 92, 20, 40, 123, 88, 59, 21, 35, 100, 93, 36, 116, 51, 101, 124, 91, 56, 120, 23, 29, 10, 53, 48, 24, 2, 90, 83, 128, 64, 94, 69, 125, 121, 98, 84, 113, 31, 52, 87, 96, 25, 55, 57, 33, 89, 119, 30, 54, 43, 97, 127, 107, 16, 37, 13, 66, 45, 60, 39, 4, 95, 115, 70, 109, 8, 74, 118, 81, 12, 78, 1, 112, 86, 63, 104, 17, 126, 105, 110, 108, 68, 6, 106, 42, 82, 77, 3, 117, 41, 26, 114, 111, 67, 44, 76, 65, 5, 79, 50, 34, 80, 11, 75, 71, 122, 27, 46, 62, 72, 47, 38, 99, 103, 9, 14, 73, 102, 85, 15, 58, 49, 18, 22, 7]","[19, 61, 28, 32, 92]"
EXP-XAI-0001,B10:129,MODEL-C4,SINGLE_FEATURE_ABLATION_LOCAL,SINGLE_FEATURE_ABLATION_LOCAL,10,"[19, 61, 28, 32, 92, 20, 40, 123, 88, 59, 21, 35, 100, 93, 36, 116, 51, 101, 124, 91, 56, 120, 23, 29, 10, 53, 48, 24, 2, 90, 83, 128, 64, 94, 69, 125, 121, 98, 84, 113, 31, 52, 87, 96, 25, 55, 57, 33, 89, 119, 30, 54, 43, 97, 127, 107, 16, 37, 13, 66, 45, 60, 39, 4, 95, 115, 70, 109, 8, 74, 118, 81, 12, 78, 1, 112, 86, 63, 104, 17, 126, 105, 110, 108, 68, 6, 106, 42, 82, 77, 3, 117, 41, 26, 114, 111, 67, 44, 76, 65, 5, 79, 50, 34, 80, 11, 75, 71, 122, 27, 46, 62, 72, 47, 38, 99, 103, 9, 14, 73, 102, 85, 15, 58, 49, 18, 22, 7]","[19, 61, 28, 32, 92, 20, 40, 123, 88, 59]"
EXP-XAI-0001,B10:131,MODEL-C4,SINGLE_FEATURE_ABLATION_LOCAL,SINGLE_FEATURE_ABLATION_LOCAL,1,"[40, 88, 93, 10, 101, 59, 46, 61, 19, 48, 96, 29, 84, 28, 90, 85, 56, 20, 24, 4, 65, 128, 32, 116, 21, 2, 125, 120, 124, 109, 117, 70, 52, 15, 110, 27, 53, 91, 79, 64, 45, 51, 1, 41, 71, 35, 97, 37, 78, 76, 75, 115, 123, 77, 83, 6, 36, 14, 16, 74, 58, 9, 66, 13, 3, 122, 57, 103, 73, 98, 68, 55, 99, 102, 67, 23, 11, 104, 47, 100, 94, 111, 31, 50, 34, 42, 18, 25, 114, 54, 12, 95, 69, 17, 82, 30, 105, 81, 60, 7, 126, 49, 89, 87, 26, 108, 112, 62, 80, 44, 113, 33, 118, 107, 5, 72, 63, 22, 121, 38, 8, 127, 43, 106, 119, 92, 86, 39]",[40]
EXP-XAI-0001,B10:131,MODEL-C4,SINGLE_FEATURE_ABLATION_LOCAL,SINGLE_FEATURE_ABLATION_LOCAL,3,"[40, 88, 93, 10, 101, 59, 46, 61, 19, 48, 96, 29, 84, 28, 90, 85, 56, 20, 24, 4, 65, 128, 32, 116, 21, 2, 125, 120, 124, 109, 117, 70, 52, 15, 110, 27, 53, 91, 79, 64, 45, 51, 1, 41, 71, 35, 97, 37, 78, 76, 75, 115, 123, 77, 83, 6, 36, 14, 16, 74, 58, 9, 66, 13, 3, 122, 57, 103, 73, 98, 68, 55, 99, 102, 67, 23, 11, 104, 47, 100, 94, 111, 31, 50, 34, 42, 18, 25, 114, 54, 12, 95, 69, 17, 82, 30, 105, 81, 60, 7, 126, 49, 89, 87, 26, 108, 112, 62, 80, 44, 113, 33, 118, 107, 5, 72, 63, 22, 121, 38, 8, 127, 43, 106, 119, 92, 86, 39]","[40, 88, 93]"
EXP-XAI-0001,B10:131,MODEL-C4,SINGLE_FEATURE_ABLATION_LOCAL,SINGLE_FEATURE_ABLATION_LOCAL,5,"[40, 88, 93, 10, 101, 59, 46, 61, 19, 48, 96, 29, 84, 28, 90, 85, 56, 20, 24, 4, 65, 128, 32, 116, 21, 2, 125, 120, 124, 109, 117, 70, 52, 15, 110, 27, 53, 91, 79, 64, 45, 51, 1, 41, 71, 35, 97, 37, 78, 76, 75, 115, 123, 77, 83, 6, 36, 14, 16, 74, 58, 9, 66, 13, 3, 122, 57, 103, 73, 98, 68, 55, 99, 102, 67, 23, 11, 104, 47, 100, 94, 111, 31, 50, 34, 42, 18, 25, 114, 54, 12, 95, 69, 17, 82, 30, 105, 81, 60, 7, 126, 49, 89, 87, 26, 108, 112, 62, 80, 44, 113, 33, 118, 107, 5, 72, 63, 22, 121, 38, 8, 127, 43, 106, 119, 92, 86, 39]","[40, 88, 93, 10, 101]"
EXP-XAI-0001,B10:131,MODEL-C4,SINGLE_FEATURE_ABLATION_LOCAL,SINGLE_FEATURE_ABLATION_LOCAL,10,"[40, 88, 93, 10, 101, 59, 46, 61, 19, 48, 96, 29, 84, 28, 90, 85, 56, 20, 24, 4, 65, 128, 32, 116, 21, 2, 125, 120, 124, 109, 117, 70, 52, 15, 110, 27, 53, 91, 79, 64, 45, 51, 1, 41, 71, 35, 97, 37, 78, 76, 75, 115, 123, 77, 83, 6, 36, 14, 16, 74, 58, 9, 66, 13, 3, 122, 57, 103, 73, 98, 68, 55, 99, 102, 67, 23, 11, 104, 47, 100, 94, 111, 31, 50, 34, 42, 18, 25, 114, 54, 12, 95, 69, 17, 82, 30, 105, 81, 60, 7, 126, 49, 89, 87, 26, 108, 112, 62, 80, 44, 113, 33, 118, 107, 5, 72, 63, 22, 121, 38, 8, 127, 43, 106, 119, 92, 86, 39]","[40, 88, 93, 10, 101, 59, 46, 61, 19, 48]"
EXP-XAI-0001,B10:709,MODEL-C4,SINGLE_FEATURE_ABLATION_LOCAL,SINGLE_FEATURE_ABLATION_LOCAL,1,"[110, 122, 121, 97, 40, 46, 103, 114, 76, 98, 75, 67, 38, 41, 111, 15, 33, 99, 34, 11, 4, 37, 7, 127, 9, 52, 20, 16, 60, 108, 39, 66, 23, 112, 1, 107, 95, 126, 77, 92, 36, 8, 25, 51, 26, 47, 73, 89, 44, 70, 82, 55, 105, 17, 64, 69, 91, 14, 94, 22, 63, 65, 27, 49, 18, 35, 117, 5, 74, 19, 124, 10, 43, 116, 50, 119, 59, 86, 6, 72, 31, 12, 79, 53, 106, 56, 104, 109, 81, 42, 84, 30, 58, 61, 45, 78, 113, 88, 2, 83, 120, 48, 3, 123, 71, 100, 57, 32, 87, 24, 13, 29, 101, 102, 80, 85, 54, 62, 68, 28, 21, 128, 125, 115, 93, 118, 90, 96]",[110]
EXP-XAI-0001,B10:709,MODEL-C4,SINGLE_FEATURE_ABLATION_LOCAL,SINGLE_FEATURE_ABLATION_LOCAL,3,"[110, 122, 121, 97, 40, 46, 103, 114, 76, 98, 75, 67, 38, 41, 111, 15, 33, 99, 34, 11, 4, 37, 7, 127, 9, 52, 20, 16, 60, 108, 39, 66, 23, 112, 1, 107, 95, 126, 77, 92, 36, 8, 25, 51, 26, 47, 73, 89, 44, 70, 82, 55, 105, 17, 64, 69, 91, 14, 94, 22, 63, 65, 27, 49, 18, 35, 117, 5, 74, 19, 124, 10, 43, 116, 50, 119, 59, 86, 6, 72, 31, 12, 79, 53, 106, 56, 104, 109, 81, 42, 84, 30, 58, 61, 45, 78, 113, 88, 2, 83, 120, 48, 3, 123, 71, 100, 57, 32, 87, 24, 13, 29, 101, 102, 80, 85, 54, 62, 68, 28, 21, 128, 125, 115, 93, 118, 90, 96]","[110, 122, 121]"
EXP-XAI-0001,B10:709,MODEL-C4,SINGLE_FEATURE_ABLATION_LOCAL,SINGLE_FEATURE_ABLATION_LOCAL,5,"[110, 122, 121, 97, 40, 46, 103, 114, 76, 98, 75, 67, 38, 41, 111, 15, 33, 99, 34, 11, 4, 37, 7, 127, 9, 52, 20, 16, 60, 108, 39, 66, 23, 112, 1, 107, 95, 126, 77, 92, 36, 8, 25, 51, 26, 47, 73, 89, 44, 70, 82, 55, 105, 17, 64, 69, 91, 14, 94, 22, 63, 65, 27, 49, 18, 35, 117, 5, 74, 19, 124, 10, 43, 116, 50, 119, 59, 86, 6, 72, 31, 12, 79, 53, 106, 56, 104, 109, 81, 42, 84, 30, 58, 61, 45, 78, 113, 88, 2, 83, 120, 48, 3, 123, 71, 100, 57, 32, 87, 24, 13, 29, 101, 102, 80, 85, 54, 62, 68, 28, 21, 128, 125, 115, 93, 118, 90, 96]","[110, 122, 121, 97, 40]"
EXP-XAI-0001,B10:709,MODEL-C4,SINGLE_FEATURE_ABLATION_LOCAL,SINGLE_FEATURE_ABLATION_LOCAL,10,"[110, 122, 121, 97, 40, 46, 103, 114, 76, 98, 75, 67, 38, 41, 111, 15, 33, 99, 34, 11, 4, 37, 7, 127, 9, 52, 20, 16, 60, 108, 39, 66, 23, 112, 1, 107, 95, 126, 77, 92, 36, 8, 25, 51, 26, 47, 73, 89, 44, 70, 82, 55, 105, 17, 64, 69, 91, 14, 94, 22, 63, 65, 27, 49, 18, 35, 117, 5, 74, 19, 124, 10, 43, 116, 50, 119, 59, 86, 6, 72, 31, 12, 79, 53, 106, 56, 104, 109, 81, 42, 84, 30, 58, 61, 45, 78, 113, 88, 2, 83, 120, 48, 3, 123, 71, 100, 57, 32, 87, 24, 13, 29, 101, 102, 80, 85, 54, 62, 68, 28, 21, 128, 125, 115, 93, 118, 90, 96]","[110, 122, 121, 97, 40, 46, 103, 114, 76, 98]"
EXP-XAI-0001,B10:840,MODEL-C4,SINGLE_FEATURE_ABLATION_LOCAL,SINGLE_FEATURE_ABLATION_LOCAL,1,"[89, 100, 58, 90, 82, 22, 95, 23, 25, 86, 17, 109, 87, 98, 65, 122, 41, 2, 19, 27, 45, 10, 34, 63, 121, 115, 12, 105, 30, 6, 88, 4, 94, 42, 70, 5, 101, 72, 32, 16, 57, 1, 47, 59, 119, 44, 26, 46, 49, 76, 111, 66, 68, 84, 78, 64, 102, 62, 50, 125, 9, 77, 18, 120, 7, 73, 15, 118, 39, 106, 104, 108, 3, 33, 81, 8, 13, 37, 51, 93, 71, 80, 24, 20, 112, 31, 67, 54, 14, 127, 123, 113, 74, 43, 79, 128, 69, 85, 28, 91, 40, 83, 107, 92, 11, 126, 56, 35, 55, 96, 114, 75, 103, 61, 124, 110, 48, 29, 117, 52, 21, 116, 99, 60, 97, 53, 36, 38]",[89]
EXP-XAI-0001,B10:840,MODEL-C4,SINGLE_FEATURE_ABLATION_LOCAL,SINGLE_FEATURE_ABLATION_LOCAL,3,"[89, 100, 58, 90, 82, 22, 95, 23, 25, 86, 17, 109, 87, 98, 65, 122, 41, 2, 19, 27, 45, 10, 34, 63, 121, 115, 12, 105, 30, 6, 88, 4, 94, 42, 70, 5, 101, 72, 32, 16, 57, 1, 47, 59, 119, 44, 26, 46, 49, 76, 111, 66, 68, 84, 78, 64, 102, 62, 50, 125, 9, 77, 18, 120, 7, 73, 15, 118, 39, 106, 104, 108, 3, 33, 81, 8, 13, 37, 51, 93, 71, 80, 24, 20, 112, 31, 67, 54, 14, 127, 123, 113, 74, 43, 79, 128, 69, 85, 28, 91, 40, 83, 107, 92, 11, 126, 56, 35, 55, 96, 114, 75, 103, 61, 124, 110, 48, 29, 117, 52, 21, 116, 99, 60, 97, 53, 36, 38]","[89, 100, 58]"
EXP-XAI-0001,B10:840,MODEL-C4,SINGLE_FEATURE_ABLATION_LOCAL,SINGLE_FEATURE_ABLATION_LOCAL,5,"[89, 100, 58, 90, 82, 22, 95, 23, 25, 86, 17, 109, 87, 98, 65, 122, 41, 2, 19, 27, 45, 10, 34, 63, 121, 115, 12, 105, 30, 6, 88, 4, 94, 42, 70, 5, 101, 72, 32, 16, 57, 1, 47, 59, 119, 44, 26, 46, 49, 76, 111, 66, 68, 84, 78, 64, 102, 62, 50, 125, 9, 77, 18, 120, 7, 73, 15, 118, 39, 106, 104, 108, 3, 33, 81, 8, 13, 37, 51, 93, 71, 80, 24, 20, 112, 31, 67, 54, 14, 127, 123, 113, 74, 43, 79, 128, 69, 85, 28, 91, 40, 83, 107, 92, 11, 126, 56, 35, 55, 96, 114, 75, 103, 61, 124, 110, 48, 29, 117, 52, 21, 116, 99, 60, 97, 53, 36, 38]","[89, 100, 58, 90, 82]"
EXP-XAI-0001,B10:840,MODEL-C4,SINGLE_FEATURE_ABLATION_LOCAL,SINGLE_FEATURE_ABLATION_LOCAL,10,"[89, 100, 58, 90, 82, 22, 95, 23, 25, 86, 17, 109, 87, 98, 65, 122, 41, 2, 19, 27, 45, 10, 34, 63, 121, 115, 12, 105, 30, 6, 88, 4, 94, 42, 70, 5, 101, 72, 32, 16, 57, 1, 47, 59, 119, 44, 26, 46, 49, 76, 111, 66, 68, 84, 78, 64, 102, 62, 50, 125, 9, 77, 18, 120, 7, 73, 15, 118, 39, 106, 104, 108, 3, 33, 81, 8, 13, 37, 51, 93, 71, 80, 24, 20, 112, 31, 67, 54, 14, 127, 123, 113, 74, 43, 79, 128, 69, 85, 28, 91, 40, 83, 107, 92, 11, 126, 56, 35, 55, 96, 114, 75, 103, 61, 124, 110, 48, 29, 117, 52, 21, 116, 99, 60, 97, 53, 36, 38]","[89, 100, 58, 90, 82, 22, 95, 23, 25, 86]"
EXP-XAI-0001,B10:842,MODEL-C4,SINGLE_FEATURE_ABLATION_LOCAL,SINGLE_FEATURE_ABLATION_LOCAL,1,"[100, 2, 98, 45, 101, 109, 44, 106, 40, 74, 37, 35, 10, 112, 117, 99, 53, 124, 120, 102, 104, 61, 123, 105, 48, 59, 55, 66, 60, 128, 33, 82, 34, 108, 21, 93, 39, 36, 63, 118, 126, 111, 69, 119, 54, 24, 122, 97, 127, 18, 49, 32, 121, 85, 116, 95, 79, 73, 114, 113, 96, 43, 56, 58, 62, 88, 91, 6, 11, 107, 115, 52, 14, 25, 65, 29, 125, 68, 1, 64, 50, 92, 72, 80, 75, 42, 110, 78, 28, 31, 47, 89, 46, 94, 3, 51, 81, 5, 7, 17, 77, 83, 70, 76, 16, 9, 86, 8, 26, 23, 90, 13, 30, 103, 4, 20, 84, 22, 41, 15, 67, 19, 38, 57, 12, 27, 87, 71]",[100]
EXP-XAI-0001,B10:842,MODEL-C4,SINGLE_FEATURE_ABLATION_LOCAL,SINGLE_FEATURE_ABLATION_LOCAL,3,"[100, 2, 98, 45, 101, 109, 44, 106, 40, 74, 37, 35, 10, 112, 117, 99, 53, 124, 120, 102, 104, 61, 123, 105, 48, 59, 55, 66, 60, 128, 33, 82, 34, 108, 21, 93, 39, 36, 63, 118, 126, 111, 69, 119, 54, 24, 122, 97, 127, 18, 49, 32, 121, 85, 116, 95, 79, 73, 114, 113, 96, 43, 56, 58, 62, 88, 91, 6, 11, 107, 115, 52, 14, 25, 65, 29, 125, 68, 1, 64, 50, 92, 72, 80, 75, 42, 110, 78, 28, 31, 47, 89, 46, 94, 3, 51, 81, 5, 7, 17, 77, 83, 70, 76, 16, 9, 86, 8, 26, 23, 90, 13, 30, 103, 4, 20, 84, 22, 41, 15, 67, 19, 38, 57, 12, 27, 87, 71]","[100, 2, 98]"
EXP-XAI-0001,B10:842,MODEL-C4,SINGLE_FEATURE_ABLATION_LOCAL,SINGLE_FEATURE_ABLATION_LOCAL,5,"[100, 2, 98, 45, 101, 109, 44, 106, 40, 74, 37, 35, 10, 112, 117, 99, 53, 124, 120, 102, 104, 61, 123, 105, 48, 59, 55, 66, 60, 128, 33, 82, 34, 108, 21, 93, 39, 36, 63, 118, 126, 111, 69, 119, 54, 24, 122, 97, 127, 18, 49, 32, 121, 85, 116, 95, 79, 73, 114, 113, 96, 43, 56, 58, 62, 88, 91, 6, 11, 107, 115, 52, 14, 25, 65, 29, 125, 68, 1, 64, 50, 92, 72, 80, 75, 42, 110, 78, 28, 31, 47, 89, 46, 94, 3, 51, 81, 5, 7, 17, 77, 83, 70, 76, 16, 9, 86, 8, 26, 23, 90, 13, 30, 103, 4, 20, 84, 22, 41, 15, 67, 19, 38, 57, 12, 27, 87, 71]","[100, 2, 98, 45, 101]"
EXP-XAI-0001,B10:842,MODEL-C4,SINGLE_FEATURE_ABLATION_LOCAL,SINGLE_FEATURE_ABLATION_LOCAL,10,"[100, 2, 98, 45, 101, 109, 44, 106, 40, 74, 37, 35, 10, 112, 117, 99, 53, 124, 120, 102, 104, 61, 123, 105, 48, 59, 55, 66, 60, 128, 33, 82, 34, 108, 21, 93, 39, 36, 63, 118, 126, 111, 69, 119, 54, 24, 122, 97, 127, 18, 49, 32, 121, 85, 116, 95, 79, 73, 114, 113, 96, 43, 56, 58, 62, 88, 91, 6, 11, 107, 115, 52, 14, 25, 65, 29, 125, 68, 1, 64, 50, 92, 72, 80, 75, 42, 110, 78, 28, 31, 47, 89, 46, 94, 3, 51, 81, 5, 7, 17, 77, 83, 70, 76, 16, 9, 86, 8, 26, 23, 90, 13, 30, 103, 4, 20, 84, 22, 41, 15, 67, 19, 38, 57, 12, 27, 87, 71]","[100, 2, 98, 45, 101, 109, 44, 106, 40, 74]"
EXP-XAI-0001,B10:1327,MODEL-C4,SINGLE_FEATURE_ABLATION_LOCAL,SINGLE_FEATURE_ABLATION_LOCAL,1,"[36, 69, 90, 16, 40, 37, 82, 109, 122, 45, 53, 35, 123, 96, 125, 60, 59, 115, 117, 100, 68, 120, 77, 101, 74, 61, 21, 12, 66, 13, 43, 92, 106, 51, 104, 18, 93, 48, 88, 26, 8, 108, 57, 121, 116, 85, 111, 99, 25, 24, 98, 114, 4, 50, 47, 94, 2, 128, 11, 97, 34, 102, 70, 22, 15, 1, 10, 112, 56, 124, 81, 20, 105, 103, 107, 44, 6, 5, 83, 49, 27, 52, 58, 31, 65, 23, 30, 72, 67, 54, 41, 119, 73, 89, 38, 64, 91, 87, 110, 29, 71, 113, 78, 76, 17, 33, 126, 118, 46, 62, 79, 80, 3, 14, 86, 63, 39, 32, 28, 55, 84, 127, 75, 95, 42, 9, 19, 7]",[36]
EXP-XAI-0001,B10:1327,MODEL-C4,SINGLE_FEATURE_ABLATION_LOCAL,SINGLE_FEATURE_ABLATION_LOCAL,3,"[36, 69, 90, 16, 40, 37, 82, 109, 122, 45, 53, 35, 123, 96, 125, 60, 59, 115, 117, 100, 68, 120, 77, 101, 74, 61, 21, 12, 66, 13, 43, 92, 106, 51, 104, 18, 93, 48, 88, 26, 8, 108, 57, 121, 116, 85, 111, 99, 25, 24, 98, 114, 4, 50, 47, 94, 2, 128, 11, 97, 34, 102, 70, 22, 15, 1, 10, 112, 56, 124, 81, 20, 105, 103, 107, 44, 6, 5, 83, 49, 27, 52, 58, 31, 65, 23, 30, 72, 67, 54, 41, 119, 73, 89, 38, 64, 91, 87, 110, 29, 71, 113, 78, 76, 17, 33, 126, 118, 46, 62, 79, 80, 3, 14, 86, 63, 39, 32, 28, 55, 84, 127, 75, 95, 42, 9, 19, 7]","[36, 69, 90]"
EXP-XAI-0001,B10:1327,MODEL-C4,SINGLE_FEATURE_ABLATION_LOCAL,SINGLE_FEATURE_ABLATION_LOCAL,5,"[36, 69, 90, 16, 40, 37, 82, 109, 122, 45, 53, 35, 123, 96, 125, 60, 59, 115, 117, 100, 68, 120, 77, 101, 74, 61, 21, 12, 66, 13, 43, 92, 106, 51, 104, 18, 93, 48, 88, 26, 8, 108, 57, 121, 116, 85, 111, 99, 25, 24, 98, 114, 4, 50, 47, 94, 2, 128, 11, 97, 34, 102, 70, 22, 15, 1, 10, 112, 56, 124, 81, 20, 105, 103, 107, 44, 6, 5, 83, 49, 27, 52, 58, 31, 65, 23, 30, 72, 67, 54, 41, 119, 73, 89, 38, 64, 91, 87, 110, 29, 71, 113, 78, 76, 17, 33, 126, 118, 46, 62, 79, 80, 3, 14, 86, 63, 39, 32, 28, 55, 84, 127, 75, 95, 42, 9, 19, 7]","[36, 69, 90, 16, 40]"
EXP-XAI-0001,B10:1327,MODEL-C4,SINGLE_FEATURE_ABLATION_LOCAL,SINGLE_FEATURE_ABLATION_LOCAL,10,"[36, 69, 90, 16, 40, 37, 82, 109, 122, 45, 53, 35, 123, 96, 125, 60, 59, 115, 117, 100, 68, 120, 77, 101, 74, 61, 21, 12, 66, 13, 43, 92, 106, 51, 104, 18, 93, 48, 88, 26, 8, 108, 57, 121, 116, 85, 111, 99, 25, 24, 98, 114, 4, 50, 47, 94, 2, 128, 11, 97, 34, 102, 70, 22, 15, 1, 10, 112, 56, 124, 81, 20, 105, 103, 107, 44, 6, 5, 83, 49, 27, 52, 58, 31, 65, 23, 30, 72, 67, 54, 41, 119, 73, 89, 38, 64, 91, 87, 110, 29, 71, 113, 78, 76, 17, 33, 126, 118, 46, 62, 79, 80, 3, 14, 86, 63, 39, 32, 28, 55, 84, 127, 75, 95, 42, 9, 19, 7]","[36, 69, 90, 16, 40, 37, 82, 109, 122, 45]"
EXP-XAI-0001,B10:1345,MODEL-C4,SINGLE_FEATURE_ABLATION_LOCAL,SINGLE_FEATURE_ABLATION_LOCAL,1,"[36, 100, 69, 120, 90, 16, 117, 125, 96, 21, 40, 123, 64, 122, 109, 48, 58, 108, 59, 8, 105, 42, 24, 51, 116, 35, 2, 50, 61, 93, 32, 56, 5, 107, 99, 82, 12, 52, 102, 13, 28, 80, 104, 89, 29, 10, 1, 4, 70, 17, 37, 106, 68, 66, 15, 22, 101, 114, 30, 121, 74, 53, 11, 26, 92, 34, 84, 78, 112, 60, 113, 18, 71, 98, 6, 72, 20, 77, 110, 111, 91, 86, 25, 43, 47, 94, 45, 57, 95, 44, 128, 81, 31, 41, 23, 67, 97, 115, 85, 63, 76, 103, 38, 88, 65, 73, 46, 124, 14, 9, 87, 62, 39, 79, 54, 75, 49, 83, 7, 118, 127, 19, 126, 3, 55, 27, 33, 119]",[36]
EXP-XAI-0001,B10:1345,MODEL-C4,SINGLE_FEATURE_ABLATION_LOCAL,SINGLE_FEATURE_ABLATION_LOCAL,3,"[36, 100, 69, 120, 90, 16, 117, 125, 96, 21, 40, 123, 64, 122, 109, 48, 58, 108, 59, 8, 105, 42, 24, 51, 116, 35, 2, 50, 61, 93, 32, 56, 5, 107, 99, 82, 12, 52, 102, 13, 28, 80, 104, 89, 29, 10, 1, 4, 70, 17, 37, 106, 68, 66, 15, 22, 101, 114, 30, 121, 74, 53, 11, 26, 92, 34, 84, 78, 112, 60, 113, 18, 71, 98, 6, 72, 20, 77, 110, 111, 91, 86, 25, 43, 47, 94, 45, 57, 95, 44, 128, 81, 31, 41, 23, 67, 97, 115, 85, 63, 76, 103, 38, 88, 65, 73, 46, 124, 14, 9, 87, 62, 39, 79, 54, 75, 49, 83, 7, 118, 127, 19, 126, 3, 55, 27, 33, 119]","[36, 100, 69]"
EXP-XAI-0001,B10:1345,MODEL-C4,SINGLE_FEATURE_ABLATION_LOCAL,SINGLE_FEATURE_ABLATION_LOCAL,5,"[36, 100, 69, 120, 90, 16, 117, 125, 96, 21, 40, 123, 64, 122, 109, 48, 58, 108, 59, 8, 105, 42, 24, 51, 116, 35, 2, 50, 61, 93, 32, 56, 5, 107, 99, 82, 12, 52, 102, 13, 28, 80, 104, 89, 29, 10, 1, 4, 70, 17, 37, 106, 68, 66, 15, 22, 101, 114, 30, 121, 74, 53, 11, 26, 92, 34, 84, 78, 112, 60, 113, 18, 71, 98, 6, 72, 20, 77, 110, 111, 91, 86, 25, 43, 47, 94, 45, 57, 95, 44, 128, 81, 31, 41, 23, 67, 97, 115, 85, 63, 76, 103, 38, 88, 65, 73, 46, 124, 14, 9, 87, 62, 39, 79, 54, 75, 49, 83, 7, 118, 127, 19, 126, 3, 55, 27, 33, 119]","[36, 100, 69, 120, 90]"
EXP-XAI-0001,B10:1345,MODEL-C4,SINGLE_FEATURE_ABLATION_LOCAL,SINGLE_FEATURE_ABLATION_LOCAL,10,"[36, 100, 69, 120, 90, 16, 117, 125, 96, 21, 40, 123, 64, 122, 109, 48, 58, 108, 59, 8, 105, 42, 24, 51, 116, 35, 2, 50, 61, 93, 32, 56, 5, 107, 99, 82, 12, 52, 102, 13, 28, 80, 104, 89, 29, 10, 1, 4, 70, 17, 37, 106, 68, 66, 15, 22, 101, 114, 30, 121, 74, 53, 11, 26, 92, 34, 84, 78, 112, 60, 113, 18, 71, 98, 6, 72, 20, 77, 110, 111, 91, 86, 25, 43, 47, 94, 45, 57, 95, 44, 128, 81, 31, 41, 23, 67, 97, 115, 85, 63, 76, 103, 38, 88, 65, 73, 46, 124, 14, 9, 87, 62, 39, 79, 54, 75, 49, 83, 7, 118, 127, 19, 126, 3, 55, 27, 33, 119]","[36, 100, 69, 120, 90, 16, 117, 125, 96, 21]"
EXP-XAI-0001,B10:1754,MODEL-C4,SINGLE_FEATURE_ABLATION_LOCAL,SINGLE_FEATURE_ABLATION_LOCAL,1,"[112, 89, 109, 122, 58, 41, 90, 104, 26, 48, 87, 42, 97, 9, 19, 121, 45, 10, 102, 1, 12, 51, 63, 33, 86, 40, 22, 73, 27, 25, 20, 17, 94, 111, 49, 110, 38, 2, 98, 59, 114, 47, 39, 36, 78, 85, 30, 101, 15, 119, 70, 60, 64, 103, 79, 75, 62, 127, 16, 54, 11, 53, 84, 6, 35, 5, 82, 34, 92, 13, 8, 106, 100, 31, 55, 37, 7, 115, 95, 118, 126, 68, 93, 52, 74, 57, 50, 21, 24, 107, 43, 91, 123, 46, 99, 71, 83, 14, 69, 81, 67, 28, 80, 56, 116, 77, 120, 23, 32, 125, 108, 61, 72, 124, 105, 18, 96, 76, 4, 44, 117, 88, 3, 29, 65, 128, 113, 66]",[112]
EXP-XAI-0001,B10:1754,MODEL-C4,SINGLE_FEATURE_ABLATION_LOCAL,SINGLE_FEATURE_ABLATION_LOCAL,3,"[112, 89, 109, 122, 58, 41, 90, 104, 26, 48, 87, 42, 97, 9, 19, 121, 45, 10, 102, 1, 12, 51, 63, 33, 86, 40, 22, 73, 27, 25, 20, 17, 94, 111, 49, 110, 38, 2, 98, 59, 114, 47, 39, 36, 78, 85, 30, 101, 15, 119, 70, 60, 64, 103, 79, 75, 62, 127, 16, 54, 11, 53, 84, 6, 35, 5, 82, 34, 92, 13, 8, 106, 100, 31, 55, 37, 7, 115, 95, 118, 126, 68, 93, 52, 74, 57, 50, 21, 24, 107, 43, 91, 123, 46, 99, 71, 83, 14, 69, 81, 67, 28, 80, 56, 116, 77, 120, 23, 32, 125, 108, 61, 72, 124, 105, 18, 96, 76, 4, 44, 117, 88, 3, 29, 65, 128, 113, 66]","[112, 89, 109]"
EXP-XAI-0001,B10:1754,MODEL-C4,SINGLE_FEATURE_ABLATION_LOCAL,SINGLE_FEATURE_ABLATION_LOCAL,5,"[112, 89, 109, 122, 58, 41, 90, 104, 26, 48, 87, 42, 97, 9, 19, 121, 45, 10, 102, 1, 12, 51, 63, 33, 86, 40, 22, 73, 27, 25, 20, 17, 94, 111, 49, 110, 38, 2, 98, 59, 114, 47, 39, 36, 78, 85, 30, 101, 15, 119, 70, 60, 64, 103, 79, 75, 62, 127, 16, 54, 11, 53, 84, 6, 35, 5, 82, 34, 92, 13, 8, 106, 100, 31, 55, 37, 7, 115, 95, 118, 126, 68, 93, 52, 74, 57, 50, 21, 24, 107, 43, 91, 123, 46, 99, 71, 83, 14, 69, 81, 67, 28, 80, 56, 116, 77, 120, 23, 32, 125, 108, 61, 72, 124, 105, 18, 96, 76, 4, 44, 117, 88, 3, 29, 65, 128, 113, 66]","[112, 89, 109, 122, 58]"
EXP-XAI-0001,B10:1754,MODEL-C4,SINGLE_FEATURE_ABLATION_LOCAL,SINGLE_FEATURE_ABLATION_LOCAL,10,"[112, 89, 109, 122, 58, 41, 90, 104, 26, 48, 87, 42, 97, 9, 19, 121, 45, 10, 102, 1, 12, 51, 63, 33, 86, 40, 22, 73, 27, 25, 20, 17, 94, 111, 49, 110, 38, 2, 98, 59, 114, 47, 39, 36, 78, 85, 30, 101, 15, 119, 70, 60, 64, 103, 79, 75, 62, 127, 16, 54, 11, 53, 84, 6, 35, 5, 82, 34, 92, 13, 8, 106, 100, 31, 55, 37, 7, 115, 95, 118, 126, 68, 93, 52, 74, 57, 50, 21, 24, 107, 43, 91, 123, 46, 99, 71, 83, 14, 69, 81, 67, 28, 80, 56, 116, 77, 120, 23, 32, 125, 108, 61, 72, 124, 105, 18, 96, 76, 4, 44, 117, 88, 3, 29, 65, 128, 113, 66]","[112, 89, 109, 122, 58, 41, 90, 104, 26, 48]"
EXP-XAI-0001,B10:2197,MODEL-C4,SINGLE_FEATURE_ABLATION_LOCAL,SINGLE_FEATURE_ABLATION_LOCAL,1,"[122, 121, 33, 110, 97, 98, 52, 114, 46, 25, 111, 41, 92, 66, 20, 17, 10, 38, 89, 90, 26, 59, 36, 87, 60, 47, 124, 75, 99, 2, 19, 58, 18, 27, 67, 76, 35, 105, 23, 103, 115, 34, 64, 1, 108, 77, 127, 39, 51, 11, 100, 107, 85, 126, 42, 78, 9, 50, 73, 28, 91, 54, 79, 70, 82, 117, 119, 63, 14, 8, 55, 56, 112, 6, 53, 116, 106, 12, 93, 118, 57, 16, 3, 7, 37, 44, 94, 13, 125, 123, 43, 15, 101, 83, 71, 21, 61, 69, 40, 62, 65, 84, 29, 104, 32, 74, 30, 102, 80, 5, 109, 72, 68, 120, 45, 49, 113, 31, 86, 22, 128, 48, 81, 96, 4, 24, 88, 95]",[122]
EXP-XAI-0001,B10:2197,MODEL-C4,SINGLE_FEATURE_ABLATION_LOCAL,SINGLE_FEATURE_ABLATION_LOCAL,3,"[122, 121, 33, 110, 97, 98, 52, 114, 46, 25, 111, 41, 92, 66, 20, 17, 10, 38, 89, 90, 26, 59, 36, 87, 60, 47, 124, 75, 99, 2, 19, 58, 18, 27, 67, 76, 35, 105, 23, 103, 115, 34, 64, 1, 108, 77, 127, 39, 51, 11, 100, 107, 85, 126, 42, 78, 9, 50, 73, 28, 91, 54, 79, 70, 82, 117, 119, 63, 14, 8, 55, 56, 112, 6, 53, 116, 106, 12, 93, 118, 57, 16, 3, 7, 37, 44, 94, 13, 125, 123, 43, 15, 101, 83, 71, 21, 61, 69, 40, 62, 65, 84, 29, 104, 32, 74, 30, 102, 80, 5, 109, 72, 68, 120, 45, 49, 113, 31, 86, 22, 128, 48, 81, 96, 4, 24, 88, 95]","[122, 121, 33]"
EXP-XAI-0001,B10:2197,MODEL-C4,SINGLE_FEATURE_ABLATION_LOCAL,SINGLE_FEATURE_ABLATION_LOCAL,5,"[122, 121, 33, 110, 97, 98, 52, 114, 46, 25, 111, 41, 92, 66, 20, 17, 10, 38, 89, 90, 26, 59, 36, 87, 60, 47, 124, 75, 99, 2, 19, 58, 18, 27, 67, 76, 35, 105, 23, 103, 115, 34, 64, 1, 108, 77, 127, 39, 51, 11, 100, 107, 85, 126, 42, 78, 9, 50, 73, 28, 91, 54, 79, 70, 82, 117, 119, 63, 14, 8, 55, 56, 112, 6, 53, 116, 106, 12, 93, 118, 57, 16, 3, 7, 37, 44, 94, 13, 125, 123, 43, 15, 101, 83, 71, 21, 61, 69, 40, 62, 65, 84, 29, 104, 32, 74, 30, 102, 80, 5, 109, 72, 68, 120, 45, 49, 113, 31, 86, 22, 128, 48, 81, 96, 4, 24, 88, 95]","[122, 121, 33, 110, 97]"
EXP-XAI-0001,B10:2197,MODEL-C4,SINGLE_FEATURE_ABLATION_LOCAL,SINGLE_FEATURE_ABLATION_LOCAL,10,"[122, 121, 33, 110, 97, 98, 52, 114, 46, 25, 111, 41, 92, 66, 20, 17, 10, 38, 89, 90, 26, 59, 36, 87, 60, 47, 124, 75, 99, 2, 19, 58, 18, 27, 67, 76, 35, 105, 23, 103, 115, 34, 64, 1, 108, 77, 127, 39, 51, 11, 100, 107, 85, 126, 42, 78, 9, 50, 73, 28, 91, 54, 79, 70, 82, 117, 119, 63, 14, 8, 55, 56, 112, 6, 53, 116, 106, 12, 93, 118, 57, 16, 3, 7, 37, 44, 94, 13, 125, 123, 43, 15, 101, 83, 71, 21, 61, 69, 40, 62, 65, 84, 29, 104, 32, 74, 30, 102, 80, 5, 109, 72, 68, 120, 45, 49, 113, 31, 86, 22, 128, 48, 81, 96, 4, 24, 88, 95]","[122, 121, 33, 110, 97, 98, 52, 114, 46, 25]"
EXP-XAI-0001,B10:2524,MODEL-C4,SINGLE_FEATURE_ABLATION_LOCAL,SINGLE_FEATURE_ABLATION_LOCAL,1,"[37, 25, 18, 105, 89, 115, 91, 101, 27, 76, 52, 97, 9, 112, 67, 19, 104, 48, 107, 10, 73, 82, 123, 120, 34, 28, 114, 69, 77, 17, 33, 65, 13, 113, 127, 68, 42, 14, 29, 56, 121, 64, 92, 32, 49, 26, 124, 51, 106, 90, 72, 125, 24, 4, 85, 83, 98, 78, 109, 2, 88, 128, 5, 84, 75, 79, 44, 111, 122, 58, 50, 99, 110, 30, 47, 81, 23, 15, 70, 66, 45, 53, 93, 74, 7, 20, 116, 59, 55, 94, 11, 43, 60, 86, 21, 118, 119, 100, 108, 35, 103, 38, 16, 3, 46, 62, 22, 96, 41, 31, 95, 61, 63, 126, 6, 57, 39, 8, 1, 117, 71, 87, 12, 40, 80, 54, 102, 36]",[37]
EXP-XAI-0001,B10:2524,MODEL-C4,SINGLE_FEATURE_ABLATION_LOCAL,SINGLE_FEATURE_ABLATION_LOCAL,3,"[37, 25, 18, 105, 89, 115, 91, 101, 27, 76, 52, 97, 9, 112, 67, 19, 104, 48, 107, 10, 73, 82, 123, 120, 34, 28, 114, 69, 77, 17, 33, 65, 13, 113, 127, 68, 42, 14, 29, 56, 121, 64, 92, 32, 49, 26, 124, 51, 106, 90, 72, 125, 24, 4, 85, 83, 98, 78, 109, 2, 88, 128, 5, 84, 75, 79, 44, 111, 122, 58, 50, 99, 110, 30, 47, 81, 23, 15, 70, 66, 45, 53, 93, 74, 7, 20, 116, 59, 55, 94, 11, 43, 60, 86, 21, 118, 119, 100, 108, 35, 103, 38, 16, 3, 46, 62, 22, 96, 41, 31, 95, 61, 63, 126, 6, 57, 39, 8, 1, 117, 71, 87, 12, 40, 80, 54, 102, 36]","[37, 25, 18]"
EXP-XAI-0001,B10:2524,MODEL-C4,SINGLE_FEATURE_ABLATION_LOCAL,SINGLE_FEATURE_ABLATION_LOCAL,5,"[37, 25, 18, 105, 89, 115, 91, 101, 27, 76, 52, 97, 9, 112, 67, 19, 104, 48, 107, 10, 73, 82, 123, 120, 34, 28, 114, 69, 77, 17, 33, 65, 13, 113, 127, 68, 42, 14, 29, 56, 121, 64, 92, 32, 49, 26, 124, 51, 106, 90, 72, 125, 24, 4, 85, 83, 98, 78, 109, 2, 88, 128, 5, 84, 75, 79, 44, 111, 122, 58, 50, 99, 110, 30, 47, 81, 23, 15, 70, 66, 45, 53, 93, 74, 7, 20, 116, 59, 55, 94, 11, 43, 60, 86, 21, 118, 119, 100, 108, 35, 103, 38, 16, 3, 46, 62, 22, 96, 41, 31, 95, 61, 63, 126, 6, 57, 39, 8, 1, 117, 71, 87, 12, 40, 80, 54, 102, 36]","[37, 25, 18, 105, 89]"
EXP-XAI-0001,B10:2524,MODEL-C4,SINGLE_FEATURE_ABLATION_LOCAL,SINGLE_FEATURE_ABLATION_LOCAL,10,"[37, 25, 18, 105, 89, 115, 91, 101, 27, 76, 52, 97, 9, 112, 67, 19, 104, 48, 107, 10, 73, 82, 123, 120, 34, 28, 114, 69, 77, 17, 33, 65, 13, 113, 127, 68, 42, 14, 29, 56, 121, 64, 92, 32, 49, 26, 124, 51, 106, 90, 72, 125, 24, 4, 85, 83, 98, 78, 109, 2, 88, 128, 5, 84, 75, 79, 44, 111, 122, 58, 50, 99, 110, 30, 47, 81, 23, 15, 70, 66, 45, 53, 93, 74, 7, 20, 116, 59, 55, 94, 11, 43, 60, 86, 21, 118, 119, 100, 108, 35, 103, 38, 16, 3, 46, 62, 22, 96, 41, 31, 95, 61, 63, 126, 6, 57, 39, 8, 1, 117, 71, 87, 12, 40, 80, 54, 102, 36]","[37, 25, 18, 105, 89, 115, 91, 101, 27, 76]"
EXP-XAI-0001,B10:2528,MODEL-C4,SINGLE_FEATURE_ABLATION_LOCAL,SINGLE_FEATURE_ABLATION_LOCAL,1,"[25, 112, 105, 115, 104, 28, 37, 34, 101, 89, 91, 27, 18, 52, 9, 67, 107, 69, 106, 33, 10, 76, 14, 17, 73, 13, 113, 77, 121, 97, 90, 49, 19, 42, 29, 92, 30, 47, 111, 114, 65, 40, 123, 84, 68, 98, 94, 85, 99, 15, 120, 110, 48, 122, 78, 124, 79, 59, 125, 20, 51, 70, 38, 23, 95, 44, 82, 5, 83, 74, 4, 102, 11, 32, 108, 22, 86, 71, 127, 118, 7, 88, 57, 24, 31, 109, 53, 50, 75, 60, 128, 35, 56, 93, 6, 26, 16, 72, 80, 119, 45, 3, 66, 64, 81, 87, 116, 117, 58, 96, 54, 36, 1, 55, 2, 100, 63, 126, 62, 43, 21, 103, 12, 61, 39, 8, 41, 46]",[25]
EXP-XAI-0001,B10:2528,MODEL-C4,SINGLE_FEATURE_ABLATION_LOCAL,SINGLE_FEATURE_ABLATION_LOCAL,3,"[25, 112, 105, 115, 104, 28, 37, 34, 101, 89, 91, 27, 18, 52, 9, 67, 107, 69, 106, 33, 10, 76, 14, 17, 73, 13, 113, 77, 121, 97, 90, 49, 19, 42, 29, 92, 30, 47, 111, 114, 65, 40, 123, 84, 68, 98, 94, 85, 99, 15, 120, 110, 48, 122, 78, 124, 79, 59, 125, 20, 51, 70, 38, 23, 95, 44, 82, 5, 83, 74, 4, 102, 11, 32, 108, 22, 86, 71, 127, 118, 7, 88, 57, 24, 31, 109, 53, 50, 75, 60, 128, 35, 56, 93, 6, 26, 16, 72, 80, 119, 45, 3, 66, 64, 81, 87, 116, 117, 58, 96, 54, 36, 1, 55, 2, 100, 63, 126, 62, 43, 21, 103, 12, 61, 39, 8, 41, 46]","[25, 112, 105]"
EXP-XAI-0001,B10:2528,MODEL-C4,SINGLE_FEATURE_ABLATION_LOCAL,SINGLE_FEATURE_ABLATION_LOCAL,5,"[25, 112, 105, 115, 104, 28, 37, 34, 101, 89, 91, 27, 18, 52, 9, 67, 107, 69, 106, 33, 10, 76, 14, 17, 73, 13, 113, 77, 121, 97, 90, 49, 19, 42, 29, 92, 30, 47, 111, 114, 65, 40, 123, 84, 68, 98, 94, 85, 99, 15, 120, 110, 48, 122, 78, 124, 79, 59, 125, 20, 51, 70, 38, 23, 95, 44, 82, 5, 83, 74, 4, 102, 11, 32, 108, 22, 86, 71, 127, 118, 7, 88, 57, 24, 31, 109, 53, 50, 75, 60, 128, 35, 56, 93, 6, 26, 16, 72, 80, 119, 45, 3, 66, 64, 81, 87, 116, 117, 58, 96, 54, 36, 1, 55, 2, 100, 63, 126, 62, 43, 21, 103, 12, 61, 39, 8, 41, 46]","[25, 112, 105, 115, 104]"
EXP-XAI-0001,B10:2528,MODEL-C4,SINGLE_FEATURE_ABLATION_LOCAL,SINGLE_FEATURE_ABLATION_LOCAL,10,"[25, 112, 105, 115, 104, 28, 37, 34, 101, 89, 91, 27, 18, 52, 9, 67, 107, 69, 106, 33, 10, 76, 14, 17, 73, 13, 113, 77, 121, 97, 90, 49, 19, 42, 29, 92, 30, 47, 111, 114, 65, 40, 123, 84, 68, 98, 94, 85, 99, 15, 120, 110, 48, 122, 78, 124, 79, 59, 125, 20, 51, 70, 38, 23, 95, 44, 82, 5, 83, 74, 4, 102, 11, 32, 108, 22, 86, 71, 127, 118, 7, 88, 57, 24, 31, 109, 53, 50, 75, 60, 128, 35, 56, 93, 6, 26, 16, 72, 80, 119, 45, 3, 66, 64, 81, 87, 116, 117, 58, 96, 54, 36, 1, 55, 2, 100, 63, 126, 62, 43, 21, 103, 12, 61, 39, 8, 41, 46]","[25, 112, 105, 115, 104, 28, 37, 34, 101, 89]"
EXP-XAI-0001,B10:2610,MODEL-C4,SINGLE_FEATURE_ABLATION_LOCAL,SINGLE_FEATURE_ABLATION_LOCAL,1,"[25, 48, 105, 52, 18, 98, 33, 23, 40, 115, 90, 28, 122, 77, 92, 17, 26, 14, 111, 47, 34, 91, 110, 104, 76, 38, 6, 70, 75, 37, 58, 114, 97, 99, 67, 1, 20, 94, 79, 41, 69, 106, 85, 27, 65, 121, 59, 9, 127, 11, 54, 84, 10, 66, 124, 83, 87, 103, 60, 102, 68, 15, 81, 101, 5, 43, 50, 116, 107, 29, 119, 13, 46, 71, 125, 108, 42, 12, 93, 35, 56, 3, 123, 73, 63, 78, 22, 118, 88, 62, 44, 82, 30, 51, 39, 2, 96, 74, 112, 86, 36, 53, 55, 31, 128, 21, 120, 32, 72, 100, 117, 19, 95, 113, 126, 4, 7, 49, 45, 89, 57, 64, 16, 109, 80, 8, 24, 61]",[25]
EXP-XAI-0001,B10:2610,MODEL-C4,SINGLE_FEATURE_ABLATION_LOCAL,SINGLE_FEATURE_ABLATION_LOCAL,3,"[25, 48, 105, 52, 18, 98, 33, 23, 40, 115, 90, 28, 122, 77, 92, 17, 26, 14, 111, 47, 34, 91, 110, 104, 76, 38, 6, 70, 75, 37, 58, 114, 97, 99, 67, 1, 20, 94, 79, 41, 69, 106, 85, 27, 65, 121, 59, 9, 127, 11, 54, 84, 10, 66, 124, 83, 87, 103, 60, 102, 68, 15, 81, 101, 5, 43, 50, 116, 107, 29, 119, 13, 46, 71, 125, 108, 42, 12, 93, 35, 56, 3, 123, 73, 63, 78, 22, 118, 88, 62, 44, 82, 30, 51, 39, 2, 96, 74, 112, 86, 36, 53, 55, 31, 128, 21, 120, 32, 72, 100, 117, 19, 95, 113, 126, 4, 7, 49, 45, 89, 57, 64, 16, 109, 80, 8, 24, 61]","[25, 48, 105]"
EXP-XAI-0001,B10:2610,MODEL-C4,SINGLE_FEATURE_ABLATION_LOCAL,SINGLE_FEATURE_ABLATION_LOCAL,5,"[25, 48, 105, 52, 18, 98, 33, 23, 40, 115, 90, 28, 122, 77, 92, 17, 26, 14, 111, 47, 34, 91, 110, 104, 76, 38, 6, 70, 75, 37, 58, 114, 97, 99, 67, 1, 20, 94, 79, 41, 69, 106, 85, 27, 65, 121, 59, 9, 127, 11, 54, 84, 10, 66, 124, 83, 87, 103, 60, 102, 68, 15, 81, 101, 5, 43, 50, 116, 107, 29, 119, 13, 46, 71, 125, 108, 42, 12, 93, 35, 56, 3, 123, 73, 63, 78, 22, 118, 88, 62, 44, 82, 30, 51, 39, 2, 96, 74, 112, 86, 36, 53, 55, 31, 128, 21, 120, 32, 72, 100, 117, 19, 95, 113, 126, 4, 7, 49, 45, 89, 57, 64, 16, 109, 80, 8, 24, 61]","[25, 48, 105, 52, 18]"
EXP-XAI-0001,B10:2610,MODEL-C4,SINGLE_FEATURE_ABLATION_LOCAL,SINGLE_FEATURE_ABLATION_LOCAL,10,"[25, 48, 105, 52, 18, 98, 33, 23, 40, 115, 90, 28, 122, 77, 92, 17, 26, 14, 111, 47, 34, 91, 110, 104, 76, 38, 6, 70, 75, 37, 58, 114, 97, 99, 67, 1, 20, 94, 79, 41, 69, 106, 85, 27, 65, 121, 59, 9, 127, 11, 54, 84, 10, 66, 124, 83, 87, 103, 60, 102, 68, 15, 81, 101, 5, 43, 50, 116, 107, 29, 119, 13, 46, 71, 125, 108, 42, 12, 93, 35, 56, 3, 123, 73, 63, 78, 22, 118, 88, 62, 44, 82, 30, 51, 39, 2, 96, 74, 112, 86, 36, 53, 55, 31, 128, 21, 120, 32, 72, 100, 117, 19, 95, 113, 126, 4, 7, 49, 45, 89, 57, 64, 16, 109, 80, 8, 24, 61]","[25, 48, 105, 52, 18, 98, 33, 23, 40, 115]"
EXP-XAI-0001,B10:3217,MODEL-C4,SINGLE_FEATURE_ABLATION_LOCAL,SINGLE_FEATURE_ABLATION_LOCAL,1,"[89, 121, 90, 87, 19, 122, 58, 41, 10, 97, 100, 17, 26, 111, 2, 27, 38, 59, 25, 42, 33, 22, 126, 63, 85, 110, 1, 51, 12, 86, 107, 60, 20, 82, 78, 112, 9, 124, 36, 108, 62, 47, 84, 39, 35, 53, 92, 104, 16, 123, 44, 95, 102, 75, 109, 81, 30, 15, 66, 8, 73, 64, 6, 115, 127, 48, 50, 119, 11, 65, 103, 54, 93, 46, 113, 98, 57, 52, 56, 116, 76, 114, 13, 67, 5, 106, 55, 23, 80, 72, 94, 61, 117, 125, 28, 70, 71, 68, 69, 21, 49, 77, 24, 29, 4, 101, 88, 118, 83, 105, 32, 79, 128, 43, 120, 40, 31, 99, 96, 37, 18, 91, 3, 45, 34, 7, 74, 14]",[89]
EXP-XAI-0001,B10:3217,MODEL-C4,SINGLE_FEATURE_ABLATION_LOCAL,SINGLE_FEATURE_ABLATION_LOCAL,3,"[89, 121, 90, 87, 19, 122, 58, 41, 10, 97, 100, 17, 26, 111, 2, 27, 38, 59, 25, 42, 33, 22, 126, 63, 85, 110, 1, 51, 12, 86, 107, 60, 20, 82, 78, 112, 9, 124, 36, 108, 62, 47, 84, 39, 35, 53, 92, 104, 16, 123, 44, 95, 102, 75, 109, 81, 30, 15, 66, 8, 73, 64, 6, 115, 127, 48, 50, 119, 11, 65, 103, 54, 93, 46, 113, 98, 57, 52, 56, 116, 76, 114, 13, 67, 5, 106, 55, 23, 80, 72, 94, 61, 117, 125, 28, 70, 71, 68, 69, 21, 49, 77, 24, 29, 4, 101, 88, 118, 83, 105, 32, 79, 128, 43, 120, 40, 31, 99, 96, 37, 18, 91, 3, 45, 34, 7, 74, 14]","[89, 121, 90]"
EXP-XAI-0001,B10:3217,MODEL-C4,SINGLE_FEATURE_ABLATION_LOCAL,SINGLE_FEATURE_ABLATION_LOCAL,5,"[89, 121, 90, 87, 19, 122, 58, 41, 10, 97, 100, 17, 26, 111, 2, 27, 38, 59, 25, 42, 33, 22, 126, 63, 85, 110, 1, 51, 12, 86, 107, 60, 20, 82, 78, 112, 9, 124, 36, 108, 62, 47, 84, 39, 35, 53, 92, 104, 16, 123, 44, 95, 102, 75, 109, 81, 30, 15, 66, 8, 73, 64, 6, 115, 127, 48, 50, 119, 11, 65, 103, 54, 93, 46, 113, 98, 57, 52, 56, 116, 76, 114, 13, 67, 5, 106, 55, 23, 80, 72, 94, 61, 117, 125, 28, 70, 71, 68, 69, 21, 49, 77, 24, 29, 4, 101, 88, 118, 83, 105, 32, 79, 128, 43, 120, 40, 31, 99, 96, 37, 18, 91, 3, 45, 34, 7, 74, 14]","[89, 121, 90, 87, 19]"
EXP-XAI-0001,B10:3217,MODEL-C4,SINGLE_FEATURE_ABLATION_LOCAL,SINGLE_FEATURE_ABLATION_LOCAL,10,"[89, 121, 90, 87, 19, 122, 58, 41, 10, 97, 100, 17, 26, 111, 2, 27, 38, 59, 25, 42, 33, 22, 126, 63, 85, 110, 1, 51, 12, 86, 107, 60, 20, 82, 78, 112, 9, 124, 36, 108, 62, 47, 84, 39, 35, 53, 92, 104, 16, 123, 44, 95, 102, 75, 109, 81, 30, 15, 66, 8, 73, 64, 6, 115, 127, 48, 50, 119, 11, 65, 103, 54, 93, 46, 113, 98, 57, 52, 56, 116, 76, 114, 13, 67, 5, 106, 55, 23, 80, 72, 94, 61, 117, 125, 28, 70, 71, 68, 69, 21, 49, 77, 24, 29, 4, 101, 88, 118, 83, 105, 32, 79, 128, 43, 120, 40, 31, 99, 96, 37, 18, 91, 3, 45, 34, 7, 74, 14]","[89, 121, 90, 87, 19, 122, 58, 41, 10, 97]"
